ts_code,trade_date,turnover_rate,turnover_rate_f,volume_ratio,total_mv,float_mv
002050.SZ,20260327,1.8338,3.2771,,18241740.4082,
300788.SZ,20260327,1.3225,4.9907,,576349.242,
603788.SH,20260327,0.5706,1.1695,,333259.2116,
605259.SH,20260327,1.1484,2.6347,,369797.12,
002117.SZ,20260327,0.941,1.3608,,535766.537,
920925.BJ,20260327,1.5983,2.3323,,163641.5887,
002634.SZ,20260327,3.4985,4.5557,,339461.5071,
000859.SZ,20260327,6.511,9.1852,,924647.5117,
688360.SH,20260327,1.489,2.8928,,511930.3396,
688737.SH,20260327,1.4705,2.3403,,313737.2716,
300286.SZ,20260327,2.1992,3.1032,,716491.7593,
603883.SH,20260327,0.9819,1.8776,,1024501.8186,
300517.SZ,20260327,2.1592,2.6652,,225865.9841,
600638.SH,20260327,1.0405,1.6623,,406058.262,
300417.SZ,20260327,4.1384,5.1805,,167665.7472,
002756.SZ,20260327,5.8508,6.6777,,4378043.6063,
920245.BJ,20260327,0.6397,1.3315,,116641.596,
688022.SH,20260327,1.5802,2.1421,,252209.5166,
002404.SZ,20260327,1.6928,2.5818,,379714.9448,
600057.SH,20260327,0.7378,1.6843,,2261109.1138,
000921.SZ,20260327,0.7439,1.8279,,3078546.3831,
002496.SZ,20260327,2.5986,2.879,,290964.8077,
601018.SH,20260327,0.2441,1.5479,,8015208.0204,
600749.SH,20260327,1.6152,2.9402,,367911.1031,
002657.SZ,20260327,1.9031,2.079,,763416.7288,
001259.SZ,20260327,2.542,5.013,,234969.3194,
000981.SZ,20260327,3.9025,6.777,,4338902.3654,
301032.SZ,20260327,2.5835,4.6838,,287913.2796,
000408.SZ,20260327,1.2157,2.7311,,12640317.2473,
600117.SH,20260327,0.3908,1.0737,,852840.0925,
000601.SZ,20260327,24.2402,34.4504,,830187.7927,
600919.SH,20260327,0.4337,0.6007,,19837781.7445,
300980.SZ,20260327,4.6625,5.4943,,524647.7524,
605266.SH,20260327,1.0165,2.0189,,291777.0481,
603326.SH,20260327,1.0557,3.3024,,285024.9985,
001914.SZ,20260327,0.4911,1.3226,,1044236.3793,
920247.BJ,20260327,0.7209,1.7785,,307053.5795,
603171.SH,20260327,0.5827,2.2813,,2058543.77,
000735.SZ,20260327,1.5916,2.0259,,786483.7738,
603303.SH,20260327,0.5003,2.0796,,660568.2364,
002099.SZ,20260327,1.785,2.9643,,1160618.8364,
920726.BJ,20260327,2.3693,4.8106,,172025.64,
300997.SZ,20260327,1.0928,3.198,,872322.1092,
600548.SH,20260327,0.7585,4.7127,,2339903.3491,
920080.BJ,20260327,0.8206,0.8206,,195963.0,
600381.SH,20260327,1.2896,2.2157,,167899.3719,
600602.SH,20260327,4.9108,8.7634,,2900835.3981,
002707.SZ,20260327,1.3608,1.7716,,643678.3466,
000603.SZ,20260327,2.6457,4.4658,,2655002.0434,
301002.SZ,20260327,2.9277,3.6936,,478890.2702,
000042.SZ,20260327,1.1622,2.4927,,622281.9461,
601069.SH,20260327,1.3789,4.5872,,2762149.3409,
002205.SZ,20260327,0.92,1.3182,,241596.1964,
301066.SZ,20260327,1.6664,3.3255,,329597.1247,
301238.SZ,20260327,2.0877,7.1765,,1487199.9324,
600980.SH,20260327,1.8244,3.4774,,410701.8514,
600252.SH,20260327,1.4905,2.1373,,799224.9306,
002136.SZ,20260327,4.9018,7.137,,273290.42,
300199.SZ,20260327,6.2858,6.6976,,1660493.7117,
603080.SH,20260327,1.3016,2.4532,,313422.5,
002827.SZ,20260327,0.7718,1.8278,,889871.752,
688433.SH,20260327,1.3431,2.1684,,3209808.2,
603868.SH,20260327,0.2889,2.8862,,1433995.2,
603506.SH,20260327,1.1769,3.0387,,230966.6682,
688358.SH,20260327,0.6335,2.1451,,326734.0363,
605277.SH,20260327,1.7103,3.7151,,730916.5873,
605167.SH,20260327,0.8293,2.2197,,739169.22,
603650.SH,20260327,1.3961,3.5783,,3111835.0815,
920469.BJ,20260327,0.8313,1.1199,,124314.372,
300804.SZ,20260327,5.4772,5.4772,,330040.0,
600361.SH,20260327,1.2173,2.4409,,1541589.7831,
603100.SH,20260327,0.8177,1.7824,,984266.1516,
300865.SZ,20260327,1.4313,2.3302,,249916.16,
300096.SZ,20260327,1.0523,1.2556,,338410.0,
600038.SH,20260327,0.5703,1.0121,,2735163.7586,
600128.SH,20260327,1.5803,2.1496,,272337.9934,
603698.SH,20260327,3.2925,10.6836,,1604218.07,
920166.BJ,20260327,12.2844,12.2844,,214136.4716,
002730.SZ,20260327,13.8195,27.6864,,884199.067,
002284.SZ,20260327,1.1393,1.9822,,1063565.4008,
002537.SZ,20260327,3.3508,4.4775,,938039.3793,
600593.SH,20260327,3.2454,6.9934,,498039.01,
000809.SZ,20260327,8.8966,13.5401,,342288.3866,
601882.SH,20260327,0.8321,3.5701,,974574.0,
000564.SZ,20260327,1.3788,1.957,,3521322.354,
000617.SZ,20260327,2.9728,14.8805,,13451172.1401,
002578.SZ,20260327,2.1901,3.7406,,363249.8808,
300396.SZ,20260327,0.8575,1.791,,317150.2872,
002286.SZ,20260327,2.0948,2.5289,,376000.5714,
002574.SZ,20260327,1.3657,2.9758,,303072.0,
300131.SZ,20260327,14.9967,15.0453,,1380183.6938,
600829.SH,20260327,0.9412,3.7096,,581048.3742,
001225.SZ,20260327,5.8178,6.8781,,314513.97,
301379.SZ,20260327,1.9848,1.9853,,493230.9327,
300343.SZ,20260327,1.3249,1.5085,,679864.3597,
300683.SZ,20260327,13.8293,23.029,,508001.1315,
301182.SZ,20260327,4.4664,9.1666,,541009.3182,
600530.SH,20260327,1.3874,3.1496,,416906.96,
603577.SH,20260327,2.3962,6.0211,,380514.0702,
920016.BJ,20260327,1.7877,1.9967,,126943.2009,
300022.SZ,20260327,2.7165,3.7526,,451735.7073,
603073.SH,20260327,5.6698,6.1141,,229100.0,
301013.SZ,20260327,2.5628,2.7961,,501846.3412,
920964.BJ,20260327,0.8148,0.896,,155157.552,
300354.SZ,20260327,1.9804,2.4649,,476236.452,
600525.SH,20260327,0.9879,1.4164,,721372.7431,
600455.SH,20260327,1.9935,2.5108,,165950.906,
600380.SH,20260327,0.8032,1.5735,,2008739.8178,
603191.SH,20260327,3.2172,5.3555,,728891.8876,
300633.SZ,20260327,1.0831,1.3185,,1066636.0783,
002500.SZ,20260327,0.5217,0.9946,,2010272.0663,
002312.SZ,20260327,3.8711,7.0202,,2236935.4541,
920415.BJ,20260327,0.9106,1.2583,,171845.5486,
688592.SH,20260327,1.6599,1.6599,,333106.942,
301320.SZ,20260327,2.386,2.386,,305230.77,
601330.SH,20260327,9.7125,30.9148,,1386236.3437,
603365.SH,20260327,0.4272,1.0606,,537592.4224,
603281.SH,20260327,0.4365,0.6337,,1219680.0022,
300005.SZ,20260327,7.0196,9.4762,,1283135.5741,
002938.SZ,20260327,0.8075,2.9509,,11631979.9983,
002659.SZ,20260327,1.258,1.7971,,311105.7997,
002883.SZ,20260327,1.9049,2.9865,,151003.9795,
300713.SZ,20260327,5.3122,7.4238,,260302.1284,
603610.SH,20260327,1.3415,3.092,,557726.7612,
301512.SZ,20260327,2.4845,3.5383,,241600.302,
920748.BJ,20260327,1.6981,4.3806,,271199.16,
688139.SH,20260327,0.6788,1.2795,,970050.8059,
002521.SZ,20260327,1.1256,1.3194,,445248.5348,
603358.SH,20260327,11.4737,29.5822,,1423321.5203,
300731.SZ,20260327,9.3691,11.7291,,876545.3473,
000910.SZ,20260327,0.5986,1.1179,,394126.2,
002933.SZ,20260327,1.0753,1.7318,,384555.95,
600867.SH,20260327,2.7479,4.7018,,1743103.1178,
600389.SH,20260327,2.0379,2.8687,,1223046.0,
002172.SZ,20260327,4.6305,6.687,,312418.8029,
300985.SZ,20260327,1.1775,4.2573,,381791.0466,
600495.SH,20260327,0.9073,1.323,,537644.9443,
301263.SZ,20260327,1.9713,2.4578,,1102889.52,
301103.SZ,20260327,0.8895,1.2483,,308151.6185,
300201.SZ,20260327,3.1671,4.2125,,1165445.3661,
002090.SZ,20260327,1.8787,2.3825,,440234.201,
920422.BJ,20260327,1.3673,2.9751,,95649.8095,
920640.BJ,20260327,1.8131,3.9138,,633582.0,
688615.SH,20260327,1.9187,2.0726,,2424800.0,
603418.SH,20260327,1.5337,1.5337,,970555.068,
301678.SZ,20260327,2.5174,2.5174,,1457215.9058,
002536.SZ,20260327,4.156,6.3621,,1680099.1506,
688273.SH,20260327,1.0439,2.6493,,395800.0,
301001.SZ,20260327,3.3649,5.7444,,226720.0,
601226.SH,20260327,3.0356,8.2197,,1091328.0543,
688265.SH,20260327,0.8624,2.7814,,318948.7317,
002104.SZ,20260327,2.4546,2.5671,,1117050.8459,
300112.SZ,20260327,2.7998,3.1358,,227827.3268,
002415.SZ,20260327,0.2185,0.5545,,27815385.1543,
300016.SZ,20260327,8.2646,10.5058,,553304.3192,
002516.SZ,20260327,0.8053,1.6286,,816315.4685,
002335.SZ,20260327,3.9867,5.2917,,3001255.9607,
301539.SZ,20260327,1.4131,2.2627,,279572.0,
603811.SH,20260327,3.3837,4.5626,,393747.097,
301268.SZ,20260327,0.9958,2.4634,,862054.4826,
002586.SZ,20260327,0.5174,0.9006,,543506.2642,
301165.SZ,20260327,0.9893,8.2443,,6527499.9963,
000850.SZ,20260327,0.8959,1.6719,,470888.8395,
300241.SZ,20260327,8.0014,8.5488,,469176.7775,
688378.SH,20260327,1.8238,2.6465,,937209.2129,
603193.SH,20260327,1.3398,1.3724,,856119.4524,
920000.BJ,20260327,1.3386,2.4957,,144579.36,
301383.SZ,20260327,1.6067,2.4814,,447288.4416,
300221.SZ,20260327,4.9747,4.9747,,479439.7412,
002426.SZ,20260327,3.1542,3.6697,,1255568.963,
603919.SH,20260327,1.0236,2.5745,,887197.7348,
300778.SZ,20260327,1.085,2.5055,,252945.2754,
600027.SH,20260327,3.4652,8.0852,,5922004.8338,
300353.SZ,20260327,1.6229,1.692,,1189817.7247,
603755.SH,20260327,1.0658,2.9294,,277203.0573,
300681.SZ,20260327,1.842,1.9429,,653122.0956,
002560.SZ,20260327,3.4889,3.8719,,509440.6743,
300299.SZ,20260327,1.5917,2.2373,,419012.1516,
002879.SZ,20260327,2.9009,3.3123,,390270.5404,
920267.BJ,20260327,1.344,1.8569,,93967.9291,
603352.SH,20260327,3.8124,3.8124,,855213.3346,
920057.BJ,20260327,1.165,1.3115,,110933.1378,
300399.SZ,20260327,1.7654,3.2097,,414960.0,
920076.BJ,20260327,2.326,2.326,,177890.5624,
688201.SH,20260327,1.4395,2.4611,,437355.1123,
300767.SZ,20260327,1.9929,2.6877,,537109.7584,
603387.SH,20260327,8.5247,15.2067,,502081.9818,
300758.SZ,20260327,2.5449,4.1767,,546788.4158,
000528.SZ,20260327,1.0315,1.3937,,1904246.3694,
300133.SZ,20260327,1.8515,2.3268,,1363331.6483,
300956.SZ,20260327,1.1955,2.3376,,320771.7857,
600348.SH,20260327,1.0104,2.2719,,3315292.5,
002471.SZ,20260327,22.8485,27.485,,1218196.4,
300193.SZ,20260327,1.1734,1.3889,,404336.0844,
300783.SZ,20260327,1.4039,1.6879,,749516.0334,
300700.SZ,20260327,1.4528,1.4767,,520107.7581,
600873.SH,20260327,1.1862,1.7715,,3244507.5891,
002932.SZ,20260327,7.6012,9.3855,,378544.118,
002597.SZ,20260327,1.1205,2.0186,,1306567.3995,
920751.BJ,20260327,1.0023,1.5947,,184841.4,
601869.SH,20260327,5.0613,19.1005,,22706125.492,
920091.BJ,20260327,6.5904,6.5904,,370635.156,
600777.SH,20260327,1.0352,4.1294,,3658666.7539,
600759.SH,20260327,12.814,14.6058,,2559938.7258,
603059.SH,20260327,3.465,12.3265,,346347.1176,
600096.SH,20260327,3.4852,5.6539,,6340361.7624,
601811.SH,20260327,0.5082,3.4937,,1647177.735,
600355.SH,20260327,14.3155,16.779,,36906.69,
300534.SZ,20260327,2.0961,3.3616,,283020.885,
000404.SZ,20260327,1.4149,2.0431,,490677.1652,
002052.SZ,20260327,1.7213,2.3926,,841227.5779,
002034.SZ,20260327,1.2491,2.7158,,783779.2018,
300814.SZ,20260327,3.0346,7.9935,,1601504.4843,
001280.SZ,20260327,5.7728,5.7728,,16361386.3622,
000065.SZ,20260327,4.028,7.638,,1596982.9686,
920249.BJ,20260327,3.4202,3.5246,,347423.12,
300824.SZ,20260327,2.1077,5.3101,,330584.1239,
000766.SZ,20260327,2.6107,3.2499,,1913659.5199,
000591.SZ,20260327,3.8478,5.883,,2389985.4782,
002993.SZ,20260327,1.6584,3.4375,,1313122.28,
603259.SH,20260327,1.815,2.1618,,28942444.4035,
000541.SZ,20260327,0.4452,0.8813,,870786.2564,
600222.SH,20260327,2.9311,3.8105,,408033.1472,
688152.SH,20260327,0.642,1.1983,,348080.7652,
601318.SH,20260327,0.7827,0.8604,,103123021.1615,
300531.SZ,20260327,12.799,18.7325,,644405.4828,
300696.SZ,20260327,1.0011,1.7593,,814965.2927,
600479.SH,20260327,1.7331,2.9285,,509929.5766,
688218.SH,20260327,3.2275,3.9649,,281753.8426,
920122.BJ,20260327,0.8097,1.607,,237707.9123,
603309.SH,20260327,1.688,3.395,,457362.512,
002381.SZ,20260327,2.2508,3.0037,,269171.8675,
600983.SH,20260327,0.4138,2.0423,,790965.048,
688759.SH,20260327,10.1698,10.1698,,1768194.0254,
600064.SH,20260327,0.6565,1.0059,,1434451.5649,
002355.SZ,20260327,3.2063,3.7553,,457241.004,
920950.BJ,20260327,0.4874,0.8624,,114012.6,
002609.SZ,20260327,1.1736,1.6752,,546279.576,
000950.SZ,20260327,1.0308,2.281,,966055.2451,
688333.SH,20260327,2.3142,3.261,,2482341.3525,
688062.SH,20260327,7.3272,7.3272,,1451347.2,
688003.SH,20260327,1.5861,3.7576,,1161647.949,
605199.SH,20260327,0.6322,2.5631,,257269.9275,
302132.SZ,20260327,0.6826,1.4913,,18229007.3671,
000980.SZ,20260327,1.5459,2.1066,,1235424.1961,
920198.BJ,20260327,1.4546,1.4886,,138450.2022,
300994.SZ,20260327,5.5454,8.386,,358489.344,
000521.SZ,20260327,0.8612,1.2024,,628253.4662,
688509.SH,20260327,1.7825,1.7825,,342650.0,
300863.SZ,20260327,1.1069,2.5065,,980207.9297,
300427.SZ,20260327,4.3764,5.3127,,612258.4388,
300743.SZ,20260327,1.9422,2.8057,,263867.8768,
002449.SZ,20260327,2.0629,2.627,,487978.4863,
002846.SZ,20260327,2.9351,4.3392,,607730.7913,
003033.SZ,20260327,1.3757,4.2651,,433193.25,
002798.SZ,20260327,1.2399,1.7945,,319303.2534,
002627.SZ,20260327,1.56,2.343,,603592.9479,
002384.SZ,20260327,4.5854,5.2046,,18801451.316,
003020.SZ,20260327,1.7015,2.7915,,457768.5121,
603992.SH,20260327,2.0524,9.1265,,1633938.2322,
001314.SZ,20260327,0.9605,2.074,,568396.49,
300662.SZ,20260327,1.1964,1.6969,,460723.6864,
001308.SZ,20260327,0.2582,1.3852,,1377797.8116,
300749.SZ,20260327,10.4932,14.8555,,666185.0418,
002228.SZ,20260327,1.5,2.5986,,472007.0097,
000635.SZ,20260327,3.3706,5.846,,352749.5926,
603070.SH,20260327,1.298,4.9944,,607916.0,
603810.SH,20260327,1.0531,1.9145,,262886.6568,
002923.SZ,20260327,4.0257,7.2572,,540517.7636,
300840.SZ,20260327,4.0765,4.5641,,426720.0,
003008.SZ,20260327,1.5763,2.4822,,233792.0,
688198.SH,20260327,0.147,0.5495,,1345799.2594,
601126.SH,20260327,3.107,5.2444,,3814249.971,
002306.SZ,20260327,1.5577,1.8934,,193957.0375,
688125.SH,20260327,1.1412,3.7349,,1975960.1254,
920832.BJ,20260327,0.9097,0.9485,,91445.387,
600718.SH,20260327,0.7885,1.0215,,1080384.2834,
300530.SZ,20260327,1.6793,5.5915,,466332.072,
688115.SH,20260327,0.8191,2.0016,,269480.14,
000807.SZ,20260327,1.2564,2.17,,9963441.6246,
603135.SH,20260327,0.8748,1.2339,,643136.6791,
600438.SH,20260327,1.0268,1.8749,,7644379.1711,
603012.SH,20260327,2.1775,2.8005,,502330.5,
002488.SZ,20260327,1.2835,1.8027,,1148736.681,
002345.SZ,20260327,1.4649,2.3581,,928495.7788,
300087.SZ,20260327,1.3288,2.3123,,768286.0501,
688620.SH,20260327,1.7688,1.7688,,417088.0,
688683.SH,20260327,0.5314,1.1889,,511646.6128,
600283.SH,20260327,1.459,3.4839,,523249.6298,
600063.SH,20260327,3.0754,4.6063,,1427683.4498,
002961.SZ,20260327,2.904,9.8498,,1075007.958,
002670.SZ,20260327,0.6785,1.8984,,2765235.9691,
920146.BJ,20260327,8.1322,10.6997,,96923.1381,
688076.SH,20260327,0.9214,1.469,,922239.4354,
300519.SZ,20260327,2.1318,3.2519,,247040.0,
300468.SZ,20260327,6.1005,7.6286,,1704445.4713,
300123.SZ,20260327,1.6128,1.8555,,647842.834,
920924.BJ,20260327,4.8324,5.9616,,215558.6685,
300188.SZ,20260327,0.8763,1.4903,,1065751.8644,
603118.SH,20260327,6.1776,10.7873,,1028970.2626,
300781.SZ,20260327,1.9587,3.1221,,578553.8982,
002999.SZ,20260327,3.0414,4.7436,,248180.688,
603021.SH,20260327,2.9383,4.9644,,226843.1816,
000936.SZ,20260327,1.3689,2.2302,,646789.4075,
605287.SH,20260327,4.6046,9.0023,,604660.0,
002593.SZ,20260327,1.5659,2.2133,,430867.9035,
688589.SH,20260327,1.3502,1.7129,,316670.8407,
000032.SZ,20260327,2.0378,3.6534,,2279676.3874,
600518.SH,20260327,0.9459,1.2677,,2433885.8174,
603036.SH,20260327,1.1367,1.466,,381111.1463,
920018.BJ,20260327,2.6623,2.6623,,349774.3123,
600178.SH,20260327,1.3668,2.7856,,527584.5381,
002474.SZ,20260327,2.1439,2.2579,,479094.0,
300238.SZ,20260327,3.9177,5.3343,,397468.3958,
002724.SZ,20260327,1.4274,3.518,,543134.5878,
300163.SZ,20260327,3.2986,3.5078,,221358.0,
300205.SZ,20260327,2.743,4.5121,,277816.176,
002828.SZ,20260327,13.5125,15.8394,,260479.9296,
002362.SZ,20260327,1.0466,1.3213,,458841.3705,
001216.SZ,20260327,1.4881,4.8365,,437996.1913,
600703.SH,20260327,4.5297,7.6627,,6266207.5211,
002441.SZ,20260327,2.0221,2.9741,,546721.7834,
002607.SZ,20260327,1.8759,2.2386,,1634360.8381,
600598.SH,20260327,2.4302,6.7775,,2867397.6932,
600281.SH,20260327,2.2794,4.0328,,280863.5057,
600008.SH,20260327,1.3994,2.6096,,2356329.6073,
000819.SZ,20260327,1.0354,1.5593,,541693.6058,
002661.SZ,20260327,1.1101,1.8379,,298491.4168,
300107.SZ,20260327,2.4349,3.0444,,400700.9748,
000001.SZ,20260327,0.4556,1.0834,,21385321.8542,
002130.SZ,20260327,2.7538,3.1831,,3331731.9216,
603789.SH,20260327,0.9638,1.6889,,153294.0388,
002078.SZ,20260327,0.7207,1.3107,,4194597.2136,
002361.SZ,20260327,33.1397,36.7408,,1297211.6977,
600696.SH,20260327,1.4012,4.2444,,56525.3338,
688403.SH,20260327,3.4739,4.7085,,1313540.8417,
601939.SH,20260327,0.8268,1.1945,,246427559.3344,
603727.SH,20260327,6.09,11.3684,,593864.2359,
002066.SZ,20260327,1.4801,2.4721,,464880.953,
688313.SH,20260327,9.6654,15.1261,,4004598.8661,
688336.SH,20260327,1.0329,6.4587,,4421172.756,
301658.SZ,20260327,34.2498,34.2498,,2136494.8504,
002939.SZ,20260327,0.3683,1.0493,,3614846.5526,
603272.SH,20260327,9.662,22.1692,,334922.464,
000815.SZ,20260327,19.4829,29.1537,,1410688.698,
601128.SH,20260327,0.7893,0.9423,,2354729.183,
001239.SZ,20260327,7.4407,8.5165,,342960.0,
000002.SZ,20260327,0.6764,1.0152,,4843868.0452,
300929.SZ,20260327,5.6171,6.9695,,174547.6349,
688621.SH,20260327,2.6244,3.6242,,724416.0,
600535.SH,20260327,1.867,3.7499,,2172203.3073,
920305.BJ,20260327,7.9746,12.9346,,96369.819,
301275.SZ,20260327,2.9821,4.4239,,1702272.0,
002962.SZ,20260327,1.5309,1.7754,,399289.8669,
002779.SZ,20260327,1.4159,2.5094,,1643796.0,
603065.SH,20260327,1.4298,3.1265,,346486.182,
300770.SZ,20260327,0.7254,1.3426,,890848.8908,
600925.SH,20260327,1.8087,2.3588,,3354888.8889,
688381.SH,20260327,0.6906,0.8727,,525690.0,
002564.SZ,20260327,2.1555,3.0328,,534238.5847,
688159.SH,20260327,1.5506,2.1939,,370799.1006,
600889.SH,20260327,0.6401,1.1028,,796291.5704,
000593.SZ,20260327,5.8079,9.0696,,549781.3368,
688183.SH,20260327,1.2897,4.4365,,6711133.2399,
300533.SZ,20260327,2.0121,2.3378,,653445.5104,
603256.SH,20260327,1.3201,8.1888,,5932277.9063,
600316.SH,20260327,1.3348,2.5745,,2891405.7124,
300502.SZ,20260327,3.3692,3.4656,,44472970.6282,
601888.SH,20260327,0.7408,1.5863,,14887412.9543,
002402.SZ,20260327,5.6076,5.7221,,2772065.5784,
920089.BJ,20260327,0.7236,0.8277,,270449.06,
000790.SZ,20260327,3.2357,3.9411,,253853.7811,
603229.SH,20260327,2.5384,5.4502,,832788.0364,
600818.SH,20260327,1.3055,1.4429,,283195.6087,
002317.SZ,20260327,4.4051,5.1949,,1574921.1739,
920895.BJ,20260327,1.8621,2.704,,93660.268,
601137.SH,20260327,1.1806,2.0048,,1691424.3119,
603898.SH,20260327,2.8039,8.5142,,502822.2751,
600666.SH,20260327,43.0522,50.8181,,1672880.0156,
603909.SH,20260327,1.6403,2.8674,,287783.1466,
601066.SH,20260327,0.1075,0.6698,,16746704.0667,
603061.SH,20260327,3.332,6.0729,,1552740.0,
605086.SH,20260327,0.6165,2.2746,,627379.2,
688015.SH,20260327,0.5932,1.2793,,405852.276,
003041.SZ,20260327,1.8551,5.733,,725472.0,
002174.SZ,20260327,1.4233,1.7459,,925921.3638,
002214.SZ,20260327,1.67,1.8225,,1102138.0068,
000697.SZ,20260327,1.2156,1.8328,,1350017.3861,
000026.SZ,20260327,0.9702,1.7545,,581865.586,
603636.SH,20260327,0.8706,1.3065,,537994.2048,
920571.BJ,20260327,7.3052,9.552,,580956.1958,
002640.SZ,20260327,2.9129,3.1665,,553104.6722,
600021.SH,20260327,0.8914,2.0846,,5422413.5643,
001226.SZ,20260327,2.1676,3.5412,,323381.4777,
300910.SZ,20260327,1.5322,2.1597,,1410723.4702,
000978.SZ,20260327,8.9414,17.7094,,352501.89,
603683.SH,20260327,4.1575,6.195,,814670.8759,
000037.SZ,20260327,31.4621,53.2778,,747425.619,
920175.BJ,20260327,0.7328,0.8795,,120547.0,
601606.SH,20260327,6.4658,15.7282,,3101870.2372,
600084.SH,20260327,0.4942,1.1312,,797846.0493,
300170.SZ,20260327,4.227,4.2852,,1988231.9254,
002323.SZ,20260327,10.9065,13.9004,,555664.0472,
920405.BJ,20260327,1.88,3.4909,,301559.0,
600409.SH,20260327,3.2371,5.9415,,1500782.0487,
688260.SH,20260327,2.1452,3.5468,,324120.0,
300761.SZ,20260327,1.4616,2.7074,,1713890.9551,
300385.SZ,20260327,26.6391,41.6167,,550357.0797,
601609.SH,20260327,0.9803,2.0132,,1688879.5146,
002177.SZ,20260327,8.8595,9.099,,583072.5312,
605268.SH,20260327,1.5603,8.7139,,544489.05,
002486.SZ,20260327,2.9733,3.7831,,240690.6652,
300589.SZ,20260327,7.0625,8.1594,,607667.8056,
301331.SZ,20260327,1.147,3.1757,,268342.0413,
600550.SH,20260327,2.8667,6.4236,,2861735.2579,
300270.SZ,20260327,2.7137,3.7343,,315826.6872,
000798.SZ,20260327,4.1164,8.5182,,370249.0165,
301282.SZ,20260327,6.1725,10.061,,498913.0344,
002559.SZ,20260327,3.5344,3.8611,,520627.4777,
600421.SH,20260327,1.3094,2.1918,,137702.4,
002897.SZ,20260327,6.0682,10.46,,1178212.9896,
300150.SZ,20260327,2.1902,2.4007,,307765.7839,
603101.SH,20260327,0.9484,2.3987,,381964.8,
002095.SZ,20260327,1.501,2.6874,,423558.72,
301237.SZ,20260327,0.9928,1.3734,,431200.0,
600879.SH,20260327,2.6662,3.581,,7001113.1867,
300461.SZ,20260327,11.1074,19.7132,,873706.3776,
603836.SH,20260327,0.9191,2.2002,,266600.5729,
300316.SZ,20260327,1.4481,3.0101,,5689924.348,
600808.SH,20260327,0.7587,2.0267,,2887755.4448,
605288.SH,20260327,1.8392,6.9529,,642134.987,
301449.SZ,20260327,9.9905,9.9905,,502956.5271,
688391.SH,20260327,0.6722,1.35,,338979.3311,
002051.SZ,20260327,1.5928,4.3812,,1069121.3216,
301369.SZ,20260327,2.5236,3.374,,986079.4609,
688363.SH,20260327,0.5419,1.3477,,2009079.9474,
600877.SH,20260327,1.1201,1.9085,,1873182.1163,
300841.SZ,20260327,1.5268,2.1935,,734979.6607,
002801.SZ,20260327,2.6749,4.5438,,713466.624,
920806.BJ,20260327,0.4318,1.3295,,335922.857,
300839.SZ,20260327,1.8756,3.3663,,374898.7038,
002731.SZ,20260327,9.6513,11.5087,,199545.524,
002102.SZ,20260327,3.2691,4.2049,,819432.4675,
300883.SZ,20260327,3.036,3.8403,,227668.0,
603131.SH,20260327,1.4598,2.8622,,677520.4194,
920570.BJ,20260327,1.4992,2.189,,148000.972,
000975.SZ,20260327,1.5893,2.4461,,7844240.3986,
002037.SZ,20260327,0.9668,1.7419,,390010.1542,
600289.SH,20260327,1.8299,2.6583,,468240.6352,
300395.SZ,20260327,3.1881,3.9524,,4919761.4797,
601607.SH,20260327,0.3343,0.9342,,6189255.8592,
002458.SZ,20260327,2.0847,2.3276,,1040028.1401,
600019.SH,20260327,0.4535,1.2369,,14005880.4936,
603507.SH,20260327,13.828,18.5172,,779041.6247,
600886.SH,20260327,0.307,0.9843,,11718579.5996,
688171.SH,20260327,1.1102,2.0653,,406049.6698,
002666.SZ,20260327,2.3166,3.018,,432611.6162,
000409.SZ,20260327,0.7383,1.1737,,691305.5151,
600395.SH,20260327,2.6914,5.7819,,1324467.5596,
300906.SZ,20260327,1.7375,3.4939,,249040.0,
601890.SH,20260327,2.5538,3.9717,,982425.6,
301498.SZ,20260327,2.1072,4.2112,,2116498.9594,
300535.SZ,20260327,3.8722,4.787,,212006.3486,
000533.SZ,20260327,15.4619,24.951,,1055566.848,
003031.SZ,20260327,2.7582,6.0926,,3513701.7716,
600106.SH,20260327,0.629,0.8627,,728305.734,
002009.SZ,20260327,4.4724,5.4182,,968979.7957,
000586.SZ,20260327,3.1538,4.7238,,290546.88,
688013.SH,20260327,1.6613,3.4356,,297435.274,
601800.SH,20260327,0.1699,0.8323,,12515201.409,
603568.SH,20260327,0.2884,0.8998,,4495926.6671,
688425.SH,20260327,0.3572,1.2891,,2608080.033,
688428.SH,20260327,6.9684,6.9684,,4464549.1986,
002273.SZ,20260327,2.0276,2.2302,,3220704.2238,
600487.SH,20260327,5.6968,7.9321,,12072990.098,
002881.SZ,20260327,1.7776,2.4862,,1156987.6677,
301092.SZ,20260327,3.1029,5.1384,,443831.9019,
920720.BJ,20260327,1.5823,1.6373,,315220.6946,
600673.SH,20260327,1.1508,2.3547,,9203219.3704,
688733.SH,20260327,1.5823,2.1725,,537395.2611,
300143.SZ,20260327,4.2527,7.4446,,939062.8598,
002298.SZ,20260327,10.9106,11.2142,,861489.0888,
300292.SZ,20260327,3.2736,3.5012,,634654.8327,
688258.SH,20260327,2.4231,3.8948,,1328688.0554,
688073.SH,20260327,2.2682,3.5075,,501037.6923,
300855.SZ,20260327,2.3949,3.3928,,1496295.6645,
301215.SZ,20260327,0.5544,1.9014,,794340.0,
001289.SZ,20260327,0.2155,8.1474,,15290103.764,
000685.SZ,20260327,0.8822,1.7471,,1615246.9293,
002986.SZ,20260327,1.7719,2.0699,,560679.0532,
301325.SZ,20260327,3.4937,3.4937,,641761.2636,
300268.SZ,20260327,1.203,1.7177,,243705.8,
600202.SH,20260327,1.7971,2.7241,,229237.7219,
600675.SH,20260327,0.4946,1.7683,,1608271.998,
603018.SH,20260327,0.7646,0.7646,,495752.3922,
301187.SZ,20260327,1.3476,4.6886,,524398.2609,
002795.SZ,20260327,4.4174,6.181,,344957.8805,
300575.SZ,20260327,4.3685,4.9566,,295258.2956,
300247.SZ,20260327,1.2677,1.4836,,367446.423,
603038.SH,20260327,0.7747,1.3312,,395761.3771,
002030.SZ,20260327,1.0815,1.5818,,837857.2811,
600157.SH,20260327,5.1675,6.3373,,4298099.5366,
001208.SZ,20260327,4.6257,4.701,,1197545.4104,
002772.SZ,20260327,2.8274,4.4324,,618175.4163,
603212.SH,20260327,3.8055,5.992,,610299.4372,
002394.SZ,20260327,1.7387,2.9222,,446706.0,
920099.BJ,20260327,1.6509,2.1925,,243431.9938,
002723.SZ,20260327,2.6555,3.8338,,306426.5857,
300050.SZ,20260327,4.9157,5.9645,,355784.9069,
603819.SH,20260327,7.5498,15.1153,,286315.1959,
920656.BJ,20260327,1.5926,2.0625,,150500.0,
000612.SZ,20260327,3.2888,4.3574,,1393681.0916,
301101.SZ,20260327,1.045,2.6085,,668818.6599,
605337.SH,20260327,1.0419,2.6811,,426771.8867,
300239.SZ,20260327,1.6268,2.2275,,335388.4821,
601333.SH,20260327,1.1427,2.1366,,2195896.47,
688678.SH,20260327,4.524,6.7853,,763598.8862,
301391.SZ,20260327,1.0064,2.7707,,649996.3221,
300583.SZ,20260327,1.5701,2.9324,,269187.3168,
300636.SZ,20260327,2.4734,3.1081,,332601.584,
002952.SZ,20260327,4.2763,10.6889,,396552.42,
688236.SH,20260327,0.7444,4.0497,,749876.4175,
002241.SZ,20260327,1.5323,1.9637,,8034431.4159,
603092.SH,20260327,8.3212,8.3212,,2763200.6908,
300775.SZ,20260327,3.0332,4.3173,,1876995.4421,
300043.SZ,20260327,2.0306,2.975,,701727.8982,
603685.SH,20260327,1.0236,2.0274,,695133.0734,
688526.SH,20260327,0.5282,1.9422,,685208.2423,
000301.SZ,20260327,0.2831,0.8628,,7113683.8211,
920002.BJ,20260327,1.4167,2.3277,,371986.7634,
002164.SZ,20260327,1.2233,1.9334,,639140.6005,
301077.SZ,20260327,1.1649,1.9363,,457172.1934,
300248.SZ,20260327,3.159,3.3078,,488733.4512,
605298.SH,20260327,0.5618,2.0085,,852087.6,
603948.SH,20260327,1.1945,4.3776,,429783.8467,
002796.SZ,20260327,7.3816,10.7454,,1128584.9915,
600655.SH,20260327,0.2452,0.529,,1798315.7221,
600307.SH,20260327,4.1561,10.0862,,1334095.1313,
601006.SH,20260327,1.0851,2.1259,,10698151.3672,
603828.SH,20260327,0.7854,1.5785,,379626.6206,
603955.SH,20260327,0.8546,1.4055,,337942.8,
002763.SZ,20260327,1.3342,2.4648,,307443.0,
603711.SH,20260327,0.343,1.8439,,516918.3732,
600982.SH,20260327,20.3029,41.3492,,821456.2015,
300921.SZ,20260327,5.927,7.0973,,460412.7049,
920275.BJ,20260327,0.6916,1.8735,,115230.0048,
300953.SZ,20260327,3.9563,5.2875,,3045748.5232,
600246.SH,20260327,1.4264,1.9428,,1927443.5762,
600739.SH,20260327,0.5296,0.9461,,1697977.8958,
300790.SZ,20260327,1.815,1.8677,,873941.9396,
300054.SZ,20260327,15.8929,17.541,,5031393.5697,
688049.SH,20260327,2.9847,3.9348,,800165.8252,
301069.SZ,20260327,2.3056,3.7697,,950759.5324,
688130.SH,20260327,2.1078,3.3222,,252420.6043,
688319.SH,20260327,2.8267,4.1947,,1206578.2686,
601696.SH,20260327,0.6871,1.315,,3414162.0,
001356.SZ,20260327,1.2008,1.7679,,658270.44,
002582.SZ,20260327,5.1997,5.8481,,502775.9616,
001298.SZ,20260327,2.5066,2.657,,859957.2003,
688510.SH,20260327,1.8895,2.5392,,820870.0091,
301528.SZ,20260327,1.8584,2.8162,,367376.5,
301167.SZ,20260327,4.3704,4.3704,,181552.0,
001286.SZ,20260327,2.4109,3.7065,,4237500.0,
600203.SH,20260327,1.4218,1.9221,,645171.0332,
000852.SZ,20260327,1.7849,3.7397,,673001.2531,
002390.SZ,20260327,1.6309,2.8428,,627864.1534,
300708.SZ,20260327,5.3374,5.8888,,891969.3868,
301171.SZ,20260327,3.7607,4.5237,,2079129.2974,
301662.SZ,20260327,12.5773,12.5773,,1110240.0,
001309.SZ,20260327,8.5814,9.5465,,8663008.8334,
603416.SH,20260327,0.7184,1.3859,,772650.6585,
000550.SZ,20260327,0.4388,1.3849,,1506308.43,
300173.SZ,20260327,1.418,1.7898,,327687.6613,
002455.SZ,20260327,14.6774,15.1179,,856326.3847,
600512.SH,20260327,2.6044,3.1825,,385702.2569,
601877.SH,20260327,1.3873,2.9532,,7291451.7356,
600126.SH,20260327,2.379,5.5917,,2786180.9935,
300151.SZ,20260327,3.3058,3.8328,,831246.2789,
000726.SZ,20260327,1.127,1.4795,,571297.5371,
002813.SZ,20260327,1.0276,3.0139,,295200.0,
002274.SZ,20260327,5.0066,8.3474,,625703.5724,
601228.SH,20260327,0.4997,2.7911,,2557596.128,
601326.SH,20260327,1.3008,5.6079,,2061755.028,
300587.SZ,20260327,2.9058,3.4792,,746504.5583,
688070.SH,20260327,1.1445,2.6062,,419595.78,
002997.SZ,20260327,1.9411,3.3123,,625661.4404,
002170.SZ,20260327,4.5457,4.9885,,1272485.9935,
300075.SZ,20260327,1.6323,1.7054,,796909.9927,
000820.SZ,20260327,1.131,1.162,,217242.5401,
000901.SZ,20260327,2.0771,3.1908,,1752850.2876,
605218.SH,20260327,0.9784,2.9894,,418612.579,
002245.SZ,20260327,6.6317,7.6767,,2052628.9453,
000703.SZ,20260327,0.746,2.2451,,4478058.7992,
688005.SH,20260327,3.6348,4.9721,,2165618.1741,
920039.BJ,20260327,0.3052,0.9315,,144129.34,
601398.SH,20260327,0.1035,0.8947,,263740630.2459,
002031.SZ,20260327,1.7098,1.8516,,1403214.4375,
920261.BJ,20260327,0.5446,0.8131,,411370.5729,
300341.SZ,20260327,0.8879,2.34,,747657.9355,
605123.SH,20260327,2.3892,5.4911,,1152335.1829,
600717.SH,20260327,1.1012,2.5742,,1342816.4816,
301262.SZ,20260327,2.3392,3.2551,,961602.0,
605068.SH,20260327,0.8325,2.4657,,441017.7079,
688033.SH,20260327,1.6478,2.2042,,473933.4164,
301667.SZ,20260327,26.9571,26.9571,,1015411.6728,
603280.SH,20260327,4.1443,4.1443,,373352.5611,
600481.SH,20260327,3.7706,6.4154,,1436656.6337,
002845.SZ,20260327,2.5648,3.031,,444487.6637,
002615.SZ,20260327,2.4802,3.1569,,359958.6891,
301030.SZ,20260327,5.6104,7.9729,,223835.963,
920223.BJ,20260327,1.2863,2.0379,,246780.165,
002056.SZ,20260327,1.8509,3.7057,,3486043.9746,
600188.SH,20260327,0.726,2.7632,,20466422.8292,
002459.SZ,20260327,2.7349,5.2096,,3955076.6844,
688188.SH,20260327,0.502,1.4176,,3819030.7444,
600416.SH,20260327,1.1309,1.7578,,1890477.2339,
300897.SZ,20260327,1.6431,2.9225,,346202.6961,
300119.SZ,20260327,1.61,2.0269,,867232.2814,
603937.SH,20260327,12.2828,33.2549,,289520.1207,
600580.SH,20260327,2.0988,3.4381,,5932922.3068,
600682.SH,20260327,3.671,6.7374,,940247.4225,
603298.SH,20260327,0.454,1.1796,,3252263.3177,
300745.SZ,20260327,3.1036,3.4958,,436081.5872,
603936.SH,20260327,5.2413,6.7878,,840320.5393,
301023.SZ,20260327,2.4661,3.0449,,304771.7684,
600959.SH,20260327,0.9151,1.9296,,1940278.4622,
002163.SZ,20260327,2.8579,3.985,,1104359.9322,
002065.SZ,20260327,0.7132,1.0115,,2557974.9353,
688041.SH,20260327,0.7916,2.0754,,51356250.1206,
603016.SH,20260327,4.3137,9.5513,,606418.88,
920856.BJ,20260327,1.2243,2.0585,,122903.6034,
002926.SZ,20260327,0.3704,0.688,,2173500.0,
000776.SZ,20260327,0.4604,0.9557,,14311642.4396,
600265.SH,20260327,0.1378,0.386,,268296.6,
600702.SH,20260327,1.6199,2.3232,,1506732.2041,
002201.SZ,20260327,3.3935,5.1797,,727877.6812,
603722.SH,20260327,0.6757,1.1618,,331759.8108,
301398.SZ,20260327,2.8496,3.1697,,529312.0,
600824.SH,20260327,0.7726,1.2806,,422664.8563,
600011.SH,20260327,1.1388,2.8621,,11757871.9259,
301208.SZ,20260327,1.3663,1.8008,,406440.2032,
600305.SH,20260327,0.6693,1.1483,,837598.9467,
600292.SH,20260327,1.2065,2.1446,,6075346.0008,
920781.BJ,20260327,1.3127,1.4301,,118398.3634,
600406.SH,20260327,0.671,1.563,,21790154.4512,
000055.SZ,20260327,1.171,1.5291,,394111.8413,
000997.SZ,20260327,1.202,1.7335,,2041392.2987,
000049.SZ,20260327,3.7391,6.8613,,1054678.8602,
301213.SZ,20260327,2.4834,4.73,,541999.9932,
002440.SZ,20260327,3.0828,4.6194,,1275739.8922,
920892.BJ,20260327,0.2704,0.832,,239514.0023,
605196.SH,20260327,1.887,2.905,,2354700.8148,
002534.SZ,20260327,1.1285,3.395,,1385144.5883,
600881.SH,20260327,1.0801,1.2759,,539769.215,
688231.SH,20260327,1.5947,3.9879,,747977.1433,
003037.SZ,20260327,0.4614,1.3972,,427739.3201,
688386.SH,20260327,2.1777,3.1696,,798266.1894,
603111.SH,20260327,0.3533,0.4745,,562906.0288,
300525.SZ,20260327,1.4149,1.4907,,783482.4428,
300763.SZ,20260327,8.7705,13.206,,4239320.3093,
000088.SZ,20260327,0.9568,2.1849,,2381363.3725,
300548.SZ,20260327,7.1584,8.852,,4397516.0885,
001336.SZ,20260327,2.8999,4.2952,,213150.522,
002072.SZ,20260327,1.0079,1.9416,,264361.92,
000155.SZ,20260327,5.7763,9.5414,,2983408.0407,
600327.SH,20260327,1.1315,2.0463,,351257.4686,
600859.SH,20260327,0.928,1.3886,,1380187.7887,
601718.SH,20260327,1.2331,2.5143,,1343209.4069,
002311.SZ,20260327,0.3981,0.8802,,8661482.3438,
688001.SH,20260327,0.5103,2.5831,,1346804.2243,
600266.SH,20260327,1.0685,1.9609,,1054477.7016,
688750.SH,20260327,1.0456,1.5075,,826950.0,
603655.SH,20260327,1.4076,4.3501,,400998.0,
603267.SH,20260327,1.5588,2.4784,,1158870.6734,
603008.SH,20260327,5.9383,9.331,,600316.6691,
920118.BJ,20260327,1.0135,1.2009,,106881.6,
301359.SZ,20260327,2.1253,3.6892,,243476.576,
603153.SH,20260327,0.3307,1.4169,,644301.6586,
002555.SZ,20260327,1.3353,1.5184,,4776221.1533,
300830.SZ,20260327,3.216,3.8928,,480094.1141,
002811.SZ,20260327,1.6924,3.6008,,414527.6267,
301499.SZ,20260327,6.8975,6.8975,,417114.9307,
002667.SZ,20260327,9.469,12.0178,,699688.1775,
002523.SZ,20260327,1.1419,1.68,,573739.524,
600969.SH,20260327,3.2292,5.0791,,397064.1693,
600272.SH,20260327,1.5891,2.8661,,340396.9207,
300439.SZ,20260327,1.7298,2.278,,372789.2506,
600022.SH,20260327,1.2002,2.9059,,1636923.9818,
688146.SH,20260327,4.6654,4.6654,,2254235.2954,
688698.SH,20260327,2.4877,5.8106,,1482749.7783,
603363.SH,20260327,2.0611,3.18,,1025566.9594,
300007.SZ,20260327,2.8173,3.1309,,1399830.0212,
600280.SH,20260327,1.1047,2.5693,,370093.8105,
688400.SH,20260327,1.8594,3.2873,,1926985.4183,
301559.SZ,20260327,1.7362,1.7362,,945600.0,
920037.BJ,20260327,2.5006,2.5006,,669508.4866,
300271.SZ,20260327,1.0852,1.4323,,547194.0936,
603728.SH,20260327,1.1682,2.7391,,2420303.085,
600613.SH,20260327,2.5108,4.5915,,320977.0484,
300518.SZ,20260327,7.7581,10.7661,,413180.7855,
600018.SH,20260327,0.2319,1.9112,,11779660.015,
301557.SZ,20260327,3.7124,3.7124,,419063.8439,
600199.SH,20260327,1.2734,1.7468,,533473.2243,
000597.SZ,20260327,1.5033,3.4721,,744940.0743,
002857.SZ,20260327,2.4998,3.6577,,297453.618,
002275.SZ,20260327,0.424,1.5682,,833172.2748,
600869.SH,20260327,4.7166,10.1709,,3135945.4301,
002234.SZ,20260327,2.0853,2.8777,,291730.7372,
600570.SH,20260327,0.9691,1.2235,,4815546.7165,
600628.SH,20260327,1.7427,3.1258,,472219.0303,
300021.SZ,20260327,1.3529,1.8393,,445752.2165,
603167.SH,20260327,1.1611,1.9409,,430674.6538,
600159.SH,20260327,2.1017,4.0186,,261451.0181,
688618.SH,20260327,1.2412,3.3221,,321852.2252,
301117.SZ,20260327,4.5041,5.029,,539795.663,
002805.SZ,20260327,11.7662,16.9003,,511114.0771,
688168.SH,20260327,1.0688,1.6339,,544231.4632,
300550.SZ,20260327,1.1312,2.2544,,315597.2895,
920792.BJ,20260327,1.1666,1.8101,,184080.48,
002186.SZ,20260327,1.0346,1.8456,,321346.9026,
605020.SH,20260327,1.1765,1.9937,,1292371.3692,
300490.SZ,20260327,6.6038,8.4381,,666976.0376,
688176.SH,20260327,4.7743,5.4911,,776791.861,
300306.SZ,20260327,1.8096,2.3923,,328936.5855,
600794.SH,20260327,1.57,2.4547,,450057.0589,
300844.SZ,20260327,0.74,2.615,,320925.0598,
002023.SZ,20260327,1.1871,1.5528,,760863.4613,
603998.SH,20260327,2.1427,3.4345,,486941.2282,
000792.SZ,20260327,3.0353,5.136,,20875253.6742,
001206.SZ,20260327,1.9955,2.6961,,391605.0853,
601865.SH,20260327,2.0167,4.786,,3711122.438,
603558.SH,20260327,3.8672,7.9301,,473868.4218,
301377.SZ,20260327,4.0765,4.6699,,7442320.0,
688316.SH,20260327,8.2005,10.8978,,347117.7409,
603126.SH,20260327,1.4967,3.0506,,455433.0,
920090.BJ,20260327,3.3373,3.3373,,141526.8177,
601878.SH,20260327,0.3756,0.7015,,4454877.9264,
688375.SH,20260327,0.4738,1.6671,,6230739.7646,
920158.BJ,20260327,8.5567,8.5567,,241958.26,
688255.SH,20260327,1.37,2.4882,,298486.5498,
300717.SZ,20260327,1.8208,3.8628,,212538.7,
603196.SH,20260327,0.7683,1.5741,,1139667.2117,
600490.SH,20260327,2.5845,3.3709,,1668516.8576,
300302.SZ,20260327,7.3937,8.8571,,1012684.4052,
002694.SZ,20260327,1.4395,2.3998,,234267.0336,
603130.SH,20260327,1.6427,6.2891,,544968.7746,
600814.SH,20260327,1.0163,3.0247,,560129.8917,
601212.SH,20260327,1.5558,4.2822,,5946033.9323,
603211.SH,20260327,2.721,9.8228,,652339.2,
300317.SZ,20260327,16.6584,20.3801,,479848.8981,
300118.SZ,20260327,6.3895,6.9175,,1966523.9137,
603518.SH,20260327,1.6728,2.5178,,308053.9697,
600691.SH,20260327,6.6805,13.4536,,860105.4666,
001269.SZ,20260327,2.386,7.7129,,461210.5716,
000789.SZ,20260327,3.1464,6.2099,,429802.5967,
600435.SH,20260327,1.8827,3.0544,,2235264.753,
002184.SZ,20260327,1.3457,1.5169,,402583.1753,
601988.SH,20260327,0.1032,1.7789,,179472313.3804,
920834.BJ,20260327,0.978,1.8061,,143280.006,
600236.SH,20260327,0.3748,2.8573,,7772024.5128,
688667.SH,20260327,1.398,3.0344,,514044.183,
920978.BJ,20260327,1.6867,1.7994,,479775.8672,
002745.SZ,20260327,15.2044,18.0327,,1295677.2663,
603871.SH,20260327,0.6674,1.6465,,1939836.277,
300363.SZ,20260327,2.0324,3.178,,1109165.4812,
600620.SH,20260327,0.6601,1.6775,,428486.5185,
600056.SH,20260327,0.8267,1.75,,1516822.0645,
002431.SZ,20260327,3.829,6.359,,502870.9294,
301246.SZ,20260327,21.9224,24.3913,,920415.6468,
603699.SH,20260327,0.5463,1.4811,,3878740.3437,
002293.SZ,20260327,0.6127,1.1672,,831340.9536,
600098.SH,20260327,2.5093,9.4582,,2801186.1198,
300654.SZ,20260327,2.2763,4.2634,,388092.3431,
300288.SZ,20260327,1.2795,1.4621,,425468.2251,
002437.SZ,20260327,4.8706,5.2347,,751465.5585,
002783.SZ,20260327,3.1527,3.9731,,465401.327,
002732.SZ,20260327,1.1169,2.66,,265449.45,
002752.SZ,20260327,0.8077,2.2377,,602758.6948,
603997.SH,20260327,0.6085,1.0502,,1519084.2476,
002162.SZ,20260327,2.8952,6.0444,,435018.5564,
920693.BJ,20260327,1.6042,2.6335,,195417.6,
002554.SZ,20260327,2.9022,4.1774,,500145.027,
688790.SH,20260327,3.6316,3.6316,,1323771.4504,
300726.SZ,20260327,1.626,2.7274,,1738787.8256,
603124.SH,20260327,6.7093,6.7093,,1570404.5192,
301382.SZ,20260327,4.3155,4.9715,,953026.8543,
301515.SZ,20260327,1.8377,2.2286,,220900.0,
300279.SZ,20260327,3.3107,4.4942,,474426.5053,
301529.SZ,20260327,8.3326,9.8759,,946104.5659,
300619.SZ,20260327,5.946,7.3662,,726796.5715,
300562.SZ,20260327,3.1159,3.3818,,288132.8408,
300958.SZ,20260327,3.1474,3.3591,,210497.2256,
603888.SH,20260327,1.034,2.737,,1342728.9543,
300802.SZ,20260327,1.86,2.5732,,511340.859,
000401.SZ,20260327,1.6745,4.6372,,1294551.5709,
600191.SH,20260327,1.9957,4.276,,590647.176,
300355.SZ,20260327,1.5129,1.6191,,601590.7804,
920299.BJ,20260327,5.5456,7.8894,,217974.3386,
300476.SZ,20260327,2.6644,3.8654,,22869727.1737,
300416.SZ,20260327,2.541,3.6412,,844697.9058,
600250.SH,20260327,15.5451,32.8278,,403813.7026,
605358.SH,20260327,1.4584,1.9532,,2244414.6348,
603682.SH,20260327,1.3718,3.2662,,314212.5,
605289.SH,20260327,2.9931,6.0341,,1112639.5525,
301518.SZ,20260327,5.019,5.0991,,601661.914,
688298.SH,20260327,0.4644,0.9028,,458841.6,
603505.SH,20260327,1.2128,2.677,,1509953.8505,
600573.SH,20260327,2.6344,5.2769,,300500.0,
300249.SZ,20260327,6.5138,8.1642,,721519.3342,
000059.SZ,20260327,2.8022,5.2907,,882892.2804,
600830.SH,20260327,0.9566,1.3961,,406164.5358,
600868.SH,20260327,14.693,15.8225,,770648.3637,
688061.SH,20260327,3.6715,3.6715,,351331.7577,
301563.SZ,20260327,5.2888,5.2888,,960983.389,
600182.SH,20260327,0.5858,0.5858,,467840.0,
603187.SH,20260327,0.9949,1.245,,572668.6706,
301108.SZ,20260327,1.5477,2.7538,,328214.0308,
688511.SH,20260327,0.8521,1.8902,,279386.7788,
002211.SZ,20260327,1.0056,1.6106,,160880.9898,
301366.SZ,20260327,0.963,1.3078,,646419.1801,
688799.SH,20260327,9.3165,20.1878,,708996.68,
002702.SZ,20260327,2.7328,3.6307,,317894.72,
300800.SZ,20260327,1.1722,2.3105,,274640.44,
920266.BJ,20260327,0.6167,1.1281,,97216.0055,
688393.SH,20260327,1.835,3.0929,,220539.0665,
603168.SH,20260327,2.7528,4.8763,,259269.668,
920010.BJ,20260327,11.4793,22.139,,326424.0,
002407.SZ,20260327,9.1868,9.8166,,3390351.9565,
002468.SZ,20260327,3.4979,8.9312,,2336004.1053,
300168.SZ,20260327,3.9408,4.9494,,822598.9169,
001233.SZ,20260327,1.9349,1.9349,,1188369.6043,
688816.SH,20260327,4.739,4.739,,643000.0,
688238.SH,20260327,1.8774,2.489,,441344.956,
688607.SH,20260327,3.4991,4.6474,,506036.873,
002716.SZ,20260327,5.8887,6.8066,,3331244.6023,
002287.SZ,20260327,0.521,2.7532,,1308434.3303,
688239.SH,20260327,1.7498,2.2707,,1096503.9958,
688383.SH,20260327,0.9059,2.8946,,685707.289,
688093.SH,20260327,0.5077,1.5661,,862457.4651,
600508.SH,20260327,3.743,10.0415,,1028427.714,
603078.SH,20260327,2.0729,3.5607,,859199.7885,
300455.SZ,20260327,1.5434,3.429,,1720489.7426,
603598.SH,20260327,3.3659,6.7125,,525378.0921,
002797.SZ,20260327,3.4907,4.4218,,3134990.4,
301120.SZ,20260327,8.9462,11.5699,,861000.3655,
920371.BJ,20260327,0.481,1.6543,,189420.7842,
688256.SH,20260327,1.2053,2.49,,43180561.408,
002476.SZ,20260327,1.4215,1.8081,,355572.0,
688223.SH,20260327,2.3997,6.3144,,7802996.7144,
601399.SH,20260327,0.6251,1.9257,,3231673.0387,
002820.SZ,20260327,2.2236,3.3686,,221557.7294,
920167.BJ,20260327,2.7122,4.9491,,192656.4015,
002198.SZ,20260327,3.0786,3.9623,,395857.6814,
601866.SH,20260327,1.2978,3.488,,3655750.6621,
688599.SH,20260327,2.027,3.2222,,4293926.5684,
600714.SH,20260327,10.0943,15.5846,,536872.3966,
603665.SH,20260327,1.5513,2.6783,,488005.3917,
603121.SH,20260327,1.6738,3.4768,,570767.8435,
002937.SZ,20260327,1.2801,2.7456,,728366.6978,
300358.SZ,20260327,1.6573,2.4528,,682913.4139,
600369.SH,20260327,0.6416,1.22,,2837461.5959,
301015.SZ,20260327,1.698,6.8195,,1185282.2936,
300450.SZ,20260327,3.4192,5.0315,,8304138.3126,
600359.SH,20260327,1.9396,3.2498,,265151.4099,
601949.SH,20260327,0.3878,1.6912,,1205211.7782,
603899.SH,20260327,0.248,0.6815,,2272033.9201,
000862.SZ,20260327,15.705,20.652,,727938.0739,
300048.SZ,20260327,2.5014,3.0705,,771755.3922,
002976.SZ,20260327,1.8182,2.8739,,385179.8677,
300030.SZ,20260327,3.2783,4.2276,,238074.2326,
920187.BJ,20260327,4.3109,4.3109,,227260.8,
300387.SZ,20260327,5.0258,8.2629,,258416.9741,
603687.SH,20260327,20.921,41.4736,,859699.8034,
002722.SZ,20260327,1.1517,1.9149,,316657.7422,
301297.SZ,20260327,0.6745,1.5022,,2456978.199,
002111.SZ,20260327,1.0571,1.547,,504345.8507,
600229.SH,20260327,0.3847,1.0107,,395763.9626,
920351.BJ,20260327,4.3766,4.9416,,162953.5976,
688099.SH,20260327,2.5529,3.1464,,3461981.3389,
300352.SZ,20260327,4.8864,5.1064,,917738.6471,
600248.SH,20260327,0.4243,1.3274,,1290208.6737,
605066.SH,20260327,1.4831,2.5311,,412380.8521,
603712.SH,20260327,0.8283,1.6023,,1260676.0,
688079.SH,20260327,1.8455,4.1445,,533973.8087,
601686.SH,20260327,0.3592,0.7085,,856185.8728,
002860.SZ,20260327,1.0716,1.71,,462590.2956,
000751.SZ,20260327,3.4408,4.5031,,861131.1071,
002580.SZ,20260327,22.1609,28.8384,,738444.8516,
605258.SH,20260327,2.3934,5.8398,,289344.0,
000028.SZ,20260327,0.7178,2.0635,,1430372.2479,
301004.SZ,20260327,0.4179,1.4253,,680040.294,
688268.SH,20260327,10.0049,21.8872,,1207043.5562,
600742.SH,20260327,1.1736,2.0567,,759405.1534,
300642.SZ,20260327,3.6607,4.2909,,271773.6366,
688591.SH,20260327,2.8827,2.8836,,866676.7296,
600399.SH,20260327,1.817,2.6334,,1169455.3,
600015.SH,20260327,0.273,0.8239,,11363258.9262,
920274.BJ,20260327,1.4039,4.5655,,174704.0014,
688289.SH,20260327,0.5262,1.002,,1059121.275,
300823.SZ,20260327,3.2418,4.3421,,213239.8796,
600586.SH,20260327,3.0137,4.4508,,858906.6462,
301592.SZ,20260327,2.5147,2.5147,,793450.0,
300545.SZ,20260327,4.3064,5.0123,,558795.1259,
920593.BJ,20260327,0.7124,1.3807,,483182.8513,
603980.SH,20260327,2.7108,4.1835,,436557.5172,
002342.SZ,20260327,13.939,19.273,,1187520.0,
000830.SZ,20260327,3.4889,6.8317,,3083092.4788,
003030.SZ,20260327,3.7376,5.6543,,259542.4,
000156.SZ,20260327,0.6964,1.3283,,1365611.2098,
688657.SH,20260327,1.8504,2.1574,,284856.1242,
300098.SZ,20260327,2.507,2.6422,,907122.3476,
002181.SZ,20260327,5.5292,16.9517,,1339861.1328,
000927.SZ,20260327,8.5016,27.1319,,1893760.6896,
603657.SH,20260327,0.709,2.1771,,343112.3469,
603612.SH,20260327,2.1842,2.9438,,1310014.7272,
603779.SH,20260327,2.4444,3.6633,,208547.9695,
300576.SZ,20260327,2.3506,2.7601,,1254808.9341,
600882.SH,20260327,1.5691,3.3911,,973182.3585,
001283.SZ,20260327,12.4856,12.8209,,738479.3221,
000718.SZ,20260327,1.0642,1.612,,649412.1862,
002141.SZ,20260327,2.2005,3.173,,390449.7316,
920174.BJ,20260327,0.8695,1.5679,,778037.844,
600500.SH,20260327,1.3603,2.9767,,1603972.9174,
300542.SZ,20260327,1.3194,1.9594,,460976.4841,
000423.SZ,20260327,0.9312,1.4057,,3597898.5157,
300015.SZ,20260327,0.6908,1.3034,,8952380.8032,
300699.SZ,20260327,1.4506,2.2838,,2782535.144,
600460.SH,20260327,0.945,1.3821,,4349883.8028,
002389.SZ,20260327,3.1188,4.9528,,2186513.5666,
688625.SH,20260327,0.8449,2.1475,,1045181.2781,
000650.SZ,20260327,1.3045,1.7664,,797964.7934,
605058.SH,20260327,4.8651,16.1992,,475079.2098,
300809.SZ,20260327,1.4116,1.8187,,821974.0864,
002957.SZ,20260327,3.6817,8.5462,,1114213.4823,
002279.SZ,20260327,2.3497,3.0438,,707009.6342,
301067.SZ,20260327,2.7384,3.6623,,299486.88,
000917.SZ,20260327,1.5642,1.8769,,1322580.0634,
600604.SH,20260327,1.6839,4.2098,,1030317.6422,
688267.SH,20260327,1.2564,2.2044,,496355.4,
301150.SZ,20260327,10.1243,19.104,,1327798.1276,
600685.SH,20260327,1.1175,2.6992,,4208008.4873,
600099.SH,20260327,1.707,2.9483,,232486.32,
688466.SH,20260327,1.1651,2.6661,,214014.0743,
920819.BJ,20260327,0.565,1.4592,,443739.6,
603815.SH,20260327,1.1876,2.3862,,373830.2379,
300443.SZ,20260327,6.0639,6.7807,,939915.1797,
603938.SH,20260327,3.276,9.7919,,922125.0378,
688208.SH,20260327,0.9221,1.4783,,2168043.5772,
300422.SZ,20260327,1.6199,2.6725,,268007.9553,
300127.SZ,20260327,1.9671,4.2495,,975255.7145,
002653.SZ,20260327,1.4137,3.3511,,6175227.6866,
002839.SZ,20260327,1.1688,1.4772,,1097510.8933,
601916.SH,20260327,0.5336,0.8026,,8486572.5126,
301632.SZ,20260327,1.8581,1.8581,,866419.2,
000949.SZ,20260327,1.991,3.2362,,1108466.0478,
002380.SZ,20260327,2.7428,3.4989,,770133.2016,
603013.SH,20260327,0.495,2.442,,1021013.1041,
603268.SH,20260327,1.113,1.3257,,11158125.8147,
603739.SH,20260327,1.9133,4.6075,,373217.5774,
301178.SZ,20260327,4.3454,5.1704,,331589.888,
002446.SZ,20260327,2.5941,2.6644,,888868.668,
600515.SH,20260327,0.9265,1.545,,4215939.2431,
300148.SZ,20260327,2.6775,3.0479,,366609.0142,
603878.SH,20260327,1.7934,2.9532,,427025.6398,
002443.SZ,20260327,1.6712,2.1231,,449742.6893,
301141.SZ,20260327,3.7944,3.7944,,610860.5796,
300886.SZ,20260327,3.5269,4.495,,213473.492,
600050.SH,20260327,0.3618,0.8562,,14037726.9718,
300149.SZ,20260327,3.765,4.2804,,511409.0198,
002197.SZ,20260327,2.5372,2.9512,,498248.3346,
688270.SH,20260327,3.6979,5.1892,,2978528.014,
300093.SZ,20260327,1.1038,1.3661,,975780.0,
600026.SH,20260327,2.6991,7.4511,,12947108.1676,
002145.SZ,20260327,1.5424,2.3628,,1857656.0253,
300310.SZ,20260327,3.9785,3.9893,,516651.8992,
600338.SH,20260327,11.3809,12.3163,,1598039.3737,
300255.SZ,20260327,2.8678,4.1312,,3542979.6847,
002116.SZ,20260327,1.1735,2.2164,,476507.3121,
000027.SZ,20260327,4.529,18.1315,,3843971.0521,
688685.SH,20260327,1.02,1.6044,,647175.2965,
688191.SH,20260327,1.5888,3.0567,,1020883.1806,
603976.SH,20260327,1.0096,3.5075,,295452.1275,
688063.SH,20260327,6.1771,8.8532,,1948152.4371,
002217.SZ,20260327,1.5745,2.223,,1817493.9395,
601969.SH,20260327,2.236,10.0156,,2332552.0804,
000411.SZ,20260327,0.9498,1.9198,,611731.6251,
603238.SH,20260327,1.2501,3.1325,,281174.256,
603386.SH,20260327,1.3169,3.0954,,431072.1018,
300456.SZ,20260327,11.7924,12.7477,,3396736.7286,
000657.SZ,20260327,4.7023,7.6396,,11078574.5928,
603395.SH,20260327,4.4706,4.4706,,775060.0,
688027.SH,20260327,3.0585,4.0119,,5677927.2552,
603429.SH,20260327,1.5128,2.5663,,490918.3952,
300917.SZ,20260327,1.4713,3.3063,,548405.0,
301266.SZ,20260327,6.1637,13.9929,,465542.9187,
688399.SH,20260327,1.0722,1.7889,,466326.7688,
603737.SH,20260327,0.3231,0.9796,,3623421.6099,
603897.SH,20260327,4.4027,10.5693,,617242.6862,
601158.SH,20260327,0.2967,2.5937,,2198410.5693,
600539.SH,20260327,10.4165,17.3511,,326830.0,
001299.SZ,20260327,1.6314,5.4562,,330716.42,
002406.SZ,20260327,1.9791,2.1912,,515538.9079,
300121.SZ,20260327,3.0101,4.357,,540069.7336,
003011.SZ,20260327,2.5967,3.403,,241083.248,
688334.SH,20260327,1.5445,2.4238,,684761.385,
000021.SZ,20260327,4.9849,7.5841,,4320549.744,
688371.SH,20260327,0.7807,1.9354,,657190.3454,
603360.SH,20260327,1.5707,3.5528,,1875023.8014,
002928.SZ,20260327,1.9217,3.4989,,1028984.4478,
688515.SH,20260327,2.1557,2.4272,,956000.0,
000875.SZ,20260327,1.8721,2.657,,2611634.8507,
600521.SH,20260327,1.8738,3.1036,,2368652.8792,
300215.SZ,20260327,3.9713,6.5704,,608264.4798,
001306.SZ,20260327,2.77,2.77,,423047.3886,
300884.SZ,20260327,1.859,2.3037,,338145.2762,
688488.SH,20260327,1.6312,2.9536,,674094.0584,
002663.SZ,20260327,3.5089,4.246,,401540.2942,
600221.SH,20260327,0.6096,1.0535,,6309482.3501,
002572.SZ,20260327,1.1911,1.4166,,1211513.3323,
688395.SH,20260327,1.3485,3.3696,,224634.4857,
600963.SH,20260327,1.8006,3.1929,,852420.4092,
600599.SH,20260327,5.0199,12.5438,,107734.0,
688720.SH,20260327,3.6748,3.6748,,566697.3376,
600284.SH,20260327,1.4015,2.2246,,669476.64,
000651.SZ,20260327,0.348,0.4627,,21218124.9469,
300931.SZ,20260327,3.1325,4.4169,,303784.69,
002809.SZ,20260327,8.314,10.8999,,240180.0888,
688103.SH,20260327,1.7691,2.7301,,511463.2467,
600826.SH,20260327,0.6654,1.7919,,714938.6096,
002182.SZ,20260327,3.162,4.5429,,1538268.6987,
001209.SZ,20260327,3.7649,8.7735,,270279.1896,
601200.SH,20260327,1.1549,2.6548,,1184682.6209,
300866.SZ,20260327,2.9936,4.3025,,6080577.7787,
000729.SZ,20260327,0.9268,2.0258,,3669738.222,
000538.SZ,20260327,0.3251,0.7423,,9706388.5603,
002134.SZ,20260327,2.4906,3.5294,,497766.5213,
300727.SZ,20260327,1.468,2.9391,,549415.8736,
000993.SZ,20260327,19.127,38.6757,,745087.0173,
600315.SH,20260327,0.702,1.466,,1384113.2928,
301026.SZ,20260327,2.7952,3.1711,,440159.9578,
000810.SZ,20260327,1.4276,3.1328,,1274416.7015,
301078.SZ,20260327,1.2875,1.9024,,1043014.5634,
000066.SZ,20260327,2.6694,4.4582,,4861279.2256,
300930.SZ,20260327,4.3717,6.9836,,287500.0,
605060.SH,20260327,1.6501,4.6293,,1294866.144,
300903.SZ,20260327,6.9774,8.3807,,1454626.507,
002042.SZ,20260327,4.759,8.1919,,751701.1589,
002650.SZ,20260327,0.2157,0.3846,,718497.4018,
300289.SZ,20260327,1.4045,2.6214,,362855.6618,
600566.SH,20260327,0.9386,2.4301,,2361405.3384,
601886.SH,20260327,0.8363,2.5476,,964184.7531,
001234.SZ,20260327,1.6187,4.9182,,283381.483,
600529.SH,20260327,0.7673,0.9531,,1215741.055,
300729.SZ,20260327,0.7728,1.406,,423941.3694,
002984.SZ,20260327,1.6701,2.1557,,1777750.9944,
600372.SH,20260327,0.5528,1.2356,,6271210.0325,
301098.SZ,20260327,3.7083,3.9612,,155977.371,
603120.SH,20260327,4.6259,4.6259,,353916.0,
301469.SZ,20260327,2.5915,5.1824,,284009.52,
688012.SH,20260327,1.0432,1.4601,,19135626.7272,
600971.SH,20260327,2.0622,4.5787,,934803.8046,
002192.SZ,20260327,16.2561,21.9965,,2025310.5834,
688373.SH,20260327,1.8087,2.719,,402924.2253,
300736.SZ,20260327,9.5449,12.6546,,299110.4495,
688212.SH,20260327,0.963,1.3411,,498126.7598,
002022.SZ,20260327,1.9703,2.4218,,302951.8897,
300236.SZ,20260327,4.7926,6.4006,,2397994.4881,
300909.SZ,20260327,1.1021,1.6871,,661102.7257,
600622.SH,20260327,0.9617,1.6799,,385419.1483,
603588.SH,20260327,3.9293,4.7904,,2223922.3072,
002432.SZ,20260327,11.2331,17.1825,,3191593.8226,
688050.SH,20260327,1.0706,1.4701,,1007243.7354,
300592.SZ,20260327,1.1945,1.9955,,473507.2802,
600684.SH,20260327,2.7374,3.9729,,543082.473,
920378.BJ,20260327,0.585,0.9233,,134841.042,
002815.SZ,20260327,2.5822,3.1678,,1733982.6102,
688068.SH,20260327,5.773,8.2844,,1224950.0112,
002862.SZ,20260327,1.8108,2.187,,271488.0,
300408.SZ,20260327,0.8559,1.3214,,10510071.5826,
600819.SH,20260327,0.5294,1.4157,,719869.9628,
300580.SZ,20260327,1.1429,2.6682,,1078486.97,
603086.SH,20260327,2.455,3.7387,,323935.7915,
300103.SZ,20260327,2.1826,2.9017,,221685.498,
603982.SH,20260327,1.35,2.2595,,284800.6161,
603022.SH,20260327,1.8903,3.1647,,209800.0,
300009.SZ,20260327,1.8817,2.1229,,1545971.6549,
603079.SH,20260327,1.5,2.8301,,321728.42,
000595.SZ,20260327,1.3608,2.5559,,733294.6997,
300856.SZ,20260327,0.6536,1.6485,,592230.5926,
603283.SH,20260327,2.4113,3.8816,,1168760.0822,
603381.SH,20260327,8.1267,11.1782,,596936.9162,
002340.SZ,20260327,3.6012,3.9369,,4143906.8077,
688330.SH,20260327,1.3213,2.5748,,680540.0,
002927.SZ,20260327,4.3452,8.9302,,400853.1553,
301392.SZ,20260327,6.1559,6.1559,,1158000.0,
002014.SZ,20260327,0.4723,1.1164,,736215.2229,
300902.SZ,20260327,1.7133,2.6109,,321610.1598,
001213.SZ,20260327,0.6411,3.7272,,1822222.222,
002851.SZ,20260327,2.027,2.3362,,5887641.0465,
300447.SZ,20260327,2.9513,3.7736,,560284.8128,
002761.SZ,20260327,2.0854,3.6668,,1085069.521,
600072.SH,20260327,1.7471,2.4284,,1923832.9269,
002343.SZ,20260327,1.3247,1.8116,,298892.2605,
002334.SZ,20260327,2.2165,2.2699,,684520.1792,
600745.SH,20260327,1.5657,2.1793,,4057564.3497,
000777.SZ,20260327,1.8838,2.5894,,869591.1009,
920651.BJ,20260327,5.4443,5.4443,,180682.0,
600740.SH,20260327,3.3371,7.7516,,1211883.3058,
000811.SZ,20260327,1.9845,3.1468,,1796385.1529,
603500.SH,20260327,1.1022,2.3465,,363074.1584,
600354.SH,20260327,12.2554,17.1543,,359433.2165,
605006.SH,20260327,1.5649,4.8535,,525015.645,
300512.SZ,20260327,0.8909,2.4101,,368722.8749,
300191.SZ,20260327,10.0107,12.9349,,1264640.0,
300807.SZ,20260327,2.7159,4.1267,,346321.4978,
300582.SZ,20260327,2.4451,2.7022,,409592.0615,
600895.SH,20260327,0.8835,1.724,,5406475.2191,
605566.SH,20260327,1.332,3.0384,,363351.5,
300219.SZ,20260327,3.3558,5.2184,,517506.7029,
002338.SZ,20260327,0.8003,1.3657,,1151520.0,
300665.SZ,20260327,3.906,4.8095,,165741.9176,
002196.SZ,20260327,3.9598,4.5145,,679840.416,
000090.SZ,20260327,1.1123,1.8409,,672676.3562,
600429.SH,20260327,1.4383,5.0347,,884730.4593,
300077.SZ,20260327,4.9072,4.9072,,1410503.536,
301509.SZ,20260327,28.2724,28.2724,,507080.4765,
300105.SZ,20260327,1.4405,2.4746,,367775.6815,
603239.SH,20260327,0.6035,1.4382,,577445.76,
603906.SH,20260327,13.4479,23.2462,,1535261.8216,
002765.SZ,20260327,1.2172,1.6101,,660605.7552,
603929.SH,20260327,2.6179,6.5772,,3949506.96,
300374.SZ,20260327,1.635,3.1458,,348703.6939,
603350.SH,20260327,1.5232,2.0944,,402836.252,
300835.SZ,20260327,4.3083,4.9553,,915821.1072,
920575.BJ,20260327,1.6748,1.6754,,219133.2,
300124.SZ,20260327,0.7143,0.8865,,18555344.9066,
603700.SH,20260327,1.4792,2.1269,,266949.1819,
002960.SZ,20260327,2.036,3.641,,1045212.9364,
920802.BJ,20260327,1.475,1.5447,,113581.4817,
300594.SZ,20260327,3.4697,5.647,,263676.8015,
002734.SZ,20260327,4.3569,5.2413,,842236.1345,
002729.SZ,20260327,4.6845,6.9553,,360999.6522,
000045.SZ,20260327,7.9656,16.3284,,729897.9844,
688622.SH,20260327,4.195,9.0171,,639333.672,
000899.SZ,20260327,8.8642,30.5621,,1422538.1741,
600719.SH,20260327,12.3643,18.4281,,293739.3096,
688656.SH,20260327,0.6216,1.9109,,794639.3853,
603693.SH,20260327,4.4693,28.0571,,1457563.0638,
600857.SH,20260327,0.7256,1.1888,,273445.9813,
301448.SZ,20260327,2.6954,3.2148,,402919.2,
301000.SZ,20260327,0.9103,2.2507,,711144.7988,
301061.SZ,20260327,0.4251,1.1074,,1630035.9049,
300601.SZ,20260327,1.4279,2.0654,,1554766.219,
301222.SZ,20260327,2.5691,6.8382,,336310.568,
600930.SH,20260327,18.1946,18.1946,,28282285.7141,
300891.SZ,20260327,3.2726,5.5898,,355607.3378,
601616.SH,20260327,3.8818,5.4311,,429398.6855,
301022.SZ,20260327,2.6731,3.0937,,283430.275,
003039.SZ,20260327,0.6125,2.9151,,938010.9509,
002553.SZ,20260327,1.7522,2.0588,,828745.6035,
920284.BJ,20260327,5.6064,7.2446,,314671.2919,
603286.SH,20260327,2.1398,3.3513,,675613.5829,
600764.SH,20260327,0.5174,1.3858,,1702668.0089,
300632.SZ,20260327,3.1773,3.5162,,426033.5415,
002093.SZ,20260327,0.7146,1.509,,956117.5,
300198.SZ,20260327,1.6533,2.077,,286770.4941,
003019.SZ,20260327,1.1524,1.6678,,539880.4212,
300183.SZ,20260327,1.2474,2.1928,,648578.0101,
601928.SH,20260327,0.272,1.0,,2460918.3,
002269.SZ,20260327,1.9974,3.1049,,424612.5,
603887.SH,20260327,2.8451,3.3553,,954818.6617,
300591.SZ,20260327,2.0328,2.227,,290868.0981,
300057.SZ,20260327,15.109,16.9791,,593407.4481,
002769.SZ,20260327,3.0563,4.0709,,412516.4497,
600609.SH,20260327,0.8103,1.1348,,536173.5673,
920717.BJ,20260327,2.0268,2.4737,,101491.8,
600075.SH,20260327,2.2492,3.9583,,1246375.5631,
002377.SZ,20260327,2.2957,2.8741,,314299.5439,
002911.SZ,20260327,0.7054,4.7104,,1885268.4031,
300349.SZ,20260327,1.8713,2.6441,,576171.5853,
300482.SZ,20260327,0.9381,1.4902,,869701.7609,
002557.SZ,20260327,0.5133,0.8952,,1072918.8516,
603406.SH,20260327,3.6563,3.6563,,1403635.09,
300053.SZ,20260327,3.5266,4.2507,,1160295.7478,
001258.SZ,20260327,7.9636,20.4347,,973466.6674,
603628.SH,20260327,10.765,19.5974,,446524.4776,
600459.SH,20260327,2.7647,4.5028,,1473266.0173,
301526.SZ,20260327,4.4822,5.8665,,4147965.8528,
000998.SZ,20260327,2.3314,2.8219,,1459161.9246,
300135.SZ,20260327,3.4381,5.1864,,375091.2,
600410.SH,20260327,8.4084,8.4084,,2719306.8138,
600654.SH,20260327,1.7696,2.7387,,961103.9816,
601566.SH,20260327,0.7367,2.5786,,609115.379,
688023.SH,20260327,2.8119,3.7532,,486631.5941,
603496.SH,20260327,2.6445,3.5785,,905551.7392,
300177.SZ,20260327,1.3358,1.4453,,607241.9579,
603966.SH,20260327,2.9353,4.5828,,481594.5511,
002739.SZ,20260327,1.3533,1.9338,,2006189.7726,
300572.SZ,20260327,2.4052,2.6149,,627658.3337,
002125.SZ,20260327,4.4362,7.6787,,862396.9749,
003017.SZ,20260327,2.2254,2.6883,,258216.0,
600748.SH,20260327,1.9902,4.7239,,990530.273,
000965.SZ,20260327,10.9606,22.5753,,430614.3873,
300838.SZ,20260327,2.2341,3.4594,,209726.56,
603275.SH,20260327,2.2812,2.2812,,648496.4985,
600323.SH,20260327,0.7192,1.3274,,2535729.6241,
002088.SZ,20260327,0.4227,1.1911,,514661.9538,
600103.SH,20260327,1.7629,2.4263,,782048.5347,
920663.BJ,20260327,1.0563,1.6439,,193784.692,
600192.SH,20260327,2.0348,3.3648,,389621.736,
300815.SZ,20260327,0.7199,1.2814,,828274.176,
600363.SH,20260327,1.1445,1.4306,,2281946.4455,
600743.SH,20260327,0.6305,1.3838,,455143.5696,
688339.SH,20260327,1.8209,2.2374,,648955.5545,
002561.SZ,20260327,0.8853,1.3937,,336352.267,
002590.SZ,20260327,1.132,2.1541,,635320.2318,
688275.SH,20260327,10.4184,11.9818,,1487567.2711,
000513.SZ,20260327,1.3034,2.2445,,3025099.7316,
603136.SH,20260327,1.6283,3.0408,,310915.8432,
688117.SH,20260327,3.1453,4.7186,,531649.8337,
600938.SH,20260327,1.7847,2.2927,,195205521.0123,
605168.SH,20260327,2.0608,4.4687,,736594.5491,
920971.BJ,20260327,1.0575,2.0539,,262825.093,
002202.SZ,20260327,4.3657,6.4825,,11594299.836,
600052.SH,20260327,0.93,1.5228,,346119.8438,
601577.SH,20260327,0.4435,0.7592,,3824497.6201,
301035.SZ,20260327,0.6121,1.8829,,2158567.2481,
600125.SH,20260327,2.9419,4.2032,,894282.4837,
002535.SZ,20260327,3.3838,5.2113,,291010.9559,
002242.SZ,20260327,2.3005,7.0873,,730207.269,
603217.SH,20260327,3.8925,10.3282,,526253.5404,
600308.SH,20260327,1.0465,1.7379,,579444.4072,
605188.SH,20260327,0.5695,3.2561,,846474.0725,
920005.BJ,20260327,2.5847,2.5847,,293820.0,
000656.SZ,20260327,1.5688,2.593,,1446235.102,
002931.SZ,20260327,3.9389,7.6554,,1491520.9731,
600391.SH,20260327,3.9777,6.2169,,1325469.4085,
300065.SZ,20260327,5.194,5.3702,,1628513.8841,
600698.SH,20260327,10.9103,20.9547,,939332.5664,
002836.SZ,20260327,2.0618,5.257,,331315.2,
300673.SZ,20260327,1.8216,2.3738,,369227.6415,
603009.SH,20260327,1.3018,2.1619,,1566721.1332,
600662.SH,20260327,0.4939,1.7426,,1148579.0596,
920069.BJ,20260327,65.5272,65.5272,,230070.072,
002562.SZ,20260327,4.7277,5.2925,,702835.479,
300459.SZ,20260327,1.5065,1.5431,,1469608.9725,
002180.SZ,20260327,0.5422,0.7836,,2414350.4113,
300833.SZ,20260327,1.5697,3.3791,,418430.574,
600218.SH,20260327,1.1924,1.8153,,412948.7232,
601106.SH,20260327,0.6375,1.5888,,2928273.3098,
002598.SZ,20260327,1.7836,2.777,,289267.7034,
688197.SH,20260327,4.7034,5.3983,,577328.4895,
688478.SH,20260327,1.387,2.1265,,404305.7325,
600785.SH,20260327,1.9432,3.3574,,395306.0026,
603123.SH,20260327,2.6393,5.3063,,892188.8548,
300578.SZ,20260327,2.6977,3.7101,,403280.6512,
002495.SZ,20260327,3.6046,4.3745,,248876.4096,
688776.SH,20260327,1.3145,3.1164,,931121.9526,
603023.SH,20260327,1.7049,3.2939,,276268.1165,
002327.SZ,20260327,0.7831,1.0193,,570845.2121,
688305.SH,20260327,0.9448,1.7028,,754511.211,
001872.SZ,20260327,0.1219,1.3649,,5556734.4934,
000877.SZ,20260327,0.1445,0.7659,,3526803.8802,
600664.SH,20260327,1.3099,2.4522,,858811.8677,
603085.SH,20260327,0.8847,1.5734,,417352.1,
002978.SZ,20260327,1.0486,2.7798,,1552374.9719,
688098.SH,20260327,0.7545,1.3315,,353153.84,
300432.SZ,20260327,6.4015,10.6616,,4284659.1665,
301221.SZ,20260327,1.8307,2.6249,,447921.4428,
002246.SZ,20260327,7.6386,14.2958,,1400038.7247,
000952.SZ,20260327,2.3098,3.0989,,250700.4951,
603215.SH,20260327,1.5558,4.1008,,370428.855,
301130.SZ,20260327,2.4109,2.9583,,237439.5022,
920344.BJ,20260327,0.3856,1.0038,,242523.71,
002832.SZ,20260327,1.9857,2.4491,,990747.4978,
605499.SH,20260327,0.4648,1.3798,,12707295.75,
600630.SH,20260327,0.8969,1.2828,,338189.8312,
688646.SH,20260327,2.7793,2.7938,,477592.7478,
600807.SH,20260327,2.0802,2.6471,,280429.2097,
601328.SH,20260327,0.5109,0.58,,60794283.5454,
688712.SH,20260327,14.5425,14.5425,,1647150.0,
600559.SH,20260327,0.6039,0.8083,,1234909.0494,
300420.SZ,20260327,1.2428,1.4622,,408596.3833,
300639.SZ,20260327,2.7136,4.5412,,413760.4314,
688382.SH,20260327,4.8136,6.6167,,1156118.6335,
301258.SZ,20260327,1.2408,3.2633,,291510.6,
688100.SH,20260327,0.5312,1.8503,,1824151.9993,
600596.SH,20260327,1.4873,2.1282,,1483207.1569,
300961.SZ,20260327,4.2699,5.427,,227095.68,
603296.SH,20260327,2.2718,2.605,,8601221.489,
301502.SZ,20260327,3.1115,4.1929,,250196.9805,
003018.SZ,20260327,14.7663,19.1777,,722280.0,
301601.SZ,20260327,1.386,1.6708,,326194.56,
603556.SH,20260327,0.7286,2.2323,,1672748.7448,
002727.SZ,20260327,1.335,1.6805,,736689.9893,
002959.SZ,20260327,1.2125,1.5095,,720418.3722,
688435.SH,20260327,2.6349,2.9817,,358215.0,
001270.SZ,20260327,3.0948,5.8641,,2139472.6724,
002159.SZ,20260327,3.0073,4.3821,,340063.9414,
688127.SH,20260327,3.292,6.6342,,2351365.3761,
603192.SH,20260327,0.6601,2.1958,,391793.227,
603893.SH,20260327,1.0816,2.2656,,6391412.9055,
688257.SH,20260327,2.7302,3.7074,,1651256.4332,
300340.SZ,20260327,3.1194,4.4338,,312984.7162,
000880.SZ,20260327,4.7284,4.7284,,1245897.9842,
605286.SH,20260327,2.3198,8.4357,,788256.0,
603291.SH,20260327,1.2303,5.5383,,515482.6957,
000779.SZ,20260327,1.5993,2.9292,,422065.1424,
301024.SZ,20260327,1.8073,6.3941,,215553.15,
300063.SZ,20260327,5.4989,6.1034,,865479.4782,
002864.SZ,20260327,3.7778,4.3314,,352002.5395,
300055.SZ,20260327,6.0839,6.815,,940506.5571,
603983.SH,20260327,0.4381,2.2814,,1069066.0,
688517.SH,20260327,3.386,5.6693,,261341.021,
300494.SZ,20260327,1.7416,1.8832,,557709.9564,
300010.SZ,20260327,1.3569,1.3778,,1277166.6233,
688286.SH,20260327,1.7378,2.1499,,373582.3206,
603179.SH,20260327,2.4792,3.8371,,3377649.4736,
002414.SZ,20260327,0.7607,1.5979,,5539144.7321,
002021.SZ,20260327,2.8265,3.5192,,368207.0155,
002755.SZ,20260327,2.8554,9.433,,1428438.7802,
300278.SZ,20260327,1.2613,1.7985,,658871.1127,
688069.SH,20260327,2.3121,4.4062,,323406.0,
688695.SH,20260327,2.8876,3.6018,,206504.7458,
688601.SH,20260327,5.5439,8.8374,,725149.2048,
600697.SH,20260327,2.1131,2.8224,,191701.1304,
300179.SZ,20260327,6.0845,7.8103,,1028277.5598,
301207.SZ,20260327,0.8381,3.5538,,1152169.7175,
002629.SZ,20260327,5.2275,6.4718,,278668.092,
688557.SH,20260327,0.7891,1.4552,,324878.381,
002545.SZ,20260327,1.182,2.6215,,2812824.3697,
688629.SH,20260327,9.9223,9.9223,,5028970.7934,
002992.SZ,20260327,0.7334,1.3384,,898917.116,
000422.SZ,20260327,7.0687,10.6517,,1879405.0075,
300466.SZ,20260327,1.1419,1.8765,,461626.7807,
600173.SH,20260327,1.9231,4.8014,,558303.4765,
688484.SH,20260327,0.9912,0.9912,,1520342.5694,
300892.SZ,20260327,1.9336,3.2318,,274300.0,
603321.SH,20260327,1.3282,2.9782,,253642.644,
600303.SH,20260327,2.9078,3.4596,,217386.1391,
301525.SZ,20260327,1.537,1.7238,,690739.3888,
000410.SZ,20260327,0.8542,1.2211,,1743090.0399,
300234.SZ,20260327,3.3291,3.9257,,316997.7867,
603400.SH,20260327,3.6454,3.6454,,662700.0,
300599.SZ,20260327,3.2144,3.6732,,336643.673,
000554.SZ,20260327,10.0271,10.0271,,409635.9069,
002038.SZ,20260327,6.8165,9.1584,,679078.35,
002122.SZ,20260327,1.696,2.5442,,588441.1691,
000158.SZ,20260327,1.2315,1.8717,,2770402.7775,
300223.SZ,20260327,5.2808,6.3698,,5362475.0547,
301183.SZ,20260327,12.7856,16.0984,,1279539.9967,
600177.SH,20260327,0.5564,1.3065,,3527686.1712,
002160.SZ,20260327,2.0916,3.5512,,515357.8023,
301439.SZ,20260327,2.1906,3.5181,,625675.7089,
002817.SZ,20260327,2.6592,4.4417,,240774.0269,
603876.SH,20260327,4.1253,7.5255,,2033236.662,
603611.SH,20260327,1.4076,2.1829,,535036.8429,
688053.SH,20260327,0.9206,2.1273,,369900.0,
601229.SH,20260327,0.3179,0.4914,,13910620.8585,
603160.SH,20260327,0.7676,1.3801,,3154047.3606,
600169.SH,20260327,0.4375,0.9012,,803304.7608,
002692.SZ,20260327,10.6343,14.9126,,424424.286,
000688.SZ,20260327,4.0178,11.8806,,5029427.3443,
688066.SH,20260327,2.5813,3.6331,,519942.7643,
688628.SH,20260327,1.0768,2.2386,,481494.7691,
603696.SH,20260327,1.6426,4.0759,,383611.2,
300429.SZ,20260327,2.6563,2.9974,,675207.2736,
301556.SZ,20260327,3.1833,3.7485,,695884.8,
688818.SH,20260327,15.7333,15.7333,,10402437.1772,
000425.SZ,20260327,0.735,0.8086,,12124571.4561,
600325.SH,20260327,0.875,1.2172,,999031.2181,
605376.SH,20260327,1.7476,2.7743,,2384745.6,
600996.SH,20260327,1.2964,2.4473,,1249293.4537,
600132.SH,20260327,0.7267,1.8167,,2753796.1166,
002096.SZ,20260327,0.4414,1.1869,,1589004.6264,
600845.SH,20260327,1.1301,3.4595,,6344421.1524,
000153.SZ,20260327,1.9131,2.6938,,298792.7906,
002086.SZ,20260327,3.2892,3.2892,,421173.4975,
300020.SZ,20260327,1.2327,1.3241,,336148.783,
605567.SH,20260327,1.9262,3.117,,217800.0,
000506.SZ,20260327,2.862,4.2716,,1526376.1813,
603527.SH,20260327,4.7848,7.752,,352788.9456,
688655.SH,20260327,5.5232,10.0151,,339610.94,
600988.SH,20260327,4.2663,4.9921,,7563636.4884,
002548.SZ,20260327,4.0592,5.8969,,459636.3802,
301131.SZ,20260327,2.983,3.4246,,228598.2948,
000605.SZ,20260327,1.5968,2.7129,,249329.6302,
000913.SZ,20260327,0.7808,1.4814,,750922.331,
601233.SH,20260327,1.6252,2.7468,,4294097.6895,
920357.BJ,20260327,1.368,2.3241,,172892.72,
000967.SZ,20260327,1.4109,4.2657,,2853416.4566,
600062.SH,20260327,1.0824,2.746,,1920339.0628,
601111.SH,20260327,0.735,2.2877,,12021962.069,
601216.SH,20260327,1.2124,3.2276,,4683099.6515,
002175.SZ,20260327,2.5006,3.095,,411123.3941,
920689.BJ,20260327,1.4817,1.8625,,210364.4,
000532.SZ,20260327,1.1946,2.258,,463632.7173,
002326.SZ,20260327,8.0304,10.0887,,2147221.2432,
002808.SZ,20260327,4.9709,5.603,,126336.0,
603903.SH,20260327,1.5165,2.7531,,291064.2072,
300086.SZ,20260327,4.0792,5.7599,,381849.3808,
600298.SH,20260327,0.7441,1.2116,,3563715.1231,
600509.SH,20260327,3.3067,5.0433,,1242455.2559,
920020.BJ,20260327,0.6722,0.6722,,345290.575,
002224.SZ,20260327,3.0939,3.8211,,431211.6029,
002613.SZ,20260327,1.5498,2.0396,,422618.3777,
300711.SZ,20260327,1.5817,4.7257,,614703.885,
003007.SZ,20260327,2.442,4.7144,,416138.34,
603337.SH,20260327,0.2433,0.7076,,1860864.065,
300243.SZ,20260327,11.9355,13.0645,,345947.137,
688106.SH,20260327,11.2221,20.668,,1446415.2488,
920300.BJ,20260327,1.5115,1.8772,,101299.6087,
001379.SZ,20260327,2.5338,2.5892,,424000.0,
000426.SZ,20260327,3.0268,4.1654,,7116748.0419,
688235.SH,20260327,5.3295,5.3295,,35874217.457,
002085.SZ,20260327,0.8385,1.3872,,2978986.4206,
600600.SH,20260327,0.7076,1.6506,,8522126.9209,
000568.SZ,20260327,0.5198,1.0594,,15275813.692,
605388.SH,20260327,3.3392,10.1975,,423341.22,
605255.SH,20260327,1.063,4.2521,,1383035.2,
603618.SH,20260327,12.2092,26.0149,,1678659.9956,
600790.SH,20260327,0.523,0.868,,540876.8524,
603817.SH,20260327,8.2149,15.9139,,449796.3068,
002620.SZ,20260327,9.4242,13.3566,,328042.286,
603228.SH,20260327,1.6915,3.9693,,5573053.8979,
600100.SH,20260327,0.9259,1.3548,,2676887.8727,
600162.SH,20260327,1.1358,3.5351,,598124.1763,
920195.BJ,20260327,0.7206,1.303,,184394.43,
002889.SZ,20260327,0.7147,1.6101,,497010.3932,
000012.SZ,20260327,0.8595,1.416,,1381280.8402,
002112.SZ,20260327,8.6226,11.8113,,660912.9907,
600187.SH,20260327,1.6481,2.0943,,316301.0962,
002759.SZ,20260327,17.0881,20.9524,,1809489.8214,
000716.SZ,20260327,1.1972,1.8692,,397522.7784,
603519.SH,20260327,1.1314,2.3785,,355015.0094,
300925.SZ,20260327,1.3679,1.5697,,759672.2505,
300153.SZ,20260327,4.2107,6.6866,,836160.0,
688035.SH,20260327,3.2716,7.6599,,807212.0,
301025.SZ,20260327,1.8586,4.5808,,419524.2512,
002083.SZ,20260327,9.6343,15.9675,,1132180.2584,
301311.SZ,20260327,0.732,2.0137,,393600.0,
600335.SH,20260327,0.7554,2.4135,,882515.3283,
301293.SZ,20260327,4.5815,5.64,,1388764.2664,
300537.SZ,20260327,2.1097,2.3995,,447199.6332,
300658.SZ,20260327,13.3138,19.0601,,823923.924,
002733.SZ,20260327,7.1294,11.3782,,1036227.6204,
688071.SH,20260327,1.3457,1.8448,,262169.8266,
601665.SH,20260327,0.906,1.4813,,3526151.7668,
300523.SZ,20260327,0.8225,1.716,,500403.5593,
603197.SH,20260327,0.594,0.8432,,685848.0992,
000977.SZ,20260327,1.7654,2.6173,,8427587.523,
300795.SZ,20260327,5.1732,6.7816,,380790.7904,
600196.SH,20260327,1.0735,1.8511,,6977831.8262,
002329.SZ,20260327,9.4377,10.2894,,345447.6538,
600757.SH,20260327,0.5455,1.2487,,1055875.7375,
301598.SZ,20260327,2.5736,2.5736,,348494.8685,
002949.SZ,20260327,1.8695,3.2453,,267795.9182,
601816.SH,20260327,0.274,0.5459,,24707468.0819,
688329.SH,20260327,2.0486,3.3675,,190375.2,
603050.SH,20260327,1.1171,2.9395,,874799.3296,
603311.SH,20260327,1.7584,3.6168,,387557.2592,
603355.SH,20260327,0.2494,1.3012,,1609522.9369,
000615.SZ,20260327,1.5274,1.8762,,597022.5595,
002420.SZ,20260327,1.6899,2.2861,,299830.41,
601388.SH,20260327,2.0606,3.8447,,788037.6965,
600449.SH,20260327,1.3968,2.7408,,622591.7167,
920526.BJ,20260327,2.5683,5.2872,,161926.6,
301365.SZ,20260327,5.4299,11.8769,,504000.0,
600608.SH,20260327,0.7516,0.9272,,98329.5709,
688102.SH,20260327,1.6151,3.543,,2727588.595,
300081.SZ,20260327,1.919,2.1443,,284858.6414,
603051.SH,20260327,2.0461,3.2226,,345247.8659,
000966.SZ,20260327,7.6623,18.3144,,1918050.2938,
600101.SH,20260327,8.6254,12.5779,,599909.4057,
605296.SH,20260327,1.0961,8.9032,,1490855.7115,
002144.SZ,20260327,2.3594,2.5573,,257189.4782,
300485.SZ,20260327,3.1094,4.0358,,520199.712,
688181.SH,20260327,1.6598,2.0868,,423347.9068,
301609.SZ,20260327,23.1534,23.1534,,919620.48,
301345.SZ,20260327,2.321,2.798,,2356114.228,
600461.SH,20260327,0.62,1.1307,,1285439.5374,
603117.SH,20260327,1.5193,2.158,,296602.8823,
600405.SH,20260327,2.5633,2.8539,,360956.6273,
920906.BJ,20260327,1.0691,1.5948,,151315.13,
601956.SH,20260327,0.798,1.5104,,402185.9337,
300389.SZ,20260327,5.7689,11.0884,,728973.1261,
301123.SZ,20260327,1.3002,1.9627,,1206518.88,
000663.SZ,20260327,2.0535,2.922,,232985.2789,
605588.SH,20260327,2.3159,7.0301,,392903.1291,
688248.SH,20260327,0.8296,2.8414,,3565515.8,
601113.SH,20260327,0.8747,1.166,,475889.6094,
000793.SZ,20260327,0.685,0.8851,,525275.5552,
688429.SH,20260327,6.9623,9.5468,,639201.2784,
300444.SZ,20260327,5.7272,6.2726,,1100505.374,
000709.SZ,20260327,0.9154,2.5991,,2429223.4566,
002391.SZ,20260327,2.0962,2.3522,,405345.7512,
003028.SZ,20260327,1.4902,2.7597,,392022.099,
001376.SZ,20260327,8.6225,8.6225,,773390.2,
600356.SH,20260327,1.2781,1.8242,,285049.076,
000783.SZ,20260327,0.6282,1.0932,,3821280.4071,
301396.SZ,20260327,15.7432,15.9213,,2463496.0767,
600193.SH,20260327,1.4213,1.6673,,179082.033,
600690.SH,20260327,2.0453,3.5372,,20846470.712,
002029.SZ,20260327,2.3789,4.0266,,730404.3843,
301197.SZ,20260327,1.662,2.3,,256268.04,
300821.SZ,20260327,1.4662,3.0651,,1371600.0,
920425.BJ,20260327,1.2079,1.8039,,135205.0605,
300457.SZ,20260327,2.6483,4.5044,,1631013.594,
920339.BJ,20260327,1.2728,3.5158,,180567.116,
688291.SH,20260327,1.7457,5.3237,,404301.4646,
920809.BJ,20260327,6.2897,6.2897,,456476.1,
000960.SZ,20260327,3.0951,5.5063,,5347653.844,
300651.SZ,20260327,22.9961,29.5102,,403859.7077,
601872.SH,20260327,1.9034,6.0482,,13807460.8384,
002526.SZ,20260327,6.5643,8.3308,,652502.544,
300442.SZ,20260327,1.655,4.0756,,13638597.1167,
688278.SH,20260327,0.5767,1.4632,,2772014.7587,
000686.SZ,20260327,0.4984,0.8684,,1884064.5966,
920414.BJ,20260327,9.0481,10.3117,,101120.6808,
000893.SZ,20260327,2.4888,3.6942,,5967522.5656,
000036.SZ,20260327,8.49,12.1079,,731389.5557,
600208.SH,20260327,0.6566,1.5207,,2697334.2336,
600872.SH,20260327,2.0157,2.6213,,1468268.404,
601008.SH,20260327,0.7621,1.8481,,617837.727,
603383.SH,20260327,1.0646,1.8281,,596626.1664,
300565.SZ,20260327,10.6876,11.0341,,342345.0231,
920375.BJ,20260327,10.884,12.6868,,162980.775,
688277.SH,20260327,1.8021,2.5513,,1024614.1004,
600615.SH,20260327,1.2202,1.744,,260145.1753,
002482.SZ,20260327,1.3843,2.9552,,641414.5641,
300541.SZ,20260327,1.9247,1.9247,,593031.3545,
688663.SH,20260327,1.6561,2.6641,,862995.06,
600141.SH,20260327,2.3386,3.5028,,4052266.7978,
600418.SH,20260327,0.919,1.2805,,10204664.6888,
000030.SZ,20260327,0.4885,1.7622,,863345.0442,
600557.SH,20260327,0.9889,1.701,,761483.5941,
920075.BJ,20260327,1.2431,1.7411,,133454.085,
000520.SZ,20260327,1.2098,1.646,,426087.1346,
002884.SZ,20260327,0.8641,1.2692,,652055.2139,
601012.SH,20260327,2.7393,3.4771,,14034574.9706,
300472.SZ,20260327,1.2635,1.4845,,223510.0003,
605069.SH,20260327,1.1114,2.878,,255519.218,
603678.SH,20260327,1.0429,1.7475,,1641656.0102,
300136.SZ,20260327,9.1112,9.6635,,6054076.968,
300449.SZ,20260327,1.7298,2.2498,,281806.272,
600383.SH,20260327,1.0399,1.6673,,1250539.6494,
002636.SZ,20260327,3.8337,11.2124,,2275728.0,
300303.SZ,20260327,4.7083,5.2066,,1277958.5854,
000863.SZ,20260327,1.4225,2.6694,,613963.7712,
301589.SZ,20260327,0.915,0.9807,,1522618.56,
600683.SH,20260327,4.9685,11.2364,,765223.2577,
603859.SH,20260327,1.0997,1.5014,,910275.4477,
000728.SZ,20260327,0.5143,0.8765,,3307743.6414,
603375.SH,20260327,1.3321,2.1872,,354850.0012,
920642.BJ,20260327,1.1459,2.1186,,123263.9605,
688244.SH,20260327,0.867,2.0029,,281241.3099,
002738.SZ,20260327,7.2937,8.5455,,5268333.6859,
688009.SH,20260327,0.3492,1.5002,,5940888.459,
000420.SZ,20260327,5.416,6.8139,,1187633.4097,
920553.BJ,20260327,0.8752,1.4079,,125154.3907,
688690.SH,20260327,0.7837,1.3456,,996211.0253,
603284.SH,20260327,6.4262,6.4262,,340573.2368,
300995.SZ,20260327,2.2406,3.9644,,281134.6593,
688533.SH,20260327,0.5499,1.9904,,423356.7472,
301158.SZ,20260327,3.8614,7.0599,,378632.9442,
601118.SH,20260327,1.1732,3.2914,,2927128.6131,
603285.SH,20260327,4.5657,4.5657,,497280.0,
600962.SH,20260327,0.9459,1.7063,,517864.75,
601985.SH,20260327,0.8924,2.1958,,18840289.8998,
600642.SH,20260327,0.5759,1.6578,,4507447.1053,
600295.SH,20260327,0.2731,1.1838,,4142188.8559,
600444.SH,20260327,1.4499,2.6203,,250381.5037,
605100.SH,20260327,1.4889,3.293,,699139.35,
301399.SZ,20260327,17.2646,20.4106,,415924.96,
600606.SH,20260327,0.3783,1.3637,,2136241.1837,
300320.SZ,20260327,2.2409,2.7089,,606645.2987,
003036.SZ,20260327,8.1839,26.0719,,532891.638,
301233.SZ,20260327,2.1618,2.971,,260952.9,
300313.SZ,20260327,0.9866,2.047,,179354.6875,
605118.SH,20260327,0.3327,2.5367,,1604179.2,
300890.SZ,20260327,8.4104,8.7869,,375778.8135,
002436.SZ,20260327,2.3294,2.411,,3518324.2754,
301290.SZ,20260327,1.3704,1.3707,,263055.1751,
002173.SZ,20260327,5.6105,6.9924,,1107623.7235,
300936.SZ,20260327,9.711,14.7413,,424880.0,
002268.SZ,20260327,1.0332,1.6267,,1424896.7999,
688507.SH,20260327,1.8918,1.8918,,766959.3039,
001316.SZ,20260327,3.637,11.6821,,550827.2847,
603838.SH,20260327,0.2222,0.6115,,266893.344,
002519.SZ,20260327,11.4133,17.2759,,931558.3526,
603529.SH,20260327,3.0641,10.1964,,2805030.1178,
000900.SZ,20260327,1.4278,2.6715,,628380.9303,
600958.SH,20260327,0.4186,0.6536,,7740443.861,
601156.SH,20260327,0.7652,1.201,,2738533.3341,
600770.SH,20260327,1.4594,2.6128,,726700.0,
600097.SH,20260327,1.7021,2.9768,,269126.1364,
688089.SH,20260327,0.6625,1.2316,,306995.8349,
603813.SH,20260327,1.201,3.4261,,294672.09,
300174.SZ,20260327,2.8889,3.741,,607867.0908,
688007.SH,20260327,1.1428,1.7235,,627834.9574,
002127.SZ,20260327,1.0794,1.2136,,687363.7128,
603333.SH,20260327,1.1744,2.1476,,487277.6274,
600821.SH,20260327,22.3992,29.6001,,2013241.5606,
600653.SH,20260327,0.9666,1.3152,,356187.598,
002344.SZ,20260327,0.6396,1.3606,,570764.5472,
301162.SZ,20260327,1.3112,1.4999,,915623.1979,
920077.BJ,20260327,2.2044,2.9358,,1043135.2252,
300283.SZ,20260327,3.7515,4.3686,,378697.4052,
688156.SH,20260327,2.3759,3.2861,,203341.883,
001369.SZ,20260327,18.9773,18.9773,,1901726.0,
002105.SZ,20260327,1.9934,3.9559,,236592.2997,
601728.SH,20260327,0.1405,0.7594,,52159069.0584,
002461.SZ,20260327,0.4375,2.7583,,2127008.6693,
300501.SZ,20260327,19.8501,19.8501,,345078.443,
002253.SZ,20260327,3.2599,4.0178,,266690.0443,
002360.SZ,20260327,4.1285,4.3972,,263965.6809,
300949.SZ,20260327,3.8129,7.6912,,236100.0,
301046.SZ,20260327,2.6509,4.5702,,434695.9923,
603988.SH,20260327,1.0085,2.1353,,572006.4,
688578.SH,20260327,1.3326,2.5909,,4356000.0,
001391.SZ,20260327,1.0701,1.1656,,6495124.8117,
300998.SZ,20260327,1.6657,2.5851,,307670.5829,
001218.SZ,20260327,1.544,1.9334,,319327.2718,
603619.SH,20260327,6.5445,8.1513,,1628356.0596,
002439.SZ,20260327,1.4867,1.6366,,1578454.4671,
603037.SH,20260327,2.2405,3.3931,,356335.7543,
300078.SZ,20260327,1.5112,1.8202,,447148.892,
002946.SZ,20260327,0.7591,3.4008,,1552661.6634,
001267.SZ,20260327,5.4826,8.6256,,3057431.2561,
300465.SZ,20260327,2.1661,2.9828,,669617.7797,
600689.SH,20260327,1.3795,2.0988,,261690.7286,
301550.SZ,20260327,6.0096,8.5951,,3538738.775,
603615.SH,20260327,2.332,4.9851,,453654.32,
300346.SZ,20260327,3.3903,3.8928,,3204894.5592,
600633.SH,20260327,1.3199,2.5781,,1554659.3027,
003038.SZ,20260327,2.3183,2.7995,,351409.2931,
301301.SZ,20260327,4.506,4.506,,2511075.71,
688292.SH,20260327,1.917,3.372,,374653.1851,
603912.SH,20260327,5.0734,8.8864,,498497.7064,
688276.SH,20260327,0.5112,1.5354,,740860.758,
002901.SZ,20260327,0.4345,1.7118,,1782353.9733,
002544.SZ,20260327,1.2099,1.8761,,1729917.1484,
603330.SH,20260327,1.2119,1.8689,,293352.734,
601375.SH,20260327,0.9058,1.1898,,1875725.4188,
301575.SZ,20260327,1.9545,1.9545,,392355.09,
688082.SH,20260327,0.6719,2.6139,,6865876.3179,
920015.BJ,20260327,2.0149,2.0149,,524371.868,
002462.SZ,20260327,1.0347,1.447,,417724.5958,
603659.SH,20260327,5.5235,11.8226,,7327848.8307,
300499.SZ,20260327,10.781,11.2298,,1092789.8591,
688026.SH,20260327,1.319,2.3692,,230197.5258,
301181.SZ,20260327,1.5879,3.7311,,438824.6155,
920679.BJ,20260327,0.656,1.3821,,97346.55,
300943.SZ,20260327,6.3307,7.6778,,569676.9,
688179.SH,20260327,2.3058,4.2116,,576886.4591,
300858.SZ,20260327,7.8133,9.5367,,479297.6196,
002605.SZ,20260327,1.21,1.9389,,857020.564,
300887.SZ,20260327,3.1894,4.9338,,544100.0014,
600076.SH,20260327,2.4942,4.0995,,496136.5024,
300277.SZ,20260327,4.7227,5.4473,,2917947.5679,
002204.SZ,20260327,0.9069,2.0346,,1272772.8511,
300366.SZ,20260327,1.2235,1.2945,,348748.7101,
601390.SH,20260327,0.6826,1.5497,,13355246.0636,
603225.SH,20260327,1.3137,2.8865,,2831609.5006,
300551.SZ,20260327,2.5485,3.1414,,492410.9909,
000890.SZ,20260327,15.7704,26.4576,,565491.3489,
920433.BJ,20260327,0.5087,0.9022,,131798.6357,
003015.SZ,20260327,2.0131,2.3224,,407265.6005,
600519.SH,20260327,0.2403,0.554,,177323966.9844,
300296.SZ,20260327,4.6403,4.9534,,2020423.0304,
601567.SH,20260327,1.3863,2.9153,,3976742.602,
605336.SH,20260327,1.7455,5.4621,,287040.4843,
002445.SZ,20260327,19.6617,31.2463,,1055213.7438,
002397.SZ,20260327,1.5105,2.296,,291634.7628,
688496.SH,20260327,3.3917,7.2316,,279000.0,
300083.SZ,20260327,2.8128,2.9742,,1290268.5065,
300854.SZ,20260327,9.0951,14.49,,282894.3563,
600560.SH,20260327,0.9573,1.7445,,322720.4565,
301180.SZ,20260327,7.847,17.9661,,812020.3,
000903.SZ,20260327,2.0733,3.1346,,503059.5466,
301235.SZ,20260327,6.9208,9.3426,,527567.5437,
002547.SZ,20260327,2.2142,3.0237,,382411.38,
601965.SH,20260327,0.5173,1.3826,,1755346.0523,
603729.SH,20260327,2.7255,3.8839,,160728.036,
000995.SZ,20260327,8.9256,13.1954,,254935.296,
603701.SH,20260327,1.473,2.8975,,602439.1818,
300864.SZ,20260327,0.6346,2.2392,,325296.007,
600403.SH,20260327,0.9374,6.0466,,1484694.5016,
601966.SH,20260327,0.4473,0.9837,,2054757.7669,
603444.SH,20260327,2.6398,4.4702,,2673445.2581,
000035.SZ,20260327,2.747,4.4368,,1724159.6592,
600197.SH,20260327,0.4301,0.7586,,565443.7868,
603580.SH,20260327,1.1657,3.5729,,216002.7996,
600516.SH,20260327,1.5902,2.5783,,2335062.8134,
300436.SZ,20260327,8.5923,13.6411,,1649687.586,
603557.SH,20260327,1.901,2.8267,,238776.3281,
603861.SH,20260327,3.3089,7.2704,,900519.573,
601222.SH,20260327,1.9878,3.2784,,1332929.4439,
920471.BJ,20260327,5.0664,8.4428,,106828.8,
301596.SZ,20260327,1.0554,1.2544,,501111.4582,
600261.SH,20260327,1.4574,2.7322,,495304.6504,
688182.SH,20260327,0.8474,2.8617,,1081200.0,
603315.SH,20260327,1.1647,2.6359,,451396.066,
688299.SH,20260327,2.0844,2.5825,,501787.9929,
300975.SZ,20260327,8.8796,11.4493,,1250350.1993,
300941.SZ,20260327,2.1316,2.5484,,411138.0,
920896.BJ,20260327,0.9757,1.684,,167526.1172,
600426.SH,20260327,1.2674,1.8675,,7709290.7697,
002942.SZ,20260327,1.8422,5.5274,,301273.3787,
002040.SZ,20260327,1.4179,4.349,,498193.8717,
688185.SH,20260327,2.3607,5.183,,1680391.9344,
300006.SZ,20260327,2.477,3.932,,535346.9809,
300694.SZ,20260327,1.9386,2.9269,,250499.2139,
002822.SZ,20260327,0.6215,0.6215,,626252.4462,
688165.SH,20260327,0.9083,1.8781,,884938.88,
600791.SH,20260327,7.2606,13.278,,442916.64,
301446.SZ,20260327,1.896,1.896,,388856.0,
920045.BJ,20260327,4.6231,6.3944,,2327842.727,
000544.SZ,20260327,0.5835,2.3557,,843102.0821,
000681.SZ,20260327,2.5472,3.5142,,1439686.631,
600210.SH,20260327,1.1028,1.5049,,1046547.949,
920363.BJ,20260327,3.1769,4.523,,153674.5,
600137.SH,20260327,5.7053,12.9072,,218642.3554,
300250.SZ,20260327,2.301,2.6103,,449087.6554,
600909.SH,20260327,0.8184,1.4349,,2823605.6142,
688610.SH,20260327,4.7352,8.2985,,591940.0,
603017.SH,20260327,11.7218,20.8889,,395780.6899,
300194.SZ,20260327,2.1206,2.2894,,486592.3642,
000639.SZ,20260327,11.1546,13.9468,,345416.9904,
300350.SZ,20260327,2.5172,2.6845,,309668.7657,
300152.SZ,20260327,4.1537,4.4125,,176774.4,
600302.SH,20260327,2.256,3.9421,,397219.255,
300448.SZ,20260327,7.3578,12.0973,,470179.3699,
002383.SZ,20260327,1.21,2.0986,,707044.0913,
603681.SH,20260327,5.0231,7.8929,,340591.7237,
300426.SZ,20260327,1.5348,2.0629,,340939.7872,
688045.SH,20260327,1.7421,3.5769,,296391.7038,
301217.SZ,20260327,4.6047,16.6684,,3141139.8962,
300419.SZ,20260327,1.5934,1.8747,,270666.7747,
301073.SZ,20260327,1.5372,3.7833,,529295.7472,
603991.SH,20260327,1.4875,2.0377,,1554126.7187,
000803.SZ,20260327,4.8377,7.0246,,418267.6492,
688105.SH,20260327,0.3636,1.1138,,772002.7499,
920101.BJ,20260327,0.8294,0.8294,,309879.0528,
601868.SH,20260327,3.0716,8.211,,12924260.7272,
600779.SH,20260327,0.4374,1.1909,,1600472.999,
301687.SZ,20260327,9.4424,9.4424,,819794.848,
601456.SH,20260327,0.3285,0.5114,,5175020.0463,
603301.SH,20260327,1.9167,4.1968,,2498322.3579,
002664.SZ,20260327,1.2446,2.549,,824972.2,
300377.SZ,20260327,3.7271,4.387,,1382596.6703,
301590.SZ,20260327,3.6028,3.6028,,723313.8016,
000517.SZ,20260327,0.8096,2.7412,,633600.5745,
002546.SZ,20260327,2.7433,4.4428,,772329.4629,
300899.SZ,20260327,2.2616,3.8165,,249712.2694,
301680.SZ,20260327,17.1084,17.1084,,910965.6,
600497.SH,20260327,3.0814,5.1837,,4007102.484,
002917.SZ,20260327,1.4586,2.1599,,446336.6289,
002641.SZ,20260327,0.7637,1.8585,,512532.1442,
600127.SH,20260327,4.3756,5.5623,,438337.9379,
601011.SH,20260327,6.3003,9.1691,,716458.5376,
300129.SZ,20260327,5.5158,5.807,,1383848.8498,
600185.SH,20260327,1.3152,2.3891,,1121578.448,
600738.SH,20260327,1.0753,2.2266,,366202.2485,
603999.SH,20260327,1.9174,4.5477,,393408.0,
600751.SH,20260327,1.3432,2.6501,,1139439.7487,
920270.BJ,20260327,1.0002,2.8746,,161945.568,
002622.SZ,20260327,2.5546,3.3529,,231840.0,
002916.SZ,20260327,1.1401,3.1804,,15883442.6622,
600576.SH,20260327,3.6144,5.3813,,648547.2906,
600775.SH,20260327,3.2654,4.9967,,1224543.6289,
688576.SH,20260327,1.319,1.3249,,314814.9151,
301040.SZ,20260327,12.3295,18.8758,,288702.9765,
605186.SH,20260327,1.4416,2.8981,,262208.0,
688603.SH,20260327,9.2285,9.254,,970606.2458,
688321.SH,20260327,2.69,3.8166,,1328823.744,
605368.SH,20260327,1.0316,2.4882,,595291.7172,
688359.SH,20260327,2.4528,4.0178,,768941.7495,
603058.SH,20260327,1.1274,2.3185,,492619.3672,
002922.SZ,20260327,3.7525,5.0524,,1594640.6752,
603786.SH,20260327,0.6622,3.1659,,2190922.5975,
301585.SZ,20260327,0.9789,0.9789,,288496.0,
920271.BJ,20260327,0.6898,1.1867,,180404.917,
003003.SZ,20260327,3.2072,3.9848,,232740.24,
300424.SZ,20260327,1.7095,2.0103,,409876.6554,
002533.SZ,20260327,1.6671,2.2262,,1038526.6027,
000761.SZ,20260327,0.3384,2.2362,,1331068.546,
300712.SZ,20260327,2.5833,4.5378,,574641.0512,
688692.SH,20260327,1.451,2.0516,,2372378.0,
000935.SZ,20260327,0.5675,1.5302,,1901729.8695,
002150.SZ,20260327,13.0052,25.4416,,1258349.5161,
301191.SZ,20260327,12.8644,20.3274,,917394.66,
000915.SZ,20260327,0.9052,1.3255,,741190.4871,
688439.SH,20260327,0.6457,1.6111,,1019000.0,
600243.SH,20260327,1.7274,1.9162,,135165.8,
300759.SZ,20260327,1.7923,2.7184,,4855940.6288,
601059.SH,20260327,0.2364,1.1087,,5328249.0,
600054.SH,20260327,1.4924,3.5349,,972992.173,
603579.SH,20260327,1.5264,3.009,,401501.5709,
002528.SZ,20260327,2.5408,5.4215,,433920.3797,
002271.SZ,20260327,1.4679,1.5312,,3661876.8946,
301152.SZ,20260327,12.7307,14.0147,,353963.9609,
688520.SH,20260327,1.4274,6.0023,,1846361.8702,
002823.SZ,20260327,1.4767,1.7691,,487627.8893,
301070.SZ,20260327,3.2714,3.8199,,617081.8758,
000545.SZ,20260327,10.4538,12.2622,,342431.0843,
301121.SZ,20260327,2.7173,3.3458,,354785.5446,
301056.SZ,20260327,3.2431,7.0995,,402047.5072,
600278.SH,20260327,0.6507,1.7123,,651320.9211,
601098.SH,20260327,0.2844,0.8055,,1941476.0,
000897.SZ,20260327,1.8813,2.3789,,342861.7136,
600567.SH,20260327,1.0052,1.3425,,983962.7157,
920475.BJ,20260327,0.9945,1.9655,,128447.26,
301280.SZ,20260327,2.1953,2.3361,,692654.629,
920023.BJ,20260327,1.258,1.405,,123393.608,
301139.SZ,20260327,2.6426,2.9657,,213617.4656,
301218.SZ,20260327,6.6538,8.1569,,394464.36,
688785.SH,20260327,5.1584,5.1584,,1990429.6272,
920866.BJ,20260327,1.3362,1.9488,,134794.0132,
002484.SZ,20260327,2.1065,3.2908,,2367008.1278,
688051.SH,20260327,1.0136,2.3923,,238498.056,
601138.SH,20260327,0.3951,2.4285,,98357643.7033,
300813.SZ,20260327,16.1233,25.2208,,365536.8445,
600238.SH,20260327,1.2681,1.5588,,227685.6,
601975.SH,20260327,5.8248,8.4133,,2082753.3817,
300618.SZ,20260327,5.0455,6.3708,,1337891.4331,
002671.SZ,20260327,1.5571,2.6281,,309774.4903,
000923.SZ,20260327,1.8304,2.908,,1199063.1014,
002427.SZ,20260327,2.0941,5.2557,,621808.0823,
601799.SH,20260327,0.9003,1.9697,,3540996.3985,
300357.SZ,20260327,4.1442,7.4884,,1335139.2,
002639.SZ,20260327,4.8571,5.1657,,1317286.7135,
688630.SH,20260327,3.2304,5.0258,,2441023.7268,
301591.SZ,20260327,5.5112,5.5112,,348677.4,
300391.SZ,20260327,8.9956,11.4088,,12612.1,
002947.SZ,20260327,4.7205,5.5649,,1339718.6179,
603015.SH,20260327,0.9763,1.9526,,497997.808,
301176.SZ,20260327,10.2288,10.2288,,443969.0675,
301059.SZ,20260327,1.6129,5.1286,,315756.364,
600768.SH,20260327,3.7244,5.9353,,228038.976,
300051.SZ,20260327,18.9871,23.6728,,449769.3872,
300719.SZ,20260327,2.3658,2.8346,,403966.9414,
300154.SZ,20260327,1.2301,2.6004,,360992.8264,
301308.SZ,20260327,4.3588,7.6987,,13413905.9798,
688549.SH,20260327,2.6223,3.0342,,1314775.64,
600228.SH,20260327,1.4314,2.0439,,227503.1451,
605598.SH,20260327,0.94,3.0452,,1117634.3046,
001201.SZ,20260327,1.6811,2.7718,,350586.2414,
600376.SH,20260327,4.1849,8.8394,,1338794.3606,
600463.SH,20260327,1.4109,3.4073,,301200.0,
002249.SZ,20260327,1.3673,1.5514,,2289114.2372,
300898.SZ,20260327,1.8178,3.0446,,293260.0,
603402.SH,20260327,6.23,6.23,,1072304.0092,
688726.SH,20260327,7.3109,7.3109,,2478569.6457,
300851.SZ,20260327,1.7849,2.2398,,246977.7894,
300690.SZ,20260327,11.1848,13.9557,,534573.0551,
601061.SH,20260327,3.2487,3.2487,,5723200.0,
301206.SZ,20260327,0.614,0.851,,521797.9803,
688085.SH,20260327,0.5149,0.8213,,619906.7838,
603726.SH,20260327,1.1656,2.599,,417529.5488,
920799.BJ,20260327,1.2209,1.8945,,739894.2364,
603066.SH,20260327,1.4546,3.066,,294768.4341,
301302.SZ,20260327,5.7801,9.5367,,432057.78,
300397.SZ,20260327,2.5997,2.8563,,603046.8079,
603297.SH,20260327,0.8708,2.7882,,1135991.808,
600133.SH,20260327,1.415,1.7065,,948953.4888,
300011.SZ,20260327,1.3842,1.8505,,467488.7588,
300872.SZ,20260327,2.5969,3.0422,,810280.9978,
301110.SZ,20260327,2.5125,3.5439,,524397.7321,
301036.SZ,20260327,1.6515,2.5003,,283900.0,
001219.SZ,20260327,1.5639,3.0037,,276486.9575,
301088.SZ,20260327,0.6229,2.0298,,323162.2,
688097.SH,20260327,2.3654,6.5002,,2478895.0958,
000951.SZ,20260327,1.1612,2.3999,,2631707.3664,
300529.SZ,20260327,0.6878,0.8588,,1415128.5473,
002349.SZ,20260327,2.2665,3.4544,,602343.9832,
300206.SZ,20260327,2.2508,2.9526,,829498.2481,
688150.SH,20260327,3.5447,7.982,,1607335.7145,
688717.SH,20260327,9.0878,9.1155,,1946240.0,
002470.SZ,20260327,8.4437,12.0459,,1015382.5723,
600498.SH,20260327,6.0354,9.8707,,6244854.0822,
603334.SH,20260327,7.0122,7.0122,,737733.5,
300656.SZ,20260327,2.215,2.8193,,357138.0253,
300477.SZ,20260327,3.6408,3.6986,,289445.0455,
301161.SZ,20260327,1.2813,1.58,,353400.0,
300893.SZ,20260327,0.5326,0.7998,,983842.6333,
300853.SZ,20260327,1.6121,1.8079,,280084.8188,
301516.SZ,20260327,7.6266,7.6266,,515087.7204,
688301.SH,20260327,1.266,2.0359,,2241783.7717,
603886.SH,20260327,1.2618,2.4985,,286560.0,
001324.SZ,20260327,1.9944,2.646,,269928.0,
605099.SH,20260327,1.9276,18.4955,,1729678.9469,
000019.SZ,20260327,5.0644,7.7863,,896672.4276,
605177.SH,20260327,1.4227,2.9026,,242646.262,
002315.SZ,20260327,2.4898,2.9869,,1241026.7195,
603097.SH,20260327,1.7683,5.8942,,549960.0927,
600763.SH,20260327,2.0287,3.0688,,1875483.2676,
603000.SH,20260327,1.1324,2.6066,,2167154.4698,
603801.SH,20260327,0.5322,0.9898,,394825.4199,
300095.SZ,20260327,1.4863,1.6217,,400766.0165,
603060.SH,20260327,0.7319,2.317,,492827.8987,
600422.SH,20260327,0.9292,1.4513,,862952.363,
603320.SH,20260327,2.2642,5.5743,,302468.4997,
002451.SZ,20260327,2.6075,4.2214,,428331.24,
000677.SZ,20260327,8.7703,11.4121,,435444.8858,
300471.SZ,20260327,2.2654,3.0896,,606974.9217,
002483.SZ,20260327,1.223,1.8258,,622300.8259,
300516.SZ,20260327,2.4931,7.7914,,1050660.0,
002267.SZ,20260327,1.293,3.6352,,897444.8841,
000989.SZ,20260327,8.8872,13.5118,,802873.6073,
601179.SH,20260327,2.6109,5.425,,8237292.9397,
300453.SZ,20260327,3.005,3.4559,,517907.6008,
300991.SZ,20260327,3.9113,5.2707,,706032.0,
301008.SZ,20260327,1.1594,2.2607,,384639.0183,
002194.SZ,20260327,1.848,2.3747,,707884.095,
002322.SZ,20260327,4.9774,7.2641,,541346.9236,
300056.SZ,20260327,1.9511,2.1436,,339231.5898,
300567.SZ,20260327,2.6227,3.1846,,3561160.7242,
688502.SH,20260327,1.7443,5.1742,,1629513.6,
600795.SH,20260327,1.2663,2.8588,,8953480.7792,
300965.SZ,20260327,0.9784,3.3067,,311400.0,
300922.SZ,20260327,5.8288,6.945,,319271.106,
300614.SZ,20260327,2.3185,4.059,,216274.0353,
001696.SZ,20260327,1.99,2.5163,,2140055.3135,
000712.SZ,20260327,0.9028,1.2926,,938112.0,
000679.SZ,20260327,1.6163,2.2467,,239857.2,
603290.SH,20260327,2.8785,6.1221,,2612655.5141,
603039.SH,20260327,0.9244,1.9512,,1010850.9606,
603207.SH,20260327,2.1198,2.1198,,439038.6,
601929.SH,20260327,1.6707,2.4353,,1057405.8149,
002101.SZ,20260327,0.6147,1.251,,727491.9817,
688633.SH,20260327,0.9992,2.9851,,344472.5582,
300269.SZ,20260327,6.3663,7.571,,421170.3038,
301588.SZ,20260327,4.2918,5.3351,,276961.8668,
601828.SH,20260327,0.3166,0.8851,,1049490.5742,
001228.SZ,20260327,1.2281,1.6536,,328212.1644,
600507.SH,20260327,0.6388,1.166,,1309264.3457,
601187.SH,20260327,0.5234,1.1658,,1955593.765,
301172.SZ,20260327,7.108,9.191,,433097.28,
600469.SH,20260327,0.9054,2.2092,,597213.3589,
603708.SH,20260327,0.5779,1.952,,697065.8331,
600552.SH,20260327,2.1984,3.1085,,1142974.3417,
603139.SH,20260327,2.7468,5.4293,,270475.04,
002416.SZ,20260327,2.1153,4.1442,,1598673.5297,
000953.SZ,20260327,2.9559,4.4789,,259580.6363,
301428.SZ,20260327,14.3115,14.3115,,360034.6679,
600810.SH,20260327,2.1949,5.1757,,890129.544,
300073.SZ,20260327,3.9597,5.1566,,2975109.1893,
603477.SH,20260327,1.9945,3.718,,860488.7834,
603376.SH,20260327,3.8855,3.8855,,1353603.384,
301119.SZ,20260327,1.3947,4.1392,,431496.0,
000858.SZ,20260327,0.2653,0.5906,,39844706.1713,
603162.SH,20260327,3.4419,3.4419,,1235096.5359,
300322.SZ,20260327,3.6528,4.4959,,1099951.2238,
300371.SZ,20260327,2.3536,3.4358,,250917.9681,
603180.SH,20260327,0.7806,2.6275,,288152.3375,
603001.SH,20260327,3.1765,6.0859,,359679.06,
603161.SH,20260327,0.8296,1.4912,,280141.5029,
688323.SH,20260327,2.9665,5.2899,,365220.4545,
301602.SZ,20260327,0.5146,1.4281,,837384.4423,
002742.SZ,20260327,1.2536,1.4833,,309898.2246,
920599.BJ,20260327,0.7663,1.1819,,838557.825,
688365.SH,20260327,2.2819,5.5372,,773723.4508,
603173.SH,20260327,0.6471,2.0689,,648480.0,
000570.SZ,20260327,1.8628,3.1557,,395187.8039,
003021.SZ,20260327,1.6106,3.9491,,2660382.9342,
688206.SH,20260327,0.6849,1.4534,,1351227.2336,
600259.SH,20260327,4.7059,7.6461,,2645731.9962,
300647.SZ,20260327,1.8848,2.2884,,280795.1087,
300276.SZ,20260327,1.4825,1.7799,,969521.7491,
300122.SZ,20260327,1.1505,1.4958,,3619410.0975,
301387.SZ,20260327,2.9872,3.9003,,541742.0603,
002419.SZ,20260327,1.8266,3.6824,,663905.522,
300031.SZ,20260327,1.4299,1.482,,846705.8173,
600893.SH,20260327,1.1054,2.2532,,12802849.1251,
688029.SH,20260327,0.8348,1.4652,,1363396.5889,
301116.SZ,20260327,0.6816,2.6674,,453918.3685,
601857.SH,20260327,0.1348,1.8968,,220906320.2263,
603707.SH,20260327,0.786,2.4807,,1565550.5631,
601500.SH,20260327,0.5622,0.6948,,688173.7133,
001205.SZ,20260327,1.6619,1.9238,,271289.0996,
300486.SZ,20260327,2.0538,2.86,,1105554.0847,
920050.BJ,20260327,3.0314,3.2115,,215152.6028,
688389.SH,20260327,0.6037,0.9497,,530893.8195,
600977.SH,20260327,0.8928,2.7357,,2470041.0,
601218.SH,20260327,14.9117,20.4812,,668633.1233,
300926.SZ,20260327,0.9134,1.9623,,1233034.1819,
300046.SZ,20260327,1.9414,2.635,,736795.2207,
600053.SH,20260327,0.642,2.4253,,662883.8832,
300224.SZ,20260327,2.6902,4.4907,,1355099.8072,
002514.SZ,20260327,1.8879,2.3788,,338416.1041,
600880.SH,20260327,1.1878,1.8444,,530266.0646,
300140.SZ,20260327,3.6382,3.6382,,2271616.1227,
300100.SZ,20260327,1.1296,2.1423,,1750839.7793,
301503.SZ,20260327,1.9883,2.5211,,280000.0,
920180.BJ,20260327,4.9574,5.1848,,199864.1938,
688196.SH,20260327,2.4745,9.5893,,1058100.2236,
300483.SZ,20260327,17.5328,21.5473,,910584.1278,
603370.SH,20260327,1.2666,1.2666,,764181.6,
600367.SH,20260327,14.8423,22.0318,,780166.3729,
600251.SH,20260327,3.1801,5.7349,,912190.4664,
301487.SZ,20260327,6.0655,6.6235,,982200.328,
002943.SZ,20260327,2.8733,3.1798,,964101.5254,
688343.SH,20260327,2.8689,3.1575,,2780453.3342,
688314.SH,20260327,6.4004,17.3641,,431786.1992,
002991.SZ,20260327,1.2581,1.7693,,468129.9033,
300428.SZ,20260327,1.3998,3.3473,,1412983.5807,
600935.SH,20260327,3.9043,10.8576,,1071231.9407,
002591.SZ,20260327,3.4878,4.0613,,213141.6336,
600820.SH,20260327,0.6891,1.1463,,1899034.0408,
301169.SZ,20260327,1.2148,3.1323,,379437.5031,
000690.SZ,20260327,14.0578,17.2659,,1198914.212,
002393.SZ,20260327,3.2526,6.8354,,613829.4469,
920826.BJ,20260327,1.8916,1.9971,,139813.2349,
300724.SZ,20260327,6.1631,6.756,,4178807.488,
001288.SZ,20260327,1.4885,2.617,,670348.6473,
603214.SH,20260327,1.7114,2.6467,,220971.3574,
688677.SH,20260327,2.2758,3.4478,,477829.722,
300780.SZ,20260327,3.8959,4.4199,,296566.74,
300365.SZ,20260327,6.1251,6.4969,,416899.551,
300948.SZ,20260327,1.6635,2.5628,,314811.1453,
920454.BJ,20260327,2.4517,3.9719,,140834.0,
605299.SH,20260327,15.2283,50.4375,,787761.0568,
300663.SZ,20260327,1.7971,1.9027,,639689.3894,
688597.SH,20260327,1.1413,1.5609,,306822.7837,
301489.SZ,20260327,7.1396,7.4268,,1420460.5205,
920022.BJ,20260327,1.9262,1.9262,,158282.304,
600035.SH,20260327,1.1931,2.5917,,619894.6219,
300293.SZ,20260327,1.0783,2.1351,,576360.0945,
002970.SZ,20260327,4.7824,7.0091,,1174323.0873,
600183.SH,20260327,1.5604,3.0408,,13299427.7843,
688216.SH,20260327,2.0444,4.4502,,312774.9686,
600470.SH,20260327,15.8833,21.3179,,387548.8,
603248.SH,20260327,22.4579,22.4579,,1335840.0,
301368.SZ,20260327,1.9128,1.9128,,620076.3,
600847.SH,20260327,2.4052,4.3861,,212609.6238,
300414.SZ,20260327,1.7476,3.0594,,442734.4348,
000415.SZ,20260327,1.4702,2.2453,,2702635.8002,
000429.SZ,20260327,0.6597,1.7271,,2692958.2903,
601952.SH,20260327,1.6354,5.0859,,1404182.0,
300192.SZ,20260327,1.7716,2.6859,,614181.4519,
300693.SZ,20260327,4.1232,4.333,,1379116.7836,
301292.SZ,20260327,36.1969,36.1969,,2145300.5464,
688110.SH,20260327,2.9989,4.5765,,5122578.9469,
002151.SZ,20260327,4.5428,4.9099,,2010942.0218,
002005.SZ,20260327,0.3492,0.5461,,492431.3851,
300393.SZ,20260327,4.4558,5.5667,,1061297.0467,
000629.SZ,20260327,1.4835,3.3301,,3186795.1108,
300433.SZ,20260327,0.8524,2.2571,,15149986.2969,
000813.SZ,20260327,2.7272,4.593,,727695.6224,
603004.SH,20260327,3.1279,3.1279,,513433.6,
600722.SH,20260327,22.6668,51.5644,,1193961.0314,
000600.SZ,20260327,5.8591,10.3741,,1828479.6573,
600322.SH,20260327,5.7538,7.5602,,283059.2,
600448.SH,20260327,3.1193,3.8337,,210359.7671,
688253.SH,20260327,0.7486,1.4789,,499855.7691,
603377.SH,20260327,1.0047,1.582,,267396.3112,
002487.SZ,20260327,3.2515,5.3615,,4729549.1722,
300263.SZ,20260327,3.7873,4.4127,,1004991.1192,
603421.SH,20260327,9.091,18.309,,619580.9855,
688006.SH,20260327,1.3796,3.9595,,1553852.1192,
603258.SH,20260327,1.0642,2.0068,,397307.7243,
300146.SZ,20260327,1.104,1.312,,1855769.703,
920505.BJ,20260327,2.1483,4.336,,248313.6704,
601801.SH,20260327,0.4099,1.8649,,1221749.0919,
300879.SZ,20260327,8.7432,16.8454,,587563.8122,
920221.BJ,20260327,1.4783,2.4629,,159206.88,
688711.SH,20260327,1.5496,1.8836,,569383.9429,
603190.SH,20260327,3.7966,3.8525,,311100.92,
920833.BJ,20260327,1.3226,2.2822,,129387.56,
601991.SH,20260327,2.9449,10.8694,,8291006.3058,
002129.SZ,20260327,2.6492,3.7811,,3784356.3635,
300645.SZ,20260327,2.2279,3.1651,,237886.2308,
600572.SH,20260327,1.5261,2.2423,,1100916.9678,
300386.SZ,20260327,1.3163,1.6211,,598639.008,
600233.SH,20260327,0.9785,2.0393,,7118955.3157,
603319.SH,20260327,2.4385,3.1877,,1079852.5748,
603110.SH,20260327,3.1747,3.9118,,324779.9454,
600667.SH,20260327,8.4577,12.7216,,2051802.8766,
920278.BJ,20260327,1.7404,1.9327,,135586.5,
688416.SH,20260327,4.2905,6.6008,,619388.4513,
920946.BJ,20260327,0.5358,1.9367,,409414.6881,
300787.SZ,20260327,2.0947,2.7037,,365462.9013,
002296.SZ,20260327,2.8974,3.0126,,437498.8117,
300406.SZ,20260327,1.0357,1.674,,698879.8846,
300625.SZ,20260327,1.4797,2.3556,,318158.009,
688595.SH,20260327,1.5066,2.5873,,447985.423,
688448.SH,20260327,1.6671,3.3759,,401252.88,
600618.SH,20260327,2.0271,7.2028,,1490599.5691,
688778.SH,20260327,1.1808,3.406,,3821520.8805,
605169.SH,20260327,2.8339,9.6609,,384999.68,
688366.SH,20260327,0.2557,0.5691,,902675.0129,
000670.SZ,20260327,13.1883,15.5322,,758563.279,
301608.SZ,20260327,1.2637,1.7803,,712186.97,
000800.SZ,20260327,0.2969,1.358,,3223439.0386,
002672.SZ,20260327,1.2005,2.4783,,539364.8314,
300628.SZ,20260327,0.6878,0.9616,,4062405.9546,
603324.SH,20260327,4.1225,11.4504,,376582.929,
002975.SZ,20260327,2.4251,3.0115,,1148728.3814,
301456.SZ,20260327,3.9696,4.8031,,435997.7389,
605378.SH,20260327,0.8321,2.9913,,527135.6888,
920304.BJ,20260327,2.0566,3.5601,,215482.798,
600217.SH,20260327,1.4429,2.2968,,638196.6641,
603090.SH,20260327,6.1385,12.3558,,654400.0,
002490.SZ,20260327,13.2415,23.4339,,805029.0356,
300383.SZ,20260327,13.4146,17.5193,,3115228.4039,
605003.SH,20260327,0.9584,3.5961,,321530.0,
688047.SH,20260327,1.2539,3.0707,,5515755.0,
002550.SZ,20260327,3.1157,3.5759,,961129.8,
600834.SH,20260327,0.6844,1.6464,,394794.8354,
920665.BJ,20260327,1.6566,2.5623,,139609.26,
688676.SH,20260327,1.8955,3.17,,3566547.3115,
300613.SZ,20260327,1.5507,2.7145,,946584.3941,
601022.SH,20260327,0.627,3.3002,,1200016.7673,
600883.SH,20260327,1.6487,3.0314,,190050.84,
001390.SZ,20260327,2.0569,2.0569,,419600.0,
300092.SZ,20260327,3.7895,4.9514,,430333.4587,
600710.SH,20260327,0.8463,2.1405,,1617755.7993,
688519.SH,20260327,4.3433,10.8016,,3261438.7598,
300818.SZ,20260327,2.2228,2.7079,,594079.5661,
600798.SH,20260327,1.934,3.509,,470548.3384,
300464.SZ,20260327,3.0963,4.5153,,349316.4029,
601528.SH,20260327,3.2433,3.3729,,1051718.5077,
601588.SH,20260327,1.3307,2.6184,,595962.54,
301201.SZ,20260327,10.1142,13.8831,,716943.8604,
603967.SH,20260327,1.6389,4.8252,,458293.3906,
000159.SZ,20260327,3.7397,4.8457,,319175.4994,
001396.SZ,20260327,5.806,5.806,,488864.7484,
688030.SH,20260327,1.2019,2.1153,,277382.9085,
002418.SZ,20260327,5.8598,7.5739,,531835.2,
603660.SH,20260327,1.9009,2.4596,,513025.367,
301189.SZ,20260327,3.7058,10.1528,,549274.9183,
600778.SH,20260327,2.5917,4.2124,,203092.3615,
688665.SH,20260327,0.4905,1.5555,,443930.8,
300881.SZ,20260327,1.2457,2.3649,,477840.0,
002120.SZ,20260327,0.8646,1.957,,1965658.3261,
688680.SH,20260327,4.1503,6.3288,,461774.7506,
600817.SH,20260327,0.74,2.5304,,581835.0415,
920810.BJ,20260327,1.2853,2.1875,,105394.1,
002542.SZ,20260327,0.7966,1.3635,,532804.4377,
300608.SZ,20260327,4.8999,7.4977,,366351.0794,
300889.SZ,20260327,3.6253,4.1406,,600339.0201,
603108.SH,20260327,1.6785,2.3713,,769694.2402,
002850.SZ,20260327,2.1985,2.5235,,4432085.4802,
002777.SZ,20260327,1.7856,2.9111,,683378.7576,
600211.SH,20260327,1.0072,2.2271,,1315706.9581,
688345.SH,20260327,4.3184,15.2006,,444046.305,
002388.SZ,20260327,3.6836,4.1419,,259945.0784,
688788.SH,20260327,0.966,2.2134,,897949.1114,
002256.SZ,20260327,11.9503,15.9146,,867365.9784,
920062.BJ,20260327,3.2741,3.7606,,200594.7725,
600643.SH,20260327,2.9682,5.9385,,815703.4383,
600875.SH,20260327,2.4802,4.4073,,12498514.2182,
002299.SZ,20260327,1.1145,2.3714,,2216468.1985,
603613.SH,20260327,0.72,1.1007,,1796300.7678,
600688.SH,20260327,0.7215,2.8328,,3141700.015,
688153.SH,20260327,0.7657,2.2465,,1457470.1581,
002806.SZ,20260327,3.4899,3.7658,,275373.0289,
000020.SZ,20260327,9.9792,29.218,,475427.7001,
300927.SZ,20260327,4.9979,13.1846,,403774.92,
600257.SH,20260327,6.4911,9.0273,,319541.4928,
002061.SZ,20260327,0.6319,1.3074,,1042976.8167,
603816.SH,20260327,0.454,0.819,,2761720.0069,
002878.SZ,20260327,3.4024,5.9151,,445123.9442,
605136.SH,20260327,1.6212,3.2445,,404463.085,
002232.SZ,20260327,0.9166,2.07,,703928.988,
300291.SZ,20260327,1.1307,1.813,,638601.1834,
688279.SH,20260327,0.7068,1.521,,1784268.24,
000546.SZ,20260327,8.469,12.8068,,514025.5012,
002169.SZ,20260327,3.4736,4.4499,,1158402.0591,
002977.SZ,20260327,2.6997,3.6799,,323122.8,
688065.SH,20260327,0.756,1.3528,,3545860.6273,
002563.SZ,20260327,0.5967,1.866,,1441338.2356,
300044.SZ,20260327,3.2016,3.3511,,586651.5671,
603219.SH,20260327,1.0539,5.0171,,871292.8,
002264.SZ,20260327,1.6218,2.6168,,593124.5112,
688687.SH,20260327,2.2404,2.9638,,345820.5657,
300615.SZ,20260327,5.0211,6.3814,,277283.902,
688459.SH,20260327,0.8823,1.2277,,439680.0,
603688.SH,20260327,1.763,3.7023,,2298882.6585,
688582.SH,20260327,0.8545,1.1541,,2304375.2252,
300489.SZ,20260327,5.5685,9.943,,642932.1395,
600000.SH,20260327,0.1178,0.3156,,33372449.9766,
301156.SZ,20260327,2.6709,4.5397,,263971.2656,
601901.SH,20260327,0.4248,0.8942,,5696614.1653,
002028.SZ,20260327,0.9228,1.0179,,16265351.7731,
002965.SZ,20260327,1.3895,1.5179,,770664.5625,
300635.SZ,20260327,4.9582,5.7859,,191259.124,
300643.SZ,20260327,2.137,3.7845,,383649.6328,
300207.SZ,20260327,5.8132,7.5987,,5113776.0505,
601995.SH,20260327,0.4063,1.2029,,15794784.4721,
603019.SH,20260327,1.3908,1.6653,,11914151.8291,
601288.SH,20260327,0.0646,0.7204,,226789005.9497,
600612.SH,20260327,0.4011,1.3122,,2135889.8304,
002248.SZ,20260327,2.7035,3.2772,,372069.676,
300376.SZ,20260327,1.1011,2.2815,,1487745.6642,
600686.SH,20260327,2.5245,4.59,,1266305.7384,
000623.SZ,20260327,0.6803,0.9378,,2097600.5088,
300045.SZ,20260327,2.5463,2.7551,,1422763.7317,
000518.SZ,20260327,0.7577,1.1686,,303719.0855,
600167.SH,20260327,1.6875,5.665,,1654136.3785,
603299.SH,20260327,1.7601,4.7306,,1128891.0923,
002108.SZ,20260327,7.5806,9.4489,,811110.3174,
300079.SZ,20260327,1.7252,1.7716,,758646.929,
600025.SH,20260327,0.1407,1.4068,,18929191.7651,
688132.SH,20260327,1.1435,2.0934,,256195.0183,
688259.SH,20260327,1.1018,2.0271,,398210.5,
301316.SZ,20260327,1.146,2.077,,1638220.0,
601116.SH,20260327,1.6314,4.3911,,771678.8656,
605016.SH,20260327,0.7228,1.6645,,1035750.3811,
600148.SH,20260327,1.0527,2.064,,259116.62,
002352.SZ,20260327,0.3615,0.7467,,18681168.5262,
688312.SH,20260327,4.0727,7.6804,,722150.6041,
300577.SZ,20260327,0.9632,1.3288,,439380.0045,
000912.SZ,20260327,8.9716,17.7803,,876512.0,
600094.SH,20260327,1.5046,2.3398,,953229.5185,
002778.SZ,20260327,1.5788,2.2468,,242395.6619,
300894.SZ,20260327,2.0288,3.7007,,434315.5596,
000011.SZ,20260327,0.7142,2.0105,,512542.0191,
600941.SH,20260327,0.8251,0.8657,,202290977.4487,
920098.BJ,20260327,0.6511,0.975,,211188.9983,
003005.SZ,20260327,3.1998,4.077,,432696.8522,
688525.SH,20260327,7.2282,9.4612,,11136419.9664,
603716.SH,20260327,6.7905,7.9693,,437282.2128,
300549.SZ,20260327,2.598,3.5655,,228011.4,
002259.SZ,20260327,3.2352,4.5138,,394220.0119,
688108.SH,20260327,2.0691,2.7009,,848442.56,
301113.SZ,20260327,2.4759,5.6159,,232869.0,
300999.SZ,20260327,2.2783,2.2783,,15554546.1168,
001333.SZ,20260327,3.7743,3.7743,,316416.0,
300329.SZ,20260327,3.3133,5.9721,,386414.0558,
600249.SH,20260327,8.8191,13.7538,,350350.0,
300707.SZ,20260327,4.2732,5.1327,,284230.9875,
603826.SH,20260327,1.4728,5.4376,,1650448.8,
600397.SH,20260327,6.2664,10.331,,1501769.141,
000428.SZ,20260327,1.4564,3.2506,,404513.622,
600866.SH,20260327,1.6804,2.2717,,1214536.4823,
002146.SZ,20260327,1.9428,2.815,,634831.9222,
300976.SZ,20260327,1.0009,1.8287,,725369.7043,
600648.SH,20260327,0.2587,0.7221,,1393910.0235,
300911.SZ,20260327,5.7977,11.0348,,515539.9968,
920879.BJ,20260327,0.3916,0.7762,,328755.2936,
688114.SH,20260327,0.6521,1.2288,,2085912.9042,
600967.SH,20260327,2.1281,4.8046,,2533972.2592,
920403.BJ,20260327,3.2826,4.3052,,221475.8473,
688765.SH,20260327,3.0401,3.0401,,2359500.0,
600039.SH,20260327,0.1851,1.5959,,8643417.1011,
000031.SZ,20260327,0.3511,1.1429,,1260176.1217,
000738.SZ,20260327,1.3157,2.6256,,2832906.3382,
600888.SH,20260327,1.699,2.8266,,1276636.6501,
600340.SH,20260327,1.3751,2.2626,,563575.7292,
688489.SH,20260327,0.3037,0.7235,,441137.8494,
603209.SH,20260327,0.8627,1.4393,,480675.0,
603159.SH,20260327,0.5867,1.3268,,336140.0,
600812.SH,20260327,1.2608,2.8021,,914484.2872,
000698.SZ,20260327,0.7428,1.3497,,321249.6428,
300184.SZ,20260327,6.1714,6.3197,,1266135.3342,
301330.SZ,20260327,0.9891,2.4025,,797135.6999,
601002.SH,20260327,3.008,5.4689,,519215.7517,
688121.SH,20260327,1.2089,1.7305,,256508.1753,
002047.SZ,20260327,2.3261,3.5197,,767221.8387,
300210.SZ,20260327,1.948,2.5982,,412071.18,
002611.SZ,20260327,3.9927,4.7496,,2154596.8218,
603528.SH,20260327,0.6304,1.3587,,568979.6856,
688609.SH,20260327,0.7973,0.9664,,409000.0,
301041.SZ,20260327,4.6261,5.3827,,281315.16,
300067.SZ,20260327,2.3397,2.8885,,506770.438,
920527.BJ,20260327,0.8001,0.9623,,96668.747,
603329.SH,20260327,0.7656,1.3916,,261053.4267,
000700.SZ,20260327,2.7813,4.4018,,1108962.5899,
603069.SH,20260327,1.2249,2.8562,,569432.0,
600976.SH,20260327,2.3085,3.1829,,510663.9394,
300947.SZ,20260327,1.7827,2.8938,,252248.8146,
300846.SZ,20260327,7.7073,8.3609,,1437276.8137,
000007.SZ,20260327,1.3455,2.026,,458697.2103,
003816.SZ,20260327,0.773,4.5182,,23481914.6394,
000788.SZ,20260327,3.0018,4.4769,,352228.5682,
920931.BJ,20260327,1.2435,1.2435,,112716.0,
002632.SZ,20260327,2.8806,6.3053,,775752.0698,
301277.SZ,20260327,1.4307,5.5529,,460300.0416,
300142.SZ,20260327,2.7584,2.7584,,1928814.3404,
920508.BJ,20260327,1.5152,2.4075,,119100.0,
002332.SZ,20260327,1.2708,1.6221,,885338.3551,
002762.SZ,20260327,0.8394,1.0802,,246401.4,
603232.SH,20260327,3.0207,4.2403,,466993.979,
300025.SZ,20260327,2.0169,2.3981,,269660.2487,
300605.SZ,20260327,2.9139,3.1499,,235157.9987,
300033.SZ,20260327,2.009,3.1615,,16177459.2,
301223.SZ,20260327,1.9071,4.0578,,371770.553,
000655.SZ,20260327,1.5178,3.6495,,539973.5886,
601336.SH,20260327,0.8001,2.3752,,19752969.0712,
601615.SH,20260327,4.9064,6.5132,,3903343.3146,
000727.SZ,20260327,1.6763,3.055,,1213923.9506,
600114.SH,20260327,1.821,2.389,,1749563.6148,
002285.SZ,20260327,4.4993,8.5158,,597848.7114,
002882.SZ,20260327,2.0341,4.3753,,1205626.5,
600611.SH,20260327,0.9462,1.3569,,1127686.6061,
002506.SZ,20260327,10.4289,13.761,,3118218.6556,
002109.SZ,20260327,12.2045,28.5362,,629201.0365,
300035.SZ,20260327,12.706,13.4992,,1642282.3037,
688128.SH,20260327,0.7,3.29,,1010036.5,
603890.SH,20260327,1.4955,2.2095,,615254.627,
300137.SZ,20260327,7.4516,8.8243,,679313.0779,
601827.SH,20260327,0.6835,2.4253,,1546538.3025,
301267.SZ,20260327,0.4946,1.9069,,1414560.0,
300514.SZ,20260327,2.0503,2.7145,,259200.0,
600825.SH,20260327,0.5836,1.203,,590361.6353,
688202.SH,20260327,4.0343,6.8118,,810143.6695,
000633.SZ,20260327,2.7113,3.4208,,258791.4827,
002757.SZ,20260327,2.5778,4.0709,,593275.4733,
002007.SZ,20260327,0.6045,0.9732,,2657121.9924,
920719.BJ,20260327,1.8974,2.08,,100075.405,
301367.SZ,20260327,1.6203,2.6296,,599692.8,
002084.SZ,20260327,3.0917,5.262,,255192.1358,
920438.BJ,20260327,0.9938,1.6181,,552077.625,
300072.SZ,20260327,4.9772,7.965,,1341690.2924,
000825.SZ,20260327,0.5395,1.4705,,2500652.7824,
300332.SZ,20260327,12.7379,15.3679,,584848.1269,
301045.SZ,20260327,3.1118,3.369,,455394.1818,
688116.SH,20260327,2.4008,2.7572,,1508279.2664,
300181.SZ,20260327,2.6884,2.8415,,1089955.9186,
603637.SH,20260327,2.687,3.4107,,290480.7123,
000968.SZ,20260327,15.8138,36.6018,,1119400.5776,
605179.SH,20260327,0.4247,2.0396,,701349.0,
300885.SZ,20260327,7.0949,13.3731,,562063.827,
688199.SH,20260327,1.559,2.1408,,385333.1299,
603087.SH,20260327,1.9929,3.2446,,3686566.2687,
600579.SH,20260327,1.0668,2.9034,,395867.8087,
603559.SH,20260327,0.4236,0.602,,271664.5148,
002658.SZ,20260327,5.2397,7.0459,,549933.1993,
603867.SH,20260327,4.183,5.4635,,681168.4791,
688658.SH,20260327,3.1405,5.6734,,794250.0,
601279.SH,20260327,0.7023,3.328,,669201.6857,
600908.SH,20260327,0.8645,1.1333,,1279499.4282,
001335.SZ,20260327,2.2705,2.2705,,396143.3806,
301252.SZ,20260327,10.5317,10.5317,,593135.1672,
300180.SZ,20260327,1.1443,1.5987,,1068963.5141,
605339.SH,20260327,0.2028,1.2665,,691593.7041,
601000.SH,20260327,0.6076,1.3526,,2530371.5182,
002262.SZ,20260327,0.837,1.4171,,2273330.3728,
600138.SH,20260327,0.8349,1.087,,665208.96,
300324.SZ,20260327,1.7948,1.9665,,848246.9821,
920592.BJ,20260327,2.6219,4.0509,,273814.255,
300850.SZ,20260327,8.5193,9.1635,,1827774.8757,
300082.SZ,20260327,9.6266,20.4942,,736546.3506,
002708.SZ,20260327,1.2651,1.8018,,670582.8746,
600119.SH,20260327,1.2189,2.2502,,219892.7627,
600733.SH,20260327,1.3311,2.0319,,4609819.4685,
301321.SZ,20260327,2.49,3.923,,360565.29,
688002.SH,20260327,1.1109,1.4412,,4659669.3867,
000860.SZ,20260327,0.6063,0.9836,,956137.6488,
300257.SZ,20260327,1.5722,3.8883,,2873592.4721,
301628.SZ,20260327,3.8413,4.4956,,756773.032,
600517.SH,20260327,0.4245,2.0806,,3779886.0268,
000572.SZ,20260327,5.6985,8.7006,,1018029.9477,
001256.SZ,20260327,9.556,75.3768,,362806.3476,
300493.SZ,20260327,1.6082,2.1122,,789282.4124,
000733.SZ,20260327,0.985,1.4277,,2533662.6385,
600551.SH,20260327,0.5816,1.5343,,536341.694,
002020.SZ,20260327,2.7839,3.7028,,1332873.1087,
300757.SZ,20260327,7.0658,10.5748,,6744215.1704,
603011.SH,20260327,3.2564,5.0116,,1029370.8578,
300484.SZ,20260327,1.6155,1.7542,,349692.6632,
920183.BJ,20260327,5.3959,5.3959,,191157.56,
605198.SH,20260327,0.5402,3.1257,,1299991.32,
605050.SH,20260327,4.6053,12.6573,,722487.5793,
300166.SZ,20260327,10.6756,11.4017,,1624990.1824,
600571.SH,20260327,1.1054,1.3803,,623933.8974,
002091.SZ,20260327,1.8185,3.2153,,1521913.2352,
920914.BJ,20260327,1.7771,3.0641,,233955.702,
300321.SZ,20260327,1.1596,2.4298,,306804.0,
002861.SZ,20260327,2.7738,3.3227,,292093.2524,
300668.SZ,20260327,18.2933,29.5522,,472978.0216,
920058.BJ,20260327,0.901,1.7703,,152584.7314,
920634.BJ,20260327,1.7497,3.7318,,132866.3245,
688710.SH,20260327,3.7048,5.1628,,930324.4794,
301305.SZ,20260327,3.1807,3.1869,,590285.4152,
001260.SZ,20260327,1.5266,5.5294,,240925.0,
688158.SH,20260327,8.0669,9.1209,,1885452.5947,
603273.SH,20260327,2.0991,2.0991,,390479.0148,
600241.SH,20260327,3.9558,7.7013,,286355.9579,
601766.SH,20260327,0.4602,1.1494,,18051585.5114,
688420.SH,20260327,2.3932,2.3932,,215680.77,
300960.SZ,20260327,1.8826,6.6692,,345077.3491,
601169.SH,20260327,0.4423,0.6391,,11501783.444,
688048.SH,20260327,8.9281,13.923,,4051794.4899,
001358.SZ,20260327,2.5002,2.7177,,334611.2,
001896.SZ,20260327,14.8423,38.9054,,2523642.3198,
603787.SH,20260327,10.9318,31.0202,,344985.5412,
300323.SZ,20260327,7.2842,7.2842,,1613260.8042,
688499.SH,20260327,3.3928,5.2498,,854272.4461,
601963.SH,20260327,1.0943,2.9855,,3571879.4493,
300675.SZ,20260327,1.9767,3.4592,,220440.0501,
002859.SZ,20260327,2.8267,6.0651,,1718006.3521,
000557.SZ,20260327,0.795,1.521,,685436.1255,
688500.SH,20260327,1.8098,2.7353,,394931.244,
002255.SZ,20260327,2.9432,3.0957,,938064.7111,
002059.SZ,20260327,1.3478,3.0683,,514316.885,
301006.SZ,20260327,3.367,5.2765,,233433.28,
002793.SZ,20260327,2.2352,3.6044,,519867.2963,
688025.SH,20260327,7.8424,12.0664,,2131008.0637,
920252.BJ,20260327,10.8843,18.1621,,297994.8805,
002830.SZ,20260327,2.878,4.3004,,284680.9,
601515.SH,20260327,3.6005,7.1609,,821748.9765,
002696.SZ,20260327,2.0998,3.7904,,240721.7721,
002900.SZ,20260327,3.013,5.0858,,369185.7599,
002741.SZ,20260327,3.0281,4.3956,,873776.9205,
603656.SH,20260327,0.8577,1.5178,,407053.4216,
600844.SH,20260327,11.8467,16.6055,,507245.5958,
600033.SH,20260327,1.2392,2.8105,,1015428.0,
688398.SH,20260327,0.8394,1.5832,,417689.2974,
300498.SZ,20260327,0.5973,0.6613,,11251791.0017,
601168.SH,20260327,1.926,2.7885,,6028990.0,
301388.SZ,20260327,8.9854,11.0554,,341355.4032,
688133.SH,20260327,1.6481,2.2959,,333149.3154,
002648.SZ,20260327,2.1735,4.3844,,9358097.7268,
920576.BJ,20260327,3.8604,15.093,,719505.8,
603151.SH,20260327,1.5758,3.383,,284867.674,
002785.SZ,20260327,2.2276,2.6975,,876338.3606,
300209.SZ,20260327,13.2079,14.2145,,948137.4846,
600037.SH,20260327,1.2928,2.085,,1041049.8572,
920262.BJ,20260327,1.2482,2.1322,,133943.2905,
002247.SZ,20260327,2.9948,3.7435,,245050.5741,
688232.SH,20260327,0.4722,1.3067,,710292.2369,
601689.SH,20260327,1.1882,2.856,,10042951.8168,
300705.SZ,20260327,2.6276,3.6192,,698406.4119,
002624.SZ,20260327,2.0182,2.7424,,3534622.4321,
688057.SH,20260327,0.4428,0.873,,331476.0,
600310.SH,20260327,2.8995,5.9161,,967369.0765,
603587.SH,20260327,0.4612,2.0671,,572704.0867,
300187.SZ,20260327,2.1478,4.0502,,353155.3243,
300774.SZ,20260327,6.4269,9.3645,,717788.987,
000933.SZ,20260327,2.0377,3.0286,,6863961.4257,
600396.SH,20260327,25.4767,56.7341,,1323963.4285,
920008.BJ,20260327,1.4965,1.4965,,163072.5,
300411.SZ,20260327,0.931,0.9957,,408552.607,
000419.SZ,20260327,1.4921,2.6803,,315821.5226,
002654.SZ,20260327,6.2365,8.1947,,1221462.1761,
300470.SZ,20260327,1.3122,1.7108,,748662.2532,
688573.SH,20260327,3.5928,3.5928,,193749.197,
600513.SH,20260327,9.2967,15.4676,,731053.5075,
603706.SH,20260327,0.5522,1.7717,,377818.5144,
300672.SZ,20260327,4.7153,6.6234,,3690741.684,
603979.SH,20260327,1.5114,2.623,,3564951.1975,
300603.SZ,20260327,11.3,12.2052,,534053.1674,
600885.SH,20260327,0.6563,0.8844,,4364215.9627,
600071.SH,20260327,0.7164,1.4129,,529358.9113,
601599.SH,20260327,1.7749,2.3074,,460735.3538,
603043.SH,20260327,0.4839,1.5073,,899226.6427,
301227.SZ,20260327,1.9084,3.0241,,353495.616,
603188.SH,20260327,2.9006,4.1226,,277102.62,
300032.SZ,20260327,7.3071,8.7497,,491539.8001,
688755.SH,20260327,1.1216,1.1216,,327976.0,
603978.SH,20260327,7.5468,11.91,,542301.2541,
002272.SZ,20260327,12.4963,13.5339,,856293.3118,
601668.SH,20260327,0.4043,0.9558,,20370952.4889,
002297.SZ,20260327,2.7966,3.6121,,618953.2045,
601163.SH,20260327,0.4101,1.164,,1112000.0,
688031.SH,20260327,5.3161,7.8543,,1734908.589,
000417.SZ,20260327,0.9169,1.4799,,531101.1402,
688143.SH,20260327,8.2847,10.7259,,761352.1014,
003032.SZ,20260327,0.9152,1.295,,253541.925,
600368.SH,20260327,0.7824,1.6261,,630984.3123,
003023.SZ,20260327,1.8596,3.7861,,233858.352,
920476.BJ,20260327,0.9281,1.2621,,169592.9818,
002868.SZ,20260327,0.7855,1.1756,,591668.0915,
002527.SZ,20260327,1.4722,1.7267,,899774.1719,
002133.SZ,20260327,1.8869,2.7875,,270176.3171,
920395.BJ,20260327,0.5654,0.9403,,150754.6756,
001338.SZ,20260327,3.1784,6.5558,,661281.2392,
002457.SZ,20260327,2.2204,3.0227,,366835.48,
000510.SZ,20260327,9.6918,10.8053,,963735.7733,
601231.SH,20260327,1.3308,4.6263,,7917494.2285,
600207.SH,20260327,11.5114,25.2963,,736375.2865,
600226.SH,20260327,1.5721,2.5463,,1430677.3687,
688161.SH,20260327,1.1895,6.2063,,1228000.0,
301381.SZ,20260327,0.9964,1.644,,780288.1588,
000069.SZ,20260327,0.5032,1.0136,,1768306.7717,
601360.SH,20260327,0.7891,1.9168,,7538523.8357,
600109.SH,20260327,0.4509,0.7118,,3097685.0648,
001203.SZ,20260327,3.6684,10.2226,,6570782.7444,
000955.SZ,20260327,2.188,2.8972,,266505.525,
600527.SH,20260327,8.9638,12.7837,,453721.3563,
002719.SZ,20260327,3.8326,4.7573,,159685.8821,
688772.SH,20260327,2.3084,3.8437,,1868106.4116,
301209.SZ,20260327,0.7673,2.1403,,988848.0,
000008.SZ,20260327,0.8511,1.3978,,733421.9744,
300134.SZ,20260327,0.8646,1.7909,,782847.9661,
301138.SZ,20260327,1.6384,3.4032,,420240.0,
603323.SH,20260327,1.4303,1.6543,,987066.7627,
300528.SZ,20260327,1.7707,4.4782,,599526.3589,
000691.SZ,20260327,1.7581,2.0324,,407805.105,
002551.SZ,20260327,1.548,1.8177,,302687.0589,
301361.SZ,20260327,11.9559,12.1437,,436260.0,
000096.SZ,20260327,1.8572,4.0419,,542784.0,
300698.SZ,20260327,1.3201,2.4551,,463104.0,
002896.SZ,20260327,3.964,7.5146,,1515189.7857,
000767.SZ,20260327,17.3113,33.3119,,1566163.5895,
600123.SH,20260327,3.3928,6.2224,,1029794.7747,
000631.SZ,20260327,1.629,5.6926,,903900.0334,
300602.SZ,20260327,2.5478,3.3955,,1764209.9228,
002097.SZ,20260327,1.0793,1.5924,,1068169.5604,
603669.SH,20260327,2.0131,4.6263,,325282.0073,
300826.SZ,20260327,1.2735,2.2148,,288836.2353,
688598.SH,20260327,1.7853,2.0294,,494854.3085,
688266.SH,20260327,1.9486,2.9751,,2665346.7248,
603195.SH,20260327,0.0821,0.4866,,7466666.3919,
603200.SH,20260327,3.6542,7.4629,,1034981.6475,
920237.BJ,20260327,1.0594,2.9225,,169329.888,
601366.SH,20260327,0.8722,1.451,,390019.3998,
600588.SH,20260327,0.7464,1.4269,,4028639.9452,
002855.SZ,20260327,2.233,6.1345,,300878.4317,
002865.SZ,20260327,5.4341,8.5849,,2238314.1799,
002012.SZ,20260327,4.335,5.5514,,316114.8177,
000785.SZ,20260327,0.962,2.9571,,1544308.1059,
001328.SZ,20260327,1.7514,1.7514,,571272.6684,
603823.SH,20260327,0.9283,2.918,,643704.4704,
002371.SZ,20260327,0.8016,1.4956,,32833467.8396,
601669.SH,20260327,2.1602,3.4914,,10215112.4851,
920212.BJ,20260327,0.9005,1.5768,,121484.5,
301310.SZ,20260327,1.7389,2.0266,,495829.1716,
002225.SZ,20260327,1.532,1.8111,,608600.5522,
002644.SZ,20260327,1.0204,2.7159,,437633.049,
301296.SZ,20260327,0.8119,1.9313,,330908.2722,
002998.SZ,20260327,2.0925,3.1961,,284138.5353,
603227.SH,20260327,3.636,6.5443,,1006319.435,
603368.SH,20260327,0.8845,1.1863,,666123.4423,
002292.SZ,20260327,2.0513,2.4609,,1140077.4664,
000736.SZ,20260327,0.9902,2.0697,,372802.1021,
002480.SZ,20260327,2.1291,3.0224,,479192.0814,
002026.SZ,20260327,0.93,1.4622,,567405.1374,
688249.SH,20260327,1.2071,1.7807,,5637317.4852,
002412.SZ,20260327,2.0507,3.5718,,329596.0,
601777.SH,20260327,0.6081,1.463,,4408072.5692,
920699.BJ,20260327,0.5825,0.9632,,171323.0015,
301360.SZ,20260327,5.6555,6.3859,,358231.44,
000333.SZ,20260327,0.4657,0.6815,,56857299.3189,
605228.SH,20260327,1.775,5.1318,,698608.4551,
300511.SZ,20260327,2.8396,2.9127,,452437.9933,
301148.SZ,20260327,1.0682,1.6683,,576660.546,
000610.SZ,20260327,2.4771,3.3798,,218755.0605,
300497.SZ,20260327,27.8801,30.2588,,1028280.815,
002570.SZ,20260327,2.0361,2.3212,,562702.5765,
600793.SH,20260327,1.2927,2.8124,,326918.5957,
920580.BJ,20260327,1.8762,2.592,,110338.0,
002229.SZ,20260327,10.5932,10.5932,,897610.4018,
000619.SZ,20260327,1.7331,2.6038,,263377.7921,
002790.SZ,20260327,0.9981,1.8268,,326776.1386,
300097.SZ,20260327,3.215,3.6966,,243824.4703,
601918.SH,20260327,2.1647,4.0605,,2069842.8982,
002985.SZ,20260327,1.6127,3.0092,,1205955.9824,
002538.SZ,20260327,2.6883,3.9833,,617974.3724,
603053.SH,20260327,0.6946,3.6559,,917334.48,
603679.SH,20260327,3.4282,5.1597,,241314.5485,
600619.SH,20260327,1.8987,2.9011,,1749551.3818,
300679.SZ,20260327,1.4042,1.8752,,1448636.2,
603757.SH,20260327,6.7249,15.4689,,827150.5464,
603516.SH,20260327,1.8296,2.645,,2853886.6372,
600771.SH,20260327,2.2701,2.6759,,826750.5371,
000962.SZ,20260327,4.0214,4.0214,,2436338.5068,
002920.SZ,20260327,0.9456,1.8785,,6328565.7536,
605500.SH,20260327,0.7474,3.1597,,383320.0,
688039.SH,20260327,1.1752,2.2332,,464857.7851,
300852.SZ,20260327,1.9595,4.2237,,711911.3668,
002652.SZ,20260327,10.0857,14.4073,,243230.4,
002918.SZ,20260327,2.8202,4.279,,464812.8529,
002592.SZ,20260327,1.3591,2.1535,,279364.5208,
002396.SZ,20260327,2.2821,3.1048,,1581962.4597,
300304.SZ,20260327,2.5004,4.3309,,1168809.2887,
300935.SZ,20260327,2.6787,3.829,,229554.6652,
301107.SZ,20260327,2.6619,5.2141,,273510.2901,
920932.BJ,20260327,1.603,2.1691,,163819.7943,
300877.SZ,20260327,5.4693,11.035,,330600.0,
600822.SH,20260327,0.8412,2.1148,,504404.4535,
000637.SZ,20260327,6.4217,8.1314,,249540.1709,
688513.SH,20260327,2.2887,4.3489,,1171821.1153,
688556.SH,20260327,3.1304,4.039,,1146468.0289,
603277.SH,20260327,0.2389,1.1224,,886181.7964,
001965.SZ,20260327,0.2048,0.7724,,6808685.182,
600120.SH,20260327,0.7351,1.4664,,1922859.78,
603098.SH,20260327,2.7759,8.0484,,971459.9604,
600603.SH,20260327,1.3197,3.0849,,874710.2677,
000925.SZ,20260327,1.2733,1.2733,,484957.1882,
688326.SH,20260327,0.9666,1.8219,,1399591.0622,
605222.SH,20260327,0.8326,2.2271,,839431.9982,
688536.SH,20260327,3.7617,5.8508,,2624205.3912,
000505.SZ,20260327,2.7818,6.1334,,503049.5737,
688203.SH,20260327,0.9249,1.6542,,245240.4623,
300722.SZ,20260327,0.7525,2.2038,,798442.4448,
688981.SH,20260327,1.4047,1.5607,,78014198.106,
300584.SZ,20260327,15.9398,22.7567,,542160.0,
003040.SZ,20260327,0.9101,1.7407,,748423.6826,
688032.SH,20260327,4.5615,12.387,,1706135.3173,
605128.SH,20260327,1.0133,1.6082,,689367.8751,
000983.SZ,20260327,1.7988,4.2114,,4002356.2466,
688338.SH,20260327,0.8514,1.419,,310148.0928,
002638.SZ,20260327,9.5104,13.804,,634974.7023,
301195.SZ,20260327,1.191,2.5025,,406246.8278,
688561.SH,20260327,0.6127,1.6278,,2031748.6151,
600955.SH,20260327,2.1438,4.6739,,937750.0,
002712.SZ,20260327,1.9343,3.1107,,284656.4516,
603566.SH,20260327,1.2792,1.8697,,432923.9035,
920208.BJ,20260327,0.6102,0.6255,,305074.3831,
000061.SZ,20260327,2.0514,5.6936,,1542314.8508,
605507.SH,20260327,0.6918,1.5104,,1500441.0975,
002082.SZ,20260327,5.075,9.2684,,1592838.2992,
601108.SH,20260327,0.5622,0.8318,,3561766.6175,
920519.BJ,20260327,0.8652,0.994,,103896.4331,
301229.SZ,20260327,1.0094,1.3189,,325387.0968,
301378.SZ,20260327,2.9733,3.8158,,303807.0,
920981.BJ,20260327,1.6747,2.5432,,204322.496,
601100.SH,20260327,0.5016,1.4068,,12841042.6404,
688075.SH,20260327,0.4742,1.8277,,470714.7097,
600478.SH,20260327,5.0059,7.028,,1255817.8507,
688600.SH,20260327,0.9664,1.748,,322626.8336,
301336.SZ,20260327,2.6352,3.2306,,206320.0,
301285.SZ,20260327,8.9017,8.9039,,1751734.92,
920036.BJ,20260327,13.1185,13.1185,,252027.4808,
603266.SH,20260327,0.8307,1.8536,,365553.8465,
603076.SH,20260327,5.2796,10.6917,,339412.1793,
300880.SZ,20260327,4.8018,10.6618,,453108.7642,
300175.SZ,20260327,0.7297,0.9595,,291425.2,
301281.SZ,20260327,11.7286,16.8906,,424496.8,
300508.SZ,20260327,1.9619,3.1998,,404255.2696,
002058.SZ,20260327,1.1618,2.1891,,309848.3971,
688303.SH,20260327,0.4387,1.7542,,4687274.5069,
600262.SH,20260327,3.5042,5.7002,,428910.0,
002375.SZ,20260327,0.7653,1.6508,,519918.6412,
000799.SZ,20260327,1.614,2.3391,,1406942.4834,
300333.SZ,20260327,1.8643,2.1769,,306768.0,
301230.SZ,20260327,5.0815,8.3389,,515074.5725,
002386.SZ,20260327,5.9424,8.8635,,821339.3031,
300720.SZ,20260327,6.4964,12.4416,,1309964.9148,
605009.SH,20260327,0.5204,1.5602,,614013.3158,
688458.SH,20260327,1.8201,1.8201,,369409.3152,
603271.SH,20260327,3.8075,4.447,,871272.88,
600674.SH,20260327,0.5733,1.703,,7511769.1219,
603198.SH,20260327,0.2341,0.8428,,2557600.0,
002603.SZ,20260327,0.9591,1.7529,,2758334.5758,
002351.SZ,20260327,0.8238,1.0545,,962013.774,
300816.SZ,20260327,4.0109,5.342,,497600.0,
001266.SZ,20260327,3.0928,5.012,,321513.0712,
002190.SZ,20260327,1.2371,2.5348,,1117441.9034,
002728.SZ,20260327,6.0557,6.4132,,568233.9619,
300963.SZ,20260327,1.8174,2.2569,,787026.24,
002444.SZ,20260327,0.7872,1.3507,,3631213.6733,
603648.SH,20260327,0.6872,1.3607,,354802.1312,
601825.SH,20260327,0.159,0.2677,,8583555.5561,
301232.SZ,20260327,6.1612,6.8102,,1178846.2503,
000753.SZ,20260327,1.9802,3.1818,,649420.1015,
603569.SH,20260327,0.6541,2.2604,,414609.4814,
002291.SZ,20260327,4.0814,4.8752,,613445.5116,
300721.SZ,20260327,5.1738,7.6663,,230455.7411,
002167.SZ,20260327,3.8783,5.2102,,963693.5852,
001368.SZ,20260327,11.5684,11.5684,,276282.2631,
920641.BJ,20260327,12.2454,19.2166,,155555.4,
300169.SZ,20260327,3.3796,3.4523,,206674.0716,
603721.SH,20260327,0.5685,1.1457,,253890.0,
300171.SZ,20260327,1.4724,2.2397,,1107387.3458,
301203.SZ,20260327,3.1335,3.6303,,333680.0,
301087.SZ,20260327,1.1323,2.4823,,1171494.376,
300959.SZ,20260327,2.8585,4.0025,,618189.1176,
688661.SH,20260327,2.3843,5.1076,,1272971.8697,
600166.SH,20260327,1.3217,2.3853,,2264376.505,
002955.SZ,20260327,1.4195,2.5236,,611714.1725,
301097.SZ,20260327,2.4038,3.7931,,305406.3136,
601838.SH,20260327,0.3532,0.6808,,7226532.282,
002456.SZ,20260327,1.1841,1.298,,2901313.3483,
600089.SH,20260327,1.9396,2.3665,,14274139.0131,
600756.SH,20260327,12.4276,15.3604,,639820.618,
300327.SZ,20260327,1.478,1.9338,,825774.4461,
002679.SZ,20260327,1.364,3.7502,,254380.724,
603313.SH,20260327,0.8239,1.5126,,476440.049,
688605.SH,20260327,6.1678,7.6132,,1244231.3547,
301047.SZ,20260327,0.6734,1.7755,,858390.4883,
002176.SZ,20260327,5.5528,6.6948,,1755809.0228,
300829.SZ,20260327,8.0777,8.3961,,478186.8251,
000970.SZ,20260327,1.8317,2.428,,1426046.3317,
600692.SH,20260327,2.8979,3.1126,,286687.7122,
603113.SH,20260327,3.5428,7.0312,,627034.5652,
688237.SH,20260327,0.678,1.5202,,450113.7171,
000821.SZ,20260327,2.7251,3.5433,,761152.9787,
002782.SZ,20260327,6.4471,15.5471,,1167499.2866,
920116.BJ,20260327,1.1344,3.9129,,1358407.05,
000567.SZ,20260327,0.4312,1.7573,,1032024.6578,
300402.SZ,20260327,1.2307,2.7112,,470629.4778,
002849.SZ,20260327,5.5067,7.0606,,363163.5903,
002358.SZ,20260327,2.988,3.8058,,708474.8165,
300141.SZ,20260327,1.8619,3.8847,,343449.0072,
600010.SH,20260327,1.9036,2.9953,,11548597.9337,
600861.SH,20260327,0.5293,0.8611,,918234.8286,
300560.SZ,20260327,8.1363,10.1988,,344615.433,
601958.SH,20260327,1.1944,4.3207,,6062789.6676,
000701.SZ,20260327,1.5963,2.679,,388958.2277,
601208.SH,20260327,3.4138,4.4392,,3035599.7437,
601026.SH,20260327,4.125,4.125,,1297699.2,
002425.SZ,20260327,1.7115,2.131,,330049.4478,
688271.SH,20260327,0.3994,0.7833,,9372324.6395,
600592.SH,20260327,0.9304,1.4971,,785122.767,
600997.SH,20260327,1.6076,5.2329,,1057474.7008,
603176.SH,20260327,0.8327,2.6494,,263281.3279,
600216.SH,20260327,4.5206,7.2518,,1529004.0225,
600004.SH,20260327,0.3279,0.7662,,2314365.649,
300901.SZ,20260327,1.1778,2.8669,,366000.0,
600590.SH,20260327,11.27,17.4422,,1107877.8053,
601083.SH,20260327,3.9648,3.9648,,1563296.96,
920370.BJ,20260327,0.6134,1.189,,102696.9033,
688766.SH,20260327,3.1344,5.0714,,3555695.2827,
000099.SZ,20260327,0.8175,1.3321,,1338203.4863,
300014.SZ,20260327,4.5777,7.2083,,15016636.9957,
301335.SZ,20260327,2.6101,2.6101,,321064.084,
920108.BJ,20260327,0.5809,0.9858,,181498.8,
688652.SH,20260327,2.3738,2.8489,,1721664.0,
688671.SH,20260327,2.5133,3.0442,,169993.4185,
603186.SH,20260327,5.983,9.5034,,981508.6427,
688767.SH,20260327,0.6834,1.5204,,480106.6688,
688522.SH,20260327,2.3225,2.3626,,955345.1457,
300660.SZ,20260327,0.9187,2.4942,,1900777.4655,
301269.SZ,20260327,0.4702,1.2955,,4539131.7738,
301256.SZ,20260327,2.4943,9.629,,630240.0,
920566.BJ,20260327,1.5229,1.6752,,144299.673,
301085.SZ,20260327,7.2565,11.8337,,524819.2824,
688261.SH,20260327,2.2257,4.4141,,873346.6969,
920779.BJ,20260327,13.9518,13.9518,,288268.992,
688508.SH,20260327,1.2466,1.6435,,749782.0757,
002903.SZ,20260327,13.5673,15.7506,,434680.252,
300952.SZ,20260327,2.8661,3.9822,,604571.5219,
000948.SZ,20260327,0.644,1.0004,,592630.9365,
603889.SH,20260327,0.6797,1.2374,,562221.2311,
002438.SZ,20260327,2.2703,2.8501,,865858.9085,
301155.SZ,20260327,7.3294,10.3154,,1643696.9652,
300786.SZ,20260327,2.2693,2.4519,,263878.7705,
601112.SH,20260327,7.7898,7.7898,,3463329.0703,
301166.SZ,20260327,2.7661,3.8151,,262600.004,
920128.BJ,20260327,0.8854,1.3932,,202163.1,
920970.BJ,20260327,1.3743,1.7706,,75012.1416,
601997.SH,20260327,0.8288,1.1059,,2098657.6956,
301459.SZ,20260327,2.805,2.805,,397849.4742,
002454.SZ,20260327,1.2005,2.1414,,525494.2176,
603949.SH,20260327,6.6455,22.0978,,371318.076,
300513.SZ,20260327,1.616,1.6299,,277302.981,
600258.SH,20260327,1.329,2.3964,,1802197.4454,
300848.SZ,20260327,1.3879,2.5274,,643115.1034,
300972.SZ,20260327,0.6372,1.2411,,3482113.4872,
600446.SH,20260327,1.5307,2.0305,,1209528.7105,
300197.SZ,20260327,1.8725,2.885,,536718.9525,
300401.SZ,20260327,3.0223,4.325,,773901.1447,
002532.SZ,20260327,1.2694,1.7785,,7461524.713,
002807.SZ,20260327,1.5915,1.689,,1112549.5406,
601688.SH,20260327,0.5869,0.8182,,16699698.0041,
300251.SZ,20260327,1.5042,3.0475,,4415050.5902,
300454.SZ,20260327,2.3982,2.8747,,4489940.4082,
688229.SH,20260327,6.8199,13.1613,,410966.4,
000056.SZ,20260327,4.147,5.1865,,227045.4182,
920145.BJ,20260327,1.768,2.8618,,108364.8,
600309.SH,20260327,0.8942,1.5377,,25037512.0647,
300106.SZ,20260327,2.6698,4.5889,,213234.3008,
600271.SH,20260327,0.7377,1.3924,,1580510.5962,
600095.SH,20260327,0.7429,2.4087,,2687636.4784,
301083.SZ,20260327,1.5426,2.3316,,323539.4673,
603075.SH,20260327,2.7031,2.7031,,827505.2762,
002033.SZ,20260327,2.4624,4.4958,,502784.0006,
688195.SH,20260327,8.1752,12.5251,,3802890.0,
002856.SZ,20260327,3.4455,5.3685,,152903.473,
002600.SZ,20260327,0.6654,1.5657,,9623777.2897,
600754.SH,20260327,0.8705,1.8601,,2917392.5428,
002789.SZ,20260327,3.4999,7.3493,,196336.9222,
688072.SH,20260327,2.0896,3.3109,,10644402.8054,
300240.SZ,20260327,1.8026,3.0715,,263438.1316,
301329.SZ,20260327,13.7205,13.7205,,380397.0,
300405.SZ,20260327,5.1875,6.1994,,185979.7268,
000987.SZ,20260327,0.4481,1.7538,,4249511.1953,
002265.SZ,20260327,2.1711,9.8917,,2585700.1387,
603901.SH,20260327,1.258,2.5306,,598501.7559,
001366.SZ,20260327,2.6089,7.5287,,224148.6,
601608.SH,20260327,0.5685,1.5959,,2811845.8103,
000886.SZ,20260327,0.9506,1.3025,,573520.414,
601968.SH,20260327,0.7309,1.58,,667232.6576,
000801.SZ,20260327,1.8969,3.7111,,1362891.5018,
601021.SH,20260327,0.8627,1.9541,,4537510.4159,
000665.SZ,20260327,1.7557,2.9687,,567437.598,
688545.SH,20260327,1.9468,2.2562,,1707480.0,
688295.SH,20260327,2.8401,16.3843,,5099400.0,
688626.SH,20260327,1.0906,2.8856,,908960.0,
688775.SH,20260327,2.4715,2.4715,,7482259.0,
300900.SZ,20260327,9.4484,9.8863,,1042150.6621,
603798.SH,20260327,1.3273,2.8227,,355952.1142,
600862.SH,20260327,0.9051,1.6315,,2968587.647,
300159.SZ,20260327,0.9673,1.0794,,1003578.4145,
000034.SZ,20260327,2.0993,2.2428,,2519033.1745,
600721.SH,20260327,10.7823,14.2965,,384547.635,
002608.SZ,20260327,1.1408,6.4918,,3347378.6177,
920509.BJ,20260327,1.3685,1.9969,,461359.7931,
600641.SH,20260327,3.8764,5.5476,,1741208.5803,
601139.SH,20260327,1.8948,7.7486,,2117282.4263,
600993.SH,20260327,0.5738,0.8766,,1096601.0987,
300410.SZ,20260327,2.5678,3.2974,,301401.2483,
300301.SZ,20260327,2.6662,2.8825,,294603.413,
300285.SZ,20260327,3.0595,3.2052,,3061935.3262,
300458.SZ,20260327,2.0552,2.3651,,2892297.5465,
605090.SH,20260327,2.0427,4.0264,,2757751.2395,
688686.SH,20260327,0.3963,1.4237,,1099874.6241,
002057.SZ,20260327,1.9669,2.9397,,707142.9162,
002233.SZ,20260327,0.6843,1.1341,,1088437.5209,
688332.SH,20260327,1.5268,4.0685,,1413410.904,
301376.SZ,20260327,1.4676,1.959,,656024.4293,
600020.SH,20260327,0.6455,2.0277,,876475.0145,
300782.SZ,20260327,3.712,4.8916,,4604256.1052,
000636.SZ,20260327,3.3182,5.1493,,2268902.9068,
000826.SZ,20260327,1.9805,2.5067,,303600.2418,
920392.BJ,20260327,1.0158,1.8889,,151724.155,
688290.SH,20260327,0.9553,2.0988,,483050.7781,
688288.SH,20260327,1.0959,2.2977,,237257.1744,
605599.SH,20260327,0.4642,1.2459,,1765555.606,
603082.SH,20260327,1.8902,1.8902,,554007.0593,
688758.SH,20260327,0.5972,1.0085,,722565.1857,
920943.BJ,20260327,1.0517,1.6635,,199489.5078,
688331.SH,20260327,5.535,5.535,,6975812.7349,
920019.BJ,20260327,0.8225,2.4504,,376587.6597,
300569.SZ,20260327,5.2749,6.8228,,730220.0915,
603385.SH,20260327,1.091,2.7198,,253903.5337,
002812.SZ,20260327,5.0279,7.3224,,7088045.9006,
000017.SZ,20260327,1.1797,2.1716,,472780.864,
600965.SH,20260327,1.147,2.983,,461747.3386,
301577.SZ,20260327,4.9569,4.9569,,277832.015,
301565.SZ,20260327,2.3721,3.1301,,847621.19,
688559.SH,20260327,3.5258,4.7234,,1298257.3906,
600780.SH,20260327,11.132,27.0351,,916055.5159,
601166.SH,20260327,0.2775,0.3883,,39574540.7107,
603344.SH,20260327,2.379,2.379,,534571.133,
600629.SH,20260327,2.0946,4.2742,,1996956.9602,
600343.SH,20260327,3.6901,6.5642,,1890367.2028,
920436.BJ,20260327,0.6523,1.7445,,129621.072,
001296.SZ,20260327,1.7082,2.268,,363955.1122,
301052.SZ,20260327,3.8002,4.1077,,336065.9152,
002294.SZ,20260327,1.1118,2.6689,,6898484.7186,
000014.SZ,20260327,8.7421,13.249,,371298.9076,
002055.SZ,20260327,2.8884,3.0828,,343350.3297,
603586.SH,20260327,1.7236,4.2737,,353091.0568,
002054.SZ,20260327,3.3512,3.744,,421851.0205,
600136.SH,20260327,8.8722,14.2996,,428573.4455,
300496.SZ,20260327,2.0799,2.2681,,2735598.2819,
600085.SH,20260327,0.8146,1.713,,3878517.9009,
002953.SZ,20260327,1.7404,2.3758,,574165.0289,
920839.BJ,20260327,1.1683,2.3415,,376735.1776,
002138.SZ,20260327,1.3277,1.4333,,2812438.4188,
002840.SZ,20260327,7.7467,13.4096,,911261.0224,
300370.SZ,20260327,1.1418,1.4258,,421086.2045,
600088.SH,20260327,0.6861,1.5914,,564345.3816,
300380.SZ,20260327,1.1813,1.94,,491735.5056,
002409.SZ,20260327,2.5291,3.0278,,3960194.2086,
301538.SZ,20260327,3.1608,3.6665,,614420.8,
600558.SH,20260327,1.2219,1.834,,499068.286,
002208.SZ,20260327,3.1865,7.8406,,1011344.4945,
002254.SZ,20260327,1.738,2.7269,,914480.0143,
601068.SH,20260327,0.5151,4.4553,,1706054.5085,
301057.SZ,20260327,2.6864,3.9402,,393836.0977,
300120.SZ,20260327,1.1125,1.2008,,450899.2343,
603880.SH,20260327,2.5711,4.8738,,207532.156,
300218.SZ,20260327,1.2851,2.0329,,336112.863,
603595.SH,20260327,0.8273,1.6372,,358658.509,
920119.BJ,20260327,2.3816,2.3816,,620404.3427,
000560.SZ,20260327,3.2061,4.3315,,687806.2485,
301555.SZ,20260327,5.0392,6.1719,,316013.4475,
688619.SH,20260327,1.5736,3.3421,,275560.9304,
300182.SZ,20260327,3.9361,4.2261,,1523708.2615,
603956.SH,20260327,1.0253,1.8256,,327696.1145,
688287.SH,20260327,4.331,8.7846,,118935.5076,
001222.SZ,20260327,1.0244,1.4383,,375098.85,
300338.SZ,20260327,2.2455,2.4916,,149776.3854,
002222.SZ,20260327,4.6529,5.7208,,3075435.0,
002240.SZ,20260327,6.1056,8.1289,,3865286.0215,
603055.SH,20260327,0.6065,2.0429,,851120.2877,
600285.SH,20260327,1.1737,1.4957,,1263533.3028,
002062.SZ,20260327,1.0126,1.5967,,910631.3743,
600854.SH,20260327,1.466,2.1623,,267521.1471,
603088.SH,20260327,4.933,9.114,,609396.6028,
002995.SZ,20260327,10.4494,14.0972,,419679.8452,
300776.SZ,20260327,3.0228,3.8782,,2080505.2498,
600293.SH,20260327,2.5602,3.5752,,382847.8652,
301049.SZ,20260327,4.3909,7.3215,,212070.0015,
300228.SZ,20260327,3.6255,3.6894,,550228.9306,
002791.SZ,20260327,2.0979,2.6495,,720863.7715,
688388.SH,20260327,6.964,8.7291,,1859066.7637,
300554.SZ,20260327,3.857,4.4313,,251722.3157,
605133.SH,20260327,0.7872,1.7224,,753579.7901,
300091.SZ,20260327,0.5966,0.9313,,846929.43,
601033.SH,20260327,3.7472,3.7472,,1455300.0,
301038.SZ,20260327,0.8902,2.8047,,458206.32,
301239.SZ,20260327,0.6042,1.1536,,504365.8108,
300606.SZ,20260327,8.9355,12.9873,,498328.8693,
301031.SZ,20260327,2.0518,2.622,,1394802.7013,
000868.SZ,20260327,2.2544,3.3677,,435934.837,
300907.SZ,20260327,1.4661,3.8082,,272160.0,
300702.SZ,20260327,3.534,5.155,,798607.5799,
001319.SZ,20260327,2.0417,2.6916,,344733.2,
000715.SZ,20260327,1.4058,2.486,,309669.0384,
603535.SH,20260327,0.5292,1.551,,430704.0721,
300001.SZ,20260327,2.0837,3.0928,,3043115.2266,
000887.SZ,20260327,0.9676,1.627,,2394694.8498,
605577.SH,20260327,0.6758,3.2873,,566666.6674,
603106.SH,20260327,0.82,1.8481,,470550.08,
688568.SH,20260327,0.9685,2.2569,,4835544.2094,
601101.SH,20260327,1.8722,5.1022,,1264318.179,
000795.SZ,20260327,1.1725,2.2604,,993107.2742,
603567.SH,20260327,1.2036,3.1667,,662461.5466,
301188.SZ,20260327,1.9729,3.1835,,455347.3187,
603939.SH,20260327,0.4497,0.9292,,2921864.6212,
300441.SZ,20260327,0.4805,0.9192,,459468.5139,
301349.SZ,20260327,6.834,16.542,,561000.0,
920662.BJ,20260327,4.5591,4.8799,,217036.455,
600575.SH,20260327,1.5076,4.1048,,2888217.2445,
000509.SZ,20260327,7.9069,13.2993,,459298.8063,
603081.SH,20260327,0.6342,1.0865,,497281.4984,
601698.SH,20260327,0.7283,3.3108,,13433545.6102,
002847.SZ,20260327,1.0049,2.4852,,1624804.2675,
920504.BJ,20260327,1.1915,1.4707,,92559.5016,
301536.SZ,20260327,3.4655,3.7123,,2918269.4054,
300977.SZ,20260327,2.0305,4.96,,285881.7933,
300185.SZ,20260327,12.1308,14.7798,,1449739.3,
002746.SZ,20260327,2.0754,3.1998,,524928.6235,
301003.SZ,20260327,3.3847,6.4147,,498099.6803,
600066.SH,20260327,0.9687,1.6603,,7120028.5412,
300870.SZ,20260327,3.8774,8.3022,,2700580.368,
301068.SZ,20260327,1.4629,2.2217,,450231.954,
920082.BJ,20260327,1.7521,1.7594,,217305.725,
600782.SH,20260327,1.344,2.5217,,1149431.9958,
301018.SZ,20260327,3.4434,6.557,,2382234.6581,
300259.SZ,20260327,2.4047,4.3268,,550976.514,
603676.SH,20260327,0.5375,2.2642,,458660.221,
605303.SH,20260327,2.0282,4.8151,,277005.8669,
301413.SZ,20260327,3.7904,3.7904,,1135460.5049,
688539.SH,20260327,1.7687,2.2328,,661689.28,
688479.SH,20260327,1.8295,2.3255,,447672.5748,
000552.SZ,20260327,2.7996,4.9315,,1498506.9781,
688719.SH,20260327,4.0192,4.0192,,500426.5579,
002709.SZ,20260327,9.4027,11.0755,,9378274.1077,
920857.BJ,20260327,0.8427,2.8119,,190790.4379,
000068.SZ,20260327,1.622,2.8479,,345288.3122,
301135.SZ,20260327,1.7756,2.45,,278227.008,
002079.SZ,20260327,2.0486,2.6652,,771700.3544,
603026.SH,20260327,13.7581,20.2314,,2183899.0164,
688335.SH,20260327,1.2036,2.2564,,512791.8267,
002558.SZ,20260327,1.2319,2.0523,,6110306.7368,
603205.SH,20260327,1.3626,1.3626,,396708.0,
002081.SZ,20260327,0.7466,1.4753,,884222.7884,
300423.SZ,20260327,3.5979,4.2819,,424874.6417,
603102.SH,20260327,1.1663,2.0813,,267136.0,
300359.SZ,20260327,1.1889,1.8841,,314766.7107,
002452.SZ,20260327,13.834,14.5287,,700975.2561,
688088.SH,20260327,1.1427,1.9353,,1574994.9904,
002853.SZ,20260327,2.1094,3.1808,,444119.9217,
920086.BJ,20260327,7.4366,7.4366,,266939.2,
002044.SZ,20260327,1.9928,2.6327,,2215467.7204,
000151.SZ,20260327,1.2057,1.8279,,414069.4175,
600230.SH,20260327,4.5588,8.444,,755892.8134,
301552.SZ,20260327,1.8521,1.8521,,350907.2,
688528.SH,20260327,1.4231,4.2228,,180600.0,
605028.SH,20260327,4.2636,17.0543,,466080.0,
600237.SH,20260327,2.8704,3.7908,,537990.6442,
002465.SZ,20260327,1.9988,2.74,,3653259.5715,
300732.SZ,20260327,1.7271,2.9764,,259021.4903,
002428.SZ,20260327,12.1753,15.2206,,3354424.32,
600007.SH,20260327,0.1477,0.7634,,2028667.0235,
000756.SZ,20260327,1.8982,3.6856,,1040845.0519,
688701.SH,20260327,1.9518,3.8938,,128771.9997,
688118.SH,20260327,2.5647,3.2041,,251861.8084,
300068.SZ,20260327,5.235,5.9982,,1227169.7304,
920491.BJ,20260327,1.484,1.5973,,320253.8754,
603829.SH,20260327,5.6438,14.452,,543897.1843,
002646.SZ,20260327,0.7585,1.3032,,387598.351,
003025.SZ,20260327,1.6323,2.7387,,388448.4673,
300552.SZ,20260327,2.3579,2.9043,,557982.4872,
300801.SZ,20260327,5.5535,8.4897,,578839.5,
601369.SH,20260327,0.4803,1.261,,1752773.5584,
002518.SZ,20260327,1.109,2.7318,,2695119.9601,
600597.SH,20260327,0.3761,0.7776,,1039369.2173,
603515.SH,20260327,0.2519,1.6804,,1410608.6872,
603105.SH,20260327,12.3297,20.5877,,624011.3593,
603132.SH,20260327,1.1961,7.3294,,1636194.0,
002913.SZ,20260327,1.9225,5.8181,,1472870.0991,
600956.SH,20260327,2.0053,16.2791,,4341210.7362,
601818.SH,20260327,0.33,0.9724,,19320975.1969,
600926.SH,20260327,0.2815,0.4152,,12011597.222,
002166.SZ,20260327,1.3803,2.3091,,651874.6846,
920047.BJ,20260327,1.4221,1.5563,,671692.0643,
000529.SZ,20260327,0.72,1.625,,335679.4398,
300559.SZ,20260327,7.4783,10.0771,,550531.0733,
603189.SH,20260327,1.5736,2.5983,,510524.573,
688426.SH,20260327,6.4291,6.4291,,227462.2938,
600006.SH,20260327,0.5845,1.4652,,1278000.0,
603520.SH,20260327,15.4898,19.9448,,477866.7703,
300703.SZ,20260327,2.0905,3.1255,,351764.088,
002983.SZ,20260327,1.4862,2.9759,,505253.8631,
002668.SZ,20260327,0.5925,1.1895,,975700.2852,
920694.BJ,20260327,1.1061,2.041,,227060.0902,
600960.SH,20260327,1.6581,3.0014,,486663.9452,
601099.SH,20260327,1.0043,1.1273,,2569751.2715,
600526.SH,20260327,1.1507,2.0776,,487009.1563,
300938.SZ,20260327,4.6574,6.7718,,989325.6619,
002968.SZ,20260327,1.3472,2.7461,,260672.006,
300793.SZ,20260327,0.9888,1.3752,,536949.5114,
002378.SZ,20260327,8.8413,20.5739,,3897398.9085,
600488.SH,20260327,3.5701,8.1356,,472786.9324,
001268.SZ,20260327,1.1749,1.6495,,318835.0686,
601198.SH,20260327,0.5154,0.937,,4063184.0186,
600276.SH,20260327,1.5538,2.5493,,36624068.9047,
605333.SH,20260327,0.3811,1.6504,,1161957.1766,
002035.SZ,20260327,3.4457,4.2989,,551822.5053,
605081.SH,20260327,1.373,1.9061,,88332.7162,
301317.SZ,20260327,7.7661,9.0483,,799311.15,
301306.SZ,20260327,17.2481,25.608,,1271992.4,
688348.SH,20260327,5.4394,14.6604,,1049559.2535,
002114.SZ,20260327,3.1656,4.3601,,278443.3249,
688590.SH,20260327,1.8766,2.5691,,378077.5781,
002301.SZ,20260327,1.1174,1.9447,,499145.0896,
603639.SH,20260327,1.5118,4.3998,,468178.988,
600130.SH,20260327,1.8048,2.1691,,327000.0,
605377.SH,20260327,3.358,6.2828,,502673.252,
300094.SZ,20260327,2.9339,3.8126,,368910.6917,
300862.SZ,20260327,1.6332,1.8627,,394528.4566,
000692.SZ,20260327,24.1243,34.4584,,258956.8263,
688408.SH,20260327,2.8711,4.8482,,844498.9905,
600299.SH,20260327,1.2411,8.7195,,4283972.9465,
000802.SZ,20260327,1.1175,1.4413,,287791.9025,
301225.SZ,20260327,5.1424,5.1424,,1014364.56,
301170.SZ,20260327,3.1172,3.1172,,280500.0,
002207.SZ,20260327,9.2815,13.2864,,258386.6027,
600784.SH,20260327,3.31,5.1765,,494577.4668,
601996.SH,20260327,1.9448,3.2931,,275744.9463,
001212.SZ,20260327,1.6947,2.3202,,1016855.6974,
688296.SH,20260327,2.0365,3.4959,,150734.428,
002673.SZ,20260327,0.446,0.8423,,3249385.8995,
603926.SH,20260327,0.9669,1.9113,,419673.3005,
002448.SZ,20260327,3.0161,3.0161,,850251.9385,
300347.SZ,20260327,2.6598,2.9568,,4602184.2373,
600370.SH,20260327,5.1403,27.4675,,1013136.9864,
603690.SH,20260327,1.7499,2.4127,,955878.768,
600783.SH,20260327,1.8115,5.5523,,1538590.6607,
920706.BJ,20260327,4.1427,5.9195,,215858.6523,
600511.SH,20260327,0.7555,1.3835,,2182777.1732,
920066.BJ,20260327,1.0724,1.0724,,136140.3041,
002660.SZ,20260327,1.1159,2.0359,,307411.6284,
600288.SH,20260327,0.825,0.9093,,621566.4,
603122.SH,20260327,2.9244,6.3577,,612204.9496,
600079.SH,20260327,0.6145,0.9669,,3040836.9728,
920556.BJ,20260327,1.9226,2.6354,,157282.32,
300996.SZ,20260327,1.6003,2.0523,,441696.187,
301202.SZ,20260327,3.347,3.511,,506589.6,
603776.SH,20260327,0.5105,0.8231,,502280.6633,
300384.SZ,20260327,1.6512,2.3625,,482019.9774,
603538.SH,20260327,9.8143,13.3582,,863723.7426,
002302.SZ,20260327,0.9888,2.6093,,738477.2678,
688739.SH,20260327,0.4062,0.896,,1015721.55,
688523.SH,20260327,5.0049,5.0049,,2356648.96,
301219.SZ,20260327,2.2927,3.0837,,1818110.2958,
920871.BJ,20260327,4.5268,7.5991,,122677.57,
300160.SZ,20260327,4.2741,6.7874,,466086.6141,
002356.SZ,20260327,2.5137,3.1653,,472051.6276,
600201.SH,20260327,1.9661,2.2631,,1551999.9651,
002399.SZ,20260327,0.3961,1.7744,,1631633.3788,
000630.SZ,20260327,2.043,3.1197,,7857950.3049,
002899.SZ,20260327,1.2379,1.7531,,425655.2909,
002780.SZ,20260327,3.0431,3.2461,,244073.8884,
000999.SZ,20260327,0.7633,2.0787,,4653153.131,
688160.SH,20260327,1.3062,3.26,,952012.3511,
600713.SH,20260327,0.7127,1.6211,,666226.4113,
002213.SZ,20260327,18.381,22.8077,,728366.2496,
603071.SH,20260327,1.2353,4.2677,,831352.1186,
000531.SZ,20260327,7.4757,15.6907,,835203.8683,
920169.BJ,20260327,3.3543,5.399,,234966.6617,
301578.SZ,20260327,3.4409,3.4409,,268412.878,
300111.SZ,20260327,5.6788,8.1103,,538054.0785,
300607.SZ,20260327,3.4533,3.8753,,1207694.1472,
002011.SZ,20260327,0.8326,1.5162,,1300359.3382,
601998.SH,20260327,0.1656,1.3736,,46296775.0036,
002413.SZ,20260327,6.7094,6.7094,,1679520.7429,
300145.SZ,20260327,2.9791,4.3659,,844906.4958,
002690.SZ,20260327,0.8863,1.2841,,1591540.9356,
002244.SZ,20260327,0.7226,1.7347,,3049215.0122,
300753.SZ,20260327,4.4564,5.1822,,354699.072,
605155.SH,20260327,1.3352,3.4994,,308181.2391,
002403.SZ,20260327,0.8708,1.8855,,362098.8095,
300037.SZ,20260327,6.0201,6.9559,,4461882.9976,
001217.SZ,20260327,1.7244,4.6712,,404881.4,
000680.SZ,20260327,1.9925,2.9191,,1749166.2856,
605318.SH,20260327,2.7208,9.5743,,955540.6128,
603231.SH,20260327,1.4278,1.7913,,330458.4152,
300967.SZ,20260327,2.5413,3.926,,336690.3399,
301328.SZ,20260327,0.6322,1.991,,514302.0199,
301027.SZ,20260327,5.6691,6.1088,,325605.0,
300969.SZ,20260327,4.3324,7.4653,,1413472.7489,
301039.SZ,20260327,0.83,1.665,,1673593.1071,
688631.SH,20260327,2.0366,2.6885,,877180.02,
001317.SZ,20260327,4.2885,10.4686,,416876.5679,
605305.SH,20260327,4.7848,6.6499,,892584.0,
300558.SZ,20260327,2.0131,3.4281,,1820936.0725,
000707.SZ,20260327,2.9063,3.6866,,359601.0737,
603138.SH,20260327,2.8643,5.1549,,552480.6948,
600732.SH,20260327,2.9359,4.3397,,3216102.633,
002599.SZ,20260327,1.5504,1.758,,379268.0083,
920006.BJ,20260327,1.3563,1.8435,,196645.5216,
002423.SZ,20260327,0.5107,1.3721,,2472305.282,
600855.SH,20260327,1.1367,2.0466,,789494.4967,
600379.SH,20260327,0.9744,1.746,,383033.8142,
301175.SZ,20260327,4.0384,4.0384,,961137.64,
920985.BJ,20260327,2.2464,3.6503,,240153.5312,
600838.SH,20260327,5.1024,7.5699,,420525.1981,
300300.SZ,20260327,10.0479,13.3276,,847562.6158,
002305.SZ,20260327,1.7585,2.9552,,374590.6063,
300769.SZ,20260327,13.0633,14.8424,,1332013.8946,
688768.SH,20260327,2.2754,3.4778,,401316.52,
688349.SH,20260327,0.6925,2.6801,,2989973.4762,
920564.BJ,20260327,4.7782,7.6582,,210997.3745,
002833.SZ,20260327,1.896,2.6572,,767011.7543,
600320.SH,20260327,1.1024,2.0308,,2476126.1455,
688552.SH,20260327,6.6472,6.6472,,1379681.568,
603116.SH,20260327,0.7923,1.7773,,324977.2512,
000060.SZ,20260327,2.077,2.9697,,2726879.8892,
688120.SH,20260327,1.1466,1.5952,,6043205.2222,
300873.SZ,20260327,1.1487,1.8236,,509168.728,
300641.SZ,20260327,6.7322,15.4468,,1117308.2661,
300232.SZ,20260327,3.3929,3.7446,,766650.2415,
002367.SZ,20260327,6.0892,11.5556,,555230.8374,
300913.SZ,20260327,1.5276,4.6476,,1644321.0326,
002124.SZ,20260327,1.7056,1.7805,,533264.1197,
603858.SH,20260327,0.5599,1.2823,,1718946.5605,
300488.SZ,20260327,1.6183,3.7335,,509120.2214,
301185.SZ,20260327,1.7252,2.4068,,284436.2304,
600029.SH,20260327,0.7541,2.4956,,10437652.3985,
000519.SZ,20260327,2.5769,4.401,,2402164.244,
002379.SZ,20260327,1.4353,1.8635,,35249174.7364,
920009.BJ,20260327,5.3301,5.3301,,365574.0,
300649.SZ,20260327,2.0537,2.548,,190017.8339,
920132.BJ,20260327,2.2576,2.5985,,110155.92,
688418.SH,20260327,3.6002,5.2696,,797561.294,
605008.SH,20260327,0.248,1.4178,,777092.784,
603777.SH,20260327,3.0188,7.7001,,463846.3182,
000596.SZ,20260327,0.5542,1.6505,,5511183.6,
600195.SH,20260327,0.9786,1.9971,,761776.602,
600456.SH,20260327,1.7437,3.446,,1601988.0883,
300680.SZ,20260327,1.9827,2.1945,,870103.134,
603213.SH,20260327,4.0876,16.9826,,632462.44,
301567.SZ,20260327,4.3922,4.3922,,303696.0,
000895.SZ,20260327,0.3703,1.2486,,9680263.4291,
603882.SH,20260327,1.1096,1.8607,,1192426.7999,
000590.SZ,20260327,1.7922,3.1776,,288083.9342,
301380.SZ,20260327,1.5974,2.844,,324455.7856,
600219.SH,20260327,1.6654,3.1389,,6775383.9198,
000731.SZ,20260327,6.5601,7.5515,,426437.7243,
688046.SH,20260327,0.8853,1.8049,,599830.0,
000818.SZ,20260327,3.9605,5.4322,,1409760.0833,
603155.SH,20260327,1.5569,6.1008,,498311.5704,
301327.SZ,20260327,8.3925,30.3949,,1330180.9836,
002080.SZ,20260327,1.8425,4.634,,6725919.3247,
300715.SZ,20260327,2.9794,5.0981,,531167.8792,
603968.SH,20260327,2.4432,4.7298,,264392.64,
688081.SH,20260327,1.26,2.5551,,388769.92,
600876.SH,20260327,2.3273,6.0474,,689580.8605,
300990.SZ,20260327,2.8976,4.481,,1329664.4743,
603633.SH,20260327,1.1887,1.7913,,324376.2217,
001323.SZ,20260327,0.577,2.1639,,1053765.6104,
002987.SZ,20260327,0.8928,2.121,,1411357.6673,
603602.SH,20260327,0.9077,1.3103,,302223.2022,
001359.SZ,20260327,1.5166,1.5166,,1300748.193,
002106.SZ,20260327,1.3283,1.8519,,774986.1437,
001207.SZ,20260327,4.0104,7.6875,,668202.1986,
688148.SH,20260327,5.0347,6.3164,,431606.4028,
300895.SZ,20260327,12.4295,25.3347,,921540.3001,
600998.SH,20260327,0.5242,1.1329,,2566617.3491,
600158.SH,20260327,8.9462,12.3976,,1037233.6254,
300155.SZ,20260327,2.3211,3.27,,269950.5449,
002226.SZ,20260327,0.7469,1.8261,,1472801.1074,
301005.SZ,20260327,6.6895,12.2811,,1918589.8472,
002566.SZ,20260327,2.5197,2.9282,,266746.9896,
301111.SZ,20260327,1.9017,4.004,,304000.0,
000906.SZ,20260327,0.8638,1.6163,,403798.3489,
600979.SH,20260327,11.6431,18.0056,,707789.5736,
002787.SZ,20260327,4.1181,5.1634,,425339.1041,
000768.SZ,20260327,0.6475,1.4312,,6961216.1247,
688586.SH,20260327,1.1873,3.072,,1114996.8708,
600436.SH,20260327,0.1741,0.3557,,9226530.0925,
601788.SH,20260327,0.2938,0.6409,,7036061.9371,
688795.SH,20260327,4.0913,4.0913,,25969058.9893,
300509.SZ,20260327,3.817,7.2652,,346491.6,
600707.SH,20260327,0.452,1.2511,,2041793.7575,
920087.BJ,20260327,3.6393,8.0513,,252260.4,
600153.SH,20260327,0.3724,0.6999,,2624082.3887,
603839.SH,20260327,0.7069,2.6692,,291810.2148,
002698.SZ,20260327,0.8769,1.3222,,1358984.2455,
300671.SZ,20260327,3.5458,5.1551,,846803.2095,
000678.SZ,20260327,1.6552,3.0111,,531770.8491,
002321.SZ,20260327,1.1189,1.8704,,462837.1454,
002872.SZ,20260327,1.594,1.6062,,165042.0,
688696.SH,20260327,1.7348,2.2574,,649855.62,
301190.SZ,20260327,1.1369,2.3576,,486580.9455,
688308.SH,20260327,6.0624,10.3296,,1263108.4871,
000626.SZ,20260327,2.9433,7.2056,,423033.4314,
603042.SH,20260327,10.7318,13.9339,,328727.4025,
688377.SH,20260327,0.8537,1.3316,,721929.8559,
002017.SZ,20260327,1.2674,2.2728,,1112107.5376,
000525.SZ,20260327,2.32,2.9494,,787107.7588,
300351.SZ,20260327,2.6693,3.6416,,608247.3746,
001331.SZ,20260327,5.1711,21.0151,,1590704.64,
688327.SH,20260327,1.8869,1.8869,,1330380.6541,
300139.SZ,20260327,12.7477,13.51,,1595502.0,
600171.SH,20260327,0.862,1.1514,,1955210.4697,
601579.SH,20260327,0.8286,2.0033,,791594.0883,
600476.SH,20260327,2.0725,3.4164,,175244.16,
300492.SZ,20260327,0.5009,1.4417,,1144683.7576,
600352.SH,20260327,0.9519,1.2702,,4326931.3738,
688230.SH,20260327,1.005,4.0198,,734764.8,
600706.SH,20260327,1.8225,2.7219,,257100.2633,
300260.SZ,20260327,2.5334,4.0507,,1944422.5935,
301517.SZ,20260327,2.3453,3.8217,,813808.3418,
301193.SZ,20260327,1.6105,3.6579,,438566.1457,
300101.SZ,20260327,1.7354,2.4547,,1146033.7026,
000669.SZ,20260327,6.164,7.7738,,341565.2161,
605389.SH,20260327,0.8244,3.3095,,1056878.6585,
600477.SH,20260327,1.3747,2.2531,,761946.8048,
000928.SZ,20260327,1.3344,2.5989,,964081.1853,
002969.SZ,20260327,6.7084,13.5912,,2745140.7793,
688337.SH,20260327,2.22,5.6204,,788293.3795,
688091.SH,20260327,3.833,7.1562,,1186892.3009,
002662.SZ,20260327,1.1703,2.0187,,570000.0,
600482.SH,20260327,1.6122,3.2076,,7165390.2765,
603713.SH,20260327,0.9435,1.7814,,927732.2237,
301210.SZ,20260327,3.4289,3.4289,,439889.8139,
300798.SZ,20260327,5.2817,6.7605,,437910.8913,
688538.SH,20260327,1.0156,1.3223,,3189980.0914,
002888.SZ,20260327,2.4226,3.5812,,273435.599,
301082.SZ,20260327,1.8317,3.578,,394230.5811,
603307.SH,20260327,0.8643,3.4065,,257671.445,
920729.BJ,20260327,1.0965,1.1198,,212939.65,
688028.SH,20260327,3.5466,5.7659,,1339219.528,
002319.SZ,20260327,4.0069,5.4147,,236703.9363,
603032.SH,20260327,2.7056,5.331,,429138.416,
600549.SH,20260327,5.9236,9.4074,,9325479.1419,
000683.SZ,20260327,0.8845,1.1719,,3192758.31,
600917.SH,20260327,0.8404,1.8659,,871060.1861,
600874.SH,20260327,1.6852,4.0273,,995645.0659,
688372.SH,20260327,5.4919,7.9192,,1919217.2825,
300825.SZ,20260327,0.9399,1.0619,,416859.8826,
600067.SH,20260327,2.2435,3.5083,,570584.183,
002039.SZ,20260327,10.1831,16.8886,,873928.8095,
920273.BJ,20260327,1.269,2.3167,,225118.8733,
301186.SZ,20260327,5.4586,15.3438,,450112.0198,
688721.SH,20260327,1.7072,1.7072,,528660.0,
300409.SZ,20260327,3.5309,3.6326,,1947017.644,
920579.BJ,20260327,1.6001,1.6001,,227496.36,
000930.SZ,20260327,2.8106,6.3541,,1280945.2532,
002346.SZ,20260327,1.1107,2.2943,,856214.7316,
600351.SH,20260327,1.8036,2.0882,,450492.0299,
300723.SZ,20260327,4.0016,10.8639,,1466646.4112,
002178.SZ,20260327,1.6225,2.2192,,434413.3306,
003035.SZ,20260327,2.5364,9.7761,,3200757.575,
600803.SH,20260327,0.4396,1.6267,,6925271.2844,
605055.SH,20260327,1.4214,5.4705,,404800.0,
603338.SH,20260327,0.3886,0.8895,,2492750.6083,
605111.SH,20260327,3.1998,4.1404,,1579925.0849,
301029.SZ,20260327,1.7061,2.3151,,1463105.6566,
688611.SH,20260327,0.4757,1.091,,813731.828,
003022.SZ,20260327,1.7183,6.6347,,2643089.072,
603257.SH,20260327,4.1419,4.1419,,663600.0,
000558.SZ,20260327,1.5457,2.2054,,593043.0165,
300334.SZ,20260327,2.1756,3.6326,,227455.2131,
600458.SH,20260327,1.3225,2.3901,,1201602.7943,
002584.SZ,20260327,2.619,2.7078,,463491.4062,
002318.SZ,20260327,0.4853,0.7772,,2969621.8181,
000823.SZ,20260327,3.1797,4.5744,,709378.9855,
920429.BJ,20260327,1.4817,2.909,,160698.516,
000551.SZ,20260327,1.4095,2.1882,,642271.286,
600792.SH,20260327,8.0052,24.5484,,571610.654,
603382.SH,20260327,1.8841,1.8841,,494816.2346,
300176.SZ,20260327,2.6296,3.5107,,272645.6832,
000016.SZ,20260327,1.7603,2.6203,,780174.3122,
300339.SZ,20260327,1.7445,1.8431,,3145822.822,
600287.SH,20260327,1.17,2.5093,,253341.7229,
688387.SH,20260327,2.9987,5.3381,,4858043.75,
600151.SH,20260327,1.7026,2.734,,1868830.73,
000536.SZ,20260327,1.457,2.5113,,1194926.1709,
002885.SZ,20260327,5.1463,7.4243,,668623.077,
688269.SH,20260327,0.6378,0.8585,,495237.456,
001388.SZ,20260327,3.5905,3.5905,,629772.0,
002289.SZ,20260327,0.3909,0.6519,,725016.4073,
600901.SH,20260327,0.5046,1.276,,3753129.4473,
002353.SZ,20260327,1.7324,2.0831,,10054264.2801,
300435.SZ,20260327,2.314,3.4957,,1014425.19,
300084.SZ,20260327,11.8386,12.7812,,572955.4162,
002365.SZ,20260327,3.5907,3.9755,,409608.675,
300653.SZ,20260327,1.3792,2.447,,351000.0,
002206.SZ,20260327,1.6416,1.8665,,705459.7825,
603045.SH,20260327,2.7594,3.7422,,392249.1689,
002363.SZ,20260327,1.1913,2.0639,,332265.5549,
688535.SH,20260327,4.8452,4.8485,,1046556.1207,
600640.SH,20260327,0.5662,1.8491,,936534.1214,
002695.SZ,20260327,1.1394,3.1165,,608829.3515,
301315.SZ,20260327,2.7164,2.7164,,425920.0,
000628.SZ,20260327,2.9297,3.4068,,1726172.0,
003029.SZ,20260327,1.2191,1.9287,,413960.0453,
300571.SZ,20260327,8.7151,11.1303,,453466.9555,
001389.SZ,20260327,10.2051,10.2051,,5426992.7387,
600841.SH,20260327,1.7221,5.4777,,1210180.5956,
300968.SZ,20260327,0.7535,1.6093,,478280.66,
300634.SZ,20260327,1.4936,2.5053,,1065760.1458,
300295.SZ,20260327,1.9647,2.1014,,186390.2809,
688370.SH,20260327,0.4392,1.3764,,322203.5157,
301106.SZ,20260327,0.9677,3.0671,,293069.5765,
300126.SZ,20260327,2.0973,3.0801,,237694.8432,
920578.BJ,20260327,3.6508,3.6508,,144774.9306,
301093.SZ,20260327,1.5255,2.742,,1450392.9448,
600827.SH,20260327,0.4847,1.1057,,1487996.2096,
300718.SZ,20260327,2.0084,3.0747,,2068447.2247,
600330.SH,20260327,8.985,11.0784,,2072169.8189,
300378.SZ,20260327,2.8558,3.5533,,1021034.8808,
000708.SZ,20260327,0.1756,1.0874,,8287433.661,
603501.SH,20260327,0.6409,1.0178,,12739131.9187,
603399.SH,20260327,9.3158,13.2402,,600404.6406,
301616.SZ,20260327,2.2668,3.219,,375200.0,
603288.SH,20260327,1.0061,3.8486,,23231745.0277,
300158.SZ,20260327,4.6389,6.6724,,617212.5008,
688017.SH,20260327,2.1591,3.3011,,3440373.1258,
002626.SZ,20260327,0.946,2.0299,,1089343.501,
600816.SH,20260327,0.5354,0.8517,,2530023.2013,
688670.SH,20260327,1.4064,3.9259,,216955.2,
301179.SZ,20260327,6.9864,13.669,,944291.6736,
002909.SZ,20260327,2.1297,3.5478,,258570.0,
688638.SH,20260327,6.8363,6.8363,,231392.0,
002043.SZ,20260327,0.8665,1.4147,,1214760.5587,
688563.SH,20260327,1.3876,1.3876,,2711250.0,
000833.SZ,20260327,11.8504,14.5015,,2053330.4858,
600833.SH,20260327,1.1616,2.11,,267034.3574,
603680.SH,20260327,0.3708,2.3093,,1010213.4907,
002188.SZ,20260327,3.2148,4.1923,,218832.485,
000778.SZ,20260327,1.0489,1.7566,,1795321.5751,
920027.BJ,20260327,0.906,0.9999,,144783.998,
300596.SZ,20260327,1.5737,2.3441,,971980.0504,
920092.BJ,20260327,2.3571,4.1876,,185990.7812,
920185.BJ,20260327,1.0015,3.729,,3482862.6179,
688529.SH,20260327,0.636,1.1284,,291112.5746,
688616.SH,20260327,1.0735,2.3666,,242340.036,
603289.SH,20260327,2.1194,5.79,,314806.4421,
000029.SZ,20260327,0.2913,0.9511,,1943398.86,
002016.SZ,20260327,1.2064,3.0373,,468466.3709,
300760.SZ,20260327,0.6518,1.343,,20563006.0422,
301603.SZ,20260327,5.4285,6.0768,,840851.88,
301216.SZ,20260327,1.6424,2.596,,1417981.0362,
601899.SH,20260327,1.1079,1.5722,,86336863.5056,
002887.SZ,20260327,4.1445,7.3553,,349437.5606,
002392.SZ,20260327,0.7775,1.0381,,828581.6239,
300573.SZ,20260327,2.4212,2.6684,,1631363.4687,
002713.SZ,20260327,4.9148,6.6221,,1119803.9016,
000963.SZ,20260327,1.11,2.6508,,6222258.3367,
600715.SH,20260327,0.9475,1.2648,,811970.7,
300650.SZ,20260327,2.9097,3.5068,,365000.8401,
301370.SZ,20260327,0.6295,1.2168,,488482.8,
688173.SH,20260327,1.1517,2.109,,577945.5108,
002511.SZ,20260327,0.9315,1.9018,,1075411.8517,
300061.SZ,20260327,1.0394,1.2858,,550918.714,
603367.SH,20260327,2.04,3.867,,751571.8541,
002966.SZ,20260327,0.557,0.6611,,3728532.1172,
000758.SZ,20260327,1.9971,3.1035,,1305728.5941,
920225.BJ,20260327,2.3396,2.8375,,278333.1345,
920106.BJ,20260327,0.6843,1.0686,,371253.36,
688379.SH,20260327,1.2983,2.4707,,430917.7313,
000507.SZ,20260327,4.2452,6.1134,,532526.5042,
000757.SZ,20260327,1.6113,2.3231,,256236.4417,
000876.SZ,20260327,0.427,0.9413,,3710286.0281,
688087.SH,20260327,1.542,2.7565,,773696.3879,
002747.SZ,20260327,1.0988,1.7203,,1948178.2859,
600223.SH,20260327,0.6254,1.3679,,684150.7856,
002685.SZ,20260327,9.2223,10.5076,,737629.5492,
688315.SH,20260327,0.6544,1.8182,,573939.8,
301656.SZ,20260327,15.6876,15.6876,,5497352.0203,
603027.SH,20260327,2.2878,4.3685,,1278467.2701,
603990.SH,20260327,3.2392,4.1096,,461874.3583,
603666.SH,20260327,0.9061,1.4229,,538900.7612,
001339.SZ,20260327,4.8587,6.9981,,1543750.6608,
002006.SZ,20260327,1.3832,1.8758,,913796.8675,
603353.SH,20260327,3.2477,9.8905,,584308.494,
002958.SZ,20260327,1.1416,1.5034,,1705576.3503,
603175.SH,20260327,11.7984,11.7984,,3825317.6467,
002982.SZ,20260327,2.5061,3.2875,,277359.765,
002300.SZ,20260327,3.6135,9.436,,676826.6769,
600657.SH,20260327,0.4398,1.6334,,858415.4571,
002867.SZ,20260327,0.4169,1.1498,,1285201.0893,
300369.SZ,20260327,3.7599,5.0328,,694702.9572,
600858.SH,20260327,1.031,1.8054,,306319.2209,
920394.BJ,20260327,0.9146,2.7483,,693225.0,
301581.SZ,20260327,0.7812,1.7587,,364400.0,
603095.SH,20260327,1.051,3.4284,,456103.4072,
600150.SH,20260327,0.7033,0.9949,,23209016.0522,
300536.SZ,20260327,2.5697,2.7492,,238736.5403,
605319.SH,20260327,2.6602,7.146,,866463.6024,
300595.SZ,20260327,1.0525,1.4262,,1291006.9154,
603255.SH,20260327,1.2031,1.9024,,372011.3676,
000561.SZ,20260327,1.1561,1.8896,,827729.472,
600428.SH,20260327,3.3391,7.1689,,2461296.5943,
600531.SH,20260327,3.4409,4.6939,,1585343.3971,
300546.SZ,20260327,2.3312,2.5853,,401820.1837,
002498.SZ,20260327,4.5755,13.6838,,2881005.336,
000599.SZ,20260327,4.3209,7.3677,,484338.0793,
688796.SH,20260327,8.0955,8.0955,,4150792.525,
688560.SH,20260327,2.5119,4.0362,,303965.8962,
300264.SZ,20260327,4.4897,4.7468,,439043.8108,
688456.SH,20260327,2.6079,4.0946,,542763.76,
300796.SZ,20260327,2.4984,3.5239,,336946.2996,
688506.SH,20260327,0.8344,3.9971,,11840395.3239,
605007.SH,20260327,1.0648,4.9858,,649371.4541,
601678.SH,20260327,6.6733,8.3318,,1067498.0272,
002235.SZ,20260327,8.4245,10.1762,,576674.4226,
002688.SZ,20260327,1.0494,1.5675,,455264.2948,
300506.SZ,20260327,0.8302,0.924,,668604.7909,
688129.SH,20260327,0.5253,1.8166,,281197.5192,
300018.SZ,20260327,2.792,3.2481,,627053.5125,
001221.SZ,20260327,1.9166,1.9166,,2650066.25,
601858.SH,20260327,2.4591,13.4089,,1885342.5,
001313.SZ,20260327,2.6118,8.2618,,529200.0,
000702.SZ,20260327,2.3078,3.0826,,227039.3409,
001387.SZ,20260327,2.0043,2.6407,,240135.8848,
301007.SZ,20260327,1.531,1.8686,,510622.2,
002829.SZ,20260327,2.7319,3.0305,,460713.4265,
300622.SZ,20260327,2.2453,2.6106,,533178.7344,
300229.SZ,20260327,1.6833,2.1951,,1576012.1613,
920455.BJ,20260327,0.7357,1.269,,134329.65,
300360.SZ,20260327,1.1245,1.7102,,841724.3253,
601789.SH,20260327,8.6769,11.8647,,868903.3699,
300115.SZ,20260327,2.058,3.0596,,4328978.207,
300859.SZ,20260327,2.5035,4.0543,,524830.0,
688551.SH,20260327,4.9703,9.8725,,377981.9077,
688380.SH,20260327,1.6067,3.8866,,1683935.19,
688722.SH,20260327,0.8209,1.5003,,379237.3896,
000582.SZ,20260327,1.078,2.4517,,2738587.9142,
002422.SZ,20260327,2.4772,2.9828,,5580402.375,
300505.SZ,20260327,19.9445,21.7552,,866657.3,
002053.SZ,20260327,4.161,15.6361,,1258637.1773,
603237.SH,20260327,0.5222,1.2419,,326549.1938,
688729.SH,20260327,1.4901,1.4901,,6537698.72,
300440.SZ,20260327,4.8309,7.3788,,682569.2798,
301199.SZ,20260327,1.9228,2.2787,,414980.748,
000632.SZ,20260327,3.3555,4.2731,,221121.7958,
001386.SZ,20260327,3.0798,3.0798,,2424492.68,
000504.SZ,20260327,0.7327,1.2343,,332333.2597,
002001.SZ,20260327,1.3866,2.8187,,10587937.6876,
688131.SH,20260327,1.8056,2.6591,,1453760.4596,
300905.SZ,20260327,2.6739,4.3016,,574819.3999,
605366.SH,20260327,6.3609,11.3916,,897145.8212,
688558.SH,20260327,0.7985,2.4643,,373956.0,
603007.SH,20260327,3.4621,3.4621,,590943.5955,
300189.SZ,20260327,12.4337,13.1131,,737280.0,
002266.SZ,20260327,0.8828,1.6813,,2197313.2602,
300623.SZ,20260327,1.283,2.0576,,2280731.058,
603062.SH,20260327,2.217,2.5401,,541404.0,
300585.SZ,20260327,2.2241,3.7278,,259746.6665,
601717.SH,20260327,0.6501,1.0388,,3929665.2459,
603030.SH,20260327,1.1201,1.4753,,323965.6459,
300735.SZ,20260327,0.6362,1.2524,,1631621.4248,
603202.SH,20260327,2.2691,2.2691,,1518720.0,
600699.SH,20260327,1.4909,2.4063,,3777677.0915,
600538.SH,20260327,3.374,3.7456,,345970.9097,
301318.SZ,20260327,1.0275,2.1471,,353941.8832,
300474.SZ,20260327,1.1639,1.4276,,3104358.1846,
301501.SZ,20260327,1.5631,1.5631,,546786.3,
300473.SZ,20260327,2.0648,2.6668,,557008.8476,
600727.SH,20260327,5.6685,8.6195,,412294.8453,
002871.SZ,20260327,2.0473,2.8353,,420847.775,
301373.SZ,20260327,24.3091,25.7624,,770802.6786,
600846.SH,20260327,0.334,0.76,,770955.7107,
600928.SH,20260327,0.3897,1.4595,,1608888.8891,
920974.BJ,20260327,1.5973,1.8379,,123996.6,
002902.SZ,20260327,48.6254,55.9555,,656615.3192,
301019.SZ,20260327,1.07,1.3784,,339659.6221,
300640.SZ,20260327,3.3086,3.8628,,226403.2149,
002460.SZ,20260327,10.8317,12.1342,,16704364.3167,
002520.SZ,20260327,3.1279,4.1632,,420887.5409,
688111.SH,20260327,0.9083,2.1001,,11153366.9525,
600905.SH,20260327,1.0583,2.2683,,12692916.663,
600346.SH,20260327,0.3958,1.582,,15035517.1429,
920870.BJ,20260327,1.4885,2.6319,,187868.0,
600104.SH,20260327,0.3513,1.1566,,16553199.6058,
300319.SZ,20260327,3.1933,4.1158,,1018951.396,
603220.SH,20260327,5.4669,7.5795,,1336038.3717,
301507.SZ,20260327,5.3292,5.3292,,510229.2462,
300695.SZ,20260327,1.3547,4.6552,,685530.4185,
300214.SZ,20260327,2.4131,4.0748,,345887.5448,
920522.BJ,20260327,3.1081,4.0495,,794726.1504,
300446.SZ,20260327,2.0964,2.4474,,1685747.7613,
688272.SH,20260327,3.9495,8.5086,,312968.0,
605001.SH,20260327,1.218,2.4408,,286806.78,
600796.SH,20260327,3.688,5.4823,,575412.9486,
002979.SZ,20260327,1.0658,1.3936,,1120540.4012,
600760.SH,20260327,0.316,0.9627,,13557422.9223,
002907.SZ,20260327,1.7987,4.9993,,574194.9318,
002951.SZ,20260327,1.5902,9.4095,,589680.0,
688101.SH,20260327,0.6534,2.0168,,532547.3539,
605589.SH,20260327,1.1141,1.4944,,2532394.386,
920149.BJ,20260327,1.2741,1.831,,76100.7641,
301486.SZ,20260327,12.5036,16.2229,,1974867.2303,
000589.SZ,20260327,1.7249,2.2129,,722900.3944,
002156.SZ,20260327,2.2987,3.0845,,6442198.8914,
920190.BJ,20260327,1.2777,2.4224,,220200.0022,
000062.SZ,20260327,5.4473,17.9548,,2905536.0965,
300556.SZ,20260327,3.1657,3.2503,,214684.3428,
600189.SH,20260327,1.0733,1.8827,,543550.3371,
688136.SH,20260327,2.7474,5.4407,,546815.9483,
601121.SH,20260327,2.0564,4.61,,703893.5939,
600995.SH,20260327,1.4898,6.8146,,4896280.8933,
688579.SH,20260327,1.059,1.4044,,418810.47,
300233.SZ,20260327,1.8468,2.3999,,545101.9135,
300701.SZ,20260327,1.142,2.041,,320904.3601,
300847.SZ,20260327,1.238,3.2651,,464143.68,
002153.SZ,20260327,0.9782,2.0225,,2729193.841,
002929.SZ,20260327,4.3583,6.6734,,1370700.8803,
002410.SZ,20260327,1.6576,1.9792,,1858437.3848,
002489.SZ,20260327,1.0483,2.0011,,735296.5301,
002283.SZ,20260327,1.7907,2.2866,,1031208.7461,
600255.SH,20260327,2.9288,3.2715,,606865.3769,
002583.SZ,20260327,3.5318,3.8462,,1869540.7237,
300040.SZ,20260327,24.9818,26.705,,564270.9524,
920445.BJ,20260327,1.3913,1.6138,,143308.3412,
688310.SH,20260327,1.1965,3.467,,254149.906,
000796.SZ,20260327,2.5979,3.055,,861234.6479,
002948.SZ,20260327,1.2421,2.0765,,2980021.6187,
300611.SZ,20260327,6.2872,7.32,,631957.5919,
920028.BJ,20260327,18.7478,18.7478,,288616.16,
300951.SZ,20260327,1.0093,2.858,,604082.5289,
688011.SH,20260327,1.0238,2.1566,,675500.0,
688668.SH,20260327,4.4459,8.2135,,1807453.9247,
000723.SZ,20260327,1.9099,3.0534,,2184132.834,
688037.SH,20260327,2.7729,3.8733,,3459924.3994,
603590.SH,20260327,1.5531,2.845,,584522.5135,
002258.SZ,20260327,1.2984,2.2009,,1182245.7858,
688369.SH,20260327,2.0414,2.586,,247718.8527,
601107.SH,20260327,0.6303,4.8811,,1938810.04,
301173.SZ,20260327,1.3139,1.3139,,367939.8599,
000791.SZ,20260327,5.5614,14.004,,2792946.0179,
002625.SZ,20260327,0.5911,0.821,,8417974.7768,
600373.SH,20260327,0.4586,1.044,,1139865.4763,
300507.SZ,20260327,1.0002,1.5507,,653327.8761,
605338.SH,20260327,0.6526,1.8568,,617123.7213,
603489.SH,20260327,1.6035,5.9792,,770016.2071,
301303.SZ,20260327,1.9489,1.9519,,592760.0,
002158.SZ,20260327,0.5369,1.3934,,1219171.0369,
688356.SH,20260327,1.1376,2.0615,,567265.9971,
002637.SZ,20260327,4.1169,6.5264,,541431.551,
601005.SH,20260327,1.2239,1.9208,,1265802.2187,
920171.BJ,20260327,2.1077,3.5248,,175207.6948,
688443.SH,20260327,3.5546,3.5546,,957401.48,
301390.SZ,20260327,3.7163,4.198,,226620.0,
300029.SZ,20260327,2.77,3.1757,,103862.367,
002910.SZ,20260327,2.6394,4.6964,,219786.226,
603357.SH,20260327,0.9749,1.8654,,446780.5935,
688233.SH,20260327,2.7352,4.7396,,1206616.1396,
600563.SH,20260327,5.8984,10.2735,,3210300.0,
688016.SH,20260327,1.595,2.6725,,1289075.2196,
603630.SH,20260327,1.5882,3.8526,,357399.6685,
300888.SZ,20260327,0.3458,1.149,,1918776.7174,
600981.SH,20260327,0.8326,2.5546,,706366.4555,
300709.SZ,20260327,3.2416,3.684,,713790.1483,
600176.SH,20260327,1.6368,3.1107,,10003838.6833,
600637.SH,20260327,0.8776,1.6464,,3203890.5256,
300857.SZ,20260327,2.2813,3.6321,,7357835.3074,
600032.SH,20260327,5.6643,24.4659,,2815874.8044,
300138.SZ,20260327,1.7589,1.9585,,632378.0217,
300868.SZ,20260327,15.5291,21.3017,,702200.576,
688078.SH,20260327,1.0848,2.0659,,176036.595,
920017.BJ,20260327,1.4286,2.5088,,207346.4171,
920627.BJ,20260327,4.6556,7.4872,,195605.95,
688518.SH,20260327,2.4709,2.8604,,834198.5322,
301016.SZ,20260327,0.8461,2.6494,,487468.8,
600661.SH,20260327,1.114,1.7523,,277379.2674,
920159.BJ,20260327,17.03,17.03,,323000.0,
603466.SH,20260327,2.4123,4.0859,,550771.8536,
300294.SZ,20260327,0.959,1.6475,,950508.8711,
002595.SZ,20260327,0.4656,0.9463,,6650400.0,
688285.SH,20260327,0.6786,2.7137,,314578.3673,
600973.SH,20260327,2.5335,4.2065,,914701.2874,
600645.SH,20260327,5.3028,6.885,,1491821.0613,
600180.SH,20260327,1.1651,3.1788,,382492.8673,
689009.SH,20260327,1.8197,1.8707,,3361077.9396,
002469.SZ,20260327,3.339,4.3233,,582678.6417,
600999.SH,20260327,0.2446,0.6019,,13314382.54,
002936.SZ,20260327,0.9447,1.3684,,1709313.1753,
300430.SZ,20260327,2.1491,2.976,,487388.5309,
301062.SZ,20260327,3.2753,3.6707,,357466.0196,
300463.SZ,20260327,1.0938,1.1819,,654853.9538,
601177.SH,20260327,0.6638,1.207,,585068.8725,
600671.SH,20260327,4.5665,8.0508,,274002.4913,
603985.SH,20260327,6.0016,10.6063,,840716.2117,
000403.SZ,20260327,0.7127,1.1471,,1246921.3704,
300620.SZ,20260327,11.2891,22.1615,,4845814.0586,
601880.SH,20260327,1.3712,4.2291,,3983628.659,
920670.BJ,20260327,1.9064,2.3148,,173608.224,
300836.SZ,20260327,1.6536,1.9077,,519039.416,
300348.SZ,20260327,3.0605,3.1435,,1075436.6532,
002210.SZ,20260327,1.5342,2.1903,,739822.7112,
300381.SZ,20260327,2.0663,2.9149,,325573.7486,
002748.SZ,20260327,2.1191,4.5616,,281520.0,
300918.SZ,20260327,0.8253,1.5875,,705045.2568,
002395.SZ,20260327,2.1346,6.0172,,475802.766,
300843.SZ,20260327,2.4105,5.6228,,865835.0204,
300684.SZ,20260327,3.3207,3.8425,,1469092.7388,
603667.SH,20260327,3.8948,6.1191,,2442938.6787,
300593.SZ,20260327,2.2518,2.3911,,1240693.9986,
603530.SH,20260327,0.5745,2.7262,,2542622.1468,
688357.SH,20260327,1.3256,2.1207,,337201.7788,
301389.SZ,20260327,10.395,10.7106,,1499998.5,
002107.SZ,20260327,1.8035,3.6641,,366528.096,
603833.SH,20260327,0.1864,0.726,,3293080.399,
600545.SH,20260327,4.3405,8.0421,,663315.4344,
002676.SZ,20260327,1.0999,1.7799,,469440.0,
600758.SH,20260327,17.5213,34.9656,,731075.6189,
000524.SZ,20260327,1.517,4.9734,,799558.8562,
000566.SZ,20260327,3.3964,5.4947,,712253.4542,
920753.BJ,20260327,0.8867,1.2684,,149214.2065,
920088.BJ,20260327,19.0567,20.3363,,568061.175,
002320.SZ,20260327,0.6275,2.3116,,2040251.0961,
600499.SH,20260327,1.8357,3.1984,,3221998.7369,
002852.SZ,20260327,2.7106,3.9205,,333993.2242,
301586.SZ,20260327,1.5186,2.0784,,358869.0505,
600871.SH,20260327,1.2528,6.0203,,5649199.6582,
002067.SZ,20260327,2.4834,2.5689,,747750.9035,
601225.SH,20260327,0.3561,1.0247,,25323340.0,
688800.SH,20260327,3.2809,5.4817,,1801707.1746,
002398.SZ,20260327,1.752,1.8464,,359489.3063,
003010.SZ,20260327,8.4471,11.0419,,983570.0631,
000958.SZ,20260327,0.7005,1.4309,,11170921.7715,
000050.SZ,20260327,0.7228,1.2795,,1973571.3718,
300837.SZ,20260327,2.7501,4.8427,,361506.5685,
601990.SH,20260327,0.322,0.6046,,3194129.7792,
000048.SZ,20260327,2.9852,6.5835,,1089730.0238,
002075.SZ,20260327,0.8655,1.1823,,1059617.6899,
300669.SZ,20260327,0.9112,1.5434,,593340.3146,
301265.SZ,20260327,4.2754,5.5459,,625942.594,
600332.SH,20260327,0.7686,1.6042,,3732816.0189,
688485.SH,20260327,7.6791,7.6791,,431789.0941,
600234.SH,20260327,1.8066,3.4121,,403232.2145,
002025.SZ,20260327,6.3926,10.8585,,2911538.3413,
600300.SH,20260327,2.0345,2.9449,,564382.6208,
000609.SZ,20260327,2.7963,3.701,,275324.2802,
002705.SZ,20260327,6.329,18.959,,1208071.1606,
601368.SH,20260327,2.724,6.319,,460911.9462,
603348.SH,20260327,0.554,1.0592,,609456.7981,
920046.BJ,20260327,6.0932,9.9921,,283725.75,
601919.SH,20260327,0.5769,1.4143,,23229347.068,
300052.SZ,20260327,3.0527,3.67,,344867.9211,
301560.SZ,20260327,9.0234,9.0234,,472416.0,
688004.SH,20260327,1.3532,2.1856,,173390.52,
600624.SH,20260327,0.6024,0.8494,,315216.9811,
300923.SZ,20260327,1.7675,3.4219,,211905.6,
600720.SH,20260327,0.6146,0.8207,,1548852.0064,
300555.SZ,20260327,0.7442,0.8957,,257800.0,
600989.SH,20260327,1.7504,5.9231,,22073413.6,
600562.SH,20260327,0.4336,1.2673,,3090984.1638,
001380.SZ,20260327,0.9065,0.9065,,558230.5227,
300388.SZ,20260327,0.862,2.2247,,557773.5872,
601058.SH,20260327,0.643,0.8703,,4373173.3445,
601798.SH,20260327,1.7073,2.6678,,322266.132,
301055.SZ,20260327,1.9927,4.6719,,290316.0,
000009.SZ,20260327,1.0094,1.628,,2347084.7082,
002848.SZ,20260327,4.0255,5.3081,,224816.75,
002221.SZ,20260327,2.7016,4.3713,,1401177.5849,
688781.SH,20260327,29.3957,29.3957,,3930000.0,
603322.SH,20260327,2.0092,2.5269,,480324.5542,
603091.SH,20260327,1.6892,1.6892,,739186.4734,
688113.SH,20260327,1.0456,1.6851,,244517.5315,
301010.SZ,20260327,2.4521,6.8115,,236520.0,
300765.SZ,20260327,1.642,6.4795,,4534026.0232,
688205.SH,20260327,9.7586,14.4927,,3253871.5083,
300375.SZ,20260327,2.1272,2.4889,,369992.8044,
002316.SZ,20260327,9.1622,9.856,,218181.6,
603305.SH,20260327,1.8343,3.5729,,1657286.0693,
001325.SZ,20260327,13.0695,13.0695,,422497.6,
002863.SZ,20260327,1.5821,2.3887,,321922.6685,
688727.SH,20260327,5.1881,5.1881,,2155386.1212,
002743.SZ,20260327,1.5182,2.2755,,238527.1259,
601700.SH,20260327,1.5175,3.0795,,636565.3307,
603378.SH,20260327,1.386,3.5051,,247300.2624,
002919.SZ,20260327,1.34,2.2655,,540781.3879,
601319.SH,20260327,0.4766,5.6668,,33035320.9655,
600610.SH,20260327,4.2184,6.6626,,994142.8334,
600694.SH,20260327,0.4936,0.8123,,567846.0584,
002215.SZ,20260327,1.9128,2.2637,,1044819.1624,
600121.SH,20260327,10.3032,21.4234,,629919.0236,
920367.BJ,20260327,4.852,9.8014,,133219.15,
000752.SZ,20260327,1.465,1.805,,280375.2759,
301272.SZ,20260327,2.6971,3.5434,,231610.6057,
603014.SH,20260327,2.3223,2.3223,,1561982.4528,
301606.SZ,20260327,1.2384,1.8959,,2907687.9204,
601162.SH,20260327,0.8814,1.1733,,3767670.4775,
603216.SH,20260327,1.5433,5.727,,722406.36,
920808.BJ,20260327,0.7021,2.4227,,1409000.007,
601881.SH,20260327,0.6478,2.253,,14750508.6433,
002837.SZ,20260327,4.7299,6.9276,,9094664.7894,
600503.SH,20260327,1.039,1.1186,,395765.63,
688008.SH,20260327,2.0487,2.2085,,16511922.2837,
603181.SH,20260327,0.6364,1.1135,,869509.9,
688669.SH,20260327,0.7495,1.4403,,315952.0017,
300242.SZ,20260327,2.5903,3.2918,,303951.9523,
002366.SZ,20260327,3.169,3.169,,1602321.9828,
600031.SH,20260327,0.6526,0.9604,,17617628.5013,
603033.SH,20260327,0.3105,0.8184,,1014664.9371,
603499.SH,20260327,1.0829,2.6868,,670246.5739,
603201.SH,20260327,1.2098,3.82,,308527.0685,
002541.SZ,20260327,1.6631,2.3908,,1464216.3753,
002478.SZ,20260327,2.3405,2.8626,,969265.3493,
300638.SZ,20260327,2.4517,2.9938,,2333594.8652,
600660.SH,20260327,0.7597,1.0725,,15055610.4361,
600419.SH,20260327,1.0474,1.673,,290270.9305,
603758.SH,20260327,0.5174,1.4682,,573946.5401,
688648.SH,20260327,2.3512,2.6713,,722160.0,
300403.SZ,20260327,1.4612,1.7279,,698877.0,
301105.SZ,20260327,9.6183,9.6183,,317850.0,
301611.SZ,20260327,3.2693,3.4464,,4308988.0,
000885.SZ,20260327,0.827,2.9375,,886710.0702,
605098.SH,20260327,0.6538,1.592,,621178.9799,
301568.SZ,20260327,5.6085,5.6085,,492955.6016,
301095.SZ,20260327,2.7174,4.3248,,1400966.2106,
002400.SZ,20260327,2.5833,3.192,,1504499.9415,
600984.SH,20260327,1.6918,2.7786,,507845.7457,
603605.SH,20260327,0.6411,1.2718,,2443171.9077,
600986.SH,20260327,3.1068,3.585,,1444240.2142,
600848.SH,20260327,0.2523,0.6696,,2522487.004,
603456.SH,20260327,1.9309,3.4698,,1475590.9605,
000988.SZ,20260327,9.7522,12.0412,,11010254.6417,
603025.SH,20260327,0.7788,4.0679,,1570016.6108,
600023.SH,20260327,1.0032,3.741,,7656386.3997,
002683.SZ,20260327,1.9159,2.9329,,3072975.1948,
600212.SH,20260327,4.0925,4.7605,,525296.0589,
000720.SZ,20260327,10.6426,18.2535,,692348.8956,
000969.SZ,20260327,1.6403,2.5517,,2173524.6324,
603585.SH,20260327,1.7775,5.6355,,387613.4418,
600728.SH,20260327,1.0888,1.2937,,1198520.7847,
688362.SH,20260327,2.6749,4.3987,,1539311.3625,
300791.SZ,20260327,1.5728,3.7311,,637726.6564,
002821.SZ,20260327,1.2945,2.0695,,3605140.9503,
601127.SH,20260327,1.0164,2.2111,,16622021.6906,
000516.SZ,20260327,4.7084,6.7927,,1157509.6213,
000902.SZ,20260327,1.1219,2.3017,,1993771.8096,
600746.SH,20260327,2.9846,12.0248,,979820.1797,
603773.SH,20260327,3.5295,5.7091,,795291.5608,
301072.SZ,20260327,1.8746,3.7037,,234042.4546,
603396.SH,20260327,4.4435,7.5563,,570456.1544,
301348.SZ,20260327,7.3174,7.3174,,584880.0,
301372.SZ,20260327,2.436,2.7391,,180274.2895,
688392.SH,20260327,1.6677,2.9026,,1197840.276,
000676.SZ,20260327,1.1671,1.5553,,957439.8034,
300989.SZ,20260327,3.1784,4.2937,,303570.7694,
920035.BJ,20260327,3.318,3.318,,185987.75,
300819.SZ,20260327,2.7314,6.7831,,585331.215,
001378.SZ,20260327,5.9125,5.9125,,309600.6192,
688505.SH,20260327,0.7975,1.8356,,826147.9637,
605158.SH,20260327,0.5055,1.8383,,380496.48,
688193.SH,20260327,0.9721,1.7802,,205358.0838,
300612.SZ,20260327,2.7384,3.4535,,267433.5631,
300235.SZ,20260327,2.843,3.624,,314683.2938,
600360.SH,20260327,0.6935,0.8928,,848901.0487,
300161.SZ,20260327,1.0057,1.4963,,552178.7018,
001282.SZ,20260327,2.3259,3.2073,,441038.416,
300779.SZ,20260327,4.479,5.4275,,1758769.1924,
300434.SZ,20260327,2.3127,3.9322,,398529.921,
000695.SZ,20260327,13.4743,19.2201,,331173.8066,
920112.BJ,20260327,0.5215,0.5215,,280768.65,
000905.SZ,20260327,1.5898,3.323,,1693454.0885,
301332.SZ,20260327,1.1749,1.5906,,420945.0,
301278.SZ,20260327,5.5989,6.8173,,361075.2756,
920725.BJ,20260327,2.5997,4.0886,,269261.25,
920068.BJ,20260327,2.6739,2.6739,,1383316.0317,
000573.SZ,20260327,2.763,3.486,,270630.9761,
300521.SZ,20260327,1.5461,2.0509,,386453.13,
600639.SH,20260327,0.9422,2.7051,,1229042.1178,
301149.SZ,20260327,2.8128,3.5796,,509550.0213,
600835.SH,20260327,0.7556,1.9321,,2216276.0804,
000973.SZ,20260327,13.2632,13.2632,,4815685.8246,
000501.SZ,20260327,0.8979,1.5754,,648260.8722,
000822.SZ,20260327,8.4224,14.1165,,577334.2923,
688588.SH,20260327,0.6771,1.2723,,471611.7935,
300812.SZ,20260327,7.0009,9.3101,,475981.7445,
301205.SZ,20260327,13.4476,19.5353,,2879278.848,
600386.SH,20260327,0.8852,1.9671,,327398.4,
605116.SH,20260327,2.2149,7.9359,,1083696.8683,
002651.SZ,20260327,1.3888,2.6438,,964218.18,
300971.SZ,20260327,2.8134,3.1951,,262012.8,
300808.SZ,20260327,1.5675,3.0366,,428000.0,
603809.SH,20260327,1.3482,1.966,,970904.6914,
603010.SH,20260327,1.6456,3.1863,,642640.6664,
600107.SH,20260327,3.9128,4.994,,228240.0,
603279.SH,20260327,1.5682,2.8481,,961966.537,
002737.SZ,20260327,0.8102,1.8715,,723576.0,
002193.SZ,20260327,3.2841,4.477,,162787.0721,
603393.SH,20260327,3.8849,6.8904,,1678304.5336,
301009.SZ,20260327,3.0015,4.2537,,319163.64,
002313.SZ,20260327,0.8803,1.5557,,325353.6,
002385.SZ,20260327,2.7346,2.8707,,1702831.1117,
300652.SZ,20260327,1.0628,1.9674,,552903.9209,
603609.SH,20260327,0.3958,0.8501,,621271.135,
002238.SZ,20260327,0.7444,2.1675,,590683.5418,
605183.SH,20260327,0.5461,1.6891,,825943.926,
001400.SZ,20260327,17.2367,17.2367,,895080.0,
688038.SH,20260327,1.6617,2.8939,,230186.5852,
688163.SH,20260327,2.5906,6.3183,,274987.02,
603128.SH,20260327,1.0968,2.0239,,739611.2691,
300920.SZ,20260327,4.4113,6.0124,,398100.0,
600536.SH,20260327,1.0028,1.5779,,3434467.056,
600268.SH,20260327,5.2677,11.4599,,1522790.2962,
300588.SZ,20260327,1.2249,1.681,,466040.487,
600009.SH,20260327,0.3288,0.6548,,6892627.1208,
920419.BJ,20260327,0.653,1.1999,,136880.98,
603028.SH,20260327,1.5314,2.163,,247141.44,
688691.SH,20260327,4.474,4.474,,1129200.0,
603112.SH,20260327,0.6405,1.5669,,914694.6133,
002421.SZ,20260327,1.434,1.6784,,559833.5527,
301395.SZ,20260327,1.9855,1.9855,,376418.1789,
002230.SZ,20260327,0.9629,1.1285,,10805575.1823,
300984.SZ,20260327,2.1894,3.3693,,648138.2633,
002387.SZ,20260327,0.5637,0.9407,,1086707.3215,
603918.SH,20260327,1.741,2.3205,,498736.8805,
001229.SZ,20260327,6.4604,11.5735,,369645.012,
002540.SZ,20260327,1.6379,2.3274,,805736.4108,
600186.SH,20260327,12.5035,15.5326,,1280033.9537,
300737.SZ,20260327,1.4941,2.3144,,691511.4714,
600708.SH,20260327,1.2713,2.6797,,748821.9456,
003012.SZ,20260327,0.8163,1.9518,,720799.2614,
002941.SZ,20260327,2.2406,3.7669,,1134033.3213,
000063.SZ,20260327,1.0212,1.3403,,15632592.0107,
600918.SH,20260327,0.4266,0.6167,,4853943.0305,
600520.SH,20260327,1.1404,1.4647,,383083.74,
600483.SH,20260327,1.0516,3.0442,,3016449.513,
688480.SH,20260327,3.083,6.8883,,780435.4275,
920701.BJ,20260327,0.6391,1.7466,,213208.8,
301533.SZ,20260327,3.493,3.5489,,310944.0921,
600528.SH,20260327,0.5298,1.2145,,1723924.0323,
600903.SH,20260327,1.0422,3.0667,,749806.134,
301298.SZ,20260327,2.1728,2.6912,,229742.0,
605056.SH,20260327,1.9102,5.3605,,962074.02,
001337.SZ,20260327,3.0807,7.653,,1934100.0,
300284.SZ,20260327,0.5058,0.9202,,819575.2253,
603677.SH,20260327,1.4248,5.4325,,297375.7356,
002567.SZ,20260327,1.2618,1.4218,,580385.8142,
002203.SZ,20260327,2.7609,4.6015,,3396381.3161,
601618.SH,20260327,0.7583,2.1042,,6299980.2277,
300398.SZ,20260327,3.719,4.7058,,1455351.5372,
301020.SZ,20260327,0.6838,2.1382,,300998.4,
002331.SZ,20260327,1.3934,1.8036,,342316.9675,
688318.SH,20260327,0.8918,2.8784,,2747137.4567,
603869.SH,20260327,0.1144,0.3138,,469410.7586,
688779.SH,20260327,1.838,3.262,,2108636.743,
300267.SZ,20260327,7.3581,9.7265,,818854.1334,
300553.SZ,20260327,2.5135,2.9439,,422660.1487,
601933.SH,20260327,0.784,1.6904,,3466664.1313,
920942.BJ,20260327,1.5202,1.9359,,152949.7874,
601658.SH,20260327,0.1482,1.042,,60768097.067,
002819.SZ,20260327,0.6748,1.3484,,724157.6117,
688718.SH,20260327,1.2831,3.5077,,259762.8116,
603306.SH,20260327,1.7334,2.3775,,2514371.1025,
002424.SZ,20260327,0.6765,0.8286,,675040.0272,
603328.SH,20260327,1.4751,3.596,,1155198.1009,
603989.SH,20260327,1.5549,4.55,,665164.8065,
603194.SH,20260327,0.5823,0.5823,,1305255.0,
600884.SH,20260327,4.9191,5.3636,,3068199.1451,
688325.SH,20260327,1.8128,3.5404,,1102234.8359,
002237.SZ,20260327,2.8878,4.279,,2094906.6477,
300113.SZ,20260327,11.8704,13.2806,,1903047.9723,
601808.SH,20260327,0.9947,5.3578,,7892213.168,
603488.SH,20260327,2.6277,4.1742,,298706.2201,
603006.SH,20260327,0.7355,2.6086,,318326.321,
600797.SH,20260327,1.613,1.7214,,916553.522,
300041.SZ,20260327,1.7658,2.1442,,587406.4077,
300678.SZ,20260327,1.375,2.0531,,834031.0285,
688180.SH,20260327,2.4395,3.7756,,3459944.8653,
920242.BJ,20260327,0.9287,1.2452,,155651.8838,
688251.SH,20260327,3.9966,9.275,,366192.9726,
603127.SH,20260327,3.2055,5.0084,,2266029.0173,
000929.SZ,20260327,1.8837,2.5627,,177592.296,
920130.BJ,20260327,1.2694,2.3664,,183102.8235,
002191.SZ,20260327,0.6189,0.9003,,531351.0532,
600582.SH,20260327,1.4341,3.6632,,2400381.5574,
300845.SZ,20260327,3.4244,3.7999,,233402.6485,
603565.SH,20260327,0.5887,1.4366,,2366771.1171,
002076.SZ,20260327,1.6336,1.8487,,230697.8941,
002218.SZ,20260327,13.3575,21.6405,,942484.7062,
603178.SH,20260327,0.5186,1.3289,,365019.9443,
920493.BJ,20260327,3.1845,4.3445,,870682.5437,
600731.SH,20260327,2.0499,2.7057,,406205.7364,
603600.SH,20260327,1.5206,3.1498,,342659.1973,
301273.SZ,20260327,1.8981,3.4872,,213779.1073,
002771.SZ,20260327,14.268,14.5705,,347159.5855,
920427.BJ,20260327,1.667,2.8169,,121033.53,
600594.SH,20260327,1.8466,2.4113,,304100.1216,
603993.SH,20260327,1.2614,3.1018,,37611197.2894,
301037.SZ,20260327,2.7449,4.7169,,206323.022,
600060.SH,20260327,0.8542,1.6373,,2787420.7345,
603156.SH,20260327,0.2952,0.7296,,3769490.1999,
601598.SH,20260327,0.2468,1.2341,,4175123.2141,
300275.SZ,20260327,1.3693,1.4311,,336033.5292,
920608.BJ,20260327,0.7537,0.9925,,101824.64,
301500.SZ,20260327,8.2404,8.2404,,1099178.1179,
301630.SZ,20260327,5.4307,5.4307,,696600.0,
300598.SZ,20260327,1.1054,1.5055,,807389.0583,
600577.SH,20260327,2.4435,2.8874,,2604910.4635,
688798.SH,20260327,0.9646,1.2017,,1566624.4339,
920260.BJ,20260327,1.9359,4.5038,,104274.85,
601003.SH,20260327,0.5157,3.0356,,1198570.9058,
601001.SH,20260327,1.2408,2.9166,,2798426.4,
300832.SZ,20260327,0.453,0.8933,,3855522.078,
600400.SH,20260327,0.9092,2.4393,,494936.32,
688213.SH,20260327,1.4428,1.5738,,3107819.8369,
301393.SZ,20260327,2.3468,2.3468,,539784.0,
600111.SH,20260327,2.147,3.4645,,17088416.2351,
688410.SH,20260327,1.6889,3.1683,,502731.7784,
300621.SZ,20260327,3.175,5.2173,,169982.3239,
300919.SZ,20260327,2.6772,6.0104,,5326959.4682,
301125.SZ,20260327,1.4799,2.8182,,273734.5435,
600776.SH,20260327,1.1944,2.7824,,1860136.0948,
603881.SH,20260327,5.834,10.2085,,2683138.0913,
002915.SZ,20260327,2.1118,3.0902,,693009.9731,
000725.SZ,20260327,0.9813,1.13,,14632509.5853,
600113.SH,20260327,1.6609,3.6439,,2113043.3032,
000543.SZ,20260327,4.1515,9.8038,,2065112.4945,
603089.SH,20260327,0.9204,2.2949,,339961.8118,
601860.SH,20260327,1.9832,2.5871,,1010437.2398,
600131.SH,20260327,1.9953,4.7982,,2342784.111,
920263.BJ,20260327,0.5504,0.8794,,150423.6842,
002799.SZ,20260327,1.4027,2.6246,,267873.48,
603390.SH,20260327,0.7697,2.095,,402993.1737,
688612.SH,20260327,1.7149,1.9234,,1249180.532,
002628.SZ,20260327,3.6642,4.6175,,395206.4166,
301584.SZ,20260327,5.6396,5.6396,,1102512.0281,
301132.SZ,20260327,4.6065,9.1071,,569391.6274,
301314.SZ,20260327,5.3559,5.3559,,251608.5,
688662.SH,20260327,6.1814,9.4985,,531822.48,
002576.SZ,20260327,2.3447,3.3023,,308737.0,
600665.SH,20260327,1.0762,2.533,,294665.7797,
300629.SZ,20260327,3.27,3.6679,,562434.1995,
600568.SH,20260327,0.776,1.2633,,548039.1623,
920690.BJ,20260327,1.0229,1.9211,,161241.6,
002601.SZ,20260327,1.1726,1.5437,,4203429.3227,
300382.SZ,20260327,3.4278,5.2048,,726207.9933,
600774.SH,20260327,1.4606,3.5062,,259038.449,
301362.SZ,20260327,9.0297,9.0297,,1056120.3,
600318.SH,20260327,2.8397,3.7168,,398902.0977,
603318.SH,20260327,7.3683,12.8813,,465370.8299,
300110.SZ,20260327,2.1233,2.6549,,370032.6634,
301129.SZ,20260327,3.8923,6.9046,,336481.9624,
002171.SZ,20260327,1.5307,2.0288,,1778739.9077,
002775.SZ,20260327,1.4901,2.8522,,268505.2779,
001227.SZ,20260327,2.1227,2.3877,,1292923.2571,
301508.SZ,20260327,2.5887,2.5887,,664238.3176,
000750.SZ,20260327,0.7232,1.0444,,2471449.5226,
001230.SZ,20260327,2.2668,3.3008,,316102.3642,
600737.SH,20260327,1.5361,3.1178,,3071386.0554,
688390.SH,20260327,5.4963,8.2029,,2417253.7481,
300394.SZ,20260327,3.7216,6.7221,,24690728.6982,
920682.BJ,20260327,0.9724,1.4201,,270291.84,
688302.SH,20260327,3.1349,4.1478,,402993.4839,
300564.SZ,20260327,1.8621,2.9869,,239875.7024,
601009.SH,20260327,0.402,0.9195,,13847195.3144,
603300.SH,20260327,1.8575,2.4411,,1374213.821,
002195.SZ,20260327,2.6594,2.9513,,5137522.5546,
301295.SZ,20260327,8.1767,8.1767,,352699.2,
002573.SZ,20260327,0.8579,1.8029,,544877.8254,
002374.SZ,20260327,1.1597,1.4277,,355948.6448,
300792.SZ,20260327,2.1963,3.9322,,805605.282,
688155.SH,20260327,1.6114,3.4137,,957247.0166,
603332.SH,20260327,2.6027,6.5138,,279304.2145,
301397.SZ,20260327,1.9191,1.9191,,457026.2685,
002645.SZ,20260327,5.4979,8.5978,,1081983.0206,
300527.SZ,20260327,0.7146,1.6172,,820533.6902,
688716.SH,20260327,1.8963,1.8969,,402760.8,
000717.SZ,20260327,1.138,2.4192,,613232.9343,
688793.SH,20260327,5.1883,9.4333,,242366.0816,
300908.SZ,20260327,1.039,2.1281,,397120.0,
601089.SH,20260327,0.8088,2.9561,,1118400.0,
002168.SZ,20260327,3.6586,4.4647,,297197.9165,
300230.SZ,20260327,1.6508,1.862,,389529.2382,
000782.SZ,20260327,2.3012,2.6261,,364574.7813,
002774.SZ,20260327,1.0817,2.6877,,359919.3651,
300600.SZ,20260327,0.9746,1.7608,,366027.6931,
000972.SZ,20260327,1.4985,2.3283,,293087.76,
000856.SZ,20260327,11.1718,15.9597,,265590.0,
603896.SH,20260327,0.6339,1.0857,,372500.3088,
002430.SZ,20260327,1.9048,4.6611,,2811790.5657,
920152.BJ,20260327,0.823,1.0038,,193957.2414,
688376.SH,20260327,1.2594,2.9263,,815163.4665,
600016.SH,20260327,0.4321,0.6302,,16768666.2863,
601619.SH,20260327,2.2999,4.2761,,1636976.2202,
300162.SZ,20260327,6.3566,7.4358,,363295.686,
301079.SZ,20260327,4.8831,5.6732,,394443.6193,
601595.SH,20260327,0.7149,2.3223,,1053270.0,
600398.SH,20260327,0.5225,1.3007,,2924887.1103,
920885.BJ,20260327,2.2832,3.4102,,325582.7294,
000883.SZ,20260327,1.3266,4.4746,,3695440.3429,
600408.SH,20260327,9.9806,14.5843,,392652.0,
688096.SH,20260327,5.0891,6.2213,,219521.2957,
603269.SH,20260327,3.1417,4.2251,,429473.7093,
301251.SZ,20260327,5.4519,5.4519,,759509.2015,
600055.SH,20260327,0.604,1.1074,,1025063.0226,
001322.SZ,20260327,0.5112,2.4251,,724405.057,
002669.SZ,20260327,2.5783,3.6252,,381677.2,
002510.SZ,20260327,2.0949,2.4969,,718718.2053,
002041.SZ,20260327,2.2995,5.8302,,942480.0,
002370.SZ,20260327,3.6224,4.2422,,486920.8971,
603339.SH,20260327,0.9352,1.675,,398250.7922,
603508.SH,20260327,0.6228,1.4529,,961192.7044,
000878.SZ,20260327,2.6181,3.9549,,4479314.9219,
920768.BJ,20260327,1.0068,1.3333,,120291.48,
000888.SZ,20260327,1.8897,3.1286,,684987.0326,
600725.SH,20260327,1.121,1.6068,,554611.5,
002616.SZ,20260327,13.6654,20.898,,581689.4811,
002875.SZ,20260327,1.407,1.8192,,413465.7486,
300034.SZ,20260327,1.4812,2.5021,,1441703.4675,
688636.SH,20260327,2.4929,4.2337,,694408.2712,
000620.SZ,20260327,2.8403,5.0361,,1732185.4368,
300130.SZ,20260327,1.5147,1.7579,,1316133.9654,
600851.SH,20260327,1.5621,3.32,,965645.3536,
920239.BJ,20260327,0.8047,2.1147,,560060.2515,
301236.SZ,20260327,1.5677,1.9844,,3938895.2104,
600726.SH,20260327,6.7121,47.9336,,5282100.5883,
600933.SH,20260327,0.8464,1.7237,,1744014.441,
600371.SH,20260327,2.837,5.5363,,249861.612,
300674.SZ,20260327,1.2386,1.6311,,1377839.6664,
600704.SH,20260327,1.13,1.9918,,2663157.6434,
300539.SZ,20260327,2.1048,3.3913,,742102.6324,
000581.SZ,20260327,1.8913,3.2261,,1994478.8847,
003002.SZ,20260327,1.585,3.0359,,510400.0,
603709.SH,20260327,1.8689,5.3105,,216222.398,
002092.SZ,20260327,2.8561,4.0601,,1851863.9547,
603661.SH,20260327,0.4568,1.6038,,423876.3105,
601992.SH,20260327,0.8125,2.2603,,1911321.033,
688550.SH,20260327,4.3978,7.4459,,713109.8847,
920396.BJ,20260327,2.4694,3.8065,,222441.0989,
001215.SZ,20260327,3.3915,5.7686,,352012.2959,
300211.SZ,20260327,1.1292,2.0678,,250742.0215,
300071.SZ,20260327,3.4154,4.5095,,487725.474,
000608.SZ,20260327,3.8821,5.558,,320962.8963,
002687.SZ,20260327,2.3255,3.264,,245322.8326,
600831.SH,20260327,7.6871,10.8574,,279402.1679,
300785.SZ,20260327,5.8772,7.2494,,957487.995,
300740.SZ,20260327,2.6575,4.5671,,814064.944,
603800.SH,20260327,1.9146,3.6121,,790816.0,
603822.SH,20260327,1.4999,2.4523,,720703.6366,
301418.SZ,20260327,2.7881,2.7881,,266493.3358,
300834.SZ,20260327,1.6665,4.6551,,476144.9637,
002876.SZ,20260327,2.7251,3.0755,,437494.4889,
301313.SZ,20260327,1.9542,2.2884,,301566.661,
300172.SZ,20260327,4.0991,4.5105,,400612.32,
301163.SZ,20260327,5.7364,8.4132,,236966.4,
300666.SZ,20260327,7.3217,8.1002,,3874212.6132,
000514.SZ,20260327,0.9601,2.608,,405853.8342,
600282.SH,20260327,0.6664,1.7893,,3298323.6909,
000166.SZ,20260327,0.2645,0.7386,,11843893.7769,
688566.SH,20260327,1.8204,6.2512,,592110.2382,
600741.SH,20260327,0.2513,0.6029,,5700124.9631,
600736.SH,20260327,0.8377,1.4904,,701137.3804,
688311.SH,20260327,1.6675,2.562,,643029.7377,
601007.SH,20260327,2.9149,5.1595,,317070.0,
600059.SH,20260327,0.5993,0.9748,,806715.0355,
000932.SZ,20260327,0.7125,1.5305,,3556504.154,
002841.SZ,20260327,1.1288,1.626,,2322607.2107,
688475.SH,20260327,0.3666,1.8988,,2088450.0,
300987.SZ,20260327,1.9592,3.5617,,297672.856,
688138.SH,20260327,0.5767,1.426,,834220.0,
688018.SH,20260327,2.3303,3.824,,2421902.2149,
603920.SH,20260327,2.2271,4.3398,,3682226.7399,
601377.SH,20260327,0.529,0.7473,,5233408.3002,
300916.SZ,20260327,2.2306,3.541,,430171.2768,
300039.SZ,20260327,1.874,2.6958,,619232.0,
003026.SZ,20260327,4.3992,5.6552,,457295.832,
688351.SH,20260327,0.4697,1.5784,,996730.8,
301099.SZ,20260327,5.8725,7.6307,,696809.1065,
300132.SZ,20260327,1.8557,2.0467,,436510.8487,
605166.SH,20260327,0.838,1.232,,320712.6621,
600326.SH,20260327,1.2139,1.5777,,1265729.449,
001373.SZ,20260327,3.7414,4.3622,,241846.5326,
920029.BJ,20260327,0.8025,0.8025,,1133037.4294,
301337.SZ,20260327,4.4336,5.1978,,284987.0,
300390.SZ,20260327,10.3975,12.6935,,5317635.794,
301100.SZ,20260327,2.2289,3.9006,,376000.0,
300706.SZ,20260327,6.3531,8.9474,,500835.9972,
300069.SZ,20260327,15.0034,26.4218,,232011.0,
600730.SH,20260327,1.7586,2.1989,,554976.5779,
301520.SZ,20260327,3.0858,3.0858,,275533.3347,
300604.SZ,20260327,2.346,2.6115,,7809058.7197,
920675.BJ,20260327,2.1241,3.3838,,173369.148,
301127.SZ,20260327,1.073,1.9405,,1083906.2902,
601298.SH,20260327,0.2119,1.7247,,5614801.5,
601117.SH,20260327,1.9696,3.4752,,5557066.2074,
688209.SH,20260327,0.918,2.4026,,864097.8256,
688409.SH,20260327,1.8687,3.0502,,2704147.3187,
688503.SH,20260327,6.4731,7.0495,,2129654.0248,
002270.SZ,20260327,1.1871,2.1022,,2459242.5827,
920124.BJ,20260327,0.7666,0.8755,,234998.6377,
002908.SZ,20260327,0.9602,1.2184,,386994.5829,
301109.SZ,20260327,3.3747,3.4832,,1362777.1541,
301112.SZ,20260327,0.5802,1.7645,,357815.117,
300195.SZ,20260327,2.8227,3.0303,,326678.6799,
603165.SH,20260327,6.257,11.1705,,485474.1417,
300085.SZ,20260327,8.3882,12.4199,,2825855.4995,
688112.SH,20260327,0.5373,1.7329,,616363.1621,
300806.SZ,20260327,2.2866,2.5397,,2010387.7308,
605399.SH,20260327,1.5924,4.3478,,449575.6723,
600388.SH,20260327,1.0626,1.5159,,2312754.2996,
300364.SZ,20260327,5.6301,6.4645,,1889729.3061,
301626.SZ,20260327,6.559,6.559,,2972976.0,
000592.SZ,20260327,8.4927,10.2671,,2039960.622,
600061.SH,20260327,0.3246,0.8997,,4399061.9786,
688252.SH,20260327,1.5024,3.9593,,842992.9838,
002467.SZ,20260327,11.9897,13.7584,,1008147.5829,
300164.SZ,20260327,22.0857,24.8216,,1013914.2178,
601236.SH,20260327,0.3148,1.3577,,3702678.3775,
300487.SZ,20260327,1.6317,1.9973,,3452945.4859,
605011.SH,20260327,2.531,12.6632,,868217.0,
301291.SZ,20260327,4.0997,4.0997,,1692436.2,
600345.SH,20260327,5.6899,8.7654,,1295375.6788,
000931.SZ,20260327,1.9611,2.8603,,384847.8878,
605580.SH,20260327,1.4489,5.5475,,603120.0,
688084.SH,20260327,2.3641,4.854,,522047.5554,
603235.SH,20260327,0.0966,1.0346,,1167997.04,
603987.SH,20260327,1.1827,2.0054,,374329.7842,
688708.SH,20260327,0.7067,0.9229,,2068451.71,
603379.SH,20260327,0.7862,1.9173,,3855785.5977,
000762.SZ,20260327,9.2633,11.7077,,1605685.7169,
600231.SH,20260327,0.7495,2.5112,,578473.7041,
301102.SZ,20260327,0.6199,2.4797,,438480.0,
600155.SH,20260327,0.839,0.9375,,1398958.8455,
600110.SH,20260327,10.1528,14.4758,,1502666.6871,
300266.SZ,20260327,1.94,3.2871,,430404.626,
000705.SZ,20260327,2.0196,2.2711,,292691.9985,
603439.SH,20260327,0.8185,1.6278,,451458.9585,
300204.SZ,20260327,12.2796,19.2959,,1326296.6127,
300328.SZ,20260327,3.853,5.2897,,1135056.3984,
688151.SH,20260327,1.0822,3.6496,,718627.0,
603768.SH,20260327,0.8653,1.9783,,262941.222,
002155.SZ,20260327,3.9949,6.1519,,4570755.0993,
300027.SZ,20260327,2.5185,2.5404,,435597.4293,
688215.SH,20260327,1.7058,4.0887,,434465.9522,
600800.SH,20260327,14.879,23.968,,567233.1054,
600716.SH,20260327,1.2405,2.5908,,430587.8714,
002701.SZ,20260327,0.5932,0.8928,,1305477.8392,
300979.SZ,20260327,0.0782,0.5042,,5092788.0,
600489.SH,20260327,1.294,2.389,,12380036.2885,
920014.BJ,20260327,6.5575,10.0963,,171696.1509,
003027.SZ,20260327,3.1963,4.5637,,275695.2288,
600377.SH,20260327,0.3507,2.8334,,6095674.475,
603163.SH,20260327,3.1444,11.5111,,1127200.0,
000739.SZ,20260327,0.7287,1.3815,,2033068.4759,
002314.SZ,20260327,1.7396,2.7245,,685068.9758,
301353.SZ,20260327,2.9337,2.9337,,264205.7411,
600744.SH,20260327,6.6086,14.7315,,1706144.3902,
002276.SZ,20260327,1.4768,1.9879,,1427638.5298,
688352.SH,20260327,1.9417,1.9417,,1457759.7151,
605077.SH,20260327,0.8376,1.3429,,447301.7011,
002517.SZ,20260327,1.8765,2.1024,,3905418.2318,
301220.SZ,20260327,3.9139,4.578,,480854.8618,
301212.SZ,20260327,1.5086,5.2381,,295272.0,
300042.SZ,20260327,10.9046,14.5182,,890577.6,
688602.SH,20260327,2.8507,2.8507,,404593.125,
600712.SH,20260327,0.949,1.3349,,346400.809,
300167.SZ,20260327,1.6662,1.8081,,236739.392,
600773.SH,20260327,6.8015,11.5582,,1874626.1241,
920790.BJ,20260327,1.0066,2.2038,,206656.6913,
605398.SH,20260327,0.9008,2.9091,,429571.2406,
603855.SH,20260327,0.389,0.6763,,640258.367,
002824.SZ,20260327,4.9118,6.635,,585016.2154,
603278.SH,20260327,1.4417,2.9245,,369441.9028,
300246.SZ,20260327,6.5802,7.4302,,378385.3988,
300314.SZ,20260327,2.2339,3.3387,,368064.0,
688569.SH,20260327,0.3559,1.4236,,424704.0672,
603325.SH,20260327,1.4031,1.4031,,573548.676,
600805.SH,20260327,1.8145,2.8291,,476500.9166,
688246.SH,20260327,1.4092,2.391,,276409.4664,
603766.SH,20260327,0.8265,1.3792,,2872905.0482,
603408.SH,20260327,0.4203,1.5861,,527688.567,
000004.SZ,20260327,4.3529,5.8861,,66719.6621,
601628.SH,20260327,0.1197,1.6622,,105483879.06,
301042.SZ,20260327,3.2737,4.9546,,645570.5994,
002350.SZ,20260327,8.1968,13.3371,,802108.0681,
600505.SH,20260327,8.0745,18.2875,,557788.275,
688172.SH,20260327,1.9137,2.7463,,5788991.3833,
688449.SH,20260327,1.85,3.4196,,2028600.0,
300750.SZ,20260327,0.7108,1.1972,,189939098.2108,
920056.BJ,20260327,1.5462,1.5462,,178332.9811,
300315.SZ,20260327,2.1845,2.2203,,1324021.7805,
000938.SZ,20260327,3.1936,4.4357,,7190240.8032,
001231.SZ,20260327,2.6646,3.9901,,233759.66,
600887.SH,20260327,0.4233,0.4629,,16547143.5049,
002354.SZ,20260327,2.3426,2.3426,,941459.3316,
300307.SZ,20260327,0.8561,1.3067,,521160.5082,
300637.SZ,20260327,1.7348,2.794,,261981.1451,
001311.SZ,20260327,2.2004,3.847,,970341.6688,
300762.SZ,20260327,2.9425,3.5779,,2141991.2483,
300190.SZ,20260327,2.1186,2.9941,,390791.2664,
301458.SZ,20260327,2.9173,3.3612,,911733.4473,
600678.SH,20260327,1.8752,2.3588,,373419.3,
300973.SZ,20260327,1.5928,2.0557,,562041.1892,
603908.SH,20260327,2.2049,5.5952,,211770.7707,
300287.SZ,20260327,1.9042,1.9465,,643002.666,
603169.SH,20260327,1.8733,3.4748,,1324579.8832,
002199.SZ,20260327,1.8741,2.9675,,205952.2391,
920523.BJ,20260327,1.9579,2.536,,238058.2172,
002758.SZ,20260327,1.927,3.3761,,516208.4865,
688307.SH,20260327,10.8022,16.2746,,666692.74,
603341.SH,20260327,1.5064,1.6504,,1994728.4881,
300784.SZ,20260327,3.6184,3.6184,,271571.3704,
688553.SH,20260327,1.8382,2.541,,733251.6,
300109.SZ,20260327,1.1402,1.208,,836006.0086,
000070.SZ,20260327,9.0851,14.5985,,1411740.5837,
300566.SZ,20260327,2.4068,2.6658,,467856.7521,
600227.SH,20260327,25.0701,30.3482,,721086.7215,
688177.SH,20260327,1.0461,3.5888,,922984.32,
601186.SH,20260327,0.3294,0.8334,,9492099.5085,
600506.SH,20260327,2.162,3.668,,405543.9886,
600892.SH,20260327,0.5146,0.7899,,201966.5719,
002290.SZ,20260327,1.3902,2.4815,,1499342.8102,
600787.SH,20260327,1.2108,2.3454,,1197883.9293,
600985.SH,20260327,0.983,2.5498,,3754402.6403,
002581.SZ,20260327,1.1272,1.3029,,497440.6318,
002803.SZ,20260327,2.2672,2.5131,,794965.3333,
603077.SH,20260327,4.4591,6.6401,,2525819.6472,
000919.SZ,20260327,1.3175,2.2606,,445919.8866,
603629.SH,20260327,9.9857,18.3291,,1691826.24,
300581.SZ,20260327,1.3953,2.6745,,715142.4098,
603733.SH,20260327,0.4802,2.3577,,1656074.3659,
688660.SH,20260327,0.8638,2.2149,,1733333.42,
920021.BJ,20260327,6.6791,8.073,,299111.9835,
002971.SZ,20260327,2.2236,2.8989,,625947.78,
301299.SZ,20260327,5.7709,7.4642,,397122.9431,
301386.SZ,20260327,3.9489,3.9489,,352100.0,
301587.SZ,20260327,27.3716,30.1426,,407656.6867,
688221.SH,20260327,4.3812,7.4351,,745786.0981,
603931.SH,20260327,0.9065,2.4434,,545991.7277,
688567.SH,20260327,1.202,2.0587,,1691391.7768,
688530.SH,20260327,16.8224,16.8224,,502540.7474,
301363.SZ,20260327,1.2186,2.9115,,1453465.8649,
920533.BJ,20260327,1.6623,2.3647,,294203.988,
600301.SH,20260327,4.7549,6.5431,,3105906.3219,
600170.SH,20260327,1.4732,2.6738,,2443633.4296,
603589.SH,20260327,0.4747,0.7776,,1480943.8127,
002442.SZ,20260327,1.9159,3.0787,,300463.8661,
688169.SH,20260327,0.7572,0.9583,,3193226.8792,
600149.SH,20260327,19.8202,30.6352,,267632.64,
300478.SZ,20260327,2.1064,2.9246,,293754.687,
002209.SZ,20260327,14.3507,16.8752,,329194.0487,
601019.SH,20260327,0.3529,1.7234,,1813516.1,
300237.SZ,20260327,1.11,1.5219,,343175.7533,
002212.SZ,20260327,1.323,1.323,,879872.5937,
002347.SZ,20260327,1.8037,2.5764,,414865.2709,
688322.SH,20260327,1.3193,2.0754,,3034656.1756,
688225.SH,20260327,0.419,0.8016,,679216.98,
300692.SZ,20260327,2.134,2.6127,,381925.974,
300768.SZ,20260327,0.8982,1.7657,,998578.8395,
600865.SH,20260327,1.2607,3.3176,,420260.433,
601898.SH,20260327,0.3961,2.3577,,23706490.1592,
301075.SZ,20260327,7.2403,21.1398,,528000.0,
603170.SH,20260327,0.4882,1.4408,,509612.74,
688010.SH,20260327,1.1747,2.463,,455673.7584,
688119.SH,20260327,0.853,1.9759,,573750.0,
301505.SZ,20260327,3.2461,3.2461,,256599.1798,
301323.SZ,20260327,4.1344,8.4766,,588023.4146,
600502.SH,20260327,1.3646,2.0718,,798188.2812,
603767.SH,20260327,0.4925,1.4514,,567573.3285,
300940.SZ,20260327,1.624,2.0494,,492934.6396,
601778.SH,20260327,6.678,8.7751,,1971192.3527,
688317.SH,20260327,0.7804,1.4075,,370096.3061,
600378.SH,20260327,0.5603,1.2459,,4057048.8049,
603697.SH,20260327,1.102,3.3659,,468322.8473,
301270.SZ,20260327,1.5132,1.857,,319500.0,
601900.SH,20260327,0.8205,2.1916,,1133331.5708,
600906.SH,20260327,0.5176,0.8331,,2063820.0,
000058.SZ,20260327,1.0298,3.5143,,1003428.5477,
600522.SH,20260327,3.3809,4.3727,,9232028.8087,
603185.SH,20260327,3.5222,6.4089,,1660559.7057,
300725.SZ,20260327,4.1729,4.3975,,835627.4367,
600753.SH,20260327,1.698,2.9077,,273604.9239,
002972.SZ,20260327,8.0221,10.8611,,299884.7272,
300670.SZ,20260327,3.1432,4.0875,,209167.5161,
000926.SZ,20260327,1.258,1.596,,336115.5673,
688651.SH,20260327,2.051,2.051,,296242.671,
603900.SH,20260327,1.6294,3.1156,,260995.4822,
688697.SH,20260327,0.443,1.1272,,656273.4003,
920026.BJ,20260327,0.8525,1.3639,,257886.7069,
603797.SH,20260327,1.1842,2.7913,,269274.6237,
603137.SH,20260327,2.9858,2.9858,,246960.0009,
688623.SH,20260327,3.3825,3.3825,,519627.7622,
688067.SH,20260327,2.0602,3.9286,,184144.0,
301260.SZ,20260327,0.8662,1.5813,,734299.6666,
603738.SH,20260327,10.8107,15.0451,,1010639.3415,
002497.SZ,20260327,6.9994,7.5048,,2789201.2984,
000711.SZ,20260327,13.191,14.5453,,1198927.3939,
002073.SZ,20260327,1.1549,1.3481,,725025.4868,
300252.SZ,20260327,3.2108,3.4257,,868083.6764,
603928.SH,20260327,0.9785,2.962,,378705.6,
301257.SZ,20260327,3.377,5.7743,,444480.836,
600843.SH,20260327,1.2011,1.549,,669663.3247,
600135.SH,20260327,9.9352,18.2917,,556073.6345,
000722.SZ,20260327,26.1545,53.9621,,787212.4463,
600734.SH,20260327,1.8106,2.4774,,825576.8772,
300710.SZ,20260327,2.1019,2.2039,,281955.5102,
301618.SZ,20260327,1.4302,1.5085,,431231.8108,
603607.SH,20260327,1.3021,2.5522,,401305.7664,
300144.SZ,20260327,0.8293,1.2641,,2047250.6652,
000402.SZ,20260327,0.4267,0.8703,,771143.916,
605162.SH,20260327,8.3477,32.9253,,448652.9622,
301322.SZ,20260327,1.4949,1.975,,414538.6341,
600362.SH,20260327,1.5993,3.8158,,15197919.3585,
603392.SH,20260327,0.2504,0.9463,,5048720.4664,
603041.SH,20260327,1.6812,2.8436,,231681.8304,
002835.SZ,20260327,1.208,1.5889,,340435.087,
920770.BJ,20260327,3.6546,4.1917,,214718.0888,
688080.SH,20260327,1.1134,1.5429,,381538.7638,
688077.SH,20260327,2.3778,3.9283,,330384.9625,
688178.SH,20260327,3.2109,6.6458,,246493.7476,
688396.SH,20260327,0.5853,1.7305,,6069922.8076,
002531.SZ,20260327,2.8336,5.7542,,1956800.8586,
603533.SH,20260327,2.347,4.0444,,1075297.2458,
300298.SZ,20260327,0.8738,1.3513,,881860.7396,
001220.SZ,20260327,3.5873,3.5873,,363991.76,
600452.SH,20260327,3.4997,5.9976,,1905311.651,
688516.SH,20260327,3.5015,6.3404,,2336909.7629,
920821.BJ,20260327,1.1693,2.1701,,273679.8362,
600206.SH,20260327,4.0022,5.9813,,1765910.2506,
000559.SZ,20260327,1.4114,3.8948,,5115598.0791,
002981.SZ,20260327,1.1218,2.9412,,324054.7731,
301053.SZ,20260327,8.0357,20.9215,,345421.1699,
603093.SH,20260327,1.1028,4.7897,,1418224.3886,
600269.SH,20260327,0.8495,1.8617,,1118659.9597,
300875.SZ,20260327,12.5646,22.3028,,487193.5849,
300557.SZ,20260327,2.4405,4.6574,,389919.7744,
300691.SZ,20260327,2.1379,2.8466,,418908.9287,
300563.SZ,20260327,1.9168,2.199,,552966.4929,
301357.SZ,20260327,24.9026,24.9026,,1184383.2,
002725.SZ,20260327,3.3563,4.7713,,385280.0,
000010.SZ,20260327,3.9025,4.6795,,484003.6149,
603218.SH,20260327,1.7231,4.2351,,1515631.9788,
301312.SZ,20260327,11.8272,19.4839,,1129766.8457,
600036.SH,20260327,0.2269,0.3994,,99467071.0503,
603790.SH,20260327,0.9877,2.5359,,393053.44,
600853.SH,20260327,1.1371,2.033,,398382.5461,
002596.SZ,20260327,2.0832,2.8948,,441818.4994,
603658.SH,20260327,0.3399,1.1745,,1906844.4508,
002912.SZ,20260327,1.3483,2.0241,,448394.752,
002227.SZ,20260327,1.6231,3.4925,,232194.3813,
300822.SZ,20260327,0.5669,1.7914,,435839.1438,
601188.SH,20260327,1.7061,3.4394,,445165.241,
300983.SZ,20260327,0.6861,1.4834,,514771.2,
301122.SZ,20260327,1.487,2.5421,,363069.6043,
002010.SZ,20260327,0.6467,1.5734,,1592081.803,
601611.SH,20260327,1.2454,3.7454,,4306769.0889,
600693.SH,20260327,2.411,5.3646,,963789.6406,
002940.SZ,20260327,8.9065,15.1125,,628585.0276,
000039.SZ,20260327,1.6736,2.1683,,6050407.872,
002508.SZ,20260327,0.3223,0.679,,1895547.4655,
603020.SH,20260327,1.4382,2.1794,,414663.2715,
688450.SH,20260327,3.6547,5.3314,,216282.0,
601136.SH,20260327,0.1875,1.0644,,4515467.4376,
002773.SZ,20260327,1.2099,2.6145,,2547452.4378,
600329.SH,20260327,0.9562,2.2479,,3389955.3551,
920541.BJ,20260327,0.5721,0.8682,,161989.5,
600336.SH,20260327,0.7806,1.2723,,551428.2054,
603150.SH,20260327,1.7002,2.8054,,387665.405,
920547.BJ,20260327,1.318,2.0734,,170525.16,
601199.SH,20260327,0.7853,2.2277,,551774.0723,
600936.SH,20260327,1.3118,1.998,,641674.0758,
301629.SZ,20260327,7.5872,7.5872,,1002289.1215,
003004.SZ,20260327,1.0605,2.1386,,251071.9992,
600161.SH,20260327,0.3517,0.7052,,2987808.2549,
002185.SZ,20260327,2.0685,2.6617,,4001239.3638,
002142.SZ,20260327,0.2071,0.4148,,19876808.2839,
002098.SZ,20260327,0.6612,1.562,,323990.0,
002337.SZ,20260327,1.834,2.9198,,359644.2233,
002295.SZ,20260327,1.3755,1.966,,266154.192,
600080.SH,20260327,2.0296,2.7205,,321012.4451,
601908.SH,20260327,18.2453,33.769,,1168667.7847,
300074.SZ,20260327,2.1009,2.477,,234887.4052,
600179.SH,20260327,1.1108,1.8682,,1887261.0326,
920123.BJ,20260327,0.8686,1.3799,,136190.34,
300937.SZ,20260327,2.353,2.8319,,283269.0454,
603960.SH,20260327,6.3171,10.1445,,536981.2992,
603689.SH,20260327,1.0422,2.8353,,444299.3725,
603002.SH,20260327,3.6261,7.735,,1172637.1783,
600584.SH,20260327,2.0562,2.6541,,7073555.7952,
688606.SH,20260327,0.2609,0.5521,,500262.1951,
000625.SZ,20260327,0.488,0.8738,,9922837.0361,
301136.SZ,20260327,1.6244,3.4942,,420512.965,
002681.SZ,20260327,1.0851,1.1333,,954754.9874,
301234.SZ,20260327,3.2682,4.6044,,269824.0,
000922.SZ,20260327,1.0777,1.6942,,959079.5125,
688585.SH,20260327,0.509,2.4028,,4723365.8349,
688226.SH,20260327,5.0036,9.4555,,882148.005,
600256.SH,20260327,3.8124,5.9256,,4499970.0867,
600030.SH,20260327,0.7783,1.0561,,35954646.6072,
603057.SH,20260327,0.9044,3.8746,,1012696.0,
000828.SZ,20260327,0.686,2.2733,,1112283.1814,
002183.SZ,20260327,5.6303,8.3203,,1454325.091,
002617.SZ,20260327,2.0978,2.3064,,1465330.4981,
301089.SZ,20260327,2.9705,4.1535,,362423.448,
300688.SZ,20260327,2.4679,2.9071,,421963.6287,
688682.SH,20260327,1.0642,2.7848,,433731.8538,
688167.SH,20260327,6.5304,7.575,,3115249.978,
688689.SH,20260327,1.5471,4.4218,,415197.4037,
300644.SZ,20260327,2.2518,3.1493,,317106.0221,
300222.SZ,20260327,3.25,3.3965,,867005.2947,
920184.BJ,20260327,1.7777,2.4372,,196135.6756,
600533.SH,20260327,1.4592,2.5813,,265650.0,
002736.SZ,20260327,0.2312,0.8414,,11603894.887,
688220.SH,20260327,1.3468,2.0429,,2938563.7452,
300337.SZ,20260327,2.3967,3.5641,,1001117.5986,
920418.BJ,20260327,0.7888,1.423,,379413.216,
300871.SZ,20260327,3.3423,6.2573,,482158.4833,
920407.BJ,20260327,1.6583,2.8202,,155142.728,
300500.SZ,20260327,6.2224,11.5722,,189284.6575,
603125.SH,20260327,1.5812,1.5812,,696723.4014,
688300.SH,20260327,3.1946,8.1685,,2119858.019,
603072.SH,20260327,1.4543,1.7386,,951408.0,
300664.SZ,20260327,2.159,3.0562,,453753.7992,
003006.SZ,20260327,0.6852,1.7145,,753172.5759,
002691.SZ,20260327,1.0086,2.8087,,266900.0,
603331.SH,20260327,3.3397,4.718,,301241.6976,
301248.SZ,20260327,7.269,8.2629,,766987.95,
002565.SZ,20260327,19.3238,25.3771,,1619663.0728,
603345.SH,20260327,1.418,1.8906,,2914278.4214,
600375.SH,20260327,0.9789,1.1249,,815963.3258,
601699.SH,20260327,0.9748,2.5965,,4232844.018,
300667.SZ,20260327,2.4809,2.8017,,310637.5072,
688787.SH,20260327,2.7303,4.3081,,832487.484,
300755.SZ,20260327,0.7176,2.3937,,544338.7104,
600163.SH,20260327,14.0245,41.2048,,1490045.98,
301063.SZ,20260327,2.7217,4.4964,,247856.7195,
688757.SH,20260327,1.8617,2.5508,,956654.8448,
300318.SZ,20260327,0.8245,1.7756,,484421.9935,
688531.SH,20260327,1.4444,1.4444,,1121567.7488,
300610.SZ,20260327,2.8538,3.1001,,244249.0653,
603915.SH,20260327,0.6634,1.8579,,953430.361,
300510.SZ,20260327,3.4908,5.1192,,381831.7941,
301226.SZ,20260327,14.7271,30.5263,,443360.0,
600337.SH,20260327,3.6886,6.8672,,385115.5007,
920179.BJ,20260327,5.1366,6.9871,,314199.27,
688580.SH,20260327,0.8593,2.2791,,501075.3788,
300849.SZ,20260327,2.3532,3.8007,,301800.0,
002633.SZ,20260327,1.9824,4.1128,,276900.0,
301607.SZ,20260327,3.6337,4.5125,,714156.7334,
300543.SZ,20260327,2.9687,3.2922,,301469.3927,
920992.BJ,20260327,5.0911,7.9815,,143838.8989,
002309.SZ,20260327,35.5144,37.8972,,1302319.1117,
688309.SH,20260327,3.6434,7.17,,481171.6901,
002800.SZ,20260327,3.6421,7.2543,,304962.8932,
000755.SZ,20260327,0.6042,2.6645,,777674.4039,
002996.SZ,20260327,2.7556,3.8701,,477977.9009,
688486.SH,20260327,1.4781,3.081,,782633.4933,
600012.SH,20260327,0.2936,1.3959,,2644900.2442,
002405.SZ,20260327,2.9266,3.24,,2273452.2126,
600105.SH,20260327,6.1459,8.1807,,3735396.7191,
300616.SZ,20260327,2.3487,2.704,,274583.0435,
300561.SZ,20260327,7.7964,13.2143,,483959.2631,
688227.SH,20260327,1.4491,2.4886,,716544.333,
002826.SZ,20260327,3.4713,4.6381,,386313.1215,
002027.SZ,20260327,0.5726,0.8496,,9315218.8233,
688092.SH,20260327,1.0323,2.1938,,235178.3403,
002121.SZ,20260327,2.5127,3.324,,1390103.5679,
002282.SZ,20260327,1.0714,1.5773,,366679.4902,
001223.SZ,20260327,0.5579,2.2302,,446689.32,
300460.SZ,20260327,1.555,1.9365,,249915.7834,
000638.SZ,20260327,8.7142,12.3249,,46085.2095,
002069.SZ,20260327,2.241,3.8768,,267378.1849,
300099.SZ,20260327,5.1627,6.2125,,625200.9362,
301051.SZ,20260327,2.1606,3.0457,,444056.0383,
603109.SH,20260327,0.7286,1.8218,,480351.228,
002873.SZ,20260327,2.6079,3.6563,,244592.0136,
688190.SH,20260327,0.6089,1.6793,,1167600.0,
920139.BJ,20260327,0.8346,1.4873,,458162.5664,
002310.SZ,20260327,13.0752,20.5501,,2303739.6929,
300415.SZ,20260327,1.1552,1.6578,,1141417.2366,
002569.SZ,20260327,2.7123,3.2001,,211262.67,
600279.SH,20260327,0.5548,1.6054,,617170.4672,
002682.SZ,20260327,3.5004,4.9374,,337983.525,
600802.SH,20260327,3.2638,4.7226,,277240.282,
300805.SZ,20260327,1.529,2.1613,,463490.83,
300520.SZ,20260327,3.0884,3.9228,,1034665.8968,
002330.SZ,20260327,1.4702,2.4911,,299868.8169,
688577.SH,20260327,1.5464,3.9584,,731998.0574,
603599.SH,20260327,2.2383,3.8348,,1301685.1634,
301151.SZ,20260327,0.8133,2.4637,,305390.4087,
000547.SZ,20260327,11.1674,14.2146,,4373409.184,
002453.SZ,20260327,1.8989,2.4888,,444364.8179,
002493.SZ,20260327,0.5911,2.1343,,12087225.1273,
002810.SZ,20260327,3.5993,5.6942,,726351.2604,
301580.SZ,20260327,7.0936,8.0396,,763215.214,
601010.SH,20260327,0.8704,1.2343,,415800.0,
301126.SZ,20260327,2.9115,3.7738,,233132.632,
688581.SH,20260327,0.513,0.7219,,441547.476,
688019.SH,20260327,2.7953,4.0339,,4165178.1395,
300125.SZ,20260327,3.3803,4.1949,,589943.0885,
002524.SZ,20260327,3.1702,4.243,,229322.5504,
603099.SH,20260327,2.1272,6.4146,,984838.7898,
600333.SH,20260327,3.2877,7.9705,,356891.9808,
002594.SZ,20260327,1.8882,2.6797,,96004090.3595,
002950.SZ,20260327,2.2632,4.2999,,740287.2608,
300418.SZ,20260327,3.8608,5.883,,6426172.2424,
002048.SZ,20260327,1.4433,2.3277,,2054928.6331,
300438.SZ,20260327,13.2538,15.6561,,2939021.879,
601636.SH,20260327,1.332,2.1185,,1713060.5085,
002715.SZ,20260327,1.7437,2.7014,,213900.0,
002858.SZ,20260327,3.7124,4.3421,,241453.9214,
600900.SH,20260327,0.2802,0.5921,,66675893.2761,
301017.SZ,20260327,1.5125,2.7688,,559331.3042,
600073.SH,20260327,0.8923,1.4342,,557011.3064,
603916.SH,20260327,1.3991,2.6806,,451020.5046,
688328.SH,20260327,6.0566,9.2985,,356383.601,
002579.SZ,20260327,5.9519,8.3419,,714313.3109,
605088.SH,20260327,0.8494,1.46,,685011.3331,
002568.SZ,20260327,0.9271,1.333,,1803050.6264,
001300.SZ,20260327,0.8313,2.8082,,411006.191,
300462.SZ,20260327,2.0664,2.2877,,232507.7465,
603536.SH,20260327,2.8766,6.485,,246258.8725,
600235.SH,20260327,1.7699,2.7782,,232209.3,
300820.SZ,20260327,1.4842,2.2106,,1028586.921,
003000.SZ,20260327,0.9148,1.2319,,461715.6188,
920402.BJ,20260327,1.0128,2.0398,,376055.5197,
001236.SZ,20260327,1.7643,4.8816,,986614.4447,
688653.SH,20260327,1.9028,1.9028,,539514.08,
002239.SZ,20260327,1.747,2.2794,,1008774.2401,
603668.SH,20260327,4.1684,6.2842,,564892.8948,
300227.SZ,20260327,3.5313,3.9507,,612829.1415,
002149.SZ,20260327,25.0928,37.0298,,2414219.5849,
600543.SH,20260327,1.7763,2.8066,,157348.8,
000908.SZ,20260327,3.0943,4.1635,,1367169.3415,
301326.SZ,20260327,0.9366,2.9383,,908871.6,
600339.SH,20260327,1.5432,5.5508,,2300256.7581,
002307.SZ,20260327,1.5818,2.948,,753492.0286,
300265.SZ,20260327,10.4902,17.0565,,833733.1803,
301065.SZ,20260327,1.8692,3.2561,,241301.52,
603172.SH,20260327,2.8363,3.2743,,279964.62,
600605.SH,20260327,1.0505,1.8393,,586048.3808,
688521.SH,20260327,2.9495,4.1481,,11335051.879,
688187.SH,20260327,0.382,1.284,,6994792.2702,
300200.SZ,20260327,3.5123,4.9392,,416751.0902,
002866.SZ,20260327,13.3958,16.6888,,618709.0611,
002647.SZ,20260327,0.9634,1.0233,,1077167.9491,
600129.SH,20260327,1.3766,2.2607,,888886.1142,
002890.SZ,20260327,0.8218,1.3946,,261267.9961,
603029.SH,20260327,2.78,6.6818,,227516.25,
688166.SH,20260327,4.2608,6.9278,,2095213.2562,
000957.SZ,20260327,1.6589,2.4777,,659309.1768,
002905.SZ,20260327,1.8144,6.7391,,395888.64,
300878.SZ,20260327,0.9474,3.3994,,401648.3532,
688228.SH,20260327,2.8454,6.4092,,716443.3606,
001287.SZ,20260327,8.2742,9.577,,1867834.4384,
600987.SH,20260327,0.7958,1.7116,,748260.2339,
603158.SH,20260327,4.8408,7.811,,573219.5329,
603310.SH,20260327,0.7321,1.0417,,555997.4,
301177.SZ,20260327,0.2969,2.9684,,1119968.1909,
688469.SH,20260327,1.5314,1.5314,,5406833.2259,
603221.SH,20260327,1.0841,3.7377,,282199.16,
600116.SH,20260327,2.6321,5.6649,,1374830.748,
688809.SH,20260327,6.588,6.588,,4099256.252,
300515.SZ,20260327,0.9246,1.8236,,368094.8005,
688562.SH,20260327,1.9042,1.9042,,728800.0,
301338.SZ,20260327,6.0974,9.9111,,1743257.6,
000911.SZ,20260327,1.2878,2.7523,,264611.3997,
601555.SH,20260327,1.0246,1.4296,,3865650.8072,
002980.SZ,20260327,9.5622,15.3201,,753816.6168,
600425.SH,20260327,2.5157,4.1301,,665952.0384,
002606.SZ,20260327,4.3598,6.051,,510203.0816,
920703.BJ,20260327,0.532,0.8224,,202573.056,
002543.SZ,20260327,1.4878,4.0751,,682624.8,
002642.SZ,20260327,1.4902,1.8871,,512724.7426,
688123.SH,20260327,5.218,6.8404,,1698248.3021,
688777.SH,20260327,1.4473,1.8711,,5126908.135,
920078.BJ,20260327,22.5314,22.5314,,300600.0,
301339.SZ,20260327,0.6856,2.3246,,766620.3157,
603808.SH,20260327,5.6241,12.6922,,386440.2433,
688280.SH,20260327,2.3743,2.8472,,573695.4603,
920160.BJ,20260327,1.9685,1.9685,,245251.2,
600048.SH,20260327,0.5619,0.948,,7050591.1732,
000881.SZ,20260327,1.0212,1.7421,,726087.0259,
300335.SZ,20260327,22.1357,24.312,,406414.5546,
300811.SZ,20260327,2.1023,3.2213,,2182775.7391,
603262.SH,20260327,2.2023,2.2023,,997624.94,
601020.SH,20260327,3.7706,4.964,,2304920.7661,
603578.SH,20260327,2.1349,4.9203,,303576.5515,
000838.SZ,20260327,2.0502,3.0796,,243202.1396,
603052.SH,20260327,4.3546,13.1765,,1206112.6532,
920168.BJ,20260327,3.0837,3.0837,,166884.948,
300748.SZ,20260327,2.5499,4.3978,,4289087.428,
001326.SZ,20260327,3.5669,4.1039,,385837.2,
001279.SZ,20260327,1.4523,1.4523,,497760.0,
002126.SZ,20260327,1.9372,2.0562,,3562973.8033,
301479.SZ,20260327,4.9859,5.8885,,823018.2956,
920735.BJ,20260327,1.4662,2.141,,356992.5576,
600366.SH,20260327,1.5883,2.4038,,1290274.1939,
600350.SH,20260327,0.1516,1.1461,,5071464.7954,
688320.SH,20260327,0.8517,1.2118,,465877.1658,
688819.SH,20260327,0.7242,5.2187,,3248758.2,
688170.SH,20260327,7.831,11.0576,,525585.6,
600601.SH,20260327,1.0935,1.7558,,4226731.7152,
603778.SH,20260327,15.0311,20.6692,,1510276.876,
603927.SH,20260327,0.6872,1.0327,,1389498.88,
920111.BJ,20260327,1.0076,1.601,,354993.496,
603107.SH,20260327,0.5744,0.8673,,486774.405,
000006.SZ,20260327,1.6787,2.6643,,1213645.5464,
600635.SH,20260327,1.7395,2.3773,,1730126.7196,
000797.SZ,20260327,1.3583,3.0111,,452377.2145,
002251.SZ,20260327,1.5774,2.0491,,1164206.9653,
605005.SH,20260327,1.0803,6.9038,,820045.0,
002842.SZ,20260327,13.4165,16.1811,,1083922.2341,
301408.SZ,20260327,2.3677,3.1528,,676816.92,
600390.SH,20260327,0.4562,0.8618,,2428955.3479,
688617.SH,20260327,1.1285,1.9879,,3483019.1202,
603369.SH,20260327,0.4526,0.8381,,3368853.7,
300657.SZ,20260327,4.0718,4.9637,,1409735.3889,
603409.SH,20260327,2.3661,2.3661,,481182.54,
301682.SZ,20260327,39.8487,39.8487,,1492747.6656,
600992.SH,20260327,1.3436,1.7554,,298274.53,
300012.SZ,20260327,1.1645,1.2335,,2369422.1253,
601601.SH,20260327,0.5086,1.148,,35710707.481,
002539.SZ,20260327,3.135,3.674,,1756030.3499,
300261.SZ,20260327,1.934,2.981,,617481.3709,
920982.BJ,20260327,0.8706,1.0935,,1805145.0539,
001332.SZ,20260327,6.206,10.7341,,600844.62,
002886.SZ,20260327,2.7342,3.6978,,539567.3083,
300437.SZ,20260327,10.5011,12.52,,391098.9397,
603356.SH,20260327,2.3217,3.2939,,219344.3,
002869.SZ,20260327,5.6374,7.262,,433441.728,
300066.SZ,20260327,1.7163,2.673,,656260.9883,
600968.SH,20260327,0.6692,3.647,,4726773.4525,
000831.SZ,20260327,3.9199,6.3261,,5125696.4978,
001277.SZ,20260327,1.7736,3.4869,,272384.0,
603917.SH,20260327,1.5131,2.2491,,263768.96,
002788.SZ,20260327,2.6195,4.2653,,532656.4451,
000848.SZ,20260327,0.478,0.8463,,805800.0585,
600168.SH,20260327,1.5702,3.9333,,529480.9043,
601568.SH,20260327,1.1313,3.0016,,1723944.4452,
601086.SH,20260327,0.7219,2.7847,,587412.0,
002189.SZ,20260327,1.6789,2.9046,,520570.1511,
688613.SH,20260327,3.2413,4.3305,,299226.7475,
300933.SZ,20260327,1.5699,2.5406,,434936.9109,
600510.SH,20260327,0.7076,1.7685,,868965.4348,
002157.SZ,20260327,1.8721,1.8721,,2858300.24,
301319.SZ,20260327,3.3928,6.5822,,543103.7145,
301283.SZ,20260327,1.1366,1.9052,,360271.8426,
300957.SZ,20260327,1.9352,4.417,,1628318.4,
600623.SH,20260327,1.1314,3.2793,,2112217.1236,
301115.SZ,20260327,1.9204,2.7969,,380814.0638,
002277.SZ,20260327,1.2939,1.9035,,862992.9632,
002219.SZ,20260327,11.4692,16.9006,,873944.4923,
600681.SH,20260327,13.3084,26.6238,,651655.4377,
000089.SZ,20260327,0.4146,0.9635,,1388370.9576,
300479.SZ,20260327,1.619,2.2128,,358614.3743,
600319.SH,20260327,1.8382,3.1916,,298923.9351,
002891.SZ,20260327,4.3405,8.6747,,1188637.633,
301133.SZ,20260327,2.172,4.767,,453556.374,
300982.SZ,20260327,2.3119,5.4334,,492163.1172,
600081.SH,20260327,0.23,0.9116,,618283.2581,
603662.SH,20260327,0.8508,1.8317,,1547372.5727,
300716.SZ,20260327,3.566,4.3711,,243710.46,
601016.SH,20260327,15.0368,26.9001,,3175107.6802,
600769.SH,20260327,3.3148,4.1476,,509968.992,
601999.SH,20260327,3.4546,10.6374,,437426.2718,
603969.SH,20260327,1.3859,2.3172,,794890.992,
002216.SZ,20260327,1.3725,2.7968,,1089309.0355,
600547.SH,20260327,1.8185,4.018,,17785108.1075,
001382.SZ,20260327,12.9637,12.9637,,929060.0,
002522.SZ,20260327,3.8666,5.157,,517200.03,
300861.SZ,20260327,1.8777,3.0254,,1089725.1937,
600561.SH,20260327,1.6894,2.8041,,188608.1184,
300368.SZ,20260327,4.6452,6.6352,,632616.3961,
000553.SZ,20260327,1.192,7.4372,,1509718.0244,
601600.SH,20260327,1.4423,2.4531,,19625287.1981,
300631.SZ,20260327,4.1842,5.6972,,337367.158,
603199.SH,20260327,1.8311,3.3066,,436300.56,
301522.SZ,20260327,1.2382,1.8844,,1146093.0677,
688189.SH,20260327,2.3969,4.3021,,211013.6,
002429.SZ,20260327,1.8611,4.0412,,4395659.3294,
000869.SZ,20260327,0.1642,0.6818,,1260586.5655,
001367.SZ,20260327,44.4969,44.4969,,383620.3216,
600156.SH,20260327,1.4428,2.4174,,325709.6686,
603166.SH,20260327,2.2051,5.4006,,877439.2347,
002549.SZ,20260327,11.8952,21.5635,,1348279.58,
002373.SZ,20260327,1.1153,1.5344,,1515400.4982,
603860.SH,20260327,2.0792,3.8674,,207174.76,
002003.SZ,20260327,0.5373,0.7934,,1148467.4048,
301289.SZ,20260327,0.8154,3.326,,406380.0,
603230.SH,20260327,1.0894,3.8509,,430591.014,
000920.SZ,20260327,1.6358,3.5029,,541151.1801,
300019.SZ,20260327,1.936,3.2544,,774046.7823,
300024.SZ,20260327,0.7236,0.9726,,2345298.6851,
920061.BJ,20260327,1.1568,2.2465,,164374.38,
300772.SZ,20260327,1.861,3.1139,,1495797.4872,
600392.SH,20260327,3.1685,4.2957,,3938601.3028,
600475.SH,20260327,1.1735,3.7304,,1730297.9695,
688543.SH,20260327,4.3729,4.3729,,1383996.1196,
000898.SZ,20260327,0.5166,1.9999,,2229874.6594,
000338.SZ,20260327,5.9752,6.0682,,20474133.1756,
688512.SH,20260327,6.9397,6.9397,,556010.6657,
002735.SZ,20260327,2.7105,3.1141,,544494.0662,
603096.SH,20260327,1.0778,2.6825,,266671.6649,
688596.SH,20260327,0.9422,1.1389,,850921.3099,
301491.SZ,20260327,1.636,1.636,,646935.0,
300547.SZ,20260327,4.6903,5.3888,,642042.275,
603391.SH,20260327,3.0883,3.0883,,628355.0,
003043.SZ,20260327,5.7275,8.1618,,727905.5145,
300062.SZ,20260327,3.8997,4.4969,,550565.2614,
600761.SH,20260327,0.8114,1.2646,,1654907.1499,
300070.SZ,20260327,0.9538,1.7008,,1438811.1171,
300981.SZ,20260327,2.4428,8.0231,,570390.3955,
300407.SZ,20260327,1.8128,2.3143,,404211.1427,
301307.SZ,20260327,7.1703,8.0728,,824709.6,
601727.SH,20260327,0.6722,1.5397,,12603038.6468,
600897.SH,20260327,0.4435,1.3857,,654586.38,
002131.SZ,20260327,9.8512,10.3563,,5241356.7161,
002008.SZ,20260327,2.0208,2.508,,6472087.0227,
002717.SZ,20260327,2.5337,2.705,,300338.5371,
601211.SH,20260327,0.4184,0.5175,,29616595.3927,
300258.SZ,20260327,1.9679,3.1115,,703811.8333,
001255.SZ,20260327,1.5951,4.1356,,318431.5825,
300978.SZ,20260327,1.611,1.9849,,459477.8773,
688786.SH,20260327,1.153,1.8715,,434132.2091,
600711.SH,20260327,4.2491,5.1787,,3841630.1579,
603719.SH,20260327,0.6654,1.5255,,409020.0,
300730.SZ,20260327,15.6946,20.2492,,332048.33,
000100.SZ,20260327,1.1654,1.2026,,9006773.4396,
300272.SZ,20260327,6.1103,7.5327,,492232.925,
600239.SH,20260327,1.2015,2.0392,,351645.4331,
000759.SZ,20260327,1.8104,2.8438,,374954.3919,
000539.SZ,20260327,9.0976,28.4815,,3643697.0863,
002818.SZ,20260327,1.0222,2.0544,,840519.3896,
605080.SH,20260327,0.5575,1.6553,,320873.0843,
300590.SZ,20260327,1.1466,1.6192,,516487.3952,
300697.SZ,20260327,2.4247,3.1196,,629923.84,
300400.SZ,20260327,8.527,12.7709,,607535.0032,
600365.SH,20260327,1.2501,1.5642,,142111.39,
603606.SH,20260327,2.9529,4.9897,,3971556.2502,
002140.SZ,20260327,1.6743,5.2271,,941658.4498,
002472.SZ,20260327,1.5299,1.7707,,3107754.2828,
300751.SZ,20260327,5.4288,6.9489,,7647594.4192,
002200.SZ,20260327,1.3564,2.9128,,345562.195,
002068.SZ,20260327,7.1994,13.6817,,676517.5803,
920496.BJ,20260327,2.978,4.2877,,158455.275,
002128.SZ,20260327,0.5268,1.2344,,6702304.7441,
002236.SZ,20260327,0.7242,0.8318,,5511889.0976,
688802.SH,20260327,8.4075,8.4075,,23931581.4,
300254.SZ,20260327,6.5777,6.7361,,286529.532,
603486.SH,20260327,0.5508,1.6709,,3570786.6154,
301288.SZ,20260327,0.4641,0.8942,,184913.12,
301118.SZ,20260327,2.7319,5.88,,264140.7708,
300597.SZ,20260327,1.7245,2.095,,247766.1573,
002161.SZ,20260327,2.47,2.9098,,552598.7778,
688217.SH,20260327,1.6071,2.711,,155335.2468,
601088.SH,20260327,0.1367,0.8418,,100850899.9048,
603638.SH,20260327,0.6202,2.2373,,1632258.4228,
600860.SH,20260327,2.8022,6.2747,,626871.4563,
603317.SH,20260327,0.6595,2.262,,1315987.4854,
600765.SH,20260327,0.9928,1.5331,,2541432.9285,
603282.SH,20260327,0.9346,1.9486,,271520.78,
600729.SH,20260327,1.0698,1.1225,,973841.7532,
300467.SZ,20260327,1.0787,1.1082,,582588.4397,
300928.SZ,20260327,1.868,2.1703,,236720.0,
002529.SZ,20260327,1.1224,1.3097,,181480.0,
300773.SZ,20260327,4.3372,5.9522,,1853899.2166,
001301.SZ,20260327,4.1792,5.2555,,2086157.9977,
002179.SZ,20260327,0.6364,1.1863,,7036211.7852,
688222.SH,20260327,4.4582,8.2167,,997292.52,
601702.SH,20260327,1.2263,4.0877,,1869249.2832,
603373.SH,20260327,5.254,7.7211,,488494.6249,
300421.SZ,20260327,2.9215,3.3148,,683032.8143,
600755.SH,20260327,0.6692,1.0969,,1333875.5645,
600415.SH,20260327,0.5976,1.4596,,7227331.0599,
600486.SH,20260327,1.1626,1.9889,,3001028.4694,
002513.SZ,20260327,4.0383,4.7921,,240380.1459,
300682.SZ,20260327,2.382,3.6041,,1768306.7464,
002714.SZ,20260327,0.932,1.4655,,26093935.7547,
688419.SH,20260327,2.0748,4.0123,,488104.6616,
300225.SZ,20260327,0.9722,1.1412,,254354.8307,
300988.SZ,20260327,3.5191,5.7966,,357056.7736,
002494.SZ,20260327,3.7659,4.2088,,200351.9913,
601512.SH,20260327,0.2047,1.0775,,1299537.63,
688571.SH,20260327,0.7076,1.9921,,318552.1957,
002575.SZ,20260327,20.0692,21.9624,,548685.0,
600650.SH,20260327,0.6748,1.5269,,720954.4098,
300157.SZ,20260327,9.1807,11.0461,,511169.7653,
600651.SH,20260327,0.8397,2.3573,,1797539.0868,
605033.SH,20260327,2.0953,7.6897,,313123.2,
000816.SZ,20260327,1.9263,2.5939,,483302.4482,
300538.SZ,20260327,2.3666,2.9288,,266146.8723,
300766.SZ,20260327,4.127,4.4492,,1349254.6694,
688021.SH,20260327,4.8097,8.0546,,204941.589,
001210.SZ,20260327,3.6478,4.8691,,340126.6942,
688468.SH,20260327,0.9105,1.4469,,294012.164,
600663.SH,20260327,0.1484,0.5832,,3841822.2571,
002552.SZ,20260327,1.1553,3.1794,,616896.6763,
688401.SH,20260327,1.5046,2.4831,,937739.9971,
300226.SZ,20260327,2.9002,3.9401,,799990.7692,
300627.SZ,20260327,1.1179,1.5023,,2580220.3468,
002100.SZ,20260327,2.0917,2.9211,,996633.606,
920807.BJ,20260327,1.5599,2.2523,,210617.04,
600172.SH,20260327,6.2116,8.4282,,1139325.736,
605300.SH,20260327,0.3743,1.2806,,487569.6946,
920163.BJ,20260327,0.9046,1.5577,,162052.3864,
920207.BJ,20260327,5.0646,7.5567,,257869.415,
002074.SZ,20260327,2.7057,4.4776,,6821067.903,
301419.SZ,20260327,17.0683,33.2535,,499440.0,
002693.SZ,20260327,3.496,6.8634,,349168.7695,
600215.SH,20260327,1.034,1.4741,,312051.007,
301287.SZ,20260327,4.2238,4.2238,,274080.37,
603718.SH,20260327,1.781,2.8763,,301179.9714,
600273.SH,20260327,1.6152,2.6687,,1256470.4374,
920230.BJ,20260327,2.0942,3.564,,110789.2445,
300481.SZ,20260327,1.4619,2.2695,,468719.8334,
920765.BJ,20260327,1.3616,2.9211,,125773.3514,
920030.BJ,20260327,1.3687,2.1265,,99256.023,
603206.SH,20260327,0.452,1.4321,,470007.9815,
601077.SH,20260327,0.7371,1.2408,,7949900.0,
300738.SZ,20260327,5.8587,8.0931,,2152621.075,
603977.SH,20260327,7.6232,14.8301,,1056111.1076,
600801.SH,20260327,0.9941,2.4846,,4241151.124,
603335.SH,20260327,2.6876,5.15,,252605.314,
603759.SH,20260327,2.4779,6.2226,,457604.16,
002004.SZ,20260327,1.7264,2.2766,,1033517.8177,
301355.SZ,20260327,2.8095,2.8095,,237434.1784,
300244.SZ,20260327,3.6097,4.0251,,1156211.9566,
920786.BJ,20260327,1.9482,2.6693,,167869.559,
300896.SZ,20260327,1.0745,1.6873,,3633525.4685,
300687.SZ,20260327,1.3738,1.5449,,765771.7688,
603203.SH,20260327,0.9532,2.67,,902018.9356,
600850.SH,20260327,1.4285,2.4706,,1554934.3219,
603703.SH,20260327,4.2374,5.9619,,516237.7573,
605151.SH,20260327,1.1044,3.3081,,244888.684,
300281.SZ,20260327,0.9383,1.8184,,282773.4165,
601518.SH,20260327,1.1105,3.5141,,563384.8444,
300308.SZ,20260327,2.0292,2.6945,,66444876.3732,
300425.SZ,20260327,1.3278,2.128,,334972.4028,
603182.SH,20260327,1.0153,1.5528,,249293.25,
300003.SZ,20260327,1.964,2.7124,,2993675.9875,
002252.SZ,20260327,0.4278,0.7463,,3883221.1296,
300946.SZ,20260327,1.4667,2.3353,,694702.7334,
000812.SZ,20260327,2.7731,3.341,,325156.9757,
002612.SZ,20260327,1.585,2.1762,,733131.9864,
301548.SZ,20260327,3.5443,3.7204,,588120.0,
920953.BJ,20260327,1.3616,2.2795,,368717.8192,
300047.SZ,20260327,1.7485,1.7837,,762104.883,
002802.SZ,20260327,2.1536,3.8538,,234532.1817,
300942.SZ,20260327,1.3143,3.0108,,346738.862,
000157.SZ,20260327,0.6539,0.982,,7351254.9506,
300305.SZ,20260327,2.1858,2.9549,,236502.2344,
601096.SH,20260327,1.8921,3.852,,1546239.6409,
688501.SH,20260327,0.7254,1.2085,,310565.0,
688141.SH,20260327,4.6018,7.2055,,2362387.1608,
300203.SZ,20260327,1.3971,1.8411,,611629.3488,
603825.SH,20260327,0.7364,1.1659,,219389.454,
600668.SH,20260327,0.6426,0.7663,,420745.7053,
603848.SH,20260327,0.4971,2.9053,,623327.6855,
300290.SZ,20260327,2.0783,2.5983,,909059.9805,
603877.SH,20260327,0.3097,1.0513,,652910.9687,
920639.BJ,20260327,1.4375,1.8468,,153417.6,
000909.SZ,20260327,1.4077,2.4036,,265254.8325,
688060.SH,20260327,0.6508,2.123,,259301.6562,
600331.SH,20260327,2.5073,3.6504,,3782771.2,
688281.SH,20260327,0.5459,1.0569,,2010208.7281,
002675.SZ,20260327,1.7004,2.1328,,1085167.9478,
920001.BJ,20260327,2.0786,4.1474,,239396.3658,
603818.SH,20260327,1.4682,2.5329,,246469.2439,
002485.SZ,20260327,0.9999,4.0661,,273632.0,
600480.SH,20260327,0.7321,1.317,,1202727.8762,
002577.SZ,20260327,2.0204,4.85,,444329.104,
002281.SZ,20260327,5.6308,9.3178,,6816410.1044,
603276.SH,20260327,2.296,2.296,,343659.9175,
002556.SZ,20260327,3.0686,4.9318,,597252.9085,
300245.SZ,20260327,15.8728,19.649,,422494.2071,
002630.SZ,20260327,6.9094,6.9094,,258595.2,
002703.SZ,20260327,4.7012,8.9224,,1583567.3392,
688350.SH,20260327,3.0438,5.2026,,403663.3617,
300876.SZ,20260327,1.5307,2.3583,,277779.3547,
603048.SH,20260327,1.5484,5.4289,,305510.4,
601015.SH,20260327,6.9234,18.5915,,1025333.8148,
603270.SH,20260327,3.479,3.479,,524541.3608,
301071.SZ,20260327,3.4163,4.7795,,1049157.6937,
601666.SH,20260327,1.365,2.8371,,2126122.3308,
300789.SZ,20260327,1.4949,1.9565,,302658.4159,
301192.SZ,20260327,1.7207,2.8858,,272427.3,
003001.SZ,20260327,1.7683,2.343,,309642.8898,
603730.SH,20260327,1.2144,6.3188,,1895052.2187,
688707.SH,20260327,2.568,3.6846,,712236.287,
300752.SZ,20260327,1.9346,2.3334,,371767.8014,
920873.BJ,20260327,1.1657,1.3467,,102922.6783,
300445.SZ,20260327,2.9992,4.0032,,427409.1862,
000025.SZ,20260327,0.8941,1.9382,,688831.1954,
300017.SZ,20260327,7.1162,8.0277,,4286820.9613,
300867.SZ,20260327,4.9041,6.0933,,584786.7461,
300803.SZ,20260327,2.187,3.6252,,6000352.4436,
002077.SZ,20260327,5.1756,10.1898,,958735.7435,
300256.SZ,20260327,0.675,1.3803,,803011.2586,
002187.SZ,20260327,1.2148,2.8559,,452077.0383,
002895.SZ,20260327,2.021,3.7892,,2402418.8086,
603129.SH,20260327,0.8728,1.3618,,3477919.4096,
300469.SZ,20260327,3.1022,3.8207,,1600892.176,
300532.SZ,20260327,1.8083,2.7875,,475368.1389,
600546.SH,20260327,1.1745,2.7902,,2343263.1575,
301231.SZ,20260327,3.9863,4.8391,,263328.0,
301551.SZ,20260327,2.1514,2.5916,,1135628.39,
600961.SH,20260327,2.8787,4.6366,,1845341.0492,
603596.SH,20260327,1.1964,1.9182,,2715355.1507,
301137.SZ,20260327,2.1831,6.2849,,849432.2048,
605122.SH,20260327,1.1627,3.5026,,225611.386,
301012.SZ,20260327,4.6311,7.2597,,583592.96,
600828.SH,20260327,0.9756,6.5193,,943930.4876,
600165.SH,20260327,0.7183,2.0166,,563943.4375,
000682.SZ,20260327,1.0051,1.7166,,1693338.2098,
920110.BJ,20260327,0.5297,0.7993,,129948.0,
688565.SH,20260327,2.1281,3.2692,,201985.77,
002721.SZ,20260327,3.2292,4.6191,,781857.3128,
603583.SH,20260327,0.5493,1.15,,1228294.7207,
600108.SH,20260327,6.6606,9.2615,,944253.8337,
600583.SH,20260327,1.4796,3.3165,,2971150.4256,
603308.SH,20260327,1.7966,2.7413,,4235150.2825,
688135.SH,20260327,3.1031,4.2282,,584660.0201,
300626.SZ,20260327,3.555,6.134,,367560.0,
688583.SH,20260327,3.6255,3.6255,,1051960.0,
600523.SH,20260327,0.6771,1.2614,,560375.4895,
603895.SH,20260327,1.0701,2.0426,,285006.96,
002602.SZ,20260327,1.0668,1.3091,,12110031.055,
002631.SZ,20260327,2.6289,5.5612,,561287.1482,
301091.SZ,20260327,0.5979,1.5986,,1105178.88,
600058.SH,20260327,0.8171,2.1826,,1232697.3177,
002015.SZ,20260327,10.7454,20.6745,,2883024.5145,
688200.SH,20260327,1.6452,2.5866,,3638660.4916,
301261.SZ,20260327,2.6657,3.1818,,686070.87,
002643.SZ,20260327,1.2906,2.3901,,1451814.8609,
001211.SZ,20260327,5.7713,10.0998,,205344.0,
002466.SZ,20260327,6.9213,10.3092,,9889395.9215,
603005.SH,20260327,2.6684,3.168,,1754341.8891,
002956.SZ,20260327,0.5279,1.1327,,575753.7164,
000548.SZ,20260327,2.0661,3.0525,,269077.3221,
301211.SZ,20260327,1.0307,3.3323,,504043.2,
920368.BJ,20260327,3.9807,6.3899,,847322.608,
300522.SZ,20260327,1.3752,2.2675,,354696.6577,
002339.SZ,20260327,6.123,7.3684,,547948.3018,
301096.SZ,20260327,2.1837,2.5945,,568642.4465,
920961.BJ,20260327,1.5956,2.0415,,317962.9708,
688353.SH,20260327,11.2637,25.1687,,2100455.5,
002989.SZ,20260327,2.0528,4.216,,534057.849,
301153.SZ,20260327,2.079,4.9139,,775918.4254,
002880.SZ,20260327,1.0664,3.8777,,624380.4,
603031.SH,20260327,2.2528,3.1164,,1238332.4808,
603040.SH,20260327,1.2135,2.6331,,1095058.5654,
002792.SZ,20260327,13.688,16.4069,,2126774.2818,
300617.SZ,20260327,6.0404,9.4529,,979166.5866,
600863.SH,20260327,0.9778,2.0908,,4176156.0355,
301159.SZ,20260327,2.6227,3.9597,,326107.6,
688659.SH,20260327,1.8028,3.2791,,158400.0,
301021.SZ,20260327,3.0601,5.1701,,811342.5987,
300102.SZ,20260327,3.7984,5.931,,2789531.9388,
300088.SZ,20260327,1.4585,1.6373,,1501137.881,
002261.SZ,20260327,7.5453,8.4089,,4375394.7092,
000719.SZ,20260327,1.1493,2.5268,,1333234.4849,
300568.SZ,20260327,9.1503,9.4824,,2044134.4606,
000882.SZ,20260327,1.7744,2.4715,,457137.7751,
603068.SH,20260327,1.1392,1.8669,,480406.8646,
001238.SZ,20260327,0.2763,0.888,,539582.58,
600493.SH,20260327,2.0148,3.0081,,198832.0,
920489.BJ,20260327,1.4773,1.4773,,190633.5024,
301371.SZ,20260327,1.463,1.463,,1171794.312,
001278.SZ,20260327,2.5028,4.16,,258726.5394,
300797.SZ,20260327,0.7482,2.0811,,562227.7405,
600537.SH,20260327,12.1016,12.1016,,459281.427,
301631.SZ,20260327,2.0078,2.0078,,791650.2628,
301333.SZ,20260327,2.3134,5.924,,600059.3435,
301050.SZ,20260327,1.6606,2.0784,,1120365.559,
000829.SZ,20260327,1.7818,2.8138,,1064054.2546,
688498.SH,20260327,4.1209,5.7337,,9455195.285,
920510.BJ,20260327,0.8512,1.2461,,262689.0628,
603261.SH,20260327,0.9256,2.7226,,254603.9973,
688211.SH,20260327,0.2024,0.5203,,410320.6581,
002726.SZ,20260327,2.221,3.7071,,365835.4736,
600143.SH,20260327,2.1997,2.7282,,4481839.0736,
600569.SH,20260327,1.2571,3.9108,,652039.6546,
688805.SH,20260327,8.1924,8.1924,,765626.88,
002585.SZ,20260327,5.9117,7.7068,,832024.1841,
600809.SH,20260327,0.3037,0.9066,,18111588.8398,
301228.SZ,20260327,1.4911,3.2659,,490920.0,
002700.SZ,20260327,3.2932,3.3362,,285817.0758,
688783.SH,20260327,2.0344,2.0344,,8725685.8,
688192.SH,20260327,2.204,5.7617,,2601946.7152,
300945.SZ,20260327,3.8736,6.6513,,408045.5264,
002110.SZ,20260327,0.756,1.8066,,944910.6523,
002831.SZ,20260327,2.0095,2.8797,,2963132.9565,
920007.BJ,20260327,1.3979,1.3979,,258685.7239,
300739.SZ,20260327,3.5785,6.2716,,944094.6369,
600894.SH,20260327,0.4309,1.0182,,740960.1749,
002623.SZ,20260327,2.7403,5.2047,,444904.6875,
688036.SH,20260327,1.1118,2.726,,6549088.8765,
920346.BJ,20260327,0.6871,1.0903,,161306.206,
300939.SZ,20260327,11.8944,21.6616,,489000.0,
603236.SH,20260327,1.2888,1.691,,2096793.6074,
920033.BJ,20260327,0.7018,1.5222,,180251.6333,
000576.SZ,20260327,3.7252,5.8332,,411105.9576,
301076.SZ,20260327,1.8156,2.0168,,648984.1332,
920957.BJ,20260327,1.0151,2.0534,,117173.0567,
000786.SZ,20260327,0.7437,1.3401,,4245376.6887,
301665.SZ,20260327,8.2376,8.2376,,1196100.0,
301468.SZ,20260327,4.5731,5.3838,,615438.6382,
600082.SH,20260327,2.1847,3.1096,,234540.0448,
603958.SH,20260327,4.6034,12.613,,449029.92,
301429.SZ,20260327,4.754,5.9522,,232538.74,
605180.SH,20260327,0.9973,3.4688,,248261.0,
002103.SZ,20260327,1.3563,1.6828,,446652.1887,
300609.SZ,20260327,1.5113,1.7785,,407067.6575,
920003.BJ,20260327,1.8247,1.8247,,178223.1436,
002479.SZ,20260327,8.6215,13.2772,,506890.0,
688627.SH,20260327,4.572,4.572,,2269255.7181,
601921.SH,20260327,0.2873,1.5119,,1713333.3339,
002925.SZ,20260327,1.1537,3.4359,,1481604.5818,
002123.SZ,20260327,0.9865,1.0269,,808643.2764,
603799.SH,20260327,4.1803,5.2757,,11361397.707,
001360.SZ,20260327,2.8003,2.8924,,428808.0,
002049.SZ,20260327,1.0214,1.3804,,5768101.7964,
301300.SZ,20260327,2.0935,3.515,,277850.416,
000565.SZ,20260327,2.3972,4.0322,,323026.2039,
605138.SH,20260327,0.4538,1.8868,,377232.9786,
605365.SH,20260327,1.3767,8.2083,,921193.6275,
002434.SZ,20260327,0.7765,1.5739,,1043517.0,
000523.SZ,20260327,1.5097,2.0914,,644249.4298,
002530.SZ,20260327,1.6713,2.1509,,679460.8086,
688219.SH,20260327,1.2276,2.0942,,583125.6,
688575.SH,20260327,0.8759,1.5646,,849654.4021,
301638.SZ,20260327,11.4012,11.4012,,8651828.2758,
688186.SH,20260327,2.4353,3.0675,,644845.0294,
603226.SH,20260327,1.312,4.6487,,1301099.8782,
300986.SZ,20260327,3.7464,6.5334,,1005216.499,
603312.SH,20260327,2.7346,2.7346,,698877.816,
000430.SZ,20260327,0.6349,1.0187,,592653.0923,
601238.SH,20260327,0.2002,0.8301,,7392872.7775,
301613.SZ,20260327,1.6438,2.2128,,652320.0551,
600929.SH,20260327,1.7678,4.7883,,970947.0476,
300008.SZ,20260327,3.5575,4.0944,,1309846.0828,
600028.SH,20260327,0.2035,1.3746,,71346053.391,
300677.SZ,20260327,3.066,3.5016,,3622749.8042,
300058.SZ,20260327,5.489,5.489,,5119655.4697,
002032.SZ,20260327,0.0982,0.5849,,3517011.5864,
002614.SZ,20260327,1.4434,1.6706,,389213.2633,
002816.SZ,20260327,2.1624,2.5743,,216600.0,
000713.SZ,20260327,1.7801,2.5157,,522833.7555,
600420.SH,20260327,0.7859,1.7916,,1389454.9089,
301286.SZ,20260327,0.9919,3.6547,,1824456.0,
600423.SH,20260327,3.3281,4.6275,,299510.6348,
600491.SH,20260327,0.7538,1.1103,,448219.0808,
300746.SZ,20260327,1.4147,2.9643,,271337.4703,
688282.SH,20260327,0.6542,1.9203,,555280.0,
601133.SH,20260327,19.0969,19.0969,,966273.7159,
301033.SZ,20260327,2.0006,3.4706,,427776.5756,
002278.SZ,20260327,5.2343,7.1432,,457124.4352,
301128.SZ,20260327,10.515,19.7341,,1421283.0498,
300869.SZ,20260327,1.1268,1.5584,,538818.0872,
601633.SH,20260327,0.1713,0.9718,,17868837.2371,
603922.SH,20260327,3.4225,6.2216,,376320.0,
600789.SH,20260327,1.9937,2.6168,,866462.326,
600916.SH,20260327,1.4756,3.0809,,1582560.0,
003016.SZ,20260327,0.9009,2.9205,,342304.5922,
605189.SH,20260327,1.0889,3.3552,,268991.5578,
301421.SZ,20260327,5.2875,5.3036,,986843.104,
300213.SZ,20260327,1.1788,1.2083,,460038.2468,
001285.SZ,20260327,2.3468,2.3468,,911341.2547,
002491.SZ,20260327,16.5827,25.1746,,1380053.829,
688234.SH,20260327,0.8801,2.0098,,3791655.4883,
301255.SZ,20260327,1.8146,1.8146,,371965.44,
002766.SZ,20260327,1.2709,2.436,,428534.1911,
002115.SZ,20260327,3.2638,3.6146,,965079.6851,
300904.SZ,20260327,6.2446,6.2446,,438642.3859,
688700.SH,20260327,3.216,4.8438,,1552880.6774,
002408.SZ,20260327,2.4603,5.4622,,1731296.6798,
301488.SZ,20260327,8.2869,8.4508,,1202808.0,
002154.SZ,20260327,1.1006,1.4391,,529738.1436,
600198.SH,20260327,1.4398,3.0396,,1071562.1107,
600556.SH,20260327,1.8492,3.026,,1093687.3234,
603995.SH,20260327,1.0178,1.9687,,639100.0805,
301617.SZ,20260327,4.4083,5.7228,,771370.08,
300475.SZ,20260327,4.4596,5.3078,,6692495.5017,
920926.BJ,20260327,0.9166,3.1172,,124855.1344,
300253.SZ,20260327,2.045,2.2921,,1856613.2609,
000985.SZ,20260327,1.791,4.9067,,257334.4075,
002137.SZ,20260327,2.529,2.9831,,470088.9512,
603183.SH,20260327,2.0014,2.6178,,228193.3422,
000498.SZ,20260327,0.9662,2.4311,,892653.6141,
603115.SH,20260327,8.6859,24.663,,1050530.0072,
000555.SZ,20260327,2.7874,4.5693,,1516353.4751,
603986.SH,20260327,4.3389,4.7579,,18134715.9976,
301058.SZ,20260327,0.9166,1.6051,,507151.5026,
600587.SH,20260327,1.0643,1.5107,,868108.3496,
000737.SZ,20260327,1.6114,3.2873,,2523749.2764,
688058.SH,20260327,2.9447,5.5835,,213631.5444,
605208.SH,20260327,1.6373,3.0351,,435190.86,
300345.SZ,20260327,16.7844,22.4681,,471146.7949,
301168.SZ,20260327,2.2515,4.3521,,519240.0,
688293.SH,20260327,0.7122,1.4868,,579960.676,
300342.SZ,20260327,12.6806,16.7185,,2125175.565,
300964.SZ,20260327,9.0789,13.8868,,502469.0936,
688184.SH,20260327,0.4452,0.547,,157616.0864,
301043.SZ,20260327,1.9569,5.631,,366928.0,
300828.SZ,20260327,4.7644,7.0383,,336338.862,
603316.SH,20260327,3.8989,6.3078,,383975.592,
600468.SH,20260327,7.1914,16.3151,,1003979.7013,
301571.SZ,20260327,4.022,4.4894,,1160167.9211,
300217.SZ,20260327,3.9891,5.0092,,767070.0319,
600864.SH,20260327,3.9995,7.3865,,1437674.2293,
688056.SH,20260327,1.5392,3.62,,232508.6296,
600626.SH,20260327,1.9763,3.7274,,530939.3561,
002930.SZ,20260327,4.4679,9.2104,,656955.4591,
688052.SH,20260327,0.8455,1.1971,,2585712.5847,
000407.SZ,20260327,3.8973,5.2161,,434761.8201,
000668.SZ,20260327,1.9205,3.25,,205578.646,
603551.SH,20260327,1.347,4.8023,,492470.592,
603617.SH,20260327,1.0119,1.7716,,283003.0307,
603601.SH,20260327,29.1212,45.0676,,1505605.3998,
600724.SH,20260327,0.8921,3.8735,,839685.0623,
300993.SZ,20260327,0.8978,1.7464,,381158.2944,
600232.SH,20260327,2.4857,4.9964,,288857.0868,
603083.SH,20260327,6.1527,7.1331,,3686254.349,
002749.SZ,20260327,0.4072,0.892,,605799.7565,
001330.SZ,20260327,2.449,3.437,,947043.58,
603035.SH,20260327,0.7876,1.1623,,501162.8054,
600649.SH,20260327,1.774,3.7689,,1139547.8494,
002571.SZ,20260327,2.0826,3.0117,,447607.6994,
600184.SH,20260327,2.8979,5.8927,,953924.8651,
300212.SZ,20260327,4.3741,6.7441,,825716.608,
000078.SZ,20260327,2.3885,4.4492,,828803.826,
603970.SH,20260327,1.1464,2.8445,,343526.5713,
300882.SZ,20260327,1.4305,4.4109,,608463.7257,
300128.SZ,20260327,1.4886,2.0543,,802853.3246,
300491.SZ,20260327,4.354,5.5843,,418980.4604,
002677.SZ,20260327,0.9256,2.0142,,510380.8011,
688702.SH,20260327,3.0208,5.7404,,7121700.0,
603717.SH,20260327,2.6482,3.8698,,196719.1507,
001202.SZ,20260327,2.0139,4.1465,,284375.0337,
603351.SH,20260327,0.7037,1.6184,,335618.1691,
600051.SH,20260327,1.8645,2.6292,,238444.96,
002988.SZ,20260327,0.9589,2.1377,,726085.5412,
600636.SH,20260327,1.0247,1.7688,,344768.5264,
605089.SH,20260327,0.8469,3.2133,,319470.0,
000530.SZ,20260327,1.4419,2.0162,,510143.5667,
300950.SZ,20260327,1.4695,1.8932,,326340.976,
600975.SH,20260327,0.9946,1.6577,,673567.6779,
000710.SZ,20260327,2.5293,3.3057,,368015.8451,
300147.SZ,20260327,0.8531,1.104,,622924.8604,
603380.SH,20260327,0.7559,1.6977,,538119.7848,
002753.SZ,20260327,4.121,5.1211,,336082.1377,
002655.SZ,20260327,6.6695,7.6616,,639101.4045,
600585.SH,20260327,0.5294,1.0401,,12209593.142,
300451.SZ,20260327,1.6212,1.8858,,723441.2312,
301358.SZ,20260327,4.2197,7.4487,,6071205.7136,
605369.SH,20260327,0.4428,1.3806,,381673.2947,
002364.SZ,20260327,4.4724,7.5589,,1587562.4923,
300747.SZ,20260327,1.7572,2.9964,,1519689.6,
601065.SH,20260327,1.8105,2.3281,,545716.8911,
002501.SZ,20260327,1.7884,2.3093,,656750.0,
300540.SZ,20260327,2.5861,3.9566,,454756.5969,
603856.SH,20260327,0.9865,2.5004,,367801.1022,
301090.SZ,20260327,0.9621,5.3862,,1147047.4509,
002152.SZ,20260327,0.6723,1.3456,,2855890.3327,
002369.SZ,20260327,1.9457,1.9457,,400838.09,
688109.SH,20260327,0.703,1.3958,,1006500.8018,
600679.SH,20260327,0.7144,1.8093,,611138.9888,
603260.SH,20260327,0.5566,2.4232,,4981820.0494,
300970.SZ,20260327,2.9856,3.8155,,291196.6125,
601339.SH,20260327,0.4077,1.5859,,1042200.455,
002019.SZ,20260327,3.2507,3.949,,1593471.0114,
301633.SZ,20260327,1.3251,1.5887,,336864.0,
600439.SH,20260327,0.9898,1.4931,,293184.229,
002304.SZ,20260327,0.4097,1.0627,,7652740.9759,
300771.SZ,20260327,1.8301,2.1397,,324000.0,
688639.SH,20260327,1.7135,2.4751,,739842.2199,
920478.BJ,20260327,1.7098,2.128,,128295.181,
688368.SH,20260327,2.4761,7.1687,,1592363.7304,
301200.SZ,20260327,1.1011,7.4496,,8156644.8306,
002372.SZ,20260327,0.4039,0.9884,,1748057.7108,
300002.SZ,20260327,1.4009,1.4233,,1862913.6511,
002063.SZ,20260327,3.8483,5.0442,,1289294.2469,
920100.BJ,20260327,2.9008,2.9008,,363141.756,
300311.SZ,20260327,1.5168,1.7131,,349614.0479,
003009.SZ,20260327,1.482,3.4674,,925547.1717,
002689.SZ,20260327,0.9013,1.8495,,384981.6575,
600578.SH,20260327,0.8369,4.0867,,3728903.9054,
300685.SZ,20260327,2.9612,3.8214,,877040.9626,
600621.SH,20260327,1.4785,3.3043,,1502233.3975,
688090.SH,20260327,2.5991,3.8805,,604508.1162,
301636.SZ,20260327,12.1941,12.1941,,425423.569,
300404.SZ,20260327,3.1272,3.4744,,373901.2848,
601155.SH,20260327,0.5481,1.671,,3184939.4727,
603366.SH,20260327,6.8556,17.3454,,817926.3896,
300480.SZ,20260327,7.5666,8.6537,,1002036.0697,
603616.SH,20260327,9.8359,15.2755,,258269.88,
688789.SH,20260327,0.5452,1.0318,,1271346.3227,
301259.SZ,20260327,2.8451,3.3141,,511992.0,
300452.SZ,20260327,2.6085,3.1681,,348633.0891,
000571.SZ,20260327,2.2373,3.1551,,500120.884,
600581.SH,20260327,1.7985,3.5986,,407750.8334,
000721.SZ,20260327,1.2038,1.8622,,455114.0462,
002165.SZ,20260327,13.6466,17.0411,,745563.6147,
300842.SZ,20260327,3.3374,3.7335,,1235604.2142,
002263.SZ,20260327,15.9781,22.1627,,764492.5607,
603885.SH,20260327,0.7082,1.6591,,2620806.3216,
603511.SH,20260327,0.3115,2.2229,,553145.2878,
300676.SZ,20260327,1.2439,2.0118,,1674523.2512,
000607.SZ,20260327,0.9852,1.844,,430486.4274,
002870.SZ,20260327,1.4155,2.5249,,487094.9456,
600501.SH,20260327,1.1193,2.0781,,945491.482,
600467.SH,20260327,2.6139,4.1462,,363787.5817,
603336.SH,20260327,1.0539,1.8688,,533846.5148,
301595.SZ,20260327,4.335,4.335,,634412.52,
300962.SZ,20260327,0.8131,1.7756,,428211.0769,
001979.SZ,20260327,0.5223,1.3472,,7789851.7957,
688472.SH,20260327,3.4411,3.4411,,5151400.1184,
603626.SH,20260327,5.0041,7.1067,,1204088.9273,
688347.SH,20260327,3.0431,3.4523,,19564000.861,
688283.SH,20260327,0.5875,1.1702,,481719.0,
002635.SZ,20260327,1.9541,2.5116,,930158.3542,
002463.SZ,20260327,3.5239,5.1547,,15518067.5624,
603959.SH,20260327,2.6981,3.5352,,302514.4781,
688361.SH,20260327,1.3851,1.6878,,5500714.29,
300624.SZ,20260327,3.1103,3.8913,,1328220.5459,
000839.SZ,20260327,2.2025,3.4654,,1336660.786,
300274.SZ,20260327,3.6382,4.0393,,33865908.611,
301356.SZ,20260327,4.0797,4.1324,,479304.0,
600152.SH,20260327,13.6712,19.3322,,551300.7088,
300049.SZ,20260327,3.1029,3.3396,,1546399.3524,
600540.SH,20260327,2.9476,5.359,,281967.8256,
300741.SZ,20260327,0.4179,2.2118,,980480.96,
002686.SZ,20260327,2.323,4.0688,,405993.4584,
300810.SZ,20260327,1.5003,2.7052,,379412.7,
920876.BJ,20260327,2.5526,4.2034,,147679.6964,
600927.SH,20260327,0.2824,1.8424,,2011577.7784,
688157.SH,20260327,1.6885,3.5791,,612584.1093,
002587.SZ,20260327,6.0486,6.6839,,447610.8352,
920199.BJ,20260327,2.547,5.2878,,252823.5776,
603327.SH,20260327,0.7787,2.6448,,943004.3427,
601311.SH,20260327,2.3484,3.8901,,1136778.5883,
002512.SZ,20260327,10.6599,14.7654,,441661.1629,
600966.SH,20260327,1.0644,2.0804,,903706.7387,
600358.SH,20260327,2.772,3.9206,,322654.5257,
002893.SZ,20260327,25.7198,32.5169,,348268.44,
300331.SZ,20260327,3.5032,3.7819,,1101227.7549,
002348.SZ,20260327,1.786,2.5329,,702822.4,
603389.SH,20260327,0.4802,1.2147,,1113280.224,
002825.SZ,20260327,1.1734,1.815,,348707.3647,
605018.SH,20260327,0.5208,2.3721,,495449.3458,
002132.SZ,20260327,2.8724,3.7478,,540996.2534,
688020.SH,20260327,2.1364,4.4913,,682789.797,
300659.SZ,20260327,2.2552,2.5697,,352310.8874,
600118.SH,20260327,1.9511,4.0197,,9193853.0246,
300036.SZ,20260327,1.4762,1.4895,,749990.7911,
000837.SZ,20260327,1.2445,2.2761,,1081465.1497,
688699.SH,20260327,1.6692,3.458,,483513.9635,
300413.SZ,20260327,1.1529,1.9744,,3859297.0413,
920855.BJ,20260327,0.3894,1.2831,,114416.7328,
002324.SZ,20260327,1.8408,2.3253,,1655156.337,
300004.SZ,20260327,4.6011,6.1938,,634551.5366,
300756.SZ,20260327,2.2195,2.2349,,644261.3435,
300915.SZ,20260327,1.3924,2.2966,,285151.7813,
001318.SZ,20260327,0.7423,2.453,,384700.26,
300373.SZ,20260327,1.8673,3.5864,,3999039.7123,
002303.SZ,20260327,2.275,2.41,,555870.4977,
603119.SH,20260327,4.5554,4.5554,,2711697.7283,
605117.SH,20260327,1.6582,4.1769,,11799980.4582,
688162.SH,20260327,0.7051,1.6898,,416786.356,
301276.SZ,20260327,2.3575,3.7094,,307281.6,
920204.BJ,20260327,0.8229,1.1642,,141337.4077,
600595.SH,20260327,1.1351,1.9072,,2861644.2514,
603398.SH,20260327,1.4463,2.3179,,486545.7899,
002588.SZ,20260327,2.6664,4.193,,1218701.7148,
002649.SZ,20260327,1.34,1.3704,,678414.3126,
000672.SZ,20260327,0.7334,1.7483,,1226285.2443,
688083.SH,20260327,1.7258,2.9876,,847043.7063,
000892.SZ,20260327,2.4214,3.3324,,586626.3229,
600839.SH,20260327,0.9303,1.2118,,4029981.2058,
603208.SH,20260327,1.3275,3.1866,,237057.0378,
688122.SH,20260327,1.375,2.0477,,4664591.0885,
920227.BJ,20260327,1.7809,2.9173,,222979.029,
688681.SH,20260327,2.1267,3.2717,,197407.62,
600496.SH,20260327,1.1523,1.6392,,794059.861,
002935.SZ,20260327,0.7569,1.3279,,755326.5667,
300966.SZ,20260327,2.5449,3.3925,,238631.9039,
920685.BJ,20260327,0.7219,0.9131,,111466.4161,
300504.SZ,20260327,3.724,6.7722,,408705.0666,
002223.SZ,20260327,0.836,1.3756,,3406416.6047,
002036.SZ,20260327,1.7136,1.8764,,943377.466,
688207.SH,20260327,1.2365,1.6705,,365411.1104,
002401.SZ,20260327,2.0503,4.0206,,567909.3763,
688137.SH,20260327,2.3971,3.4726,,281052.6332,
600644.SH,20260327,9.9685,19.6115,,761648.5173,
301160.SZ,20260327,1.1855,1.3986,,634890.5784,
600160.SH,20260327,0.6618,1.4259,,9457210.5217,
002843.SZ,20260327,8.2345,14.351,,541235.7583,
603803.SH,20260327,18.0166,31.9633,,583365.1238,
600617.SH,20260327,12.0589,30.6885,,837269.2308,
001395.SZ,20260327,1.0696,1.274,,343725.6,
600382.SH,20260327,3.5771,5.8672,,613162.3426,
603725.SH,20260327,1.1619,1.9276,,274981.6274,
300689.SZ,20260327,1.3341,2.7323,,541354.8,
002046.SZ,20260327,1.4359,2.8507,,2316344.4893,
000598.SZ,20260327,0.6718,1.5687,,2047029.9826,
920374.BJ,20260327,1.9101,2.1929,,158470.992,
002706.SZ,20260327,4.7687,5.3015,,1209605.6465,
000488.SZ,20260327,3.1331,4.2982,,844197.9294,
603608.SH,20260327,1.9455,2.6814,,414680.4652,
002064.SZ,20260327,0.7615,2.2957,,5061794.7749,
002045.SZ,20260327,0.9781,1.3042,,656980.2982,
603223.SH,20260327,0.5905,1.5619,,599948.8641,
920976.BJ,20260327,1.8091,2.843,,210376.831,
600267.SH,20260327,1.2865,2.069,,1227620.5527,
300777.SZ,20260327,1.471,1.8025,,1561401.4639,
002674.SZ,20260327,0.9194,1.8601,,369734.2309,
301519.SZ,20260327,2.4614,2.9299,,229856.1739,
301060.SZ,20260327,1.8176,3.5612,,399715.966,
688432.SH,20260327,0.7364,2.9013,,1720415.3566,
000990.SZ,20260327,8.8212,16.5198,,1265062.2739,
301198.SZ,20260327,1.937,3.7886,,238290.0,
920718.BJ,20260327,0.6944,1.1444,,116960.043,
600676.SH,20260327,1.7922,3.3399,,785768.6092,
300686.SZ,20260327,2.5524,2.5557,,375820.1252,
002119.SZ,20260327,3.8243,5.1155,,760700.668,
688055.SH,20260327,0.7056,6.7952,,1350000.027,
000652.SZ,20260327,0.7107,1.0608,,579900.5238,
300231.SZ,20260327,7.7442,10.0074,,534483.0342,
688247.SH,20260327,0.4834,1.4619,,429766.32,
605488.SH,20260327,1.1995,2.6826,,981976.6691,
300412.SZ,20260327,3.0586,4.0532,,262317.7477,
301622.SZ,20260327,2.7048,2.7048,,701271.9421,
301196.SZ,20260327,10.8572,19.1908,,1374190.4399,
300026.SZ,20260327,1.4633,2.2639,,1045445.8833,
002973.SZ,20260327,0.6272,0.7931,,537395.36,
688210.SH,20260327,2.307,3.4581,,642093.9667,
300932.SZ,20260327,4.4603,7.0993,,423497.5894,
688807.SH,20260327,8.6069,8.6069,,1702080.0,
300586.SZ,20260327,1.3753,2.065,,663565.1298,
688107.SH,20260327,2.0403,6.0289,,1225797.3643,
002767.SZ,20260327,1.5273,3.2982,,311850.0,
603863.SH,20260327,3.0922,4.3476,,378397.85,
002139.SZ,20260327,0.9289,0.9773,,1542334.8802,
688297.SH,20260327,1.4606,3.7302,,3495825.0,
300503.SZ,20260327,3.1107,4.1622,,1440960.2199,
920060.BJ,20260327,3.0506,4.1265,,482741.805,
300817.SZ,20260327,1.2713,1.6152,,389225.7619,
300955.SZ,20260327,4.7411,10.6528,,356428.8,
002060.SZ,20260327,3.0654,4.3,,1505511.69,
002877.SZ,20260327,3.6414,4.7655,,310651.5457,
002250.SZ,20260327,2.3758,3.2195,,1431698.2882,
301600.SZ,20260327,2.6337,2.6337,,1044503.3355,
000503.SZ,20260327,0.8194,1.1303,,782422.7251,
002492.SZ,20260327,1.7822,3.0846,,300915.0,
301086.SZ,20260327,8.1633,11.3743,,1154520.0,
688411.SH,20260327,5.2773,6.657,,5224123.0079,
688095.SH,20260327,1.7372,2.8883,,660072.5609,
300860.SZ,20260327,1.2769,2.1094,,455485.3975,
301510.SZ,20260327,1.3762,1.5291,,1231230.78,
000537.SZ,20260327,4.4018,14.1875,,2351741.2765,
600312.SH,20260327,1.2608,2.1523,,2856319.3554,
000421.SZ,20260327,1.8095,3.9408,,396346.8565,
002786.SZ,20260327,1.2417,1.9875,,374682.672,
605108.SH,20260327,0.6247,1.9892,,429000.0,
605178.SH,20260327,2.2906,3.9846,,674833.88,
600433.SH,20260327,3.2274,5.3909,,644102.7577,
002368.SZ,20260327,1.9532,2.9715,,1292581.6872,
600990.SH,20260327,1.645,3.0575,,611816.4149,
603458.SH,20260327,2.0245,2.236,,304593.8914,
603517.SH,20260327,0.7388,1.4145,,707810.2612,
600115.SH,20260327,0.9823,2.4425,,9608165.4515,
600589.SH,20260327,10.1487,12.0184,,1598989.4715,
603222.SH,20260327,1.6909,2.6989,,471006.2817,
000937.SZ,20260327,0.8134,2.8737,,2084792.6415,
002838.SZ,20260327,0.5359,1.1045,,1184036.045,
688262.SH,20260327,2.1929,2.9504,,1121567.7096,
300733.SZ,20260327,3.6335,4.9544,,570697.6148,
002507.SZ,20260327,0.8455,1.3091,,1441244.866,
002333.SZ,20260327,4.9636,15.5711,,381332.512,
000534.SZ,20260327,5.7232,7.5912,,1951570.8163,
003042.SZ,20260327,10.0407,19.4918,,256036.56,
002475.SZ,20260327,2.4071,3.8561,,36874367.8582,
300579.SZ,20260327,1.2052,2.5089,,755190.0,
920121.BJ,20260327,2.0934,2.0934,,235070.5951,
688584.SH,20260327,0.8151,1.8565,,1274352.746,
300080.SZ,20260327,4.3013,10.1384,,1075320.3703,
002990.SZ,20260327,4.0423,6.4285,,753086.7489,
688593.SH,20260327,2.109,2.8108,,1374452.4713,
300326.SZ,20260327,0.5227,0.6381,,426622.5458,
002656.SZ,20260327,1.7159,2.1591,,213755.9532,
002945.SZ,20260327,0.2621,2.6208,,4158000.0,
002589.SZ,20260327,3.0911,3.7765,,464955.5355,
600328.SH,20260327,4.1473,7.6346,,1419387.6279,
600970.SH,20260327,0.9291,2.255,,2627063.163,
002892.SZ,20260327,0.8195,1.0023,,815268.1026,
000400.SZ,20260327,1.7621,2.8504,,2867421.6309,
603359.SH,20260327,1.38,2.5583,,274349.04,
301028.SZ,20260327,0.9652,2.1213,,525764.0229,
002148.SZ,20260327,2.133,2.285,,416445.5609,
300220.SZ,20260327,1.2057,2.4011,,211982.4,
300655.SZ,20260327,2.3748,2.7953,,1559032.6605,
300013.SZ,20260327,2.8075,3.0784,,216084.892,
688059.SH,20260327,1.3931,2.1718,,1109853.1248,
688385.SH,20260327,1.1593,1.8897,,5594660.394,
002481.SZ,20260327,0.7234,1.1947,,566266.6935,
603049.SH,20260327,2.0744,2.0744,,4163425.9321,
603866.SH,20260327,0.5681,1.4856,,806258.4541,
920837.BJ,20260327,0.4959,1.4794,,188427.2815,
002678.SZ,20260327,0.5695,3.4393,,714476.4899,
603233.SH,20260327,0.3411,0.8635,,1999817.2057,
300827.SZ,20260327,16.906,21.0089,,2398227.3223,
301558.SZ,20260327,2.6732,2.6732,,638969.4906,
688455.SH,20260327,3.179,6.8778,,405794.0584,
300912.SZ,20260327,3.7918,5.1561,,289502.64,
301511.SZ,20260327,8.2776,10.7022,,2439346.14,
688355.SH,20260327,1.1071,3.5119,,256589.069,
300648.SZ,20260327,1.6447,1.7748,,916197.3198,
002382.SZ,20260327,2.4818,3.4776,,778517.7173,
002243.SZ,20260327,1.4842,2.9911,,1082280.1718,
688147.SH,20260327,1.8712,6.0386,,3101743.8855,
002898.SZ,20260327,0.5281,0.841,,202576.0,
002760.SZ,20260327,3.2584,4.2473,,229368.0115,
002963.SZ,20260327,2.0212,3.3458,,222382.3365,
688728.SH,20260327,0.3413,1.0113,,3419771.4671,
301668.SZ,20260327,9.0986,9.0986,,586630.0,
300059.SZ,20260327,1.3606,1.4621,,30359556.3737,
600616.SH,20260327,1.0827,1.7055,,335171.48,
300831.SZ,20260327,6.7244,6.7244,,530240.0,
688126.SH,20260327,0.5537,0.9444,,5813536.1483,
000661.SZ,20260327,1.02,1.4019,,3529475.5009,
301011.SZ,20260327,1.0627,2.0364,,369212.2779,
301157.SZ,20260327,8.8958,8.8958,,363960.0,
301279.SZ,20260327,1.1288,2.9821,,347440.9697,
000889.SZ,20260327,6.6828,9.0299,,319275.2706,
688679.SH,20260327,1.4778,3.0268,,596554.2278,
002967.SZ,20260327,1.0531,2.0075,,1300051.1021,
603177.SH,20260327,1.6825,4.0485,,232166.304,
688709.SH,20260327,2.4971,3.1163,,2729526.3534,
688367.SH,20260327,1.1896,1.7282,,313608.4434,
600017.SH,20260327,3.6173,6.5128,,974982.2825,
688570.SH,20260327,0.2697,0.4063,,759482.0,
300570.SZ,20260327,9.7746,12.1081,,2686229.456,
601038.SH,20260327,1.8674,7.4578,,1442760.5331,
600313.SH,20260327,9.6806,16.0762,,943035.6628,
301081.SZ,20260327,6.0415,13.6975,,353062.3695,
688608.SH,20260327,3.4844,5.2754,,2842826.8222,
601519.SH,20260327,1.274,2.5455,,2114477.08,
002094.SZ,20260327,2.159,2.7476,,454610.5872,
301535.SZ,20260327,6.2376,6.2376,,879082.9419,
603067.SH,20260327,3.2641,5.2024,,2268036.0439,
601677.SH,20260327,1.399,1.6448,,1865285.4405,
603063.SH,20260327,9.1963,11.3501,,1579379.283,
000659.SZ,20260327,4.8199,5.7181,,582423.2416,
688548.SH,20260327,3.9823,3.9823,,3124335.6977,
300076.SZ,20260327,3.0016,4.2706,,268392.0,
600658.SH,20260327,0.6146,1.173,,527972.1412,
002697.SZ,20260327,2.0194,3.0766,,745280.0,
002376.SZ,20260327,0.8998,1.2696,,560098.7158,
300661.SZ,20260327,2.885,4.361,,4404816.0157,
002515.SZ,20260327,1.066,1.1825,,700945.601,
002906.SZ,20260327,1.1327,2.6264,,1438278.1723,
600939.SH,20260327,0.652,2.1796,,578352.383,
603103.SH,20260327,0.5825,4.9786,,1442805.0,
301048.SZ,20260327,0.4444,1.7777,,540266.7342,
603686.SH,20260327,2.4597,2.9631,,759822.2089,
603879.SH,20260327,2.2111,3.2687,,206263.7086,
300196.SZ,20260327,3.9182,4.9998,,720976.5834,
002768.SZ,20260327,1.3041,1.9492,,1496610.0,
301566.SZ,20260327,3.6036,3.6036,,791219.78,
688306.SH,20260327,0.5603,1.3603,,1106682.8028,
002135.SZ,20260327,2.6313,4.6099,,756323.2,
003013.SZ,20260327,0.3965,1.7828,,614669.8128,
000526.SZ,20260327,1.2467,1.9716,,384715.5211,
600353.SH,20260327,1.8341,3.1594,,1160306.7821,
600750.SH,20260327,0.799,1.4158,,1638611.059,
002921.SZ,20260327,2.4447,3.0067,,351569.4997,
002328.SZ,20260327,10.379,11.7422,,551815.55,
002024.SZ,20260327,0.439,1.2227,,1297067.4665,
603806.SH,20260327,3.0951,8.1303,,5097476.3792,
000563.SZ,20260327,0.7225,1.2802,,1728521.981,
600078.SH,20260327,5.6701,9.7419,,794578.2988,
603210.SH,20260327,1.8239,1.8239,,614762.4,
301080.SZ,20260327,2.7866,3.6074,,707663.1829,
603663.SH,20260327,1.7911,4.2089,,1747381.368,
600815.SH,20260327,12.9591,25.0691,,753990.154,
