ts_code,trade_date,turnover_rate,turnover_rate_f,volume_ratio,total_mv,float_mv
688712.SH,20260605,5.2716,5.2716,,1614207.0,
300106.SZ,20260605,10.9712,18.8573,,291427.2555,
300206.SZ,20260605,1.8121,2.3771,,753562.3498,
300419.SZ,20260605,1.5353,1.8064,,261840.6842,
600713.SH,20260605,0.5252,1.1946,,657064.2599,
600265.SH,20260605,3.7654,10.5489,,342801.8,
002016.SZ,20260605,2.9788,7.4995,,394838.6684,
002091.SZ,20260605,0.7339,1.3401,,1349382.0064,
000566.SZ,20260605,1.7044,2.2107,,517648.6853,
301206.SZ,20260605,1.0324,1.4158,,485784.0057,
920010.BJ,20260605,3.693,6.8652,,253025.5,
601377.SH,20260605,0.8894,1.2565,,5043416.5797,
002319.SZ,20260605,6.1826,8.7506,,251157.5395,
002712.SZ,20260605,3.4132,5.4888,,274859.48,
002966.SZ,20260605,0.834,0.99,,3598882.9189,
688543.SH,20260605,4.0446,4.0446,,1028003.9962,
301220.SZ,20260605,2.0868,2.4412,,403719.6072,
688766.SH,20260605,4.283,6.9299,,5862744.4392,
601456.SH,20260605,0.5411,0.8415,,4953476.9268,
605298.SH,20260605,0.9823,3.5117,,1014390.0,
300268.SZ,20260605,1.262,1.802,,215659.6,
002912.SZ,20260605,1.5265,2.2918,,352432.128,
301203.SZ,20260605,1.6938,1.9623,,350400.0,
002023.SZ,20260605,7.7369,9.8846,,878660.2387,
002134.SZ,20260605,9.0664,12.8223,,658045.997,
603360.SH,20260605,3.7181,8.4097,,1427984.2284,
300034.SZ,20260605,1.7266,2.9166,,1424170.3131,
001338.SZ,20260605,1.16,2.3927,,529827.7607,
601919.SH,20260605,1.2616,3.0926,,22969475.7705,
002274.SZ,20260605,1.3381,2.2311,,531419.4725,
600917.SH,20260605,0.2354,0.5227,,802374.4366,
300221.SZ,20260605,12.3551,12.3551,,700209.4244,
002669.SZ,20260605,19.4042,27.2834,,504250.8,
688350.SH,20260605,1.8579,2.8685,,476145.1435,
603308.SH,20260605,2.371,3.6179,,4368993.4487,
600783.SH,20260605,5.8084,17.8026,,1755943.5745,
002553.SZ,20260605,4.555,5.3326,,650273.7358,
300837.SZ,20260605,2.7939,5.8253,,281015.7051,
301658.SZ,20260605,5.981,5.981,,1323711.3434,
300882.SZ,20260605,1.4454,4.457,,459639.1079,
301630.SZ,20260605,13.6868,13.6868,,956040.0,
001280.SZ,20260605,5.6742,5.6742,,14411090.9078,
002397.SZ,20260605,2.5661,3.5679,,338744.9937,
603877.SH,20260605,1.0857,3.6848,,602034.7893,
601069.SH,20260605,1.2365,3.9258,,2374063.7145,
600738.SH,20260605,1.3064,2.6227,,322806.1401,
688301.SH,20260605,5.0443,6.9109,,3663364.4066,
601717.SH,20260605,1.0064,1.6083,,3228003.0734,
600503.SH,20260605,5.8227,6.2688,,443834.33,
603755.SH,20260605,1.0957,2.6467,,246041.1341,
600305.SH,20260605,0.663,1.1376,,767891.2404,
688059.SH,20260605,6.5249,10.1719,,1654581.0369,
920152.BJ,20260605,11.0086,13.4278,,250518.825,
605077.SH,20260605,4.9418,7.9231,,412451.1249,
601188.SH,20260605,1.751,3.5297,,416444.9029,
300859.SZ,20260605,2.8296,4.6848,,461900.0,
300890.SZ,20260605,6.9484,7.1687,,413387.8802,
601567.SH,20260605,1.302,2.6864,,2155591.2196,
600979.SH,20260605,7.8458,12.0831,,653538.3229,
600234.SH,20260605,1.2765,2.156,,622699.748,
603690.SH,20260605,5.1268,7.0685,,997238.907,
603365.SH,20260605,0.471,1.2476,,483255.6883,
601015.SH,20260605,6.0088,15.4684,,827211.5438,
603908.SH,20260605,1.7417,4.4198,,188582.1507,
603950.SH,20260605,2.1955,5.9752,,2094533.2296,
001400.SZ,20260605,5.6372,10.9486,,976248.0,
603636.SH,20260605,2.4383,3.6591,,520583.3891,
002769.SZ,20260605,4.7691,6.3523,,299027.7613,
603863.SH,20260605,2.2049,3.125,,324370.25,
688108.SH,20260605,4.1419,5.0019,,815006.4,
688180.SH,20260605,1.8699,2.9059,,3092389.8915,
603708.SH,20260605,0.7969,2.6918,,621103.5308,
603607.SH,20260605,2.4161,4.6595,,392379.9264,
301353.SZ,20260605,3.5292,3.5292,,251112.3579,
601992.SH,20260605,0.8438,2.3473,,1708443.3814,
603896.SH,20260605,1.5105,2.5872,,317190.2576,
688033.SH,20260605,1.2251,1.6388,,406469.5849,
300152.SZ,20260605,4.6345,4.6345,,134006.4,
688680.SH,20260605,2.8019,4.1658,,425994.8026,
000997.SZ,20260605,2.1266,3.067,,2001881.48,
002015.SZ,20260605,9.2128,17.7257,,3623260.5384,
601888.SH,20260605,3.5342,7.5677,,11884996.8037,
605299.SH,20260605,5.0142,16.7563,,666930.6279,
920184.BJ,20260605,2.4005,3.2896,,168874.5499,
600787.SH,20260605,0.7317,1.4174,,1015597.2444,
002126.SZ,20260605,3.042,3.2286,,4239111.2765,
600185.SH,20260605,1.1132,2.0222,,978318.0076,
688566.SH,20260605,0.4399,1.4346,,483448.3065,
001257.SZ,20260605,14.8309,14.8309,,4433821.2231,
605199.SH,20260605,0.3049,0.9953,,262871.4501,
002436.SZ,20260605,12.2022,12.6923,,6441762.8038,
300354.SZ,20260605,4.4038,5.6653,,457701.5451,
002765.SZ,20260605,2.7916,3.6929,,537353.5462,
688332.SH,20260605,1.9935,5.3121,,1563531.5434,
601827.SH,20260605,0.7037,2.5219,,1337546.64,
600630.SH,20260605,3.263,4.667,,356883.7415,
300118.SZ,20260605,6.8832,7.4521,,1593739.3805,
002237.SZ,20260605,1.5434,2.287,,1896140.761,
603768.SH,20260605,1.7043,4.3711,,266510.5598,
300900.SZ,20260605,9.5298,9.9385,,1170289.3127,
920833.BJ,20260605,1.8966,3.2726,,117692.44,
300447.SZ,20260605,3.8216,4.8865,,516249.0499,
002438.SZ,20260605,2.7492,3.5533,,862813.6837,
688389.SH,20260605,0.3661,0.5758,,481189.4748,
301070.SZ,20260605,5.3532,6.4214,,875409.9077,
301533.SZ,20260605,2.9792,3.0269,,269065.4379,
002935.SZ,20260605,1.6239,2.8489,,810035.7903,
688358.SH,20260605,1.3484,4.5662,,354204.8115,
300329.SZ,20260605,1.0631,1.9161,,315099.4199,
600817.SH,20260605,0.4637,1.5858,,524309.5234,
002125.SZ,20260605,14.3422,24.8244,,1068910.2434,
601009.SH,20260605,0.3292,0.7688,,13797741.0454,
002213.SZ,20260605,17.8222,22.1124,,896743.0579,
002930.SZ,20260605,3.7673,7.7365,,453372.594,
688330.SH,20260605,1.0336,2.0141,,499940.0,
688236.SH,20260605,0.4005,2.1789,,597983.2915,
002310.SZ,20260605,2.2545,3.4397,,1631815.6158,
688571.SH,20260605,3.9349,9.87,,384298.6542,
002978.SZ,20260605,0.6947,1.8416,,1265877.0674,
688601.SH,20260605,4.0328,6.4286,,723143.8143,
301151.SZ,20260605,5.7068,17.2876,,307925.4702,
002534.SZ,20260605,1.6262,4.9355,,1648464.169,
300791.SZ,20260605,0.9113,2.1514,,522614.9855,
603897.SH,20260605,2.7585,6.6222,,870332.8311,
301211.SZ,20260605,0.6082,1.9663,,409248.0,
920183.BJ,20260605,9.2081,9.2081,,186409.216,
002209.SZ,20260605,3.6348,4.2743,,249980.4868,
603159.SH,20260605,3.7823,8.5544,,379120.0,
300957.SZ,20260605,1.433,2.8007,,1458454.8,
300721.SZ,20260605,14.8258,21.7009,,503441.9409,
601216.SH,20260605,0.7565,2.0139,,4294950.8515,
300303.SZ,20260605,7.9377,9.1072,,1259540.1135,
600877.SH,20260605,1.9269,3.283,,1660051.4078,
002095.SZ,20260605,0.9802,1.7488,,351533.52,
600869.SH,20260605,7.898,14.2801,,6327374.6788,
002775.SZ,20260605,6.8731,13.0485,,254510.3664,
600706.SH,20260605,2.2716,3.6126,,206343.3661,
600983.SH,20260605,0.2763,1.3638,,659903.979,
002659.SZ,20260605,1.8477,2.6396,,259653.6867,
300889.SZ,20260605,4.9921,5.7914,,539996.8002,
601956.SH,20260605,1.3475,2.5505,,325105.4766,
603377.SH,20260605,0.9153,1.5444,,258982.9034,
000155.SZ,20260605,2.1982,3.6311,,2468327.0733,
002446.SZ,20260605,16.4604,16.9065,,972171.4989,
002482.SZ,20260605,1.4597,3.0873,,555142.4297,
002917.SZ,20260605,4.7472,7.0289,,466498.2524,
600589.SH,20260605,8.8894,10.5271,,1569296.0737,
688075.SH,20260605,0.2214,0.8535,,418102.4285,
002226.SZ,20260605,0.7763,1.701,,1356248.5018,
002287.SZ,20260605,0.2292,1.2119,,1176275.0254,
603889.SH,20260605,1.0673,1.943,,558132.3495,
002180.SZ,20260605,1.2181,1.7834,,2165521.5997,
301308.SZ,20260605,7.5849,9.4329,,21999595.425,
688225.SH,20260605,1.0548,2.0179,,560414.01,
600189.SH,20260605,0.9762,1.7209,,550702.3152,
603879.SH,20260605,2.4921,3.6841,,179312.8756,
920839.BJ,20260605,2.5142,5.0277,,331578.9687,
300259.SZ,20260605,9.4901,17.0756,,715918.5278,
300380.SZ,20260605,1.6548,2.7087,,424454.1273,
600094.SH,20260605,0.8737,1.3587,,957879.4185,
300979.SZ,20260605,0.1199,0.7729,,3950295.0,
688681.SH,20260605,1.8011,2.7708,,172810.17,
000830.SZ,20260605,1.8877,3.6962,,2378494.4447,
301399.SZ,20260605,4.0866,4.8312,,338031.54,
688599.SH,20260605,1.7359,2.9188,,3312390.708,
002243.SZ,20260605,2.742,5.5261,,1121019.5068,
002302.SZ,20260605,0.5679,1.4834,,632439.5063,
688011.SH,20260605,1.5866,3.3672,,582000.0,
002205.SZ,20260605,1.2549,1.798,,231188.9756,
002318.SZ,20260605,1.6269,2.625,,2233812.2659,
600518.SH,20260605,0.8667,1.1617,,2088163.4002,
300397.SZ,20260605,6.5386,7.1794,,690009.7811,
000837.SZ,20260605,4.5693,8.357,,1229821.2961,
002043.SZ,20260605,1.2039,2.1562,,1028065.8007,
601288.SH,20260605,0.0809,0.9021,,222589209.5432,
300409.SZ,20260605,2.9602,3.0856,,1679488.5021,
301449.SZ,20260605,5.3489,5.3489,,405130.4391,
301232.SZ,20260605,11.651,12.514,,1366589.0947,
603757.SH,20260605,6.2232,14.187,,1014443.9944,
300999.SZ,20260605,1.6993,1.6993,,13938911.8391,
603027.SH,20260605,0.8246,1.6205,,1033172.1943,
001231.SZ,20260605,2.8789,4.3891,,210973.34,
000833.SZ,20260605,6.8715,8.4087,,1726883.0218,
688710.SH,20260605,1.6011,1.9441,,803019.887,
002309.SZ,20260605,6.5642,6.5642,,1034636.8924,
300440.SZ,20260605,3.793,5.7934,,828488.791,
000819.SZ,20260605,1.4108,2.1248,,533195.0022,
600148.SH,20260605,1.525,2.9901,,236332.4715,
600976.SH,20260605,1.0385,1.4318,,430589.8702,
603323.SH,20260605,1.1938,1.3807,,952751.5583,
300627.SZ,20260605,2.2794,3.0632,,2356742.8907,
688238.SH,20260605,1.2194,1.6433,,376441.286,
000722.SZ,20260605,8.2986,17.1218,,862745.7284,
920427.BJ,20260605,12.86,20.8778,,145776.33,
600109.SH,20260605,1.153,1.8201,,2927238.2789,
002719.SZ,20260605,2.7498,3.4132,,127992.5009,
002242.SZ,20260605,0.9959,3.0681,,656957.637,
605305.SH,20260605,1.5265,2.1216,,822877.44,
600467.SH,20260605,2.0328,3.2245,,333106.7013,
600446.SH,20260605,2.1979,2.9157,,1173760.5463,
920021.BJ,20260605,8.0486,9.7284,,270683.9851,
002265.SZ,20260605,0.6598,3.006,,2059882.5716,
688661.SH,20260605,3.3047,7.012,,1825387.8929,
002629.SZ,20260605,7.9022,8.3725,,220718.764,
300313.SZ,20260605,1.1553,2.3971,,207888.3878,
920000.BJ,20260605,1.4852,2.7367,,127251.84,
920978.BJ,20260605,4.8624,5.1881,,430628.0955,
600958.SH,20260605,0.452,0.7058,,7629987.4722,
603051.SH,20260605,3.8894,5.8586,,345247.8659,
688356.SH,20260605,1.2336,2.1257,,436017.8823,
688683.SH,20260605,1.1877,2.5394,,607016.5104,
002017.SZ,20260605,2.2075,3.9587,,956551.786,
301633.SZ,20260605,1.9549,2.1949,,285471.36,
002297.SZ,20260605,13.8685,16.6823,,1171426.25,
002299.SZ,20260605,0.6607,1.4057,,2023785.8818,
300970.SZ,20260605,4.0985,5.1163,,339014.1615,
000695.SZ,20260605,6.4757,8.6213,,324684.7467,
002995.SZ,20260605,20.2551,30.749,,399095.1255,
920242.BJ,20260605,1.3144,1.7547,,158675.79,
301237.SZ,20260605,4.0757,5.9353,,516160.0,
688388.SH,20260605,6.8117,8.4952,,2052354.7502,
301063.SZ,20260605,2.2649,3.8402,,206425.5121,
300233.SZ,20260605,1.6262,2.1132,,485985.2271,
688300.SH,20260605,4.6598,11.915,,3796137.136,
688720.SH,20260605,6.608,6.608,,815233.3395,
300043.SZ,20260605,2.5515,3.7383,,572331.2645,
002732.SZ,20260605,0.8548,2.0346,,222964.95,
301330.SZ,20260605,1.4542,3.5187,,624152.3106,
002526.SZ,20260605,1.3855,1.7584,,534838.1508,
000911.SZ,20260605,1.4622,3.1251,,221777.1792,
301226.SZ,20260605,4.4846,8.4227,,387763.2,
002350.SZ,20260605,2.8492,4.6359,,788549.7844,
600196.SH,20260605,0.773,1.3328,,5880285.3737,
301135.SZ,20260605,2.0662,2.8341,,236215.7361,
300177.SZ,20260605,1.8688,2.0219,,535801.7275,
301626.SZ,20260605,2.9444,2.9444,,3644151.36,
002355.SZ,20260605,3.171,3.3903,,348947.082,
920122.BJ,20260605,2.8133,5.5837,,209389.5852,
002412.SZ,20260605,1.4712,2.5623,,325067.2,
002418.SZ,20260605,5.6824,7.3446,,517062.0,
301325.SZ,20260605,3.338,8.2962,,625933.071,
601021.SH,20260605,0.5853,1.3259,,4490550.4116,
300696.SZ,20260605,2.499,4.5743,,889514.6756,
301027.SZ,20260605,3.8913,4.374,,287091.0,
600397.SH,20260605,3.4044,5.6127,,1348325.3593,
603045.SH,20260605,16.8679,22.5699,,1129748.0379,
000735.SZ,20260605,1.6416,2.0895,,599938.5741,
300989.SZ,20260605,3.1273,4.1541,,293655.6713,
002855.SZ,20260605,2.7073,7.4375,,285600.4114,
300894.SZ,20260605,1.45,2.6449,,361997.3466,
300375.SZ,20260605,3.2701,3.8261,,338083.774,
002661.SZ,20260605,0.8247,1.3669,,257182.3368,
000920.SZ,20260605,3.588,7.6832,,584159.7018,
600162.SH,20260605,12.0603,37.5373,,1124342.714,
002838.SZ,20260605,1.3307,2.7425,,1554794.8065,
301280.SZ,20260605,5.207,5.3549,,801394.8403,
603273.SH,20260605,3.7887,3.7887,,317398.1454,
600667.SH,20260605,20.4885,30.8177,,3377840.6175,
301187.SZ,20260605,1.1079,3.7388,,442309.6659,
300499.SZ,20260605,9.3556,9.745,,1121177.9756,
603983.SH,20260605,0.5141,2.6775,,920696.0,
000593.SZ,20260605,2.9678,4.6344,,725510.5312,
300332.SZ,20260605,2.6015,3.1527,,406042.0878,
601996.SH,20260605,2.6711,4.5229,,292558.6626,
002734.SZ,20260605,4.9616,5.9687,,824630.0684,
688585.SH,20260605,2.0682,12.6285,,7014057.0882,
002298.SZ,20260605,4.1814,4.2977,,649077.2602,
688062.SH,20260605,4.0585,4.0585,,1188302.332,
301580.SZ,20260605,3.24,3.6144,,591113.4867,
000985.SZ,20260605,1.4417,3.9498,,220516.7895,
603088.SH,20260605,3.775,6.9744,,527507.3643,
300815.SZ,20260605,1.2998,2.4953,,785226.24,
688273.SH,20260605,4.0774,10.3477,,425400.0,
001696.SZ,20260605,3.259,4.1656,,1660289.034,
600839.SH,20260605,1.9285,2.5119,,3286765.8861,
688595.SH,20260605,9.8605,16.9336,,575221.2839,
002045.SZ,20260605,3.1961,4.2622,,512984.6164,
300199.SZ,20260605,7.697,8.1949,,1896319.1484,
000792.SZ,20260605,1.6198,2.4743,,15583681.1332,
605376.SH,20260605,6.1268,9.4874,,4667205.6,
600881.SH,20260605,4.9963,5.9022,,533304.913,
688192.SH,20260605,1.2936,3.301,,1836939.9101,
002478.SZ,20260605,2.5665,3.139,,641372.6103,
605255.SH,20260605,1.0699,4.2796,,1050248.64,
000402.SZ,20260605,2.9095,5.9346,,875756.4628,
002347.SZ,20260605,5.3342,7.6192,,352282.1886,
688597.SH,20260605,6.0235,8.2384,,326314.528,
001313.SZ,20260605,1.8159,5.3286,,513100.0,
300306.SZ,20260605,2.0215,2.6725,,290475.4802,
603929.SH,20260605,5.8739,14.4848,,3629040.24,
603230.SH,20260605,0.5142,1.8176,,349987.77,
300384.SZ,20260605,1.491,2.1339,,399078.0885,
688126.SH,20260605,6.4327,10.4253,,9416011.6467,
301479.SZ,20260605,4.3311,5.1153,,844458.9395,
000949.SZ,20260605,4.045,6.5751,,1113436.7476,
002419.SZ,20260605,1.0694,2.1205,,559878.0723,
688613.SH,20260605,1.7659,2.3593,,221405.8717,
002327.SZ,20260605,0.9728,1.2663,,595154.3327,
300366.SZ,20260605,1.0922,1.1449,,325053.2403,
301000.SZ,20260605,4.8302,11.9164,,785845.8749,
000913.SZ,20260605,0.4778,0.9065,,593265.197,
600080.SH,20260605,1.4817,1.986,,201565.9539,
301459.SZ,20260605,5.5642,5.5642,,355159.528,
301288.SZ,20260605,4.4176,8.2787,,205759.05,
002039.SZ,20260605,4.3902,7.2812,,876921.7164,
000868.SZ,20260605,1.5799,2.3602,,355136.5698,
600628.SH,20260605,1.0297,1.8469,,404943.9904,
603087.SH,20260605,1.0617,1.7286,,3260090.5208,
601788.SH,20260605,0.7074,1.5429,,6376719.3047,
000516.SZ,20260605,0.7285,1.0286,,924664.359,
605179.SH,20260605,0.7273,3.4924,,581450.0,
688031.SH,20260605,15.6574,23.4688,,1628551.2547,
920580.BJ,20260605,11.663,16.5055,,119798.0,
603617.SH,20260605,1.9928,3.468,,284172.4647,
300753.SZ,20260605,3.2861,3.8215,,273902.304,
603325.SH,20260605,2.3314,2.3314,,468023.4,
688053.SH,20260605,1.0805,2.4968,,386200.0,
300478.SZ,20260605,7.7382,10.6276,,511758.92,
300450.SZ,20260605,3.9806,5.8577,,7865492.2969,
002570.SZ,20260605,15.6383,17.8277,,604824.2665,
002483.SZ,20260605,1.9931,2.9756,,507946.4006,
601607.SH,20260605,0.2314,0.6465,,6029796.3014,
300973.SZ,20260605,1.9862,2.4985,,443333.785,
603528.SH,20260605,2.1716,4.6808,,487091.7904,
603375.SH,20260605,4.4316,7.2766,,475046.0016,
300567.SZ,20260605,4.2408,5.2171,,5293633.5958,
000895.SZ,20260605,0.3747,1.2633,,8578501.1634,
002506.SZ,20260605,4.6216,6.0982,,2012508.8509,
300866.SZ,20260605,1.8769,2.697,,6016484.4828,
301278.SZ,20260605,4.3114,5.6063,,311646.0888,
600292.SH,20260605,3.1321,3.1321,,5992122.083,
603978.SH,20260605,4.0481,6.3885,,564677.2498,
002141.SZ,20260605,1.5528,2.2258,,324341.8406,
600782.SH,20260605,1.0405,1.9522,,850133.9138,
600549.SH,20260605,7.5162,11.9366,,9800167.3039,
605123.SH,20260605,4.4803,10.2972,,1259934.935,
002768.SZ,20260605,2.3571,3.5232,,1942158.75,
603680.SH,20260605,0.5104,3.1782,,916167.2386,
600686.SH,20260605,3.0447,5.4049,,907064.9825,
002707.SZ,20260605,1.6709,2.1455,,543441.4132,
300786.SZ,20260605,7.1017,7.6726,,326444.1693,
920725.BJ,20260605,26.9481,41.9497,,760777.125,
688578.SH,20260605,0.9242,1.7968,,3793050.0,
000153.SZ,20260605,1.3864,1.8983,,260223.8923,
000564.SZ,20260605,2.0211,2.947,,2943464.3267,
600332.SH,20260605,0.421,0.8786,,3492198.9585,
002181.SZ,20260605,8.7089,26.7004,,1746231.4937,
301356.SZ,20260605,2.3214,5.4152,,484920.0,
600967.SH,20260605,0.9095,2.0321,,2048960.7791,
603893.SH,20260605,2.8931,6.0591,,7292889.4558,
600928.SH,20260605,0.4774,1.7458,,1564444.4446,
688531.SH,20260605,6.8147,7.3126,,3231896.9075,
920088.BJ,20260605,15.2367,16.2431,,337930.3455,
600755.SH,20260605,0.764,1.2607,,1224856.8886,
002761.SZ,20260605,0.7429,1.3063,,989679.1629,
688408.SH,20260605,2.9632,5.0037,,696629.5175,
688143.SH,20260605,5.8157,7.5294,,2276844.5794,
000536.SZ,20260605,7.5409,12.8367,,1142371.5476,
605069.SH,20260605,3.0234,7.8293,,234561.138,
301314.SZ,20260605,17.5869,19.7594,,286747.5,
301367.SZ,20260605,0.7695,1.2457,,555385.5457,
301638.SZ,20260605,7.1474,7.1474,,8082670.8847,
600764.SH,20260605,0.7827,2.0963,,1442577.6536,
300316.SZ,20260605,3.0776,6.4202,,6402310.7335,
920402.BJ,20260605,7.2135,14.5283,,470174.9146,
920045.BJ,20260605,6.7803,9.2953,,3471717.0195,
603988.SH,20260605,2.7062,5.3878,,475339.2,
605007.SH,20260605,0.9927,4.5794,,634148.094,
300540.SZ,20260605,4.6442,7.1053,,605849.4515,
688398.SH,20260605,0.9633,1.7415,,470886.6592,
300477.SZ,20260605,3.2055,3.2683,,262644.5783,
300349.SZ,20260605,2.921,4.1276,,502324.8289,
600818.SH,20260605,4.4382,4.9053,,187404.1315,
000062.SZ,20260605,7.6577,21.8519,,3520530.7779,
001325.SZ,20260605,7.4514,7.4514,,316657.6,
603901.SH,20260605,1.8249,3.3426,,647119.7798,
300020.SZ,20260605,2.0075,2.1563,,289262.7825,
603020.SH,20260605,3.0481,4.8609,,400805.5049,
603300.SH,20260605,2.4833,3.2635,,1049146.0508,
301202.SZ,20260605,6.1355,6.5974,,520502.4,
601222.SH,20260605,2.3357,3.8755,,1265556.4967,
002657.SZ,20260605,7.032,7.682,,643378.3745,
603662.SH,20260605,5.3133,11.3212,,1860217.0456,
000017.SZ,20260605,2.09,3.8472,,366646.3844,
601116.SH,20260605,4.9071,13.2081,,667619.9696,
300472.SZ,20260605,1.329,1.4501,,224335.7761,
920642.BJ,20260605,4.1299,7.6354,,119117.1494,
601868.SH,20260605,2.8317,7.5696,,12785412.9572,
600858.SH,20260605,2.0081,3.5164,,263673.7606,
603369.SH,20260605,1.4268,2.6422,,3232952.4959,
002012.SZ,20260605,8.1705,10.4632,,356330.6081,
600530.SH,20260605,2.1774,4.9433,,499823.4,
688182.SH,20260605,2.7314,8.5862,,1406000.0,
600557.SH,20260605,0.4962,0.8535,,697507.649,
300624.SZ,20260605,4.5358,5.6748,,1096796.9661,
000890.SZ,20260605,9.7047,16.2814,,430411.0712,
300788.SZ,20260605,1.6021,6.0456,,496485.6057,
300133.SZ,20260605,3.9584,5.214,,1401097.0679,
300843.SZ,20260605,3.7732,8.1774,,1458960.9192,
600458.SH,20260605,8.9469,16.0744,,1316085.4773,
300143.SZ,20260605,0.665,1.1642,,730671.7412,
300939.SZ,20260605,6.0678,11.1318,,746280.0,
601568.SH,20260605,0.3533,0.9133,,1493555.5562,
000921.SZ,20260605,1.6367,4.0217,,3701733.9101,
002065.SZ,20260605,1.1686,1.6573,,2333591.169,
002261.SZ,20260605,4.1426,4.6165,,3577049.646,
300560.SZ,20260605,10.7692,13.499,,418133.392,
920058.BJ,20260605,2.6662,5.2386,,135543.674,
000533.SZ,20260605,4.0028,6.4593,,781312.896,
001330.SZ,20260605,8.306,9.83,,1068001.2506,
600216.SH,20260605,0.991,1.5897,,1170313.1418,
002158.SZ,20260605,1.7453,4.5297,,1524498.5203,
002578.SZ,20260605,4.7738,8.1534,,366065.7714,
300427.SZ,20260605,10.7701,13.0744,,386983.9468,
605389.SH,20260605,0.9357,3.7564,,1591412.8707,
601929.SH,20260605,2.222,3.2223,,903855.1355,
300749.SZ,20260605,3.4221,4.2927,,453014.0352,
688020.SH,20260605,3.5444,7.4606,,1134386.824,
603215.SH,20260605,0.9172,2.4175,,336954.2797,
688071.SH,20260605,3.5968,4.9308,,288030.6924,
300888.SZ,20260605,0.4066,1.3615,,1648575.6864,
002400.SZ,20260605,4.4275,5.4707,,1297042.8232,
688399.SH,20260605,1.5899,2.6528,,404932.669,
601139.SH,20260605,0.853,3.4883,,1849745.8146,
601127.SH,20260605,1.8369,3.9008,,13066630.1301,
605218.SH,20260605,4.0681,10.9608,,409871.249,
688378.SH,20260605,10.7842,14.7991,,1352875.2237,
002090.SZ,20260605,2.0952,2.6521,,402980.5334,
300385.SZ,20260605,3.8342,6.0102,,501717.7736,
000705.SZ,20260605,1.8796,2.1137,,228874.4509,
002416.SZ,20260605,1.4623,2.4369,,1303724.4599,
601108.SH,20260605,0.8034,1.1886,,3547835.8007,
603590.SH,20260605,2.3275,4.2638,,484027.892,
688605.SH,20260605,7.6713,9.469,,1501658.5315,
002066.SZ,20260605,3.7369,6.2415,,568944.754,
002305.SZ,20260605,1.7273,2.9028,,388464.3325,
300305.SZ,20260605,17.0784,23.0878,,283427.2809,
300549.SZ,20260605,3.3417,4.5654,,208143.74,
603565.SH,20260605,0.7336,1.7901,,2055961.7778,
300188.SZ,20260605,1.0539,1.7859,,915343.3352,
603115.SH,20260605,3.8852,10.9416,,2508161.5576,
600824.SH,20260605,0.7119,1.18,,394206.1253,
605488.SH,20260605,4.0191,8.9876,,1055983.5718,
688352.SH,20260605,14.5562,14.5562,,2337659.7274,
301535.SZ,20260605,1.5219,4.0066,,677918.8241,
600862.SH,20260605,1.0619,1.9141,,2485199.6069,
002773.SZ,20260605,1.3897,3.078,,1965189.1131,
603707.SH,20260605,0.3747,1.1973,,1298983.4201,
002840.SZ,20260605,3.049,5.2778,,643337.4472,
603976.SH,20260605,3.5284,12.2586,,338091.8041,
688317.SH,20260605,1.676,2.6576,,349343.2422,
000088.SZ,20260605,0.5185,0.9968,,2282573.1889,
301169.SZ,20260605,1.8152,4.6813,,565950.4508,
000151.SZ,20260605,5.9393,9.0042,,488110.6438,
002910.SZ,20260605,3.0664,5.4561,,186544.537,
688051.SH,20260605,2.5865,6.1047,,237802.05,
300153.SZ,20260605,2.7587,4.0267,,825280.0,
688060.SH,20260605,0.5555,1.8121,,228724.7664,
920576.BJ,20260605,6.6597,26.1771,,761560.5,
000617.SZ,20260605,0.6446,3.2267,,9266643.9649,
603268.SH,20260605,3.7463,4.4624,,13793788.9073,
002148.SZ,20260605,3.2522,3.4841,,367658.3751,
300141.SZ,20260605,2.6922,5.1671,,284144.7492,
920050.BJ,20260605,2.0369,2.1579,,195660.9546,
300189.SZ,20260605,8.7801,9.2599,,518144.0,
600215.SH,20260605,3.6337,5.1801,,303370.2323,
688339.SH,20260605,1.8672,2.2942,,508484.8192,
605303.SH,20260605,4.6852,11.1231,,461945.1739,
600968.SH,20260605,0.357,1.9457,,4025381.2628,
000970.SZ,20260605,3.1107,4.1235,,1395653.1874,
002717.SZ,20260605,9.113,9.6898,,202045.9249,
002405.SZ,20260605,2.4104,2.6685,,1868071.2654,
603606.SH,20260605,1.5731,2.6592,,3316554.9302,
301489.SZ,20260605,11.3869,11.9832,,1720816.4413,
600206.SH,20260605,7.7041,11.5135,,2473628.8361,
603192.SH,20260605,0.7673,2.5526,,332213.248,
601698.SH,20260605,1.8345,7.8034,,13518033.3184,
920392.BJ,20260605,1.8063,3.3871,,124980.087,
920017.BJ,20260605,1.3017,2.2859,,205598.7652,
301687.SZ,20260605,7.0641,7.0641,,782344.528,
300174.SZ,20260605,17.6013,22.7927,,944397.4635,
002331.SZ,20260605,3.0592,3.9379,,378733.6661,
600011.SH,20260605,3.1338,7.8759,,13170700.3282,
920015.BJ,20260605,8.3104,8.3104,,617506.1682,
601179.SH,20260605,3.0964,6.4337,,7704201.1751,
688609.SH,20260605,12.1214,14.6916,,621123.9486,
002014.SZ,20260605,0.2695,0.7062,,623516.7196,
002203.SZ,20260605,1.3511,2.2518,,4363502.0417,
605365.SH,20260605,0.9968,5.9434,,850911.8248,
920964.BJ,20260605,4.2207,4.641,,135828.16,
002538.SZ,20260605,1.0496,1.5557,,508719.2347,
600826.SH,20260605,0.7584,2.0424,,649476.1238,
000417.SZ,20260605,7.4602,12.0416,,584913.15,
301305.SZ,20260605,11.1735,11.1949,,742819.6683,
300025.SZ,20260605,2.8312,3.366,,250834.9105,
000933.SZ,20260605,2.1368,3.1758,,6252232.2292,
002970.SZ,20260605,3.8876,5.9767,,1142334.5676,
600613.SH,20260605,1.2162,2.224,,269172.1005,
002832.SZ,20260605,3.9057,4.9199,,1140272.7538,
600238.SH,20260605,0.734,0.9022,,229926.6,
600036.SH,20260605,0.3775,0.7355,,97298164.3287,
002395.SZ,20260605,7.6702,21.621,,420551.712,
002529.SZ,20260605,1.3566,1.5829,,199680.0,
603615.SH,20260605,1.5949,3.4093,,463810.76,
605198.SH,20260605,0.752,4.3513,,1808625.456,
601995.SH,20260605,0.6,1.7766,,15592039.6836,
600499.SH,20260605,1.1904,2.0739,,2907470.2888,
002695.SZ,20260605,2.2885,5.7441,,676539.2334,
920132.BJ,20260605,3.3444,3.703,,99885.744,
002208.SZ,20260605,9.1516,22.5185,,1299726.2845,
301236.SZ,20260605,7.0238,8.7929,,4327091.1904,
000778.SZ,20260605,1.6127,2.701,,1672462.9243,
301218.SZ,20260605,13.642,16.7237,,483187.48,
600351.SH,20260605,1.1938,1.3822,,430424.0286,
002207.SZ,20260605,9.6103,13.7571,,231919.0095,
300228.SZ,20260605,4.0123,4.094,,476148.1626,
601388.SH,20260605,1.6435,3.0664,,730805.9085,
601918.SH,20260605,4.0182,7.5371,,2761517.5588,
301336.SZ,20260605,2.7333,3.4961,,212133.855,
000683.SZ,20260605,1.3396,1.7761,,2553463.2817,
688455.SH,20260605,1.8249,4.0526,,335725.2707,
300294.SZ,20260605,2.1537,3.7001,,836548.6563,
002112.SZ,20260605,4.8121,5.6459,,519729.9753,
002674.SZ,20260605,2.0245,4.0959,,435642.0915,
002312.SZ,20260605,1.1324,1.969,,1627205.3683,
300406.SZ,20260605,1.0039,1.6228,,700638.8105,
000059.SZ,20260605,1.5303,2.8894,,740541.8946,
002942.SZ,20260605,0.9996,2.9336,,258097.9952,
920770.BJ,20260605,13.6517,16.0035,,176329.0971,
920926.BJ,20260605,1.1151,3.7924,,105945.7227,
000576.SZ,20260605,1.8347,2.8659,,324258.733,
688588.SH,20260605,1.0093,1.783,,404410.113,
688314.SH,20260605,4.4205,11.8365,,335436.5412,
603766.SH,20260605,0.8968,1.4965,,2591569.8147,
688228.SH,20260605,2.1716,4.8914,,584314.074,
002316.SZ,20260605,5.4162,5.8264,,191056.32,
920925.BJ,20260605,3.0895,4.427,,126186.9624,
000950.SZ,20260605,1.3468,2.9803,,948773.3981,
002413.SZ,20260605,6.7803,6.7803,,1398501.1685,
002443.SZ,20260605,5.2212,6.6344,,566342.6458,
600056.SH,20260605,0.5418,1.1468,,1422581.6403,
300737.SZ,20260605,11.7665,18.2271,,986764.8351,
000058.SZ,20260605,0.9135,3.1172,,870458.8751,
300337.SZ,20260605,4.3928,6.4237,,1021680.3149,
688652.SH,20260605,4.5895,5.5081,,2154936.0,
301008.SZ,20260605,4.2575,8.3683,,330420.2394,
603683.SH,20260605,11.281,16.8081,,986055.5374,
301040.SZ,20260605,4.542,6.9483,,306703.2081,
920837.BJ,20260605,1.0861,3.2404,,172800.8644,
688333.SH,20260605,5.1997,7.3269,,2699330.1922,
301071.SZ,20260605,12.9341,18.1597,,1921330.2146,
600400.SH,20260605,1.9443,5.1302,,641584.1186,
300537.SZ,20260605,19.2481,21.8936,,559830.7676,
600905.SH,20260605,0.8524,1.8497,,12035400.7098,
600116.SH,20260605,2.1613,4.6517,,1292608.6031,
002686.SZ,20260605,1.8582,3.2548,,351068.2625,
600595.SH,20260605,1.8504,2.8507,,2785494.0542,
300942.SZ,20260605,1.4441,3.3081,,261680.3202,
603500.SH,20260605,1.6179,3.4171,,406993.9099,
001266.SZ,20260605,7.1949,11.6509,,482809.4416,
300614.SZ,20260605,2.2889,4.0073,,187394.7131,
002457.SZ,20260605,9.9948,13.6068,,406853.896,
002590.SZ,20260605,5.6649,10.7954,,624939.1823,
600483.SH,20260605,1.8927,5.4789,,3219405.0764,
002008.SZ,20260605,5.9388,7.2766,,13165538.7781,
002561.SZ,20260605,0.9455,1.4885,,298102.071,
603679.SH,20260605,3.1197,4.4996,,293182.2581,
600284.SH,20260605,1.2593,1.9989,,554016.176,
001298.SZ,20260605,2.8773,5.2011,,935095.3264,
600885.SH,20260605,1.1453,1.5434,,5156584.2509,
600416.SH,20260605,1.948,3.0278,,1580562.9333,
002356.SZ,20260605,2.758,3.4728,,418290.1922,
300324.SZ,20260605,2.3665,2.5929,,725588.0499,
688435.SH,20260605,4.4739,5.1462,,317717.5,
300896.SZ,20260605,1.4931,2.3445,,2992030.2992,
000668.SZ,20260605,3.8474,6.5109,,302347.4515,
603517.SH,20260605,1.9324,3.6996,,750836.3987,
603809.SH,20260605,2.1651,3.1716,,940535.1608,
600328.SH,20260605,1.6688,3.0721,,986826.3157,
603111.SH,20260605,0.651,0.8713,,543941.354,
300365.SZ,20260605,3.1015,3.2898,,307725.8556,
003043.SZ,20260605,11.9189,16.3925,,922637.1186,
920970.BJ,20260605,2.9243,3.7675,,69361.3008,
002902.SZ,20260605,20.0079,24.4244,,800910.8833,
300930.SZ,20260605,23.2238,37.099,,398600.0,
920855.BJ,20260605,0.7264,2.3934,,103580.3995,
601766.SH,20260605,1.0883,2.7182,,16243557.0738,
688283.SH,20260605,1.6312,3.2489,,455775.6,
301012.SZ,20260605,5.0279,7.8818,,602698.0957,
601828.SH,20260605,0.9712,2.7159,,1062299.841,
603903.SH,20260605,5.9159,10.5756,,315574.8773,
920116.BJ,20260605,3.7073,12.3584,,1415702.365,
000027.SZ,20260605,1.9821,7.9332,,3468137.2488,
920689.BJ,20260605,2.751,3.458,,180564.0,
600419.SH,20260605,2.1409,3.4198,,261875.1625,
300517.SZ,20260605,3.7593,4.6762,,222459.237,
603409.SH,20260605,5.5961,5.5961,,510421.5,
002424.SZ,20260605,0.5118,0.5903,,641497.6656,
688046.SH,20260605,0.9814,2.0003,,722830.0,
002554.SZ,20260605,1.6687,2.2431,,413453.2223,
603776.SH,20260605,1.6495,2.6597,,571067.0034,
002133.SZ,20260605,2.1795,3.2199,,219082.8015,
002713.SZ,20260605,1.8029,2.4204,,1097921.5823,
688535.SH,20260605,5.6338,8.2465,,1629796.394,
001396.SZ,20260605,6.1349,6.1349,,442576.0022,
000967.SZ,20260605,3.136,5.9538,,3484316.8522,
300107.SZ,20260605,2.4091,3.0126,,344985.5303,
301500.SZ,20260605,6.495,6.495,,1443092.7437,
002600.SZ,20260605,3.8033,8.9483,,11020763.6094,
301262.SZ,20260605,2.2788,2.8192,,851931.0,
301176.SZ,20260605,4.8591,14.145,,702302.9347,
002300.SZ,20260605,2.4782,4.6099,,594480.6351,
002379.SZ,20260605,3.532,4.5857,,24276973.2103,
300807.SZ,20260605,4.099,6.2282,,283248.8007,
002322.SZ,20260605,0.7154,1.0441,,405370.5187,
300261.SZ,20260605,1.0546,1.6194,,479728.1166,
688287.SH,20260605,3.6638,7.4313,,12968.046,
300076.SZ,20260605,2.4795,3.5278,,198432.0,
600570.SH,20260605,1.3047,1.6471,,4383794.9857,
688084.SH,20260605,2.6591,5.4598,,383742.7828,
300358.SZ,20260605,2.8156,4.151,,589236.2859,
301152.SZ,20260605,6.0742,6.0742,,300412.2177,
301585.SZ,20260605,3.0017,3.0017,,274976.0,
002842.SZ,20260605,13.6233,16.4304,,1077705.9581,
920719.BJ,20260605,9.5764,10.4977,,100727.0588,
002550.SZ,20260605,1.1356,1.3135,,775558.8,
688701.SH,20260605,2.2536,4.4959,,124340.8465,
301053.SZ,20260605,4.1864,10.0717,,555896.6112,
920729.BJ,20260605,1.3089,1.3368,,199272.15,
603006.SH,20260605,3.7034,13.1352,,355193.1873,
300649.SZ,20260605,7.9398,9.9665,,369442.3391,
920634.BJ,20260605,1.9656,4.1314,,108517.0847,
603021.SH,20260605,1.6393,2.7697,,243800.4293,
600103.SH,20260605,9.5733,13.1109,,862718.2976,
002955.SZ,20260605,6.7222,11.9508,,644843.7602,
003037.SZ,20260605,1.0205,3.0904,,409767.0798,
600476.SH,20260605,1.3869,2.2862,,178465.56,
300519.SZ,20260605,1.819,2.7748,,216160.0,
300639.SZ,20260605,1.5405,2.4874,,351049.866,
300343.SZ,20260605,1.3202,1.5031,,695512.0462,
300738.SZ,20260605,4.9706,6.8665,,2018655.4144,
001314.SZ,20260605,6.4153,12.7691,,804313.126,
688131.SH,20260605,2.3436,3.4515,,1590779.97,
603505.SH,20260605,2.7657,6.1046,,1542778.9342,
002109.SZ,20260605,0.6133,1.4613,,359908.098,
000011.SZ,20260605,1.2084,3.4015,,451752.1517,
600084.SH,20260605,0.2842,0.6509,,532646.5174,
600166.SH,20260605,2.0773,3.749,,2391054.9108,
002383.SZ,20260605,1.9188,3.3278,,580442.4791,
300220.SZ,20260605,2.7743,5.5249,,184464.0,
300763.SZ,20260605,6.1631,9.2798,,3875127.0476,
603227.SH,20260605,0.9377,1.8066,,898078.4734,
301365.SZ,20260605,2.1404,5.3597,,557280.0,
300149.SZ,20260605,1.8532,2.1069,,404346.7615,
600863.SH,20260605,6.7444,14.421,,4881323.0959,
002908.SZ,20260605,1.6222,2.0775,,320122.6093,
301177.SZ,20260605,0.3153,3.1525,,955855.6254,
300080.SZ,20260605,1.3437,2.9059,,764339.2179,
000100.SZ,20260605,9.8532,10.1677,,10171621.7366,
001317.SZ,20260605,8.1829,19.7979,,442289.6099,
603098.SH,20260605,1.2252,3.5918,,660053.0731,
000670.SZ,20260605,17.0138,20.0375,,795731.1902,
600662.SH,20260605,0.4724,1.6668,,1000154.3303,
300218.SZ,20260605,2.6233,4.1497,,292064.502,
000031.SZ,20260605,2.5372,8.2589,,1135873.0348,
301515.SZ,20260605,3.2997,4.0014,,205500.0,
002470.SZ,20260605,2.5833,3.6853,,739356.242,
300225.SZ,20260605,7.0154,8.2441,,365129.9251,
300702.SZ,20260605,2.7777,4.0564,,667420.191,
688093.SH,20260605,2.1365,6.5905,,824325.4055,
603379.SH,20260605,1.9973,4.8705,,3677525.7189,
600536.SH,20260605,1.1349,1.7856,,3408321.0316,
603136.SH,20260605,1.234,2.3046,,249056.8266,
603218.SH,20260605,0.7723,1.8959,,1147800.1525,
301179.SZ,20260605,2.762,3.6071,,874329.1642,
688151.SH,20260605,0.3018,1.0177,,580138.0,
603151.SH,20260605,1.4766,3.1673,,217826.3398,
688581.SH,20260605,1.3905,1.9566,,446333.6787,
002660.SZ,20260605,2.6281,4.7949,,272818.9045,
301327.SZ,20260605,1.1581,2.4813,,930847.6783,
000552.SZ,20260605,2.9683,5.2286,,1546674.457,
920703.BJ,20260605,1.7718,2.7388,,159315.268,
603277.SH,20260605,0.2174,1.0203,,702072.0049,
002702.SZ,20260605,4.8501,6.4438,,290662.48,
688166.SH,20260605,2.1761,3.4748,,2061310.3074,
001238.SZ,20260605,0.4193,1.3476,,438913.692,
605098.SH,20260605,1.4684,3.5755,,648129.7285,
000630.SZ,20260605,3.0412,4.6439,,8702747.01,
001387.SZ,20260605,3.7097,4.6559,,224395.2704,
003026.SZ,20260605,8.1928,10.6762,,591843.3176,
001209.SZ,20260605,2.6281,6.0767,,263045.44,
301131.SZ,20260605,3.1883,3.7816,,203234.9259,
605567.SH,20260605,2.5349,4.1021,,186000.0,
002893.SZ,20260605,12.1265,15.3312,,287367.6,
920112.BJ,20260605,1.1863,1.1863,,239870.95,
301592.SZ,20260605,2.6506,2.6506,,712040.0,
600516.SH,20260605,3.2273,5.7139,,2347140.7245,
688393.SH,20260605,1.8393,3.0786,,192749.4599,
688311.SH,20260605,3.2244,4.9542,,501215.6118,
920726.BJ,20260605,6.0105,12.2043,,181785.96,
300310.SZ,20260605,5.0166,5.4844,,439065.9484,
688589.SH,20260605,3.0795,3.9067,,290366.379,
605056.SH,20260605,1.8861,5.0805,,792175.842,
000958.SZ,20260605,1.4218,2.9043,,10736593.5533,
002252.SZ,20260605,0.5057,0.8821,,3445114.1304,
605580.SH,20260605,8.1168,31.078,,732480.0,
603559.SH,20260605,0.4737,0.6619,,341486.7091,
301366.SZ,20260605,17.4504,23.6987,,1014364.749,
920906.BJ,20260605,3.4818,5.1911,,136761.85,
000838.SZ,20260605,2.3016,3.4572,,189279.4932,
000783.SZ,20260605,1.5878,2.763,,4147554.711,
603333.SH,20260605,4.3948,8.0365,,546322.7481,
603216.SH,20260605,1.3705,5.3835,,524880.33,
301080.SZ,20260605,2.1229,2.7497,,636947.018,
002517.SZ,20260605,2.8699,3.1997,,3251666.6021,
920374.BJ,20260605,3.4386,3.9156,,151623.48,
002883.SZ,20260605,1.1547,1.8103,,146787.736,
301065.SZ,20260605,1.6892,2.9425,,214690.5,
600835.SH,20260605,1.1818,3.0216,,2249003.7383,
300231.SZ,20260605,2.1622,2.7941,,396757.1013,
603207.SH,20260605,1.5862,1.5862,,365853.0176,
603928.SH,20260605,1.9028,5.591,,391547.52,
000962.SZ,20260605,4.4725,7.5824,,2945865.0271,
603298.SH,20260605,0.4981,1.294,,3245714.2574,
002919.SZ,20260605,1.6962,2.869,,563410.0517,
301276.SZ,20260605,2.5106,3.9504,,310003.2,
601137.SH,20260605,8.6863,14.8161,,2276148.2555,
600933.SH,20260605,2.2129,4.5665,,1585375.1564,
600848.SH,20260605,0.528,1.6466,,2156726.3884,
300468.SZ,20260605,3.3797,4.1454,,1233228.9151,
600792.SH,20260605,4.9426,15.1569,,503905.3144,
300172.SZ,20260605,2.2999,2.531,,320760.54,
603222.SH,20260605,1.8575,2.9648,,453153.2007,
301320.SZ,20260605,11.258,11.258,,289759.92,
300580.SZ,20260605,3.7102,8.6617,,1177946.8769,
002105.SZ,20260605,2.1643,4.2948,,213885.2988,
600037.SH,20260605,1.0521,1.6813,,951976.0727,
300505.SZ,20260605,5.2572,5.7345,,535441.9348,
000609.SZ,20260605,0.5295,0.7008,,389942.9752,
002941.SZ,20260605,1.1713,1.9691,,855998.1248,
600643.SH,20260605,0.6327,1.2659,,662759.0436,
603197.SH,20260605,1.6744,2.3894,,649567.7779,
603558.SH,20260605,0.938,1.9235,,402942.3456,
688696.SH,20260605,1.4215,1.8498,,504144.0,
688362.SH,20260605,8.1524,13.4061,,2364425.2282,
002949.SZ,20260605,1.8314,3.1792,,233688.8405,
301584.SZ,20260605,3.4615,3.4615,,937788.221,
000407.SZ,20260605,1.8274,2.4457,,367875.3862,
600138.SH,20260605,0.9549,1.2432,,553737.6,
001260.SZ,20260605,1.1514,1.4857,,214475.0,
301390.SZ,20260605,2.0466,3.628,,194100.0,
603063.SH,20260605,5.2648,6.4229,,2501271.8112,
301511.SZ,20260605,9.0994,11.761,,7532347.9,
600566.SH,20260605,0.4305,1.1141,,2579732.6657,
300138.SZ,20260605,1.3174,1.4669,,482133.8928,
000002.SZ,20260605,1.6923,2.5399,,3877480.5781,
301127.SZ,20260605,1.9416,3.5775,,909326.7932,
002889.SZ,20260605,0.9302,2.096,,436961.2651,
301048.SZ,20260605,0.6607,2.6428,,505600.0632,
000888.SZ,20260605,1.3736,2.2741,,527966.9282,
301019.SZ,20260605,1.4286,1.6867,,342958.8899,
000908.SZ,20260605,0.6469,0.8664,,1249279.5784,
000799.SZ,20260605,7.2278,10.4754,,1446258.89,
603535.SH,20260605,0.6862,2.0112,,352022.7301,
002721.SZ,20260605,0.8137,1.164,,686119.6827,
603985.SH,20260605,4.448,7.8607,,1031607.727,
600605.SH,20260605,2.5361,4.4369,,617197.0276,
002403.SZ,20260605,4.7652,10.3172,,361758.1709,
002607.SZ,20260605,2.2163,2.3663,,1338325.6674,
603668.SH,20260605,1.3986,2.0323,,559411.1856,
603180.SH,20260605,0.8538,2.8737,,249588.0525,
000633.SZ,20260605,2.5308,3.1931,,213734.037,
002462.SZ,20260605,2.5788,3.6064,,400513.8758,
605369.SH,20260605,0.8009,2.4969,,382775.7595,
002735.SZ,20260605,30.1553,34.1012,,676583.5985,
002986.SZ,20260605,2.3575,2.8178,,445122.15,
000425.SZ,20260605,1.3678,1.5053,,11149072.3474,
601881.SH,20260605,0.4036,1.4035,,13230626.7298,
301062.SZ,20260605,2.4091,2.6992,,283806.355,
002291.SZ,20260605,3.1364,3.7464,,536764.8226,
603600.SH,20260605,1.6832,3.4864,,339024.4324,
688521.SH,20260605,4.3258,5.7447,,11843611.948,
000822.SZ,20260605,1.6736,2.805,,431434.3083,
600500.SH,20260605,2.887,6.3177,,2045334.5927,
688232.SH,20260605,0.6851,1.8961,,620137.2839,
601068.SH,20260605,0.6598,5.7075,,1568614.0402,
601089.SH,20260605,0.5329,1.9479,,820800.0,
301009.SZ,20260605,2.6453,3.7308,,252829.8,
603066.SH,20260605,1.5986,3.3695,,318597.0201,
300101.SZ,20260605,2.3597,3.3379,,963735.9729,
603887.SH,20260605,1.9179,2.2573,,702568.3343,
002812.SZ,20260605,3.155,4.5948,,6217877.0399,
603036.SH,20260605,2.9363,3.7871,,276048.0735,
601101.SH,20260605,5.0462,13.7524,,1948317.1939,
688116.SH,20260605,3.8797,4.4511,,1439737.8963,
000801.SZ,20260605,1.6243,3.1192,,1264308.0002,
600649.SH,20260605,0.6896,1.4652,,939187.788,
603238.SH,20260605,1.2509,3.1346,,227921.556,
300352.SZ,20260605,1.7731,1.8529,,449445.467,
601778.SH,20260605,6.2195,8.0657,,1987260.8071,
600380.SH,20260605,0.5469,1.0714,,1812988.3055,
000720.SZ,20260605,8.3493,14.3203,,648370.2906,
600120.SH,20260605,0.5883,1.1735,,1608644.6827,
300236.SZ,20260605,5.2321,6.9876,,2928556.2198,
002675.SZ,20260605,1.0061,1.2619,,1034867.6098,
603160.SH,20260605,1.576,2.8333,,2577285.6946,
603121.SH,20260605,2.6215,5.4454,,539961.2754,
000514.SZ,20260605,1.3341,3.624,,370415.4536,
688244.SH,20260605,1.2021,2.5693,,249841.3139,
001258.SZ,20260605,5.928,15.2114,,926800.0007,
002552.SZ,20260605,5.6538,15.5594,,2262730.4504,
688085.SH,20260605,1.3898,2.2169,,471849.4347,
603391.SH,20260605,4.4786,4.4786,,509782.0,
600128.SH,20260605,1.789,2.4334,,227032.2274,
603406.SH,20260605,3.1874,3.1874,,1172029.3,
600689.SH,20260605,2.0803,3.1649,,227120.2176,
000605.SZ,20260605,1.3386,2.2743,,220411.625,
002011.SZ,20260605,2.0092,3.6589,,1217609.1985,
601199.SH,20260605,1.2016,3.4086,,514365.6606,
002054.SZ,20260605,2.3721,2.6505,,366407.7435,
603118.SH,20260605,6.4701,11.1037,,1055737.6604,
603439.SH,20260605,7.3088,16.1413,,695181.3672,
002377.SZ,20260605,2.7674,3.4554,,262069.0075,
301136.SZ,20260605,1.9733,4.2502,,363820.772,
002037.SZ,20260605,1.2018,2.1652,,346944.5168,
300905.SZ,20260605,7.2054,11.5916,,1105958.9699,
300234.SZ,20260605,8.0892,9.539,,444300.0725,
603077.SH,20260605,1.8094,2.6943,,2110776.235,
003021.SZ,20260605,5.5716,12.8511,,2811297.5748,
920571.BJ,20260605,5.206,6.6758,,539856.0443,
600340.SH,20260605,2.1219,3.4877,,482776.0277,
301085.SZ,20260605,6.0445,9.0254,,572719.455,
920826.BJ,20260605,8.2569,8.6916,,145012.32,
300014.SZ,20260605,2.8346,4.3308,,12655108.0525,
300435.SZ,20260605,2.6516,4.0053,,697369.104,
002766.SZ,20260605,5.4945,10.5263,,385335.1799,
688619.SH,20260605,4.5114,9.5813,,320807.8127,
301590.SZ,20260605,3.0802,3.0802,,712169.7227,
603326.SH,20260605,0.8367,2.6173,,232999.1589,
688045.SH,20260605,4.2209,7.9522,,483099.4897,
600668.SH,20260605,1.2404,1.4793,,319585.0598,
002933.SZ,20260605,1.8968,3.013,,343483.45,
000892.SZ,20260605,6.8096,9.2598,,384544.3454,
601328.SH,20260605,0.7146,0.8112,,60352464.6243,
600777.SH,20260605,0.2381,0.9498,,3876282.6203,
601728.SH,20260605,0.191,1.0325,,55910861.7451,
600594.SH,20260605,1.9717,2.5747,,273214.953,
002688.SZ,20260605,0.9567,1.429,,399372.7826,
601872.SH,20260605,1.058,3.3357,,11950316.983,
688429.SH,20260605,2.172,2.9783,,462400.9248,
000543.SZ,20260605,3.8824,9.1684,,2044710.7246,
600802.SH,20260605,1.3263,1.8934,,228665.9516,
600955.SH,20260605,0.7801,2.1477,,858000.0,
688627.SH,20260605,8.7025,8.7025,,3629205.1056,
002442.SZ,20260605,6.7386,10.6367,,276306.1562,
920130.BJ,20260605,2.1842,4.1226,,155153.123,
300678.SZ,20260605,2.2561,3.3692,,704213.8322,
600016.SH,20260605,0.6516,0.9504,,15630323.4052,
300346.SZ,20260605,17.4345,20.03,,3941667.8178,
300669.SZ,20260605,0.9469,1.6037,,528013.1412,
002960.SZ,20260605,3.6596,6.5555,,931501.4094,
600152.SH,20260605,8.6067,12.101,,610028.5194,
600868.SH,20260605,14.6808,15.8093,,671944.6324,
300984.SZ,20260605,4.5466,6.9967,,831533.0196,
600763.SH,20260605,1.2793,1.9351,,1565511.9095,
300550.SZ,20260605,5.7069,11.3743,,371260.0394,
603739.SH,20260605,0.8069,1.9432,,320587.5732,
688266.SH,20260605,1.2592,1.8925,,2400109.1225,
600535.SH,20260605,0.4564,0.9168,,2119915.0571,
605060.SH,20260605,3.2083,8.6656,,1198148.16,
300600.SZ,20260605,5.3005,9.0069,,346313.983,
000589.SZ,20260605,1.7223,2.2099,,710356.2775,
300420.SZ,20260605,25.4381,29.9277,,677644.8215,
600104.SH,20260605,0.2931,0.965,,13529941.6222,
688689.SH,20260605,1.8502,5.2881,,521029.5598,
603107.SH,20260605,0.9547,1.4315,,447980.88,
001336.SZ,20260605,3.5845,5.4979,,207042.136,
300500.SZ,20260605,2.3811,4.4283,,185631.1852,
688188.SH,20260605,1.3758,3.8623,,4551801.8008,
600107.SH,20260605,1.0692,1.3646,,229680.0,
002892.SZ,20260605,6.4036,8.0981,,810171.6275,
605006.SH,20260605,12.0776,33.3142,,1155554.1982,
301317.SZ,20260605,5.7573,6.6499,,1005701.62,
002100.SZ,20260605,1.0281,1.4358,,873760.9696,
600303.SH,20260605,11.7562,13.9797,,237210.6612,
603882.SH,20260605,0.7122,1.2256,,1112746.3766,
000756.SZ,20260605,0.7009,1.361,,889664.7465,
688141.SH,20260605,3.0847,5.1952,,4160521.3456,
002510.SZ,20260605,2.1219,2.529,,639537.386,
002402.SZ,20260605,3.9301,4.0098,,2362030.3026,
688665.SH,20260605,0.9746,3.0908,,511830.8608,
301486.SZ,20260605,14.1027,18.3104,,2904072.6952,
688503.SH,20260605,5.3872,5.7737,,2121666.9145,
000581.SZ,20260605,0.9038,1.5416,,1804988.8888,
603258.SH,20260605,1.2858,2.4032,,339870.65,
003012.SZ,20260605,0.7103,1.7195,,568077.7486,
920418.BJ,20260605,4.5411,8.2476,,376163.424,
301261.SZ,20260605,16.774,19.4169,,778795.0268,
002212.SZ,20260605,1.9159,1.9159,,765465.5675,
300541.SZ,20260605,2.1792,2.1792,,459717.5619,
300033.SZ,20260605,4.1891,6.6424,,15910809.6,
300657.SZ,20260605,16.3362,19.9146,,2076033.0317,
000820.SZ,20260605,11.4912,11.806,,222414.9816,
301045.SZ,20260605,4.0443,4.9104,,579392.0162,
603011.SH,20260605,14.6516,20.9378,,1616735.209,
920270.BJ,20260605,3.827,10.8349,,168117.912,
603926.SH,20260605,3.0797,6.0881,,499242.2316,
001872.SZ,20260605,0.0802,0.8977,,5420463.452,
300408.SZ,20260605,4.185,6.4614,,25840134.0532,
300465.SZ,20260605,6.5561,8.9419,,634117.8312,
002820.SZ,20260605,3.2656,4.947,,194440.5096,
601198.SH,20260605,0.6927,1.2595,,4053486.6821,
001277.SZ,20260605,2.3282,4.5467,,238412.0,
600136.SH,20260605,0.5633,0.8462,,326532.149,
603689.SH,20260605,0.697,1.8961,,415918.3559,
920026.BJ,20260605,3.8096,10.1329,,299253.6389,
688037.SH,20260605,3.0922,4.3193,,4984025.1298,
688230.SH,20260605,1.0484,4.1936,,744878.4,
600251.SH,20260605,1.3041,2.3518,,769223.6472,
003023.SZ,20260605,2.9738,6.0535,,257349.5288,
600507.SH,20260605,0.781,1.4255,,1050187.3021,
920028.BJ,20260605,13.8353,13.8353,,324117.92,
688526.SH,20260605,0.1973,0.7254,,584524.5822,
600179.SH,20260605,1.6425,2.9241,,1942270.8834,
600233.SH,20260605,0.6713,1.3989,,5914840.5585,
003033.SZ,20260605,5.1689,16.0252,,495159.75,
002614.SZ,20260605,1.8102,2.0951,,317483.2548,
300625.SZ,20260605,2.4898,3.9637,,300839.487,
688548.SH,20260605,4.5459,4.5459,,3708829.2425,
600150.SH,20260605,1.468,3.6879,,27054608.5304,
300844.SZ,20260605,2.2408,7.9023,,241789.0227,
000089.SZ,20260605,0.3719,0.8644,,1349406.3369,
002029.SZ,20260605,2.2765,3.8534,,573184.1356,
300960.SZ,20260605,1.3455,4.7665,,262888.5623,
300536.SZ,20260605,5.9553,6.3714,,289182.0991,
300396.SZ,20260605,0.8468,1.7688,,206979.4222,
603628.SH,20260605,1.4935,3.0267,,288398.7649,
300945.SZ,20260605,2.3681,4.0662,,323920.5334,
301049.SZ,20260605,4.0407,6.7376,,198026.2547,
600227.SH,20260605,4.5394,5.4951,,496485.9394,
688235.SH,20260605,2.8569,2.8569,,33942592.2185,
002156.SZ,20260605,9.7524,12.9636,,10143617.7598,
920062.BJ,20260605,6.9484,7.9866,,212860.6805,
600081.SH,20260605,0.956,3.7885,,585654.714,
600363.SH,20260605,5.3481,6.6227,,1635823.2966,
300964.SZ,20260605,16.6509,26.8084,,868844.8568,
600506.SH,20260605,2.3094,3.9181,,428855.0869,
002295.SZ,20260605,1.6552,2.3653,,251367.848,
301098.SZ,20260605,7.7794,8.3816,,177419.2488,
301292.SZ,20260605,12.23,12.23,,1455524.8177,
002085.SZ,20260605,1.6721,2.7662,,2463025.1232,
002452.SZ,20260605,5.1981,5.4581,,699114.2598,
002480.SZ,20260605,3.5814,5.0842,,464577.8767,
603363.SH,20260605,1.463,1.893,,811125.3623,
600157.SH,20260605,4.4435,5.4494,,3927197.5461,
688148.SH,20260605,3.8757,4.8624,,416811.3843,
300826.SZ,20260605,4.9704,8.6411,,323221.5014,
603598.SH,20260605,8.9974,17.9354,,567412.8216,
300817.SZ,20260605,4.0884,5.2311,,421315.6032,
601390.SH,20260605,0.4109,0.933,,11577838.0847,
002703.SZ,20260605,7.7754,14.333,,1378731.8756,
300516.SZ,20260605,8.9295,27.9067,,1032696.0,
920751.BJ,20260605,1.646,2.6175,,202891.64,
002456.SZ,20260605,6.3278,6.9362,,3311255.9455,
300255.SZ,20260605,1.9781,2.8496,,3449235.4751,
002053.SZ,20260605,2.1334,8.017,,1053314.5068,
601011.SH,20260605,6.9287,10.0837,,630253.6333,
002727.SZ,20260605,1.286,1.647,,664660.6819,
688305.SH,20260605,4.2522,7.6632,,837312.0714,
600658.SH,20260605,1.1101,2.1189,,505600.4403,
300479.SZ,20260605,1.7825,2.4361,,288664.8672,
002032.SZ,20260605,0.3617,2.1776,,3532129.4569,
300661.SZ,20260605,2.7811,4.1816,,6687149.2393,
300841.SZ,20260605,1.4764,2.1907,,597235.9478,
002080.SZ,20260605,3.2145,8.0845,,10526869.2424,
002622.SZ,20260605,3.3282,4.3684,,207480.0,
000953.SZ,20260605,1.8885,2.8615,,219307.1948,
002662.SZ,20260605,1.2372,2.134,,504000.0,
000099.SZ,20260605,1.2398,2.0202,,1179170.6082,
600161.SH,20260605,0.4772,0.9568,,2564650.7655,
600176.SH,20260605,3.6192,6.8975,,14795593.3467,
688570.SH,20260605,0.653,0.9836,,690635.0,
600501.SH,20260605,1.5189,2.82,,782918.286,
603030.SH,20260605,2.0535,2.7048,,327916.4465,
603078.SH,20260605,15.2041,26.009,,1602708.4027,
603801.SH,20260605,0.7605,1.4145,,304480.3293,
688160.SH,20260605,6.594,16.4575,,1108152.9132,
301566.SZ,20260605,18.0259,18.0259,,1491237.28,
301056.SZ,20260605,1.4327,3.1364,,347356.2404,
603729.SH,20260605,1.3871,1.9875,,119538.1347,
000665.SZ,20260605,1.3187,2.0335,,481014.2364,
002354.SZ,20260605,7.6866,7.6866,,1101954.1561,
600719.SH,20260605,8.2433,12.2861,,345123.4588,
600908.SH,20260605,0.4764,0.6245,,1191712.1604,
603166.SH,20260605,2.4169,5.9194,,868400.1256,
300545.SZ,20260605,16.5179,19.9628,,669886.4901,
688793.SH,20260605,2.178,4.7413,,156248.7717,
600062.SH,20260605,0.418,1.0523,,1752088.6961,
300315.SZ,20260605,2.4993,2.4993,,1185933.6193,
600513.SH,20260605,3.3564,5.5843,,476141.0584,
603093.SH,20260605,1.934,8.3998,,1352193.6984,
300927.SZ,20260605,2.382,6.0854,,342133.2,
002062.SZ,20260605,1.9786,3.1276,,963834.0225,
688231.SH,20260605,1.9293,4.9198,,1078272.0006,
920055.BJ,20260605,6.3957,6.3957,,213996.0,
600449.SH,20260605,1.5104,2.9636,,614940.82,
600578.SH,20260605,4.9404,24.124,,5663649.3787,
603206.SH,20260605,3.2577,10.3214,,471533.9815,
002055.SZ,20260605,7.4296,7.6931,,388687.0809,
688618.SH,20260605,2.6527,7.1002,,376945.0402,
600475.SH,20260605,1.2183,3.8566,,1451155.9766,
600098.SH,20260605,1.5181,5.7223,,2703021.9004,
300135.SZ,20260605,1.7493,2.6389,,320716.8,
600250.SH,20260605,2.3699,4.9911,,286204.1347,
002531.SZ,20260605,2.7777,5.6409,,1755550.4489,
600053.SH,20260605,1.4974,5.6567,,378914.6592,
002736.SZ,20260605,0.2126,0.7653,,10251984.8031,
002747.SZ,20260605,12.2727,19.2137,,3002110.8012,
300666.SZ,20260605,6.8018,7.5339,,5337986.8213,
600610.SH,20260605,2.2244,3.5132,,804527.2284,
301248.SZ,20260605,3.7935,4.3122,,1103909.31,
301013.SZ,20260605,30.27,33.3156,,1314337.2039,
603699.SH,20260605,0.8318,2.2553,,4481910.4391,
300195.SZ,20260605,4.0959,4.3972,,248716.4528,
002869.SZ,20260605,2.4845,3.2057,,331538.6931,
600280.SH,20260605,17.4156,40.5044,,383633.8279,
920124.BJ,20260605,3.8437,4.2574,,230834.1049,
603938.SH,20260605,12.384,37.0158,,2021022.5932,
600299.SH,20260605,0.5332,3.7462,,3221449.1028,
603338.SH,20260605,1.0991,2.5161,,2653262.886,
300893.SZ,20260605,1.0577,1.8179,,983369.632,
600988.SH,20260605,1.9403,2.2704,,5959689.4542,
300648.SZ,20260605,2.3933,2.6495,,822608.208,
688719.SH,20260605,7.3651,7.3651,,909006.323,
002931.SZ,20260605,12.5251,24.3505,,1303168.9252,
605168.SH,20260605,2.0894,4.5306,,995056.1739,
603355.SH,20260605,0.4668,2.4356,,1466748.907,
603681.SH,20260605,5.9963,8.6881,,569153.941,
300919.SZ,20260605,1.559,3.5,,5063269.2422,
002884.SZ,20260605,0.419,0.6154,,586599.3148,
603980.SH,20260605,2.1433,3.2558,,389856.0154,
688530.SH,20260605,7.2724,7.2724,,777017.6205,
600052.SH,20260605,1.8843,3.0853,,329235.949,
300548.SZ,20260605,7.1043,8.7248,,6452936.3532,
002999.SZ,20260605,1.7037,2.6579,,212378.712,
601689.SH,20260605,4.3705,10.5051,,11817281.944,
600609.SH,20260605,1.972,2.7618,,465727.4052,
300653.SZ,20260605,0.959,1.6718,,272700.0,
002612.SZ,20260605,1.397,1.9189,,558366.0633,
603399.SH,20260605,18.5499,23.1615,,885238.2415,
920221.BJ,20260605,8.5731,14.2832,,198196.32,
920230.BJ,20260605,3.3854,5.7637,,109014.9443,
301361.SZ,20260605,4.6709,8.7792,,413225.472,
920371.BJ,20260605,3.4018,11.7833,,188188.111,
301302.SZ,20260605,5.8254,9.6115,,391221.15,
301217.SZ,20260605,3.7511,13.5785,,9223626.9425,
603997.SH,20260605,2.1327,3.6806,,1867684.8204,
002223.SZ,20260605,0.748,1.2289,,2598420.2,
002399.SZ,20260605,0.3117,1.4765,,1413006.2445,
600367.SH,20260605,22.1362,32.8587,,1688597.9649,
601727.SH,20260605,1.087,2.2065,,12183455.3626,
300340.SZ,20260605,3.1141,4.3038,,265320.6705,
000797.SZ,20260605,1.8001,3.9906,,397400.8169,
000625.SZ,20260605,0.6926,1.2401,,7930339.2896,
002111.SZ,20260605,1.3664,2.0945,,533074.4118,
002010.SZ,20260605,0.7661,1.8638,,1409655.7631,
002564.SZ,20260605,1.7405,2.4489,,436323.4743,
688291.SH,20260605,2.4532,7.481,,504709.4972,
300281.SZ,20260605,5.3661,10.3992,,323409.0038,
603016.SH,20260605,2.4299,5.3801,,600788.8,
301388.SZ,20260605,2.4733,6.0332,,282243.138,
603305.SH,20260605,3.7534,7.3111,,1723161.457,
603659.SH,20260605,2.2077,4.7069,,5919025.5353,
688657.SH,20260605,1.77,2.0649,,347330.1541,
301208.SZ,20260605,4.345,5.727,,370320.1852,
301010.SZ,20260605,2.0134,5.5927,,209844.0,
600223.SH,20260605,0.5628,1.231,,587576.752,
300931.SZ,20260605,2.0558,2.8588,,364756.5,
688489.SH,20260605,1.1852,2.5363,,408684.2935,
688432.SH,20260605,2.0351,7.9381,,2486850.3956,
002321.SZ,20260605,1.0399,1.7179,,403116.2234,
688559.SH,20260605,11.9406,15.9965,,1696158.4152,
688175.SH,20260605,1.8706,3.7796,,460756.471,
001308.SZ,20260605,1.5221,7.9626,,1506051.2714,
002568.SZ,20260605,3.001,4.5999,,1914504.3624,
688551.SH,20260605,5.4595,10.8733,,589442.8455,
300975.SZ,20260605,21.8022,27.7265,,3077785.1059,
688819.SH,20260605,0.2975,2.144,,2355398.3,
000415.SZ,20260605,1.3644,2.0838,,2405778.7787,
300867.SZ,20260605,6.0091,7.4382,,593754.2008,
301313.SZ,20260605,24.3881,28.369,,508680.3678,
000752.SZ,20260605,0.9164,1.1291,,237646.4004,
002543.SZ,20260605,0.4794,1.3712,,545058.8,
920665.BJ,20260605,12.8762,19.916,,173536.65,
603967.SH,20260605,0.9535,2.8073,,433333.3875,
003022.SZ,20260605,3.3053,12.7627,,3256114.784,
920493.BJ,20260605,4.6381,6.2854,,856568.2617,
002876.SZ,20260605,9.3106,10.5078,,569994.8071,
601908.SH,20260605,2.0352,3.7667,,883744.6471,
601022.SH,20260605,0.3794,1.9971,,1061301.6339,
300869.SZ,20260605,1.142,1.3167,,451225.1362,
600847.SH,20260605,2.3532,4.4341,,229931.1,
300405.SZ,20260605,4.6637,5.5735,,178870.4101,
603530.SH,20260605,0.6622,3.1424,,2320736.2752,
003006.SZ,20260605,1.2951,3.1681,,687436.464,
301083.SZ,20260605,3.0096,4.6303,,265377.0672,
688757.SH,20260605,9.8343,11.1736,,1701167.8479,
603321.SH,20260605,1.3195,2.9587,,229918.1601,
688223.SH,20260605,1.2942,3.4691,,5524943.2046,
920608.BJ,20260605,1.0755,1.6513,,91617.28,
002891.SZ,20260605,2.1094,4.0303,,915477.1896,
920873.BJ,20260605,2.7617,3.1904,,128538.3077,
001221.SZ,20260605,4.3456,4.3456,,1817245.43,
920640.BJ,20260605,6.8798,13.3519,,664557.12,
920810.BJ,20260605,1.9354,3.2939,,91680.4,
300120.SZ,20260605,6.9141,7.4628,,458366.3553,
301233.SZ,20260605,4.1475,5.6565,,283290.88,
002565.SZ,20260605,12.286,16.1347,,1626023.0063,
603669.SH,20260605,1.4548,3.3986,,289918.4089,
920014.BJ,20260605,4.1319,6.3617,,119907.0351,
600082.SH,20260605,2.0392,2.9025,,206757.0643,
300244.SZ,20260605,3.4631,3.8615,,1051215.4114,
300434.SZ,20260605,2.5435,4.3247,,379246.2152,
300672.SZ,20260605,4.5606,6.4061,,6491363.3148,
301395.SZ,20260605,2.1489,2.1489,,285349.2647,
603278.SH,20260605,13.7393,27.6554,,439160.8187,
002737.SZ,20260605,0.6922,1.5982,,745768.0,
688087.SH,20260605,1.0099,1.8054,,718002.6675,
920008.BJ,20260605,3.93,3.93,,148473.75,
300558.SZ,20260605,4.632,7.8877,,2056547.0246,
600426.SH,20260605,2.5762,3.7998,,5827763.8517,
300290.SZ,20260605,3.0765,3.8463,,657645.0809,
605136.SH,20260605,2.3401,4.6833,,358810.816,
000035.SZ,20260605,1.8424,2.8658,,1315806.0557,
600655.SH,20260605,0.2839,0.6126,,1778282.231,
002653.SZ,20260605,0.9524,1.8911,,5328569.7013,
301113.SZ,20260605,3.0617,6.5625,,219801.4,
603329.SH,20260605,1.7888,3.2512,,254552.0962,
605128.SH,20260605,1.8889,3.0013,,707098.1452,
301311.SZ,20260605,1.3465,3.7041,,360000.0,
688781.SH,20260605,8.3251,8.3251,,4926000.0,
688348.SH,20260605,1.6925,4.5617,,604481.1186,
688345.SH,20260605,2.2211,7.7246,,501600.3705,
000596.SZ,20260605,0.6643,1.9785,,4663309.2,
002042.SZ,20260605,2.1075,3.6277,,659864.3657,
002247.SZ,20260605,3.6391,4.5488,,210164.9021,
601688.SH,20260605,1.381,1.9251,,17015638.2366,
603602.SH,20260605,2.2461,3.2322,,305920.1221,
600018.SH,20260605,0.1989,1.5444,,11733100.094,
002346.SZ,20260605,1.1952,3.2416,,788212.1176,
920075.BJ,20260605,3.418,4.7873,,120555.9,
002007.SZ,20260605,0.3736,0.6015,,2455554.3762,
002562.SZ,20260605,2.6549,3.0505,,559982.7393,
002059.SZ,20260605,0.9947,2.2646,,457620.5355,
600276.SH,20260605,1.4583,2.3926,,31247937.0068,
000061.SZ,20260605,0.7722,1.9549,,1232660.904,
300242.SZ,20260605,8.5591,10.8771,,298875.5105,
603599.SH,20260605,1.3614,2.3325,,1015860.589,
300605.SZ,20260605,5.7065,6.5116,,178355.263,
688479.SH,20260605,2.9681,3.7814,,656720.0623,
688693.SH,20260605,7.0678,8.9977,,739789.4784,
600620.SH,20260605,1.0434,2.6515,,323424.9202,
001299.SZ,20260605,5.7993,19.3976,,372973.427,
688216.SH,20260605,3.3327,7.2429,,362130.2848,
002128.SZ,20260605,0.8154,1.9107,,8570767.2266,
603556.SH,20260605,0.8431,2.5834,,1188429.6315,
688211.SH,20260605,0.9967,2.5622,,432999.7232,
300485.SZ,20260605,2.4669,3.2026,,430128.0952,
300601.SZ,20260605,1.0564,1.528,,1331380.8711,
600927.SH,20260605,0.4391,2.8643,,1876211.1117,
301256.SZ,20260605,1.7473,6.7453,,562080.0,
688110.SH,20260605,3.7305,5.3198,,5573955.1266,
688449.SH,20260605,4.5714,8.4498,,3237480.0,
002360.SZ,20260605,3.0743,3.2757,,237046.8063,
300161.SZ,20260605,4.4611,6.6377,,633445.7363,
603585.SH,20260605,1.7776,5.0323,,306089.8916,
301072.SZ,20260605,14.1947,28.7051,,298015.4594,
300774.SZ,20260605,5.4257,7.6094,,537932.9766,
002518.SZ,20260605,2.8387,6.8194,,2963525.7285,
603336.SH,20260605,2.2716,4.2962,,548455.7694,
603235.SH,20260605,0.0634,0.6788,,1022216.3,
688433.SH,20260605,0.941,3.089,,4031102.2059,
000068.SZ,20260605,9.0364,15.8663,,358375.0412,
000568.SZ,20260605,0.5022,1.0237,,12787879.9105,
600989.SH,20260605,0.877,2.9677,,17182062.48,
688321.SH,20260605,1.7465,2.2413,,1131714.9883,
600106.SH,20260605,1.194,1.6375,,697738.1576,
300009.SZ,20260605,0.7066,0.7972,,1334889.8657,
603128.SH,20260605,0.6044,1.1327,,702957.9673,
301289.SZ,20260605,4.1976,17.1213,,401700.0,
301362.SZ,20260605,11.8348,11.8348,,2843732.0119,
605598.SH,20260605,3.7191,12.0481,,1007304.6733,
688523.SH,20260605,2.4535,9.652,,2444941.92,
300296.SZ,20260605,8.7585,9.5303,,1865840.3287,
603888.SH,20260605,1.4861,3.8841,,1298870.9734,
301207.SZ,20260605,0.7069,2.9977,,1030161.135,
301439.SZ,20260605,17.8139,28.6091,,784040.1451,
600015.SH,20260605,0.537,1.6208,,10869896.1436,
688512.SH,20260605,5.6979,5.6979,,616233.4834,
000987.SZ,20260605,0.6538,2.473,,3818037.8036,
002439.SZ,20260605,2.62,2.8828,,1669309.4825,
688777.SH,20260605,5.7716,7.2725,,7911895.27,
000428.SZ,20260605,1.2788,2.8541,,361718.73,
000166.SZ,20260605,0.3846,1.0738,,10842295.9945,
920950.BJ,20260605,1.7219,3.0469,,104481.0,
300662.SZ,20260605,2.477,3.5137,,402272.1978,
920819.BJ,20260605,0.6006,1.5438,,372643.2,
300750.SZ,20260605,0.6751,1.0202,,186453074.951,
001300.SZ,20260605,2.9912,10.0836,,402961.5858,
688729.SH,20260605,5.9928,5.9928,,7063788.4,
603299.SH,20260605,0.5916,1.5809,,958578.9778,
688631.SH,20260605,2.8491,3.6756,,774520.86,
300566.SZ,20260605,14.0052,15.5119,,706634.0636,
688313.SH,20260605,7.5681,11.8438,,7086693.6367,
002853.SZ,20260605,1.3296,1.9662,,438998.2752,
920885.BJ,20260605,7.8466,11.5927,,270749.5415,
300410.SZ,20260605,17.7898,22.8446,,440904.8712,
301266.SZ,20260605,4.648,10.5518,,370017.9154,
688203.SH,20260605,2.0096,3.3521,,234295.8466,
600642.SH,20260605,0.9583,2.7586,,4747256.9947,
300072.SZ,20260605,1.2632,2.0216,,897593.1554,
300092.SZ,20260605,1.7959,2.3466,,368426.7995,
603605.SH,20260605,1.8008,3.5723,,2604730.4503,
300692.SZ,20260605,1.6572,1.9214,,443073.5794,
002449.SZ,20260605,6.3605,8.1,,530034.9338,
601800.SH,20260605,0.4022,1.9672,,10220476.5733,
301252.SZ,20260605,2.7647,7.7768,,597704.2541,
603578.SH,20260605,5.0325,11.5986,,363027.9348,
603199.SH,20260605,1.2884,2.3266,,363362.44,
000919.SZ,20260605,1.0812,1.8551,,386837.0564,
300740.SZ,20260605,4.7467,8.124,,904088.8523,
688215.SH,20260605,1.2148,2.9119,,420982.5261,
002691.SZ,20260605,1.705,4.7479,,175780.0,
688193.SH,20260605,1.4203,2.601,,193737.8215,
000882.SZ,20260605,3.811,5.3086,,407865.4401,
300314.SZ,20260605,1.7884,2.6728,,289728.0,
002323.SZ,20260605,6.4156,8.1346,,318128.2713,
002375.SZ,20260605,1.465,3.1333,,541358.5852,
000952.SZ,20260605,1.5609,2.0941,,224000.719,
000672.SZ,20260605,3.0673,6.9774,,1573328.8154,
300490.SZ,20260605,3.9893,5.0975,,588437.9148,
301057.SZ,20260605,3.1069,4.7343,,356522.847,
300267.SZ,20260605,2.9895,3.9518,,719849.0996,
301052.SZ,20260605,4.1618,4.4984,,264023.5165,
301656.SZ,20260605,3.3496,3.3496,,4266099.0743,
300360.SZ,20260605,1.3828,2.1028,,696723.5557,
002746.SZ,20260605,1.4153,2.1821,,486204.3808,
603383.SH,20260605,2.353,3.9814,,616342.5561,
688117.SH,20260605,0.7794,1.1197,,507664.2102,
000755.SZ,20260605,1.0457,4.611,,732187.7878,
000709.SZ,20260605,0.731,2.0755,,2253492.3981,
600596.SH,20260605,6.8198,9.5298,,1944769.3476,
603168.SH,20260605,1.676,2.9689,,209884.9693,
301155.SZ,20260605,7.0825,9.9709,,1111522.627,
000078.SZ,20260605,5.2772,9.8339,,465708.8165,
000903.SZ,20260605,1.2962,1.9597,,354076.527,
002122.SZ,20260605,0.7126,1.0789,,522391.6501,
002798.SZ,20260605,2.713,3.7698,,346395.1739,
301563.SZ,20260605,30.4353,30.4353,,1845474.8813,
920060.BJ,20260605,5.4236,7.0358,,462975.9988,
300078.SZ,20260605,2.615,3.1445,,372251.4526,
301097.SZ,20260605,2.6225,4.1381,,299157.8926,
002819.SZ,20260605,0.8126,1.6133,,689103.23,
603878.SH,20260605,1.776,2.9246,,362502.8096,
600600.SH,20260605,0.651,1.5185,,8144244.8724,
301165.SZ,20260605,1.0279,8.5658,,7100545.4505,
002081.SZ,20260605,11.8965,23.5095,,1534777.0922,
600477.SH,20260605,1.389,2.2764,,632203.5408,
601059.SH,20260605,0.2195,1.0294,,5247174.0,
002027.SZ,20260605,1.065,1.5803,,7784345.6523,
601990.SH,20260605,0.415,0.7123,,2868557.3223,
300576.SZ,20260605,15.1943,18.2879,,1530317.3482,
600108.SH,20260605,2.6826,3.7301,,658057.3109,
603328.SH,20260605,8.3437,20.3409,,1328927.1152,
000928.SZ,20260605,0.9676,1.8845,,837832.4587,
301111.SZ,20260605,5.4762,10.4308,,462080.0,
300299.SZ,20260605,4.3656,6.1362,,376213.5463,
300747.SZ,20260605,12.8169,21.4714,,2601892.8,
301189.SZ,20260605,5.2476,14.1462,,1192233.783,
600452.SH,20260605,3.6678,6.2857,,1788534.4853,
600592.SH,20260605,4.1158,6.6225,,827475.4455,
002613.SZ,20260605,15.8015,20.7836,,545882.0712,
301321.SZ,20260605,4.9455,7.7917,,579999.285,
920225.BJ,20260605,5.4819,6.6487,,296990.212,
600547.SH,20260605,1.1361,2.5091,,12930852.3176,
000682.SZ,20260605,2.2743,3.8841,,1722834.204,
688049.SH,20260605,3.2909,4.3385,,742886.0037,
920212.BJ,20260605,2.243,3.9278,,120741.8,
603823.SH,20260605,4.8916,15.3764,,1233281.1392,
301682.SZ,20260605,27.0633,27.0633,,2129544.7522,
300235.SZ,20260605,5.4499,7.017,,349424.3294,
603232.SH,20260605,9.3282,13.0946,,437265.5403,
300926.SZ,20260605,1.2742,2.7375,,866902.7479,
300790.SZ,20260605,5.6937,5.941,,1208701.9776,
000885.SZ,20260605,0.5514,1.8883,,828923.0272,
300068.SZ,20260605,4.9975,5.7012,,401570.1827,
000685.SZ,20260605,1.4972,2.9824,,1580746.427,
002009.SZ,20260605,8.9991,10.9026,,881695.1897,
688050.SH,20260605,0.934,1.37,,801412.5361,
301128.SZ,20260605,10.8788,19.8877,,2114049.9232,
000697.SZ,20260605,1.9879,2.9904,,1553846.2779,
002603.SZ,20260605,0.9023,1.6281,,2572886.279,
920508.BJ,20260605,3.3032,5.2484,,100260.0,
600028.SH,20260605,0.4007,2.7197,,59132576.4546,
002441.SZ,20260605,2.0022,2.9466,,487366.5301,
002389.SZ,20260605,1.6604,2.6367,,1864446.0278,
603344.SH,20260605,13.6161,13.6161,,604602.2858,
920029.BJ,20260605,0.5749,1.9478,,864186.1714,
600674.SH,20260605,0.8955,2.66,,7385029.3444,
002165.SZ,20260605,5.4168,6.7606,,488219.1718,
300237.SZ,20260605,1.2233,1.6772,,322988.9443,
002788.SZ,20260605,3.2333,5.2645,,452233.4807,
688056.SH,20260605,9.8257,23.1083,,324851.0474,
600640.SH,20260605,0.9718,3.1739,,885609.5812,
688010.SH,20260605,3.7943,6.7498,,588458.1834,
920178.BJ,20260605,30.633,32.9899,,1041821.5534,
000521.SZ,20260605,1.3527,1.8889,,591176.2124,
002835.SZ,20260605,2.0862,2.744,,291487.9404,
000995.SZ,20260605,6.7837,10.5161,,213954.048,
300454.SZ,20260605,3.5795,4.2907,,4656522.2035,
688280.SH,20260605,3.1203,3.7417,,334655.6852,
002916.SZ,20260605,1.984,5.5346,,25407513.9935,
300652.SZ,20260605,2.9743,5.506,,573846.2407,
601138.SH,20260605,1.3185,8.1335,,146965347.4553,
600468.SH,20260605,1.7883,4.057,,682010.0463,
605258.SH,20260605,5.4479,13.2928,,298232.0,
688660.SH,20260605,1.2895,3.2244,,1314666.7324,
920422.BJ,20260605,1.4219,2.7274,,89986.9161,
300482.SZ,20260605,6.1766,9.8154,,865496.0026,
603629.SH,20260605,13.0767,23.5838,,4731728.16,
603588.SH,20260605,4.663,5.5789,,2065505.9237,
300032.SZ,20260605,3.7913,4.5398,,358213.6452,
688590.SH,20260605,6.0564,8.291,,408199.9168,
300415.SZ,20260605,1.9794,2.8706,,1014905.4739,
000429.SZ,20260605,0.3287,0.8605,,2881130.8416,
300684.SZ,20260605,9.9588,11.7654,,1698217.2944,
688008.SH,20260605,6.0397,6.5106,,29258246.3027,
300173.SZ,20260605,1.2274,1.5493,,286543.0222,
301023.SZ,20260605,9.18,10.3222,,303292.08,
301283.SZ,20260605,1.0595,1.781,,309733.6447,
600366.SH,20260605,3.0688,4.6443,,1399079.2579,
603058.SH,20260605,2.8471,5.2954,,422151.9819,
603228.SH,20260605,3.4473,8.0891,,7024985.359,
300640.SZ,20260605,6.1186,7.1437,,203700.6947,
688271.SH,20260605,0.7357,1.3139,,9311336.9484,
600820.SH,20260605,0.6537,1.0874,,1732396.9478,
300181.SZ,20260605,1.146,1.2112,,946171.5149,
301268.SZ,20260605,2.4195,6.0088,,695489.5612,
600315.SH,20260605,0.7069,1.4763,,1206645.6341,
002759.SZ,20260605,5.9777,7.2464,,1341198.4684,
688567.SH,20260605,1.4842,2.5356,,1467746.7659,
300328.SZ,20260605,19.008,26.0858,,1527217.0032,
301081.SZ,20260605,5.1575,11.2799,,425074.5266,
603507.SH,20260605,2.8312,3.7913,,672515.4692,
000550.SZ,20260605,0.8225,2.5958,,1475232.726,
688196.SH,20260605,0.9763,3.0281,,521482.2595,
000620.SZ,20260605,3.819,5.3068,,1691082.7315,
000039.SZ,20260605,1.441,1.8669,,5322417.62,
002108.SZ,20260605,2.5876,3.2253,,783084.1479,
688259.SH,20260605,2.9481,5.357,,411949.6,
002104.SZ,20260605,3.6883,3.7046,,837978.2322,
688510.SH,20260605,4.5474,5.9881,,714725.2624,
603137.SH,20260605,1.1739,2.5794,,222264.0008,
000410.SZ,20260605,1.2092,1.6257,,1396061.4757,
300531.SZ,20260605,3.4165,4.9747,,507946.9226,
605289.SH,20260605,2.8861,5.7472,,1667269.7125,
600326.SH,20260605,1.3118,1.7049,,1031385.5682,
001229.SZ,20260605,4.3336,7.7635,,391057.3755,
600169.SH,20260605,0.4614,0.9548,,766486.6259,
600436.SH,20260605,0.5093,1.0501,,7329700.7843,
603803.SH,20260605,6.8779,12.2021,,556597.4597,
688252.SH,20260605,1.8731,4.9362,,836448.6423,
605268.SH,20260605,0.7566,4.2232,,462815.6925,
688112.SH,20260605,3.2364,10.438,,1135691.4194,
603312.SH,20260605,3.481,3.5525,,589598.1575,
688818.SH,20260605,16.5373,16.5373,,12714282.8748,
600961.SH,20260605,3.9112,5.5987,,2619955.1407,
002361.SZ,20260605,18.3602,21.2282,,1598689.7829,
920419.BJ,20260605,1.172,2.1467,,115703.168,
920262.BJ,20260605,3.5647,6.0893,,118268.1934,
600463.SH,20260605,1.9499,4.6941,,280200.0,
001359.SZ,20260605,4.4856,4.4856,,1718501.3206,
603718.SH,20260605,1.6427,2.653,,219691.8839,
300593.SZ,20260605,6.9754,7.407,,1835272.3206,
300264.SZ,20260605,6.0109,6.3551,,335638.0065,
300695.SZ,20260605,1.3008,4.4702,,641048.6566,
000736.SZ,20260605,2.9149,6.0929,,354124.6421,
002301.SZ,20260605,2.056,3.7075,,539538.3339,
300131.SZ,20260605,7.1792,7.3483,,1911372.8127,
301516.SZ,20260605,9.6409,9.6409,,474947.3695,
300613.SZ,20260605,5.0365,8.5237,,1394276.9547,
688185.SH,20260605,1.2869,2.8254,,1288580.466,
603966.SH,20260605,1.6351,2.547,,470968.4988,
002827.SZ,20260605,1.6298,3.86,,777945.168,
300709.SZ,20260605,13.0054,14.7804,,949549.3031,
000800.SZ,20260605,0.2551,1.1672,,3006902.6757,
920821.BJ,20260605,5.2017,9.6541,,321553.0533,
301552.SZ,20260605,3.2648,3.2648,,323261.12,
002453.SZ,20260605,3.4027,4.483,,454925.5906,
600660.SH,20260605,0.4192,0.5918,,13988225.3315,
688357.SH,20260605,0.9961,1.5795,,287371.961,
001286.SZ,20260605,2.6526,5.2431,,4627500.0,
605266.SH,20260605,1.1349,2.3141,,281268.129,
002461.SZ,20260605,0.7289,4.5956,,2080528.7712,
600540.SH,20260605,5.2008,8.6676,,272665.7942,
300577.SZ,20260605,1.4528,2.0395,,391892.4276,
003009.SZ,20260605,3.9052,9.137,,912534.4957,
300770.SZ,20260605,0.5917,1.0951,,769183.0832,
301282.SZ,20260605,13.8982,21.7266,,660223.0288,
001358.SZ,20260605,2.9646,3.2297,,311203.2,
603167.SH,20260605,0.7929,1.3253,,427859.7867,
300263.SZ,20260605,5.8007,6.7473,,1225447.4616,
603688.SH,20260605,7.0418,14.7881,,3764122.4303,
601838.SH,20260605,0.6353,1.2359,,8069980.9178,
001215.SZ,20260605,2.4217,4.1156,,371250.0642,
301392.SZ,20260605,16.7327,16.7327,,1682000.0,
000761.SZ,20260605,0.4218,2.7867,,1002410.682,
000010.SZ,20260605,2.6258,3.1342,,259821.418,
002130.SZ,20260605,3.8659,4.4671,,2878168.4163,
688290.SH,20260605,1.6452,3.6144,,611094.4897,
600580.SH,20260605,5.5936,9.1631,,6248470.044,
300275.SZ,20260605,3.2913,3.44,,290448.7791,
301161.SZ,20260605,4.5048,6.3789,,369960.0,
600987.SH,20260605,0.3021,0.6497,,664553.0863,
688306.SH,20260605,2.2116,5.3699,,1136161.59,
601010.SH,20260605,2.463,3.4925,,314160.0,
000980.SZ,20260605,2.6857,3.6275,,1280807.1257,
002358.SZ,20260605,1.844,2.3487,,580168.3536,
600789.SH,20260605,0.9862,1.2945,,766124.1073,
002183.SZ,20260605,7.858,11.6122,,1820503.3728,
300838.SZ,20260605,4.6627,6.1377,,223386.382,
600032.SH,20260605,2.7456,11.859,,2474410.9084,
300830.SZ,20260605,3.488,4.222,,409186.5168,
300166.SZ,20260605,8.3663,9.2111,,1885762.9587,
603855.SH,20260605,0.7783,1.353,,612582.465,
688139.SH,20260605,0.9537,1.7727,,943781.8934,
600696.SH,20260605,1.5755,5.7317,,22743.9213,
000301.SZ,20260605,0.2361,0.7628,,7834310.2992,
300473.SZ,20260605,4.0554,5.2332,,595512.559,
002890.SZ,20260605,1.2159,2.0634,,254303.1145,
002058.SZ,20260605,0.565,1.0646,,348149.1018,
601211.SH,20260605,0.8305,1.0271,,28647004.4721,
688296.SH,20260605,1.915,3.2836,,155158.2731,
000938.SZ,20260605,7.9255,11.0079,,7971042.6088,
601128.SH,20260605,0.9486,1.0426,,2341467.6476,
301448.SZ,20260605,1.9016,2.6753,,346749.0,
601566.SH,20260605,3.1,10.904,,643018.9709,
603990.SH,20260605,9.5854,12.1613,,694036.6684,
601228.SH,20260605,0.2733,1.5267,,2308626.5934,
603876.SH,20260605,3.2443,5.7304,,2328743.6358,
300223.SZ,20260605,8.6322,9.0119,,6724687.5157,
920089.BJ,20260605,1.7962,2.0546,,247246.188,
601026.SH,20260605,6.0373,6.0373,,1014816.6,
002294.SZ,20260605,1.8637,4.4739,,3598627.775,
688041.SH,20260605,1.4293,3.6987,,63700809.7219,
002051.SZ,20260605,9.3441,25.9393,,1443570.6617,
688505.SH,20260605,0.5298,1.1798,,717307.8932,
601825.SH,20260605,0.1326,0.2233,,8352088.8894,
000019.SZ,20260605,1.9437,2.9885,,739927.6331,
002230.SZ,20260605,2.2019,2.5804,,11056773.5081,
300543.SZ,20260605,3.2983,3.6577,,268687.6599,
300568.SZ,20260605,4.7958,4.9711,,2085851.4905,
002079.SZ,20260605,5.861,7.6475,,1113362.872,
605005.SH,20260605,0.3977,2.5204,,651625.0,
300542.SZ,20260605,1.992,2.9587,,377379.7123,
603370.SH,20260605,3.3035,3.3035,,745287.0,
002595.SZ,20260605,0.5082,1.0332,,5891640.0,
002344.SZ,20260605,1.089,2.3171,,501503.2314,
002920.SZ,20260605,2.356,4.3234,,5635073.3539,
920627.BJ,20260605,3.9034,6.275,,168593.25,
920690.BJ,20260605,3.2034,6.0161,,165140.04,
002292.SZ,20260605,2.7371,3.2236,,1033611.0882,
603637.SH,20260605,9.5951,12.179,,428679.8351,
300752.SZ,20260605,14.4912,17.4295,,496573.2572,
688004.SH,20260605,2.0992,3.3905,,163459.608,
920454.BJ,20260605,2.7209,3.3452,,137681.0,
603350.SH,20260605,2.3033,2.9782,,357287.098,
600814.SH,20260605,0.8872,2.6404,,515290.0972,
688579.SH,20260605,0.7534,1.0699,,354808.87,
002414.SZ,20260605,1.4528,3.0519,,5351232.3433,
603613.SH,20260605,0.9592,1.4664,,1653634.2808,
300617.SZ,20260605,11.5926,17.6683,,1044455.4062,
000860.SZ,20260605,0.8849,1.4355,,798141.2802,
603676.SH,20260605,0.4536,1.9109,,390775.027,
605338.SH,20260605,0.9229,2.6261,,489195.1238,
001914.SZ,20260605,0.5608,1.5103,,1009463.624,
600177.SH,20260605,0.6094,1.4713,,3388982.9142,
600982.SH,20260605,7.3297,14.9278,,710811.0805,
300781.SZ,20260605,3.2129,5.1221,,487600.7598,
688603.SH,20260605,22.0402,22.1011,,2201387.8486,
600639.SH,20260605,0.3285,0.9432,,1085373.2675,
688808.SH,20260605,9.3777,9.3777,,22022000.0715,
688419.SH,20260605,2.5059,6.2297,,536101.8109,
600851.SH,20260605,0.8811,1.8383,,899257.2355,
603577.SH,20260605,1.5127,3.8009,,333373.7353,
600846.SH,20260605,0.8403,1.9283,,711603.3667,
300425.SZ,20260605,0.8776,1.4044,,293356.6868,
300573.SZ,20260605,2.4816,2.7369,,1320307.7977,
002714.SZ,20260605,1.0307,1.6388,,20240124.0076,
688312.SH,20260605,3.8493,7.2179,,1192792.7549,
300733.SZ,20260605,3.0477,4.1593,,502495.1622,
002628.SZ,20260605,2.7013,3.4042,,381578.6092,
920378.BJ,20260605,1.6213,2.5303,,126442.638,
600737.SH,20260605,1.7964,3.6459,,3094913.3859,
600876.SH,20260605,2.986,7.759,,575296.392,
600965.SH,20260605,0.9143,2.3779,,246428.9875,
001225.SZ,20260605,7.3293,8.6651,,307592.6228,
688184.SH,20260605,1.207,1.3148,,190267.7119,
300122.SZ,20260605,1.1954,1.5541,,2977874.4453,
688550.SH,20260605,6.078,10.3177,,753615.6387,
300642.SZ,20260605,2.7372,3.2422,,217971.559,
301551.SZ,20260605,2.8343,3.3426,,935623.39,
002329.SZ,20260605,7.5064,8.1823,,296335.8187,
000531.SZ,20260605,4.9777,10.4476,,748767.5577,
600025.SH,20260605,0.1952,1.496,,18128054.7121,
002033.SZ,20260605,4.7736,8.7154,,483551.8257,
603266.SH,20260605,1.9846,4.4285,,372117.1093,
603713.SH,20260605,1.9945,3.7657,,830328.1326,
688472.SH,20260605,5.108,5.108,,4171395.4282,
000789.SZ,20260605,0.2857,0.5638,,355649.4159,
002408.SZ,20260605,0.9317,2.0686,,1458383.49,
300099.SZ,20260605,3.4308,3.8249,,544101.7582,
600195.SH,20260605,0.4313,0.8802,,671915.5551,
300491.SZ,20260605,10.2672,13.1304,,571731.5983,
000823.SZ,20260605,17.6052,24.7968,,994185.0795,
600246.SH,20260605,16.3158,20.0033,,3378855.2208,
300051.SZ,20260605,5.1959,6.4793,,393222.6983,
600739.SH,20260605,0.6489,1.1554,,1566463.0899,
920436.BJ,20260605,1.3531,3.6187,,119795.568,
002048.SZ,20260605,3.9815,6.3335,,2103758.6204,
300272.SZ,20260605,2.4913,3.0713,,361989.9274,
300596.SZ,20260605,3.0927,4.5431,,942588.733,
300538.SZ,20260605,11.1878,13.426,,321268.1999,
002210.SZ,20260605,2.9798,4.2548,,707887.9179,
600929.SH,20260605,0.9854,2.6691,,854499.0064,
603069.SH,20260605,1.3509,3.2176,,480320.0,
000676.SZ,20260605,1.9027,2.4774,,726898.3771,
688416.SH,20260605,4.4708,6.3366,,941551.9804,
600816.SH,20260605,1.4833,2.3599,,2766289.9594,
600666.SH,20260605,5.7244,6.717,,1273920.1434,
688361.SH,20260605,2.5051,3.5144,,7002564.4135,
920090.BJ,20260605,2.0546,2.2145,,83122.0887,
920786.BJ,20260605,7.7085,10.5823,,165569.976,
000825.SZ,20260605,0.494,1.3465,,2193055.4015,
002370.SZ,20260605,2.4392,2.8565,,421302.1545,
603867.SH,20260605,3.6896,4.8191,,811878.0116,
688068.SH,20260605,2.0691,3.2047,,755946.0454,
300430.SZ,20260605,5.4682,7.5721,,147445.2698,
002549.SZ,20260605,3.6655,6.5058,,1111861.2937,
002672.SZ,20260605,1.309,2.7021,,405628.8793,
603601.SH,20260605,24.396,37.7549,,1883720.2612,
920856.BJ,20260605,1.9608,3.2954,,99217.073,
000503.SZ,20260605,1.4611,2.0154,,694290.0026,
601599.SH,20260605,1.4201,1.8461,,369052.5001,
300039.SZ,20260605,0.5641,0.8114,,533460.0,
601399.SH,20260605,1.1675,3.121,,2712297.0146,
603977.SH,20260605,2.6303,5.117,,916331.6963,
002900.SZ,20260605,2.1823,3.2121,,316670.9046,
300011.SZ,20260605,1.4752,1.9865,,379077.6723,
300943.SZ,20260605,8.699,10.4436,,782872.62,
001335.SZ,20260605,3.7755,3.7755,,452949.5539,
603906.SH,20260605,4.4921,7.7409,,1861892.4625,
920195.BJ,20260605,1.6581,2.9985,,141653.35,
603709.SH,20260605,1.7216,5.378,,202353.906,
000713.SZ,20260605,0.6615,0.9349,,475738.8065,
002364.SZ,20260605,8.6466,14.6138,,2984076.4632,
002471.SZ,20260605,7.0362,8.4628,,1088164.2,
603100.SH,20260605,0.7898,1.7215,,955528.4537,
300932.SZ,20260605,2.9666,4.7217,,427530.8995,
001217.SZ,20260605,0.9675,2.6707,,323905.12,
688168.SH,20260605,1.7638,2.6964,,602212.8349,
002041.SZ,20260605,1.1597,2.9404,,745360.0,
600502.SH,20260605,1.6958,2.5747,,854833.9011,
002527.SZ,20260605,8.0301,10.0666,,1023103.572,
688425.SH,20260605,0.3371,1.2164,,2314737.698,
002339.SZ,20260605,3.1188,3.7533,,416884.3106,
603444.SH,20260605,2.2768,3.8556,,2413160.7602,
603357.SH,20260605,0.4541,0.862,,387335.3878,
688334.SH,20260605,0.9245,1.4508,,589470.9657,
603182.SH,20260605,1.2178,1.6841,,210953.1,
688610.SH,20260605,5.8353,9.6623,,1364760.0,
688229.SH,20260605,4.319,8.335,,408480.0,
000573.SZ,20260605,4.9984,6.3062,,278290.3433,
920078.BJ,20260605,39.7827,39.7827,,424200.0,
688289.SH,20260605,0.555,1.0482,,892257.5292,
600493.SH,20260605,2.3743,3.5447,,171904.0,
600601.SH,20260605,5.029,7.6931,,5307988.6657,
601118.SH,20260605,1.8992,5.3281,,2824422.346,
002497.SZ,20260605,4.7212,5.0617,,2443432.5424,
920125.BJ,20260605,11.2463,11.2463,,1027784.16,
603261.SH,20260605,0.4182,1.23,,262199.4894,
688716.SH,20260605,7.884,7.8863,,407871.36,
300656.SZ,20260605,3.2092,4.1666,,526722.9716,
920509.BJ,20260605,10.95,15.978,,567802.7752,
300481.SZ,20260605,4.127,6.4068,,407430.1914,
600221.SH,20260605,0.9913,1.7131,,6439129.2477,
301011.SZ,20260605,2.2663,4.1822,,253910.6176,
601012.SH,20260605,1.6615,2.109,,9950000.742,
002560.SZ,20260605,7.417,8.1588,,638951.0856,
000066.SZ,20260605,5.2924,8.8392,,5499987.445,
600191.SH,20260605,1.365,2.9246,,526636.152,
002440.SZ,20260605,2.2745,3.4082,,1010475.9146,
300287.SZ,20260605,2.2938,2.3447,,554015.6899,
600776.SH,20260605,3.0104,7.0129,,2002064.102,
300483.SZ,20260605,7.6017,8.3662,,730549.3828,
688057.SH,20260605,1.9261,3.7969,,386124.0,
600664.SH,20260605,1.6853,3.1552,,800886.1406,
300024.SZ,20260605,4.6674,6.239,,2437670.2622,
688161.SH,20260605,0.208,1.0853,,964400.0,
601598.SH,20260605,0.3015,1.5075,,4332945.7411,
002576.SZ,20260605,4.6975,6.6162,,268287.5,
600298.SH,20260605,0.8747,1.4243,,3050488.0786,
600252.SH,20260605,1.2016,1.723,,719620.8538,
300812.SZ,20260605,10.9885,13.2349,,545179.7952,
600391.SH,20260605,3.039,4.7498,,1115507.1311,
603677.SH,20260605,2.2539,8.5936,,307390.9805,
003010.SZ,20260605,2.7324,3.5717,,749964.3966,
603948.SH,20260605,0.8807,3.2274,,393061.295,
300992.SZ,20260605,2.123,3.1957,,253245.6638,
601002.SH,20260605,2.0431,3.7145,,487719.2079,
601799.SH,20260605,0.9932,2.1732,,3590990.2968,
603201.SH,20260605,1.9247,6.0771,,344433.236,
301358.SZ,20260605,3.8575,5.6878,,6099036.4276,
920790.BJ,20260605,3.4507,7.1045,,153274.9858,
002848.SZ,20260605,4.8266,6.3645,,263428.4,
603658.SH,20260605,0.3659,1.2645,,1777131.0285,
920368.BJ,20260605,5.2465,8.3412,,843096.56,
603158.SH,20260605,11.6984,18.1634,,799955.3412,
603986.SH,20260605,8.1926,8.8418,,34213799.6088,
603177.SH,20260605,1.7271,4.156,,202762.656,
605001.SH,20260605,1.149,2.0928,,247911.066,
002783.SZ,20260605,2.6785,3.3757,,420924.6078,
300967.SZ,20260605,13.999,21.2449,,332944.8635,
603092.SH,20260605,5.0067,5.0067,,2425600.6064,
002649.SZ,20260605,1.8359,1.8359,,550625.5493,
600063.SH,20260605,14.8461,22.2368,,1700805.5011,
603725.SH,20260605,9.7971,16.2521,,391437.2611,
000899.SZ,20260605,4.2319,14.3865,,1339605.5645,
300103.SZ,20260605,3.8576,5.3088,,268372.845,
000728.SZ,20260605,0.635,1.0822,,3011006.7448,
300667.SZ,20260605,8.233,9.5862,,403132.9968,
000788.SZ,20260605,1.825,2.643,,308721.4862,
688163.SH,20260605,1.2452,3.037,,395219.44,
002082.SZ,20260605,4.0734,7.6355,,811711.376,
600841.SH,20260605,2.4484,7.7879,,1028375.9419,
000719.SZ,20260605,0.5076,1.1159,,1356768.1712,
300582.SZ,20260605,5.5167,6.0968,,441834.0022,
300658.SZ,20260605,9.4684,13.277,,411629.1979,
300521.SZ,20260605,3.9979,5.3252,,361747.68,
600588.SH,20260605,1.8945,3.6217,,3659604.225,
300230.SZ,20260605,1.8638,2.1023,,387902.8114,
300760.SZ,20260605,0.6436,1.3273,,17506441.288,
601877.SH,20260605,0.9254,1.9701,,5821556.956,
601218.SH,20260605,3.0407,4.1764,,492269.0241,
300808.SZ,20260605,3.2149,3.6336,,391680.0,
000505.SZ,20260605,1.087,2.634,,418723.3446,
601003.SH,20260605,0.7207,4.2421,,993101.6077,
002164.SZ,20260605,8.9933,14.214,,709387.5274,
002392.SZ,20260605,2.4051,3.1987,,954773.6529,
601113.SH,20260605,1.0299,1.5114,,441660.8904,
600731.SH,20260605,1.1328,1.4953,,309049.6481,
301149.SZ,20260605,3.1215,3.9727,,492780.0206,
301326.SZ,20260605,3.7906,11.7688,,1075885.8452,
002187.SZ,20260605,3.0016,7.0566,,388996.5213,
600119.SH,20260605,1.0847,2.0025,,195419.648,
000659.SZ,20260605,1.7061,2.024,,474424.2299,
000507.SZ,20260605,2.5034,3.605,,470904.2662,
603719.SH,20260605,1.2304,2.8084,,386564.0,
002715.SZ,20260605,2.8152,4.2952,,215556.0,
920121.BJ,20260605,3.038,3.038,,220007.0494,
002281.SZ,20260605,9.4377,15.6113,,18358326.764,
300768.SZ,20260605,1.4101,2.7722,,994072.0362,
605178.SH,20260605,4.2839,6.8557,,652937.2,
920670.BJ,20260605,3.5278,4.2835,,151097.5552,
688201.SH,20260605,1.014,1.7336,,252137.2837,
601718.SH,20260605,0.5318,0.9946,,885297.1091,
688418.SH,20260605,3.2067,4.6937,,896534.3759,
688611.SH,20260605,0.9591,2.1994,,1180332.972,
002188.SZ,20260605,4.9438,6.4471,,192991.2798,
300470.SZ,20260605,1.2344,1.6097,,647800.8108,
300615.SZ,20260605,3.8173,5.8513,,222902.526,
301007.SZ,20260605,3.3739,4.1279,,530249.72,
301126.SZ,20260605,3.0884,4.062,,206635.6192,
002633.SZ,20260605,1.9176,3.9768,,258300.0,
600329.SH,20260605,0.5322,1.251,,3018769.8755,
002654.SZ,20260605,7.0882,9.3138,,1275561.5389,
920156.BJ,20260605,17.065,17.065,,624720.0,
603612.SH,20260605,2.107,2.8398,,1013144.4696,
601901.SH,20260605,0.7296,1.483,,5367330.1095,
301137.SZ,20260605,2.6802,7.9235,,703436.0446,
301160.SZ,20260605,7.5818,8.7049,,730249.0762,
688297.SH,20260605,1.0124,2.5182,,2972700.0,
603682.SH,20260605,2.0361,4.8478,,406822.5,
000677.SZ,20260605,5.5944,7.2795,,175387.5234,
603351.SH,20260605,0.6703,1.53,,344963.4692,
002040.SZ,20260605,1.7525,5.3754,,436224.6046,
603225.SH,20260605,1.6856,3.7037,,3410344.8547,
002382.SZ,20260605,1.8941,2.6511,,614630.3429,
600875.SH,20260605,2.5097,4.4598,,11371088.7519,
603686.SH,20260605,2.8768,3.4655,,627299.91,
688686.SH,20260605,3.082,11.0713,,1686360.3372,
600791.SH,20260605,3.217,5.8833,,667545.12,
002222.SZ,20260605,6.3021,7.7487,,4439160.0,
688067.SH,20260605,1.7414,3.3208,,160140.0,
002342.SZ,20260605,9.3199,12.8195,,1065600.0,
920599.BJ,20260605,1.3337,2.0037,,778429.575,
301571.SZ,20260605,2.5586,2.8559,,1038876.0073,
600358.SH,20260605,2.0941,2.9619,,298922.5027,
920876.BJ,20260605,13.946,22.9169,,150567.826,
301100.SZ,20260605,2.0314,3.555,,321200.0,
301227.SZ,20260605,1.8229,2.9478,,298280.3281,
002426.SZ,20260605,15.9013,18.4998,,1299803.0999,
301377.SZ,20260605,5.7384,8.8953,,16288249.47,
600435.SH,20260605,1.2823,2.0803,,1792143.9326,
600338.SH,20260605,5.7479,6.2204,,1554157.2856,
000541.SZ,20260605,0.7498,1.4842,,769424.8932,
920190.BJ,20260605,20.4104,38.2659,,354100.0035,
603013.SH,20260605,0.8998,4.5017,,937665.0956,
603727.SH,20260605,1.2221,2.2814,,407084.3553,
300363.SZ,20260605,1.7576,2.7483,,754297.7403,
301609.SZ,20260605,9.024,9.024,,758695.04,
920161.BJ,20260605,59.1517,59.1517,,772581.5788,
688097.SH,20260605,3.3494,7.8022,,3082762.874,
002555.SZ,20260605,2.7669,3.1495,,4313863.478,
300806.SZ,20260605,6.1825,7.1144,,3766020.5789,
600183.SH,20260605,3.0331,6.0519,,33366381.7433,
300402.SZ,20260605,3.6623,8.0681,,424232.8643,
601588.SH,20260605,3.615,7.192,,680138.04,
300720.SZ,20260605,6.7041,13.9844,,1530371.0914,
002615.SZ,20260605,4.8533,6.1995,,452327.8714,
300390.SZ,20260605,7.0539,9.2301,,6687543.8434,
003013.SZ,20260605,1.5037,6.7614,,715096.1072,
600406.SH,20260605,0.8468,1.9728,,18834468.1858,
300401.SZ,20260605,1.3756,1.9713,,615451.5162,
601636.SH,20260605,7.8287,12.4507,,2079933.5708,
600825.SH,20260605,0.7971,1.6432,,517219.4858,
300599.SZ,20260605,5.074,9.9103,,462705.9846,
601975.SH,20260605,4.9485,7.1476,,2003187.5222,
603102.SH,20260605,0.833,1.4865,,226944.0,
688105.SH,20260605,0.4883,1.4963,,692759.9858,
301001.SZ,20260605,3.7861,5.9821,,207680.0,
002909.SZ,20260605,2.1641,3.6052,,226590.0,
002063.SZ,20260605,1.6119,2.111,,1085854.5938,
000595.SZ,20260605,2.0554,3.8783,,805030.0508,
300257.SZ,20260605,0.6831,1.6894,,2848751.5966,
001324.SZ,20260605,2.1479,4.3307,,253506.0,
301606.SZ,20260605,1.8782,3.3254,,2712680.3116,
300565.SZ,20260605,7.8101,8.0633,,320371.0172,
000063.SZ,20260605,11.5131,15.1109,,18717972.0128,
002485.SZ,20260605,0.4574,1.86,,249696.0,
000768.SZ,20260605,0.7573,1.6741,,5847623.1139,
300162.SZ,20260605,25.7096,30.0746,,441324.5516,
300865.SZ,20260605,3.8898,7.3293,,250298.88,
002076.SZ,20260605,2.7806,3.1656,,282826.7452,
601366.SH,20260605,1.1704,1.9316,,359902.9174,
300675.SZ,20260605,2.5477,4.4585,,208120.0473,
000821.SZ,20260605,3.8702,5.0079,,595468.2878,
300767.SZ,20260605,4.2091,5.6765,,525781.8263,
600528.SH,20260605,0.4413,1.0221,,1610624.9013,
300105.SZ,20260605,1.3257,2.2785,,308457.0232,
605286.SH,20260605,1.938,7.0471,,537768.0,
301529.SZ,20260605,5.8833,6.7244,,1373715.8944,
603293.SH,20260605,7.0135,7.0135,,781372.5409,
000065.SZ,20260605,2.8058,5.8757,,1440188.2772,
300530.SZ,20260605,1.5372,5.1184,,337024.6538,
688499.SH,20260605,4.7613,7.3513,,860515.401,
600757.SH,20260605,0.5081,1.1632,,972133.8687,
603610.SH,20260605,5.5932,12.8917,,664330.2307,
688658.SH,20260605,8.5364,15.3153,,617850.0,
301501.SZ,20260605,2.5827,2.5827,,421515.0,
002278.SZ,20260605,2.5171,3.4404,,345481.3255,
000922.SZ,20260605,1.9051,2.9946,,1044979.6766,
688208.SH,20260605,2.0503,3.2872,,1950234.7358,
300852.SZ,20260605,7.0192,15.1296,,814644.9124,
688047.SH,20260605,1.8173,4.4505,,5456808.0,
600539.SH,20260605,5.3937,8.9844,,322000.0,
300179.SZ,20260605,22.5676,27.9374,,2307188.6675,
688380.SH,20260605,1.9717,4.7692,,1742388.48,
600228.SH,20260605,2.7587,3.9392,,263753.6463,
301110.SZ,20260605,4.1362,5.3117,,533614.2505,
600770.SH,20260605,2.5303,4.5298,,782600.0,
603861.SH,20260605,9.1858,20.183,,972409.791,
688799.SH,20260605,3.0088,6.5198,,638083.88,
002973.SZ,20260605,3.0174,6.0759,,544751.3781,
001367.SZ,20260605,1.3136,3.8999,,296780.1376,
688638.SH,20260605,3.0876,3.0876,,196616.0,
000750.SZ,20260605,0.6297,0.9095,,2292636.6372,
603933.SH,20260605,4.0038,10.903,,496031.5343,
688135.SH,20260605,4.3246,5.7937,,827752.0945,
301230.SZ,20260605,4.1747,6.8508,,463148.3554,
000532.SZ,20260605,6.5391,12.3605,,447431.4253,
600461.SH,20260605,0.539,0.983,,1237925.9849,
603567.SH,20260605,1.9819,3.9663,,658601.4981,
688181.SH,20260605,8.0286,10.0943,,540615.8149,
688778.SH,20260605,1.2444,3.5895,,2968088.2591,
002427.SZ,20260605,1.4802,3.7161,,452313.6446,
300847.SZ,20260605,1.6983,3.3286,,442238.94,
300307.SZ,20260605,8.4723,12.9484,,612423.6386,
688183.SH,20260605,3.4439,11.8427,,9803012.5474,
301059.SZ,20260605,2.0399,6.3921,,325695.986,
301683.SZ,20260605,21.0187,21.0187,,889625.658,
920218.BJ,20260605,43.6886,43.6886,,285509.9395,
002268.SZ,20260605,1.1735,1.8476,,1164440.8863,
603579.SH,20260605,1.2868,2.5694,,378782.6538,
001391.SZ,20260605,0.5302,0.5302,,6177693.8999,
300219.SZ,20260605,11.0266,17.1469,,627945.8898,
301587.SZ,20260605,6.1429,6.6844,,368320.1,
688733.SH,20260605,6.0239,8.2709,,724185.0638,
301205.SZ,20260605,18.0915,24.5528,,4381973.856,
600746.SH,20260605,0.8975,3.5996,,734573.174,
300511.SZ,20260605,3.0652,3.2534,,379381.4335,
600679.SH,20260605,3.0819,7.8046,,544666.0296,
300022.SZ,20260605,2.4216,3.3367,,400828.9482,
002563.SZ,20260605,0.6149,1.9253,,1470973.2274,
300959.SZ,20260605,8.7243,12.2181,,1508503.606,
920245.BJ,20260605,1.3938,2.8363,,108148.896,
600784.SH,20260605,2.2454,3.5515,,512144.426,
301456.SZ,20260605,4.1425,5.0063,,406686.8551,
601601.SH,20260605,0.7262,1.6392,,29871160.2178,
920879.BJ,20260605,1.754,3.6353,,343284.8031,
688375.SH,20260605,1.7441,5.8373,,5596579.911,
300003.SZ,20260605,1.1986,1.6553,,2241604.4547,
001208.SZ,20260605,5.4628,5.5361,,1043064.6059,
688101.SH,20260605,1.6952,4.9008,,586997.3327,
920023.BJ,20260605,2.7525,3.0741,,76916.44,
600727.SH,20260605,8.7275,13.2718,,437666.8358,
300525.SZ,20260605,2.0772,2.1881,,663646.7933,
688257.SH,20260605,5.5336,7.5065,,2643472.3364,
301287.SZ,20260605,7.4809,7.4809,,244078.87,
688796.SH,20260605,3.8255,3.8255,,4191907.1796,
002901.SZ,20260605,0.4787,1.8874,,1676364.9798,
600568.SH,20260605,0.7509,1.2118,,546046.2926,
600571.SH,20260605,1.725,2.1542,,525540.7342,
003038.SZ,20260605,5.0053,5.9343,,305305.6855,
605555.SH,20260605,2.2569,6.0804,,786612.19,
000559.SZ,20260605,3.0825,8.5073,,4992929.8167,
601133.SH,20260605,3.9656,13.9203,,1457330.8502,
003020.SZ,20260605,1.2303,1.9937,,363324.0399,
002634.SZ,20260605,2.2507,2.972,,219570.5012,
601117.SH,20260605,1.298,2.2948,,4555572.9569,
002374.SZ,20260605,3.1798,3.9147,,372226.7841,
688015.SH,20260605,0.788,1.6994,,331323.383,
600977.SH,20260605,1.7496,5.361,,2667943.0,
301201.SZ,20260605,5.1027,6.3521,,544283.2328,
301337.SZ,20260605,1.6774,4.3595,,254456.4,
000159.SZ,20260605,7.8496,10.1711,,336480.1951,
002868.SZ,20260605,2.3584,3.1837,,423974.4033,
600386.SH,20260605,1.0988,2.4418,,292723.2,
002273.SZ,20260605,5.3502,5.8848,,5036869.9045,
603759.SH,20260605,0.6246,1.6451,,363866.88,
920027.BJ,20260605,4.1059,4.1059,,128499.7584,
600395.SH,20260605,3.0322,6.5141,,1311587.8102,
002790.SZ,20260605,2.0255,3.4821,,260334.4429,
300572.SZ,20260605,2.3977,2.6096,,616437.8819,
603306.SH,20260605,4.2603,5.7331,,3260356.4487,
000519.SZ,20260605,5.2073,8.8933,,2682068.5993,
000555.SZ,20260605,2.1607,3.5223,,1182638.6176,
002520.SZ,20260605,11.6513,15.5079,,476405.6836,
603233.SH,20260605,0.552,1.3973,,1814184.9707,
688061.SH,20260605,0.9949,2.5388,,416474.0424,
002605.SZ,20260605,2.6272,4.2025,,801702.1555,
002569.SZ,20260605,1.0514,1.2403,,228687.88,
688695.SH,20260605,2.8549,3.561,,177757.38,
600405.SH,20260605,1.8702,2.0915,,280063.1217,
600345.SH,20260605,10.1451,15.572,,1845498.3271,
000404.SZ,20260605,2.6196,3.7826,,572108.6947,
603477.SH,20260605,2.0954,3.9061,,759365.8303,
300936.SZ,20260605,6.9532,10.5023,,805392.0,
600151.SH,20260605,3.2633,5.2402,,1788512.6019,
002391.SZ,20260605,1.1804,1.3245,,356626.31,
300270.SZ,20260605,3.6432,4.8922,,374873.8627,
300955.SZ,20260605,3.3143,7.4469,,417211.2,
000828.SZ,20260605,0.4425,1.4665,,1034319.407,
688565.SH,20260605,2.6954,3.9696,,161259.21,
002103.SZ,20260605,1.7357,2.217,,357962.8785,
000628.SZ,20260605,5.882,6.8399,,1858277.0,
300831.SZ,20260605,11.3048,11.3048,,669440.0,
601111.SH,20260605,0.6728,2.0943,,11289128.387,
002689.SZ,20260605,0.5044,1.0351,,319253.0819,
300370.SZ,20260605,1.7923,2.7603,,385082.5514,
688083.SH,20260605,2.3062,4.0561,,943063.4815,
688671.SH,20260605,6.2755,7.601,,201400.9785,
002276.SZ,20260605,2.5842,3.4788,,1177902.8946,
002692.SZ,20260605,2.9017,4.069,,323883.846,
002837.SZ,20260605,4.1474,6.269,,8397964.4703,
300745.SZ,20260605,7.1943,8.1035,,759055.0396,
603650.SH,20260605,3.5564,9.1153,,3377366.8415,
688607.SH,20260605,1.96,2.9094,,516436.0982,
600429.SH,20260605,0.751,2.5423,,684952.6136,
600486.SH,20260605,1.8124,3.1003,,2381027.5387,
300520.SZ,20260605,5.9484,7.5252,,940923.94,
600114.SH,20260605,7.9043,10.3697,,2550157.8636,
600278.SH,20260605,0.4528,1.218,,553313.4965,
600071.SH,20260605,2.0854,4.1129,,511901.3302,
603307.SH,20260605,1.0999,4.3347,,266181.07,
601882.SH,20260605,1.3793,5.9178,,1070622.0,
002150.SZ,20260605,4.4581,8.7213,,981924.013,
300369.SZ,20260605,2.1568,2.8098,,506638.6794,
920946.BJ,20260605,0.674,2.4365,,395326.3828,
301568.SZ,20260605,16.8128,16.8128,,901962.124,
301487.SZ,20260605,8.114,8.8604,,1077340.9307,
600127.SH,20260605,1.5001,1.907,,388278.8469,
301089.SZ,20260605,2.253,3.1573,,285484.392,
300918.SZ,20260605,2.9079,5.5932,,680750.8043,
600867.SH,20260605,1.0876,1.861,,1547248.8349,
600269.SH,20260605,0.4505,0.9874,,1011231.2371,
300885.SZ,20260605,8.7358,15.1898,,676213.655,
603171.SH,20260605,1.4815,5.6414,,1926481.645,
002593.SZ,20260605,1.8985,2.68,,380224.8477,
002723.SZ,20260605,3.276,4.7301,,285488.5435,
300735.SZ,20260605,3.4997,6.8896,,1750116.7854,
000513.SZ,20260605,0.6562,1.13,,2722323.3863,
002486.SZ,20260605,3.6522,4.6469,,204422.2088,
002679.SZ,20260605,1.5157,4.1671,,216188.252,
300487.SZ,20260605,1.7707,2.1674,,2737112.534,
000421.SZ,20260605,1.0019,2.1819,,330863.4628,
002448.SZ,20260605,2.3812,2.8485,,769639.817,
688063.SH,20260605,4.0007,5.734,,1443203.1026,
600694.SH,20260605,1.1962,1.9689,,554553.8465,
300816.SZ,20260605,3.3119,4.3114,,695920.0,
300779.SZ,20260605,4.4229,5.3618,,1708986.4391,
000520.SZ,20260605,3.856,5.2462,,465558.3893,
688080.SH,20260605,2.301,3.1886,,300517.0186,
600020.SH,20260605,0.7357,2.3114,,901196.1046,
300276.SZ,20260605,15.3226,18.2336,,1197891.7565,
688386.SH,20260605,1.8051,2.6272,,756131.6002,
603429.SH,20260605,0.499,0.8465,,480953.1714,
000717.SZ,20260605,0.6133,1.3037,,528398.3386,
300988.SZ,20260605,3.8959,6.1179,,344710.6047,
002139.SZ,20260605,3.4355,3.6144,,1261797.0079,
002535.SZ,20260605,3.7404,5.7605,,211644.3315,
300569.SZ,20260605,1.9899,2.5738,,527726.7027,
300912.SZ,20260605,7.6412,10.3889,,311816.5824,
002334.SZ,20260605,8.4561,8.6593,,754453.1302,
300137.SZ,20260605,5.2372,6.202,,1003945.3149,
300201.SZ,20260605,4.888,6.0974,,1868748.7602,
603188.SH,20260605,1.874,2.6635,,253155.48,
920971.BJ,20260605,16.131,31.3283,,453875.0806,
002860.SZ,20260605,3.7415,5.9987,,463775.1178,
000726.SZ,20260605,0.6763,0.8877,,486427.7362,
605066.SH,20260605,2.8916,4.9381,,344239.5853,
688802.SH,20260605,16.2848,16.2848,,28407100.0,
000021.SZ,20260605,8.6565,13.1584,,6003071.9711,
300860.SZ,20260605,2.0558,3.3962,,493175.5421,
300873.SZ,20260605,3.3547,5.3132,,515614.3978,
000619.SZ,20260605,2.2352,3.3581,,240437.0129,
301520.SZ,20260605,2.1106,2.1106,,241200.0012,
002797.SZ,20260605,1.8336,2.3226,,2727357.6,
603970.SH,20260605,0.6244,1.5493,,304550.5518,
301499.SZ,20260605,16.2115,16.2115,,472693.3869,
300376.SZ,20260605,1.152,2.3849,,1152479.0356,
605358.SH,20260605,15.2446,19.9282,,4482789.6374,
300884.SZ,20260605,2.4472,3.0326,,276202.7482,
001368.SZ,20260605,3.6132,11.9894,,279355.8606,
605151.SH,20260605,1.4509,4.3142,,280814.6613,
688639.SH,20260605,2.0933,3.0238,,547003.0206,
600038.SH,20260605,1.0326,1.8327,,2210432.1022,
002491.SZ,20260605,25.2632,38.3526,,3052846.349,
300539.SZ,20260605,5.5735,8.9802,,637007.1729,
301322.SZ,20260605,6.2466,8.2202,,683892.2791,
301357.SZ,20260605,1.1875,4.75,,866605.6,
920263.BJ,20260605,2.246,3.5123,,118220.304,
688563.SH,20260605,2.6613,2.6613,,2259900.0,
002172.SZ,20260605,2.099,3.1329,,249628.7494,
603385.SH,20260605,1.0972,2.7354,,218501.6916,
301047.SZ,20260605,0.6076,1.5999,,743930.3141,
002519.SZ,20260605,4.3186,6.5412,,745697.2545,
002708.SZ,20260605,11.9082,17.0467,,891487.3757,
002114.SZ,20260605,2.9635,4.0817,,242546.4503,
300732.SZ,20260605,1.8596,3.2048,,249016.3684,
000796.SZ,20260605,2.9654,3.5231,,728120.1679,
002123.SZ,20260605,2.186,2.2753,,645143.4946,
001378.SZ,20260605,6.2363,6.2363,,355334.044,
000969.SZ,20260605,5.0599,7.7833,,2325849.945,
600072.SH,20260605,2.4127,3.3536,,1553172.4488,
002124.SZ,20260605,4.2515,4.4382,,528820.252,
600210.SH,20260605,0.874,1.1926,,991945.4473,
920139.BJ,20260605,3.9107,6.9604,,489425.4239,
600226.SH,20260605,9.5904,15.5336,,2064220.5695,
300338.SZ,20260605,2.4258,2.4258,,134074.0224,
920693.BJ,20260605,3.109,5.0503,,202324.1,
300192.SZ,20260605,3.0791,4.4624,,558227.086,
600900.SH,20260605,0.4472,0.9499,,67556749.1139,
002643.SZ,20260605,3.3712,6.5269,,1319811.936,
300269.SZ,20260605,5.4926,6.532,,293775.8964,
301190.SZ,20260605,1.9817,3.6905,,453956.1975,
605378.SH,20260605,0.8663,3.1142,,424165.2072,
301575.SZ,20260605,3.6215,3.6215,,363927.33,
002444.SZ,20260605,0.865,1.4846,,3782912.4024,
603112.SH,20260605,4.0978,9.7636,,1139318.5561,
001207.SZ,20260605,1.61,3.0862,,565351.8926,
300041.SZ,20260605,8.3073,9.5145,,761950.1145,
000423.SZ,20260605,1.1471,1.7317,,3194125.047,
600561.SH,20260605,2.0542,3.4097,,167272.3584,
002984.SZ,20260605,1.6474,1.9036,,1514015.1185,
600690.SH,20260605,0.543,0.9391,,19045965.8192,
300190.SZ,20260605,2.3751,3.3168,,378287.531,
300801.SZ,20260605,3.7724,5.6947,,558525.51,
000927.SZ,20260605,0.642,2.0484,,1560991.2394,
002422.SZ,20260605,1.3413,1.6121,,5505693.7609,
605228.SH,20260605,0.9537,2.7575,,598464.9934,
300820.SZ,20260605,5.6761,8.4541,,1468425.6239,
002862.SZ,20260605,3.1752,3.8727,,268800.0,
600771.SH,20260605,1.2673,1.4938,,713188.5924,
920011.BJ,20260605,25.449,25.449,,219893.3342,
300775.SZ,20260605,2.9794,4.2406,,1311932.1121,
300857.SZ,20260605,4.5625,6.8922,,11180477.3749,
301369.SZ,20260605,3.7299,5.2067,,1872641.5868,
300283.SZ,20260605,19.3019,22.3098,,870208.8667,
688522.SH,20260605,5.1317,5.2203,,904482.708,
688459.SH,20260605,0.2486,0.6797,,407520.0,
000862.SZ,20260605,10.2688,13.5034,,619619.4198,
002154.SZ,20260605,2.0953,2.7398,,586652.1591,
605399.SH,20260605,2.0089,5.661,,405242.5157,
002676.SZ,20260605,2.3737,3.8414,,404640.0,
603186.SH,20260605,9.5346,15.1447,,1938871.5456,
600741.SH,20260605,0.5125,1.2296,,5337561.7049,
301016.SZ,20260605,1.3265,4.1992,,473010.72,
301507.SZ,20260605,2.4416,2.4416,,449971.5645,
600572.SH,20260605,1.0315,1.5067,,1055389.2091,
301556.SZ,20260605,4.9491,5.1701,,576407.52,
301026.SZ,20260605,5.7339,6.7504,,506983.2333,
001255.SZ,20260605,1.9888,4.654,,262590.6993,
002254.SZ,20260605,9.9475,15.6065,,1331009.8052,
600319.SH,20260605,0.8929,1.5503,,283803.2691,
301109.SZ,20260605,2.1705,2.2279,,1100795.6746,
601112.SH,20260605,3.7138,3.7138,,2958622.8239,
603109.SH,20260605,2.3496,5.8749,,447979.7322,
300851.SZ,20260605,4.7329,7.5269,,226722.3072,
603788.SH,20260605,1.2494,2.5605,,339951.1636,
603048.SH,20260605,2.6313,9.2255,,305363.52,
603075.SH,20260605,10.829,10.829,,986083.622,
920662.BJ,20260605,5.6078,6.0024,,181753.8042,
920007.BJ,20260605,2.8641,2.8641,,190598.886,
603223.SH,20260605,1.1766,2.9113,,669825.2612,
600586.SH,20260605,5.7703,8.5219,,742684.9548,
300293.SZ,20260605,3.0299,5.9993,,609527.0289,
603023.SH,20260605,1.7451,3.3715,,234967.4283,
000029.SZ,20260605,0.5668,1.8505,,2335922.94,
300183.SZ,20260605,2.2348,3.5863,,543565.736,
300488.SZ,20260605,6.9055,15.8424,,660667.8536,
603381.SH,20260605,3.0391,4.151,,437737.9215,
300016.SZ,20260605,2.0158,2.5799,,461861.6464,
000978.SZ,20260605,3.1048,6.1493,,310370.19,
601368.SH,20260605,0.5599,1.2988,,395571.9385,
603280.SH,20260605,1.0042,3.896,,311669.1676,
002107.SZ,20260605,1.5842,3.2184,,359024.3712,
605566.SH,20260605,8.3669,19.0856,,573495.34,
000850.SZ,20260605,1.0018,1.8695,,373691.3436,
300085.SZ,20260605,12.2283,18.1056,,2107908.7159,
603917.SH,20260605,2.5372,3.8101,,248277.12,
605003.SH,20260605,0.9212,3.4567,,262460.0,
301528.SZ,20260605,14.9048,22.1135,,567932.5,
601311.SH,20260605,1.156,1.9149,,985442.7391,
600611.SH,20260605,3.785,5.4279,,1014208.7087,
002479.SZ,20260605,2.9204,4.4973,,461910.0,
002887.SZ,20260605,2.5367,4.9791,,381566.8041,
000698.SZ,20260605,0.4082,0.7417,,282732.4663,
002544.SZ,20260605,2.7333,4.238,,1415510.4912,
002190.SZ,20260605,0.9876,2.0236,,935566.1265,
002546.SZ,20260605,1.94,3.1418,,595511.0545,
300436.SZ,20260605,7.7799,12.3514,,1414450.227,
300616.SZ,20260605,6.5889,7.4733,,318363.6596,
600527.SH,20260605,4.1863,5.9704,,417354.3774,
688308.SH,20260605,6.6965,8.8412,,2410782.6726,
301228.SZ,20260605,4.277,9.3677,,901560.0,
688411.SH,20260605,5.409,6.3842,,4744008.1908,
002681.SZ,20260605,9.5547,10.1973,,927835.2039,
300908.SZ,20260605,1.0391,2.1238,,349524.0,
300968.SZ,20260605,2.6178,5.5909,,471253.2,
920187.BJ,20260605,3.7142,3.7142,,198784.56,
920685.BJ,20260605,1.2329,1.4818,,105975.4597,
603655.SH,20260605,1.0066,3.1108,,385840.0,
300044.SZ,20260605,2.5457,2.6646,,460613.1445,
002195.SZ,20260605,2.1493,2.3844,,4201881.0297,
301172.SZ,20260605,4.0305,5.156,,536240.32,
002656.SZ,20260605,1.4957,1.882,,242969.2668,
300898.SZ,20260605,2.9027,4.8619,,257424.0,
600745.SH,20260605,9.1362,11.6585,,2662349.5193,
600153.SH,20260605,0.726,1.3643,,2757461.162,
603839.SH,20260605,1.2519,4.7271,,262396.9836,
920942.BJ,20260605,3.4417,4.3413,,134674.3116,
002131.SZ,20260605,4.4479,4.6757,,3792196.0737,
300428.SZ,20260605,1.4005,3.2644,,1351281.241,
002393.SZ,20260605,0.474,0.9966,,444908.4696,
000859.SZ,20260605,10.3828,14.6472,,963174.4913,
002269.SZ,20260605,2.3051,3.7324,,389437.5,
000523.SZ,20260605,1.3988,3.7777,,563488.8175,
300146.SZ,20260605,0.9401,1.1172,,1629084.9809,
600712.SH,20260605,1.3382,1.8824,,310453.5552,
000831.SZ,20260605,4.5951,7.4159,,5764551.4236,
300151.SZ,20260605,6.9364,8.0418,,1293465.4832,
301301.SZ,20260605,1.2128,1.2128,,1911182.845,
301508.SZ,20260605,2.3699,2.3699,,574934.6636,
000639.SZ,20260605,5.8429,7.3055,,171629.0671,
600202.SH,20260605,2.7705,4.1996,,203937.2375,
300088.SZ,20260605,15.9018,17.8518,,2088105.272,
002728.SZ,20260605,2.4286,6.0666,,435286.7206,
603318.SH,20260605,9.5968,16.7773,,492549.8176,
002990.SZ,20260605,4.597,7.3142,,1224682.4494,
920019.BJ,20260605,3.3964,9.7657,,404763.3975,
600722.SH,20260605,3.058,6.9566,,691204.7908,
603899.SH,20260605,0.5245,1.4414,,2041791.3258,
603815.SH,20260605,1.6807,3.3771,,366403.1471,
600059.SH,20260605,0.6201,1.0086,,731968.5576,
603536.SH,20260605,2.3471,5.2912,,222990.3176,
920022.BJ,20260605,3.6092,3.6092,,141452.745,
603067.SH,20260605,5.411,8.3311,,2741046.1657,
600337.SH,20260605,1.5768,2.9355,,465587.3964,
603341.SH,20260605,5.0961,5.0961,,2022425.7923,
601997.SH,20260605,1.1647,1.4714,,2175437.8552,
301191.SZ,20260605,8.6646,13.6736,,942219.096,
301075.SZ,20260605,1.2588,3.6028,,581360.0,
603031.SH,20260605,6.4723,8.9536,,2150361.9044,
000988.SZ,20260605,9.1717,11.3244,,15806502.554,
600624.SH,20260605,0.577,0.8135,,273097.4707,
000657.SZ,20260605,5.665,9.2037,,15973016.844,
600350.SH,20260605,0.1989,1.504,,5443726.749,
002571.SZ,20260605,6.4101,9.2698,,496209.5862,
600812.SH,20260605,0.7069,1.5709,,760068.5539,
300840.SZ,20260605,5.3507,6.007,,538320.0,
002194.SZ,20260605,7.0958,8.9298,,829508.9685,
688315.SH,20260605,0.5296,1.4715,,561453.8,
000403.SZ,20260605,1.4618,2.3632,,1209855.8724,
600810.SH,20260605,1.2322,3.4221,,634716.9111,
603015.SH,20260605,4.8273,9.6337,,521038.291,
300603.SZ,20260605,4.6482,5.0205,,415994.4167,
300651.SZ,20260605,12.6801,19.2059,,328030.1052,
300683.SZ,20260605,3.9224,6.5316,,338623.7895,
002779.SZ,20260605,4.1165,7.2956,,1341093.6,
301099.SZ,20260605,20.1994,26.2467,,1170979.5636,
002865.SZ,20260605,8.4346,11.9176,,2267884.4549,
688190.SH,20260605,2.5108,6.9247,,1257600.0,
300697.SZ,20260605,4.159,8.7966,,717317.12,
301132.SZ,20260605,8.1414,16.0955,,589531.3573,
920188.BJ,20260605,8.8573,8.8573,,218604.0835,
002961.SZ,20260605,1.7988,6.1013,,941466.5967,
601858.SH,20260605,0.8471,4.619,,1807873.5,
300171.SZ,20260605,1.4474,2.1906,,867683.1693,
600300.SH,20260605,1.0561,1.5286,,511016.9289,
603909.SH,20260605,0.774,1.3531,,261194.4863,
600113.SH,20260605,1.5709,3.4464,,1540664.2223,
000977.SZ,20260605,4.888,7.2468,,9125113.9342,
920541.BJ,20260605,1.7548,2.6628,,145038.7,
000826.SZ,20260605,2.6003,3.0471,,327831.247,
000690.SZ,20260605,9.4041,11.5501,,1159748.2304,
600749.SH,20260605,2.9594,5.3871,,340221.31,
002652.SZ,20260605,4.744,6.7768,,257568.192,
000902.SZ,20260605,1.1685,2.4339,,1553360.7242,
002110.SZ,20260605,0.5956,1.4232,,745726.4017,
002879.SZ,20260605,2.908,3.3229,,295840.9045,
301068.SZ,20260605,1.3713,2.0875,,405152.2323,
603117.SH,20260605,1.6875,2.4939,,249266.2607,
300247.SZ,20260605,2.4041,2.8138,,335284.8105,
600926.SH,20260605,0.4867,0.7179,,11489669.0386,
920207.BJ,20260605,4.3715,6.5226,,231501.645,
600626.SH,20260605,1.1473,2.1638,,467543.6121,
920957.BJ,20260605,2.5382,5.1342,,109554.662,
300480.SZ,20260605,6.6762,7.6844,,1272084.8536,
688173.SH,20260605,2.9109,5.2997,,651115.8017,
300875.SZ,20260605,2.8828,5.1172,,328955.5045,
600526.SH,20260605,0.8624,1.557,,411469.4149,
002286.SZ,20260605,1.9945,2.5505,,332996.4575,
300063.SZ,20260605,5.5964,6.2116,,744115.1342,
301092.SZ,20260605,7.001,11.5624,,633257.5818,
300899.SZ,20260605,3.491,4.5101,,203086.5557,
000570.SZ,20260605,2.1451,3.6339,,389542.2639,
002616.SZ,20260605,3.8142,5.8329,,480301.9497,
300911.SZ,20260605,5.2693,10.0288,,441485.4723,
601633.SH,20260605,0.3478,1.9735,,14318419.5073,
300091.SZ,20260605,0.458,0.6273,,846929.43,
601669.SH,20260605,1.0721,1.7327,,8992055.1723,
000401.SZ,20260605,0.2224,0.616,,1049995.8078,
600160.SH,20260605,3.1603,6.8087,,10601902.8601,
605108.SH,20260605,0.9402,2.9938,,341120.0,
000815.SZ,20260605,5.0031,7.4865,,1090867.7019,
002285.SZ,20260605,2.2156,4.1945,,506178.5757,
605222.SH,20260605,1.9266,5.1534,,1158193.8322,
603589.SH,20260605,1.1755,1.9256,,1214182.5282,
605500.SH,20260605,2.4105,10.1691,,301268.8,
300205.SZ,20260605,0.6163,1.0138,,253302.984,
920593.BJ,20260605,6.2086,12.0325,,603079.4142,
002245.SZ,20260605,6.7493,7.8125,,3510907.0053,
600100.SH,20260605,0.9215,1.3485,,2542875.9642,
688630.SH,20260605,6.2482,9.7551,,4992973.1364,
002153.SZ,20260605,1.0307,2.1311,,2199730.2358,
000936.SZ,20260605,1.7043,2.7766,,559960.1446,
300937.SZ,20260605,4.1561,5.0981,,213815.0343,
600537.SH,20260605,4.2252,4.2252,,317235.6248,
603900.SH,20260605,1.316,2.2701,,223955.3875,
603595.SH,20260605,1.4838,2.9364,,549493.6587,
688365.SH,20260605,3.6938,8.9521,,819286.692,
300378.SZ,20260605,4.5589,5.6724,,974327.966,
000700.SZ,20260605,16.3249,24.5114,,1587248.6076,
002722.SZ,20260605,1.3095,2.1532,,295977.1453,
688484.SH,20260605,2.3194,3.2684,,1785493.7348,
600459.SH,20260605,10.0535,16.3741,,2037613.3445,
301186.SZ,20260605,1.5667,3.4102,,506100.8141,
600378.SH,20260605,6.9329,15.4157,,6011398.2292,
600352.SH,20260605,1.0348,1.381,,3555891.723,
002171.SZ,20260605,9.0016,11.9309,,2085475.1655,
300707.SZ,20260605,4.003,4.8928,,225266.5508,
301107.SZ,20260605,14.6937,29.5204,,362723.5982,
688653.SH,20260605,3.4897,3.4897,,589178.24,
920119.BJ,20260605,2.9287,2.9287,,546463.5651,
300084.SZ,20260605,6.7123,7.3978,,654670.5595,
002500.SZ,20260605,0.5945,1.1334,,1816424.4028,
600879.SH,20260605,7.7596,10.4221,,7106690.7654,
600318.SH,20260605,2.0881,2.733,,336349.3266,
300553.SZ,20260605,10.4177,12.1857,,747295.4293,
002138.SZ,20260605,10.7228,11.7407,,4483936.3666,
300226.SZ,20260605,1.6102,2.1874,,673777.0861,
000766.SZ,20260605,1.9676,2.4494,,2387241.9263,
000777.SZ,20260605,2.7699,3.8072,,660245.0951,
600167.SH,20260605,0.8763,2.9419,,1448217.8963,
600222.SH,20260605,7.6426,9.9356,,499281.0662,
688197.SH,20260605,1.6562,1.9009,,493302.0607,
688103.SH,20260605,2.3725,3.6612,,590956.5092,
920748.BJ,20260605,2.9687,7.2922,,205586.46,
002193.SZ,20260605,1.9251,2.6243,,125361.7485,
002097.SZ,20260605,1.489,2.197,,906976.9708,
600383.SH,20260605,1.1093,1.7785,,1187335.4794,
600796.SH,20260605,1.7635,2.6216,,458423.8702,
603730.SH,20260605,1.1296,5.8773,,2681435.2756,
301116.SZ,20260605,1.1302,4.423,,443142.8583,
301488.SZ,20260605,15.5903,15.873,,1380184.0,
920099.BJ,20260605,1.9375,2.3288,,227830.3942,
300383.SZ,20260605,3.5329,4.5225,,2342263.4796,
003816.SZ,20260605,0.3741,2.1868,,21865977.7327,
301159.SZ,20260605,3.3449,5.0501,,262757.95,
002049.SZ,20260605,4.471,6.0421,,6384107.1364,
688070.SH,20260605,2.3869,5.3701,,359164.071,
601969.SH,20260605,0.8921,3.9959,,1838553.0062,
688562.SH,20260605,0.7855,1.794,,667200.0,
601968.SH,20260605,0.6675,1.4428,,563894.5213,
000557.SZ,20260605,0.5174,0.9899,,605225.515,
600703.SH,20260605,9.2442,14.8664,,8436430.6674,
603132.SH,20260605,0.5171,3.1689,,1646952.0,
300710.SZ,20260605,9.474,9.9337,,390001.976,
688336.SH,20260605,1.1325,7.0817,,3411219.4101,
002284.SZ,20260605,2.2838,3.9746,,847748.0992,
002830.SZ,20260605,4.6893,7.1195,,289625.968,
002472.SZ,20260605,7.4993,8.7689,,3642819.2327,
600692.SH,20260605,1.8828,2.0223,,232867.8104,
002484.SZ,20260605,10.1266,15.8197,,7654715.469,
002821.SZ,20260605,1.8641,2.9799,,4195893.2762,
688335.SH,20260605,1.8215,3.201,,427819.9709,
601939.SH,20260605,1.3162,1.9016,,267355589.8511,
301106.SZ,20260605,5.1573,15.7586,,334242.2779,
301629.SZ,20260605,9.889,9.889,,1471512.3176,
688157.SH,20260605,1.3565,2.8754,,438632.7483,
688206.SH,20260605,2.4284,3.7797,,1692616.1433,
688152.SH,20260605,1.4495,2.7272,,318533.3856,
300668.SZ,20260605,5.9855,9.6694,,696405.6643,
300985.SZ,20260605,4.1566,14.4954,,479710.0986,
002572.SZ,20260605,1.1027,1.592,,848444.5515,
603508.SH,20260605,0.7249,1.691,,850623.1351,
300861.SZ,20260605,4.4965,7.2451,,1239545.6118,
601333.SH,20260605,0.9479,1.7725,,2181729.396,
603697.SH,20260605,1.6102,4.8799,,456775.1607,
001380.SZ,20260605,0.9906,3.0486,,471828.0303,
000544.SZ,20260605,0.3801,1.5345,,769026.061,
002129.SZ,20260605,4.5993,6.5643,,3808615.0582,
688369.SH,20260605,5.8501,7.4108,,253134.102,
001323.SZ,20260605,0.8906,3.34,,962398.65,
600132.SH,20260605,0.8661,2.1653,,2449378.2331,
603786.SH,20260605,0.9666,4.621,,1913473.0446,
688212.SH,20260605,2.249,3.1321,,401302.445,
300823.SZ,20260605,4.5639,6.3087,,219527.0505,
600725.SH,20260605,1.3741,1.9697,,492988.0,
002064.SZ,20260605,1.0948,3.2383,,5071719.8627,
300686.SZ,20260605,19.0756,19.1004,,462347.3663,
000661.SZ,20260605,1.344,1.8472,,2791516.5109,
002151.SZ,20260605,5.0606,5.4695,,1896930.73,
603286.SH,20260605,6.6438,10.2963,,716960.8074,
603012.SH,20260605,2.6841,3.452,,575385.0,
600636.SH,20260605,4.3167,7.9559,,83779.6292,
688518.SH,20260605,8.2877,9.594,,915433.9048,
920699.BJ,20260605,8.5644,14.1608,,303499.4956,
002741.SZ,20260605,10.3209,14.9818,,1301132.4234,
300796.SZ,20260605,1.8786,2.6225,,267606.8682,
001360.SZ,20260605,4.0135,6.2847,,393516.0,
300833.SZ,20260605,1.323,2.848,,434241.8865,
002421.SZ,20260605,38.897,45.7865,,1104823.0339,
300249.SZ,20260605,8.3546,10.4665,,699494.9345,
002611.SZ,20260605,8.4967,10.1307,,2243458.7246,
300910.SZ,20260605,2.9451,4.156,,1283957.7125,
301022.SZ,20260605,4.0171,4.6333,,266716.9418,
688381.SH,20260605,6.0233,7.4857,,948667.5,
600192.SH,20260605,1.2252,2.026,,316733.316,
300659.SZ,20260605,2.5484,2.9062,,285910.831,
301509.SZ,20260605,3.5664,3.5664,,330505.6597,
600971.SH,20260605,2.4351,5.4067,,1005604.0928,
000887.SZ,20260605,10.1658,17.0938,,2894960.9537,
600779.SH,20260605,1.8697,5.091,,1533685.0609,
600172.SH,20260605,18.0085,24.435,,1936853.7513,
600873.SH,20260605,0.5377,0.8036,,2571489.5931,
002022.SZ,20260605,1.0115,1.2433,,271062.8026,
002596.SZ,20260605,2.353,3.2673,,432637.8553,
300915.SZ,20260605,2.083,3.4382,,282383.3174,
002943.SZ,20260605,6.8843,7.8898,,1513420.873,
688569.SH,20260605,0.3308,1.2243,,384677.3942,
601696.SH,20260605,1.0207,1.9532,,3008574.0,
301502.SZ,20260605,4.7089,6.3649,,466258.028,
000524.SZ,20260605,1.1333,3.6819,,614581.2834,
000965.SZ,20260605,1.6985,3.4984,,379562.1661,
300897.SZ,20260605,15.3489,27.323,,391300.7755,
000534.SZ,20260605,4.4529,5.6745,,1656032.677,
603014.SH,20260605,1.7285,1.7285,,1303392.6859,
920892.BJ,20260605,0.9911,2.9769,,214642.7048,
688592.SH,20260605,4.9456,4.9456,,322083.8378,
000989.SZ,20260605,1.0061,1.5024,,683041.7256,
000632.SZ,20260605,6.0959,7.763,,184345.7497,
600827.SH,20260605,0.7126,1.6254,,1455881.1835,
600871.SH,20260605,0.8043,3.8648,,4379077.5874,
600736.SH,20260605,5.4301,9.6611,,833536.0647,
300074.SZ,20260605,3.6721,4.3255,,225626.116,
002050.SZ,20260605,5.4732,9.7349,,19992274.2052,
301596.SZ,20260605,11.6182,13.8091,,623109.7975,
688218.SH,20260605,5.2519,6.4519,,509230.1777,
688226.SH,20260605,4.4794,7.7373,,931407.2745,
600050.SH,20260605,0.4246,0.9948,,13568760.5919,
002577.SZ,20260605,1.0935,2.625,,503273.584,
600201.SH,20260605,2.0818,2.4027,,1255163.2956,
003027.SZ,20260605,2.5831,3.6882,,273080.7648,
601096.SH,20260605,1.2501,2.9507,,1286749.5973,
601061.SH,20260605,0.2906,2.8234,,5933900.0,
605033.SH,20260605,0.9702,3.5605,,263369.6,
601677.SH,20260605,4.7025,5.509,,2252021.2885,
920001.BJ,20260605,13.0551,26.0484,,273508.0431,
603129.SH,20260605,0.8836,1.3786,,3510150.7898,
605020.SH,20260605,5.7665,9.5517,,1760281.3195,
688055.SH,20260605,1.7389,16.7473,,1733333.368,
002176.SZ,20260605,4.6066,5.5456,,1885489.767,
002169.SZ,20260605,4.0422,5.1784,,1233541.6521,
300726.SZ,20260605,16.7332,28.0682,,3089210.6773,
603609.SH,20260605,0.2057,0.4418,,562232.2113,
003030.SZ,20260605,11.0657,16.5752,,272145.18,
002246.SZ,20260605,4.9601,9.2829,,1157914.3805,
301166.SZ,20260605,1.7176,2.377,,237135.6239,
300655.SZ,20260605,6.5039,7.5164,,1631351.8083,
002030.SZ,20260605,2.6077,3.8142,,854698.6335,
688337.SH,20260605,3.9582,10.8994,,1279183.4034,
688387.SH,20260605,5.5813,9.7278,,5805037.5,
600883.SH,20260605,2.2341,4.1078,,194772.6,
002767.SZ,20260605,3.7401,8.0754,,278100.0,
300777.SZ,20260605,2.6438,3.2169,,1383319.9114,
603059.SH,20260605,1.045,3.7176,,266189.055,
300953.SZ,20260605,5.7589,7.702,,3527059.477,
600390.SH,20260605,0.6231,1.1772,,2100596.5694,
920068.BJ,20260605,1.2574,3.1935,,1211548.8277,
600422.SH,20260605,0.8378,1.3286,,657054.9571,
002307.SZ,20260605,2.7557,5.1358,,654565.2852,
603209.SH,20260605,0.6817,1.2112,,431600.0,
603868.SH,20260605,0.52,5.195,,1468407.6,
300148.SZ,20260605,2.8718,3.2691,,304380.5228,
688616.SH,20260605,1.1083,2.5789,,214536.4049,
601618.SH,20260605,0.5157,1.431,,5690195.2718,
300849.SZ,20260605,7.4132,10.8693,,367950.0,
301181.SZ,20260605,1.6119,3.8721,,459321.5813,
301051.SZ,20260605,4.1064,4.9444,,473010.0344,
600231.SH,20260605,0.3169,1.0515,,565796.4861,
605086.SH,20260605,1.0608,3.9137,,519859.2,
601000.SH,20260605,0.6714,1.5574,,2554075.2326,
002716.SZ,20260605,3.4375,3.9733,,2563364.4906,
603663.SH,20260605,5.3868,12.5675,,2762877.4683,
301041.SZ,20260605,10.3126,11.6714,,349377.0,
603220.SH,20260605,6.4672,8.9526,,1221261.9391,
603126.SH,20260605,2.4919,5.0504,,468864.0,
002967.SZ,20260605,2.8327,5.3997,,1213381.0286,
002989.SZ,20260605,3.8463,7.2446,,586702.3301,
301329.SZ,20260605,31.8002,31.8002,,503962.2,
000008.SZ,20260605,0.7862,1.2912,,703541.8199,
603339.SH,20260605,2.1563,3.8618,,411247.3216,
603511.SH,20260605,0.3863,2.7565,,527286.0487,
688392.SH,20260605,2.4494,3.9423,,1863422.8294,
600855.SH,20260605,3.0538,5.5611,,719213.0875,
300302.SZ,20260605,20.4206,24.4622,,2540577.3932,
603029.SH,20260605,2.4772,5.9541,,198758.196,
605180.SH,20260605,1.8215,6.3357,,232375.0,
301300.SZ,20260605,2.9544,5.0471,,231767.97,
688485.SH,20260605,5.7425,5.7425,,784524.5636,
301378.SZ,20260605,4.9704,6.3975,,275986.2,
603656.SH,20260605,3.5651,6.4373,,351438.0327,
301212.SZ,20260605,1.8521,5.9486,,293436.0,
002810.SZ,20260605,3.1065,4.9081,,765225.8865,
300756.SZ,20260605,1.9084,1.9722,,743768.8305,
601865.SH,20260605,0.8847,2.0995,,2607625.804,
300403.SZ,20260605,5.9464,7.0316,,669933.0,
002817.SZ,20260605,1.9172,3.2022,,201592.1666,
600354.SH,20260605,2.3858,3.3395,,286068.7274,
300557.SZ,20260605,8.4604,16.1333,,469342.0559,
603956.SH,20260605,2.6823,4.776,,297491.0813,
603927.SH,20260605,0.7988,1.2005,,1229939.2,
600105.SH,20260605,14.3797,18.8893,,8102375.1927,
600182.SH,20260605,0.6449,0.6449,,468520.0,
603103.SH,20260605,3.9526,31.1241,,1477686.0,
002117.SZ,20260605,1.5317,2.215,,483394.4415,
001316.SZ,20260605,1.6389,4.5268,,568578.0825,
002623.SZ,20260605,3.9387,7.3286,,366673.125,
603040.SH,20260605,2.4928,5.4027,,1235608.1383,
001333.SZ,20260605,5.6553,5.6553,,283776.0,
000528.SZ,20260605,1.4029,1.8955,,1737529.1831,
600232.SH,20260605,1.9158,3.8509,,269162.2855,
688787.SH,20260605,3.7399,5.6385,,758287.5126,
003017.SZ,20260605,2.7765,3.2988,,231336.0,
603038.SH,20260605,2.1351,3.669,,428808.6612,
300876.SZ,20260605,3.6803,5.6433,,270170.7335,
688502.SH,20260605,3.9575,10.7795,,2396612.1532,
001365.SZ,20260605,13.0839,13.0839,,2295300.0,
600808.SH,20260605,0.9096,2.4299,,2186993.4568,
002758.SZ,20260605,1.0347,1.8483,,426455.6542,
301603.SZ,20260605,11.6762,11.6762,,1674337.4,
600101.SH,20260605,9.8768,14.4027,,545123.1586,
603018.SH,20260605,0.48,0.48,,476606.0929,
920108.BJ,20260605,1.2424,1.9796,,174610.8,
605177.SH,20260605,4.5801,9.2542,,260529.9489,
002925.SZ,20260605,3.0978,9.2252,,1737027.0383,
603843.SH,20260605,2.6102,3.6657,,561797.4593,
601878.SH,20260605,0.4656,0.8696,,4162154.9415,
605388.SH,20260605,1.3626,4.1613,,341074.912,
301231.SZ,20260605,20.3955,24.7588,,285356.4,
000957.SZ,20260605,1.6964,2.5336,,591125.2242,
600510.SH,20260605,1.1121,2.7795,,834908.5947,
920985.BJ,20260605,2.7828,4.522,,178258.2912,
920895.BJ,20260605,3.3869,4.9182,,80942.368,
000158.SZ,20260605,1.4216,2.1662,,2325987.3291,
688668.SH,20260605,6.8437,12.6433,,5514698.1858,
688677.SH,20260605,4.8718,7.3806,,1589329.266,
920870.BJ,20260605,2.5079,4.4344,,188270.0,
600368.SH,20260605,1.096,2.2965,,634203.6201,
600478.SH,20260605,1.9988,2.8062,,946027.2403,
920100.BJ,20260605,27.4124,27.4124,,510051.7867,
300342.SZ,20260605,11.0518,14.571,,2146427.3207,
300809.SZ,20260605,10.0219,12.9122,,958124.6368,
600710.SH,20260605,0.7314,1.9055,,1500148.3502,
601005.SH,20260605,0.7462,1.0837,,1141877.5259,
603838.SH,20260605,0.3383,0.9311,,275853.792,
603122.SH,20260605,2.7072,5.8855,,495177.4755,
688553.SH,20260605,3.1829,4.3909,,725203.2,
003018.SZ,20260605,5.7125,17.4788,,1328340.0,
688318.SH,20260605,1.2906,4.1656,,2965351.2402,
920020.BJ,20260605,3.4921,4.4051,,347764.97,
000751.SZ,20260605,3.6126,4.728,,812662.1893,
601808.SH,20260605,0.5799,3.1238,,6179211.64,
002420.SZ,20260605,3.358,4.5224,,238136.91,
300883.SZ,20260605,8.5852,11.1916,,226630.0,
688217.SH,20260605,1.6183,2.7298,,134780.277,
001223.SZ,20260605,10.4734,22.3721,,607198.7488,
000629.SZ,20260605,1.0409,2.3082,,3066012.7889,
920304.BJ,20260605,1.0058,1.741,,165130.012,
688450.SH,20260605,3.1562,4.6042,,281556.0,
002647.SZ,20260605,3.5421,4.1063,,1368783.1966,
300604.SZ,20260605,6.2509,6.8491,,13115336.0072,
300722.SZ,20260605,1.114,3.2623,,652591.7798,
002706.SZ,20260605,6.3678,6.8838,,1418506.9003,
301067.SZ,20260605,8.0044,11.2191,,350535.78,
000912.SZ,20260605,1.2862,2.2968,,578592.0,
688776.SH,20260605,1.8887,4.4775,,700698.8038,
301234.SZ,20260605,3.4865,6.853,,278052.0,
000981.SZ,20260605,2.1923,3.1962,,3559099.6361,
600569.SH,20260605,0.5615,1.747,,545760.0633,
300556.SZ,20260605,6.1381,6.3799,,224652.6984,
605008.SH,20260605,0.1976,1.1299,,700869.2192,
002598.SZ,20260605,1.6304,2.5138,,222181.3551,
002558.SZ,20260605,2.2084,3.6793,,4901549.3232,
002293.SZ,20260605,0.4907,0.9344,,804657.9942,
300503.SZ,20260605,16.8666,22.5683,,2520370.4209,
301086.SZ,20260605,4.8992,6.856,,1882299.111,
688302.SH,20260605,0.8982,1.1884,,373387.8201,
301505.SZ,20260605,3.0246,3.0246,,222851.1825,
300145.SZ,20260605,2.9525,4.3269,,852587.464,
300555.SZ,20260605,0.5882,0.7079,,256000.0,
003025.SZ,20260605,5.7244,9.6044,,421954.9872,
301397.SZ,20260605,3.5424,3.5424,,480220.0403,
002631.SZ,20260605,5.6613,11.9762,,593975.7463,
600650.SH,20260605,0.8377,1.8953,,592980.865,
600289.SH,20260605,0.4171,0.6059,,379893.3455,
001227.SZ,20260605,0.9068,1.02,,1201792.1024,
000551.SZ,20260605,2.634,4.0892,,732916.3656,
600865.SH,20260605,6.9309,18.2394,,383012.6417,
600635.SH,20260605,1.7124,2.3404,,1479169.7722,
002061.SZ,20260605,0.6772,1.4011,,936004.8355,
688338.SH,20260605,0.7729,1.2882,,260579.592,
600638.SH,20260605,1.0788,1.7234,,360940.6773,
301312.SZ,20260605,8.4151,13.5554,,1467836.5101,
600604.SH,20260605,0.7617,1.9043,,794281.2369,
300839.SZ,20260605,2.1181,3.8016,,451884.1969,
920718.BJ,20260605,3.5553,5.606,,99552.0366,
688207.SH,20260605,4.0512,5.5606,,376287.9826,
600984.SH,20260605,5.2166,8.568,,550585.2392,
603309.SH,20260605,1.3238,2.6626,,337695.2306,
300736.SZ,20260605,3.993,5.3488,,387896.8704,
603272.SH,20260605,5.5859,12.8168,,451813.72,
301558.SZ,20260605,3.4864,3.4864,,537207.6829,
600017.SH,20260605,1.1833,2.1306,,861183.0886,
688536.SH,20260605,3.1142,4.8437,,4045611.6519,
600235.SH,20260605,1.861,2.9212,,205159.2,
688119.SH,20260605,1.0452,2.4057,,508500.0,
000723.SZ,20260605,1.8856,3.0147,,1915521.6491,
603187.SH,20260605,0.9666,1.2096,,495771.8653,
301216.SZ,20260605,1.7289,2.7326,,1435411.5764,
688515.SH,20260605,14.4501,16.2704,,1712000.0,
300892.SZ,20260605,3.5171,5.5123,,226900.0,
920346.BJ,20260605,2.0816,3.3031,,148804.975,
000048.SZ,20260605,3.3046,7.2392,,747585.8775,
600744.SH,20260605,10.2438,22.3368,,1641148.4134,
688279.SH,20260605,1.9193,4.1254,,2440418.496,
600735.SH,20260605,2.0838,3.6952,,274418.0602,
000972.SZ,20260605,0.7697,1.1959,,273805.6705,
600257.SH,20260605,2.2547,3.1357,,253130.7609,
603858.SH,20260605,0.4373,1.1386,,1587125.5052,
603119.SH,20260605,11.8181,11.8181,,3484977.9642,
300027.SZ,20260605,2.1373,2.1553,,532705.1364,
002580.SZ,20260605,16.6269,21.6369,,991703.7497,
603052.SH,20260605,3.6258,10.9713,,1666648.8913,
300946.SZ,20260605,3.6027,5.7366,,758197.908,
300461.SZ,20260605,4.7405,8.4134,,762510.2397,
300552.SZ,20260605,5.199,6.4332,,574180.6037,
688506.SH,20260605,0.4059,1.8557,,8764898.2611,
600425.SH,20260605,0.9537,1.5657,,585716.8531,
605018.SH,20260605,6.5735,29.9385,,828255.9273,
600099.SH,20260605,1.8096,3.1257,,208602.24,
603359.SH,20260605,3.3519,6.2141,,127583.456,
002953.SZ,20260605,2.033,2.9033,,498953.3427,
000951.SZ,20260605,0.742,1.5418,,2590492.8114,
002763.SZ,20260605,1.746,3.2256,,325479.656,
300986.SZ,20260605,3.6431,6.3532,,781514.6306,
301173.SZ,20260605,2.6698,2.6698,,309617.5713,
300424.SZ,20260605,9.7415,11.4558,,489153.8105,
603288.SH,20260605,0.2487,0.9691,,19913760.2844,
688177.SH,20260605,0.7707,1.9651,,721741.44,
688655.SH,20260605,9.3273,16.9132,,729376.52,
002052.SZ,20260605,2.584,3.5918,,708798.1917,
600800.SH,20260605,2.6316,4.2392,,426257.3629,
002390.SZ,20260605,0.853,1.487,,575380.1529,
002777.SZ,20260605,1.3726,2.2378,,558868.291,
000878.SZ,20260605,2.6627,4.0222,,4200418.7573,
000893.SZ,20260605,2.8585,4.2429,,4434521.6464,
920030.BJ,20260605,1.6845,2.6172,,90314.0389,
603580.SH,20260605,0.6407,1.9376,,293753.3536,
002275.SZ,20260605,0.2058,0.5958,,767952.1602,
603596.SH,20260605,2.6199,3.8983,,2766524.7726,
688509.SH,20260605,5.0148,5.0148,,387310.0,
920663.BJ,20260605,2.5909,4.1599,,196322.1897,
600031.SH,20260605,1.6107,2.3703,,17148683.275,
300785.SZ,20260605,6.249,8.3653,,822465.285,
920523.BJ,20260605,2.2719,2.938,,189230.9573,
002398.SZ,20260605,2.3244,2.4409,,307136.8406,
000993.SZ,20260605,8.2642,16.7107,,618692.4157,
300821.SZ,20260605,5.9902,12.5227,,2010000.0,
301567.SZ,20260605,7.0514,7.0514,,304848.0,
600211.SH,20260605,0.6233,1.3783,,1212564.8154,
603282.SH,20260605,1.0909,2.2745,,209963.58,
300654.SZ,20260605,7.9824,14.9279,,376742.4727,
603008.SH,20260605,2.9632,4.6562,,330358.3142,
002215.SZ,20260605,1.1827,1.3106,,893119.4571,
300339.SZ,20260605,4.0302,4.2579,,3301919.3468,
000506.SZ,20260605,3.3637,5.0205,,1319205.2206,
300239.SZ,20260605,2.2296,3.0529,,295030.713,
601500.SH,20260605,0.8331,1.0274,,659566.03,
688260.SH,20260605,5.5935,9.2483,,1066080.0,
002101.SZ,20260605,1.2141,2.4709,,590575.3028,
920931.BJ,20260605,2.2492,2.2492,,99753.66,
002963.SZ,20260605,2.4479,4.3638,,242530.5671,
301175.SZ,20260605,2.3817,2.3817,,824252.8,
600986.SH,20260605,4.9465,5.7079,,1221134.1049,
002911.SZ,20260605,0.2907,1.941,,1433186.1163,
300492.SZ,20260605,3.3806,9.4083,,783970.6972,
301260.SZ,20260605,3.4957,6.3694,,778685.6686,
002697.SZ,20260605,1.9042,3.8005,,643280.0,
002985.SZ,20260605,1.2916,2.4101,,967685.0976,
600219.SH,20260605,1.624,3.0608,,5615530.0624,
688178.SH,20260605,4.8282,9.9793,,331831.583,
002668.SZ,20260605,1.5831,3.3204,,1035326.4137,
300407.SZ,20260605,2.9511,3.6051,,421085.2498,
603626.SH,20260605,5.8929,8.3689,,1277887.9261,
600118.SH,20260605,6.4757,13.3417,,10045245.2018,
300452.SZ,20260605,1.2472,1.6328,,293070.3475,
600359.SH,20260605,1.9482,3.2643,,249509.3843,
002648.SZ,20260605,1.781,3.5926,,8074643.7189,
300534.SZ,20260605,1.4235,2.2829,,234182.34,
605300.SH,20260605,1.0607,3.6294,,434859.4573,
301039.SZ,20260605,0.9021,1.8097,,1476810.043,
300716.SZ,20260605,7.0632,8.6579,,268673.58,
002241.SZ,20260605,6.34,8.1758,,8812052.532,
688159.SH,20260605,4.7656,6.9983,,421527.3163,
301588.SZ,20260605,8.1138,10.0861,,416037.139,
002320.SZ,20260605,0.6947,2.514,,1614246.1466,
920768.BJ,20260605,1.9861,2.6313,,122732.82,
601231.SH,20260605,3.2172,11.1839,,10191922.2627,
300056.SZ,20260605,4.9845,5.4764,,382021.029,
002897.SZ,20260605,12.1693,20.513,,1773038.9649,
000600.SZ,20260605,9.0681,16.056,,2070113.0636,
688076.SH,20260605,0.516,0.8226,,914022.0861,
002965.SZ,20260605,9.439,9.913,,1003668.5177,
300778.SZ,20260605,2.2628,5.0418,,228098.799,
603033.SH,20260605,1.0043,2.647,,1031163.554,
300711.SZ,20260605,2.1982,6.5677,,532263.0335,
300978.SZ,20260605,1.2373,2.1944,,404526.5212,
688533.SH,20260605,0.7909,2.8624,,412302.6155,
002786.SZ,20260605,7.9621,12.6217,,437625.396,
300169.SZ,20260605,3.5723,3.6492,,188419.3587,
002084.SZ,20260605,2.5028,4.2601,,211906.3811,
300006.SZ,20260605,1.9674,3.123,,534291.0697,
300126.SZ,20260605,2.9582,4.3446,,210946.5744,
688128.SH,20260605,1.777,8.3515,,1103880.5,
600872.SH,20260605,2.3646,3.075,,1398981.0827,
300100.SZ,20260605,4.4146,8.3725,,1822909.6298,
688099.SH,20260605,3.1876,3.9286,,4058792.1121,
300787.SZ,20260605,2.6425,3.5103,,297134.503,
600060.SH,20260605,1.2191,2.3366,,3321154.3864,
600740.SH,20260605,2.0482,4.7577,,1053031.7943,
003003.SZ,20260605,3.968,4.9427,,206762.4,
603181.SH,20260605,1.2783,2.2367,,794745.0,
000883.SZ,20260605,1.1153,4.3566,,3539693.815,
688557.SH,20260605,1.2311,2.2381,,318820.2822,
300109.SZ,20260605,1.1481,1.2167,,799994.9013,
002881.SZ,20260605,6.8064,9.5197,,1330352.7285,
000707.SZ,20260605,1.5405,1.9541,,286511.4246,
301315.SZ,20260605,3.91,3.91,,364936.0,
600661.SH,20260605,1.6179,2.512,,234970.0406,
002843.SZ,20260605,5.5611,9.2228,,576730.7545,
603916.SH,20260605,3.3091,6.34,,570386.4444,
300012.SZ,20260605,1.5703,1.6633,,2413175.6589,
300855.SZ,20260605,3.3271,4.3083,,1336105.407,
688219.SH,20260605,1.6027,2.7341,,614452.8,
301058.SZ,20260605,0.8725,1.5278,,446703.1416,
688295.SH,20260605,1.5988,8.7136,,4519800.0,
300564.SZ,20260605,4.0998,6.3756,,217452.8896,
300647.SZ,20260605,4.3722,5.3084,,301831.8758,
300215.SZ,20260605,3.0013,7.4413,,537849.6263,
603319.SH,20260605,10.0935,13.1946,,1463770.0102,
605011.SH,20260605,2.1634,10.8244,,830607.6,
688359.SH,20260605,4.4748,7.3104,,1334060.446,
603256.SH,20260605,1.9736,12.2425,,17735321.8407,
600587.SH,20260605,0.7402,1.0574,,786817.9801,
600576.SH,20260605,1.6315,2.429,,609528.9983,
001339.SZ,20260605,6.8406,9.7465,,2570589.0253,
688606.SH,20260605,0.7508,1.5891,,393629.4451,
001239.SZ,20260605,2.0554,2.3526,,316800.0,
002609.SZ,20260605,1.3876,1.9817,,496091.3464,
920037.BJ,20260605,5.4122,5.4122,,587612.5978,
000681.SZ,20260605,17.458,23.2605,,1703103.7469,
300635.SZ,20260605,4.528,5.2839,,193919.39,
688118.SH,20260605,3.3474,4.1818,,215374.9736,
300017.SZ,20260605,4.7051,5.2647,,3756005.5894,
002152.SZ,20260605,0.7243,1.4498,,2525600.4073,
301602.SZ,20260605,0.8523,2.3653,,672477.5317,
000816.SZ,20260605,2.3025,3.0982,,386352.5559,
601162.SH,20260605,0.9454,1.2585,,3223675.2749,
002522.SZ,20260605,9.9823,13.3134,,660313.1731,
002802.SZ,20260605,2.8951,5.1806,,226919.8543,
920992.BJ,20260605,2.7906,4.3498,,128845.6041,
301531.SZ,20260605,25.1345,25.1345,,1762261.3868,
600648.SH,20260605,0.2027,0.6989,,1244319.6795,
600403.SH,20260605,8.9126,57.4886,,1946121.2952,
603392.SH,20260605,0.1682,0.6356,,4247095.4286,
300030.SZ,20260605,2.4148,3.114,,208701.4376,
300739.SZ,20260605,7.1174,10.3511,,1100198.8925,
600285.SH,20260605,0.9333,1.1989,,1234043.2975,
600381.SH,20260605,1.1217,1.9272,,317599.8609,
301550.SZ,20260605,5.7871,8.1933,,3912849.215,
603178.SH,20260605,3.9183,9.9009,,410647.4373,
603667.SH,20260605,13.2247,20.7771,,2848351.3881,
301421.SZ,20260605,15.0203,15.0643,,1108694.158,
002866.SZ,20260605,7.5401,9.5588,,553277.0312,
002877.SZ,20260605,7.0951,8.1669,,307448.9525,
000786.SZ,20260605,0.453,0.8162,,3734705.8761,
603320.SH,20260605,1.4633,3.6024,,320813.4827,
301117.SZ,20260605,4.6311,5.2874,,480481.4327,
301601.SZ,20260605,2.806,2.806,,257780.8,
920186.BJ,20260605,11.8963,11.8963,,2100729.9535,
688767.SH,20260605,0.8597,1.9126,,556266.6692,
002352.SZ,20260605,0.3573,0.7384,,17567454.4058,
002637.SZ,20260605,7.448,12.208,,615754.909,
300147.SZ,20260605,0.963,1.2462,,639456.8365,
600320.SH,20260605,1.2198,2.2539,,2396992.153,
300347.SZ,20260605,3.2762,3.6437,,3351113.3866,
601330.SH,20260605,3.1796,10.1205,,1195968.8911,
688466.SH,20260605,1.104,2.7061,,192270.6352,
001226.SZ,20260605,6.3719,11.2642,,374976.1674,
300906.SZ,20260605,2.3163,4.6582,,235840.0,
002096.SZ,20260605,2.1284,5.7225,,1509616.4171,
300633.SZ,20260605,2.5534,3.1292,,851799.1975,
002179.SZ,20260605,2.1462,4.0851,,7999641.3255,
002343.SZ,20260605,2.8563,3.9063,,240629.5853,
002757.SZ,20260605,3.7469,5.9878,,660934.8774,
000839.SZ,20260605,1.7067,2.6853,,1117150.5103,
001201.SZ,20260605,0.918,1.5615,,290264.7851,
603004.SH,20260605,4.9283,4.9283,,447252.48,
605111.SH,20260605,6.6202,8.5662,,2495318.0625,
920407.BJ,20260605,3.8858,6.2508,,133369.808,
300184.SZ,20260605,16.003,16.5033,,1953400.3493,
688772.SH,20260605,4.9987,8.3004,,1743565.9842,
920694.BJ,20260605,1.7807,3.2857,,210152.7653,
600543.SH,20260605,0.6642,1.0495,,143861.76,
300858.SZ,20260605,3.5735,4.3078,,410525.3938,
301286.SZ,20260605,3.1688,11.676,,2481820.3,
301196.SZ,20260605,12.0328,21.2688,,1879706.055,
000691.SZ,20260605,3.6406,4.2088,,436899.405,
002975.SZ,20260605,12.4923,15.1887,,2753985.8988,
000571.SZ,20260605,3.2133,4.5314,,456486.176,
002214.SZ,20260605,1.8438,2.0122,,887218.1021,
301258.SZ,20260605,1.0641,2.7985,,234858.54,
301018.SZ,20260605,4.5069,7.5349,,3648120.2112,
002585.SZ,20260605,33.3914,43.5274,,1349043.3274,
002833.SZ,20260605,2.7675,3.8987,,785253.9096,
300822.SZ,20260605,1.2197,3.7178,,436150.68,
002099.SZ,20260605,1.769,2.9381,,903243.1112,
000810.SZ,20260605,1.0689,2.3455,,1276717.0927,
600801.SH,20260605,1.4475,3.6263,,4097700.4242,
300007.SZ,20260605,9.6964,10.7771,,1402122.1406,
920832.BJ,20260605,1.749,1.8232,,98244.8164,
920701.BJ,20260605,0.9601,2.4292,,183436.4,
002847.SZ,20260605,1.4507,3.5476,,1548990.9767,
002969.SZ,20260605,10.2034,18.6363,,1844374.2971,
600884.SH,20260605,3.8966,4.156,,3079446.2094,
300433.SZ,20260605,4.6309,12.2348,,24076337.1081,
002626.SZ,20260605,0.4504,0.9664,,901485.2099,
000680.SZ,20260605,2.1213,3.1079,,1635155.4471,
301323.SZ,20260605,4.3128,8.8568,,878920.2556,
300097.SZ,20260605,5.4383,6.0927,,274987.8346,
300496.SZ,20260605,6.3459,6.9185,,2916666.6301,
603317.SH,20260605,0.967,3.3163,,1457594.553,
002432.SZ,20260605,4.9721,6.6337,,3292937.9509,
603072.SH,20260605,3.8701,4.7988,,973871.8,
301183.SZ,20260605,12.7511,16.0552,,1709630.0725,
603022.SH,20260605,2.1342,3.573,,194600.0,
000016.SZ,20260605,1.2953,1.9281,,765726.6397,
300589.SZ,20260605,4.3416,5.1931,,504186.7747,
920982.BJ,20260605,1.365,1.7143,,1788460.5796,
600335.SH,20260605,0.4928,1.594,,807689.0924,
688981.SH,20260605,4.6739,5.1931,,102091924.733,
002056.SZ,20260605,6.8922,13.7986,,4743492.4078,
601801.SH,20260605,0.3095,1.408,,1096441.4927,
920299.BJ,20260605,9.5849,14.7468,,204457.9472,
300463.SZ,20260605,1.1395,1.2314,,549641.9612,
688199.SH,20260605,5.2745,7.1809,,443052.4857,
603387.SH,20260605,1.331,2.3744,,430573.3359,
600372.SH,20260605,0.8251,1.8442,,5405047.5357,
600058.SH,20260605,0.8585,2.2932,,1042969.1218,
601600.SH,20260605,2.0395,3.3651,,18321509.3772,
000610.SZ,20260605,0.8016,1.0937,,175666.9425,
600617.SH,20260605,2.605,6.4135,,671358.738,
002666.SZ,20260605,2.9836,3.8869,,356175.6841,
002800.SZ,20260605,1.5474,2.9482,,248933.7645,
688602.SH,20260605,3.5702,3.5702,,370314.375,
000791.SZ,20260605,4.0794,10.2724,,2984332.5626,
000960.SZ,20260605,6.4181,11.2533,,6400730.2933,
600969.SH,20260605,3.5169,5.0226,,385962.6548,
003007.SZ,20260605,3.8027,7.276,,483080.7457,
601702.SH,20260605,1.8133,5.9772,,2046987.73,
603515.SH,20260605,0.1978,1.32,,1397974.1521,
603270.SH,20260605,10.7401,10.7401,,652280.5477,
000009.SZ,20260605,0.9938,1.6039,,1854454.8408,
603275.SH,20260605,5.8431,5.8431,,620676.1624,
603153.SH,20260605,0.2351,1.0072,,581592.9094,
002487.SZ,20260605,4.2908,7.1113,,4060550.1051,
601319.SH,20260605,0.2373,2.8215,,29055161.813,
300570.SZ,20260605,13.7745,17.0637,,3824362.1865,
600916.SH,20260605,1.2715,2.6835,,1303680.0,
300913.SZ,20260605,12.0926,36.7905,,2090964.832,
603611.SH,20260605,1.396,2.1649,,474243.0562,
603703.SH,20260605,4.9294,6.9355,,540306.7202,
600129.SH,20260605,1.0029,1.647,,758751.4226,
002423.SZ,20260605,0.4786,1.2859,,2055262.1729,
002756.SZ,20260605,3.7478,4.2801,,3178003.5783,
300872.SZ,20260605,3.7031,4.1704,,931823.1474,
000829.SZ,20260605,2.661,4.0915,,938992.0012,
600583.SH,20260605,0.9259,2.0755,,2515750.8812,
002034.SZ,20260605,3.2478,5.9401,,951763.6159,
603501.SH,20260605,2.0191,3.2087,,12031821.1371,
600809.SH,20260605,0.6664,1.989,,14887223.4011,
600597.SH,20260605,0.3432,0.7097,,948389.9489,
920496.BJ,20260605,2.1467,3.0908,,129314.075,
601238.SH,20260605,0.271,1.1237,,6220210.199,
603196.SH,20260605,1.0083,1.833,,992289.2328,
300002.SZ,20260605,2.3423,2.3853,,1528494.0939,
300167.SZ,20260605,1.5199,1.6512,,206915.4633,
300368.SZ,20260605,3.0164,4.3086,,496148.9796,
301138.SZ,20260605,1.9431,3.8877,,342600.0,
600067.SH,20260605,1.6854,2.6356,,418892.2904,
002366.SZ,20260605,2.3674,3.3998,,1306828.8379,
688443.SH,20260605,3.4414,3.4414,,825396.68,
301082.SZ,20260605,2.2328,4.3509,,302733.7819,
002077.SZ,20260605,6.1404,12.0894,,966860.6227,
688371.SH,20260605,3.7503,9.2972,,1287542.9023,
600999.SH,20260605,0.7614,1.8736,,14688433.7753,
605118.SH,20260605,0.6237,3.8063,,1424621.96,
688737.SH,20260605,1.4842,2.5067,,298911.2725,
300082.SZ,20260605,2.4429,5.2008,,626370.4422,
002251.SZ,20260605,15.9436,20.5589,,1306708.0489,
002567.SZ,20260605,1.1085,1.249,,494402.7306,
301069.SZ,20260605,3.4756,5.599,,856499.2928,
603936.SH,20260605,8.4933,10.8588,,1383626.1206,
002875.SZ,20260605,6.4104,8.6815,,396424.3988,
301108.SZ,20260605,2.1068,3.831,,253026.4545,
600271.SH,20260605,0.7204,1.3599,,1352605.7857,
003041.SZ,20260605,3.2859,17.2235,,706320.0,
002476.SZ,20260605,1.4174,1.8028,,320688.0,
301004.SZ,20260605,1.3063,4.4376,,554646.9294,
688507.SH,20260605,24.6802,24.6802,,1705987.6697,
603173.SH,20260605,0.8534,2.7288,,552960.0,
601019.SH,20260605,0.2558,1.2492,,1456656.2,
600009.SH,20260605,0.7133,1.4207,,5882372.0266,
600708.SH,20260605,1.3229,2.76,,686420.1168,
000758.SZ,20260605,2.6609,4.1273,,1337575.633,
600197.SH,20260605,1.2501,2.1947,,532321.5566,
601233.SH,20260605,2.6691,4.5112,,4998282.1305,
603367.SH,20260605,0.8731,1.655,,609407.0576,
603869.SH,20260605,0.26,0.7135,,481269.5567,
000963.SZ,20260605,0.8612,2.0567,,4984120.122,
300486.SZ,20260605,7.7108,10.7378,,1343174.2548,
301213.SZ,20260605,2.3666,4.5069,,525167.9906,
600313.SH,20260605,2.7421,4.5538,,714244.9909,
603816.SH,20260605,0.807,1.4559,,2272956.3531,
301123.SZ,20260605,16.4981,31.59,,2571654.4,
603382.SH,20260605,4.0015,4.0015,,386790.4193,
002283.SZ,20260605,2.1658,2.7976,,1216940.2661,
603728.SH,20260605,4.5673,10.436,,2757084.615,
301525.SZ,20260605,6.9348,7.7776,,687532.7887,
600307.SH,20260605,0.6775,1.6443,,1002137.1878,
300322.SZ,20260605,21.7206,26.7338,,1552628.7664,
300475.SZ,20260605,6.9263,9.5526,,8071422.9747,
300771.SZ,20260605,2.9363,3.4417,,284880.0,
300455.SZ,20260605,1.8042,4.0083,,1627179.9109,
301299.SZ,20260605,1.9155,2.473,,311199.2406,
002026.SZ,20260605,2.1221,3.3365,,546700.1363,
002388.SZ,20260605,11.0967,12.4779,,285479.9584,
603711.SH,20260605,0.9637,5.1802,,553664.1681,
300610.SZ,20260605,2.428,2.6316,,230211.3599,
601985.SH,20260605,0.7845,1.9305,,18490633.8645,
600894.SH,20260605,0.6318,1.493,,754587.0287,
300111.SZ,20260605,2.0181,2.8822,,418343.4821,
002060.SZ,20260605,2.4961,3.5013,,1310283.2415,
001328.SZ,20260605,0.679,2.3854,,497582.282,
301678.SZ,20260605,5.2649,5.2649,,1273237.3071,
000678.SZ,20260605,3.3631,6.1181,,543720.7559,
688029.SH,20260605,0.7656,1.3436,,1378800.0775,
301036.SZ,20260605,2.2855,3.4602,,239000.0,
000032.SZ,20260605,2.0134,3.6097,,1932135.1045,
002670.SZ,20260605,1.6157,4.521,,2134398.3723,
688568.SH,20260605,1.9443,4.531,,3709082.2061,
001319.SZ,20260605,6.0178,8.7467,,340208.4,
600266.SH,20260605,1.6349,3.0003,,956917.7567,
688759.SH,20260605,7.9226,7.9226,,1403214.2965,
600684.SH,20260605,2.3559,3.4193,,393762.4447,
600819.SH,20260605,3.2196,8.5489,,687636.9794,
002455.SZ,20260605,3.9447,4.0974,,593864.175,
688355.SH,20260605,1.3354,4.2362,,232169.7229,
600925.SH,20260605,1.5719,2.05,,3327333.3334,
002899.SZ,20260605,4.4616,6.3188,,377325.6797,
002687.SZ,20260605,2.2558,3.1664,,221093.4171,
300909.SZ,20260605,3.3536,4.8004,,796713.5413,
002401.SZ,20260605,0.8782,1.7221,,472390.5872,
002021.SZ,20260605,2.9731,3.7016,,319192.4452,
300345.SZ,20260605,5.4306,7.2682,,356994.5512,
002640.SZ,20260605,5.8406,6.3491,,568685.0855,
001322.SZ,20260605,0.3315,1.5724,,615115.6426,
688561.SH,20260605,0.74,1.9066,,1760212.0305,
688469.SH,20260605,4.4742,5.9287,,6152892.3842,
001210.SZ,20260605,12.8298,17.0532,,547307.6008,
002198.SZ,20260605,1.6133,2.0764,,198943.8604,
300494.SZ,20260605,4.3289,4.6809,,461569.9815,
300471.SZ,20260605,1.7701,2.3045,,455583.8103,
603920.SH,20260605,6.8333,13.3238,,4413627.9416,
300404.SZ,20260605,3.5519,4.0159,,350642.3941,
301662.SZ,20260605,5.0167,5.7498,,1104320.0,
603666.SH,20260605,4.6706,7.3344,,592338.6704,
301170.SZ,20260605,3.7245,3.7245,,254100.0,
002409.SZ,20260605,8.1003,9.6154,,5473168.297,
001287.SZ,20260605,6.8662,13.8071,,2103403.4685,
688401.SH,20260605,4.1261,6.8096,,1411837.9541,
600850.SH,20260605,3.5078,6.0124,,1421615.3687,
300629.SZ,20260605,3.5774,4.0128,,554640.0733,
920375.BJ,20260605,5.6418,6.5763,,140402.505,
000408.SZ,20260605,0.6064,1.3637,,11936303.4484,
601336.SH,20260605,1.5318,4.5474,,17578645.091,
301373.SZ,20260605,21.3844,22.645,,1438556.8708,
002829.SZ,20260605,5.9627,6.8553,,475467.8935,
600688.SH,20260605,10.0693,39.5337,,3679373.5075,
300828.SZ,20260605,5.3333,5.3333,,328350.606,
002493.SZ,20260605,0.6744,2.3628,,11417932.4963,
300504.SZ,20260605,10.1632,18.776,,530124.0785,
603587.SH,20260605,0.4306,1.9297,,588823.2415,
920160.BJ,20260605,4.3362,4.3362,,241286.4,
600793.SH,20260605,1.9071,4.1169,,238820.4027,
688133.SH,20260605,3.6471,4.0467,,334958.1221,
600301.SH,20260605,7.0429,9.6915,,3798567.7114,
301632.SZ,20260605,5.2011,5.2011,,723690.24,
002523.SZ,20260605,1.6992,2.4998,,498657.5616,
300432.SZ,20260605,2.1975,3.6467,,3905092.3927,
688663.SH,20260605,2.8188,4.5345,,1250211.0402,
301380.SZ,20260605,2.0924,3.7254,,316648.5683,
300561.SZ,20260605,13.4903,22.8651,,481662.5073,
300182.SZ,20260605,12.4191,13.3339,,1656899.5431,
688025.SH,20260605,4.4909,6.9097,,3554848.4202,
688622.SH,20260605,2.7499,5.9109,,918799.9283,
600721.SH,20260605,1.6518,2.0825,,272259.7256,
600078.SH,20260605,7.1683,12.316,,943477.1282,
920351.BJ,20260605,3.7422,4.2133,,123953.8981,
000157.SZ,20260605,1.5007,2.2539,,6503698.4975,
688309.SH,20260605,1.5401,2.7087,,503721.6505,
920046.BJ,20260605,18.8604,32.94,,293840.75,
688556.SH,20260605,4.878,6.0975,,913020.5535,
301349.SZ,20260605,5.2043,9.9898,,815946.2965,
002192.SZ,20260605,8.6947,11.765,,1993892.3038,
000050.SZ,20260605,4.4668,7.9624,,2097202.7907,
300040.SZ,20260605,12.7497,13.6291,,494782.6253,
601106.SH,20260605,0.8923,2.224,,2537379.683,
002524.SZ,20260605,2.3039,3.0837,,195310.6665,
688539.SH,20260605,2.6432,5.7984,,591225.6,
301611.SZ,20260605,12.7718,12.7718,,4709236.0,
600168.SH,20260605,0.4769,1.1947,,455969.4842,
603039.SH,20260605,7.158,15.1093,,1228710.7491,
603082.SH,20260605,19.6288,19.6288,,609813.3341,
300586.SZ,20260605,11.37,15.0518,,855593.6239,
600918.SH,20260605,0.7344,0.9848,,4196720.7279,
002632.SZ,20260605,3.6994,7.9965,,655204.4454,
603712.SH,20260605,1.3648,2.6403,,1100872.0,
000811.SZ,20260605,2.5477,4.0236,,3080651.6654,
301265.SZ,20260605,3.6476,4.7204,,804393.7982,
300719.SZ,20260605,3.1243,3.691,,320326.209,
600261.SH,20260605,1.1781,2.2086,,456588.1144,
603070.SH,20260605,2.2753,8.755,,670873.0,
688017.SH,20260605,12.215,18.6753,,7204873.9125,
920012.BJ,20260605,21.7685,21.7685,,373924.3752,
300323.SZ,20260605,14.8373,19.7742,,2866215.8755,
300414.SZ,20260605,3.3441,5.9227,,404916.1768,
300498.SZ,20260605,0.5965,0.6605,,8576912.407,
000663.SZ,20260605,2.376,3.3809,,196960.0985,
920526.BJ,20260605,14.6591,28.4958,,243799.6,
001205.SZ,20260605,1.4023,1.6937,,265272.9865,
600726.SH,20260605,5.7315,40.9313,,7393359.3564,
601008.SH,20260605,1.1197,2.7151,,583099.8628,
603982.SH,20260605,2.0712,3.4665,,245001.5556,
300113.SZ,20260605,4.3217,4.8457,,1402935.0384,
603101.SH,20260605,1.9106,4.832,,340569.6,
603418.SH,20260605,2.1536,2.1536,,972292.684,
002690.SZ,20260605,1.0392,1.5056,,1323343.35,
600073.SH,20260605,0.758,1.1807,,479179.7602,
600115.SH,20260605,1.4035,3.1947,,8746743.7213,
002121.SZ,20260605,3.2973,4.3572,,1155949.6407,
600963.SH,20260605,1.3487,2.3917,,667875.7845,
688016.SH,20260605,0.8909,1.4928,,1215364.4736,
301359.SZ,20260605,3.1195,4.9432,,242274.816,
002228.SZ,20260605,1.7888,3.105,,405270.8001,
300608.SZ,20260605,6.4377,9.6551,,396469.9154,
688580.SH,20260605,1.3766,3.5737,,485560.4302,
920096.BJ,20260605,42.2048,43.0011,,460299.0,
000333.SZ,20260605,0.3053,0.4464,,62192502.4029,
002219.SZ,20260605,1.6963,2.4997,,745615.0986,
603239.SH,20260605,1.8559,4.4224,,511660.8,
002738.SZ,20260605,4.1933,4.8745,,4211348.086,
002846.SZ,20260605,2.916,4.2861,,499792.4268,
600236.SH,20260605,0.3778,2.8804,,8489320.8928,
300048.SZ,20260605,1.6274,1.9959,,656761.4671,
603583.SH,20260605,3.161,6.6176,,1007247.9635,
603489.SH,20260605,1.4101,5.2577,,793478.005,
600420.SH,20260605,0.2591,0.5907,,1201690.732,
300070.SZ,20260605,0.8728,1.4102,,1261224.8583,
002528.SZ,20260605,1.9318,4.1221,,578960.0646,
600593.SH,20260605,5.2728,11.362,,483950.95,
000900.SZ,20260605,0.5444,1.0186,,572221.2819,
688698.SH,20260605,4.7585,10.3753,,1423465.4699,
300154.SZ,20260605,3.4597,7.3119,,434719.8794,
300527.SZ,20260605,0.6485,1.4675,,779862.8753,
603661.SH,20260605,5.4966,19.2985,,482284.4635,
688202.SH,20260605,2.6645,4.4669,,735578.2074,
300087.SZ,20260605,1.2719,2.2133,,676394.8702,
688234.SH,20260605,3.8316,9.0669,,6345110.5966,
601958.SH,20260605,2.218,8.0237,,7085623.2624,
688651.SH,20260605,3.4973,3.4973,,257185.989,
600815.SH,20260605,1.9747,3.8201,,581902.9894,
600229.SH,20260605,0.9383,2.4653,,364049.989,
603001.SH,20260605,4.887,9.3628,,425038.8,
920706.BJ,20260605,7.706,12.3958,,183609.2218,
002006.SZ,20260605,2.9337,3.9785,,848302.8941,
300631.SZ,20260605,2.5566,3.4696,,302951.1404,
300606.SZ,20260605,9.7687,14.2878,,485462.5214,
002036.SZ,20260605,8.5422,9.3539,,961356.6329,
600573.SH,20260605,10.2475,20.5269,,314750.0,
001369.SZ,20260605,11.535,11.535,,1633328.0,
600756.SH,20260605,1.8827,2.327,,480739.5354,
300160.SZ,20260605,2.8992,4.6047,,388791.9849,
002454.SZ,20260605,1.3975,2.4937,,497555.7029,
603009.SH,20260605,3.9887,6.6239,,1742340.7695,
301536.SZ,20260605,3.7587,4.0264,,3304138.8427,
600880.SH,20260605,1.8534,2.878,,463572.807,
300393.SZ,20260605,4.469,5.0993,,976306.1128,
002977.SZ,20260605,2.3521,3.2056,,312191.88,
603368.SH,20260605,1.2137,1.6278,,649043.3541,
600548.SH,20260605,0.1254,0.8625,,2225699.8234,
603890.SH,20260605,31.8022,45.6759,,1395829.4447,
002745.SZ,20260605,6.8408,8.1142,,1493071.3974,
002730.SZ,20260605,2.8061,5.6218,,1057635.3295,
601126.SH,20260605,3.5394,5.9221,,6002525.1275,
603421.SH,20260605,1.2294,2.476,,461750.8818,
600773.SH,20260605,4.0084,6.8118,,1455927.9035,
600732.SH,20260605,1.4551,1.9781,,2373437.1637,
002106.SZ,20260605,11.5628,16.1134,,954263.4483,
002282.SZ,20260605,0.9378,1.3807,,329800.8058,
300581.SZ,20260605,1.4533,2.7858,,589717.4333,
688687.SH,20260605,1.3961,1.8469,,284109.6294,
300351.SZ,20260605,5.2448,7.1551,,665036.1479,
002952.SZ,20260605,6.335,15.7155,,398524.5,
003031.SZ,20260605,3.1754,7.014,,6431562.7165,
688261.SH,20260605,7.1759,13.7833,,987954.2985,
600657.SH,20260605,0.8683,3.2249,,787118.4922,
601006.SH,20260605,0.3887,0.7722,,10269115.5662,
002394.SZ,20260605,1.7144,2.8823,,321757.8,
002996.SZ,20260605,2.0166,2.8474,,435803.3802,
600797.SH,20260605,3.3788,3.606,,788112.7258,
601187.SH,20260605,0.5099,1.1357,,1937119.8698,
601200.SH,20260605,0.4617,1.0614,,1006980.2277,
688089.SH,20260605,1.5141,2.8457,,213079.3459,
601916.SH,20260605,0.7236,1.0885,,8486572.5126,
001366.SZ,20260605,3.6908,10.6509,,222863.16,
920118.BJ,20260605,2.557,2.9747,,104094.243,
002863.SZ,20260605,1.7695,2.6716,,302739.1948,
300854.SZ,20260605,5.5774,8.8567,,413984.4188,
300159.SZ,20260605,1.9129,2.1141,,1385267.2541,
688153.SH,20260605,1.6784,4.8101,,1256944.2964,
002872.SZ,20260605,1.244,1.2535,,166632.0,
688030.SH,20260605,3.252,5.5847,,295586.8235,
603356.SH,20260605,3.9134,5.3804,,236678.5,
600685.SH,20260605,1.3678,3.3037,,3837669.8163,
002972.SZ,20260605,6.8406,9.0801,,313169.2024,
002170.SZ,20260605,1.4938,1.6388,,1119785.8699,
002259.SZ,20260605,1.6895,2.3573,,354346.6138,
002957.SZ,20260605,9.0958,20.2635,,2528294.4453,
600519.SH,20260605,0.2504,0.5787,,159117886.6649,
688276.SH,20260605,0.5148,1.5463,,617177.1362,
688717.SH,20260605,5.7322,5.7497,,1563040.0,
603208.SH,20260605,1.9974,4.7322,,220376.5699,
601998.SH,20260605,0.1694,1.4053,,41010484.5886,
603389.SH,20260605,0.3488,0.8824,,1582029.792,
920438.BJ,20260605,12.2941,20.0172,,1355099.625,
300286.SZ,20260605,6.5914,9.301,,821319.7451,
920533.BJ,20260605,7.3842,10.5043,,309633.3527,
002541.SZ,20260605,2.2363,3.2146,,1270323.7879,
300972.SZ,20260605,1.1759,2.3276,,3650671.008,
000715.SZ,20260605,2.9014,5.5996,,279945.1342,
002173.SZ,20260605,3.8728,4.8267,,778866.8813,
002778.SZ,20260605,1.8543,2.6389,,226177.7329,
300532.SZ,20260605,1.3229,2.0389,,439863.0876,
300619.SZ,20260605,3.9231,4.2701,,687298.6491,
000546.SZ,20260605,3.6212,5.476,,409042.9858,
600333.SH,20260605,2.4074,5.8364,,343493.3058,
300253.SZ,20260605,2.4387,2.6581,,1650954.4133,
603396.SH,20260605,3.3775,5.7436,,423755.5552,
001237.SZ,20260605,13.995,13.995,,978377.6809,
000603.SZ,20260605,2.0836,3.5171,,2049898.927,
601869.SH,20260605,5.0001,18.8695,,36566084.905,
688636.SH,20260605,3.2537,5.5259,,636845.2514,
920247.BJ,20260605,4.4503,10.9791,,341807.8222,
920519.BJ,20260605,1.5153,1.5968,,96845.0428,
605319.SH,20260605,2.3932,6.4284,,969070.3035,
001395.SZ,20260605,1.5361,1.61,,312319.2,
002149.SZ,20260605,13.4141,19.5075,,3173392.781,
920273.BJ,20260605,9.4032,17.1659,,235642.3036,
920357.BJ,20260605,6.1966,10.7939,,200400.2,
920208.BJ,20260605,1.7143,1.9801,,274042.4262,
002044.SZ,20260605,2.6694,3.4214,,2086297.341,
601121.SH,20260605,1.2502,2.8026,,623025.6595,
601899.SH,20260605,1.3184,1.8709,,78788287.425,
002225.SZ,20260605,5.7471,6.6509,,453262.5065,
002608.SZ,20260605,4.547,25.8752,,3713852.349,
002906.SZ,20260605,1.7405,4.0371,,1487620.5622,
603787.SH,20260605,1.5272,4.3336,,234516.522,
300761.SZ,20260605,1.6842,3.0914,,1516295.3199,
000055.SZ,20260605,8.7466,11.6339,,394111.8413,
688221.SH,20260605,2.396,4.0661,,704207.8676,
603037.SH,20260605,2.2641,3.3998,,346495.6274,
600509.SH,20260605,5.4046,8.2431,,1191602.5519,
002696.SZ,20260605,10.2996,18.6028,,200537.4546,
300679.SZ,20260605,7.9809,9.8684,,2511960.66,
301599.SZ,20260605,13.9318,13.9318,,2220582.0,
002512.SZ,20260605,2.8778,3.9861,,472936.7351,
300824.SZ,20260605,1.1919,2.9583,,270210.9127,
603883.SH,20260605,0.8118,1.5523,,900802.7101,
003015.SZ,20260605,3.4171,3.9422,,353019.7338,
920220.BJ,20260605,30.8819,30.8819,,505153.7791,
600029.SH,20260605,0.663,2.1941,,9459145.7512,
600579.SH,20260605,1.0414,2.8342,,326270.1017,
300798.SZ,20260605,4.0153,5.0547,,374302.5115,
002813.SZ,20260605,1.6953,4.9719,,267840.0,
301316.SZ,20260605,7.6923,19.7858,,1660844.0,
002566.SZ,20260605,2.6466,3.0757,,228356.604,
603310.SH,20260605,1.2817,1.7666,,553234.68,
002700.SZ,20260605,15.4652,175.1214,,330075.2916,
600676.SH,20260605,0.808,1.5057,,652064.5265,
301005.SZ,20260605,6.9438,12.8169,,1957847.7626,
688072.SH,20260605,3.1228,4.8927,,16461214.0888,
000959.SZ,20260605,0.4071,2.4104,,2683218.71,
301055.SZ,20260605,2.4964,5.8528,,539760.0,
301522.SZ,20260605,3.2583,4.6021,,1023748.9343,
002258.SZ,20260605,4.3989,7.433,,1070184.5738,
600027.SH,20260605,2.7419,6.3976,,6038122.5757,
688165.SH,20260605,5.3116,10.626,,1065474.76,
301617.SZ,20260605,4.2526,5.312,,908618.36,
603987.SH,20260605,0.6141,1.0413,,316673.388,
603194.SH,20260605,1.1789,1.1789,,1418738.0,
600433.SH,20260605,2.7997,4.6765,,654604.4331,
003019.SZ,20260605,8.7176,12.7126,,667818.2029,
000056.SZ,20260605,5.971,7.4677,,217585.1925,
002539.SZ,20260605,2.0156,2.3583,,1442022.1718,
600249.SH,20260605,1.3227,2.0627,,290400.0,
688269.SH,20260605,1.2278,1.6526,,450798.096,
002895.SZ,20260605,1.8939,3.551,,1923752.766,
600831.SH,20260605,2.3611,3.3349,,255229.9701,
300061.SZ,20260605,6.4528,7.9825,,591776.3219,
000582.SZ,20260605,5.6093,12.7567,,3151389.769,
300784.SZ,20260605,6.1487,6.1487,,249751.1816,
920239.BJ,20260605,1.2108,3.1691,,499247.4674,
920002.BJ,20260605,7.9382,12.6063,,419173.3399,
300952.SZ,20260605,7.6511,10.7661,,549447.3001,
603828.SH,20260605,0.5735,1.1528,,312283.1228,
002020.SZ,20260605,1.1632,1.5471,,1091784.9495,
301032.SZ,20260605,2.5518,4.5994,,268622.6076,
300493.SZ,20260605,5.6064,7.3634,,774931.8231,
688327.SH,20260605,3.8728,3.8728,,1308288.9639,
600909.SH,20260605,3.3013,5.6383,,3657624.3544,
300357.SZ,20260605,1.1008,2.0183,,1164450.816,
605277.SH,20260605,6.3643,13.0195,,734804.4415,
301079.SZ,20260605,8.2897,10.0117,,394116.8226,
688809.SH,20260605,8.6383,8.6383,,6373281.0856,
002333.SZ,20260605,0.6241,1.958,,335437.6256,
605337.SH,20260605,0.6562,1.6885,,369817.006,
603120.SH,20260605,11.6818,13.9886,,471707.2,
301510.SZ,20260605,6.0664,6.7401,,1400035.0,
002381.SZ,20260605,1.6466,2.1845,,235010.9923,
300134.SZ,20260605,3.3929,7.552,,820455.3684,
600805.SH,20260605,1.1919,1.8584,,393113.2562,
600396.SH,20260605,19.7038,42.9226,,2946886.3408,
688439.SH,20260605,1.8548,4.3765,,953400.0,
603085.SH,20260605,2.7215,5.3126,,496375.0,
603327.SH,20260605,4.7884,16.2625,,1114459.6778,
003028.SZ,20260605,3.0747,5.7196,,382037.04,
002882.SZ,20260605,2.2242,4.7842,,917748.0,
300956.SZ,20260605,13.5443,26.4843,,319910.0751,
002729.SZ,20260605,3.0734,4.5338,,328796.9462,
300680.SZ,20260605,6.9436,7.6935,,804514.6069,
001212.SZ,20260605,4.602,6.8293,,1064885.0476,
301607.SZ,20260605,7.7885,8.9422,,996451.8706,
603856.SH,20260605,1.793,4.5449,,341287.8326,
920857.BJ,20260605,4.8816,16.2896,,139503.4815,
300592.SZ,20260605,1.7349,2.8764,,460972.0747,
301050.SZ,20260605,3.0771,3.8479,,900940.6797,
301581.SZ,20260605,4.5336,8.8322,,392480.0,
601991.SH,20260605,6.4583,23.8368,,14675821.4297,
000049.SZ,20260605,2.144,3.9343,,940825.8542,
002858.SZ,20260605,3.4034,3.9788,,238201.7124,
688249.SH,20260605,3.1298,4.5771,,8118700.8227,
301180.SZ,20260605,3.144,7.1984,,592014.8,
920166.BJ,20260605,1.8847,2.0686,,168508.2361,
601857.SH,20260605,0.0847,1.2096,,194185257.4649,
920204.BJ,20260605,2.4244,3.698,,141997.4223,
920260.BJ,20260605,1.4699,3.4169,,88224.6,
002807.SZ,20260605,0.709,0.7524,,1066767.6344,
300966.SZ,20260605,3.5502,4.7265,,305149.1061,
920266.BJ,20260605,1.0779,1.9403,,90024.0051,
000776.SZ,20260605,1.3379,2.7057,,14718534.4062,
000727.SZ,20260605,8.2587,15.0514,,1358870.094,
300460.SZ,20260605,2.1923,2.5326,,258620.7152,
002739.SZ,20260605,1.1427,1.6169,,1879483.0501,
600470.SH,20260605,3.9902,5.3555,,286358.4,
002311.SZ,20260605,0.4554,1.0207,,7254489.3879,
920077.BJ,20260605,5.0402,6.3178,,1049599.7252,
920527.BJ,20260605,1.4261,2.2484,,90304.2208,
301608.SZ,20260605,3.0609,4.3121,,716013.54,
300212.SZ,20260605,6.0345,9.3041,,777483.8158,
600489.SH,20260605,1.0678,1.9714,,10761033.8921,
600886.SH,20260605,0.5094,1.6331,,10998175.116,
601628.SH,20260605,0.2949,4.0942,,92764761.81,
688316.SH,20260605,5.2177,6.934,,291939.0963,
002069.SZ,20260605,1.6009,2.7248,,241067.0338,
300139.SZ,20260605,5.5404,5.8717,,1157376.0,
603758.SH,20260605,0.989,2.8064,,473900.8129,
600838.SH,20260605,2.3583,3.4987,,320705.5848,
600203.SH,20260605,8.8671,12.2609,,765547.6139,
600007.SH,20260605,0.276,1.4263,,2143497.2324,
920111.BJ,20260605,11.2084,17.8104,,528766.536,
002537.SZ,20260605,1.7199,2.2982,,720846.2814,
920491.BJ,20260605,7.8505,8.4489,,403669.4948,
600496.SH,20260605,1.4095,2.005,,823911.8216,
603885.SH,20260605,0.9341,2.1882,,2380565.7421,
603028.SH,20260605,1.5849,2.2385,,226761.6,
688366.SH,20260605,0.2661,0.5922,,756177.1828,
002845.SZ,20260605,8.1515,10.8336,,514911.2803,
300699.SZ,20260605,2.1881,3.4539,,2436692.712,
000518.SZ,20260605,10.9193,16.8405,,360344.6777,
600369.SH,20260605,0.438,0.8328,,2604882.7766,
603017.SH,20260605,3.1821,5.6707,,323142.6428,
300441.SZ,20260605,0.9931,1.9016,,403404.3334,
920808.BJ,20260605,1.7082,6.2326,,1525800.0076,
002005.SZ,20260605,0.7117,1.033,,492431.3851,
300982.SZ,20260605,3.2527,7.6444,,425934.2705,
003005.SZ,20260605,2.689,3.6073,,348702.7573,
920505.BJ,20260605,4.1843,8.4651,,223509.8543,
002551.SZ,20260605,2.3096,2.9597,,257875.8463,
300836.SZ,20260605,3.5062,3.9705,,645184.5312,
920792.BJ,20260605,1.3987,2.1554,,171664.98,
603061.SH,20260605,3.2269,5.7762,,2576331.0,
300547.SZ,20260605,4.7973,5.5188,,740083.8657,
300998.SZ,20260605,2.6188,4.0643,,359383.3826,
000906.SZ,20260605,1.2179,2.2739,,418701.2756,
002743.SZ,20260605,1.3046,1.9553,,202835.1107,
301215.SZ,20260605,0.6924,2.3746,,742707.9,
002694.SZ,20260605,0.7488,1.2483,,191534.2848,
002624.SZ,20260605,5.6435,7.6688,,2708195.892,
002742.SZ,20260605,2.8611,3.8089,,283218.245,
300211.SZ,20260605,1.7097,3.1184,,242231.9892,
600641.SH,20260605,4.4465,6.2945,,2433445.4144,
600480.SH,20260605,2.483,4.3892,,1284560.9249,
002330.SZ,20260605,1.9491,3.3026,,251584.8548,
300193.SZ,20260605,1.5217,1.8014,,365283.6004,
600123.SH,20260605,3.2128,5.8922,,1082831.4154,
002559.SZ,20260605,8.2992,9.152,,546466.4339,
605116.SH,20260605,0.6825,2.4219,,768904.862,
600055.SH,20260605,0.6987,1.2809,,865468.1624,
301586.SZ,20260605,1.9468,2.6643,,303690.341,
600076.SH,20260605,2.6,4.2734,,482691.0688,
688558.SH,20260605,1.9858,6.1284,,438900.0,
603211.SH,20260605,2.2904,7.7865,,748015.616,
300923.SZ,20260605,2.5054,4.8079,,182037.6,
688600.SH,20260605,2.6236,4.8231,,358863.4174,
300501.SZ,20260605,5.5331,5.5331,,355795.6682,
002211.SZ,20260605,3.2155,5.107,,163043.3687,
688018.SH,20260605,2.5341,3.9946,,2818471.3398,
002146.SZ,20260605,2.5836,3.7436,,552216.8091,
603301.SH,20260605,0.8465,2.1048,,2115231.8196,
600724.SH,20260605,0.5267,2.2868,,946632.9015,
002132.SZ,20260605,16.8514,21.9932,,821305.193,
300588.SZ,20260605,3.1254,4.2893,,365709.6673,
688272.SH,20260605,1.9533,4.6435,,263264.0,
601016.SH,20260605,7.8288,13.8175,,3030097.0523,
301077.SZ,20260605,1.9919,3.311,,452239.9041,
600522.SH,20260605,11.9124,15.407,,15723459.0468,
600822.SH,20260605,0.6281,1.5791,,436456.1643,
300671.SZ,20260605,3.5709,5.1916,,953511.4832,
920981.BJ,20260605,19.8134,30.0578,,323994.916,
603162.SH,20260605,2.9457,2.9457,,1488562.3879,
688298.SH,20260605,0.6194,1.2041,,408441.6,
688807.SH,20260605,10.7953,10.7953,,3456000.0,
002726.SZ,20260605,3.3015,5.4264,,180225.1622,
600075.SH,20260605,1.1845,2.1119,,838527.8826,
688247.SH,20260605,0.3173,0.9443,,365392.04,
300518.SZ,20260605,3.9433,5.254,,568123.58,
300626.SZ,20260605,7.1898,12.3033,,725400.0,
601577.SH,20260605,0.3532,0.6047,,3844605.3888,
300987.SZ,20260605,5.1709,9.4001,,246702.664,
688711.SH,20260605,6.6097,8.0343,,714500.2523,
002597.SZ,20260605,0.8034,1.4386,,1091174.1658,
688584.SH,20260605,4.8274,10.9594,,1715147.6872,
688310.SH,20260605,5.0747,15.0333,,309916.1956,
603395.SH,20260605,3.2421,3.2421,,596180.0,
600423.SH,20260605,0.933,1.2973,,212452.8769,
600525.SH,20260605,1.1017,1.5795,,662027.6363,
000738.SZ,20260605,1.3071,2.6376,,2473861.1059,
002348.SZ,20260605,4.3603,5.7091,,1266406.4,
000729.SZ,20260605,1.1601,2.5358,,3356880.3551,
600717.SH,20260605,0.6344,1.4829,,1282042.4598,
600409.SH,20260605,2.6788,4.9167,,1317054.9478,
600935.SH,20260605,0.4345,0.9858,,851952.9193,
002200.SZ,20260605,5.4073,6.9155,,311276.6509,
002940.SZ,20260605,15.4737,26.4314,,640486.9906,
601666.SH,20260605,5.4666,11.3621,,2387874.9058,
000070.SZ,20260605,20.8563,34.2892,,1729838.7544,
600375.SH,20260605,1.2758,1.4662,,668480.76,
002885.SZ,20260605,7.7726,11.0817,,1132974.7602,
688718.SH,20260605,1.5671,4.284,,257330.2501,
002513.SZ,20260605,2.4467,2.9034,,210708.2217,
002671.SZ,20260605,2.828,4.7687,,241624.1024,
688508.SH,20260605,5.8685,7.7165,,1101737.2787,
603214.SH,20260605,2.5924,4.0091,,195618.5308,
603049.SH,20260605,0.4011,1.8385,,4075102.8867,
600186.SH,20260605,18.6241,22.8272,,1816070.5813,
920057.BJ,20260605,4.9324,5.5442,,101507.4463,
605259.SH,20260605,0.7446,1.7084,,331506.56,
300180.SZ,20260605,1.712,2.392,,852353.115,
002556.SZ,20260605,0.7389,1.1876,,488403.3293,
603912.SH,20260605,2.794,4.7044,,486058.5113,
601798.SH,20260605,6.8804,10.9802,,289649.5378,
301631.SZ,20260605,5.1427,6.2533,,1044320.1619,
920175.BJ,20260605,19.6068,23.532,,142562.0,
600985.SH,20260605,1.9639,5.0939,,4602779.1337,
605377.SH,20260605,0.5411,1.0286,,467046.3549,
002857.SZ,20260605,4.3145,6.2996,,244154.946,
920475.BJ,20260605,2.3999,4.6983,,133500.26,
920522.BJ,20260605,2.9616,3.8589,,682712.0859,
688176.SH,20260605,1.6962,1.9508,,594017.3054,
600371.SH,20260605,1.7541,3.5616,,214752.252,
300673.SZ,20260605,3.4039,4.4353,,349195.8673,
000069.SZ,20260605,0.848,1.7082,,1551287.3042,
300132.SZ,20260605,3.2271,3.5591,,336294.1568,
300214.SZ,20260605,3.1987,5.3462,,354255.7919,
920185.BJ,20260605,1.0767,3.9915,,3139129.1177,
600807.SH,20260605,4.3579,5.6128,,239736.0121,
300715.SZ,20260605,8.5042,13.429,,964041.3465,
000863.SZ,20260605,2.1307,3.9645,,557290.1923,
600155.SH,20260605,0.9421,1.0526,,1219661.9048,
002982.SZ,20260605,5.5697,7.3025,,248912.7541,
688739.SH,20260605,0.4523,0.9977,,871213.4,
000572.SZ,20260605,2.542,3.8812,,730218.5731,
601949.SH,20260605,0.6732,2.9363,,991967.3561,
688319.SH,20260605,4.3925,6.5182,,1391175.8181,
600828.SH,20260605,6.0057,38.9578,,888507.0461,
600312.SH,20260605,1.4484,2.4727,,2612073.5198,
300887.SZ,20260605,2.839,4.4305,,457327.7845,
688262.SH,20260605,3.9665,5.5938,,1201871.6888,
300595.SZ,20260605,0.9177,1.2436,,1034058.9371,
605133.SH,20260605,3.2895,7.1971,,1011465.2567,
688795.SH,20260605,9.9843,9.9843,,29798378.8731,
000001.SZ,20260605,0.5171,1.2297,,21307698.1814,
600130.SH,20260605,6.171,7.4164,,358500.0,
002753.SZ,20260605,2.4221,2.9625,,280785.0096,
300590.SZ,20260605,4.5691,6.5136,,669318.507,
920781.BJ,20260605,3.4311,3.738,,100004.8839,
301696.SZ,20260605,27.5765,27.5765,,5244931.12,
300197.SZ,20260605,14.5375,22.398,,747255.1162,
301318.SZ,20260605,1.3131,2.6479,,295222.1671,
300150.SZ,20260605,2.2777,2.495,,251010.4967,
688035.SH,20260605,4.5809,9.0756,,1103071.2,
688728.SH,20260605,1.1576,3.4303,,3588809.6005,
920556.BJ,20260605,3.1442,4.3161,,133085.04,
600379.SH,20260605,5.7783,10.3535,,419025.7847,
002584.SZ,20260605,6.6968,7.2081,,441838.3986,
003036.SZ,20260605,7.5866,24.164,,1781159.1684,
688648.SH,20260605,2.9759,3.4775,,530400.0,
002239.SZ,20260605,2.0318,2.0318,,913912.7176,
300240.SZ,20260605,2.2411,3.8188,,216621.1999,
300850.SZ,20260605,3.9484,4.3528,,1257992.7667,
920799.BJ,20260605,2.7701,4.3109,,627017.9092,
002592.SZ,20260605,0.8927,1.4145,,198048.4787,
603991.SH,20260605,2.8479,3.9013,,1627580.0892,
688420.SH,20260605,2.9983,2.9983,,210993.98,
603353.SH,20260605,3.7679,11.4745,,747791.1,
002724.SZ,20260605,1.2179,3.0018,,422009.4027,
001326.SZ,20260605,9.6588,11.119,,508593.6,
300660.SZ,20260605,2.8354,7.6951,,1967043.1006,
300254.SZ,20260605,9.5204,9.7474,,248120.7475,
002913.SZ,20260605,2.5721,8.0885,,1650274.6208,
301469.SZ,20260605,2.9137,5.8267,,284814.84,
002792.SZ,20260605,13.1064,15.9987,,2226303.1275,
002945.SZ,20260605,0.2727,2.7274,,3755700.0,
600439.SH,20260605,11.8888,17.9332,,298844.1562,
301396.SZ,20260605,8.7253,11.5463,,3533359.8486,
300476.SZ,20260605,6.3949,9.2379,,33306577.3126,
601018.SH,20260605,0.2911,1.8459,,6614492.0557,
603257.SH,20260605,8.3917,8.3917,,766560.0,
002326.SZ,20260605,3.3869,4.255,,2026029.5228,
300301.SZ,20260605,1.2718,1.3749,,271367.0875,
603019.SH,20260605,2.6418,3.1633,,12051684.7128,
600683.SH,20260605,4.7284,10.6935,,1146723.7202,
920009.BJ,20260605,2.6691,2.6691,,282500.078,
002201.SZ,20260605,5.5937,8.538,,688779.5067,
603386.SH,20260605,8.3851,19.7097,,578243.5763,
688329.SH,20260605,2.0358,3.3465,,176247.6,
600633.SH,20260605,1.1605,2.2614,,1491255.5791,
600030.SH,20260605,1.2984,1.7617,,38044343.71,
300846.SZ,20260605,7.5067,7.9671,,1158826.6295,
688026.SH,20260605,1.0198,1.8318,,188228.6966,
000905.SZ,20260605,1.2444,2.601,,1388077.1217,
002387.SZ,20260605,6.4715,10.8,,1293433.1358,
002907.SZ,20260605,0.4469,1.31,,502785.9621,
002824.SZ,20260605,18.1126,25.0264,,883747.8999,
002197.SZ,20260605,3.2214,3.7513,,402407.7178,
688528.SH,20260605,2.3831,7.0712,,188832.0,
301293.SZ,20260605,4.1706,6.5709,,1141785.8689,
300387.SZ,20260605,2.1386,3.516,,221128.6188,
688258.SH,20260605,4.1285,6.636,,1531237.8757,
601988.SH,20260605,0.1729,2.9811,,194938509.1475,
688575.SH,20260605,1.6347,3.0263,,563960.2521,
001203.SZ,20260605,2.3064,6.1027,,5784312.4813,
600143.SH,20260605,3.7963,4.7084,,4515200.9402,
300053.SZ,20260605,5.8874,7.0366,,1148448.8843,
000426.SZ,20260605,3.6487,5.1346,,6761620.8941,
300743.SZ,20260605,2.2407,3.2368,,262339.5004,
600310.SH,20260605,16.0845,32.8185,,829592.2687,
600990.SH,20260605,1.7286,3.2131,,514184.3749,
301210.SZ,20260605,8.7277,8.8639,,440462.8839,
603393.SH,20260605,1.5324,2.7122,,1133989.5497,
300585.SZ,20260605,6.1243,9.9181,,325966.6665,
300990.SZ,20260605,5.8697,10.0772,,1395928.8583,
300284.SZ,20260605,0.7219,1.2978,,737491.42,
301087.SZ,20260605,0.8689,1.9055,,1103290.269,
000716.SZ,20260605,4.4804,6.9593,,401287.1987,
301372.SZ,20260605,3.5255,3.9643,,242400.0051,
688200.SH,20260605,2.4725,3.8267,,5800862.5519,
688662.SH,20260605,5.8994,9.1572,,783218.24,
000889.SZ,20260605,5.2271,7.0629,,352045.4596,
600678.SH,20260605,6.2582,7.8723,,223353.6,
601699.SH,20260605,1.758,4.6826,,5623849.296,
600765.SH,20260605,1.016,1.5689,,2142441.9311,
002586.SZ,20260605,0.4333,0.7542,,455401.0382,
301235.SZ,20260605,7.9578,10.5863,,747971.45,
688239.SH,20260605,2.6906,3.4916,,1086600.3594,
601065.SH,20260605,0.4131,0.8203,,500079.7895,
920834.BJ,20260605,1.958,3.4669,,124320.0052,
600495.SH,20260605,0.7013,1.0302,,479651.7817,
600673.SH,20260605,2.5478,5.4186,,9982694.1307,
300725.SZ,20260605,2.5659,2.7039,,777175.6015,
300928.SZ,20260605,2.7385,2.9604,,257280.0,
688545.SH,20260605,9.1888,10.6497,,3101760.0,
603722.SH,20260605,1.8205,3.1304,,345245.1875,
920396.BJ,20260605,5.816,8.0944,,181563.9359,
600089.SH,20260605,2.3003,2.8066,,12990729.7,
300243.SZ,20260605,13.8074,14.933,,498179.6159,
300864.SZ,20260605,1.5255,5.3827,,354983.2154,
600121.SH,20260605,19.1397,39.7971,,636011.0838,
300641.SZ,20260605,1.3578,3.1155,,779382.9532,
605055.SH,20260605,1.6327,6.2784,,508640.0,
600959.SH,20260605,0.7625,1.6125,,1700244.0132,
603055.SH,20260605,0.5556,1.8714,,722918.5185,
301275.SZ,20260605,1.8625,2.6921,,1814630.4,
002946.SZ,20260605,0.5051,2.2329,,1451962.5241,
600970.SH,20260605,1.0049,2.4349,,2372740.6962,
000526.SZ,20260605,1.5645,2.2876,,332802.6887,
002796.SZ,20260605,6.5956,9.6011,,1110414.5712,
920414.BJ,20260605,6.8653,7.8241,,81981.1198,
920056.BJ,20260605,3.3277,3.3458,,161177.7241,
600734.SH,20260605,2.9085,3.9363,,463978.5616,
300052.SZ,20260605,8.08,9.7139,,341201.8991,
002380.SZ,20260605,5.5575,7.0834,,921807.9238,
002540.SZ,20260605,1.2813,1.8329,,668110.8282,
002093.SZ,20260605,1.3679,2.8509,,729430.0,
002199.SZ,20260605,2.6839,4.0312,,322074.2462,
601519.SH,20260605,1.6875,3.3717,,1824059.72,
300335.SZ,20260605,5.0115,5.4302,,269511.9992,
301296.SZ,20260605,0.6204,1.5004,,287452.7789,
688620.SH,20260605,7.6379,7.6379,,476280.0,
301458.SZ,20260605,26.5618,26.5618,,1693866.8784,
601515.SH,20260605,0.8659,1.7354,,752468.0324,
600498.SH,20260605,16.3124,26.6786,,7670929.9383,
002650.SZ,20260605,0.303,0.5404,,823670.3651,
920106.BJ,20260605,1.9998,3.1227,,259141.6365,
600295.SH,20260605,0.3421,1.4829,,3725171.1941,
600131.SH,20260605,0.8871,2.1332,,1936541.7511,
920403.BJ,20260605,2.9597,3.82,,205677.4356,
300062.SZ,20260605,3.9921,4.6035,,417648.4763,
603226.SH,20260605,1.0015,3.5488,,1823672.7801,
002926.SZ,20260605,0.5149,0.9565,,2065875.0,
601369.SH,20260605,0.9522,2.4997,,1521827.9764,
301088.SZ,20260605,0.8232,2.6775,,310627.7,
000156.SZ,20260605,0.4966,0.9455,,1241464.7361,
301355.SZ,20260605,3.7045,3.7045,,210315.5664,
002880.SZ,20260605,0.3856,1.4021,,536608.8,
605162.SH,20260605,16.6162,51.1623,,544700.9625,
688256.SH,20260605,1.8519,3.794,,81627822.5325,
300512.SZ,20260605,1.3179,3.5652,,320023.6273,
002658.SZ,20260605,2.591,3.4842,,500343.8472,
300066.SZ,20260605,6.6219,10.3583,,638580.4229,
688480.SH,20260605,1.4999,3.3511,,862987.8985,
603116.SH,20260605,2.1339,4.7868,,422355.1864,
688501.SH,20260605,1.3545,2.2385,,274166.782,
002663.SZ,20260605,2.3797,3.7894,,317096.198,
002867.SZ,20260605,0.7546,2.0814,,1331876.4667,
600448.SH,20260605,5.1273,6.3015,,193354.6362,
300058.SZ,20260605,7.9686,7.9686,,5561252.6806,
301277.SZ,20260605,0.5532,2.147,,370122.0096,
301680.SZ,20260605,23.0063,23.0063,,1076648.4,
600895.SH,20260605,2.1276,4.1517,,4983682.9719,
301418.SZ,20260605,37.0892,37.0892,,347966.6698,
600833.SH,20260605,0.974,1.7692,,230225.1101,
000710.SZ,20260605,2.2276,2.8728,,294129.8589,
000877.SZ,20260605,0.1223,0.6486,,3007737.9866,
300706.SZ,20260605,14.0447,19.7844,,789809.3228,
600348.SH,20260605,1.3517,3.0392,,3524527.5,
603125.SH,20260605,1.2802,4.698,,983752.3913,
000419.SZ,20260605,1.3034,2.3413,,277770.7367,
600057.SH,20260605,0.733,1.6733,,1697731.2923,
300326.SZ,20260605,1.2055,1.5072,,448849.9389,
688286.SH,20260605,6.2541,7.7371,,358782.5408,
002263.SZ,20260605,6.1456,8.5244,,719411.9183,
600919.SH,20260605,0.4668,0.5759,,20883807.2389,
603183.SH,20260605,2.0638,2.6995,,198364.1471,
603898.SH,20260605,1.0497,3.1875,,389804.0176,
603124.SH,20260605,5.2279,5.2279,,2448519.3432,
600370.SH,20260605,1.7471,8.2181,,551101.9447,
600308.SH,20260605,0.4104,0.6815,,521803.3405,
301298.SZ,20260605,6.02,6.7806,,200822.4,
000037.SZ,20260605,12.7774,21.6373,,660025.0426,
300258.SZ,20260605,5.8709,9.2829,,761731.5104,
688608.SH,20260605,2.6395,3.8952,,2737561.9316,
000598.SZ,20260605,0.8635,1.8996,,2050013.9913,
688285.SH,20260605,0.8897,3.5578,,297269.0313,
002144.SZ,20260605,2.8029,3.038,,204691.0074,
000567.SZ,20260605,1.0294,4.2043,,1129754.2656,
301031.SZ,20260605,4.9754,6.1454,,1679751.979,
601398.SH,20260605,0.1035,0.8943,,261602192.7033,
002136.SZ,20260605,2.9661,4.3186,,267699.9,
600490.SH,20260605,1.7633,2.2998,,1560085.3907,
600325.SH,20260605,1.6548,2.3021,,751337.5277,
001376.SZ,20260605,14.7855,14.7855,,631893.9,
000926.SZ,20260605,4.1305,5.2404,,363195.9685,
688410.SH,20260605,2.1647,3.8992,,471410.9175,
600520.SH,20260605,10.104,12.9768,,470220.24,
000930.SZ,20260605,0.738,1.6684,,937503.41,
002733.SZ,20260605,11.8528,19.7534,,1304793.8445,
600455.SH,20260605,3.718,4.6828,,158018.74,
300562.SZ,20260605,3.1638,3.5251,,263648.1077,
600590.SH,20260605,4.8449,7.4982,,1124935.2003,
300381.SZ,20260605,1.7875,2.5453,,295306.9245,
920943.BJ,20260605,3.3693,5.3295,,155632.2725,
603833.SH,20260605,0.6358,2.4767,,2205133.3785,
300464.SZ,20260605,4.4839,6.5406,,415896.7001,
920267.BJ,20260605,2.5179,3.4788,,82371.8868,
002221.SZ,20260605,1.1989,1.9399,,1052853.3484,
300682.SZ,20260605,2.4097,3.735,,1385533.03,
300862.SZ,20260605,3.6853,4.2174,,418528.7838,
688669.SH,20260605,3.5267,6.7776,,539933.3363,
601658.SH,20260605,0.1534,0.7107,,59567146.532,
688385.SH,20260605,3.1146,4.9533,,4582350.1878,
600584.SH,20260605,11.477,14.8144,,13536921.2221,
002937.SZ,20260605,2.8944,5.9746,,1052243.9867,
000795.SZ,20260605,2.6136,5.145,,1042989.3748,
300377.SZ,20260605,4.2034,5.1507,,1001087.1056,
002635.SZ,20260605,10.3449,13.2947,,1164347.1596,
000631.SZ,20260605,1.5187,5.7943,,745200.0275,
300185.SZ,20260605,1.9735,2.3856,,1085733.9937,
300395.SZ,20260605,7.2115,8.9335,,6268243.9987,
603700.SH,20260605,3.2795,4.6912,,233955.4628,
600821.SH,20260605,12.3373,16.9293,,1583696.5872,
300292.SZ,20260605,19.4016,20.7505,,825185.459,
300320.SZ,20260605,2.3682,2.8633,,529687.3223,
300917.SZ,20260605,5.6358,12.6647,,479791.0,
688248.SH,20260605,0.825,2.8256,,2846652.7,
603726.SH,20260605,2.5917,5.7788,,477494.8864,
688092.SH,20260605,1.2756,2.7108,,225258.6915,
300128.SZ,20260605,4.9404,6.8183,,965242.7511,
300474.SZ,20260605,2.3809,2.9204,,2946004.5601,
300727.SZ,20260605,3.7122,7.4954,,584542.4622,
002466.SZ,20260605,3.8905,5.795,,10118267.4038,
688750.SH,20260605,1.1551,1.6653,,770525.0,
603175.SH,20260605,6.8512,6.8512,,3583640.4322,
300612.SZ,20260605,7.9305,9.9711,,239711.6548,
600866.SH,20260605,1.7454,2.3595,,800829.8009,
300451.SZ,20260605,1.712,2.1544,,574725.2607,
300535.SZ,20260605,3.9945,5.382,,169947.5424,
300800.SZ,20260605,1.9527,3.8502,,256646.756,
000737.SZ,20260605,3.2406,6.6108,,2639936.9789,
603296.SH,20260605,4.8694,5.5846,,11936885.1976,
688552.SH,20260605,1.1202,3.5793,,995556.096,
300013.SZ,20260605,5.1803,5.6801,,247911.3489,
000045.SZ,20260605,1.9688,4.0357,,584526.2137,
300688.SZ,20260605,8.7334,10.2874,,436525.6421,
601668.SH,20260605,0.3325,0.7862,,19503224.2896,
920469.BJ,20260605,5.8646,7.9004,,98803.146,
688816.SH,20260605,4.6237,4.6237,,629500.0,
000014.SZ,20260605,2.3518,3.5642,,258263.321,
300448.SZ,20260605,4.508,6.2893,,497240.0531,
603217.SH,20260605,1.1226,2.9786,,508149.9192,
301102.SZ,20260605,0.6989,2.7954,,391384.0,
920275.BJ,20260605,1.1191,3.0036,,99611.0,
300758.SZ,20260605,5.2569,8.5609,,471355.5614,
920344.BJ,20260605,0.4746,1.0843,,233875.2,
600930.SH,20260605,4.49,4.49,,25278857.1427,
600282.SH,20260605,0.5003,1.3434,,3057885.1415,
300632.SZ,20260605,15.0307,17.7191,,841690.908,
688576.SH,20260605,1.4918,1.4985,,314951.4153,
603378.SH,20260605,3.3819,6.9643,,240871.3128,
600853.SH,20260605,1.1058,1.9769,,367971.6647,
603836.SH,20260605,0.7329,1.8205,,258185.9281,
001220.SZ,20260605,3.3108,3.3108,,292282.43,
688343.SH,20260605,2.7036,3.9576,,2292831.1509,
688114.SH,20260605,2.0135,3.7835,,2065920.1288,
600780.SH,20260605,3.8304,9.3024,,811723.7863,
603716.SH,20260605,3.8895,4.5149,,366684.2105,
603086.SH,20260605,1.4302,2.1781,,262627.1384,
300551.SZ,20260605,2.6278,3.2848,,379510.1283,
301565.SZ,20260605,13.4857,16.8404,,1032025.8,
920570.BJ,20260605,3.939,5.637,,136461.9131,
300399.SZ,20260605,2.6735,4.8473,,378008.8,
002349.SZ,20260605,0.6326,0.9642,,556855.9664,
601890.SH,20260605,2.0724,3.223,,863460.0,
601860.SH,20260605,0.8869,1.1569,,955523.5481,
300217.SZ,20260605,5.0903,6.4673,,768548.0088,
002271.SZ,20260605,1.8821,2.4,,3059924.5283,
605158.SH,20260605,0.9016,3.1703,,341117.14,
000561.SZ,20260605,2.3572,4.1888,,711951.0281,
688525.SH,20260605,10.2342,13.2513,,14665723.0016,
603376.SH,20260605,5.841,5.841,,1113602.784,
688813.SH,20260605,11.895,11.895,,2938880.0,
000554.SZ,20260605,3.8788,3.8788,,323573.903,
603619.SH,20260605,2.5301,3.1514,,1173877.3525,
002092.SZ,20260605,2.2294,3.1692,,1175868.8607,
601952.SH,20260605,0.5613,1.7455,,1197482.0,
001390.SZ,20260605,1.2879,1.9162,,343000.0,
301003.SZ,20260605,2.4786,4.6927,,472165.0831,
603334.SH,20260605,4.172,4.172,,597821.0,
300198.SZ,20260605,2.6649,3.3478,,249634.7467,
603822.SH,20260605,1.1175,1.827,,603083.2051,
000701.SZ,20260605,4.1347,6.9391,,379601.8442,
300813.SZ,20260605,2.4507,4.7132,,252094.3755,
688379.SH,20260605,6.4883,10.4795,,710344.6577,
000409.SZ,20260605,1.0192,1.6203,,647251.7323,
002496.SZ,20260605,2.4261,2.6711,,358806.3431,
688293.SH,20260605,1.6238,3.0254,,521573.6063,
300780.SZ,20260605,5.6176,6.3731,,377235.24,
301379.SZ,20260605,12.1679,14.9584,,706979.7163,
300712.SZ,20260605,1.5915,2.7783,,417852.566,
600718.SH,20260605,1.0193,1.3206,,979883.4198,
600012.SH,20260605,0.6682,3.1767,,2713243.9197,
301101.SZ,20260605,1.3362,3.403,,616425.5139,
002396.SZ,20260605,5.0051,6.8121,,1621501.9211,
603191.SH,20260605,5.2571,8.7511,,590636.7038,
920271.BJ,20260605,2.0121,3.4614,,146129.291,
603939.SH,20260605,0.9621,1.9881,,2412660.7387,
000975.SZ,20260605,1.5849,2.4415,,6055199.9202,
603922.SH,20260605,1.1579,2.105,,274176.0,
920005.BJ,20260605,5.1698,5.1698,,272489.0,
600239.SH,20260605,1.1132,1.8265,,244064.4102,
688147.SH,20260605,2.2243,7.0658,,3924713.2711,
002871.SZ,20260605,3.5182,4.5035,,525115.2668,
000096.SZ,20260605,1.1093,2.4142,,427680.0,
300528.SZ,20260605,3.9794,10.0641,,608841.5602,
603960.SH,20260605,3.955,6.3511,,567920.6514,
000545.SZ,20260605,3.5532,4.1679,,241774.1085,
600651.SH,20260605,0.7299,2.0489,,1576920.6214,
300213.SZ,20260605,2.0736,2.1256,,438046.7544,
002959.SZ,20260605,0.4202,1.2224,,558039.9211,
002313.SZ,20260605,2.8115,4.9685,,339206.4,
688659.SH,20260605,3.1872,5.797,,160000.0,
688403.SH,20260605,13.7583,18.3489,,2229610.8848,
002115.SZ,20260605,11.5592,12.7761,,997519.3384,
688082.SH,20260605,1.6466,6.3132,,12113176.8939,
301578.SZ,20260605,5.7777,5.7777,,252433.5921,
600008.SH,20260605,1.4309,2.6684,,2304945.4726,
603959.SH,20260605,2.0079,2.6309,,198571.0918,
603200.SH,20260605,2.7439,5.6038,,843006.4148,
601326.SH,20260605,0.458,1.9745,,1899720.08,
600283.SH,20260605,0.4187,0.9999,,473897.0388,
603819.SH,20260605,2.7607,5.5272,,270420.8923,
603105.SH,20260605,2.0173,3.3684,,424509.5232,
603095.SH,20260605,2.353,7.6752,,485029.5576,
920036.BJ,20260605,17.1818,17.1818,,237551.2749,
300321.SZ,20260605,6.4706,13.5585,,395337.6,
920199.BJ,20260605,3.153,6.0681,,173270.0592,
688458.SH,20260605,4.46,4.9142,,423839.1902,
000538.SZ,20260605,0.5306,1.2116,,8708985.7652,
002240.SZ,20260605,5.6939,7.6769,,3986104.8126,
603198.SH,20260605,0.7352,2.6466,,2810400.0,
920471.BJ,20260605,4.7298,7.882,,101088.0,
600699.SH,20260605,4.174,6.7367,,4094034.2863,
600241.SH,20260605,1.5417,3.0015,,226024.0243,
603456.SH,20260605,1.01,1.815,,1098465.8446,
301591.SZ,20260605,21.7097,21.7097,,521628.12,
688468.SH,20260605,0.8107,1.2884,,250692.5,
300005.SZ,20260605,3.2423,4.0143,,1313181.4484,
600785.SH,20260605,2.5317,4.3742,,345892.7522,
688096.SH,20260605,3.943,4.8202,,304025.5646,
920080.BJ,20260605,3.4375,3.4375,,189987.0,
688328.SH,20260605,6.3663,9.7739,,652881.911,
688012.SH,20260605,2.3451,3.0365,,25860454.4412,
603798.SH,20260605,2.9089,6.1862,,411088.789,
688475.SH,20260605,0.5224,2.766,,2190037.5,
000802.SZ,20260605,10.8222,13.9569,,348643.4242,
600293.SH,20260605,18.1376,25.3285,,459417.4382,
002174.SZ,20260605,2.6693,3.2743,,1047417.9237,
002335.SZ,20260605,4.1352,5.4876,,2878046.2325,
300571.SZ,20260605,16.4774,21.0438,,629551.6625,
600302.SH,20260605,1.972,3.4458,,344971.7746,
000790.SZ,20260605,3.4945,4.2562,,238884.5164,
600444.SH,20260605,1.8499,3.3434,,216118.7716,
002272.SZ,20260605,11.5935,13.6579,,921266.87,
002404.SZ,20260605,7.1571,10.9192,,404357.2126,
600960.SH,20260605,1.7101,3.0955,,414424.7658,
300902.SZ,20260605,2.2414,3.4123,,273795.8737,
301105.SZ,20260605,6.1414,6.1414,,266200.0,
300065.SZ,20260605,5.265,5.4437,,1435862.9284,
002574.SZ,20260605,1.3217,2.8799,,258192.0,
603999.SH,20260605,1.4107,3.346,,327168.0,
603076.SH,20260605,2.6716,5.4101,,294028.474,
000590.SZ,20260605,1.61,2.8547,,234442.3704,
688078.SH,20260605,1.2244,2.1888,,169986.476,
001388.SZ,20260605,3.6395,3.6395,,492960.0,
002277.SZ,20260605,1.9571,2.879,,934095.776,
002642.SZ,20260605,2.8565,3.6173,,503462.6182,
603221.SH,20260605,0.9619,3.3162,,305675.0,
600720.SH,20260605,0.6818,0.9197,,1353811.3834,
301061.SZ,20260605,1.217,3.1735,,1177406.1509,
688391.SH,20260605,2.4024,4.8077,,354411.02,
603172.SH,20260605,1.5453,4.7514,,254755.8,
300311.SZ,20260605,1.4419,1.6286,,350961.3082,
688209.SH,20260605,2.268,4.948,,920489.752,
920177.BJ,20260605,9.9715,9.9715,,168313.44,
003042.SZ,20260605,7.3536,13.9586,,203603.92,
688155.SH,20260605,2.4157,5.1174,,1018189.1724,
688169.SH,20260605,3.3695,4.2638,,2817650.9824,
301038.SZ,20260605,2.257,7.1106,,438129.12,
688382.SH,20260605,2.5371,3.4846,,1019502.335,
002407.SZ,20260605,11.7285,12.5108,,3952236.1291,
920033.BJ,20260605,1.0058,2.1814,,186565.8015,
603568.SH,20260605,0.7342,2.2903,,3076185.0114,
300877.SZ,20260605,2.5895,5.2245,,340320.0,
301382.SZ,20260605,3.404,5.2169,,1127810.3229,
002075.SZ,20260605,1.3318,1.8194,,805133.9383,
600563.SH,20260605,6.4025,11.1516,,3810600.0,
603706.SH,20260605,1.1266,3.6147,,424027.8966,
600021.SH,20260605,3.7482,8.7656,,5473195.7933,
603829.SH,20260605,3.9126,8.1653,,382404.4244,
002606.SZ,20260605,8.2815,11.6607,,609433.6294,
001236.SZ,20260605,1.127,3.0944,,789090.0002,
600508.SH,20260605,2.0623,5.5405,,1019032.38,
688278.SH,20260605,0.6416,1.6278,,2244633.9505,
603657.SH,20260605,1.6035,4.9238,,347168.0484,
002303.SZ,20260605,0.8102,0.9644,,497680.1976,
301257.SZ,20260605,3.7415,6.229,,328343.8241,
000909.SZ,20260605,1.5171,2.5904,,198722.2672,
300229.SZ,20260605,2.0345,2.653,,1395172.6284,
301112.SZ,20260605,2.6711,8.1236,,355720.0516,
600135.SH,20260605,2.018,3.7154,,504062.7672,
300251.SZ,20260605,1.2836,2.6357,,3532040.4721,
301200.SZ,20260605,1.2322,7.9222,,13555294.5805,
000586.SZ,20260605,7.3866,11.0639,,315500.64,
600774.SH,20260605,1.5891,3.8147,,214783.5887,
603155.SH,20260605,2.437,9.1555,,626521.0112,
603185.SH,20260605,1.573,2.8622,,1194018.2499,
603435.SH,20260605,39.4527,39.4527,,3816141.4249,
002068.SZ,20260605,5.0434,9.5846,,791231.4309,
300602.SZ,20260605,7.6437,10.1889,,2373420.935,
603630.SH,20260605,1.7722,4.299,,306053.0242,
603176.SH,20260605,0.8664,2.7565,,238093.8432,
000539.SZ,20260605,11.0669,31.5623,,4331484.2885,
600562.SH,20260605,0.6049,1.7678,,2750715.1156,
002372.SZ,20260605,0.437,1.0694,,1504475.8987,
601555.SH,20260605,0.6804,0.9493,,3731495.8306,
603281.SH,20260605,0.7966,1.1566,,1262986.6689,
920061.BJ,20260605,4.3336,8.1636,,163524.9,
600259.SH,20260605,4.9383,8.0237,,3159806.0667,
605336.SH,20260605,0.7785,2.436,,304097.8421,
002979.SZ,20260605,10.1811,13.2939,,1754047.0295,
600882.SH,20260605,1.6218,3.5051,,921156.8865,
000935.SZ,20260605,1.5125,4.0785,,2004794.3145,
002369.SZ,20260605,3.0841,3.0841,,359450.2815,
603026.SH,20260605,3.9755,5.846,,1949569.0953,
000968.SZ,20260605,2.1472,4.8184,,712081.9578,
601999.SH,20260605,0.8528,2.626,,326141.5024,
000998.SZ,20260605,0.7707,0.9329,,1231397.4751,
002664.SZ,20260605,3.5055,6.9197,,767824.2,
601665.SH,20260605,0.6547,1.0703,,3698459.3575,
605318.SH,20260605,3.0418,10.4153,,1235664.8872,
002235.SZ,20260605,12.9125,15.5975,,614346.621,
300094.SZ,20260605,2.9053,3.7755,,327168.5034,
001386.SZ,20260605,2.8291,2.8291,,1885583.76,
000937.SZ,20260605,1.2802,4.5487,,2067124.9073,
600356.SH,20260605,1.2868,1.8366,,289992.1235,
300049.SZ,20260605,2.8838,3.1033,,1115626.3886,
002227.SZ,20260605,1.1432,2.4465,,203696.6717,
600051.SH,20260605,1.8643,2.6288,,203626.4,
600582.SH,20260605,0.3732,0.9533,,2255530.9461,
601058.SH,20260605,1.0002,1.3536,,4083820.5217,
688621.SH,20260605,1.7362,2.3977,,565712.0,
301150.SZ,20260605,4.079,7.8134,,1344590.9373,
000612.SZ,20260605,3.4173,4.5275,,1330494.5237,
600893.SH,20260605,1.1218,2.2867,,11294122.7864,
688036.SH,20260605,1.0693,2.6219,,6976178.3427,
605577.SH,20260605,0.7339,3.5701,,450666.6672,
000733.SZ,20260605,13.3667,19.3756,,3107227.9996,
600362.SH,20260605,3.0954,7.3856,,15360667.6406,
603881.SH,20260605,3.7558,6.5721,,2602679.8674,
688191.SH,20260605,2.1795,4.15,,1197209.9937,
920639.BJ,20260605,3.9814,5.115,,149184.0,
002373.SZ,20260605,1.6185,2.2179,,1207263.7963,
600218.SH,20260605,1.0922,1.6629,,363725.9324,
000813.SZ,20260605,1.4905,2.5103,,650102.7174,
301078.SZ,20260605,2.1173,2.9041,,1031949.974,
300765.SZ,20260605,0.6619,2.6121,,3497436.4306,
688237.SH,20260605,1.1628,2.591,,423657.5412,
688349.SH,20260605,0.591,2.5775,,2274979.8188,
300423.SZ,20260605,2.7364,3.2569,,314924.6466,
300232.SZ,20260605,3.5936,3.9651,,644856.1605,
301073.SZ,20260605,1.9245,4.7518,,417875.2979,
301209.SZ,20260605,1.7467,4.8726,,986944.0,
301393.SZ,20260605,2.3449,2.3449,,582984.0,
600323.SH,20260605,0.8485,1.5661,,2438703.3137,
002216.SZ,20260605,1.5029,3.0626,,1082275.5631,
002530.SZ,20260605,3.5678,4.4866,,612449.7656,
300274.SZ,20260605,5.2915,5.8758,,31875625.644,
688798.SH,20260605,3.7619,4.6725,,1620010.8916,
002253.SZ,20260605,2.1924,2.6886,,252926.8525,
300878.SZ,20260605,1.4854,5.3296,,416851.337,
920405.BJ,20260605,3.2353,5.518,,189210.74,
603779.SH,20260605,8.5346,12.7907,,287583.665,
920679.BJ,20260605,1.2535,2.6569,,92878.55,
600163.SH,20260605,4.5434,13.3488,,1244559.4775,
600671.SH,20260605,1.439,2.5362,,206293.4312,
600761.SH,20260605,1.3573,2.1153,,1515068.3865,
920575.BJ,20260605,5.6609,5.6631,,125299.24,
002983.SZ,20260605,5.9647,11.9433,,555577.953,
603090.SH,20260605,7.3641,14.8227,,635000.0,
300628.SZ,20260605,2.7147,4.2983,,4991537.2267,
600675.SH,20260605,0.4345,1.5534,,1451072.4794,
300136.SZ,20260605,15.6344,16.3784,,10288157.3279,
300766.SZ,20260605,5.0778,5.4747,,957662.9105,
000798.SZ,20260605,2.6778,5.5412,,294516.2632,
300621.SZ,20260605,3.8569,6.3378,,156666.6951,
920082.BJ,20260605,3.7001,3.7128,,191694.174,
002229.SZ,20260605,8.4286,8.4286,,699629.9981,
688019.SH,20260605,3.2244,4.5785,,4777347.0108,
002515.SZ,20260605,6.6614,7.4697,,808690.2616,
603131.SH,20260605,4.4149,7.6319,,651915.4707,
002923.SZ,20260605,2.7494,4.7911,,341256.2584,
001318.SZ,20260605,0.9685,3.2005,,325341.66,
300045.SZ,20260605,5.7316,6.2953,,1263058.9998,
002678.SZ,20260605,2.2004,13.2879,,848950.2019,
688127.SH,20260605,2.7387,5.5192,,3399799.1352,
002266.SZ,20260605,1.6145,2.9221,,2578320.0726,
300618.SZ,20260605,2.6433,3.3376,,1118625.8927,
603687.SH,20260605,10.4704,20.7564,,1028559.5857,
688233.SH,20260605,4.5888,7.929,,1486769.0753,
688690.SH,20260605,5.4873,9.3735,,1697233.4573,
920675.BJ,20260605,3.2451,5.1601,,143584.776,
003032.SZ,20260605,2.0139,2.8157,,264810.455,
000990.SZ,20260605,2.003,3.751,,1124094.7199,
300950.SZ,20260605,2.2502,3.0655,,279017.504,
002755.SZ,20260605,1.1114,3.6714,,1199183.1735,
600623.SH,20260605,1.2463,3.5972,,1793792.4316,
688069.SH,20260605,3.4309,6.5383,,571554.0,
300958.SZ,20260605,3.3063,3.5288,,195607.2506,
920765.BJ,20260605,2.1977,4.6041,,117602.8642,
920779.BJ,20260605,4.0126,4.0126,,226371.2334,
603331.SH,20260605,4.7246,6.1772,,257571.7603,
000880.SZ,20260605,10.2625,10.2625,,1247753.3796,
001312.SZ,20260605,5.6587,5.6587,,473433.3347,
300098.SZ,20260605,3.2241,3.398,,914073.4767,
688100.SH,20260605,0.6675,2.6891,,1657470.7249,
301345.SZ,20260605,3.3507,4.0393,,2250009.4819,
920720.BJ,20260605,7.6487,7.9145,,298002.7575,
301338.SZ,20260605,7.8517,9.8944,,2745439.2,
300685.SZ,20260605,7.1037,9.1676,,776309.2863,
603195.SH,20260605,0.3594,2.1297,,7235253.9711,
920252.BJ,20260605,6.8499,11.4302,,210433.8633,
920489.BJ,20260605,6.0747,6.0747,,214923.24,
600775.SH,20260605,2.5657,3.926,,991514.804,
603002.SH,20260605,5.3002,11.3061,,1899581.5026,
605169.SH,20260605,0.8707,3.1557,,314562.56,
920807.BJ,20260605,8.4197,12.156,,239172.2,
300746.SZ,20260605,2.0331,4.2602,,243797.3942,
000901.SZ,20260605,3.2804,5.0394,,1505407.8517,
301519.SZ,20260605,7.4552,8.8743,,214985.0291,
002019.SZ,20260605,0.7765,0.9431,,1221255.6453,
300073.SZ,20260605,2.9563,3.8499,,2797669.4535,
600843.SH,20260605,2.193,2.8282,,537014.3594,
603566.SH,20260605,0.5875,0.8587,,360942.9507,
688811.SH,20260605,14.8271,14.8271,,1352010.3655,
603035.SH,20260605,0.8764,1.2933,,446210.7434,
603165.SH,20260605,3.1163,5.6734,,521943.6629,
601928.SH,20260605,0.1972,0.7251,,2287865.1,
000036.SZ,20260605,1.7328,2.4698,,717351.3685,
002651.SZ,20260605,1.1787,2.2437,,843303.36,
605088.SH,20260605,1.7169,2.9511,,672036.8657,
300079.SZ,20260605,2.0391,2.1121,,717292.1152,
300644.SZ,20260605,4.5286,6.2932,,278224.9381,
603271.SH,20260605,1.928,2.2518,,887842.935,
688496.SH,20260605,8.9115,19.0005,,53100.0,
300001.SZ,20260605,4.8257,7.1787,,4207373.324,
300300.SZ,20260605,5.6227,7.2349,,616166.6853,
688678.SH,20260605,4.2356,6.3528,,901346.1362,
300037.SZ,20260605,6.5742,7.5909,,5728015.9886,
600830.SH,20260605,1.6181,2.3615,,358460.6474,
688390.SH,20260605,8.6143,12.8563,,2839695.8812,
920641.BJ,20260605,9.0092,14.1562,,127252.125,
688270.SH,20260605,4.6939,5.9448,,2440188.24,
002787.SZ,20260605,16.546,20.8048,,924733.2474,
920200.BJ,20260605,14.9907,14.9907,,479871.0,
300196.SZ,20260605,15.1585,19.3431,,983785.1431,
300327.SZ,20260605,8.5014,11.1236,,937743.8625,
688400.SH,20260605,6.3716,12.3826,,2750782.4673,
300708.SZ,20260605,5.6428,6.2942,,827184.2419,
002928.SZ,20260605,3.2841,5.9795,,926725.1238,
300886.SZ,20260605,4.9781,6.8219,,178094.038,
601615.SH,20260605,4.2516,5.516,,3184187.362,
300266.SZ,20260605,1.9888,3.3696,,330960.9579,
002645.SZ,20260605,19.8759,31.6686,,2347476.3865,
688158.SH,20260605,6.2669,7.083,,1705653.502,
920018.BJ,20260605,3.1749,3.1749,,303744.6746,
688353.SH,20260605,2.9148,6.4231,,1319543.5,
300083.SZ,20260605,8.3022,8.7787,,1723132.7796,
301035.SZ,20260605,0.3069,0.9466,,1852415.7618,
600389.SH,20260605,1.433,2.0172,,1046479.5,
605050.SH,20260605,0.4837,1.3295,,528805.7112,
001379.SZ,20260605,2.9624,3.0271,,365200.0,
600428.SH,20260605,2.1354,4.5436,,2173184.9528,
002839.SZ,20260605,0.7207,0.9109,,1033957.924,
300421.SZ,20260605,7.2598,8.2374,,654511.8574,
600975.SH,20260605,0.6491,1.0818,,602336.9587,
300870.SZ,20260605,2.3033,4.7692,,4081990.7923,
002177.SZ,20260605,4.2306,4.4002,,499341.4889,
002591.SZ,20260605,5.0704,5.9041,,227851.4084,
300782.SZ,20260605,4.9356,6.8261,,6024138.6523,
001306.SZ,20260605,14.9525,14.9525,,401615.334,
600861.SH,20260605,0.287,0.6836,,806710.6232,
603859.SH,20260605,9.905,13.5227,,1109459.3763,
000560.SZ,20260605,2.9557,3.9443,,603008.2179,
600560.SH,20260605,1.7882,3.2589,,286489.8855,
688549.SH,20260605,18.0509,20.8862,,2362164.324,
920098.BJ,20260605,3.6186,5.4189,,196632.6522,
600663.SH,20260605,0.273,1.0731,,3534677.8827,
300868.SZ,20260605,6.6205,9.0784,,1553721.136,
300724.SZ,20260605,4.4383,4.7052,,2595123.7367,
603007.SH,20260605,5.9004,5.9004,,523710.4918,
300071.SZ,20260605,3.9635,5.2332,,393264.8091,
001279.SZ,20260605,2.2313,2.2313,,444160.0,
001311.SZ,20260605,2.492,4.249,,826700.0504,
688351.SH,20260605,1.1021,3.7036,,1101204.0,
603860.SH,20260605,2.0548,3.8221,,183370.0,
301042.SZ,20260605,1.5304,2.3078,,727426.0788,
301419.SZ,20260605,13.2499,17.4549,,706200.0,
002667.SZ,20260605,9.5385,12.106,,604572.28,
002353.SZ,20260605,4.3281,5.2061,,15499129.6,
301295.SZ,20260605,6.8453,6.8453,,476985.6,
300123.SZ,20260605,4.2509,4.8578,,463912.6918,
002155.SZ,20260605,2.0073,3.0912,,3820682.4676,
688395.SH,20260605,2.0263,4.8247,,223681.9108,
301103.SZ,20260605,1.4308,2.2616,,262481.9683,
600199.SH,20260605,2.4201,3.3197,,483480.6656,
601158.SH,20260605,0.1542,1.3484,,2040012.7109,
001206.SZ,20260605,2.2941,3.094,,296199.8804,
688511.SH,20260605,2.2247,4.9353,,330986.4433,
000607.SZ,20260605,1.5558,2.912,,361282.9356,
001896.SZ,20260605,19.6386,51.4778,,3033253.284,
600248.SH,20260605,0.3379,1.0571,,1174276.8798,
300810.SZ,20260605,2.3942,4.3165,,313186.65,
603915.SH,20260605,2.6815,7.5091,,1097330.9146,
600515.SH,20260605,1.0386,1.7225,,3518995.3574,
600556.SH,20260605,2.8584,4.6774,,918335.8021,
301263.SZ,20260605,3.4717,3.6719,,1002301.911,
001230.SZ,20260605,3.059,4.4545,,344435.7144,
300670.SZ,20260605,4.5194,5.8772,,215505.9257,
920227.BJ,20260605,5.6552,9.2641,,257208.6075,
300059.SZ,20260605,1.9119,2.051,,29302714.1685,
603569.SH,20260605,0.8778,3.0335,,362104.3506,
920167.BJ,20260605,7.0453,12.856,,206079.6345,
002206.SZ,20260605,1.4432,2.0259,,622943.0699,
002163.SZ,20260605,2.6384,3.679,,833128.4569,
301279.SZ,20260605,2.6433,7.1698,,374293.4431,
000856.SZ,20260605,2.5751,3.6787,,197717.0,
601099.SH,20260605,1.3172,1.4786,,2208486.5039,
300057.SZ,20260605,11.3315,12.5365,,867085.744,
603236.SH,20260605,5.4072,7.0944,,2310128.3279,
600110.SH,20260605,10.609,15.1263,,1959019.2722,
600962.SH,20260605,1.5961,2.8792,,634548.2,
603358.SH,20260605,2.7946,6.0375,,1806631.8703,
001382.SZ,20260605,6.1305,6.1305,,842952.0,
002588.SZ,20260605,1.2377,1.9463,,1024031.9702,
688726.SH,20260605,8.6034,8.6034,,2496809.3242,
600085.SH,20260605,0.3672,0.7721,,3432790.0658,
688123.SH,20260605,5.9414,7.5235,,2059059.4891,
300170.SZ,20260605,5.4092,5.4838,,1848389.9101,
603660.SH,20260605,2.9283,3.814,,665217.4981,
603516.SH,20260605,8.8756,12.8339,,2744528.3031,
920169.BJ,20260605,6.5268,10.5005,,200384.2232,
603499.SH,20260605,1.0837,2.6678,,544064.7132,
300863.SZ,20260605,6.4056,14.6545,,1780176.1675,
600330.SH,20260605,15.238,18.7883,,3628764.0519,
002185.SZ,20260605,12.3055,15.7572,,6008749.8977,
002587.SZ,20260605,6.3833,7.0537,,461425.43,
002376.SZ,20260605,1.224,1.7157,,522812.8389,
002806.SZ,20260605,28.9254,30.8195,,420283.8358,
600577.SH,20260605,5.0687,5.9886,,2607128.1666,
300895.SZ,20260605,3.7067,7.5553,,803267.7482,
601020.SH,20260605,2.6721,3.5178,,1976114.9222,
603665.SH,20260605,2.1098,3.6424,,428288.4485,
301598.SZ,20260605,4.4011,4.4011,,322756.782,
600980.SH,20260605,2.1824,4.1597,,409718.6751,
300803.SZ,20260605,3.0165,4.8411,,5121032.5022,
603995.SH,20260605,2.7096,5.2409,,691018.4547,
603459.SH,20260605,24.251,24.251,,7422965.3346,
002057.SZ,20260605,5.3022,7.9252,,758407.0082,
300164.SZ,20260605,12.3517,13.8011,,559624.1562,
603733.SH,20260605,2.2086,10.8449,,1853529.6588,
300124.SZ,20260605,2.2063,2.7352,,20328690.4116,
603315.SH,20260605,4.6569,9.4681,,531807.9982,
000767.SZ,20260605,14.4436,22.4685,,1643087.1449,
001393.SZ,20260605,13.0222,13.0222,,1621165.3377,
688376.SH,20260605,1.0531,2.4468,,937836.9797,
002296.SZ,20260605,2.8334,2.9461,,396203.2871,
603322.SH,20260605,3.9019,4.9073,,481112.4882,
300246.SZ,20260605,4.3482,4.9099,,438188.316,
002841.SZ,20260605,0.9163,1.3199,,2482691.016,
302132.SZ,20260605,0.9064,1.9801,,15580964.8135,
605333.SH,20260605,0.5481,1.9404,,918800.0039,
688516.SH,20260605,4.2914,7.6702,,1839636.0426,
688288.SH,20260605,1.6222,3.4011,,209209.5236,
301121.SZ,20260605,3.4996,4.3091,,379393.2328,
000411.SZ,20260605,2.4087,7.4622,,643363.1773,
002244.SZ,20260605,0.7472,1.7289,,2986986.1344,
600743.SH,20260605,4.5035,9.8848,,584179.1176,
603348.SH,20260605,0.712,1.3613,,500018.7353,
920198.BJ,20260605,4.8876,5.0019,,136513.8357,
301185.SZ,20260605,2.6542,3.7156,,254673.216,
002718.SZ,20260605,1.6934,4.6345,,1135516.356,
600864.SH,20260605,1.0425,1.9253,,1104782.9461,
301222.SZ,20260605,6.0807,17.5976,,476167.6483,
301043.SZ,20260605,1.5819,4.5485,,303620.0,
301198.SZ,20260605,2.0338,4.1322,,294060.0,
002655.SZ,20260605,14.0552,16.3944,,1377096.112,
002803.SZ,20260605,2.7076,3.0194,,942698.2678,
688307.SH,20260605,4.5799,6.9001,,840529.9868,
600728.SH,20260605,1.2119,1.44,,1008719.4505,
300848.SZ,20260605,2.3117,4.2097,,611879.3066,
600644.SH,20260605,4.7828,8.5667,,649454.2786,
300795.SZ,20260605,3.2409,4.2485,,287237.0091,
600156.SH,20260605,5.638,9.4461,,384417.8311,
002682.SZ,20260605,2.9523,4.1642,,287370.3515,
301246.SZ,20260605,7.81,8.5209,,1152019.584,
001288.SZ,20260605,3.4035,5.1546,,574989.4346,
600343.SH,20260605,6.1726,10.9804,,1650401.6159,
603080.SH,20260605,1.7739,3.3432,,289367.5,
003016.SZ,20260605,0.9661,2.938,,302355.039,
000006.SZ,20260605,2.5732,4.0839,,1148845.7841,
300701.SZ,20260605,2.7467,4.8861,,300830.1666,
600859.SH,20260605,1.9937,2.9832,,1196986.9666,
002267.SZ,20260605,0.4588,1.29,,822935.8293,
300442.SZ,20260605,2.0521,5.0392,,12775663.7101,
688106.SH,20260605,6.0761,9.5508,,1447145.3523,
301193.SZ,20260605,9.4228,16.3486,,584137.7127,
301221.SZ,20260605,3.3759,4.85,,400035.7137,
603091.SH,20260605,1.6943,1.6943,,693792.4493,
688682.SH,20260605,4.0324,10.5515,,437092.5373,
600602.SH,20260605,2.4183,4.3155,,2457709.1986,
003011.SZ,20260605,12.5902,16.5829,,222396.216,
920300.BJ,20260605,4.003,4.9714,,92285.6605,
601212.SH,20260605,1.2658,3.484,,4472483.8046,
605028.SH,20260605,0.8906,3.5623,,350880.0,
688195.SH,20260605,6.673,10.2237,,4378756.2,
300546.SZ,20260605,2.4108,2.7428,,316752.6784,
002822.SZ,20260605,0.5342,0.5342,,573300.0,
300748.SZ,20260605,3.6797,6.1711,,4280833.8923,
688210.SH,20260605,3.3321,4.9823,,735225.4962,
000090.SZ,20260605,3.9018,6.4574,,655859.4473,
600398.SH,20260605,0.4124,1.0266,,2771198.4608,
002317.SZ,20260605,3.2309,3.8102,,1858797.9532,
300018.SZ,20260605,4.9136,4.9212,,605023.6436,
301512.SZ,20260605,8.8061,12.6775,,296000.37,
001283.SZ,20260605,5.1002,5.1002,,705719.213,
600754.SH,20260605,1.4094,3.0116,,2144326.1709,
688396.SH,20260605,3.4715,10.264,,8843226.7074,
300591.SZ,20260605,3.7313,4.0878,,303038.3114,
600212.SH,20260605,1.7883,2.0802,,431644.0806,
920237.BJ,20260605,2.1902,5.9794,,157183.0603,
603618.SH,20260605,13.5278,27.5027,,2883727.6943,
000917.SZ,20260605,1.826,2.191,,1054661.9155,
300457.SZ,20260605,2.9866,5.1136,,1601980.5197,
300623.SZ,20260605,6.0202,9.6546,,2768329.8905,
600262.SH,20260605,1.6067,2.6136,,375360.0,
002981.SZ,20260605,8.8665,24.3772,,384823.6359,
603123.SH,20260605,1.9239,3.8681,,762793.5151,
688137.SH,20260605,1.1373,3.5386,,275789.4753,
300353.SZ,20260605,13.1746,13.7323,,1349074.9809,
603390.SH,20260605,2.2112,5.9667,,429718.7244,
301281.SZ,20260605,8.9913,12.8666,,471061.5,
600941.SH,20260605,0.8429,0.8844,,211005744.6669,
000509.SZ,20260605,16.103,26.6371,,510808.9528,
600096.SH,20260605,1.9256,3.1239,,5427043.4062,
300042.SZ,20260605,16.9249,22.5335,,1369333.2,
600760.SH,20260605,0.6951,2.1125,,11482133.5917,
002250.SZ,20260605,1.2771,1.7307,,1264321.8699,
002468.SZ,20260605,1.3021,3.3356,,2127815.0107,
603231.SH,20260605,1.2592,1.5799,,301165.1722,
002186.SZ,20260605,1.0774,1.9206,,288199.3711,
002929.SZ,20260605,10.4212,15.8069,,1901368.0812,
000848.SZ,20260605,1.0866,1.9167,,808860.0587,
688707.SH,20260605,4.4531,6.3892,,771758.891,
920076.BJ,20260605,4.3754,4.3754,,167904.6036,
300962.SZ,20260605,0.9393,2.0511,,351386.5249,
002987.SZ,20260605,3.9185,9.3096,,1277248.3273,
002547.SZ,20260605,3.281,4.4805,,399332.2375,
603291.SH,20260605,0.8628,3.884,,431685.0161,
002673.SZ,20260605,0.5647,1.0664,,2842653.9644,
300609.SZ,20260605,3.6203,4.2603,,431210.6493,
600546.SH,20260605,2.445,5.8088,,2797245.6135,
002693.SZ,20260605,2.5196,4.9466,,384002.7085,
002160.SZ,20260605,2.3515,3.9925,,453390.9323,
603826.SH,20260605,1.1043,4.0319,,1949220.0,
300929.SZ,20260605,2.82,3.4542,,157370.3506,
601066.SH,20260605,0.6167,3.8428,,19034929.0318,
002072.SZ,20260605,12.5094,24.0983,,334221.12,
600279.SH,20260605,3.7816,10.9431,,691943.043,
920866.BJ,20260605,1.473,1.8427,,120737.953,
000759.SZ,20260605,9.5005,14.9238,,377604.2463,
300529.SZ,20260605,1.0219,1.276,,1375198.2836,
603416.SH,20260605,3.3604,6.4828,,933717.7573,
002315.SZ,20260605,2.1846,2.6207,,1084629.4343,
300175.SZ,20260605,3.1032,4.0805,,260352.4,
600039.SH,20260605,0.1906,0.8855,,7304296.1418,
300971.SZ,20260605,3.7905,4.3036,,252957.6,
301120.SZ,20260605,8.0689,10.7127,,816399.3707,
300317.SZ,20260605,11.7927,13.4849,,448301.7387,
003039.SZ,20260605,0.5231,2.395,,764488.1877,
002646.SZ,20260605,1.0276,1.7657,,348311.4971,
688633.SH,20260605,7.5686,18.9931,,473860.9929,
688115.SH,20260605,4.5135,11.0293,,374685.4,
603062.SH,20260605,1.686,1.9317,,460080.0,
601107.SH,20260605,0.5037,2.3561,,1822603.76,
301167.SZ,20260605,5.1844,5.1844,,166880.0,
605189.SH,20260605,3.2709,7.2731,,333767.1495,
000020.SZ,20260605,2.2053,6.457,,352818.8888,
600208.SH,20260605,1.6845,3.9015,,2425048.128,
301093.SZ,20260605,1.8509,3.2842,,2019679.9752,
301428.SZ,20260605,9.5689,10.9827,,350957.3345,
002191.SZ,20260605,1.8291,2.3716,,547209.8088,
300842.SZ,20260605,6.7837,7.6913,,1191729.7318,
000565.SZ,20260605,2.2769,3.8298,,288772.4185,
920145.BJ,20260605,2.5605,4.1447,,89457.4,
600998.SH,20260605,0.5942,1.3397,,2506107.7063,
002238.SZ,20260605,0.7047,2.0519,,509625.0666,
300497.SZ,20260605,5.8786,6.4202,,853758.5604,
301020.SZ,20260605,3.5755,11.1801,,357216.0,
600173.SH,20260605,1.5794,3.9434,,485450.8271,
600178.SH,20260605,0.9913,2.0204,,416096.7356,
300176.SZ,20260605,3.3204,4.4329,,223073.7408,
688187.SH,20260605,2.1183,7.1195,,7466273.5785,
605080.SH,20260605,1.5923,4.728,,308983.6537,
920087.BJ,20260605,3.5235,7.7952,,193944.8,
002782.SZ,20260605,6.0959,14.7001,,1290002.3978,
688577.SH,20260605,2.4274,7.1716,,770055.7247,
601360.SH,20260605,0.9545,2.34,,6852567.1635,
603998.SH,20260605,0.8722,1.3981,,425030.7565,
300751.SZ,20260605,6.0774,7.7848,,6401074.1102,
002249.SZ,20260605,3.4178,3.9122,,2066301.6123,
002328.SZ,20260605,10.303,11.6562,,662178.66,
000753.SZ,20260605,1.5734,2.5281,,518544.6001,
600288.SH,20260605,2.8026,3.0887,,590116.8,
600558.SH,20260605,2.2244,3.3385,,506249.1247,
300510.SZ,20260605,1.9981,2.7151,,299362.7241,
002025.SZ,20260605,5.0654,8.6041,,2950745.8896,
002997.SZ,20260605,2.1804,3.7207,,621893.6566,
000898.SZ,20260605,0.4957,1.9188,,1911321.1366,
300418.SZ,20260605,4.0888,5.6341,,5204390.5958,
688079.SH,20260605,12.2031,27.0034,,1279871.9156,
000547.SZ,20260605,8.818,11.0785,,3272064.5466,
600125.SH,20260605,0.7344,1.0493,,731092.2494,
688786.SH,20260605,6.6348,10.7693,,611006.2127,
600702.SH,20260605,2.538,3.6399,,1358654.503,
601965.SH,20260605,0.7112,1.9007,,1544704.526,
600421.SH,20260605,9.9971,16.7349,,7041.6,
603817.SH,20260605,1.221,2.3654,,349461.5159,
603989.SH,20260605,10.3521,30.2918,,1415668.503,
300010.SZ,20260605,1.9952,1.9952,,568318.4812,
601619.SH,20260605,2.0011,3.3056,,1470950.8114,
001278.SZ,20260605,8.8966,14.7815,,224328.6542,
605166.SH,20260605,3.4317,5.045,,327322.0496,
688189.SH,20260605,3.1107,5.5833,,212385.6,
601163.SH,20260605,0.3666,1.0406,,1103200.0,
603303.SH,20260605,1.4267,5.93,,1309212.8584,
603212.SH,20260605,6.9611,10.9606,,694297.6393,
688488.SH,20260605,0.9848,1.7831,,578997.1438,
000028.SZ,20260605,0.3596,0.9925,,1268411.8105,
300533.SZ,20260605,5.9291,6.8889,,535042.2155,
603161.SH,20260605,3.6001,6.4706,,289473.0727,
688198.SH,20260605,0.253,0.9456,,1104602.2785,
002795.SZ,20260605,4.4057,6.1647,,333474.0074,
920394.BJ,20260605,3.5312,10.6108,,730665.0,
002836.SZ,20260605,1.0967,2.7963,,253440.0,
603289.SH,20260605,3.7634,10.2804,,286062.5615,
002306.SZ,20260605,1.2213,1.4849,,190477.9875,
301303.SZ,20260605,35.2933,35.5447,,690054.4,
001268.SZ,20260605,2.6048,3.5611,,420940.0026,
600497.SH,20260605,3.5696,6.0049,,4506100.1518,
002120.SZ,20260605,1.0234,2.3189,,1954061.6937,
301319.SZ,20260605,12.9552,24.2139,,2177911.4056,
603108.SH,20260605,3.1446,4.3802,,705125.5023,
688456.SH,20260605,6.1876,9.8016,,921537.4,
001211.SZ,20260605,5.695,9.8296,,329000.0,
301446.SZ,20260605,7.0809,7.0809,,481104.0,
002809.SZ,20260605,4.895,5.5883,,212149.7681,
001234.SZ,20260605,2.0646,6.2781,,255918.6443,
920101.BJ,20260605,1.4966,1.4966,,267444.522,
002488.SZ,20260605,1.981,2.5859,,1014352.4072,
000721.SZ,20260605,1.8093,2.799,,364435.5856,
000793.SZ,20260605,1.1552,1.4927,,509297.5915,
600243.SH,20260605,2.8841,3.4236,,175101.15,
920339.BJ,20260605,4.9316,13.6222,,254115.1852,
002463.SZ,20260605,4.967,7.2656,,25636371.0399,
605196.SH,20260605,2.5483,3.923,,2000456.0886,
002067.SZ,20260605,3.7112,3.8391,,699080.7263,
300291.SZ,20260605,6.6386,10.6508,,572668.9078,
300819.SZ,20260605,2.6625,6.6119,,953718.36,
300355.SZ,20260605,1.4701,1.7931,,500523.5293,
300611.SZ,20260605,4.2102,4.9018,,565680.1424,
920455.BJ,20260605,1.6781,3.0041,,124037.55,
002371.SZ,20260605,1.1162,2.0725,,43733500.719,
688122.SH,20260605,2.6655,3.9693,,3942813.8323,
601595.SH,20260605,0.9481,3.0799,,866370.6,
300965.SZ,20260605,3.0383,10.3368,,300060.0,
688109.SH,20260605,2.5031,4.9696,,684035.7948,
920039.BJ,20260605,1.4115,4.3078,,129362.62,
688625.SH,20260605,2.0552,5.2588,,1971461.4026,
600481.SH,20260605,5.7476,9.8577,,1030026.5994,
600581.SH,20260605,0.5525,1.1054,,397020.5483,
000548.SZ,20260605,1.4603,2.1574,,238125.9418,
300920.SZ,20260605,5.3622,6.8607,,492200.0,
300445.SZ,20260605,8.6156,11.2377,,521303.2519,
603886.SH,20260605,11.622,23.0122,,292560.0,
601038.SH,20260605,0.5632,2.2492,,1411298.4654,
000818.SZ,20260605,3.1641,4.34,,904200.0534,
000999.SZ,20260605,0.39,1.062,,4029071.4342,
301259.SZ,20260605,2.4822,3.1378,,529308.0,
601678.SH,20260605,4.9872,5.6898,,1104521.0802,
920504.BJ,20260605,2.7698,3.4189,,80729.5653,
600598.SH,20260605,0.905,2.524,,2547415.3096,
301589.SZ,20260605,2.1936,2.3511,,1391249.952,
920128.BJ,20260605,41.0793,41.0793,,260701.09,
600552.SH,20260605,14.8984,21.0665,,2050741.5669,
002142.SZ,20260605,0.2507,0.4772,,20180573.4604,
603633.SH,20260605,9.8511,14.663,,372179.0333,
002166.SZ,20260605,0.8411,1.4087,,571039.2573,
002098.SZ,20260605,0.9438,2.2297,,258476.0,
300279.SZ,20260605,6.7646,9.1826,,378073.9058,
000012.SZ,20260605,6.5466,10.7847,,1332601.3392,
603685.SH,20260605,1.5392,2.5816,,845107.8477,
601606.SH,20260605,1.5017,3.653,,2316082.4232,
601609.SH,20260605,4.3528,8.7526,,2184998.676,
002494.SZ,20260605,4.6948,5.247,,198088.127,
603380.SH,20260605,2.2462,5.0448,,570208.0248,
301363.SZ,20260605,4.1137,9.0153,,1483616.0374,
603638.SH,20260605,2.2987,7.9732,,1924801.684,
920682.BJ,20260605,9.3497,13.0321,,279571.968,
600996.SH,20260605,4.5475,8.5846,,1169498.2631,
002582.SZ,20260605,4.2465,4.7761,,432485.8227,
300417.SZ,20260605,5.343,6.1249,,170222.448,
603042.SH,20260605,11.174,14.5081,,326800.3244,
001965.SZ,20260605,0.2129,1.0092,,6455340.2424,
600322.SH,20260605,3.1197,4.099,,290799.1,
600606.SH,20260605,1.1244,4.0531,,1981644.7823,
002851.SZ,20260605,9.1237,10.5149,,8520844.2228,
000034.SZ,20260605,4.3657,4.6632,,2484911.7364,
002262.SZ,20260605,0.8192,1.3876,,1962499.6784,
000430.SZ,20260605,6.3172,7.7889,,676045.5356,
600693.SH,20260605,13.4971,29.9609,,900290.8646,
002896.SZ,20260605,14.6117,26.5668,,1705227.2076,
000929.SZ,20260605,1.654,2.2503,,180193.02,
603797.SH,20260605,0.9436,2.2242,,246210.4161,
002823.SZ,20260605,15.2096,18.7242,,656737.898,
000686.SZ,20260605,0.8794,1.5323,,1802148.7446,
301307.SZ,20260605,6.6694,6.8232,,1253701.8,
688583.SH,20260605,6.3128,6.3128,,1000776.4,
603005.SH,20260605,20.8518,24.7559,,2986946.4135,
002460.SZ,20260605,4.6369,5.1945,,13764798.7623,
688095.SH,20260605,2.7724,4.6094,,650205.7323,
300165.SZ,20260605,4.1501,4.92,,298793.5702,
000636.SZ,20260605,14.6296,19.1452,,6901583.8036,
688560.SH,20260605,1.9692,3.1642,,284238.3082,
000807.SZ,20260605,1.9334,3.3394,,9585434.2674,
600769.SH,20260605,7.8429,9.8132,,600713.4744,
002182.SZ,20260605,2.8558,4.3225,,1388508.1742,
688146.SH,20260605,17.5639,17.5639,,12235235.3009,
600973.SH,20260605,6.8023,11.2941,,1044981.081,
300773.SZ,20260605,2.9568,4.0578,,1807299.32,
601963.SH,20260605,0.4809,1.4172,,4354527.4626,
688325.SH,20260605,3.5878,6.8353,,1074498.0731,
920159.BJ,20260605,7.9265,7.9265,,267444.0,
300705.SZ,20260605,0.9119,1.2517,,564828.6813,
688081.SH,20260605,1.1355,2.3025,,529934.72,
688785.SH,20260605,9.457,9.457,,2351144.2209,
300364.SZ,20260605,5.3134,6.1008,,1735287.2811,
605099.SH,20260605,0.8924,8.2641,,1565531.316,
600997.SH,20260605,1.1519,3.7498,,932038.5125,
002338.SZ,20260605,2.4891,4.2475,,1277040.0,
301017.SZ,20260605,3.2039,6.2284,,569878.0106,
000725.SZ,20260605,15.1455,17.4401,,23819502.9452,
603799.SH,20260605,3.162,3.9885,,9476050.575,
000875.SZ,20260605,2.1075,2.9911,,2321453.2006,
002351.SZ,20260605,2.0585,2.6351,,971793.951,
300997.SZ,20260605,3.0899,10.5702,,768640.8956,
600829.SH,20260605,0.8456,3.3329,,499284.082,
002451.SZ,20260605,2.271,3.6767,,362230.74,
688027.SH,20260605,2.6232,3.4409,,5577123.4742,
300983.SZ,20260605,1.2838,3.887,,609292.8,
000656.SZ,20260605,0.9457,1.3406,,1483583.0285,
601512.SH,20260605,0.7449,3.9206,,1302535.41,
301015.SZ,20260605,0.8639,3.4694,,1108015.5543,
603113.SH,20260605,0.9227,1.8312,,430184.7423,
688347.SH,20260605,7.6616,8.6919,,39445303.4936,
000338.SZ,20260605,3.0749,3.1233,,26956594.0606,
001389.SZ,20260605,4.7721,4.7721,,8223572.0231,
002458.SZ,20260605,1.8676,2.165,,1117761.7635,
300506.SZ,20260605,0.8653,0.9631,,658625.6149,
001233.SZ,20260605,3.5058,3.5058,,930796.5367,
688768.SH,20260605,1.7343,2.6507,,466780.1225,
603248.SH,20260605,7.1832,7.1832,,1182660.0,
002677.SZ,20260605,1.0142,2.1315,,468387.4441,
603260.SH,20260605,0.9002,3.7148,,4414360.7177,
688125.SH,20260605,0.7943,2.5996,,1545371.6409,
301158.SZ,20260605,2.5837,4.7305,,299543.2904,
600198.SH,20260605,5.3235,11.2386,,1169332.3763,
600681.SH,20260605,1.2496,2.4758,,492093.7153,
002119.SZ,20260605,13.0742,16.286,,931830.172,
920110.BJ,20260605,1.5267,2.3037,,107016.0,
603138.SH,20260605,3.9038,7.0256,,518097.5877,
300789.SZ,20260605,2.4489,20.9281,,299349.8876,
301157.SZ,20260605,7.0378,7.0378,,420480.0,
002357.SZ,20260605,4.4846,6.3975,,327282.5536,
688073.SH,20260605,1.0753,2.6029,,435238.438,
920425.BJ,20260605,7.7946,11.5953,,182519.738,
600346.SH,20260605,0.7998,3.197,,11938313.2371,
002135.SZ,20260605,3.7854,6.3788,,831064.258,
600170.SH,20260605,0.9453,1.7087,,2212598.9963,
002811.SZ,20260605,1.3149,2.7884,,349237.9857,
688088.SH,20260605,1.7452,2.9557,,1500778.4664,
688697.SH,20260605,2.6693,6.7929,,956284.0976,
000529.SZ,20260605,0.6724,1.5175,,291895.165,
920179.BJ,20260605,10.9243,14.86,,510020.91,
688646.SH,20260605,2.0202,2.0308,,608572.9355,
002332.SZ,20260605,0.4622,0.59,,824996.8582,
603616.SH,20260605,6.381,9.91,,233492.454,
001332.SZ,20260605,5.5067,9.5246,,734758.5,
688326.SH,20260605,1.7627,3.5193,,946693.9973,
301255.SZ,20260605,12.8409,12.8409,,384455.68,
603269.SH,20260605,6.9262,9.3147,,678327.6343,
600479.SH,20260605,0.6806,0.9523,,495655.4861,
002968.SZ,20260605,1.8161,3.7045,,224015.0052,
920564.BJ,20260605,5.0469,8.089,,205401.6667,
600184.SH,20260605,8.2248,16.7248,,1550055.0649,
600237.SH,20260605,20.2699,26.77,,761001.1343,
688039.SH,20260605,2.4145,4.588,,465631.995,
688820.SH,20260605,20.5927,20.5927,,32281875.101,
301188.SZ,20260605,13.1902,18.9025,,1463157.7474,
600258.SH,20260605,1.238,2.2084,,1458283.6826,
300204.SZ,20260605,9.2483,14.7523,,1185831.4815,
300935.SZ,20260605,4.3296,6.1893,,285156.1412,
688612.SH,20260605,2.7204,3.0512,,1553511.0912,
300941.SZ,20260605,3.1875,4.4379,,324324.0,
300645.SZ,20260605,2.995,4.1022,,198238.5884,
603202.SH,20260605,1.3462,1.3462,,1032960.0,
300224.SZ,20260605,3.5167,5.8626,,1166167.6225,
603773.SH,20260605,15.9243,25.7526,,2975513.0209,
688171.SH,20260605,1.8859,3.5086,,416102.4778,
600730.SH,20260605,4.158,5.1992,,799612.1307,
600697.SH,20260605,3.2814,4.3828,,179928.6128,
600023.SH,20260605,0.7175,2.6757,,8031830.9167,
002429.SZ,20260605,2.5973,5.6004,,5350843.7975,
000422.SZ,20260605,2.2426,3.3793,,1438874.574,
002184.SZ,20260605,7.2291,8.4226,,413492.3348,
300793.SZ,20260605,2.3067,3.2083,,506125.8182,
000757.SZ,20260605,2.675,3.8567,,212553.7219,
601880.SH,20260605,0.6769,2.0876,,3771482.7541,
300077.SZ,20260605,8.0995,8.0995,,1594953.9984,
603335.SH,20260605,3.6597,6.8018,,295419.774,
603696.SH,20260605,2.0876,4.9352,,307641.6,
300456.SZ,20260605,6.9132,7.1491,,3152177.5419,
603678.SH,20260605,9.5884,16.0661,,2995118.642,
600158.SH,20260605,8.3931,11.6311,,898104.2307,
300587.SZ,20260605,2.4895,2.9804,,614081.141,
300437.SZ,20260605,4.8577,5.7916,,297676.5598,
688708.SH,20260605,1.2592,1.5088,,1907247.68,
600010.SH,20260605,1.8031,2.8406,,10944699.9734,
301095.SZ,20260605,6.3208,10.1111,,1974971.8088,
600137.SH,20260605,1.9393,4.3872,,191713.0835,
002232.SZ,20260605,0.9944,2.2457,,617725.264,
300693.SZ,20260605,5.179,5.4585,,1492974.4632,
300238.SZ,20260605,1.5604,2.1246,,303603.2776,
300981.SZ,20260605,1.1967,3.9311,,498769.9473,
301171.SZ,20260605,17.0245,20.045,,2463569.1111,
301192.SZ,20260605,3.8721,5.5419,,225873.9,
600066.SH,20260605,1.2889,2.2091,,6768012.2047,
603955.SH,20260605,2.1397,3.5189,,312970.32,
600682.SH,20260605,1.6074,2.9502,,788247.4815,
002289.SZ,20260605,0.7977,1.3483,,1104199.708,
688363.SH,20260605,0.6386,1.5499,,1677685.3169,
002828.SZ,20260605,4.8158,5.5347,,187119.4556,
002324.SZ,20260605,3.4792,4.3525,,1358162.5588,
300319.SZ,20260605,31.9486,41.1782,,1977546.7859,
301360.SZ,20260605,13.9667,13.9667,,555360.078,
688227.SH,20260605,3.7332,6.4112,,952151.5261,
600637.SH,20260605,1.3795,2.5879,,3076138.3326,
600750.SH,20260605,0.6137,1.0874,,1647509.6451,
300333.SZ,20260605,8.1173,9.4781,,367920.0,
601611.SH,20260605,1.0017,3.0126,,3345355.9753,
002345.SZ,20260605,1.2421,1.9996,,796107.3855,
688120.SH,20260605,2.3078,3.2108,,8770569.3768,
688486.SH,20260605,2.8965,6.018,,996000.8187,
301060.SZ,20260605,2.1542,4.2209,,354057.028,
600004.SH,20260605,0.2464,0.5756,,2084990.8798,
600889.SH,20260605,1.0292,1.0292,,886132.4554,
603992.SH,20260605,1.569,6.9767,,1452291.086,
605122.SH,20260605,1.6316,4.915,,222509.014,
601077.SH,20260605,0.6916,1.1642,,7529691.0,
688709.SH,20260605,3.5072,4.3768,,2113058.4323,
300285.SZ,20260605,16.4737,17.2464,,6498760.8129,
300871.SZ,20260605,2.1977,4.0869,,411640.0883,
600585.SH,20260605,0.5749,1.1395,,10254150.4904,
301223.SZ,20260605,0.6552,2.4035,,327737.4693,
000650.SZ,20260605,0.6302,0.8534,,739167.3876,
002780.SZ,20260605,5.2435,5.6834,,225553.3765,
603096.SH,20260605,1.2716,3.1649,,238446.7287,
603237.SH,20260605,1.0133,2.5237,,313739.4789,
601816.SH,20260605,0.2807,0.5592,,24218211.2882,
600022.SH,20260605,0.6634,1.6063,,1412248.1411,
002137.SZ,20260605,29.0441,34.2589,,597717.5239,
300805.SZ,20260605,2.9049,4.075,,357380.292,
603398.SH,20260605,1.5119,2.3328,,601894.4353,
688805.SH,20260605,4.5635,4.5635,,872942.08,
002852.SZ,20260605,1.1425,1.6525,,270015.1194,
603818.SH,20260605,2.6403,4.5549,,213515.1389,
002980.SZ,20260605,12.4716,19.9936,,2369219.1104,
688013.SH,20260605,1.148,2.3741,,230238.4372,
301538.SZ,20260605,5.6382,6.5402,,712656.0,
603767.SH,20260605,5.4245,15.9869,,544117.3345,
000910.SZ,20260605,1.1037,2.0612,,345955.22,
002709.SZ,20260605,5.5581,6.2857,,9911487.1993,
603189.SH,20260605,1.6685,2.755,,335857.2429,
300729.SZ,20260605,1.2837,2.4265,,371675.3846,
002644.SZ,20260605,0.5114,1.361,,387078.006,
000517.SZ,20260605,2.2043,7.4466,,674991.5668,
002074.SZ,20260605,1.8649,3.0861,,5444477.3831,
002073.SZ,20260605,2.1432,2.5174,,584922.8946,
002793.SZ,20260605,1.4683,2.3678,,455699.5756,
688538.SH,20260605,2.7913,3.5913,,3355693.3429,
300168.SZ,20260605,1.2518,1.5722,,730398.688,
300663.SZ,20260605,5.026,5.2838,,366972.2522,
688591.SH,20260605,3.3755,3.3761,,748848.1799,
603139.SH,20260605,3.5027,6.9235,,380243.16,
688478.SH,20260605,5.3633,9.4069,,801278.0619,
601033.SH,20260605,2.0878,2.0878,,1302300.0,
300731.SZ,20260605,4.0158,5.0273,,1035696.1951,
002469.SZ,20260605,1.0402,1.3471,,408783.4569,
300374.SZ,20260605,1.8045,3.4719,,297553.9278,
300598.SZ,20260605,2.2352,3.044,,714954.8366,
300802.SZ,20260605,13.0505,18.0542,,691730.5509,
920395.BJ,20260605,1.0435,1.7355,,125120.2773,
920592.BJ,20260605,3.9338,6.0778,,221620.685,
603520.SH,20260605,5.2613,6.7745,,430518.5031,
300741.SZ,20260605,0.2457,1.3004,,876397.24,
000809.SZ,20260605,3.6753,5.5936,,328266.9346,
603071.SH,20260605,0.9612,3.3209,,782252.1277,
002127.SZ,20260605,1.3953,1.6086,,716822.1577,
603290.SH,20260605,4.8133,10.2373,,2710360.6882,
000948.SZ,20260605,1.2713,1.9749,,511144.1827,
300256.SZ,20260605,1.7418,3.2159,,689591.5893,
002638.SZ,20260605,2.7229,3.9522,,619172.1644,
603608.SH,20260605,9.4563,13.0327,,868434.1585,
603057.SH,20260605,0.7861,3.1011,,1026704.0,
301559.SZ,20260605,2.055,2.055,,837000.0,
002157.SZ,20260605,1.6861,1.8142,,2812049.4271,
920171.BJ,20260605,7.5972,12.7549,,203273.0006,
300158.SZ,20260605,1.5025,2.1613,,516989.8922,
300622.SZ,20260605,3.4746,4.0992,,518687.2098,
605599.SH,20260605,0.5478,1.4702,,1207888.9234,
920924.BJ,20260605,3.3426,4.1238,,190880.4735,
002589.SZ,20260605,1.8766,2.2927,,431851.9052,
688676.SH,20260605,4.5263,7.9814,,4134381.0011,
688692.SH,20260605,3.2845,4.8556,,3000860.0,
603519.SH,20260605,0.877,1.8438,,334241.4379,
300776.SZ,20260605,15.5334,19.5909,,4847844.6,
688626.SH,20260605,0.8697,2.4667,,802240.0,
920249.BJ,20260605,8.7089,8.8196,,399705.24,
688702.SH,20260605,2.7516,5.1498,,10783820.0,
688699.SH,20260605,3.0155,5.8414,,629019.4176,
000501.SZ,20260605,1.3564,2.3797,,559057.7154,
600382.SH,20260605,10.9129,15.5899,,672187.0302,
002024.SZ,20260605,0.3498,0.898,,1167360.7199,
603969.SH,20260605,1.3995,2.3292,,707685.4456,
603213.SH,20260605,1.1398,4.7354,,627600.7441,
300575.SZ,20260605,3.4112,3.8704,,274708.0483,
300245.SZ,20260605,3.3809,3.9008,,196757.23,
002264.SZ,20260605,2.6101,4.3534,,477234.8919,
920003.BJ,20260605,3.1894,3.1894,,184306.2865,
002575.SZ,20260605,7.1709,7.8488,,359419.5,
002641.SZ,20260605,1.4602,3.4101,,518677.6136,
000692.SZ,20260605,6.5567,9.3654,,258956.8263,
301030.SZ,20260605,4.8466,6.8875,,272812.7288,
300762.SZ,20260605,8.5333,10.3761,,2319705.5618,
688052.SH,20260605,2.8915,3.6598,,3813356.8804,
600141.SH,20260605,2.1994,3.2942,,3518694.3013,
600888.SH,20260605,5.1486,8.7063,,1716159.9736,
600267.SH,20260605,0.7715,1.2408,,1168792.1661,
002003.SZ,20260605,0.479,0.6964,,1080700.6946,
002789.SZ,20260605,2.8847,6.0571,,213416.6382,
300638.SZ,20260605,2.9297,3.5774,,2044031.2634,
002850.SZ,20260605,3.4724,3.9771,,4785060.8453,
603041.SH,20260605,1.9826,3.3533,,223806.4796,
300579.SZ,20260605,1.0373,2.1757,,608040.0,
300907.SZ,20260605,9.935,25.8053,,508896.0,
601236.SH,20260605,0.2255,0.9725,,3216849.24,
688091.SH,20260605,1.9349,3.5627,,880144.0991,
000669.SZ,20260605,1.1964,1.5089,,288493.3299,
300144.SZ,20260605,0.9387,1.5755,,1727039.315,
300140.SZ,20260605,1.576,1.8656,,1809855.1373,
688282.SH,20260605,1.6794,4.9298,,660000.0,
600339.SH,20260605,1.1199,4.0281,,1942935.3199,
002365.SZ,20260605,2.2726,2.5163,,337411.4625,
600691.SH,20260605,1.2566,2.5447,,632011.1992,
002236.SZ,20260605,1.5237,1.9972,,5531591.4292,
002385.SZ,20260605,1.6419,1.6942,,1397525.5336,
300200.SZ,20260605,4.238,5.9598,,408562.5993,
301182.SZ,20260605,3.3203,7.5851,,818317.318,
301291.SZ,20260605,6.4012,6.4012,,1571003.9414,
600272.SH,20260605,1.5407,2.5788,,292068.9628,
600906.SH,20260605,4.8449,7.9794,,2229315.0,
002799.SZ,20260605,1.5051,2.8163,,232029.0,
300411.SZ,20260605,5.6601,6.0532,,358550.6462,
600956.SH,20260605,1.6709,13.5645,,3935068.3597,
300818.SZ,20260605,3.5813,4.3642,,510115.1951,
601616.SH,20260605,2.1325,2.9836,,341470.1276,
300207.SZ,20260605,3.1476,4.1144,,3837179.5003,
003029.SZ,20260605,1.3639,2.1376,,355680.357,
301491.SZ,20260605,2.7375,2.7375,,553023.0,
003000.SZ,20260605,1.7034,2.2938,,479300.491,
600854.SH,20260605,1.8032,2.6597,,248301.1812,
001267.SZ,20260605,5.4637,7.8051,,4278362.3304,
603866.SH,20260605,0.5137,1.3404,,734271.0921,
002581.SZ,20260605,1.6732,1.9339,,279727.8885,
600619.SH,20260605,2.3503,3.5217,,1605723.2314,
920547.BJ,20260605,0.8904,1.4008,,158794.272,
603557.SH,20260605,0.5408,0.8042,,299249.7062,
000711.SZ,20260605,3.6991,3.965,,1697930.2782,
002594.SZ,20260605,0.9751,1.3839,,84799054.5521,
301125.SZ,20260605,2.2475,4.3517,,319287.1629,
000025.SZ,20260605,2.1226,4.6014,,658657.113,
600939.SH,20260605,1.1978,4.7978,,555522.6836,
002481.SZ,20260605,0.6943,1.1465,,498413.386,
301163.SZ,20260605,2.7277,3.9879,,211262.4,
920284.BJ,20260605,5.1932,6.4692,,284912.1688,
300086.SZ,20260605,2.9632,4.1841,,292189.8719,
300514.SZ,20260605,2.3417,3.1004,,216800.0,
600149.SH,20260605,4.7614,7.3594,,204145.92,
000869.SZ,20260605,0.1655,0.6869,,1173830.8686,
002752.SZ,20260605,1.1496,3.185,,620343.2272,
688667.SH,20260605,3.5648,7.7372,,577805.686,
000525.SZ,20260605,2.1994,2.796,,591633.9776,
301238.SZ,20260605,3.0688,10.8356,,1688133.2566,
301197.SZ,20260605,1.8131,2.5091,,367164.84,
300227.SZ,20260605,5.7361,6.4174,,644245.0737,
603533.SH,20260605,5.96,10.2705,,1043257.7768,
603330.SH,20260605,33.8698,52.2301,,372532.0118,
002004.SZ,20260605,0.6468,0.8527,,883043.9592,
301665.SZ,20260605,1.6587,1.6587,,1018800.0,
300304.SZ,20260605,5.1162,8.8459,,1306677.8524,
300811.SZ,20260605,11.3797,17.4339,,3774344.364,
002976.SZ,20260605,5.8523,8.9404,,472904.4702,
300413.SZ,20260605,1.252,2.1441,,3116620.8778,
605287.SH,20260605,2.9882,5.806,,617400.0,
688428.SH,20260605,2.6057,2.6057,,3783396.6331,
300194.SZ,20260605,0.6848,0.7393,,443762.7185,
603081.SH,20260605,0.8258,1.7818,,431371.6311,
605058.SH,20260605,4.3799,14.5837,,531677.094,
605089.SH,20260605,0.7609,2.887,,300978.0,
000400.SZ,20260605,3.1217,5.0498,,2362184.9954,
300444.SZ,20260605,5.3788,5.8856,,1086237.1215,
002816.SZ,20260605,3.2048,3.8152,,250500.0,
600794.SH,20260605,0.946,1.479,,388849.2989,
688303.SH,20260605,2.5015,10.0031,,4378364.8827,
603790.SH,20260605,3.0015,7.7064,,520690.56,
600377.SH,20260605,0.223,1.8019,,6387863.83,
300825.SZ,20260605,9.2553,10.4567,,692337.7929,
600217.SH,20260605,0.5515,0.934,,560286.9415,
603156.SH,20260605,0.597,1.4755,,5102863.8647,
688138.SH,20260605,2.8885,7.2229,,1005786.0,
301115.SZ,20260605,6.3596,9.1642,,625636.2137,
600408.SH,20260605,28.0897,41.0464,,361441.2,
600376.SH,20260605,4.3065,9.0962,,1003450.8791,
300976.SZ,20260605,8.4577,15.4836,,1251351.3162,
300008.SZ,20260605,2.9541,3.4,,1128403.0238,
301391.SZ,20260605,1.2761,3.4082,,607334.6719,
300827.SZ,20260605,4.4551,5.5014,,1665621.2044,
300563.SZ,20260605,8.0797,9.3862,,571726.5551,
603324.SH,20260605,5.5698,15.4703,,445696.9724,
002083.SZ,20260605,2.3717,3.8943,,886054.1152,
600171.SH,20260605,3.5314,4.7171,,1948830.1599,
601818.SH,20260605,0.4074,1.2007,,18493777.4821,
603698.SH,20260605,3.9503,12.8181,,1777878.83,
300583.SZ,20260605,1.3596,2.5392,,239024.6788,
603079.SH,20260605,0.9879,1.7822,,253299.6962,
300665.SZ,20260605,9.446,11.6318,,236886.0334,
002859.SZ,20260605,8.4086,18.0417,,3732697.1726,
000739.SZ,20260605,0.6724,1.4316,,1868569.4881,
300694.SZ,20260605,2.0996,2.949,,227272.6837,
688132.SH,20260605,1.1361,2.0799,,216616.4653,
920211.BJ,20260605,94.7296,94.7296,,780467.2,
300075.SZ,20260605,1.6732,1.7807,,765853.4848,
300265.SZ,20260605,17.2105,27.2683,,1125048.812,
300466.SZ,20260605,2.2005,3.7776,,439134.5246,
002749.SZ,20260605,0.2888,0.6546,,514179.7104,
000601.SZ,20260605,16.7579,23.3432,,848281.6292,
301066.SZ,20260605,2.2927,4.5753,,334295.587,
688107.SH,20260605,2.8106,7.0489,,1694390.2743,
301309.SZ,20260605,1.6954,4.0309,,319498.3232,
002378.SZ,20260605,5.181,12.0562,,3567009.0504,
603205.SH,20260605,1.5417,1.5417,,362544.0,
300994.SZ,20260605,3.433,5.3077,,290660.736,
002548.SZ,20260605,2.725,3.9586,,330441.2895,
300925.SZ,20260605,9.7481,11.1866,,773390.9368,
688372.SH,20260605,3.5078,4.8171,,2450224.0383,
300597.SZ,20260605,2.2328,2.7126,,226778.265,
600834.SH,20260605,0.3208,0.7718,,352307.8459,
601318.SH,20260605,0.8791,0.9664,,96839669.3893,
601225.SH,20260605,0.5362,1.543,,26312230.0,
002625.SZ,20260605,1.4548,2.0209,,8079704.4825,
300832.SZ,20260605,0.622,1.2308,,3494877.1557,
600845.SH,20260605,0.6635,2.0311,,5546344.6455,
002415.SZ,20260605,0.8418,2.1358,,28667718.2084,
301371.SZ,20260605,3.0226,3.0226,,1444328.808,
000597.SZ,20260605,0.7493,1.6968,,633627.1897,
002599.SZ,20260605,3.0113,3.5709,,331859.5073,
603968.SH,20260605,3.8645,7.4814,,221451.84,
688253.SH,20260605,1.2048,2.3802,,789029.6602,
920953.BJ,20260605,3.3896,5.6746,,341685.3453,
002557.SZ,20260605,1.1202,1.9536,,1075448.2743,
300757.SZ,20260605,5.3272,7.5453,,10877431.1877,
600327.SH,20260605,2.1396,3.8696,,322059.7446,
603089.SH,20260605,1.2288,3.0638,,281509.3349,
920149.BJ,20260605,2.5903,3.7223,,68987.8284,
688003.SH,20260605,3.717,8.8062,,2040365.25,
301370.SZ,20260605,1.5027,2.9733,,441893.4,
002939.SZ,20260605,0.4825,1.3746,,3255782.5535,
603193.SH,20260605,3.9361,4.0321,,910739.5498,
600748.SH,20260605,1.1152,2.647,,783939.2291,
001228.SZ,20260605,2.5729,3.4642,,277214.6414,
002514.SZ,20260605,8.7686,10.9188,,291613.8769,
600798.SH,20260605,6.2037,11.4497,,446417.6544,
688755.SH,20260605,0.6464,0.8045,,308616.0,
300096.SZ,20260605,0.6877,0.8205,,369800.0,
601933.SH,20260605,1.4047,3.0288,,3139962.7996,
000060.SZ,20260605,6.1208,8.7517,,3308673.4812,
600469.SH,20260605,0.699,1.7054,,523340.4695,
301178.SZ,20260605,3.2628,3.8763,,343757.0976,
002028.SZ,20260605,3.7116,4.0934,,13887726.0293,
300019.SZ,20260605,2.2058,4.0437,,677733.1908,
301306.SZ,20260605,10.1232,15.0345,,1138556.0,
600353.SH,20260605,10.7232,18.4718,,2179773.3482,
002428.SZ,20260605,12.5355,15.6709,,5584176.0,
688028.SH,20260605,5.8731,8.9621,,1770933.668,
300334.SZ,20260605,11.6089,19.3141,,272160.8858,
300951.SZ,20260605,3.0256,8.5677,,724526.3534,
603345.SH,20260605,1.7861,2.3814,,2888948.4626,
920047.BJ,20260605,6.4523,7.0612,,495335.185,
000782.SZ,20260605,3.4196,3.9024,,502577.6646,
300723.SZ,20260605,3.3595,9.1207,,1697461.4146,
603931.SH,20260605,4.4502,11.6413,,1153048.3196,
603050.SH,20260605,2.3479,5.1895,,804621.79,
301028.SZ,20260605,3.4327,7.5492,,703963.0781,
301290.SZ,20260605,3.6926,4.2959,,318551.2021,
300004.SZ,20260605,4.1123,5.5358,,647511.3637,
603010.SH,20260605,2.4199,4.7654,,818457.3799,
301076.SZ,20260605,6.9594,8.1872,,671351.4387,
300769.SZ,20260605,8.9799,10.2029,,1767426.0932,
601279.SH,20260605,0.6734,2.9254,,562954.0247,
001269.SZ,20260605,5.875,18.963,,523360.6101,
603825.SH,20260605,0.5293,0.838,,206215.9533,
688322.SH,20260605,11.2393,17.3833,,5056824.2894,
601686.SH,20260605,1.1051,1.9378,,774252.9651,
600545.SH,20260605,8.7862,16.2791,,1221144.0476,
300110.SZ,20260605,1.419,1.7741,,331019.635,
001979.SZ,20260605,0.8545,2.2044,,7618547.1845,
688090.SH,20260605,6.1503,9.1825,,1345948.3339,
600256.SH,20260605,2.4322,3.7804,,4308209.9977,
600095.SH,20260605,0.7243,2.3485,,2238744.0028,
603813.SH,20260605,0.9144,2.6087,,370177.875,
000530.SZ,20260605,8.1889,11.4499,,532067.0919,
600456.SH,20260605,1.4048,2.7763,,1490188.1441,
002698.SZ,20260605,1.7679,2.5147,,1275134.284,
920006.BJ,20260605,3.3354,4.5335,,152946.5168,
601789.SH,20260605,3.0684,4.1957,,725610.5335,
002998.SZ,20260605,2.3125,3.5134,,281367.3053,
300119.SZ,20260605,0.677,0.8417,,734777.1902,
301389.SZ,20260605,3.7119,11.9886,,2324700.0,
002256.SZ,20260605,5.7758,7.6124,,840779.1635,
000637.SZ,20260605,2.9684,3.7587,,220947.0263,
601866.SH,20260605,0.7184,1.9309,,3299413.955,
603538.SH,20260605,11.7918,15.5121,,962967.9932,
300835.SZ,20260605,12.0683,14.0426,,2516123.094,
601136.SH,20260605,0.2816,1.5985,,3810267.3172,
002922.SZ,20260605,6.4597,8.6718,,1585531.1308,
603267.SH,20260605,11.2336,17.8611,,1728485.0722,
301090.SZ,20260605,0.5831,3.2646,,1033667.9211,
002630.SZ,20260605,5.0624,5.2282,,218448.0,
688292.SH,20260605,2.378,3.6513,,344254.9675,
603918.SH,20260605,1.8364,2.4567,,404174.0313,
002490.SZ,20260605,6.3791,11.2892,,596790.6032,
603810.SH,20260605,1.7366,3.1569,,213622.0953,
600230.SH,20260605,2.2533,4.1735,,613076.2632,
600255.SH,20260605,32.5445,36.3528,,810959.9828,
002038.SZ,20260605,2.5197,3.3854,,575316.0,
600438.SH,20260605,1.0199,1.8624,,6122707.4091,
300102.SZ,20260605,7.0207,10.9653,,2277826.3109,
603800.SH,20260605,6.7809,12.7929,,1592240.0,
002202.SZ,20260605,3.4618,4.6821,,9714713.8881,
002362.SZ,20260605,2.0191,2.549,,397483.2544,
300271.SZ,20260605,1.0957,1.4479,,448147.0915,
920174.BJ,20260605,3.0244,3.4732,,802114.2869,
300489.SZ,20260605,6.151,10.8914,,1744343.4617,
601166.SH,20260605,0.5538,0.7749,,39362914.565,
688426.SH,20260605,0.9193,2.5648,,196526.5219,
600111.SH,20260605,2.8396,4.5822,,17952416.9714,
002337.SZ,20260605,1.6858,2.6838,,309611.8845,
002772.SZ,20260605,2.2028,3.5538,,472175.5916,
601007.SH,20260605,1.5916,2.8172,,262470.0,
300067.SZ,20260605,4.8369,5.9717,,634906.0157,
688077.SH,20260605,3.5654,5.8655,,322829.3813,
300856.SZ,20260605,1.1998,3.0261,,552272.8659,
000652.SZ,20260605,1.0498,1.5292,,529738.2286,
920735.BJ,20260605,1.77,2.5847,,324038.496,
001259.SZ,20260605,14.001,27.6104,,519096.016,
603316.SH,20260605,9.513,15.3905,,523242.72,
301616.SZ,20260605,3.8177,5.4215,,306880.0,
600165.SH,20260605,0.548,0.548,,466990.411,
605068.SH,20260605,1.5387,4.5021,,361864.8423,
603586.SH,20260605,1.571,3.8953,,345052.8928,
688691.SH,20260605,8.8375,8.8375,,1141200.0,
300717.SZ,20260605,2.4289,5.1529,,186844.95,
002437.SZ,20260605,2.0538,2.2063,,628822.8115,
001202.SZ,20260605,1.2762,2.6276,,252370.3405,
600645.SH,20260605,3.6035,4.6786,,927942.6489,
001337.SZ,20260605,1.5136,3.7601,,2005920.0,
600551.SH,20260605,0.3995,1.0539,,492946.1588,
301332.SZ,20260605,0.8445,1.1434,,385404.6875,
600392.SH,20260605,5.423,7.3523,,4171727.2366,
300792.SZ,20260605,3.1495,5.6388,,770537.758,
688670.SH,20260605,1.3039,3.6396,,195272.0,
920553.BJ,20260605,1.5957,2.5814,,109061.0591,
688222.SH,20260605,3.366,6.2037,,1078229.88,
600621.SH,20260605,0.9371,2.0943,,1324002.3164,
300278.SZ,20260605,3.6971,5.2716,,658871.1127,
001282.SZ,20260605,1.93,4.6417,,397712.224,
300438.SZ,20260605,4.9618,5.8174,,3807792.5184,
600844.SH,20260605,3.166,4.4378,,301907.6993,
002078.SZ,20260605,0.5232,0.9515,,3683197.2868,
002304.SZ,20260605,0.3827,0.9925,,6522907.1704,
600331.SH,20260605,2.3011,3.3501,,3674465.6,
920370.BJ,20260605,2.3894,4.6031,,89184.1529,
000635.SZ,20260605,1.6338,2.8336,,275105.2689,
600529.SH,20260605,3.8959,4.8394,,1307319.8026,
600897.SH,20260605,0.8393,2.6225,,631238.076,
600768.SH,20260605,3.2265,5.1417,,214798.0032,
002340.SZ,20260605,2.9741,3.2514,,3673698.9559,
001356.SZ,20260605,1.1062,1.6286,,562211.28,
603043.SH,20260605,0.7116,2.2164,,825855.2089,
301021.SZ,20260605,6.0101,10.1557,,1449359.9106,
300993.SZ,20260605,1.3731,2.6601,,327851.5968,
002947.SZ,20260605,5.6723,6.8606,,2257972.8782,
920415.BJ,20260605,2.7836,3.8466,,151611.8945,
002536.SZ,20260605,6.5933,10.0931,,2273278.187,
300916.SZ,20260605,7.5383,13.0504,,403990.7116,
600026.SH,20260605,1.5431,3.6649,,9623372.5788,
300429.SZ,20260605,8.9974,10.1084,,749766.9308,
600336.SH,20260605,1.8247,2.9741,,614471.3721,
002467.SZ,20260605,3.0186,3.4244,,756454.5302,
603110.SH,20260605,5.1478,6.343,,415935.655,
301667.SZ,20260605,11.222,11.222,,935009.5608,
301333.SZ,20260605,1.4843,3.6165,,449006.2591,
002988.SZ,20260605,1.6118,4.0219,,663729.7753,
002938.SZ,20260605,1.9887,6.83,,24600651.6247,
300359.SZ,20260605,1.5843,2.5109,,258400.0362,
300880.SZ,20260605,2.8214,6.2637,,418374.3283,
605296.SH,20260605,0.3253,2.6422,,1332901.6217,
688721.SH,20260605,5.4316,5.4316,,570045.0,
603402.SH,20260605,5.5684,5.5684,,735208.0063,
605009.SH,20260605,0.4775,1.4317,,525982.8502,
300995.SZ,20260605,2.9112,5.2578,,277516.3443,
300125.SZ,20260605,2.2677,3.2524,,640547.6875,
300422.SZ,20260605,3.3383,5.5608,,279753.3238,
300036.SZ,20260605,2.7006,2.7666,,615465.5046,
300288.SZ,20260605,2.1433,2.4591,,337265.5192,
920223.BJ,20260605,6.2108,9.6252,,254801.7,
600207.SH,20260605,7.3335,16.1155,,783215.7263,
301376.SZ,20260605,1.7173,2.2922,,705528.1132,
300980.SZ,20260605,6.0032,7.2184,,383130.9245,
001219.SZ,20260605,1.251,2.4028,,263423.0463,
920092.BJ,20260605,9.0156,16.2584,,192633.3091,
688783.SH,20260605,15.2739,15.2739,,14818726.0,
301091.SZ,20260605,1.1052,2.9549,,939612.96,
001256.SZ,20260605,6.2609,14.0094,,353964.369,
000852.SZ,20260605,1.2017,2.5046,,550523.5983,
600064.SH,20260605,0.9294,1.4241,,1266608.6194,
002233.SZ,20260605,0.4458,0.7389,,936972.1054,
688635.SH,20260605,26.7318,26.7318,,5601466.0,
002474.SZ,20260605,5.4708,5.7627,,445495.2,
002492.SZ,20260605,2.5124,4.3483,,244215.0,
300681.SZ,20260605,6.6163,6.9784,,993761.689,
601100.SH,20260605,0.9276,2.6016,,15714422.0262,
920091.BJ,20260605,11.4734,11.4734,,255080.58,
688205.SH,20260605,6.1421,9.1918,,3609913.853,
002725.SZ,20260605,5.9436,8.5391,,354560.0,
002367.SZ,20260605,0.7688,1.459,,450726.1826,
300467.SZ,20260605,2.5904,2.7273,,679720.3805,
688656.SH,20260605,0.5668,1.7425,,656507.4711,
300730.SZ,20260605,4.7678,6.5652,,340005.9153,
002915.SZ,20260605,5.5099,7.899,,680269.5866,
000886.SZ,20260605,1.5741,2.1569,,450905.7048,
688368.SH,20260605,3.9577,10.834,,3108677.2605,
301636.SZ,20260605,3.6831,4.9719,,319136.1088,
000881.SZ,20260605,3.7621,6.1811,,743104.6906,
600281.SH,20260605,2.2749,4.0249,,257201.0125,
301429.SZ,20260605,2.795,3.4999,,231120.1,
300426.SZ,20260605,1.4139,1.9004,,273832.7485,
001218.SZ,20260605,1.4963,2.2773,,322321.3718,
600523.SH,20260605,0.87,1.6207,,471022.6878,
300949.SZ,20260605,3.072,6.1967,,210105.0,
600615.SH,20260605,1.2027,1.7191,,225624.61,
002532.SZ,20260605,1.9471,2.728,,6392286.3701,
000955.SZ,20260605,2.7308,3.6155,,224510.715,
000876.SZ,20260605,0.5283,1.1647,,3296031.4735,
300348.SZ,20260605,1.9649,2.0333,,809080.7428,
000966.SZ,20260605,7.8494,20.0244,,1886720.9787,
600704.SH,20260605,0.8091,1.4262,,2502851.0668,
002760.SZ,20260605,4.6443,6.0538,,202910.7786,
000925.SZ,20260605,12.5231,12.5231,,584383.5573,
603130.SH,20260605,1.5102,5.4679,,619226.4426,
600860.SH,20260605,1.833,4.1043,,497664.7631,
603737.SH,20260605,0.7582,2.2985,,2596822.3791,
000785.SZ,20260605,3.0319,9.6401,,1538081.0571,
600512.SH,20260605,1.398,1.7083,,345856.9824,
601777.SH,20260605,0.9757,2.3477,,4543705.5714,
300398.SZ,20260605,12.1793,15.411,,2337520.2134,
603937.SH,20260605,3.2649,8.8393,,300175.6801,
688790.SH,20260605,4.8788,4.8788,,1240164.8325,
688098.SH,20260605,0.4612,0.8139,,309214.932,
605366.SH,20260605,3.909,6.4425,,841268.2268,
603919.SH,20260605,2.6412,6.643,,966837.5543,
003002.SZ,20260605,1.6595,3.1785,,447000.0,
002620.SZ,20260605,7.7734,11.0066,,243861.124,
601921.SH,20260605,0.2618,1.3779,,1633333.3339,
600753.SH,20260605,0.951,1.5022,,275677.6885,
000708.SZ,20260605,0.2123,1.3144,,6848993.8904,
600778.SH,20260605,2.827,4.5948,,185025.8631,
603106.SH,20260605,0.9939,2.2401,,389869.48,
300373.SZ,20260605,4.1805,8.1381,,5589418.6849,
300277.SZ,20260605,3.7282,4.3002,,2285523.3809,
688179.SH,20260605,4.1424,6.9385,,798223.3557,
603366.SH,20260605,1.3739,3.4877,,582955.4884,
003001.SZ,20260605,6.976,9.4397,,296386.569,
002991.SZ,20260605,1.3204,1.8569,,412573.268,
600188.SH,20260605,1.5584,5.9316,,25142314.3101,
920086.BJ,20260605,5.9345,5.9345,,222003.04,
600981.SH,20260605,2.7405,8.4086,,578547.7635,
688251.SH,20260605,2.3385,5.3797,,249997.1255,
301297.SZ,20260605,3.0438,6.727,,3149707.7476,
600892.SH,20260605,0.8789,1.349,,205323.357,
300674.SZ,20260605,1.003,1.3208,,1149725.179,
300634.SZ,20260605,4.2586,7.2561,,1076137.9965,
603993.SH,20260605,1.2588,3.0953,,38916250.2101,
300921.SZ,20260605,5.1813,6.1945,,469587.4116,
603279.SH,20260605,1.5095,2.7415,,808074.946,
301033.SZ,20260605,2.2185,3.4401,,326598.699,
300021.SZ,20260605,1.1712,1.5918,,404857.5177,
301381.SZ,20260605,1.8431,3.041,,702420.7262,
300248.SZ,20260605,1.9845,2.078,,406801.5276,
301156.SZ,20260605,2.4181,4.0805,,237743.08,
603210.SH,20260605,7.6547,10.6767,,514684.8,
002406.SZ,20260605,16.1195,17.8467,,589291.6412,
300453.SZ,20260605,1.6813,1.9429,,465699.1733,
002864.SZ,20260605,1.6314,1.8723,,296842.7213,
300996.SZ,20260605,2.2234,2.8781,,456344.8577,
002196.SZ,20260605,12.7419,14.5265,,678352.8002,
920445.BJ,20260605,1.8334,2.1254,,115421.3335,
688623.SH,20260605,3.3472,3.9588,,571377.6247,
600088.SH,20260605,2.51,5.8218,,566333.9136,
688582.SH,20260605,3.4152,4.6126,,1910269.2113,
300081.SZ,20260605,1.3627,1.5227,,257642.8476,
600287.SH,20260605,0.9876,2.1182,,219708.4252,
300289.SZ,20260605,1.0976,2.0486,,311718.5821,
002542.SZ,20260605,1.4673,2.5393,,290784.7948,
301335.SZ,20260605,1.3974,2.4153,,272841.02,
001289.SZ,20260605,0.3398,12.8485,,15365342.1094,
600559.SH,20260605,1.1603,1.5531,,1119650.8715,
002145.SZ,20260605,1.2065,1.8284,,1674935.7605,
300903.SZ,20260605,8.5191,10.2182,,3139137.1192,
600550.SH,20260605,1.9414,4.2988,,2362681.0398,
601098.SH,20260605,0.3806,1.0781,,2006132.0,
000702.SZ,20260605,2.7526,3.6767,,204162.0944,
002805.SZ,20260605,4.4347,6.367,,583090.1417,
301517.SZ,20260605,6.1132,9.9999,,841636.0197,
600133.SH,20260605,2.187,2.6375,,859389.3393,
300947.SZ,20260605,2.943,4.7775,,223683.7901,
300112.SZ,20260605,3.9941,4.4601,,206060.3847,
301285.SZ,20260605,1.6217,2.1775,,2307883.89,
000712.SZ,20260605,4.3711,5.9902,,804608.0,
600388.SH,20260605,0.9711,1.3937,,2129867.6334,
688529.SH,20260605,1.7839,3.1653,,305407.5306,
002936.SZ,20260605,0.7526,1.1053,,1609300.1704,
605117.SH,20260605,1.9469,4.9003,,13356120.1739,
300797.SZ,20260605,0.8697,2.4192,,535436.7658,
920181.BJ,20260605,16.8709,16.8709,,452649.6,
301024.SZ,20260605,1.8946,6.2202,,291727.98,
002465.SZ,20260605,9.2639,12.6712,,3951079.6452,
605368.SH,20260605,0.3758,0.9147,,505962.2278,
300416.SZ,20260605,6.617,9.4941,,912843.3118,
300690.SZ,20260605,4.2916,5.3954,,406592.9918,
300069.SZ,20260605,20.4286,35.9759,,530361.0,
002685.SZ,20260605,3.5509,4.0458,,730575.7147,
000558.SZ,20260605,2.1265,3.0341,,465409.8456,
920476.BJ,20260605,3.3556,4.5633,,179388.6588,
002932.SZ,20260605,1.2542,1.5228,,366918.0701,
300031.SZ,20260605,9.5979,10.1348,,1069060.3123,
002516.SZ,20260605,2.4082,4.882,,891328.2413,
002958.SZ,20260605,0.6825,0.8987,,1622242.001,
688598.SH,20260605,8.4205,9.5715,,711560.6416,
000718.SZ,20260605,9.4723,14.3494,,697966.3683,
603373.SH,20260605,6.2377,9.1667,,536129.0337,
600612.SH,20260605,0.3795,1.2415,,1865437.9464,
601298.SH,20260605,0.179,1.4571,,6088651.8,
301555.SZ,20260605,6.8102,8.2221,,356610.7955,
002951.SZ,20260605,3.9149,23.1648,,903555.0,
301548.SZ,20260605,6.5778,6.8482,,688866.0,
002168.SZ,20260605,0.7116,0.8683,,286219.6293,
002425.SZ,20260605,2.7784,3.327,,286042.8547,
002521.SZ,20260605,0.7109,0.8331,,415565.2991,
688789.SH,20260605,1.0186,1.9276,,929580.7438,
301029.SZ,20260605,6.0044,7.8454,,1839187.8648,
603219.SH,20260605,1.0855,4.6798,,888696.2,
301148.SZ,20260605,5.0657,7.8952,,676848.0348,
688275.SH,20260605,3.4023,5.6148,,1557563.0181,
301141.SZ,20260605,7.4192,7.4192,,609000.0906,
300187.SZ,20260605,2.8809,5.4345,,353155.3243,
301386.SZ,20260605,3.9051,3.9051,,312200.0,
300948.SZ,20260605,9.2273,14.0104,,502285.2518,
688373.SH,20260605,1.7756,2.6264,,301208.8264,
688758.SH,20260605,0.6506,1.0706,,724647.5062,
002218.SZ,20260605,6.4426,10.4596,,642184.8679,
600019.SH,20260605,0.4926,1.3434,,12502916.6459,
600538.SH,20260605,3.5434,3.7839,,325527.1741,
603811.SH,20260605,0.8812,1.1882,,352179.4483,
603701.SH,20260605,4.6302,9.1079,,599825.5628,
001301.SZ,20260605,2.5192,3.1693,,2305231.9717,
300755.SZ,20260605,2.2805,7.6012,,621863.2128,
301270.SZ,20260605,3.3495,4.1103,,307400.0,
301622.SZ,20260605,3.5049,3.5049,,647363.6179,
301037.SZ,20260605,4.0116,6.8917,,202708.1982,
600054.SH,20260605,0.8707,2.0625,,793564.8307,
600629.SH,20260605,1.9339,3.9247,,1538822.1956,
002204.SZ,20260605,1.0889,2.443,,1116331.8785,
300260.SZ,20260605,16.1879,25.8834,,2621789.6086,
688220.SH,20260605,2.4492,3.7151,,4191374.9078,
920932.BJ,20260605,8.0878,10.8793,,187312.9223,
600159.SH,20260605,3.1763,6.0733,,225760.8791,
600966.SH,20260605,1.2066,2.3584,,795422.3514,
601898.SH,20260605,0.5188,3.09,,22327589.1656,
002705.SZ,20260605,0.7928,2.3776,,1011597.2219,
002495.SZ,20260605,4.2246,5.1584,,226421.3952,
300713.SZ,20260605,5.0746,7.5574,,233319.5907,
301613.SZ,20260605,1.1919,1.6045,,596941.1751,
920274.BJ,20260605,1.967,6.2943,,157542.668,
300933.SZ,20260605,3.0344,4.9106,,385151.6796,
920478.BJ,20260605,2.4157,5.8605,,106115.0693,
603262.SH,20260605,7.8981,7.8981,,1126428.16,
600993.SH,20260605,1.0306,1.5956,,1034529.3384,
301383.SZ,20260605,3.7431,5.781,,470649.3792,
000591.SZ,20260605,4.1398,6.3467,,2053950.6855,
688006.SH,20260605,4.655,13.3605,,1911226.0332,
300209.SZ,20260605,6.5872,7.1235,,2368950.7574,
600803.SH,20260605,0.2425,0.8973,,5947003.1905,
920961.BJ,20260605,10.1513,12.9879,,313534.9151,
920123.BJ,20260605,2.1132,3.3571,,123586.32,
603352.SH,20260605,6.5665,6.5665,,687933.3343,
301002.SZ,20260605,5.2467,6.0579,,647561.1177,
002636.SZ,20260605,12.2499,35.9601,,4234048.0,
603276.SH,20260605,4.6982,4.6982,,340545.1751,
300382.SZ,20260605,5.5527,8.4313,,1045220.7903,
301119.SZ,20260605,1.6738,4.9677,,354536.0,
688596.SH,20260605,8.7635,10.5926,,1202999.5487,
920656.BJ,20260605,1.6607,2.1507,,144700.0,
600517.SH,20260605,0.4419,2.1663,,2904965.358,
920806.BJ,20260605,1.195,3.679,,325998.547,
601186.SH,20260605,0.3509,0.8876,,8636588.394,
300643.SZ,20260605,1.8171,3.2194,,409087.5229,
920802.BJ,20260605,2.1484,3.618,,100050.1138,
601608.SH,20260605,1.0512,2.9511,,2463799.7491,
603127.SH,20260605,3.4321,5.3624,,2442875.1972,
688498.SH,20260605,5.8521,7.9805,,16443013.7911,
920180.BJ,20260605,4.0522,4.0522,,167616.6023,
300371.SZ,20260605,2.2937,3.2881,,228582.8483,
688615.SH,20260605,2.9936,3.2337,,2448236.0,
002167.SZ,20260605,9.436,12.6689,,1057429.0545,
600654.SH,20260605,2.7613,4.2733,,915074.8561,
002459.SZ,20260605,1.4839,2.8266,,2793397.7517,
688130.SH,20260605,3.4719,5.4723,,294369.8139,
920367.BJ,20260605,3.3358,6.7387,,114582.6413,
688788.SH,20260605,0.8632,1.9778,,683815.5445,
002533.SZ,20260605,1.8703,2.4975,,874857.7459,
603135.SH,20260605,5.6196,19.7489,,889862.6832,
300879.SZ,20260605,1.8736,3.8794,,381521.8002,
688360.SH,20260605,5.2361,9.235,,593164.0051,
688370.SH,20260605,0.4534,1.3746,,300266.255,
920976.BJ,20260605,2.9217,4.5914,,155387.946,
688517.SH,20260605,1.7341,2.9034,,273499.5944,
600048.SH,20260605,0.92,1.5522,,6416157.672,
688136.SH,20260605,1.4613,2.9448,,395470.4963,
002489.SZ,20260605,2.2293,4.2382,,791690.9542,
688167.SH,20260605,5.2421,6.004,,4006386.8775,
600097.SH,20260605,1.2692,2.2197,,215397.2837,
600575.SH,20260605,2.8836,7.8516,,2924051.2054,
601169.SH,20260605,0.4582,0.6622,,10867493.9158,
601156.SH,20260605,0.6027,0.946,,2628992.0007,
688156.SH,20260605,3.2991,4.5631,,248965.3961,
603880.SH,20260605,1.7089,3.2394,,229788.39,
603506.SH,20260605,1.7618,4.549,,207870.0014,
002791.SZ,20260605,2.0237,2.8311,,541444.0699,
300462.SZ,20260605,1.3445,1.4885,,218191.2134,
605398.SH,20260605,5.4384,17.5638,,397841.5467,
001270.SZ,20260605,6.0031,11.3103,,2836347.1527,
002162.SZ,20260605,1.7564,3.6669,,347646.9648,
301133.SZ,20260605,1.1449,2.5132,,493154.4934,
688162.SH,20260605,1.7333,4.1536,,386349.984,
688213.SH,20260605,3.1863,3.4787,,3835995.0996,
920163.BJ,20260605,1.4882,2.5448,,138368.797,
002905.SZ,20260605,1.3952,5.1823,,296163.84,
688700.SH,20260605,5.1705,7.7876,,2619963.9408,
920016.BJ,20260605,2.4328,2.7173,,113163.4356,
605167.SH,20260605,1.0958,2.6405,,673017.5932,
300703.SZ,20260605,3.5813,5.2474,,287183.8093,
603297.SH,20260605,1.346,4.3098,,1373729.1561,
300881.SZ,20260605,3.3031,6.271,,552420.0,
003035.SZ,20260605,1.397,5.2995,,2545454.5449,
300093.SZ,20260605,1.4197,1.4197,,1222020.0,
688277.SH,20260605,1.6744,2.3724,,759682.7286,
002873.SZ,20260605,2.5839,3.6165,,204070.7818,
002545.SZ,20260605,1.6628,3.688,,2580184.7601,
002825.SZ,20260605,1.9553,3.0236,,345701.9739,
301025.SZ,20260605,2.774,6.596,,364681.8634,
600759.SH,20260605,7.3012,8.3221,,1194914.6726,
603408.SH,20260605,0.5073,1.9145,,455181.741,
000973.SZ,20260605,4.4447,6.0676,,3419407.3415,
603311.SH,20260605,8.3625,17.2009,,965236.9474,
688038.SH,20260605,2.0104,3.3104,,209821.2402,
600117.SH,20260605,0.614,1.6869,,761696.8765,
603053.SH,20260605,0.2786,1.4662,,825778.81,
002888.SZ,20260605,12.2419,18.0968,,295582.1108,
301348.SZ,20260605,8.2646,8.2646,,587520.0,
301560.SZ,20260605,3.1721,3.5834,,379392.0,
300222.SZ,20260605,9.6446,10.3417,,1151077.9451,
300121.SZ,20260605,8.9824,13.0016,,588157.5578,
002627.SZ,20260605,4.8212,7.2411,,514466.9784,
688002.SH,20260605,2.0554,2.6574,,5626101.4983,
300386.SZ,20260605,2.1254,2.7033,,445216.86,
603179.SH,20260605,4.1705,6.4547,,3728831.1517,
301269.SZ,20260605,3.8177,8.6667,,5385105.5038,
600733.SH,20260605,1.7221,2.9854,,3762987.9915,
688685.SH,20260605,2.4868,3.9115,,725153.5316,
688007.SH,20260605,1.5019,2.265,,633809.9607,
300035.SZ,20260605,3.0274,3.2164,,1107649.5003,
301408.SZ,20260605,5.7377,7.6403,,650816.27,
002088.SZ,20260605,0.6177,1.7408,,443851.0369,
300388.SZ,20260605,0.7464,1.9264,,502609.1665,
601579.SH,20260605,1.4834,3.5865,,758031.6496,
688800.SH,20260605,7.9587,13.2972,,2593759.0387,
920146.BJ,20260605,3.3376,4.4324,,82209.1798,
000931.SZ,20260605,0.7378,1.0761,,314807.0785,
002948.SZ,20260605,0.9712,1.8787,,3166272.9699,
300250.SZ,20260605,4.115,4.668,,348411.6508,
002921.SZ,20260605,3.0627,3.7672,,380618.6745,
600938.SH,20260605,1.2682,1.6266,,167210378.1157,
688409.SH,20260605,2.2699,4.2414,,4449242.5026,
300891.SZ,20260605,1.9112,3.2747,,279205.8262,
603551.SH,20260605,0.4838,1.7248,,413983.0914,
002368.SZ,20260605,1.8948,2.8895,,985951.8945,
603283.SH,20260605,6.1392,9.6376,,1729141.2219,
002431.SZ,20260605,1.214,2.0161,,293791.9767,
003004.SZ,20260605,9.5348,19.2275,,509925.8043,
603527.SH,20260605,7.7234,12.5002,,427277.1776,
920914.BJ,20260605,2.235,3.8513,,218206.087,
300047.SZ,20260605,3.4939,3.5751,,668356.4163,
300484.SZ,20260605,3.8742,4.2985,,313853.3085,
000932.SZ,20260605,1.0085,2.1974,,2686222.7907,
300961.SZ,20260605,3.0575,3.8789,,209367.68,
000803.SZ,20260605,2.4642,3.5782,,348323.2263,
600316.SH,20260605,1.5407,2.9716,,2025131.3819,
603518.SH,20260605,1.7699,2.664,,294585.2424,
301168.SZ,20260605,2.2165,4.2844,,509760.0,
002270.SZ,20260605,2.1465,3.8012,,1845328.1624,
002818.SZ,20260605,1.1069,2.2248,,829292.5055,
301468.SZ,20260605,18.7058,19.475,,885828.2855,
301539.SZ,20260605,2.6328,4.0416,,231472.0,
920717.BJ,20260605,3.2393,3.9536,,89679.76,
002248.SZ,20260605,4.7478,5.7552,,309955.5648,
300308.SZ,20260605,4.2784,5.653,,131558287.6278,
300055.SZ,20260605,4.1036,4.6353,,714584.1635,
603332.SH,20260605,2.0768,5.1977,,258751.2321,
300991.SZ,20260605,3.3423,5.5578,,555840.0,
688520.SH,20260605,0.3921,1.6764,,1664988.4276,
600618.SH,20260605,1.089,3.8695,,1187622.7754,
301368.SZ,20260605,15.2507,15.2507,,584046.3,
000623.SZ,20260605,0.8844,1.2193,,2029434.4717,
603717.SH,20260605,4.8133,7.0336,,196138.8582,
000679.SZ,20260605,1.9323,2.6859,,226670.4,
002861.SZ,20260605,4.0143,4.6814,,333262.008,
920753.BJ,20260605,2.1978,3.144,,133014.7373,
600361.SH,20260605,2.4561,4.9246,,1601312.3897,
002573.SZ,20260605,0.4319,0.9075,,476945.0056,
002601.SZ,20260605,1.2348,1.5596,,3321257.542,
603848.SH,20260605,0.3558,2.0796,,588318.3191,
301331.SZ,20260605,1.8879,5.2325,,246014.5018,
301526.SZ,20260605,13.1318,15.1682,,8201659.7544,
300157.SZ,20260605,3.5573,4.2799,,333240.4665,
603000.SH,20260605,2.8224,6.5515,,1929430.8927,
688377.SH,20260605,2.1466,3.2166,,677823.8168,
301096.SZ,20260605,3.6546,4.2701,,641497.7119,
301339.SZ,20260605,0.6707,2.2741,,662160.3181,
300594.SZ,20260605,2.8246,4.5972,,151407.4456,
300142.SZ,20260605,3.0645,3.0645,,1892029.324,
601886.SH,20260605,0.4488,1.3672,,960785.7469,
002035.SZ,20260605,0.8766,1.0936,,425522.1162,
001216.SZ,20260605,1.0805,1.4085,,471220.7575,
301006.SZ,20260605,2.8219,4.5751,,208502.16,
002161.SZ,20260605,2.119,2.5566,,446073.7122,
603097.SH,20260605,1.5529,5.1403,,429591.2961,
603721.SH,20260605,4.3741,8.8153,,264160.0,
600006.SH,20260605,0.713,1.7873,,1194000.0,
603313.SH,20260605,1.4642,2.7151,,309828.6786,
688629.SH,20260605,11.4211,11.4211,,6221559.2472,
300963.SZ,20260605,2.9341,4.7175,,666403.92,
688679.SH,20260605,1.6339,3.3465,,731272.7653,
000762.SZ,20260605,4.2489,5.37,,1457773.0528,
002410.SZ,20260605,1.9438,2.3208,,1564391.2919,
003008.SZ,20260605,2.4434,3.6782,,201032.0,
605588.SH,20260605,3.0598,8.941,,386235.0604,
688021.SH,20260605,2.7099,4.5342,,178120.3743,
605208.SH,20260605,4.9564,9.1877,,484351.92,
920433.BJ,20260605,1.4413,2.5564,,123097.3666,
301577.SZ,20260605,28.0505,28.0505,,472314.4255,
301513.SZ,20260605,15.4728,15.4728,,686100.0,
600180.SH,20260605,4.9003,13.3703,,168427.2569,
002579.SZ,20260605,29.9201,41.9346,,1144984.2008,
300095.SZ,20260605,4.4383,4.9576,,363660.0003,
002815.SZ,20260605,18.0682,22.1664,,2193086.9027,
300687.SZ,20260605,9.1978,10.4341,,1066362.7137,
300772.SZ,20260605,2.9403,4.9199,,1055949.6201,
605090.SH,20260605,2.3304,4.5036,,2651421.5026,
300969.SZ,20260605,5.9666,9.4482,,1767406.7293,
000923.SZ,20260605,2.3305,3.7024,,960817.0306,
002178.SZ,20260605,1.7856,2.4423,,385986.9265,
300783.SZ,20260605,3.4387,4.1345,,727855.7568,
301129.SZ,20260605,4.2123,7.4721,,352110.1634,
000563.SZ,20260605,0.4735,0.839,,1513735.226,
601001.SH,20260605,2.8609,6.7244,,3682140.0,
600665.SH,20260605,2.6609,6.2632,,303307.0049,
002031.SZ,20260605,14.0127,15.77,,1466996.9119,
601226.SH,20260605,0.966,2.6157,,863532.2091,
603871.SH,20260605,1.061,2.6174,,1675810.6061,
300901.SZ,20260605,1.135,2.7629,,353280.0,
688573.SH,20260605,5.5879,5.5879,,194237.969,
603486.SH,20260605,1.5887,4.8192,,3411011.7235,
002886.SZ,20260605,8.2554,11.1645,,748024.5317,
000651.SZ,20260605,0.6658,0.8763,,21543006.4799,
300607.SZ,20260605,10.5348,11.7988,,1554453.0907,
300922.SZ,20260605,7.5978,9.0345,,392962.3643,
688367.SH,20260605,10.6055,15.4072,,327628.3794,
601086.SH,20260605,2.9678,11.3167,,490842.0,
920261.BJ,20260605,1.3011,2.0107,,412826.2367,
600992.SH,20260605,3.731,4.8744,,300970.52,
600995.SH,20260605,1.6965,7.6964,,4835556.783,
300691.SZ,20260605,4.235,5.714,,431554.2207,
601088.SH,20260605,0.2172,1.3375,,105237135.243,
603337.SH,20260605,0.8901,2.5884,,1892307.2367,
688593.SH,20260605,3.8393,6.6831,,1633627.0597,
002217.SZ,20260605,5.0872,7.1617,,1899767.3277,
600599.SH,20260605,3.8804,9.6963,,8300.0,
002927.SZ,20260605,8.0547,16.5562,,474952.959,
001213.SZ,20260605,0.1768,1.0279,,1675555.5554,
688009.SH,20260605,0.5381,2.3116,,5316089.138,
688299.SH,20260605,4.3324,5.3679,,460978.202,
300046.SZ,20260605,3.851,5.2267,,702261.6405,
603259.SH,20260605,1.7165,2.0444,,28811159.0887,
301272.SZ,20260605,3.6898,4.8476,,224824.3389,
300389.SZ,20260605,3.0247,5.4991,,511203.939,
300636.SZ,20260605,1.0071,1.2525,,278007.8897,
603073.SH,20260605,3.4862,3.7594,,206016.0,
002511.SZ,20260605,0.8365,1.7103,,905609.9804,
603949.SH,20260605,1.635,5.4367,,327906.3145,
688513.SH,20260605,1.0433,1.9823,,829701.6032,
601700.SH,20260605,1.5363,3.1176,,593292.5533,
603032.SH,20260605,10.1882,20.0621,,588899.185,
920896.BJ,20260605,2.5331,4.3637,,152443.7054,
000703.SZ,20260605,1.5329,3.4049,,5097325.7719,
300509.SZ,20260605,2.0083,3.8225,,289286.4,
688268.SH,20260605,11.1277,22.8273,,2460674.0211,
300191.SZ,20260605,3.4889,4.508,,999680.0,
002801.SZ,20260605,3.3544,5.6981,,721274.112,
603025.SH,20260605,1.0269,4.7246,,1702898.5288,
688246.SH,20260605,6.9162,11.7345,,315621.3618,
300446.SZ,20260605,2.8353,3.31,,1360264.8686,
300163.SZ,20260605,8.4196,8.9501,,303834.0,
300940.SZ,20260605,4.5486,5.7402,,385174.7636,
688320.SH,20260605,4.8497,6.8145,,582157.6901,
002583.SZ,20260605,4.9779,5.8748,,1591291.9584,
002617.SZ,20260605,9.9352,10.8627,,1638071.2517,
301118.SZ,20260605,3.3752,6.3327,,318687.9888,
300115.SZ,20260605,6.06,9.0078,,4582243.1182,
603458.SH,20260605,6.6525,7.3477,,423370.2029,
301668.SZ,20260605,5.3976,5.3976,,403150.0,
603806.SH,20260605,1.8844,4.95,,4497476.4128,
001373.SZ,20260605,3.204,4.4155,,249058.6559,
605138.SH,20260605,0.753,3.1056,,374455.1849,
300664.SZ,20260605,2.8589,4.0464,,389472.011,
002918.SZ,20260605,7.9376,12.106,,502832.0307,
301498.SZ,20260605,2.6717,5.2176,,1677981.1996,
600365.SH,20260605,1.0034,1.1773,,121680.04,
300676.SZ,20260605,1.4314,2.3149,,1460763.2259,
600460.SH,20260605,5.6444,8.3328,,5649523.9138,
600511.SH,20260605,0.6077,1.113,,2013013.9987,
300853.SZ,20260605,7.6325,7.6325,,570603.1301,
000498.SZ,20260605,0.4914,1.2365,,801059.7939,
000615.SZ,20260605,0.9687,1.1898,,641709.8768,
002434.SZ,20260605,2.0599,4.1754,,958198.0,
600187.SH,20260605,7.5865,9.8883,,259818.7576,
688065.SH,20260605,1.5126,2.7065,,3224886.669,
002175.SZ,20260605,1.4302,1.7702,,319195.1818,
600373.SH,20260605,0.6008,1.3677,,1013213.7567,
300523.SZ,20260605,1.6004,3.355,,482723.0989,
603693.SH,20260605,3.0957,19.434,,1364849.5723,
300578.SZ,20260605,2.8717,3.9494,,364816.3216,
300507.SZ,20260605,1.9819,3.0727,,591678.0643,
300459.SZ,20260605,2.226,2.2792,,1332492.3459,
688775.SH,20260605,4.5622,4.5622,,6536300.0,
600360.SH,20260605,10.5212,13.5441,,1248383.8952,
001222.SZ,20260605,1.7988,2.6568,,286525.89,
002094.SZ,20260605,2.3761,3.0238,,350285.0573,
600410.SH,20260605,4.9417,4.9417,,1962725.4826,
300400.SZ,20260605,8.22,12.2634,,721811.755,
603808.SH,20260605,1.5368,3.5336,,330633.5088,
301153.SZ,20260605,0.9401,2.1993,,645886.7683,
600729.SH,20260605,1.691,1.7743,,865490.2963,
300210.SZ,20260605,3.9279,5.1013,,508430.9507,
600488.SH,20260605,10.2115,23.27,,564505.4136,
002762.SZ,20260605,0.995,1.2805,,308001.75,
300584.SZ,20260605,3.1659,4.5198,,386400.0,
600903.SH,20260605,3.9027,11.484,,995908.1473,
688448.SH,20260605,2.9357,5.722,,560831.4239,
300241.SZ,20260605,21.206,22.6393,,561305.9945,
002046.SZ,20260605,3.4841,6.8995,,2942615.4068,
002116.SZ,20260605,0.42,0.7942,,418283.056,
600273.SH,20260605,1.2241,2.0694,,948076.4952,
688058.SH,20260605,1.5928,2.856,,184282.8019,
603895.SH,20260605,2.8382,6.46,,357528.64,
002102.SZ,20260605,0.5436,0.6842,,561967.2813,
301122.SZ,20260605,2.8426,4.8596,,334341.8746,
000042.SZ,20260605,0.8178,1.7539,,662836.6456,
300155.SZ,20260605,3.6214,5.082,,264899.4952,
603529.SH,20260605,1.1264,3.7483,,1871177.2692,
688617.SH,20260605,0.6816,1.1976,,2852237.2018,
002849.SZ,20260605,4.8953,6.0786,,367796.9047,
300689.SZ,20260605,1.7637,3.6499,,594530.8,
689009.SH,20260605,2.1997,2.2185,,2641818.4463,
300759.SZ,20260605,1.9677,2.9607,,4238613.3298,
301398.SZ,20260605,5.4346,6.0452,,444416.0,
600268.SH,20260605,1.5282,3.3246,,1276949.5679,
603285.SH,20260605,5.2262,5.2262,,684800.0,
600603.SH,20260605,2.7594,6.5806,,582091.6617,
600887.SH,20260605,0.9793,1.0709,,16237200.8322,
603488.SH,20260605,6.3423,10.075,,353016.442,
301310.SZ,20260605,9.474,9.474,,636465.7337,
603778.SH,20260605,7.2015,9.9027,,1137252.5728,
920579.BJ,20260605,6.0834,6.0834,,219080.16,
002290.SZ,20260605,4.8128,8.5911,,2068512.4952,
688032.SH,20260605,1.0946,2.9724,,1147680.2913,
300804.SZ,20260605,4.8023,4.8023,,291634.0,
300650.SZ,20260605,4.9784,6.0,,329756.05,
688722.SH,20260605,2.59,4.812,,372497.3886,
301600.SZ,20260605,2.8478,2.8478,,1037918.355,
920651.BJ,20260605,1.9116,5.0913,,140239.0,
600653.SH,20260605,1.0917,1.4854,,332831.0342,
688331.SH,20260605,6.4524,6.4524,,5729446.4525,
002992.SZ,20260605,1.1304,2.0418,,758743.9238,
605589.SH,20260605,6.1274,8.2111,,4460467.3845,
301518.SZ,20260605,4.9526,5.0317,,449209.8623,
002159.SZ,20260605,2.2733,3.3126,,256377.716,
002831.SZ,20260605,2.4931,3.5773,,3463033.806,
002234.SZ,20260605,2.2669,3.1284,,250204.472,
600309.SH,20260605,1.1839,2.0358,,22683397.402,
600531.SH,20260605,3.0534,4.4921,,1511578.3725,
600742.SH,20260605,0.5825,1.0207,,587015.7252,
601966.SH,20260605,0.4209,0.9257,,1772301.7491,
688727.SH,20260605,12.9646,12.9646,,2307256.146,
002001.SZ,20260605,1.8556,3.8429,,9755040.4123,
002993.SZ,20260605,5.4419,11.2802,,1804473.48,
600567.SH,20260605,0.6442,0.8604,,851506.1963,
603083.SH,20260605,12.3379,13.9601,,7071143.6623,
000688.SZ,20260605,1.8927,5.5969,,4628874.4596,
002279.SZ,20260605,5.9726,7.677,,606131.4303,
300829.SZ,20260605,3.116,3.4399,,393413.2102,
688323.SH,20260605,6.3186,11.0863,,534785.2765,
301195.SZ,20260605,1.7327,3.6418,,364644.8282,
600415.SH,20260605,1.3585,3.2917,,6476083.4459,
003040.SZ,20260605,1.4885,2.8469,,588870.6362,
688023.SH,20260605,1.9221,2.4027,,408700.572,
002386.SZ,20260605,1.2348,1.8417,,752352.0082,
603169.SH,20260605,1.1562,2.1447,,1007150.9763,
002878.SZ,20260605,7.5095,13.0568,,397965.4333,
301273.SZ,20260605,4.0328,7.409,,343020.9001,
002363.SZ,20260605,1.4692,2.5453,,293077.3966,
688005.SH,20260605,3.8773,6.0656,,2319998.8756,
300026.SZ,20260605,0.5348,0.7895,,949312.9285,
002445.SZ,20260605,5.2866,8.4015,,838942.4584,
300412.SZ,20260605,2.1255,2.8166,,223990.4867,
688186.SH,20260605,2.5454,3.2062,,527319.9893,
605183.SH,20260605,0.3918,1.2118,,633805.913,
002956.SZ,20260605,1.2009,2.5846,,670097.85,
000030.SZ,20260605,0.4434,1.5996,,777354.5019,
600616.SH,20260605,0.9918,1.5622,,295031.183,
300502.SZ,20260605,4.931,5.1208,,74493142.8736,
002774.SZ,20260605,2.7464,6.8241,,401331.9768,
002971.SZ,20260605,17.726,24.1109,,832197.15,
688267.SH,20260605,1.4107,2.4885,,539876.8,
002140.SZ,20260605,0.7735,2.4148,,712969.9691,
605016.SH,20260605,0.864,1.9896,,1002149.3955,
002384.SZ,20260605,6.0934,6.9163,,40553622.366,
002255.SZ,20260605,2.5025,2.6321,,783520.8349,
603190.SH,20260605,5.0376,5.0376,,327291.12,
300443.SZ,20260605,3.1671,3.556,,741751.8636,
001309.SZ,20260605,10.0222,11.3938,,14302618.7369,
300904.SZ,20260605,6.1451,6.1451,,355691.202,
300469.SZ,20260605,5.3421,6.502,,1392371.5638,
301628.SZ,20260605,13.208,13.208,,871042.7448,
002086.SZ,20260605,3.4663,3.4663,,376117.728,
300698.SZ,20260605,2.9972,5.5742,,467660.0,
688022.SH,20260605,1.8217,2.4695,,157235.2217,
600715.SH,20260605,0.4354,0.5811,,759192.6045,
920510.BJ,20260605,11.7213,17.159,,361980.3705,
605288.SH,20260605,2.6498,9.7812,,704256.5646,
300834.SZ,20260605,2.021,5.6105,,942798.0221,
920429.BJ,20260605,1.4527,2.7385,,139911.024,
300295.SZ,20260605,1.0644,1.2118,,221658.4317,
600079.SH,20260605,0.4415,0.6946,,2843337.631,
603789.SH,20260605,1.6079,2.8176,,151437.5366,
920566.BJ,20260605,1.128,1.2408,,144445.1363,
301251.SZ,20260605,9.7067,9.7067,,898319.3057,
300127.SZ,20260605,4.5413,9.8106,,936155.0049,
920168.BJ,20260605,3.9421,3.9421,,148166.7714,
688281.SH,20260605,1.1351,2.1976,,1903033.9387,
600622.SH,20260605,2.9775,5.201,,376421.0359,
300015.SZ,20260605,0.8098,1.4942,,7963888.7562,
600035.SH,20260605,0.7122,1.547,,616674.3901,
600790.SH,20260605,1.2683,2.1051,,586316.3712,
600487.SH,20260605,10.2647,14.2923,,23706962.3743,
603958.SH,20260605,2.165,5.932,,439158.72,
603738.SH,20260605,9.1058,12.6724,,1716813.4519,
300515.SZ,20260605,1.381,2.7239,,319948.2475,
688628.SH,20260605,3.3873,7.0416,,931918.1487,
002189.SZ,20260605,1.3214,2.2861,,539898.8973,
002430.SZ,20260605,1.6045,3.9765,,2445896.9225,
688519.SH,20260605,2.7771,6.7926,,5552610.2356,
300508.SZ,20260605,5.9858,9.7767,,488175.7901,
300252.SZ,20260605,17.7752,20.5373,,1168637.4317,
603068.SH,20260605,2.6967,4.4105,,506969.6455,
000812.SZ,20260605,1.5257,1.8217,,276817.2144,
300129.SZ,20260605,3.1388,3.3045,,1104417.832,
920871.BJ,20260605,1.5348,2.5698,,109415.13,
920069.BJ,20260605,9.9115,9.9115,,201073.2,
000488.SZ,20260605,0.63,0.8618,,632413.083,
300559.SZ,20260605,2.3028,2.8705,,451850.9753,
300394.SZ,20260605,6.0598,10.9256,,35607647.6917,
300845.SZ,20260605,5.5378,6.3724,,297768.3128,
920974.BJ,20260605,2.5375,2.9585,,123996.6,
603284.SH,20260605,4.7901,4.7901,,306862.8212,
301219.SZ,20260605,2.8138,4.4696,,2166059.7613,
002962.SZ,20260605,26.6875,30.9492,,631455.4871,
002508.SZ,20260605,0.9308,1.9609,,1578047.9897,
603648.SH,20260605,0.6086,1.2052,,323997.0432,
603203.SH,20260605,4.4896,12.5755,,1688710.7649,
301595.SZ,20260605,3.1041,3.1041,,472100.8,
002639.SZ,20260605,6.6804,7.0986,,1176222.3701,
603496.SH,20260605,3.736,5.0554,,727515.4001,
301413.SZ,20260605,10.2151,10.2151,,1154501.2845,
920363.BJ,20260605,8.7431,12.2084,,169414.052,
600857.SH,20260605,7.8948,12.9351,,345228.3553,
688765.SH,20260605,2.8021,2.8021,,1711352.5,
300350.SZ,20260605,3.28,3.4227,,255153.5747,
601811.SH,20260605,0.479,3.2934,,1605227.141,
001296.SZ,20260605,1.9046,2.7052,,295741.577,
920809.BJ,20260605,4.916,4.916,,490621.95,
000897.SZ,20260605,2.4587,3.1091,,313750.8134,
300331.SZ,20260605,9.4366,10.681,,1533565.4611,
002903.SZ,20260605,4.7549,5.5723,,750740.118,
920278.BJ,20260605,2.357,2.5698,,114995.5,
001285.SZ,20260605,3.3217,3.3217,,820891.8063,
000026.SZ,20260605,5.4829,9.9157,,915403.5998,
300054.SZ,20260605,5.0111,5.5305,,6612792.0723,
002498.SZ,20260605,2.6006,7.7775,,2651456.412,
000510.SZ,20260605,6.8606,7.6489,,1199805.6397,
000779.SZ,20260605,1.3228,2.4227,,349551.7479,
002047.SZ,20260605,1.8632,2.7364,,721734.3779,
603639.SH,20260605,0.298,0.8674,,383564.1149,
000915.SZ,20260605,0.6259,0.9165,,639256.2911,
600399.SH,20260605,2.4808,3.5955,,905193.9,
605507.SH,20260605,0.5228,1.1413,,1243941.111,
300814.SZ,20260605,6.0067,15.8225,,3020576.0528,
600707.SH,20260605,11.0032,29.8192,,4202004.3762,
603229.SH,20260605,0.9197,1.9747,,767194.562,
600795.SH,20260605,1.5248,3.493,,9042658.8746,
688113.SH,20260605,1.8681,3.1017,,259006.9823,
000608.SZ,20260605,10.2702,11.1075,,413952.1466,
300718.SZ,20260605,9.458,14.3701,,2285659.5795,
300439.SZ,20260605,0.9002,1.1854,,342428.0642,
000626.SZ,20260605,5.3435,13.0818,,409354.5061,
688500.SH,20260605,2.6516,4.0075,,362930.1422,
600711.SH,20260605,2.5005,3.0475,,3677827.7457,
300700.SZ,20260605,6.3477,6.668,,818276.4042,
688586.SH,20260605,0.9809,2.5663,,1016870.8155,
688048.SH,20260605,8.6604,13.178,,6497854.9789,
920158.BJ,20260605,4.8835,4.8835,,193224.416,
301666.SZ,20260605,20.7549,20.7549,,35202660.252,
688265.SH,20260605,0.6442,2.1084,,259774.4253,
301618.SZ,20260605,6.4863,6.8281,,516828.6188,
002224.SZ,20260605,1.3995,1.7285,,336489.3889,
603163.SH,20260605,2.8523,10.2304,,1010200.0,
000007.SZ,20260605,2.4456,3.6826,,426477.5422,
002314.SZ,20260605,6.5217,10.2139,,676945.6283,
000420.SZ,20260605,4.5789,5.7607,,1101573.0177,
000553.SZ,20260605,0.3365,2.0997,,1402546.6831,
600126.SH,20260605,1.5843,4.1904,,2445084.8961,
600482.SH,20260605,2.9609,6.3268,,8526338.0973,
605499.SH,20260605,1.2142,3.609,,9866904.5271,
600491.SH,20260605,3.9955,5.8852,,212636.3557,
000655.SZ,20260605,1.0238,2.4616,,423286.9035,
300522.SZ,20260605,2.5309,3.8076,,374366.1996,
002771.SZ,20260605,8.9821,9.51,,341705.7189,
605188.SH,20260605,1.8276,10.2733,,682202.843,
688170.SH,20260605,10.9922,15.7582,,828430.4,
300677.SZ,20260605,2.586,2.9534,,3046566.9327,
301162.SZ,20260605,2.6828,3.0624,,775636.1457,
002475.SZ,20260605,3.5094,5.6218,,50105727.1455,
301199.SZ,20260605,5.2243,6.1776,,375592.112,
002602.SZ,20260605,1.9961,2.4493,,11011799.3891,
688001.SH,20260605,2.8221,11.5837,,3272665.3959,
601518.SH,20260605,1.6859,5.4463,,603086.4609,
301130.SZ,20260605,1.8391,2.2566,,210742.8572,
600874.SH,20260605,0.6128,1.4644,,893567.8904,
300637.SZ,20260605,4.2165,6.7914,,237567.1316,
600901.SH,20260605,0.4526,1.1444,,3735753.848,
000592.SZ,20260605,5.5888,6.7564,,1557015.399,
605100.SH,20260605,1.4073,3.1127,,817216.218,
301225.SZ,20260605,9.9823,9.9823,,982110.0,
300458.SZ,20260605,4.2138,4.8463,,3227334.1096,
603407.SH,20260605,9.1882,9.1882,,2294706.0496,
300318.SZ,20260605,0.7598,1.6238,,394562.9391,
600698.SH,20260605,0.9919,1.9051,,679653.5976,
300449.SZ,20260605,7.8003,10.145,,309214.8272,
920578.BJ,20260605,6.4614,9.3935,,133838.4198,
301267.SZ,20260605,0.5901,2.2754,,1401120.0,
601168.SH,20260605,1.7801,2.6179,,7275299.0,
301139.SZ,20260605,30.2091,33.9029,,65775.2128,
920035.BJ,20260605,6.1339,6.1339,,190905.0,
603777.SH,20260605,1.7498,4.4632,,569858.7789,
300513.SZ,20260605,2.7484,2.833,,249070.7771,
688779.SH,20260605,1.4419,2.5254,,1612827.5856,
920066.BJ,20260605,7.6194,7.6194,,157321.875,
301557.SZ,20260605,5.6206,5.6206,,508716.3868,
000858.SZ,20260605,0.5652,1.2582,,31472077.7045,
601229.SH,20260605,0.2951,0.4581,,13242818.4307,
002507.SZ,20260605,0.5699,0.8817,,1335084.3154,
301229.SZ,20260605,2.3696,3.0963,,265581.312,
002950.SZ,20260605,1.9462,3.5145,,593369.6864,
300050.SZ,20260605,5.2493,6.3693,,390655.0968,
600936.SH,20260605,8.837,13.4594,,999273.6909,
301239.SZ,20260605,1.6069,3.2243,,500326.0965,
002683.SZ,20260605,1.8474,2.8429,,2407315.8796,
603979.SH,20260605,0.8751,1.5187,,4463209.6367,
688383.SH,20260605,1.9622,6.2697,,1420001.605,
600758.SH,20260605,11.4765,18.8993,,634568.3491,
603255.SH,20260605,1.8629,2.9457,,400006.4343,
600751.SH,20260605,1.5778,3.113,,948083.455,
601375.SH,20260605,0.8431,1.1075,,1838582.3412,
600033.SH,20260605,0.7782,1.765,,971517.6,
600505.SH,20260605,9.34,21.1535,,494353.53,
300130.SZ,20260605,5.1022,5.9216,,1377402.2706,
002748.SZ,20260605,1.4203,3.0573,,257520.0,
601900.SH,20260605,0.3965,1.0592,,1039842.7408,
301387.SZ,20260605,11.9367,15.5856,,1036088.362,
600418.SH,20260605,2.97,4.1384,,7461329.8255,
920191.BJ,20260605,12.9374,12.9374,,200279.4066,
600000.SH,20260605,0.2239,0.6209,,31107652.9722,
600716.SH,20260605,0.7136,1.4905,,337917.873,
688129.SH,20260605,1.0243,2.9447,,307582.3764,
600061.SH,20260605,0.3945,1.0933,,4047392.9139,
601155.SH,20260605,0.7335,2.2365,,2654868.1015,
605186.SH,20260605,5.2673,10.5889,,392904.0,
000599.SZ,20260605,4.9885,8.5061,,1157292.0388,
601177.SH,20260605,5.7137,10.39,,604639.1205,
300203.SZ,20260605,3.8046,5.0135,,578871.504,
300938.SZ,20260605,5.2356,7.6071,,1298197.4015,
002785.SZ,20260605,4.9855,6.0372,,926874.5526,
688102.SH,20260605,3.2713,6.7438,,2922975.1205,
601083.SH,20260605,2.7248,2.7248,,1440355.56,
002501.SZ,20260605,4.799,6.1969,,603500.0,
603065.SH,20260605,8.2885,18.6306,,400114.0313,
688255.SH,20260605,4.1743,7.5815,,348252.6179,
301503.SZ,20260605,3.2962,4.1794,,250400.0,
601339.SH,20260605,0.5396,2.0991,,1076690.542,
603466.SH,20260605,11.8127,19.1156,,687611.5512,
601528.SH,20260605,0.5726,0.5955,,928102.3398,
000731.SZ,20260605,1.1358,1.3075,,326002.5846,
600521.SH,20260605,0.8007,1.3262,,2245878.204,
603099.SH,20260605,3.0607,7.3237,,1018338.5605,
688150.SH,20260605,4.3413,9.7758,,2005346.4861,
688066.SH,20260605,3.1287,4.4036,,346977.6568,
000983.SZ,20260605,2.5791,6.0379,,4422461.725,
600533.SH,20260605,2.164,3.8025,,236250.0,
600714.SH,20260605,7.6004,11.7342,,948099.9382,
300298.SZ,20260605,0.8272,1.2799,,838160.0199,
603060.SH,20260605,2.7982,8.8587,,580459.8341,
605155.SH,20260605,2.1585,5.657,,270112.9172,
300620.SZ,20260605,9.411,18.4746,,7981252.8564,
301328.SZ,20260605,3.3166,7.6619,,919424.7525,
603400.SH,20260605,4.7054,4.7054,,681800.0,
002826.SZ,20260605,2.0209,2.8698,,312902.1878,
605339.SH,20260605,0.291,1.8173,,572368.041,
603170.SH,20260605,0.3791,1.119,,486812.17,
688111.SH,20260605,1.4534,3.3606,,10854491.9344,
300977.SZ,20260605,2.378,5.8087,,273094.7482,
603150.SH,20260605,2.7326,4.5089,,577779.597,
000537.SZ,20260605,3.4149,11.0065,,2080386.5138,
301046.SZ,20260605,4.4394,7.5555,,463002.9497,
300341.SZ,20260605,2.4555,6.4718,,768871.7593,
002701.SZ,20260605,0.9305,1.4004,,1236364.3065,
688172.SH,20260605,2.4262,3.4665,,9777756.3464,
000504.SZ,20260605,1.6716,2.816,,281179.6795,
300554.SZ,20260605,11.7814,13.5355,,337952.0563,
002856.SZ,20260605,5.7139,8.9029,,347753.9166,
601208.SH,20260605,8.0546,10.474,,5733798.3845,
002870.SZ,20260605,2.462,4.3711,,520113.8546,
