ts_code,trade_date,auction_price,auction_vol,auction_amount,auction_pct_chg,auction_amount_ratio,auction_strength_score
600000.SH,20260709,8.97,199901,1793112.0,,,0
600004.SH,20260709,7.54,12500,94250.0,,,0
600006.SH,20260709,5.19,34200,177498.0,,,0
600007.SH,20260709,19.36,4700,90992.0,,,0
600008.SH,20260709,2.79,329000,917910.0,,,0
600009.SH,20260709,22.7,29100,660570.0,,,0
600010.SH,20260709,2.18,1271000,2770780.0,,,0
600011.SH,20260709,6.76,480000,3244800.0,,,0
600012.SH,20260709,17.3,12000,207600.0,,,0
600015.SH,20260709,6.78,604400,4097832.0,,,0
600016.SH,20260709,3.31,486200,1609322.0,,,0
600017.SH,20260709,2.62,95300,249686.0,,,0
600018.SH,20260709,5.06,123000,622380.0,,,0
600019.SH,20260709,5.54,249000,1379460.0,,,0
600020.SH,20260709,3.78,22000,83160.0,,,0
600021.SH,20260709,13.77,66900,921213.0,,,0
600022.SH,20260709,1.27,638300,810641.0,,,0
600023.SH,20260709,5.33,209600,1117168.0,,,0
600025.SH,20260709,9.43,208900,1969927.0,,,0
600026.SH,20260709,16.07,391900,6297833.0,,,0
600027.SH,20260709,4.47,744800,3329256.0,,,0
600028.SH,20260709,4.83,2452200,11844126.0,,,0
600029.SH,20260709,5.01,1250300,6264003.0,,,0
600030.SH,20260709,28.01,754830,21142788.0,,,0
600031.SH,20260709,18.72,305516,5719260.0,,,0
600032.SH,20260709,6.49,89000,577610.0,,,0
600033.SH,20260709,3.39,71700,243063.0,,,0
600035.SH,20260709,3.51,129200,453492.0,,,0
600036.SH,20260709,37.7,392300,14789710.0,,,0
600037.SH,20260709,6.25,85300,533125.0,,,0
600038.SH,20260709,24.99,3000,74970.0,,,0
600039.SH,20260709,8.7,39800,346260.0,,,0
600048.SH,20260709,4.61,689600,3179056.0,,,0
600050.SH,20260709,4.07,447000,1819290.0,,,0
600051.SH,20260709,5.77,4900,28273.0,,,0
600052.SH,20260709,3.53,114200,403126.0,,,0
600053.SH,20260709,8.31,15800,131298.0,,,0
600054.SH,20260709,10.87,176500,1918555.0,,,0
600055.SH,20260709,10.42,17500,182350.0,,,0
600056.SH,20260709,9.01,22300,200923.0,,,0
600057.SH,20260709,5.82,18500,107670.0,,,0
600058.SH,20260709,10.5,60700,637350.0,,,0
600059.SH,20260709,7.6,7900,60040.0,,,0
600060.SH,20260709,26.89,75800,2038262.0,,,0
600061.SH,20260709,6.46,143700,928302.0,,,0
600062.SH,20260709,16.48,23200,382336.0,,,0
600063.SH,20260709,6.28,840800,5280224.0,,,0
600064.SH,20260709,7.38002,26412,194921.0,,,0
600066.SH,20260709,28.7,34100,978670.0,,,0
600067.SH,20260709,2.74,33100,90694.0,,,0
600071.SH,20260709,15.58,3100,48298.0,,,0
600072.SH,20260709,8.09,32900,266161.0,,,0
600073.SH,20260709,4.95,26700,132165.0,,,0
600075.SH,20260709,4.12,78000,321360.0,,,0
600076.SH,20260709,3.2,517200,1655040.0,,,0
600078.SH,20260709,10.99,86000,945140.0,,,0
600079.SH,20260709,17.16,29000,497640.0,,,0
600080.SH,20260709,4.73,28600,135278.0,,,0
600081.SH,20260709,9.22,3700,34114.0,,,0
600082.SH,20260709,2.77,105600,292512.0,,,0
600084.SH,20260709,4.22,35300,148966.0,,,0
600085.SH,20260709,23.31,15900,370629.0,,,0
600088.SH,20260709,11.21,15300,171513.0,,,0
600089.SH,20260709,20.0,291600,5832000.0,,,0
600094.SH,20260709,4.3,5020600,21588580.0,,,0
600095.SH,20260709,7.49,40600,304094.0,,,0
600096.SH,20260709,28.83,73200,2110356.0,,,0
600097.SH,20260709,7.99,3800,30362.0,,,0
600098.SH,20260709,6.02,33300,200466.0,,,0
600099.SH,20260709,8.05,12900,103845.0,,,0
600100.SH,20260709,6.74,229800,1548852.0,,,0
600101.SH,20260709,7.74,5600,43344.0,,,0
600103.SH,20260709,2.83,167600,474308.0,,,0
600104.SH,20260709,10.01,85200,852852.0,,,0
600105.SH,20260709,48.98,515800,25263884.0,,,0
600106.SH,20260709,4.44,10200,45288.0,,,0
600107.SH,20260709,6.29,2400,15096.0,,,0
600108.SH,20260709,2.85,183000,521550.0,,,0
600109.SH,20260709,8.59,117900,1012761.0,,,0
600110.SH,20260709,13.7,2002100,27428770.0,,,0
600111.SH,20260709,45.5,513700,23373350.0,,,0
600113.SH,20260709,30.03,87400,2624622.0,,,0
600114.SH,20260709,33.38,34100,1138258.0,,,0
600115.SH,20260709,3.61,2349500,8481695.0,,,0
600116.SH,20260709,5.72,77000,440440.0,,,0
600117.SH,20260709,2.1,5700,11970.0,,,0
600118.SH,20260709,77.92,125200,9755584.0,,,0
600119.SH,20260709,4.52,3300,14916.0,,,0
600120.SH,20260709,4.87,1916400,9332868.0,,,0
600121.SH,20260709,3.45,294100,1014645.0,,,0
600123.SH,20260709,5.76,31800,183168.0,,,0
600125.SH,20260709,5.25,18500,97125.0,,,0
600126.SH,20260709,5.85,400600,2343510.0,,,0
600127.SH,20260709,5.35,11000,58850.0,,,0
600128.SH,20260709,7.61,10900,82949.0,,,0
600129.SH,20260709,14.96,1088100,16277976.0,,,0
600130.SH,20260709,4.02,28100,112962.0,,,0
600131.SH,20260709,13.95,15000,209250.0,,,0
600132.SH,20260709,41.71,5600,233576.0,,,0
600133.SH,20260709,7.85,60000,471000.0,,,0
600135.SH,20260709,7.4,13700,101380.0,,,0
600136.SH,20260709,1.36,263800,358768.0,,,0
600137.SH,20260709,16.38,7901,129418.0,,,0
600138.SH,20260709,6.75,36700,247725.0,,,0
600141.SH,20260709,35.98,156500,5630870.0,,,0
600143.SH,20260709,14.76,149600,2208096.0,,,0
600148.SH,20260709,14.6,600,8760.0,,,0
600149.SH,20260709,4.49,17100,76779.0,,,0
600150.SH,20260709,35.99,701881,25260697.0,,,0
600151.SH,20260709,10.09,54200,546878.0,,,0
600152.SH,20260709,8.47,66200,560714.0,,,0
600153.SH,20260709,8.48,2800,23744.0,,,0
600155.SH,20260709,5.44,39900,217056.0,,,0
600156.SH,20260709,8.29,26200,217198.0,,,0
600157.SH,20260709,1.54,2203900,3394006.0,,,0
600158.SH,20260709,6.33,160600,1016598.0,,,0
600159.SH,20260709,2.24,11400,25536.0,,,0
600160.SH,20260709,45.92,265400,12187168.0,,,0
600161.SH,20260709,11.8,32900,388220.0,,,0
600162.SH,20260709,2.29,688200,1575978.0,,,0
600163.SH,20260709,4.78,56900,271982.0,,,0
600165.SH,20260709,2.79,100,279.0,,,0
600166.SH,20260709,3.15,288100,907515.0,,,0
600167.SH,20260709,5.54,19800,109692.0,,,0
600168.SH,20260709,4.18,4200,17556.0,,,0
600169.SH,20260709,1.99,16700,33233.0,,,0
600170.SH,20260709,2.22,248000,550560.0,,,0
600171.SH,20260709,28.07,48100,1350167.0,,,0
600172.SH,20260709,17.35,6529900,113293765.0,,,0
600173.SH,20260709,5.73,3000,17190.0,,,0
600176.SH,20260709,57.0,1568522,89405754.0,,,0
600177.SH,20260709,7.70001,48548,373820.0,,,0
600178.SH,20260709,8.8,39500,347600.0,,,0
600179.SH,20260709,4.48,260500,1167040.0,,,0
600180.SH,20260709,1.39,767000,1066130.0,,,0
600182.SH,20260709,13.84,5200,71968.0,,,0
600183.SH,20260709,149.98,250000,37495000.0,,,0
600184.SH,20260709,21.5,89600,1926400.0,,,0
600185.SH,20260709,4.39,35100,154089.0,,,0
600186.SH,20260709,10.93,399500,4366535.0,,,0
600187.SH,20260709,1.52,1270900,1931768.0,,,0
600188.SH,20260709,17.95,473700,8502915.0,,,0
600189.SH,20260709,7.21,16500,118965.0,,,0
600191.SH,20260709,8.68,22000,190960.0,,,0
600192.SH,20260709,6.1,2200,13420.0,,,0
600195.SH,20260709,6.08,1800,10944.0,,,0
600196.SH,20260709,22.74,214900,4886826.0,,,0
600197.SH,20260709,9.67,2900,28043.0,,,0
600198.SH,20260709,8.2,91900,753580.0,,,0
600199.SH,20260709,6.09,71000,432390.0,,,0
600201.SH,20260709,12.47,89000,1109830.0,,,0
600202.SH,20260709,4.52,48100,217412.0,,,0
600203.SH,20260709,12.98,658700,8549926.0,,,0
600206.SH,20260709,55.25,1117257,61728449.0,,,0
600207.SH,20260709,4.47,175100,782697.0,,,0
600208.SH,20260709,2.82,245800,693156.0,,,0
600210.SH,20260709,6.17,30200,186334.0,,,0
600211.SH,20260709,37.5,2700,101250.0,,,0
600212.SH,20260709,4.9,17500,85750.0,,,0
600215.SH,20260709,6.19,117300,726087.0,,,0
600216.SH,20260709,11.66,98900,1153174.0,,,0
600217.SH,20260709,2.89,28400,82076.0,,,0
600218.SH,20260709,7.17,10000,71700.0,,,0
600219.SH,20260709,4.0,883500,3534000.0,,,0
600221.SH,20260709,1.33,6080700,8087331.0,,,0
600222.SH,20260709,7.43,59300,440599.0,,,0
600223.SH,20260709,5.36,14900,79864.0,,,0
600226.SH,20260709,8.77,1477600,12958552.0,,,0
600227.SH,20260709,2.43,148600,361098.0,,,0
600228.SH,20260709,6.41,93700,600617.0,,,0
600229.SH,20260709,4.63002,18701,86586.0,,,0
600230.SH,20260709,13.0,351100,4564300.0,,,0
600231.SH,20260709,1.56,68300,106548.0,,,0
600232.SH,20260709,5.96,12000,71520.0,,,0
600233.SH,20260709,16.66,114600,1909236.0,,,0
600234.SH,20260709,23.83,3100,73873.0,,,0
600235.SH,20260709,5.13,52800,270864.0,,,0
600236.SH,20260709,9.43001,55750,525723.0,,,0
600237.SH,20260709,10.96,680500,7458280.0,,,0
600238.SH,20260709,4.55,100,455.0,,,0
600239.SH,20260709,1.44,231500,333360.0,,,0
600241.SH,20260709,6.67,149500,997165.0,,,0
600243.SH,20260709,3.48,1100,3828.0,,,0
600246.SH,20260709,19.36,3434500,66491920.0,,,0
600248.SH,20260709,2.8,72500,203000.0,,,0
600249.SH,20260709,4.63,13300,61579.0,,,0
600250.SH,20260709,7.73,167800,1297094.0,,,0
600251.SH,20260709,8.72,45900,400248.0,,,0
600252.SH,20260709,1.9,248800,472720.0,,,0
600255.SH,20260709,3.03,270600,819918.0,,,0
600256.SH,20260709,5.2,948600,4932720.0,,,0
600257.SH,20260709,4.3,11700,50310.0,,,0
600258.SH,20260709,11.5,130100,1496150.0,,,0
600259.SH,20260709,89.0,38000,3382000.0,,,0
600261.SH,20260709,2.95,16300,48085.0,,,0
600262.SH,20260709,19.55,2800,54740.0,,,0
600265.SH,20260709,22.84,3900,89076.0,,,0
600266.SH,20260709,4.0,23400,93600.0,,,0
600267.SH,20260709,10.48,223000,2337040.0,,,0
600268.SH,20260709,10.78,60600,653268.0,,,0
600269.SH,20260709,4.13,41700,172221.0,,,0
600271.SH,20260709,6.52,10100,65852.0,,,0
600272.SH,20260709,10.68,4500,48060.0,,,0
600273.SH,20260709,6.55,14600,95630.0,,,0
600276.SH,20260709,53.2,1299919,69155691.0,,,0
600278.SH,20260709,6.1,5600,34160.0,,,0
600279.SH,20260709,3.84,15200,58368.0,,,0
600280.SH,20260709,2.59,83300,215747.0,,,0
600281.SH,20260709,3.9,16000,62400.0,,,0
600282.SH,20260709,4.71,11000,51810.0,,,0
600283.SH,20260709,8.6,64300,552980.0,,,0
600284.SH,20260709,4.8,105000,504000.0,,,0
600285.SH,20260709,21.69,47800,1036782.0,,,0
600287.SH,20260709,4.45,36100,160645.0,,,0
600288.SH,20260709,17.11,3162600,54112086.0,,,0
600289.SH,20260709,,0,0.0,,,0
600292.SH,20260709,12.0,14800,177600.0,,,0
600293.SH,20260709,2.47,252800,624416.0,,,0
600295.SH,20260709,11.29,8700,98223.0,,,0
600298.SH,20260709,36.8,9000,331200.0,,,0
600299.SH,20260709,7.83,73200,573156.0,,,0
600300.SH,20260709,2.92,35100,102492.0,,,0
600301.SH,20260709,50.13,86800,4351284.0,,,0
600302.SH,20260709,7.59,25800,195822.0,,,0
600303.SH,20260709,2.45,70300,172235.0,,,0
600305.SH,20260709,6.56,25300,165968.0,,,0
600307.SH,20260709,1.38,78900,108882.0,,,0
600308.SH,20260709,3.14,52800,165792.0,,,0
600309.SH,20260709,70.03,194800,13641844.0,,,0
600310.SH,20260709,3.74,80800,302192.0,,,0
600312.SH,20260709,16.49,14800,244052.0,,,0
600313.SH,20260709,5.14,22400,115136.0,,,0
600315.SH,20260709,17.81,20300,361543.0,,,0
600316.SH,20260709,27.77,12000,333240.0,,,0
600318.SH,20260709,6.02,1200,7224.0,,,0
600319.SH,20260709,6.11,7900,48269.0,,,0
600320.SH,20260709,4.03,94100,379223.0,,,0
600322.SH,20260709,2.79,293700,819423.0,,,0
600323.SH,20260709,29.04,10300,299112.0,,,0
600325.SH,20260709,2.28,115200,262656.0,,,0
600326.SH,20260709,6.3,26000,163800.0,,,0
600327.SH,20260709,3.3,16600,54780.0,,,0
600328.SH,20260709,5.9,10500,61950.0,,,0
600329.SH,20260709,39.58,14500,573910.0,,,0
600330.SH,20260709,24.5,199800,4895100.0,,,0
600331.SH,20260709,11.15,70500,786075.0,,,0
600332.SH,20260709,21.2,34800,737760.0,,,0
600333.SH,20260709,5.45,14100,76845.0,,,0
600335.SH,20260709,4.95,27100,134145.0,,,0
600336.SH,20260709,5.94,30302,179994.0,,,0
600337.SH,20260709,3.2,59600,190720.0,,,0
600338.SH,20260709,13.49,121100,1633639.0,,,0
600339.SH,20260709,3.15,521000,1641150.0,,,0
600340.SH,20260709,1.17,353200,413244.0,,,0
600343.SH,20260709,23.66,110400,2612064.0,,,0
600345.SH,20260709,57.75,60400,3488100.0,,,0
600346.SH,20260709,16.5,151500,2499750.0,,,0
600348.SH,20260709,8.57,176700,1514319.0,,,0
600350.SH,20260709,13.28,456300,6059664.0,,,0
600351.SH,20260709,6.09,25800,157122.0,,,0
600352.SH,20260709,11.42,180900,2065878.0,,,0
600353.SH,20260709,37.43,644400,24119892.0,,,0
600354.SH,20260709,4.86,4600,22356.0,,,0
600356.SH,20260709,7.92,9600,76032.0,,,0
600358.SH,20260709,5.21,116700,608007.0,,,0
600359.SH,20260709,5.6,2000,11200.0,,,0
600360.SH,20260709,14.83,618400,9170872.0,,,0
600361.SH,20260709,3.47,91800,318546.0,,,0
600362.SH,20260709,40.9,805900,32961310.0,,,0
600363.SH,20260709,32.13,34400,1105272.0,,,0
600365.SH,20260709,2.52,25100,63252.0,,,0
600366.SH,20260709,15.5,371900,5764450.0,,,0
600367.SH,20260709,43.51,248600,10816586.0,,,0
600368.SH,20260709,3.53,29500,104135.0,,,0
600369.SH,20260709,4.08,76200,310896.0,,,0
600370.SH,20260709,1.87,1203800,2251106.0,,,0
600371.SH,20260709,6.54,1500,9810.0,,,0
600372.SH,20260709,11.0,92125,1013375.0,,,0
600373.SH,20260709,6.70001,23124,154931.0,,,0
600375.SH,20260709,3.78,6700,25326.0,,,0
600376.SH,20260709,3.32,488300,1621156.0,,,0
600377.SH,20260709,12.57,34900,438693.0,,,0
600378.SH,20260709,63.88,270000,17247600.0,,,0
600379.SH,20260709,14.8,448600,6639280.0,,,0
600380.SH,20260709,9.86,17700,174522.0,,,0
600381.SH,20260709,4.55,37500,170625.0,,,0
600382.SH,20260709,6.18,267800,1655004.0,,,0
600383.SH,20260709,2.12,174700,370364.0,,,0
600386.SH,20260709,3.15,200,630.0,,,0
600388.SH,20260709,16.0,102200,1635200.0,,,0
600389.SH,20260709,18.75,15200,285000.0,,,0
600390.SH,20260709,4.68,47800,223704.0,,,0
600391.SH,20260709,30.01,59300,1779593.0,,,0
600392.SH,20260709,24.47,271600,6646052.0,,,0
600395.SH,20260709,4.62,41000,189420.0,,,0
600396.SH,20260709,11.8,326600,3853880.0,,,0
600397.SH,20260709,19.41,726300,14097483.0,,,0
600398.SH,20260709,5.61,34500,193545.0,,,0
600399.SH,20260709,3.95,79600,314420.0,,,0
600400.SH,20260709,3.06,78900,241434.0,,,0
600403.SH,20260709,4.74,311200,1475088.0,,,0
600406.SH,20260709,22.4,452200,10129280.0,,,0
600408.SH,20260709,2.35,70200,164970.0,,,0
600409.SH,20260709,5.72,117900,674388.0,,,0
600410.SH,20260709,14.6,333000,4861800.0,,,0
600415.SH,20260709,9.98,111300,1110774.0,,,0
600416.SH,20260709,9.0,84900,764100.0,,,0
600418.SH,20260709,22.23,342000,7602660.0,,,0
600419.SH,20260709,7.75,5500,42625.0,,,0
600420.SH,20260709,8.65,23900,206735.0,,,0
600422.SH,20260709,8.22,32200,264684.0,,,0
600423.SH,20260709,2.39,867300,2072847.0,,,0
600425.SH,20260709,3.3,9500,31350.0,,,0
600426.SH,20260709,24.9,61600,1533840.0,,,0
600428.SH,20260709,8.23,21500,176945.0,,,0
600429.SH,20260709,4.15,135100,560665.0,,,0
600433.SH,20260709,3.18,16600,52788.0,,,0
600435.SH,20260709,10.67,12300,131241.0,,,0
600436.SH,20260709,111.0,12100,1343100.0,,,0
600438.SH,20260709,11.12,103300,1148696.0,,,0
600439.SH,20260709,2.13,2100,4473.0,,,0
600444.SH,20260709,12.8,4500,57600.0,,,0
600446.SH,20260709,10.05,50800,510540.0,,,0
600448.SH,20260709,2.51003,15001,37653.0,,,0
600449.SH,20260709,12.94,33300,430902.0,,,0
600452.SH,20260709,8.92,101000,900920.0,,,0
600455.SH,20260709,22.0,9400,206800.0,,,0
600456.SH,20260709,26.06,4500,117270.0,,,0
600458.SH,20260709,13.92,257000,3577440.0,,,0
600459.SH,20260709,21.5,220800,4747200.0,,,0
600460.SH,20260709,47.08,592100,27876068.0,,,0
600461.SH,20260709,9.08,9600,87168.0,,,0
600463.SH,20260709,7.64,6400,48896.0,,,0
600467.SH,20260709,2.04,13000,26520.0,,,0
600468.SH,20260709,5.11,61500,314265.0,,,0
600469.SH,20260709,5.33,6500,34645.0,,,0
600470.SH,20260709,6.58,811600,5340328.0,,,0
600475.SH,20260709,13.26,20600,273156.0,,,0
600476.SH,20260709,8.86,21800,193148.0,,,0
600477.SH,20260709,2.26,92600,209276.0,,,0
600478.SH,20260709,4.76,106800,508368.0,,,0
600479.SH,20260709,9.56,15800,151048.0,,,0
600480.SH,20260709,8.51,52300,445073.0,,,0
600481.SH,20260709,4.4,139500,613800.0,,,0
600482.SH,20260709,32.78,93000,3048540.0,,,0
600483.SH,20260709,10.47,18900,197883.0,,,0
600486.SH,20260709,50.15,2200,110330.0,,,0
600487.SH,20260709,78.18,2146085,167780925.0,,,0
600488.SH,20260709,5.11,3150600,16099566.0,,,0
600489.SH,20260709,19.23,2311300,44446299.0,,,0
600490.SH,20260709,5.86,258500,1514810.0,,,0
600493.SH,20260709,5.81,43701,253903.0,,,0
600495.SH,20260709,3.58,163000,583540.0,,,0
600496.SH,20260709,3.18,50000,159000.0,,,0
600497.SH,20260709,9.59,670500,6430095.0,,,0
600498.SH,20260709,55.0,254800,14014000.0,,,0
600499.SH,20260709,15.5,326600,5062300.0,,,0
600500.SH,20260709,6.44,544100,3504004.0,,,0
600501.SH,20260709,14.38,13500,194130.0,,,0
600502.SH,20260709,4.47,84100,375927.0,,,0
600503.SH,20260709,1.99,120700,240193.0,,,0
600505.SH,20260709,10.2,14100,143820.0,,,0
600506.SH,20260709,13.59,26500,360135.0,,,0
600507.SH,20260709,4.06,12200,49532.0,,,0
600508.SH,20260709,8.01,74900,599949.0,,,0
600509.SH,20260709,7.62,174600,1330452.0,,,0
600510.SH,20260709,6.6,29000,191400.0,,,0
600511.SH,20260709,26.92,4100,110372.0,,,0
600512.SH,20260709,1.91,25000,47750.0,,,0
600513.SH,20260709,14.34,31300,448842.0,,,0
600515.SH,20260709,2.73,210500,574665.0,,,0
600516.SH,20260709,5.14,173200,890248.0,,,0
600517.SH,20260709,4.67,30200,141034.0,,,0
600518.SH,20260709,1.25,300600,375750.0,,,0
600519.SH,20260709,1191.0,13200,15721200.0,,,0
600520.SH,20260709,35.41,133500,4727235.0,,,0
600521.SH,20260709,16.02,562900,9017658.0,,,0
600522.SH,20260709,45.85,1707900,78307215.0,,,0
600523.SH,20260709,10.7,4700,50290.0,,,0
600525.SH,20260709,5.07,12600,63882.0,,,0
600526.SH,20260709,4.22,8100,34182.0,,,0
600527.SH,20260709,2.05,41700,85485.0,,,0
600528.SH,20260709,6.83,18300,124989.0,,,0
600529.SH,20260709,18.2,14100,256620.0,,,0
600530.SH,20260709,5.41,24700,133627.0,,,0
600531.SH,20260709,12.99,270700,3516393.0,,,0
600533.SH,20260709,1.9,99700,189430.0,,,0
600535.SH,20260709,13.95,22100,308295.0,,,0
600536.SH,20260709,27.5,76400,2101000.0,,,0
600537.SH,20260709,2.57,44100,113337.0,,,0
600538.SH,20260709,5.43,13800,74934.0,,,0
600539.SH,20260709,16.01,142500,2281425.0,,,0
600540.SH,20260709,3.28,83600,274208.0,,,0
600543.SH,20260709,3.86,41600,160576.0,,,0
600545.SH,20260709,5.43,327700,1779411.0,,,0
600546.SH,20260709,12.13,103000,1249390.0,,,0
600547.SH,20260709,23.98,897500,21522050.0,,,0
600548.SH,20260709,8.78,5800,50924.0,,,0
600549.SH,20260709,63.59,229620,14601536.0,,,0
600550.SH,20260709,10.64,21800,231952.0,,,0
600551.SH,20260709,6.71,5000,33550.0,,,0
600552.SH,20260709,22.3,306200,6828260.0,,,0
600556.SH,20260709,4.21,55700,234497.0,,,0
600557.SH,20260709,12.37,40700,503459.0,,,0
600558.SH,20260709,4.73,20000,94600.0,,,0
600559.SH,20260709,11.06,30500,337330.0,,,0
600560.SH,20260709,10.58,23100,244398.0,,,0
600561.SH,20260709,5.02,82100,412142.0,,,0
600562.SH,20260709,21.02,137300,2886046.0,,,0
600563.SH,20260709,143.65,31500,4524975.0,,,0
600566.SH,20260709,24.09,61800,1488762.0,,,0
600567.SH,20260709,1.34,269600,361264.0,,,0
600568.SH,20260709,2.4,252800,606720.0,,,0
600569.SH,20260709,1.66,33000,54780.0,,,0
600570.SH,20260709,20.52,60800,1247616.0,,,0
600571.SH,20260709,9.51,14300,135993.0,,,0
600572.SH,20260709,4.12,367000,1512040.0,,,0
600573.SH,20260709,8.9,18000,160200.0,,,0
600575.SH,20260709,3.21,265800,853218.0,,,0
600576.SH,20260709,5.8,308900,1791620.0,,,0
600577.SH,20260709,8.65,191700,1658205.0,,,0
600578.SH,20260709,5.6,408900,2289840.0,,,0
600579.SH,20260709,7.79,149400,1163826.0,,,0
600580.SH,20260709,32.48,578700,18796176.0,,,0
600581.SH,20260709,2.24,46200,103488.0,,,0
600582.SH,20260709,4.71,14000,65940.0,,,0
600583.SH,20260709,5.18,279000,1445220.0,,,0
600584.SH,20260709,97.7,1743264,170316893.0,,,0
600585.SH,20260709,16.93,97019,1642532.0,,,0
600586.SH,20260709,4.18,14700,61446.0,,,0
600587.SH,20260709,12.06,5700,68742.0,,,0
600588.SH,20260709,9.22,478400,4410848.0,,,0
600589.SH,20260709,9.2,427933,3936984.0,,,0
600590.SH,20260709,9.04,64700,584888.0,,,0
600592.SH,20260709,13.83,48800,674904.0,,,0
600593.SH,20260709,37.0,129700,4798900.0,,,0
600594.SH,20260709,3.12,38200,119184.0,,,0
600595.SH,20260709,5.75,1261000,7250750.0,,,0
600596.SH,20260709,12.73,112400,1430852.0,,,0
600597.SH,20260709,6.44,16100,103684.0,,,0
600598.SH,20260709,11.57,175300,2028221.0,,,0
600600.SH,20260709,53.15,12800,680320.0,,,0
600601.SH,20260709,13.64,1327471,18106704.0,,,0
600602.SH,20260709,16.48,961200,15840576.0,,,0
600603.SH,20260709,4.46,34200,152532.0,,,0
600604.SH,20260709,3.96,5600,22176.0,,,0
600605.SH,20260709,27.1,7500,203250.0,,,0
600606.SH,20260709,1.24,687900,852996.0,,,0
600609.SH,20260709,3.11,17800,55358.0,,,0
600610.SH,20260709,6.28,56200,352936.0,,,0
600611.SH,20260709,3.58,118300,423514.0,,,0
600612.SH,20260709,34.26,2200,75372.0,,,0
600613.SH,20260709,4.6,6400,29440.0,,,0
600615.SH,20260709,9.51,13300,126483.0,,,0
600616.SH,20260709,3.84,10000,38400.0,,,0
600617.SH,20260709,2.73,35300,96369.0,,,0
600618.SH,20260709,10.03,8700,87261.0,,,0
600619.SH,20260709,12.69,1023900,12993291.0,,,0
600620.SH,20260709,3.9,21800,85020.0,,,0
600621.SH,20260709,13.21,836700,11052807.0,,,0
600622.SH,20260709,1.97,13000,25610.0,,,0
600623.SH,20260709,8.24,6800,56032.0,,,0
600624.SH,20260709,3.69,50300,185607.0,,,0
600626.SH,20260709,3.19,6600,21054.0,,,0
600628.SH,20260709,5.75,7000,40250.0,,,0
600629.SH,20260709,11.67,111000,1295370.0,,,0
600630.SH,20260709,6.99,540900,3780891.0,,,0
600633.SH,20260709,10.32,93600,965952.0,,,0
600635.SH,20260709,4.27,57300,244671.0,,,0
600637.SH,20260709,7.77,210800,1637916.0,,,0
600638.SH,20260709,4.45,7600,33820.0,,,0
600639.SH,20260709,9.46,13100,123926.0,,,0
600640.SH,20260709,10.01,26600,266266.0,,,0
600641.SH,20260709,42.1,526100,22148810.0,,,0
600642.SH,20260709,8.76,16000,140160.0,,,0
600643.SH,20260709,3.77,44100,166257.0,,,0
600644.SH,20260709,7.66,51500,394490.0,,,0
600645.SH,20260709,17.7,64800,1146960.0,,,0
600648.SH,20260709,8.31,1500,12465.0,,,0
600649.SH,20260709,3.51,46200,162162.0,,,0
600650.SH,20260709,9.67,7400,71558.0,,,0
600651.SH,20260709,5.4,8100,43740.0,,,0
600653.SH,20260709,1.57,44400,69708.0,,,0
600654.SH,20260709,2.62,190300,498586.0,,,0
600655.SH,20260709,4.32,20900,90288.0,,,0
600657.SH,20260709,2.31,13600,31416.0,,,0
600658.SH,20260709,3.91,27600,107916.0,,,0
600660.SH,20260709,51.43,30900,1589187.0,,,0
600661.SH,20260709,7.1,104000,738400.0,,,0
600662.SH,20260709,4.11,10600,43566.0,,,0
600663.SH,20260709,6.35,6200,39370.0,,,0
600664.SH,20260709,3.06,102400,313344.0,,,0
600665.SH,20260709,3.06,33800,103428.0,,,0
600666.SH,20260709,3.5,251900,881650.0,,,0
600667.SH,20260709,24.95,4570800,114041460.0,,,0
600668.SH,20260709,7.1,11900,84490.0,,,0
600671.SH,20260709,18.29,12001,219498.0,,,0
600673.SH,20260709,36.0,322900,11624400.0,,,0
600674.SH,20260709,14.45,47000,679150.0,,,0
600675.SH,20260709,2.09,13700,28633.0,,,0
600676.SH,20260709,6.77,111700,756209.0,,,0
600678.SH,20260709,6.14,143000,878020.0,,,0
600679.SH,20260709,8.9,8200,72980.0,,,0
600681.SH,20260709,3.3,3700,12210.0,,,0
600682.SH,20260709,5.32,15700,83524.0,,,0
600683.SH,20260709,10.4,14700,152880.0,,,0
600684.SH,20260709,2.95,13100,38645.0,,,0
600685.SH,20260709,25.85,29500,762575.0,,,0
600686.SH,20260709,11.63,13800,160494.0,,,0
600688.SH,20260709,2.87,175900,504833.0,,,0
600689.SH,20260709,9.78,3200,31296.0,,,0
600690.SH,20260709,20.23,120738,2442530.0,,,0
600691.SH,20260709,2.17,107100,232407.0,,,0
600692.SH,20260709,5.43,10200,55386.0,,,0
600693.SH,20260709,7.67,222300,1705041.0,,,0
600694.SH,20260709,14.09,15000,211350.0,,,0
600697.SH,20260709,9.68,10600,102608.0,,,0
600698.SH,20260709,5.7,5400,30780.0,,,0
600699.SH,20260709,21.07,108900,2294523.0,,,0
600702.SH,20260709,33.38,24000,801120.0,,,0
600703.SH,20260709,16.9,1896100,32044090.0,,,0
600704.SH,20260709,4.91,84600,415386.0,,,0
600706.SH,20260709,6.79,124600,846034.0,,,0
600707.SH,20260709,12.44,2203710,27414152.0,,,0
600708.SH,20260709,3.14,54700,171758.0,,,0
600710.SH,20260709,9.96,45700,455172.0,,,0
600711.SH,20260709,10.53,291500,3069495.0,,,0
600712.SH,20260709,,0,0.0,,,0
600713.SH,20260709,5.12,112800,577536.0,,,0
600714.SH,20260709,16.0,17900,286400.0,,,0
600715.SH,20260709,1.49,58700,87463.0,,,0
600716.SH,20260709,3.34,20000,66800.0,,,0
600717.SH,20260709,4.04,27200,109888.0,,,0
600718.SH,20260709,7.46,31900,237974.0,,,0
600719.SH,20260709,7.33,39400,288802.0,,,0
600720.SH,20260709,5.0,6500,32500.0,,,0
600721.SH,20260709,6.63,21300,141219.0,,,0
600722.SH,20260709,8.0,447600,3580800.0,,,0
600724.SH,20260709,5.12,67700,346624.0,,,0
600725.SH,20260709,3.09,15300,47277.0,,,0
600726.SH,20260709,5.89,224700,1323483.0,,,0
600727.SH,20260709,6.88,1516200,10431456.0,,,0
600728.SH,20260709,4.19,35600,149164.0,,,0
600729.SH,20260709,19.42,43700,848654.0,,,0
600730.SH,20260709,10.33,86300,891479.0,,,0
600731.SH,20260709,,0,0.0,,,0
600732.SH,20260709,11.83,114900,1359267.0,,,0
600733.SH,20260709,4.52,293600,1327072.0,,,0
600734.SH,20260709,1.74,372800,648672.0,,,0
600735.SH,20260709,6.35,14500,92075.0,,,0
600736.SH,20260709,6.59,197200,1299548.0,,,0
600737.SH,20260709,11.3,58100,656530.0,,,0
600738.SH,20260709,3.72,9800,36456.0,,,0
600739.SH,20260709,10.02,25100,251502.0,,,0
600740.SH,20260709,3.32,81200,269584.0,,,0
600741.SH,20260709,15.99,25700,410943.0,,,0
600742.SH,20260709,7.25,1800,13050.0,,,0
600743.SH,20260709,2.06,144300,297258.0,,,0
600744.SH,20260709,5.44,151000,821440.0,,,0
600745.SH,20260709,17.92,1213554,21746888.0,,,0
600746.SH,20260709,5.33,15100,80483.0,,,0
600748.SH,20260709,3.58,56000,200480.0,,,0
600749.SH,20260709,14.8,805200,11916960.0,,,0
600750.SH,20260709,23.95,48200,1154390.0,,,0
600751.SH,20260709,2.78,25700,71446.0,,,0
600753.SH,20260709,11.58,1500,17370.0,,,0
600754.SH,20260709,18.05,91300,1647965.0,,,0
600755.SH,20260709,5.92,108300,641136.0,,,0
600756.SH,20260709,13.98,905700,12661686.0,,,0
600757.SH,20260709,7.51,6800,51068.0,,,0
600758.SH,20260709,2.94,199400,586236.0,,,0
600759.SH,20260709,2.48,11438100,28366488.0,,,0
600760.SH,20260709,39.75,33100,1315725.0,,,0
600761.SH,20260709,16.33,45600,744648.0,,,0
600763.SH,20260709,33.61,20300,682283.0,,,0
600764.SH,20260709,17.64,6900,121716.0,,,0
600765.SH,20260709,12.8,74700,956160.0,,,0
600768.SH,20260709,15.2,11200,170240.0,,,0
600769.SH,20260709,17.15,38900,667135.0,,,0
600770.SH,20260709,5.99,247900,1484921.0,,,0
600771.SH,20260709,13.9,22600,314140.0,,,0
600773.SH,20260709,12.34,186100,2296474.0,,,0
600774.SH,20260709,6.4,4000,25600.0,,,0
600775.SH,20260709,9.07,13600,123352.0,,,0
600776.SH,20260709,12.29,27600,339204.0,,,0
600777.SH,20260709,4.41,385800,1701378.0,,,0
600778.SH,20260709,4.9,56800,278320.0,,,0
600779.SH,20260709,26.6,4300,114380.0,,,0
600780.SH,20260709,5.75,33000,189750.0,,,0
600782.SH,20260709,2.56,99300,254208.0,,,0
600783.SH,20260709,19.36,212448,4112993.0,,,0
600784.SH,20260709,7.65,17800,136170.0,,,0
600785.SH,20260709,9.47,1100,10417.0,,,0
600787.SH,20260709,4.37,34500,150765.0,,,0
600789.SH,20260709,6.76,22900,154804.0,,,0
600790.SH,20260709,3.23,42500,137275.0,,,0
600791.SH,20260709,7.65,233100,1783215.0,,,0
600792.SH,20260709,3.18,220600,701508.0,,,0
600793.SH,20260709,17.5,901900,15783250.0,,,0
600794.SH,20260709,2.95,4500,13275.0,,,0
600795.SH,20260709,4.71,261700,1232607.0,,,0
600796.SH,20260709,4.69,9600,45024.0,,,0
600797.SH,20260709,6.3,95800,603540.0,,,0
600798.SH,20260709,3.04,31400,95456.0,,,0
600800.SH,20260709,2.99,19400,58006.0,,,0
600801.SH,20260709,17.09,35500,606695.0,,,0
600802.SH,20260709,4.12,20300,83636.0,,,0
600803.SH,20260709,15.73,360500,5670665.0,,,0
600805.SH,20260709,4.1,1200,4920.0,,,0
600807.SH,20260709,2.31,124200,286902.0,,,0
600808.SH,20260709,2.41,52100,125561.0,,,0
600809.SH,20260709,107.24,14000,1501360.0,,,0
600810.SH,20260709,5.8,22700,131660.0,,,0
600812.SH,20260709,4.51,72500,326975.0,,,0
600814.SH,20260709,6.32,3200,20224.0,,,0
600815.SH,20260709,2.55,107700,274635.0,,,0
600816.SH,20260709,2.39,88900,212471.0,,,0
600817.SH,20260709,,0,0.0,,,0
600818.SH,20260709,5.95,13300,79135.0,,,0
600819.SH,20260709,5.25,33700,176925.0,,,0
600820.SH,20260709,5.38,26900,144722.0,,,0
600821.SH,20260709,5.54,76400,423256.0,,,0
600822.SH,20260709,7.82,100,782.0,,,0
600824.SH,20260709,3.39,10400,35256.0,,,0
600825.SH,20260709,4.69,134200,629398.0,,,0
600826.SH,20260709,8.88,59000,523920.0,,,0
600827.SH,20260709,7.58,38700,293346.0,,,0
600828.SH,20260709,3.46,21800,75428.0,,,0
600829.SH,20260709,7.95,20200,160590.0,,,0
600830.SH,20260709,8.04,5400,43416.0,,,0
600831.SH,20260709,3.0,68400,205200.0,,,0
600833.SH,20260709,9.5,6800,64600.0,,,0
600834.SH,20260709,6.72,15500,104160.0,,,0
600835.SH,20260709,20.83,11100,231213.0,,,0
600838.SH,20260709,7.09,10000,70900.0,,,0
600839.SH,20260709,6.63,510800,3386604.0,,,0
600841.SH,20260709,6.18,65900,407262.0,,,0
600843.SH,20260709,7.61,51500,391915.0,,,0
600844.SH,20260709,2.49,455100,1133199.0,,,0
600845.SH,20260709,19.25,253700,4883725.0,,,0
600846.SH,20260709,10.79,7200,77688.0,,,0
600847.SH,20260709,12.36,11101,137208.0,,,0
600848.SH,20260709,7.54,6100,45994.0,,,0
600850.SH,20260709,14.8,55100,815480.0,,,0
600851.SH,20260709,8.27,246200,2036074.0,,,0
600853.SH,20260709,3.09,17700,54693.0,,,0
600854.SH,20260709,4.12,3500,14420.0,,,0
600855.SH,20260709,12.65,27800,351670.0,,,0
600857.SH,20260709,19.19,53400,1024746.0,,,0
600858.SH,20260709,4.53,14300,64779.0,,,0
600859.SH,20260709,9.48,118200,1120536.0,,,0
600860.SH,20260709,8.1,1200,9720.0,,,0
600861.SH,20260709,12.64,1400,17696.0,,,0
600862.SH,20260709,18.95,42200,799690.0,,,0
600863.SH,20260709,4.34,535490,2324027.0,,,0
600864.SH,20260709,5.24,36700,192308.0,,,0
600865.SH,20260709,8.3,5900,48970.0,,,0
600866.SH,20260709,4.58,70800,324264.0,,,0
600867.SH,20260709,7.87,161400,1270218.0,,,0
600868.SH,20260709,2.41,67400,162434.0,,,0
600869.SH,20260709,23.4,528100,12357540.0,,,0
600871.SH,20260709,2.07,1746600,3615462.0,,,0
600872.SH,20260709,18.5,20100,371850.0,,,0
600873.SH,20260709,8.12,30600,248472.0,,,0
600874.SH,20260709,5.53,11400,63042.0,,,0
600875.SH,20260709,27.72,82000,2273040.0,,,0
600876.SH,20260709,6.7,3300,22110.0,,,0
600877.SH,20260709,15.84,121000,1916640.0,,,0
600879.SH,20260709,20.7,446800,9248760.0,,,0
600880.SH,20260709,3.72,169400,630168.0,,,0
600881.SH,20260709,1.45,114500,166025.0,,,0
600882.SH,20260709,19.08,145800,2781864.0,,,0
600883.SH,20260709,6.90001,17001,117307.0,,,0
600884.SH,20260709,12.36,817900,10109244.0,,,0
600885.SH,20260709,35.65,54924,1958041.0,,,0
600886.SH,20260709,13.32,597000,7952040.0,,,0
600887.SH,20260709,25.01,391700,9796417.0,,,0
600888.SH,20260709,12.5,292660,3658250.0,,,0
600889.SH,20260709,15.74,100,1574.0,,,0
600892.SH,20260709,3.26,75400,245804.0,,,0
600893.SH,20260709,35.2,104500,3678400.0,,,0
600894.SH,20260709,7.42,18100,134302.0,,,0
600895.SH,20260709,33.92,159200,5400064.0,,,0
600897.SH,20260709,14.66,2500,36650.0,,,0
600900.SH,20260709,27.7,1092700,30267790.0,,,0
600901.SH,20260709,6.07,107800,654346.0,,,0
600903.SH,20260709,6.25,84800,530000.0,,,0
600905.SH,20260709,3.72,270600,1006632.0,,,0
600906.SH,20260709,7.18,236900,1700942.0,,,0
600908.SH,20260709,5.19,582500,3023175.0,,,0
600909.SH,20260709,9.78,12053739,117885567.0,,,0
600916.SH,20260709,6.93,235000,1628550.0,,,0
600917.SH,20260709,4.8,5600,26880.0,,,0
600918.SH,20260709,5.35,119900,641465.0,,,0
600919.SH,20260709,11.4,676500,7712100.0,,,0
600925.SH,20260709,4.37,19600,85652.0,,,0
600926.SH,20260709,15.33,124800,1913184.0,,,0
600927.SH,20260709,12.66,19800,250668.0,,,0
600928.SH,20260709,3.51,139800,490698.0,,,0
600929.SH,20260709,4.7,23500,110450.0,,,0
600930.SH,20260709,4.65,137801,640775.0,,,0
600933.SH,20260709,14.0,23800,333200.0,,,0
600935.SH,20260709,2.24,35000,78400.0,,,0
600936.SH,20260709,4.41,1862300,8212743.0,,,0
600938.SH,20260709,29.05,712401,20695249.0,,,0
600939.SH,20260709,2.43,11300,27459.0,,,0
600941.SH,20260709,89.19,76200,6796278.0,,,0
600955.SH,20260709,14.78,7500,110850.0,,,0
600956.SH,20260709,6.85,3700,25345.0,,,0
600958.SH,20260709,9.21,112200,1033362.0,,,0
600959.SH,20260709,2.9,269800,782420.0,,,0
600960.SH,20260709,3.88,57300,222324.0,,,0
600961.SH,20260709,26.87,639320,17178528.0,,,0
600962.SH,20260709,24.23,34500,835935.0,,,0
600963.SH,20260709,3.06,14800,45288.0,,,0
600965.SH,20260709,2.65,14600,38690.0,,,0
600966.SH,20260709,4.91,44500,218495.0,,,0
600967.SH,20260709,10.53,19300,203229.0,,,0
600968.SH,20260709,3.53,453900,1602267.0,,,0
600969.SH,20260709,7.25,21100,152975.0,,,0
600970.SH,20260709,7.18,71600,514088.0,,,0
600971.SH,20260709,7.14,36700,262038.0,,,0
600973.SH,20260709,6.28,40700,255596.0,,,0
600975.SH,20260709,4.75,30300,143925.0,,,0
600976.SH,20260709,28.17,3400,95778.0,,,0
600977.SH,20260709,13.4,663100,8885540.0,,,0
600979.SH,20260709,3.65,54200,197830.0,,,0
600980.SH,20260709,17.65,1700,30005.0,,,0
600981.SH,20260709,2.18,25900,56462.0,,,0
600982.SH,20260709,4.5,48200,216900.0,,,0
600983.SH,20260709,7.23,2000,14460.0,,,0
600984.SH,20260709,3.58,6200,22196.0,,,0
600985.SH,20260709,14.39,44900,646111.0,,,0
600986.SH,20260709,6.4,186900,1196160.0,,,0
600987.SH,20260709,6.43,10900,70087.0,,,0
600988.SH,20260709,29.9,1089430,32573957.0,,,0
600989.SH,20260709,20.5,630381,12922811.0,,,0
600990.SH,20260709,19.0,31000,589000.0,,,0
600992.SH,20260709,9.39,277300,2603847.0,,,0
600993.SH,20260709,23.21,65100,1510971.0,,,0
600995.SH,20260709,11.75,39600,465300.0,,,0
600996.SH,20260709,6.0,67900,407400.0,,,0
600997.SH,20260709,5.16,55600,286896.0,,,0
600998.SH,20260709,4.99,94100,469559.0,,,0
600999.SH,20260709,20.8,1859700,38681760.0,,,0
601000.SH,20260709,4.2,15800,66360.0,,,0
601001.SH,20260709,18.69,354700,6629343.0,,,0
601002.SH,20260709,4.29,4000,17160.0,,,0
601003.SH,20260709,3.45,36200,124890.0,,,0
601005.SH,20260709,1.16,1317200,1527952.0,,,0
601006.SH,20260709,4.85,135800,658630.0,,,0
601007.SH,20260709,6.15,21800,134070.0,,,0
601008.SH,20260709,4.15,5300,21995.0,,,0
601009.SH,20260709,10.65,83600,890340.0,,,0
601010.SH,20260709,1.64,1499800,2459672.0,,,0
601011.SH,20260709,2.61,81100,211671.0,,,0
601012.SH,20260709,11.7,670900,7849530.0,,,0
601015.SH,20260709,2.88,113200,326016.0,,,0
601016.SH,20260709,3.3,592500,1955250.0,,,0
601018.SH,20260709,3.28,66100,216808.0,,,0
601019.SH,20260709,6.86,6000,41160.0,,,0
601020.SH,20260709,20.81,78700,1637747.0,,,0
601021.SH,20260709,46.3,97200,4500360.0,,,0
601022.SH,20260709,7.71,3100,23901.0,,,0
601026.SH,20260709,13.42,8300,111386.0,,,0
601033.SH,20260709,13.82,3900,53898.0,,,0
601038.SH,20260709,12.13,21900,265647.0,,,0
601058.SH,20260709,12.59,178500,2247315.0,,,0
601059.SH,20260709,16.63,63100,1049353.0,,,0
601061.SH,20260709,10.83,37800,409374.0,,,0
601065.SH,20260709,6.78,4300,29154.0,,,0
601066.SH,20260709,28.2,283700,8000340.0,,,0
601068.SH,20260709,4.24,41600,176384.0,,,0
601069.SH,20260709,23.88,656000,15665280.0,,,0
601077.SH,20260709,6.34,114100,723394.0,,,0
601083.SH,20260709,10.46,6600,69036.0,,,0
601086.SH,20260709,6.7,4300,28810.0,,,0
601088.SH,20260709,42.0,145300,6102600.0,,,0
601089.SH,20260709,16.78,12000,201360.0,,,0
601096.SH,20260709,4.09,84900,347241.0,,,0
601098.SH,20260709,10.29,21300,219177.0,,,0
601099.SH,20260709,3.39,126900,430191.0,,,0
601100.SH,20260709,108.0,20800,2246400.0,,,0
601101.SH,20260709,11.46,391724,4489157.0,,,0
601106.SH,20260709,2.97,215500,640035.0,,,0
601107.SH,20260709,5.25,21700,113925.0,,,0
601108.SH,20260709,8.5,207900,1767150.0,,,0
601111.SH,20260709,5.95,996000,5926200.0,,,0
601112.SH,20260709,16.09,10600,170554.0,,,0
601113.SH,20260709,3.2,7400,23680.0,,,0
601116.SH,20260709,9.6,141000,1353600.0,,,0
601117.SH,20260709,7.39,477100,3525769.0,,,0
601118.SH,20260709,4.83,125600,606648.0,,,0
601121.SH,20260709,6.58,1075800,7078764.0,,,0
601126.SH,20260709,54.63,85408,4665839.0,,,0
601127.SH,20260709,58.36,84700,4943092.0,,,0
601128.SH,20260709,6.05,290400,1756920.0,,,0
601133.SH,20260709,36.64,343600,12589504.0,,,0
601136.SH,20260709,14.08,13100,184448.0,,,0
601137.SH,20260709,19.57,86900,1700633.0,,,0
601138.SH,20260709,66.61,1591000,105976510.0,,,0
601139.SH,20260709,5.95,14500,86275.0,,,0
601155.SH,20260709,10.32,67300,694536.0,,,0
601156.SH,20260709,17.0,32100,545700.0,,,0
601158.SH,20260709,4.04,44700,180588.0,,,0
601162.SH,20260709,3.75,8837400,33140250.0,,,0
601163.SH,20260709,13.34,9100,121394.0,,,0
601166.SH,20260709,17.1,646800,11060280.0,,,0
601168.SH,20260709,28.18,311300,8772434.0,,,0
601169.SH,20260709,5.11,1137000,5810070.0,,,0
601177.SH,20260709,13.37,46000,615020.0,,,0
601179.SH,20260709,13.25,234200,3103150.0,,,0
601186.SH,20260709,6.12,121700,744804.0,,,0
601187.SH,20260709,6.9,108100,745890.0,,,0
601188.SH,20260709,2.79,50400,140616.0,,,0
601198.SH,20260709,13.81,130500,1802205.0,,,0
601199.SH,20260709,5.77,168800,973976.0,,,0
601200.SH,20260709,6.91,9800,67718.0,,,0
601208.SH,20260709,56.74,942200,53460428.0,,,0
601211.SH,20260709,18.66,375900,7014294.0,,,0
601212.SH,20260709,4.69,1156100,5422109.0,,,0
601216.SH,20260709,4.37,48400,211508.0,,,0
601218.SH,20260709,4.06,24100,97846.0,,,0
601222.SH,20260709,5.33,47500,253175.0,,,0
601225.SH,20260709,23.06,307343,7087330.0,,,0
601226.SH,20260709,6.01,10800,64908.0,,,0
601228.SH,20260709,2.92,47700,139284.0,,,0
601229.SH,20260709,9.04,123400,1115536.0,,,0
601231.SH,20260709,29.2,97300,2841160.0,,,0
601233.SH,20260709,21.31,181200,3861372.0,,,0
601236.SH,20260709,6.87,17300,118851.0,,,0
601238.SH,20260709,5.1,90900,463590.0,,,0
601279.SH,20260709,3.0,3700,11100.0,,,0
601288.SH,20260709,6.11,4269000,26083590.0,,,0
601298.SH,20260709,8.06,13400,108004.0,,,0
601311.SH,20260709,7.57,42000,317940.0,,,0
601318.SH,20260709,49.26,300200,14787852.0,,,0
601319.SH,20260709,7.05,216100,1523505.0,,,0
601326.SH,20260709,3.28,19900,65272.0,,,0
601328.SH,20260709,6.75,467400,3154950.0,,,0
601330.SH,20260709,6.9,24100,166290.0,,,0
601333.SH,20260709,2.99,75100,224549.0,,,0
601336.SH,20260709,62.41,270700,16894387.0,,,0
601339.SH,20260709,7.32,174200,1275144.0,,,0
601360.SH,20260709,8.6,527000,4532200.0,,,0
601366.SH,20260709,3.34,71400,238476.0,,,0
601368.SH,20260709,4.44,183500,814740.0,,,0
601375.SH,20260709,4.03,208600,840658.0,,,0
601377.SH,20260709,6.06,147200,892032.0,,,0
601388.SH,20260709,2.8,496300,1389640.0,,,0
601390.SH,20260709,4.22,520300,2195666.0,,,0
601398.SH,20260709,7.33,3730300,27343099.0,,,0
601399.SH,20260709,3.12,130000,405600.0,,,0
601456.SH,20260709,8.8,100200,881760.0,,,0
601500.SH,20260709,3.83,60300,230949.0,,,0
601512.SH,20260709,7.83,1700,13311.0,,,0
601515.SH,20260709,3.05,26100,79605.0,,,0
601518.SH,20260709,2.69,36900,99261.0,,,0
601519.SH,20260709,8.33,93200,776356.0,,,0
601528.SH,20260709,4.61,104800,483128.0,,,0
601555.SH,20260709,8.06,46200,372372.0,,,0
601566.SH,20260709,8.4,11900,99960.0,,,0
601567.SH,20260709,13.81,9500,131195.0,,,0
601568.SH,20260709,3.39,39300,133227.0,,,0
601577.SH,20260709,8.96,62800,562688.0,,,0
601579.SH,20260709,14.5,3600,52200.0,,,0
601588.SH,20260709,1.6,63900,102240.0,,,0
601595.SH,20260709,16.5,11200,184800.0,,,0
601598.SH,20260709,5.4,14300,77220.0,,,0
601599.SH,20260709,2.84,11200,31808.0,,,0
601600.SH,20260709,8.16,653000,5328480.0,,,0
601601.SH,20260709,29.3,231500,6782950.0,,,0
601606.SH,20260709,26.43,26400,697752.0,,,0
601607.SH,20260709,16.11,14500,233595.0,,,0
601608.SH,20260709,4.53,112500,509625.0,,,0
601609.SH,20260709,10.32,79300,818376.0,,,0
601611.SH,20260709,9.97,107200,1068784.0,,,0
601615.SH,20260709,10.39,226100,2349179.0,,,0
601616.SH,20260709,3.23,16800,54264.0,,,0
601618.SH,20260709,2.52,131401,331131.0,,,0
601619.SH,20260709,4.1,65200,267320.0,,,0
601628.SH,20260709,36.61,127200,4656792.0,,,0
601633.SH,20260709,15.23,16200,246726.0,,,0
601636.SH,20260709,7.33,766500,5618445.0,,,0
601658.SH,20260709,5.03,886700,4460101.0,,,0
601665.SH,20260709,5.95,514600,3061870.0,,,0
601666.SH,20260709,7.77,54100,420357.0,,,0
601668.SH,20260709,4.56,2214600,10098576.0,,,0
601669.SH,20260709,4.72,526100,2483192.0,,,0
601677.SH,20260709,15.74,165200,2600248.0,,,0
601678.SH,20260709,5.74,1183700,6794438.0,,,0
601686.SH,20260709,5.05,8900,44945.0,,,0
601688.SH,20260709,20.06,427400,8573644.0,,,0
601689.SH,20260709,55.0,403000,22165000.0,,,0
601696.SH,20260709,11.63,148553,1727671.0,,,0
601698.SH,20260709,28.27,110800,3132316.0,,,0
601699.SH,20260709,15.21,172900,2629809.0,,,0
601700.SH,20260709,4.4,13800,60720.0,,,0
601702.SH,20260709,14.21,22500,319725.0,,,0
601717.SH,20260709,14.55,24100,350655.0,,,0
601718.SH,20260709,1.77,1353000,2394810.0,,,0
601727.SH,20260709,6.74,236701,1595365.0,,,0
601728.SH,20260709,5.55,207100,1149405.0,,,0
601766.SH,20260709,5.4,716700,3870180.0,,,0
601777.SH,20260709,7.85,66400,521240.0,,,0
601778.SH,20260709,3.79,238300,903157.0,,,0
601788.SH,20260709,15.03,84000,1262520.0,,,0
601789.SH,20260709,4.03,218289,879705.0,,,0
601798.SH,20260709,6.85,6900,47265.0,,,0
601799.SH,20260709,97.49,6800,662932.0,,,0
601800.SH,20260709,5.9,164500,970550.0,,,0
601801.SH,20260709,5.05,5400,27270.0,,,0
601808.SH,20260709,11.88,966900,11486772.0,,,0
601811.SH,20260709,11.5,300,3450.0,,,0
601816.SH,20260709,4.64,414400,1922816.0,,,0
601818.SH,20260709,3.05,316800,966240.0,,,0
601825.SH,20260709,7.75,46100,357275.0,,,0
601827.SH,20260709,7.61,2600,19786.0,,,0
601828.SH,20260709,2.07,161100,333477.0,,,0
601838.SH,20260709,19.0,88200,1675800.0,,,0
601857.SH,20260709,9.35,1867900,17464865.0,,,0
601858.SH,20260709,16.8,6000,100800.0,,,0
601860.SH,20260709,2.48,138701,343978.0,,,0
601865.SH,20260709,9.55,9200,87860.0,,,0
601866.SH,20260709,2.28,171400,390792.0,,,0
601868.SH,20260709,2.5,2037500,5093750.0,,,0
601869.SH,20260709,418.8,87200,36519360.0,,,0
601872.SH,20260709,15.73,863660,13585372.0,,,0
601877.SH,20260709,24.1,25000,602500.0,,,0
601878.SH,20260709,9.57,32400,310068.0,,,0
601880.SH,20260709,1.41,249800,352218.0,,,0
601881.SH,20260709,13.04,235458,3070372.0,,,0
601882.SH,20260709,19.22,18500,355570.0,,,0
601886.SH,20260709,7.95,1100,8745.0,,,0
601888.SH,20260709,51.26,164211,8417456.0,,,0
601890.SH,20260709,8.08,64400,520352.0,,,0
601898.SH,20260709,12.98,160900,2088482.0,,,0
601899.SH,20260709,26.82,2819000,75605580.0,,,0
601900.SH,20260709,11.27,5200,58604.0,,,0
601901.SH,20260709,7.12,415500,2958360.0,,,0
601908.SH,20260709,2.91,106100,308751.0,,,0
601916.SH,20260709,2.74,951200,2606288.0,,,0
601918.SH,20260709,9.69,455292,4411779.0,,,0
601919.SH,20260709,13.93,475200,6619536.0,,,0
601921.SH,20260709,7.06,12300,86838.0,,,0
601928.SH,20260709,9.16,23200,212512.0,,,0
601929.SH,20260709,2.19,48000,105120.0,,,0
601933.SH,20260709,3.0,609000,1827000.0,,,0
601939.SH,20260709,9.92,2472157,24523797.0,,,0
601949.SH,20260709,4.84,11200,54208.0,,,0
601952.SH,20260709,7.66,32100,245886.0,,,0
601956.SH,20260709,4.73,110300,521719.0,,,0
601958.SH,20260709,22.11,503900,11141229.0,,,0
601963.SH,20260709,9.94,90500,899570.0,,,0
601965.SH,20260709,11.95,13900,166105.0,,,0
601966.SH,20260709,10.64,30800,327712.0,,,0
601968.SH,20260709,4.22,117000,493740.0,,,0
601969.SH,20260709,8.14,62900,512006.0,,,0
601975.SH,20260709,3.45,1860900,6420105.0,,,0
601985.SH,20260709,8.86,702400,6223264.0,,,0
601988.SH,20260709,5.89,2185500,12872595.0,,,0
601990.SH,20260709,6.63,12300,81549.0,,,0
601991.SH,20260709,6.82,3060880,20875202.0,,,0
601992.SH,20260709,1.38,342200,472236.0,,,0
601995.SH,20260709,36.5,900000,32850000.0,,,0
601996.SH,20260709,2.16,244800,528768.0,,,0
601997.SH,20260709,5.25,329100,1727775.0,,,0
601998.SH,20260709,7.18,477500,3428450.0,,,0
601999.SH,20260709,5.67,11400,64638.0,,,0
603000.SH,20260709,14.58,22100,322218.0,,,0
603001.SH,20260709,7.8,2577800,20106840.0,,,0
603002.SH,20260709,20.14,131000,2638340.0,,,0
603004.SH,20260709,21.79,1700,37043.0,,,0
603005.SH,20260709,42.32,204800,8667136.0,,,0
603006.SH,20260709,12.8,52600,673280.0,,,0
603007.SH,20260709,5.29,90000,476100.0,,,0
603008.SH,20260709,8.11,89000,721790.0,,,0
603009.SH,20260709,46.9,25700,1205330.0,,,0
603010.SH,20260709,15.61,21900,341859.0,,,0
603011.SH,20260709,25.61,118800,3042468.0,,,0
603012.SH,20260709,8.11,11100,90021.0,,,0
603013.SH,20260709,16.08,6300,101304.0,,,0
603014.SH,20260709,33.25,7900,262675.0,,,0
603015.SH,20260709,10.5,3400,35700.0,,,0
603016.SH,20260709,30.19,3900,117741.0,,,0
603017.SH,20260709,9.15,7400,67710.0,,,0
603018.SH,20260709,5.3,24600,130380.0,,,0
603019.SH,20260709,98.17,773735,75957565.0,,,0
603020.SH,20260709,13.16,87900,1156764.0,,,0
603021.SH,20260709,7.23,77700,561771.0,,,0
603022.SH,20260709,7.96,26900,214124.0,,,0
603023.SH,20260709,3.61,9600,34656.0,,,0
603025.SH,20260709,13.15,17400,228810.0,,,0
603026.SH,20260709,74.64,81900,6113016.0,,,0
603027.SH,20260709,7.21,44600,321566.0,,,0
603028.SH,20260709,6.34,20700,131238.0,,,0
603029.SH,20260709,14.27,26900,383863.0,,,0
603030.SH,20260709,1.93,50500,97465.0,,,0
603031.SH,20260709,46.1,20600,949660.0,,,0
603032.SH,20260709,22.0,444600,9781200.0,,,0
603033.SH,20260709,8.53,105900,903327.0,,,0
603035.SH,20260709,10.74,45700,490818.0,,,0
603036.SH,20260709,13.46,1200,16152.0,,,0
603037.SH,20260709,9.88,2200,21736.0,,,0
603038.SH,20260709,15.0,5600,84000.0,,,0
603039.SH,20260709,34.84,28400,989456.0,,,0
603040.SH,20260709,62.0,21700,1345400.0,,,0
603041.SH,20260709,10.39,3600,37404.0,,,0
603042.SH,20260709,12.04,62360,750814.0,,,0
603043.SH,20260709,13.6,13200,179520.0,,,0
603045.SH,20260709,68.95,22100,1523795.0,,,0
603048.SH,20260709,18.4,800,14720.0,,,0
603049.SH,20260709,49.0,40700,1994300.0,,,0
603050.SH,20260709,19.16,9300,178188.0,,,0
603051.SH,20260709,21.8,62200,1355960.0,,,0
603052.SH,20260709,71.9,33600,2415840.0,,,0
603053.SH,20260709,8.65,11200,96880.0,,,0
603055.SH,20260709,8.58,2000,17160.0,,,0
603057.SH,20260709,22.37,2300,51451.0,,,0
603058.SH,20260709,8.46,6800,57528.0,,,0
603059.SH,20260709,24.5,300,7350.0,,,0
603060.SH,20260709,5.44,33900,184416.0,,,0
603061.SH,20260709,449.24,9300,4177932.0,,,0
603062.SH,20260709,40.37,1000,40370.0,,,0
603063.SH,20260709,41.8,47600,1989680.0,,,0
603065.SH,20260709,19.72,3028200,59716104.0,,,0
603066.SH,20260709,10.11,18400,186024.0,,,0
603067.SH,20260709,42.64,54600,2328144.0,,,0
603068.SH,20260709,38.96,52018,2026621.0,,,0
603069.SH,20260709,12.15,12900,156735.0,,,0
603070.SH,20260709,11.43,42600,486918.0,,,0
603071.SH,20260709,11.54,9200,106168.0,,,0
603072.SH,20260709,35.11,27300,958503.0,,,0
603073.SH,20260709,14.87,7900,117473.0,,,0
603075.SH,20260709,,0,0.0,,,0
603076.SH,20260709,20.97,4600,96462.0,,,0
603077.SH,20260709,2.17,188100,408177.0,,,0
603078.SH,20260709,48.48,170400,8260992.0,,,0
603079.SH,20260709,11.18,10300,115154.0,,,0
603080.SH,20260709,19.5,900,17550.0,,,0
603081.SH,20260709,8.75,4100,35875.0,,,0
603082.SH,20260709,37.8,43600,1648080.0,,,0
603083.SH,20260709,193.99,138900,26945211.0,,,0
603085.SH,20260709,10.63,300,3189.0,,,0
603086.SH,20260709,5.32,12400,65968.0,,,0
603087.SH,20260709,62.2,72414,4504151.0,,,0
603088.SH,20260709,9.39,11600,108924.0,,,0
603089.SH,20260709,8.23,18900,155547.0,,,0
603090.SH,20260709,50.78,31200,1584336.0,,,0
603091.SH,20260709,50.8,5500,279400.0,,,0
603092.SH,20260709,50.4,1200,60480.0,,,0
603093.SH,20260709,17.18,40300,692354.0,,,0
603095.SH,20260709,13.28,12400,164672.0,,,0
603096.SH,20260709,13.55,3900,52845.0,,,0
603097.SH,20260709,17.33,39900,691467.0,,,0
603098.SH,20260709,9.91,6100,60451.0,,,0
603099.SH,20260709,34.72,69600,2416512.0,,,0
603100.SH,20260709,17.63,1900,33497.0,,,0
603101.SH,20260709,6.83,177600,1213008.0,,,0
603102.SH,20260709,32.45,3600,116820.0,,,0
603103.SH,20260709,14.34,10000,143400.0,,,0
603105.SH,20260709,6.59,48200,317638.0,,,0
603106.SH,20260709,6.7,87900,588930.0,,,0
603107.SH,20260709,11.59,100,1159.0,,,0
603108.SH,20260709,8.89,74600,663194.0,,,0
603109.SH,20260709,16.53,100,1653.0,,,0
603110.SH,20260709,21.18,7100,150378.0,,,0
603111.SH,20260709,5.86,1500,8790.0,,,0
603112.SH,20260709,15.87,8300,131721.0,,,0
603113.SH,20260709,4.15,43100,178865.0,,,0
603115.SH,20260709,100.1,32800,3283280.0,,,0
603116.SH,20260709,6.05,17700,107085.0,,,0
603117.SH,20260709,3.36,48500,162960.0,,,0
603118.SH,20260709,13.3,2013808,26783646.0,,,0
603119.SH,20260709,60.3,45700,2755710.0,,,0
603120.SH,20260709,51.74,15200,786448.0,,,0
603121.SH,20260709,11.2,30400,340480.0,,,0
603122.SH,20260709,10.16,37100,376936.0,,,0
603123.SH,20260709,7.82,18000,140760.0,,,0
603124.SH,20260709,156.99,5200,816348.0,,,0
603125.SH,20260709,27.69,15600,431964.0,,,0
603126.SH,20260709,5.94,11700,69498.0,,,0
603127.SH,20260709,37.8,274848,10389254.0,,,0
603128.SH,20260709,5.31,15300,81243.0,,,0
603129.SH,20260709,255.18,500,127590.0,,,0
603130.SH,20260709,39.0,1300,50700.0,,,0
603131.SH,20260709,16.32,18500,301920.0,,,0
603132.SH,20260709,15.62,21900,342078.0,,,0
603135.SH,20260709,13.39,154900,2074111.0,,,0
603136.SH,20260709,8.59,44100,378819.0,,,0
603137.SH,20260709,24.21,4777200,115656012.0,,,0
603138.SH,20260709,13.04,17000,221680.0,,,0
603139.SH,20260709,39.88,10700,426716.0,,,0
603150.SH,20260709,63.1,600,37860.0,,,0
603151.SH,20260709,11.07,15200,168264.0,,,0
603153.SH,20260709,12.98,2600,33748.0,,,0
603155.SH,20260709,25.66,99300,2548038.0,,,0
603156.SH,20260709,44.98,58500,2631330.0,,,0
603158.SH,20260709,11.21,44300,496603.0,,,0
603159.SH,20260709,17.78,35100,624078.0,,,0
603160.SH,20260709,56.59,15500,877145.0,,,0
603161.SH,20260709,13.1,27000,353700.0,,,0
603162.SH,20260709,9.0,699300,6293700.0,,,0
603163.SH,20260709,114.47,9600,1098912.0,,,0
603165.SH,20260709,13.47,63700,858039.0,,,0
603166.SH,20260709,10.96,36500,400040.0,,,0
603167.SH,20260709,9.08,30500,276940.0,,,0
603168.SH,20260709,4.81,60300,290043.0,,,0
603169.SH,20260709,6.16,20400,125664.0,,,0
603170.SH,20260709,11.97,2300,27531.0,,,0
603171.SH,20260709,39.21,40200,1576242.0,,,0
603172.SH,20260709,16.32,3700,60384.0,,,0
603173.SH,20260709,34.46,2800,96488.0,,,0
603175.SH,20260709,80.98,4300,348214.0,,,0
603176.SH,20260709,4.27,22000,93940.0,,,0
603177.SH,20260709,7.94,23200,184208.0,,,0
603178.SH,20260709,16.59,479400,7953246.0,,,0
603179.SH,20260709,48.33,101300,4895829.0,,,0
603180.SH,20260709,14.4899,6301,91301.0,,,0
603181.SH,20260709,14.45,14200,205190.0,,,0
603182.SH,20260709,11.55,5400,62370.0,,,0
603183.SH,20260709,4.06,1432000,5813920.0,,,0
603185.SH,20260709,14.28,27100,386988.0,,,0
603186.SH,20260709,181.41,65000,11791650.0,,,0
603187.SH,20260709,11.87,5600,66472.0,,,0
603188.SH,20260709,3.84,16900,64896.0,,,0
603189.SH,20260709,10.27,700,7189.0,,,0
603190.SH,20260709,24.8,4700,116560.0,,,0
603191.SH,20260709,14.3,8100,115830.0,,,0
603192.SH,20260709,17.5001,6901,120768.0,,,0
603193.SH,20260709,18.59,10500,195195.0,,,0
603194.SH,20260709,33.3499,5704,190228.0,,,0
603195.SH,20260709,37.69,6900,260061.0,,,0
603196.SH,20260709,22.18,1000,22180.0,,,0
603197.SH,20260709,28.01,1600,44816.0,,,0
603198.SH,20260709,31.88,10300,328364.0,,,0
603199.SH,20260709,31.43,17300,543739.0,,,0
603200.SH,20260709,39.02,700,27314.0,,,0
603201.SH,20260709,14.09,80400,1132836.0,,,0
603202.SH,20260709,50.26,600,30156.0,,,0
603203.SH,20260709,63.35,129100,8178485.0,,,0
603205.SH,20260709,20.71,13240,274200.0,,,0
603206.SH,20260709,13.95,10500,146475.0,,,0
603207.SH,20260709,22.86,3700,84582.0,,,0
603208.SH,20260709,10.7,4000,42800.0,,,0
603209.SH,20260709,13.39,16900,226291.0,,,0
603210.SH,20260709,13.33,2500,33325.0,,,0
603211.SH,20260709,35.0,125500,4392500.0,,,0
603212.SH,20260709,11.15,23900,266485.0,,,0
603213.SH,20260709,14.01,4000,56040.0,,,0
603214.SH,20260709,12.56,2700,33912.0,,,0
603215.SH,20260709,14.49,300,4347.0,,,0
603216.SH,20260709,19.58,6300,123354.0,,,0
603217.SH,20260709,20.74,2700,55998.0,,,0
603218.SH,20260709,9.62,6700,64454.0,,,0
603219.SH,20260709,14.69,7000,102830.0,,,0
603220.SH,20260709,19.41,120830,2345310.0,,,0
603221.SH,20260709,11.88,49800,591624.0,,,0
603222.SH,20260709,9.0,450000,4050000.0,,,0
603223.SH,20260709,12.56,113600,1426816.0,,,0
603225.SH,20260709,18.24,41600,758784.0,,,0
603226.SH,20260709,49.55,1200,59460.0,,,0
603227.SH,20260709,7.04,11900,83776.0,,,0
603228.SH,20260709,63.88,51200,3270656.0,,,0
603229.SH,20260709,7.9,3700,29230.0,,,0
603230.SH,20260709,8.97,12300,110331.0,,,0
603231.SH,20260709,15.46,2000,30920.0,,,0
603232.SH,20260709,14.4,51500,741600.0,,,0
603233.SH,20260709,17.64,16400,289296.0,,,0
603235.SH,20260709,23.24,4500,104580.0,,,0
603236.SH,20260709,49.52,33100,1639112.0,,,0
603237.SH,20260709,12.85,8500,109225.0,,,0
603238.SH,20260709,11.1,7000,77700.0,,,0
603239.SH,20260709,13.94,900,12546.0,,,0
603248.SH,20260709,19.16,4220,80855.0,,,0
603255.SH,20260709,32.08,2000,64160.0,,,0
603256.SH,20260709,209.04,114400,23914176.0,,,0
603257.SH,20260709,68.5,17900,1226150.0,,,0
603258.SH,20260709,11.63,20400,237252.0,,,0
603259.SH,20260709,115.01,471700,54250217.0,,,0
603260.SH,20260709,41.4,86100,3564540.0,,,0
603261.SH,20260709,52.68,32100,1691028.0,,,0
603262.SH,20260709,23.26,24400,567544.0,,,0
603266.SH,20260709,16.13,8300,133879.0,,,0
603267.SH,20260709,63.9,41800,2671020.0,,,0
603268.SH,20260709,164.9,84500,13934050.0,,,0
603269.SH,20260709,17.44,264300,4609392.0,,,0
603270.SH,20260709,28.6,23800,680680.0,,,0
603271.SH,20260709,44.77,29500,1320715.0,,,0
603272.SH,20260709,20.55,86000,1767300.0,,,0
603273.SH,20260709,13.32,36500,486180.0,,,0
603275.SH,20260709,37.76,2600,98176.0,,,0
603276.SH,20260709,15.57,900,14013.0,,,0
603277.SH,20260709,10.399,401,4170.0,,,0
603278.SH,20260709,9.65,53400,515310.0,,,0
603279.SH,20260709,12.36,3400,42024.0,,,0
603280.SH,20260709,25.15,200,5030.0,,,0
603281.SH,20260709,23.77,9800,232946.0,,,0
603282.SH,20260709,13.69,11501,157449.0,,,0
603283.SH,20260709,69.2,169260,11712792.0,,,0
603284.SH,20260709,37.7,9100,343070.0,,,0
603285.SH,20260709,48.89,102300,5001447.0,,,0
603286.SH,20260709,49.9,39100,1951090.0,,,0
603288.SH,20260709,33.85,64300,2176555.0,,,0
603289.SH,20260709,8.22,500,4110.0,,,0
603290.SH,20260709,132.0,43700,5768400.0,,,0
603291.SH,20260709,8.25,600,4950.0,,,0
603293.SH,20260709,38.21,6200,236902.0,,,0
603296.SH,20260709,76.72,703700,53987864.0,,,0
603297.SH,20260709,120.28,1200,144336.0,,,0
603298.SH,20260709,24.84,2900,72036.0,,,0
603299.SH,20260709,8.9,15400,137060.0,,,0
603300.SH,20260709,4.41,120900,533169.0,,,0
603301.SH,20260709,89.36,10400,929344.0,,,0
603303.SH,20260709,23.55,300,7065.0,,,0
603305.SH,20260709,11.75,56500,663875.0,,,0
603306.SH,20260709,93.0,27400,2548200.0,,,0
603307.SH,20260709,23.45,6535,153246.0,,,0
603308.SH,20260709,55.7,92200,5135540.0,,,0
603309.SH,20260709,11.9,16100,191590.0,,,0
603310.SH,20260709,15.06,300,4518.0,,,0
603311.SH,20260709,29.24,13600,397664.0,,,0
603312.SH,20260709,31.0,1500,46500.0,,,0
603313.SH,20260709,7.0,979000,6853000.0,,,0
603315.SH,20260709,13.35,42300,564705.0,,,0
603316.SH,20260709,18.45,324600,5988870.0,,,0
603317.SH,20260709,13.87,353800,4907206.0,,,0
603318.SH,20260709,7.82,186700,1459994.0,,,0
603319.SH,20260709,31.5,45600,1436400.0,,,0
603320.SH,20260709,16.98,7100,120558.0,,,0
603321.SH,20260709,5.73,600,3438.0,,,0
603322.SH,20260709,27.14,20600,559084.0,,,0
603323.SH,20260709,4.07,113400,461538.0,,,0
603324.SH,20260709,43.12,19200,827904.0,,,0
603325.SH,20260709,53.16,100,5316.0,,,0
603326.SH,20260709,6.13,35600,218228.0,,,0
603327.SH,20260709,8.38,116300,974594.0,,,0
603328.SH,20260709,11.02,62900,693158.0,,,0
603329.SH,20260709,10.16,973040,9886086.0,,,0
603330.SH,20260709,7.97,90700,722879.0,,,0
603331.SH,20260709,10.49,5200,54548.0,,,0
603332.SH,20260709,10.21,500,5105.0,,,0
603333.SH,20260709,7.97,90100,718097.0,,,0
603334.SH,20260709,33.34,500,16670.0,,,0
603335.SH,20260709,7.38,60600,447228.0,,,0
603336.SH,20260709,7.33,12500,91625.0,,,0
603337.SH,20260709,38.11,14100,537351.0,,,0
603338.SH,20260709,51.02,28200,1438764.0,,,0
603339.SH,20260709,15.68,1069800,16774464.0,,,0
603341.SH,20260709,40.98,155100,6355998.0,,,0
603344.SH,20260709,23.92,500,11960.0,,,0
603345.SH,20260709,81.5,5400,440100.0,,,0
603348.SH,20260709,13.48,1200,16176.0,,,0
603350.SH,20260709,29.86,2000,59720.0,,,0
603351.SH,20260709,25.7,6701,172216.0,,,0
603352.SH,20260709,25.43,10700,272101.0,,,0
603353.SH,20260709,34.2,27900,954180.0,,,0
603355.SH,20260709,24.5,10000,245000.0,,,0
603356.SH,20260709,17.02,82500,1404150.0,,,0
603357.SH,20260709,6.22004,4081,25384.0,,,0
603358.SH,20260709,41.18,34400,1416592.0,,,0
603359.SH,20260709,2.23,92700,206721.0,,,0
603360.SH,20260709,14.31,46200,661122.0,,,0
603363.SH,20260709,2.81,108900,306009.0,,,0
603365.SH,20260709,17.01,3800,64638.0,,,0
603366.SH,20260709,6.42,153500,985470.0,,,0
603367.SH,20260709,13.35,17500,233625.0,,,0
603368.SH,20260709,15.22,8300,126326.0,,,0
603369.SH,20260709,24.08,24300,585144.0,,,0
603370.SH,20260709,34.62,400,13848.0,,,0
603373.SH,20260709,32.55,4900,159495.0,,,0
603375.SH,20260709,47.99,42000,2015580.0,,,0
603376.SH,20260709,24.11,800,19288.0,,,0
603377.SH,20260709,2.99,110200,329498.0,,,0
603378.SH,20260709,5.65,260400,1471260.0,,,0
603379.SH,20260709,67.25,55900,3759275.0,,,0
603380.SH,20260709,47.24,515500,24352220.0,,,0
603381.SH,20260709,14.56,7800,113568.0,,,0
603382.SH,20260709,16.4098,1801,29554.0,,,0
603383.SH,20260709,26.63,6400,170432.0,,,0
603385.SH,20260709,4.92,26200,128904.0,,,0
603386.SH,20260709,15.59,92400,1440516.0,,,0
603387.SH,20260709,8.06,19400,156364.0,,,0
603389.SH,20260709,59.2,12800,757760.0,,,0
603390.SH,20260709,10.22,139100,1421602.0,,,0
603391.SH,20260709,,0,0.0,,,0
603392.SH,20260709,27.5,13600,374000.0,,,0
603393.SH,20260709,22.48,41900,941912.0,,,0
603395.SH,20260709,20.3,2000,40600.0,,,0
603396.SH,20260709,24.45,1100,26895.0,,,0
603398.SH,20260709,14.7,11800,173460.0,,,0
603399.SH,20260709,17.73,731600,12971268.0,,,0
603400.SH,20260709,49.89,300,14967.0,,,0
603402.SH,20260709,59.9,84300,5049570.0,,,0
603406.SH,20260709,25.57,3000,76710.0,,,0
603407.SH,20260709,73.38,73400,5386092.0,,,0
603408.SH,20260709,10.02,8700,87174.0,,,0
603409.SH,20260709,18.06,1000,18060.0,,,0
603416.SH,20260709,56.97,9900,564003.0,,,0
603418.SH,20260709,44.59,900,40131.0,,,0
603421.SH,20260709,5.85,11700,68445.0,,,0
603429.SH,20260709,,0,0.0,,,0
603435.SH,20260709,54.7,24400,1334680.0,,,0
603439.SH,20260709,12.59,22300,280757.0,,,0
603444.SH,20260709,355.76,13600,4838336.0,,,0
603456.SH,20260709,13.73,354000,4860420.0,,,0
603458.SH,20260709,9.02,138700,1251074.0,,,0
603459.SH,20260709,89.0,62200,5535800.0,,,0
603466.SH,20260709,11.37,1093400,12431958.0,,,0
603477.SH,20260709,15.45,763500,11796075.0,,,0
603486.SH,20260709,50.0,24900,1245000.0,,,0
603488.SH,20260709,8.63,14600,125998.0,,,0
603489.SH,20260709,25.6,8300,212480.0,,,0
603496.SH,20260709,25.5,919500,23447250.0,,,0
603499.SH,20260709,12.9,4300,55470.0,,,0
603500.SH,20260709,9.81,23700,232497.0,,,0
603501.SH,20260709,102.15,153071,15636203.0,,,0
603505.SH,20260709,17.96,186700,3353132.0,,,0
603506.SH,20260709,9.63,8400,80892.0,,,0
603507.SH,20260709,30.01,9800,294098.0,,,0
603508.SH,20260709,22.13,9300,205809.0,,,0
603511.SH,20260709,12.12,10000,121200.0,,,0
603515.SH,20260709,16.93,2000,33860.0,,,0
603516.SH,20260709,109.0,33700,3673300.0,,,0
603517.SH,20260709,9.88,13000,128440.0,,,0
603518.SH,20260709,7.73,19600,151508.0,,,0
603519.SH,20260709,14.27,177900,2538633.0,,,0
603520.SH,20260709,9.3,39500,367350.0,,,0
603527.SH,20260709,10.4,28000,291200.0,,,0
603528.SH,20260709,5.73,23600,135228.0,,,0
603529.SH,20260709,20.03,8300,166249.0,,,0
603530.SH,20260709,49.14,2500,122850.0,,,0
603533.SH,20260709,18.24,43800,798912.0,,,0
603535.SH,20260709,6.01,1800,10818.0,,,0
603536.SH,20260709,8.0,900,7200.0,,,0
603538.SH,20260709,26.21,1460376,38276455.0,,,0
603551.SH,20260709,9.23,1500,13845.0,,,0
603556.SH,20260709,21.36,18400,393024.0,,,0
603557.SH,20260709,4.29,20700,88803.0,,,0
603558.SH,20260709,11.75,1900,22325.0,,,0
603559.SH,20260709,7.99,90300,721497.0,,,0
603565.SH,20260709,9.71,9400,91274.0,,,0
603566.SH,20260709,10.21,500,5105.0,,,0
603567.SH,20260709,4.67,204900,956883.0,,,0
603568.SH,20260709,16.18,14500,234610.0,,,0
603569.SH,20260709,5.4,5500,29700.0,,,0
603577.SH,20260709,9.43,3800,35834.0,,,0
603578.SH,20260709,12.54,12900,161766.0,,,0
603579.SH,20260709,17.91,15700,281187.0,,,0
603583.SH,20260709,22.7,4700,106690.0,,,0
603585.SH,20260709,9.28,124540,1155731.0,,,0
603586.SH,20260709,12.89,10000,128900.0,,,0
603587.SH,20260709,11.6,1400,16240.0,,,0
603588.SH,20260709,16.0,263300,4212800.0,,,0
603589.SH,20260709,18.3,4800,87840.0,,,0
603590.SH,20260709,30.83,37500,1156125.0,,,0
603595.SH,20260709,31.0,17400,539400.0,,,0
603596.SH,20260709,25.1,85744,2152174.0,,,0
603598.SH,20260709,15.8,54200,856360.0,,,0
603599.SH,20260709,9.81,35800,351198.0,,,0
603600.SH,20260709,9.21,1600,14736.0,,,0
603601.SH,20260709,10.07,439000,4420730.0,,,0
603602.SH,20260709,10.6,1500,15900.0,,,0
603605.SH,20260709,57.8,12500,722500.0,,,0
603606.SH,20260709,39.73,22738,903381.0,,,0
603607.SH,20260709,23.71,30300,718413.0,,,0
603608.SH,20260709,24.18,353500,8547630.0,,,0
603609.SH,20260709,6.4,6500,41600.0,,,0
603610.SH,20260709,13.93,149900,2088107.0,,,0
603611.SH,20260709,17.15,1200,20580.0,,,0
603612.SH,20260709,16.23,19300,313239.0,,,0
603613.SH,20260709,18.1,60400,1093240.0,,,0
603615.SH,20260709,16.78,6300,105714.0,,,0
603616.SH,20260709,5.61,288901,1620735.0,,,0
603617.SH,20260709,6.53,19100,124723.0,,,0
603618.SH,20260709,37.6,516400,19416640.0,,,0
603619.SH,20260709,19.46,849700,16535162.0,,,0
603626.SH,20260709,16.44,71200,1170528.0,,,0
603628.SH,20260709,9.18,21000,192780.0,,,0
603629.SH,20260709,118.1,248656,29366274.0,,,0
603630.SH,20260709,13.33,12600,167958.0,,,0
603633.SH,20260709,6.26,4100,25666.0,,,0
603636.SH,20260709,7.68,26100,200448.0,,,0
603637.SH,20260709,13.36,34100,455576.0,,,0
603638.SH,20260709,22.74,304200,6917508.0,,,0
603639.SH,20260709,10.36,600,6216.0,,,0
603648.SH,20260709,8.85,6500,57525.0,,,0
603650.SH,20260709,84.7,83400,7063980.0,,,0
603655.SH,20260709,27.94,700,19558.0,,,0
603656.SH,20260709,17.3,100,1730.0,,,0
603657.SH,20260709,22.65,3100,70215.0,,,0
603658.SH,20260709,30.8,1500,46200.0,,,0
603659.SH,20260709,26.11,56000,1462160.0,,,0
603660.SH,20260709,10.34,8000,82720.0,,,0
603661.SH,20260709,41.25,162400,6699000.0,,,0
603662.SH,20260709,63.28,62700,3967656.0,,,0
603663.SH,20260709,77.68,34000,2641120.0,,,0
603665.SH,20260709,26.26,700,18382.0,,,0
603666.SH,20260709,26.3,80400,2114520.0,,,0
603667.SH,20260709,58.9,174785,10294837.0,,,0
603668.SH,20260709,11.74,4600,54004.0,,,0
603669.SH,20260709,5.96,56000,333760.0,,,0
603676.SH,20260709,8.69,9900,86031.0,,,0
603677.SH,20260709,12.6,5800,73080.0,,,0
603678.SH,20260709,62.9,291600,18341640.0,,,0
603679.SH,20260709,18.81,26900,505989.0,,,0
603680.SH,20260709,9.86,1200,11832.0,,,0
603681.SH,20260709,19.3,28000,540400.0,,,0
603682.SH,20260709,8.01,41100,329211.0,,,0
603683.SH,20260709,29.77,51800,1542086.0,,,0
603685.SH,20260709,27.59,3000,82770.0,,,0
603686.SH,20260709,12.52,12900,161508.0,,,0
603687.SH,20260709,16.08,46100,741288.0,,,0
603688.SH,20260709,62.28,49600,3089088.0,,,0
603689.SH,20260709,7.21,400,2884.0,,,0
603690.SH,20260709,33.0,113300,3738900.0,,,0
603693.SH,20260709,11.58,19600,226968.0,,,0
603696.SH,20260709,11.66,3100,36146.0,,,0
603697.SH,20260709,10.12,3200,32384.0,,,0
603698.SH,20260709,39.75,190000,7552500.0,,,0
603699.SH,20260709,47.88,5200,248976.0,,,0
603700.SH,20260709,10.78,5500,59290.0,,,0
603701.SH,20260709,21.26,100,2126.0,,,0
603703.SH,20260709,9.76,5500,53680.0,,,0
603706.SH,20260709,18.47,3400,62798.0,,,0
603707.SH,20260709,7.31,20300,148393.0,,,0
603708.SH,20260709,9.01,15100,136051.0,,,0
603709.SH,20260709,13.29,6501,86398.0,,,0
603711.SH,20260709,11.49,1000,11490.0,,,0
603712.SH,20260709,11.94,6400,76416.0,,,0
603713.SH,20260709,76.0,40500,3078000.0,,,0
603716.SH,20260709,13.4,29600,396640.0,,,0
603717.SH,20260709,6.29,102700,645983.0,,,0
603718.SH,20260709,2.79,51500,143685.0,,,0
603719.SH,20260709,8.81,7500,66075.0,,,0
603721.SH,20260709,16.7,11000,183700.0,,,0
603722.SH,20260709,39.95,142100,5676895.0,,,0
603725.SH,20260709,13.57,206600,2803562.0,,,0
603726.SH,20260709,31.5,159500,5024250.0,,,0
603727.SH,20260709,16.0,26800,428800.0,,,0
603728.SH,20260709,58.63,23200,1360216.0,,,0
603729.SH,20260709,10.73,8000,85840.0,,,0
603730.SH,20260709,11.11,78200,868802.0,,,0
603733.SH,20260709,22.44,26600,596904.0,,,0
603737.SH,20260709,23.72,32000,759040.0,,,0
603738.SH,20260709,46.88,277200,12995136.0,,,0
603739.SH,20260709,11.81,1500,17715.0,,,0
603755.SH,20260709,22.79,1100,25069.0,,,0
603757.SH,20260709,69.82,160800,11227056.0,,,0
603758.SH,20260709,9.5,113400,1077300.0,,,0
603759.SH,20260709,7.07,5400,38178.0,,,0
603766.SH,20260709,12.82,6700,85894.0,,,0
603767.SH,20260709,14.51,12500,181375.0,,,0
603768.SH,20260709,9.85,9800,96530.0,,,0
603773.SH,20260709,123.98,126500,15683470.0,,,0
603776.SH,20260709,20.09,2400,48216.0,,,0
603777.SH,20260709,15.61,2500,39025.0,,,0
603778.SH,20260709,11.11,1190100,13222011.0,,,0
603779.SH,20260709,7.61,66500,506065.0,,,0
603786.SH,20260709,41.8,5200,217360.0,,,0
603787.SH,20260709,9.34,3900,36426.0,,,0
603788.SH,20260709,13.59,5100,69309.0,,,0
603789.SH,20260709,7.3,450900,3291570.0,,,0
603790.SH,20260709,22.1,5500,121550.0,,,0
603797.SH,20260709,3.87,4700,18189.0,,,0
603798.SH,20260709,13.86,9700,134442.0,,,0
603799.SH,20260709,42.65,258800,11037820.0,,,0
603800.SH,20260709,79.91,40500,3236355.0,,,0
603801.SH,20260709,5.46,17400,95004.0,,,0
603803.SH,20260709,11.22,163134,1830363.0,,,0
603806.SH,20260709,14.11,96500,1361615.0,,,0
603808.SH,20260709,7.65,1000,7650.0,,,0
603809.SH,20260709,8.82,6300,55566.0,,,0
603810.SH,20260709,11.09,4600,51014.0,,,0
603811.SH,20260709,7.3,21800,159140.0,,,0
603813.SH,20260709,33.14,3900,129246.0,,,0
603815.SH,20260709,6.6,424200,2799720.0,,,0
603816.SH,20260709,22.45,5900,132455.0,,,0
603817.SH,20260709,5.31,23800,126378.0,,,0
603818.SH,20260709,3.23,132300,427329.0,,,0
603819.SH,20260709,13.24,147200,1948928.0,,,0
603822.SH,20260709,61.0,23400,1427400.0,,,0
603823.SH,20260709,68.82,246000,16929720.0,,,0
603825.SH,20260709,6.84,27900,190836.0,,,0
603826.SH,20260709,22.73,174000,3955020.0,,,0
603828.SH,20260709,4.61,17200,79292.0,,,0
603829.SH,20260709,14.93,2700,40311.0,,,0
603833.SH,20260709,32.34,5700,184338.0,,,0
603836.SH,20260709,8.12,9400,76328.0,,,0
603838.SH,20260709,8.8,4000,35200.0,,,0
603839.SH,20260709,5.77,33900,195603.0,,,0
603843.SH,20260709,6.39,484300,3094677.0,,,0
603848.SH,20260709,14.21,700,9947.0,,,0
603855.SH,20260709,16.77,1400,23478.0,,,0
603856.SH,20260709,13.09,9200,120428.0,,,0
603858.SH,20260709,15.61,55356,864107.0,,,0
603859.SH,20260709,44.8,42000,1881600.0,,,0
603860.SH,20260709,24.05,6900,165945.0,,,0
603861.SH,20260709,13.03,949600,12373288.0,,,0
603863.SH,20260709,12.4,27900,345960.0,,,0
603866.SH,20260709,3.81,49700,189357.0,,,0
603867.SH,20260709,31.25,2400,75000.0,,,0
603868.SH,20260709,30.2,2500,75500.0,,,0
603869.SH,20260709,8.24,4800,39552.0,,,0
603871.SH,20260709,11.41,25300,288673.0,,,0
603876.SH,20260709,22.8,47900,1092120.0,,,0
603877.SH,20260709,12.99,14000,181860.0,,,0
603878.SH,20260709,4.83,43300,209139.0,,,0
603879.SH,20260709,4.28,59000,252520.0,,,0
603880.SH,20260709,7.5,85300,639750.0,,,0
603881.SH,20260709,24.3,665420,16169706.0,,,0
603882.SH,20260709,22.8,8800,200640.0,,,0
603883.SH,20260709,11.43,25000,285750.0,,,0
603885.SH,20260709,10.25,388900,3986225.0,,,0
603886.SH,20260709,12.12,10400,126048.0,,,0
603887.SH,20260709,8.88,12800,113664.0,,,0
603888.SH,20260709,16.8,53700,902160.0,,,0
603889.SH,20260709,5.25,5400,28350.0,,,0
603890.SH,20260709,21.79,50000,1089500.0,,,0
603893.SH,20260709,202.32,408500,82647720.0,,,0
603895.SH,20260709,31.21,7000,218470.0,,,0
603896.SH,20260709,13.73,3100,42563.0,,,0
603897.SH,20260709,28.62,10500,300510.0,,,0
603898.SH,20260709,12.9,59400,766260.0,,,0
603899.SH,20260709,21.4,1700,36380.0,,,0
603900.SH,20260709,5.67,45700,259119.0,,,0
603901.SH,20260709,10.28,11400,117192.0,,,0
603903.SH,20260709,15.93,296996,4731146.0,,,0
603906.SH,20260709,25.8,432120,11148696.0,,,0
603908.SH,20260709,17.1,9700,165870.0,,,0
603909.SH,20260709,8.56,6000,51360.0,,,0
603912.SH,20260709,7.13,4700,33511.0,,,0
603915.SH,20260709,14.05,24800,348440.0,,,0
603916.SH,20260709,11.7,3200,37440.0,,,0
603917.SH,20260709,12.75,15800,201450.0,,,0
603918.SH,20260709,9.35,19700,184195.0,,,0
603919.SH,20260709,14.2,72100,1023820.0,,,0
603920.SH,20260709,40.1,77000,3087700.0,,,0
603922.SH,20260709,12.49,8800,109912.0,,,0
603926.SH,20260709,17.4,3800,66120.0,,,0
603927.SH,20260709,12.83,34300,440069.0,,,0
603928.SH,20260709,17.0,1895000,32215000.0,,,0
603929.SH,20260709,216.84,126500,27430260.0,,,0
603931.SH,20260709,54.42,43700,2378154.0,,,0
603933.SH,20260709,21.32,14000,298480.0,,,0
603936.SH,20260709,19.47,75100,1462197.0,,,0
603937.SH,20260709,12.56,204100,2563496.0,,,0
603938.SH,20260709,54.5,146100,7962450.0,,,0
603939.SH,20260709,20.11,5600,112616.0,,,0
603948.SH,20260709,23.96,5100,122196.0,,,0
603949.SH,20260709,17.59,5200,91468.0,,,0
603950.SH,20260709,85.61,18200,1558102.0,,,0
603955.SH,20260709,19.5,1400,27300.0,,,0
603956.SH,20260709,5.72,52900,302588.0,,,0
603958.SH,20260709,15.58,6500,101270.0,,,0
603959.SH,20260709,4.48,4000,17920.0,,,0
603960.SH,20260709,15.89,5800,92162.0,,,0
603966.SH,20260709,8.4,100,840.0,,,0
603967.SH,20260709,11.36,300,3408.0,,,0
603968.SH,20260709,9.17,5000,45850.0,,,0
603969.SH,20260709,7.61,1400,10654.0,,,0
603970.SH,20260709,10.14,300,3042.0,,,0
603976.SH,20260709,27.2,45237,1230446.0,,,0
603977.SH,20260709,13.28,75800,1006624.0,,,0
603978.SH,20260709,24.26,65000,1576900.0,,,0
603979.SH,20260709,63.24,20500,1296420.0,,,0
603980.SH,20260709,5.97,105200,628044.0,,,0
603982.SH,20260709,5.53,5500,30415.0,,,0
603983.SH,20260709,29.38,75800,2227004.0,,,0
603985.SH,20260709,21.35,40800,871080.0,,,0
603986.SH,20260709,633.0,1175337,743988321.0,,,0
603987.SH,20260709,7.14,100,714.0,,,0
603988.SH,20260709,15.68,5400,84672.0,,,0
603989.SH,20260709,41.79,83500,3489465.0,,,0
603990.SH,20260709,20.72,198600,4114992.0,,,0
603991.SH,20260709,155.75,33400,5202050.0,,,0
603992.SH,20260709,26.3,27900,733770.0,,,0
603993.SH,20260709,17.33,1239500,21480535.0,,,0
603995.SH,20260709,22.55,8100,182655.0,,,0
603997.SH,20260709,11.39,7100,80869.0,,,0
603998.SH,20260709,9.38,29400,275772.0,,,0
603999.SH,20260709,5.09,24500,124705.0,,,0
605001.SH,20260709,5.52,1300,7176.0,,,0
605003.SH,20260709,20.29,6200,125798.0,,,0
605005.SH,20260709,15.5,100,1550.0,,,0
605006.SH,20260709,16.33,123020,2008917.0,,,0
605007.SH,20260709,15.36,97500,1497600.0,,,0
605008.SH,20260709,12.2,5100,62220.0,,,0
605009.SH,20260709,23.88,5800,138504.0,,,0
605011.SH,20260709,15.83,21000,332430.0,,,0
605016.SH,20260709,24.26,1300,31538.0,,,0
605018.SH,20260709,13.38,22000,294360.0,,,0
605020.SH,20260709,37.02,247100,9147642.0,,,0
605028.SH,20260709,21.92,16500,361680.0,,,0
605033.SH,20260709,17.07,700,11949.0,,,0
605050.SH,20260709,9.56,900,8604.0,,,0
605055.SH,20260709,9.96,13200,131472.0,,,0
605056.SH,20260709,15.06,7700,115962.0,,,0
605058.SH,20260709,28.99,10000,289900.0,,,0
605060.SH,20260709,53.52,16900,904488.0,,,0
605066.SH,20260709,6.44,26400,170016.0,,,0
605068.SH,20260709,15.63,15100,236013.0,,,0
605069.SH,20260709,12.64,27400,346336.0,,,0
605077.SH,20260709,10.49,6500,68185.0,,,0
605080.SH,20260709,19.98,1400,27972.0,,,0
605086.SH,20260709,24.03,1400,33642.0,,,0
605088.SH,20260709,30.71,47600,1461796.0,,,0
605089.SH,20260709,20.29,300,6087.0,,,0
605090.SH,20260709,33.52,83800,2808976.0,,,0
605098.SH,20260709,,0,0.0,,,0
605099.SH,20260709,32.0,3000,96000.0,,,0
605100.SH,20260709,35.31,25000,882750.0,,,0
605108.SH,20260709,11.63,31900,370997.0,,,0
605111.SH,20260709,80.6,110900,8938540.0,,,0
605116.SH,20260709,19.2,4000,76800.0,,,0
605117.SH,20260709,91.0,117400,10683400.0,,,0
605118.SH,20260709,37.07,79000,2928530.0,,,0
605122.SH,20260709,10.68,19100,203988.0,,,0
605123.SH,20260709,89.2,8800,784960.0,,,0
605128.SH,20260709,23.85,28400,677340.0,,,0
605133.SH,20260709,34.22,13900,475658.0,,,0
605136.SH,20260709,7.1,15700,111470.0,,,0
605138.SH,20260709,5.88,49900,293412.0,,,0
605151.SH,20260709,18.18,2100,38178.0,,,0
605155.SH,20260709,12.15,27300,331695.0,,,0
605158.SH,20260709,6.3,10900,68670.0,,,0
605162.SH,20260709,7.33,5100,37383.0,,,0
605166.SH,20260709,8.52,16600,141432.0,,,0
605167.SH,20260709,15.77,53000,835810.0,,,0
605168.SH,20260709,45.7,5100,233070.0,,,0
605169.SH,20260709,,0,0.0,,,0
605177.SH,20260709,16.2,13200,213840.0,,,0
605178.SH,20260709,100.0,26600,2660000.0,,,0
605179.SH,20260709,13.02,3800,49476.0,,,0
605180.SH,20260709,11.53,5500,63415.0,,,0
605183.SH,20260709,14.63,2000,29260.0,,,0
605186.SH,20260709,31.31,4300,134633.0,,,0
605188.SH,20260709,11.56,7000,80920.0,,,0
605189.SH,20260709,13.69,154200,2110998.0,,,0
605196.SH,20260709,24.11,153800,3708118.0,,,0
605198.SH,20260709,61.4,1100,67540.0,,,0
605199.SH,20260709,5.7,15200,86640.0,,,0
605208.SH,20260709,17.21,221700,3815457.0,,,0
605218.SH,20260709,14.96,11600,173536.0,,,0
605222.SH,20260709,20.3,15700,318710.0,,,0
605228.SH,20260709,13.95,8500,118575.0,,,0
605255.SH,20260709,71.5,10100,722150.0,,,0
605258.SH,20260709,26.74,12300,328902.0,,,0
605259.SH,20260709,18.2,2900,52780.0,,,0
605266.SH,20260709,15.63,400,6252.0,,,0
605268.SH,20260709,8.97,3600,32292.0,,,0
605277.SH,20260709,16.06,16000,256960.0,,,0
605286.SH,20260709,24.61,8200,201802.0,,,0
605287.SH,20260709,41.93,1400,58702.0,,,0
605288.SH,20260709,76.18,7500,571350.0,,,0
605289.SH,20260709,121.31,91400,11087734.0,,,0
605296.SH,20260709,28.55,15900,453945.0,,,0
605298.SH,20260709,48.36,1900,91884.0,,,0
605299.SH,20260709,12.44,9700,120668.0,,,0
605300.SH,20260709,8.95,9000,80550.0,,,0
605303.SH,20260709,21.22,38200,810604.0,,,0
605305.SH,20260709,44.48,13200,587136.0,,,0
605318.SH,20260709,90.1,6100,549610.0,,,0
605319.SH,20260709,22.19,13000,288470.0,,,0
605333.SH,20260709,16.5,19200,316800.0,,,0
605336.SH,20260709,10.29,3200,32928.0,,,0
605337.SH,20260709,8.58,2400,20592.0,,,0
605338.SH,20260709,18.06,600,10836.0,,,0
605339.SH,20260709,11.91,22601,269178.0,,,0
605358.SH,20260709,58.8,120500,7085400.0,,,0
605365.SH,20260709,13.53,3600,48708.0,,,0
605366.SH,20260709,10.6,80400,852240.0,,,0
605368.SH,20260709,6.42,3500,22470.0,,,0
605369.SH,20260709,17.36,9500,164920.0,,,0
605376.SH,20260709,208.0,50000,10400000.0,,,0
605377.SH,20260709,9.56,139700,1335532.0,,,0
605378.SH,20260709,13.36,4700,62792.0,,,0
605388.SH,20260709,4.87,15200,74024.0,,,0
605389.SH,20260709,87.5,3300,288750.0,,,0
605398.SH,20260709,20.46,6800,139128.0,,,0
605399.SH,20260709,14.2,194000,2754800.0,,,0
605488.SH,20260709,30.46,16300,496498.0,,,0
605499.SH,20260709,127.0,22138,2811526.0,,,0
605500.SH,20260709,6.27,23000,144210.0,,,0
605507.SH,20260709,15.11,4400,66484.0,,,0
605555.SH,20260709,12.22,8400,102648.0,,,0
605566.SH,20260709,30.3,17600,533280.0,,,0
605567.SH,20260709,8.09,39801,321990.0,,,0
605577.SH,20260709,8.96,2200,19712.0,,,0
605580.SH,20260709,21.38,208800,4464144.0,,,0
605588.SH,20260709,59.84,22700,1358368.0,,,0
605589.SH,20260709,54.82,310559,17024844.0,,,0
605598.SH,20260709,32.07,41200,1321284.0,,,0
605599.SH,20260709,14.0,19700,275800.0,,,0
688001.SH,20260709,66.36,6947,461003.0,,,0
688002.SH,20260709,159.0,153601,24422559.0,,,0
688003.SH,20260709,99.9,19995,1997501.0,,,0
688004.SH,20260709,17.3301,3672,63636.0,,,0
688005.SH,20260709,26.9,102387,2754210.0,,,0
688006.SH,20260709,26.49,46600,1234434.0,,,0
688007.SH,20260709,11.42,10723,122457.0,,,0
688008.SH,20260709,254.1,522709,132820357.0,,,0
688009.SH,20260709,4.86001,83675,406661.0,,,0
688010.SH,20260709,38.53,15419,594094.0,,,0
688011.SH,20260709,61.6,1000,61600.0,,,0
688012.SH,20260709,433.99,269696,117045367.0,,,0
688013.SH,20260709,24.82,8402,208538.0,,,0
688015.SH,20260709,15.65,200,3130.0,,,0
688016.SH,20260709,89.5999,2212,198195.0,,,0
688017.SH,20260709,395.62,313920,124193030.0,,,0
688018.SH,20260709,118.8,33638,3996194.0,,,0
688019.SH,20260709,326.03,129421,42195129.0,,,0
688020.SH,20260709,191.97,19677,3777394.0,,,0
688021.SH,20260709,19.26,12407,238959.0,,,0
688022.SH,20260709,7.80001,13476,105113.0,,,0
688023.SH,20260709,37.5,17151,643163.0,,,0
688025.SH,20260709,402.0,15093,6067386.0,,,0
688026.SH,20260709,13.85,12684,175673.0,,,0
688027.SH,20260709,433.0,5437,2354221.0,,,0
688028.SH,20260709,136.24,46037,6272081.0,,,0
688029.SH,20260709,72.5,1024,74240.0,,,0
688030.SH,20260709,15.7401,4982,78417.0,,,0
688031.SH,20260709,101.16,35736,3615054.0,,,0
688032.SH,20260709,78.53,700,54971.0,,,0
688033.SH,20260709,6.6,2145,14157.0,,,0
688035.SH,20260709,94.03,21655,2036220.0,,,0
688036.SH,20260709,62.09,44692,2774926.0,,,0
688037.SH,20260709,412.08,45874,18903758.0,,,0
688038.SH,20260709,16.36,400,6544.0,,,0
688039.SH,20260709,39.14,28100,1099834.0,,,0
688041.SH,20260709,346.21,161732,55993236.0,,,0
688045.SH,20260709,71.41,5631,402110.0,,,0
688046.SH,20260709,23.06,29843,688180.0,,,0
688047.SH,20260709,140.0,40103,5614420.0,,,0
688048.SH,20260709,429.97,164918,70909792.0,,,0
688049.SH,20260709,44.37,21191,940245.0,,,0
688050.SH,20260709,40.0,8347,333880.0,,,0
688051.SH,20260709,21.5,2952,63468.0,,,0
688052.SH,20260709,252.13,4666,1176439.0,,,0
688053.SH,20260709,37.11,500,18555.0,,,0
688055.SH,20260709,4.42,74872,330934.0,,,0
688056.SH,20260709,50.5,7426,375013.0,,,0
688057.SH,20260709,17.36,18145,314997.0,,,0
688058.SH,20260709,21.0,4500,94500.0,,,0
688059.SH,20260709,174.5,7078,1235111.0,,,0
688060.SH,20260709,34.0,1000,34000.0,,,0
688061.SH,20260709,46.67,200,9334.0,,,0
688062.SH,20260709,30.7,116294,3570226.0,,,0
688063.SH,20260709,46.51,8262,384266.0,,,0
688065.SH,20260709,45.43,13067,593634.0,,,0
688066.SH,20260709,11.1401,3056,34044.0,,,0
688067.SH,20260709,20.07,2700,54189.0,,,0
688068.SH,20260709,112.13,108060,12116768.0,,,0
688069.SH,20260709,36.6096,917,33571.0,,,0
688070.SH,20260709,36.66,26136,958146.0,,,0
688071.SH,20260709,35.51,12109,429991.0,,,0
688073.SH,20260709,49.55,4273,211727.0,,,0
688075.SH,20260709,29.2998,1968,57662.0,,,0
688076.SH,20260709,28.03,41694,1168683.0,,,0
688077.SH,20260709,29.53,9806,289571.0,,,0
688078.SH,20260709,21.33,3400,72522.0,,,0
688079.SH,20260709,22.0,58671,1290762.0,,,0
688080.SH,20260709,37.6,4100,154160.0,,,0
688081.SH,20260709,37.0,3800,140600.0,,,0
688082.SH,20260709,427.98,30908,13228006.0,,,0
688083.SH,20260709,55.0,11564,636020.0,,,0
688084.SH,20260709,46.6702,1719,80226.0,,,0
688085.SH,20260709,,0,0.0,,,0
688087.SH,20260709,35.81,1000,35810.0,,,0
688088.SH,20260709,34.7,11816,410015.0,,,0
688089.SH,20260709,11.16,18059,201538.0,,,0
688090.SH,20260709,94.39,12189,1150520.0,,,0
688091.SH,20260709,41.57,11482,477307.0,,,0
688092.SH,20260709,21.3999,3916,83802.0,,,0
688093.SH,20260709,30.2,5816,175643.0,,,0
688095.SH,20260709,57.19,10944,625887.0,,,0
688096.SH,20260709,9.52,89669,853649.0,,,0
688097.SH,20260709,55.45,6896,382383.0,,,0
688098.SH,20260709,9.05,1800,16290.0,,,0
688099.SH,20260709,98.3,33376,3280861.0,,,0
688100.SH,20260709,28.05,11553,324062.0,,,0
688101.SH,20260709,15.45,4100,63345.0,,,0
688102.SH,20260709,38.75,44392,1720190.0,,,0
688103.SH,20260709,93.0,215318,20024574.0,,,0
688105.SH,20260709,16.81,22930,385453.0,,,0
688106.SH,20260709,36.2,590720,21384064.0,,,0
688107.SH,20260709,43.61,37129,1619196.0,,,0
688108.SH,20260709,18.09,9100,164619.0,,,0
688109.SH,20260709,73.1399,6253,457344.0,,,0
688110.SH,20260709,173.2,108816,18846931.0,,,0
688111.SH,20260709,217.88,71870,15659036.0,,,0
688112.SH,20260709,72.08,10799,778392.0,,,0
688113.SH,20260709,35.29,900,31761.0,,,0
688114.SH,20260709,53.56,30780,1648577.0,,,0
688115.SH,20260709,73.7101,4181,308182.0,,,0
688116.SH,20260709,37.66,33798,1272833.0,,,0
688117.SH,20260709,28.0,39421,1103788.0,,,0
688118.SH,20260709,19.3999,2308,44775.0,,,0
688119.SH,20260709,4.21999,41761,176231.0,,,0
688120.SH,20260709,300.0,113100,33930000.0,,,0
688121.SH,20260709,3.55,7846477,27854993.0,,,0
688122.SH,20260709,53.33,29633,1580328.0,,,0
688123.SH,20260709,199.83,78729,15732416.0,,,0
688125.SH,20260709,,0,0.0,,,0
688126.SH,20260709,33.02,1079333,35639576.0,,,0
688127.SH,20260709,79.63,59136,4709000.0,,,0
688128.SH,20260709,22.9799,2640,60667.0,,,0
688129.SH,20260709,24.3,6300,153090.0,,,0
688130.SH,20260709,28.68,10273,294630.0,,,0
688131.SH,20260709,82.4,46344,3818746.0,,,0
688132.SH,20260709,12.71,200,2542.0,,,0
688133.SH,20260709,18.56,3502,64997.0,,,0
688135.SH,20260709,41.38,143108,5921809.0,,,0
688136.SH,20260709,19.87,55932,1111369.0,,,0
688137.SH,20260709,36.5501,3623,132421.0,,,0
688138.SH,20260709,45.51,138828,6318062.0,,,0
688139.SH,20260709,27.05,2700,73035.0,,,0
688141.SH,20260709,177.1,195993,34710360.0,,,0
688143.SH,20260709,159.0,81502,12958818.0,,,0
688146.SH,20260709,344.0,211291,72684104.0,,,0
688147.SH,20260709,148.0,116948,17308304.0,,,0
688148.SH,20260709,8.04,58297,468708.0,,,0
688150.SH,20260709,54.97,23621,1298446.0,,,0
688151.SH,20260709,14.92,900,13428.0,,,0
688152.SH,20260709,26.64,16423,437509.0,,,0
688153.SH,20260709,31.26,11274,352425.0,,,0
688155.SH,20260709,69.43,8537,592724.0,,,0
688156.SH,20260709,26.96,25939,699315.0,,,0
688157.SH,20260709,21.1203,1180,24922.0,,,0
688158.SH,20260709,34.6,228844,7918002.0,,,0
688159.SH,20260709,38.5,21492,827442.0,,,0
688160.SH,20260709,115.71,14300,1654653.0,,,0
688161.SH,20260709,,0,0.0,,,0
688162.SH,20260709,22.75,4548,103467.0,,,0
688163.SH,20260709,38.87,31071,1207730.0,,,0
688165.SH,20260709,19.12,53491,1022748.0,,,0
688166.SH,20260709,29.89,9243,276273.0,,,0
688167.SH,20260709,269.85,32512,8773363.0,,,0
688168.SH,20260709,60.89,107089,6520649.0,,,0
688169.SH,20260709,95.5001,3681,351536.0,,,0
688170.SH,20260709,66.2,13791,912964.0,,,0
688171.SH,20260709,39.0,927,36153.0,,,0
688172.SH,20260709,79.62,79547,6333532.0,,,0
688173.SH,20260709,18.49,19326,357338.0,,,0
688175.SH,20260709,27.97,18001,503488.0,,,0
688176.SH,20260709,13.01,548842,7140434.0,,,0
688177.SH,20260709,17.7199,8302,147111.0,,,0
688178.SH,20260709,,0,0.0,,,0
688179.SH,20260709,25.22,57973,1462079.0,,,0
688180.SH,20260709,35.6,86586,3082462.0,,,0
688181.SH,20260709,51.31,21762,1116608.0,,,0
688182.SH,20260709,36.05,21900,789495.0,,,0
688183.SH,20260709,121.0,70780,8564380.0,,,0
688184.SH,20260709,11.26,7107,80025.0,,,0
688185.SH,20260709,49.0,10465,512785.0,,,0
688186.SH,20260709,14.3498,2504,35932.0,,,0
688187.SH,20260709,53.17,58067,3087422.0,,,0
688188.SH,20260709,102.3,5624,575335.0,,,0
688189.SH,20260709,6.26001,15380,96279.0,,,0
688190.SH,20260709,76.5,1300,99450.0,,,0
688191.SH,20260709,28.1001,4375,122938.0,,,0
688192.SH,20260709,44.73,27721,1239960.0,,,0
688193.SH,20260709,,0,0.0,,,0
688195.SH,20260709,158.1,10157,1605822.0,,,0
688196.SH,20260709,34.5,27293,941609.0,,,0
688197.SH,20260709,37.44,42298,1583637.0,,,0
688198.SH,20260709,86.6,200,17320.0,,,0
688199.SH,20260709,28.79,8165,235070.0,,,0
688200.SH,20260709,510.0,35555,18133050.0,,,0
688201.SH,20260709,7.14,5150,36771.0,,,0
688202.SH,20260709,75.15,55974,4206446.0,,,0
688203.SH,20260709,9.64998,8868,85576.0,,,0
688205.SH,20260709,171.24,11605,1987240.0,,,0
688206.SH,20260709,47.98,79634,3820839.0,,,0
688207.SH,20260709,19.3,82073,1584009.0,,,0
688208.SH,20260709,24.64,24721,609125.0,,,0
688209.SH,20260709,28.0,177880,4980640.0,,,0
688210.SH,20260709,35.1903,883,31073.0,,,0
688211.SH,20260709,34.0,3054,103836.0,,,0
688212.SH,20260709,26.91,500,13455.0,,,0
688213.SH,20260709,104.0,45700,4752800.0,,,0
688215.SH,20260709,38.32,17064,653892.0,,,0
688216.SH,20260709,36.5,36497,1332141.0,,,0
688217.SH,20260709,21.02,12000,252240.0,,,0
688218.SH,20260709,46.2006,618,28552.0,,,0
688219.SH,20260709,11.54,17898,206543.0,,,0
688220.SH,20260709,118.0,93739,11061202.0,,,0
688221.SH,20260709,24.44,148348,3625625.0,,,0
688222.SH,20260709,30.73,196240,6030455.0,,,0
688223.SH,20260709,4.19,274203,1148911.0,,,0
688225.SH,20260709,12.81,27505,352339.0,,,0
688226.SH,20260709,36.58,23234,849900.0,,,0
688227.SH,20260709,97.34,8918,868078.0,,,0
688228.SH,20260709,71.93,1400,100702.0,,,0
688229.SH,20260709,76.6,820,62812.0,,,0
688230.SH,20260709,72.27,14197,1026017.0,,,0
688231.SH,20260709,38.08,16045,610994.0,,,0
688232.SH,20260709,18.25,7688,140306.0,,,0
688233.SH,20260709,183.5,58045,10651258.0,,,0
688234.SH,20260709,150.9,63970,9653073.0,,,0
688235.SH,20260709,256.0,71661,18345216.0,,,0
688236.SH,20260709,15.1,10400,157040.0,,,0
688237.SH,20260709,52.12,5284,275402.0,,,0
688238.SH,20260709,5.76,65700,378432.0,,,0
688239.SH,20260709,51.55,11433,589371.0,,,0
688244.SH,20260709,14.5501,6890,100250.0,,,0
688246.SH,20260709,19.01,700,13307.0,,,0
688247.SH,20260709,8.50999,43785,372610.0,,,0
688248.SH,20260709,60.01,3300,198033.0,,,0
688249.SH,20260709,61.75,394815,24379826.0,,,0
688251.SH,20260709,22.4501,1693,38008.0,,,0
688252.SH,20260709,23.0,15230,350290.0,,,0
688253.SH,20260709,53.8,200,10760.0,,,0
688255.SH,20260709,26.47,5353,141694.0,,,0
688256.SH,20260709,1442.7,71233,102767849.0,,,0
688257.SH,20260709,83.7,47257,3955411.0,,,0
688258.SH,20260709,121.2,78165,9473598.0,,,0
688259.SH,20260709,37.25,8300,309175.0,,,0
688260.SH,20260709,97.78,26489,2590094.0,,,0
688261.SH,20260709,93.65,53070,4970006.0,,,0
688262.SH,20260709,41.99,89704,3766671.0,,,0
688265.SH,20260709,33.7,500,16850.0,,,0
688266.SH,20260709,125.87,92514,11644737.0,,,0
688267.SH,20260709,,0,0.0,,,0
688268.SH,20260709,220.0,20800,4576000.0,,,0
688269.SH,20260709,30.55,2300,70265.0,,,0
688270.SH,20260709,85.06,43231,3677229.0,,,0
688271.SH,20260709,104.84,15868,1663601.0,,,0
688272.SH,20260709,32.51,5900,191809.0,,,0
688273.SH,20260709,37.5,2000,75000.0,,,0
688275.SH,20260709,107.7,9555,1029074.0,,,0
688276.SH,20260709,14.3,1420,20306.0,,,0
688277.SH,20260709,16.66,19798,329835.0,,,0
688278.SH,20260709,54.83,9000,493470.0,,,0
688279.SH,20260709,229.5,6988,1603746.0,,,0
688280.SH,20260709,4.98001,24660,122807.0,,,0
688281.SH,20260709,47.8,4555,217729.0,,,0
688282.SH,20260709,63.55,11967,760503.0,,,0
688283.SH,20260709,30.57,8034,245599.0,,,0
688285.SH,20260709,7.02998,29815,209599.0,,,0
688286.SH,20260709,68.99,10845,748197.0,,,0
688288.SH,20260709,17.4197,1058,18430.0,,,0
688289.SH,20260709,14.5401,4177,60734.0,,,0
688290.SH,20260709,,0,0.0,,,0
688291.SH,20260709,48.63,2330,113308.0,,,0
688292.SH,20260709,17.88,4617,82552.0,,,0
688293.SH,20260709,40.86,4093,167240.0,,,0
688295.SH,20260709,46.58,56713,2641692.0,,,0
688296.SH,20260709,11.59,10623,123121.0,,,0
688297.SH,20260709,41.3,14616,603641.0,,,0
688298.SH,20260709,,0,0.0,,,0
688299.SH,20260709,13.9599,8739,121996.0,,,0
688300.SH,20260709,188.0,35962,6760856.0,,,0
688301.SH,20260709,117.5,30238,3552965.0,,,0
688302.SH,20260709,37.0097,823,30459.0,,,0
688303.SH,20260709,16.07,54900,882243.0,,,0
688305.SH,20260709,66.94,18252,1221789.0,,,0
688306.SH,20260709,9.16,61611,564357.0,,,0
688307.SH,20260709,67.0,69387,4648929.0,,,0
688308.SH,20260709,140.31,84009,11787303.0,,,0
688309.SH,20260709,61.8601,722,44663.0,,,0
688310.SH,20260709,16.14,3665,59153.0,,,0
688311.SH,20260709,28.38,49566,1406683.0,,,0
688312.SH,20260709,64.92,11032,716197.0,,,0
688313.SH,20260709,144.9,50281,7285717.0,,,0
688314.SH,20260709,32.35,1200,38820.0,,,0
688315.SH,20260709,12.66,5574,70567.0,,,0
688316.SH,20260709,50.9,8926,454333.0,,,0
688317.SH,20260709,15.3599,7154,109885.0,,,0
688318.SH,20260709,71.34,18738,1336769.0,,,0
688319.SH,20260709,40.95,197940,8105643.0,,,0
688320.SH,20260709,36.5,52912,1931288.0,,,0
688321.SH,20260709,26.47,17662,467513.0,,,0
688322.SH,20260709,114.72,129939,14906602.0,,,0
688323.SH,20260709,37.59,47111,1770902.0,,,0
688325.SH,20260709,118.88,700,83216.0,,,0
688326.SH,20260709,66.88,3916,261902.0,,,0
688327.SH,20260709,11.56,50736,586508.0,,,0
688328.SH,20260709,88.05,60629,5338383.0,,,0
688329.SH,20260709,,0,0.0,,,0
688330.SH,20260709,32.3097,620,20032.0,,,0
688331.SH,20260709,125.5,72536,9103268.0,,,0
688332.SH,20260709,141.68,12170,1724246.0,,,0
688333.SH,20260709,91.47,17478,1598713.0,,,0
688334.SH,20260709,17.8601,1623,28987.0,,,0
688335.SH,20260709,21.2797,1748,37197.0,,,0
688336.SH,20260709,49.83,200397,9985783.0,,,0
688337.SH,20260709,58.71,55245,3243434.0,,,0
688338.SH,20260709,27.4099,283,7757.0,,,0
688339.SH,20260709,18.92,62859,1189292.0,,,0
688343.SH,20260709,85.98,117691,10119072.0,,,0
688345.SH,20260709,52.6603,733,38600.0,,,0
688347.SH,20260709,365.0,204061,74482265.0,,,0
688348.SH,20260709,31.8397,1316,41901.0,,,0
688349.SH,20260709,13.87,9144,126827.0,,,0
688350.SH,20260709,29.1104,607,17670.0,,,0
688351.SH,20260709,21.1501,6710,141917.0,,,0
688352.SH,20260709,20.9,71765,1499889.0,,,0
688353.SH,20260709,97.05,21689,2104917.0,,,0
688355.SH,20260709,20.17,72011,1452462.0,,,0
688356.SH,20260709,74.3,2960,219928.0,,,0
688357.SH,20260709,,0,0.0,,,0
688358.SH,20260709,32.64,9960,325094.0,,,0
688359.SH,20260709,192.37,23535,4527428.0,,,0
688360.SH,20260709,16.82,6795,114292.0,,,0
688361.SH,20260709,412.3,100523,41445633.0,,,0
688362.SH,20260709,99.3,224300,22272990.0,,,0
688363.SH,20260709,34.84,11038,384564.0,,,0
688365.SH,20260709,14.58,25857,376995.0,,,0
688366.SH,20260709,31.54,13561,427714.0,,,0
688367.SH,20260709,29.48,17402,513011.0,,,0
688368.SH,20260709,200.74,21819,4379946.0,,,0
688369.SH,20260709,18.5,21516,398046.0,,,0
688370.SH,20260709,21.4601,1241,26632.0,,,0
688371.SH,20260709,36.5,27370,999005.0,,,0
688372.SH,20260709,190.0,68412,12998280.0,,,0
688373.SH,20260709,4.93,78597,387483.0,,,0
688375.SH,20260709,94.52,27512,2600434.0,,,0
688376.SH,20260709,95.52,22793,2177187.0,,,0
688377.SH,20260709,23.21,4985,115702.0,,,0
688378.SH,20260709,51.26,21162,1084764.0,,,0
688379.SH,20260709,67.01,9651,646714.0,,,0
688380.SH,20260709,61.0,67950,4144950.0,,,0
688381.SH,20260709,43.82,102980,4512584.0,,,0
688382.SH,20260709,20.43,69802,1426055.0,,,0
688383.SH,20260709,150.54,3541,533062.0,,,0
688385.SH,20260709,70.5,312165,22007633.0,,,0
688386.SH,20260709,77.0,914,70378.0,,,0
688387.SH,20260709,18.19,186114,3385414.0,,,0
688388.SH,20260709,35.18,156640,5510595.0,,,0
688389.SH,20260709,10.6499,3579,38116.0,,,0
688390.SH,20260709,81.38,24305,1977941.0,,,0
688391.SH,20260709,34.07,5375,183126.0,,,0
688392.SH,20260709,226.05,12711,2873322.0,,,0
688393.SH,20260709,17.6099,5240,92276.0,,,0
688395.SH,20260709,20.9298,2851,59671.0,,,0
688396.SH,20260709,86.81,105323,9143090.0,,,0
688398.SH,20260709,24.78,1150,28497.0,,,0
688399.SH,20260709,,0,0.0,,,0
688400.SH,20260709,54.8,35568,1949126.0,,,0
688401.SH,20260709,90.0,135142,12162780.0,,,0
688403.SH,20260709,36.96,598740,22129430.0,,,0
688408.SH,20260709,26.78,19998,535546.0,,,0
688409.SH,20260709,273.0,61873,16891329.0,,,0
688410.SH,20260709,14.91,14121,210544.0,,,0
688411.SH,20260709,246.1,3619,890636.0,,,0
688416.SH,20260709,120.64,31029,3743339.0,,,0
688418.SH,20260709,45.06,4200,189252.0,,,0
688419.SH,20260709,69.88,27720,1937074.0,,,0
688420.SH,20260709,20.58,2600,53508.0,,,0
688425.SH,20260709,4.04998,11685,47324.0,,,0
688426.SH,20260709,17.2201,4658,80211.0,,,0
688428.SH,20260709,27.58,31735,875251.0,,,0
688429.SH,20260709,9.47,1300,12311.0,,,0
688432.SH,20260709,45.93,987174,45340902.0,,,0
688433.SH,20260709,74.5,10000,745000.0,,,0
688435.SH,20260709,29.8099,5503,164044.0,,,0
688439.SH,20260709,45.28,6283,284494.0,,,0
688443.SH,20260709,23.51,43629,1025718.0,,,0
688448.SH,20260709,62.6,79741,4991787.0,,,0
688449.SH,20260709,76.89,40935,3147492.0,,,0
688450.SH,20260709,57.82,16507,954435.0,,,0
688455.SH,20260709,16.31,4126,67295.0,,,0
688456.SH,20260709,111.78,12839,1435143.0,,,0
688458.SH,20260709,39.3501,4279,168379.0,,,0
688459.SH,20260709,8.18025,1276,10438.0,,,0
688466.SH,20260709,12.73,3700,47101.0,,,0
688468.SH,20260709,5.93,12815,75993.0,,,0
688469.SH,20260709,9.38,862357,8088909.0,,,0
688472.SH,20260709,9.81,56967,558846.0,,,0
688475.SH,20260709,27.17,4366,118624.0,,,0
688478.SH,20260709,69.9,20259,1416104.0,,,0
688479.SH,20260709,36.5,10425,380513.0,,,0
688480.SH,20260709,78.89,2900,228781.0,,,0
688484.SH,20260709,46.6,67297,3136040.0,,,0
688485.SH,20260709,51.52,37792,1947044.0,,,0
688486.SH,20260709,62.01,9292,576197.0,,,0
688488.SH,20260709,13.92,39498,549812.0,,,0
688489.SH,20260709,23.32,16208,377971.0,,,0
688496.SH,20260709,0.880004,90020,79218.0,,,0
688498.SH,20260709,1662.0,29063,48302706.0,,,0
688499.SH,20260709,41.17,10790,444224.0,,,0
688500.SH,20260709,39.0,5022,195858.0,,,0
688501.SH,20260709,18.0,600,10800.0,,,0
688502.SH,20260709,545.34,9942,5421770.0,,,0
688503.SH,20260709,110.0,76999,8469890.0,,,0
688505.SH,20260709,7.45,1600,11920.0,,,0
688506.SH,20260709,305.0,22251,6786555.0,,,0
688507.SH,20260709,206.79,48407,10010084.0,,,0
688508.SH,20260709,98.0,174337,17085026.0,,,0
688509.SH,20260709,3.92004,10343,40545.0,,,0
688510.SH,20260709,24.48,2300,56304.0,,,0
688511.SH,20260709,28.0,1643,46004.0,,,0
688512.SH,20260709,15.8,53598,846848.0,,,0
688513.SH,20260709,51.66,8435,435752.0,,,0
688515.SH,20260709,215.3,16261,3500993.0,,,0
688516.SH,20260709,47.7,7094,338384.0,,,0
688517.SH,20260709,16.62,11869,197263.0,,,0
688518.SH,20260709,25.33,68024,1723048.0,,,0
688519.SH,20260709,325.97,41928,13667270.0,,,0
688520.SH,20260709,36.0,4885,175860.0,,,0
688521.SH,20260709,315.0,147523,46469745.0,,,0
688522.SH,20260709,20.76,12888,267555.0,,,0
688523.SH,20260709,48.29,10626,513130.0,,,0
688525.SH,20260709,409.76,350181,143490167.0,,,0
688526.SH,20260709,12.5999,3664,46166.0,,,0
688528.SH,20260709,8.64999,22768,196943.0,,,0
688529.SH,20260709,13.5,9730,131355.0,,,0
688530.SH,20260709,83.0,58594,4863302.0,,,0
688531.SH,20260709,180.0,16500,2970000.0,,,0
688533.SH,20260709,21.05,3459,72812.0,,,0
688535.SH,20260709,161.95,62317,10092238.0,,,0
688536.SH,20260709,329.88,11460,3780425.0,,,0
688538.SH,20260709,2.31,203488,470057.0,,,0
688539.SH,20260709,28.48,10223,291151.0,,,0
688543.SH,20260709,37.66,8418,317022.0,,,0
688545.SH,20260709,116.0,118167,13707372.0,,,0
688548.SH,20260709,47.73,233693,11154167.0,,,0
688549.SH,20260709,33.96,442204,15017248.0,,,0
688550.SH,20260709,50.0,20539,1026950.0,,,0
688551.SH,20260709,52.0,76517,3978884.0,,,0
688552.SH,20260709,27.0,10510,283770.0,,,0
688553.SH,20260709,12.0,169521,2034252.0,,,0
688556.SH,20260709,10.7,119538,1279057.0,,,0
688557.SH,20260709,21.5,1420,30530.0,,,0
688558.SH,20260709,32.82,4351,142800.0,,,0
688559.SH,20260709,66.05,78793,5204278.0,,,0
688560.SH,20260709,11.22,3491,39169.0,,,0
688561.SH,20260709,25.01,113460,2837635.0,,,0
688562.SH,20260709,14.11,10262,144797.0,,,0
688563.SH,20260709,49.01,2396,117428.0,,,0
688565.SH,20260709,8.87998,8915,79165.0,,,0
688566.SH,20260709,25.4898,1476,37623.0,,,0
688567.SH,20260709,9.47999,21134,200350.0,,,0
688568.SH,20260709,36.72,30220,1109678.0,,,0
688569.SH,20260709,16.6999,2889,48246.0,,,0
688570.SH,20260709,15.0599,1969,29653.0,,,0
688571.SH,20260709,9.45002,15106,142752.0,,,0
688573.SH,20260709,15.66,11104,173889.0,,,0
688575.SH,20260709,8.92,3350,29882.0,,,0
688576.SH,20260709,,0,0.0,,,0
688577.SH,20260709,50.7001,2064,104645.0,,,0
688578.SH,20260709,116.2,188287,21878949.0,,,0
688579.SH,20260709,7.58,20100,152358.0,,,0
688580.SH,20260709,57.68,2322,133933.0,,,0
688581.SH,20260709,53.53,1581,84631.0,,,0
688582.SH,20260709,57.48,11722,673781.0,,,0
688583.SH,20260709,,0,0.0,,,0
688584.SH,20260709,33.55,230994,7749849.0,,,0
688585.SH,20260709,144.76,9424,1364218.0,,,0
688586.SH,20260709,10.78,2600,28028.0,,,0
688588.SH,20260709,9.09,13100,119079.0,,,0
688589.SH,20260709,21.81,81604,1779783.0,,,0
688590.SH,20260709,12.27,1715,21043.0,,,0
688591.SH,20260709,34.72,82633,2869018.0,,,0
688592.SH,20260709,26.78,3163,84705.0,,,0
688593.SH,20260709,35.7,89153,3182762.0,,,0
688595.SH,20260709,42.32,54807,2319432.0,,,0
688596.SH,20260709,74.36,382549,28446344.0,,,0
688597.SH,20260709,,0,0.0,,,0
688598.SH,20260709,42.47,68470,2907921.0,,,0
688599.SH,20260709,12.45,105490,1313351.0,,,0
688600.SH,20260709,27.8,12100,336380.0,,,0
688601.SH,20260709,54.1,10553,570917.0,,,0
688602.SH,20260709,7.42,56567,419727.0,,,0
688603.SH,20260709,145.66,30354,4421364.0,,,0
688605.SH,20260709,113.95,59681,6800650.0,,,0
688606.SH,20260709,42.1197,1069,45026.0,,,0
688607.SH,20260709,48.09,600,28854.0,,,0
688608.SH,20260709,114.08,13690,1561755.0,,,0
688609.SH,20260709,9.75,18916,184431.0,,,0
688610.SH,20260709,195.34,3649,712796.0,,,0
688611.SH,20260709,66.63,7475,498059.0,,,0
688612.SH,20260709,29.51,8519,251396.0,,,0
688613.SH,20260709,14.44,21685,313131.0,,,0
688615.SH,20260709,104.38,59372,6197249.0,,,0
688616.SH,20260709,10.0499,1644,16522.0,,,0
688617.SH,20260709,188.82,5896,1113283.0,,,0
688618.SH,20260709,28.03,1100,30833.0,,,0
688619.SH,20260709,13.15,2407,31652.0,,,0
688620.SH,20260709,16.99,549149,9330042.0,,,0
688621.SH,20260709,48.08,1900,91352.0,,,0
688622.SH,20260709,104.9,13384,1403982.0,,,0
688623.SH,20260709,,0,0.0,,,0
688625.SH,20260709,73.08,16533,1208232.0,,,0
688626.SH,20260709,46.7098,1120,52315.0,,,0
688627.SH,20260709,627.3,63199,39644733.0,,,0
688628.SH,20260709,86.1498,1482,127674.0,,,0
688629.SH,20260709,205.0,414039,84877995.0,,,0
688630.SH,20260709,489.0,21251,10391739.0,,,0
688631.SH,20260709,41.54,1000,41540.0,,,0
688633.SH,20260709,26.36,29490,777356.0,,,0
688635.SH,20260709,385.0,24299,9355115.0,,,0
688636.SH,20260709,37.66,39158,1474690.0,,,0
688638.SH,20260709,29.08,600,17448.0,,,0
688639.SH,20260709,16.26,17217,279948.0,,,0
688646.SH,20260709,,0,0.0,,,0
688648.SH,20260709,32.2801,4195,135415.0,,,0
688651.SH,20260709,30.35,2863,86892.0,,,0
688652.SH,20260709,233.0,68942,16063486.0,,,0
688653.SH,20260709,16.92,81374,1376848.0,,,0
688655.SH,20260709,37.58,8284,311313.0,,,0
688656.SH,20260709,95.08,2100,199668.0,,,0
688657.SH,20260709,35.5006,867,30779.0,,,0
688658.SH,20260709,13.47,48455,652689.0,,,0
688659.SH,20260709,9.84012,2921,28743.0,,,0
688660.SH,20260709,7.76999,21999,170932.0,,,0
688661.SH,20260709,143.17,18732,2681860.0,,,0
688662.SH,20260709,114.71,55913,6413780.0,,,0
688663.SH,20260709,,0,0.0,,,0
688665.SH,20260709,55.4388,98,5433.0,,,0
688667.SH,20260709,109.77,800,87816.0,,,0
688668.SH,20260709,337.74,14591,4927964.0,,,0
688669.SH,20260709,83.0,83670,6944610.0,,,0
688670.SH,20260709,14.82,5695,84400.0,,,0
688671.SH,20260709,26.05,5500,143275.0,,,0
688676.SH,20260709,77.62,23095,1792634.0,,,0
688677.SH,20260709,86.01,9527,819417.0,,,0
688678.SH,20260709,20.38,16241,330992.0,,,0
688679.SH,20260709,36.0,5168,186048.0,,,0
688680.SH,20260709,,0,0.0,,,0
688681.SH,20260709,14.13,11800,166734.0,,,0
688682.SH,20260709,34.69,4993,173207.0,,,0
688683.SH,20260709,30.52,17522,534771.0,,,0
688685.SH,20260709,47.5703,1308,62222.0,,,0
688686.SH,20260709,150.25,4010,602503.0,,,0
688687.SH,20260709,16.45,500,8225.0,,,0
688689.SH,20260709,66.66,72160,4810186.0,,,0
688690.SH,20260709,39.55,223802,8851369.0,,,0
688691.SH,20260709,113.0,347312,39246256.0,,,0
688692.SH,20260709,232.2,23446,5444161.0,,,0
688693.SH,20260709,88.8601,1701,151151.0,,,0
688695.SH,20260709,17.9612,361,6484.0,,,0
688696.SH,20260709,61.3501,2108,129326.0,,,0
688697.SH,20260709,13.48,11429,154063.0,,,0
688698.SH,20260709,53.64,10397,557695.0,,,0
688699.SH,20260709,77.36,24855,1922783.0,,,0
688700.SH,20260709,75.19,65069,4892538.0,,,0
688701.SH,20260709,6.79999,28563,194228.0,,,0
688702.SH,20260709,409.13,140478,57473764.0,,,0
688707.SH,20260709,11.01,4500,49545.0,,,0
688708.SH,20260709,50.2797,1580,79442.0,,,0
688709.SH,20260709,35.9899,3176,114304.0,,,0
688710.SH,20260709,,0,0.0,,,0
688711.SH,20260709,35.7,51494,1838336.0,,,0
688712.SH,20260709,36.13,5902,213239.0,,,0
688716.SH,20260709,35.96,101175,3638253.0,,,0
688717.SH,20260709,67.46,12833,865714.0,,,0
688718.SH,20260709,15.25,21628,329827.0,,,0
688719.SH,20260709,66.71,5431,362302.0,,,0
688720.SH,20260709,90.0,31240,2811600.0,,,0
688721.SH,20260709,60.0,43988,2639280.0,,,0
688722.SH,20260709,14.93,13950,208274.0,,,0
688726.SH,20260709,44.01,7079,311547.0,,,0
688727.SH,20260709,63.97,70215,4491654.0,,,0
688728.SH,20260709,22.21,365432,8116245.0,,,0
688729.SH,20260709,36.3,919703,33385219.0,,,0
688733.SH,20260709,37.91,76000,2881160.0,,,0
688737.SH,20260709,17.8299,1705,30400.0,,,0
688739.SH,20260709,19.7001,1717,33825.0,,,0
688750.SH,20260709,15.17,9424,142962.0,,,0
688755.SH,20260709,24.98,100,2498.0,,,0
688757.SH,20260709,52.76,15995,843896.0,,,0
688758.SH,20260709,19.83,13700,271671.0,,,0
688759.SH,20260709,31.13,20580,640655.0,,,0
688765.SH,20260709,48.5,5362,260057.0,,,0
688766.SH,20260709,742.56,95136,70644188.0,,,0
688767.SH,20260709,38.0,5346,203148.0,,,0
688768.SH,20260709,43.61,600,26166.0,,,0
688772.SH,20260709,17.33,45461,787839.0,,,0
688775.SH,20260709,134.0,9818,1315612.0,,,0
688776.SH,20260709,53.0,27800,1473400.0,,,0
688777.SH,20260709,105.0,21680,2276400.0,,,0
688778.SH,20260709,49.83,9839,490277.0,,,0
688779.SH,20260709,7.7,103380,796026.0,,,0
688781.SH,20260709,46.2,2355,108801.0,,,0
688783.SH,20260709,50.9,66549,3387344.0,,,0
688785.SH,20260709,388.13,600,232878.0,,,0
688786.SH,20260709,38.82,11805,458270.0,,,0
688787.SH,20260709,116.01,5446,631790.0,,,0
688788.SH,20260709,40.79,15089,615480.0,,,0
688789.SH,20260709,49.7999,3324,165535.0,,,0
688790.SH,20260709,123.0,2200,270600.0,,,0
688793.SH,20260709,15.5,7446,115413.0,,,0
688795.SH,20260709,677.72,17168,11635097.0,,,0
688796.SH,20260709,102.22,14400,1471968.0,,,0
688797.SH,20260709,476.99,77320,36880867.0,,,0
688798.SH,20260709,70.37,8749,615667.0,,,0
688799.SH,20260709,48.7,26280,1279836.0,,,0
688800.SH,20260709,83.0,21854,1813882.0,,,0
688802.SH,20260709,888.0,34663,30780744.0,,,0
688805.SH,20260709,41.9,700,29330.0,,,0
688807.SH,20260709,348.4,3755,1308242.0,,,0
688808.SH,20260709,2179.99,4627,10086814.0,,,0
688809.SH,20260709,553.26,10127,5602864.0,,,0
688811.SH,20260709,26.8599,6968,187160.0,,,0
688813.SH,20260709,165.5,52637,8711424.0,,,0
688816.SH,20260709,54.5495,555,30275.0,,,0
688818.SH,20260709,66.1,31186,2061395.0,,,0
688819.SH,20260709,21.8,6500,141700.0,,,0
688820.SH,20260709,191.94,156655,30068361.0,,,0
688981.SH,20260709,153.68,739979,113719973.0,,,0
689009.SH,20260709,37.88,17251,653468.0,,,0
000001.SZ,20260709,10.55,423600,4468980.0,,,0
000002.SZ,20260709,2.99,340300,1017497.0,,,0
000004.SZ,20260709,0.39,82600,32214.0,,,0
000006.SZ,20260709,6.75,60400,407700.0,,,0
000007.SZ,20260709,11.1,13800,153180.0,,,0
000009.SZ,20260709,6.15,113000,694950.0,,,0
000010.SZ,20260709,1.83,72400,132492.0,,,0
000011.SZ,20260709,,0,0.0,,,0
000012.SZ,20260709,4.19,411400,1723766.0,,,0
000014.SZ,20260709,8.88,12200,108336.0,,,0
000016.SZ,20260709,2.5,121100,302750.0,,,0
000017.SZ,20260709,6.01,92500,555925.0,,,0
000019.SZ,20260709,5.9,6000,35400.0,,,0
000020.SZ,20260709,10.38,500,5190.0,,,0
000021.SZ,20260709,52.93,1169300,61891049.0,,,0
000025.SZ,20260709,13.14,5100,67014.0,,,0
000026.SZ,20260709,18.77,42000,788340.0,,,0
000027.SZ,20260709,6.02,132600,798252.0,,,0
000028.SZ,20260709,20.64,5200,107328.0,,,0
000029.SZ,20260709,22.13,2100,46473.0,,,0
000030.SZ,20260709,4.0,20900,83600.0,,,0
000031.SZ,20260709,2.08,242000,503360.0,,,0
000032.SZ,20260709,21.5,180200,3874300.0,,,0
000034.SZ,20260709,28.0,843800,23626400.0,,,0
000035.SZ,20260709,4.55,68200,310310.0,,,0
000036.SZ,20260709,4.08,28600,116688.0,,,0
000037.SZ,20260709,8.12,13100,106372.0,,,0
000039.SZ,20260709,7.86,50400,396144.0,,,0
000042.SZ,20260709,7.5,34700,260250.0,,,0
000045.SZ,20260709,9.48,3700,35076.0,,,0
000048.SZ,20260709,21.53,83300,1793449.0,,,0
000049.SZ,20260709,23.76,21500,510840.0,,,0
000050.SZ,20260709,7.92,171100,1355112.0,,,0
000055.SZ,20260709,3.24,23800,77112.0,,,0
000056.SZ,20260709,2.21,726900,1606449.0,,,0
000058.SZ,20260709,6.01,2400,14424.0,,,0
000059.SZ,20260709,4.04,95600,386224.0,,,0
000060.SZ,20260709,6.54,680100,4447854.0,,,0
000061.SZ,20260709,5.54,5000,27700.0,,,0
000062.SZ,20260709,33.02,794600,26237692.0,,,0
000063.SZ,20260709,37.1,2144400,79557240.0,,,0
000065.SZ,20260709,8.9,159700,1421330.0,,,0
000066.SZ,20260709,19.0,2122700,40331300.0,,,0
000068.SZ,20260709,2.73,115900,316407.0,,,0
000069.SZ,20260709,1.62,743500,1204470.0,,,0
000070.SZ,20260709,18.7,3674600,68715020.0,,,0
000078.SZ,20260709,2.18,20119500,43860510.0,,,0
000088.SZ,20260709,4.19,10432,43710.08,,,0
000089.SZ,20260709,6.31,37500,236625.0,,,0
000090.SZ,20260709,3.06,48200,147492.0,,,0
000096.SZ,20260709,7.19,30700,220733.0,,,0
000099.SZ,20260709,13.71,16300,223473.0,,,0
000100.SZ,20260709,5.05,8163761,41226993.05,,,0
000151.SZ,20260709,9.41,45500,428155.0,,,0
000153.SZ,20260709,5.25,66700,350175.0,,,0
000155.SZ,20260709,11.15,48200,537430.0,,,0
000156.SZ,20260709,6.5,47000,305500.0,,,0
000157.SZ,20260709,7.14,74500,531930.0,,,0
000158.SZ,20260709,12.83,152300,1954009.0,,,0
000159.SZ,20260709,5.43,14700,79821.0,,,0
000166.SZ,20260709,4.54,441800,2005772.0,,,0
000301.SZ,20260709,12.7,547100,6948170.0,,,0
000333.SZ,20260709,79.0,290200,22925800.0,,,0
000338.SZ,20260709,27.95,376500,10523175.0,,,0
000400.SZ,20260709,20.21,20800,420368.0,,,0
000401.SZ,20260709,,0,0.0,,,0
000402.SZ,20260709,2.41,193100,465371.0,,,0
000403.SZ,20260709,8.99,20300,182497.0,,,0
000404.SZ,20260709,8.22,136500,1122030.0,,,0
000407.SZ,20260709,3.77,19900,75023.0,,,0
000408.SZ,20260709,70.58,90200,6366316.0,,,0
000409.SZ,20260709,8.16,29900,243984.0,,,0
000410.SZ,20260709,4.53,41500,187995.0,,,0
000411.SZ,20260709,9.6,10800,103680.0,,,0
000415.SZ,20260709,4.37,1188100,5191997.0,,,0
000417.SZ,20260709,7.9,1581800,12496220.0,,,0
000419.SZ,20260709,4.66,19400,90404.0,,,0
000420.SZ,20260709,3.8,221700,842460.0,,,0
000421.SZ,20260709,5.15,5400,27810.0,,,0
000422.SZ,20260709,12.91,219300,2831163.0,,,0
000423.SZ,20260709,46.63,900,41967.0,,,0
000425.SZ,20260709,8.4,650300,5462520.0,,,0
000426.SZ,20260709,32.54,750300,24414762.0,,,0
000428.SZ,20260709,3.07,44600,136922.0,,,0
000429.SZ,20260709,14.58,136300,1987254.0,,,0
000430.SZ,20260709,6.86,326700,2241162.0,,,0
000488.SZ,20260709,2.02,39500,79790.0,,,0
000498.SZ,20260709,4.93,30100,148393.0,,,0
000501.SZ,20260709,6.93,46900,325017.0,,,0
000503.SZ,20260709,6.29,18800,118252.0,,,0
000504.SZ,20260709,7.82,7500,58650.0,,,0
000505.SZ,20260709,5.18,6600,34188.0,,,0
000506.SZ,20260709,12.6,957000,12058200.0,,,0
000507.SZ,20260709,4.7,25700,120790.0,,,0
000509.SZ,20260709,3.17,40000,126800.0,,,0
000510.SZ,20260709,19.37,206700,4003779.0,,,0
000513.SZ,20260709,30.06,34000,1022040.0,,,0
000514.SZ,20260709,3.68,5800,21344.0,,,0
000516.SZ,20260709,3.92,36500,143080.0,,,0
000517.SZ,20260709,1.67,60700,101369.0,,,0
000518.SZ,20260709,3.71,1236300,4586673.0,,,0
000519.SZ,20260709,18.36,1683100,30901716.0,,,0
000520.SZ,20260709,4.43,133800,592734.0,,,0
000521.SZ,20260709,5.58,301100,1680138.0,,,0
000523.SZ,20260709,2.62,10700,28034.0,,,0
000524.SZ,20260709,10.84,6306800,68365712.0,,,0
000525.SZ,20260709,3.91,83800,327658.0,,,0
000526.SZ,20260709,26.7,2300,61410.0,,,0
000528.SZ,20260709,8.02,131300,1053026.0,,,0
000529.SZ,20260709,4.54,32300,146642.0,,,0
000530.SZ,20260709,5.02,22300,111946.0,,,0
000531.SZ,20260709,5.63,7400,41662.0,,,0
000532.SZ,20260709,10.46,1200,12552.0,,,0
000533.SZ,20260709,8.67,21600,187272.0,,,0
000534.SZ,20260709,29.75,55929,1663887.75,,,0
000536.SZ,20260709,3.43,315300,1081479.0,,,0
000537.SZ,20260709,6.93,34100,236313.0,,,0
000538.SZ,20260709,48.57,24200,1175394.0,,,0
000539.SZ,20260709,5.73,383700,2198601.0,,,0
000541.SZ,20260709,5.0,21300,106500.0,,,0
000543.SZ,20260709,7.66,134900,1033334.0,,,0
000544.SZ,20260709,7.16,3900,27924.0,,,0
000545.SZ,20260709,2.65,591100,1566415.0,,,0
000546.SZ,20260709,4.57,69300,316701.0,,,0
000547.SZ,20260709,16.04,182000,2919280.0,,,0
000548.SZ,20260709,4.12,2200,9064.0,,,0
000550.SZ,20260709,16.55,6900,114195.0,,,0
000551.SZ,20260709,18.1,142100,2572010.0,,,0
000552.SZ,20260709,2.38,750400,1785952.0,,,0
000553.SZ,20260709,5.77,29500,170215.0,,,0
000554.SZ,20260709,6.0,551400,3308400.0,,,0
000555.SZ,20260709,9.77,54600,533442.0,,,0
000557.SZ,20260709,3.56,1500,5340.0,,,0
000558.SZ,20260709,3.19,1803350,5752686.5,,,0
000559.SZ,20260709,11.76,96900,1139544.0,,,0
000560.SZ,20260709,1.99,178300,354817.0,,,0
000561.SZ,20260709,7.01,7600,53276.0,,,0
000563.SZ,20260709,2.88,48100,138528.0,,,0
000564.SZ,20260709,1.31,430700,564217.0,,,0
000565.SZ,20260709,5.74,13400,76916.0,,,0
000566.SZ,20260709,4.74,7628400,36158616.0,,,0
000567.SZ,20260709,5.93,69900,414507.0,,,0
000568.SZ,20260709,76.08,44100,3355128.0,,,0
000570.SZ,20260709,4.81,72200,347282.0,,,0
000571.SZ,20260709,6.62,219200,1451104.0,,,0
000572.SZ,20260709,3.41,333700,1137917.0,,,0
000573.SZ,20260709,3.36,129100,433776.0,,,0
000576.SZ,20260709,6.98,182600,1274548.0,,,0
000581.SZ,20260709,17.64,16600,292824.0,,,0
000582.SZ,20260709,10.92,310800,3393936.0,,,0
000586.SZ,20260709,12.12,6700,81204.0,,,0
000589.SZ,20260709,4.3,39500,169850.0,,,0
000590.SZ,20260709,8.17,5200,42484.0,,,0
000591.SZ,20260709,4.25,102500,435625.0,,,0
000592.SZ,20260709,5.86,601300,3523618.0,,,0
000593.SZ,20260709,22.73,690111,15686223.03,,,0
000595.SZ,20260709,5.49,604400,3318156.0,,,0
000596.SZ,20260709,77.0,2200,169400.0,,,0
000597.SZ,20260709,4.46,106500,474990.0,,,0
000598.SZ,20260709,6.71,6100,40931.0,,,0
000599.SZ,20260709,4.22,4000,16880.0,,,0
000600.SZ,20260709,8.06,52500,423150.0,,,0
000601.SZ,20260709,6.15,666000,4095900.0,,,0
000603.SZ,20260709,21.8,657500,14333500.0,,,0
000605.SZ,20260709,5.46,2700,14742.0,,,0
000607.SZ,20260709,3.15,6000,18900.0,,,0
000608.SZ,20260709,5.98,61500,367770.0,,,0
000609.SZ,20260709,11.91,43901,522860.91,,,0
000610.SZ,20260709,5.64,95800,540312.0,,,0
000612.SZ,20260709,10.01,180200,1803802.0,,,0
000615.SZ,20260709,3.15,400,1260.0,,,0
000617.SZ,20260709,6.63,181300,1202019.0,,,0
000619.SZ,20260709,4.37,9400,41078.0,,,0
000620.SZ,20260709,3.2,1607400,5143680.0,,,0
000623.SZ,20260709,17.72,18800,333136.0,,,0
000625.SZ,20260709,6.96,107600,748896.0,,,0
000626.SZ,20260709,6.33,200,1266.0,,,0
000628.SZ,20260709,48.24,175700,8475768.0,,,0
000629.SZ,20260709,3.1,701300,2174030.0,,,0
000630.SZ,20260709,6.0,848500,5091000.0,,,0
000631.SZ,20260709,2.81,90500,254305.0,,,0
000632.SZ,20260709,3.24,59900,194076.0,,,0
000633.SZ,20260709,4.78,12200,58316.0,,,0
000635.SZ,20260709,5.98,7800,46644.0,,,0
000636.SZ,20260709,61.89,812300,50273247.0,,,0
000637.SZ,20260709,3.51,10300,36153.0,,,0
000639.SZ,20260709,1.36,2503500,3404760.0,,,0
000650.SZ,20260709,5.25,20300,106575.0,,,0
000651.SZ,20260709,38.4,185100,7107840.0,,,0
000652.SZ,20260709,3.32,4200,13944.0,,,0
000655.SZ,20260709,6.37,6400,40768.0,,,0
000656.SZ,20260709,1.35,6143300,8293455.0,,,0
000657.SZ,20260709,75.0,512100,38407500.0,,,0
000659.SZ,20260709,2.78,17000,47260.0,,,0
000661.SZ,20260709,65.1,24800,1614480.0,,,0
000663.SZ,20260709,5.05,22501,113630.05,,,0
000665.SZ,20260709,3.6,27300,98280.0,,,0
000668.SZ,20260709,21.66,8200,177612.0,,,0
000669.SZ,20260709,3.62,3300,11946.0,,,0
000670.SZ,20260709,6.75,101800,687150.0,,,0
000672.SZ,20260709,20.8,337080,7011264.0,,,0
000676.SZ,20260709,5.17,54000,279180.0,,,0
000677.SZ,20260709,1.51,1891600,2856316.0,,,0
000678.SZ,20260709,8.18,12400,101432.0,,,0
000679.SZ,20260709,5.86,48000,281280.0,,,0
000680.SZ,20260709,10.35,68200,705870.0,,,0
000681.SZ,20260709,18.49,204500,3781205.0,,,0
000682.SZ,20260709,11.96,33500,400660.0,,,0
000683.SZ,20260709,5.46,73490,401255.4,,,0
000685.SZ,20260709,11.25,359340,4042575.0,,,0
000686.SZ,20260709,8.39,121400,1018546.0,,,0
000688.SZ,20260709,33.06,125900,4162254.0,,,0
000690.SZ,20260709,4.52,91900,415388.0,,,0
000691.SZ,20260709,11.31,269200,3044652.0,,,0
000692.SZ,20260709,3.83,113400,434322.0,,,0
000695.SZ,20260709,12.48,14500,180960.0,,,0
000697.SZ,20260709,9.12,33200,302784.0,,,0
000698.SZ,20260709,3.16,24700,78052.0,,,0
000700.SZ,20260709,14.97,397208,5946203.76,,,0
000701.SZ,20260709,4.45,74700,332415.0,,,0
000702.SZ,20260709,5.02,20200,101404.0,,,0
000703.SZ,20260709,13.86,315600,4374216.0,,,0
000705.SZ,20260709,6.09,30500,185745.0,,,0
000707.SZ,20260709,4.25,5100,21675.0,,,0
000708.SZ,20260709,12.86,10100,129886.0,,,0
000709.SZ,20260709,1.97,299000,589030.0,,,0
000710.SZ,20260709,7.5,2700,20250.0,,,0
000711.SZ,20260709,5.7,1329300,7577010.0,,,0
000712.SZ,20260709,8.42,112000,943040.0,,,0
000713.SZ,20260709,5.49,38200,209718.0,,,0
000715.SZ,20260709,4.7,100,470.0,,,0
000716.SZ,20260709,4.21,49700,209237.0,,,0
000717.SZ,20260709,2.06,15800,32548.0,,,0
000718.SZ,20260709,1.74,21900,38106.0,,,0
000719.SZ,20260709,11.93,7000,83510.0,,,0
000720.SZ,20260709,3.23,39000,125970.0,,,0
000721.SZ,20260709,5.46,19300,105378.0,,,0
000722.SZ,20260709,10.67,88600,945362.0,,,0
000723.SZ,20260709,3.33,45300,150849.0,,,0
000725.SZ,20260709,7.71,59766185,460797286.35,,,0
000726.SZ,20260709,5.64,35300,199092.0,,,0
000727.SZ,20260709,2.32,205300,476296.0,,,0
000728.SZ,20260709,7.31,174900,1278519.0,,,0
000729.SZ,20260709,10.98,226600,2488068.0,,,0
000731.SZ,20260709,5.6,22700,127120.0,,,0
000733.SZ,20260709,48.32,214600,10369472.0,,,0
000735.SZ,20260709,4.88,13600,66368.0,,,0
000736.SZ,20260709,3.88,17000,65960.0,,,0
000737.SZ,20260709,12.6,204200,2572920.0,,,0
000738.SZ,20260709,17.27,16500,284955.0,,,0
000739.SZ,20260709,17.66,36500,644590.0,,,0
000750.SZ,20260709,3.7,350900,1298330.0,,,0
000751.SZ,20260709,4.84,298200,1443288.0,,,0
000752.SZ,20260709,7.38,14500,107010.0,,,0
000753.SZ,20260709,4.34,18700,81158.0,,,0
000755.SZ,20260709,4.51,3100,13981.0,,,0
000756.SZ,20260709,13.8,83400,1150920.0,,,0
000757.SZ,20260709,3.56,17300,61588.0,,,0
000758.SZ,20260709,5.9,131900,778210.0,,,0
000759.SZ,20260709,6.48,2018900,13082472.0,,,0
000761.SZ,20260709,2.18,6900,15042.0,,,0
000762.SZ,20260709,24.59,115000,2827850.0,,,0
000766.SZ,20260709,15.56,266800,4151408.0,,,0
000767.SZ,20260709,3.33,356900,1188477.0,,,0
000768.SZ,20260709,19.92,71700,1428264.0,,,0
000776.SZ,20260709,22.07,311600,6877012.0,,,0
000777.SZ,20260709,16.89,40900,690801.0,,,0
000778.SZ,20260709,3.63,208300,756129.0,,,0
000779.SZ,20260709,9.01,627800,5656478.0,,,0
000782.SZ,20260709,7.5,28400,213000.0,,,0
000783.SZ,20260709,8.91,1293900,11528649.0,,,0
000785.SZ,20260709,1.99,32100,63879.0,,,0
000786.SZ,20260709,17.47,47300,826331.0,,,0
000788.SZ,20260709,5.04,29700,149688.0,,,0
000789.SZ,20260709,3.88,5000,19400.0,,,0
000790.SZ,20260709,3.62,9400,34028.0,,,0
000791.SZ,20260709,7.45,82600,615370.0,,,0
000792.SZ,20260709,26.73,1116400,29841372.0,,,0
000793.SZ,20260709,2.52,72400,182448.0,,,0
000795.SZ,20260709,8.77,63500,556895.0,,,0
000796.SZ,20260709,3.61,965700,3486177.0,,,0
000797.SZ,20260709,2.22,9500,21090.0,,,0
000798.SZ,20260709,7.2,11200,80640.0,,,0
000799.SZ,20260709,37.73,58100,2192113.0,,,0
000800.SZ,20260709,6.18,11500,71070.0,,,0
000801.SZ,20260709,11.62,57800,671636.0,,,0
000802.SZ,20260709,3.59,159500,572605.0,,,0
000803.SZ,20260709,6.61,16600,109726.0,,,0
000807.SZ,20260709,22.02,698400,15378768.0,,,0
000809.SZ,20260709,3.03,5600,16968.0,,,0
000810.SZ,20260709,11.29,139300,1572697.0,,,0
000811.SZ,20260709,50.9,483630,24616767.0,,,0
000812.SZ,20260709,3.12,51200,159744.0,,,0
000813.SZ,20260709,3.15,1314600,4140990.0,,,0
000815.SZ,20260709,13.36,451500,6032040.0,,,0
000816.SZ,20260709,2.39,84900,202911.0,,,0
000818.SZ,20260709,13.85,573000,7936050.0,,,0
000819.SZ,20260709,11.22,500,5610.0,,,0
000820.SZ,20260709,2.89,300,867.0,,,0
000821.SZ,20260709,7.86,204800,1609728.0,,,0
000822.SZ,20260709,3.93,11600,45588.0,,,0
000823.SZ,20260709,18.84,286704,5401503.36,,,0
000825.SZ,20260709,3.36,203500,683760.0,,,0
000826.SZ,20260709,1.88,397700,747676.0,,,0
000828.SZ,20260709,9.62,4300,41366.0,,,0
000829.SZ,20260709,7.55,34700,261985.0,,,0
000830.SZ,20260709,12.01,96200,1155362.0,,,0
000831.SZ,20260709,48.54,151800,7368372.0,,,0
000833.SZ,20260709,21.05,124400,2618620.0,,,0
000837.SZ,20260709,10.69,38000,406220.0,,,0
000838.SZ,20260709,1.96,3634300,7123228.0,,,0
000839.SZ,20260709,2.47,1441900,3561493.0,,,0
000848.SZ,20260709,8.05,18700,150535.0,,,0
000850.SZ,20260709,3.78,11900,44982.0,,,0
000852.SZ,20260709,5.0,126400,632000.0,,,0
000856.SZ,20260709,7.21,18700,134827.0,,,0
000858.SZ,20260709,71.0,234900,16677900.0,,,0
000859.SZ,20260709,8.51,431500,3672065.0,,,0
000860.SZ,20260709,9.86,4670,46046.2,,,0
000862.SZ,20260709,4.58,94500,432810.0,,,0
000863.SZ,20260709,4.12,27300,112476.0,,,0
000868.SZ,20260709,3.37,6800,22916.0,,,0
000869.SZ,20260709,16.38,2400,39312.0,,,0
000875.SZ,20260709,4.83,185800,897414.0,,,0
000876.SZ,20260709,7.0,356100,2492700.0,,,0
000877.SZ,20260709,3.63,18500,67155.0,,,0
000878.SZ,20260709,14.94,125200,1870488.0,,,0
000880.SZ,20260709,22.68,17800,403704.0,,,0
000881.SZ,20260709,6.18,86000,531480.0,,,0
000882.SZ,20260709,1.3,180000,234000.0,,,0
000883.SZ,20260709,4.48,46600,208768.0,,,0
000885.SZ,20260709,12.32,4200,51744.0,,,0
000886.SZ,20260709,4.09,2900,11861.0,,,0
000887.SZ,20260709,17.1,95700,1636470.0,,,0
000888.SZ,20260709,9.16,225800,2068328.0,,,0
000889.SZ,20260709,3.03,52400,158772.0,,,0
000890.SZ,20260709,6.98,107901,753148.98,,,0
000892.SZ,20260709,3.46,816900,2826474.0,,,0
000893.SZ,20260709,40.11,46000,1845060.0,,,0
000895.SZ,20260709,23.03,38100,877443.0,,,0
000897.SZ,20260709,1.65,173500,286275.0,,,0
000898.SZ,20260709,1.87,86100,161007.0,,,0
000899.SZ,20260709,9.62,380500,3660410.0,,,0
000900.SZ,20260709,3.63,18700,67881.0,,,0
000901.SZ,20260709,15.85,22100,350285.0,,,0
000902.SZ,20260709,12.03,20800,250224.0,,,0
000903.SZ,20260709,1.79,158200,283178.0,,,0
000905.SZ,20260709,7.73,52700,407371.0,,,0
000906.SZ,20260709,5.26,9800,51548.0,,,0
000908.SZ,20260709,6.7,825400,5530180.0,,,0
000909.SZ,20260709,4.23,26000,109980.0,,,0
000910.SZ,20260709,5.4,2700,14580.0,,,0
000911.SZ,20260709,4.14,36100,149454.0,,,0
000912.SZ,20260709,3.28,39100,128248.0,,,0
000913.SZ,20260709,10.4,8400,87360.0,,,0
000915.SZ,20260709,24.76,1200,29712.0,,,0
000917.SZ,20260709,6.39,120900,772551.0,,,0
000919.SZ,20260709,5.96,28900,172244.0,,,0
000920.SZ,20260709,11.4,59100,673740.0,,,0
000921.SZ,20260709,25.24,27500,694100.0,,,0
000922.SZ,20260709,11.93,10100,120493.0,,,0
000923.SZ,20260709,12.4,30700,380680.0,,,0
000925.SZ,20260709,8.3,150900,1252470.0,,,0
000926.SZ,20260709,1.93,1113900,2149827.0,,,0
000927.SZ,20260709,2.33,66800,155644.0,,,0
000928.SZ,20260709,4.87,6500,31655.0,,,0
000929.SZ,20260709,8.86,4400,38984.0,,,0
000930.SZ,20260709,4.38,15100,66138.0,,,0
000931.SZ,20260709,4.1,4500,18450.0,,,0
000932.SZ,20260709,3.43,76400,262052.0,,,0
000933.SZ,20260709,21.64,397000,8591080.0,,,0
000935.SZ,20260709,27.53,27800,765334.0,,,0
000936.SZ,20260709,5.05,22300,112615.0,,,0
000937.SZ,20260709,4.26,62200,264972.0,,,0
000938.SZ,20260709,33.33,10870830,362324763.9,,,0
000948.SZ,20260709,12.85,406500,5223525.0,,,0
000949.SZ,20260709,5.56,1818400,10110304.0,,,0
000950.SZ,20260709,5.14,171100,879454.0,,,0
000951.SZ,20260709,21.69,22800,494532.0,,,0
000952.SZ,20260709,5.44,25400,138176.0,,,0
000953.SZ,20260709,5.2,1800,9360.0,,,0
000955.SZ,20260709,4.21,101600,427736.0,,,0
000957.SZ,20260709,9.43,10000,94300.0,,,0
000958.SZ,20260709,5.4,49500,267300.0,,,0
000959.SZ,20260709,3.42,24700,84474.0,,,0
000960.SZ,20260709,36.08,349600,12613568.0,,,0
000962.SZ,20260709,64.0,82600,5286400.0,,,0
000963.SZ,20260709,28.7,103600,2973320.0,,,0
000965.SZ,20260709,2.96,10400,30784.0,,,0
000966.SZ,20260709,3.76,96600,363216.0,,,0
000967.SZ,20260709,9.31,255100,2374981.0,,,0
000968.SZ,20260709,6.34,492500,3122450.0,,,0
000969.SZ,20260709,20.66,198500,4101010.0,,,0
000970.SZ,20260709,15.8,559400,8838520.0,,,0
000972.SZ,20260709,3.58,30300,108474.0,,,0
000973.SZ,20260709,12.9,1229900,15865710.0,,,0
000975.SZ,20260709,19.17,1295358,24832012.86,,,0
000977.SZ,20260709,83.0,16796600,1394117800.0,,,0
000978.SZ,20260709,5.28,170100,898128.0,,,0
000980.SZ,20260709,1.74,675400,1175196.0,,,0
000981.SZ,20260709,2.6,423600,1101360.0,,,0
000983.SZ,20260709,6.15,292800,1800720.0,,,0
000985.SZ,20260709,14.28,1700,24276.0,,,0
000987.SZ,20260709,7.81,295400,2307074.0,,,0
000988.SZ,20260709,150.0,350787,52618050.0,,,0
000989.SZ,20260709,8.16,33400,272544.0,,,0
000990.SZ,20260709,8.35,73800,616230.0,,,0
000993.SZ,20260709,9.49,7200,68328.0,,,0
000995.SZ,20260709,9.34,6800,63512.0,,,0
000997.SZ,20260709,16.08,23700,381096.0,,,0
000998.SZ,20260709,7.77,35300,274281.0,,,0
000999.SZ,20260709,23.51,28500,670035.0,,,0
001201.SZ,20260709,11.59,20100,232959.0,,,0
001202.SZ,20260709,14.05,16500,231825.0,,,0
001203.SZ,20260709,29.8,139600,4160080.0,,,0
001205.SZ,20260709,13.37,2928,39147.36,,,0
001206.SZ,20260709,19.97,308200,6154754.0,,,0
001207.SZ,20260709,16.07,179700,2887779.0,,,0
001208.SZ,20260709,14.71,1420200,20891142.0,,,0
001209.SZ,20260709,15.83,2900,45907.0,,,0
001210.SZ,20260709,19.6,3400,66640.0,,,0
001211.SZ,20260709,21.24,38900,826236.0,,,0
001212.SZ,20260709,39.85,35000,1394750.0,,,0
001213.SZ,20260709,3.46,18000,62280.0,,,0
001215.SZ,20260709,34.9,900,31410.0,,,0
001216.SZ,20260709,14.0,3400,47600.0,,,0
001217.SZ,20260709,8.56,7000,59920.0,,,0
001218.SZ,20260709,23.27,5000,116350.0,,,0
001219.SZ,20260709,11.93,1800,21474.0,,,0
001220.SZ,20260709,28.57,5300,151421.0,,,0
001221.SZ,20260709,39.01,7000,273070.0,,,0
001222.SZ,20260709,13.37,701,9372.37,,,0
001223.SZ,20260709,38.5,7800,300300.0,,,0
001225.SZ,20260709,38.69,1100,42559.0,,,0
001226.SZ,20260709,43.93,1800,79074.0,,,0
001227.SZ,20260709,2.04,168800,344352.0,,,0
001228.SZ,20260709,27.07,100,2707.0,,,0
001229.SZ,20260709,46.89,508300,23834187.0,,,0
001230.SZ,20260709,18.25,199900,3648175.0,,,0
001231.SZ,20260709,18.3,4500,82350.0,,,0
001233.SZ,20260709,41.32,3500,144620.0,,,0
001234.SZ,20260709,20.0,9200,184000.0,,,0
001236.SZ,20260709,6.88,11000,75680.0,,,0
001237.SZ,20260709,61.48,26900,1653812.0,,,0
001238.SZ,20260709,27.31,3040,83022.4,,,0
001239.SZ,20260709,12.45,3300,41085.0,,,0
001248.SZ,20260709,15.5,2878632,44618796.0,,,0
001255.SZ,20260709,24.2,600,14520.0,,,0
001256.SZ,20260709,28.4,19500,553800.0,,,0
001257.SZ,20260709,25.47,101100,2575017.0,,,0
001258.SZ,20260709,6.61,42900,283569.0,,,0
001259.SZ,20260709,60.0,25200,1512000.0,,,0
001260.SZ,20260709,15.73,5400,84942.0,,,0
001266.SZ,20260709,42.05,6300,264915.0,,,0
001267.SZ,20260709,42.03,66000,2773980.0,,,0
001268.SZ,20260709,26.57,47640,1265794.8,,,0
001269.SZ,20260709,19.1,24500,467950.0,,,0
001270.SZ,20260709,155.9,145500,22683450.0,,,0
001277.SZ,20260709,27.0,300,8100.0,,,0
001278.SZ,20260709,14.61,12800,187008.0,,,0
001279.SZ,20260709,27.32,2300,62836.0,,,0
001280.SZ,20260709,60.92,23900,1455988.0,,,0
001282.SZ,20260709,16.82,7800,131196.0,,,0
001283.SZ,20260709,46.36,5300,245708.0,,,0
001285.SZ,20260709,40.31,3700,149147.0,,,0
001286.SZ,20260709,10.34,37500,387750.0,,,0
001287.SZ,20260709,29.79,373300,11120607.0,,,0
001288.SZ,20260709,22.67,13400,303778.0,,,0
001289.SZ,20260709,15.47,89300,1381471.0,,,0
001296.SZ,20260709,18.1,5800,104980.0,,,0
001298.SZ,20260709,20.21,42830,865594.3,,,0
001299.SZ,20260709,10.0,31800,318000.0,,,0
001300.SZ,20260709,11.57,7600,87932.0,,,0
001301.SZ,20260709,54.71,19720,1078881.2,,,0
001306.SZ,20260709,54.7,28000,1531600.0,,,0
001308.SZ,20260709,19.24,2100,40404.0,,,0
001309.SZ,20260709,840.01,152600,128185526.0,,,0
001311.SZ,20260709,17.8,223500,3978300.0,,,0
001312.SZ,20260709,17.9,6200,110980.0,,,0
001313.SZ,20260709,7.79,149500,1164605.0,,,0
001314.SZ,20260709,57.35,63200,3624520.0,,,0
001316.SZ,20260709,31.48,1000,31480.0,,,0
001317.SZ,20260709,43.43,146800,6375524.0,,,0
001318.SZ,20260709,10.3,3900,40170.0,,,0
001319.SZ,20260709,20.81,3200,66592.0,,,0
001322.SZ,20260709,6.25,27900,174375.0,,,0
001323.SZ,20260709,16.32,3701,60400.32,,,0
001324.SZ,20260709,19.81,23600,467516.0,,,0
001325.SZ,20260709,35.67,1200,42804.0,,,0
001326.SZ,20260709,53.42,900,48078.0,,,0
001328.SZ,20260709,26.78,1400,37492.0,,,0
001330.SZ,20260709,5.08,105000,533400.0,,,0
001331.SZ,20260709,58.8,40455,2378754.0,,,0
001332.SZ,20260709,32.32,27800,898496.0,,,0
001333.SZ,20260709,19.33,4400,85052.0,,,0
001335.SZ,20260709,33.29,3400,113186.0,,,0
001336.SZ,20260709,21.47,9200,197524.0,,,0
001337.SZ,20260709,36.79,311994,11478259.26,,,0
001338.SZ,20260709,8.53,9500,81035.0,,,0
001339.SZ,20260709,97.67,207770,20292895.9,,,0
001356.SZ,20260709,,0,0.0,,,0
001358.SZ,20260709,24.95,7000,174650.0,,,0
001359.SZ,20260709,109.0,6500,708500.0,,,0
001360.SZ,20260709,15.67,25800,404286.0,,,0
001365.SZ,20260709,45.89,655408,30076673.12,,,0
001366.SZ,20260709,10.85,2400,26040.0,,,0
001367.SZ,20260709,18.88,6900,130272.0,,,0
001368.SZ,20260709,20.98,100,2098.0,,,0
001369.SZ,20260709,12.14,29800,361772.0,,,0
001373.SZ,20260709,27.3,9200,251160.0,,,0
001376.SZ,20260709,9.89,5500,54395.0,,,0
001378.SZ,20260709,19.14,8700,166518.0,,,0
001379.SZ,20260709,15.03,6200,93186.0,,,0
001380.SZ,20260709,15.71,1600,25136.0,,,0
001382.SZ,20260709,15.03,4800,72144.0,,,0
001386.SZ,20260709,14.05,6800,95540.0,,,0
001387.SZ,20260709,12.48,9400,117312.0,,,0
001388.SZ,20260709,25.62,1900,48678.0,,,0
001389.SZ,20260709,185.0,42100,7788500.0,,,0
001390.SZ,20260709,19.64,100100,1965964.0,,,0
001391.SZ,20260709,4.17,31200,130104.0,,,0
001393.SZ,20260709,47.87,4300,205841.0,,,0
001395.SZ,20260709,26.03,136080,3542162.4,,,0
001396.SZ,20260709,34.89,1300,45357.0,,,0
001399.SZ,20260709,36.66,1473900,54033174.0,,,0
001400.SZ,20260709,100.41,7240,726968.4,,,0
001696.SZ,20260709,17.72,271000,4802120.0,,,0
001872.SZ,20260709,21.12,5200,109824.0,,,0
001896.SZ,20260709,14.13,630500,8908965.0,,,0
001914.SZ,20260709,8.46,10100,85446.0,,,0
001965.SZ,20260709,9.57,42000,401940.0,,,0
001979.SZ,20260709,6.44,65200,419888.0,,,0
002001.SZ,20260709,28.8,76300,2197440.0,,,0
002003.SZ,20260709,8.78,10500,92190.0,,,0
002004.SZ,20260709,4.13,14600,60298.0,,,0
002005.SZ,20260709,2.36,79900,188564.0,,,0
002006.SZ,20260709,14.46,11300,163398.0,,,0
002007.SZ,20260709,12.62,16400,206968.0,,,0
002008.SZ,20260709,130.1,114600,14909460.0,,,0
002009.SZ,20260709,18.57,38500,714945.0,,,0
002010.SZ,20260709,4.58,44300,202894.0,,,0
002011.SZ,20260709,10.41,5600,58296.0,,,0
002012.SZ,20260709,6.05,11900,71995.0,,,0
002014.SZ,20260709,10.7,2000,21400.0,,,0
002015.SZ,20260709,14.2,405600,5759520.0,,,0
002016.SZ,20260709,3.97,31200,123864.0,,,0
002017.SZ,20260709,13.43,77100,1035453.0,,,0
002019.SZ,20260709,9.81,21200,207972.0,,,0
002020.SZ,20260709,13.92,441100,6140112.0,,,0
002021.SZ,20260709,2.31,184400,425964.0,,,0
002022.SZ,20260709,4.77,4300,20511.0,,,0
002023.SZ,20260709,11.6,51800,600880.0,,,0
002024.SZ,20260709,1.2,96700,116040.0,,,0
002025.SZ,20260709,86.54,969446,83895856.84,,,0
002026.SZ,20260709,10.66,10300,109798.0,,,0
002027.SZ,20260709,4.74,1314600,6231204.0,,,0
002028.SZ,20260709,158.02,37300,5894146.0,,,0
002029.SZ,20260709,7.8,339900,2651220.0,,,0
002030.SZ,20260709,5.01,15400,77154.0,,,0
002031.SZ,20260709,5.44,549600,2989824.0,,,0
002032.SZ,20260709,43.8,900,39420.0,,,0
002033.SZ,20260709,8.32,760600,6328192.0,,,0
002034.SZ,20260709,14.6,7000,102200.0,,,0
002035.SZ,20260709,4.53,17300,78369.0,,,0
002036.SZ,20260709,6.58,103000,677740.0,,,0
002037.SZ,20260709,6.0,17400,104400.0,,,0
002038.SZ,20260709,6.12,1679000,10275480.0,,,0
002039.SZ,20260709,19.36,60600,1173216.0,,,0
002040.SZ,20260709,7.53,23700,178461.0,,,0
002041.SZ,20260709,8.07,35000,282450.0,,,0
002042.SZ,20260709,3.62,677800,2453636.0,,,0
002043.SZ,20260709,11.18,6600,73788.0,,,0
002044.SZ,20260709,4.38,419600,1837848.0,,,0
002045.SZ,20260709,7.49,15700,117593.0,,,0
002046.SZ,20260709,62.25,68000,4233000.0,,,0
002047.SZ,20260709,4.03,49300,198679.0,,,0
002048.SZ,20260709,22.64,140300,3176392.0,,,0
002049.SZ,20260709,84.0,207600,17438400.0,,,0
002050.SZ,20260709,41.7,868680,36223956.0,,,0
002051.SZ,20260709,8.96,855160,7662233.6,,,0
002052.SZ,20260709,7.9,9200,72680.0,,,0
002053.SZ,20260709,9.03,27900,251937.0,,,0
002054.SZ,20260709,6.95,320600,2228170.0,,,0
002055.SZ,20260709,6.63,76100,504543.0,,,0
002056.SZ,20260709,29.66,1124500,33352670.0,,,0
002057.SZ,20260709,10.78,382000,4117960.0,,,0
002058.SZ,20260709,18.65,1500,27975.0,,,0
002059.SZ,20260709,4.26,118700,505662.0,,,0
002060.SZ,20260709,3.15,62400,196560.0,,,0
002061.SZ,20260709,3.53,80700,284871.0,,,0
002062.SZ,20260709,7.25,2300,16675.0,,,0
002063.SZ,20260709,5.15,98800,508820.0,,,0
002064.SZ,20260709,10.11,330600,3342366.0,,,0
002065.SZ,20260709,6.98,246200,1718476.0,,,0
002066.SZ,20260709,20.49,200,4098.0,,,0
002067.SZ,20260709,3.95,2689300,10622735.0,,,0
002068.SZ,20260709,11.39,191000,2175490.0,,,0
002069.SZ,20260709,3.06,15400,47124.0,,,0
002072.SZ,20260709,7.77,225600,1752912.0,,,0
002073.SZ,20260709,5.18,9700,50246.0,,,0
002074.SZ,20260709,25.6,169600,4341760.0,,,0
002075.SZ,20260709,3.34,14840,49565.6,,,0
002076.SZ,20260709,2.17,80500,174685.0,,,0
002077.SZ,20260709,19.4,523700,10159780.0,,,0
002078.SZ,20260709,12.65,26200,331430.0,,,0
002079.SZ,20260709,13.26,247800,3285828.0,,,0
002080.SZ,20260709,74.92,207800,15568376.0,,,0
002081.SZ,20260709,3.91,248800,972808.0,,,0
002082.SZ,20260709,12.66,170000,2152200.0,,,0
002083.SZ,20260709,9.33,139500,1301535.0,,,0
002084.SZ,20260709,3.73,248400,926532.0,,,0
002085.SZ,20260709,10.38,60900,632142.0,,,0
002086.SZ,20260709,1.74,19600,34104.0,,,0
002088.SZ,20260709,7.74,15700,121518.0,,,0
002090.SZ,20260709,9.05,23600,213580.0,,,0
002091.SZ,20260709,7.31,26100,190791.0,,,0
002092.SZ,20260709,3.88,122000,473360.0,,,0
002093.SZ,20260709,6.15,213200,1311180.0,,,0
002094.SZ,20260709,4.32,11700,50544.0,,,0
002095.SZ,20260709,12.83,5500,70565.0,,,0
002096.SZ,20260709,8.7,120900,1051830.0,,,0
002097.SZ,20260709,7.02,24800,174096.0,,,0
002098.SZ,20260709,6.44,600,3864.0,,,0
002099.SZ,20260709,5.1,44500,226950.0,,,0
002100.SZ,20260709,6.29,53700,337773.0,,,0
002101.SZ,20260709,9.32,15900,148188.0,,,0
002102.SZ,20260709,2.35,82000,192700.0,,,0
002103.SZ,20260709,5.99,3400,20366.0,,,0
002104.SZ,20260709,10.38,1688500,17526630.0,,,0
002105.SZ,20260709,4.89,9100,44499.0,,,0
002106.SZ,20260709,11.83,518100,6129123.0,,,0
002107.SZ,20260709,6.06,149300,904758.0,,,0
002108.SZ,20260709,4.01,102000,409020.0,,,0
002109.SZ,20260709,2.69,80000,215200.0,,,0
002110.SZ,20260709,2.9,10500,30450.0,,,0
002111.SZ,20260709,8.98,13800,123924.0,,,0
002112.SZ,20260709,15.12,23600,356832.0,,,0
002114.SZ,20260709,6.45,47800,308310.0,,,0
002115.SZ,20260709,9.64,171200,1650368.0,,,0
002116.SZ,20260709,6.84,800,5472.0,,,0
002117.SZ,20260709,8.0,1300,10400.0,,,0
002119.SZ,20260709,33.54,165800,5560932.0,,,0
002120.SZ,20260709,6.71,125200,840092.0,,,0
002121.SZ,20260709,4.85,52900,256565.0,,,0
002122.SZ,20260709,2.43,144800,351864.0,,,0
002123.SZ,20260709,8.28,495000,4098600.0,,,0
002124.SZ,20260709,2.25,429400,966150.0,,,0
002125.SZ,20260709,11.85,82100,972885.0,,,0
002126.SZ,20260709,52.5,36400,1911000.0,,,0
002127.SZ,20260709,2.73,62900,171717.0,,,0
002128.SZ,20260709,23.37,49300,1152141.0,,,0
002129.SZ,20260709,10.8,1497900,16177320.0,,,0
002130.SZ,20260709,17.48,50000,874000.0,,,0
002131.SZ,20260709,4.21,454400,1913024.0,,,0
002132.SZ,20260709,5.64,1220600,6884184.0,,,0
002133.SZ,20260709,2.43,31800,77274.0,,,0
002134.SZ,20260709,28.7,275900,7918330.0,,,0
002135.SZ,20260709,6.2,22200,137640.0,,,0
002136.SZ,20260709,12.28,7800,95784.0,,,0
002137.SZ,20260709,11.08,3822500,42353300.0,,,0
002138.SZ,20260709,57.5,191400,11005500.0,,,0
002139.SZ,20260709,9.88,103200,1019616.0,,,0
002140.SZ,20260709,8.84,90900,803556.0,,,0
002141.SZ,20260709,5.55,2139400,11873670.0,,,0
002142.SZ,20260709,30.81,91800,2828358.0,,,0
002144.SZ,20260709,9.85,34500,339825.0,,,0
002145.SZ,20260709,4.32,161800,698976.0,,,0
002146.SZ,20260709,1.07,515700,551799.0,,,0
002148.SZ,20260709,6.4,476000,3046400.0,,,0
002149.SZ,20260709,41.67,133300,5554611.0,,,0
002150.SZ,20260709,24.36,28700,699132.0,,,0
002151.SZ,20260709,29.62,16900,500578.0,,,0
002152.SZ,20260709,10.32,1835500,18942360.0,,,0
002153.SZ,20260709,7.51,92000,690920.0,,,0
002154.SZ,20260709,3.76,57600,216576.0,,,0
002155.SZ,20260709,22.89,892500,20429325.0,,,0
002156.SZ,20260709,66.92,673659,45081260.28,,,0
002157.SZ,20260709,2.91,1701200,4950492.0,,,0
002158.SZ,20260709,33.54,35600,1194024.0,,,0
002159.SZ,20260709,12.61,26300,331643.0,,,0
002160.SZ,20260709,3.53,20200,71306.0,,,0
002161.SZ,20260709,5.23,16000,83680.0,,,0
002162.SZ,20260709,3.54,5700,20178.0,,,0
002163.SZ,20260709,7.79,16800,130872.0,,,0
002164.SZ,20260709,11.21,72900,817209.0,,,0
002165.SZ,20260709,5.6,74200,415520.0,,,0
002166.SZ,20260709,6.25,15200,95000.0,,,0
002167.SZ,20260709,20.01,1004419,20098424.19,,,0
002168.SZ,20260709,3.66,20000,73200.0,,,0
002169.SZ,20260709,13.07,125000,1633750.0,,,0
002170.SZ,20260709,10.98,43000,472140.0,,,0
002171.SZ,20260709,11.8,448300,5289940.0,,,0
002172.SZ,20260709,2.89,123200,356048.0,,,0
002173.SZ,20260709,16.61,163100,2709091.0,,,0
002174.SZ,20260709,11.9,109700,1305430.0,,,0
002175.SZ,20260709,2.79,879600,2454084.0,,,0
002176.SZ,20260709,8.91,446000,3973860.0,,,0
002177.SZ,20260709,5.16,154800,798768.0,,,0
002178.SZ,20260709,4.25,11100,47175.0,,,0
002179.SZ,20260709,41.29,430686,17783024.94,,,0
002180.SZ,20260709,15.93,144200,2297106.0,,,0
002181.SZ,20260709,8.63,82200,709386.0,,,0
002182.SZ,20260709,13.17,106400,1401288.0,,,0
002183.SZ,20260709,4.58,110800,507464.0,,,0
002184.SZ,20260709,9.18,15300,140454.0,,,0
002185.SZ,20260709,21.75,5462100,118800675.0,,,0
002186.SZ,20260709,8.59,24400,209596.0,,,0
002187.SZ,20260709,4.76,54600,259896.0,,,0
002188.SZ,20260709,4.8,24501,117604.8,,,0
002189.SZ,20260709,19.49,2900,56521.0,,,0
002190.SZ,20260709,21.93,9600,210528.0,,,0
002191.SZ,20260709,3.73,8300,30959.0,,,0
002192.SZ,20260709,82.0,467822,38361404.0,,,0
002193.SZ,20260709,4.13,41100,169743.0,,,0
002194.SZ,20260709,8.69,283400,2462746.0,,,0
002195.SZ,20260709,6.07,197700,1200039.0,,,0
002196.SZ,20260709,11.86,148300,1758838.0,,,0
002197.SZ,20260709,5.67,107300,608391.0,,,0
002198.SZ,20260709,3.38,34000,114920.0,,,0
002199.SZ,20260709,12.19,1400,17066.0,,,0
002200.SZ,20260709,6.39,25900,165501.0,,,0
002201.SZ,20260709,8.62,53200,458584.0,,,0
002202.SZ,20260709,20.82,453500,9441870.0,,,0
002203.SZ,20260709,20.6,71900,1481140.0,,,0
002204.SZ,20260709,5.13,70900,363717.0,,,0
002205.SZ,20260709,10.22,40600,414932.0,,,0
002206.SZ,20260709,5.23,10900,57007.0,,,0
002207.SZ,20260709,6.0,443400,2660400.0,,,0
002208.SZ,20260709,19.1,4370100,83468910.0,,,0
002209.SZ,20260709,10.31,4700,48457.0,,,0
002210.SZ,20260709,2.1,26400,55440.0,,,0
002211.SZ,20260709,3.85,27000,103950.0,,,0
002212.SZ,20260709,5.58,216100,1205838.0,,,0
002213.SZ,20260709,32.0,33800,1081600.0,,,0
002214.SZ,20260709,13.5,115600,1560600.0,,,0
002215.SZ,20260709,8.61,10900,93849.0,,,0
002216.SZ,20260709,12.57,27600,346932.0,,,0
002217.SZ,20260709,1.74,2454700,4271178.0,,,0
002218.SZ,20260709,3.56,34200,121752.0,,,0
002219.SZ,20260709,1.81,28200,51042.0,,,0
002221.SZ,20260709,5.25,41600,218400.0,,,0
002222.SZ,20260709,77.92,54410,4239627.2,,,0
002223.SZ,20260709,25.51,33800,862238.0,,,0
002224.SZ,20260709,3.32,57800,191896.0,,,0
002225.SZ,20260709,4.04,141000,569640.0,,,0
002226.SZ,20260709,4.55,10900,49595.0,,,0
002227.SZ,20260709,6.35,47400,300990.0,,,0
002228.SZ,20260709,2.95,98800,291460.0,,,0
002229.SZ,20260709,9.78,192700,1884606.0,,,0
002230.SZ,20260709,40.77,325200,13258404.0,,,0
002232.SZ,20260709,14.26,106600,1520116.0,,,0
002233.SZ,20260709,7.7,33700,259490.0,,,0
002234.SZ,20260709,7.04,14800,104192.0,,,0
002235.SZ,20260709,8.72,9400,81968.0,,,0
002236.SZ,20260709,16.86,272389,4592478.54,,,0
002237.SZ,20260709,12.52,249600,3124992.0,,,0
002238.SZ,20260709,5.41,163000,881830.0,,,0
002239.SZ,20260709,2.39,104800,250472.0,,,0
002240.SZ,20260709,36.03,647100,23315013.0,,,0
002241.SZ,20260709,20.41,208600,4257526.0,,,0
002242.SZ,20260709,7.95,3300,26235.0,,,0
002243.SZ,20260709,6.45,36200,233490.0,,,0
002244.SZ,20260709,7.78,122200,950716.0,,,0
002245.SZ,20260709,20.11,587339,11811387.29,,,0
002246.SZ,20260709,17.49,25100,438999.0,,,0
002247.SZ,20260709,2.12,42600,90312.0,,,0
002248.SZ,20260709,8.62,64200,553404.0,,,0
002249.SZ,20260709,7.18,1953200,14023976.0,,,0
002250.SZ,20260709,13.84,94400,1306496.0,,,0
002251.SZ,20260709,3.33,272400,907092.0,,,0
002252.SZ,20260709,4.5,575800,2591100.0,,,0
002253.SZ,20260709,9.51,2500,23775.0,,,0
002254.SZ,20260709,13.96,170100,2374596.0,,,0
002255.SZ,20260709,8.58,34000,291720.0,,,0
002256.SZ,20260709,3.38,92300,311974.0,,,0
002258.SZ,20260709,13.41,42700,572607.0,,,0
002259.SZ,20260709,3.56,24200,86152.0,,,0
002261.SZ,20260709,30.0,1400900,42027000.0,,,0
002262.SZ,20260709,19.46,33600,653856.0,,,0
002263.SZ,20260709,2.93,226000,662180.0,,,0
002264.SZ,20260709,5.84,9500,55480.0,,,0
002265.SZ,20260709,16.77,18500,310245.0,,,0
002266.SZ,20260709,5.2,2539400,13204880.0,,,0
002267.SZ,20260709,6.98,19800,138204.0,,,0
002268.SZ,20260709,15.0,745427,11181405.0,,,0
002269.SZ,20260709,1.32,100500,132660.0,,,0
002270.SZ,20260709,18.12,46100,835332.0,,,0
002271.SZ,20260709,11.26,86500,973990.0,,,0
002272.SZ,20260709,21.88,67000,1465960.0,,,0
002273.SZ,20260709,32.61,448100,14612541.0,,,0
002274.SZ,20260709,5.43,3708200,20135526.0,,,0
002275.SZ,20260709,13.11,11100,145521.0,,,0
002276.SZ,20260709,9.71,5800,56318.0,,,0
002277.SZ,20260709,5.81,28000,162680.0,,,0
002278.SZ,20260709,7.34,28800,211392.0,,,0
002279.SZ,20260709,5.58,112400,627192.0,,,0
002281.SZ,20260709,224.01,263997,59137967.97,,,0
002282.SZ,20260709,5.63,18600,104718.0,,,0
002283.SZ,20260709,9.46,127600,1207096.0,,,0
002284.SZ,20260709,9.53,7900,75287.0,,,0
002285.SZ,20260709,1.97,33700,66389.0,,,0
002286.SZ,20260709,8.13,1900,15447.0,,,0
002287.SZ,20260709,20.0,7300,146000.0,,,0
002289.SZ,20260709,45.15,27300,1232595.0,,,0
002290.SZ,20260709,79.63,16000,1274080.0,,,0
002291.SZ,20260709,4.61,24300,112023.0,,,0
002292.SZ,20260709,7.28,848400,6176352.0,,,0
002293.SZ,20260709,10.88,40100,436288.0,,,0
002294.SZ,20260709,35.97,892768,32112864.96,,,0
002295.SZ,20260709,8.33,800,6664.0,,,0
002296.SZ,20260709,8.77,15900,139443.0,,,0
002297.SZ,20260709,24.51,356400,8735364.0,,,0
002298.SZ,20260709,6.94,30200,209588.0,,,0
002299.SZ,20260709,15.7,22800,357960.0,,,0
002300.SZ,20260709,6.2,80900,501580.0,,,0
002301.SZ,20260709,8.19,48450,396805.5,,,0
002302.SZ,20260709,4.32,4300,18576.0,,,0
002303.SZ,20260709,4.04,1119900,4524396.0,,,0
002304.SZ,20260709,38.0,22200,843600.0,,,0
002305.SZ,20260709,1.98,88300,174834.0,,,0
002306.SZ,20260709,1.95,67900,132405.0,,,0
002307.SZ,20260709,2.92,48700,142204.0,,,0
002309.SZ,20260709,2.46,182600,449196.0,,,0
002310.SZ,20260709,2.1,461500,969150.0,,,0
002311.SZ,20260709,45.38,24200,1098196.0,,,0
002312.SZ,20260709,8.37,391201,3274352.37,,,0
002313.SZ,20260709,7.6,92500,703000.0,,,0
002314.SZ,20260709,2.0,20500,41000.0,,,0
002315.SZ,20260709,23.24,17600,409024.0,,,0
002316.SZ,20260709,3.95,89601,353923.95,,,0
002317.SZ,20260709,25.89,846300,21910707.0,,,0
002318.SZ,20260709,20.9,35900,750310.0,,,0
002319.SZ,20260709,10.83,4700,50901.0,,,0
002320.SZ,20260709,6.23,14800,92204.0,,,0
002321.SZ,20260709,1.82,8500,15470.0,,,0
002322.SZ,20260709,9.86,3200,31552.0,,,0
002323.SZ,20260709,1.46,583800,852348.0,,,0
002324.SZ,20260709,10.43,12600,131418.0,,,0
002326.SZ,20260709,21.31,305800,6516598.0,,,0
002327.SZ,20260709,6.29,4700,29563.0,,,0
002328.SZ,20260709,7.07,107000,756490.0,,,0
002329.SZ,20260709,3.27,208800,682776.0,,,0
002330.SZ,20260709,3.57,36500,130305.0,,,0
002331.SZ,20260709,6.74,31000,208940.0,,,0
002332.SZ,20260709,8.26,12400,102424.0,,,0
002333.SZ,20260709,4.92,3500,17220.0,,,0
002334.SZ,20260709,6.94,35300,244982.0,,,0
002335.SZ,20260709,36.48,196500,7168320.0,,,0
002337.SZ,20260709,4.34,2700,11718.0,,,0
002338.SZ,20260709,52.17,8300,433011.0,,,0
002339.SZ,20260709,6.55,9400,61570.0,,,0
002340.SZ,20260709,6.61,381900,2524359.0,,,0
002342.SZ,20260709,9.74,604045,5883398.3,,,0
002343.SZ,20260709,4.45,22600,100570.0,,,0
002344.SZ,20260709,3.59,15500,55645.0,,,0
002345.SZ,20260709,10.0,427100,4271000.0,,,0
002346.SZ,20260709,18.06,1900,34314.0,,,0
002347.SZ,20260709,5.47,47600,260372.0,,,0
002348.SZ,20260709,10.99,42500,467075.0,,,0
002349.SZ,20260709,6.48,55600,360288.0,,,0
002350.SZ,20260709,15.23,549500,8368885.0,,,0
002351.SZ,20260709,9.12,7900,72048.0,,,0
002352.SZ,20260709,32.43,34800,1128564.0,,,0
002353.SZ,20260709,161.86,48700,7882582.0,,,0
002354.SZ,20260709,8.0,4260496,34083968.0,,,0
002355.SZ,20260709,4.09,5100,20859.0,,,0
002356.SZ,20260709,2.64,33200,87648.0,,,0
002357.SZ,20260709,8.59,27700,237943.0,,,0
002358.SZ,20260709,5.28,11500,60720.0,,,0
002360.SZ,20260709,5.14,3200,16448.0,,,0
002361.SZ,20260709,11.39,281900,3210841.0,,,0
002362.SZ,20260709,14.72,18900,278208.0,,,0
002363.SZ,20260709,6.03,1900,11457.0,,,0
002364.SZ,20260709,49.83,206400,10284912.0,,,0
002365.SZ,20260709,10.31,4600,47426.0,,,0
002366.SZ,20260709,5.15,147100,757565.0,,,0
002367.SZ,20260709,6.21,14700,91287.0,,,0
002368.SZ,20260709,13.8,71700,989460.0,,,0
002369.SZ,20260709,5.18,5000,25900.0,,,0
002370.SZ,20260709,5.36,96000,514560.0,,,0
002371.SZ,20260709,817.42,162515,132843011.3,,,0
002372.SZ,20260709,8.16,184400,1504704.0,,,0
002373.SZ,20260709,7.04,110200,775808.0,,,0
002374.SZ,20260709,2.96,24300,71928.0,,,0
002375.SZ,20260709,3.39,67200,227808.0,,,0
002376.SZ,20260709,5.81,22600,131306.0,,,0
002377.SZ,20260709,2.78,167300,465094.0,,,0
002378.SZ,20260709,27.84,176000,4899840.0,,,0
002379.SZ,20260709,14.17,29100,412347.0,,,0
002380.SZ,20260709,32.0,5600,179200.0,,,0
002381.SZ,20260709,5.28,8200,43296.0,,,0
002382.SZ,20260709,5.13,7300,37449.0,,,0
002383.SZ,20260709,6.7,5600,37520.0,,,0
002384.SZ,20260709,242.0,860360,208207120.0,,,0
002385.SZ,20260709,2.89,219600,634644.0,,,0
002386.SZ,20260709,5.86,95000,556700.0,,,0
002387.SZ,20260709,8.0,89200,713600.0,,,0
002388.SZ,20260709,4.63,133200,616716.0,,,0
002389.SZ,20260709,17.58,34400,604752.0,,,0
002390.SZ,20260709,2.71,21100,57181.0,,,0
002391.SZ,20260709,5.1,21600,110160.0,,,0
002392.SZ,20260709,7.45,145900,1086955.0,,,0
002393.SZ,20260709,14.56,8300,120848.0,,,0
002394.SZ,20260709,9.53,7500,71475.0,,,0
002395.SZ,20260709,12.3,3500,43050.0,,,0
002396.SZ,20260709,27.0,3191600,86173200.0,,,0
002397.SZ,20260709,3.67,6600,24222.0,,,0
002398.SZ,20260709,3.73,15800,58934.0,,,0
002399.SZ,20260709,9.3,67000,623100.0,,,0
002400.SZ,20260709,5.87,113000,663310.0,,,0
002401.SZ,20260709,11.43,23500,268605.0,,,0
002402.SZ,20260709,23.8,99700,2372860.0,,,0
002403.SZ,20260709,9.83,73800,725454.0,,,0
002404.SZ,20260709,5.74,11600,66584.0,,,0
002405.SZ,20260709,6.39,91900,587241.0,,,0
002406.SZ,20260709,7.01,194100,1360641.0,,,0
002407.SZ,20260709,42.83,1421700,60891411.0,,,0
002408.SZ,20260709,4.81,48600,233766.0,,,0
002409.SZ,20260709,196.52,421261,82786211.72,,,0
002410.SZ,20260709,8.16,80700,658512.0,,,0
002412.SZ,20260709,5.89,26800,157852.0,,,0
002413.SZ,20260709,8.66,121600,1053056.0,,,0
002414.SZ,20260709,13.31,6304920,83918485.2,,,0
002415.SZ,20260709,33.9,598100,20275590.0,,,0
002416.SZ,20260709,8.73,32600,284598.0,,,0
002418.SZ,20260709,3.53,85800,302874.0,,,0
002419.SZ,20260709,4.3,8800,37840.0,,,0
002420.SZ,20260709,5.25,304000,1596000.0,,,0
002421.SZ,20260709,3.08,470700,1449756.0,,,0
002422.SZ,20260709,41.49,488600,20272014.0,,,0
002423.SZ,20260709,8.69,35800,311102.0,,,0
002424.SZ,20260709,4.46,1000,4460.0,,,0
002425.SZ,20260709,2.61,29500,76995.0,,,0
002426.SZ,20260709,3.39,660100,2237739.0,,,0
002427.SZ,20260709,4.41,555700,2450637.0,,,0
002428.SZ,20260709,100.05,654028,65435501.4,,,0
002429.SZ,20260709,10.8,817000,8823600.0,,,0
002430.SZ,20260709,25.23,84400,2129412.0,,,0
002431.SZ,20260709,1.33,425900,566447.0,,,0
002432.SZ,20260709,59.46,48300,2871918.0,,,0
002434.SZ,20260709,6.02,93600,563472.0,,,0
002436.SZ,20260709,41.5,456000,18924000.0,,,0
002437.SZ,20260709,2.87,1076200,3088694.0,,,0
002438.SZ,20260709,13.45,19600,263620.0,,,0
002439.SZ,20260709,13.29,614700,8169363.0,,,0
002440.SZ,20260709,9.54,186700,1781118.0,,,0
002441.SZ,20260709,7.55,17600,132880.0,,,0
002442.SZ,20260709,4.96,30600,151776.0,,,0
002443.SZ,20260709,9.79,87600,857604.0,,,0
002444.SZ,20260709,31.0,272700,8453700.0,,,0
002445.SZ,20260709,2.71,207800,563138.0,,,0
002446.SZ,20260709,10.2,248900,2538780.0,,,0
002448.SZ,20260709,11.79,16800,198072.0,,,0
002449.SZ,20260709,6.77,23300,157741.0,,,0
002451.SZ,20260709,6.8,7900,53720.0,,,0
002452.SZ,20260709,12.06,905600,10921536.0,,,0
002453.SZ,20260709,4.05,58200,235710.0,,,0
002454.SZ,20260709,4.79,35300,169087.0,,,0
002455.SZ,20260709,6.66,201600,1342656.0,,,0
002456.SZ,20260709,8.81,429900,3787419.0,,,0
002457.SZ,20260709,15.16,1175100,17814516.0,,,0
002458.SZ,20260709,8.21,1390800,11418468.0,,,0
002459.SZ,20260709,7.5,148400,1113000.0,,,0
002460.SZ,20260709,56.0,582942,32644752.0,,,0
002461.SZ,20260709,7.81,3000,23430.0,,,0
002462.SZ,20260709,11.1,1700,18870.0,,,0
002463.SZ,20260709,131.99,483400,63803966.0,,,0
002465.SZ,20260709,12.08,762700,9213416.0,,,0
002466.SZ,20260709,52.33,576000,30142080.0,,,0
002467.SZ,20260709,4.7,4917000,23109900.0,,,0
002468.SZ,20260709,16.23,94200,1528866.0,,,0
002469.SZ,20260709,5.53,6000,33180.0,,,0
002470.SZ,20260709,1.89,250800,474012.0,,,0
002471.SZ,20260709,5.46,177700,970242.0,,,0
002472.SZ,20260709,42.72,599000,25589280.0,,,0
002474.SZ,20260709,5.6,55700,311920.0,,,0
002475.SZ,20260709,62.8,665300,41780840.0,,,0
002476.SZ,20260709,4.5,3800,17100.0,,,0
002478.SZ,20260709,5.98,16700,99866.0,,,0
002479.SZ,20260709,4.36,800900,3491924.0,,,0
002480.SZ,20260709,5.06,13600,68816.0,,,0
002481.SZ,20260709,3.98,73700,293326.0,,,0
002482.SZ,20260709,1.19,260000,309400.0,,,0
002483.SZ,20260709,4.97,23100,114807.0,,,0
002484.SZ,20260709,86.94,191500,16649010.0,,,0
002485.SZ,20260709,5.95,140000,833000.0,,,0
002486.SZ,20260709,2.28,130600,297768.0,,,0
002487.SZ,20260709,47.0,77900,3661300.0,,,0
002488.SZ,20260709,8.92,18100,161452.0,,,0
002489.SZ,20260709,2.71,46600,126286.0,,,0
002490.SZ,20260709,7.36,2461600,18117376.0,,,0
002491.SZ,20260709,22.95,1216700,27923265.0,,,0
002492.SZ,20260709,5.19,21700,112623.0,,,0
002493.SZ,20260709,11.11,172600,1917586.0,,,0
002494.SZ,20260709,4.5,11901,53554.5,,,0
002495.SZ,20260709,2.11,176100,371571.0,,,0
002496.SZ,20260709,2.06,25300,52118.0,,,0
002497.SZ,20260709,21.8,1880400,40992720.0,,,0
002498.SZ,20260709,5.98,75900,453882.0,,,0
002500.SZ,20260709,5.32,51700,275044.0,,,0
002501.SZ,20260709,1.28,503000,643840.0,,,0
002506.SZ,20260709,2.6,664400,1727440.0,,,0
002507.SZ,20260709,11.22,10600,118932.0,,,0
002508.SZ,20260709,15.0,2600,39000.0,,,0
002510.SZ,20260709,5.3,77100,408630.0,,,0
002511.SZ,20260709,6.99,44400,310356.0,,,0
002512.SZ,20260709,3.42,765200,2616984.0,,,0
002513.SZ,20260709,4.69,22800,106932.0,,,0
002514.SZ,20260709,1.93,1668900,3220977.0,,,0
002515.SZ,20260709,8.89,52500,466725.0,,,0
002516.SZ,20260709,5.22,67500,352350.0,,,0
002517.SZ,20260709,16.2,704900,11419380.0,,,0
002518.SZ,20260709,41.53,164400,6827532.0,,,0
002519.SZ,20260709,5.33,101600,541528.0,,,0
002520.SZ,20260709,6.41,2039692,13074425.72,,,0
002521.SZ,20260709,7.23,22700,164121.0,,,0
002522.SZ,20260709,5.31,249800,1326438.0,,,0
002523.SZ,20260709,2.91,42300,123093.0,,,0
002524.SZ,20260709,3.46,27100,93766.0,,,0
002526.SZ,20260709,2.53,25900,65527.0,,,0
002527.SZ,20260709,12.01,38600,463586.0,,,0
002528.SZ,20260709,4.37,28700,125419.0,,,0
002529.SZ,20260709,6.71,6800,45628.0,,,0
002530.SZ,20260709,6.66,16800,111888.0,,,0
002531.SZ,20260709,7.55,13600,102680.0,,,0
002532.SZ,20260709,10.95,311500,3410925.0,,,0
002533.SZ,20260709,10.44,6400,66816.0,,,0
002534.SZ,20260709,15.84,426727,6759355.68,,,0
002535.SZ,20260709,2.24,103100,230944.0,,,0
002536.SZ,20260709,51.51,244339,12585901.89,,,0
002537.SZ,20260709,5.25,30100,158025.0,,,0
002538.SZ,20260709,6.25,83600,522500.0,,,0
002539.SZ,20260709,10.95,31100,340545.0,,,0
002540.SZ,20260709,4.77,1500,7155.0,,,0
002541.SZ,20260709,18.78,48300,907074.0,,,0
002542.SZ,20260709,1.33,2204600,2932118.0,,,0
002543.SZ,20260709,6.41,78600,503826.0,,,0
002544.SZ,20260709,16.81,18000,302580.0,,,0
002545.SZ,20260709,17.09,113700,1943133.0,,,0
002546.SZ,20260709,7.27,2205300,16032531.0,,,0
002547.SZ,20260709,2.3,723800,1664740.0,,,0
002548.SZ,20260709,3.86,390300,1506558.0,,,0
002549.SZ,20260709,16.38,138700,2271906.0,,,0
002550.SZ,20260709,6.57,98800,649116.0,,,0
002551.SZ,20260709,2.77,24000,66480.0,,,0
002552.SZ,20260709,60.57,350800,21247956.0,,,0
002553.SZ,20260709,15.31,5500,84205.0,,,0
002554.SZ,20260709,2.99,220000,657800.0,,,0
002555.SZ,20260709,18.5,153900,2847150.0,,,0
002556.SZ,20260709,4.57,21700,99169.0,,,0
002557.SZ,20260709,20.0,34100,682000.0,,,0
002558.SZ,20260709,27.55,1074300,29596965.0,,,0
002559.SZ,20260709,12.26,698800,8567288.0,,,0
002560.SZ,20260709,6.74,120300,810822.0,,,0
002561.SZ,20260709,6.32,14500,91640.0,,,0
002562.SZ,20260709,4.28,53100,227268.0,,,0
002563.SZ,20260709,5.67,14600,82782.0,,,0
002564.SZ,20260709,4.18,53100,221958.0,,,0
002565.SZ,20260709,10.39,122600,1273814.0,,,0
002566.SZ,20260709,5.96,9900,59004.0,,,0
002567.SZ,20260709,3.47,263000,912610.0,,,0
002568.SZ,20260709,16.07,40100,644407.0,,,0
002569.SZ,20260709,,0,0.0,,,0
002570.SZ,20260709,4.0,11100,44400.0,,,0
002571.SZ,20260709,9.95,5900,58705.0,,,0
002572.SZ,20260709,7.7,37900,291830.0,,,0
002573.SZ,20260709,3.07,4100,12587.0,,,0
002574.SZ,20260709,4.18,7600,31768.0,,,0
002575.SZ,20260709,4.74,214900,1018626.0,,,0
002576.SZ,20260709,13.78,7200,99216.0,,,0
002577.SZ,20260709,18.74,39900,747726.0,,,0
002578.SZ,20260709,2.99,34200,102258.0,,,0
002579.SZ,20260709,16.91,238200,4027962.0,,,0
002580.SZ,20260709,18.13,330500,5991965.0,,,0
002581.SZ,20260709,3.13,30800,96404.0,,,0
002582.SZ,20260709,8.72,36700,320024.0,,,0
002583.SZ,20260709,7.85,16300,127955.0,,,0
002584.SZ,20260709,9.39,520000,4882800.0,,,0
002585.SZ,20260709,10.77,838300,9028491.0,,,0
002586.SZ,20260709,3.62,200,724.0,,,0
002587.SZ,20260709,5.9,460600,2717540.0,,,0
002588.SZ,20260709,8.22,34100,280302.0,,,0
002589.SZ,20260709,2.57,44500,114365.0,,,0
002590.SZ,20260709,9.7,6200,60140.0,,,0
002591.SZ,20260709,6.21,312801,1942494.21,,,0
002592.SZ,20260709,6.2,7400,45880.0,,,0
002593.SZ,20260709,3.98,7200,28656.0,,,0
002594.SZ,20260709,86.5,341900,29574350.0,,,0
002595.SZ,20260709,45.65,1335,60942.75,,,0
002596.SZ,20260709,2.77,278500,771445.0,,,0
002597.SZ,20260709,18.99,11800,224082.0,,,0
002598.SZ,20260709,6.83,23300,159139.0,,,0
002599.SZ,20260709,5.27,1100,5797.0,,,0
002600.SZ,20260709,15.15,886200,13425930.0,,,0
002601.SZ,20260709,16.02,29000,464580.0,,,0
002602.SZ,20260709,14.11,367700,5188247.0,,,0
002603.SZ,20260709,15.3,86600,1324980.0,,,0
002605.SZ,20260709,19.7,49100,967270.0,,,0
002606.SZ,20260709,12.4,50500,626200.0,,,0
002607.SZ,20260709,1.98,6966900,13794462.0,,,0
002608.SZ,20260709,6.72,80800,542976.0,,,0
002609.SZ,20260709,7.17,1300,9321.0,,,0
002611.SZ,20260709,17.02,84400,1436488.0,,,0
002612.SZ,20260709,10.9,3700,40330.0,,,0
002613.SZ,20260709,3.3,136000,448800.0,,,0
002614.SZ,20260709,4.53,4100,18573.0,,,0
002615.SZ,20260709,7.05,18500,130425.0,,,0
002616.SZ,20260709,4.61,12000,55320.0,,,0
002617.SZ,20260709,9.31,1126600,10488646.0,,,0
002620.SZ,20260709,5.31,26800,142308.0,,,0
002622.SZ,20260709,2.08,30700,63856.0,,,0
002623.SZ,20260709,14.95,12400,185380.0,,,0
002624.SZ,20260709,10.99,708400,7785316.0,,,0
002625.SZ,20260709,29.3,75400,2209220.0,,,0
002626.SZ,20260709,13.73,8400,115332.0,,,0
002627.SZ,20260709,5.77,383600,2213372.0,,,0
002628.SZ,20260709,5.2,17900,93080.0,,,0
002629.SZ,20260709,4.4,7200,31680.0,,,0
002630.SZ,20260709,1.66,50400,83664.0,,,0
002631.SZ,20260709,10.04,63900,641556.0,,,0
002632.SZ,20260709,9.15,2029900,18573585.0,,,0
002633.SZ,20260709,14.84,8800,130592.0,,,0
002634.SZ,20260709,4.32,74100,320112.0,,,0
002635.SZ,20260709,18.06,362400,6544944.0,,,0
002636.SZ,20260709,97.92,378877,37099635.84,,,0
002637.SZ,20260709,10.48,105200,1102496.0,,,0
002638.SZ,20260709,3.7,40800,150960.0,,,0
002639.SZ,20260709,12.1,54100,654610.0,,,0
002640.SZ,20260709,2.9,418200,1212780.0,,,0
002641.SZ,20260709,4.0,29500,118000.0,,,0
002642.SZ,20260709,6.69,577600,3864144.0,,,0
002643.SZ,20260709,18.89,192300,3632547.0,,,0
002644.SZ,20260709,7.19,7400,53206.0,,,0
002645.SZ,20260709,22.85,206972,4729310.2,,,0
002646.SZ,20260709,6.34,6000,38040.0,,,0
002647.SZ,20260709,11.46,119800,1372908.0,,,0
002648.SZ,20260709,23.05,170000,3918500.0,,,0
002649.SZ,20260709,8.21,35800,293918.0,,,0
002650.SZ,20260709,6.14,100,614.0,,,0
002651.SZ,20260709,7.32,8000,58560.0,,,0
002652.SZ,20260709,4.14,438000,1813320.0,,,0
002653.SZ,20260709,63.13,368900,23288657.0,,,0
002654.SZ,20260709,17.73,1121776,19889088.48,,,0
002655.SZ,20260709,37.95,44100,1673595.0,,,0
002656.SZ,20260709,2.86,41900,119834.0,,,0
002657.SZ,20260709,15.99,243400,3891966.0,,,0
002658.SZ,20260709,7.2,36100,259920.0,,,0
002659.SZ,20260709,3.79,42300,160317.0,,,0
002660.SZ,20260709,6.2,4500,27900.0,,,0
002661.SZ,20260709,7.27,1500,10905.0,,,0
002662.SZ,20260709,3.42,24000,82080.0,,,0
002663.SZ,20260709,1.43,260600,372658.0,,,0
002664.SZ,20260709,17.41,8400,146244.0,,,0
002666.SZ,20260709,3.85,5600,21560.0,,,0
002667.SZ,20260709,10.82,545600,5903392.0,,,0
002668.SZ,20260709,10.5,48000,504000.0,,,0
002669.SZ,20260709,14.1,111700,1574970.0,,,0
002670.SZ,20260709,11.45,88000,1007600.0,,,0
002671.SZ,20260709,3.8,33800,128440.0,,,0
002672.SZ,20260709,3.4,85800,291720.0,,,0
002673.SZ,20260709,6.53,59300,387229.0,,,0
002674.SZ,20260709,28.5,819400,23352900.0,,,0
002675.SZ,20260709,12.5,12700,158750.0,,,0
002676.SZ,20260709,4.9,235000,1151500.0,,,0
002677.SZ,20260709,6.92,554800,3839216.0,,,0
002678.SZ,20260709,4.15,3100,12865.0,,,0
002679.SZ,20260709,7.89,3200,25248.0,,,0
002681.SZ,20260709,4.22,131100,553242.0,,,0
002682.SZ,20260709,4.14,47100,194994.0,,,0
002683.SZ,20260709,28.58,8000,228640.0,,,0
002685.SZ,20260709,5.65,73200,413580.0,,,0
002686.SZ,20260709,5.46,10200,55692.0,,,0
002687.SZ,20260709,5.3,20300,107590.0,,,0
002688.SZ,20260709,4.88,15300,74664.0,,,0
002689.SZ,20260709,2.62,15700,41134.0,,,0
002690.SZ,20260709,14.39,4200,60438.0,,,0
002691.SZ,20260709,4.15,17500,72625.0,,,0
002692.SZ,20260709,3.61,20400,73644.0,,,0
002693.SZ,20260709,9.25,401600,3714800.0,,,0
002694.SZ,20260709,2.09,38900,81301.0,,,0
002695.SZ,20260709,10.41,1100,11451.0,,,0
002696.SZ,20260709,5.18,41600,215488.0,,,0
002697.SZ,20260709,4.37,20500,89585.0,,,0
002698.SZ,20260709,12.15,41800,507870.0,,,0
002700.SZ,20260709,5.74,56600,324884.0,,,0
002701.SZ,20260709,4.71,187700,884067.0,,,0
002702.SZ,20260709,4.43,47900,212197.0,,,0
002703.SZ,20260709,13.08,62000,810960.0,,,0
002705.SZ,20260709,11.26,31900,359194.0,,,0
002706.SZ,20260709,9.75,30900,301275.0,,,0
002707.SZ,20260709,4.76,570800,2717008.0,,,0
002708.SZ,20260709,11.3,60400,682520.0,,,0
002709.SZ,20260709,44.08,790803,34858596.24,,,0
002712.SZ,20260709,4.11,54700,224817.0,,,0
002713.SZ,20260709,11.31,30500,344955.0,,,0
002714.SZ,20260709,36.95,1098200,40578490.0,,,0
002715.SZ,20260709,15.02,21600,324432.0,,,0
002716.SZ,20260709,7.57,2225900,16850063.0,,,0
002717.SZ,20260709,1.05,1144900,1202145.0,,,0
002718.SZ,20260709,98.0,800,78400.0,,,0
002719.SZ,20260709,5.55,41600,230880.0,,,0
002721.SZ,20260709,2.19,186300,407997.0,,,0
002722.SZ,20260709,11.84,7300,86432.0,,,0
002723.SZ,20260709,8.3,7900,65570.0,,,0
002724.SZ,20260709,4.75,23200,110200.0,,,0
002725.SZ,20260709,10.93,6600,72138.0,,,0
002726.SZ,20260709,1.46,3923200,5727872.0,,,0
002727.SZ,20260709,10.25,6100,62525.0,,,0
002728.SZ,20260709,9.02,240300,2167506.0,,,0
002729.SZ,20260709,14.5,40600,588700.0,,,0
002730.SZ,20260709,26.37,3200,84384.0,,,0
002731.SZ,20260709,3.18,116900,371742.0,,,0
002732.SZ,20260709,,0,0.0,,,0
002733.SZ,20260709,22.57,355500,8023635.0,,,0
002734.SZ,20260709,16.2,15300,247860.0,,,0
002735.SZ,20260709,12.67,75600,957852.0,,,0
002736.SZ,20260709,10.17,144500,1469565.0,,,0
002737.SZ,20260709,12.42,7600,94392.0,,,0
002738.SZ,20260709,56.99,267100,15222029.0,,,0
002739.SZ,20260709,9.9,1177000,11652300.0,,,0
002741.SZ,20260709,31.72,118880,3770873.6,,,0
002742.SZ,20260709,3.44,118300,406952.0,,,0
002743.SZ,20260709,3.85,38900,149765.0,,,0
002745.SZ,20260709,12.1,1044100,12633610.0,,,0
002746.SZ,20260709,5.34,11100,59274.0,,,0
002747.SZ,20260709,39.69,4866100,193135509.0,,,0
002748.SZ,20260709,11.61,98800,1147068.0,,,0
002749.SZ,20260709,7.9,3800,30020.0,,,0
002752.SZ,20260709,6.19,31400,194366.0,,,0
002753.SZ,20260709,5.93,4000,23720.0,,,0
002755.SZ,20260709,14.2,116300,1651460.0,,,0
002756.SZ,20260709,53.14,125200,6653128.0,,,0
002757.SZ,20260709,18.22,559000,10184980.0,,,0
002758.SZ,20260709,7.9,13488,106555.2,,,0
002759.SZ,20260709,21.28,166000,3532480.0,,,0
002760.SZ,20260709,16.21,5900,95639.0,,,0
002761.SZ,20260709,6.95,49200,341940.0,,,0
002762.SZ,20260709,8.14,8200,66748.0,,,0
002763.SZ,20260709,7.04,15400,108416.0,,,0
002765.SZ,20260709,7.3,58500,427050.0,,,0
002766.SZ,20260709,3.49,10600,36994.0,,,0
002767.SZ,20260709,17.72,134600,2385112.0,,,0
002768.SZ,20260709,58.5,189676,11096046.0,,,0
002769.SZ,20260709,6.33,67400,426642.0,,,0
002771.SZ,20260709,13.23,18600,246078.0,,,0
002772.SZ,20260709,12.8,42600,545280.0,,,0
002773.SZ,20260709,22.11,171900,3800709.0,,,0
002774.SZ,20260709,13.64,92100,1256244.0,,,0
002775.SZ,20260709,3.27,7300,23871.0,,,0
002777.SZ,20260709,12.06,21200,255672.0,,,0
002778.SZ,20260709,14.91,4100,61131.0,,,0
002779.SZ,20260709,74.26,6300,467838.0,,,0
002780.SZ,20260709,12.21,47000,573870.0,,,0
002782.SZ,20260709,17.58,37000,650460.0,,,0
002783.SZ,20260709,7.13,4800,34224.0,,,0
002785.SZ,20260709,38.2,1000,38200.0,,,0
002786.SZ,20260709,7.55,11300,85315.0,,,0
002787.SZ,20260709,27.85,67500,1879875.0,,,0
002788.SZ,20260709,9.97,409700,4084709.0,,,0
002789.SZ,20260709,10.54,18600,196044.0,,,0
002790.SZ,20260709,5.54,3700,20498.0,,,0
002791.SZ,20260709,14.76,87100,1285596.0,,,0
002792.SZ,20260709,31.7,40200,1274340.0,,,0
002793.SZ,20260709,4.45,909600,4047720.0,,,0
002795.SZ,20260709,6.34,2100,13314.0,,,0
002796.SZ,20260709,32.63,19500,636285.0,,,0
002797.SZ,20260709,6.51,193400,1259034.0,,,0
002798.SZ,20260709,5.28,22300,117744.0,,,0
002799.SZ,20260709,5.91,7600,44916.0,,,0
002800.SZ,20260709,12.16,9400,114304.0,,,0
002801.SZ,20260709,27.66,5600,154896.0,,,0
002802.SZ,20260709,10.27,17800,182806.0,,,0
002803.SZ,20260709,23.31,7000,163170.0,,,0
002805.SZ,20260709,24.42,171200,4180704.0,,,0
002806.SZ,20260709,16.28,1800,29304.0,,,0
002807.SZ,20260709,3.89,272010,1058118.9,,,0
002808.SZ,20260709,0.19,185300,35207.0,,,0
002809.SZ,20260709,7.31,12500,91375.0,,,0
002810.SZ,20260709,20.84,183600,3826224.0,,,0
002811.SZ,20260709,10.78,15100,162778.0,,,0
002812.SZ,20260709,59.01,787586,46475449.86,,,0
002813.SZ,20260709,18.59,2900,53911.0,,,0
002815.SZ,20260709,15.63,248800,3888744.0,,,0
002816.SZ,20260709,28.0,2400,67200.0,,,0
002817.SZ,20260709,5.93,60900,361137.0,,,0
002818.SZ,20260709,10.45,9500,99275.0,,,0
002819.SZ,20260709,20.05,2700,54135.0,,,0
002820.SZ,20260709,8.48,13000,110240.0,,,0
002821.SZ,20260709,149.3,271195,40489413.5,,,0
002822.SZ,20260709,3.12,316100,986232.0,,,0
002823.SZ,20260709,13.74,8100,111294.0,,,0
002824.SZ,20260709,30.98,55300,1713194.0,,,0
002825.SZ,20260709,8.1,13000,105300.0,,,0
002826.SZ,20260709,16.53,21000,347130.0,,,0
002827.SZ,20260709,22.9,10400,238160.0,,,0
002828.SZ,20260709,12.33,565500,6972615.0,,,0
002829.SZ,20260709,17.73,505700,8966061.0,,,0
002830.SZ,20260709,17.56,100100,1757756.0,,,0
002831.SZ,20260709,29.99,9700,290903.0,,,0
002832.SZ,20260709,20.08,7100,142568.0,,,0
002833.SZ,20260709,17.12,31200,534144.0,,,0
002835.SZ,20260709,11.41,400,4564.0,,,0
002836.SZ,20260709,9.17,13000,119210.0,,,0
002837.SZ,20260709,73.44,267120,19617292.8,,,0
002838.SZ,20260709,31.72,6400,203008.0,,,0
002839.SZ,20260709,4.13,100100,413413.0,,,0
002840.SZ,20260709,7.6,116300,883880.0,,,0
002841.SZ,20260709,45.11,951317,42913909.87,,,0
002842.SZ,20260709,36.4,193200,7032480.0,,,0
002843.SZ,20260709,22.85,95400,2179890.0,,,0
002845.SZ,20260709,14.68,164300,2411924.0,,,0
002846.SZ,20260709,10.0,3400,34000.0,,,0
002847.SZ,20260709,46.0,5500,253000.0,,,0
002848.SZ,20260709,13.72,13900,190708.0,,,0
002849.SZ,20260709,15.4,9400,144760.0,,,0
002850.SZ,20260709,196.51,28000,5502280.0,,,0
002851.SZ,20260709,149.98,348400,52253032.0,,,0
002852.SZ,20260709,7.42,1600,11872.0,,,0
002853.SZ,20260709,20.62,10100,208262.0,,,0
002855.SZ,20260709,8.97,8200,73554.0,,,0
002856.SZ,20260709,18.03,193201,3483414.03,,,0
002857.SZ,20260709,15.89,1100,17479.0,,,0
002858.SZ,20260709,10.53,9100,95823.0,,,0
002859.SZ,20260709,82.0,29800,2443600.0,,,0
002860.SZ,20260709,15.75,230900,3636675.0,,,0
002861.SZ,20260709,20.83,141200,2941196.0,,,0
002862.SZ,20260709,12.5,26200,327500.0,,,0
002863.SZ,20260709,4.25,29400,124950.0,,,0
002864.SZ,20260709,29.29,57400,1681246.0,,,0
002865.SZ,20260709,51.0,18100,923100.0,,,0
002866.SZ,20260709,14.55,18500,269175.0,,,0
002867.SZ,20260709,11.95,3800,45410.0,,,0
002868.SZ,20260709,23.54,15300,360162.0,,,0
002869.SZ,20260709,15.26,500,7630.0,,,0
002870.SZ,20260709,38.68,2300,88964.0,,,0
002871.SZ,20260709,20.44,10300,210532.0,,,0
002872.SZ,20260709,,0,0.0,,,0
002873.SZ,20260709,7.48,22300,166804.0,,,0
002875.SZ,20260709,13.0,39100,508300.0,,,0
002876.SZ,20260709,30.61,38000,1163180.0,,,0
002877.SZ,20260709,7.0,800,5600.0,,,0
002878.SZ,20260709,11.01,26300,289563.0,,,0
002879.SZ,20260709,12.98,42500,551650.0,,,0
002880.SZ,20260709,20.8,800,16640.0,,,0
002881.SZ,20260709,36.41,13200,480612.0,,,0
002882.SZ,20260709,17.66,5400,95364.0,,,0
002883.SZ,20260709,8.49,10400,88296.0,,,0
002884.SZ,20260709,16.29,11400,185706.0,,,0
002885.SZ,20260709,34.01,115963,3943901.63,,,0
002886.SZ,20260709,22.86,173900,3975354.0,,,0
002887.SZ,20260709,10.4,16000,166400.0,,,0
002888.SZ,20260709,18.45,11500,212175.0,,,0
002889.SZ,20260709,11.8,8300,97940.0,,,0
002890.SZ,20260709,14.45,3500,50575.0,,,0
002891.SZ,20260709,26.73,47700,1275021.0,,,0
002892.SZ,20260709,9.26,33100,306506.0,,,0
002893.SZ,20260709,9.24,2200,20328.0,,,0
002895.SZ,20260709,29.4,13100,385140.0,,,0
002896.SZ,20260709,73.6,48300,3554880.0,,,0
002897.SZ,20260709,82.5,214300,17679750.0,,,0
002898.SZ,20260709,0.34,140800,47872.0,,,0
002899.SZ,20260709,20.65,4000,82600.0,,,0
002900.SZ,20260709,9.52,4200,39984.0,,,0
002901.SZ,20260709,43.19,23000,993370.0,,,0
002902.SZ,20260709,25.1,30300,760530.0,,,0
002903.SZ,20260709,38.33,19000,728270.0,,,0
002905.SZ,20260709,7.02,5800,40716.0,,,0
002906.SZ,20260709,24.82,11900,295358.0,,,0
002907.SZ,20260709,13.2,69000,910800.0,,,0
002908.SZ,20260709,6.37,10700,68159.0,,,0
002909.SZ,20260709,4.74,8800,41712.0,,,0
002910.SZ,20260709,12.44,706400,8787616.0,,,0
002911.SZ,20260709,10.05,6400,64320.0,,,0
002912.SZ,20260709,18.37,5100,93687.0,,,0
002913.SZ,20260709,54.63,22100,1207323.0,,,0
002915.SZ,20260709,18.69,10400,194376.0,,,0
002916.SZ,20260709,420.0,76100,31962000.0,,,0
002917.SZ,20260709,10.25,3400,34850.0,,,0
002918.SZ,20260709,9.3,55900,519870.0,,,0
002919.SZ,20260709,20.04,38600,773544.0,,,0
002920.SZ,20260709,85.59,56300,4818717.0,,,0
002921.SZ,20260709,26.24,11300,296512.0,,,0
002922.SZ,20260709,28.68,42542,1220104.56,,,0
002923.SZ,20260709,10.28,157500,1619100.0,,,0
002925.SZ,20260709,21.55,39270,846268.5,,,0
002926.SZ,20260709,8.32,62500,520000.0,,,0
002927.SZ,20260709,16.61,15100,250811.0,,,0
002928.SZ,20260709,6.4,785600,5027840.0,,,0
002929.SZ,20260709,59.61,121700,7254537.0,,,0
002930.SZ,20260709,8.93,88400,789412.0,,,0
002931.SZ,20260709,59.08,733300,43323364.0,,,0
002932.SZ,20260709,,0,0.0,,,0
002933.SZ,20260709,25.9,2000,51800.0,,,0
002935.SZ,20260709,21.0,34500,724500.0,,,0
002936.SZ,20260709,1.68,2536800,4261824.0,,,0
002937.SZ,20260709,43.49,21100,917639.0,,,0
002938.SZ,20260709,93.61,54300,5083023.0,,,0
002939.SZ,20260709,8.13,19800,160974.0,,,0
002940.SZ,20260709,26.52,158400,4200768.0,,,0
002941.SZ,20260709,9.33,53700,501021.0,,,0
002942.SZ,20260709,14.65,2400,35160.0,,,0
002943.SZ,20260709,39.8,31370,1248526.0,,,0
002945.SZ,20260709,13.09,10700,140063.0,,,0
002946.SZ,20260709,14.49,2500,36225.0,,,0
002947.SZ,20260709,73.36,10500,770280.0,,,0
002948.SZ,20260709,5.39,439600,2369444.0,,,0
002949.SZ,20260709,9.99,2200,21978.0,,,0
002950.SZ,20260709,8.9,16300,145070.0,,,0
002951.SZ,20260709,16.43,748200,12292926.0,,,0
002952.SZ,20260709,19.8,2400,47520.0,,,0
002953.SZ,20260709,8.73,7900,68967.0,,,0
002955.SZ,20260709,32.86,46900,1541134.0,,,0
002956.SZ,20260709,21.35,7000,149450.0,,,0
002957.SZ,20260709,45.0,58300,2623500.0,,,0
002958.SZ,20260709,2.78,376100,1045558.0,,,0
002959.SZ,20260709,32.38,500,16190.0,,,0
002960.SZ,20260709,8.32,29900,248768.0,,,0
002961.SZ,20260709,19.12,9000,172080.0,,,0
002962.SZ,20260709,14.82,85500,1267110.0,,,0
002963.SZ,20260709,18.91,8400,158844.0,,,0
002965.SZ,20260709,52.0,79300,4123600.0,,,0
002966.SZ,20260709,7.36,262800,1934208.0,,,0
002967.SZ,20260709,18.13,3100,56203.0,,,0
002968.SZ,20260709,8.31,14200,118002.0,,,0
002969.SZ,20260709,12.78,351100,4487058.0,,,0
002970.SZ,20260709,51.09,14600,745914.0,,,0
002971.SZ,20260709,59.7,217500,12984750.0,,,0
002972.SZ,20260709,16.82,39900,671118.0,,,0
002973.SZ,20260709,10.08,16800,169344.0,,,0
002975.SZ,20260709,113.0,16360,1848680.0,,,0
002976.SZ,20260709,24.41,79700,1945477.0,,,0
002977.SZ,20260709,24.39,37000,902430.0,,,0
002978.SZ,20260709,25.62,10800,276696.0,,,0
002979.SZ,20260709,64.81,122600,7945706.0,,,0
002980.SZ,20260709,100.09,27100,2712439.0,,,0
002981.SZ,20260709,20.15,29600,596440.0,,,0
002982.SZ,20260709,11.79,22300,262917.0,,,0
002983.SZ,20260709,23.55,6000,141300.0,,,0
002984.SZ,20260709,13.59,11300,153567.0,,,0
002985.SZ,20260709,25.3,16100,407330.0,,,0
002986.SZ,20260709,12.1,3000,36300.0,,,0
002987.SZ,20260709,9.62,8000,76960.0,,,0
002988.SZ,20260709,21.43,2900,62147.0,,,0
002989.SZ,20260709,27.81,76300,2121903.0,,,0
002990.SZ,20260709,66.97,236200,15818314.0,,,0
002991.SZ,20260709,41.34,12100,500214.0,,,0
002992.SZ,20260709,39.03,1700,66351.0,,,0
002993.SZ,20260709,61.1,27000,1649700.0,,,0
002995.SZ,20260709,15.89,46000,730940.0,,,0
002996.SZ,20260709,5.99,8500,50915.0,,,0
002997.SZ,20260709,29.42,2400,70608.0,,,0
002998.SZ,20260709,6.8,27900,189720.0,,,0
002999.SZ,20260709,5.51,7500,41325.0,,,0
003000.SZ,20260709,10.06,13600,136816.0,,,0
003001.SZ,20260709,12.74,11700,149058.0,,,0
003002.SZ,20260709,17.2,5400,92880.0,,,0
003003.SZ,20260709,10.08,35300,355824.0,,,0
003004.SZ,20260709,81.02,112400,9106648.0,,,0
003005.SZ,20260709,12.11,299500,3626945.0,,,0
003006.SZ,20260709,14.2,2800,39760.0,,,0
003007.SZ,20260709,38.0,19300,733400.0,,,0
003008.SZ,20260709,17.45,1500,26175.0,,,0
003009.SZ,20260709,53.88,62900,3389052.0,,,0
003010.SZ,20260709,23.4,1000,23400.0,,,0
003011.SZ,20260709,18.4,41000,754400.0,,,0
003012.SZ,20260709,4.51,200,902.0,,,0
003013.SZ,20260709,15.0,267000,4005000.0,,,0
003015.SZ,20260709,11.64,56100,653004.0,,,0
003016.SZ,20260709,6.2,10400,64480.0,,,0
003017.SZ,20260709,21.99,16500,362835.0,,,0
003018.SZ,20260709,63.35,17700,1121295.0,,,0
003019.SZ,20260709,26.53,28800,764064.0,,,0
003020.SZ,20260709,16.0,108400,1734400.0,,,0
003021.SZ,20260709,85.41,23400,1998594.0,,,0
003022.SZ,20260709,21.33,203200,4334256.0,,,0
003023.SZ,20260709,19.2,15000,288000.0,,,0
003025.SZ,20260709,12.93,20000,258600.0,,,0
003026.SZ,20260709,38.25,215800,8254350.0,,,0
003027.SZ,20260709,15.99,5600,89544.0,,,0
003028.SZ,20260709,22.0,11400,250800.0,,,0
003029.SZ,20260709,15.95,7900,126005.0,,,0
003030.SZ,20260709,21.52,7000,150640.0,,,0
003031.SZ,20260709,144.79,22200,3214338.0,,,0
003032.SZ,20260709,5.18,71400,369852.0,,,0
003033.SZ,20260709,68.22,18000,1227960.0,,,0
003035.SZ,20260709,5.39,95100,512589.0,,,0
003036.SZ,20260709,79.44,26900,2136936.0,,,0
003037.SZ,20260709,6.2,136000,843200.0,,,0
003038.SZ,20260709,10.89,1300,14157.0,,,0
003039.SZ,20260709,11.1,1800,19980.0,,,0
003040.SZ,20260709,10.28,32500,334100.0,,,0
003041.SZ,20260709,42.7,2400,102480.0,,,0
003042.SZ,20260709,12.12,19200,232704.0,,,0
003043.SZ,20260709,100.4,37500,3765000.0,,,0
003816.SZ,20260709,3.86,389000,1501540.0,,,0
300001.SZ,20260709,33.2,40000,1328000.0,,,0
300002.SZ,20260709,7.98,410500,3275790.0,,,0
300003.SZ,20260709,12.1,56700,686070.0,,,0
300004.SZ,20260709,8.9,52200,464580.0,,,0
300005.SZ,20260709,20.79,285700,5939703.0,,,0
300006.SZ,20260709,4.57,34700,158579.0,,,0
300007.SZ,20260709,36.84,44700,1646748.0,,,0
300008.SZ,20260709,5.91,56300,332733.0,,,0
300009.SZ,20260709,8.09,87000,703830.0,,,0
300010.SZ,20260709,2.12,479700,1016964.0,,,0
300011.SZ,20260709,5.71,2000,11420.0,,,0
300012.SZ,20260709,13.76,337800,4648128.0,,,0
300013.SZ,20260709,3.77,184900,697073.0,,,0
300014.SZ,20260709,56.0,139100,7789600.0,,,0
300015.SZ,20260709,8.14,311885,2538743.9,,,0
300016.SZ,20260709,7.93,54600,432978.0,,,0
300017.SZ,20260709,14.61,5975200,87297672.0,,,0
300018.SZ,20260709,13.08,175300,2292924.0,,,0
300019.SZ,20260709,19.86,434300,8625198.0,,,0
300020.SZ,20260709,3.53,131700,464901.0,,,0
300021.SZ,20260709,4.2,406000,1705200.0,,,0
300022.SZ,20260709,7.86,4100,32226.0,,,0
300024.SZ,20260709,15.82,213700,3380734.0,,,0
300025.SZ,20260709,4.1,8400,34440.0,,,0
300026.SZ,20260709,3.1,414400,1284640.0,,,0
300027.SZ,20260709,1.7,891800,1516060.0,,,0
300029.SZ,20260709,0.13,400000,52000.0,,,0
300030.SZ,20260709,5.99,4900,29351.0,,,0
300031.SZ,20260709,23.18,47700,1105686.0,,,0
300032.SZ,20260709,3.5,33000,115500.0,,,0
300033.SZ,20260709,226.23,118200,26740386.0,,,0
300034.SZ,20260709,16.11,15500,249705.0,,,0
300035.SZ,20260709,13.31,42300,563013.0,,,0
300036.SZ,20260709,10.85,3500,37975.0,,,0
300037.SZ,20260709,78.01,127908,9978103.08,,,0
300039.SZ,20260709,4.4,14900,65560.0,,,0
300040.SZ,20260709,5.39,22300,120197.0,,,0
300041.SZ,20260709,15.33,405500,6216315.0,,,0
300042.SZ,20260709,60.61,116077,7035426.97,,,0
300043.SZ,20260709,5.27,1550000,8168500.0,,,0
300044.SZ,20260709,5.69,163400,929746.0,,,0
300045.SZ,20260709,16.1,27900,449190.0,,,0
300046.SZ,20260709,29.64,9000,266760.0,,,0
300047.SZ,20260709,9.36,240723,2253167.28,,,0
300048.SZ,20260709,4.47,40600,181482.0,,,0
300049.SZ,20260709,41.29,14000,578060.0,,,0
300050.SZ,20260709,5.43,13200,71676.0,,,0
300051.SZ,20260709,8.18,20600,168508.0,,,0
300052.SZ,20260709,11.28,219400,2474832.0,,,0
300053.SZ,20260709,15.15,36800,557520.0,,,0
300054.SZ,20260709,91.59,309300,28328787.0,,,0
300055.SZ,20260709,5.92,32800,194176.0,,,0
300056.SZ,20260709,7.47,2900,21663.0,,,0
300057.SZ,20260709,7.7,699200,5383840.0,,,0
300058.SZ,20260709,12.28,774600,9512088.0,,,0
300059.SZ,20260709,20.07,2160800,43367256.0,,,0
300061.SZ,20260709,6.01,89300,536693.0,,,0
300062.SZ,20260709,5.31,12900,68499.0,,,0
300063.SZ,20260709,7.79,68900,536731.0,,,0
300065.SZ,20260709,24.48,622700,15243696.0,,,0
300066.SZ,20260709,5.25,72400,380100.0,,,0
300067.SZ,20260709,4.75,95100,451725.0,,,0
300068.SZ,20260709,4.86,12863600,62517096.0,,,0
300069.SZ,20260709,30.42,41900,1274598.0,,,0
300070.SZ,20260709,3.28,59600,195488.0,,,0
300071.SZ,20260709,3.65,677700,2473605.0,,,0
300072.SZ,20260709,3.27,67300,220071.0,,,0
300073.SZ,20260709,44.77,56400,2525028.0,,,0
300074.SZ,20260709,3.39,68500,232215.0,,,0
300075.SZ,20260709,10.2,36300,370260.0,,,0
300076.SZ,20260709,4.32,39000,168480.0,,,0
300077.SZ,20260709,27.6,135000,3726000.0,,,0
300078.SZ,20260709,2.82,10100,28482.0,,,0
300079.SZ,20260709,4.11,206700,849537.0,,,0
300080.SZ,20260709,3.4,56400,191760.0,,,0
300081.SZ,20260709,3.58,22700,81266.0,,,0
300082.SZ,20260709,7.88,11400,89832.0,,,0
300083.SZ,20260709,12.97,989700,12836409.0,,,0
300084.SZ,20260709,11.55,3000,34650.0,,,0
300085.SZ,20260709,30.3,444000,13453200.0,,,0
300086.SZ,20260709,5.94,35300,209682.0,,,0
300087.SZ,20260709,4.95,95300,471735.0,,,0
300088.SZ,20260709,8.58,1049431,9004117.98,,,0
300091.SZ,20260709,2.64,5100,13464.0,,,0
300092.SZ,20260709,11.09,3700,41033.0,,,0
300093.SZ,20260709,23.96,92300,2211508.0,,,0
300094.SZ,20260709,2.53,263300,666149.0,,,0
300095.SZ,20260709,8.53,21800,185954.0,,,0
300096.SZ,20260709,9.19,50200,461338.0,,,0
300097.SZ,20260709,8.49,2300,19527.0,,,0
300098.SZ,20260709,4.36,67700,295172.0,,,0
300099.SZ,20260709,5.94,25800,153252.0,,,0
300100.SZ,20260709,26.06,135600,3533736.0,,,0
300101.SZ,20260709,15.4,6400,98560.0,,,0
300102.SZ,20260709,20.48,69300,1419264.0,,,0
300103.SZ,20260709,7.65,24700,188955.0,,,0
300105.SZ,20260709,7.14,310000,2213400.0,,,0
300106.SZ,20260709,9.72,8600,83592.0,,,0
300107.SZ,20260709,5.55,3000,16650.0,,,0
300109.SZ,20260709,14.37,14100,202617.0,,,0
300110.SZ,20260709,2.58,133000,343140.0,,,0
300111.SZ,20260709,2.73,313200,855036.0,,,0
300112.SZ,20260709,5.95,3200,19040.0,,,0
300113.SZ,20260709,17.61,275500,4851555.0,,,0
300115.SZ,20260709,27.74,95900,2660266.0,,,0
300118.SZ,20260709,10.41,101500,1056615.0,,,0
300119.SZ,20260709,15.67,2600,40742.0,,,0
300120.SZ,20260709,8.34,285000,2376900.0,,,0
300121.SZ,20260709,11.8,297200,3506960.0,,,0
300122.SZ,20260709,11.38,39300,447234.0,,,0
300123.SZ,20260709,3.8,2485200,9443760.0,,,0
300124.SZ,20260709,63.2,231072,14603750.4,,,0
300125.SZ,20260709,9.05,300,2715.0,,,0
300126.SZ,20260709,5.62,10700,60134.0,,,0
300127.SZ,20260709,26.1,11800,307980.0,,,0
300128.SZ,20260709,5.23,12100,63283.0,,,0
300129.SZ,20260709,8.38,181500,1520970.0,,,0
300130.SZ,20260709,18.27,34400,628488.0,,,0
300131.SZ,20260709,19.4,904900,17555060.0,,,0
300132.SZ,20260709,5.69,32600,185494.0,,,0
300133.SZ,20260709,7.1,168300,1194930.0,,,0
300134.SZ,20260709,7.99,21300,170187.0,,,0
300135.SZ,20260709,3.08,93900,289212.0,,,0
300136.SZ,20260709,91.02,223151,20311204.02,,,0
300137.SZ,20260709,16.81,26900,452189.0,,,0
300138.SZ,20260709,9.71,8600,83506.0,,,0
300139.SZ,20260709,35.38,749504,26517451.52,,,0
300140.SZ,20260709,5.06,21600,109296.0,,,0
300141.SZ,20260709,8.88,9800,87024.0,,,0
300142.SZ,20260709,12.18,316500,3854970.0,,,0
300143.SZ,20260709,6.73,2400,16152.0,,,0
300144.SZ,20260709,5.88,1365000,8026200.0,,,0
300145.SZ,20260709,6.3,2021000,12732300.0,,,0
300146.SZ,20260709,9.15,8900,81435.0,,,0
300147.SZ,20260709,9.34,24500,228830.0,,,0
300148.SZ,20260709,3.11,62300,193753.0,,,0
300149.SZ,20260709,8.55,135400,1157670.0,,,0
300150.SZ,20260709,3.8,4600,17480.0,,,0
300151.SZ,20260709,22.65,183200,4149480.0,,,0
300152.SZ,20260709,1.54,108500,167090.0,,,0
300153.SZ,20260709,22.36,13600,304096.0,,,0
300154.SZ,20260709,8.78,71800,630404.0,,,0
300155.SZ,20260709,3.91,2000,7820.0,,,0
300157.SZ,20260709,3.66,100800,368928.0,,,0
300158.SZ,20260709,4.76,21900,104244.0,,,0
300159.SZ,20260709,3.1,144100,446710.0,,,0
300160.SZ,20260709,4.25,20400,86700.0,,,0
300161.SZ,20260709,29.0,8900,258100.0,,,0
300162.SZ,20260709,10.99,422000,4637780.0,,,0
300163.SZ,20260709,6.8,1646900,11198920.0,,,0
300164.SZ,20260709,8.51,4267888,36319726.88,,,0
300165.SZ,20260709,5.01,81800,409818.0,,,0
300166.SZ,20260709,16.3,688200,11217660.0,,,0
300167.SZ,20260709,4.61,18000,82980.0,,,0
300168.SZ,20260709,4.73,1404900,6645177.0,,,0
300169.SZ,20260709,4.66,7500,34950.0,,,0
300170.SZ,20260709,14.47,209700,3034359.0,,,0
300171.SZ,20260709,11.32,50300,569396.0,,,0
300172.SZ,20260709,4.15,1500,6225.0,,,0
300173.SZ,20260709,3.22,83200,267904.0,,,0
300174.SZ,20260709,24.9,54300,1352070.0,,,0
300175.SZ,20260709,5.46,20000,109200.0,,,0
300176.SZ,20260709,4.81,25100,120731.0,,,0
300177.SZ,20260709,5.9,114300,674370.0,,,0
300179.SZ,20260709,49.92,720602,35972451.84,,,0
300180.SZ,20260709,3.93,25500,100215.0,,,0
300181.SZ,20260709,13.64,35100,478764.0,,,0
300182.SZ,20260709,4.61,270300,1246083.0,,,0
300183.SZ,20260709,9.92,11300,112096.0,,,0
300184.SZ,20260709,15.35,370000,5679500.0,,,0
300185.SZ,20260709,2.7,293100,791370.0,,,0
300187.SZ,20260709,5.19,109800,569862.0,,,0
300188.SZ,20260709,9.92,128600,1275712.0,,,0
300189.SZ,20260709,4.1,84400,346040.0,,,0
300190.SZ,20260709,4.03,75900,305877.0,,,0
300191.SZ,20260709,27.61,145500,4017255.0,,,0
300192.SZ,20260709,11.67,4900,57183.0,,,0
300193.SZ,20260709,7.62,900,6858.0,,,0
300194.SZ,20260709,3.52,19700,69344.0,,,0
300195.SZ,20260709,5.04,47000,236880.0,,,0
300196.SZ,20260709,21.2,51100,1083320.0,,,0
300197.SZ,20260709,1.84,449000,826160.0,,,0
300198.SZ,20260709,2.17,5000,10850.0,,,0
300199.SZ,20260709,24.56,492700,12100712.0,,,0
300200.SZ,20260709,9.6,46200,443520.0,,,0
300201.SZ,20260709,16.95,39800,674610.0,,,0
300203.SZ,20260709,12.92,2100,27132.0,,,0
300204.SZ,20260709,22.29,690400,15389016.0,,,0
300205.SZ,20260709,4.59,2600,11934.0,,,0
300206.SZ,20260709,11.99,6400,76736.0,,,0
300207.SZ,20260709,17.23,231900,3995637.0,,,0
300209.SZ,20260709,25.45,601600,15310720.0,,,0
300210.SZ,20260709,8.41,16300,137083.0,,,0
300211.SZ,20260709,7.25,2600,18850.0,,,0
300212.SZ,20260709,8.6,122700,1055220.0,,,0
300213.SZ,20260709,5.92,42900,253968.0,,,0
300215.SZ,20260709,6.25,8000,50000.0,,,0
300217.SZ,20260709,4.13,27300,112749.0,,,0
300218.SZ,20260709,12.83,500,6415.0,,,0
300219.SZ,20260709,7.62,72000,548640.0,,,0
300220.SZ,20260709,9.88,21401,211441.88,,,0
300221.SZ,20260709,15.22,81100,1234342.0,,,0
300222.SZ,20260709,11.75,179500,2109125.0,,,0
300223.SZ,20260709,221.0,384100,84886100.0,,,0
300224.SZ,20260709,12.57,248100,3118617.0,,,0
300225.SZ,20260709,7.19,9600,69024.0,,,0
300226.SZ,20260709,15.19,3300,50127.0,,,0
300227.SZ,20260709,9.96,38100,379476.0,,,0
300228.SZ,20260709,7.64,96800,739552.0,,,0
300229.SZ,20260709,13.01,69600,905496.0,,,0
300230.SZ,20260709,4.08,600,2448.0,,,0
300231.SZ,20260709,7.68,23500,180480.0,,,0
300232.SZ,20260709,5.19,10600,55014.0,,,0
300233.SZ,20260709,13.0,373600,4856800.0,,,0
300234.SZ,20260709,9.59,900,8631.0,,,0
300235.SZ,20260709,11.93,2600,31018.0,,,0
300236.SZ,20260709,115.05,145100,16693755.0,,,0
300237.SZ,20260709,1.88,405900,763092.0,,,0
300238.SZ,20260709,11.38,24400,277672.0,,,0
300239.SZ,20260709,5.03,19500,98085.0,,,0
300240.SZ,20260709,5.04,3800,19152.0,,,0
300241.SZ,20260709,6.32,178100,1125592.0,,,0
300242.SZ,20260709,4.28,322400,1379872.0,,,0
300243.SZ,20260709,16.18,48900,791202.0,,,0
300244.SZ,20260709,18.42,100300,1847526.0,,,0
300245.SZ,20260709,5.51,62700,345477.0,,,0
300246.SZ,20260709,14.48,4700,68056.0,,,0
300247.SZ,20260709,3.67,12100,44407.0,,,0
300248.SZ,20260709,7.45,13900,103555.0,,,0
300249.SZ,20260709,15.42,181200,2794104.0,,,0
300250.SZ,20260709,13.96,58600,818056.0,,,0
300251.SZ,20260709,12.15,1266800,15391620.0,,,0
300252.SZ,20260709,13.72,169300,2322796.0,,,0
300253.SZ,20260709,6.64,73400,487376.0,,,0
300254.SZ,20260709,7.92,72700,575784.0,,,0
300255.SZ,20260709,22.0,192700,4239400.0,,,0
300256.SZ,20260709,2.48,31900,79112.0,,,0
300257.SZ,20260709,27.62,15000,414300.0,,,0
300258.SZ,20260709,10.58,9200,97336.0,,,0
300259.SZ,20260709,5.37,46800,251316.0,,,0
300260.SZ,20260709,87.81,53500,4697835.0,,,0
300261.SZ,20260709,4.37,6900,30153.0,,,0
300263.SZ,20260709,13.21,232200,3067362.0,,,0
300264.SZ,20260709,7.65,19000,145350.0,,,0
300265.SZ,20260709,15.11,49400,746434.0,,,0
300266.SZ,20260709,1.78,27600,49128.0,,,0
300267.SZ,20260709,3.2,66400,212480.0,,,0
300268.SZ,20260709,10.63,600,6378.0,,,0
300269.SZ,20260709,4.86,118200,574452.0,,,0
300270.SZ,20260709,11.76,106700,1254792.0,,,0
300271.SZ,20260709,4.86,40600,197316.0,,,0
300272.SZ,20260709,5.29,23600,124844.0,,,0
300274.SZ,20260709,124.0,167353,20751772.0,,,0
300275.SZ,20260709,7.82,2200,17204.0,,,0
300276.SZ,20260709,6.8,641200,4360160.0,,,0
300277.SZ,20260709,13.95,29800,415710.0,,,0
300278.SZ,20260709,3.75,32500,121875.0,,,0
300279.SZ,20260709,5.44,41600,226304.0,,,0
300281.SZ,20260709,6.25,15500,96875.0,,,0
300283.SZ,20260709,17.8,107400,1911720.0,,,0
300284.SZ,20260709,5.07,121800,617526.0,,,0
300285.SZ,20260709,79.5,616100,48979950.0,,,0
300286.SZ,20260709,20.7,9300,192510.0,,,0
300287.SZ,20260709,3.77,3070500,11575785.0,,,0
300288.SZ,20260709,8.96,34300,307328.0,,,0
300289.SZ,20260709,5.38,17100,91998.0,,,0
300290.SZ,20260709,4.33,616100,2667713.0,,,0
300291.SZ,20260709,4.72,38700,182664.0,,,0
300292.SZ,20260709,4.35,147300,640755.0,,,0
300293.SZ,20260709,17.7,30300,536310.0,,,0
300294.SZ,20260709,14.48,29400,425712.0,,,0
300295.SZ,20260709,,0,0.0,,,0
300296.SZ,20260709,5.19,199055,1033095.45,,,0
300298.SZ,20260709,14.35,7100,101885.0,,,0
300299.SZ,20260709,4.83,23300,112539.0,,,0
300300.SZ,20260709,6.92,39800,275416.0,,,0
300301.SZ,20260709,3.71,2000,7420.0,,,0
300302.SZ,20260709,40.77,149300,6086961.0,,,0
300303.SZ,20260709,8.68,368200,3195976.0,,,0
300304.SZ,20260709,14.9,77100,1148790.0,,,0
300305.SZ,20260709,5.14,331800,1705452.0,,,0
300306.SZ,20260709,9.36,300,2808.0,,,0
300307.SZ,20260709,6.74,34900,235226.0,,,0
300308.SZ,20260709,1153.0,456100,525883300.0,,,0
300310.SZ,20260709,4.0,209800,839200.0,,,0
300311.SZ,20260709,5.41,40300,218023.0,,,0
300313.SZ,20260709,8.0,7700,61600.0,,,0
300314.SZ,20260709,,0,0.0,,,0
300315.SZ,20260709,3.88,131900,511772.0,,,0
300316.SZ,20260709,48.09,57800,2779602.0,,,0
300317.SZ,20260709,3.58,183100,655498.0,,,0
300318.SZ,20260709,4.4,300,1320.0,,,0
300319.SZ,20260709,21.81,760121,16578239.01,,,0
300320.SZ,20260709,8.53,46000,392380.0,,,0
300321.SZ,20260709,47.89,8100,387909.0,,,0
300322.SZ,20260709,21.63,30700,664041.0,,,0
300323.SZ,20260709,15.97,519200,8291624.0,,,0
300324.SZ,20260709,3.76,148800,559488.0,,,0
300326.SZ,20260709,6.04,11400,68856.0,,,0
300327.SZ,20260709,30.31,69000,2091390.0,,,0
300328.SZ,20260709,12.49,2436000,30425640.0,,,0
300329.SZ,20260709,,0,0.0,,,0
300331.SZ,20260709,62.93,75900,4776387.0,,,0
300333.SZ,20260709,7.54,6500,49010.0,,,0
300334.SZ,20260709,9.1,172500,1569750.0,,,0
300335.SZ,20260709,4.75,24400,115900.0,,,0
300337.SZ,20260709,10.53,18500,194805.0,,,0
300338.SZ,20260709,2.88,8100,23328.0,,,0
300339.SZ,20260709,37.04,75800,2807632.0,,,0
300340.SZ,20260709,8.05,6400,51520.0,,,0
300341.SZ,20260709,12.32,9500,117040.0,,,0
300342.SZ,20260709,41.63,100800,4196304.0,,,0
300343.SZ,20260709,5.7,179300,1022010.0,,,0
300345.SZ,20260709,7.16,159900,1144884.0,,,0
300346.SZ,20260709,75.3,178700,13456110.0,,,0
300347.SZ,20260709,42.85,230100,9859785.0,,,0
300348.SZ,20260709,8.53,12600,107478.0,,,0
300349.SZ,20260709,10.21,5900,60239.0,,,0
300350.SZ,20260709,3.91,25100,98141.0,,,0
300351.SZ,20260709,14.82,289500,4290390.0,,,0
300352.SZ,20260709,2.62,119800,313876.0,,,0
300353.SZ,20260709,20.4,100800,2056320.0,,,0
300354.SZ,20260709,36.01,30200,1087502.0,,,0
300355.SZ,20260709,2.72,25360,68979.2,,,0
300357.SZ,20260709,22.8,41900,955320.0,,,0
300358.SZ,20260709,7.91,329800,2608718.0,,,0
300359.SZ,20260709,3.5,98200,343700.0,,,0
300360.SZ,20260709,11.45,13100,149995.0,,,0
300363.SZ,20260709,17.12,562600,9631712.0,,,0
300364.SZ,20260709,22.66,155400,3521364.0,,,0
300365.SZ,20260709,4.37,56600,247342.0,,,0
300366.SZ,20260709,4.57,50800,232156.0,,,0
300368.SZ,20260709,7.48,9800,73304.0,,,0
300369.SZ,20260709,6.48,2163500,14019480.0,,,0
300370.SZ,20260709,2.02,21300,43026.0,,,0
300371.SZ,20260709,9.75,2300,22425.0,,,0
300373.SZ,20260709,130.88,115200,15077376.0,,,0
300374.SZ,20260709,9.97,14900,148553.0,,,0
300375.SZ,20260709,3.87,10800,41796.0,,,0
300376.SZ,20260709,5.1,155500,793050.0,,,0
300377.SZ,20260709,13.63,57800,787814.0,,,0
300378.SZ,20260709,32.19,14000,450660.0,,,0
300380.SZ,20260709,28.65,31400,899610.0,,,0
300381.SZ,20260709,5.7,300,1710.0,,,0
300382.SZ,20260709,21.17,67600,1431092.0,,,0
300383.SZ,20260709,12.7,436900,5548630.0,,,0
300384.SZ,20260709,12.09,36900,446121.0,,,0
300385.SZ,20260709,10.88,20800,226304.0,,,0
300386.SZ,20260709,10.18,23100,235158.0,,,0
300387.SZ,20260709,6.92,5200,35984.0,,,0
300388.SZ,20260709,6.77,41400,280278.0,,,0
300389.SZ,20260709,12.45,16100,200445.0,,,0
300390.SZ,20260709,78.4,628500,49274400.0,,,0
300393.SZ,20260709,6.36,52300,332628.0,,,0
300394.SZ,20260709,252.5,335006,84589015.0,,,0
300395.SZ,20260709,105.4,96850,10207990.0,,,0
300396.SZ,20260709,6.39,18300,116937.0,,,0
300397.SZ,20260709,12.15,58200,707130.0,,,0
300398.SZ,20260709,48.02,298500,14333970.0,,,0
300399.SZ,20260709,17.9,10800,193320.0,,,0
300400.SZ,20260709,31.07,49700,1544179.0,,,0
300401.SZ,20260709,16.94,128200,2171708.0,,,0
300402.SZ,20260709,,0,0.0,,,0
300403.SZ,20260709,9.7,174200,1689740.0,,,0
300404.SZ,20260709,8.89,104200,926338.0,,,0
300405.SZ,20260709,4.92,95900,471828.0,,,0
300406.SZ,20260709,11.33,1500,16995.0,,,0
300407.SZ,20260709,,0,0.0,,,0
300408.SZ,20260709,132.0,379500,50094000.0,,,0
300409.SZ,20260709,18.81,55700,1047717.0,,,0
300410.SZ,20260709,8.59,109300,938887.0,,,0
300411.SZ,20260709,6.68,22000,146960.0,,,0
300412.SZ,20260709,4.07,24700,100529.0,,,0
300413.SZ,20260709,14.82,24000,355680.0,,,0
300414.SZ,20260709,10.27,11600,119132.0,,,0
300415.SZ,20260709,20.24,3600,72864.0,,,0
300416.SZ,20260709,17.71,109600,1941016.0,,,0
300417.SZ,20260709,10.04,30500,306220.0,,,0
300418.SZ,20260709,47.5,1573200,74727000.0,,,0
300419.SZ,20260709,6.91,1800,12438.0,,,0
300420.SZ,20260709,8.73,450800,3935484.0,,,0
300421.SZ,20260709,18.6,25000,465000.0,,,0
300422.SZ,20260709,4.35,350100,1522935.0,,,0
300423.SZ,20260709,5.5,8500,46750.0,,,0
300424.SZ,20260709,14.88,12700,188976.0,,,0
300425.SZ,20260709,3.77,12200,45994.0,,,0
300426.SZ,20260709,5.15,58300,300245.0,,,0
300427.SZ,20260709,6.06,12500,75750.0,,,0
300428.SZ,20260709,17.72,8600,152392.0,,,0
300429.SZ,20260709,14.9,53300,794170.0,,,0
300430.SZ,20260709,4.61,162000,746820.0,,,0
300432.SZ,20260709,17.49,97400,1703526.0,,,0
300433.SZ,20260709,46.35,1025932,47551948.2,,,0
300434.SZ,20260709,11.13,185600,2065728.0,,,0
300435.SZ,20260709,20.89,39100,816799.0,,,0
300436.SZ,20260709,94.36,129800,12247928.0,,,0
300437.SZ,20260709,10.51,7300,76723.0,,,0
300438.SZ,20260709,68.9,86000,5925400.0,,,0
300439.SZ,20260709,,0,0.0,,,0
300440.SZ,20260709,20.09,14400,289296.0,,,0
300441.SZ,20260709,6.03,19900,119997.0,,,0
300442.SZ,20260709,81.2,422200,34282640.0,,,0
300443.SZ,20260709,19.35,12700,245745.0,,,0
300444.SZ,20260709,11.02,58200,641364.0,,,0
300445.SZ,20260709,19.38,13100,253878.0,,,0
300446.SZ,20260709,16.0,57620,921920.0,,,0
300447.SZ,20260709,13.5,2200,29700.0,,,0
300448.SZ,20260709,5.3,28600,151580.0,,,0
300449.SZ,20260709,6.71,25300,169763.0,,,0
300450.SZ,20260709,37.4,214500,8022300.0,,,0
300451.SZ,20260709,3.19,8700,27753.0,,,0
300452.SZ,20260709,11.85,16100,190785.0,,,0
300453.SZ,20260709,9.25,13000,120250.0,,,0
300454.SZ,20260709,104.49,302100,31566429.0,,,0
300455.SZ,20260709,20.25,13500,273375.0,,,0
300456.SZ,20260709,38.16,60100,2293416.0,,,0
300457.SZ,20260709,20.3,22800,462840.0,,,0
300458.SZ,20260709,39.7,730900,29016730.0,,,0
300459.SZ,20260709,3.31,196300,649753.0,,,0
300460.SZ,20260709,10.17,300,3051.0,,,0
300461.SZ,20260709,35.38,17300,612074.0,,,0
300462.SZ,20260709,,0,0.0,,,0
300463.SZ,20260709,8.71,16400,142844.0,,,0
300464.SZ,20260709,6.46,26900,173774.0,,,0
300465.SZ,20260709,10.32,26300,271416.0,,,0
300466.SZ,20260709,6.96,58700,408552.0,,,0
300467.SZ,20260709,33.84,8300,280872.0,,,0
300468.SZ,20260709,19.57,46200,904134.0,,,0
300469.SZ,20260709,50.98,10500,535290.0,,,0
300470.SZ,20260709,28.75,700,20125.0,,,0
300471.SZ,20260709,9.09,143300,1302597.0,,,0
300472.SZ,20260709,6.58,2300,15134.0,,,0
300473.SZ,20260709,26.73,6300,168399.0,,,0
300474.SZ,20260709,60.51,86200,5215962.0,,,0
300475.SZ,20260709,253.96,381900,96987324.0,,,0
300476.SZ,20260709,288.0,356700,102729600.0,,,0
300477.SZ,20260709,2.31,3400,7854.0,,,0
300478.SZ,20260709,36.99,300,11097.0,,,0
300479.SZ,20260709,13.1,200,2620.0,,,0
300480.SZ,20260709,39.68,69000,2737920.0,,,0
300481.SZ,20260709,17.06,43100,735286.0,,,0
300482.SZ,20260709,16.65,3200,53280.0,,,0
300483.SZ,20260709,18.46,178400,3293264.0,,,0
300484.SZ,20260709,12.7,3300,41910.0,,,0
300485.SZ,20260709,9.6,879000,8438400.0,,,0
300486.SZ,20260709,21.17,13000,275210.0,,,0
300487.SZ,20260709,68.01,36300,2468763.0,,,0
300488.SZ,20260709,41.07,61100,2509377.0,,,0
300489.SZ,20260709,275.0,69300,19057500.0,,,0
300490.SZ,20260709,12.11,23900,289429.0,,,0
300491.SZ,20260709,29.79,6400,190656.0,,,0
300492.SZ,20260709,24.19,14100,341079.0,,,0
300493.SZ,20260709,13.54,61500,832710.0,,,0
300494.SZ,20260709,8.3,68300,566890.0,,,0
300496.SZ,20260709,58.7,53500,3140450.0,,,0
300497.SZ,20260709,18.65,303000,5650950.0,,,0
300498.SZ,20260709,13.01,314800,4095548.0,,,0
300499.SZ,20260709,38.16,195600,7464096.0,,,0
300500.SZ,20260709,8.71,9800,85358.0,,,0
300501.SZ,20260709,,0,0.0,,,0
300502.SZ,20260709,526.0,478706,251799356.0,,,0
300503.SZ,20260709,88.71,210100,18637971.0,,,0
300504.SZ,20260709,17.01,258200,4391982.0,,,0
300505.SZ,20260709,22.01,238000,5238380.0,,,0
300506.SZ,20260709,5.68,17300,98264.0,,,0
300507.SZ,20260709,7.12,106800,760416.0,,,0
300508.SZ,20260709,49.05,18300,897615.0,,,0
300509.SZ,20260709,8.18,2600,21268.0,,,0
300510.SZ,20260709,3.05,28900,88145.0,,,0
300511.SZ,20260709,5.44,28000,152320.0,,,0
300512.SZ,20260709,6.61,5700,37677.0,,,0
300513.SZ,20260709,6.83,9000,61470.0,,,0
300514.SZ,20260709,9.05,5700,51585.0,,,0
300515.SZ,20260709,13.1,17800,233180.0,,,0
300516.SZ,20260709,32.3,26900,868870.0,,,0
300517.SZ,20260709,9.02,5100,46002.0,,,0
300518.SZ,20260709,28.26,53550,1513323.0,,,0
300519.SZ,20260709,12.38,3400,42092.0,,,0
300520.SZ,20260709,25.51,21700,553567.0,,,0
300521.SZ,20260709,23.88,1000,23880.0,,,0
300522.SZ,20260709,23.86,369700,8821042.0,,,0
300523.SZ,20260709,18.92,11300,213796.0,,,0
300525.SZ,20260709,7.41,22900,169689.0,,,0
300527.SZ,20260709,7.3,114400,835120.0,,,0
300528.SZ,20260709,13.72,72700,997444.0,,,0
300529.SZ,20260709,16.13,27300,440349.0,,,0
300530.SZ,20260709,16.5,4700,77550.0,,,0
300531.SZ,20260709,16.45,210400,3461080.0,,,0
300532.SZ,20260709,6.31,9500,59945.0,,,0
300533.SZ,20260709,16.82,103600,1742552.0,,,0
300534.SZ,20260709,7.47,168600,1259442.0,,,0
300535.SZ,20260709,13.39,12500,167375.0,,,0
300536.SZ,20260709,9.23,96300,888849.0,,,0
300537.SZ,20260709,26.65,38100,1015365.0,,,0
300538.SZ,20260709,14.78,10700,158146.0,,,0
300539.SZ,20260709,21.16,46900,992404.0,,,0
300540.SZ,20260709,44.0,166500,7326000.0,,,0
300541.SZ,20260709,9.8,86400,846720.0,,,0
300542.SZ,20260709,10.96,1600,17536.0,,,0
300543.SZ,20260709,6.92,20200,139784.0,,,0
300545.SZ,20260709,33.55,58700,1969385.0,,,0
300546.SZ,20260709,14.68,2300,33764.0,,,0
300547.SZ,20260709,34.69,33100,1148239.0,,,0
300548.SZ,20260709,226.0,52600,11887600.0,,,0
300549.SZ,20260709,13.32,12600,167832.0,,,0
300550.SZ,20260709,15.05,61700,928585.0,,,0
300551.SZ,20260709,8.78,18300,160674.0,,,0
300552.SZ,20260709,20.96,3900,81744.0,,,0
300553.SZ,20260709,68.12,11100,756132.0,,,0
300554.SZ,20260709,22.81,11600,264596.0,,,0
300555.SZ,20260709,13.62,3200,43584.0,,,0
300556.SZ,20260709,16.01,16100,257761.0,,,0
300557.SZ,20260709,30.51,37800,1153278.0,,,0
300558.SZ,20260709,62.09,257700,16000593.0,,,0
300559.SZ,20260709,10.62,4900,52038.0,,,0
300560.SZ,20260709,18.22,46700,850874.0,,,0
300561.SZ,20260709,17.5,743700,13014750.0,,,0
300562.SZ,20260709,14.39,154600,2224694.0,,,0
300563.SZ,20260709,26.75,2300,61525.0,,,0
300564.SZ,20260709,,0,0.0,,,0
300565.SZ,20260709,9.4,136000,1278400.0,,,0
300566.SZ,20260709,33.1,179600,5944760.0,,,0
300567.SZ,20260709,,0,0.0,,,0
300568.SZ,20260709,18.83,366400,6899312.0,,,0
300569.SZ,20260709,4.61,4900,22589.0,,,0
300570.SZ,20260709,208.85,105700,22075445.0,,,0
300571.SZ,20260709,37.74,75700,2856918.0,,,0
300572.SZ,20260709,23.66,6400,151424.0,,,0
300573.SZ,20260709,39.43,13500,532305.0,,,0
300575.SZ,20260709,5.0,5100,25500.0,,,0
300576.SZ,20260709,41.46,36200,1500852.0,,,0
300577.SZ,20260709,16.5,10200,168300.0,,,0
300578.SZ,20260709,15.6,2600,40560.0,,,0
300579.SZ,20260709,20.27,18200,368914.0,,,0
300580.SZ,20260709,23.1,85700,1979670.0,,,0
300581.SZ,20260709,9.7,36000,349200.0,,,0
300582.SZ,20260709,11.13,6600,73458.0,,,0
300583.SZ,20260709,11.72,700,8204.0,,,0
300584.SZ,20260709,34.0,27900,948600.0,,,0
300585.SZ,20260709,,0,0.0,,,0
300586.SZ,20260709,12.53,154600,1937138.0,,,0
300587.SZ,20260709,3.58,76800,274944.0,,,0
300588.SZ,20260709,24.0,544400,13065600.0,,,0
300589.SZ,20260709,11.73,56700,665091.0,,,0
300590.SZ,20260709,14.81,142300,2107463.0,,,0
300591.SZ,20260709,6.12,178100,1089972.0,,,0
300592.SZ,20260709,17.38,37700,655226.0,,,0
300593.SZ,20260709,26.0,154900,4027400.0,,,0
300594.SZ,20260709,13.62,2000,27240.0,,,0
300595.SZ,20260709,10.63,6300,66969.0,,,0
300596.SZ,20260709,49.41,11100,548451.0,,,0
300597.SZ,20260709,6.91,9900,68409.0,,,0
300598.SZ,20260709,27.2,9600,261120.0,,,0
300599.SZ,20260709,9.7,7800,75660.0,,,0
300600.SZ,20260709,9.28,37000,343360.0,,,0
300601.SZ,20260709,11.25,24100,271125.0,,,0
300602.SZ,20260709,45.21,52200,2359962.0,,,0
300603.SZ,20260709,7.52,240300,1807056.0,,,0
300604.SZ,20260709,325.0,234820,76316500.0,,,0
300605.SZ,20260709,8.96,83700,749952.0,,,0
300606.SZ,20260709,36.35,12300,447105.0,,,0
300607.SZ,20260709,37.87,338600,12822782.0,,,0
300608.SZ,20260709,9.51,29376,279365.76,,,0
300609.SZ,20260709,28.64,4800,137472.0,,,0
300610.SZ,20260709,9.47,8000,75760.0,,,0
300611.SZ,20260709,23.84,1500,35760.0,,,0
300612.SZ,20260709,10.66,3100,33046.0,,,0
300613.SZ,20260709,71.0,21100,1498100.0,,,0
300614.SZ,20260709,9.45,33601,317529.45,,,0
300615.SZ,20260709,9.4,6000,56400.0,,,0
300616.SZ,20260709,10.15,46300,469945.0,,,0
300617.SZ,20260709,47.5,15700,745750.0,,,0
300618.SZ,20260709,33.89,11900,403291.0,,,0
300619.SZ,20260709,29.18,12400,361832.0,,,0
300620.SZ,20260709,310.0,62600,19406000.0,,,0
300621.SZ,20260709,6.31,26800,169108.0,,,0
300622.SZ,20260709,13.8,6200,85560.0,,,0
300623.SZ,20260709,39.39,113700,4478643.0,,,0
300624.SZ,20260709,48.34,28800,1392192.0,,,0
300625.SZ,20260709,8.88,4800,42624.0,,,0
300626.SZ,20260709,28.15,29300,824795.0,,,0
300627.SZ,20260709,27.14,21900,594366.0,,,0
300628.SZ,20260709,34.29,49500,1697355.0,,,0
300629.SZ,20260709,18.64,17200,320608.0,,,0
300631.SZ,20260709,22.42,6500,145730.0,,,0
300632.SZ,20260709,21.96,45800,1005768.0,,,0
300633.SZ,20260709,18.44,2000,36880.0,,,0
300634.SZ,20260709,18.6,21300,396180.0,,,0
300635.SZ,20260709,10.62,31800,337716.0,,,0
300636.SZ,20260709,6.53,33700,220061.0,,,0
300637.SZ,20260709,8.98,8000,71840.0,,,0
300638.SZ,20260709,17.25,18300,315675.0,,,0
300639.SZ,20260709,5.02,4100,20582.0,,,0
300640.SZ,20260709,5.7,6000,34200.0,,,0
300641.SZ,20260709,14.51,3000,43530.0,,,0
300642.SZ,20260709,12.15,1100,13365.0,,,0
300643.SZ,20260709,17.98,15500,278690.0,,,0
300644.SZ,20260709,22.93,1100,25223.0,,,0
300645.SZ,20260709,11.6,3000,34800.0,,,0
300647.SZ,20260709,5.23,12400,64852.0,,,0
300648.SZ,20260709,41.22,5000,206100.0,,,0
300649.SZ,20260709,28.03,21400,599842.0,,,0
300650.SZ,20260709,12.86,30400,390944.0,,,0
300651.SZ,20260709,16.57,6000,99420.0,,,0
300652.SZ,20260709,31.25,1700,53125.0,,,0
300653.SZ,20260709,,0,0.0,,,0
300654.SZ,20260709,9.24,2500,23100.0,,,0
300655.SZ,20260709,18.01,682665,12294796.65,,,0
300656.SZ,20260709,32.52,14900,484548.0,,,0
300657.SZ,20260709,37.0,80700,2985900.0,,,0
300658.SZ,20260709,10.79,12600,135954.0,,,0
300659.SZ,20260709,9.5,20700,196650.0,,,0
300660.SZ,20260709,28.68,17660,506488.8,,,0
300661.SZ,20260709,131.99,28300,3735317.0,,,0
300662.SZ,20260709,17.35,600,10410.0,,,0
300663.SZ,20260709,6.3,39700,250110.0,,,0
300664.SZ,20260709,4.34,31100,134974.0,,,0
300665.SZ,20260709,8.68,42600,369768.0,,,0
300666.SZ,20260709,339.46,176100,59778906.0,,,0
300667.SZ,20260709,14.99,10800,161892.0,,,0
300668.SZ,20260709,56.62,19000,1075780.0,,,0
300669.SZ,20260709,,0,0.0,,,0
300670.SZ,20260709,6.32,5500,34760.0,,,0
300671.SZ,20260709,94.74,133451,12643147.74,,,0
300672.SZ,20260709,240.03,21700,5208651.0,,,0
300673.SZ,20260709,13.42,9700,130174.0,,,0
300674.SZ,20260709,14.77,19400,286538.0,,,0
300675.SZ,20260709,11.68,9700,113296.0,,,0
300676.SZ,20260709,34.0,13500,459000.0,,,0
300677.SZ,20260709,44.72,40200,1797744.0,,,0
300678.SZ,20260709,21.66,10700,231762.0,,,0
300679.SZ,20260709,56.2,78600,4417320.0,,,0
300680.SZ,20260709,23.41,52130,1220363.3,,,0
300681.SZ,20260709,27.8,8500,236300.0,,,0
300682.SZ,20260709,9.9,82700,818730.0,,,0
300683.SZ,20260709,24.53,49400,1211782.0,,,0
300684.SZ,20260709,66.92,102700,6872684.0,,,0
300685.SZ,20260709,17.06,2400,40944.0,,,0
300686.SZ,20260709,15.58,38200,595156.0,,,0
300687.SZ,20260709,28.29,177300,5015817.0,,,0
300688.SZ,20260709,25.25,2300,58075.0,,,0
300689.SZ,20260709,71.69,28000,2007320.0,,,0
300690.SZ,20260709,21.2,2700,57240.0,,,0
300691.SZ,20260709,14.15,5600,79240.0,,,0
300692.SZ,20260709,8.24,45200,372448.0,,,0
300693.SZ,20260709,40.05,17500,700875.0,,,0
300694.SZ,20260709,11.88,69400,824472.0,,,0
300695.SZ,20260709,55.99,4000,223960.0,,,0
300696.SZ,20260709,22.81,37900,864499.0,,,0
300697.SZ,20260709,13.63,23100,314853.0,,,0
300698.SZ,20260709,25.83,1800,46494.0,,,0
300699.SZ,20260709,27.31,39200,1070552.0,,,0
300700.SZ,20260709,20.16,18800,379008.0,,,0
300701.SZ,20260709,9.19,3500,32165.0,,,0
300702.SZ,20260709,20.4,30300,618120.0,,,0
300703.SZ,20260709,12.55,20300,254765.0,,,0
300705.SZ,20260709,10.15,26800,272020.0,,,0
300706.SZ,20260709,69.51,62500,4344375.0,,,0
300707.SZ,20260709,10.93,25100,274343.0,,,0
300708.SZ,20260709,7.82,57300,448086.0,,,0
300709.SZ,20260709,46.5,21500,999750.0,,,0
300710.SZ,20260709,28.64,2700,77328.0,,,0
300711.SZ,20260709,15.24,5600,85344.0,,,0
300712.SZ,20260709,22.41,5300,118773.0,,,0
300713.SZ,20260709,12.17,7800,94926.0,,,0
300715.SZ,20260709,14.5,22800,330600.0,,,0
300716.SZ,20260709,21.0,82700,1736700.0,,,0
300717.SZ,20260709,23.87,96200,2296294.0,,,0
300718.SZ,20260709,62.34,53400,3328956.0,,,0
300719.SZ,20260709,11.06,13400,148204.0,,,0
300720.SZ,20260709,99.0,30600,3029400.0,,,0
300721.SZ,20260709,30.5,74500,2272250.0,,,0
300722.SZ,20260709,21.12,3700,78144.0,,,0
300723.SZ,20260709,36.9,111300,4106970.0,,,0
300724.SZ,20260709,63.0,54500,3433500.0,,,0
300725.SZ,20260709,35.08,79700,2795876.0,,,0
300726.SZ,20260709,68.48,22500,1540800.0,,,0
300727.SZ,20260709,35.7,30800,1099560.0,,,0
300729.SZ,20260709,9.82,1400,13748.0,,,0
300730.SZ,20260709,12.82,8700,111534.0,,,0
300731.SZ,20260709,51.0,13700,698700.0,,,0
300732.SZ,20260709,5.66,14100,79806.0,,,0
300733.SZ,20260709,11.97,2500,29925.0,,,0
300735.SZ,20260709,21.66,49400,1070004.0,,,0
300736.SZ,20260709,28.85,6800,196180.0,,,0
300737.SZ,20260709,6.16,73700,453992.0,,,0
300738.SZ,20260709,20.2,376300,7601260.0,,,0
300739.SZ,20260709,28.79,28200,811878.0,,,0
300740.SZ,20260709,19.41,345859,6713123.19,,,0
300741.SZ,20260709,12.74,1200,15288.0,,,0
300743.SZ,20260709,14.34,1700,24378.0,,,0
300745.SZ,20260709,50.24,108500,5451040.0,,,0
300746.SZ,20260709,9.81,3600,35316.0,,,0
300747.SZ,20260709,40.78,71300,2907614.0,,,0
300748.SZ,20260709,29.61,151218,4477564.98,,,0
300749.SZ,20260709,23.5,4600,108100.0,,,0
300750.SZ,20260709,361.0,363700,131295700.0,,,0
300751.SZ,20260709,270.28,91700,24784676.0,,,0
300752.SZ,20260709,11.99,16800,201432.0,,,0
300753.SZ,20260709,18.53,31300,579989.0,,,0
300755.SZ,20260709,10.84,14900,161516.0,,,0
300756.SZ,20260709,28.89,1800,52002.0,,,0
300757.SZ,20260709,484.65,21400,10371510.0,,,0
300758.SZ,20260709,11.26,9200,103592.0,,,0
300759.SZ,20260709,29.99,844600,25329554.0,,,0
300760.SZ,20260709,136.8,40300,5513040.0,,,0
300761.SZ,20260709,18.06,15200,274512.0,,,0
300762.SZ,20260709,40.11,251400,10083654.0,,,0
300763.SZ,20260709,66.78,102900,6871662.0,,,0
300765.SZ,20260709,32.82,164200,5389044.0,,,0
300766.SZ,20260709,20.36,69900,1423164.0,,,0
300767.SZ,20260709,21.29,58500,1245465.0,,,0
300768.SZ,20260709,16.01,409300,6552893.0,,,0
300769.SZ,20260709,55.27,93300,5156691.0,,,0
300770.SZ,20260709,32.29,3500,113015.0,,,0
300771.SZ,20260709,10.41,2400,24984.0,,,0
300772.SZ,20260709,11.16,42700,476532.0,,,0
300773.SZ,20260709,14.6,63940,933524.0,,,0
300774.SZ,20260709,9.91,22600,223966.0,,,0
300775.SZ,20260709,20.43,33600,686448.0,,,0
300776.SZ,20260709,162.0,27500,4455000.0,,,0
300777.SZ,20260709,27.18,34200,929556.0,,,0
300778.SZ,20260709,9.23,45100,416273.0,,,0
300779.SZ,20260709,57.5,73500,4226250.0,,,0
300780.SZ,20260709,29.5,20800,613600.0,,,0
300781.SZ,20260709,24.63,10500,258615.0,,,0
300782.SZ,20260709,91.33,67400,6155642.0,,,0
300783.SZ,20260709,16.06,5800,93148.0,,,0
300784.SZ,20260709,40.04,600,24024.0,,,0
300785.SZ,20260709,33.99,30700,1043493.0,,,0
300786.SZ,20260709,19.76,159500,3151720.0,,,0
300787.SZ,20260709,8.59,21300,182967.0,,,0
300788.SZ,20260709,22.8,2800,63840.0,,,0
300789.SZ,20260709,16.38,18500,303030.0,,,0
300790.SZ,20260709,22.19,17100,379449.0,,,0
300791.SZ,20260709,15.9,200,3180.0,,,0
300792.SZ,20260709,23.9,4800,114720.0,,,0
300793.SZ,20260709,10.64,6200,65968.0,,,0
300795.SZ,20260709,8.33,6400,53312.0,,,0
300796.SZ,20260709,6.2,4700,29140.0,,,0
300797.SZ,20260709,12.95,12300,159285.0,,,0
300798.SZ,20260709,6.17,63300,390561.0,,,0
300800.SZ,20260709,9.31,7000,65170.0,,,0
300801.SZ,20260709,26.98,76600,2066668.0,,,0
300802.SZ,20260709,21.4,42900,918060.0,,,0
300803.SZ,20260709,80.11,91200,7306032.0,,,0
300804.SZ,20260709,27.44,1700,46648.0,,,0
300805.SZ,20260709,7.18,7000,50260.0,,,0
300806.SZ,20260709,86.5,52000,4498000.0,,,0
300807.SZ,20260709,37.71,700,26397.0,,,0
300808.SZ,20260709,19.51,3900,76089.0,,,0
300809.SZ,20260709,25.74,12200,314028.0,,,0
300810.SZ,20260709,23.78,500,11890.0,,,0
300811.SZ,20260709,85.88,68214,5858218.32,,,0
300812.SZ,20260709,23.58,16200,381996.0,,,0
300813.SZ,20260709,21.25,25600,544000.0,,,0
300814.SZ,20260709,166.0,30200,5013200.0,,,0
300815.SZ,20260709,16.83,17200,289476.0,,,0
300816.SZ,20260709,61.68,5200,320736.0,,,0
300817.SZ,20260709,15.66,13200,206712.0,,,0
300818.SZ,20260709,17.7,15070,266739.0,,,0
300819.SZ,20260709,57.69,2700,155763.0,,,0
300820.SZ,20260709,71.64,11000,788040.0,,,0
300821.SZ,20260709,25.5,2211921,56403985.5,,,0
300822.SZ,20260709,11.17,6200,69254.0,,,0
300823.SZ,20260709,14.39,3400,48926.0,,,0
300824.SZ,20260709,7.21,8700,62727.0,,,0
300825.SZ,20260709,12.11,41200,498932.0,,,0
300826.SZ,20260709,,0,0.0,,,0
300827.SZ,20260709,24.77,18400,455768.0,,,0
300828.SZ,20260709,17.16,1500,25740.0,,,0
300829.SZ,20260709,13.78,3000,41340.0,,,0
300830.SZ,20260709,7.44,219300,1631592.0,,,0
300831.SZ,20260709,18.23,22000,401060.0,,,0
300832.SZ,20260709,41.36,12500,517000.0,,,0
300833.SZ,20260709,34.62,6800,235416.0,,,0
300834.SZ,20260709,38.77,700,27139.0,,,0
300835.SZ,20260709,176.48,26100,4606128.0,,,0
300836.SZ,20260709,66.0,2600,171600.0,,,0
300837.SZ,20260709,22.58,4900,110642.0,,,0
300838.SZ,20260709,12.43,23200,288376.0,,,0
300839.SZ,20260709,12.0,43400,520800.0,,,0
300840.SZ,20260709,21.77,8900,193753.0,,,0
300841.SZ,20260709,45.87,2800,128436.0,,,0
300842.SZ,20260709,75.75,12100,916575.0,,,0
300843.SZ,20260709,147.4,55000,8107000.0,,,0
300844.SZ,20260709,21.64,16300,352732.0,,,0
300845.SZ,20260709,11.64,36200,421368.0,,,0
300846.SZ,20260709,19.6,262600,5146960.0,,,0
300847.SZ,20260709,12.92,1800,23256.0,,,0
300848.SZ,20260709,13.15,1800,23670.0,,,0
300849.SZ,20260709,23.3,800,18640.0,,,0
300850.SZ,20260709,24.35,36100,879035.0,,,0
300851.SZ,20260709,21.91,2400,52584.0,,,0
300852.SZ,20260709,59.52,44400,2642688.0,,,0
300853.SZ,20260709,27.99,60700,1698993.0,,,0
300854.SZ,20260709,18.21,25000,455250.0,,,0
300855.SZ,20260709,33.3,7500,249750.0,,,0
300856.SZ,20260709,10.5,4700,49350.0,,,0
300857.SZ,20260709,289.0,106540,30790060.0,,,0
300858.SZ,20260709,14.32,4100,58712.0,,,0
300859.SZ,20260709,26.01,149900,3898899.0,,,0
300860.SZ,20260709,25.59,2200,56298.0,,,0
300861.SZ,20260709,20.17,58200,1173894.0,,,0
300862.SZ,20260709,18.03,14200,256026.0,,,0
300863.SZ,20260709,54.85,20900,1146365.0,,,0
300864.SZ,20260709,19.79,3000,59370.0,,,0
300865.SZ,20260709,22.36,9600,214656.0,,,0
300866.SZ,20260709,103.91,2400,249384.0,,,0
300867.SZ,20260709,16.99,30900,524991.0,,,0
300868.SZ,20260709,130.93,15400,2016322.0,,,0
300869.SZ,20260709,10.35,6600,68310.0,,,0
300870.SZ,20260709,274.01,23200,6357032.0,,,0
300871.SZ,20260709,23.3,37100,864430.0,,,0
300872.SZ,20260709,15.1,32100,484710.0,,,0
300873.SZ,20260709,29.43,434000,12772620.0,,,0
300875.SZ,20260709,28.57,9800,279986.0,,,0
300876.SZ,20260709,14.88,3000,44640.0,,,0
300877.SZ,20260709,28.4,3500,99400.0,,,0
300878.SZ,20260709,31.52,48800,1538176.0,,,0
300879.SZ,20260709,15.69,2200,34518.0,,,0
300880.SZ,20260709,19.62,32900,645498.0,,,0
300881.SZ,20260709,36.79,7600,279604.0,,,0
300882.SZ,20260709,15.01,4100,61541.0,,,0
300883.SZ,20260709,6.15,24800,152520.0,,,0
300884.SZ,20260709,11.46,35600,407976.0,,,0
300885.SZ,20260709,22.48,23200,521536.0,,,0
300886.SZ,20260709,20.52,20901,428888.52,,,0
300887.SZ,20260709,6.79,17400,118146.0,,,0
300888.SZ,20260709,27.99,9400,263106.0,,,0
300889.SZ,20260709,22.37,1100,24607.0,,,0
300890.SZ,20260709,29.04,24000,696960.0,,,0
300891.SZ,20260709,6.29,15500,97495.0,,,0
300892.SZ,20260709,19.11,1300,24843.0,,,0
300893.SZ,20260709,15.77,500,7885.0,,,0
300894.SZ,20260709,12.15,18300,222345.0,,,0
300895.SZ,20260709,48.28,26400,1274592.0,,,0
300896.SZ,20260709,86.73,9000,780570.0,,,0
300897.SZ,20260709,14.17,8200,116194.0,,,0
300898.SZ,20260709,18.3,10300,188490.0,,,0
300899.SZ,20260709,27.62,1100,30382.0,,,0
300900.SZ,20260709,37.95,244086,9263063.7,,,0
300901.SZ,20260709,14.08,100,1408.0,,,0
300902.SZ,20260709,15.38,9300,143034.0,,,0
300903.SZ,20260709,86.86,47900,4160594.0,,,0
300904.SZ,20260709,38.7,200,7740.0,,,0
300905.SZ,20260709,43.86,31700,1390362.0,,,0
300906.SZ,20260709,24.01,3600,86436.0,,,0
300907.SZ,20260709,48.51,5000,242550.0,,,0
300908.SZ,20260709,23.35,400,9340.0,,,0
300909.SZ,20260709,55.06,3900,214734.0,,,0
300910.SZ,20260709,28.3,3200,90560.0,,,0
300911.SZ,20260709,18.97,60100,1140097.0,,,0
300912.SZ,20260709,24.74,49500,1224630.0,,,0
300913.SZ,20260709,38.12,17300,659476.0,,,0
300915.SZ,20260709,19.69,6601,129973.69,,,0
300916.SZ,20260709,20.9,25200,526680.0,,,0
300917.SZ,20260709,22.95,8100,185895.0,,,0
300918.SZ,20260709,10.42,31600,329272.0,,,0
300919.SZ,20260709,39.52,35872,1417661.44,,,0
300920.SZ,20260709,31.46,1000,31460.0,,,0
300921.SZ,20260709,16.2,132000,2138400.0,,,0
300922.SZ,20260709,14.46,26900,388974.0,,,0
300923.SZ,20260709,20.77,3500,72695.0,,,0
300925.SZ,20260709,14.01,10900,152709.0,,,0
300926.SZ,20260709,17.38,5400,93852.0,,,0
300927.SZ,20260709,21.18,2800,59304.0,,,0
300928.SZ,20260709,26.84,600,16104.0,,,0
300929.SZ,20260709,13.01,36801,478781.01,,,0
300930.SZ,20260709,25.46,7400,188404.0,,,0
300931.SZ,20260709,15.04,12100,181984.0,,,0
300932.SZ,20260709,9.96,87100,867516.0,,,0
300933.SZ,20260709,5.76,22200,127872.0,,,0
300935.SZ,20260709,25.43,16200,411966.0,,,0
300936.SZ,20260709,98.59,1500,147885.0,,,0
300937.SZ,20260709,19.35,2400,46440.0,,,0
300938.SZ,20260709,45.3,50500,2287650.0,,,0
300939.SZ,20260709,56.77,3400,193018.0,,,0
300940.SZ,20260709,13.85,3600,49860.0,,,0
300941.SZ,20260709,13.54,7400,100196.0,,,0
300942.SZ,20260709,5.9,5400,31860.0,,,0
300943.SZ,20260709,42.75,18900,807975.0,,,0
300945.SZ,20260709,10.6,84000,890400.0,,,0
300946.SZ,20260709,38.6,800,30880.0,,,0
300947.SZ,20260709,12.59,10100,127159.0,,,0
300948.SZ,20260709,23.62,1200,28344.0,,,0
300949.SZ,20260709,20.26,29300,593618.0,,,0
300950.SZ,20260709,,0,0.0,,,0
300951.SZ,20260709,44.38,4700,208586.0,,,0
300952.SZ,20260709,17.21,9000,154890.0,,,0
300953.SZ,20260709,121.85,43900,5349215.0,,,0
300955.SZ,20260709,35.2,800,28160.0,,,0
300956.SZ,20260709,10.39,33800,351182.0,,,0
300957.SZ,20260709,31.01,61100,1894711.0,,,0
300958.SZ,20260709,10.66,6600,70356.0,,,0
300959.SZ,20260709,122.6,1700,208420.0,,,0
300960.SZ,20260709,14.88,6900,102672.0,,,0
300961.SZ,20260709,12.58,36100,454138.0,,,0
300962.SZ,20260709,12.54,3300,41382.0,,,0
300963.SZ,20260709,11.95,3600,43020.0,,,0
300964.SZ,20260709,77.77,114860,8932662.2,,,0
300965.SZ,20260709,39.38,1200,47256.0,,,0
300966.SZ,20260709,29.15,70300,2049245.0,,,0
300967.SZ,20260709,15.22,63400,964948.0,,,0
300968.SZ,20260709,8.7,9000,78300.0,,,0
300969.SZ,20260709,97.0,4600,446200.0,,,0
300970.SZ,20260709,17.82,30500,543510.0,,,0
300971.SZ,20260709,,0,0.0,,,0
300972.SZ,20260709,199.12,5200,1035424.0,,,0
300973.SZ,20260709,24.65,3900,96135.0,,,0
300975.SZ,20260709,35.8,477300,17087340.0,,,0
300976.SZ,20260709,70.87,1600,113392.0,,,0
300977.SZ,20260709,14.7,4900,72030.0,,,0
300978.SZ,20260709,8.08,1000,8080.0,,,0
300979.SZ,20260709,30.67,1500,46005.0,,,0
300980.SZ,20260709,32.54,35000,1138900.0,,,0
300981.SZ,20260709,9.95,3800,37810.0,,,0
300982.SZ,20260709,15.31,2300,35213.0,,,0
300983.SZ,20260709,37.97,21600,820152.0,,,0
300984.SZ,20260709,40.11,4100,164451.0,,,0
300985.SZ,20260709,49.28,203900,10048192.0,,,0
300986.SZ,20260709,15.85,70774,1121767.9,,,0
300987.SZ,20260709,12.25,900,11025.0,,,0
300988.SZ,20260709,14.9,9200,137080.0,,,0
300989.SZ,20260709,12.5,8000,100000.0,,,0
300990.SZ,20260709,102.8,92000,9457600.0,,,0
300991.SZ,20260709,30.77,9300,286161.0,,,0
300992.SZ,20260709,25.43,72200,1836046.0,,,0
300993.SZ,20260709,9.48,10800,102384.0,,,0
300994.SZ,20260709,10.39,800,8312.0,,,0
300995.SZ,20260709,26.81,800,21448.0,,,0
300996.SZ,20260709,10.81,11000,118910.0,,,0
300997.SZ,20260709,13.85,37100,513835.0,,,0
300998.SZ,20260709,27.68,17400,481632.0,,,0
300999.SZ,20260709,24.1,41500,1000150.0,,,0
301000.SZ,20260709,29.82,203800,6077316.0,,,0
301001.SZ,20260709,21.89,800,17512.0,,,0
301002.SZ,20260709,35.49,11700,415233.0,,,0
301003.SZ,20260709,,0,0.0,,,0
301004.SZ,20260709,31.49,700,22043.0,,,0
301005.SZ,20260709,97.04,22900,2222216.0,,,0
301006.SZ,20260709,12.55,7400,92870.0,,,0
301007.SZ,20260709,30.8,6900,212520.0,,,0
301008.SZ,20260709,33.11,90800,3006388.0,,,0
301009.SZ,20260709,8.21,4600,37766.0,,,0
301010.SZ,20260709,15.66,14700,230202.0,,,0
301011.SZ,20260709,13.93,800,11144.0,,,0
301012.SZ,20260709,22.33,4200,93786.0,,,0
301013.SZ,20260709,62.15,140900,8756935.0,,,0
301015.SZ,20260709,21.51,59600,1281996.0,,,0
301016.SZ,20260709,13.36,800,10688.0,,,0
301017.SZ,20260709,12.91,11400,147174.0,,,0
301018.SZ,20260709,120.0,153460,18415200.0,,,0
301019.SZ,20260709,15.67,32340,506767.8,,,0
301020.SZ,20260709,20.46,2500,51150.0,,,0
301021.SZ,20260709,91.78,14900,1367522.0,,,0
301022.SZ,20260709,22.7,3000,68100.0,,,0
301023.SZ,20260709,30.92,16800,519456.0,,,0
301024.SZ,20260709,32.01,4100,131241.0,,,0
301025.SZ,20260709,7.86,1100,8646.0,,,0
301026.SZ,20260709,17.71,7900,139909.0,,,0
301027.SZ,20260709,19.14,39400,754116.0,,,0
301028.SZ,20260709,15.59,12000,187080.0,,,0
301029.SZ,20260709,29.15,44200,1288430.0,,,0
301030.SZ,20260709,8.77,133200,1168164.0,,,0
301031.SZ,20260709,109.0,16800,1831200.0,,,0
301032.SZ,20260709,9.57,4500,43065.0,,,0
301033.SZ,20260709,54.57,5500,300135.0,,,0
301035.SZ,20260709,46.1,200,9220.0,,,0
301036.SZ,20260709,21.05,800,16840.0,,,0
301037.SZ,20260709,11.56,3900,45084.0,,,0
301038.SZ,20260709,18.79,143700,2700123.0,,,0
301039.SZ,20260709,6.96,10100,70296.0,,,0
301040.SZ,20260709,23.35,2000,46700.0,,,0
301041.SZ,20260709,27.5,45100,1240250.0,,,0
301042.SZ,20260709,65.75,7900,519425.0,,,0
301043.SZ,20260709,48.01,1900,91219.0,,,0
301045.SZ,20260709,92.0,40600,3735200.0,,,0
301046.SZ,20260709,26.89,4300,115627.0,,,0
301047.SZ,20260709,67.54,12000,810480.0,,,0
301048.SZ,20260709,8.63,200,1726.0,,,0
301049.SZ,20260709,17.74,4300,76282.0,,,0
301050.SZ,20260709,32.45,7000,227150.0,,,0
301051.SZ,20260709,21.32,321451,6853335.32,,,0
301052.SZ,20260709,22.2,11800,261960.0,,,0
301053.SZ,20260709,38.6,324300,12517980.0,,,0
301055.SZ,20260709,38.75,8800,341000.0,,,0
301056.SZ,20260709,10.49,1600,16784.0,,,0
301057.SZ,20260709,21.3,5000,106500.0,,,0
301058.SZ,20260709,,0,0.0,,,0
301059.SZ,20260709,11.78,13400,157852.0,,,0
301060.SZ,20260709,8.4,15900,133560.0,,,0
301061.SZ,20260709,33.55,21500,721325.0,,,0
301062.SZ,20260709,5.75,11500,66125.0,,,0
301063.SZ,20260709,16.39,8900,145871.0,,,0
301065.SZ,20260709,18.09,800,14472.0,,,0
301066.SZ,20260709,11.39,31500,358785.0,,,0
301067.SZ,20260709,27.34,13900,380026.0,,,0
301068.SZ,20260709,29.91,45800,1369878.0,,,0
301069.SZ,20260709,18.45,6600,121770.0,,,0
301070.SZ,20260709,87.16,14100,1228956.0,,,0
301071.SZ,20260709,79.17,291000,23038470.0,,,0
301072.SZ,20260709,39.42,14800,583416.0,,,0
301073.SZ,20260709,16.89,28400,479676.0,,,0
301075.SZ,20260709,59.7,9700,579090.0,,,0
301076.SZ,20260709,25.15,10600,266590.0,,,0
301077.SZ,20260709,22.8,6100,139080.0,,,0
301078.SZ,20260709,6.45,24100,155445.0,,,0
301079.SZ,20260709,30.58,8500,259930.0,,,0
301080.SZ,20260709,47.01,11300,531213.0,,,0
301081.SZ,20260709,13.6,22300,303280.0,,,0
301082.SZ,20260709,8.42,6300,53046.0,,,0
301083.SZ,20260709,12.71,3200,40672.0,,,0
301085.SZ,20260709,58.81,18600,1093866.0,,,0
301086.SZ,20260709,179.9,2000,359800.0,,,0
301087.SZ,20260709,49.0,8700,426300.0,,,0
301088.SZ,20260709,,0,0.0,,,0
301089.SZ,20260709,21.99,19800,435402.0,,,0
301090.SZ,20260709,6.3,800,5040.0,,,0
301091.SZ,20260709,15.5,20900,323950.0,,,0
301092.SZ,20260709,51.29,27700,1420733.0,,,0
301093.SZ,20260709,107.2,1100,117920.0,,,0
301095.SZ,20260709,110.0,64200,7062000.0,,,0
301096.SZ,20260709,49.88,6200,309256.0,,,0
301097.SZ,20260709,34.72,300,10416.0,,,0
301098.SZ,20260709,8.46,65600,554976.0,,,0
301099.SZ,20260709,88.12,317800,28004536.0,,,0
301100.SZ,20260709,14.86,25100,372986.0,,,0
301101.SZ,20260709,28.31,3600,101916.0,,,0
301102.SZ,20260709,8.67,5400,46818.0,,,0
301103.SZ,20260709,15.33,4800,73584.0,,,0
301105.SZ,20260709,42.78,1300,55614.0,,,0
301106.SZ,20260709,18.17,1800,32706.0,,,0
301107.SZ,20260709,20.84,3100,64604.0,,,0
301108.SZ,20260709,28.15,26100,734715.0,,,0
301109.SZ,20260709,13.11,6800,89148.0,,,0
301110.SZ,20260709,37.32,5600,208992.0,,,0
301111.SZ,20260709,22.12,4700,103964.0,,,0
301112.SZ,20260709,32.27,400,12908.0,,,0
301113.SZ,20260709,14.74,13800,203412.0,,,0
301115.SZ,20260709,,0,0.0,,,0
301116.SZ,20260709,8.98,10400,93392.0,,,0
301117.SZ,20260709,16.91,208400,3524044.0,,,0
301118.SZ,20260709,23.6,24300,573480.0,,,0
301119.SZ,20260709,23.83,31200,743496.0,,,0
301120.SZ,20260709,14.95,14600,218270.0,,,0
301121.SZ,20260709,35.04,200,7008.0,,,0
301122.SZ,20260709,28.1,2200,61820.0,,,0
301123.SZ,20260709,98.67,56400,5564988.0,,,0
301125.SZ,20260709,,0,0.0,,,0
301126.SZ,20260709,8.75,6900,60375.0,,,0
301127.SZ,20260709,18.3,59400,1087020.0,,,0
301128.SZ,20260709,141.51,9360,1324533.6,,,0
301129.SZ,20260709,19.69,29300,576917.0,,,0
301130.SZ,20260709,24.06,1000,24060.0,,,0
301131.SZ,20260709,31.38,500,15690.0,,,0
301132.SZ,20260709,43.0,92100,3960300.0,,,0
301133.SZ,20260709,36.35,100,3635.0,,,0
301135.SZ,20260709,15.63,3300,51579.0,,,0
301136.SZ,20260709,10.88,15500,168640.0,,,0
301137.SZ,20260709,31.0,5500,170500.0,,,0
301138.SZ,20260709,31.26,35500,1109730.0,,,0
301139.SZ,20260709,3.33,33200,110556.0,,,0
301141.SZ,20260709,38.06,5200,197912.0,,,0
301148.SZ,20260709,49.84,5500,274120.0,,,0
301149.SZ,20260709,8.21,3710,30459.1,,,0
301150.SZ,20260709,50.57,58000,2933060.0,,,0
301151.SZ,20260709,20.14,339800,6843572.0,,,0
301152.SZ,20260709,22.0,10900,239800.0,,,0
301153.SZ,20260709,16.11,8700,140157.0,,,0
301155.SZ,20260709,40.58,1200,48696.0,,,0
301156.SZ,20260709,10.84,3900,42276.0,,,0
301157.SZ,20260709,56.34,100,5634.0,,,0
301158.SZ,20260709,14.08,29200,411136.0,,,0
301159.SZ,20260709,28.67,7800,223626.0,,,0
301160.SZ,20260709,45.25,17000,769250.0,,,0
301161.SZ,20260709,37.65,8800,331320.0,,,0
301162.SZ,20260709,39.29,3400,133586.0,,,0
301163.SZ,20260709,22.11,3200,70752.0,,,0
301165.SZ,20260709,102.95,730188,75172854.6,,,0
301166.SZ,20260709,26.1,1300,33930.0,,,0
301167.SZ,20260709,12.29,11700,143793.0,,,0
301168.SZ,20260709,39.46,1600,63136.0,,,0
301169.SZ,20260709,65.83,200,13166.0,,,0
301170.SZ,20260709,21.61,2700,58347.0,,,0
301171.SZ,20260709,28.92,188400,5448528.0,,,0
301172.SZ,20260709,24.21,6900,167049.0,,,0
301173.SZ,20260709,30.23,1300,39299.0,,,0
301175.SZ,20260709,4.95,18600,92070.0,,,0
301176.SZ,20260709,51.7,10900,563530.0,,,0
301177.SZ,20260709,22.63,6700,151621.0,,,0
301178.SZ,20260709,35.47,6600,234102.0,,,0
301179.SZ,20260709,19.86,8600,170796.0,,,0
301180.SZ,20260709,11.65,6000,69900.0,,,0
301181.SZ,20260709,21.83,3000,65490.0,,,0
301182.SZ,20260709,88.08,29200,2571936.0,,,0
301183.SZ,20260709,225.8,23400,5283720.0,,,0
301185.SZ,20260709,14.29,4200,60018.0,,,0
301186.SZ,20260709,37.42,40300,1508026.0,,,0
301187.SZ,20260709,14.55,5400,78570.0,,,0
301188.SZ,20260709,48.94,123100,6024514.0,,,0
301189.SZ,20260709,55.11,6000,330660.0,,,0
301190.SZ,20260709,15.54,15500,240870.0,,,0
301191.SZ,20260709,127.2,227000,28874400.0,,,0
301192.SZ,20260709,18.48,15900,293832.0,,,0
301193.SZ,20260709,,0,0.0,,,0
301195.SZ,20260709,27.35,8600,235210.0,,,0
301196.SZ,20260709,104.86,5300,555758.0,,,0
301197.SZ,20260709,22.23,53400,1187082.0,,,0
301198.SZ,20260709,12.12,8000,96960.0,,,0
301199.SZ,20260709,19.43,32700,635361.0,,,0
301200.SZ,20260709,320.0,14100,4512000.0,,,0
301201.SZ,20260709,39.4,340100,13399940.0,,,0
301202.SZ,20260709,38.0,145400,5525200.0,,,0
301203.SZ,20260709,39.39,300,11817.0,,,0
301205.SZ,20260709,271.01,43000,11653430.0,,,0
301206.SZ,20260709,23.46,8500,199410.0,,,0
301207.SZ,20260709,16.35,4100,67035.0,,,0
301208.SZ,20260709,28.5,2300,65550.0,,,0
301209.SZ,20260709,50.89,13400,681926.0,,,0
301210.SZ,20260709,29.7,5800,172260.0,,,0
301211.SZ,20260709,10.95,149300,1634835.0,,,0
301212.SZ,20260709,24.6,6300,154980.0,,,0
301213.SZ,20260709,44.51,400,17804.0,,,0
301215.SZ,20260709,5.12,24100,123392.0,,,0
301216.SZ,20260709,20.0,29300,586000.0,,,0
301217.SZ,20260709,138.88,311100,43205568.0,,,0
301218.SZ,20260709,37.29,6700,249843.0,,,0
301219.SZ,20260709,49.89,67690,3377054.1,,,0
301220.SZ,20260709,30.36,3100,94116.0,,,0
301221.SZ,20260709,28.0,700,19600.0,,,0
301222.SZ,20260709,29.8,20000,596000.0,,,0
301223.SZ,20260709,15.61,1300,20293.0,,,0
301225.SZ,20260709,84.4,7200,607680.0,,,0
301226.SZ,20260709,29.2,5000,146000.0,,,0
301227.SZ,20260709,26.63,10900,290267.0,,,0
301228.SZ,20260709,74.77,500,37385.0,,,0
301229.SZ,20260709,12.09,1800,21762.0,,,0
301230.SZ,20260709,34.39,55500,1908645.0,,,0
301231.SZ,20260709,22.86,28800,658368.0,,,0
301232.SZ,20260709,157.51,39642,6244011.42,,,0
301233.SZ,20260709,31.91,100,3191.0,,,0
301235.SZ,20260709,54.27,75700,4108239.0,,,0
301236.SZ,20260709,38.31,128850,4936243.5,,,0
301237.SZ,20260709,67.0,54300,3638100.0,,,0
301238.SZ,20260709,18.66,63300,1181178.0,,,0
301239.SZ,20260709,29.45,3200,94240.0,,,0
301246.SZ,20260709,23.3,20600,479980.0,,,0
301248.SZ,20260709,73.15,7800,570570.0,,,0
301251.SZ,20260709,57.0,525558,29956806.0,,,0
301252.SZ,20260709,36.42,1600,58272.0,,,0
301255.SZ,20260709,20.57,600,12342.0,,,0
301256.SZ,20260709,11.42,1700,19414.0,,,0
301257.SZ,20260709,45.98,53000,2436940.0,,,0
301258.SZ,20260709,23.7,500,11850.0,,,0
301259.SZ,20260709,26.53,41400,1098342.0,,,0
301260.SZ,20260709,13.65,5900,80535.0,,,0
301261.SZ,20260709,76.0,2900,220400.0,,,0
301262.SZ,20260709,18.62,11600,215992.0,,,0
301263.SZ,20260709,20.11,11900,239309.0,,,0
301265.SZ,20260709,25.7,5600,143920.0,,,0
301266.SZ,20260709,20.98,6600,138468.0,,,0
301267.SZ,20260709,14.71,17300,254483.0,,,0
301268.SZ,20260709,13.14,5200,68328.0,,,0
301269.SZ,20260709,119.0,151300,18004700.0,,,0
301270.SZ,20260709,26.25,700,18375.0,,,0
301272.SZ,20260709,,0,0.0,,,0
301273.SZ,20260709,,0,0.0,,,0
301275.SZ,20260709,41.23,8200,338086.0,,,0
301276.SZ,20260709,23.95,13400,320930.0,,,0
301277.SZ,20260709,9.76,539600,5266496.0,,,0
301278.SZ,20260709,26.38,300,7914.0,,,0
301279.SZ,20260709,21.66,13400,290244.0,,,0
301280.SZ,20260709,46.03,1200,55236.0,,,0
301281.SZ,20260709,49.89,13600,678504.0,,,0
301282.SZ,20260709,26.98,268400,7241432.0,,,0
301283.SZ,20260709,24.07,600,14442.0,,,0
301285.SZ,20260709,101.45,8000,811600.0,,,0
301286.SZ,20260709,49.8,1800,89640.0,,,0
301287.SZ,20260709,31.7,1500,47550.0,,,0
301288.SZ,20260709,16.28,10300,167684.0,,,0
301289.SZ,20260709,44.95,500,22475.0,,,0
301290.SZ,20260709,27.01,2100,56721.0,,,0
301291.SZ,20260709,38.51,137500,5295125.0,,,0
301292.SZ,20260709,64.6,35500,2293300.0,,,0
301293.SZ,20260709,49.91,114400,5709704.0,,,0
301295.SZ,20260709,43.48,31300,1360924.0,,,0
301296.SZ,20260709,6.37,30700,195559.0,,,0
301297.SZ,20260709,50.42,72100,3635282.0,,,0
301298.SZ,20260709,11.52,8900,102528.0,,,0
301299.SZ,20260709,43.02,500,21510.0,,,0
301300.SZ,20260709,29.75,300,8925.0,,,0
301301.SZ,20260709,8.24,16700,137608.0,,,0
301302.SZ,20260709,24.05,15000,360750.0,,,0
301303.SZ,20260709,14.06,3300,46398.0,,,0
301305.SZ,20260709,25.59,49100,1256469.0,,,0
301306.SZ,20260709,146.0,7000,1022000.0,,,0
301307.SZ,20260709,89.88,258200,23207016.0,,,0
301308.SZ,20260709,611.51,192175,117516934.25,,,0
301309.SZ,20260709,29.52,8400,247968.0,,,0
301310.SZ,20260709,51.5,13700,705550.0,,,0
301311.SZ,20260709,12.82,2400,30768.0,,,0
301312.SZ,20260709,94.75,10200,966450.0,,,0
301313.SZ,20260709,41.46,33400,1384764.0,,,0
301314.SZ,20260709,41.49,5100,211599.0,,,0
301315.SZ,20260709,,0,0.0,,,0
301316.SZ,20260709,40.89,184400,7540116.0,,,0
301317.SZ,20260709,53.38,23400,1249092.0,,,0
301318.SZ,20260709,19.42,2000,38840.0,,,0
301319.SZ,20260709,130.0,66800,8684000.0,,,0
301320.SZ,20260709,12.27,2800,34356.0,,,0
301321.SZ,20260709,52.0,704630,36640760.0,,,0
301322.SZ,20260709,46.8,2500,117000.0,,,0
301323.SZ,20260709,73.17,2500,182925.0,,,0
301325.SZ,20260709,31.97,3300,105501.0,,,0
301326.SZ,20260709,121.99,1200,146388.0,,,0
301327.SZ,20260709,46.02,700,32214.0,,,0
301328.SZ,20260709,68.0,5488,373184.0,,,0
301329.SZ,20260709,20.8,9600,199680.0,,,0
301330.SZ,20260709,24.02,2000,48040.0,,,0
301331.SZ,20260709,20.61,1000,20610.0,,,0
301332.SZ,20260709,7.75,2600,20150.0,,,0
301333.SZ,20260709,46.86,36100,1691646.0,,,0
301335.SZ,20260709,19.83,6700,132861.0,,,0
301336.SZ,20260709,,0,0.0,,,0
301337.SZ,20260709,26.77,5700,152589.0,,,0
301338.SZ,20260709,128.68,13120,1688281.6,,,0
301339.SZ,20260709,10.22,54100,552902.0,,,0
301345.SZ,20260709,262.38,24600,6454548.0,,,0
301348.SZ,20260709,25.82,32600,841732.0,,,0
301349.SZ,20260709,54.0,9000,486000.0,,,0
301353.SZ,20260709,16.64,500,8320.0,,,0
301355.SZ,20260709,9.61,1300,12493.0,,,0
301356.SZ,20260709,26.71,141560,3781067.6,,,0
301357.SZ,20260709,75.13,5200,390676.0,,,0
301358.SZ,20260709,67.49,75900,5122491.0,,,0
301359.SZ,20260709,15.32,12300,188436.0,,,0
301360.SZ,20260709,66.33,4300,285219.0,,,0
301361.SZ,20260709,28.82,100,2882.0,,,0
301362.SZ,20260709,149.0,7000,1043000.0,,,0
301363.SZ,20260709,19.81,240700,4768267.0,,,0
301365.SZ,20260709,34.93,1400,48902.0,,,0
301366.SZ,20260709,53.68,28300,1519144.0,,,0
301367.SZ,20260709,39.8,8300,330340.0,,,0
301368.SZ,20260709,42.0,4600,193200.0,,,0
301369.SZ,20260709,238.08,32600,7761408.0,,,0
301370.SZ,20260709,8.26,15900,131334.0,,,0
301371.SZ,20260709,26.01,22600,587826.0,,,0
301372.SZ,20260709,29.55,3300,97515.0,,,0
301373.SZ,20260709,123.88,90900,11260692.0,,,0
301376.SZ,20260709,18.8,4400,82720.0,,,0
301377.SZ,20260709,486.45,12100,5886045.0,,,0
301378.SZ,20260709,23.01,20800,478608.0,,,0
301379.SZ,20260709,31.36,103500,3245760.0,,,0
301380.SZ,20260709,26.26,4200,110292.0,,,0
301381.SZ,20260709,18.0,2000,36000.0,,,0
301382.SZ,20260709,41.95,22200,931290.0,,,0
301383.SZ,20260709,22.23,5100,113373.0,,,0
301386.SZ,20260709,20.03,2300,46069.0,,,0
301387.SZ,20260709,75.23,5200,391196.0,,,0
301388.SZ,20260709,22.21,11700,259857.0,,,0
301389.SZ,20260709,68.07,27000,1837890.0,,,0
301390.SZ,20260709,31.14,1100,34254.0,,,0
301391.SZ,20260709,53.0,700,37100.0,,,0
301392.SZ,20260709,255.01,13000,3315130.0,,,0
301393.SZ,20260709,61.52,10500,645960.0,,,0
301395.SZ,20260709,,0,0.0,,,0
301396.SZ,20260709,279.02,122832,34272584.64,,,0
301397.SZ,20260709,38.64,59400,2295216.0,,,0
301398.SZ,20260709,39.0,15000,585000.0,,,0
301399.SZ,20260709,15.83,700,11081.0,,,0
301408.SZ,20260709,14.04,62900,883116.0,,,0
301413.SZ,20260709,68.98,11900,820862.0,,,0
301418.SZ,20260709,42.11,33900,1427529.0,,,0
301419.SZ,20260709,38.85,22800,885780.0,,,0
301421.SZ,20260709,98.0,10800,1058400.0,,,0
301428.SZ,20260709,31.3,11300,353690.0,,,0
301429.SZ,20260709,15.87,1500,23805.0,,,0
301439.SZ,20260709,14.26,13200,188232.0,,,0
301446.SZ,20260709,33.43,2000,66860.0,,,0
301448.SZ,20260709,39.62,7400,293188.0,,,0
301449.SZ,20260709,36.04,4700,169388.0,,,0
301456.SZ,20260709,22.51,1700,38267.0,,,0
301458.SZ,20260709,48.55,15500,752525.0,,,0
301459.SZ,20260709,34.31,1000,34310.0,,,0
301468.SZ,20260709,37.96,36100,1370356.0,,,0
301469.SZ,20260709,26.76,1000,26760.0,,,0
301479.SZ,20260709,57.31,5900,338129.0,,,0
301486.SZ,20260709,188.36,16200,3051432.0,,,0
301487.SZ,20260709,17.91,26300,471033.0,,,0
301488.SZ,20260709,117.0,1800,210600.0,,,0
301489.SZ,20260709,161.92,21660,3507187.2,,,0
301491.SZ,20260709,38.1,1300,49530.0,,,0
301498.SZ,20260709,38.2,21500,821300.0,,,0
301499.SZ,20260709,29.69,46100,1368709.0,,,0
301500.SZ,20260709,26.54,277600,7367504.0,,,0
301501.SZ,20260709,26.92,700,18844.0,,,0
301502.SZ,20260709,64.7,800,51760.0,,,0
301503.SZ,20260709,25.3,1300,32890.0,,,0
301505.SZ,20260709,15.48,2400,37152.0,,,0
301507.SZ,20260709,12.14,2500,30350.0,,,0
301508.SZ,20260709,22.67,900,20403.0,,,0
301509.SZ,20260709,29.55,10100,298455.0,,,0
301510.SZ,20260709,32.71,89700,2934087.0,,,0
301511.SZ,20260709,120.0,59400,7128000.0,,,0
301512.SZ,20260709,41.38,2800,115864.0,,,0
301513.SZ,20260709,57.25,10600,606850.0,,,0
301515.SZ,20260709,17.2,7900,135880.0,,,0
301516.SZ,20260709,18.93,490800,9290844.0,,,0
301517.SZ,20260709,49.92,62300,3110016.0,,,0
301518.SZ,20260709,24.62,4800,118176.0,,,0
301519.SZ,20260709,10.83,3400,36822.0,,,0
301520.SZ,20260709,40.0,374360,14974400.0,,,0
301522.SZ,20260709,24.5,8500,208250.0,,,0
301525.SZ,20260709,47.08,1400,65912.0,,,0
301526.SZ,20260709,37.91,966098,36624775.18,,,0
301528.SZ,20260709,72.4,6100,441640.0,,,0
301529.SZ,20260709,114.59,16200,1856358.0,,,0
301531.SZ,20260709,58.2,9300,541260.0,,,0
301533.SZ,20260709,23.6,1500,35400.0,,,0
301535.SZ,20260709,13.07,2800,36596.0,,,0
301536.SZ,20260709,115.68,32200,3724896.0,,,0
301538.SZ,20260709,45.08,8000,360640.0,,,0
301539.SZ,20260709,13.78,19700,271466.0,,,0
301548.SZ,20260709,82.72,5000,413600.0,,,0
301550.SZ,20260709,90.76,39200,3557792.0,,,0
301551.SZ,20260709,19.57,14290,279655.3,,,0
301552.SZ,20260709,22.2,2600,57720.0,,,0
301555.SZ,20260709,39.55,17700,700035.0,,,0
301556.SZ,20260709,57.64,1000,57640.0,,,0
301557.SZ,20260709,88.8,500,44400.0,,,0
301558.SZ,20260709,6.05,10600,64130.0,,,0
301559.SZ,20260709,12.23,2900,35467.0,,,0
301560.SZ,20260709,25.24,4500,113580.0,,,0
301563.SZ,20260709,157.29,22000,3460380.0,,,0
301565.SZ,20260709,20.79,11700,243243.0,,,0
301566.SZ,20260709,27.99,43300,1211967.0,,,0
301567.SZ,20260709,33.58,2000,67160.0,,,0
301568.SZ,20260709,89.57,8600,770302.0,,,0
301571.SZ,20260709,62.13,23100,1435203.0,,,0
301575.SZ,20260709,26.84,700,18788.0,,,0
301577.SZ,20260709,64.0,4600,294400.0,,,0
301578.SZ,20260709,20.64,2600,53664.0,,,0
301580.SZ,20260709,54.98,47000,2584060.0,,,0
301581.SZ,20260709,38.18,4100,156538.0,,,0
301584.SZ,20260709,20.0,43500,870000.0,,,0
301585.SZ,20260709,25.05,1900,47595.0,,,0
301586.SZ,20260709,30.75,4100,126075.0,,,0
301587.SZ,20260709,20.87,5000,104350.0,,,0
301588.SZ,20260709,49.02,36000,1764720.0,,,0
301589.SZ,20260709,138.45,1900,263055.0,,,0
301590.SZ,20260709,134.39,2000,268780.0,,,0
301591.SZ,20260709,37.69,13800,520122.0,,,0
301592.SZ,20260709,128.58,7300,938634.0,,,0
301595.SZ,20260709,43.2,6000,259200.0,,,0
301596.SZ,20260709,56.98,14000,797720.0,,,0
301598.SZ,20260709,49.44,1400,69216.0,,,0
301599.SZ,20260709,39.09,21100,824799.0,,,0
301600.SZ,20260709,80.68,600,48408.0,,,0
301601.SZ,20260709,15.38,2800,43064.0,,,0
301602.SZ,20260709,13.71,2400,32904.0,,,0
301603.SZ,20260709,135.14,38840,5248837.6,,,0
301606.SZ,20260709,56.4,4300,242520.0,,,0
301607.SZ,20260709,48.25,74040,3572430.0,,,0
301608.SZ,20260709,47.2,800,37760.0,,,0
301609.SZ,20260709,30.8,1100,33880.0,,,0
301611.SZ,20260709,146.4,37200,5446080.0,,,0
301613.SZ,20260709,40.78,4900,199822.0,,,0
301616.SZ,20260709,,0,0.0,,,0
301617.SZ,20260709,60.68,10500,637140.0,,,0
301618.SZ,20260709,37.01,25000,925250.0,,,0
301622.SZ,20260709,44.0,1900,83600.0,,,0
301626.SZ,20260709,310.0,3000,930000.0,,,0
301628.SZ,20260709,87.96,2300,202308.0,,,0
301629.SZ,20260709,366.0,5700,2086200.0,,,0
301630.SZ,20260709,224.1,17040,3818664.0,,,0
301631.SZ,20260709,71.38,1300,92794.0,,,0
301632.SZ,20260709,14.81,44500,659045.0,,,0
301633.SZ,20260709,45.8,27100,1241180.0,,,0
301636.SZ,20260709,39.19,3000,117570.0,,,0
301638.SZ,20260709,22.0,25300,556600.0,,,0
301656.SZ,20260709,16.66,35100,584766.0,,,0
301658.SZ,20260709,23.94,6000,143640.0,,,0
301662.SZ,20260709,79.36,9500,753920.0,,,0
301665.SZ,20260709,23.35,34600,807910.0,,,0
301666.SZ,20260709,569.58,18600,10594188.0,,,0
301667.SZ,20260709,62.0,7200,446400.0,,,0
301668.SZ,20260709,30.87,3100,95697.0,,,0
301669.SZ,20260709,34.3,165800,5686940.0,,,0
301678.SZ,20260709,63.0,8500,535500.0,,,0
301680.SZ,20260709,103.5,2600,269100.0,,,0
301682.SZ,20260709,146.36,18300,2678388.0,,,0
301683.SZ,20260709,123.0,6600,811800.0,,,0
301687.SZ,20260709,59.24,9400,556856.0,,,0
301696.SZ,20260709,112.27,40500,4546935.0,,,0
302132.SZ,20260709,55.57,8600,477902.0,,,0
920000.BJ,20260709,11.16,100,1116.0,,,0
920001.BJ,20260709,13.17,1020,13433.4,,,0
920002.BJ,20260709,58.44,7046,411768.24,,,0
920003.BJ,20260709,17.7,1100,19470.0,,,0
920005.BJ,20260709,,0,0.0,,,0
920006.BJ,20260709,14.25,1000,14250.0,,,0
920007.BJ,20260709,,0,0.0,,,0
920008.BJ,20260709,19.21,3000,57630.0,,,0
920009.BJ,20260709,37.51,4696,176146.96,,,0
920010.BJ,20260709,8.07,152939,1234217.73,,,0
920011.BJ,20260709,20.38,6100,124318.0,,,0
920012.BJ,20260709,60.91,2919,177796.29,,,0
920014.BJ,20260709,8.23,10700,88061.0,,,0
920015.BJ,20260709,52.55,10568,555348.4,,,0
920016.BJ,20260709,12.23,400,4892.0,,,0
920017.BJ,20260709,16.5,6664,109956.0,,,0
920018.BJ,20260709,14.05,500,7025.0,,,0
920019.BJ,20260709,15.97,9414,150341.58,,,0
920020.BJ,20260709,,0,0.0,,,0
920021.BJ,20260709,7.07,17514,123823.98,,,0
920022.BJ,20260709,19.38,100,1938.0,,,0
920023.BJ,20260709,1.68,94477,158721.36,,,0
920026.BJ,20260709,19.9,1000,19900.0,,,0
920027.BJ,20260709,10.84,200,2168.0,,,0
920028.BJ,20260709,15.08,6500,98020.0,,,0
920029.BJ,20260709,33.75,3913,132063.75,,,0
920030.BJ,20260709,4.28,885,3787.8,,,0
920033.BJ,20260709,14.38,300,4314.0,,,0
920035.BJ,20260709,27.98,2548,71293.04,,,0
920036.BJ,20260709,,0,0.0,,,0
920037.BJ,20260709,41.81,20389,852464.09,,,0
920039.BJ,20260709,,0,0.0,,,0
920045.BJ,20260709,385.0,5042,1941170.0,,,0
920046.BJ,20260709,19.59,9214,180502.26,,,0
920047.BJ,20260709,22.0,217007,4774154.0,,,0
920050.BJ,20260709,,0,0.0,,,0
920055.BJ,20260709,27.05,1133,30647.65,,,0
920056.BJ,20260709,16.75,5300,88775.0,,,0
920057.BJ,20260709,4.7,100,470.0,,,0
920058.BJ,20260709,20.4,4170,85068.0,,,0
920060.BJ,20260709,,0,0.0,,,0
920061.BJ,20260709,,0,0.0,,,0
920062.BJ,20260709,8.16,9260,75561.6,,,0
920066.BJ,20260709,,0,0.0,,,0
920068.BJ,20260709,,0,0.0,,,0
920069.BJ,20260709,,0,0.0,,,0
920072.BJ,20260709,27.06,14964,404925.84,,,0
920075.BJ,20260709,,0,0.0,,,0
920076.BJ,20260709,12.28,2097,25751.16,,,0
920077.BJ,20260709,16.32,24360,397555.2,,,0
920078.BJ,20260709,25.3,6205,156986.5,,,0
920080.BJ,20260709,22.5,1100,24750.0,,,0
920082.BJ,20260709,,0,0.0,,,0
920083.BJ,20260709,39.9,17637,703716.3,,,0
920086.BJ,20260709,,0,0.0,,,0
920087.BJ,20260709,9.15,17165,157059.75,,,0
920088.BJ,20260709,37.1,121041,4490621.1,,,0
920089.BJ,20260709,,0,0.0,,,0
920090.BJ,20260709,3.56,60486,215330.16,,,0
920091.BJ,20260709,35.84,1,35.84,,,0
920092.BJ,20260709,24.56,1085,26647.6,,,0
920096.BJ,20260709,43.75,6247,273306.25,,,0
920098.BJ,20260709,,0,0.0,,,0
920099.BJ,20260709,,0,0.0,,,0
920100.BJ,20260709,38.63,16213,626308.19,,,0
920101.BJ,20260709,17.25,100,1725.0,,,0
920106.BJ,20260709,35.7,3510,125307.0,,,0
920108.BJ,20260709,8.94,3000,26820.0,,,0
920110.BJ,20260709,24.49,3400,83266.0,,,0
920111.BJ,20260709,35.3,15065,531794.5,,,0
920112.BJ,20260709,15.66,100,1566.0,,,0
920116.BJ,20260709,62.88,8121,510648.48,,,0
920118.BJ,20260709,17.71,100,1771.0,,,0
920119.BJ,20260709,50.55,4129,208720.95,,,0
920121.BJ,20260709,,0,0.0,,,0
920122.BJ,20260709,25.4,14605,370967.0,,,0
920123.BJ,20260709,,0,0.0,,,0
920124.BJ,20260709,12.81,7100,90951.0,,,0
920125.BJ,20260709,149.8,6563,983137.4,,,0
920126.BJ,20260709,11.04,5750,63480.0,,,0
920128.BJ,20260709,19.75,2000,39500.0,,,0
920130.BJ,20260709,12.9,300,3870.0,,,0
920132.BJ,20260709,7.65,100,765.0,,,0
920139.BJ,20260709,17.26,19942,344198.92,,,0
920145.BJ,20260709,9.94,1000,9940.0,,,0
920146.BJ,20260709,4.99,200,998.0,,,0
920149.BJ,20260709,7.59,35000,265650.0,,,0
920152.BJ,20260709,14.86,1600,23776.0,,,0
920156.BJ,20260709,46.4,100,4640.0,,,0
920158.BJ,20260709,8.49,39181,332646.69,,,0
920159.BJ,20260709,27.17,1300,35321.0,,,0
920160.BJ,20260709,19.7,600,11820.0,,,0
920161.BJ,20260709,32.0,49334,1578688.0,,,0
920163.BJ,20260709,9.0,200,1800.0,,,0
920166.BJ,20260709,,0,0.0,,,0
920167.BJ,20260709,16.72,3242,54206.24,,,0
920168.BJ,20260709,15.64,100,1564.0,,,0
920169.BJ,20260709,18.63,2522,46984.86,,,0
920171.BJ,20260709,19.73,42919,846791.87,,,0
920174.BJ,20260709,29.01,500,14505.0,,,0
920175.BJ,20260709,9.0,100,900.0,,,0
920177.BJ,20260709,24.46,263,6432.98,,,0
920178.BJ,20260709,115.7,4156,480849.2,,,0
920179.BJ,20260709,72.4,29148,2110315.2,,,0
920180.BJ,20260709,12.03,100,1203.0,,,0
920181.BJ,20260709,92.59,4836,447765.24,,,0
920183.BJ,20260709,,0,0.0,,,0
920184.BJ,20260709,11.03,777,8570.31,,,0
920185.BJ,20260709,23.07,10803,249225.21,,,0
920186.BJ,20260709,95.01,91109,8656266.09,,,0
920187.BJ,20260709,20.84,1898,39554.32,,,0
920188.BJ,20260709,23.06,11,253.66,,,0
920189.BJ,20260709,34.99,913799,31973827.01,,,0
920190.BJ,20260709,25.61,168149,4306295.89,,,0
920191.BJ,20260709,8.93,7024,62724.32,,,0
920193.BJ,20260709,42.8,100057,4282439.6,,,0
920195.BJ,20260709,12.02,1000,12020.0,,,0
920198.BJ,20260709,7.38,30710,226639.8,,,0
920199.BJ,20260709,22.45,8290,186110.5,,,0
920200.BJ,20260709,29.66,700,20762.0,,,0
920204.BJ,20260709,12.3,200,2460.0,,,0
920206.BJ,20260709,43.0,14606,628058.0,,,0
920207.BJ,20260709,23.66,190821,4514824.86,,,0
920208.BJ,20260709,,0,0.0,,,0
920211.BJ,20260709,139.14,20674,2876580.36,,,0
920212.BJ,20260709,9.41,630,5928.3,,,0
920218.BJ,20260709,17.59,6050,106419.5,,,0
920220.BJ,20260709,50.8,7403,376072.4,,,0
920221.BJ,20260709,14.2,19087,271035.4,,,0
920222.BJ,20260709,26.68,5375,143405.0,,,0
920223.BJ,20260709,12.55,3235,40599.25,,,0
920225.BJ,20260709,15.26,100,1526.0,,,0
920227.BJ,20260709,48.11,288,13855.68,,,0
920230.BJ,20260709,9.8,47826,468694.8,,,0
920237.BJ,20260709,13.31,1600,21296.0,,,0
920239.BJ,20260709,22.96,900,20664.0,,,0
920242.BJ,20260709,13.08,400,5232.0,,,0
920245.BJ,20260709,,0,0.0,,,0
920247.BJ,20260709,14.88,2600,38688.0,,,0
920249.BJ,20260709,10.38,69284,719167.92,,,0
920252.BJ,20260709,16.57,9466,156851.62,,,0
920260.BJ,20260709,7.31,100,731.0,,,0
920261.BJ,20260709,13.25,100,1325.0,,,0
920262.BJ,20260709,11.93,100,1193.0,,,0
920263.BJ,20260709,6.82,100,682.0,,,0
920266.BJ,20260709,6.28,900,5652.0,,,0
920267.BJ,20260709,14.24,855,12175.2,,,0
920270.BJ,20260709,,0,0.0,,,0
920271.BJ,20260709,9.45,2000,18900.0,,,0
920273.BJ,20260709,17.1,250,4275.0,,,0
920274.BJ,20260709,14.89,3430,51072.7,,,0
920275.BJ,20260709,6.6,5733,37837.8,,,0
920278.BJ,20260709,5.6,9398,52628.8,,,0
920284.BJ,20260709,18.31,4922,90121.82,,,0
920299.BJ,20260709,15.6,100,1560.0,,,0
920300.BJ,20260709,9.8,200,1960.0,,,0
920304.BJ,20260709,,0,0.0,,,0
920339.BJ,20260709,12.39,25940,321396.6,,,0
920344.BJ,20260709,19.61,12193,239104.73,,,0
920346.BJ,20260709,,0,0.0,,,0
920351.BJ,20260709,10.93,1051,11487.43,,,0
920357.BJ,20260709,17.56,559,9816.04,,,0
920363.BJ,20260709,11.12,2000,22240.0,,,0
920367.BJ,20260709,20.66,121484,2509859.44,,,0
920368.BJ,20260709,25.72,6800,174896.0,,,0
920370.BJ,20260709,2.48,500,1240.0,,,0
920371.BJ,20260709,6.9,12700,87630.0,,,0
920374.BJ,20260709,14.62,2400,35088.0,,,0
920375.BJ,20260709,7.58,163098,1236282.84,,,0
920378.BJ,20260709,6.75,660,4455.0,,,0
920392.BJ,20260709,13.89,7300,101397.0,,,0
920394.BJ,20260709,52.02,100,5202.0,,,0
920395.BJ,20260709,6.9,2000,13800.0,,,0
920396.BJ,20260709,19.55,400,7820.0,,,0
920402.BJ,20260709,11.34,113052,1282009.68,,,0
920403.BJ,20260709,15.71,300,4713.0,,,0
920405.BJ,20260709,19.1,1734,33119.4,,,0
920407.BJ,20260709,13.11,333,4365.63,,,0
920414.BJ,20260709,8.02,100,802.0,,,0
920415.BJ,20260709,9.0,12700,114300.0,,,0
920418.BJ,20260709,20.02,7660,153353.2,,,0
920419.BJ,20260709,9.5,200,1900.0,,,0
920422.BJ,20260709,,0,0.0,,,0
920425.BJ,20260709,21.89,8214,179804.46,,,0
920427.BJ,20260709,8.97,800,7176.0,,,0
920429.BJ,20260709,,0,0.0,,,0
920433.BJ,20260709,4.26,1700,7242.0,,,0
920436.BJ,20260709,,0,0.0,,,0
920438.BJ,20260709,147.98,51819,7668175.62,,,0
920445.BJ,20260709,6.19,100,619.0,,,0
920454.BJ,20260709,11.5,255,2932.5,,,0
920455.BJ,20260709,5.57,200,1114.0,,,0
920469.BJ,20260709,5.81,100,581.0,,,0
920471.BJ,20260709,11.11,2620,29108.2,,,0
920475.BJ,20260709,11.48,100,1148.0,,,0
920476.BJ,20260709,21.19,33281,705224.39,,,0
920478.BJ,20260709,10.26,70211,720364.86,,,0
920489.BJ,20260709,16.1,98267,1582098.7,,,0
920491.BJ,20260709,27.03,7677,207509.31,,,0
920493.BJ,20260709,116.0,25387,2944892.0,,,0
920496.BJ,20260709,6.08,100,608.0,,,0
920504.BJ,20260709,16.13,100,1613.0,,,0
920505.BJ,20260709,28.19,3655,103034.45,,,0
920508.BJ,20260709,,0,0.0,,,0
920509.BJ,20260709,24.28,16898,410283.44,,,0
920510.BJ,20260709,24.1,216664,5221602.4,,,0
920519.BJ,20260709,9.89,2000,19780.0,,,0
920522.BJ,20260709,22.58,39781,898254.98,,,0
920523.BJ,20260709,16.12,10000,161200.0,,,0
920526.BJ,20260709,25.56,56800,1451808.0,,,0
920527.BJ,20260709,16.96,136770,2319619.2,,,0
920533.BJ,20260709,19.3,1000,19300.0,,,0
920541.BJ,20260709,,0,0.0,,,0
920547.BJ,20260709,,0,0.0,,,0
920553.BJ,20260709,,0,0.0,,,0
920556.BJ,20260709,6.56,758,4972.48,,,0
920564.BJ,20260709,15.3,10813,165438.9,,,0
920566.BJ,20260709,9.76,17694,172693.44,,,0
920570.BJ,20260709,,0,0.0,,,0
920571.BJ,20260709,8.12,49856,404830.72,,,0
920575.BJ,20260709,3.73,420,1566.6,,,0
920576.BJ,20260709,51.94,11801,612943.94,,,0
920578.BJ,20260709,20.36,2916,59369.76,,,0
920579.BJ,20260709,15.53,3100,48143.0,,,0
920580.BJ,20260709,10.31,2100,21651.0,,,0
920592.BJ,20260709,21.29,3489,74280.81,,,0
920593.BJ,20260709,29.0,8528,247312.0,,,0
920599.BJ,20260709,17.56,3000,52680.0,,,0
920608.BJ,20260709,12.58,3212,40406.96,,,0
920627.BJ,20260709,14.93,41484,619356.12,,,0
920634.BJ,20260709,15.9,3000,47700.0,,,0
920639.BJ,20260709,6.0,3500,21000.0,,,0
920640.BJ,20260709,29.1,5132,149341.2,,,0
920641.BJ,20260709,12.55,101,1267.55,,,0
920642.BJ,20260709,11.09,5541,61449.69,,,0
920651.BJ,20260709,18.1,500,9050.0,,,0
920656.BJ,20260709,13.7,100,1370.0,,,0
920662.BJ,20260709,23.48,38239,897851.72,,,0
920663.BJ,20260709,12.81,1100,14091.0,,,0
920665.BJ,20260709,8.78,100,878.0,,,0
920670.BJ,20260709,12.79,100,1279.0,,,0
920675.BJ,20260709,7.38,200,1476.0,,,0
920679.BJ,20260709,,0,0.0,,,0
920682.BJ,20260709,5.75,600,3450.0,,,0
920685.BJ,20260709,10.06,5040,50702.4,,,0
920689.BJ,20260709,,0,0.0,,,0
920690.BJ,20260709,14.91,3886,57940.26,,,0
920693.BJ,20260709,25.9,7248,187723.2,,,0
920694.BJ,20260709,13.01,1826,23756.26,,,0
920699.BJ,20260709,135.0,39087,5276745.0,,,0
920701.BJ,20260709,10.38,1000,10380.0,,,0
920703.BJ,20260709,,0,0.0,,,0
920706.BJ,20260709,15.14,2000,30280.0,,,0
920717.BJ,20260709,6.45,3104,20020.8,,,0
920718.BJ,20260709,9.49,2198,20859.02,,,0
920719.BJ,20260709,,0,0.0,,,0
920720.BJ,20260709,10.01,5500,55055.0,,,0
920725.BJ,20260709,95.0,209772,19928340.0,,,0
920726.BJ,20260709,16.67,4100,68347.0,,,0
920729.BJ,20260709,,0,0.0,,,0
920735.BJ,20260709,24.7,32256,796723.2,,,0
920748.BJ,20260709,23.13,1428,33029.64,,,0
920751.BJ,20260709,,0,0.0,,,0
920753.BJ,20260709,15.34,2511,38518.74,,,0
920765.BJ,20260709,10.44,500,5220.0,,,0
920768.BJ,20260709,6.83,4325,29539.75,,,0
920770.BJ,20260709,9.75,100,975.0,,,0
920779.BJ,20260709,21.66,300,6498.0,,,0
920781.BJ,20260709,5.31,500,2655.0,,,0
920786.BJ,20260709,5.84,11834,69110.56,,,0
920790.BJ,20260709,24.97,62139,1551610.83,,,0
920792.BJ,20260709,,0,0.0,,,0
920799.BJ,20260709,33.89,17551,594803.39,,,0
920802.BJ,20260709,11.25,22698,255352.5,,,0
920806.BJ,20260709,,0,0.0,,,0
920807.BJ,20260709,10.99,9200,101108.0,,,0
920808.BJ,20260709,76.67,56319,4317977.73,,,0
920809.BJ,20260709,8.13,58139,472670.07,,,0
920810.BJ,20260709,7.85,100,785.0,,,0
920819.BJ,20260709,2.69,1000,2690.0,,,0
920821.BJ,20260709,17.25,353,6089.25,,,0
920826.BJ,20260709,7.59,800,6072.0,,,0
920832.BJ,20260709,6.06,100,606.0,,,0
920833.BJ,20260709,9.34,100,934.0,,,0
920834.BJ,20260709,8.87,6086,53982.82,,,0
920837.BJ,20260709,9.34,100,934.0,,,0
920839.BJ,20260709,25.91,200,5182.0,,,0
920855.BJ,20260709,,0,0.0,,,0
920856.BJ,20260709,8.31,100,831.0,,,0
920857.BJ,20260709,19.0,171390,3256410.0,,,0
920866.BJ,20260709,5.53,100,553.0,,,0
920870.BJ,20260709,12.26,100,1226.0,,,0
920871.BJ,20260709,10.58,100,1058.0,,,0
920873.BJ,20260709,7.12,200,1424.0,,,0
920876.BJ,20260709,16.7,4600,76820.0,,,0
920879.BJ,20260709,13.95,5937,82821.15,,,0
920885.BJ,20260709,11.7,10550,123435.0,,,0
920892.BJ,20260709,10.8,100,1080.0,,,0
920895.BJ,20260709,,0,0.0,,,0
920896.BJ,20260709,12.06,1000,12060.0,,,0
920906.BJ,20260709,16.79,1100,18469.0,,,0
920914.BJ,20260709,16.97,900,15273.0,,,0
920924.BJ,20260709,14.51,12400,179924.0,,,0
920925.BJ,20260709,10.34,700,7238.0,,,0
920926.BJ,20260709,,0,0.0,,,0
920931.BJ,20260709,9.26,1200,11112.0,,,0
920932.BJ,20260709,12.4,9599,119027.6,,,0
920942.BJ,20260709,,0,0.0,,,0
920943.BJ,20260709,12.28,400,4912.0,,,0
920946.BJ,20260709,9.42,14027,132134.34,,,0
920950.BJ,20260709,,0,0.0,,,0
920953.BJ,20260709,21.71,1826,39642.46,,,0
920957.BJ,20260709,8.56,100,856.0,,,0
920961.BJ,20260709,21.8,8215,179087.0,,,0
920964.BJ,20260709,4.51,145577,656552.27,,,0
920970.BJ,20260709,5.93,8000,47440.0,,,0
920971.BJ,20260709,32.4,13275,430110.0,,,0
920974.BJ,20260709,5.97,100,597.0,,,0
920976.BJ,20260709,16.22,1600,25952.0,,,0
920978.BJ,20260709,20.31,123,2498.13,,,0
920981.BJ,20260709,39.35,14857,584622.95,,,0
920982.BJ,20260709,118.3,601,71098.3,,,0
920985.BJ,20260709,4.67,1800,8406.0,,,0
920992.BJ,20260709,11.2,400,4480.0,,,0
