ts_code,trade_date,turnover_rate,turnover_rate_f,volume_ratio,total_mv,float_mv
002037.SZ,20260407,4.6867,8.4439,,410817.1475,
600289.SH,20260407,0.8025,1.1658,,453095.3855,
300395.SZ,20260407,4.4528,5.5203,,4958931.5551,
601607.SH,20260407,0.4848,1.3547,,6408049.206,
002458.SZ,20260407,2.4111,2.6921,,1048879.4434,
600882.SH,20260407,3.7213,8.0426,,940538.9251,
001283.SZ,20260407,5.3641,5.5306,,644532.8391,
000718.SZ,20260407,1.1013,1.6682,,622100.4587,
002141.SZ,20260407,1.339,1.9308,,381153.3095,
920174.BJ,20260407,2.32,4.1836,,842892.4064,
600500.SH,20260407,1.3306,2.9119,,1586031.3859,
300542.SZ,20260407,8.8215,13.1007,,498296.4714,
000423.SZ,20260407,0.9854,1.4875,,3562479.7904,
300015.SZ,20260407,0.3946,0.7446,,8775198.2665,
300699.SZ,20260407,1.2455,1.9607,,2755100.528,
600460.SH,20260407,0.923,1.3499,,4171828.1154,
002389.SZ,20260407,1.4428,2.2912,,2063399.064,
688625.SH,20260407,2.2614,5.7477,,1071357.8902,
000650.SZ,20260407,1.2287,1.6637,,818963.8669,
605058.SH,20260407,2.3051,7.6753,,465360.3812,
300809.SZ,20260407,0.8891,1.1455,,809043.5872,
002279.SZ,20260407,1.6947,2.1953,,680281.2212,
002957.SZ,20260407,6.6648,15.4708,,1414500.9455,
301067.SZ,20260407,2.2885,3.0605,,300459.24,
000917.SZ,20260407,1.895,2.2738,,1270130.4788,
600604.SH,20260407,0.4857,1.2142,,897313.0011,
688267.SH,20260407,1.6049,2.816,,516442.2,
301150.SZ,20260407,5.4099,10.2082,,1301909.2128,
600685.SH,20260407,1.7935,4.3319,,3936615.2627,
600099.SH,20260407,2.7629,4.7721,,241032.0,
920819.BJ,20260407,0.3881,1.0023,,435159.0,
688466.SH,20260407,1.1058,2.5304,,207906.3667,
603815.SH,20260407,1.7225,3.461,,359594.9805,
300443.SZ,20260407,3.8853,4.3446,,872686.9141,
300577.SZ,20260407,0.4859,0.6703,,435062.9521,
000912.SZ,20260407,5.9592,11.8102,,826336.0,
600094.SH,20260407,2.0501,3.1881,,999728.5194,
002778.SZ,20260407,2.8471,4.0517,,253997.7188,
300894.SZ,20260407,0.9134,1.6661,,398562.7352,
000011.SZ,20260407,0.7299,2.0547,,490490.7927,
600941.SH,20260407,0.6062,0.636,,202204361.7444,
002918.SZ,20260407,2.16,3.2687,,448460.7075,
002592.SZ,20260407,1.7536,2.7787,,230914.893,
002396.SZ,20260407,2.6728,3.6363,,1538035.3273,
300304.SZ,20260407,1.8755,3.2484,,1098557.7912,
300935.SZ,20260407,2.5782,3.6852,,224629.963,
920932.BJ,20260407,1.1829,1.6007,,154548.9635,
301107.SZ,20260407,2.0359,3.9878,,272291.529,
300877.SZ,20260407,1.5479,3.1232,,309360.0,
600822.SH,20260407,0.6697,1.6836,,492501.1036,
000637.SZ,20260407,4.5646,5.7799,,236543.287,
688513.SH,20260407,3.0149,5.7288,,1390368.0483,
688556.SH,20260407,2.6937,3.4756,,1117390.9412,
603277.SH,20260407,0.3541,1.6637,,841995.4465,
001965.SZ,20260407,0.3165,1.1937,,6020454.1629,
600120.SH,20260407,0.669,1.3345,,1878459.8206,
688175.SH,20260407,3.1955,6.4568,,428168.587,
603098.SH,20260407,1.6288,4.7226,,778787.0683,
600603.SH,20260407,1.7961,4.1985,,823397.1142,
000925.SZ,20260407,1.1255,1.1255,,470753.4212,
688326.SH,20260407,1.0413,1.9629,,1349935.5048,
605222.SH,20260407,1.8548,4.9616,,912516.3527,
688536.SH,20260407,2.7963,4.3494,,2326571.8886,
000505.SZ,20260407,3.1905,6.9436,,503049.5737,
688203.SH,20260407,1.1136,1.9916,,244227.0719,
300722.SZ,20260407,2.0805,6.0928,,827778.6317,
688981.SH,20260407,2.2917,2.5463,,76509958.7797,
300584.SZ,20260407,6.7316,9.6105,,530040.0,
003040.SZ,20260407,2.036,3.894,,753035.0423,
603938.SH,20260407,7.9582,23.7872,,1063696.1017,
688208.SH,20260407,0.9771,1.5665,,2238412.8432,
300422.SZ,20260407,2.5687,4.2378,,251457.6632,
300127.SZ,20260407,1.8496,3.9957,,929045.785,
002653.SZ,20260407,0.5296,1.2554,,6251382.1085,
600169.SH,20260407,0.3776,0.7777,,793263.4513,
002692.SZ,20260407,3.3276,4.6664,,411497.658,
000688.SZ,20260407,1.6606,4.9105,,4690497.9803,
688066.SH,20260407,4.0572,5.7104,,433199.5142,
688628.SH,20260407,5.9982,12.4694,,623663.141,
603696.SH,20260407,2.4978,6.198,,372321.6,
300429.SZ,20260407,8.9719,10.1179,,725389.7029,
301556.SZ,20260407,3.3587,3.9551,,685821.76,
688818.SH,20260407,6.6362,6.6362,,9700719.9257,
000425.SZ,20260407,0.8022,0.8828,,11736867.1362,
600325.SH,20260407,0.9972,1.3873,,930227.4152,
605376.SH,20260407,2.784,4.4197,,2584084.8,
600996.SH,20260407,3.8234,7.2177,,1165757.8635,
600132.SH,20260407,0.6356,1.589,,2757667.8862,
002096.SZ,20260407,0.7981,2.1457,,1394255.4255,
600845.SH,20260407,0.8827,2.7024,,6255427.0096,
000153.SZ,20260407,5.8436,8.228,,321562.3812,
002086.SZ,20260407,2.5234,2.5234,,403542.979,
300020.SZ,20260407,3.4661,3.7229,,275753.257,
605567.SH,20260407,2.4522,3.9683,,215600.0,
000506.SZ,20260407,2.5016,3.7337,,1580259.2115,
603527.SH,20260407,3.8217,6.1917,,324895.48,
688655.SH,20260407,4.5162,8.1892,,322803.8,
600988.SH,20260407,3.1657,3.7042,,8302896.4367,
002548.SZ,20260407,2.0343,2.9552,,433134.8231,
301131.SZ,20260407,2.9912,3.4339,,223733.3383,
000605.SZ,20260407,2.0823,3.5378,,236986.5792,
000913.SZ,20260407,1.5912,3.0189,,756714.8595,
601233.SH,20260407,1.9694,3.3286,,4377362.7416,
688032.SH,20260407,1.584,4.3014,,1417912.4723,
605128.SH,20260407,0.9751,1.5477,,687889.9041,
000983.SZ,20260407,0.724,1.695,,3701469.8905,
688338.SH,20260407,0.9281,1.5469,,311740.2288,
002638.SZ,20260407,3.1841,4.6217,,601933.0322,
301195.SZ,20260407,0.5363,1.1269,,399775.4057,
002081.SZ,20260407,0.4553,0.8996,,878912.1411,
300423.SZ,20260407,4.1899,4.9865,,395023.9643,
603102.SH,20260407,1.005,1.7934,,262208.0,
300359.SZ,20260407,1.0445,1.6554,,305266.7094,
002452.SZ,20260407,2.3351,2.4523,,614128.7642,
688088.SH,20260407,0.7376,1.2493,,1535680.2912,
002853.SZ,20260407,2.5035,3.7751,,432230.3851,
920086.BJ,20260407,10.01,10.01,,230538.4,
002044.SZ,20260407,1.3049,1.7239,,2133268.388,
000151.SZ,20260407,1.1745,1.7805,,406349.4792,
920357.BJ,20260407,0.9342,1.5872,,172812.64,
000967.SZ,20260407,2.719,7.914,,2910421.9725,
600062.SH,20260407,0.7375,1.8709,,1912030.4028,
601111.SH,20260407,0.3961,1.233,,11690442.07,
601216.SH,20260407,1.9666,5.2354,,4699975.6862,
002175.SZ,20260407,3.4715,4.2967,,361328.9457,
688576.SH,20260407,1.3719,1.3781,,309127.4076,
301040.SZ,20260407,4.6082,7.0497,,279402.9225,
605186.SH,20260407,1.6018,3.2202,,259080.0,
688603.SH,20260407,5.3738,5.3887,,967238.6836,
688321.SH,20260407,2.1822,2.6162,,1325280.3307,
605368.SH,20260407,0.6974,1.682,,582428.2707,
688359.SH,20260407,2.2149,3.6184,,756889.2168,
603058.SH,20260407,1.5387,3.1642,,481866.997,
002922.SZ,20260407,2.5036,3.3697,,1444402.5012,
603786.SH,20260407,0.7941,3.7963,,2121055.3884,
301585.SZ,20260407,0.8323,0.8323,,285168.0,
920271.BJ,20260407,0.5965,1.0231,,175564.466,
003003.SZ,20260407,7.8938,9.8077,,225848.16,
300424.SZ,20260407,2.3703,2.7874,,402514.9268,
002533.SZ,20260407,2.2707,3.0321,,932839.0898,
000761.SZ,20260407,0.6629,4.3798,,1228363.9095,
300712.SZ,20260407,0.9222,1.62,,513501.0438,
688692.SH,20260407,1.0838,1.5324,,2425147.84,
000935.SZ,20260407,0.4912,1.3246,,1900202.9888,
002150.SZ,20260407,4.0758,7.9732,,1046158.6599,
301191.SZ,20260407,14.4339,22.8075,,1008510.048,
688439.SH,20260407,0.576,1.4372,,963000.0,
000915.SZ,20260407,0.9038,1.3235,,725724.609,
600243.SH,20260407,0.9257,1.0269,,132093.85,
300759.SZ,20260407,3.1334,4.695,,5530223.7203,
601059.SH,20260407,0.1593,0.7469,,5273118.0,
600054.SH,20260407,1.6792,3.9774,,931417.5449,
603579.SH,20260407,0.7418,1.4622,,400295.2567,
002528.SZ,20260407,1.0569,2.2553,,502244.8594,
002271.SZ,20260407,1.015,1.0588,,3606936.7977,
301152.SZ,20260407,5.9034,6.4989,,334490.5997,
688520.SH,20260407,0.8226,3.4591,,1896239.4702,
002823.SZ,20260407,1.5529,1.8603,,477448.4518,
301070.SZ,20260407,12.8511,15.0061,,685746.784,
000545.SZ,20260407,6.8791,8.0691,,299010.4281,
920062.BJ,20260407,2.1413,2.4595,,189649.8084,
600643.SH,20260407,4.3522,8.7074,,839601.0,
600875.SH,20260407,3.4746,6.1745,,12042010.6551,
002299.SZ,20260407,0.6006,1.278,,2243816.6564,
603613.SH,20260407,0.4342,0.6638,,1768920.3309,
600688.SH,20260407,0.878,3.4473,,3162785.25,
688153.SH,20260407,0.5156,1.5129,,1402820.4061,
002806.SZ,20260407,6.7949,7.332,,276860.3833,
000020.SZ,20260407,5.0108,14.6711,,431254.5487,
300927.SZ,20260407,9.7945,25.8378,,440153.64,
600257.SH,20260407,5.6225,7.8193,,339753.4547,
002061.SZ,20260407,0.6333,1.3102,,1032279.6186,
603816.SH,20260407,0.4859,0.8766,,2762541.4584,
002878.SZ,20260407,6.7716,11.7726,,463201.3733,
605136.SH,20260407,3.311,6.6262,,409669.0455,
300291.SZ,20260407,1.1262,1.8058,,609402.6042,
002232.SZ,20260407,0.5769,1.3029,,709648.6663,
688279.SH,20260407,1.0404,2.1218,,1694479.2576,
000546.SZ,20260407,5.1701,7.8183,,479031.3294,
002169.SZ,20260407,2.6107,3.3446,,1086393.2825,
002977.SZ,20260407,2.1704,2.9584,,327567.24,
688065.SH,20260407,0.4725,0.8455,,3454256.8235,
002563.SZ,20260407,0.5228,1.2988,,1435950.0553,
300044.SZ,20260407,3.4404,3.601,,596581.8671,
603219.SH,20260407,0.6986,3.2799,,894310.2,
002264.SZ,20260407,1.5846,2.5568,,576568.8513,
688687.SH,20260407,1.8001,2.3814,,355564.3978,
300615.SZ,20260407,3.7944,5.7522,,259893.274,
688459.SH,20260407,0.9983,1.389,,426720.0,
603688.SH,20260407,5.5731,11.7037,,2434843.9091,
688582.SH,20260407,1.9638,2.6523,,2383517.8192,
300489.SZ,20260407,6.0401,10.695,,695650.0172,
600000.SH,20260407,0.1137,0.3154,,33239226.6234,
301156.SZ,20260407,3.0151,5.1247,,262704.2036,
601901.SH,20260407,0.6276,1.3211,,5622525.2528,
002026.SZ,20260407,0.925,1.4544,,553308.1154,
688249.SH,20260407,1.931,2.8485,,5683492.0942,
002412.SZ,20260407,2.77,4.8244,,347208.0,
601777.SH,20260407,0.4361,1.0493,,4579874.3719,
920699.BJ,20260407,1.5295,2.529,,172600.5099,
301360.SZ,20260407,3.7821,4.2705,,359511.6,
000333.SZ,20260407,0.2391,0.3498,,57879254.3609,
605228.SH,20260407,2.006,5.7999,,649734.6126,
300511.SZ,20260407,2.4839,2.5478,,442825.2881,
301148.SZ,20260407,1.7364,2.7119,,575146.084,
000610.SZ,20260407,4.3695,5.9619,,193423.0351,
300497.SZ,20260407,16.0425,17.4112,,1013737.2938,
002570.SZ,20260407,1.643,1.8731,,534621.4498,
600793.SH,20260407,1.7026,3.6754,,322495.9956,
920580.BJ,20260407,1.2014,1.6597,,108532.0,
002229.SZ,20260407,10.1028,10.1028,,884709.4231,
000619.SZ,20260407,3.3304,5.0035,,254113.2467,
002790.SZ,20260407,2.8894,5.2887,,323433.1602,
300097.SZ,20260407,5.3532,6.1551,,226800.0398,
601918.SH,20260407,2.379,4.4623,,1992126.6442,
002985.SZ,20260407,1.2228,2.2818,,1170447.6472,
002538.SZ,20260407,2.8004,4.1493,,550543.4671,
603053.SH,20260407,0.3932,2.0695,,875556.65,
603679.SH,20260407,3.6794,5.3796,,226372.2405,
600619.SH,20260407,1.4666,2.241,,1708764.2944,
300679.SZ,20260407,1.8002,2.4039,,1421872.54,
603757.SH,20260407,9.6234,22.1361,,834985.5313,
603516.SH,20260407,2.5851,3.7371,,2618095.4335,
600771.SH,20260407,1.9444,2.292,,854651.5322,
000962.SZ,20260407,2.2981,3.9043,,2134103.8316,
002920.SZ,20260407,0.8868,1.7368,,6074921.8036,
605500.SH,20260407,1.5048,6.3613,,360113.6,
688039.SH,20260407,0.9227,1.7532,,434110.5892,
300852.SZ,20260407,2.0693,4.4602,,609498.8635,
002652.SZ,20260407,3.7842,5.4057,,222747.84,
920662.BJ,20260407,3.4102,3.6502,,198738.5045,
600575.SH,20260407,1.5329,4.1738,,2666046.6872,
000509.SZ,20260407,3.6947,6.2144,,388472.3548,
603081.SH,20260407,1.1695,2.0036,,499393.9941,
601698.SH,20260407,0.6082,2.7649,,13137838.6313,
002847.SZ,20260407,0.5928,1.4658,,1612259.6222,
920504.BJ,20260407,1.6221,2.0022,,92776.1671,
301536.SZ,20260407,1.902,2.0375,,2842360.6637,
300977.SZ,20260407,1.6455,4.0195,,284968.4329,
300185.SZ,20260407,3.8191,4.6167,,1291579.472,
002746.SZ,20260407,2.8518,4.3969,,520625.9298,
301003.SZ,20260407,1.9943,3.7796,,483723.9485,
600066.SH,20260407,1.2461,2.1357,,8047669.0756,
301068.SZ,20260407,1.3019,1.9771,,408261.1786,
300870.SZ,20260407,5.3347,11.4226,,2931944.0428,
920082.BJ,20260407,0.8994,0.9032,,213090.43,
600782.SH,20260407,1.5793,2.9631,,1104855.6857,
301018.SZ,20260407,3.8614,7.3531,,2349510.1927,
300259.SZ,20260407,1.5737,2.8315,,518222.0716,
603676.SH,20260407,0.4439,1.8698,,469974.42,
605303.SH,20260407,9.3481,22.1932,,295064.4566,
301413.SZ,20260407,2.3061,2.3061,,1108006.3511,
688539.SH,20260407,1.5288,1.93,,633987.2,
688479.SH,20260407,4.9413,6.281,,465134.9802,
688719.SH,20260407,3.0332,3.0332,,499849.6308,
002709.SZ,20260407,3.7112,4.3691,,8908514.8213,
920857.BJ,20260407,0.3509,1.1708,,181391.5296,
000068.SZ,20260407,1.332,2.3388,,330188.2402,
301135.SZ,20260407,2.6587,3.6687,,276901.632,
603026.SH,20260407,5.3739,7.9024,,1890695.7388,
002079.SZ,20260407,1.5406,2.0036,,764456.5651,
688335.SH,20260407,0.9098,1.7056,,499616.748,
002558.SZ,20260407,2.212,3.6852,,6254749.4466,
603205.SH,20260407,1.7084,1.7084,,398112.0,
600458.SH,20260407,1.8789,3.3957,,1043374.6959,
002584.SZ,20260407,4.7372,4.8979,,465832.2719,
002318.SZ,20260407,0.7346,1.1764,,2926626.3064,
000823.SZ,20260407,2.5623,3.6862,,685214.0314,
920429.BJ,20260407,1.6839,3.2278,,160449.564,
000551.SZ,20260407,1.017,1.5788,,614156.7693,
600792.SH,20260407,3.9056,11.9768,,455068.676,
603382.SH,20260407,1.8517,1.8517,,480497.3766,
300176.SZ,20260407,2.3293,3.1098,,273032.964,
000016.SZ,20260407,2.9588,4.4044,,748871.0219,
300339.SZ,20260407,1.5994,1.6897,,3016007.8549,
600287.SH,20260407,1.7727,3.8019,,253778.519,
688387.SH,20260407,2.8898,5.1442,,4717875.0,
600151.SH,20260407,1.5661,2.5148,,1802855.1248,
000536.SZ,20260407,0.6037,1.0405,,1156201.7117,
688269.SH,20260407,0.8463,1.1392,,483474.096,
002885.SZ,20260407,2.9011,4.1852,,622838.1094,
001388.SZ,20260407,2.1522,2.1522,,585468.0,
002289.SZ,20260407,0.5517,0.9199,,747156.4522,
600901.SH,20260407,0.4253,1.0755,,3828423.7109,
002353.SZ,20260407,3.3855,4.0709,,10408518.3983,
300435.SZ,20260407,2.0537,3.1024,,985111.002,
300084.SZ,20260407,3.6844,3.9778,,525166.7657,
002365.SZ,20260407,2.2504,2.4915,,409019.31,
300653.SZ,20260407,0.9716,1.6999,,354060.0,
002206.SZ,20260407,2.1321,2.4242,,715919.6475,
603045.SH,20260407,2.9726,3.9775,,386018.6918,
002363.SZ,20260407,1.3029,2.2572,,325178.3348,
300899.SZ,20260407,0.9352,1.1323,,227069.139,
301680.SZ,20260407,10.1976,10.1976,,817732.8,
600497.SH,20260407,1.0858,1.8266,,3941577.5377,
002917.SZ,20260407,3.2051,4.7462,,480402.8203,
002641.SZ,20260407,0.6648,1.6178,,502699.3932,
600127.SH,20260407,11.8355,15.0456,,490322.3786,
601011.SH,20260407,2.0278,2.9512,,641747.6206,
300129.SZ,20260407,3.4826,3.6664,,1315099.9486,
688535.SH,20260407,2.1482,3.307,,1015927.5517,
600640.SH,20260407,0.3844,1.2553,,924598.6823,
002695.SZ,20260407,0.6692,1.8304,,593160.9491,
301315.SZ,20260407,1.9395,1.9395,,415184.0,
000628.SZ,20260407,2.9818,3.4674,,1765275.08,
003029.SZ,20260407,1.2772,2.0018,,402342.8317,
300571.SZ,20260407,8.3324,10.6415,,425700.825,
000338.SZ,20260407,2.0708,2.103,,20805204.2652,
688512.SH,20260407,2.2722,2.2722,,537336.9237,
002735.SZ,20260407,3.0663,3.5229,,539615.7596,
603096.SH,20260407,1.1585,2.8834,,260810.7492,
688596.SH,20260407,1.7243,2.0842,,850038.9917,
301491.SZ,20260407,0.8417,0.8417,,625392.0,
300547.SZ,20260407,7.0342,8.0817,,778259.3523,
603391.SH,20260407,3.6057,3.6057,,631540.0,
003043.SZ,20260407,2.4852,3.5415,,709841.8092,
300062.SZ,20260407,4.8795,5.6267,,472453.0275,
600761.SH,20260407,1.5846,2.4696,,1515068.3865,
300070.SZ,20260407,0.6714,1.1971,,1391696.3954,
300981.SZ,20260407,6.6513,21.845,,663454.0916,
300407.SZ,20260407,2.4321,3.1049,,393329.7659,
301307.SZ,20260407,6.6271,7.4611,,836082.0,
601727.SH,20260407,0.5436,1.2452,,11996973.903,
600897.SH,20260407,0.5357,1.6737,,677934.684,
002131.SZ,20260407,4.1781,4.3924,,4895996.0023,
002008.SZ,20260407,3.0281,3.7548,,6626527.5339,
002717.SZ,20260407,2.388,2.5495,,298518.3035,
601211.SH,20260407,0.4583,0.5668,,28717520.1754,
300258.SZ,20260407,1.8163,2.8719,,689185.6523,
001255.SZ,20260407,2.3653,6.1326,,315295.1839,
300978.SZ,20260407,1.7886,2.2038,,443837.876,
688786.SH,20260407,1.0966,1.78,,430393.409,
600711.SH,20260407,3.5318,4.3045,,4178506.817,
603719.SH,20260407,0.802,1.8386,,404609.0,
600185.SH,20260407,0.7514,1.3649,,1063143.2684,
600738.SH,20260407,1.1453,2.3717,,363918.2428,
603999.SH,20260407,1.0718,2.5422,,386496.0,
600751.SH,20260407,1.01,1.9928,,1122043.722,
920270.BJ,20260407,0.6563,1.8863,,157133.232,
002622.SZ,20260407,3.4216,4.4909,,215880.0,
002916.SZ,20260407,1.2645,3.5273,,14707749.1192,
600576.SH,20260407,1.4847,2.2105,,612692.6436,
600775.SH,20260407,3.1866,4.8761,,1189817.7648,
300092.SZ,20260407,1.7778,2.3229,,422389.6839,
600710.SH,20260407,0.8988,2.2732,,1643890.788,
688519.SH,20260407,3.0368,7.5525,,3023850.5058,
300818.SZ,20260407,0.9403,1.1455,,580746.5304,
600798.SH,20260407,2.4465,4.439,,474167.941,
300464.SZ,20260407,3.6043,5.2561,,360304.0748,
601528.SH,20260407,1.0781,1.1212,,1016399.6026,
601588.SH,20260407,0.8186,1.6261,,579127.44,
301201.SZ,20260407,18.0511,24.7776,,966651.9724,
603967.SH,20260407,1.1153,3.2836,,447546.7226,
000159.SZ,20260407,3.0247,3.9193,,309561.7795,
001396.SZ,20260407,3.0267,3.0267,,468553.2893,
688030.SH,20260407,1.2368,2.1382,,262964.1314,
002418.SZ,20260407,4.0185,5.194,,528426.0,
603660.SH,20260407,1.4719,1.9045,,514752.7251,
301189.SZ,20260407,3.6437,9.9827,,539614.0117,
600778.SH,20260407,2.7947,4.5423,,195616.5691,
688665.SH,20260407,0.3143,0.9967,,438162.8365,
300881.SZ,20260407,1.7103,3.2469,,448800.0,
002120.SZ,20260407,0.3738,0.8462,,1925069.6805,
688680.SH,20260407,2.8965,4.3444,,440317.3463,
600817.SH,20260407,1.7955,6.1399,,614899.9109,
920810.BJ,20260407,0.7149,1.2168,,106065.4,
002542.SZ,20260407,1.3795,2.3612,,523773.854,
300608.SZ,20260407,14.7409,22.556,,409743.8515,
300730.SZ,20260407,6.467,8.3438,,340729.3321,
000100.SZ,20260407,1.0547,1.0884,,8611557.0531,
300272.SZ,20260407,3.0792,3.7959,,480003.5355,
600239.SH,20260407,1.1909,2.0214,,324348.7556,
000759.SZ,20260407,1.8092,2.842,,363692.5109,
000539.SZ,20260407,3.7532,11.75,,2871905.3403,
002818.SZ,20260407,1.0,2.01,,790372.6406,
000548.SZ,20260407,2.1711,3.2075,,264584.3798,
301211.SZ,20260407,0.9556,3.0896,,511560.0,
920368.BJ,20260407,3.5498,5.6982,,779471.0608,
002339.SZ,20260407,4.6416,5.5857,,499051.3513,
300522.SZ,20260407,4.6414,7.6527,,385007.0994,
301096.SZ,20260407,3.4996,4.1579,,575086.9153,
920961.BJ,20260407,1.3407,1.7154,,300107.9073,
688353.SH,20260407,2.8732,6.3315,,1797565.0,
002989.SZ,20260407,1.3723,2.8183,,511295.2368,
301153.SZ,20260407,2.1979,5.195,,851075.599,
002880.SZ,20260407,0.7451,2.7095,,616669.2,
603031.SH,20260407,1.8821,2.6036,,1246582.8742,
002792.SZ,20260407,30.0324,35.9979,,2489792.6506,
603040.SH,20260407,0.6319,1.3711,,1090555.5208,
300617.SZ,20260407,5.6586,8.8554,,855217.2539,
600863.SH,20260407,0.608,1.3001,,3862748.4531,
301159.SZ,20260407,3.3245,5.0194,,305300.45,
688659.SH,20260407,2.532,4.6054,,152640.0,
301021.SZ,20260407,3.0688,5.1847,,833047.6946,
300102.SZ,20260407,3.7628,5.8767,,2717745.8974,
300088.SZ,20260407,1.2327,1.3839,,1468667.3445,
002261.SZ,20260407,5.347,5.9591,,4259490.2136,
000719.SZ,20260407,0.6261,1.3765,,1304584.78,
300568.SZ,20260407,3.7454,3.8814,,1941860.4521,
603068.SH,20260407,0.9641,1.58,,465379.9201,
000882.SZ,20260407,1.7999,2.5071,,435238.9596,
001238.SZ,20260407,0.3385,1.088,,521297.28,
600493.SH,20260407,3.3929,5.0655,,198560.0,
300889.SZ,20260407,3.1914,3.6451,,528985.4462,
603108.SH,20260407,1.198,1.6924,,746177.3295,
002850.SZ,20260407,3.1842,3.6529,,4832519.9417,
002777.SZ,20260407,0.9342,1.523,,645005.04,
600211.SH,20260407,0.7508,1.6602,,1351162.0696,
688345.SH,20260407,8.7475,30.7907,,521931.42,
002388.SZ,20260407,3.2161,3.6163,,244113.4528,
688788.SH,20260407,0.6812,1.5606,,865946.7322,
002256.SZ,20260407,4.1644,5.5458,,753711.1261,
002896.SZ,20260407,1.4144,2.6813,,1392559.6396,
000767.SZ,20260407,5.19,9.9871,,1110776.1411,
600123.SH,20260407,2.9281,5.3701,,964972.2138,
000631.SZ,20260407,1.8773,6.5603,,772800.0286,
300602.SZ,20260407,2.1513,2.867,,1707769.17,
002097.SZ,20260407,1.2966,1.9131,,1054199.536,
603669.SH,20260407,5.7018,13.1036,,360623.068,
300826.SZ,20260407,1.3283,2.3101,,285485.8761,
688598.SH,20260407,1.7804,2.0238,,453547.2585,
688266.SH,20260407,0.9565,1.4524,,2647081.86,
603195.SH,20260407,0.0801,0.4745,,7432316.1107,
603200.SH,20260407,2.1315,4.3532,,979178.9747,
920237.BJ,20260407,0.6295,1.7366,,153260.8272,
601366.SH,20260407,1.1879,1.9405,,383896.4452,
600588.SH,20260407,0.644,1.231,,3926130.0229,
002855.SZ,20260407,1.2278,3.3732,,285600.4114,
002865.SZ,20260407,3.6675,5.2969,,2177306.0337,
002012.SZ,20260407,2.322,2.9735,,299280.3008,
000785.SZ,20260407,0.5718,1.7576,,1469583.5201,
001328.SZ,20260407,1.3113,1.3113,,544930.077,
603823.SH,20260407,0.7098,2.2312,,631629.807,
002371.SZ,20260407,0.6327,1.1805,,30738701.5793,
601669.SH,20260407,1.125,1.8182,,9681101.5457,
920212.BJ,20260407,0.7155,1.253,,119150.3,
301310.SZ,20260407,4.4938,5.2373,,550314.3932,
920489.BJ,20260407,3.3993,3.3993,,194590.8192,
301371.SZ,20260407,0.933,0.933,,1168153.584,
001278.SZ,20260407,4.4321,7.3667,,262933.475,
300797.SZ,20260407,0.4031,1.1214,,553807.7199,
600537.SH,20260407,7.6876,7.6876,,432055.9816,
301631.SZ,20260407,1.9418,1.9418,,766237.0096,
301333.SZ,20260407,2.5139,6.4041,,636470.477,
688368.SH,20260407,2.0644,5.9769,,1687972.5577,
301200.SZ,20260407,0.6688,4.525,,7408142.4773,
002372.SZ,20260407,0.6637,1.592,,1663679.6975,
300002.SZ,20260407,0.8982,0.9125,,1823570.1738,
002063.SZ,20260407,2.6017,3.4102,,1176600.3794,
920100.BJ,20260407,3.388,3.388,,334134.7011,
300311.SZ,20260407,1.2325,1.392,,339509.5956,
003009.SZ,20260407,1.0752,2.5158,,902322.0158,
002689.SZ,20260407,0.6528,1.3395,,374548.5503,
600578.SH,20260407,0.3576,1.7461,,3354005.1285,
300685.SZ,20260407,2.2725,2.9327,,883697.077,
600621.SH,20260407,0.5329,1.1909,,1455553.8286,
688090.SH,20260407,4.3465,6.4893,,729570.3216,
301636.SZ,20260407,8.3847,8.3847,,405624.5439,
300404.SZ,20260407,4.125,4.5829,,393580.2998,
601155.SH,20260407,0.3563,1.0863,,3090203.3127,
603366.SH,20260407,3.3659,8.516,,691903.934,
300480.SZ,20260407,4.3972,4.975,,1022544.7652,
603616.SH,20260407,5.2642,8.1756,,243008.478,
688789.SH,20260407,1.2416,2.3496,,1251518.1509,
301259.SZ,20260407,1.376,1.6028,,492336.0,
300452.SZ,20260407,2.5508,3.098,,350040.037,
000571.SZ,20260407,1.8258,2.5748,,457325.305,
600581.SH,20260407,3.7731,7.5495,,389356.059,
000721.SZ,20260407,0.9984,1.5445,,437322.7027,
002165.SZ,20260407,12.9764,16.2041,,707329.5832,
300842.SZ,20260407,2.4518,2.7428,,1138847.9054,
002263.SZ,20260407,27.4048,38.0122,,922274.8091,
002225.SZ,20260407,1.4359,1.6975,,605122.8347,
002644.SZ,20260407,2.4009,6.3903,,453974.073,
301296.SZ,20260407,0.671,1.5961,,329633.9143,
002998.SZ,20260407,3.1172,4.7361,,292011.7179,
603227.SH,20260407,4.8236,8.7599,,1100628.3916,
603368.SH,20260407,0.8437,1.1315,,678834.2057,
002292.SZ,20260407,1.588,1.9051,,1110503.4724,
000736.SZ,20260407,0.4314,0.9017,,364584.0197,
002480.SZ,20260407,1.1235,1.5949,,459962.8647,
603088.SH,20260407,2.6971,4.9831,,579755.7128,
002995.SZ,20260407,15.1451,20.4321,,399450.0345,
300776.SZ,20260407,2.1792,2.7958,,1982439.9939,
600293.SH,20260407,3.0,4.1894,,368926.1246,
301049.SZ,20260407,3.7159,6.1961,,202550.4148,
300228.SZ,20260407,3.731,3.7968,,544852.1007,
002791.SZ,20260407,2.3929,3.022,,670612.0996,
688388.SH,20260407,5.6403,7.0343,,1952562.1902,
300554.SZ,20260407,2.9318,3.3683,,243727.5053,
605133.SH,20260407,6.646,14.5406,,776484.0914,
300091.SZ,20260407,0.5891,0.9196,,841245.3398,
601033.SH,20260407,1.5143,1.5143,,1302300.0,
301038.SZ,20260407,0.6505,2.0494,,454637.04,
301239.SZ,20260407,2.4226,4.6254,,565859.2395,
300606.SZ,20260407,9.4655,13.7577,,484355.7388,
301031.SZ,20260407,1.8138,2.3178,,1341806.8846,
300907.SZ,20260407,2.0209,5.2492,,266112.0,
000868.SZ,20260407,0.7969,1.1905,,419023.5718,
300702.SZ,20260407,1.7453,2.5459,,786428.3793,
001319.SZ,20260407,1.6883,2.2257,,340774.0,
000715.SZ,20260407,1.4779,2.8522,,314532.95,
603535.SH,20260407,0.4232,1.2405,,425594.8898,
300001.SZ,20260407,1.5226,2.26,,2832007.684,
000887.SZ,20260407,0.7005,1.178,,2298591.0983,
605577.SH,20260407,0.7974,3.8791,,553333.334,
603885.SH,20260407,0.5434,1.2729,,2631726.3479,
603511.SH,20260407,0.29,2.0695,,559206.047,
300676.SZ,20260407,0.7363,1.1908,,1641894.5194,
000607.SZ,20260407,2.0673,3.8695,,403008.5704,
002870.SZ,20260407,2.3319,4.1595,,462396.8016,
600501.SH,20260407,1.0687,1.9842,,907415.1282,
300579.SZ,20260407,0.7038,1.4763,,707670.0,
920121.BJ,20260407,1.1535,1.1535,,233418.8905,
688584.SH,20260407,0.6355,1.4475,,1245072.5785,
300080.SZ,20260407,1.8432,4.3446,,863628.381,
002990.SZ,20260407,9.7268,15.4683,,819597.1919,
688593.SH,20260407,1.1491,1.5314,,1310118.3536,
300326.SZ,20260407,1.3682,1.6721,,471794.3448,
002656.SZ,20260407,0.8476,1.0666,,213755.9532,
002589.SZ,20260407,15.0209,18.3519,,537181.6381,
002945.SZ,20260407,0.3849,3.8492,,4247100.0,
600328.SH,20260407,2.14,3.9394,,1274222.9842,
600970.SH,20260407,0.9696,2.3534,,2781750.515,
002892.SZ,20260407,0.8792,1.0753,,783253.0082,
000400.SZ,20260407,1.2579,2.0348,,2735000.7386,
603359.SH,20260407,2.7576,5.1124,,259627.872,
301028.SZ,20260407,0.6405,1.4077,,526916.1719,
002148.SZ,20260407,1.1917,1.2767,,413091.6369,
300220.SZ,20260407,1.6226,3.2314,,206085.6,
300655.SZ,20260407,2.0356,2.3959,,1540792.0856,
300013.SZ,20260407,2.7927,3.0623,,209942.9441,
688059.SH,20260407,1.7384,2.7101,,1118951.9207,
688385.SH,20260407,1.1671,1.9023,,5290710.2048,
002481.SZ,20260407,0.8556,1.4131,,555163.425,
603049.SH,20260407,1.6314,1.6314,,4244753.0927,
603866.SH,20260407,0.3483,0.9108,,791860.9817,
920837.BJ,20260407,0.456,1.3605,,181296.7805,
002678.SZ,20260407,5.0223,30.3284,,802767.3109,
603233.SH,20260407,0.2912,0.7371,,2011205.6863,
603106.SH,20260407,1.0817,2.438,,464303.84,
688568.SH,20260407,0.9331,2.1746,,4631908.3236,
601101.SH,20260407,1.5328,4.1772,,1239838.2143,
000795.SZ,20260407,0.748,1.442,,991973.5901,
603567.SH,20260407,1.1607,2.9562,,638936.6337,
301188.SZ,20260407,11.7655,18.9847,,567712.697,
603939.SH,20260407,0.414,0.8556,,2816387.3849,
300441.SZ,20260407,0.3815,0.7298,,449157.86,
301349.SZ,20260407,6.2934,15.2335,,585174.0,
603331.SH,20260407,2.3401,3.3058,,301646.0489,
301248.SZ,20260407,4.4838,5.0968,,676148.295,
002565.SZ,20260407,21.1866,27.8236,,1698102.253,
603345.SH,20260407,2.4734,3.2978,,3271230.8676,
600375.SH,20260407,0.697,0.801,,780695.7557,
601699.SH,20260407,0.7688,2.0479,,4008488.328,
300667.SZ,20260407,6.7564,7.63,,335193.8319,
688787.SH,20260407,1.9433,3.0663,,727280.3701,
300755.SZ,20260407,0.5297,1.7669,,523498.7904,
600163.SH,20260407,2.7261,8.0096,,1164633.6395,
301063.SZ,20260407,2.9141,4.8143,,243682.2905,
688757.SH,20260407,0.4967,0.6805,,960284.6482,
688531.SH,20260407,1.8954,2.0339,,1087124.2095,
300318.SZ,20260407,0.8349,1.7981,,486055.7945,
300610.SZ,20260407,3.8399,4.1576,,244894.0892,
603915.SH,20260407,1.0843,3.0363,,938984.4464,
300510.SZ,20260407,2.7493,4.0317,,339772.5684,
301226.SZ,20260407,8.5601,17.7433,,461312.0,
600337.SH,20260407,1.6631,3.0962,,354938.5398,
920179.BJ,20260407,4.893,6.6559,,329418.18,
688580.SH,20260407,0.896,2.3765,,499447.2669,
300849.SZ,20260407,3.4842,5.6274,,286200.0,
002633.SZ,20260407,0.9522,1.9755,,263100.0,
301607.SZ,20260407,3.4317,4.2616,,705764.0319,
300543.SZ,20260407,3.7542,4.1633,,288908.168,
920992.BJ,20260407,2.4111,3.7799,,136293.886,
300827.SZ,20260407,5.6601,7.0338,,1958440.9749,
688455.SH,20260407,2.3147,5.0079,,438223.9769,
301558.SZ,20260407,2.7065,2.7065,,629503.276,
300912.SZ,20260407,3.7963,5.1622,,282724.602,
301511.SZ,20260407,9.7474,12.6025,,2489771.9,
688355.SH,20260407,1.1457,3.6344,,258076.5419,
600019.SH,20260407,0.2359,0.6434,,13896970.0699,
603507.SH,20260407,5.9926,8.0248,,776277.1051,
600886.SH,20260407,0.3583,1.1486,,10766044.7824,
688171.SH,20260407,0.7033,1.3085,,391221.778,
002666.SZ,20260407,3.1848,4.149,,423155.6246,
000409.SZ,20260407,0.5629,0.8949,,685205.7606,
600395.SH,20260407,1.3158,2.8267,,1184936.9415,
300906.SZ,20260407,2.2092,4.4425,,253280.0,
601890.SH,20260407,1.9752,3.0719,,970912.8,
301498.SZ,20260407,1.1028,2.204,,2042011.0112,
300535.SZ,20260407,4.2298,5.2291,,204514.9582,
000533.SZ,20260407,5.5798,9.0042,,956089.344,
003031.SZ,20260407,7.868,17.3792,,4133899.4527,
002009.SZ,20260407,5.9351,7.1902,,964152.9972,
600106.SH,20260407,3.5743,4.9021,,797415.0372,
000586.SZ,20260407,0.9471,1.4186,,401581.44,
688013.SH,20260407,1.2445,2.5736,,288508.158,
601800.SH,20260407,0.1272,0.623,,12271081.7457,
603568.SH,20260407,0.1785,0.5568,,4230856.818,
688425.SH,20260407,0.3944,1.4234,,2640081.015,
688428.SH,20260407,6.3897,6.3897,,5237463.2495,
002273.SZ,20260407,4.2972,4.7266,,3562799.7502,
600487.SH,20260407,6.8247,9.5025,,14477722.5486,
002881.SZ,20260407,1.4102,1.9724,,1084204.053,
301092.SZ,20260407,2.0346,3.3694,,438450.4906,
920720.BJ,20260407,1.3803,1.4282,,303565.4756,
600673.SH,20260407,1.1546,2.3624,,9028665.177,
688733.SH,20260407,1.1499,1.5789,,519815.0444,
002309.SZ,20260407,34.9251,37.2684,,1573008.9964,
688309.SH,20260407,3.1224,6.1448,,460289.1564,
002800.SZ,20260407,9.014,17.9542,,268726.6633,
000755.SZ,20260407,0.4901,2.161,,746860.8898,
002996.SZ,20260407,2.1138,2.9387,,474630.7167,
688486.SH,20260407,0.6633,1.3827,,774100.5217,
600012.SH,20260407,0.5052,2.4019,,2468915.2796,
002405.SZ,20260407,1.712,1.8953,,2107506.7956,
600105.SH,20260407,8.491,11.3022,,4416686.2968,
601999.SH,20260407,2.9434,9.0633,,407676.878,
603969.SH,20260407,0.7581,1.2674,,760027.352,
002216.SZ,20260407,1.3447,2.7403,,1131509.8698,
600547.SH,20260407,0.7526,1.6629,,18301420.2143,
001382.SZ,20260407,8.2579,8.2579,,828532.0,
002522.SZ,20260407,3.5908,4.7891,,525352.0445,
300861.SZ,20260407,1.3019,2.0977,,1035977.9585,
600561.SH,20260407,2.6635,4.421,,180642.768,
300368.SZ,20260407,3.4152,4.8784,,559622.1966,
000553.SZ,20260407,0.8981,5.6035,,1505058.4008,
601600.SH,20260407,1.7604,2.9047,,19539512.3415,
300631.SZ,20260407,2.1797,2.9679,,326988.5538,
603199.SH,20260407,1.6255,2.9353,,432758.8,
301522.SZ,20260407,1.1469,1.7455,,1102212.801,
688189.SH,20260407,2.9476,5.2905,,216501.6,
002429.SZ,20260407,1.8442,4.0044,,4296066.636,
000869.SZ,20260407,0.125,0.5189,,1257300.3649,
001367.SZ,20260407,17.8906,17.8906,,393370.7984,
603166.SH,20260407,0.5115,1.2527,,834180.6411,
600156.SH,20260407,1.2497,2.0938,,291128.1482,
002549.SZ,20260407,5.6212,10.1901,,1294042.4438,
002373.SZ,20260407,1.0933,1.5041,,1471155.2282,
603860.SH,20260407,2.9312,5.4522,,207508.16,
002003.SZ,20260407,0.3091,0.4565,,1133011.8393,
603230.SH,20260407,1.2413,4.388,,430237.491,
301289.SZ,20260407,0.5814,2.3715,,402402.0,
300143.SZ,20260407,2.9048,5.0857,,925572.7309,
002298.SZ,20260407,6.6111,6.7951,,720127.9067,
300292.SZ,20260407,5.6777,6.0725,,621237.183,
688258.SH,20260407,2.6232,4.2165,,1291376.2464,
688073.SH,20260407,2.9477,4.5583,,528393.4597,
300855.SZ,20260407,1.5203,2.1537,,1506183.952,
301215.SZ,20260407,0.6541,2.2431,,783748.8,
002839.SZ,20260407,0.9998,1.2636,,1087733.5134,
601916.SH,20260407,0.4677,0.7036,,8074602.9731,
301632.SZ,20260407,2.4126,2.4126,,834608.64,
000949.SZ,20260407,4.4993,7.3134,,1120064.3473,
002380.SZ,20260407,1.9569,2.4964,,724054.805,
603013.SH,20260407,0.6148,3.0332,,918352.7521,
603268.SH,20260407,2.0987,2.4998,,11668755.2021,
603739.SH,20260407,2.1837,5.2589,,378278.1547,
301178.SZ,20260407,1.8583,2.2111,,320158.0592,
002446.SZ,20260407,1.5474,1.5894,,878799.095,
600515.SH,20260407,0.5153,0.8594,,4067410.2183,
300148.SZ,20260407,2.3729,2.7011,,350596.2067,
603878.SH,20260407,1.7201,2.8326,,409069.699,
002443.SZ,20260407,2.1304,2.7064,,424236.4488,
301141.SZ,20260407,10.9138,10.9138,,637527.5897,
300886.SZ,20260407,3.1878,4.0629,,209509.198,
600050.SH,20260407,0.2735,0.6409,,13975198.1212,
300149.SZ,20260407,12.0548,13.7051,,580626.0147,
002197.SZ,20260407,2.2964,2.6711,,457086.0184,
688270.SH,20260407,4.6758,6.5615,,2882418.8456,
300093.SZ,20260407,1.3275,1.3633,,1021140.0,
600026.SH,20260407,2.5266,6.975,,14182248.0772,
002145.SZ,20260407,1.0831,1.6592,,1720615.8267,
300310.SZ,20260407,3.0158,3.024,,518415.2162,
600338.SH,20260407,3.5768,3.8708,,1530387.8212,
300255.SZ,20260407,3.5855,5.165,,3880275.0269,
002116.SZ,20260407,0.8597,1.6236,,472315.1657,
000920.SZ,20260407,1.3285,2.8449,,526972.5466,
300019.SZ,20260407,5.1723,9.4819,,787805.8668,
300024.SZ,20260407,0.607,0.8159,,2227877.1889,
920061.BJ,20260407,1.7509,3.4,,158428.02,
300772.SZ,20260407,2.4128,4.0372,,1339214.7939,
600392.SH,20260407,5.7853,7.8435,,4210289.4211,
600475.SH,20260407,0.7958,2.5297,,1587859.0759,
688543.SH,20260407,2.598,2.598,,1378357.3848,
000898.SZ,20260407,0.3296,1.2759,,2173659.3319,
600546.SH,20260407,1.0121,2.4044,,2226298.2452,
301231.SZ,20260407,5.7293,6.955,,252778.0,
301551.SZ,20260407,3.5073,4.2251,,1173229.33,
600961.SH,20260407,1.7465,2.813,,1823883.5951,
603596.SH,20260407,0.9441,1.5137,,2620133.7192,
301137.SZ,20260407,2.9333,8.6732,,747253.074,
605122.SH,20260407,1.8712,5.6369,,219578.996,
301012.SZ,20260407,3.6929,5.789,,550700.613,
600828.SH,20260407,0.9826,6.3738,,888507.0461,
600165.SH,20260407,0.6475,1.8181,,538089.2971,
000682.SZ,20260407,0.8961,1.5304,,1568650.5982,
920110.BJ,20260407,0.617,0.9309,,133380.0,
688565.SH,20260407,1.8483,2.8393,,184467.36,
002721.SZ,20260407,0.7671,1.0972,,747285.3908,
603583.SH,20260407,0.8124,1.7007,,1233309.7431,
600108.SH,20260407,5.5203,7.676,,866377.2288,
600583.SH,20260407,1.8268,4.0949,,3077262.9408,
603308.SH,20260407,2.3056,3.5181,,4136037.525,
688135.SH,20260407,2.2882,3.0655,,595813.6732,
300626.SZ,20260407,14.7865,25.5133,,430200.0,
688583.SH,20260407,2.4488,2.4488,,1039584.0,
600523.SH,20260407,0.5779,1.0764,,549459.0839,
603895.SH,20260407,1.2172,2.3232,,274955.52,
002602.SZ,20260407,1.0717,1.315,,12788133.8287,
002631.SZ,20260407,3.3686,7.1261,,544544.2077,
301091.SZ,20260407,0.4758,1.2721,,1094633.28,
000027.SZ,20260407,0.5189,2.0771,,3163664.2941,
688685.SH,20260407,1.7843,2.8065,,563176.1429,
688191.SH,20260407,2.9004,5.5802,,880503.0564,
603976.SH,20260407,0.9129,3.1718,,304675.655,
688063.SH,20260407,3.3991,4.8717,,1665253.223,
002217.SZ,20260407,1.7835,2.518,,1675385.3599,
920689.BJ,20260407,1.6253,2.043,,195170.6,
000532.SZ,20260407,1.9239,3.6367,,456393.8422,
002326.SZ,20260407,2.5009,3.1419,,2056558.7348,
002808.SZ,20260407,1.1344,1.2787,,120960.0,
603903.SH,20260407,1.5936,2.893,,289276.9708,
300086.SZ,20260407,14.0361,19.819,,400509.4817,
600298.SH,20260407,0.9152,1.4901,,3438733.3945,
600509.SH,20260407,1.7877,2.7266,,1044542.0293,
920020.BJ,20260407,0.7865,0.7865,,341241.565,
002224.SZ,20260407,3.5994,4.4454,,396931.1826,
002613.SZ,20260407,2.9284,3.854,,398405.8665,
300711.SZ,20260407,0.9399,2.8083,,669675.5132,
003007.SZ,20260407,18.554,35.8192,,469390.2,
603337.SH,20260407,0.3493,1.0158,,1789402.3114,
300243.SZ,20260407,8.9105,9.753,,336408.7232,
688106.SH,20260407,6.2539,11.1464,,1470439.7735,
920300.BJ,20260407,5.2322,6.498,,101385.4558,
001379.SZ,20260407,2.0942,2.14,,414200.0,
000426.SZ,20260407,1.5701,2.1607,,7031517.5264,
688235.SH,20260407,2.283,2.283,,36557198.1753,
002085.SZ,20260407,0.7288,1.2056,,2851588.5694,
600600.SH,20260407,0.6571,1.5328,,8595793.4574,
000568.SZ,20260407,0.304,0.6196,,15233127.3751,
605388.SH,20260407,1.3188,4.0276,,390314.6,
605255.SH,20260407,0.8083,3.2333,,1233670.08,
603618.SH,20260407,14.3462,30.5683,,1859109.0314,
600790.SH,20260407,0.3325,0.5518,,545274.2252,
603817.SH,20260407,3.4184,6.6221,,391077.6508,
600058.SH,20260407,0.5861,1.5656,,1160879.3,
002015.SZ,20260407,14.3652,27.6393,,2816468.2053,
688200.SH,20260407,1.1603,1.8242,,3540805.5031,
301261.SZ,20260407,1.7933,2.1405,,641598.4308,
002643.SZ,20260407,0.916,1.6964,,1462890.3716,
001211.SZ,20260407,4.6159,8.0779,,205344.0,
002466.SZ,20260407,2.5744,3.8348,,9674409.0536,
603005.SH,20260407,2.8927,3.4343,,1744559.3136,
002956.SZ,20260407,1.0121,2.1716,,623751.7967,
600975.SH,20260407,1.9398,3.2331,,681065.6483,
000710.SZ,20260407,2.8842,3.7695,,370490.4953,
300147.SZ,20260407,2.0196,2.6137,,648714.7431,
603380.SH,20260407,0.444,0.9972,,531060.372,
002753.SZ,20260407,4.4725,5.5579,,321078.5802,
002655.SZ,20260407,11.9838,13.7664,,687956.8346,
600585.SH,20260407,0.4045,0.7947,,12098307.7879,
300451.SZ,20260407,0.8326,0.9685,,717244.7324,
301358.SZ,20260407,1.6439,2.9019,,5254103.5912,
605369.SH,20260407,0.3273,1.0205,,392256.9563,
002364.SZ,20260407,5.5946,9.4556,,1553748.5947,
300747.SZ,20260407,4.9015,8.358,,1666828.8,
601065.SH,20260407,1.0587,1.3614,,529647.4891,
002501.SZ,20260407,2.2364,2.8878,,678050.0,
300540.SZ,20260407,1.8213,2.7865,,451313.2103,
603856.SH,20260407,0.6304,1.5978,,355954.7477,
301090.SZ,20260407,0.9351,5.2352,,1145574.9894,
002152.SZ,20260407,0.7772,1.5556,,2838506.6524,
002369.SZ,20260407,1.3875,1.3875,,390632.8769,
688109.SH,20260407,1.0883,2.1607,,936488.8394,
600679.SH,20260407,0.5983,1.5152,,600833.1037,
603260.SH,20260407,1.0538,4.5882,,5085854.2602,
300970.SZ,20260407,14.974,19.1363,,368317.7364,
601339.SH,20260407,0.8704,3.3859,,1078190.111,
002019.SZ,20260407,1.7891,2.1734,,1575225.1601,
002620.SZ,20260407,12.3143,17.4526,,352956.89,
603228.SH,20260407,1.4996,3.519,,5376121.7513,
600100.SH,20260407,0.8718,1.2757,,2586429.8344,
600162.SH,20260407,0.7653,2.3819,,562171.357,
920195.BJ,20260407,0.3849,0.696,,181845.65,
002889.SZ,20260407,0.5147,1.1595,,495499.7233,
000012.SZ,20260407,0.7603,1.2525,,1335643.808,
301121.SZ,20260407,2.6329,3.2419,,337787.4628,
301056.SZ,20260407,1.5674,3.4311,,386840.6672,
600278.SH,20260407,0.6233,1.6402,,626907.2855,
601098.SH,20260407,0.3198,0.9058,,1954048.0,
000897.SZ,20260407,1.8325,2.3172,,334775.3524,
600567.SH,20260407,0.4624,0.6175,,958732.9025,
920475.BJ,20260407,1.0414,2.0582,,128346.2,
301280.SZ,20260407,4.2475,4.3826,,719737.0967,
920023.BJ,20260407,8.7063,9.7237,,100482.328,
301139.SZ,20260407,5.664,6.3566,,204863.648,
688785.SH,20260407,3.7478,3.7478,,1941413.6051,
301218.SZ,20260407,5.694,6.9803,,386595.6,
920866.BJ,20260407,1.0347,1.5092,,134433.6014,
002484.SZ,20260407,2.2918,3.5803,,2394224.8939,
688051.SH,20260407,0.7779,1.8359,,229604.646,
601138.SH,20260407,0.6077,3.7485,,104340237.2293,
300813.SZ,20260407,6.0473,11.6303,,328207.4851,
600238.SH,20260407,1.0744,1.3206,,185554.8,
601975.SH,20260407,8.0559,11.636,,2447820.2666,
300618.SZ,20260407,1.3824,1.7455,,1269448.376,
002671.SZ,20260407,5.3565,9.041,,266969.288,
000923.SZ,20260407,1.0725,1.7039,,1161857.5506,
002427.SZ,20260407,2.8023,7.033,,613924.6201,
601799.SH,20260407,0.5021,1.0985,,3416725.8512,
300357.SZ,20260407,1.7143,3.0978,,1342992.96,
002639.SZ,20260407,20.2017,21.4851,,1587697.4758,
688630.SH,20260407,4.3351,6.7444,,2634814.32,
301591.SZ,20260407,2.8643,2.8643,,341358.96,
301633.SZ,20260407,0.7581,0.9089,,333411.84,
600439.SH,20260407,1.0778,1.6257,,285260.3309,
002304.SZ,20260407,0.3081,0.7991,,7497577.1333,
300771.SZ,20260407,1.919,2.2437,,325440.0,
688639.SH,20260407,1.5799,2.2822,,712329.4937,
920478.BJ,20260407,8.8444,11.0076,,136874.4293,
002559.SZ,20260407,3.794,4.1447,,516229.3575,
600421.SH,20260407,1.4157,2.3698,,120880.8,
002897.SZ,20260407,6.368,10.9767,,1191590.7576,
300150.SZ,20260407,2.1688,2.3773,,304255.1476,
603101.SH,20260407,0.6267,1.5849,,378672.0,
002095.SZ,20260407,0.8122,1.4541,,412691.76,
301237.SZ,20260407,1.0175,1.4818,,415840.0,
600879.SH,20260407,2.2499,3.0219,,6717373.444,
300461.SZ,20260407,6.3158,11.2092,,999822.9013,
603836.SH,20260407,0.9249,2.2142,,261880.1624,
300316.SZ,20260407,0.9796,2.0362,,5365159.9663,
600808.SH,20260407,0.5055,1.3502,,2872354.0824,
605288.SH,20260407,1.0579,3.9991,,598600.4116,
301449.SZ,20260407,5.4133,5.4133,,476608.7007,
688391.SH,20260407,1.1427,2.2951,,331492.5297,
002051.SZ,20260407,11.9579,32.8917,,1296804.566,
301369.SZ,20260407,1.7345,2.319,,908940.5508,
688363.SH,20260407,0.7252,1.8037,,2023048.6164,
600877.SH,20260407,0.8748,1.4905,,1832924.0936,
300841.SZ,20260407,0.9622,1.3824,,737578.5987,
002801.SZ,20260407,1.4842,2.5213,,680169.984,
920806.BJ,20260407,0.4576,1.4088,,332013.2804,
300839.SZ,20260407,10.2084,18.3217,,415898.6408,
002731.SZ,20260407,5.8182,6.9379,,182383.072,
300883.SZ,20260407,3.1319,3.9616,,224900.0,
002102.SZ,20260407,6.8179,8.7696,,760017.4245,
603131.SH,20260407,1.5069,2.6049,,677183.5122,
920570.BJ,20260407,1.2539,1.8308,,139672.7817,
000975.SZ,20260407,0.7772,1.1962,,8149679.8478,
300391.SZ,20260407,14.5499,18.4533,,8758.4028,
002947.SZ,20260407,6.9683,8.2147,,1395828.4625,
603015.SH,20260407,0.633,1.2661,,487892.333,
301176.SZ,20260407,5.4361,15.8248,,452253.3342,
301059.SZ,20260407,1.2255,3.8966,,312520.208,
600768.SH,20260407,4.2775,6.8167,,227503.9872,
300051.SZ,20260407,5.1929,6.4745,,446421.228,
002028.SZ,20260407,2.1151,2.3332,,15637357.9762,
002965.SZ,20260407,1.2874,1.4063,,743065.0052,
300635.SZ,20260407,3.8249,4.4634,,189858.984,
300643.SZ,20260407,1.2801,2.2669,,378793.3083,
300207.SZ,20260407,2.7237,3.5602,,4387723.3093,
601995.SH,20260407,0.3016,0.8929,,15447221.9776,
603019.SH,20260407,1.4601,1.7483,,11403524.4205,
601288.SH,20260407,0.0953,1.0625,,234138649.661,
600612.SH,20260407,0.2193,0.7174,,2171461.8384,
002248.SZ,20260407,3.2156,3.8979,,364382.286,
300376.SZ,20260407,0.8807,1.8249,,1427211.4118,
600686.SH,20260407,1.6099,2.9271,,1289968.3032,
000623.SZ,20260407,0.4434,0.6112,,2096404.6134,
300045.SZ,20260407,1.9103,2.067,,1384328.568,
000518.SZ,20260407,1.115,1.7196,,291364.4108,
600167.SH,20260407,0.5232,1.7565,,1452743.5772,
603299.SH,20260407,0.9287,2.496,,1083047.7992,
002108.SZ,20260407,3.0901,3.8518,,788029.9425,
300079.SZ,20260407,1.534,1.5754,,735830.48,
600025.SH,20260407,0.1107,1.1074,,17829957.2039,
688132.SH,20260407,1.0264,1.8791,,248583.7581,
688259.SH,20260407,0.9279,1.6861,,384806.5,
301316.SZ,20260407,1.328,2.4068,,1629736.0,
601116.SH,20260407,1.0473,2.8188,,730055.3072,
605016.SH,20260407,1.2089,2.784,,1014749.7651,
600148.SH,20260407,1.1269,2.2096,,251616.2481,
002352.SZ,20260407,0.4118,0.8157,,19044007.5156,
688312.SH,20260407,5.086,9.5912,,765736.1976,
300566.SZ,20260407,1.3897,1.5392,,458945.1949,
600227.SH,20260407,15.4108,18.6553,,645093.9757,
688177.SH,20260407,0.5049,1.732,,938719.36,
601186.SH,20260407,0.3081,0.7794,,9383463.1765,
600506.SH,20260407,3.194,5.4189,,418025.2193,
600892.SH,20260407,0.3965,0.6086,,197490.8584,
002290.SZ,20260407,0.9964,1.7786,,1487433.4184,
600787.SH,20260407,0.6971,1.3504,,1176183.1334,
600985.SH,20260407,0.6108,1.5844,,3687071.1726,
002581.SZ,20260407,0.9719,1.1233,,473690.1507,
002803.SZ,20260407,2.736,3.0511,,717946.0291,
603077.SH,20260407,2.6543,3.9525,,2490531.7093,
000919.SZ,20260407,6.2478,10.7201,,503758.8677,
603629.SH,20260407,14.9156,27.3781,,1678848.0,
300581.SZ,20260407,0.9113,1.7468,,690387.4802,
603733.SH,20260407,0.6173,3.0313,,1559824.1192,
688660.SH,20260407,1.0289,2.5728,,1594666.7464,
920021.BJ,20260407,5.5333,6.6881,,287060.9842,
300616.SZ,20260407,2.5684,2.9569,,262683.6966,
300561.SZ,20260407,4.2424,7.1906,,450820.3577,
688227.SH,20260407,0.8853,1.5203,,694159.3885,
002826.SZ,20260407,2.7709,3.7023,,379639.4003,
002027.SZ,20260407,0.4363,0.6474,,9113028.0271,
688092.SH,20260407,1.2652,2.6889,,233029.0831,
002121.SZ,20260407,1.1179,1.4789,,1229004.3491,
002282.SZ,20260407,1.0789,1.5884,,360357.43,
001223.SZ,20260407,1.8251,7.2961,,489164.48,
300460.SZ,20260407,0.8381,1.0437,,236998.7878,
000638.SZ,20260407,0.2819,0.3987,,33941.1341,
002069.SZ,20260407,2.0024,3.4641,,263822.624,
300099.SZ,20260407,2.0811,2.5043,,608981.1006,
301051.SZ,20260407,1.7735,2.5,,413193.433,
603109.SH,20260407,0.9293,2.3236,,431480.7118,
002873.SZ,20260407,15.1043,21.1402,,290483.5291,
002442.SZ,20260407,3.1309,5.0306,,302980.521,
688169.SH,20260407,1.0222,1.2937,,2956403.6589,
600149.SH,20260407,14.6428,22.6328,,234178.56,
300478.SZ,20260407,1.0464,1.4529,,295148.09,
002209.SZ,20260407,2.7617,3.2475,,301130.9527,
601019.SH,20260407,0.3037,1.4831,,1811429.2,
300237.SZ,20260407,1.0573,1.4496,,330198.519,
002212.SZ,20260407,1.0465,1.0465,,852745.1545,
002347.SZ,20260407,1.6423,2.3458,,400228.9049,
688322.SH,20260407,1.1227,1.7661,,2992536.0304,
688225.SH,20260407,0.4864,0.9305,,638015.95,
300692.SZ,20260407,4.2161,4.9753,,444489.8933,
300768.SZ,20260407,0.6073,1.1938,,977332.4812,
600865.SH,20260407,1.3722,3.6112,,422141.6346,
601898.SH,20260407,0.5301,3.1573,,24661113.924,
301075.SZ,20260407,1.4433,4.214,,498800.0,
603170.SH,20260407,1.2338,3.6416,,530813.27,
688010.SH,20260407,1.5733,3.2987,,482487.5419,
688119.SH,20260407,0.6891,1.5962,,556875.0,
301505.SZ,20260407,2.0651,2.0651,,246417.5806,
301323.SZ,20260407,3.9858,8.1718,,647575.4358,
600502.SH,20260407,6.3998,9.7169,,923495.2586,
301580.SZ,20260407,2.8261,3.1716,,745525.5009,
601010.SH,20260407,1.1806,1.6741,,406560.0,
301126.SZ,20260407,4.1649,5.3985,,234570.4544,
688581.SH,20260407,0.4276,0.6017,,438302.5928,
688019.SH,20260407,0.824,1.1701,,4419833.4598,
300125.SZ,20260407,1.073,1.3316,,565306.639,
002524.SZ,20260407,3.2725,4.3799,,221077.2452,
603099.SH,20260407,1.0159,3.0635,,935814.735,
600333.SH,20260407,2.2286,5.4027,,319132.0784,
002594.SZ,20260407,1.089,1.5457,,89330301.7419,
002950.SZ,20260407,7.093,13.476,,795381.3512,
300418.SZ,20260407,3.043,4.6368,,5927795.5321,
002048.SZ,20260407,1.7696,2.8541,,2060625.4649,
600055.SH,20260407,0.2797,0.5129,,1023656.9004,
001322.SZ,20260407,0.4836,2.2938,,696357.3312,
002669.SZ,20260407,2.442,3.4336,,381980.6,
002510.SZ,20260407,1.2664,1.5094,,693339.7376,
002041.SZ,20260407,1.6976,4.3042,,894960.0,
002370.SZ,20260407,16.8581,19.7426,,583112.0085,
603339.SH,20260407,0.6334,1.1343,,393299.7334,
603508.SH,20260407,0.4551,1.0615,,968436.9176,
000878.SZ,20260407,1.2454,1.8812,,4275599.4625,
920768.BJ,20260407,1.2036,1.594,,119514.69,
000888.SZ,20260407,1.6501,2.7318,,656533.7251,
600725.SH,20260407,1.0292,1.4753,,525032.22,
002616.SZ,20260407,4.3332,6.6266,,484598.0316,
002875.SZ,20260407,1.428,1.8463,,391525.0107,
300034.SZ,20260407,1.0954,1.8503,,1394682.7353,
688636.SH,20260407,1.3088,2.2227,,674409.0347,
000620.SZ,20260407,2.5624,4.5434,,1591261.8758,
300130.SZ,20260407,1.775,2.0601,,1285499.8127,
600851.SH,20260407,2.5459,5.4108,,1012720.5646,
920239.BJ,20260407,0.7617,2.0018,,524009.5591,
301236.SZ,20260407,1.0059,1.2722,,3812602.1182,
600726.SH,20260407,3.2299,23.0661,,3937853.4326,
600933.SH,20260407,0.8145,1.6587,,1680146.4043,
603767.SH,20260407,0.5831,1.7183,,562326.593,
300940.SZ,20260407,1.5508,1.957,,472451.3574,
601778.SH,20260407,3.4858,4.5797,,1750568.9726,
688317.SH,20260407,2.5256,4.5548,,405645.5359,
600378.SH,20260407,1.647,3.6622,,4299568.7335,
603697.SH,20260407,1.2032,3.6466,,418282.8718,
301270.SZ,20260407,2.1701,2.6631,,309200.0,
601900.SH,20260407,0.583,1.5573,,1127157.7801,
600906.SH,20260407,0.5789,0.9317,,2021635.0,
000058.SZ,20260407,0.4105,1.4007,,967723.7282,
600522.SH,20260407,4.3949,5.6842,,10324172.6973,
603007.SH,20260407,1.8924,1.8924,,552903.8131,
300189.SZ,20260407,10.92,11.5167,,672768.0,
002266.SZ,20260407,0.6464,1.2311,,2139901.2748,
300623.SZ,20260407,0.8079,1.2957,,2213332.5845,
603062.SH,20260407,2.7775,3.1822,,517104.0,
300585.SZ,20260407,2.0377,3.4154,,263168.8887,
601717.SH,20260407,1.2058,1.9268,,3495813.0629,
603030.SH,20260407,1.6485,2.1713,,304211.6431,
300735.SZ,20260407,1.061,2.0886,,1597853.1545,
603202.SH,20260407,1.9955,1.9955,,1510880.0,
600699.SH,20260407,2.4609,3.972,,3889332.572,
600538.SH,20260407,2.9061,3.2262,,341777.3229,
301318.SZ,20260407,1.046,2.1859,,348800.5255,
300474.SZ,20260407,1.4259,1.749,,2934506.9371,
301501.SZ,20260407,1.5176,1.5176,,543088.8,
300473.SZ,20260407,1.4549,1.8792,,515051.8885,
600727.SH,20260407,6.2083,9.4409,,390622.9368,
002871.SZ,20260407,1.7202,2.3823,,402714.2982,
301373.SZ,20260407,19.7483,20.9289,,898799.746,
600846.SH,20260407,0.1836,0.4179,,740967.158,
600928.SH,20260407,0.2869,1.0744,,1568888.8891,
920974.BJ,20260407,0.9522,1.0957,,121703.4,
002902.SZ,20260407,29.4182,33.8529,,627474.1955,
301019.SZ,20260407,1.0662,1.3734,,337020.2078,
300640.SZ,20260407,4.6082,5.3801,,218317.3858,
002460.SZ,20260407,4.0162,4.4992,,16555499.014,
002520.SZ,20260407,1.6879,2.2466,,402881.6568,
688111.SH,20260407,0.6856,1.5851,,10527814.5891,
600905.SH,20260407,0.3911,0.8383,,11692348.9081,
600346.SH,20260407,0.4853,1.9399,,16006912.9134,
920870.BJ,20260407,0.7329,1.2959,,181034.0,
600104.SH,20260407,0.3847,1.2664,,16024416.8406,
300319.SZ,20260407,2.6124,3.3671,,988773.3929,
603220.SH,20260407,7.4276,10.2978,,1389138.5254,
300985.SZ,20260407,1.1857,4.2868,,378993.3594,
600495.SH,20260407,3.3683,4.9314,,544894.0896,
301263.SZ,20260407,1.6221,2.0224,,1155225.7125,
301103.SZ,20260407,1.2201,1.7122,,306255.3008,
300201.SZ,20260407,3.0195,4.0162,,1054450.5693,
605218.SH,20260407,0.755,2.3066,,406471.843,
002245.SZ,20260407,16.7789,19.423,,2066474.6718,
000703.SZ,20260407,0.948,2.5575,,5410653.6908,
688005.SH,20260407,2.0177,2.76,,1986936.8066,
920039.BJ,20260407,0.2821,0.8609,,143052.6,
601398.SH,20260407,0.0896,0.7744,,263740630.2459,
002031.SZ,20260407,1.4709,1.5929,,1284447.0713,
920261.BJ,20260407,0.8856,1.3209,,414573.0332,
300341.SZ,20260407,0.8567,2.2578,,734722.6771,
605123.SH,20260407,1.4105,3.2418,,1109683.0289,
600717.SH,20260407,0.5133,1.1999,,1313876.4713,
301262.SZ,20260407,1.6192,2.2532,,931578.0,
605068.SH,20260407,1.9108,5.6595,,408902.4059,
688033.SH,20260407,1.7035,2.2787,,461565.0473,
301667.SZ,20260407,10.2614,10.2614,,893691.8088,
603280.SH,20260407,4.844,4.844,,371292.8345,
600481.SH,20260407,2.1843,3.7164,,1290113.4763,
002845.SZ,20260407,1.9804,2.3403,,434661.1125,
002615.SZ,20260407,3.0504,3.8838,,454007.3065,
301030.SZ,20260407,2.9992,4.2622,,206026.2299,
920223.BJ,20260407,1.4607,2.3142,,234354.65,
002056.SZ,20260407,1.3694,2.7416,,2918321.4608,
600188.SH,20260407,0.854,3.2505,,19944473.8409,
002459.SZ,20260407,1.1797,2.2472,,3399075.2264,
688188.SH,20260407,0.5932,1.6754,,3703827.5036,
600416.SH,20260407,0.7324,1.1384,,1800454.5085,
300897.SZ,20260407,0.801,1.4247,,342556.9812,
300119.SZ,20260407,4.1341,5.2098,,877456.8849,
603937.SH,20260407,5.5293,14.97,,298504.5559,
600517.SH,20260407,0.3258,1.5971,,3522556.4183,
000572.SZ,20260407,3.703,5.6538,,904550.0343,
001256.SZ,20260407,2.9099,22.9533,,302053.3978,
300493.SZ,20260407,1.1093,1.4569,,758018.6285,
002127.SZ,20260407,0.9198,1.0342,,667724.7496,
603333.SH,20260407,1.6836,3.0787,,476711.6585,
600821.SH,20260407,10.2126,13.5622,,1589598.562,
600653.SH,20260407,0.8412,1.1446,,338670.1752,
002344.SZ,20260407,0.4885,1.0394,,564351.4624,
301162.SZ,20260407,4.2723,4.8873,,784895.6461,
920077.BJ,20260407,2.054,2.7354,,974964.1344,
300283.SZ,20260407,5.7858,6.7375,,387146.0349,
688156.SH,20260407,4.4888,6.2085,,223484.7144,
001369.SZ,20260407,11.5539,11.5539,,1754910.0,
002105.SZ,20260407,3.0444,6.0414,,229633.7027,
601728.SH,20260407,0.1098,0.5937,,52616604.7519,
002461.SZ,20260407,0.8372,5.2785,,2153568.611,
300501.SZ,20260407,11.0658,11.0658,,352432.9293,
002253.SZ,20260407,1.393,1.7168,,253829.3569,
002360.SZ,20260407,8.4804,9.0324,,267581.6492,
300949.SZ,20260407,2.7337,5.5143,,220080.0,
301046.SZ,20260407,1.1219,1.9343,,409571.9804,
603988.SH,20260407,8.7893,18.6102,,635510.4,
688578.SH,20260407,0.7408,1.4403,,4325400.0,
001391.SZ,20260407,0.5781,0.6297,,6373035.9995,
300998.SZ,20260407,2.5863,4.0139,,304515.6906,
001218.SZ,20260407,1.6969,2.1248,,318546.2022,
603619.SH,20260407,6.9632,8.6729,,1724522.4595,
002439.SZ,20260407,0.8896,0.9793,,1525152.8581,
603037.SH,20260407,1.0823,1.639,,341659.264,
300078.SZ,20260407,4.1748,5.0202,,457209.7421,
002946.SZ,20260407,0.5442,2.438,,1553522.3406,
001267.SZ,20260407,6.1338,9.6736,,3161858.1583,
300465.SZ,20260407,1.8433,2.5383,,639442.8234,
603496.SH,20260407,3.9783,5.3834,,864244.7469,
300177.SZ,20260407,1.6871,1.8253,,598311.9291,
603966.SH,20260407,9.5364,14.889,,541395.199,
002739.SZ,20260407,0.9153,1.3079,,2037866.4532,
300572.SZ,20260407,1.7026,1.851,,630406.1994,
002125.SZ,20260407,2.2718,3.9323,,807662.0626,
003017.SZ,20260407,3.8222,4.6172,,256788.0,
600748.SH,20260407,0.7666,1.8196,,876167.3737,
000965.SZ,20260407,2.1053,4.3363,,399539.1222,
603275.SH,20260407,2.1885,2.1885,,666944.208,
300838.SZ,20260407,3.1077,4.8121,,203241.594,
600323.SH,20260407,0.7282,1.344,,2376736.9306,
002088.SZ,20260407,0.436,1.2287,,508504.4827,
600103.SH,20260407,1.7566,2.4177,,782048.5347,
920663.BJ,20260407,3.1863,4.9586,,207941.2581,
600192.SH,20260407,1.483,2.4524,,367976.084,
300815.SZ,20260407,0.5848,1.0408,,808743.168,
600363.SH,20260407,1.0402,1.3003,,2226938.0546,
600743.SH,20260407,2.3125,5.0759,,466874.0739,
688339.SH,20260407,2.4968,3.0678,,568136.7753,
002561.SZ,20260407,0.5956,0.9377,,335936.504,
002590.SZ,20260407,0.7203,1.3706,,619229.6051,
688275.SH,20260407,3.2699,5.5079,,1347701.8956,
000513.SZ,20260407,0.7169,1.2345,,3032202.989,
603136.SH,20260407,1.4062,2.6262,,303352.2953,
688117.SH,20260407,1.8515,2.7777,,563127.0293,
600938.SH,20260407,2.2553,2.8971,,188979097.0404,
300496.SZ,20260407,1.796,1.9585,,2613954.6999,
600085.SH,20260407,0.3714,0.781,,3781143.5123,
002953.SZ,20260407,1.5041,2.0532,,544670.25,
920839.BJ,20260407,1.0254,2.0551,,374607.3981,
002138.SZ,20260407,1.8074,1.9511,,2592313.5081,
002840.SZ,20260407,11.021,19.0774,,1038003.3125,
300370.SZ,20260407,1.3173,1.6449,,389778.68,
600088.SH,20260407,0.5891,1.3663,,555993.5472,
300083.SZ,20260407,0.8977,0.9493,,1210355.1022,
300854.SZ,20260407,4.6042,7.3352,,269985.4875,
600560.SH,20260407,1.676,3.0544,,319589.4195,
301180.SZ,20260407,3.2161,7.3635,,728418.21,
000903.SZ,20260407,0.6011,0.9087,,495320.169,
301235.SZ,20260407,8.8541,11.9524,,491462.3083,
002547.SZ,20260407,5.9848,8.1728,,344057.4362,
601965.SH,20260407,0.5058,1.3519,,1702184.1432,
603729.SH,20260407,3.7471,5.3399,,152607.63,
000995.SZ,20260407,16.5987,24.5392,,238258.944,
002357.SZ,20260407,6.4251,9.1658,,363647.2818,
603701.SH,20260407,1.7307,3.4045,,583882.4868,
300864.SZ,20260407,0.662,2.3357,,318663.7583,
600403.SH,20260407,0.8774,5.6592,,1355590.6319,
601966.SH,20260407,0.3523,0.7748,,2044513.2482,
603444.SH,20260407,1.4374,2.434,,2564447.0723,
000035.SZ,20260407,1.8087,2.9213,,1597593.9225,
600197.SH,20260407,0.4486,0.7912,,561185.2144,
603580.SH,20260407,1.3238,4.0576,,213520.0088,
600516.SH,20260407,0.8819,1.4299,,2210257.732,
300436.SZ,20260407,11.2703,17.8926,,1916459.811,
603557.SH,20260407,2.0145,2.9954,,219449.7846,
603861.SH,20260407,1.8271,4.0145,,865385.256,
920471.BJ,20260407,3.0267,5.0438,,104083.2,
601222.SH,20260407,1.012,1.669,,1194898.1105,
301596.SZ,20260407,2.6403,3.1382,,521174.4362,
600261.SH,20260407,1.2754,2.3909,,480619.0678,
688182.SH,20260407,0.9415,3.1796,,1088800.0,
000629.SZ,20260407,0.8514,1.911,,3047430.8932,
300433.SZ,20260407,1.3729,3.6354,,14933557.9212,
000813.SZ,20260407,1.3896,2.3403,,740278.2556,
603004.SH,20260407,2.7255,2.7255,,516259.84,
600722.SH,20260407,13.0403,29.6652,,987824.1696,
000600.SZ,20260407,1.7212,3.0476,,1561600.9696,
600322.SH,20260407,1.4916,1.9599,,250993.9,
301525.SZ,20260407,2.1172,2.3744,,634340.9516,
000410.SZ,20260407,0.4059,0.5802,,1721897.4559,
300234.SZ,20260407,3.4292,4.0438,,303915.3384,
603400.SH,20260407,2.9468,2.9468,,662400.0,
300599.SZ,20260407,5.2116,5.9556,,340941.2518,
000554.SZ,20260407,9.8823,9.8823,,405789.5604,
002038.SZ,20260407,24.8153,33.3408,,883521.0,
000158.SZ,20260407,0.7756,1.1788,,2714451.1923,
002122.SZ,20260407,0.4573,0.6861,,574430.665,
300223.SZ,20260407,2.5468,3.072,,5045445.7997,
301183.SZ,20260407,22.0135,27.7172,,1393969.1008,
600177.SH,20260407,0.4725,1.1094,,3439840.7751,
002160.SZ,20260407,5.7359,9.7386,,513292.24,
301439.SZ,20260407,1.2594,2.0226,,594547.5642,
002817.SZ,20260407,3.6343,6.0702,,238082.1433,
603876.SH,20260407,2.8356,5.1729,,2037882.9981,
603611.SH,20260407,0.6926,1.074,,504382.3488,
688053.SH,20260407,0.4647,1.0738,,345000.0,
601229.SH,20260407,0.3349,0.5177,,13725911.2566,
603160.SH,20260407,0.662,1.1894,,2962331.7412,
301217.SZ,20260407,7.3921,26.7588,,3383212.4351,
300419.SZ,20260407,1.3066,1.5373,,260001.9154,
301073.SZ,20260407,1.5744,3.875,,517045.3313,
603991.SH,20260407,1.29,1.7672,,1524806.4544,
000803.SZ,20260407,2.8411,4.1254,,398683.2108,
688105.SH,20260407,0.274,0.8392,,775184.6263,
920101.BJ,20260407,0.7863,0.7863,,301231.6799,
601868.SH,20260407,1.8707,5.0008,,12564212.041,
600779.SH,20260407,0.2652,0.722,,1567810.2848,
301687.SZ,20260407,5.3687,5.3687,,745481.664,
601456.SH,20260407,0.2508,0.3901,,5118214.1182,
002664.SZ,20260407,1.0232,2.0955,,796806.4,
603301.SH,20260407,1.2855,2.838,,2357570.6063,
300377.SZ,20260407,2.4587,2.8941,,1299235.3284,
301590.SZ,20260407,3.273,3.273,,693329.9213,
688190.SH,20260407,1.0051,2.7722,,1001760.0,
920139.BJ,20260407,0.7434,1.3248,,444417.6894,
002310.SZ,20260407,4.9022,7.7047,,1865789.1784,
300415.SZ,20260407,1.012,1.4524,,1103463.7078,
002569.SZ,20260407,0.5277,0.6226,,203342.12,
600279.SH,20260407,0.4683,1.3551,,612423.002,
002682.SZ,20260407,5.0216,7.0831,,331797.4705,
600802.SH,20260407,2.8146,4.0726,,271741.3012,
300805.SZ,20260407,3.9437,5.5746,,418924.404,
300520.SZ,20260407,2.2119,2.8095,,986480.7788,
002330.SZ,20260407,2.9308,4.9659,,302410.078,
688577.SH,20260407,0.5636,1.4426,,698725.4184,
301151.SZ,20260407,0.8023,2.4305,,304038.3759,
603599.SH,20260407,2.1345,3.6569,,1363583.4788,
000547.SZ,20260407,6.4593,8.2218,,4144828.2215,
002453.SZ,20260407,1.6377,2.1464,,410245.3986,
002493.SZ,20260407,0.6003,2.1673,,12416876.7217,
002810.SZ,20260407,3.7301,5.8957,,787779.1666,
605080.SH,20260407,0.3989,1.1843,,318183.8083,
300590.SZ,20260407,0.9017,1.2734,,517867.1478,
300697.SZ,20260407,1.7045,2.1929,,631654.4,
300400.SZ,20260407,10.6403,15.9359,,664309.4404,
600365.SH,20260407,1.1019,1.3787,,136663.03,
603606.SH,20260407,1.0826,1.8294,,4023822.6182,
002140.SZ,20260407,1.6845,5.2589,,886433.3677,
002472.SZ,20260407,1.0143,1.1739,,2980317.6665,
300751.SZ,20260407,4.5317,5.8006,,5969208.5482,
002200.SZ,20260407,0.4622,0.5911,,324810.4183,
002068.SZ,20260407,1.9384,3.6839,,616219.2742,
920496.BJ,20260407,1.3349,1.9219,,147692.9,
002128.SZ,20260407,0.6519,1.5276,,7040782.3415,
002236.SZ,20260407,0.9008,1.0347,,5534896.3866,
688802.SH,20260407,9.2957,9.2957,,24000798.7,
300254.SZ,20260407,4.8855,5.0032,,291394.6447,
300438.SZ,20260407,8.1124,9.5828,,2567051.136,
601636.SH,20260407,0.9977,1.5867,,1656846.0877,
002715.SZ,20260407,2.822,4.3719,,196098.0,
002858.SZ,20260407,10.1255,11.843,,247518.9554,
600900.SH,20260407,0.2968,0.6273,,64791840.512,
301017.SZ,20260407,7.8388,13.6869,,640858.2021,
600073.SH,20260407,0.9823,1.579,,556073.5769,
603916.SH,20260407,1.2771,2.4467,,451875.6585,
688328.SH,20260407,9.1425,14.0361,,362523.2602,
002579.SZ,20260407,13.5512,18.9927,,773737.3171,
605088.SH,20260407,1.2275,2.11,,660684.2067,
002568.SZ,20260407,0.5037,0.7052,,1769718.668,
001300.SZ,20260407,1.1937,4.0324,,378340.2185,
300462.SZ,20260407,1.4784,1.6367,,228883.3077,
603536.SH,20260407,2.2286,5.0241,,240199.353,
600235.SH,20260407,2.4283,3.8117,,229750.2,
300820.SZ,20260407,1.1461,1.707,,971245.645,
003000.SZ,20260407,0.8725,1.1749,,472537.0786,
920402.BJ,20260407,3.7528,7.5583,,381964.3606,
001236.SZ,20260407,1.4036,3.8555,,913046.6669,
688653.SH,20260407,1.1951,1.1951,,521261.44,
002179.SZ,20260407,2.5914,4.8302,,7427935.884,
688222.SH,20260407,4.6062,8.4895,,1036158.48,
601702.SH,20260407,0.8113,2.7042,,1917178.752,
603373.SH,20260407,3.2397,4.761,,432150.5388,
300421.SZ,20260407,3.1039,3.5218,,665685.0158,
600755.SH,20260407,0.743,1.2179,,1353114.1544,
600415.SH,20260407,0.42,1.026,,7106692.7569,
600486.SH,20260407,1.831,3.1322,,3236522.4646,
002513.SZ,20260407,3.9572,4.6958,,230990.2965,
300682.SZ,20260407,1.2035,1.8216,,1614119.024,
002714.SZ,20260407,1.2555,1.9766,,25083661.8846,
688419.SH,20260407,7.1353,13.7983,,528426.8491,
300225.SZ,20260407,1.465,1.7196,,242469.0909,
603185.SH,20260407,2.5554,4.6498,,1521895.1149,
300725.SZ,20260407,3.0351,3.1984,,867425.2351,
600753.SH,20260407,0.7366,1.2614,,268307.8589,
002972.SZ,20260407,4.6648,6.3156,,315875.2992,
300670.SZ,20260407,3.7019,4.8141,,193638.4127,
000926.SZ,20260407,1.455,1.846,,318592.9548,
688651.SH,20260407,3.2702,3.2702,,273472.173,
603900.SH,20260407,1.8973,3.6278,,256193.9885,
688697.SH,20260407,0.2467,0.6277,,650785.3997,
920026.BJ,20260407,5.0448,8.0707,,274138.0016,
603797.SH,20260407,1.5981,3.7669,,264085.177,
603137.SH,20260407,4.4269,4.4269,,242569.6009,
688623.SH,20260407,2.4127,2.4127,,508331.5065,
688067.SH,20260407,3.2339,6.1668,,182988.0,
301260.SZ,20260407,0.5605,1.0232,,710176.8129,
603738.SH,20260407,10.5001,14.6128,,935391.2806,
002497.SZ,20260407,2.0857,2.2362,,2547163.1692,
000711.SZ,20260407,5.2653,5.8059,,1143502.5265,
002073.SZ,20260407,2.6806,3.1489,,707594.0561,
300252.SZ,20260407,4.1282,4.4045,,897218.4451,
603928.SH,20260407,1.812,5.4853,,387616.32,
301257.SZ,20260407,3.6793,6.2913,,481613.0779,
600843.SH,20260407,0.8641,1.1144,,656113.1616,
600135.SH,20260407,4.2694,7.8604,,533388.0434,
002239.SZ,20260407,1.413,1.8436,,975590.8769,
603668.SH,20260407,1.8058,2.7222,,684342.9784,
300227.SZ,20260407,2.8446,3.1824,,650800.759,
002149.SZ,20260407,12.2866,18.1314,,2215516.3754,
600543.SH,20260407,1.9353,3.0578,,153816.48,
000908.SZ,20260407,2.5633,3.4332,,1229924.5427,
301326.SZ,20260407,2.1218,6.6564,,980854.2307,
600339.SH,20260407,5.2611,18.924,,2640828.7538,
002307.SZ,20260407,7.5167,14.0089,,760087.1448,
301065.SZ,20260407,2.3349,4.0674,,242255.7,
300265.SZ,20260407,18.8913,30.3783,,879090.5098,
301507.SZ,20260407,2.8922,2.8922,,505950.5943,
300695.SZ,20260407,0.4345,1.4932,,679292.7461,
300214.SZ,20260407,1.8984,3.2055,,326826.5376,
920522.BJ,20260407,1.5414,2.0083,,737825.639,
300446.SZ,20260407,1.7818,2.0801,,1635023.1547,
688272.SH,20260407,5.7576,12.4038,,364496.0,
605001.SH,20260407,1.8611,3.7296,,286806.78,
600796.SH,20260407,3.277,4.8713,,548548.7899,
002979.SZ,20260407,1.5424,2.0169,,1149127.2183,
600760.SH,20260407,0.3283,1.0002,,13517731.5964,
002907.SZ,20260407,1.7452,7.0259,,606349.8479,
002951.SZ,20260407,1.0213,6.0432,,583200.0,
688101.SH,20260407,0.4168,1.2867,,522254.9798,
605589.SH,20260407,4.725,6.3377,,3019067.7724,
920149.BJ,20260407,1.2382,1.7793,,76483.18,
301486.SZ,20260407,8.0721,10.4731,,1937035.0177,
000589.SZ,20260407,1.2593,1.6156,,705799.5248,
603396.SH,20260407,2.6115,4.4409,,458941.5346,
301348.SZ,20260407,4.2873,4.2873,,557760.0,
301372.SZ,20260407,3.3967,3.8194,,179040.0037,
688392.SH,20260407,1.9791,3.1853,,1296213.632,
000676.SZ,20260407,0.7539,1.0048,,942322.3328,
300989.SZ,20260407,2.3426,3.1646,,302937.8908,
920035.BJ,20260407,1.7683,1.7683,,178062.3,
300819.SZ,20260407,3.7401,9.2879,,599207.28,
001378.SZ,20260407,3.2166,3.2166,,309867.2864,
688505.SH,20260407,0.6935,1.5962,,826147.9637,
605158.SH,20260407,0.5481,1.993,,378962.22,
688193.SH,20260407,1.0307,1.8875,,200990.4679,
300612.SZ,20260407,3.3314,4.2014,,262380.8372,
300235.SZ,20260407,4.2109,5.3676,,325004.9058,
600360.SH,20260407,0.7128,0.9175,,860424.5924,
300161.SZ,20260407,1.0233,1.5226,,546416.4915,
001282.SZ,20260407,2.4024,3.3127,,426374.1664,
600580.SH,20260407,1.2724,2.0844,,5517399.0489,
600682.SH,20260407,2.5214,4.6276,,983291.6536,
603298.SH,20260407,0.3342,0.8682,,3265361.4382,
300745.SZ,20260407,4.2813,4.8224,,405908.1802,
603936.SH,20260407,3.3257,4.307,,796823.0771,
002090.SZ,20260407,1.3821,1.7526,,422608.8099,
920422.BJ,20260407,0.8919,1.9406,,96623.1193,
920640.BJ,20260407,1.8793,3.6531,,605798.256,
688615.SH,20260407,1.6065,1.7354,,2318540.0,
603418.SH,20260407,1.0559,1.0559,,947193.7863,
301678.SZ,20260407,3.6268,3.6268,,1404034.5921,
002536.SZ,20260407,4.1204,6.3076,,1594456.0533,
688273.SH,20260407,0.9668,2.4535,,372200.0,
301001.SZ,20260407,3.4074,5.8169,,221120.0,
601226.SH,20260407,1.458,3.9481,,1016945.7375,
688265.SH,20260407,1.1279,3.6379,,337270.1572,
300112.SZ,20260407,3.0536,3.4201,,222313.0348,
002104.SZ,20260407,4.4624,4.6668,,1087300.6014,
002415.SZ,20260407,0.3113,0.7898,,27677912.081,
300016.SZ,20260407,4.4077,5.603,,570190.5141,
002516.SZ,20260407,0.6325,1.1947,,794252.8883,
002335.SZ,20260407,2.4177,3.209,,2727571.105,
301539.SZ,20260407,1.4098,2.2573,,274540.0,
603811.SH,20260407,1.9808,2.6709,,393747.097,
301268.SZ,20260407,0.9177,2.2703,,840833.5572,
002586.SZ,20260407,0.6051,1.0531,,524054.461,
301165.SZ,20260407,1.5906,13.2547,,6824999.9961,
000850.SZ,20260407,1.0318,1.9254,,456733.8644,
300241.SZ,20260407,5.6721,6.0601,,453770.9729,
688378.SH,20260407,1.436,2.0838,,882571.3537,
603193.SH,20260407,6.6648,6.8272,,969000.987,
920000.BJ,20260407,0.6077,1.133,,142654.08,
301383.SZ,20260407,1.5382,2.3757,,437813.376,
300221.SZ,20260407,3.2693,3.2693,,460015.7991,
600689.SH,20260407,2.6749,4.0695,,264303.616,
301550.SZ,20260407,2.585,3.6972,,3684210.75,
603615.SH,20260407,1.5372,3.286,,413512.2,
300346.SZ,20260407,2.4654,2.8308,,3156513.576,
601857.SH,20260407,0.1101,1.5493,,229874348.1394,
603707.SH,20260407,0.5306,1.6746,,1562327.5923,
601500.SH,20260407,0.4873,0.6022,,677048.5031,
001205.SZ,20260407,1.5438,1.7753,,270913.0925,
300486.SZ,20260407,2.7007,3.7609,,1147543.1911,
920050.BJ,20260407,1.5974,1.6923,,207978.5934,
688389.SH,20260407,0.3437,0.5407,,529179.8766,
600977.SH,20260407,1.0665,3.2679,,2496179.0,
601218.SH,20260407,7.5589,10.3822,,574636.8726,
300926.SZ,20260407,1.4869,3.1944,,1037590.2292,
300046.SZ,20260407,1.7519,2.3778,,707938.3934,
600053.SH,20260407,0.641,2.4216,,639472.68,
300224.SZ,20260407,1.7379,2.8971,,1313218.2884,
002514.SZ,20260407,3.2905,4.146,,303134.4251,
600880.SH,20260407,1.2344,1.9168,,514959.4153,
300140.SZ,20260407,2.4325,2.4325,,1915223.4159,
301503.SZ,20260407,3.2084,4.0682,,275920.0,
300100.SZ,20260407,0.8401,1.5933,,1650170.7819,
920180.BJ,20260407,3.3188,3.4711,,189469.3658,
688196.SH,20260407,1.541,5.6791,,884866.3608,
300483.SZ,20260407,9.6389,11.846,,799481.4103,
603370.SH,20260407,0.8517,0.8517,,733215.45,
600367.SH,20260407,6.0669,9.0057,,693519.1238,
301487.SZ,20260407,2.4771,2.705,,914636.7116,
600251.SH,20260407,1.1389,2.0539,,854692.9413,
002943.SZ,20260407,2.8674,3.1733,,917448.1367,
688343.SH,20260407,3.4373,5.0315,,2715365.1224,
688314.SH,20260407,4.6269,12.5526,,437391.702,
002991.SZ,20260407,0.9281,1.3052,,459740.4785,
300428.SZ,20260407,0.8844,2.1149,,1392416.1341,
600935.SH,20260407,1.3985,3.889,,995742.4415,
300380.SZ,20260407,1.3159,2.1611,,463770.8175,
002409.SZ,20260407,2.1413,2.5636,,3733176.7062,
301538.SZ,20260407,3.6547,4.2394,,618497.6,
600558.SH,20260407,2.3742,3.5634,,482013.7942,
002208.SZ,20260407,2.1926,5.3951,,898883.6294,
002254.SZ,20260407,1.5444,2.4232,,890482.4131,
601068.SH,20260407,0.8572,7.4151,,1732945.0349,
301057.SZ,20260407,2.0196,2.9622,,365295.5549,
300120.SZ,20260407,1.2034,1.2989,,418733.1742,
603880.SH,20260407,2.5244,4.7852,,192212.93,
603595.SH,20260407,0.6728,1.3315,,335646.7187,
300218.SZ,20260407,1.7476,2.7645,,337631.772,
920119.BJ,20260407,1.4406,1.4406,,587227.6399,
000560.SZ,20260407,2.7772,3.7519,,673673.2434,
301555.SZ,20260407,4.2559,5.2125,,301988.9091,
688619.SH,20260407,1.1183,2.3751,,259613.2588,
300182.SZ,20260407,2.9856,3.2056,,1465104.0976,
603956.SH,20260407,1.0153,1.8078,,320287.3327,
688287.SH,20260407,0.638,1.2942,,70768.4796,
001222.SZ,20260407,1.184,1.6622,,362500.11,
300338.SZ,20260407,1.0255,1.1379,,145347.5138,
002222.SZ,20260407,12.7942,15.7308,,3738957.75,
002240.SZ,20260407,3.3658,4.538,,3551340.2234,
603055.SH,20260407,2.0739,6.985,,847559.173,
600285.SH,20260407,0.9925,1.2648,,1245385.6073,
002062.SZ,20260407,0.9823,1.549,,882174.1439,
600854.SH,20260407,2.0062,2.9591,,257651.4348,
688308.SH,20260407,5.7208,8.8566,,1349485.7363,
000626.SZ,20260407,2.157,5.2806,,397702.0882,
603042.SH,20260407,16.0817,20.8802,,366305.425,
688377.SH,20260407,0.5839,0.9108,,701881.6555,
002017.SZ,20260407,1.9698,3.5326,,1098757.6037,
000525.SZ,20260407,2.2958,2.9186,,772773.0148,
300351.SZ,20260407,1.8658,2.5453,,581024.8648,
001331.SZ,20260407,2.9118,11.8335,,1578850.56,
600448.SH,20260407,4.5583,5.6022,,200912.4722,
688253.SH,20260407,0.6666,1.3169,,481088.9178,
603377.SH,20260407,1.1484,1.8076,,251828.6795,
002487.SZ,20260407,2.2458,3.7032,,4695748.4567,
300263.SZ,20260407,1.5505,1.8066,,964625.8735,
603421.SH,20260407,4.5413,9.1461,,581101.7453,
688006.SH,20260407,1.2306,3.532,,1654061.6965,
603258.SH,20260407,1.3476,2.5411,,414624.39,
300146.SZ,20260407,0.7729,0.9186,,1837161.2557,
920505.BJ,20260407,3.5881,7.2421,,246237.9031,
601801.SH,20260407,0.4494,2.0447,,1213917.3669,
920221.BJ,20260407,0.5086,0.8473,,158510.64,
300879.SZ,20260407,2.4521,4.7245,,487781.1875,
603190.SH,20260407,2.6056,2.6439,,304500.3,
688711.SH,20260407,1.3775,1.6744,,551910.4245,
920833.BJ,20260407,1.1679,2.0152,,120657.4,
601991.SH,20260407,0.8936,3.2982,,6903003.018,
002129.SZ,20260407,1.4634,2.0886,,3331527.397,
300645.SZ,20260407,2.3487,3.3366,,233623.1107,
600572.SH,20260407,1.4113,2.0734,,1118770.7572,
300386.SZ,20260407,2.1389,2.6343,,589442.04,
600233.SH,20260407,0.6536,1.3622,,6790651.1602,
603319.SH,20260407,1.3546,1.7708,,1031354.1708,
603110.SH,20260407,4.5777,5.6406,,311901.4346,
600667.SH,20260407,5.0916,7.6585,,1842648.6588,
920278.BJ,20260407,3.0587,3.3966,,135063.0,
688416.SH,20260407,2.6094,4.0145,,591830.5626,
002218.SZ,20260407,8.5125,13.8202,,821038.9869,
603178.SH,20260407,0.5837,1.4958,,357454.7641,
920493.BJ,20260407,2.7443,3.5532,,824586.8831,
600731.SH,20260407,1.7892,2.3617,,390560.9488,
603600.SH,20260407,1.0274,2.1282,,337372.2666,
301273.SZ,20260407,2.0649,3.7936,,208191.0476,
002771.SZ,20260407,7.9363,8.1046,,341915.483,
920427.BJ,20260407,1.5219,2.5718,,117528.3,
000517.SZ,20260407,0.6835,2.3143,,608129.1946,
002546.SZ,20260407,1.8562,3.0061,,731461.0572,
603486.SH,20260407,0.3193,0.9686,,3472952.856,
301288.SZ,20260407,0.4871,0.9386,,181672.82,
301118.SZ,20260407,3.6393,7.8331,,264691.7528,
300597.SZ,20260407,1.8008,2.1877,,242314.7567,
002161.SZ,20260407,1.5864,1.8689,,545940.9612,
688217.SH,20260407,2.4279,4.0956,,155335.2468,
601088.SH,20260407,0.1603,0.987,,102804222.5976,
603638.SH,20260407,0.3184,1.1485,,1607325.7585,
600860.SH,20260407,2.721,6.0929,,613731.7925,
603317.SH,20260407,0.5861,2.0101,,1354317.218,
600765.SH,20260407,0.7059,1.09,,2465360.715,
603282.SH,20260407,1.6722,3.4864,,273661.9,
600729.SH,20260407,0.6477,0.6796,,945652.7563,
300467.SZ,20260407,2.2869,2.3494,,584010.874,
002529.SZ,20260407,0.6327,0.7383,,173680.0,
300928.SZ,20260407,2.6118,3.0344,,229040.0,
300773.SZ,20260407,8.0066,10.9879,,1833705.9281,
001301.SZ,20260407,1.5925,2.0026,,1851957.4874,
301050.SZ,20260407,1.3747,1.7206,,1096385.9784,
000829.SZ,20260407,1.3875,2.1911,,1050727.949,
688498.SH,20260407,2.8414,3.9534,,9256484.1425,
920510.BJ,20260407,0.9868,1.4447,,252188.8688,
603261.SH,20260407,0.6702,1.9712,,263827.0949,
688211.SH,20260407,0.2397,0.6163,,405076.9436,
002726.SZ,20260407,3.719,6.1744,,348568.9025,
600143.SH,20260407,1.1523,1.4291,,4194643.0366,
600569.SH,20260407,0.9902,3.0805,,614698.1766,
688805.SH,20260407,10.1266,10.1266,,793461.76,
002585.SZ,20260407,2.6741,3.4861,,770392.7631,
600809.SH,20260407,0.2231,0.6659,,17239314.4211,
301228.SZ,20260407,0.8835,1.9351,,498360.0,
002700.SZ,20260407,2.467,2.4992,,273408.2303,
688783.SH,20260407,1.7368,1.7368,,8552060.4,
688192.SH,20260407,0.7332,1.9397,,2601946.7152,
300988.SZ,20260407,2.8749,4.7355,,345552.3903,
002494.SZ,20260407,5.4315,6.0703,,190541.9126,
601512.SH,20260407,0.4553,2.3962,,1322020.98,
688571.SH,20260407,0.8925,2.5127,,328732.2925,
002575.SZ,20260407,10.3124,11.2852,,467307.0,
600650.SH,20260407,0.7067,1.599,,701648.0561,
300157.SZ,20260407,7.62,9.1683,,484028.0079,
600651.SH,20260407,1.1754,3.2997,,1779989.8907,
605033.SH,20260407,2.4101,8.845,,314610.4,
000816.SZ,20260407,1.9137,2.5769,,463044.2618,
300538.SZ,20260407,3.1578,3.8224,,260325.478,
300766.SZ,20260407,5.975,6.4416,,1396229.8905,
688021.SH,20260407,5.1651,8.6497,,182475.9562,
001210.SZ,20260407,2.6855,3.5848,,325072.6773,
688468.SH,20260407,0.7225,1.1481,,290001.084,
600663.SH,20260407,0.2571,1.0106,,3791470.7203,
002552.SZ,20260407,1.5472,4.2578,,642115.7228,
300344.SZ,20260407,10.6922,19.3667,,20534.6053,
688401.SH,20260407,1.1143,1.8391,,960556.3168,
300226.SZ,20260407,1.5531,2.1099,,752182.5559,
300627.SZ,20260407,0.7359,0.989,,2550318.4337,
600082.SH,20260407,3.988,5.6763,,220325.4967,
603958.SH,20260407,2.8441,7.7925,,420074.4,
301429.SZ,20260407,5.9701,7.4749,,226982.4,
605180.SH,20260407,1.0037,3.4912,,244374.0,
002103.SZ,20260407,1.207,1.4975,,446652.1887,
300609.SZ,20260407,2.0759,2.4429,,389651.0714,
920003.BJ,20260407,0.5788,0.5788,,174728.5722,
002479.SZ,20260407,6.587,10.144,,492185.0,
688627.SH,20260407,3.5362,3.5362,,2209652.266,
601921.SH,20260407,0.3536,1.8613,,1755555.5562,
002925.SZ,20260407,0.867,2.5821,,1473887.8912,
002123.SZ,20260407,0.9747,1.0146,,772399.3048,
603799.SH,20260407,1.6326,2.0604,,10978258.7526,
001360.SZ,20260407,2.1883,2.2603,,418812.0,
603172.SH,20260407,3.398,3.9228,,279697.86,
600605.SH,20260407,0.8471,1.483,,553043.1921,
688521.SH,20260407,3.8685,5.0839,,12124976.619,
688187.SH,20260407,0.3582,1.2038,,6735424.1235,
300200.SZ,20260407,2.3636,3.3239,,396064.3763,
002866.SZ,20260407,18.9949,23.666,,618419.5388,
002647.SZ,20260407,0.9318,0.9898,,992396.0748,
002890.SZ,20260407,2.0438,3.4682,,274008.6331,
600129.SH,20260407,1.4832,2.4358,,921971.2053,
603029.SH,20260407,3.0813,7.406,,218779.626,
688166.SH,20260407,2.7439,4.4613,,2159102.0288,
000957.SZ,20260407,1.9853,2.9652,,662866.6004,
002905.SZ,20260407,4.5629,16.9479,,353364.48,
300878.SZ,20260407,0.9623,3.4526,,401937.9339,
688228.SH,20260407,1.9735,4.4453,,676858.6152,
001287.SZ,20260407,5.3227,6.1607,,1744730.6227,
600987.SH,20260407,0.5445,1.1711,,755405.966,
603158.SH,20260407,4.152,6.6994,,556533.3478,
603310.SH,20260407,0.5267,0.7494,,558760.12,
301177.SZ,20260407,0.1985,1.9845,,1093149.7961,
688469.SH,20260407,0.9197,0.9197,,5264327.544,
603221.SH,20260407,0.9991,3.4444,,275107.5,
600116.SH,20260407,0.888,1.9112,,1239068.6018,
605555.SH,20260407,1.7579,4.7868,,718358.4554,
002100.SZ,20260407,4.1844,5.8437,,1068991.9362,
920807.BJ,20260407,3.102,4.4785,,207161.32,
600172.SH,20260407,9.2157,12.5044,,1171053.7945,
920163.BJ,20260407,0.9974,1.7176,,157032.4952,
605300.SH,20260407,0.3336,1.1415,,483480.1072,
920207.BJ,20260407,3.9658,5.9172,,241643.095,
002074.SZ,20260407,1.1489,1.9013,,6131704.6575,
301419.SZ,20260407,13.0344,25.3943,,498480.0,
002693.SZ,20260407,1.1988,2.3535,,323043.3153,
600215.SH,20260407,0.6913,0.9855,,300628.935,
301287.SZ,20260407,12.0383,12.0383,,283280.83,
300779.SZ,20260407,1.996,2.4191,,1781132.0032,
300434.SZ,20260407,2.6644,4.5302,,415001.4198,
000695.SZ,20260407,13.1205,18.7154,,298960.2593,
920112.BJ,20260407,0.6002,0.6002,,270247.25,
000905.SZ,20260407,1.8193,3.8027,,1762857.9446,
301332.SZ,20260407,0.5593,0.7572,,417252.5,
301278.SZ,20260407,2.5604,3.1176,,332189.2535,
920725.BJ,20260407,5.1121,8.0401,,264423.675,
920068.BJ,20260407,3.6034,3.6034,,1349880.4309,
000573.SZ,20260407,2.4077,3.0377,,257865.364,
300521.SZ,20260407,0.9854,1.3071,,376421.22,
600639.SH,20260407,1.0389,2.9825,,1162819.7571,
301149.SZ,20260407,9.5473,12.15,,543090.0227,
600835.SH,20260407,0.5032,1.2866,,2174343.7688,
000973.SZ,20260407,6.444,6.444,,4338787.892,
000501.SZ,20260407,0.5464,0.9586,,645953.894,
000822.SZ,20260407,7.9705,13.3591,,562117.7295,
688588.SH,20260407,0.6157,1.157,,461211.5335,
300812.SZ,20260407,25.1432,33.4369,,539576.7157,
301205.SZ,20260407,9.3836,13.6315,,2819337.12,
600386.SH,20260407,1.1091,2.4646,,322560.0,
605116.SH,20260407,2.4302,8.6245,,1153966.5678,
002651.SZ,20260407,0.9321,1.7744,,955950.5,
300971.SZ,20260407,2.472,2.8074,,260366.4,
300808.SZ,20260407,4.0321,7.8109,,418720.0,
603809.SH,20260407,0.7855,1.1455,,956180.0705,
603010.SH,20260407,1.363,2.6585,,682145.3216,
600107.SH,20260407,1.2064,1.5397,,207720.0,
603279.SH,20260407,2.5062,4.5518,,1012110.988,
002737.SZ,20260407,0.4418,1.0206,,724744.0,
002193.SZ,20260407,4.3181,5.8865,,155197.3212,
603393.SH,20260407,2.8882,5.1194,,1485420.3298,
301009.SZ,20260407,1.4034,1.9888,,315629.46,
002313.SZ,20260407,1.1243,1.9868,,315244.8,
002385.SZ,20260407,2.3753,2.4935,,1711431.2689,
002426.SZ,20260407,2.1874,2.5448,,1143282.3078,
603919.SH,20260407,0.6991,1.7584,,896328.4147,
300778.SZ,20260407,1.6979,3.9207,,241336.6758,
600027.SH,20260407,0.9784,2.2828,,5248521.9312,
300353.SZ,20260407,1.442,1.5034,,1148619.9017,
603755.SH,20260407,1.2717,3.4953,,274244.6469,
301023.SZ,20260407,4.036,4.9834,,300003.6027,
600959.SH,20260407,1.7656,3.723,,1970282.7683,
002163.SZ,20260407,1.9265,2.6863,,1057042.2916,
002065.SZ,20260407,0.555,0.7871,,2513098.182,
688041.SH,20260407,0.8549,2.2414,,50563650.8316,
603016.SH,20260407,6.6892,14.8109,,644792.32,
920856.BJ,20260407,1.1312,1.9021,,122047.4637,
002926.SZ,20260407,0.2545,0.4727,,2155125.0,
000776.SZ,20260407,0.3977,0.8043,,13889100.782,
600265.SH,20260407,0.2209,0.6188,,265441.0,
600702.SH,20260407,0.8668,1.2431,,1463806.3087,
002201.SZ,20260407,3.0643,4.6773,,717451.5013,
603722.SH,20260407,1.7361,2.9853,,331271.2102,
301398.SZ,20260407,4.6145,5.1329,,538944.0,
600824.SH,20260407,0.7793,1.2916,,419502.7751,
600011.SH,20260407,1.1916,2.9948,,10549118.7372,
301208.SZ,20260407,1.5551,2.0498,,394200.1971,
600305.SH,20260407,0.3822,0.6557,,834279.5321,
600292.SH,20260407,1.5095,2.6831,,6005262.7016,
920781.BJ,20260407,1.4405,1.5694,,111751.98,
600406.SH,20260407,0.6644,1.5479,,20513105.2224,
000055.SZ,20260407,1.3449,1.7563,,382299.2248,
000997.SZ,20260407,0.6728,0.9703,,1987698.1092,
000049.SZ,20260407,1.674,3.0719,,956980.6726,
301213.SZ,20260407,1.5811,3.0115,,532559.9933,
002440.SZ,20260407,3.5537,5.3251,,1300467.8901,
920892.BJ,20260407,0.4128,1.2705,,242239.624,
605196.SH,20260407,1.8948,2.9169,,2457923.3766,
002534.SZ,20260407,1.6123,4.8506,,1374277.431,
002591.SZ,20260407,5.537,6.4474,,198431.8589,
600820.SH,20260407,0.4644,0.7725,,1902178.1369,
301169.SZ,20260407,2.0407,5.262,,376916.0844,
000690.SZ,20260407,3.2413,3.9809,,1007436.0801,
000733.SZ,20260407,1.0167,1.4737,,2451645.5627,
600551.SH,20260407,0.3495,0.922,,532273.3626,
002020.SZ,20260407,1.7222,2.2907,,1386256.9154,
300757.SZ,20260407,4.9437,7.3988,,7307713.6396,
603011.SH,20260407,2.1364,3.288,,988828.874,
300484.SZ,20260407,1.1019,1.1965,,339748.796,
920183.BJ,20260407,3.6661,3.6661,,178625.848,
605198.SH,20260407,1.1095,6.42,,1307009.268,
605050.SH,20260407,1.9279,5.2986,,622443.2556,
300166.SZ,20260407,16.1785,17.279,,1676233.7411,
600571.SH,20260407,1.8625,2.3259,,617405.4411,
002091.SZ,20260407,1.1331,2.0022,,1460060.7766,
920914.BJ,20260407,0.9373,1.6161,,217920.424,
300321.SZ,20260407,1.3343,2.796,,295704.0,
002861.SZ,20260407,4.1592,4.9823,,277004.2515,
300668.SZ,20260407,6.204,10.0224,,482488.1422,
920058.BJ,20260407,3.554,6.9829,,159199.3524,
920634.BJ,20260407,1.3547,2.8779,,122896.557,
688710.SH,20260407,1.7083,2.3806,,919187.0898,
301305.SZ,20260407,4.1454,4.1534,,580153.8306,
001260.SZ,20260407,1.4887,5.3921,,234945.0,
603273.SH,20260407,2.1965,2.1965,,386407.0602,
688158.SH,20260407,8.0208,9.0688,,1841191.0018,
600241.SH,20260407,6.3451,12.3529,,272229.4564,
601766.SH,20260407,0.2878,0.7187,,17707199.1423,
688420.SH,20260407,3.0283,3.0283,,208960.09,
300960.SZ,20260407,2.0142,7.1354,,327744.0373,
688048.SH,20260407,7.5472,11.7694,,4027996.6976,
601169.SH,20260407,0.4493,0.6494,,11396068.5226,
001358.SZ,20260407,2.4064,2.6216,,327835.2,
001896.SZ,20260407,5.9611,15.6255,,1917907.1318,
688327.SH,20260407,1.5215,1.5215,,1275337.5826,
300139.SZ,20260407,8.1518,8.6393,,1437678.0,
600171.SH,20260407,0.7569,1.011,,1860214.7471,
601579.SH,20260407,2.3399,5.6574,,880774.2823,
600476.SH,20260407,3.3425,5.5098,,167351.73,
300492.SZ,20260407,0.7731,2.2251,,1111641.3398,
600352.SH,20260407,1.1302,1.5082,,4310664.7145,
688230.SH,20260407,0.7173,2.8691,,727826.4,
600706.SH,20260407,2.4818,3.7066,,238735.9588,
300260.SZ,20260407,1.9689,3.1482,,1887329.6483,
301517.SZ,20260407,1.9697,3.2097,,796416.0431,
301193.SZ,20260407,1.364,3.0981,,431540.1499,
300101.SZ,20260407,1.4827,2.0973,,1109119.8321,
000669.SZ,20260407,4.0228,5.0735,,351771.348,
605389.SH,20260407,0.7201,2.8907,,1015381.5823,
600477.SH,20260407,1.2327,2.0204,,726562.2783,
000928.SZ,20260407,3.2729,6.3741,,978427.6315,
002969.SZ,20260407,5.0784,10.2887,,2454039.4161,
688337.SH,20260407,2.4016,6.0801,,883291.8439,
688091.SH,20260407,2.2721,4.1925,,1205288.9248,
002662.SZ,20260407,1.2523,2.16,,594000.0,
600482.SH,20260407,1.949,3.8778,,7360459.4642,
603713.SH,20260407,0.6679,1.2609,,923149.0456,
301210.SZ,20260407,2.682,2.682,,423499.9641,
300798.SZ,20260407,6.7963,8.699,,446359.5495,
688538.SH,20260407,0.6703,0.8624,,3134742.3409,
002888.SZ,20260407,2.5283,3.7376,,263543.4904,
301173.SZ,20260407,1.6061,1.6061,,368554.7033,
000791.SZ,20260407,1.7473,4.3036,,2322589.2553,
002625.SZ,20260407,0.5239,0.7277,,8047385.6646,
600373.SH,20260407,0.286,0.6511,,1133128.6827,
300507.SZ,20260407,1.4777,2.2909,,648523.9947,
605338.SH,20260407,0.7179,2.0428,,623831.5878,
603489.SH,20260407,1.1832,4.412,,717931.0157,
600594.SH,20260407,23.8578,31.1535,,396755.6274,
603993.SH,20260407,0.8161,2.0068,,37653985.9098,
301037.SZ,20260407,3.6194,6.2197,,201039.818,
600060.SH,20260407,0.8863,1.6989,,2890513.5426,
603156.SH,20260407,0.2373,0.5865,,3774531.3102,
601598.SH,20260407,0.6007,3.0034,,4627069.5414,
300275.SZ,20260407,1.2099,1.2645,,332645.4734,
920608.BJ,20260407,0.2402,0.3163,,101388.96,
301630.SZ,20260407,24.9591,24.9591,,847680.0,
301500.SZ,20260407,15.7636,15.7636,,1207634.8544,
300598.SZ,20260407,0.8545,1.1638,,785473.9024,
600577.SH,20260407,1.8563,2.1932,,2555499.7207,
688798.SH,20260407,0.9725,1.2116,,1512538.5904,
920260.BJ,20260407,1.5373,3.5734,,104274.85,
601003.SH,20260407,0.4327,2.547,,1180131.3534,
601001.SH,20260407,0.7879,1.852,,2816837.1,
300832.SZ,20260407,0.3787,0.7469,,3667735.2884,
600400.SH,20260407,1.0773,2.8903,,472022.6015,
688213.SH,20260407,2.8752,3.1391,,3631623.2579,
301393.SZ,20260407,5.1073,5.1073,,535680.0,
600111.SH,20260407,2.5886,4.1772,,18035563.4857,
688410.SH,20260407,1.0896,1.9982,,506886.5865,
300621.SZ,20260407,2.7367,4.497,,165613.1332,
300919.SZ,20260407,0.9537,2.141,,5029917.1187,
301125.SZ,20260407,1.8287,3.4825,,271466.4168,
600776.SH,20260407,1.2292,2.8634,,1866416.0951,
600231.SH,20260407,0.5791,1.9253,,576825.4272,
301102.SZ,20260407,0.427,1.7079,,424676.0,
600155.SH,20260407,0.6007,0.6712,,1374609.8782,
600110.SH,20260407,20.4776,29.197,,1670979.2375,
300266.SZ,20260407,1.5121,2.5621,,386898.0212,
000705.SZ,20260407,4.003,4.5015,,302715.6971,
603439.SH,20260407,0.5086,1.0116,,459228.6326,
300204.SZ,20260407,13.193,20.7312,,1443350.8887,
300945.SZ,20260407,2.1355,3.6668,,400183.3775,
002110.SZ,20260407,0.5474,1.3082,,920619.89,
002831.SZ,20260407,3.8909,5.5756,,3243889.574,
920007.BJ,20260407,2.3047,2.3047,,243045.5015,
300739.SZ,20260407,4.6112,8.0815,,938492.8095,
600894.SH,20260407,2.1105,4.9876,,827831.3679,
002623.SZ,20260407,1.482,2.8147,,421813.4375,
688036.SH,20260407,0.3915,0.9598,,5928600.4068,
920346.BJ,20260407,0.6778,1.0755,,158322.0412,
300939.SZ,20260407,3.9169,7.1333,,434160.0,
603236.SH,20260407,1.6184,2.1233,,2089022.3751,
920033.BJ,20260407,0.6422,1.3929,,172507.842,
000576.SZ,20260407,1.2954,2.0285,,396704.1565,
301076.SZ,20260407,1.7089,1.8983,,643038.1724,
001257.SZ,20260407,42.7645,42.7645,,4253898.043,
920957.BJ,20260407,1.1589,2.3442,,115992.7421,
000786.SZ,20260407,0.5357,0.9654,,4436027.1255,
301665.SZ,20260407,8.7775,8.7775,,1211400.0,
301468.SZ,20260407,6.0341,7.1038,,592408.482,
600467.SH,20260407,2.409,3.8212,,357943.6045,
603336.SH,20260407,0.8927,1.583,,545412.1747,
301595.SZ,20260407,6.8149,6.8149,,542157.96,
300962.SZ,20260407,1.0652,2.326,,435603.1301,
001979.SZ,20260407,0.5512,1.4219,,7068569.2221,
688472.SH,20260407,1.717,1.717,,4568497.7004,
603626.SH,20260407,4.7145,6.6954,,1256802.4979,
688347.SH,20260407,3.3436,3.7932,,19376336.5841,
688283.SH,20260407,1.2324,2.4547,,465032.4,
002635.SZ,20260407,6.3891,8.211,,906409.6302,
002463.SZ,20260407,2.6187,3.8306,,14707910.5133,
603959.SH,20260407,4.0266,5.2759,,307907.767,
688361.SH,20260407,1.0232,1.2468,,5324232.0186,
300624.SZ,20260407,2.0332,2.5438,,1266352.9222,
000839.SZ,20260407,1.652,2.5992,,1230825.4745,
002049.SZ,20260407,0.9818,1.3268,,5571862.3389,
301300.SZ,20260407,3.0999,5.2048,,276422.88,
000565.SZ,20260407,2.7694,4.6581,,317389.505,
605138.SH,20260407,0.6143,2.554,,373344.042,
605365.SH,20260407,1.5689,9.3545,,1056235.0911,
002434.SZ,20260407,0.7271,1.4739,,1018577.6,
000523.SZ,20260407,1.4085,1.9436,,594691.7814,
002530.SZ,20260407,2.7734,3.5693,,672448.025,
688219.SH,20260407,0.5364,0.9151,,568286.4,
688575.SH,20260407,0.6841,1.222,,841083.5776,
301638.SZ,20260407,7.5381,7.5381,,8168521.4409,
688186.SH,20260407,2.341,2.9487,,641759.6465,
603226.SH,20260407,1.5957,5.6541,,1270172.0942,
300986.SZ,20260407,10.7148,18.6853,,1009336.2388,
603312.SH,20260407,2.1539,2.1539,,592958.147,
000430.SZ,20260407,0.4832,0.7753,,592653.0923,
601238.SH,20260407,0.1374,0.5697,,7239916.789,
301613.SZ,20260407,1.0335,1.3913,,660519.0062,
600929.SH,20260407,1.1642,3.1535,,990628.4066,
300008.SZ,20260407,2.7118,3.121,,1264917.3254,
600028.SH,20260407,0.1671,1.1286,,71466978.9052,
002348.SZ,20260407,2.1289,3.0192,,762496.0,
300331.SZ,20260407,2.4754,2.6724,,1096294.1715,
603389.SH,20260407,0.2524,0.6383,,1096726.848,
002825.SZ,20260407,3.8699,5.9859,,361344.1644,
605018.SH,20260407,4.9484,22.5372,,563608.8858,
002132.SZ,20260407,4.4183,5.765,,570428.6921,
688020.SH,20260407,1.5996,3.362,,662819.505,
300659.SZ,20260407,3.1862,3.6336,,327834.0039,
600118.SH,20260407,2.3114,4.7622,,8915968.0779,
300036.SZ,20260407,1.315,1.3269,,734715.0259,
000837.SZ,20260407,0.7485,1.369,,1049747.6288,
688699.SH,20260407,1.4271,2.9565,,467994.8493,
300413.SZ,20260407,0.6455,1.1056,,3855555.5997,
920855.BJ,20260407,0.3821,1.2591,,115537.7328,
603718.SH,20260407,1.9971,3.2254,,298572.3526,
600273.SH,20260407,1.3731,2.2687,,1260541.0759,
920230.BJ,20260407,26.0149,44.2737,,138788.7081,
300481.SZ,20260407,3.5197,5.464,,452667.7843,
920765.BJ,20260407,0.9243,1.983,,122035.7881,
920030.BJ,20260407,0.9671,1.5026,,97109.9468,
603206.SH,20260407,1.8041,5.716,,488930.3808,
601077.SH,20260407,0.3232,0.5441,,7847687.0,
300738.SZ,20260407,5.1812,7.1573,,2029475.3114,
603977.SH,20260407,4.1174,8.0099,,893966.9905,
600801.SH,20260407,1.0031,2.507,,4856533.8361,
603335.SH,20260407,3.0213,5.7894,,249608.3018,
603759.SH,20260407,0.884,2.2199,,426204.48,
002004.SZ,20260407,1.1753,1.5499,,1039457.5753,
301355.SZ,20260407,4.9632,4.9632,,235873.395,
300244.SZ,20260407,2.8245,3.1494,,1150587.1417,
920786.BJ,20260407,2.3306,3.1931,,163688.499,
300896.SZ,20260407,0.5971,0.9375,,3423526.5782,
300687.SZ,20260407,1.0239,1.1515,,739633.4257,
603203.SH,20260407,1.9558,5.4782,,970761.0986,
600850.SH,20260407,0.6549,1.1327,,1349514.3021,
603703.SH,20260407,2.1431,3.0152,,513332.8824,
605151.SH,20260407,1.4175,4.246,,242197.5996,
300281.SZ,20260407,1.5811,3.0641,,274813.8685,
300677.SZ,20260407,5.555,6.3443,,4299109.9249,
300058.SZ,20260407,4.9726,4.9726,,4879110.6475,
002032.SZ,20260407,0.3079,1.834,,3696590.0217,
002614.SZ,20260407,1.7002,1.9678,,385470.8281,
002816.SZ,20260407,1.8528,2.2057,,222500.0,
000713.SZ,20260407,1.617,2.2852,,512456.9023,
600420.SH,20260407,0.8107,1.8479,,1409572.4993,
301286.SZ,20260407,0.5909,2.1773,,1797249.2,
600423.SH,20260407,6.8148,9.4756,,288328.9044,
600491.SH,20260407,1.3258,1.9528,,440570.291,
300652.SZ,20260407,1.343,2.4861,,538897.9109,
603609.SH,20260407,0.5954,1.2786,,628537.464,
002238.SZ,20260407,0.4475,1.3031,,584263.0685,
605183.SH,20260407,0.4338,1.3417,,777285.598,
001400.SZ,20260407,15.3735,15.3735,,984000.0,
688038.SH,20260407,4.8336,8.4177,,249271.8228,
603128.SH,20260407,0.5185,0.9568,,719975.5717,
688163.SH,20260407,3.8994,9.5102,,312539.36,
300920.SZ,20260407,1.7846,2.3015,,383800.0,
600536.SH,20260407,0.8034,1.2641,,3348558.6902,
600268.SH,20260407,3.7326,8.1201,,1383615.9996,
300588.SZ,20260407,1.8338,2.5167,,452828.986,
600009.SH,20260407,0.2033,0.4049,,6842860.86,
920419.BJ,20260407,0.4052,0.744,,135021.4648,
603028.SH,20260407,2.194,3.0988,,239678.4,
688691.SH,20260407,5.9757,5.9757,,1093920.0,
603112.SH,20260407,0.7905,1.9338,,909834.9607,
002421.SZ,20260407,1.6191,1.8952,,525904.2465,
600736.SH,20260407,0.8043,1.4309,,679262.8151,
688311.SH,20260407,1.2022,1.8471,,624607.8047,
601007.SH,20260407,5.028,8.8998,,325260.0,
600059.SH,20260407,0.4958,0.8065,,806715.0355,
000932.SZ,20260407,0.8757,1.7347,,3371483.7067,
002841.SZ,20260407,0.4949,0.7129,,2240477.2584,
688475.SH,20260407,0.2368,1.2266,,2045925.0,
300987.SZ,20260407,1.8593,3.38,,286577.304,
688138.SH,20260407,0.5945,1.4701,,827609.2,
688018.SH,20260407,0.9044,1.4842,,2370589.3108,
603920.SH,20260407,1.9521,3.8039,,3542431.8304,
601377.SH,20260407,0.8245,1.1648,,4887968.8084,
300916.SZ,20260407,1.2821,2.0353,,412524.708,
300039.SZ,20260407,1.8296,2.6318,,626554.0,
003026.SZ,20260407,3.5303,4.5382,,443945.075,
688351.SH,20260407,1.7058,5.7327,,1152970.0,
301099.SZ,20260407,5.73,7.4454,,654276.0312,
600881.SH,20260407,0.9483,1.1202,,520376.3091,
688231.SH,20260407,0.9336,2.3348,,708233.1433,
003037.SZ,20260407,0.6197,1.8767,,424144.872,
688386.SH,20260407,1.3108,1.9078,,764399.1437,
603111.SH,20260407,0.4895,0.6573,,563768.0595,
002984.SZ,20260407,0.8368,1.0799,,1808283.1945,
600372.SH,20260407,0.4446,0.9938,,6159915.41,
301098.SZ,20260407,3.6933,3.9451,,153034.4017,
603120.SH,20260407,3.5433,3.5433,,346322.4,
301469.SZ,20260407,2.3843,4.7681,,278551.24,
688012.SH,20260407,0.9497,1.264,,18383626.2135,
600971.SH,20260407,1.3433,2.9825,,880803.5849,
300992.SZ,20260407,11.5805,17.4318,,287280.3634,
002192.SZ,20260407,8.8331,11.9523,,1850822.287,
688373.SH,20260407,1.7997,2.7054,,414736.3362,
300736.SZ,20260407,12.1221,16.0713,,251774.7496,
688212.SH,20260407,0.5889,0.8201,,488834.8575,
002022.SZ,20260407,1.5943,1.9596,,307067.3494,
300236.SZ,20260407,1.9081,2.5483,,2323409.7144,
300909.SZ,20260407,1.42,2.1738,,637405.4276,
600622.SH,20260407,0.94,1.6419,,374921.3505,
603588.SH,20260407,5.9475,7.251,,2440221.6001,
002432.SZ,20260407,6.7465,10.3197,,3852789.3959,
688050.SH,20260407,0.4195,0.5761,,992738.4973,
300592.SZ,20260407,3.155,5.2704,,511517.2583,
600684.SH,20260407,2.8816,4.1822,,514324.5416,
920378.BJ,20260407,0.4217,0.6657,,134529.99,
002815.SZ,20260407,1.596,1.958,,1673509.1953,
688068.SH,20260407,2.8964,4.1563,,1168120.044,
002862.SZ,20260407,4.3121,5.2081,,277536.0,
300408.SZ,20260407,1.3138,2.0285,,10864623.5962,
600819.SH,20260407,0.9098,2.4331,,669078.595,
300580.SZ,20260407,1.3931,3.2523,,1144291.2518,
603086.SH,20260407,2.9503,4.4931,,330892.8018,
603787.SH,20260407,10.1739,28.8698,,301488.3649,
300323.SZ,20260407,4.5365,6.8701,,1499650.8884,
688499.SH,20260407,2.0336,3.1467,,770245.6482,
601963.SH,20260407,1.1268,2.7243,,3589492.3515,
301459.SZ,20260407,1.1857,1.1857,,384313.6376,
002454.SZ,20260407,3.4037,6.0714,,583323.7248,
603949.SH,20260407,3.4508,11.4748,,370264.3924,
300513.SZ,20260407,2.2099,2.2289,,264755.3348,
600258.SH,20260407,1.6051,2.8631,,1676021.2921,
300848.SZ,20260407,1.2468,2.2704,,632417.9127,
300972.SZ,20260407,0.5967,1.1622,,3764079.9366,
600446.SH,20260407,1.7809,2.3624,,1188820.826,
300197.SZ,20260407,0.8673,1.3362,,495204.7794,
300401.SZ,20260407,1.6834,2.4084,,764421.1255,
002532.SZ,20260407,2.465,3.4537,,8452074.5198,
002807.SZ,20260407,1.07,1.1355,,1102703.9695,
601688.SH,20260407,0.5212,0.7266,,15878253.3996,
300251.SZ,20260407,1.3498,2.7346,,4327042.9372,
300454.SZ,20260407,2.7145,3.2538,,4138219.7784,
688229.SH,20260407,2.8335,5.4682,,347430.0,
000056.SZ,20260407,3.8201,4.7776,,217585.1925,
920145.BJ,20260407,0.9979,1.6152,,101521.45,
600309.SH,20260407,1.3532,2.3269,,27006578.7175,
300106.SZ,20260407,4.7506,8.1652,,205415.0053,
600271.SH,20260407,0.5466,1.0317,,1519365.4032,
600095.SH,20260407,0.3743,1.2137,,2616156.7848,
301083.SZ,20260407,5.9438,8.9842,,305574.9339,
603075.SH,20260407,3.0536,3.0536,,883047.9455,
002033.SZ,20260407,1.5904,2.9037,,492343.6771,
688195.SH,20260407,7.1453,10.9472,,4242680.0,
002856.SZ,20260407,3.7385,5.8251,,148708.776,
002600.SZ,20260407,0.8501,2.0002,,9222734.0872,
600754.SH,20260407,1.4808,3.1641,,2896066.5739,
002789.SZ,20260407,1.865,3.9161,,187238.3819,
301303.SZ,20260407,1.9107,1.9136,,599709.6,
002158.SZ,20260407,0.4904,1.2726,,1183879.2437,
688356.SH,20260407,1.2891,2.2566,,578183.1231,
002637.SZ,20260407,4.4973,7.1293,,577652.428,
601005.SH,20260407,0.5061,0.7942,,1239246.9274,
920171.BJ,20260407,3.2622,5.4482,,162678.5404,
688443.SH,20260407,5.6736,5.6736,,1015703.6,
301390.SZ,20260407,3.2852,3.7111,,222300.0,
300029.SZ,20260407,2.4305,2.7865,,89024.886,
002910.SZ,20260407,3.791,6.7455,,206685.0898,
603357.SH,20260407,0.6682,1.2785,,443977.7039,
688233.SH,20260407,2.4266,4.2049,,1182092.1136,
600563.SH,20260407,3.2199,5.6082,,2624625.0,
688016.SH,20260407,1.6163,2.7081,,1250247.6527,
603630.SH,20260407,0.917,2.2246,,354472.0089,
300709.SZ,20260407,6.842,7.7758,,740585.1904,
600981.SH,20260407,1.0432,3.2007,,681699.6904,
300888.SZ,20260407,0.336,1.1162,,1881507.6096,
600176.SH,20260407,2.0762,3.9459,,10540259.0048,
600637.SH,20260407,0.6771,1.2702,,3082862.1322,
300857.SZ,20260407,1.9001,3.0251,,7155008.5368,
600032.SH,20260407,2.0966,9.0559,,2181040.5189,
300138.SZ,20260407,2.2783,2.5369,,573439.8104,
300868.SZ,20260407,4.2065,5.7701,,659848.464,
688078.SH,20260407,0.9839,1.8737,,173704.019,
920017.BJ,20260407,1.5163,2.6627,,213962.5279,
920627.BJ,20260407,1.4201,2.2838,,172560.15,
301395.SZ,20260407,3.8694,3.8694,,390017.8034,
002230.SZ,20260407,0.7796,0.9136,,10537400.8731,
300984.SZ,20260407,2.3822,3.6659,,656287.8395,
002387.SZ,20260407,0.557,0.9295,,1061564.9927,
603918.SH,20260407,1.1666,1.5524,,481576.8268,
001229.SZ,20260407,2.4723,4.429,,359194.959,
002540.SZ,20260407,0.8337,1.1834,,818247.8457,
300328.SZ,20260407,10.5914,14.5406,,1139198.94,
688151.SH,20260407,0.7509,2.5324,,712426.0,
603768.SH,20260407,1.1502,2.6296,,259371.8841,
002155.SZ,20260407,2.3949,3.6881,,4555128.5861,
300027.SZ,20260407,3.2046,3.2324,,405077.8642,
688215.SH,20260407,1.2873,3.0857,,455377.7474,
600800.SH,20260407,4.3578,7.0198,,522831.2967,
600716.SH,20260407,2.205,4.6053,,393145.4478,
002701.SZ,20260407,0.6049,0.9104,,1295238.7973,
300979.SZ,20260407,0.0867,0.5584,,5169810.0,
600489.SH,20260407,0.7801,1.4403,,12724195.4805,
920014.BJ,20260407,4.5202,6.9596,,157682.6254,
003027.SZ,20260407,2.9779,4.252,,273342.2112,
600377.SH,20260407,0.2606,2.106,,5808522.8675,
603163.SH,20260407,2.0621,7.549,,966400.0,
000739.SZ,20260407,0.6209,1.1772,,2050445.1295,
002314.SZ,20260407,1.7179,2.6905,,652575.5856,
301353.SZ,20260407,3.3033,3.3033,,263813.0161,
600744.SH,20260407,3.2108,7.1574,,1462409.4773,
002276.SZ,20260407,1.1223,1.5108,,1382140.1347,
688352.SH,20260407,1.7273,1.7273,,1436357.0439,
605077.SH,20260407,0.6042,0.9687,,460939.0409,
002517.SZ,20260407,1.7061,1.9115,,3903281.7885,
301220.SZ,20260407,3.0923,3.617,,442625.547,
301212.SZ,20260407,1.4832,5.1501,,293328.0,
300042.SZ,20260407,9.5344,12.6939,,843884.4,
688450.SH,20260407,4.2309,6.172,,236742.0,
601136.SH,20260407,0.1428,0.8109,,4365134.0786,
002773.SZ,20260407,1.766,3.8161,,2619315.4722,
600329.SH,20260407,0.5114,1.2022,,3135824.2176,
920541.BJ,20260407,0.7311,1.1094,,161442.7,
600336.SH,20260407,0.8466,1.3799,,549034.1611,
603150.SH,20260407,3.6573,6.0348,,442887.423,
920547.BJ,20260407,1.1446,1.8007,,172156.608,
601199.SH,20260407,0.8468,2.402,,517171.2915,
300274.SZ,20260407,3.2851,3.6473,,25351229.2927,
301356.SZ,20260407,1.972,1.9975,,465264.0,
600152.SH,20260407,10.746,15.1956,,506858.0413,
300049.SZ,20260407,1.8086,1.9465,,1479095.4738,
600540.SH,20260407,3.9569,7.194,,265689.2707,
300741.SZ,20260407,0.6586,3.4856,,1019897.28,
002686.SZ,20260407,16.2042,28.3828,,423546.8715,
300810.SZ,20260407,1.7708,3.1929,,360642.75,
920876.BJ,20260407,1.5246,2.5106,,144727.386,
600927.SH,20260407,0.3086,2.0134,,1979555.5562,
688157.SH,20260407,0.9803,2.078,,612114.816,
002587.SZ,20260407,6.538,7.2247,,420245.9806,
920199.BJ,20260407,2.1042,4.3685,,231096.5514,
603327.SH,20260407,0.5749,1.9524,,1021413.7947,
601311.SH,20260407,1.286,2.1303,,1085160.1592,
002512.SZ,20260407,4.3755,6.0606,,402723.7808,
600966.SH,20260407,0.8304,1.6229,,842211.9014,
600358.SH,20260407,0.9936,1.4053,,300437.3127,
002893.SZ,20260407,15.879,20.0754,,305031.48,
300648.SZ,20260407,0.7858,0.8479,,880992.477,
002382.SZ,20260407,9.3794,13.2318,,872188.8707,
002243.SZ,20260407,0.6803,1.3711,,1009643.9186,
688147.SH,20260407,0.9573,3.0892,,2862411.5109,
002898.SZ,20260407,3.5645,5.6759,,227040.0,
002760.SZ,20260407,3.1737,4.1368,,227532.2035,
002963.SZ,20260407,2.6346,4.3612,,216217.5793,
688728.SH,20260407,0.4141,1.2269,,3367759.7338,
301668.SZ,20260407,4.1241,4.1241,,538120.0,
300059.SZ,20260407,0.9249,0.9939,,29158449.5104,
600616.SH,20260407,0.9433,1.4858,,337178.4948,
300831.SZ,20260407,7.1843,7.1843,,548480.0,
920055.BJ,20260407,12.6606,12.6606,,222020.0,
688126.SH,20260407,0.6122,1.0442,,5572269.4406,
301011.SZ,20260407,2.9505,5.4448,,353159.5702,
000661.SZ,20260407,0.6004,0.8252,,3462165.8086,
002324.SZ,20260407,1.2346,1.5445,,1654044.0008,
300004.SZ,20260407,1.8424,2.4801,,601911.9719,
300756.SZ,20260407,2.6448,2.6631,,655450.814,
300915.SZ,20260407,0.8998,1.4842,,283138.353,
001318.SZ,20260407,0.6604,2.1824,,380460.36,
300373.SZ,20260407,1.8896,3.6294,,3846358.9842,
002303.SZ,20260407,3.4167,3.6195,,514524.7582,
603119.SH,20260407,4.4222,4.4222,,2589116.6237,
605117.SH,20260407,0.988,2.4869,,11334830.136,
688162.SH,20260407,0.6838,1.6387,,408971.6118,
301276.SZ,20260407,1.4924,2.3482,,297432.0,
920204.BJ,20260407,1.1505,1.6277,,140488.8175,
600595.SH,20260407,1.8285,3.072,,3122158.0838,
603398.SH,20260407,1.636,2.5241,,512130.6398,
002588.SZ,20260407,3.1515,4.9558,,1221005.4988,
002649.SZ,20260407,0.8483,0.8676,,659683.2876,
000672.SZ,20260407,0.6845,1.6317,,1233071.0124,
688083.SH,20260407,2.9209,5.0564,,848570.5225,
000892.SZ,20260407,4.1461,5.7059,,595455.1471,
600839.SH,20260407,0.6678,0.8698,,3905342.6118,
603063.SH,20260407,2.1539,2.658,,1358968.5383,
688548.SH,20260407,3.0162,3.0162,,3100586.5244,
000659.SZ,20260407,8.6324,10.2412,,538709.3559,
300076.SZ,20260407,2.7021,3.8445,,252704.0,
600658.SH,20260407,0.8019,1.5306,,508956.1955,
002697.SZ,20260407,0.9651,1.4703,,737120.0,
002376.SZ,20260407,0.9962,1.4056,,553614.2155,
300661.SZ,20260407,4.9206,7.4226,,4464550.7646,
002515.SZ,20260407,1.8884,2.0947,,676733.3177,
002906.SZ,20260407,1.2211,2.8323,,1438278.1723,
600939.SH,20260407,0.6749,2.2562,,563132.5834,
603103.SH,20260407,0.8104,6.9265,,1412363.4,
301048.SZ,20260407,3.6062,14.4249,,574400.0718,
603686.SH,20260407,1.813,2.184,,747774.7272,
300746.SZ,20260407,1.6362,3.4284,,291428.1814,
688282.SH,20260407,1.8792,5.304,,653224.0,
601133.SH,20260407,28.7842,28.7842,,1131543.4826,
301033.SZ,20260407,2.5609,3.9782,,395190.4603,
002278.SZ,20260407,3.1312,4.2731,,441132.8807,
301128.SZ,20260407,7.9037,14.8333,,1522552.0531,
300869.SZ,20260407,1.1277,1.3003,,536809.2449,
601633.SH,20260407,0.1547,0.878,,17723353.4608,
603922.SH,20260407,1.977,3.5939,,355174.4,
600789.SH,20260407,1.4121,1.8535,,879004.6033,
600916.SH,20260407,0.954,1.9918,,1548960.0,
003016.SZ,20260407,1.0546,3.4186,,337258.3328,
605189.SH,20260407,1.9387,5.974,,280442.2563,
301421.SZ,20260407,7.6855,7.7089,,1049909.414,
300213.SZ,20260407,0.8779,0.8999,,454094.6002,
001285.SZ,20260407,2.9386,2.9386,,926656.4003,
002491.SZ,20260407,15.6042,23.6891,,1699852.399,
688234.SH,20260407,2.1236,4.4717,,4388220.9159,
301255.SZ,20260407,8.2775,8.2775,,413701.12,
002766.SZ,20260407,1.1008,2.109,,412982.5471,
002115.SZ,20260407,2.8049,3.1063,,961024.7284,
300904.SZ,20260407,3.6459,3.6459,,400134.5065,
688700.SH,20260407,6.8387,10.3002,,1677015.6432,
002408.SZ,20260407,3.3058,7.3395,,1881968.5582,
301488.SZ,20260407,3.0744,3.1352,,1149632.0,
603208.SH,20260407,1.3074,3.1382,,235462.4837,
688122.SH,20260407,1.0861,1.6174,,4456698.4494,
920227.BJ,20260407,2.3219,3.8037,,219435.3525,
688681.SH,20260407,2.028,3.1199,,189452.7,
002935.SZ,20260407,0.6586,1.1553,,757871.1818,
600496.SH,20260407,1.0883,1.548,,782119.193,
300966.SZ,20260407,4.4262,5.8928,,250966.983,
920685.BJ,20260407,1.4016,1.7728,,112564.6074,
300504.SZ,20260407,4.3177,7.8518,,416293.7549,
002223.SZ,20260407,0.9684,1.5934,,3266069.8347,
300132.SZ,20260407,2.5644,2.8282,,441676.6575,
605166.SH,20260407,2.6699,3.925,,328895.7133,
600326.SH,20260407,0.7123,0.9257,,1258917.1269,
001373.SZ,20260407,4.8564,5.6621,,233947.5405,
920029.BJ,20260407,0.8715,0.8715,,1166231.3428,
301337.SZ,20260407,3.6492,4.2783,,281340.0,
300390.SZ,20260407,3.8167,4.6595,,4733617.99,
301100.SZ,20260407,1.7212,3.0122,,365200.0,
300706.SZ,20260407,8.4777,11.9397,,511260.4992,
300069.SZ,20260407,18.4025,32.4078,,281970.0,
600730.SH,20260407,1.4345,1.7937,,535616.9298,
301520.SZ,20260407,5.4652,5.4652,,291000.0015,
300604.SZ,20260407,3.0481,3.393,,7548312.6694,
920675.BJ,20260407,2.715,4.3235,,167343.408,
301127.SZ,20260407,1.6262,2.9409,,1098067.714,
601298.SH,20260407,0.2744,2.2337,,5530417.2,
601117.SH,20260407,2.5766,4.5461,,5624239.5352,
688209.SH,20260407,0.8714,2.2808,,858892.417,
000722.SZ,20260407,5.4928,11.3327,,596907.5507,
300710.SZ,20260407,5.5139,5.7815,,286532.064,
600734.SH,20260407,1.6138,2.2082,,810328.7554,
301618.SZ,20260407,0.9668,1.0197,,428435.1191,
603607.SH,20260407,1.0693,2.0958,,381668.9184,
300144.SZ,20260407,0.6134,0.935,,2015754.5011,
000402.SZ,20260407,0.3374,0.6881,,744243.5468,
605162.SH,20260407,14.8474,58.5575,,563632.9398,
301322.SZ,20260407,1.7669,2.3343,,425559.0885,
603392.SH,20260407,0.1475,0.5573,,4898257.7227,
600362.SH,20260407,0.8012,1.9118,,14834332.771,
603041.SH,20260407,1.9232,3.2529,,228202.0242,
002835.SZ,20260407,2.0445,2.6891,,339337.6173,
920770.BJ,20260407,2.1568,2.4802,,194027.0729,
688080.SH,20260407,1.4833,2.0554,,374099.4944,
688077.SH,20260407,2.1339,3.5106,,322028.0318,
688178.SH,20260407,5.7553,11.912,,255928.5083,
300103.SZ,20260407,2.0,2.659,,216286.281,
603982.SH,20260407,1.948,3.2602,,275307.2622,
603022.SH,20260407,3.26,5.4578,,203600.0,
300009.SZ,20260407,1.5027,1.6954,,1646250.8974,
603079.SH,20260407,1.608,3.034,,322484.5385,
300681.SZ,20260407,4.7941,5.0564,,699336.4519,
002560.SZ,20260407,40.8394,44.9183,,696603.6053,
300299.SZ,20260407,1.4396,2.0235,,402444.9496,
002879.SZ,20260407,3.487,3.9816,,383511.773,
920267.BJ,20260407,0.7881,1.0888,,93068.2361,
603352.SH,20260407,1.9873,1.9873,,825520.0012,
920057.BJ,20260407,0.85,0.957,,107126.6085,
300399.SZ,20260407,1.6475,2.9954,,396780.8,
920076.BJ,20260407,2.2149,2.2149,,165596.2922,
688201.SH,20260407,2.1844,3.7345,,419594.4986,
603387.SH,20260407,7.6988,13.7334,,521860.969,
300767.SZ,20260407,1.2826,1.7297,,501744.5068,
300758.SZ,20260407,3.7837,6.2099,,553972.4972,
000528.SZ,20260407,0.8183,1.1056,,1873820.8514,
300133.SZ,20260407,1.3215,1.6608,,1319901.4157,
300956.SZ,20260407,1.7537,3.4293,,308923.2644,
600348.SH,20260407,1.7674,3.9738,,3318900.0,
002471.SZ,20260407,19.2927,23.2083,,1197665.0,
300193.SZ,20260407,1.1795,1.396,,398144.837,
300783.SZ,20260407,1.0576,1.2715,,732244.2277,
300700.SZ,20260407,4.0922,4.1597,,540753.2569,
600873.SH,20260407,1.0922,1.6312,,3160380.3396,
002932.SZ,20260407,4.7831,5.9059,,395518.1479,
002597.SZ,20260407,1.7309,3.1182,,1320207.0766,
920751.BJ,20260407,0.5489,0.8734,,174427.8,
601869.SH,20260407,4.2419,16.0081,,29564491.4067,
920091.BJ,20260407,3.9853,3.9853,,346663.728,
600777.SH,20260407,0.4996,1.9929,,3753873.6954,
600759.SH,20260407,9.7596,11.1243,,2393978.3546,
688072.SH,20260407,1.1187,1.7724,,9866260.2555,
300240.SZ,20260407,2.1414,3.6488,,257121.5614,
301683.SZ,20260407,31.6821,31.6821,,695416.4952,
301329.SZ,20260407,2.2569,2.2569,,373078.4,
300405.SZ,20260407,6.6094,7.8987,,174889.1927,
002393.SZ,20260407,2.3711,4.9828,,606359.4284,
920826.BJ,20260407,1.5721,1.6598,,137986.5293,
300724.SZ,20260407,3.5456,3.8867,,3561285.7614,
001288.SZ,20260407,1.4032,2.4651,,651090.5173,
603214.SH,20260407,6.9999,10.8253,,223049.458,
688677.SH,20260407,9.3913,14.2276,,789390.045,
300780.SZ,20260407,7.5117,8.5219,,305953.62,
300365.SZ,20260407,3.5859,3.8036,,347916.172,
300948.SZ,20260407,1.9796,3.0356,,301634.6636,
920454.BJ,20260407,0.5858,0.949,,139677.9,
605299.SH,20260407,16.9512,56.1439,,943676.362,
300663.SZ,20260407,2.6588,2.8143,,607633.325,
688597.SH,20260407,1.1806,1.6147,,287667.5963,
301489.SZ,20260407,3.4545,3.5935,,1312573.3542,
920022.BJ,20260407,1.0101,1.0101,,153758.229,
600035.SH,20260407,0.6134,1.3324,,610233.9265,
300293.SZ,20260407,4.2778,8.4702,,627802.6866,
002970.SZ,20260407,1.9632,2.8648,,1124899.4208,
600183.SH,20260407,2.4827,4.8381,,13408738.1496,
688216.SH,20260407,1.8845,4.1022,,308872.4553,
600470.SH,20260407,9.5406,12.805,,367728.0,
603248.SH,20260407,29.7591,29.7591,,1393340.0,
301368.SZ,20260407,1.4554,1.4554,,602301.5,
600847.SH,20260407,2.3244,4.2388,,192835.5492,
300414.SZ,20260407,1.3723,2.4025,,442408.4154,
000415.SZ,20260407,1.1748,1.7942,,2640790.5874,
000429.SZ,20260407,0.4967,1.3004,,2682504.2597,
601952.SH,20260407,2.236,6.9536,,1408316.0,
300192.SZ,20260407,2.9437,4.2662,,628005.4717,
300693.SZ,20260407,5.9314,6.2333,,1369107.3173,
600186.SH,20260407,6.0591,7.527,,1244178.6609,
300737.SZ,20260407,1.5579,2.4133,,650443.3248,
600708.SH,20260407,0.712,1.5007,,737678.7619,
003012.SZ,20260407,0.6758,1.616,,713857.3745,
002941.SZ,20260407,0.9462,1.5908,,1115789.542,
000063.SZ,20260407,1.0045,1.3185,,15469951.8246,
600918.SH,20260407,0.3431,0.4871,,4703494.5516,
600520.SH,20260407,1.0268,1.3188,,359952.96,
600483.SH,20260407,0.8078,2.3383,,2835740.556,
688480.SH,20260407,2.9787,6.6551,,753076.8141,
920701.BJ,20260407,0.3878,1.0599,,206897.6,
301533.SZ,20260407,3.1607,3.2112,,309469.4916,
600528.SH,20260407,2.0202,4.6597,,1788349.0283,
600903.SH,20260407,0.4824,1.4196,,721055.8988,
301298.SZ,20260407,2.5344,3.1392,,229008.0,
605056.SH,20260407,3.8452,10.3576,,1068925.6452,
001337.SZ,20260407,2.0851,5.1797,,1959300.0,
300284.SZ,20260407,0.6572,1.1955,,811998.2587,
603677.SH,20260407,0.7329,2.7944,,290442.1044,
002567.SZ,20260407,1.8914,2.1313,,586118.0197,
601618.SH,20260407,0.3877,1.0757,,6113467.6552,
002203.SZ,20260407,1.0565,1.7608,,3407840.0924,
300398.SZ,20260407,4.4577,5.6404,,1481431.0739,
301020.SZ,20260407,0.5808,1.8161,,304951.2,
002331.SZ,20260407,1.0767,1.3936,,346172.8532,
688318.SH,20260407,0.5068,1.6356,,2633932.65,
603869.SH,20260407,0.2378,0.6524,,484234.2562,
000807.SZ,20260407,1.334,2.304,,11430387.6069,
603135.SH,20260407,0.7974,1.1246,,636794.1083,
600438.SH,20260407,0.59,1.0774,,7041112.9934,
603012.SH,20260407,4.8261,6.2069,,530130.0,
002488.SZ,20260407,1.7288,2.4282,,1115887.1919,
002345.SZ,20260407,1.9518,3.1031,,942711.9821,
300087.SZ,20260407,1.8341,3.1916,,769233.3818,
688620.SH,20260407,1.1101,1.1101,,400232.0,
600936.SH,20260407,1.1216,1.7083,,668410.4956,
301629.SZ,20260407,4.1859,4.1859,,991940.7575,
003004.SZ,20260407,0.6674,1.3459,,227004.5544,
600161.SH,20260407,0.2956,0.5926,,2918600.2543,
002185.SZ,20260407,1.4934,1.9217,,3743200.2538,
002142.SZ,20260407,0.2545,0.5099,,20002276.509,
002098.SZ,20260407,1.2524,2.9589,,321484.0,
002337.SZ,20260407,1.2068,1.9213,,354346.6815,
002295.SZ,20260407,1.698,2.427,,263397.416,
600080.SH,20260407,2.5069,3.3602,,321758.9857,
601908.SH,20260407,7.7379,14.3215,,1086571.2875,
300074.SZ,20260407,2.973,3.5052,,222235.3904,
600179.SH,20260407,1.2703,2.1766,,1908418.6675,
920123.BJ,20260407,1.6845,2.6761,,138309.6,
300937.SZ,20260407,7.3495,8.8454,,294749.0472,
603960.SH,20260407,4.896,7.8623,,563725.485,
603689.SH,20260407,0.9144,2.4875,,426434.1467,
603002.SH,20260407,2.9846,6.3666,,1210061.7691,
600584.SH,20260407,1.5302,1.9752,,6946507.3607,
688606.SH,20260407,0.1884,0.3987,,482424.0027,
688621.SH,20260407,2.3109,3.1912,,741440.0,
600535.SH,20260407,0.558,1.1207,,2101987.657,
920305.BJ,20260407,6.5704,10.6569,,94119.4249,
301275.SZ,20260407,1.1721,1.7388,,1695936.0,
002779.SZ,20260407,2.0962,3.3115,,1621804.8,
002962.SZ,20260407,1.7372,2.0146,,390539.9063,
603065.SH,20260407,1.366,2.987,,346486.182,
300770.SZ,20260407,0.5249,0.9715,,876039.3824,
600925.SH,20260407,0.6262,0.8167,,3141333.3334,
688381.SH,20260407,0.9915,1.253,,528907.5,
002564.SZ,20260407,1.2829,1.8051,,505894.737,
688159.SH,20260407,1.4115,1.9971,,365131.6626,
600889.SH,20260407,1.5189,2.6169,,772296.7999,
000593.SZ,20260407,11.4696,17.9108,,650198.0193,
688183.SH,20260407,1.2577,4.3266,,6732760.5905,
301157.SZ,20260407,8.1406,8.1406,,357120.0,
301279.SZ,20260407,1.5686,3.9369,,336413.157,
000889.SZ,20260407,1.7677,2.3885,,305230.9038,
688679.SH,20260407,1.6656,3.4115,,646596.3043,
603177.SH,20260407,3.0115,7.2464,,218485.44,
002967.SZ,20260407,0.8005,1.526,,1263088.8649,
688709.SH,20260407,1.6159,2.0166,,2625083.4412,
688367.SH,20260407,3.6176,5.2555,,327015.0072,
600017.SH,20260407,1.3989,2.5188,,938074.4358,
688570.SH,20260407,0.2153,0.3242,,743894.0,
300570.SZ,20260407,10.8242,13.3554,,2612413.2242,
601038.SH,20260407,0.4966,1.9832,,1384330.9788,
600313.SH,20260407,6.3928,10.6163,,881482.8425,
301081.SZ,20260407,4.6902,10.6001,,347766.7585,
688608.SH,20260407,1.24,1.8774,,2729464.6323,
601519.SH,20260407,0.7393,1.4772,,2038889.0,
002094.SZ,20260407,2.8876,3.6748,,452537.8946,
301535.SZ,20260407,1.5016,3.9967,,837404.1183,
603067.SH,20260407,7.7057,12.2816,,2582192.0863,
601677.SH,20260407,2.5722,3.0241,,1944870.9526,
001289.SZ,20260407,0.2013,7.6105,,12840677.6279,
000685.SZ,20260407,0.7343,1.4543,,1570993.5888,
002986.SZ,20260407,3.2331,3.777,,592609.2501,
301325.SZ,20260407,2.6785,2.6785,,602910.2454,
300268.SZ,20260407,0.4095,0.5848,,225589.0,
600202.SH,20260407,3.1972,4.8464,,218504.183,
600675.SH,20260407,0.2316,0.8278,,1553856.7801,
603018.SH,20260407,0.5664,0.5664,,490282.021,
301187.SZ,20260407,0.558,1.9413,,515475.5876,
002795.SZ,20260407,2.4907,3.4851,,342749.4434,
300575.SZ,20260407,4.7132,5.3477,,301936.1892,
300247.SZ,20260407,1.4149,1.6559,,364230.2618,
603038.SH,20260407,0.8142,1.3992,,394149.3145,
002030.SZ,20260407,0.9354,1.3681,,843471.0652,
603879.SH,20260407,2.9598,4.3756,,193686.6532,
300196.SZ,20260407,4.1977,5.3565,,694412.4189,
002768.SZ,20260407,1.6948,2.5332,,1394185.0,
301566.SZ,20260407,2.6399,2.6399,,762019.05,
688306.SH,20260407,0.6411,1.5566,,1055094.9252,
002135.SZ,20260407,2.2684,3.9741,,738475.1006,
003013.SZ,20260407,0.4791,2.1542,,596220.5945,
000526.SZ,20260407,1.0025,1.5855,,368386.1325,
600353.SH,20260407,1.4389,2.4786,,1152836.996,
600750.SH,20260407,0.9547,1.6918,,1655772.6178,
002921.SZ,20260407,3.7082,4.5607,,353208.1711,
002328.SZ,20260407,17.7636,20.0967,,634394.94,
002024.SZ,20260407,0.5679,1.5821,,1260008.396,
603806.SH,20260407,1.1617,3.0515,,4403561.3659,
000563.SZ,20260407,0.6393,1.1328,,1723408.0106,
600078.SH,20260407,2.6734,4.5933,,772243.4744,
603210.SH,20260407,1.7894,1.7894,,576297.2,
301080.SZ,20260407,3.8456,4.9783,,758986.7353,
603663.SH,20260407,1.0035,2.358,,1707591.1915,
600815.SH,20260407,3.2542,6.2952,,622707.1625,
002050.SZ,20260407,1.0838,1.9277,,17576874.2065,
300788.SZ,20260407,1.0829,4.0865,,554862.1208,
603788.SH,20260407,0.4478,0.9177,,331697.7561,
605259.SH,20260407,0.647,1.4844,,358068.48,
002117.SZ,20260407,0.9507,1.3748,,497011.1863,
920925.BJ,20260407,2.6034,3.7989,,163382.0248,
002634.SZ,20260407,9.9652,12.9766,,403770.8589,
000859.SZ,20260407,2.6983,3.8065,,864617.1015,
688360.SH,20260407,1.0528,2.0454,,500061.7846,
688737.SH,20260407,1.2205,1.9901,,286715.6926,
300286.SZ,20260407,2.1879,3.0873,,598121.4022,
603883.SH,20260407,0.9589,1.8337,,1029814.0503,
300517.SZ,20260407,5.0139,6.1635,,220655.5134,
600638.SH,20260407,1.0888,1.7394,,397977.5005,
300417.SZ,20260407,4.9899,6.2465,,161206.7136,
002036.SZ,20260407,2.0516,2.2465,,952895.8485,
688207.SH,20260407,0.9911,1.339,,350131.6947,
002401.SZ,20260407,0.9549,1.8726,,565679.3657,
688137.SH,20260407,0.7986,2.4848,,294807.0192,
600644.SH,20260407,7.2236,14.2113,,638466.1831,
301160.SZ,20260407,1.8029,2.1269,,576749.9996,
600160.SH,20260407,0.8275,1.7828,,9300625.249,
002843.SZ,20260407,10.3857,18.1,,541235.7583,
603803.SH,20260407,13.589,24.1082,,557872.1103,
600617.SH,20260407,3.8732,9.857,,659783.5874,
001395.SZ,20260407,1.472,1.7533,,333256.8,
600382.SH,20260407,3.5842,5.8788,,606218.2617,
603725.SH,20260407,1.4788,2.4534,,264616.4662,
300689.SZ,20260407,0.8765,1.7952,,516269.6,
002046.SZ,20260407,1.2071,2.3965,,2240741.5789,
000598.SZ,20260407,0.5601,1.3079,,1966461.7471,
920374.BJ,20260407,1.0174,1.168,,156025.452,
002706.SZ,20260407,2.693,2.9939,,1037767.5185,
000488.SZ,20260407,1.2355,1.6902,,773602.9806,
603608.SH,20260407,1.8198,2.5081,,401687.5252,
002064.SZ,20260407,1.1276,3.3943,,5319847.0576,
002045.SZ,20260407,0.7292,0.9724,,644605.6693,
603223.SH,20260407,0.9401,2.4863,,599948.8641,
920976.BJ,20260407,1.5015,2.3596,,211157.3184,
600267.SH,20260407,0.9469,1.5228,,1275481.9125,
001914.SZ,20260407,0.7038,1.8954,,1005248.7445,
920247.BJ,20260407,0.6397,1.5783,,300594.2687,
603171.SH,20260407,0.7019,2.7479,,1984995.325,
000735.SZ,20260407,2.2582,2.8745,,762301.9886,
603303.SH,20260407,0.4148,1.7241,,701108.5253,
002099.SZ,20260407,1.695,2.8148,,1136338.1076,
920726.BJ,20260407,1.691,3.4334,,165722.1,
300997.SZ,20260407,0.7228,2.1151,,838199.1781,
600548.SH,20260407,0.3075,1.9103,,2436341.8819,
920080.BJ,20260407,1.5779,1.5779,,182517.0,
688396.SH,20260407,0.604,1.7858,,5895927.2085,
002531.SZ,20260407,2.5759,5.2113,,1987347.7957,
603533.SH,20260407,2.5506,4.3952,,1067397.1027,
300298.SZ,20260407,0.5392,0.8342,,890264.8875,
001220.SZ,20260407,6.165,6.165,,366760.46,
600452.SH,20260407,1.5763,2.7013,,1679440.0278,
688516.SH,20260407,3.0572,5.5358,,2479125.5685,
920821.BJ,20260407,2.1069,3.9103,,283226.8073,
600206.SH,20260407,1.8871,2.8203,,1718503.264,
000559.SZ,20260407,1.0596,2.9244,,4923307.2893,
002981.SZ,20260407,1.4818,3.885,,320480.1341,
301053.SZ,20260407,10.0166,25.2336,,408784.6828,
603093.SH,20260407,2.3734,10.3083,,1238075.4404,
600269.SH,20260407,0.9822,2.1526,,1039256.1212,
300875.SZ,20260407,8.6512,15.3563,,455745.6383,
300557.SZ,20260407,3.1385,5.9895,,395117.0932,
300691.SZ,20260407,1.6485,2.1949,,415949.3922,
300563.SZ,20260407,1.5336,1.7595,,550234.445,
301357.SZ,20260407,9.0149,9.0149,,1095371.2,
002725.SZ,20260407,2.9768,4.2318,,391168.0,
000010.SZ,20260407,2.5689,3.0803,,427670.6526,
603218.SH,20260407,0.8428,2.0715,,1380657.275,
301312.SZ,20260407,21.2733,34.2681,,1433081.9175,
600036.SH,20260407,0.2561,0.4991,,98332177.9983,
603790.SH,20260407,2.0651,5.3022,,420035.2,
600853.SH,20260407,1.0388,1.8572,,387231.8896,
002596.SZ,20260407,2.2997,3.1956,,415424.1475,
603658.SH,20260407,0.3209,1.109,,1977129.6973,
002912.SZ,20260407,1.3119,1.9696,,449248.512,
002227.SZ,20260407,1.7435,3.7514,,220547.4913,
300822.SZ,20260407,0.6069,1.9178,,424312.3044,
601188.SH,20260407,1.5967,3.2188,,428194.1321,
300983.SZ,20260407,0.5069,1.0959,,487987.2,
301122.SZ,20260407,1.7369,2.9694,,343877.036,
002010.SZ,20260407,0.6077,1.4786,,1556149.4012,
603059.SH,20260407,1.0664,3.7937,,316915.6485,
600096.SH,20260407,2.7875,4.522,,5942949.7831,
601811.SH,20260407,0.4717,3.2429,,1716272.831,
300534.SZ,20260407,3.5932,5.7626,,289997.82,
300525.SZ,20260407,1.0317,1.0869,,757695.0245,
300763.SZ,20260407,4.0772,6.1391,,3524009.643,
000088.SZ,20260407,0.7427,1.696,,2376163.8891,
300548.SZ,20260407,12.1062,15.1006,,5280382.1041,
001336.SZ,20260407,4.5609,6.7554,,203827.196,
002072.SZ,20260407,3.1997,6.164,,280172.16,
000155.SZ,20260407,4.7229,7.8015,,2998177.3874,
600327.SH,20260407,1.5454,2.7948,,347718.3506,
600859.SH,20260407,0.75,1.1223,,1358833.0916,
601718.SH,20260407,0.7324,1.4933,,1312681.9204,
002311.SZ,20260407,0.5024,1.1108,,8362007.3492,
688001.SH,20260407,2.1225,10.7437,,1660169.5636,
600266.SH,20260407,1.0255,1.882,,1017114.3184,
688750.SH,20260407,0.6929,0.999,,808450.0,
603655.SH,20260407,1.3921,4.302,,394426.0,
603267.SH,20260407,1.1922,1.8956,,1083769.3835,
603008.SH,20260407,18.4571,29.0023,,461102.1286,
920118.BJ,20260407,0.7985,0.9462,,104998.448,
301359.SZ,20260407,2.4228,4.2056,,236866.896,
603153.SH,20260407,0.332,1.4227,,643481.9364,
002555.SZ,20260407,1.3351,1.5181,,4789494.5794,
300830.SZ,20260407,3.1215,3.7785,,464738.3287,
002811.SZ,20260407,1.3959,2.97,,406520.4066,
301499.SZ,20260407,4.6323,4.6323,,403289.4441,
002667.SZ,20260407,4.0727,5.1689,,612129.4335,
002523.SZ,20260407,0.9083,1.3363,,566656.32,
600272.SH,20260407,7.2879,12.1986,,349589.7388,
600969.SH,20260407,2.4192,3.805,,344517.0006,
300439.SZ,20260407,1.6559,2.1806,,378554.0328,
301292.SZ,20260407,16.2344,16.2344,,1915152.5077,
688110.SH,20260407,3.4434,5.2547,,4874034.5829,
002005.SZ,20260407,0.3658,0.5721,,476659.5614,
002151.SZ,20260407,2.9117,3.147,,1971309.5251,
300393.SZ,20260407,3.8615,4.8242,,1085268.8486,
300675.SZ,20260407,1.7523,3.0665,,214573.3821,
002859.SZ,20260407,0.9062,1.9443,,1707657.0628,
000557.SZ,20260407,0.5513,1.0547,,681061.0012,
688500.SH,20260407,1.1432,1.7278,,359918.2738,
002255.SZ,20260407,1.825,1.9196,,859131.0109,
002059.SZ,20260407,0.8183,1.8629,,509254.7109,
301006.SZ,20260407,2.5147,3.9409,,232597.6,
002793.SZ,20260407,2.1547,3.4746,,555757.7163,
688025.SH,20260407,5.1897,7.9848,,2272821.8028,
920252.BJ,20260407,1.7944,2.9942,,267507.633,
002830.SZ,20260407,3.0919,4.62,,275347.1,
601515.SH,20260407,4.8579,9.6618,,856389.4486,
002696.SZ,20260407,2.5446,4.5934,,236219.0627,
002900.SZ,20260407,6.5414,11.0415,,390381.5147,
002741.SZ,20260407,2.6488,3.8449,,792398.0162,
603656.SH,20260407,0.8157,1.4435,,370464.35,
600844.SH,20260407,19.463,27.2812,,434055.8505,
600033.SH,20260407,0.795,1.8031,,1015428.0,
688398.SH,20260407,0.5467,1.0312,,396377.1522,
300498.SZ,20260407,0.659,0.7297,,10952364.3852,
601168.SH,20260407,1.0961,1.587,,6088565.0,
301388.SZ,20260407,7.0028,8.6161,,315026.37,
688133.SH,20260407,1.9025,2.6502,,335780.307,
002648.SZ,20260407,1.8562,3.7444,,9634326.6734,
920576.BJ,20260407,2.7643,10.8076,,794572.35,
603151.SH,20260407,2.0541,4.4062,,275662.3986,
002785.SZ,20260407,2.4242,2.9357,,867500.1925,
300209.SZ,20260407,10.6996,11.488,,904491.5867,
600037.SH,20260407,0.6531,1.0533,,1007647.188,
688683.SH,20260407,1.015,2.2709,,502141.8426,
600283.SH,20260407,0.5318,1.2699,,504181.5833,
600063.SH,20260407,5.7577,8.624,,1487687.5368,
002961.SZ,20260407,1.3376,4.5368,,1014437.412,
002670.SZ,20260407,0.5294,1.4812,,2709118.5142,
920146.BJ,20260407,1.1981,1.5764,,91118.549,
688076.SH,20260407,0.584,0.931,,909913.4115,
300519.SZ,20260407,2.4918,3.8009,,247680.0,
300468.SZ,20260407,8.1281,10.2042,,1585580.0337,
300123.SZ,20260407,1.311,1.5083,,623318.815,
920924.BJ,20260407,2.2222,2.7415,,201824.7165,
300188.SZ,20260407,0.5147,0.8754,,1041686.4997,
603118.SH,20260407,10.246,17.8917,,1079355.9526,
300781.SZ,20260407,2.7728,4.4198,,562300.5395,
002999.SZ,20260407,4.283,6.6802,,240533.664,
603021.SH,20260407,1.7812,3.0094,,222363.9087,
000936.SZ,20260407,1.6722,2.7243,,648561.4333,
605287.SH,20260407,4.9121,9.6034,,541240.0,
002593.SZ,20260407,1.9916,2.815,,433279.4776,
688589.SH,20260407,1.9407,2.462,,323501.2811,
000032.SZ,20260407,1.6204,2.905,,2045146.7804,
600518.SH,20260407,1.2713,1.7039,,2447714.7141,
603036.SH,20260407,0.8702,1.1224,,369780.8149,
920018.BJ,20260407,2.2894,2.2894,,357032.0975,
600178.SH,20260407,0.671,1.3675,,517322.0625,
002474.SZ,20260407,1.9171,2.019,,462916.8,
300238.SZ,20260407,4.0182,5.4711,,412847.4265,
002162.SZ,20260407,1.6297,3.4023,,428580.6497,
920693.BJ,20260407,1.1925,1.9577,,191201.0,
002554.SZ,20260407,6.7995,9.7871,,510814.7876,
688790.SH,20260407,3.2541,3.2541,,1301874.479,
300726.SZ,20260407,1.1115,1.8644,,1692661.763,
603124.SH,20260407,4.9009,4.9009,,1615439.7857,
301382.SZ,20260407,3.1145,3.5879,,909902.175,
301515.SZ,20260407,3.8958,4.7244,,219500.0,
300533.SZ,20260407,1.8074,2.1,,650163.0428,
603256.SH,20260407,1.9824,12.2968,,6241646.4705,
600316.SH,20260407,0.836,1.6124,,2704955.9393,
300502.SZ,20260407,3.2095,3.3013,,45595207.1414,
601888.SH,20260407,0.7759,1.6615,,14124861.5859,
002402.SZ,20260407,1.8667,1.9048,,2717511.9196,
920089.BJ,20260407,0.5732,0.6557,,271353.068,
000790.SZ,20260407,5.4953,6.6932,,266328.1684,
603229.SH,20260407,1.3536,2.9063,,835278.9279,
600818.SH,20260407,1.5376,1.6994,,274516.5151,
002317.SZ,20260407,3.7486,4.4208,,1589369.992,
920895.BJ,20260407,2.0487,2.9749,,90212.304,
601137.SH,20260407,0.8017,1.3611,,1633070.6861,
603898.SH,20260407,1.5713,4.7713,,414400.2775,
600666.SH,20260407,21.0911,24.8956,,1626105.4099,
603909.SH,20260407,1.5415,2.6947,,285437.0883,
601066.SH,20260407,0.0889,0.5538,,16265788.9893,
603061.SH,20260407,1.8363,3.3469,,1598820.0,
605086.SH,20260407,0.4607,1.6998,,611609.6,
688223.SH,20260407,1.0523,2.7679,,6367031.8955,
601399.SH,20260407,0.6012,1.852,,3188391.7034,
002820.SZ,20260407,6.3054,9.552,,206894.3439,
920167.BJ,20260407,1.1413,2.0826,,179343.195,
002198.SZ,20260407,2.5423,3.272,,384184.9549,
601866.SH,20260407,5.2839,14.2011,,4038482.6809,
688599.SH,20260407,1.065,1.693,,3570073.1535,
600714.SH,20260407,6.272,9.6833,,487594.2539,
603665.SH,20260407,1.3815,2.3852,,455299.8471,
603121.SH,20260407,3.264,6.78,,631365.3785,
002937.SZ,20260407,1.1956,2.5642,,794473.5689,
300358.SZ,20260407,1.3951,2.0647,,680768.1362,
600369.SH,20260407,0.416,0.791,,2717849.6317,
301015.SZ,20260407,3.7953,15.2422,,1289355.8609,
300450.SZ,20260407,2.6586,3.9123,,7960922.9187,
600157.SH,20260407,3.253,3.9894,,3818108.7254,
001208.SZ,20260407,7.7745,7.9011,,1175841.4957,
002772.SZ,20260407,2.2923,3.6981,,618325.1795,
603212.SH,20260407,3.0818,4.8524,,540738.4261,
920099.BJ,20260407,1.458,1.9451,,249311.9936,
002394.SZ,20260407,1.0866,1.8263,,429226.2,
002723.SZ,20260407,2.8501,4.1148,,297120.7891,
300050.SZ,20260407,7.8085,9.4744,,371585.4617,
603819.SH,20260407,4.0126,8.0335,,286315.1959,
920656.BJ,20260407,2.1565,2.7927,,155800.0,
000612.SZ,20260407,2.5233,3.3431,,1374605.9013,
301101.SZ,20260407,0.6811,1.7002,,658743.0549,
605337.SH,20260407,0.5044,1.2979,,419750.1039,
300239.SZ,20260407,1.8058,2.4726,,323516.3235,
601333.SH,20260407,0.7424,1.3882,,2181729.396,
688678.SH,20260407,2.3416,3.512,,703996.7107,
301391.SZ,20260407,1.0554,2.9055,,641349.9743,
300583.SZ,20260407,2.3941,4.4713,,273171.0614,
300636.SZ,20260407,2.8185,3.5418,,343100.3714,
002952.SZ,20260407,11.2094,28.0187,,418902.66,
601969.SH,20260407,0.987,4.4209,,2177181.4038,
000411.SZ,20260407,0.9196,1.8586,,625288.0046,
603238.SH,20260407,1.4306,3.5849,,274251.405,
603386.SH,20260407,1.0899,2.5619,,429440.489,
300456.SZ,20260407,13.8444,14.9659,,3758450.0168,
000657.SZ,20260407,3.1255,5.0779,,10855271.3616,
603395.SH,20260407,3.5807,3.5807,,736840.0,
688027.SH,20260407,1.8043,2.3667,,5344657.612,
603429.SH,20260407,1.4851,2.5193,,550709.7383,
300917.SZ,20260407,1.4673,3.2974,,519168.0,
301266.SZ,20260407,2.3479,5.3302,,412864.8036,
688399.SH,20260407,1.0002,1.6689,,424055.4214,
603737.SH,20260407,0.2874,0.8714,,3690562.9999,
601158.SH,20260407,0.1745,1.5254,,2073610.9529,
002756.SZ,20260407,2.7364,3.1232,,3873983.6664,
920245.BJ,20260407,0.3942,0.8205,,114853.224,
688022.SH,20260407,1.9464,2.6386,,252385.3949,
002404.SZ,20260407,1.3842,2.1118,,381955.151,
600057.SH,20260407,0.5726,1.3071,,2280993.2392,
000921.SZ,20260407,0.4822,1.103,,2959448.3224,
002496.SZ,20260407,2.0938,2.3197,,290964.8077,
601018.SH,20260407,0.2145,1.3602,,7665029.0292,
600749.SH,20260407,1.5771,2.8708,,359740.3444,
002657.SZ,20260407,1.6161,1.7655,,730431.6853,
001259.SZ,20260407,2.1611,4.2618,,228567.0861,
000981.SZ,20260407,1.8787,3.2625,,4068970.6514,
301032.SZ,20260407,3.5964,6.5201,,293700.4812,
000408.SZ,20260407,0.6863,1.5418,,12718828.5345,
600117.SH,20260407,0.3053,0.8386,,833309.4034,
000601.SZ,20260407,7.6432,10.7994,,687565.7873,
600919.SH,20260407,0.3111,0.4309,,19801079.0956,
300980.SZ,20260407,2.7696,3.2637,,481157.215,
605266.SH,20260407,0.7661,1.5216,,297186.0505,
603326.SH,20260407,1.6974,5.3095,,270342.8597,
688236.SH,20260407,0.91,4.9502,,754479.2395,
002241.SZ,20260407,1.0077,1.2914,,7892605.6186,
603092.SH,20260407,5.0543,5.0543,,2634400.6586,
300775.SZ,20260407,2.5062,3.567,,1881932.6667,
300043.SZ,20260407,2.0462,2.9979,,678088.1285,
603685.SH,20260407,2.9515,5.8456,,716463.8716,
688526.SH,20260407,0.6095,2.2412,,699658.2121,
000301.SZ,20260407,0.3917,1.1938,,7609526.5714,
920002.BJ,20260407,1.1012,1.8094,,367481.9696,
002164.SZ,20260407,3.4961,5.5256,,656702.3322,
301077.SZ,20260407,1.1939,1.9846,,446457.2201,
300248.SZ,20260407,1.2301,1.2881,,483969.9673,
605298.SH,20260407,1.0095,3.6089,,900740.75,
603948.SH,20260407,0.8778,3.217,,430596.2926,
600381.SH,20260407,1.5135,2.6005,,171421.7364,
600602.SH,20260407,14.7474,26.3168,,3289254.6593,
002707.SZ,20260407,1.4412,1.8763,,638764.7715,
000603.SZ,20260407,2.003,3.3811,,2693640.3268,
301002.SZ,20260407,3.5266,4.4492,,457435.3384,
000042.SZ,20260407,0.566,1.2138,,567765.7927,
601069.SH,20260407,0.938,3.1206,,2749395.3532,
002205.SZ,20260407,2.1551,3.088,,237507.6454,
301066.SZ,20260407,2.4363,4.862,,321609.739,
301238.SZ,20260407,0.8165,2.8066,,1407999.936,
600980.SH,20260407,2.0408,3.8898,,409944.7973,
600252.SH,20260407,2.5376,3.6387,,837434.8874,
002136.SZ,20260407,4.7766,6.9548,,269205.04,
300199.SZ,20260407,5.4906,5.8503,,1722320.6052,
603080.SH,20260407,1.2766,2.406,,298848.0,
002827.SZ,20260407,0.791,1.8733,,913420.662,
688433.SH,20260407,1.4945,2.4127,,3020533.0584,
603868.SH,20260407,0.2541,2.539,,1387386.0,
603506.SH,20260407,1.3735,3.5464,,225896.6681,
688358.SH,20260407,0.7687,2.6029,,324603.6496,
605277.SH,20260407,1.1792,2.5614,,727028.7332,
605167.SH,20260407,1.2065,3.2289,,712720.5954,
603650.SH,20260407,0.6984,1.7902,,3028663.8805,
920469.BJ,20260407,1.0756,1.4489,,122763.966,
300804.SZ,20260407,24.0691,24.0691,,360602.0,
601696.SH,20260407,0.4954,0.948,,3364158.0,
001356.SZ,20260407,1.4367,2.1152,,637644.24,
002582.SZ,20260407,3.0175,3.3938,,500089.7142,
001298.SZ,20260407,4.0318,4.2738,,836392.6429,
688510.SH,20260407,1.8387,2.4178,,799589.1552,
301528.SZ,20260407,1.1708,1.7742,,371276.2,
301167.SZ,20260407,5.4489,5.4489,,179200.0,
001286.SZ,20260407,1.4875,2.2868,,4121250.0,
600203.SH,20260407,3.1823,4.3022,,654065.8544,
000852.SZ,20260407,1.787,3.7434,,667265.4469,
601611.SH,20260407,1.0987,3.3043,,3996344.1651,
600693.SH,20260407,2.1341,4.7484,,960310.2556,
002940.SZ,20260407,14.2439,24.169,,681034.3559,
000039.SZ,20260407,2.5629,3.3204,,6012660.2293,
002508.SZ,20260407,0.5322,1.1212,,1939014.6556,
603020.SH,20260407,1.6526,2.5042,,420411.8381,
688809.SH,20260407,10.2972,10.2972,,4175696.239,
300515.SZ,20260407,0.7328,1.4454,,360687.6385,
688562.SH,20260407,1.8005,1.8005,,726800.0,
301338.SZ,20260407,9.4617,15.3796,,1956376.8,
000911.SZ,20260407,2.4939,5.3298,,253802.7646,
601555.SH,20260407,0.5683,0.7929,,3979930.9724,
002980.SZ,20260407,20.5281,32.8893,,960263.8812,
600425.SH,20260407,1.2352,2.028,,649905.0013,
002606.SZ,20260407,2.6109,3.6237,,475077.224,
920703.BJ,20260407,0.5631,0.8704,,201216.54,
002543.SZ,20260407,0.8741,2.3941,,625367.6,
002642.SZ,20260407,1.2822,1.6237,,514709.4835,
688123.SH,20260407,3.5607,4.6679,,1604551.8441,
688777.SH,20260407,1.1052,1.4288,,4946516.9228,
920078.BJ,20260407,13.7867,13.7867,,295440.0,
301339.SZ,20260407,0.4615,1.5646,,735282.3164,
603808.SH,20260407,2.025,4.5698,,379427.4786,
688280.SH,20260407,2.1984,2.6363,,567203.022,
920160.BJ,20260407,1.3912,1.3912,,249329.28,
600048.SH,20260407,0.5558,0.9377,,6583743.8799,
000881.SZ,20260407,1.319,2.2502,,716632.7678,
300335.SZ,20260407,7.0283,7.7193,,324845.4362,
300811.SZ,20260407,1.939,2.9712,,2190600.3468,
603262.SH,20260407,3.4292,3.4292,,993624.84,
603578.SH,20260407,2.1488,4.9525,,287894.4937,
000838.SZ,20260407,3.0336,4.5567,,235498.9044,
603052.SH,20260407,4.2991,13.0085,,1162708.381,
920168.BJ,20260407,2.0236,2.0236,,156811.7124,
600022.SH,20260407,0.7532,1.8235,,1604827.4331,
688146.SH,20260407,21.1979,21.1979,,2820176.4722,
688698.SH,20260407,1.4825,3.4628,,1365037.2526,
603363.SH,20260407,3.3959,5.2393,,1035978.8067,
300007.SZ,20260407,1.6391,1.8215,,1355297.417,
000595.SZ,20260407,0.7873,1.4788,,697996.3524,
300856.SZ,20260407,0.4641,1.1706,,578911.3504,
603283.SH,20260407,2.1305,3.4296,,1149777.8999,
603381.SH,20260407,3.2484,4.4681,,517218.7907,
002340.SZ,20260407,1.5618,1.7074,,3934670.1339,
688330.SH,20260407,1.0884,2.121,,660660.0,
002927.SZ,20260407,2.4079,4.9487,,372954.1328,
301392.SZ,20260407,17.8328,17.8328,,1289500.0,
002014.SZ,20260407,0.4247,1.004,,710490.5646,
300902.SZ,20260407,2.4592,3.7475,,314519.8284,
001213.SZ,20260407,0.4172,2.4256,,1817777.7776,
002851.SZ,20260407,2.509,2.8917,,5453845.4691,
300447.SZ,20260407,3.8874,4.9706,,584020.4013,
002761.SZ,20260407,1.1022,1.938,,1100968.386,
600072.SH,20260407,1.5893,2.209,,1794777.052,
002343.SZ,20260407,1.6035,2.193,,297944.8999,
002334.SZ,20260407,2.1649,2.217,,649142.3334,
600745.SH,20260407,0.9748,1.3568,,3784988.5505,
000777.SZ,20260407,1.3137,1.8056,,824731.2425,
920651.BJ,20260407,10.2168,10.2168,,175070.0,
600740.SH,20260407,2.1199,4.9242,,1114522.702,
000811.SZ,20260407,1.0816,1.7151,,1662400.6249,
603500.SH,20260407,1.1028,2.3478,,362408.5779,
600354.SH,20260407,6.1083,8.5499,,334098.7166,
605006.SH,20260407,4.8252,14.9636,,555044.746,
300512.SZ,20260407,0.9234,2.4981,,365039.7385,
300191.SZ,20260407,7.9778,10.3082,,1282880.0,
300807.SZ,20260407,2.1276,3.2327,,345232.8644,
300582.SZ,20260407,5.5828,6.1699,,380036.9492,
920262.BJ,20260407,0.8226,1.4051,,134150.6331,
002247.SZ,20260407,5.8823,7.3527,,234840.1335,
688232.SH,20260407,0.5963,1.6502,,680025.9312,
601689.SH,20260407,1.166,2.8026,,9778800.8087,
300705.SZ,20260407,1.4447,1.99,,713915.4368,
002624.SZ,20260407,2.9554,4.0161,,3798458.135,
000987.SZ,20260407,0.6926,2.7108,,4028757.367,
002265.SZ,20260407,1.6571,7.5501,,2337770.441,
603901.SH,20260407,1.0003,2.0121,,607415.5755,
001366.SZ,20260407,2.7324,7.8852,,218685.48,
601608.SH,20260407,0.5065,1.422,,2793527.5966,
000886.SZ,20260407,0.9898,1.3563,,549788.5348,
601968.SH,20260407,0.5058,1.0933,,662129.5397,
000801.SZ,20260407,0.8977,1.7569,,1352728.2542,
601021.SH,20260407,0.4264,0.966,,4481745.4108,
000665.SZ,20260407,0.6289,1.0635,,536734.5616,
688545.SH,20260407,1.2749,1.4775,,1609200.0,
688295.SH,20260407,1.7258,9.9561,,4432500.0,
688626.SH,20260407,0.9948,2.6321,,902400.0,
688775.SH,20260407,2.659,2.659,,7348325.0,
300900.SZ,20260407,11.8165,12.3642,,1151281.5333,
603798.SH,20260407,3.2755,6.9658,,386469.6226,
600862.SH,20260407,0.6392,1.1523,,2891969.9461,
300159.SZ,20260407,0.5271,0.5882,,987126.3093,
000034.SZ,20260407,1.5582,1.6644,,2321421.9025,
002608.SZ,20260407,0.3714,2.1135,,2962014.4879,
920509.BJ,20260407,1.4714,2.147,,452863.5912,
600641.SH,20260407,5.2606,7.5287,,1784017.5566,
600993.SH,20260407,0.3946,0.6027,,1093152.6676,
601139.SH,20260407,1.0769,4.4038,,2065501.5472,
300410.SZ,20260407,3.2766,4.2076,,290020.6896,
300301.SZ,20260407,3.4468,3.7263,,282155.3815,
300285.SZ,20260407,3.3688,3.5292,,3116772.9827,
300458.SZ,20260407,1.1525,1.3263,,2714005.232,
300279.SZ,20260407,3.0248,4.106,,405463.4772,
301529.SZ,20260407,5.9873,7.0963,,904364.6586,
300619.SZ,20260407,2.8606,3.5438,,675640.672,
300562.SZ,20260407,3.666,3.9789,,286602.545,
300958.SZ,20260407,3.7826,4.0371,,201563.2406,
603888.SH,20260407,0.6401,1.6944,,1304943.6169,
300802.SZ,20260407,1.6529,2.2867,,514749.7981,
000401.SZ,20260407,0.4715,1.3056,,1257336.7522,
600191.SH,20260407,0.8229,1.7632,,569795.1,
300355.SZ,20260407,0.9829,1.0519,,582339.8754,
920299.BJ,20260407,4.1907,5.9619,,206440.3513,
300476.SZ,20260407,2.4613,3.5707,,23112298.1067,
300416.SZ,20260407,2.2405,3.2105,,876227.8697,
600250.SH,20260407,18.9455,40.0087,,425709.1008,
605358.SH,20260407,1.1836,1.5852,,2171907.2154,
603682.SH,20260407,1.831,4.3596,,297202.5,
605289.SH,20260407,4.1206,8.213,,1084188.595,
301518.SZ,20260407,3.7479,3.8078,,558748.4071,
688298.SH,20260407,0.5401,1.05,,462268.8,
603505.SH,20260407,0.5536,1.2219,,1468712.0787,
600573.SH,20260407,4.3955,8.8046,,312500.0,
300249.SZ,20260407,4.9128,6.1576,,669541.7509,
000059.SZ,20260407,1.8009,3.4003,,855701.7573,
600830.SH,20260407,0.7835,1.1434,,393443.4989,
688061.SH,20260407,2.051,2.051,,334557.9066,
600868.SH,20260407,3.2666,3.5177,,664352.0377,
605168.SH,20260407,2.308,5.0046,,725210.4318,
920971.BJ,20260407,0.7807,1.5161,,257150.3409,
002202.SZ,20260407,6.7958,9.9693,,9668252.213,
600052.SH,20260407,1.6369,2.6802,,329235.949,
601577.SH,20260407,0.3653,0.6254,,3784282.0825,
301035.SZ,20260407,0.9179,2.8236,,2301198.9029,
600125.SH,20260407,2.24,3.2003,,881227.265,
002535.SZ,20260407,1.7413,2.6817,,284597.4913,
600359.SH,20260407,3.6275,6.0779,,268585.0253,
601949.SH,20260407,0.4089,1.7835,,1170940.3532,
603899.SH,20260407,0.3124,0.8585,,2339264.7576,
000862.SZ,20260407,5.6739,7.4611,,575557.5944,
300048.SZ,20260407,1.4775,1.8137,,728880.0926,
002976.SZ,20260407,6.0448,9.5548,,406587.0659,
300030.SZ,20260407,2.8108,3.6246,,237146.6706,
920187.BJ,20260407,2.2046,2.2046,,220584.0,
300387.SZ,20260407,4.4735,7.3548,,250612.4346,
603687.SH,20260407,11.8818,23.5542,,900952.1932,
002722.SZ,20260407,1.2092,2.0106,,319103.8344,
301297.SZ,20260407,0.7141,1.5905,,2482989.7649,
002111.SZ,20260407,0.8473,1.2312,,505409.8715,
600229.SH,20260407,0.5523,1.4511,,393781.8393,
920351.BJ,20260407,3.8657,4.3647,,156438.9751,
688099.SH,20260407,1.2487,1.539,,3200858.6588,
300352.SZ,20260407,2.1146,2.2098,,929337.2398,
600248.SH,20260407,0.2684,0.8397,,1271509.9972,
605066.SH,20260407,1.3651,2.3298,,395724.098,
301502.SZ,20260407,3.6206,4.8791,,237239.026,
003018.SZ,20260407,10.6836,13.8753,,741780.0,
301601.SZ,20260407,1.7288,2.084,,316501.44,
603556.SH,20260407,0.4122,1.2629,,1575495.9108,
002727.SZ,20260407,0.9946,1.2519,,734347.5728,
002959.SZ,20260407,1.1965,1.4896,,686602.4979,
688435.SH,20260407,1.5668,1.7731,,345022.0,
001270.SZ,20260407,2.1502,4.0743,,2275714.6219,
002159.SZ,20260407,2.7277,3.9747,,325879.8354,
688127.SH,20260407,2.4807,4.9993,,2526307.2848,
603192.SH,20260407,0.9034,3.0053,,402504.3618,
603893.SH,20260407,0.7834,1.6408,,6228615.107,
688257.SH,20260407,3.7289,5.0635,,1723445.2653,
300340.SZ,20260407,2.5337,3.5018,,291494.5685,
000880.SZ,20260407,3.4101,3.4101,,1205079.2863,
603897.SH,20260407,6.9113,16.5915,,702913.4938,
600539.SH,20260407,8.601,14.327,,322230.0,
001299.SZ,20260407,1.8031,6.0308,,325378.3706,
002406.SZ,20260407,1.8273,2.0231,,518459.8082,
300121.SZ,20260407,2.1345,3.0896,,523596.0484,
003011.SZ,20260407,5.3376,6.995,,234409.308,
688334.SH,20260407,0.8705,1.366,,655952.6536,
000021.SZ,20260407,3.1315,4.7643,,4087941.0273,
688371.SH,20260407,0.2969,0.736,,628675.1951,
603360.SH,20260407,0.9256,2.0936,,1845362.4079,
002928.SZ,20260407,1.4125,2.5719,,997028.409,
688515.SH,20260407,2.9526,3.3245,,965280.0,
000875.SZ,20260407,1.0354,1.4695,,2219889.6231,
600521.SH,20260407,1.2528,2.075,,2374641.8877,
300215.SZ,20260407,2.3634,3.9102,,587289.8426,
001306.SZ,20260407,2.7452,2.7452,,412865.5914,
300884.SZ,20260407,2.2936,2.8422,,333575.7455,
688488.SH,20260407,5.5504,10.05,,769190.973,
002663.SZ,20260407,6.3735,7.7123,,380860.1073,
600221.SH,20260407,0.4445,0.7682,,6136619.82,
002572.SZ,20260407,0.8416,1.0009,,1194178.4834,
002112.SZ,20260407,5.6882,7.7918,,590027.3517,
600187.SH,20260407,2.25,2.8591,,296935.723,
002759.SZ,20260407,7.2714,8.9158,,1716232.6569,
000716.SZ,20260407,0.9564,1.4933,,388488.1698,
603519.SH,20260407,0.9948,2.0913,,353150.7145,
300925.SZ,20260407,1.1449,1.3139,,735664.5496,
300153.SZ,20260407,3.4674,5.5062,,778880.0,
688035.SH,20260407,2.8086,6.4277,,782320.0,
301025.SZ,20260407,1.9475,4.7998,,412318.682,
002083.SZ,20260407,4.1962,6.9546,,1135966.8144,
301311.SZ,20260407,0.6443,1.7724,,391200.0,
600335.SH,20260407,0.4081,1.3038,,881019.5396,
301293.SZ,20260407,3.8203,4.7029,,1330881.923,
300537.SZ,20260407,2.2265,2.5323,,446368.4071,
002796.SZ,20260407,10.1699,14.8042,,1226251.0003,
600655.SH,20260407,0.1543,0.333,,1774960.9725,
600307.SH,20260407,1.7184,4.1704,,1171247.8383,
601006.SH,20260407,0.4103,0.8038,,10416090.8792,
603828.SH,20260407,0.9596,1.9288,,340293.2502,
603955.SH,20260407,1.0959,1.8023,,331699.68,
002763.SZ,20260407,4.1139,7.5999,,325479.656,
603711.SH,20260407,0.2645,1.4216,,508660.8912,
600982.SH,20260407,8.8458,18.0156,,605754.0969,
300921.SZ,20260407,4.0249,4.8197,,441113.9688,
920275.BJ,20260407,1.3974,3.7852,,114751.872,
300953.SZ,20260407,3.765,5.0319,,3157294.7042,
600246.SH,20260407,2.3658,2.9031,,1733144.8286,
600739.SH,20260407,0.4884,0.8725,,1699507.6056,
300790.SZ,20260407,4.2124,4.3349,,920706.8122,
300054.SZ,20260407,4.6029,5.0799,,4692937.6989,
688049.SH,20260407,1.7134,2.2589,,773715.5101,
301069.SZ,20260407,1.056,1.7266,,925834.9498,
688130.SH,20260407,1.888,2.9758,,241298.6236,
688319.SH,20260407,1.2091,1.7942,,1164384.543,
688395.SH,20260407,1.2317,3.0778,,216494.3,
600963.SH,20260407,0.9792,1.7365,,827814.4592,
600599.SH,20260407,0.226,0.5648,,79846.0,
688720.SH,20260407,2.6676,2.6676,,592520.4045,
600284.SH,20260407,0.5275,0.8373,,671417.152,
000651.SZ,20260407,0.3778,0.5022,,20910047.6312,
300931.SZ,20260407,2.1748,3.0665,,304024.836,
002809.SZ,20260407,9.0535,11.5211,,251090.0388,
688103.SH,20260407,0.9157,1.4131,,498023.8324,
600826.SH,20260407,0.4039,1.0877,,705376.6735,
002182.SZ,20260407,1.5825,2.2736,,1575956.7777,
001209.SZ,20260407,2.8122,6.5534,,264755.2354,
601200.SH,20260407,0.8753,2.012,,1072945.51,
300866.SZ,20260407,1.4219,2.0433,,5301003.4497,
002390.SZ,20260407,1.5285,2.6643,,651190.3758,
300708.SZ,20260407,3.3176,3.6604,,845962.5447,
301171.SZ,20260407,4.8022,5.7765,,1978617.5997,
301662.SZ,20260407,3.1553,3.1553,,1057600.0,
001309.SZ,20260407,9.5924,10.6712,,8578849.0942,
603416.SH,20260407,0.5611,1.0825,,741851.4864,
000550.SZ,20260407,0.7961,2.5123,,1571912.694,
300173.SZ,20260407,0.9232,1.1653,,305645.8904,
002455.SZ,20260407,18.9129,19.2406,,972434.525,
600512.SH,20260407,4.1143,5.0275,,379327.013,
601877.SH,20260407,0.859,1.8285,,6760656.3985,
600126.SH,20260407,1.8274,4.2952,,2857101.9642,
300151.SZ,20260407,2.5019,2.9006,,814206.0531,
000726.SZ,20260407,0.9257,1.2151,,561624.4525,
002813.SZ,20260407,0.9663,2.834,,286560.0,
002274.SZ,20260407,4.8432,8.075,,619037.0199,
601228.SH,20260407,0.3017,1.6853,,2527418.0026,
601326.SH,20260407,1.1409,4.9186,,2078517.264,
300587.SZ,20260407,1.5641,1.8727,,658222.2801,
688070.SH,20260407,2.2556,5.1365,,393234.2,
002997.SZ,20260407,2.9484,5.0312,,641569.8611,
002170.SZ,20260407,2.5844,2.8361,,1244423.5647,
300075.SZ,20260407,1.1212,1.1715,,755915.4023,
000820.SZ,20260407,0.834,0.8568,,217242.5401,
000901.SZ,20260407,1.5518,2.3839,,1691388.7793,
300264.SZ,20260407,5.4473,5.7593,,386910.0512,
688456.SH,20260407,2.399,3.7666,,523483.0,
300796.SZ,20260407,2.2189,3.1297,,334057.1566,
688506.SH,20260407,0.383,1.7509,,12766884.1693,
605007.SH,20260407,0.7153,3.3493,,646517.0741,
601678.SH,20260407,3.9303,4.9071,,1042815.9919,
002235.SZ,20260407,4.109,4.9633,,586527.1514,
002688.SZ,20260407,4.0707,6.0805,,462472.1432,
300506.SZ,20260407,0.9495,1.0567,,631539.2801,
300748.SZ,20260407,1.9865,3.4261,,4275331.5351,
001326.SZ,20260407,3.9426,4.5361,,376980.0,
001279.SZ,20260407,1.746,1.746,,489920.0,
002126.SZ,20260407,1.9746,2.0958,,3467669.321,
301479.SZ,20260407,7.0975,8.3825,,795350.077,
920735.BJ,20260407,2.7049,3.9498,,372009.0043,
600366.SH,20260407,1.4098,2.1336,,1313354.0559,
600350.SH,20260407,0.1503,1.1369,,4998946.2331,
688320.SH,20260407,0.7219,1.0272,,438694.7055,
688819.SH,20260407,0.3051,1.684,,3048505.6,
688170.SH,20260407,6.627,9.3576,,530753.6,
600601.SH,20260407,1.0291,1.6525,,4179720.5435,
603778.SH,20260407,15.086,20.7447,,2082432.8886,
603927.SH,20260407,0.4763,0.7159,,1345453.76,
920111.BJ,20260407,0.9225,1.4659,,350649.17,
603107.SH,20260407,0.5371,0.8109,,478003.695,
000006.SZ,20260407,1.877,2.979,,1117795.8981,
600635.SH,20260407,1.2616,1.7243,,1567742.8124,
000797.SZ,20260407,1.3882,3.0772,,435098.9181,
002251.SZ,20260407,1.7047,2.2144,,1121187.7703,
605005.SH,20260407,0.9614,6.1438,,763504.0,
002842.SZ,20260407,17.0743,20.5925,,1056766.9231,
301408.SZ,20260407,23.2769,30.9956,,817220.43,
600390.SH,20260407,0.8045,1.5199,,2392970.8242,
688617.SH,20260407,0.6363,1.1209,,3628421.1007,
603369.SH,20260407,0.5957,1.1032,,3221731.2956,
300657.SZ,20260407,3.453,4.2094,,1341755.6728,
603409.SH,20260407,5.4855,5.4855,,486349.77,
301682.SZ,20260407,19.2607,19.2607,,1317108.8433,
600992.SH,20260407,1.6302,2.1297,,291412.01,
300012.SZ,20260407,1.2312,1.3041,,2406444.346,
601601.SH,20260407,0.3545,0.8002,,35855012.6028,
002539.SZ,20260407,1.8726,2.1946,,1652166.1064,
300261.SZ,20260407,1.4619,2.2534,,621334.6088,
600895.SH,20260407,1.0752,2.0982,,5389439.634,
605566.SH,20260407,2.7416,6.2539,,405086.92,
300219.SZ,20260407,2.1022,3.269,,505471.6633,
002338.SZ,20260407,1.2853,2.1932,,1152000.0,
301396.SZ,20260407,12.5646,12.7067,,2491896.8229,
000783.SZ,20260407,0.365,0.6352,,3771509.7505,
600193.SH,20260407,1.9589,2.2978,,158238.756,
600690.SH,20260407,1.1628,2.0109,,19383560.4866,
002029.SZ,20260407,2.5213,4.2678,,677527.6191,
301197.SZ,20260407,2.2444,3.106,,251446.44,
300821.SZ,20260407,4.6679,9.7584,,1606800.0,
920425.BJ,20260407,1.7263,2.5781,,131090.7407,
300457.SZ,20260407,2.2555,3.8666,,1696821.8956,
920339.BJ,20260407,0.2831,0.7821,,176603.4476,
688291.SH,20260407,1.1775,3.5909,,394240.128,
920809.BJ,20260407,1.8228,1.8228,,430716.95,
000960.SZ,20260407,1.6465,2.9291,,5081093.8678,
300651.SZ,20260407,30.1046,38.6323,,457519.3891,
601872.SH,20260407,2.0997,6.672,,16359015.0051,
002526.SZ,20260407,1.575,1.9989,,615063.8734,
300442.SZ,20260407,1.6994,4.185,,12994665.7489,
688278.SH,20260407,0.6727,1.7066,,2596901.4718,
920414.BJ,20260407,3.4728,3.9578,,94820.5753,
000686.SZ,20260407,0.3256,0.5673,,1863000.5203,
000893.SZ,20260407,1.0297,1.5284,,5621003.3705,
600208.SH,20260407,0.4466,1.0343,,2680316.352,
000036.SZ,20260407,1.3823,1.9714,,659794.8008,
600872.SH,20260407,0.7842,1.0198,,1486952.6255,
601008.SH,20260407,0.655,1.5883,,610393.899,
603383.SH,20260407,1.089,1.87,,580606.5998,
300565.SZ,20260407,13.4587,13.895,,363320.2105,
920375.BJ,20260407,4.8936,5.7041,,146248.0821,
688277.SH,20260407,1.2657,1.792,,1059269.495,
600615.SH,20260407,1.5744,2.2504,,253150.8124,
605090.SH,20260407,1.9677,3.823,,2743641.5953,
688686.SH,20260407,0.5578,2.0036,,1090095.7877,
002057.SZ,20260407,0.9996,1.4939,,695834.6606,
002233.SZ,20260407,0.7876,1.3053,,1079044.3169,
688332.SH,20260407,1.4413,3.8408,,1480825.2978,
301376.SZ,20260407,1.3551,1.8087,,618192.3456,
300488.SZ,20260407,1.1481,2.6339,,512662.9568,
301185.SZ,20260407,1.0885,1.5186,,278913.1968,
600029.SH,20260407,0.5125,1.6959,,10165861.9922,
000519.SZ,20260407,0.855,1.4603,,2317218.146,
002379.SZ,20260407,1.4882,1.9321,,36500162.0838,
920009.BJ,20260407,2.386,2.386,,345965.94,
300649.SZ,20260407,2.8772,3.5697,,186972.2519,
920132.BJ,20260407,1.0229,1.1774,,108002.496,
688418.SH,20260407,1.4971,2.1914,,752888.6189,
605008.SH,20260407,0.3256,1.8616,,792595.882,
603777.SH,20260407,1.6063,4.0972,,426390.8117,
000596.SZ,20260407,0.4362,1.2991,,5571444.0,
600195.SH,20260407,9.4015,19.1864,,882272.0966,
600456.SH,20260407,0.9773,1.9314,,1574754.7685,
300680.SZ,20260407,3.5852,3.9682,,857806.4658,
603213.SH,20260407,0.4406,1.8306,,594010.8451,
301567.SZ,20260407,3.83,3.83,,294768.0,
000895.SZ,20260407,0.2755,0.9289,,9534747.6582,
603882.SH,20260407,0.7007,1.175,,1203544.9985,
000590.SZ,20260407,1.809,3.234,,278265.6123,
301380.SZ,20260407,1.2247,2.1804,,330742.1164,
600219.SH,20260407,1.6621,3.1326,,6993574.2494,
000731.SZ,20260407,6.8696,7.9078,,406131.166,
688046.SH,20260407,3.8891,7.9286,,719550.0,
000818.SZ,20260407,0.4566,0.6262,,1145760.0677,
603155.SH,20260407,1.6463,6.4514,,500837.8648,
301327.SZ,20260407,2.5867,9.3682,,1129991.1869,
002080.SZ,20260407,1.993,5.0125,,6824928.6161,
300715.SZ,20260407,1.3144,2.249,,491094.0036,
002242.SZ,20260407,0.5951,1.8334,,734785.371,
603217.SH,20260407,2.3244,6.1674,,529582.942,
600308.SH,20260407,1.2384,2.0565,,585511.8879,
605188.SH,20260407,0.4413,2.5231,,839441.0535,
920005.BJ,20260407,1.2514,1.2514,,321127.0,
000656.SZ,20260407,0.4422,0.7309,,1456869.1836,
002931.SZ,20260407,2.5076,4.8736,,1430120.8275,
600391.SH,20260407,2.8989,4.5308,,1256802.5002,
300065.SZ,20260407,4.3642,4.5122,,1583778.4562,
600698.SH,20260407,2.2461,4.314,,784380.0953,
002836.SZ,20260407,0.8876,2.2632,,308044.8,
300673.SZ,20260407,1.1349,1.4789,,371948.0059,
603009.SH,20260407,1.3165,2.1863,,1605863.1823,
600662.SH,20260407,0.3197,1.1281,,1144012.1449,
920069.BJ,20260407,11.6171,11.6171,,177843.954,
002562.SZ,20260407,2.9507,3.3032,,681121.8625,
300459.SZ,20260407,1.3084,1.3403,,1395776.9428,
002180.SZ,20260407,0.4914,0.7101,,2310553.2499,
300833.SZ,20260407,0.8067,1.7365,,411094.125,
600218.SH,20260407,1.5349,2.3369,,388555.1277,
601106.SH,20260407,0.4828,1.2033,,2859695.4806,
688197.SH,20260407,2.9751,3.4147,,587590.1242,
688478.SH,20260407,1.4527,2.2273,,399186.187,
600785.SH,20260407,1.9558,3.3792,,380639.9694,
603123.SH,20260407,7.6621,15.4046,,1051137.4511,
600633.SH,20260407,1.0991,2.1468,,1524225.5153,
003038.SZ,20260407,2.0474,2.4724,,344047.5882,
301301.SZ,20260407,1.9186,1.9186,,2332668.91,
688292.SH,20260407,1.2268,2.1579,,364360.6095,
603912.SH,20260407,7.9692,13.9584,,531553.662,
688276.SH,20260407,0.4503,1.3527,,736310.5244,
002901.SZ,20260407,0.2864,1.1285,,1788150.2464,
002544.SZ,20260407,1.378,2.1366,,1700654.1911,
605286.SH,20260407,1.8855,6.8564,,759024.0,
603291.SH,20260407,0.9024,4.0624,,483741.1504,
000779.SZ,20260407,1.1073,2.0279,,399753.3287,
301024.SZ,20260407,7.9153,28.0039,,230304.87,
300063.SZ,20260407,6.3172,7.0116,,834379.865,
002864.SZ,20260407,5.0463,5.7857,,357635.4304,
300055.SZ,20260407,4.6403,5.1979,,942180.0564,
603983.SH,20260407,0.3331,1.7346,,974831.0,
688517.SH,20260407,3.3567,5.6203,,261341.021,
300494.SZ,20260407,1.3343,1.4428,,545447.2045,
300010.SZ,20260407,1.3184,1.3386,,1221368.0815,
688286.SH,20260407,1.6265,2.0122,,363043.0835,
603179.SH,20260407,1.3445,2.0809,,3301128.1896,
002414.SZ,20260407,0.754,1.584,,5445188.5377,
002021.SZ,20260407,2.0458,2.5472,,362229.6289,
002755.SZ,20260407,2.3147,7.6466,,1475774.9581,
300278.SZ,20260407,0.9322,1.3292,,634835.0421,
688069.SH,20260407,2.0923,3.9872,,347927.0,
688695.SH,20260407,1.3711,1.7102,,202167.1255,
688601.SH,20260407,3.5557,5.6681,,732635.996,
603315.SH,20260407,0.9057,2.0497,,423203.8347,
688299.SH,20260407,1.9666,2.4366,,480520.9188,
300975.SZ,20260407,10.1498,12.9078,,1242106.132,
300941.SZ,20260407,2.2776,2.7229,,402538.5,
920896.BJ,20260407,0.8644,1.4919,,162464.9052,
600426.SH,20260407,2.0205,2.9749,,8155159.9687,
002942.SZ,20260407,1.4527,4.3589,,303455.3897,
002040.SZ,20260407,1.6856,5.1701,,503073.3415,
688185.SH,20260407,1.2006,2.6359,,1639135.6196,
300006.SZ,20260407,18.2438,28.9598,,635658.5454,
300694.SZ,20260407,1.9042,2.8749,,253104.0584,
002822.SZ,20260407,0.6982,0.6982,,579429.8334,
688165.SH,20260407,0.6567,1.3578,,830673.76,
600791.SH,20260407,8.7111,15.9308,,533945.52,
301446.SZ,20260407,1.5267,1.5267,,386048.0,
300658.SZ,20260407,13.6692,19.569,,900126.904,
002733.SZ,20260407,9.9201,15.8321,,1055822.5809,
688071.SH,20260407,1.5123,2.0731,,262424.1958,
601665.SH,20260407,0.9083,1.4849,,3575382.507,
300523.SZ,20260407,0.4327,0.9027,,482490.4612,
603197.SH,20260407,0.5128,0.7279,,670678.3288,
000977.SZ,20260407,4.0623,6.0226,,8733030.6673,
300795.SZ,20260407,1.3657,1.7903,,345521.3137,
600196.SH,20260407,0.7913,1.3644,,7124705.4391,
002329.SZ,20260407,6.0898,6.6393,,329631.9781,
600757.SH,20260407,0.7391,1.692,,1064371.2894,
301598.SZ,20260407,1.6407,1.6407,,345255.5212,
002949.SZ,20260407,2.3446,4.07,,264467.859,
601816.SH,20260407,0.2153,0.429,,24560691.0437,
688329.SH,20260407,2.1345,3.5087,,184739.6,
603050.SH,20260407,0.9592,2.1657,,759450.0404,
603311.SH,20260407,1.5398,3.1673,,373404.2248,
603355.SH,20260407,0.2422,1.2636,,1565373.1493,
000615.SZ,20260407,0.8425,1.0348,,593447.5741,
002420.SZ,20260407,2.3248,3.145,,302298.15,
300154.SZ,20260407,3.6222,7.657,,366387.4888,
300719.SZ,20260407,2.1211,2.5413,,389730.221,
301308.SZ,20260407,4.1958,7.4108,,12469571.6933,
688549.SH,20260407,5.6849,6.5779,,1326593.848,
600228.SH,20260407,1.1923,1.7025,,224586.4382,
605598.SH,20260407,0.9332,3.0231,,1102567.2624,
001201.SZ,20260407,5.3434,8.8098,,337954.8253,
600376.SH,20260407,2.3378,4.9379,,1238191.3162,
600463.SH,20260407,1.1447,2.7644,,292800.0,
002249.SZ,20260407,1.0348,1.1741,,2195479.855,
300898.SZ,20260407,2.2316,3.7377,,285200.0,
603402.SH,20260407,9.3341,9.3341,,1004560.0087,
688726.SH,20260407,9.221,9.221,,2535315.3122,
300690.SZ,20260407,5.3108,6.6265,,470583.0235,
000729.SZ,20260407,2.7148,5.9343,,3976959.0102,
000538.SZ,20260407,0.3334,0.7613,,9975812.2134,
002134.SZ,20260407,1.5648,2.2176,,497026.8979,
300727.SZ,20260407,3.1696,6.3461,,562025.4182,
000993.SZ,20260407,7.7878,15.7473,,566027.9984,
600315.SH,20260407,0.8723,1.8217,,1392180.0046,
301026.SZ,20260407,1.4902,1.6906,,439052.0399,
000810.SZ,20260407,0.804,1.7643,,1251412.79,
301078.SZ,20260407,1.2277,1.814,,1044275.766,
000066.SZ,20260407,0.8869,1.4812,,4596763.7004,
300930.SZ,20260407,3.7869,6.0495,,283000.0,
605060.SH,20260407,1.2495,3.3178,,1158691.072,
300903.SZ,20260407,4.1557,4.9915,,1365807.6481,
002042.SZ,20260407,1.267,2.1809,,700680.7183,
920188.BJ,20260407,17.1435,17.1435,,199681.6344,
002650.SZ,20260407,1.5052,2.6843,,800421.6048,
300289.SZ,20260407,1.1854,2.2124,,364487.6963,
600566.SH,20260407,0.6413,1.6595,,2406460.1609,
601886.SH,20260407,0.7334,2.2344,,1027632.8684,
001234.SZ,20260407,1.5412,4.6866,,268720.0472,
600529.SH,20260407,0.3997,0.4965,,1213750.2127,
300729.SZ,20260407,0.7023,1.2477,,414717.8627,
601388.SH,20260407,5.7371,10.7045,,838665.8167,
600449.SH,20260407,0.6917,1.3572,,588162.6817,
920526.BJ,20260407,1.748,3.5986,,145717.4,
301365.SZ,20260407,5.0943,11.1429,,528480.0,
600608.SH,20260407,0.8638,1.0656,,89121.4505,
688102.SH,20260407,1.8891,4.1438,,2595608.1278,
603051.SH,20260407,1.8245,2.8737,,333771.9302,
000966.SZ,20260407,1.7016,4.0672,,1521212.302,
600101.SH,20260407,4.3346,6.3208,,493076.2239,
605296.SH,20260407,1.1366,9.2315,,1500301.4711,
002144.SZ,20260407,2.4067,2.6085,,256482.4281,
300485.SZ,20260407,7.8867,10.2365,,563549.688,
688129.SH,20260407,0.6639,2.296,,273486.876,
300018.SZ,20260407,2.7051,3.147,,617832.1373,
001221.SZ,20260407,1.958,1.958,,2484862.12,
601858.SH,20260407,0.8745,4.7683,,1693251.0,
001313.SZ,20260407,2.9171,8.7367,,539000.0,
000702.SZ,20260407,3.7402,4.9959,,221839.9667,
001387.SZ,20260407,2.1362,2.8145,,238488.6112,
301007.SZ,20260407,1.3898,1.6962,,518902.56,
300622.SZ,20260407,1.6565,1.926,,521102.4639,
002829.SZ,20260407,2.0332,2.2554,,451985.432,
300229.SZ,20260407,1.2256,1.5982,,1506996.1077,
920455.BJ,20260407,0.3376,0.5823,,134507.1,
300360.SZ,20260407,0.7501,1.1407,,801103.5423,
601789.SH,20260407,5.8979,8.0647,,818598.4379,
300115.SZ,20260407,1.6683,2.4802,,4241881.5062,
300859.SZ,20260407,1.2979,2.1019,,498325.0,
688551.SH,20260407,3.0205,5.9996,,355619.0991,
688380.SH,20260407,0.9985,2.4154,,1635491.025,
688722.SH,20260407,1.1426,2.1228,,369801.3882,
601336.SH,20260407,0.7116,2.1125,,18505150.4312,
601615.SH,20260407,2.814,3.7355,,3518888.8745,
000727.SZ,20260407,1.0874,1.9817,,1159569.1469,
600114.SH,20260407,1.0783,1.4147,,1724308.2757,
002285.SZ,20260407,1.8466,3.4959,,575927.592,
002882.SZ,20260407,0.9718,2.0904,,1125107.1,
600611.SH,20260407,0.7691,1.103,,1087496.5174,
002506.SZ,20260407,10.0995,13.3264,,2562438.595,
002109.SZ,20260407,5.154,12.0509,,569216.3535,
300035.SZ,20260407,4.2359,4.5003,,1469554.7826,
688128.SH,20260407,0.4629,2.1755,,995474.5,
300137.SZ,20260407,2.7084,3.2074,,641215.741,
603890.SH,20260407,3.1243,4.6158,,634021.121,
601827.SH,20260407,0.3674,1.3036,,1325843.1069,
301267.SZ,20260407,0.353,1.3609,,1407000.0,
300514.SZ,20260407,1.8206,2.4104,,252600.0,
920982.BJ,20260407,1.9522,2.4518,,2024574.6573,
001332.SZ,20260407,1.4643,2.5327,,578194.17,
002886.SZ,20260407,3.3924,4.5879,,541146.5296,
300437.SZ,20260407,12.6439,15.0747,,385949.6747,
603356.SH,20260407,2.8933,4.1048,,221344.4,
002869.SZ,20260407,13.4866,17.373,,413627.249,
601518.SH,20260407,0.9506,3.0083,,546369.8658,
300308.SZ,20260407,2.1622,2.8326,,68837114.1463,
300425.SZ,20260407,1.0921,1.7502,,325421.2549,
300003.SZ,20260407,1.1723,1.6191,,2978974.3411,
002252.SZ,20260407,0.3627,0.6327,,3796927.3268,
300946.SZ,20260407,0.7761,1.2357,,674577.7272,
000812.SZ,20260407,1.6122,1.9424,,318238.7422,
002612.SZ,20260407,0.9922,1.3623,,723840.6335,
301548.SZ,20260407,3.6869,3.8701,,559671.0,
920953.BJ,20260407,0.7894,1.3216,,356931.1481,
300047.SZ,20260407,1.692,1.7244,,734044.1175,
002802.SZ,20260407,2.9873,5.3457,,231813.4933,
300942.SZ,20260407,1.5625,3.5795,,337017.3048,
000157.SZ,20260407,0.8948,1.3439,,7195581.3164,
300305.SZ,20260407,3.1812,4.3006,,231622.0295,
601096.SH,20260407,1.7915,3.6473,,1490061.384,
688501.SH,20260407,0.7571,1.2614,,286713.608,
688141.SH,20260407,3.2809,5.1373,,2490278.4978,
300203.SZ,20260407,1.0506,1.3844,,597269.7456,
603825.SH,20260407,0.4697,0.7437,,200135.8761,
600668.SH,20260407,1.8739,2.2347,,440977.8344,
603848.SH,20260407,0.307,1.7946,,607633.8316,
300290.SZ,20260407,1.2446,1.556,,871955.4915,
603877.SH,20260407,0.2409,0.8178,,656679.5746,
920639.BJ,20260407,1.5875,2.0395,,149184.0,
000909.SZ,20260407,1.1566,1.975,,262190.8328,
688060.SH,20260407,0.5148,1.6795,,259662.8006,
002482.SZ,20260407,0.9859,2.1047,,622659.7523,
300541.SZ,20260407,1.5764,1.5764,,579269.9307,
688663.SH,20260407,1.2227,1.967,,792257.76,
600141.SH,20260407,2.7861,4.1731,,3959732.8288,
600280.SH,20260407,1.5245,3.5456,,354297.1234,
688400.SH,20260407,2.9053,5.1365,,2029540.7228,
920037.BJ,20260407,4.0535,4.0535,,624417.2729,
301559.SZ,20260407,1.575,1.575,,931800.0,
300271.SZ,20260407,0.9714,1.2822,,522026.4127,
603728.SH,20260407,0.5645,1.3237,,2306785.9275,
600613.SH,20260407,7.125,13.0292,,353555.4177,
300518.SZ,20260407,2.1102,2.9284,,384465.5185,
600018.SH,20260407,0.1629,1.3423,,11616700.2915,
301557.SZ,20260407,3.1363,3.1363,,434394.3673,
600199.SH,20260407,0.6613,0.9071,,522948.4751,
000597.SZ,20260407,2.1616,4.8953,,784898.5458,
002857.SZ,20260407,2.0046,2.9331,,268060.968,
002275.SZ,20260407,0.4656,1.7219,,837285.255,
600869.SH,20260407,6.8014,13.0027,,3193648.6015,
002234.SZ,20260407,3.2769,4.5222,,292428.6577,
600570.SH,20260407,0.6933,0.8753,,4802291.1809,
600628.SH,20260407,1.173,2.1038,,463809.6503,
300021.SZ,20260407,1.1484,1.5612,,437573.2767,
603167.SH,20260407,0.81,1.3541,,426921.4977,
600159.SH,20260407,3.5192,6.729,,238210.9276,
688618.SH,20260407,7.9467,21.27,,417493.3521,
301117.SZ,20260407,5.1885,5.7932,,529074.6675,
002805.SZ,20260407,5.1924,7.458,,466864.2008,
688168.SH,20260407,0.4686,0.7164,,518606.0419,
300550.SZ,20260407,0.9542,1.9017,,312446.5678,
920792.BJ,20260407,0.3173,0.4924,,178948.74,
002186.SZ,20260407,0.8808,1.5712,,317356.922,
605020.SH,20260407,1.6614,2.8155,,1206043.005,
300490.SZ,20260407,5.3677,6.8587,,653819.9054,
603968.SH,20260407,6.2838,12.1652,,290157.12,
688081.SH,20260407,1.5605,3.1644,,407214.08,
600876.SH,20260407,1.567,4.0718,,591438.2661,
300990.SZ,20260407,2.3799,3.6803,,1297595.5941,
603633.SH,20260407,2.3258,3.5049,,320108.1135,
001323.SZ,20260407,0.1328,0.4981,,1059856.7411,
000404.SZ,20260407,0.8414,1.215,,485805.1933,
002052.SZ,20260407,1.4746,2.0497,,759211.6512,
002034.SZ,20260407,0.7339,1.5956,,729531.2779,
300814.SZ,20260407,4.9047,12.9198,,1673099.3537,
001280.SZ,20260407,3.3604,3.3604,,16557863.6349,
000065.SZ,20260407,8.3935,15.9158,,1735194.5855,
920249.BJ,20260407,5.4189,5.5842,,306103.38,
300824.SZ,20260407,0.7958,2.0049,,327647.0487,
000766.SZ,20260407,2.8688,3.5712,,2031571.8741,
000591.SZ,20260407,1.6769,2.5636,,2064971.0693,
002993.SZ,20260407,1.5183,3.1471,,1237487.32,
603259.SH,20260407,1.3638,1.6243,,30225459.9802,
000541.SZ,20260407,0.3334,0.6599,,849285.3612,
688152.SH,20260407,0.6776,1.2649,,332759.0417,
600222.SH,20260407,5.0724,6.5942,,422380.3043,
601318.SH,20260407,0.4727,0.5196,,102652222.4697,
300531.SZ,20260407,9.9559,14.5713,,637341.7455,
300696.SZ,20260407,0.993,1.745,,759266.226,
600479.SH,20260407,1.5626,2.6404,,526664.7171,
688218.SH,20260407,2.5253,3.1023,,272668.7663,
920122.BJ,20260407,0.9118,1.8096,,237523.4281,
603309.SH,20260407,1.5065,3.03,,417959.8706,
002381.SZ,20260407,3.5189,4.6684,,260528.8234,
600983.SH,20260407,0.8008,3.9522,,783300.658,
688759.SH,20260407,5.4014,5.4014,,1754242.889,
600064.SH,20260407,0.6132,0.9396,,1422339.1874,
002355.SZ,20260407,2.6074,3.0539,,414458.22,
920950.BJ,20260407,0.6152,1.0885,,113572.68,
002609.SZ,20260407,1.275,1.82,,523115.7777,
603330.SH,20260407,1.2192,1.8801,,289458.6712,
601375.SH,20260407,0.5833,0.7662,,1829296.5718,
301575.SZ,20260407,2.2185,2.2185,,381694.68,
688082.SH,20260407,0.3847,1.4968,,6762160.7235,
920015.BJ,20260407,5.3186,5.3186,,536030.6013,
002462.SZ,20260407,1.1923,1.6675,,428226.0522,
603659.SH,20260407,2.0999,4.4947,,6464743.604,
300499.SZ,20260407,6.4299,6.6976,,1023193.1865,
688026.SH,20260407,1.3039,2.3421,,228653.6516,
301181.SZ,20260407,2.0078,4.7177,,462741.5969,
920679.BJ,20260407,0.5562,1.1718,,96341.25,
300943.SZ,20260407,3.6186,4.3886,,533396.94,
688179.SH,20260407,5.3191,9.5562,,585346.8826,
300858.SZ,20260407,6.0667,7.4049,,479561.1148,
002605.SZ,20260407,0.8169,1.309,,849948.4927,
300887.SZ,20260407,2.3739,3.6724,,535913.9432,
600076.SH,20260407,0.9972,1.639,,463867.4616,
300277.SZ,20260407,2.9866,3.4448,,2673774.2007,
002204.SZ,20260407,0.9677,2.171,,1284361.0713,
300366.SZ,20260407,0.9771,1.0338,,329306.2733,
601390.SH,20260407,0.5857,1.3298,,12836835.4031,
603225.SH,20260407,1.5881,3.4896,,2895354.2643,
300551.SZ,20260407,1.9549,2.4096,,457384.5185,
000890.SZ,20260407,11.2635,18.8966,,738746.4876,
920433.BJ,20260407,1.302,2.3093,,131798.6357,
003015.SZ,20260407,2.0445,2.3587,,394055.4671,
301082.SZ,20260407,1.4768,2.8848,,388799.1609,
603307.SH,20260407,0.667,2.6287,,257875.676,
920729.BJ,20260407,4.8252,4.9277,,227427.2,
688028.SH,20260407,5.0136,8.1508,,1406844.68,
002319.SZ,20260407,7.8083,10.5517,,233352.3761,
603032.SH,20260407,1.6529,3.2569,,406282.1308,
600549.SH,20260407,2.4896,3.9538,,8625353.7927,
600917.SH,20260407,0.4831,1.0726,,832034.1921,
920045.BJ,20260407,4.3361,5.9976,,2297414.745,
000544.SZ,20260407,0.9873,3.9859,,775848.8524,
000681.SZ,20260407,1.8964,2.5826,,1357018.4935,
600210.SH,20260407,0.6554,0.8943,,1023796.9067,
920363.BJ,20260407,1.1218,1.5972,,148138.4,
600137.SH,20260407,5.2617,11.9036,,210476.078,
300250.SZ,20260407,1.9689,2.2337,,434766.4403,
600909.SH,20260407,0.5099,0.894,,2743218.2658,
688610.SH,20260407,4.9575,8.6881,,602140.0,
603017.SH,20260407,12.7087,22.6475,,364847.3771,
300194.SZ,20260407,2.8698,3.0982,,509196.8995,
300350.SZ,20260407,3.246,3.4617,,295618.4588,
000639.SZ,20260407,8.23,10.29,,255824.4585,
300152.SZ,20260407,2.4488,2.6013,,163944.0,
600302.SH,20260407,4.8326,8.4444,,410367.6275,
300448.SZ,20260407,3.7586,6.1796,,451236.8917,
002383.SZ,20260407,1.1601,2.0119,,695198.3264,
603681.SH,20260407,3.0583,4.6101,,364468.422,
300426.SZ,20260407,1.2301,1.6534,,324726.006,
688045.SH,20260407,2.1237,4.3604,,300931.1621,
920946.BJ,20260407,1.0496,3.7941,,423502.9933,
300787.SZ,20260407,1.7218,2.2042,,357627.0758,
002296.SZ,20260407,2.1502,2.2356,,432434.2662,
300406.SZ,20260407,0.4992,0.8069,,694775.7242,
300625.SZ,20260407,1.2364,1.9683,,313688.713,
688448.SH,20260407,0.8403,1.7016,,369367.6065,
688595.SH,20260407,1.2432,2.1349,,418735.7342,
600618.SH,20260407,2.2473,7.985,,1485973.9692,
688778.SH,20260407,0.5785,1.6687,,3524257.8326,
605169.SH,20260407,1.7881,6.0958,,336910.08,
688366.SH,20260407,0.116,0.2582,,896925.4905,
000670.SZ,20260407,6.521,7.6799,,624251.9634,
301608.SZ,20260407,1.4875,2.0955,,711920.0,
000800.SZ,20260407,0.31,1.4182,,3213596.4767,
002672.SZ,20260407,1.326,2.7372,,480786.2739,
300851.SZ,20260407,2.5081,3.1474,,244108.9872,
601061.SH,20260407,1.9458,1.9458,,5546800.0,
301206.SZ,20260407,0.7776,1.0777,,532521.2424,
688085.SH,20260407,0.7969,1.2711,,600232.4964,
603726.SH,20260407,0.8704,1.9406,,408246.9888,
920799.BJ,20260407,2.9558,4.5866,,710315.2493,
603066.SH,20260407,0.9942,2.0956,,290944.0932,
301302.SZ,20260407,4.553,7.5121,,321549.495,
300397.SZ,20260407,1.8024,1.9803,,578717.8809,
603297.SH,20260407,1.5142,4.8486,,1153741.68,
600133.SH,20260407,1.0255,1.2367,,913767.5729,
300011.SZ,20260407,1.2202,1.6312,,446899.8756,
300872.SZ,20260407,2.5161,2.9476,,786363.0647,
301110.SZ,20260407,2.4886,3.5102,,520973.9248,
301036.SZ,20260407,2.1694,3.2844,,282000.0,
001219.SZ,20260407,1.9368,3.72,,280776.6,
301088.SZ,20260407,0.7517,2.4494,,320199.5,
688097.SH,20260407,4.7226,12.9782,,2662913.9749,
000951.SZ,20260407,1.774,3.6203,,2846708.4593,
300529.SZ,20260407,0.3717,0.4642,,1382385.731,
920098.BJ,20260407,0.6538,0.9791,,198828.3022,
003005.SZ,20260407,1.2341,1.5724,,405855.764,
688525.SH,20260407,6.4347,8.4226,,10236931.7488,
603716.SH,20260407,13.7654,16.0701,,509005.8084,
300549.SZ,20260407,2.4096,3.3069,,223877.86,
002259.SZ,20260407,2.3016,3.2113,,392715.3554,
688108.SH,20260407,2.336,3.0493,,869340.16,
301113.SZ,20260407,2.5722,5.8343,,227318.0,
001333.SZ,20260407,6.7757,6.7757,,316800.0,
300999.SZ,20260407,1.3894,1.3894,,15223829.0331,
300329.SZ,20260407,3.0564,5.509,,367953.1749,
600249.SH,20260407,12.7213,19.8395,,360250.0,
300707.SZ,20260407,2.9675,3.552,,272049.9245,
603826.SH,20260407,1.7409,6.4277,,1729072.8,
688181.SH,20260407,2.1234,2.6697,,415951.4218,
301609.SZ,20260407,8.3743,8.3743,,738823.68,
301345.SZ,20260407,2.2567,2.7205,,2318383.2495,
600461.SH,20260407,0.5505,1.0041,,1225084.429,
603117.SH,20260407,1.1767,1.6714,,278626.95,
600405.SH,20260407,1.4703,1.637,,312543.0899,
920906.BJ,20260407,1.9028,2.8385,,147546.87,
601956.SH,20260407,0.6244,1.1818,,399699.4674,
300389.SZ,20260407,6.7727,12.3131,,625625.0373,
301123.SZ,20260407,3.9347,5.9394,,1291223.92,
000663.SZ,20260407,2.8507,4.0564,,221201.3414,
605588.SH,20260407,1.4417,4.3765,,378834.2368,
688248.SH,20260407,0.7046,2.4135,,3088909.0,
601113.SH,20260407,1.4942,1.9919,,484722.8272,
688429.SH,20260407,2.3669,3.2456,,546801.0936,
000793.SZ,20260407,0.5721,0.7393,,531267.2916,
300444.SZ,20260407,4.07,4.4576,,1037413.9919,
000709.SZ,20260407,0.6108,1.7343,,2367200.7301,
002391.SZ,20260407,3.306,3.7097,,409243.3065,
003028.SZ,20260407,1.6117,2.9848,,373209.669,
001376.SZ,20260407,6.503,6.503,,700568.0,
600356.SH,20260407,1.7619,2.5146,,281753.7109,
002349.SZ,20260407,3.7839,5.7673,,641338.7039,
300206.SZ,20260407,3.1833,4.1759,,782545.5171,
688150.SH,20260407,2.6474,5.9615,,1614579.591,
688717.SH,20260407,6.0587,6.0772,,1750400.0,
002470.SZ,20260407,11.1337,15.8834,,985808.3226,
600498.SH,20260407,6.6399,10.8595,,6629215.4796,
603334.SH,20260407,4.5547,4.5547,,724675.0,
300656.SZ,20260407,1.7086,2.1748,,347726.1463,
300477.SZ,20260407,1.4896,1.5133,,266932.6531,
301161.SZ,20260407,1.7781,2.1925,,345000.0,
300893.SZ,20260407,0.8066,1.2111,,1019790.7295,
300853.SZ,20260407,2.3449,2.6691,,266565.5622,
600825.SH,20260407,0.9617,1.9826,,589316.7474,
688202.SH,20260407,2.1776,3.6768,,841044.6718,
000633.SZ,20260407,2.4959,3.1491,,253399.9934,
002757.SZ,20260407,2.2632,3.574,,564911.7057,
920719.BJ,20260407,1.1008,1.2067,,95234.5482,
002007.SZ,20260407,0.4065,0.6546,,2697326.039,
301367.SZ,20260407,1.5242,2.4737,,619404.8,
002084.SZ,20260407,4.2193,7.1811,,240978.9029,
920438.BJ,20260407,1.415,2.304,,510908.2,
300072.SZ,20260407,2.5095,4.016,,1163111.5495,
000825.SZ,20260407,0.4242,1.1564,,2460779.0479,
300332.SZ,20260407,5.2991,6.3931,,523461.7972,
301045.SZ,20260407,3.5791,3.875,,411597.7937,
688116.SH,20260407,1.5673,1.7999,,1393921.3139,
300181.SZ,20260407,1.1013,1.164,,1075928.1719,
603637.SH,20260407,3.0316,3.8479,,303847.1214,
000968.SZ,20260407,8.3352,19.2922,,1014910.2903,
605179.SH,20260407,0.4126,1.9812,,675284.0,
600089.SH,20260407,1.9051,2.3244,,12808829.1675,
600756.SH,20260407,3.9601,4.8946,,582131.8737,
300327.SZ,20260407,4.2629,5.5777,,833967.3302,
002679.SZ,20260407,2.2405,6.1599,,254616.48,
603313.SH,20260407,0.6363,1.1682,,450193.0523,
688605.SH,20260407,1.7652,2.1789,,1239374.2381,
301047.SZ,20260407,0.7038,1.8557,,884177.4776,
002176.SZ,20260407,4.4246,5.3345,,1754102.6973,
300829.SZ,20260407,4.5688,4.7489,,418186.1969,
000970.SZ,20260407,1.1869,1.5427,,1417536.2513,
600692.SH,20260407,6.1088,6.5613,,272265.3855,
603113.SH,20260407,4.0184,7.975,,616852.6778,
688237.SH,20260407,1.1085,2.4854,,460516.8235,
000821.SZ,20260407,2.1536,2.8001,,683293.6315,
002782.SZ,20260407,1.5279,3.6845,,988952.2419,
920116.BJ,20260407,0.8304,2.8642,,1361283.0,
600331.SH,20260407,1.8772,2.7331,,3922776.0,
688281.SH,20260407,0.5505,1.0658,,1904996.4476,
002675.SZ,20260407,5.0297,6.3088,,1190716.198,
920001.BJ,20260407,1.133,2.2606,,227564.8381,
603818.SH,20260407,2.2563,3.8926,,235484.5423,
002485.SZ,20260407,0.4662,1.8958,,262208.0,
600480.SH,20260407,1.2826,2.3074,,1137946.8015,
002577.SZ,20260407,0.3997,0.9595,,427207.136,
002281.SZ,20260407,8.0914,13.3897,,7450457.2455,
603276.SH,20260407,1.8516,1.8516,,341998.7216,
002556.SZ,20260407,2.5308,4.0675,,578322.5469,
300245.SZ,20260407,9.8266,12.1645,,414867.9578,
002630.SZ,20260407,3.248,3.248,,224352.0,
002703.SZ,20260407,6.0204,11.426,,1499658.836,
688350.SH,20260407,3.0793,5.2632,,419706.76,
300876.SZ,20260407,3.7635,5.7983,,273213.1188,
603048.SH,20260407,1.3165,4.6159,,314029.44,
601015.SH,20260407,4.8654,13.0649,,880316.4824,
603270.SH,20260407,3.5071,3.5071,,546890.2408,
301071.SZ,20260407,4.6843,6.5534,,1047596.0598,
601666.SH,20260407,0.9089,1.8891,,1970552.4042,
300789.SZ,20260407,2.4067,3.1498,,285396.5291,
301192.SZ,20260407,3.4178,4.8916,,260339.4,
003001.SZ,20260407,1.9087,2.5291,,301622.86,
603730.SH,20260407,0.5645,2.9372,,1959510.3937,
688707.SH,20260407,1.5412,2.2113,,663905.9675,
300752.SZ,20260407,2.0165,2.4321,,366740.8244,
920873.BJ,20260407,1.8142,2.0958,,106450.5794,
300445.SZ,20260407,2.0758,2.7165,,419124.4156,
000025.SZ,20260407,0.7365,1.5965,,687106.9621,
300017.SZ,20260407,6.1754,6.9664,,3947416.8921,
300867.SZ,20260407,3.2691,4.0618,,536145.0976,
300803.SZ,20260407,1.5559,2.5791,,5827171.5397,
002077.SZ,20260407,3.4858,6.863,,870522.7695,
688176.SH,20260407,3.5456,4.0779,,792784.6346,
300306.SZ,20260407,1.8791,2.4844,,325440.1214,
600794.SH,20260407,1.3031,2.0373,,445256.4502,
300844.SZ,20260407,0.9906,3.5007,,305731.6864,
300665.SZ,20260407,4.1392,5.0967,,165085.0804,
002196.SZ,20260407,2.5467,2.9035,,673889.9529,
000090.SZ,20260407,0.7277,1.2044,,665202.1745,
600429.SH,20260407,1.8269,6.395,,914772.2406,
300077.SZ,20260407,5.7387,5.7387,,1319634.5582,
301509.SZ,20260407,13.6078,13.6078,,509971.1965,
300105.SZ,20260407,1.2711,2.1835,,340437.5172,
603239.SH,20260407,4.6366,11.0486,,709015.68,
603906.SH,20260407,6.9853,12.0749,,1459218.0634,
002765.SZ,20260407,1.215,1.6073,,629955.7349,
603929.SH,20260407,1.3169,3.3087,,3702862.8,
300374.SZ,20260407,1.0993,2.1151,,344031.3595,
002718.SZ,20260407,3.8989,10.6703,,871701.6805,
603350.SH,20260407,1.2782,1.7575,,403418.722,
300835.SZ,20260407,3.2739,3.7656,,982003.4919,
920575.BJ,20260407,2.3209,2.3218,,226437.64,
300124.SZ,20260407,0.5922,0.735,,17529305.2627,
603700.SH,20260407,1.5488,2.2269,,262949.9432,
002960.SZ,20260407,1.421,2.5412,,1017938.8614,
920802.BJ,20260407,1.7935,1.8783,,112351.3573,
300594.SZ,20260407,2.7875,4.5367,,255316.3176,
002734.SZ,20260407,6.1117,7.3523,,859842.2006,
002729.SZ,20260407,8.2411,12.2359,,369416.2685,
000045.SZ,20260407,2.3083,4.7317,,622515.3524,
688622.SH,20260407,4.1484,8.9171,,613050.0327,
000899.SZ,20260407,2.6252,9.0511,,1229353.9776,
600719.SH,20260407,3.5792,5.3345,,263394.3396,
688656.SH,20260407,1.2425,3.8199,,879130.9193,
603693.SH,20260407,1.602,10.0568,,1210624.245,
600857.SH,20260407,1.0983,1.7995,,261781.3455,
301448.SZ,20260407,1.7163,2.0469,,389948.8,
000950.SZ,20260407,17.2956,38.2719,,1233923.8729,
688333.SH,20260407,1.4203,2.0013,,2435980.9051,
688062.SH,20260407,4.4253,4.4253,,1507291.2,
688003.SH,20260407,2.5617,6.0691,,1250452.4175,
605199.SH,20260407,1.0702,4.339,,263671.6676,
302132.SZ,20260407,0.4921,1.0751,,17673212.3609,
002023.SZ,20260407,0.7903,1.0338,,744564.5362,
603998.SH,20260407,1.7961,2.879,,479476.8451,
001206.SZ,20260407,2.1544,2.9108,,383469.7578,
000792.SZ,20260407,1.1045,1.6871,,19277198.7669,
601865.SH,20260407,0.9056,2.1492,,3160545.5611,
603558.SH,20260407,2.7028,5.5424,,462218.7281,
301377.SZ,20260407,3.6883,4.2253,,7992950.0,
688316.SH,20260407,6.2803,8.3461,,308751.3395,
603126.SH,20260407,2.1242,4.3051,,455433.0,
920090.BJ,20260407,5.3422,5.3422,,122988.7979,
601878.SH,20260407,0.3914,0.7309,,4249057.0776,
688375.SH,20260407,0.6724,2.3661,,6053127.3244,
920158.BJ,20260407,8.1958,8.1958,,227557.68,
688255.SH,20260407,1.0677,1.9392,,294861.2071,
300717.SZ,20260407,2.0628,4.3763,,207708.275,
603196.SH,20260407,2.0897,4.2813,,1179442.5185,
600490.SH,20260407,2.1127,2.7555,,1726051.9216,
300302.SZ,20260407,12.0117,14.389,,951338.639,
002694.SZ,20260407,1.4715,2.4531,,227399.2704,
603130.SH,20260407,1.205,4.6134,,501376.7732,
688057.SH,20260407,0.5976,1.1781,,328716.0,
600310.SH,20260407,13.0318,26.5899,,685952.6179,
603587.SH,20260407,0.2493,1.1172,,574600.4578,
300187.SZ,20260407,1.3444,2.5352,,323456.7047,
300774.SZ,20260407,4.0836,5.9501,,686722.9488,
000933.SZ,20260407,1.8765,2.789,,7192316.068,
600396.SH,20260407,17.0102,37.8799,,1107475.5264,
920008.BJ,20260407,1.8521,1.8521,,154785.0,
000683.SZ,20260407,1.1426,1.5139,,3218776.131,
600874.SH,20260407,1.0247,2.449,,931257.9244,
688372.SH,20260407,7.0749,9.7225,,2372192.3065,
300825.SZ,20260407,1.1942,1.3492,,437777.5828,
600067.SH,20260407,1.5414,2.4103,,533009.127,
002039.SZ,20260407,3.297,5.4681,,801243.9281,
920273.BJ,20260407,0.8699,1.5881,,217277.8859,
301186.SZ,20260407,3.1194,8.7684,,463161.0798,
688721.SH,20260407,1.2807,1.2807,,499290.0,
920579.BJ,20260407,1.2888,1.2888,,220633.92,
300409.SZ,20260407,2.0662,2.1257,,1894606.9642,
000930.SZ,20260407,4.1217,9.3181,,1301366.1196,
002346.SZ,20260407,0.4312,0.8907,,818680.8213,
600351.SH,20260407,5.9741,6.9166,,471252.0313,
300723.SZ,20260407,4.1706,11.3227,,1621577.0299,
002178.SZ,20260407,1.2913,1.7661,,432276.8716,
003035.SZ,20260407,1.1468,4.2764,,2742424.2418,
600803.SH,20260407,0.2452,0.9073,,6742619.963,
605055.SH,20260407,1.7855,6.8718,,438680.0,
603338.SH,20260407,0.4569,1.0458,,2413253.9913,
605111.SH,20260407,1.5578,2.0157,,1504749.8902,
301029.SZ,20260407,1.4991,2.0342,,1520818.1034,
688611.SH,20260407,0.3548,0.8137,,765107.3248,
003022.SZ,20260407,1.6755,6.4696,,2772639.168,
603257.SH,20260407,2.7167,2.7167,,633720.0,
000558.SZ,20260407,1.9356,2.7617,,580150.7771,
300334.SZ,20260407,2.9615,4.9448,,218695.3177,
688518.SH,20260407,2.599,3.0087,,840001.0588,
301016.SZ,20260407,0.8215,2.5724,,467376.0,
600661.SH,20260407,1.0505,1.6524,,273367.5838,
920159.BJ,20260407,10.378,10.378,,301872.0,
603466.SH,20260407,1.6661,2.7768,,542473.7752,
300294.SZ,20260407,0.5495,0.944,,939415.3989,
002595.SZ,20260407,0.4603,0.9358,,6188800.0,
688285.SH,20260407,1.4636,5.8526,,314202.0774,
300628.SZ,20260407,0.5955,0.8326,,4186545.5815,
603324.SH,20260407,1.4894,4.1369,,368903.5908,
002975.SZ,20260407,3.9172,4.7608,,1151293.2229,
301456.SZ,20260407,2.0015,2.4217,,415235.9418,
605378.SH,20260407,0.647,2.3259,,507534.7088,
920304.BJ,20260407,2.0096,3.4787,,210905.272,
603090.SH,20260407,4.5353,9.1288,,638300.0,
600217.SH,20260407,0.6624,1.0545,,628250.7421,
002490.SZ,20260407,12.9704,22.954,,785880.674,
300383.SZ,20260407,7.7117,10.0714,,2944457.0834,
688047.SH,20260407,0.7416,1.8162,,5097111.0,
605003.SH,20260407,1.3382,5.0213,,312620.0,
002550.SZ,20260407,3.282,3.7668,,998244.0,
600834.SH,20260407,0.6887,1.6567,,396226.9812,
920665.BJ,20260407,2.7093,4.1906,,134799.63,
688676.SH,20260407,1.9367,3.239,,3253893.944,
300613.SZ,20260407,1.4946,2.6162,,960087.0736,
601022.SH,20260407,0.6079,3.1997,,1167300.9339,
600883.SH,20260407,2.8484,5.2372,,187217.784,
001390.SZ,20260407,2.1373,2.1373,,431400.0,
600368.SH,20260407,0.3971,0.8254,,614887.7738,
003023.SZ,20260407,2.9441,5.9943,,252819.84,
920476.BJ,20260407,1.5119,2.0561,,169167.0828,
300165.SZ,20260407,15.921,18.8744,,268071.8432,
002868.SZ,20260407,0.7371,1.1031,,566801.5575,
002527.SZ,20260407,0.749,0.8785,,871925.5977,
002133.SZ,20260407,2.947,4.3537,,257015.8661,
920395.BJ,20260407,0.2753,0.4578,,142820.2189,
001338.SZ,20260407,2.4608,5.0756,,669308.9326,
002457.SZ,20260407,2.0713,2.8197,,357497.8496,
000510.SZ,20260407,5.4641,6.0919,,931308.5938,
601231.SH,20260407,1.9348,6.7258,,7845821.0762,
600207.SH,20260407,7.098,15.5979,,626354.7186,
600226.SH,20260407,1.7016,2.7561,,1418779.8438,
688161.SH,20260407,0.6451,3.3657,,1232000.0,
600397.SH,20260407,3.2687,5.3888,,1395843.4336,
000428.SZ,20260407,1.8354,4.0966,,396362.214,
600866.SH,20260407,1.6251,2.197,,1161369.3586,
002146.SZ,20260407,2.0809,3.0152,,595698.4476,
300976.SZ,20260407,0.8839,1.6151,,720273.7441,
600648.SH,20260407,0.1725,0.4815,,1381670.8135,
300911.SZ,20260407,2.6119,4.9712,,507841.5815,
920879.BJ,20260407,0.3337,0.6616,,326746.6054,
688114.SH,20260407,0.4666,0.8791,,1993029.8017,
600967.SH,20260407,0.6119,1.3816,,2426759.1951,
920403.BJ,20260407,2.3954,3.1416,,215414.8214,
688765.SH,20260407,1.212,1.212,,2313382.5,
600039.SH,20260407,0.173,1.492,,8252115.5221,
000031.SZ,20260407,0.312,1.0155,,1213026.6749,
000738.SZ,20260407,1.2446,2.4838,,2692181.65,
600888.SH,20260407,2.0113,3.3462,,1256446.5327,
600340.SH,20260407,3.2249,5.3061,,516611.0851,
688489.SH,20260407,0.3027,0.721,,426160.5915,
603209.SH,20260407,1.3942,2.4773,,504075.0,
603159.SH,20260407,0.6959,1.574,,353640.0,
600812.SH,20260407,1.6501,3.6671,,967671.9287,
688561.SH,20260407,0.3806,1.0111,,1964887.848,
600955.SH,20260407,1.7575,3.8317,,995500.0,
002712.SZ,20260407,2.9183,4.6929,,274859.48,
603566.SH,20260407,1.4255,2.0836,,438806.9622,
920208.BJ,20260407,0.5468,0.5606,,299989.8101,
000061.SZ,20260407,1.222,3.0935,,1419247.2566,
605507.SH,20260407,0.5288,1.1545,,1421646.984,
002082.SZ,20260407,12.9265,23.6074,,2216761.1353,
601108.SH,20260407,0.5167,0.7644,,3608204.7344,
920519.BJ,20260407,0.5454,0.6266,,101664.9805,
301229.SZ,20260407,1.2123,1.5841,,319570.1208,
301378.SZ,20260407,2.7318,3.5059,,294533.4,
920981.BJ,20260407,8.7312,13.2594,,235062.632,
301516.SZ,20260407,13.7969,13.7969,,535578.9485,
688301.SH,20260407,1.3719,1.8507,,2209643.6698,
603886.SH,20260407,2.9428,5.8269,,310320.0,
001324.SZ,20260407,2.9996,3.9797,,265512.0,
605099.SH,20260407,1.8101,17.3652,,1656449.31,
000019.SZ,20260407,4.6472,7.1449,,903587.6391,
605177.SH,20260407,2.0011,4.0828,,237126.9945,
002315.SZ,20260407,2.4939,2.9917,,1228654.5206,
603097.SH,20260407,1.1073,3.6904,,518449.4727,
600763.SH,20260407,0.8482,1.283,,1841489.2947,
603000.SH,20260407,0.9625,2.2155,,2094178.8601,
603801.SH,20260407,0.2441,0.4541,,392219.3115,
300095.SZ,20260407,1.7399,1.8984,,387323.1312,
603060.SH,20260407,0.4626,1.4644,,499259.5841,
600422.SH,20260407,0.8801,1.3745,,859924.46,
603320.SH,20260407,1.4132,3.4791,,294414.6047,
002451.SZ,20260407,2.0554,3.3276,,413348.46,
300471.SZ,20260407,2.5961,3.2841,,603213.6519,
000677.SZ,20260407,7.1625,9.3199,,407797.5915,
002483.SZ,20260407,0.7571,1.1303,,588615.0262,
300516.SZ,20260407,1.3311,4.16,,1020600.0,
002267.SZ,20260407,0.712,2.0018,,865194.6962,
000698.SZ,20260407,0.8614,1.5653,,313874.0133,
300184.SZ,20260407,3.8227,3.9145,,1203979.5996,
301330.SZ,20260407,0.9456,2.297,,779013.6305,
601002.SH,20260407,3.2567,5.9209,,504899.1409,
688121.SH,20260407,1.038,1.4859,,250901.4392,
002047.SZ,20260407,1.9535,2.956,,685344.4092,
300210.SZ,20260407,2.4987,3.3328,,435313.7377,
002611.SZ,20260407,2.4442,2.9075,,2048692.9102,
603528.SH,20260407,0.5949,1.2822,,568979.6856,
688609.SH,20260407,0.729,0.8835,,400000.0,
301041.SZ,20260407,6.2431,7.2643,,279501.6,
300067.SZ,20260407,2.0816,2.5698,,485991.6957,
920527.BJ,20260407,0.9966,1.1983,,96608.7043,
000567.SZ,20260407,0.4073,1.6599,,1004660.3677,
300402.SZ,20260407,0.916,2.0179,,453107.3525,
002849.SZ,20260407,2.1714,2.7841,,365811.1985,
002358.SZ,20260407,2.2279,2.8376,,663846.4816,
300141.SZ,20260407,4.9191,10.2634,,338292.1152,
600010.SH,20260407,4.4258,6.9642,,12635524.7981,
600861.SH,20260407,0.6565,1.068,,895590.3199,
300560.SZ,20260407,3.4042,4.2671,,344385.6894,
601958.SH,20260407,0.6898,2.4954,,6043430.0412,
000701.SZ,20260407,1.7228,2.8913,,393636.4194,
601208.SH,20260407,7.4224,9.652,,3262890.9059,
601026.SH,20260407,2.8269,2.8269,,1193514.0,
002425.SZ,20260407,1.2435,1.5483,,310916.1465,
688271.SH,20260407,0.4516,0.8856,,9032771.5485,
600592.SH,20260407,0.8986,1.4459,,764745.5349,
600997.SH,20260407,1.0537,3.43,,947916.511,
603176.SH,20260407,1.7728,5.6404,,253776.6712,
600216.SH,20260407,3.5773,5.7386,,1574200.9968,
600419.SH,20260407,1.563,2.4966,,301629.5896,
603758.SH,20260407,0.8254,2.342,,543669.5437,
688648.SH,20260407,2.1421,2.4336,,695640.0,
300403.SZ,20260407,1.0692,1.2644,,677772.0,
301105.SZ,20260407,4.8034,4.8034,,293400.0,
301611.SZ,20260407,6.4538,6.8033,,3906124.0,
000885.SZ,20260407,0.6335,2.2503,,853322.0009,
605098.SH,20260407,0.9945,2.4216,,658266.072,
301568.SZ,20260407,8.2679,8.2679,,515259.416,
301095.SZ,20260407,2.8593,4.5506,,1337076.5435,
002400.SZ,20260407,3.7756,4.6652,,1387696.3539,
600984.SH,20260407,1.0311,1.6934,,475162.6037,
603605.SH,20260407,0.3048,0.6045,,2365164.6958,
600986.SH,20260407,2.9511,3.4054,,1365409.3889,
600848.SH,20260407,0.5248,1.3928,,2401407.6278,
603456.SH,20260407,2.1397,3.8449,,1497827.1112,
300256.SZ,20260407,0.9185,1.878,,753106.6042,
002187.SZ,20260407,1.3207,3.1048,,442264.5134,
002895.SZ,20260407,1.3375,2.5077,,2366670.332,
603129.SH,20260407,0.4461,0.696,,3610835.4823,
300469.SZ,20260407,2.4793,3.0535,,1327084.7531,
300532.SZ,20260407,2.1786,3.3583,,505334.0388,
002154.SZ,20260407,0.5961,0.7794,,519522.8075,
600198.SH,20260407,0.9344,1.9726,,1072865.7142,
600556.SH,20260407,1.4992,2.4533,,1061147.8659,
603995.SH,20260407,0.4478,0.8661,,630690.8689,
301617.SZ,20260407,2.0578,2.6714,,706153.76,
300475.SZ,20260407,3.9922,4.7514,,5740409.4509,
920926.BJ,20260407,0.6689,2.2748,,124413.3257,
300253.SZ,20260407,1.44,1.6155,,1798439.6742,
000985.SZ,20260407,1.4955,4.0971,,247611.445,
002137.SZ,20260407,1.8824,2.2204,,454496.3201,
603183.SH,20260407,3.5781,4.6801,,220238.8902,
000498.SZ,20260407,1.192,2.9992,,869367.2182,
603115.SH,20260407,3.7312,10.5944,,995862.7768,
000555.SZ,20260407,2.7554,4.4918,,1394381.6705,
603986.SH,20260407,2.9718,3.2588,,17503723.7917,
301058.SZ,20260407,0.9616,1.6838,,503053.3086,
600587.SH,20260407,0.745,1.0574,,865075.1269,
688058.SH,20260407,1.6154,3.063,,206123.7266,
000737.SZ,20260407,0.8998,1.8355,,2466607.7833,
605208.SH,20260407,1.3733,2.5457,,426942.36,
300345.SZ,20260407,5.6888,7.6151,,386433.2086,
301168.SZ,20260407,2.0186,3.9019,,505440.0,
688293.SH,20260407,1.2074,2.5205,,576189.6312,
300342.SZ,20260407,14.0815,18.5655,,2543835.1513,
300964.SZ,20260407,13.3823,20.4693,,538725.0285,
688184.SH,20260407,0.5048,0.6202,,157934.1814,
301043.SZ,20260407,1.2966,3.731,,342924.0,
300828.SZ,20260407,3.9404,3.9404,,327518.496,
603316.SH,20260407,3.228,5.2225,,353585.232,
301000.SZ,20260407,1.0548,2.6081,,679327.8696,
301061.SZ,20260407,0.691,1.7997,,1548873.1991,
300601.SZ,20260407,0.8788,1.2711,,1560350.8677,
600418.SH,20260407,1.6047,2.236,,10375982.2316,
000030.SZ,20260407,1.465,5.2847,,827229.0164,
600557.SH,20260407,0.7463,1.2837,,788659.2168,
920075.BJ,20260407,0.6788,0.9507,,129630.0,
000520.SZ,20260407,1.3931,1.8954,,414954.2166,
002884.SZ,20260407,0.7011,1.0298,,638820.9611,
601012.SH,20260407,1.479,1.8774,,12655370.3269,
300472.SZ,20260407,1.475,1.733,,216078.0175,
605069.SH,20260407,1.3407,3.4718,,240700.3736,
603678.SH,20260407,2.0087,3.3657,,1473780.9895,
300136.SZ,20260407,5.8365,6.1903,,5871206.4954,
300449.SZ,20260407,1.3961,1.8157,,264434.6525,
600383.SH,20260407,0.9723,1.5589,,1187335.4794,
002636.SZ,20260407,7.3806,21.5859,,2315768.0,
300303.SZ,20260407,9.9919,11.0495,,1317629.1401,
000863.SZ,20260407,2.1994,4.1274,,596253.2778,
301589.SZ,20260407,1.5716,1.6845,,1483328.16,
600683.SH,20260407,3.5567,8.0436,,640772.6214,
603859.SH,20260407,0.9113,1.2441,,875283.6765,
000728.SZ,20260407,0.2914,0.4966,,3285924.7519,
603375.SH,20260407,1.4286,2.3458,,379211.3346,
920642.BJ,20260407,0.8957,1.6559,,119842.8414,
688244.SH,20260407,0.9589,2.2153,,274448.0415,
002738.SZ,20260407,3.5478,4.1567,,5377278.9593,
688009.SH,20260407,0.3369,1.4474,,5718502.26,
000420.SZ,20260407,5.5991,7.0443,,1160585.8579,
920553.BJ,20260407,0.5294,0.8566,,123861.1765,
688690.SH,20260407,0.6859,1.1777,,1033765.7984,
603284.SH,20260407,23.4437,23.4437,,386953.3388,
300995.SZ,20260407,2.0817,3.6832,,286267.6177,
688533.SH,20260407,0.4401,1.5929,,422366.825,
300411.SZ,20260407,1.3042,1.3948,,417089.5272,
000419.SZ,20260407,1.2702,2.2816,,318539.4358,
300470.SZ,20260407,1.3039,1.6999,,759060.3401,
002654.SZ,20260407,4.0306,5.2962,,1090440.2818,
688573.SH,20260407,3.3389,3.3389,,185635.5828,
603706.SH,20260407,0.5353,1.7177,,363046.6627,
600513.SH,20260407,22.2904,37.0862,,712498.8499,
300672.SZ,20260407,3.0923,4.3436,,3382456.2022,
603979.SH,20260407,1.2495,2.1684,,3579300.7541,
300603.SZ,20260407,10.7339,11.5937,,532658.7727,
600885.SH,20260407,1.6916,2.2796,,3838033.8962,
600071.SH,20260407,3.0412,5.998,,560613.613,
601599.SH,20260407,1.5535,2.0195,,432882.335,
603043.SH,20260407,0.5098,1.5879,,860550.228,
301227.SZ,20260407,1.9197,3.042,,326164.4625,
603188.SH,20260407,4.1009,5.8285,,292497.21,
300032.SZ,20260407,5.5322,6.6244,,431302.0795,
688755.SH,20260407,1.1322,1.1322,,325248.0,
603978.SH,20260407,2.9987,4.7325,,496704.8855,
002272.SZ,20260407,22.8189,24.7137,,888780.0909,
601668.SH,20260407,0.3247,0.7676,,20536234.0507,
002297.SZ,20260407,1.9254,2.4869,,614941.4708,
601163.SH,20260407,0.4026,1.1428,,1108800.0,
688031.SH,20260407,3.5935,5.3092,,1534428.648,
000417.SZ,20260407,0.9327,1.5055,,502245.4248,
688143.SH,20260407,7.9385,10.2776,,789297.5355,
003032.SZ,20260407,0.8719,1.2337,,245090.5275,
600020.SH,20260407,0.4225,1.3273,,842764.437,
300782.SZ,20260407,3.6853,4.8564,,4702150.7104,
000636.SZ,20260407,1.967,3.0526,,2146259.5064,
000826.SZ,20260407,2.5695,3.2521,,290772.0626,
920392.BJ,20260407,0.914,1.6995,,147075.65,
688290.SH,20260407,0.5584,1.2268,,469459.5461,
688288.SH,20260407,5.2266,10.9583,,246639.6626,
605599.SH,20260407,0.6315,1.6951,,1765555.606,
600973.SH,20260407,1.9445,3.2286,,906473.0899,
600645.SH,20260407,3.5923,4.6641,,1328974.8476,
600180.SH,20260407,1.2796,3.4912,,359673.6906,
689009.SH,20260407,1.4499,1.4906,,3202093.3886,
002469.SZ,20260407,2.9243,3.7872,,537258.2576,
600999.SH,20260407,0.2385,0.5868,,13523099.1833,
002936.SZ,20260407,0.9869,1.2899,,1645668.5358,
300430.SZ,20260407,1.3194,1.827,,470186.5827,
301062.SZ,20260407,2.8908,3.2391,,350966.6375,
300463.SZ,20260407,1.0285,1.1114,,652435.2873,
601177.SH,20260407,0.5051,0.9185,,572022.0405,
600671.SH,20260407,2.3349,4.1165,,257562.3418,
603985.SH,20260407,10.4141,18.4042,,908608.3442,
000403.SZ,20260407,0.568,0.9142,,1206054.2828,
300620.SZ,20260407,7.1843,14.1034,,5464529.3519,
601880.SH,20260407,0.5214,1.6081,,3842198.0557,
920670.BJ,20260407,3.698,4.4902,,168617.6512,
300836.SZ,20260407,1.3453,1.5572,,479091.9181,
300348.SZ,20260407,3.8405,3.9446,,1074625.615,
002210.SZ,20260407,2.0904,2.9844,,681275.5901,
300381.SZ,20260407,3.0325,4.2779,,316734.6423,
002748.SZ,20260407,2.3024,4.9561,,280080.0,
300918.SZ,20260407,0.6653,1.2797,,689355.0896,
002395.SZ,20260407,4.1779,11.7767,,496723.068,
300843.SZ,20260407,3.4547,7.8974,,939181.2187,
300684.SZ,20260407,2.0827,2.4099,,1422369.3,
603667.SH,20260407,2.4369,3.8285,,2404121.1851,
688779.SH,20260407,0.9897,1.7566,,1989025.4076,
300267.SZ,20260407,4.2295,5.5909,,812666.3188,
300553.SZ,20260407,2.9038,3.3966,,428881.4163,
601933.SH,20260407,0.6655,1.4349,,3348688.6504,
920942.BJ,20260407,2.3541,2.9969,,155157.563,
601658.SH,20260407,0.1873,1.3164,,60888192.1204,
002819.SZ,20260407,1.7852,3.5673,,768200.2964,
688718.SH,20260407,1.9021,5.2,,262369.1274,
301381.SZ,20260407,0.7855,1.2961,,775043.2022,
000069.SZ,20260407,0.363,0.7311,,1744193.4975,
601360.SH,20260407,0.7193,1.7473,,7202545.0575,
600109.SH,20260407,0.3766,0.5944,,3053220.6858,
001203.SZ,20260407,1.4524,3.986,,5871698.0661,
000955.SZ,20260407,2.1183,2.8049,,261659.97,
600527.SH,20260407,6.0709,8.658,,432940.2255,
002719.SZ,20260407,6.0718,7.5368,,146799.5623,
688772.SH,20260407,1.7651,2.939,,1688088.8847,
301209.SZ,20260407,0.7031,1.9612,,946176.0,
000008.SZ,20260407,6.6703,10.9551,,744287.4851,
300134.SZ,20260407,5.4561,11.3013,,823525.3604,
301138.SZ,20260407,1.6162,3.3571,,439560.0,
603323.SH,20260407,0.8565,0.9906,,966881.3483,
300528.SZ,20260407,1.7411,4.4032,,588348.1173,
000691.SZ,20260407,1.4395,1.701,,368042.895,
002551.SZ,20260407,3.8488,4.5193,,302687.0589,
301361.SZ,20260407,5.0939,5.174,,405430.96,
000096.SZ,20260407,1.9443,4.2314,,527472.0,
300698.SZ,20260407,1.5946,2.9656,,456940.0,
688602.SH,20260407,2.4888,2.4888,,391608.75,
600712.SH,20260407,0.9216,1.2964,,332784.425,
300167.SZ,20260407,0.9691,1.0516,,220775.058,
600773.SH,20260407,1.6888,2.8699,,1660519.0794,
920790.BJ,20260407,0.8889,1.946,,197970.3191,
605398.SH,20260407,1.1642,3.76,,423225.3018,
603855.SH,20260407,0.3477,0.6045,,643295.966,
002824.SZ,20260407,5.1363,6.9383,,618623.5299,
603278.SH,20260407,1.4443,2.9298,,361923.1961,
300246.SZ,20260407,3.9644,4.4765,,364098.0996,
300314.SZ,20260407,2.6677,3.9869,,369216.0,
688569.SH,20260407,0.6312,2.5248,,422597.4002,
603325.SH,20260407,1.1455,1.1455,,578588.928,
600805.SH,20260407,1.7592,2.7429,,435657.9809,
688246.SH,20260407,1.4577,2.4732,,257972.9963,
600230.SH,20260407,6.6053,12.2345,,837857.0944,
301552.SZ,20260407,21.188,21.188,,384798.4,
688528.SH,20260407,1.116,3.3114,,177912.0,
605028.SH,20260407,1.0379,4.1518,,435200.0,
600237.SH,20260407,2.2211,2.9333,,537990.6442,
002465.SZ,20260407,1.491,1.9973,,3544058.8777,
300732.SZ,20260407,1.4637,2.5225,,253833.6493,
002428.SZ,20260407,13.5316,16.9162,,3445861.12,
600007.SH,20260407,0.359,1.8553,,2143497.2324,
688701.SH,20260407,1.8661,3.7228,,121521.0217,
000756.SZ,20260407,1.113,2.161,,1039451.685,
688118.SH,20260407,2.1664,2.7065,,249155.6237,
300068.SZ,20260407,3.7852,4.337,,1033122.3939,
920491.BJ,20260407,1.1006,1.1846,,316866.4391,
603829.SH,20260407,2.6487,6.7826,,510555.5418,
002646.SZ,20260407,0.6298,1.0821,,381369.9473,
003025.SZ,20260407,1.1557,1.9389,,378510.0928,
601100.SH,20260407,0.7228,2.0273,,13170884.6044,
688075.SH,20260407,0.3211,1.2377,,484947.9839,
600478.SH,20260407,2.2338,3.1361,,1170875.2639,
688600.SH,20260407,0.9012,1.6301,,319932.6638,
301336.SZ,20260407,2.1967,2.693,,201760.0,
301285.SZ,20260407,1.0092,2.4628,,1608305.94,
920036.BJ,20260407,9.1838,9.1838,,226122.6912,
603266.SH,20260407,0.7165,1.5989,,358195.0368,
603076.SH,20260407,7.99,16.1806,,356672.4715,
300880.SZ,20260407,2.571,5.7087,,398275.1885,
300175.SZ,20260407,0.8354,1.0985,,286246.4,
301281.SZ,20260407,5.8735,8.3498,,380639.35,
300508.SZ,20260407,1.5976,2.6084,,397071.4118,
002058.SZ,20260407,0.5815,1.0957,,306979.4305,
688303.SH,20260407,0.3833,1.5327,,4352622.414,
600262.SH,20260407,1.4073,2.2893,,407320.0,
002375.SZ,20260407,0.8391,1.81,,511878.6622,
000799.SZ,20260407,1.1341,1.6437,,1361127.4972,
300333.SZ,20260407,2.1447,2.5042,,293328.0,
301230.SZ,20260407,8.7089,14.2917,,561277.7387,
002386.SZ,20260407,6.1582,9.1853,,791401.4204,
300720.SZ,20260407,4.4691,8.5591,,1204536.3193,
600006.SH,20260407,0.2801,0.7021,,1242000.0,
603520.SH,20260407,4.5068,5.803,,464714.4739,
300703.SZ,20260407,2.7672,4.1372,,358077.8024,
002983.SZ,20260407,1.1256,2.2539,,487808.1786,
002668.SZ,20260407,0.7116,1.4285,,970279.7281,
920694.BJ,20260407,0.8582,1.5835,,224814.5862,
600960.SH,20260407,1.0211,1.8484,,473356.728,
601099.SH,20260407,0.7993,0.8973,,2494771.7914,
600526.SH,20260407,1.1875,2.1439,,468346.3967,
300938.SZ,20260407,2.9727,4.3191,,907267.3926,
002968.SZ,20260407,1.6122,3.2863,,257277.8393,
300793.SZ,20260407,0.9742,1.355,,519825.3238,
002378.SZ,20260407,4.229,9.841,,3740013.1943,
603329.SH,20260407,1.2895,2.3436,,258552.915,
000700.SZ,20260407,4.0549,6.4175,,1012570.9741,
603069.SH,20260407,0.8449,1.9701,,542572.0,
600976.SH,20260407,2.6862,3.7036,,527691.184,
300947.SZ,20260407,1.7332,2.8136,,242424.8644,
300846.SZ,20260407,8.3289,9.0352,,1362345.3073,
000007.SZ,20260407,1.5892,2.393,,426131.0941,
003816.SZ,20260407,0.338,1.9754,,22724442.8762,
000788.SZ,20260407,24.8491,37.0601,,411827.3107,
920931.BJ,20260407,6.2406,6.2406,,116942.85,
002632.SZ,20260407,2.3549,5.0903,,710169.1653,
301277.SZ,20260407,0.991,3.8462,,479511.8832,
300142.SZ,20260407,2.5409,2.5409,,2023175.9044,
920508.BJ,20260407,1.3277,2.1096,,114300.0,
002332.SZ,20260407,1.0498,1.34,,898198.0183,
002762.SZ,20260407,1.4072,1.811,,255252.025,
603232.SH,20260407,2.4635,3.4581,,445458.4171,
300025.SZ,20260407,2.1792,2.591,,261010.769,
300605.SZ,20260407,3.2204,3.4659,,226411.8002,
300033.SZ,20260407,1.3372,2.1043,,15773184.0,
301223.SZ,20260407,0.948,2.017,,367135.4916,
000655.SZ,20260407,1.0126,2.4347,,515564.6392,
605009.SH,20260407,0.3627,1.0874,,602614.8199,
688458.SH,20260407,1.7423,1.7423,,365505.5332,
603271.SH,20260407,3.1781,3.7118,,934420.0,
600674.SH,20260407,0.412,1.2239,,7238791.1396,
603198.SH,20260407,0.449,1.6164,,2840800.0,
002603.SZ,20260407,0.8184,1.4958,,2801772.9156,
002351.SZ,20260407,0.6479,0.8148,,986908.77,
300816.SZ,20260407,5.647,7.5212,,557600.0,
001266.SZ,20260407,3.2425,5.2547,,320891.5897,
002190.SZ,20260407,0.5132,1.0515,,1082645.1572,
002728.SZ,20260407,6.1998,6.5658,,573880.3698,
300963.SZ,20260407,2.121,2.6338,,747124.56,
000988.SZ,20260407,5.6821,7.0158,,10477338.2069,
603025.SH,20260407,0.5805,3.0323,,1520883.8008,
600023.SH,20260407,0.3632,1.3546,,7267533.15,
002683.SZ,20260407,1.155,1.7681,,2861727.1473,
600212.SH,20260407,1.1544,1.3429,,490792.6985,
000720.SZ,20260407,6.0702,10.4113,,820515.1159,
000969.SZ,20260407,1.3999,2.1777,,2128352.2983,
603585.SH,20260407,16.4862,52.2679,,478448.7731,
600728.SH,20260407,0.7467,0.8872,,1175062.1928,
688362.SH,20260407,4.4774,7.3627,,1633752.1542,
300791.SZ,20260407,0.7171,1.6997,,626651.8085,
002821.SZ,20260407,4.8544,7.623,,4314621.1413,
601127.SH,20260407,1.0569,2.2445,,15090816.8,
000516.SZ,20260407,1.3971,2.0155,,1099298.3057,
000902.SZ,20260407,0.6473,1.328,,1968677.6868,
600746.SH,20260407,3.8484,15.5049,,1227402.8711,
603773.SH,20260407,3.6637,5.9249,,739383.5226,
301072.SZ,20260407,2.2926,4.5294,,221016.7524,
600004.SH,20260407,0.2528,0.5907,,2280861.4692,
300901.SZ,20260407,0.812,1.9764,,364560.0,
600590.SH,20260407,5.8633,9.0744,,1121523.7213,
601083.SH,20260407,10.0017,10.0017,,1679767.76,
920370.BJ,20260407,0.6267,1.2147,,101495.7699,
688766.SH,20260407,2.8335,4.5845,,3345169.4597,
000099.SZ,20260407,0.5792,0.9437,,1277693.4156,
300014.SZ,20260407,1.7111,2.6395,,12726243.3164,
301335.SZ,20260407,2.3105,2.3105,,313196.1104,
920108.BJ,20260407,0.7249,1.2302,,179432.4,
688652.SH,20260407,1.6991,2.0391,,1590792.0,
688671.SH,20260407,2.087,2.5278,,167088.2192,
603186.SH,20260407,10.7639,17.0972,,1039207.5533,
688767.SH,20260407,1.2576,2.7978,,482794.6688,
688522.SH,20260407,1.7798,1.8105,,925348.5807,
300660.SZ,20260407,0.5359,1.4548,,1818057.2042,
301571.SZ,20260407,2.5825,2.8826,,1166986.1056,
600468.SH,20260407,3.5071,7.9566,,817976.9614,
300217.SZ,20260407,1.4821,1.8611,,747856.3316,
600864.SH,20260407,1.7986,3.3217,,1341967.9854,
688056.SH,20260407,1.0869,2.5561,,230619.9607,
600626.SH,20260407,0.978,1.8445,,511128.1861,
002930.SZ,20260407,2.0593,4.2387,,604344.2953,
688052.SH,20260407,1.1344,1.6061,,2461630.9053,
000407.SZ,20260407,2.4439,3.2708,,404838.9418,
000668.SZ,20260407,0.658,1.1135,,211011.7959,
603551.SH,20260407,0.7901,2.8169,,476311.4007,
603617.SH,20260407,1.0295,1.8025,,279104.9173,
603601.SH,20260407,23.3384,36.1183,,1573003.5171,
600724.SH,20260407,1.2724,5.5244,,965421.0354,
300993.SZ,20260407,0.8441,1.6419,,372838.752,
600232.SH,20260407,1.945,3.9095,,296516.1763,
603083.SH,20260407,6.9562,7.8709,,3576227.4326,
002749.SZ,20260407,0.4421,0.9684,,612328.7762,
001330.SZ,20260407,3.0994,4.3497,,937421.9471,
603035.SH,20260407,0.8721,1.287,,503360.8879,
600649.SH,20260407,0.8639,1.8354,,1056899.3241,
002571.SZ,20260407,2.1294,3.0793,,453486.9599,
600184.SH,20260407,7.9573,16.1809,,1078628.5433,
300212.SZ,20260407,7.4266,11.4504,,602549.9572,
000078.SZ,20260407,12.93,24.0851,,973515.6051,
603970.SH,20260407,1.1271,2.7967,,342720.1709,
300882.SZ,20260407,3.5507,10.9486,,649962.8979,
300128.SZ,20260407,1.0488,1.4473,,750888.7081,
300491.SZ,20260407,1.8997,2.4365,,400359.1066,
002677.SZ,20260407,0.6831,1.4866,,504566.3363,
688702.SH,20260407,5.5441,10.5355,,7859700.0,
603717.SH,20260407,2.5632,3.7456,,193237.3958,
001202.SZ,20260407,1.2007,2.4723,,277540.6982,
603351.SH,20260407,1.3309,3.061,,344828.0301,
301158.SZ,20260407,4.2537,7.7772,,365851.4508,
601118.SH,20260407,1.0816,3.0342,,2845819.485,
603285.SH,20260407,2.9852,2.9852,,488640.0,
000989.SZ,20260407,3.4387,5.228,,821704.3315,
601179.SH,20260407,2.1181,4.401,,7673445.8809,
300453.SZ,20260407,1.7818,2.0492,,505377.5782,
300991.SZ,20260407,4.4746,6.0299,,720000.0,
301008.SZ,20260407,19.029,37.518,,482861.4438,
002194.SZ,20260407,1.673,2.1498,,700367.9512,
002322.SZ,20260407,1.4785,2.1577,,477745.0568,
300056.SZ,20260407,1.3405,1.4728,,323811.9721,
300567.SZ,20260407,3.2865,3.9905,,3339603.3548,
688502.SH,20260407,1.9492,5.7818,,1658553.6,
600795.SH,20260407,0.5728,1.2933,,8400576.5876,
300965.SZ,20260407,0.9362,3.0722,,313020.0,
300922.SZ,20260407,2.4255,2.8899,,308634.0278,
300614.SZ,20260407,1.9244,3.3692,,203759.6623,
001696.SZ,20260407,3.042,3.8465,,2073643.7521,
000712.SZ,20260407,1.3171,1.8445,,915712.0,
000679.SZ,20260407,1.6832,2.3397,,234867.6,
603290.SH,20260407,1.1057,2.3517,,2345163.6525,
603207.SH,20260407,1.4926,1.4926,,443380.74,
603039.SH,20260407,3.1441,6.6366,,1158517.7506,
601929.SH,20260407,1.825,2.6602,,1001569.2042,
002101.SZ,20260407,0.5917,1.2041,,727491.9817,
688633.SH,20260407,1.0394,3.1053,,348641.8838,
300269.SZ,20260407,3.4192,4.0663,,385477.9052,
301588.SZ,20260407,2.5375,3.1544,,247958.1348,
601828.SH,20260407,0.3102,0.867,,1019007.4455,
001228.SZ,20260407,1.8146,2.4432,,319695.2665,
600507.SH,20260407,1.2573,2.2948,,1249121.4606,
601187.SH,20260407,0.459,1.0224,,2016293.7064,
301172.SZ,20260407,14.0538,18.1721,,470008.0,
600469.SH,20260407,1.0047,2.4514,,575852.5234,
603082.SH,20260407,1.5784,1.5784,,568931.9933,
688758.SH,20260407,0.9423,1.5913,,801693.3617,
920943.BJ,20260407,0.8737,1.382,,194718.003,
688331.SH,20260407,7.7723,7.7723,,7996388.0242,
920019.BJ,20260407,0.8931,2.6605,,364602.4578,
300569.SZ,20260407,2.6509,3.4287,,660675.9947,
603385.SH,20260407,1.4537,3.6241,,245148.2394,
002812.SZ,20260407,3.3585,4.8912,,6854298.5092,
000017.SZ,20260407,1.1398,2.0981,,461753.9051,
600965.SH,20260407,1.1422,2.9706,,459291.2358,
301577.SZ,20260407,4.2039,4.2039,,271482.8555,
301565.SZ,20260407,1.1829,1.5609,,836020.9,
688559.SH,20260407,1.7801,2.3847,,1217735.7013,
600780.SH,20260407,2.2946,5.5726,,730322.1072,
603344.SH,20260407,1.8869,1.8869,,518035.9997,
601166.SH,20260407,0.2636,0.3689,,39214774.5639,
600629.SH,20260407,1.4759,3.0117,,1880516.3211,
600343.SH,20260407,4.6809,8.3268,,2005882.5518,
920436.BJ,20260407,0.4603,1.231,,129243.168,
001296.SZ,20260407,2.0045,2.6613,,360364.9262,
301052.SZ,20260407,3.1907,3.4488,,315284.4541,
002294.SZ,20260407,1.0129,2.4316,,7235159.3122,
000014.SZ,20260407,4.3295,6.5616,,316112.3685,
002055.SZ,20260407,2.3431,2.5007,,334887.4694,
603586.SH,20260407,1.0088,2.5013,,351522.6345,
002054.SZ,20260407,2.8802,3.2182,,408351.7878,
600136.SH,20260407,1.5687,2.5283,,367348.6676,
002987.SZ,20260407,1.1183,2.6566,,1419164.8087,
603602.SH,20260407,2.2436,3.2388,,296908.8798,
001359.SZ,20260407,1.6598,1.6598,,1334695.2722,
688148.SH,20260407,2.8901,3.6259,,397934.9813,
001207.SZ,20260407,2.1577,4.136,,640919.8016,
002106.SZ,20260407,0.892,1.243,,719932.4832,
300895.SZ,20260407,7.7856,15.8692,,856067.9946,
600998.SH,20260407,0.8224,1.7773,,2702764.0454,
603306.SH,20260407,2.7634,3.7903,,2643207.6466,
002424.SZ,20260407,0.6683,0.8185,,697401.6016,
603328.SH,20260407,1.6852,4.1083,,1114261.9539,
603989.SH,20260407,1.3113,3.8372,,702251.3335,
603194.SH,20260407,0.5098,0.5098,,1299641.0,
600884.SH,20260407,1.6921,1.845,,2933234.3734,
688325.SH,20260407,1.5907,3.0868,,980089.7127,
002237.SZ,20260407,1.3797,2.0443,,2096336.6181,
300113.SZ,20260407,10.7818,12.0626,,1726004.3571,
601808.SH,20260407,0.7666,4.1292,,7691806.304,
603488.SH,20260407,2.3445,3.7242,,300750.1532,
603006.SH,20260407,0.6368,2.2585,,321123.1178,
600797.SH,20260407,1.6129,1.7214,,891892.8892,
300041.SZ,20260407,3.0195,3.6665,,598035.6665,
300678.SZ,20260407,0.8544,1.2396,,822471.9631,
688180.SH,20260407,2.6229,4.076,,3988690.1488,
920242.BJ,20260407,0.6424,0.8602,,149898.455,
688251.SH,20260407,1.9182,4.4517,,352410.4349,
603127.SH,20260407,6.2597,9.7803,,2665431.6185,
000929.SZ,20260407,1.4054,1.912,,166260.57,
920130.BJ,20260407,1.2047,2.2458,,171203.446,
002191.SZ,20260407,0.779,1.1332,,522640.3802,
600582.SH,20260407,0.3883,0.9919,,2358995.6684,
300845.SZ,20260407,5.6175,6.2336,,236281.6239,
603565.SH,20260407,1.0056,2.454,,2341570.3598,
002076.SZ,20260407,1.2266,1.3881,,226261.3962,
688409.SH,20260407,0.8788,1.4345,,2778250.3253,
688503.SH,20260407,2.1687,2.3976,,1954905.7345,
002270.SZ,20260407,0.7444,1.3182,,2366035.1378,
920124.BJ,20260407,0.6426,0.7339,,226372.1054,
301112.SZ,20260407,0.5603,1.7039,,351970.9872,
301109.SZ,20260407,2.9438,3.0217,,1193120.4731,
002908.SZ,20260407,1.1922,1.5127,,383111.6941,
300195.SZ,20260407,3.9151,4.203,,311848.9084,
603766.SH,20260407,1.3681,2.2829,,2889333.383,
603408.SH,20260407,0.3328,1.2558,,518737.107,
000004.SZ,20260407,0.5071,0.6857,,49113.0846,
601628.SH,20260407,0.0816,1.1331,,100876732.145,
301042.SZ,20260407,1.2717,1.9247,,637970.7296,
002350.SZ,20260407,5.682,9.2452,,766314.199,
600505.SH,20260407,2.7421,6.2104,,448782.5925,
688172.SH,20260407,1.062,1.524,,5249351.7427,
688449.SH,20260407,4.162,7.693,,2031820.0,
300750.SZ,20260407,0.4054,0.6828,,175529094.2767,
920056.BJ,20260407,0.9991,0.9991,,174003.321,
300315.SZ,20260407,1.3343,1.3561,,1261746.7274,
000938.SZ,20260407,2.7075,3.7605,,7187380.7234,
001231.SZ,20260407,4.2119,6.2499,,233759.66,
600887.SH,20260407,0.4262,0.4661,,16654674.6362,
002354.SZ,20260407,1.8658,1.8658,,906713.0294,
300307.SZ,20260407,0.733,1.1203,,508351.6478,
300637.SZ,20260407,2.4484,3.9434,,266441.3976,
001311.SZ,20260407,1.3798,2.4123,,929975.4553,
300762.SZ,20260407,3.4242,4.1636,,2201647.9966,
000625.SZ,20260407,0.4016,0.719,,9893098.2638,
301136.SZ,20260407,2.1743,4.6771,,415559.2782,
002681.SZ,20260407,1.3156,1.3741,,911683.3339,
301234.SZ,20260407,1.1807,1.6635,,248608.0,
000922.SZ,20260407,0.8639,1.358,,913905.4775,
688585.SH,20260407,0.5333,3.2565,,4719332.2176,
688226.SH,20260407,9.0268,17.0584,,903290.8632,
600256.SH,20260407,4.4843,6.9699,,4468010.0718,
600030.SH,20260407,0.5867,0.7961,,35450748.015,
603057.SH,20260407,0.7045,3.018,,1038240.0,
000828.SZ,20260407,0.6434,2.1321,,1027042.7881,
002183.SZ,20260407,8.3812,12.3854,,1464713.1273,
002617.SZ,20260407,2.571,2.8288,,1361241.0285,
301089.SZ,20260407,2.9617,4.1504,,361284.5475,
300688.SZ,20260407,2.6964,3.1763,,393843.8788,
300552.SZ,20260407,2.0955,2.593,,533259.0462,
300801.SZ,20260407,2.129,3.2546,,569665.44,
601369.SH,20260407,0.4046,1.0622,,1732091.8645,
002518.SZ,20260407,1.0873,2.6784,,2550145.9117,
600597.SH,20260407,0.367,0.759,,1024206.0059,
603515.SH,20260407,0.4499,3.0019,,1436620.9654,
603105.SH,20260407,4.1475,6.9253,,524011.4274,
603132.SH,20260407,0.6771,4.1491,,1689984.0,
002913.SZ,20260407,1.4954,4.5257,,1452241.6663,
600956.SH,20260407,0.791,6.4214,,3646256.003,
601818.SH,20260407,0.291,0.8576,,18789205.2374,
600926.SH,20260407,0.2697,0.3979,,12207320.2908,
002166.SZ,20260407,1.4994,2.5114,,677089.405,
920047.BJ,20260407,4.3644,4.7763,,794565.9087,
000529.SZ,20260407,1.0243,2.3117,,336263.2301,
300559.SZ,20260407,3.7622,5.0696,,559320.3938,
603189.SH,20260407,9.2559,15.2834,,461197.2251,
688426.SH,20260407,3.5489,3.5489,,224649.9509,
001389.SZ,20260407,4.8242,4.8242,,5395338.8244,
600841.SH,20260407,1.3933,4.4319,,1151892.0807,
300968.SZ,20260407,0.9142,1.9525,,469186.3,
300634.SZ,20260407,1.647,2.7627,,1065308.9349,
300295.SZ,20260407,3.9887,4.2662,,176530.3677,
688370.SH,20260407,0.4776,1.4968,,331252.6357,
301106.SZ,20260407,1.094,3.4673,,287657.4902,
300126.SZ,20260407,1.9431,2.8536,,228576.1152,
920578.BJ,20260407,2.0652,2.0652,,138044.7701,
301093.SZ,20260407,2.1824,3.9227,,1256142.4236,
600827.SH,20260407,0.3189,0.7274,,1496917.0502,
300718.SZ,20260407,1.1081,1.6963,,2060380.1909,
600330.SH,20260407,9.0167,11.1176,,2058602.0403,
300378.SZ,20260407,2.8178,3.5061,,1029181.4357,
000708.SZ,20260407,0.3187,1.9734,,8120877.5132,
603501.SH,20260407,0.8364,1.3293,,11453074.7492,
603399.SH,20260407,5.946,8.4509,,581962.1773,
600488.SH,20260407,16.1513,36.8055,,837477.0836,
001268.SZ,20260407,1.135,1.5935,,314517.7353,
601198.SH,20260407,0.4424,0.8044,,4004999.9993,
600276.SH,20260407,0.6294,1.0326,,37247965.6929,
605333.SH,20260407,0.6607,2.8608,,1211145.4597,
002035.SZ,20260407,6.5954,8.2285,,567927.9241,
605081.SH,20260407,3.8626,5.3622,,71119.1612,
301317.SZ,20260407,5.6524,6.5856,,749010.35,
301306.SZ,20260407,10.8646,16.1305,,1181600.0,
688348.SH,20260407,1.9164,5.1652,,813111.4943,
002114.SZ,20260407,3.0411,4.1886,,273592.3959,
688590.SH,20260407,1.4391,1.9701,,367098.4079,
002301.SZ,20260407,0.8563,1.4903,,495538.55,
603639.SH,20260407,1.982,5.7682,,470976.1739,
600130.SH,20260407,1.9088,2.294,,321000.0,
605377.SH,20260407,1.0643,1.9912,,528836.7546,
300094.SZ,20260407,2.9718,3.8619,,356500.8519,
300862.SZ,20260407,1.4985,1.709,,391020.7164,
000692.SZ,20260407,5.4989,7.8544,,221658.518,
600299.SH,20260407,1.8972,13.3291,,4554993.5211,
688408.SH,20260407,1.7593,2.9708,,752710.3843,
300596.SZ,20260407,1.5531,2.3135,,1008948.8168,
920092.BJ,20260407,2.5223,4.4812,,175064.754,
920185.BJ,20260407,0.338,1.2586,,3229046.1591,
688529.SH,20260407,0.5792,1.0277,,288926.2873,
688616.SH,20260407,1.6956,3.7383,,236420.5533,
603289.SH,20260407,3.3478,9.1457,,331237.7469,
000029.SZ,20260407,0.4197,1.3701,,1930247.28,
002016.SZ,20260407,1.5482,3.8979,,462802.7015,
300760.SZ,20260407,0.3901,0.8045,,19127475.4317,
301603.SZ,20260407,3.178,3.5575,,841334.92,
301216.SZ,20260407,3.4446,5.4445,,1632095.9613,
601899.SH,20260407,0.7312,1.0377,,86180506.0899,
002887.SZ,20260407,3.6407,5.9787,,341176.2197,
002444.SZ,20260407,0.6722,1.1533,,3523710.6369,
603648.SH,20260407,0.5942,1.1766,,354802.1312,
601825.SH,20260407,0.1752,0.2949,,8708933.3338,
301232.SZ,20260407,8.6455,9.5561,,1157124.3321,
000753.SZ,20260407,3.7286,5.991,,700977.1172,
603569.SH,20260407,0.5557,1.9201,,409781.4234,
002291.SZ,20260407,2.8008,3.3456,,591002.3831,
300721.SZ,20260407,5.0873,7.5382,,231774.515,
002167.SZ,20260407,1.7459,2.3454,,919537.2071,
920641.BJ,20260407,2.6455,4.1515,,133783.65,
001368.SZ,20260407,2.1006,6.9703,,276623.7739,
300169.SZ,20260407,2.7457,2.8048,,188744.9329,
603721.SH,20260407,0.6389,1.2875,,245050.0,
300171.SZ,20260407,0.7766,1.1814,,1105089.8617,
301203.SZ,20260407,3.0632,3.5489,,316880.0,
301087.SZ,20260407,1.0372,2.2737,,1166063.054,
300959.SZ,20260407,4.0357,5.6508,,593596.5708,
688661.SH,20260407,1.4754,3.346,,1140221.9098,
600166.SH,20260407,1.2358,2.2304,,2375220.1101,
002955.SZ,20260407,0.7641,1.3584,,611714.1725,
301097.SZ,20260407,3.193,5.0383,,321263.1556,
601838.SH,20260407,0.3966,0.7643,,7264678.2002,
002456.SZ,20260407,1.0207,1.1188,,2908037.1336,
000802.SZ,20260407,1.1814,1.5236,,277769.2989,
301225.SZ,20260407,6.7845,6.7845,,1075565.52,
301170.SZ,20260407,3.2453,3.2453,,278100.0,
002207.SZ,20260407,2.5046,3.5854,,219078.296,
600784.SH,20260407,0.9992,1.5627,,474307.8985,
601996.SH,20260407,5.1855,8.7807,,267898.5454,
001212.SZ,20260407,1.4547,1.9915,,984702.1576,
688296.SH,20260407,1.6994,2.9173,,146094.7856,
002673.SZ,20260407,0.3528,0.6662,,3173403.0106,
603926.SH,20260407,1.5739,3.1113,,416856.7011,
002448.SZ,20260407,2.5795,2.5795,,822596.6851,
301269.SZ,20260407,0.5805,1.5992,,4481860.8249,
301256.SZ,20260407,3.5529,13.7159,,657120.0,
920566.BJ,20260407,1.3177,1.4494,,147936.2575,
301085.SZ,20260407,4.4437,7.2468,,478220.7449,
688261.SH,20260407,1.8006,3.5711,,824929.5818,
920779.BJ,20260407,4.2792,4.2792,,255918.8051,
688508.SH,20260407,0.9757,1.2864,,739277.248,
002903.SZ,20260407,11.057,12.8362,,430919.5,
300952.SZ,20260407,2.7523,3.8241,,610612.0595,
000948.SZ,20260407,0.8996,1.3974,,585223.0498,
603889.SH,20260407,0.72,1.3108,,550538.712,
002438.SZ,20260407,1.3602,1.7075,,816120.2373,
301155.SZ,20260407,2.892,4.0702,,1419566.3513,
300786.SZ,20260407,2.8872,3.1194,,262958.6911,
601112.SH,20260407,3.5481,3.5481,,3304955.7309,
301166.SZ,20260407,3.2627,4.5001,,265893.3374,
920128.BJ,20260407,0.6641,1.0449,,195505.52,
920970.BJ,20260407,12.2181,15.7407,,79111.7712,
601997.SH,20260407,0.6008,0.8017,,2087689.1014,
600201.SH,20260407,2.7655,3.1833,,1680962.7129,
002399.SZ,20260407,0.3975,1.3576,,1671250.3764,
000630.SZ,20260407,1.2863,1.9642,,7804312.4188,
002899.SZ,20260407,3.216,4.5546,,429350.2153,
002780.SZ,20260407,3.5455,3.782,,246554.3141,
000999.SZ,20260407,0.8884,2.4193,,4641503.606,
688160.SH,20260407,1.1115,2.7741,,920675.24,
600713.SH,20260407,4.0717,9.2617,,740833.4086,
002213.SZ,20260407,7.5448,9.3619,,637884.4951,
603071.SH,20260407,0.7452,2.5747,,728130.5468,
000531.SZ,20260407,1.9005,3.989,,685242.0765,
920169.BJ,20260407,2.2462,3.6154,,219453.0444,
301578.SZ,20260407,2.8603,2.8603,,264583.0646,
300111.SZ,20260407,2.4703,3.528,,512309.8642,
300607.SZ,20260407,1.1324,1.2683,,1177167.9128,
002011.SZ,20260407,0.6831,1.2439,,1230505.3242,
600051.SH,20260407,2.143,3.0219,,235647.04,
002988.SZ,20260407,0.9909,2.2082,,762304.8399,
600636.SH,20260407,0.6872,1.1862,,332925.3327,
605089.SH,20260407,1.1733,4.4518,,338652.0,
000530.SZ,20260407,1.7207,2.406,,495808.9541,
300950.SZ,20260407,2.2882,2.948,,323585.752,
002674.SZ,20260407,0.7588,1.5353,,374758.597,
300777.SZ,20260407,1.0926,1.3388,,1532380.7664,
301519.SZ,20260407,3.9656,4.7204,,221774.03,
301060.SZ,20260407,1.2999,2.5468,,398514.415,
688432.SH,20260407,0.9025,3.5558,,1737919.5826,
000990.SZ,20260407,3.2878,6.1572,,1244403.2358,
301198.SZ,20260407,2.3833,4.6615,,232882.0,
920718.BJ,20260407,0.6643,1.0948,,115237.3757,
600676.SH,20260407,0.7837,1.4604,,767255.7362,
300686.SZ,20260407,8.1288,8.1394,,392239.4511,
688055.SH,20260407,0.3946,3.7999,,1293333.3592,
002119.SZ,20260407,7.6888,10.2848,,792224.524,
000652.SZ,20260407,2.4503,3.5516,,619741.0178,
300231.SZ,20260407,3.6233,4.6822,,449182.1338,
688247.SH,20260407,0.6018,1.8199,,439739.8,
605488.SH,20260407,1.1288,2.5242,,974471.6711,
300412.SZ,20260407,3.209,4.2524,,254353.6415,
301622.SZ,20260407,2.2599,2.2599,,712401.4026,
301196.SZ,20260407,5.8011,10.2539,,1212786.3467,
300026.SZ,20260407,1.9811,3.0649,,1099520.6703,
002973.SZ,20260407,0.5343,0.6722,,520231.4361,
688210.SH,20260407,2.7222,4.0804,,707323.074,
300932.SZ,20260407,3.2173,5.1208,,408132.5975,
688807.SH,20260407,11.3101,11.3101,,1875600.0,
300586.SZ,20260407,3.0557,4.2883,,674944.5961,
688107.SH,20260407,1.4208,4.2959,,1069866.9605,
002767.SZ,20260407,1.2636,2.7287,,307050.0,
603863.SH,20260407,7.3342,10.3119,,394974.5,
002139.SZ,20260407,0.7686,0.8086,,1467524.7809,
603708.SH,20260407,0.6123,2.0683,,736642.831,
600552.SH,20260407,5.4351,7.6853,,1174146.3692,
603139.SH,20260407,3.1755,6.2767,,264382.36,
301222.SZ,20260407,2.9777,7.9257,,339117.3328,
600930.SH,20260407,3.7773,3.7773,,25195428.5713,
300891.SZ,20260407,3.23,5.5047,,329606.8013,
601616.SH,20260407,2.4527,3.4315,,395251.6727,
003039.SZ,20260407,0.4829,2.2984,,887991.9337,
002553.SZ,20260407,5.1767,6.0828,,917098.0132,
920284.BJ,20260407,1.4179,1.8321,,295390.7333,
603286.SH,20260407,2.6009,4.0735,,698153.6017,
600764.SH,20260407,0.3479,0.9317,,1669268.4277,
300632.SZ,20260407,21.5448,23.8428,,462044.9727,
002093.SZ,20260407,0.7159,1.5118,,933952.5,
300198.SZ,20260407,1.2958,1.6279,,258918.6835,
300183.SZ,20260407,0.931,1.6366,,637475.3908,
003019.SZ,20260407,1.2963,1.876,,540941.09,
601928.SH,20260407,0.2253,0.8286,,2460918.3,
002269.SZ,20260407,2.5322,3.9364,,422100.0,
603887.SH,20260407,2.7927,3.2935,,910268.4846,
300591.SZ,20260407,3.5358,3.8737,,277886.5372,
300057.SZ,20260407,10.541,11.8318,,603475.9979,
002769.SZ,20260407,2.1761,2.8985,,373691.3721,
600609.SH,20260407,0.9827,1.3763,,521823.4232,
920717.BJ,20260407,1.9133,2.3353,,100803.72,
600075.SH,20260407,3.9466,6.9443,,1161300.9808,
002377.SZ,20260407,4.1763,5.2286,,296889.3651,
002911.SZ,20260407,0.5632,3.7606,,1843409.6786,
300349.SZ,20260407,1.1524,1.6283,,565741.2524,
300482.SZ,20260407,0.9066,1.4407,,828512.0465,
002557.SZ,20260407,0.6247,1.0894,,1090117.9646,
603406.SH,20260407,2.4403,2.4403,,1352033.8,
300053.SZ,20260407,4.2342,5.1037,,1145661.387,
600158.SH,20260407,13.5808,18.8201,,1138942.0105,
300155.SZ,20260407,2.5489,3.5909,,258164.7622,
002226.SZ,20260407,0.5434,1.3286,,1443662.956,
301005.SZ,20260407,4.6523,8.541,,1882473.6352,
002566.SZ,20260407,3.5119,4.0813,,271049.3604,
301111.SZ,20260407,2.1705,4.1343,,310560.0,
000906.SZ,20260407,0.6355,1.1892,,402379.0225,
600979.SH,20260407,3.5433,5.4795,,571530.6183,
002787.SZ,20260407,2.0009,2.5087,,394167.6804,
000768.SZ,20260407,0.611,1.3504,,6624697.0871,
688586.SH,20260407,0.6389,1.6531,,1046941.7034,
600436.SH,20260407,0.1647,0.3364,,9085957.1826,
601788.SH,20260407,0.2129,0.4643,,6985343.2731,
688795.SH,20260407,8.3845,8.3845,,27402645.0511,
300509.SZ,20260407,1.5594,2.9681,,337303.2,
600707.SH,20260407,0.3888,1.076,,1998733.0807,
920087.BJ,20260407,3.4048,7.5326,,251930.0,
600153.SH,20260407,0.4294,0.8069,,2522598.5394,
603839.SH,20260407,0.6695,2.528,,285617.9556,
002698.SZ,20260407,0.4209,0.6348,,1343645.9096,
300671.SZ,20260407,3.6563,5.3157,,856765.6002,
000678.SZ,20260407,8.2628,15.0314,,625072.0439,
002321.SZ,20260407,1.7002,2.8419,,447906.9149,
002872.SZ,20260407,1.5162,1.5278,,159636.0,
688696.SH,20260407,0.8318,1.0824,,646284.6,
301190.SZ,20260407,1.3603,2.821,,478424.7585,
002156.SZ,20260407,2.3317,3.1289,,6250981.6805,
920190.BJ,20260407,0.6322,1.2027,,211600.0021,
000062.SZ,20260407,5.1717,17.0465,,2827092.8974,
300556.SZ,20260407,2.451,2.5156,,207633.5546,
600189.SH,20260407,1.4029,2.4607,,527100.7874,
688136.SH,20260407,3.7222,7.3709,,623293.7033,
601121.SH,20260407,1.2744,2.8569,,734245.09,
600995.SH,20260407,0.6001,2.7449,,4218727.6626,
603165.SH,20260407,2.9523,5.2707,,474258.5674,
300085.SZ,20260407,3.3034,4.8912,,2381378.603,
688112.SH,20260407,1.0249,3.3056,,651474.4764,
300806.SZ,20260407,3.6658,4.0714,,2078836.1068,
605399.SH,20260407,2.3408,6.3912,,456444.1895,
600388.SH,20260407,1.3092,1.8677,,2311484.2533,
300364.SZ,20260407,8.4368,9.6872,,1938538.814,
301626.SZ,20260407,4.7595,4.7595,,2806396.8,
000592.SZ,20260407,16.638,20.1142,,2329727.7558,
600061.SH,20260407,0.317,0.7905,,4303152.3398,
688252.SH,20260407,0.5592,1.4737,,858535.7948,
002467.SZ,20260407,6.8968,7.9142,,976514.0298,
300164.SZ,20260407,20.6169,23.1708,,925056.9648,
601236.SH,20260407,0.2029,0.8754,,3542307.5942,
300487.SZ,20260407,0.4344,0.5317,,3357747.132,
605011.SH,20260407,0.8386,4.1956,,762590.6,
301291.SZ,20260407,2.9062,2.9062,,1500433.2,
600345.SH,20260407,7.1896,11.0758,,1432494.3257,
000931.SZ,20260407,2.6287,3.8341,,398404.1735,
605580.SH,20260407,0.776,2.9713,,586600.0,
688084.SH,20260407,1.2808,2.6298,,465908.5284,
603235.SH,20260407,0.1893,2.0262,,1191637.16,
603987.SH,20260407,1.1778,1.997,,383502.3926,
688708.SH,20260407,0.4556,0.595,,2046451.16,
603379.SH,20260407,0.9295,2.2667,,3828924.5201,
000762.SZ,20260407,6.3341,8.0055,,1583290.4896,
002724.SZ,20260407,1.1533,2.8424,,526933.1299,
300163.SZ,20260407,3.6694,3.9021,,216618.0,
300205.SZ,20260407,2.5004,4.1131,,216318.168,
002828.SZ,20260407,29.7704,34.897,,279372.764,
002362.SZ,20260407,0.9418,1.189,,445640.8197,
001216.SZ,20260407,1.802,5.8565,,477539.2632,
600703.SH,20260407,4.1044,6.9433,,5996800.5099,
002441.SZ,20260407,1.3947,2.0513,,530385.4752,
688682.SH,20260407,1.0605,2.7749,,427112.3256,
688167.SH,20260407,6.9483,8.0598,,3326779.2975,
688689.SH,20260407,3.0265,8.6502,,436339.6981,
300644.SZ,20260407,4.0911,5.6858,,322975.7382,
300222.SZ,20260407,1.1699,1.2227,,807855.9209,
920184.BJ,20260407,1.1148,1.5284,,190565.8998,
600533.SH,20260407,1.9573,3.4624,,255150.0,
002736.SZ,20260407,0.1544,0.5556,,11399060.0258,
688220.SH,20260407,1.3695,2.0494,,2819347.9919,
920418.BJ,20260407,0.6315,1.1393,,383150.4768,
300337.SZ,20260407,2.8747,4.2748,,978939.0628,
300871.SZ,20260407,5.7869,10.8597,,510917.9919,
920407.BJ,20260407,3.7736,6.2769,,156252.72,
300500.SZ,20260407,2.6894,5.0016,,180585.914,
603125.SH,20260407,1.5761,1.5761,,696318.565,
688300.SH,20260407,2.5905,6.6238,,2215721.2874,
603072.SH,20260407,1.1998,1.4344,,949293.76,
300664.SZ,20260407,1.8377,2.6014,,406109.6503,
003006.SZ,20260407,0.7639,1.9114,,750165.0413,
300066.SZ,20260407,1.8817,2.9306,,642740.5559,
002691.SZ,20260407,1.8805,5.2365,,247860.0,
600968.SH,20260407,0.598,3.259,,4635287.5147,
001277.SZ,20260407,1.3537,2.6429,,265468.0,
000831.SZ,20260407,3.3773,5.4504,,5177696.3174,
603917.SH,20260407,1.8197,2.7047,,263565.12,
002788.SZ,20260407,23.2248,37.8167,,755276.5348,
000848.SZ,20260407,0.4343,0.7689,,811920.0589,
600168.SH,20260407,0.762,1.9087,,488751.6039,
601568.SH,20260407,1.2226,3.1601,,1696138.8896,
601086.SH,20260407,0.7391,2.8508,,589410.0,
002189.SZ,20260407,1.219,2.1089,,491054.6332,
688613.SH,20260407,1.4975,2.0007,,287581.0178,
300933.SZ,20260407,1.4316,2.3167,,416335.8355,
600510.SH,20260407,0.5713,1.4278,,841100.7475,
301616.SZ,20260407,1.0594,1.5045,,369120.0,
603288.SH,20260407,0.4327,1.6551,,24302628.9924,
300158.SZ,20260407,3.6096,5.1918,,625150.9253,
688017.SH,20260407,1.6631,2.5428,,3403707.1008,
002626.SZ,20260407,0.6844,0.8417,,1084464.8834,
600816.SH,20260407,0.3749,0.5964,,2480800.96,
688670.SH,20260407,1.4278,3.9856,,215846.4,
301179.SZ,20260407,13.2346,25.8938,,1151752.7565,
002909.SZ,20260407,3.2342,5.3876,,251160.0,
688638.SH,20260407,4.1506,4.1506,,212800.0,
002043.SZ,20260407,1.5214,2.4838,,1174102.5892,
688563.SH,20260407,1.4066,1.4066,,2606850.0,
000833.SZ,20260407,9.9054,12.1213,,1997184.7303,
600833.SH,20260407,1.7763,3.2266,,268149.7891,
603680.SH,20260407,0.273,1.6999,,987485.6464,
002188.SZ,20260407,4.8682,6.3486,,203131.4995,
000778.SZ,20260407,0.8194,1.3723,,1807211.122,
920027.BJ,20260407,4.7484,5.2401,,141853.4685,
300593.SZ,20260407,2.1433,2.2759,,1247746.4787,
603530.SH,20260407,0.9805,4.6529,,2442471.3254,
688357.SH,20260407,1.1979,1.9164,,325694.8931,
301389.SZ,20260407,8.2765,8.5278,,1369305.0,
002107.SZ,20260407,7.4138,15.0623,,415590.912,
603833.SH,20260407,0.3607,1.4053,,3289425.4818,
600545.SH,20260407,4.3459,8.052,,657951.6977,
002676.SZ,20260407,2.6502,4.2889,,478080.0,
600758.SH,20260407,7.6043,15.1751,,548637.2185,
000524.SZ,20260407,1.4283,4.6402,,706399.8612,
000566.SZ,20260407,2.781,4.4992,,700577.168,
920753.BJ,20260407,0.7025,1.0049,,146039.4362,
920088.BJ,20260407,21.689,23.1216,,546043.3,
002320.SZ,20260407,0.5828,2.1102,,1857531.5884,
600499.SH,20260407,1.2923,2.2515,,3122270.2045,
002852.SZ,20260407,2.4228,3.5041,,335713.0657,
301586.SZ,20260407,1.4286,1.9551,,346671.6515,
002392.SZ,20260407,0.7042,0.9403,,821438.6789,
300573.SZ,20260407,1.3134,1.4475,,1618302.7038,
002713.SZ,20260407,4.9774,6.7066,,1206381.7733,
000963.SZ,20260407,0.5066,1.2098,,6302930.2317,
600715.SH,20260407,0.6523,0.8708,,803850.993,
300650.SZ,20260407,3.4676,4.1792,,344723.0156,
301370.SZ,20260407,0.9122,1.7633,,492247.6,
688173.SH,20260407,1.0574,1.9284,,549758.6504,
002511.SZ,20260407,0.8687,1.7735,,1071552.7182,
300061.SZ,20260407,1.8365,2.2718,,513356.0744,
603367.SH,20260407,2.4606,4.6643,,739800.2468,
002966.SZ,20260407,0.5774,0.6853,,3710649.4691,
000758.SZ,20260407,1.0982,1.7065,,1297766.8344,
920106.BJ,20260407,1.0661,1.6648,,356539.05,
920225.BJ,20260407,3.5685,4.328,,303209.2378,
688379.SH,20260407,0.8906,1.6949,,426548.7175,
000507.SZ,20260407,2.7882,4.0152,,495737.1084,
000757.SZ,20260407,2.856,4.1177,,248778.4164,
000876.SZ,20260407,0.5088,1.1217,,3768822.8734,
688087.SH,20260407,1.9378,3.4642,,756813.6225,
002747.SZ,20260407,0.8906,1.3943,,1878496.7973,
600300.SH,20260407,2.8011,4.0546,,551445.4834,
000609.SZ,20260407,2.9013,3.8399,,248988.9143,
002705.SZ,20260407,1.9932,5.9708,,1192645.5208,
601368.SH,20260407,1.2073,2.8007,,416763.2923,
603348.SH,20260407,5.7304,10.9564,,675182.5312,
920046.BJ,20260407,5.074,8.3207,,252773.85,
601919.SH,20260407,0.359,0.88,,23122158.2549,
300052.SZ,20260407,2.4443,2.9386,,317372.7565,
301560.SZ,20260407,19.9954,19.9954,,497344.0,
688004.SH,20260407,1.8715,3.0228,,169225.944,
600624.SH,20260407,0.5154,0.7267,,308423.5117,
300923.SZ,20260407,2.1935,4.2465,,208997.4,
600720.SH,20260407,0.6062,0.8176,,1606216.8955,
300347.SZ,20260407,1.7383,1.9324,,4772667.3952,
600370.SH,20260407,2.0829,9.8376,,1012594.4826,
603690.SH,20260407,2.0454,2.82,,924092.7353,
600783.SH,20260407,0.819,2.5101,,1490951.6659,
920706.BJ,20260407,5.4368,8.7456,,225376.3926,
600511.SH,20260407,0.7368,1.3493,,2196358.2272,
920066.BJ,20260407,0.7774,0.7774,,131677.718,
002660.SZ,20260407,3.2099,5.8563,,300279.108,
600288.SH,20260407,0.8947,0.986,,622003.2,
603122.SH,20260407,25.6069,55.67,,832328.0556,
600079.SH,20260407,0.4677,0.7359,,3027779.1651,
920556.BJ,20260407,1.2482,1.7111,,144861.0496,
300996.SZ,20260407,8.0409,10.3489,,462338.8385,
301202.SZ,20260407,2.4062,2.5242,,491858.4,
300384.SZ,20260407,0.9674,1.3842,,473725.7885,
603776.SH,20260407,0.6578,1.0607,,512107.2833,
603538.SH,20260407,30.3684,41.3315,,866737.7305,
002302.SZ,20260407,0.7654,1.7399,,719541.9533,
688739.SH,20260407,0.2633,0.5809,,1023217.65,
688523.SH,20260407,4.0351,4.0351,,2370076.0,
301219.SZ,20260407,1.0135,1.3631,,1774786.87,
920871.BJ,20260407,1.0859,1.8229,,110775.3802,
002356.SZ,20260407,2.8222,3.5538,,441892.7736,
300160.SZ,20260407,1.0702,1.6995,,411980.3736,
600223.SH,20260407,0.58,1.2685,,697366.1797,
002685.SZ,20260407,2.1219,2.4177,,707398.83,
688315.SH,20260407,0.5629,1.5641,,586009.6,
301656.SZ,20260407,2.8172,2.8172,,5011584.2564,
603027.SH,20260407,0.7094,1.3546,,1261136.6398,
603990.SH,20260407,2.6953,3.4196,,465549.7511,
603666.SH,20260407,0.7976,1.2525,,512592.8675,
001339.SZ,20260407,3.2082,4.6205,,1469225.5119,
002006.SZ,20260407,0.957,1.2978,,875851.9464,
603353.SH,20260407,9.3817,28.5707,,695703.582,
002958.SZ,20260407,0.6502,0.8563,,1655575.7407,
601998.SH,20260407,0.095,0.7884,,46185484.6791,
002413.SZ,20260407,6.9764,6.9764,,1713823.6018,
300145.SZ,20260407,1.4485,2.1228,,808421.8972,
002690.SZ,20260407,1.1772,1.7055,,1523609.3103,
002244.SZ,20260407,0.4764,1.1437,,2949648.8077,
300753.SZ,20260407,5.3218,6.1886,,343228.704,
605155.SH,20260407,1.3688,3.5874,,294025.1797,
300037.SZ,20260407,2.4893,2.876,,4143124.709,
002403.SZ,20260407,0.8819,1.9093,,345066.8805,
001217.SZ,20260407,1.4245,3.8588,,393265.95,
000680.SZ,20260407,0.8621,1.263,,1686160.2959,
605318.SH,20260407,1.762,6.2006,,968113.5156,
603231.SH,20260407,1.9458,2.4413,,331224.2517,
300967.SZ,20260407,6.7852,10.479,,335189.7701,
301328.SZ,20260407,0.6247,1.9675,,495949.7897,
301027.SZ,20260407,5.4005,5.8194,,297087.0,
300969.SZ,20260407,2.8374,4.8598,,1278650.5755,
301039.SZ,20260407,1.0537,2.1139,,1707327.3466,
600371.SH,20260407,2.7191,5.4381,,249569.034,
300674.SZ,20260407,1.7971,2.3666,,1408114.12,
600704.SH,20260407,0.8298,1.4628,,2678671.183,
300539.SZ,20260407,1.8841,3.0358,,720118.3781,
000581.SZ,20260407,1.039,1.7724,,1937438.5288,
003002.SZ,20260407,3.0095,5.7644,,547600.0,
603709.SH,20260407,1.6772,4.7658,,208531.6888,
002092.SZ,20260407,4.2427,6.0311,,1800063.5643,
603661.SH,20260407,1.4065,4.9384,,418730.8303,
601992.SH,20260407,0.5276,1.4677,,1847254.4062,
688550.SH,20260407,1.7375,2.9418,,677993.3082,
920396.BJ,20260407,1.8066,2.7847,,209730.1789,
001215.SZ,20260407,1.771,3.0123,,370278.4597,
300211.SZ,20260407,0.5291,0.9689,,231594.4489,
300071.SZ,20260407,2.8409,3.751,,453989.5223,
000608.SZ,20260407,1.6261,2.3281,,295465.8437,
688297.SH,20260407,1.029,2.6279,,3188025.0,
300503.SZ,20260407,4.3312,5.7953,,1612334.3123,
920060.BJ,20260407,2.2342,3.0221,,474227.3039,
300817.SZ,20260407,1.1637,1.4786,,380275.5341,
300955.SZ,20260407,3.5382,7.9499,,370238.4,
002060.SZ,20260407,1.7884,2.5086,,1400388.6793,
002877.SZ,20260407,5.6283,6.5261,,303890.5155,
301600.SZ,20260407,1.3491,1.3491,,1031542.4215,
002250.SZ,20260407,1.5141,2.0519,,1433498.0347,
000503.SZ,20260407,0.7453,1.028,,753045.151,
002492.SZ,20260407,1.4326,2.4795,,298890.0,
301086.SZ,20260407,2.7109,3.7773,,1182870.0,
688411.SH,20260407,2.5939,3.2721,,3917551.9785,
688095.SH,20260407,1.1823,1.9657,,639333.949,
300860.SZ,20260407,0.7669,1.2669,,435321.1701,
301510.SZ,20260407,0.9249,1.0276,,1190429.76,
000537.SZ,20260407,2.0546,6.6221,,2022826.4126,
600312.SH,20260407,1.0211,1.7431,,2666350.3722,
002786.SZ,20260407,0.9541,1.5272,,348910.848,
000421.SZ,20260407,1.4965,3.259,,372795.8114,
605108.SH,20260407,0.489,1.5572,,424580.0,
605178.SH,20260407,2.8931,5.0327,,677707.2,
600433.SH,20260407,1.7299,2.8895,,630100.5239,
002368.SZ,20260407,0.9392,1.4289,,1185385.906,
603458.SH,20260407,6.3659,7.0311,,326634.8564,
600990.SH,20260407,0.838,1.5575,,589536.6449,
603517.SH,20260407,1.2588,2.4101,,776894.482,
600115.SH,20260407,0.663,1.4746,,9365200.3481,
600589.SH,20260407,4.9258,5.8333,,1466853.8513,
603222.SH,20260407,18.2657,29.1548,,591777.1231,
000937.SZ,20260407,0.6447,2.2777,,1971719.1423,
002838.SZ,20260407,0.4338,0.894,,1186428.037,
688262.SH,20260407,2.07,2.7851,,1068815.7233,
300733.SZ,20260407,1.7,2.318,,531265.3746,
002507.SZ,20260407,0.7178,1.1104,,1415858.6474,
001258.SZ,20260407,2.3987,6.1551,,790533.3339,
603628.SH,20260407,4.0538,7.3799,,360770.8477,
600459.SH,20260407,1.17,1.9056,,1456550.2605,
600962.SH,20260407,0.6611,1.1925,,483253.03,
601985.SH,20260407,0.5145,1.266,,17894161.8044,
600642.SH,20260407,0.387,1.114,,4228484.5809,
600295.SH,20260407,0.2835,1.2287,,4167377.8422,
600444.SH,20260407,3.7186,6.7205,,259166.8196,
605100.SH,20260407,1.0102,2.2343,,716724.54,
301399.SZ,20260407,13.7836,16.2952,,404823.76,
600606.SH,20260407,0.4049,1.4594,,2051915.8738,
300320.SZ,20260407,1.2436,1.5035,,572374.9498,
003036.SZ,20260407,3.6499,11.626,,519081.6864,
301233.SZ,20260407,3.1731,4.361,,261364.66,
300313.SZ,20260407,1.6733,3.472,,191103.8582,
605118.SH,20260407,0.9067,6.9123,,1654772.544,
300890.SZ,20260407,4.1672,4.3537,,349575.8193,
002436.SZ,20260407,3.3655,3.4835,,3445238.3122,
301290.SZ,20260407,1.9937,1.9942,,269466.2685,
002173.SZ,20260407,4.8461,6.0397,,1057758.5917,
300936.SZ,20260407,19.81,30.0716,,516248.0,
002268.SZ,20260407,0.7001,1.1023,,1369930.4545,
688507.SH,20260407,1.88,1.88,,722494.0207,
001316.SZ,20260407,1.8509,4.9983,,531372.7787,
603838.SH,20260407,1.0943,3.012,,287694.384,
002519.SZ,20260407,4.4106,6.6761,,868478.2224,
603529.SH,20260407,1.8869,6.2791,,2553341.153,
000900.SZ,20260407,1.133,2.1199,,613202.6469,
600958.SH,20260407,0.3188,0.4977,,7587504.2458,
601156.SH,20260407,0.7303,1.1463,,2673443.5563,
600770.SH,20260407,1.1992,2.1468,,707200.0,
600097.SH,20260407,1.6837,2.9448,,258043.0547,
688089.SH,20260407,0.6588,1.2249,,303124.7251,
300233.SZ,20260407,2.2848,2.9691,,556618.1512,
688579.SH,20260407,0.803,1.0649,,403210.08,
300701.SZ,20260407,1.5355,2.7443,,318077.0089,
300847.SZ,20260407,0.8051,1.578,,455855.4,
002153.SZ,20260407,0.8029,1.6601,,2543608.6598,
002410.SZ,20260407,1.057,1.262,,1803923.2215,
002929.SZ,20260407,5.9284,9.0776,,1347121.9843,
002489.SZ,20260407,0.738,1.4087,,726620.4649,
002283.SZ,20260407,3.7988,5.0355,,1047161.1466,
600255.SH,20260407,1.5708,1.7546,,599640.7891,
002583.SZ,20260407,1.6531,1.8002,,1849535.9105,
300040.SZ,20260407,7.9383,8.4859,,440092.7382,
920445.BJ,20260407,0.8796,1.0203,,140794.1598,
688310.SH,20260407,1.4365,4.1623,,253152.5879,
000796.SZ,20260407,2.282,2.6835,,827555.0807,
002948.SZ,20260407,2.5084,4.1934,,3003303.0376,
300611.SZ,20260407,2.3605,2.7483,,541195.4795,
920028.BJ,20260407,6.4767,6.4767,,255415.44,
300951.SZ,20260407,0.8726,2.471,,604760.1313,
688011.SH,20260407,3.2458,6.8369,,739200.0,
688668.SH,20260407,4.4,8.1288,,2060926.4276,
000723.SZ,20260407,1.3275,2.1224,,1999188.112,
688037.SH,20260407,1.5785,2.205,,3417179.4126,
603590.SH,20260407,1.2142,2.2243,,594540.1735,
002258.SZ,20260407,1.7806,3.0183,,1172640.539,
688369.SH,20260407,4.8067,6.0891,,260508.0585,
601107.SH,20260407,1.4207,6.646,,1681933.0,
000980.SZ,20260407,2.6029,3.5469,,1058935.0252,
920198.BJ,20260407,1.5254,1.5611,,134900.197,
300994.SZ,20260407,4.0912,6.1869,,339609.216,
000521.SZ,20260407,2.1449,2.9947,,584996.6701,
688509.SH,20260407,1.6606,1.6606,,336490.0,
300863.SZ,20260407,1.4347,3.2489,,976444.413,
300427.SZ,20260407,4.6433,5.6367,,586323.9036,
300743.SZ,20260407,2.2143,3.1987,,263565.4495,
002607.SZ,20260407,1.0089,1.204,,1591189.0424,
600598.SH,20260407,2.2227,6.1988,,2902951.2914,
600281.SH,20260407,2.2453,3.9724,,272118.6712,
600008.SH,20260407,0.8917,1.6629,,2253561.3378,
000819.SZ,20260407,1.7258,2.5991,,552039.732,
002661.SZ,20260407,1.4092,2.3332,,296492.5904,
300107.SZ,20260407,3.1713,3.965,,393384.8053,
000001.SZ,20260407,0.3133,0.745,,21404727.7724,
002130.SZ,20260407,1.7631,2.0373,,3219740.9326,
603789.SH,20260407,1.1571,2.0276,,140033.3088,
002078.SZ,20260407,0.3529,0.6418,,4177830.0029,
002361.SZ,20260407,30.1214,33.3944,,1450328.3277,
600696.SH,20260407,0.5517,1.6711,,47494.6592,
688403.SH,20260407,2.2384,2.9958,,1320303.5818,
601939.SH,20260407,0.8369,1.2091,,240933951.3237,
603727.SH,20260407,4.5055,8.4105,,585976.0962,
002066.SZ,20260407,1.3933,2.3272,,469814.0,
688313.SH,20260407,9.1361,14.2977,,4135222.9149,
688336.SH,20260407,2.6666,16.6746,,5473155.9841,
301658.SZ,20260407,8.2349,8.2349,,1682474.2308,
002939.SZ,20260407,0.3862,1.1001,,3518020.3056,
603272.SH,20260407,7.722,17.7181,,312124.524,
000815.SZ,20260407,17.2581,25.8246,,1325171.3447,
601128.SH,20260407,0.8231,0.9827,,2314932.0049,
001239.SZ,20260407,3.0916,3.5386,,359520.0,
000002.SZ,20260407,0.7543,1.1321,,4545600.3085,
300929.SZ,20260407,4.0247,4.9938,,162259.27,
301563.SZ,20260407,10.9408,10.9408,,916834.6739,
600182.SH,20260407,0.5825,0.5825,,456960.0,
603187.SH,20260407,1.0751,1.3453,,543301.0464,
301108.SZ,20260407,2.8641,5.0962,,318534.1932,
688511.SH,20260407,0.884,1.961,,268959.9046,
002211.SZ,20260407,1.034,1.6562,,151366.5227,
301366.SZ,20260407,0.8655,1.1754,,637199.5872,
688799.SH,20260407,5.1293,11.1147,,814577.96,
002157.SZ,20260407,1.6664,1.6664,,2821299.5896,
301319.SZ,20260407,2.368,4.5941,,527796.2542,
301283.SZ,20260407,1.4158,2.3732,,362764.795,
300957.SZ,20260407,0.6104,1.3933,,1587229.2,
600623.SH,20260407,1.9758,5.7028,,2076128.9918,
301115.SZ,20260407,2.9986,4.3671,,373106.0201,
002277.SZ,20260407,1.0369,1.5254,,784919.2864,
002219.SZ,20260407,2.8249,4.1627,,819746.3842,
600681.SH,20260407,2.233,4.4671,,556454.7462,
000089.SZ,20260407,0.3297,0.7663,,1406827.8832,
300479.SZ,20260407,1.4656,2.003,,352309.0666,
600319.SH,20260407,1.7253,2.9957,,290394.3286,
002891.SZ,20260407,2.0822,4.004,,1233464.6461,
301133.SZ,20260407,2.3505,5.1588,,443960.5107,
300982.SZ,20260407,1.5781,3.7089,,435868.5975,
600081.SH,20260407,0.3014,1.1944,,603351.5515,
603662.SH,20260407,0.63,1.3564,,1489802.4497,
300716.SZ,20260407,2.443,2.9946,,211706.46,
601016.SH,20260407,9.5459,16.8482,,2643949.2085,
600769.SH,20260407,3.1404,3.9294,,492720.0408,
688015.SH,20260407,0.6712,1.4474,,401701.2997,
003041.SZ,20260407,2.032,6.2798,,698112.0,
002174.SZ,20260407,0.7078,0.8682,,921022.309,
002214.SZ,20260407,0.2448,0.2671,,1072204.8724,
000697.SZ,20260407,0.5513,0.8312,,1315115.1786,
000026.SZ,20260407,0.7088,1.2818,,579836.766,
603636.SH,20260407,0.9664,1.4502,,517681.5865,
920571.BJ,20260407,6.2892,8.1478,,569292.6393,
002640.SZ,20260407,3.614,3.9287,,546872.5068,
600021.SH,20260407,0.7626,1.7835,,4858166.5753,
001226.SZ,20260407,7.7279,12.6251,,331893.4815,
300910.SZ,20260407,1.5016,2.1166,,1530281.3225,
000978.SZ,20260407,8.6127,17.0582,,342671.16,
603683.SH,20260407,3.8386,5.7197,,764320.8746,
000037.SZ,20260407,10.1242,17.1442,,582268.6677,
600871.SH,20260407,1.3088,6.2895,,5573371.4749,
002067.SZ,20260407,1.9779,2.046,,682857.3339,
601225.SH,20260407,0.2902,0.8352,,25061575.0,
688800.SH,20260407,2.0537,3.4312,,1687969.2673,
002398.SZ,20260407,1.8377,1.9298,,357395.3951,
003010.SZ,20260407,3.1811,4.1583,,1014987.0702,
000958.SZ,20260407,0.4383,0.8953,,10406504.1075,
000050.SZ,20260407,0.6235,1.1037,,1941620.6522,
300837.SZ,20260407,2.0927,3.6848,,353018.8467,
601990.SH,20260407,0.2554,0.4795,,3176531.268,
000048.SZ,20260407,5.9593,13.1424,,856936.116,
002075.SZ,20260407,0.8181,1.1176,,1013547.3556,
300669.SZ,20260407,0.4605,0.7799,,583319.6272,
301265.SZ,20260407,4.092,5.308,,579587.6972,
600332.SH,20260407,0.6584,1.3743,,3700300.1999,
688485.SH,20260407,21.5815,21.5815,,503628.6998,
600234.SH,20260407,0.9718,1.8354,,381705.4947,
603881.SH,20260407,5.5543,9.7192,,2563169.1324,
002025.SZ,20260407,7.3362,11.7364,,3038602.1919,
002915.SZ,20260407,1.234,1.8057,,677922.6733,
000725.SZ,20260407,0.9535,1.098,,14484332.273,
600113.SH,20260407,1.5796,3.4656,,1981636.1853,
000543.SZ,20260407,1.112,2.626,,1802156.3481,
603089.SH,20260407,0.8269,2.0617,,328657.3234,
601860.SH,20260407,0.8995,1.1734,,977488.4952,
600131.SH,20260407,0.9147,2.1996,,2131873.6233,
920263.BJ,20260407,1.3847,2.2125,,160451.9299,
002799.SZ,20260407,1.8491,3.4599,,263712.96,
603390.SH,20260407,1.2586,3.4259,,404399.7816,
688612.SH,20260407,2.068,2.3195,,1256306.7297,
002628.SZ,20260407,2.5793,3.2503,,383849.9104,
301584.SZ,20260407,10.1913,10.1913,,1178343.9597,
301132.SZ,20260407,5.126,10.1341,,578721.0611,
301314.SZ,20260407,4.6057,5.1746,,246857.0,
688662.SH,20260407,4.5011,6.9166,,495644.08,
300555.SZ,20260407,0.5966,0.718,,251200.0,
600989.SH,20260407,1.7216,5.8256,,22557415.36,
600562.SH,20260407,0.3429,1.0021,,2980458.816,
001380.SZ,20260407,2.3684,2.3684,,521123.4962,
300388.SZ,20260407,0.4363,1.126,,523040.4334,
601058.SH,20260407,0.9306,1.2595,,4415918.6478,
601798.SH,20260407,1.2117,2.0469,,319784.4346,
301055.SZ,20260407,3.3343,7.8173,,334776.0,
000009.SZ,20260407,0.4848,0.7824,,2192331.8703,
002848.SZ,20260407,2.1541,2.8405,,218966.5,
002221.SZ,20260407,2.2997,3.721,,1297153.1522,
688781.SH,20260407,10.367,10.367,,3488000.0,
603322.SH,20260407,1.5594,1.9612,,475596.9503,
603091.SH,20260407,2.9181,2.9181,,736528.2648,
688113.SH,20260407,1.0283,1.6571,,239494.5219,
300765.SZ,20260407,0.7718,3.0455,,4670271.5388,
301010.SZ,20260407,1.8489,5.1358,,225720.0,
688205.SH,20260407,9.5002,14.1089,,3708308.6878,
300375.SZ,20260407,2.2684,2.6541,,357077.2445,
002316.SZ,20260407,6.8817,7.4029,,205601.76,
603305.SH,20260407,1.3367,2.6036,,1638794.7324,
001325.SZ,20260407,29.6472,29.6472,,462403.2,
001230.SZ,20260407,4.3216,6.293,,337846.9855,
600737.SH,20260407,0.8288,1.6821,,3075663.7519,
688390.SH,20260407,2.7919,4.1668,,2022520.7077,
300394.SZ,20260407,4.2406,7.6595,,24672070.7168,
920682.BJ,20260407,2.8213,4.1202,,281324.16,
688302.SH,20260407,1.4074,1.8621,,431906.0385,
300564.SZ,20260407,2.8763,4.5105,,239069.1264,
601009.SH,20260407,0.2654,0.607,,13748286.7764,
603300.SH,20260407,1.588,2.0869,,1284505.8112,
002195.SZ,20260407,2.876,3.1916,,4961735.359,
301295.SZ,20260407,7.6401,7.6401,,369835.2,
002573.SZ,20260407,0.9419,1.9796,,506665.6143,
002374.SZ,20260407,1.541,1.8972,,348352.1798,
603175.SH,20260407,8.5875,8.5875,,3338029.9538,
002982.SZ,20260407,4.5233,5.9306,,280407.6745,
002300.SZ,20260407,4.0097,10.4706,,665991.6714,
600657.SH,20260407,0.4008,1.4885,,847007.9427,
002867.SZ,20260407,0.3659,1.0091,,1261320.6637,
300369.SZ,20260407,2.5671,3.4363,,624989.4749,
600858.SH,20260407,1.3155,2.3035,,293837.6228,
920394.BJ,20260407,0.7465,2.2432,,632092.5,
301581.SZ,20260407,0.6352,1.4301,,354640.0,
603095.SH,20260407,0.7122,2.323,,451971.1,
600150.SH,20260407,1.4955,2.1157,,24066936.879,
300536.SZ,20260407,1.5581,1.667,,227005.0149,
605319.SH,20260407,2.66,7.145,,923907.3579,
300595.SZ,20260407,0.6711,0.9095,,1237289.568,
603255.SH,20260407,4.1069,6.4941,,395699.501,
000561.SZ,20260407,0.6827,1.1157,,803536.9613,
600428.SH,20260407,2.367,5.0818,,2524406.7634,
300546.SZ,20260407,2.9366,3.2567,,393608.3453,
600531.SH,20260407,2.2324,3.0454,,1543019.2026,
002498.SZ,20260407,3.0336,9.0724,,2525038.164,
000599.SZ,20260407,1.516,2.585,,436966.058,
688796.SH,20260407,9.0079,9.0079,,4969510.4304,
688560.SH,20260407,1.951,3.135,,281621.3833,
002863.SZ,20260407,1.8721,2.8266,,327917.504,
688727.SH,20260407,4.0425,4.0425,,2082147.0264,
002743.SZ,20260407,2.5664,3.8463,,232433.3673,
601700.SH,20260407,0.9214,1.8697,,578488.7084,
603378.SH,20260407,2.7028,6.8353,,228870.6068,
002919.SZ,20260407,2.5804,4.3625,,536783.4969,
601319.SH,20260407,0.1451,1.7257,,32018169.1821,
600610.SH,20260407,5.3657,8.4747,,978073.7144,
002215.SZ,20260407,1.0649,1.2604,,1042809.8948,
600694.SH,20260407,0.4978,0.8193,,567846.0584,
600121.SH,20260407,4.909,10.2073,,519043.5282,
920367.BJ,20260407,5.4087,10.9261,,136620.49,
002687.SZ,20260407,3.8142,5.3537,,238255.9198,
300785.SZ,20260407,4.4882,5.5361,,930244.8268,
600831.SH,20260407,2.2738,3.2115,,252386.1822,
603800.SH,20260407,1.3192,2.4889,,801216.0,
300740.SZ,20260407,1.4746,2.5238,,798184.2018,
603822.SH,20260407,0.4647,0.7597,,676067.7968,
301418.SZ,20260407,2.7249,2.7249,,269280.0024,
300834.SZ,20260407,9.3574,26.1393,,891076.8238,
002876.SZ,20260407,2.3935,2.7012,,454535.2122,
301313.SZ,20260407,1.6399,1.9203,,294531.8298,
301163.SZ,20260407,3.6334,5.3288,,233865.6,
300172.SZ,20260407,3.7376,4.1131,,354596.04,
300666.SZ,20260407,3.8446,4.2533,,3966809.5315,
000514.SZ,20260407,1.0599,2.8792,,388978.4149,
600282.SH,20260407,0.4931,1.3241,,3341479.328,
000166.SZ,20260407,0.244,0.5665,,11568454.3867,
688566.SH,20260407,2.2403,7.693,,630201.5334,
600741.SH,20260407,0.7051,1.6917,,6295989.796,
688631.SH,20260407,1.9537,2.5791,,835822.11,
001317.SZ,20260407,2.5307,6.1777,,406266.4089,
605305.SH,20260407,1.5548,2.1609,,826065.24,
300558.SZ,20260407,1.4074,2.3967,,1871424.1337,
000707.SZ,20260407,3.215,4.0781,,356677.4877,
603138.SH,20260407,4.3632,7.8524,,531909.6051,
600732.SH,20260407,1.21,1.6449,,2940860.143,
002599.SZ,20260407,1.3743,1.5583,,368614.4126,
920006.BJ,20260407,1.3272,1.804,,189783.6944,
002423.SZ,20260407,0.8818,2.3693,,2387053.3757,
600855.SH,20260407,1.3184,2.3738,,779655.0994,
600379.SH,20260407,1.0329,1.8507,,377750.5892,
301175.SZ,20260407,2.9515,2.9515,,884599.88,
920985.BJ,20260407,1.0502,1.7065,,203944.8158,
600838.SH,20260407,1.4254,2.1147,,399278.4531,
300300.SZ,20260407,16.1202,21.382,,928917.9574,
002333.SZ,20260407,1.7195,5.3941,,367159.0912,
000534.SZ,20260407,2.7346,3.6271,,1821635.9447,
003042.SZ,20260407,8.1073,15.7386,,260168.48,
002475.SZ,20260407,1.1004,1.7627,,35256880.5004,
600361.SH,20260407,1.0847,2.1749,,1511728.4798,
603100.SH,20260407,0.8237,1.7955,,984266.1516,
300865.SZ,20260407,1.526,2.4845,,249342.08,
300096.SZ,20260407,0.8709,1.0391,,351740.0,
600038.SH,20260407,0.5572,0.9888,,2730244.3993,
600128.SH,20260407,2.172,2.9544,,269569.3077,
603698.SH,20260407,1.2915,4.1906,,1555978.97,
920166.BJ,20260407,3.0174,3.0174,,200131.7656,
002730.SZ,20260407,9.4577,18.9477,,1042065.8946,
002284.SZ,20260407,2.1389,3.7224,,1014784.7778,
002537.SZ,20260407,4.9478,6.6115,,928647.2453,
600593.SH,20260407,2.2773,4.9071,,473515.35,
000809.SZ,20260407,3.7612,5.7244,,293625.7003,
601882.SH,20260407,0.5293,2.2708,,950040.0,
000564.SZ,20260407,1.6475,2.314,,3304625.5938,
000617.SZ,20260407,6.4318,32.1951,,14576317.1781,
002578.SZ,20260407,14.2727,24.3769,,383899.7448,
300396.SZ,20260407,0.911,1.9026,,317422.9874,
002286.SZ,20260407,1.5116,1.8248,,371053.1955,
002574.SZ,20260407,1.2028,2.6209,,294096.0,
300131.SZ,20260407,3.6955,3.7075,,1281436.9986,
600829.SH,20260407,8.5526,33.7098,,676729.9927,
001225.SZ,20260407,4.5682,5.4008,,308190.7572,
301379.SZ,20260407,1.6558,1.6563,,458538.2425,
300343.SZ,20260407,0.7656,0.8717,,665597.5496,
300683.SZ,20260407,13.8136,23.0028,,545960.5049,
301182.SZ,20260407,3.2684,6.7078,,547621.0155,
600530.SH,20260407,0.9354,2.1236,,409932.68,
603577.SH,20260407,1.3706,3.4439,,345243.6038,
920016.BJ,20260407,1.6531,1.8465,,126635.2732,
603813.SH,20260407,0.5445,1.5533,,239539.215,
300174.SZ,20260407,3.266,4.2293,,606410.2494,
688007.SH,20260407,0.9489,1.431,,625536.8792,
002416.SZ,20260407,1.142,2.2374,,1589998.5571,
000953.SZ,20260407,2.7288,4.1348,,255187.1699,
301428.SZ,20260407,7.8399,7.8399,,317016.0011,
600810.SH,20260407,3.6544,8.6171,,999034.5034,
300073.SZ,20260407,1.9099,2.4872,,2804200.9775,
603477.SH,20260407,8.4545,15.7604,,911495.8245,
603376.SH,20260407,2.1387,2.1387,,1288003.22,
301119.SZ,20260407,1.3925,4.1327,,426920.0,
000858.SZ,20260407,0.2101,0.4678,,40023260.1396,
603162.SH,20260407,4.548,4.548,,1306768.0497,
300322.SZ,20260407,2.5041,3.0821,,1075569.2017,
300371.SZ,20260407,2.8445,4.1525,,245686.3184,
603180.SH,20260407,0.4952,1.6668,,286301.2518,
603001.SH,20260407,1.6253,3.114,,353664.36,
603161.SH,20260407,0.9877,1.7753,,277225.3873,
688323.SH,20260407,4.6081,8.2173,,372243.6728,
301602.SZ,20260407,0.3999,1.1098,,842524.3979,
002742.SZ,20260407,0.6017,0.697,,301689.0001,
920599.BJ,20260407,0.7065,1.0896,,829307.325,
688365.SH,20260407,1.7113,4.1527,,746470.6711,
603173.SH,20260407,0.8498,2.717,,643520.0,
000570.SZ,20260407,2.1113,3.5767,,387425.1863,
003021.SZ,20260407,0.7752,1.7889,,2507382.8298,
688206.SH,20260407,0.4961,1.0466,,1340782.9651,
600259.SH,20260407,5.6178,9.1277,,2925646.6734,
300647.SZ,20260407,1.9493,2.3667,,271191.3672,
300276.SZ,20260407,1.1238,1.3492,,944302.9753,
300122.SZ,20260407,1.9911,2.5887,,3777400.2208,
301387.SZ,20260407,6.1021,7.9674,,570670.5526,
002419.SZ,20260407,1.4376,2.8982,,661567.8265,
300031.SZ,20260407,0.9801,1.0157,,845030.8305,
002449.SZ,20260407,1.3505,1.7199,,468187.2169,
002846.SZ,20260407,1.9112,2.8255,,582111.1795,
003033.SZ,20260407,3.9724,12.3156,,501127.5,
002798.SZ,20260407,1.4157,1.9786,,329006.197,
002627.SZ,20260407,1.8766,2.8185,,574608.8928,
002384.SZ,20260407,3.2876,3.7316,,19966353.7063,
003020.SZ,20260407,1.2916,2.1191,,465756.1637,
603992.SH,20260407,1.4464,6.4319,,1453177.1696,
001314.SZ,20260407,1.2016,2.5944,,563689.568,
300662.SZ,20260407,1.4558,2.0648,,466627.8772,
001308.SZ,20260407,0.21,1.1268,,1392575.0098,
300749.SZ,20260407,7.0755,10.017,,535902.4728,
002228.SZ,20260407,1.8206,3.1541,,470793.6241,
000635.SZ,20260407,1.9137,3.3191,,327919.1743,
603070.SH,20260407,0.5425,2.0875,,574232.0,
002923.SZ,20260407,14.6882,26.4789,,486265.0513,
603810.SH,20260407,1.82,3.3086,,261238.3423,
300840.SZ,20260407,2.042,2.2862,,403920.0,
003008.SZ,20260407,2.5116,3.955,,231608.0,
688198.SH,20260407,0.3439,1.2853,,1315494.6702,
601126.SH,20260407,2.5556,4.3138,,3324346.305,
688125.SH,20260407,0.74,2.4218,,1756272.1231,
002306.SZ,20260407,3.7096,4.5089,,211352.2875,
920832.BJ,20260407,1.2098,1.2613,,90612.8038,
600718.SH,20260407,0.6659,0.8627,,1067223.456,
300530.SZ,20260407,0.7093,2.3618,,415434.4713,
688115.SH,20260407,0.9263,2.2636,,262146.44,
600814.SH,20260407,0.7504,2.2331,,554984.3415,
601212.SH,20260407,0.8421,2.3179,,5797938.4421,
603211.SH,20260407,1.4496,5.233,,644728.576,
300317.SZ,20260407,7.4213,9.0793,,397660.246,
300118.SZ,20260407,3.6134,3.9121,,1768161.5015,
603518.SH,20260407,1.0048,1.5125,,305291.1539,
600691.SH,20260407,3.1446,6.3328,,793577.972,
002702.SZ,20260407,6.7237,8.933,,309002.56,
300800.SZ,20260407,1.2829,2.5288,,275113.958,
920266.BJ,20260407,0.668,1.2219,,97960.0055,
688393.SH,20260407,1.5145,2.5527,,216983.494,
603168.SH,20260407,2.3144,4.0999,,261514.427,
920010.BJ,20260407,6.4146,12.3712,,290311.0,
002407.SZ,20260407,3.312,3.5325,,3260594.8065,
002468.SZ,20260407,1.4597,3.7271,,2360496.94,
300168.SZ,20260407,0.7952,0.9987,,769295.6596,
001233.SZ,20260407,5.1673,5.1673,,1225564.2711,
688816.SH,20260407,3.4431,3.4431,,613400.0,
688238.SH,20260407,1.4968,1.9844,,454325.69,
688607.SH,20260407,2.6017,3.4555,,526218.4202,
002716.SZ,20260407,3.4897,4.0337,,3204205.6132,
002287.SZ,20260407,0.2335,1.2342,,1327886.3492,
688239.SH,20260407,1.5701,2.0376,,1032079.7098,
688383.SH,20260407,2.4005,7.6705,,919494.239,
688093.SH,20260407,0.5816,1.7942,,869186.6521,
600508.SH,20260407,1.123,3.017,,931583.502,
603078.SH,20260407,1.4125,2.4264,,836061.5537,
300455.SZ,20260407,0.8524,1.8937,,1660915.0039,
603598.SH,20260407,3.7465,7.4684,,521027.3628,
002797.SZ,20260407,1.9584,2.4808,,2962692.0,
301120.SZ,20260407,3.2601,4.2163,,762197.0449,
920371.BJ,20260407,0.6181,2.1257,,188393.5565,
688256.SH,20260407,3.3663,6.9544,,47186570.523,
002476.SZ,20260407,3.0752,3.9116,,366588.0,
300578.SZ,20260407,2.1266,2.9247,,388608.6904,
002495.SZ,20260407,5.3024,6.4349,,239520.1536,
688776.SH,20260407,1.3114,3.109,,860564.3469,
603023.SH,20260407,4.0526,7.8297,,260082.7117,
002327.SZ,20260407,0.6809,0.8863,,576712.9308,
688305.SH,20260407,0.4494,0.8099,,734708.116,
001872.SZ,20260407,0.1321,1.4778,,5430391.0408,
000877.SZ,20260407,0.1085,0.5754,,3462809.455,
920175.BJ,20260407,0.7668,0.9203,,113645.0,
601606.SH,20260407,1.6497,4.0129,,2845493.3836,
600084.SH,20260407,0.3065,0.7014,,758515.6103,
300170.SZ,20260407,3.2061,3.2503,,1881920.2955,
002323.SZ,20260407,7.453,9.4988,,462346.421,
920405.BJ,20260407,1.2696,2.3573,,276592.72,
600409.SH,20260407,2.5144,4.615,,1504910.7476,
688260.SH,20260407,1.7018,2.8138,,305400.0,
300761.SZ,20260407,1.5807,2.9014,,1692959.2141,
300385.SZ,20260407,11.4158,17.8342,,514710.4649,
601609.SH,20260407,0.5804,1.192,,1683693.6,
002177.SZ,20260407,9.8721,10.139,,564803.9401,
605268.SH,20260407,0.9969,5.5675,,543150.1425,
002486.SZ,20260407,4.0864,5.1993,,234096.4004,
300589.SZ,20260407,4.5748,5.2853,,593316.4217,
301331.SZ,20260407,1.2444,3.4453,,271223.0141,
600550.SH,20260407,2.1688,4.8598,,2666533.239,
300270.SZ,20260407,1.6262,2.2378,,309770.5666,
000798.SZ,20260407,2.612,5.4051,,371712.4514,
301282.SZ,20260407,9.6235,15.6862,,518410.0902,
603712.SH,20260407,0.634,1.2266,,1209724.0,
688079.SH,20260407,2.792,6.1795,,561658.158,
601686.SH,20260407,0.2675,0.5274,,844668.001,
002860.SZ,20260407,1.6926,2.6637,,430575.8817,
000751.SZ,20260407,2.0261,2.6516,,843359.1706,
002580.SZ,20260407,24.3766,31.7218,,730275.2097,
605258.SH,20260407,2.5417,6.2017,,298056.0,
000028.SZ,20260407,1.4258,3.9351,,1482689.3651,
301004.SZ,20260407,0.3551,1.2063,,677999.0067,
688268.SH,20260407,8.5712,18.7509,,1284801.2085,
600742.SH,20260407,0.6989,1.2247,,718536.97,
300642.SZ,20260407,3.0403,3.5637,,273073.9889,
688591.SH,20260407,1.0706,1.0709,,850306.1692,
600399.SH,20260407,1.3465,1.9516,,1131985.4,
600015.SH,20260407,0.288,0.8694,,11697472.424,
002576.SZ,20260407,7.6714,10.8048,,299656.5,
600665.SH,20260407,1.7909,4.2154,,273062.7166,
300629.SZ,20260407,2.2154,2.4849,,543326.0193,
920690.BJ,20260407,0.8484,1.5933,,156070.2,
600568.SH,20260407,0.9727,1.5836,,556010.641,
002601.SZ,20260407,0.7315,0.963,,4158128.6097,
300382.SZ,20260407,0.9225,1.4007,,743066.3931,
600774.SH,20260407,1.5905,3.8179,,264939.097,
301362.SZ,20260407,21.0204,21.0204,,1193342.67,
600318.SH,20260407,3.532,4.6229,,382494.8135,
603318.SH,20260407,6.3255,11.0583,,429871.744,
300110.SZ,20260407,5.3291,6.6633,,403134.6269,
301129.SZ,20260407,3.2002,5.6769,,332133.2456,
002171.SZ,20260407,0.8591,1.1387,,1764133.4669,
002775.SZ,20260407,2.5487,4.876,,242421.124,
001227.SZ,20260407,0.9919,1.1157,,1264444.7713,
301508.SZ,20260407,1.5098,1.5098,,645021.0756,
000750.SZ,20260407,0.4399,0.5826,,2394815.4289,
300190.SZ,20260407,3.8705,5.4334,,384575.0567,
301458.SZ,20260407,2.5423,2.9292,,913600.1142,
600678.SH,20260407,2.4319,3.0591,,354922.83,
300973.SZ,20260407,1.2145,1.5597,,550018.0447,
603908.SH,20260407,2.0117,5.105,,208697.5801,
300287.SZ,20260407,0.908,0.9281,,599944.4517,
603169.SH,20260407,0.977,1.8122,,1268409.3359,
920523.BJ,20260407,0.7678,0.9946,,225800.7515,
002199.SZ,20260407,0.8642,1.3684,,201326.8342,
002758.SZ,20260407,1.6357,2.8658,,511020.4615,
688307.SH,20260407,9.4595,14.2517,,767273.682,
603341.SH,20260407,1.6649,1.824,,1904320.3067,
300784.SZ,20260407,4.3441,4.3441,,269153.1536,
688553.SH,20260407,12.1502,16.7959,,1040361.6,
300109.SZ,20260407,2.8187,2.9872,,854133.529,
000070.SZ,20260407,14.3595,23.0736,,1632325.0499,
300792.SZ,20260407,5.7643,10.3203,,821006.5595,
688155.SH,20260407,2.0175,4.2738,,940810.3355,
603332.SH,20260407,2.672,6.6872,,271948.4103,
301397.SZ,20260407,7.0857,7.0857,,489248.4884,
002645.SZ,20260407,9.3101,14.5593,,1178633.4761,
300527.SZ,20260407,0.4186,0.9472,,809349.2161,
688716.SH,20260407,1.5584,1.5589,,384630.48,
000717.SZ,20260407,0.7991,1.6987,,586570.6328,
688793.SH,20260407,2.3752,4.3185,,184610.76,
300908.SZ,20260407,0.8284,1.6931,,403544.0,
601089.SH,20260407,0.7434,2.717,,1120800.0,
002168.SZ,20260407,1.1806,1.4408,,317586.164,
300230.SZ,20260407,1.6681,1.8816,,379770.6769,
000782.SZ,20260407,2.782,3.1749,,362515.0368,
300600.SZ,20260407,1.9262,3.4801,,360731.4725,
002774.SZ,20260407,0.9395,2.3345,,355205.7345,
000972.SZ,20260407,0.7937,1.2332,,292316.4764,
000856.SZ,20260407,6.6603,9.5147,,236080.0,
603896.SH,20260407,0.6633,1.1361,,373689.7722,
002430.SZ,20260407,1.2806,3.1338,,2778538.796,
920152.BJ,20260407,1.8538,2.2608,,166789.8666,
688376.SH,20260407,1.4055,3.2657,,831258.4478,
002971.SZ,20260407,3.5246,4.5949,,640558.875,
301299.SZ,20260407,4.754,6.1489,,381363.617,
301386.SZ,20260407,3.4818,3.4818,,340480.0,
301587.SZ,20260407,8.2487,9.0838,,372003.301,
688221.SH,20260407,2.8344,4.8101,,751030.1993,
603931.SH,20260407,0.7401,1.995,,530027.0573,
688567.SH,20260407,0.5778,0.9897,,1528851.9601,
688530.SH,20260407,9.4296,9.4296,,453727.076,
301363.SZ,20260407,1.3905,3.2247,,1415920.367,
920533.BJ,20260407,1.8641,2.6518,,277859.322,
600301.SH,20260407,2.4401,3.3578,,3020509.7122,
600170.SH,20260407,1.0509,1.9073,,2381431.8514,
603589.SH,20260407,0.4102,0.672,,1455224.6754,
000752.SZ,20260407,6.4135,7.902,,230261.1626,
301272.SZ,20260407,2.7901,3.6656,,227690.9516,
603014.SH,20260407,2.1054,2.1054,,1541094.7495,
301606.SZ,20260407,1.7692,3.1324,,2857898.7437,
601162.SH,20260407,0.8062,1.0732,,3606486.7138,
603216.SH,20260407,0.8014,2.974,,705704.61,
920808.BJ,20260407,0.57,1.967,,1350200.0068,
601881.SH,20260407,0.3416,1.188,,13580527.602,
002837.SZ,20260407,3.1005,4.5411,,8285099.9756,
600503.SH,20260407,1.3919,1.4985,,376538.15,
688008.SH,20260407,1.7273,1.862,,15631938.2686,
603181.SH,20260407,0.9232,1.6152,,854203.7,
688669.SH,20260407,1.0119,1.9447,,303212.0017,
300242.SZ,20260407,2.9208,3.7118,,286184.406,
002366.SZ,20260407,1.8166,1.8166,,1487870.4126,
600031.SH,20260407,0.6835,1.0059,,17948648.661,
603033.SH,20260407,1.8964,4.9983,,1134279.9094,
603499.SH,20260407,1.0156,2.5197,,633027.4639,
603201.SH,20260407,0.9119,2.8792,,302447.7174,
002541.SZ,20260407,1.0468,1.5047,,1366236.3389,
002478.SZ,20260407,3.3776,4.1311,,905308.2491,
300638.SZ,20260407,1.5401,1.8806,,2135756.3795,
600660.SH,20260407,0.453,0.6396,,14956440.1819,
600016.SH,20260407,0.7352,1.0722,,16155712.4272,
601619.SH,20260407,1.964,3.6515,,1456386.942,
300162.SZ,20260407,8.1615,9.5471,,358681.0757,
301079.SZ,20260407,14.0586,16.3333,,447493.6173,
601595.SH,20260407,0.8798,2.8581,,1094952.6,
600398.SH,20260407,0.8569,2.1334,,3112195.1518,
920885.BJ,20260407,1.4867,2.2205,,313625.3364,
000883.SZ,20260407,0.4942,1.6668,,3235280.1469,
600408.SH,20260407,5.9451,8.6874,,327210.0,
688096.SH,20260407,3.1656,3.8699,,187655.5309,
603269.SH,20260407,4.0119,5.3954,,400451.0431,
301251.SZ,20260407,17.3761,17.3761,,811094.9479,
002305.SZ,20260407,0.5651,0.9496,,372856.3906,
300769.SZ,20260407,3.4639,3.9356,,1147930.3589,
688768.SH,20260407,1.1242,1.7183,,380023.2514,
688349.SH,20260407,0.2864,1.1085,,2750824.6542,
920564.BJ,20260407,1.9477,3.1217,,202710.7378,
002833.SZ,20260407,0.8389,1.1763,,746648.7741,
600320.SH,20260407,1.2833,2.3642,,2644713.4575,
688552.SH,20260407,3.8745,3.8745,,1273111.2,
603116.SH,20260407,0.9918,2.2247,,316910.44,
000060.SZ,20260407,1.2237,1.7496,,2695791.682,
688120.SH,20260407,0.907,1.2619,,5938524.2329,
300873.SZ,20260407,1.0003,1.5881,,492796.0017,
300641.SZ,20260407,2.2454,5.1521,,1001162.8631,
300232.SZ,20260407,1.7288,1.908,,726414.6969,
002367.SZ,20260407,1.3597,2.5802,,504972.8736,
300913.SZ,20260407,1.7807,5.4176,,1666944.5866,
603858.SH,20260407,0.4146,0.9494,,1750583.6137,
002124.SZ,20260407,2.0339,2.1232,,526598.3182,
000582.SZ,20260407,1.1079,2.5195,,2569943.2541,
002422.SZ,20260407,1.51,1.8182,,5487715.2794,
300505.SZ,20260407,14.8698,16.2197,,753961.6156,
002053.SZ,20260407,1.5542,5.8403,,1019247.5166,
603237.SH,20260407,0.8691,2.0671,,340935.489,
688729.SH,20260407,1.3324,1.3324,,6419476.32,
300440.SZ,20260407,2.1102,3.2231,,691359.6118,
301199.SZ,20260407,1.4226,1.686,,407887.06,
000632.SZ,20260407,11.7363,14.9459,,209483.8065,
001386.SZ,20260407,2.8949,2.8949,,2267958.16,
000504.SZ,20260407,0.645,1.0866,,323422.636,
002001.SZ,20260407,2.0143,4.0946,,11703589.7574,
688131.SH,20260407,1.4685,2.1627,,1493211.7939,
300905.SZ,20260407,1.2825,2.0632,,542596.5746,
605366.SH,20260407,3.4633,6.2024,,850581.1592,
688558.SH,20260407,0.5304,1.6369,,371580.0,
300022.SZ,20260407,6.86,9.4766,,494240.38,
603073.SH,20260407,5.4326,5.8584,,224924.0,
301013.SZ,20260407,2.1537,2.3498,,498106.4523,
920964.BJ,20260407,0.8407,0.9244,,152806.68,
300354.SZ,20260407,1.4872,1.851,,466554.038,
600455.SH,20260407,5.2467,6.6082,,158081.198,
600525.SH,20260407,0.9777,1.4018,,697634.7004,
600380.SH,20260407,0.6662,1.3052,,2047158.3389,
603191.SH,20260407,4.2232,6.9505,,649370.4096,
300633.SZ,20260407,0.7362,0.8963,,1086973.5614,
002500.SZ,20260407,0.3483,0.664,,1974374.3509,
002312.SZ,20260407,1.8985,3.4429,,2140662.2827,
688592.SH,20260407,3.1381,3.1381,,330129.8992,
920415.BJ,20260407,1.0494,1.4502,,168613.7844,
301320.SZ,20260407,2.6161,2.6161,,295584.24,
601330.SH,20260407,2.6539,8.4474,,1151620.6722,
603365.SH,20260407,0.6615,1.6421,,534442.4668,
603281.SH,20260407,1.4033,2.0374,,1301813.3357,
300005.SZ,20260407,2.193,2.9604,,1259275.6151,
002938.SZ,20260407,0.7877,2.8302,,11805833.8245,
002659.SZ,20260407,2.7044,3.8634,,302131.5939,
002883.SZ,20260407,3.5291,5.5328,,147412.3647,
300713.SZ,20260407,3.6828,5.1467,,244906.2098,
603610.SH,20260407,0.8405,1.9373,,537606.2388,
301512.SZ,20260407,3.5682,5.0816,,235360.2942,
920748.BJ,20260407,2.6072,6.7257,,277031.4,
688139.SH,20260407,0.5297,0.9984,,977646.6361,
002521.SZ,20260407,1.8674,2.1889,,467090.9157,
603358.SH,20260407,3.172,8.5727,,1583503.9092,
300731.SZ,20260407,4.647,5.8176,,746747.7482,
000910.SZ,20260407,0.7494,1.3995,,377704.275,
002933.SZ,20260407,1.1198,1.8035,,374815.9,
600867.SH,20260407,6.2444,10.6843,,1956584.2862,
600389.SH,20260407,3.4551,4.8637,,1313482.5,
002172.SZ,20260407,2.2794,3.4023,,305527.2116,
600893.SH,20260407,1.9029,3.8788,,12400344.3952,
688029.SH,20260407,0.7153,1.2555,,1400590.3784,
301116.SZ,20260407,0.6547,2.562,,446285.7154,
300885.SZ,20260407,2.7587,5.1999,,544196.8974,
688199.SH,20260407,1.9813,2.7206,,398714.9917,
603087.SH,20260407,0.8406,1.3686,,3757048.255,
600579.SH,20260407,1.1659,3.1732,,390438.2004,
603559.SH,20260407,0.7587,1.0784,,291728.3637,
002658.SZ,20260407,1.7255,2.3202,,520052.4358,
603867.SH,20260407,2.7437,3.5837,,647458.0339,
688658.SH,20260407,3.0603,5.5284,,852300.0,
601279.SH,20260407,0.4968,2.354,,635900.18,
600908.SH,20260407,0.7655,1.0035,,1231216.4309,
001335.SZ,20260407,2.048,2.048,,378895.3015,
301252.SZ,20260407,4.2753,4.2753,,588227.6294,
300180.SZ,20260407,2.7387,3.8265,,1061919.2735,
605339.SH,20260407,0.2186,1.3654,,681410.7293,
601000.SH,20260407,0.8149,1.8904,,2791112.3772,
002262.SZ,20260407,0.7544,1.2773,,2259109.3606,
600138.SH,20260407,0.655,0.8527,,660142.08,
300324.SZ,20260407,1.6705,1.8302,,768777.8148,
920592.BJ,20260407,2.2081,3.4117,,240203.535,
603843.SH,20260407,2.349,3.2989,,645052.6245,
300850.SZ,20260407,4.6047,4.9529,,1653858.825,
300082.SZ,20260407,3.4807,7.4102,,731105.565,
002708.SZ,20260407,1.7442,2.484,,653719.9356,
600733.SH,20260407,0.659,1.006,,4546147.9289,
600119.SH,20260407,1.3142,2.4262,,215874.7887,
301321.SZ,20260407,1.6197,2.5519,,344345.445,
688813.SH,20260407,21.7959,21.7959,,676960.0,
688002.SH,20260407,1.5411,1.9943,,4640721.4786,
000860.SZ,20260407,0.47,0.7624,,945752.911,
300257.SZ,20260407,1.1839,2.9281,,2950102.3684,
301628.SZ,20260407,3.6181,4.2344,,753230.3694,
001269.SZ,20260407,1.3815,4.4592,,404642.4129,
000789.SZ,20260407,0.8382,1.6543,,409867.8929,
600435.SH,20260407,0.8773,1.4232,,2143010.9303,
002184.SZ,20260407,1.1,1.2399,,392025.9242,
601988.SH,20260407,0.1191,2.0536,,186883198.8521,
920834.BJ,20260407,1.1533,2.0962,,138360.0058,
600236.SH,20260407,0.1497,1.1412,,7401552.7561,
688667.SH,20260407,2.6327,5.7143,,569058.2401,
920978.BJ,20260407,2.3636,2.5553,,465013.5328,
002745.SZ,20260407,1.2536,1.4868,,1225921.4456,
603871.SH,20260407,0.7025,1.733,,1767467.1861,
300363.SZ,20260407,2.3811,3.7233,,1171117.8893,
600620.SH,20260407,0.8063,2.049,,426426.4872,
600056.SH,20260407,9.735,20.6078,,1687352.3557,
002431.SZ,20260407,4.5059,7.4832,,499266.1199,
301246.SZ,20260407,14.6487,16.2985,,901215.3204,
603699.SH,20260407,1.16,3.1449,,3757796.2115,
002293.SZ,20260407,0.7214,1.3744,,836344.0084,
600098.SH,20260407,0.7134,2.6888,,2450599.6217,
688693.SH,20260407,11.1304,14.1698,,410936.8447,
300654.SZ,20260407,3.5235,6.5994,,377474.7224,
300288.SZ,20260407,1.106,1.2638,,415329.9831,
002437.SZ,20260407,11.6903,12.5643,,831740.811,
002783.SZ,20260407,4.5947,5.7903,,472891.6917,
002732.SZ,20260407,1.3858,3.2983,,253333.5,
002752.SZ,20260407,4.2197,11.6907,,653558.4551,
603997.SH,20260407,0.7057,1.2179,,1525445.5719,
301526.SZ,20260407,9.3913,12.2917,,4317655.365,
000998.SZ,20260407,1.6324,1.9759,,1437120.2037,
300135.SZ,20260407,2.6602,4.0128,,352051.2,
600410.SH,20260407,9.9989,9.9989,,2807026.3885,
600654.SH,20260407,11.1602,17.2715,,1151037.5548,
601566.SH,20260407,0.6647,2.3266,,606242.1933,
688023.SH,20260407,1.3932,1.8596,,481949.5081,
600664.SH,20260407,9.6359,18.0395,,974663.322,
603085.SH,20260407,1.0806,1.9217,,427676.7,
002978.SZ,20260407,0.6161,1.6332,,1538687.2631,
688098.SH,20260407,9.9593,17.5769,,432408.132,
300432.SZ,20260407,2.9562,4.9235,,3797377.4975,
301221.SZ,20260407,2.1704,3.1118,,445142.7738,
002246.SZ,20260407,3.5885,6.716,,1295722.1138,
000952.SZ,20260407,2.3508,3.1539,,254167.9985,
603215.SH,20260407,0.9382,2.4728,,370052.9759,
301130.SZ,20260407,7.6866,9.4317,,250367.104,
920344.BJ,20260407,0.7936,2.066,,244838.1,
002832.SZ,20260407,1.6759,2.067,,975909.1136,
605499.SH,20260407,0.5012,1.4899,,11184679.3348,
600630.SH,20260407,0.7583,1.0846,,331816.9073,
688646.SH,20260407,1.1985,1.2048,,476933.6095,
600807.SH,20260407,2.4416,3.107,,272467.4971,
601328.SH,20260407,0.4172,0.4736,,61059374.8981,
688712.SH,20260407,6.7097,6.7097,,1668417.0,
600559.SH,20260407,0.4442,0.5945,,1218443.5954,
300420.SZ,20260407,1.3709,1.6129,,391850.6299,
300639.SZ,20260407,9.2202,15.4302,,454489.9738,
688382.SH,20260407,4.0599,5.5807,,1282776.953,
301258.SZ,20260407,1.3136,3.4549,,295360.74,
688100.SH,20260407,0.4058,1.4135,,1765149.7783,
600596.SH,20260407,1.9947,2.8543,,1552036.6064,
300961.SZ,20260407,4.2442,5.3944,,231173.12,
603296.SH,20260407,4.0948,4.6982,,9773376.614,
600519.SH,20260407,0.1929,0.4447,,180329415.5004,
300296.SZ,20260407,3.3627,3.5896,,1936351.7365,
601567.SH,20260407,1.5987,3.3619,,3406227.5856,
605336.SH,20260407,1.8484,5.784,,269983.1264,
002445.SZ,20260407,7.5142,11.9415,,843695.6735,
002397.SZ,20260407,2.4644,3.7461,,284156.9483,
688496.SH,20260407,1.9234,4.101,,264150.0,
920274.BJ,20260407,0.8865,2.8831,,168685.3347,
688289.SH,20260407,0.5098,0.9708,,1049851.0669,
300823.SZ,20260407,3.9797,5.3305,,207083.6914,
600586.SH,20260407,2.2682,3.3499,,735598.2663,
301592.SZ,20260407,3.6851,3.6851,,798700.0,
300545.SZ,20260407,13.6739,15.9153,,587356.1778,
920593.BJ,20260407,0.5875,1.1386,,459965.7155,
603980.SH,20260407,3.2351,4.9927,,433173.3504,
002342.SZ,20260407,12.1148,16.7508,,1236480.0,
000830.SZ,20260407,2.7768,5.4373,,3212586.1716,
003030.SZ,20260407,2.4135,3.6512,,251930.82,
000156.SZ,20260407,0.4266,0.8138,,1341523.088,
688657.SH,20260407,2.9742,3.4676,,289900.7244,
300098.SZ,20260407,1.4574,1.536,,898433.4362,
002181.SZ,20260407,7.7117,23.6431,,1371209.7035,
000927.SZ,20260407,3.7528,11.8207,,1875609.6287,
603657.SH,20260407,1.6488,5.0628,,360011.1032,
603612.SH,20260407,2.1451,2.891,,1220355.9246,
603779.SH,20260407,2.6467,3.9666,,201906.3144,
300576.SZ,20260407,1.6483,1.9354,,1228796.8365,
600697.SH,20260407,2.4726,3.3026,,187564.8404,
300179.SZ,20260407,17.092,21.946,,1081707.1921,
301207.SZ,20260407,0.952,4.0368,,1188832.395,
002629.SZ,20260407,4.3865,5.4307,,288042.248,
688557.SH,20260407,1.2835,2.3669,,318204.2044,
002545.SZ,20260407,1.395,3.0941,,2749377.2034,
688629.SH,20260407,12.1471,12.1471,,5381630.3091,
002992.SZ,20260407,0.6811,1.243,,886256.3115,
000422.SZ,20260407,4.5918,6.9192,,1740135.5392,
300466.SZ,20260407,0.7453,1.2248,,452522.7723,
600173.SH,20260407,1.24,3.096,,458831.5898,
688484.SH,20260407,0.7402,1.043,,1483563.5367,
300892.SZ,20260407,2.8592,4.7789,,272400.0,
603321.SH,20260407,1.3937,3.125,,250851.5282,
600303.SH,20260407,4.7999,5.7108,,213284.5138,
