ts_code,trade_date,turnover_rate,turnover_rate_f,volume_ratio,total_mv,float_mv
688058.SH,20260331,1.7916,3.3972,,208550.496,
000737.SZ,20260331,1.7766,3.6242,,2531368.1421,
605208.SH,20260331,2.537,4.7029,,430571.7,
300345.SZ,20260331,13.008,17.4128,,435172.5323,
301168.SZ,20260331,1.9988,3.8637,,488400.0,
688293.SH,20260331,0.9662,2.017,,559154.9118,
300342.SZ,20260331,17.2426,22.7332,,2171079.3572,
300964.SZ,20260331,8.5386,13.0604,,476899.1184,
688184.SH,20260331,0.836,1.027,,158252.2764,
301043.SZ,20260331,1.5107,4.3471,,363800.0,
300828.SZ,20260331,8.4523,16.1816,,329681.982,
603316.SH,20260331,8.0902,13.0887,,383182.8,
301571.SZ,20260331,5.1225,5.7177,,1133792.3127,
600468.SH,20260331,6.726,15.2594,,913697.6696,
300217.SZ,20260331,5.0468,6.3373,,781849.8013,
600864.SH,20260331,2.9187,5.3904,,1398143.3894,
688056.SH,20260331,0.9059,2.1306,,230417.6034,
600626.SH,20260331,1.188,2.2405,,524335.6328,
002930.SZ,20260331,1.9902,4.1027,,626761.1274,
688052.SH,20260331,2.1095,2.9867,,2404875.3272,
000407.SZ,20260331,3.0919,4.1382,,415399.9576,
000668.SZ,20260331,2.0302,3.4357,,215857.5783,
603551.SH,20260331,0.7696,2.7439,,487468.9376,
603617.SH,20260331,1.248,2.1849,,281443.7853,
603601.SH,20260331,40.1035,62.0638,,1769486.1641,
600724.SH,20260331,2.3681,10.282,,874370.848,
300993.SZ,20260331,0.9754,1.8973,,374379.408,
600232.SH,20260331,2.3899,4.8039,,295422.0206,
603083.SH,20260331,6.7501,7.6376,,3582927.7897,
002749.SZ,20260331,0.4932,1.0804,,612795.1347,
001330.SZ,20260331,3.9542,5.5494,,959414.2508,
603035.SH,20260331,1.5723,2.3202,,514717.6474,
600649.SH,20260331,1.0512,2.2333,,1109493.8402,
002571.SZ,20260331,2.0361,2.9445,,444864.0445,
600683.SH,20260331,3.5145,7.9481,,722998.9347,
603859.SH,20260331,1.2537,1.7116,,886784.4684,
000728.SZ,20260331,0.921,1.5696,,3347017.6424,
603375.SH,20260331,2.9422,4.831,,368037.3346,
920642.BJ,20260331,1.9705,3.6431,,124404.3336,
688244.SH,20260331,0.9388,2.1688,,278071.118,
002738.SZ,20260331,4.9475,5.7966,,5360684.6461,
688009.SH,20260331,0.6809,2.9252,,6015017.192,
000420.SZ,20260331,4.7031,5.917,,1163044.7262,
920553.BJ,20260331,0.8451,1.3673,,122424.2719,
688690.SH,20260331,0.983,1.6877,,1013575.0602,
603284.SH,20260331,16.3566,16.3566,,351810.042,
300995.SZ,20260331,3.9528,6.9937,,288455.4361,
688533.SH,20260331,0.3619,1.3098,,416262.3044,
301158.SZ,20260331,3.7683,6.8897,,365851.4508,
601118.SH,20260331,1.5424,4.327,,2691760.0843,
603285.SH,20260331,7.4114,7.4114,,523200.0,
000989.SZ,20260331,3.0915,4.7002,,800305.7812,
601179.SH,20260331,2.9958,6.2248,,7796467.0574,
300453.SZ,20260331,2.0223,2.3258,,514775.0952,
300991.SZ,20260331,2.6962,3.6333,,664560.0,
301008.SZ,20260331,24.9209,48.5948,,553843.5166,
002194.SZ,20260331,2.1128,2.715,,706517.5234,
002322.SZ,20260331,3.0415,4.4388,,504428.5986,
300056.SZ,20260331,2.6378,2.8982,,329979.8192,
300567.SZ,20260331,3.0194,3.6662,,3516401.4378,
688502.SH,20260331,0.8881,2.6345,,1581835.2,
600795.SH,20260331,0.9785,2.2091,,8632439.6357,
300965.SZ,20260331,1.1681,3.9478,,314160.0,
300922.SZ,20260331,3.8236,4.5558,,310221.6514,
300614.SZ,20260331,1.9406,3.3974,,208893.7641,
001696.SZ,20260331,6.2577,7.9127,,2278603.5708,
000712.SZ,20260331,1.0792,1.5451,,913024.0,
000679.SZ,20260331,1.2586,1.7495,,239500.8,
603290.SH,20260331,2.963,6.302,,2429458.3126,
688031.SH,20260331,4.4626,6.5933,,1678943.7958,
000417.SZ,20260331,1.591,2.568,,522522.414,
688143.SH,20260331,7.6781,9.9405,,721172.4912,
003032.SZ,20260331,2.2211,3.1428,,249919.8975,
600020.SH,20260331,0.8035,2.5242,,869732.899,
300782.SZ,20260331,3.5255,4.6458,,4265102.1177,
000636.SZ,20260331,2.8365,4.4018,,2190226.0084,
000826.SZ,20260331,3.3094,4.1886,,289346.7093,
920392.BJ,20260331,2.5155,4.6776,,149742.825,
688290.SH,20260331,0.6048,1.3287,,473547.1347,
688288.SH,20260331,14.3269,30.0386,,305429.9342,
605599.SH,20260331,0.4862,1.305,,1753888.939,
603082.SH,20260331,1.7262,1.7262,,553844.8318,
688758.SH,20260331,3.4345,5.7998,,818351.9251,
920943.BJ,20260331,3.0221,4.7802,,203144.2774,
688331.SH,20260331,5.2622,5.2622,,7268776.5486,
920019.BJ,20260331,0.7956,2.3703,,370069.392,
300569.SZ,20260331,7.0816,9.1596,,695447.7062,
603385.SH,20260331,0.9035,2.2524,,255806.8585,
002812.SZ,20260331,5.0402,7.3404,,6656889.9979,
000017.SZ,20260331,1.474,2.7133,,475537.6038,
600965.SH,20260331,1.8154,4.7215,,472390.451,
301577.SZ,20260331,7.3122,7.3122,,284136.145,
301565.SZ,20260331,1.7027,2.2468,,838420.96,
688559.SH,20260331,2.6795,3.5897,,1206586.5443,
600780.SH,20260331,6.415,15.5794,,803698.2686,
603344.SH,20260331,2.1221,2.1221,,525233.646,
601166.SH,20260331,0.3545,0.496,,39828494.9826,
600629.SH,20260331,1.5968,3.2584,,1955232.3979,
600343.SH,20260331,20.2909,36.0954,,2194153.4244,
920436.BJ,20260331,1.1672,3.1215,,129243.168,
001296.SZ,20260331,1.9503,2.5893,,359916.1529,
301052.SZ,20260331,5.0532,5.4619,,331018.989,
002294.SZ,20260331,0.7724,1.8542,,6834940.1761,
000014.SZ,20260331,6.5823,9.9756,,344189.7305,
300843.SZ,20260331,4.2244,9.854,,871728.3955,
300684.SZ,20260331,2.4523,2.8377,,1429857.0306,
603667.SH,20260331,4.0015,6.2867,,2429022.9734,
688779.SH,20260331,1.593,2.8274,,2008317.3371,
300267.SZ,20260331,4.5254,5.982,,810603.7139,
300553.SZ,20260331,2.5836,3.0259,,421438.9084,
601933.SH,20260331,1.2561,2.7083,,3421288.9464,
920942.BJ,20260331,13.957,17.7683,,175518.1602,
601658.SH,20260331,0.2637,1.8538,,61608762.4414,
002819.SZ,20260331,0.7496,1.4978,,718764.6299,
688718.SH,20260331,1.2297,3.3617,,257156.4957,
603306.SH,20260331,2.5383,3.4816,,2490977.0063,
002424.SZ,20260331,3.1366,3.8418,,723955.9712,
603328.SH,20260331,2.1062,5.1347,,1104277.5278,
603989.SH,20260331,0.7632,2.2332,,664367.2468,
603194.SH,20260331,0.7063,0.7063,,1306859.0,
600884.SH,20260331,3.2435,3.5366,,2984970.8692,
688325.SH,20260331,2.9639,5.7886,,1030050.3414,
002237.SZ,20260331,2.4114,3.5731,,2130655.9079,
300113.SZ,20260331,8.5897,9.6102,,1806665.1547,
601808.SH,20260331,0.8194,4.4137,,7534343.768,
603488.SH,20260331,3.659,5.8124,,290822.4782,
603006.SH,20260331,0.7333,2.6009,,321377.372,
600797.SH,20260331,1.9197,2.0488,,918608.5748,
300041.SZ,20260331,3.5972,4.3679,,589084.7117,
300678.SZ,20260331,1.7386,2.5223,,839069.5955,
688180.SH,20260331,2.1781,3.3711,,3575960.8207,
920242.BJ,20260331,1.7627,2.3634,,153347.446,
688251.SH,20260331,3.7156,8.6228,,369311.649,
603127.SH,20260331,8.8481,13.8245,,2562770.9124,
000929.SZ,20260331,2.02,2.7482,,175363.104,
920130.BJ,20260331,1.4043,2.6178,,179413.094,
002191.SZ,20260331,0.6372,0.9269,,531351.0532,
600582.SH,20260331,0.683,1.7447,,2367272.8462,
600773.SH,20260331,4.6698,7.9357,,1734742.8549,
920790.BJ,20260331,1.7792,3.8953,,210289.1743,
605398.SH,20260331,1.2138,3.9202,,427944.0768,
603855.SH,20260331,0.4023,0.6994,,636208.235,
002824.SZ,20260331,4.7835,6.4617,,600886.3362,
603278.SH,20260331,2.2289,4.5213,,373884.7748,
300246.SZ,20260331,9.724,10.9801,,395055.5248,
300314.SZ,20260331,1.819,2.7186,,364320.0,
688569.SH,20260331,3.1833,12.7332,,460517.4062,
603325.SH,20260331,1.4391,1.4391,,577388.868,
600805.SH,20260331,2.3155,3.6102,,443316.0314,
688246.SH,20260331,1.6511,2.8014,,268429.5017,
603766.SH,20260331,3.2425,5.4106,,2772281.4975,
603408.SH,20260331,0.3456,1.304,,527688.567,
000004.SZ,20260331,7.0317,9.5084,,60497.7889,
601628.SH,20260331,0.1253,1.74,,102713937.97,
301042.SZ,20260331,1.7296,2.6177,,643688.0629,
002350.SZ,20260331,6.0209,9.7966,,737028.306,
600505.SH,20260331,6.452,14.6128,,493624.395,
688172.SH,20260331,1.6184,2.3225,,5410672.5876,
688449.SH,20260331,2.6537,4.9051,,1918660.0,
300750.SZ,20260331,0.5856,0.9862,,183330615.9625,
920056.BJ,20260331,2.0826,2.0826,,177270.989,
300315.SZ,20260331,2.081,2.1151,,1296945.6704,
000938.SZ,20260331,3.0396,4.2218,,7121598.8863,
001231.SZ,20260331,3.3604,5.1266,,235158.82,
600887.SH,20260331,0.4129,0.4515,,16667325.3575,
002354.SZ,20260331,2.3893,2.3893,,939804.7458,
300307.SZ,20260331,1.4183,2.1872,,521961.062,
300637.SZ,20260331,2.527,4.07,,257990.3929,
001311.SZ,20260331,2.7966,4.8894,,978104.4021,
300762.SZ,20260331,7.1349,8.6756,,2285795.4101,
000625.SZ,20260331,0.7752,1.3881,,9912924.112,
301136.SZ,20260331,5.4618,11.7488,,441978.9409,
002681.SZ,20260331,1.1451,1.196,,938603.1173,
600184.SH,20260331,6.5022,13.2219,,1072801.2686,
300212.SZ,20260331,5.6775,8.7536,,822837.0383,
000078.SZ,20260331,2.2426,4.1774,,826172.7027,
603970.SH,20260331,1.605,3.9827,,340838.5699,
300882.SZ,20260331,1.9585,6.039,,603312.1043,
300128.SZ,20260331,2.0611,2.8443,,774272.7856,
300491.SZ,20260331,3.47,4.4505,,398426.7019,
002677.SZ,20260331,1.1284,2.4557,,517487.3692,
688702.SH,20260331,2.5272,4.8025,,6842080.0,
603717.SH,20260331,1.8869,2.7573,,195558.5658,
001202.SZ,20260331,1.8588,3.8272,,279540.9915,
603351.SH,20260331,1.5182,3.4919,,355392.2824,
600051.SH,20260331,2.1872,3.0842,,239999.36,
002988.SZ,20260331,0.9874,2.2014,,750812.9126,
600636.SH,20260331,1.0586,1.8273,,335557.1535,
605089.SH,20260331,1.2395,4.7028,,320850.0,
000530.SZ,20260331,1.5885,2.2212,,505084.2917,
300950.SZ,20260331,2.0206,2.6032,,321902.004,
002674.SZ,20260331,0.7429,1.503,,372689.7404,
300777.SZ,20260331,2.2448,2.7507,,1557004.3885,
301519.SZ,20260331,4.1953,4.9938,,228724.6738,
301060.SZ,20260331,1.2886,2.5248,,396111.313,
688432.SH,20260331,0.7077,2.7886,,1679155.3953,
000990.SZ,20260331,5.7335,10.7374,,1190932.7843,
301198.SZ,20260331,1.98,3.8726,,237783.0,
920718.BJ,20260331,1.2145,2.0016,,114602.7088,
600676.SH,20260331,1.5747,2.9346,,769312.7221,
300686.SZ,20260331,1.9435,1.946,,355491.4361,
688055.SH,20260331,0.6011,5.7894,,1283333.359,
002119.SZ,20260331,4.6943,6.2793,,752069.136,
000652.SZ,20260331,1.2539,1.8174,,588753.9669,
300231.SZ,20260331,8.3883,10.8398,,498051.1067,
688247.SH,20260331,0.3863,1.1684,,431579.68,
605488.SH,20260331,1.5243,3.4089,,971109.4203,
603207.SH,20260331,1.2845,1.2845,,442737.46,
603039.SH,20260331,2.4784,5.2314,,1113910.0745,
601929.SH,20260331,1.8872,2.751,,1043446.6622,
002101.SZ,20260331,0.8347,1.6987,,726827.6055,
688633.SH,20260331,0.9232,2.7583,,341309.6215,
300269.SZ,20260331,5.4662,6.5006,,398107.5231,
301588.SZ,20260331,3.1385,3.9014,,262460.0008,
601828.SH,20260331,0.4783,1.3372,,1053845.3069,
001228.SZ,20260331,1.3072,1.7601,,317929.5681,
600507.SH,20260331,1.0484,1.9135,,1318517.0973,
601187.SH,20260331,0.5798,1.2914,,2018932.8343,
301172.SZ,20260331,3.4306,4.4359,,415676.8,
600469.SH,20260331,0.8145,1.9872,,583862.8367,
603708.SH,20260331,0.491,1.6585,,707917.5906,
600552.SH,20260331,3.5278,4.9883,,1120303.7763,
603139.SH,20260331,1.9201,3.7953,,263882.96,
301222.SZ,20260331,3.3767,8.9876,,341021.9232,
600930.SH,20260331,8.4216,8.4216,,26196571.4284,
300891.SZ,20260331,3.2727,5.5899,,332006.8508,
601616.SH,20260331,3.5722,4.9979,,410617.8284,
301022.SZ,20260331,2.4469,2.832,,281440.5925,
003039.SZ,20260331,0.6862,3.2659,,907752.5331,
002553.SZ,20260331,7.6266,8.9615,,872921.8083,
920284.BJ,20260331,2.1297,2.7519,,300315.6586,
603286.SH,20260331,4.3242,6.7727,,677257.1259,
600764.SH,20260331,0.4666,1.2496,,1687744.7918,
300632.SZ,20260331,2.8812,3.1886,,403144.92,
002093.SZ,20260331,0.9602,2.0276,,957125.0,
300198.SZ,20260331,1.5111,1.8984,,273360.3631,
300183.SZ,20260331,1.3685,2.4057,,635162.3451,
003019.SZ,20260331,1.1603,1.6792,,546067.6559,
601928.SH,20260331,0.3024,1.1118,,2488912.2,
002269.SZ,20260331,2.2766,3.539,,419587.5,
603887.SH,20260331,4.2131,4.9686,,960838.9559,
002055.SZ,20260331,3.7561,4.0088,,342745.8396,
603586.SH,20260331,1.173,2.9085,,358188.4291,
002054.SZ,20260331,3.3126,3.7012,,413172.9424,
600136.SH,20260331,4.6132,7.4352,,387756.9269,
002987.SZ,20260331,0.6683,1.5876,,1412225.1275,
603602.SH,20260331,1.1844,1.7098,,299681.5697,
001359.SZ,20260331,1.7751,1.7751,,1302603.2246,
688148.SH,20260331,3.3302,4.178,,403546.8849,
001207.SZ,20260331,3.503,6.7149,,642002.4364,
002106.SZ,20260331,2.3243,3.2442,,731225.5418,
300895.SZ,20260331,11.721,23.8906,,934493.9605,
600998.SH,20260331,0.7837,1.6935,,2662424.2836,
600158.SH,20260331,13.2827,18.407,,1150456.1673,
300155.SZ,20260331,2.4851,3.5011,,265460.7229,
002226.SZ,20260331,0.6081,1.4867,,1443662.956,
301005.SZ,20260331,14.2371,26.1376,,2220005.8169,
002566.SZ,20260331,3.206,3.7258,,268401.7476,
301111.SZ,20260331,1.7844,3.7571,,302400.0,
000906.SZ,20260331,0.7841,1.4672,,410185.3175,
600979.SH,20260331,8.668,13.4047,,616950.2701,
002787.SZ,20260331,4.9683,6.2294,,402882.272,
000768.SZ,20260331,0.9522,2.1047,,6858313.6091,
688586.SH,20260331,0.9932,2.5698,,1092048.0353,
600436.SH,20260331,0.2815,0.5751,,9116123.0431,
601788.SH,20260331,0.3106,0.6774,,7026840.3618,
688795.SH,20260331,6.7042,6.7042,,26221464.1418,
300509.SZ,20260331,4.4779,8.523,,334339.2,
600707.SH,20260331,0.431,1.1929,,2005909.8602,
920087.BJ,20260331,4.7154,10.432,,261016.0,
600153.SH,20260331,0.5351,1.0056,,2574790.2333,
603839.SH,20260331,0.6447,2.4342,,292584.2472,
002698.SZ,20260331,0.7418,1.1186,,1349781.1919,
300671.SZ,20260331,2.695,3.9182,,820900.9937,
000678.SZ,20260331,5.4558,9.9251,,580949.3114,
300845.SZ,20260331,3.6154,4.0119,,234019.5718,
603565.SH,20260331,0.8728,2.1298,,2408772.3791,
002076.SZ,20260331,3.8619,4.3703,,228479.6451,
688409.SH,20260331,1.4769,2.4107,,2758959.0467,
688503.SH,20260331,2.8451,3.1454,,2002586.3622,
002270.SZ,20260331,0.9915,1.7559,,2425186.0163,
920124.BJ,20260331,0.7013,0.801,,231577.7715,
301112.SZ,20260331,0.7331,2.2295,,358366.45,
301109.SZ,20260331,9.5301,9.7824,,1303594.591,
002908.SZ,20260331,1.0769,1.3665,,386563.1508,
300195.SZ,20260331,2.6945,2.8926,,316933.4015,
603165.SH,20260331,5.5773,9.9571,,495407.936,
300085.SZ,20260331,5.6191,8.3198,,2652021.9279,
688112.SH,20260331,0.8245,2.6591,,610936.8681,
300806.SZ,20260331,2.9015,3.2226,,1907941.8171,
605399.SH,20260331,1.0796,2.9478,,436463.0485,
600388.SH,20260331,0.8408,1.1995,,2259412.3552,
300364.SZ,20260331,7.4056,8.5032,,1943638.3148,
301626.SZ,20260331,4.6552,4.6552,,2839944.0,
000592.SZ,20260331,23.2496,28.1072,,2468815.98,
600061.SH,20260331,0.4682,1.2976,,4431031.9058,
688252.SH,20260331,0.7119,1.8762,,836039.621,
002467.SZ,20260331,11.4467,13.1352,,1013649.0704,
300164.SZ,20260331,25.6074,28.7795,,900930.161,
601236.SH,20260331,0.3318,1.4311,,3613059.4104,
300487.SZ,20260331,0.6414,0.7851,,3337881.2452,
605011.SH,20260331,2.3546,11.7809,,834608.6,
301291.SZ,20260331,5.2004,5.2004,,1576922.2,
600345.SH,20260331,11.0082,16.9583,,1421617.1253,
000931.SZ,20260331,1.8601,2.7131,,388613.5227,
605580.SH,20260331,1.1286,4.3214,,588000.0,
688084.SH,20260331,2.0121,4.1314,,486487.7944,
603235.SH,20260331,0.1789,1.9152,,1159679.22,
603987.SH,20260331,1.2266,2.0798,,379134.4838,
301234.SZ,20260331,1.1014,1.5517,,252688.0,
000922.SZ,20260331,1.4685,2.3083,,935450.0173,
688585.SH,20260331,0.5906,2.7883,,4637449.7868,
688226.SH,20260331,3.7201,7.0301,,801352.0824,
600256.SH,20260331,3.74,5.8129,,4263465.977,
600030.SH,20260331,0.8397,1.1394,,35628594.5769,
603057.SH,20260331,0.442,1.8935,,1011048.0,
000828.SZ,20260331,1.1812,3.9145,,1038477.475,
002183.SZ,20260331,8.0641,11.9168,,1490683.2182,
002617.SZ,20260331,2.6561,2.9224,,1393696.9857,
301089.SZ,20260331,2.0847,2.9214,,353438.7885,
300688.SZ,20260331,2.5665,3.0232,,408573.2716,
688682.SH,20260331,2.0816,5.4468,,448498.4936,
688167.SH,20260331,6.7789,7.8633,,2920344.6705,
688689.SH,20260331,1.8341,5.2421,,395088.495,
300644.SZ,20260331,2.3708,3.3158,,317106.0221,
300222.SZ,20260331,2.2029,2.3022,,829647.7954,
920184.BJ,20260331,2.0818,2.8542,,196400.903,
600533.SH,20260331,2.0945,3.7051,,266700.0,
002736.SZ,20260331,0.2247,0.8179,,11480993.9703,
688220.SH,20260331,1.822,2.7266,,2807635.567,
920418.BJ,20260331,1.4146,2.5518,,378275.7888,
300337.SZ,20260331,12.0233,17.8796,,1116188.5869,
300871.SZ,20260331,2.7836,5.1972,,480852.1227,
920407.BJ,20260331,1.9539,3.323,,156252.72,
300500.SZ,20260331,2.5151,4.6774,,187370.9339,
603125.SH,20260331,1.6523,1.6523,,687817.0011,
688300.SH,20260331,2.0046,5.1256,,2029790.0111,
603072.SH,20260331,1.336,1.5972,,945065.28,
300664.SZ,20260331,3.2077,4.5408,,428041.0839,
003006.SZ,20260331,0.8884,2.2231,,746298.2112,
300066.SZ,20260331,1.6101,2.5076,,644820.6224,
002691.SZ,20260331,1.3974,3.8913,,259080.0,
600968.SH,20260331,0.5377,2.9308,,4564131.7854,
001277.SZ,20260331,3.3882,6.6153,,265316.0,
300412.SZ,20260331,2.3544,3.12,,258833.4512,
301622.SZ,20260331,1.4993,1.4993,,692577.0511,
301196.SZ,20260331,8.2535,14.5886,,1248124.8205,
300026.SZ,20260331,1.321,2.0437,,1063470.8123,
002973.SZ,20260331,0.696,0.8801,,517370.742,
688210.SH,20260331,2.8965,4.3416,,689356.7442,
300932.SZ,20260331,6.1252,9.7491,,419016.1334,
688807.SH,20260331,9.9339,9.9339,,1670880.0,
300586.SZ,20260331,1.3808,2.0732,,651474.4468,
688107.SH,20260331,2.5903,7.8318,,1202548.101,
002767.SZ,20260331,1.4949,3.2281,,307950.0,
603863.SH,20260331,7.146,10.0473,,337058.55,
002139.SZ,20260331,0.9123,0.9598,,1502436.1605,
688297.SH,20260331,1.374,3.5089,,3361500.0,
300503.SZ,20260331,10.9021,14.5875,,1603703.9624,
920060.BJ,20260331,2.52,3.4087,,472706.8573,
300817.SZ,20260331,1.8276,2.322,,385951.2883,
300955.SZ,20260331,3.1368,7.0481,,375580.8,
002060.SZ,20260331,3.4039,4.7748,,1471722.1509,
002877.SZ,20260331,3.5163,4.6018,,304958.0466,
301600.SZ,20260331,4.876,4.876,,1067080.4115,
002250.SZ,20260331,3.0072,4.0751,,1490190.0474,
000503.SZ,20260331,0.9228,1.2729,,769692.443,
002492.SZ,20260331,1.4383,2.4894,,299700.0,
301086.SZ,20260331,3.5837,4.9933,,1152630.0,
688411.SH,20260331,7.4942,9.4535,,4207500.8906,
688095.SH,20260331,1.5463,2.5709,,638054.9156,
300860.SZ,20260331,2.4998,4.1296,,452658.6366,
301510.SZ,20260331,1.1497,1.2774,,1200030.0,
000537.SZ,20260331,3.8379,12.3698,,2078330.7959,
600312.SH,20260331,1.1323,1.933,,2751836.4147,
002786.SZ,20260331,0.8705,1.3933,,370222.164,
000421.SZ,20260331,1.2907,2.811,,384284.126,
605108.SH,20260331,0.6979,2.2223,,430300.0,
300591.SZ,20260331,2.9461,3.2275,,286811.3603,
300057.SZ,20260331,16.6067,18.6623,,604180.3519,
002769.SZ,20260331,1.7428,2.3214,,398330.3636,
600609.SH,20260331,0.9299,1.3023,,533564.4502,
920717.BJ,20260331,2.4064,2.9371,,100230.32,
600075.SH,20260331,1.9591,3.4479,,1242960.8355,
002377.SZ,20260331,2.7132,3.3968,,302387.3163,
002911.SZ,20260331,0.7502,5.009,,1880074.8262,
300349.SZ,20260331,1.6913,2.3898,,570330.5989,
300482.SZ,20260331,0.6745,1.0713,,858467.7231,
002557.SZ,20260331,0.5349,0.9329,,1070895.4309,
603406.SH,20260331,3.1784,3.1784,,1375234.38,
300053.SZ,20260331,5.6427,6.8014,,1177020.7315,
001258.SZ,20260331,6.4573,16.5696,,852133.3339,
603628.SH,20260331,7.2134,13.1318,,413752.0388,
600459.SH,20260331,2.4546,3.9977,,1481623.8957,
600962.SH,20260331,0.7756,1.3991,,495052.48,
601985.SH,20260331,0.7083,1.7429,,18614041.877,
600642.SH,20260331,0.4125,1.1874,,4360624.724,
600295.SH,20260331,0.4502,1.9516,,4170176.6185,
600444.SH,20260331,1.4053,2.5397,,250088.6599,
605100.SH,20260331,1.0857,2.4013,,690602.85,
301399.SZ,20260331,39.184,46.3241,,460514.78,
600606.SH,20260331,0.4934,1.7787,,2136241.1837,
300320.SZ,20260331,2.4833,3.0024,,592816.9123,
003036.SZ,20260331,9.7951,31.2045,,602530.8862,
301233.SZ,20260331,2.1,2.8862,,260283.79,
300313.SZ,20260331,4.2261,8.7686,,194460.7641,
605118.SH,20260331,0.3573,2.7238,,1600065.92,
300890.SZ,20260331,4.7201,4.9314,,360766.7239,
002436.SZ,20260331,3.0999,3.2085,,3407845.4938,
301290.SZ,20260331,2.2949,2.2954,,266661.4151,
002173.SZ,20260331,5.4607,6.8057,,1099680.6052,
002321.SZ,20260331,1.3777,2.3029,,458571.3653,
002872.SZ,20260331,2.3233,2.3411,,159954.0,
688696.SH,20260331,0.899,1.1699,,622337.76,
301190.SZ,20260331,1.0442,2.1655,,476063.757,
002156.SZ,20260331,2.2324,2.9956,,6272228.0373,
920190.BJ,20260331,0.7688,1.4575,,214300.0021,
000062.SZ,20260331,3.2601,10.7457,,2584441.9347,
300556.SZ,20260331,2.6138,2.6836,,212617.7324,
600189.SH,20260331,2.5021,4.3889,,535683.1612,
688136.SH,20260331,4.9586,9.8194,,595721.46,
601121.SH,20260331,1.5247,3.4181,,722434.177,
600995.SH,20260331,1.1066,5.0615,,4468016.1154,
300233.SZ,20260331,2.2233,2.8892,,533969.5505,
688579.SH,20260331,1.3508,1.7913,,405210.13,
300701.SZ,20260331,1.2988,2.3213,,316097.863,
300847.SZ,20260331,1.2813,3.3794,,455559.39,
002153.SZ,20260331,0.9452,1.9543,,2688255.9334,
002410.SZ,20260331,1.8381,2.1946,,1828702.3866,
002929.SZ,20260331,4.2248,6.469,,1376950.7081,
002489.SZ,20260331,0.935,1.7847,,743972.5954,
002283.SZ,20260331,3.6483,4.659,,1031208.7461,
600255.SH,20260331,2.0001,2.2341,,605059.2299,
002583.SZ,20260331,1.2042,1.3114,,1814982.1422,
300040.SZ,20260331,19.6094,20.962,,468402.7974,
920445.BJ,20260331,1.9553,2.2681,,145526.7366,
688310.SH,20260331,0.9801,2.8398,,251157.9516,
000796.SZ,20260331,2.4304,2.8579,,851611.9144,
002948.SZ,20260331,1.5746,2.6324,,3014943.747,
300611.SZ,20260331,8.531,9.9323,,596497.0457,
920028.BJ,20260331,20.84,20.84,,274809.92,
300951.SZ,20260331,1.803,5.1056,,615432.3689,
688011.SH,20260331,2.8435,5.9897,,681000.0,
688668.SH,20260331,3.0451,5.6257,,1753416.9295,
000723.SZ,20260331,2.8309,4.526,,2074045.4936,
688037.SH,20260331,2.0731,2.8958,,3378466.9718,
688708.SH,20260331,0.636,0.8306,,2102452.56,
603379.SH,20260331,0.6149,1.4994,,3762382.305,
000762.SZ,20260331,6.9469,8.78,,1512459.073,
002724.SZ,20260331,1.6701,4.116,,535419.6078,
300163.SZ,20260331,3.5094,3.732,,216144.0,
300205.SZ,20260331,3.662,6.0238,,257173.488,
002828.SZ,20260331,12.3745,14.5054,,259876.9668,
002362.SZ,20260331,1.2371,1.5618,,451507.7312,
001216.SZ,20260331,1.6324,5.3053,,439255.5248,
600703.SH,20260331,3.9029,6.6024,,5822184.8544,
002441.SZ,20260331,1.7743,2.6096,,538553.6293,
002607.SZ,20260331,1.782,2.1266,,1615858.6399,
600598.SH,20260331,4.2893,11.9623,,2968725.448,
600281.SH,20260331,1.753,3.1015,,276233.8874,
600008.SH,20260331,1.0671,1.9899,,2297604.8819,
000819.SZ,20260331,1.2041,1.8134,,530977.9751,
002661.SZ,20260331,1.7731,2.9356,,305487.3094,
300107.SZ,20260331,2.3957,2.9953,,393947.5876,
000001.SZ,20260331,0.6001,1.4271,,21501757.3634,
002130.SZ,20260331,2.2075,2.5517,,3285535.6386,
603789.SH,20260331,2.0458,3.585,,147194.103,
002078.SZ,20260331,0.5595,1.0175,,4144295.5815,
002361.SZ,20260331,23.7032,26.2788,,1569207.6989,
600696.SH,20260331,0.987,2.9897,,53849.5784,
688403.SH,20260331,2.963,4.016,,1282116.4196,
601939.SH,20260331,1.0628,1.5355,,252444368.1079,
603727.SH,20260331,4.2851,7.999,,534984.907,
002066.SZ,20260331,1.4163,2.3655,,467464.93,
688313.SH,20260331,7.5115,11.7552,,3760074.2626,
688336.SH,20260331,2.2446,14.0361,,4671497.7897,
301658.SZ,20260331,32.8572,32.8572,,1958762.8913,
002939.SZ,20260331,0.3777,1.0759,,3586605.5639,
603272.SH,20260331,12.962,29.7412,,341969.1,
000815.SZ,20260331,15.277,22.8601,,1308485.0319,
601128.SH,20260331,0.9863,1.1775,,2367995.2629,
000831.SZ,20260331,2.2891,3.6943,,5092798.6528,
603917.SH,20260331,1.7302,2.5717,,265807.36,
002788.SZ,20260331,27.3176,44.481,,628231.5621,
000848.SZ,20260331,0.5112,0.9052,,813960.0591,
600168.SH,20260331,1.3047,3.2681,,511599.748,
601568.SH,20260331,1.1831,3.1389,,1640527.7785,
601086.SH,20260331,0.7911,3.0513,,586080.0,
002189.SZ,20260331,1.1266,1.949,,503069.7998,
688613.SH,20260331,1.838,2.4556,,284977.8547,
300933.SZ,20260331,2.1843,3.535,,422900.9209,
600510.SH,20260331,0.8041,2.0097,,829748.4674,
002157.SZ,20260331,1.4558,1.4558,,2812049.4271,
301319.SZ,20260331,1.9756,3.8328,,506515.1508,
301283.SZ,20260331,1.1733,1.9666,,356090.1158,
300957.SZ,20260331,0.7478,1.7069,,1607562.0,
600623.SH,20260331,1.7988,5.2138,,2046409.3539,
301115.SZ,20260331,1.9527,2.844,,367600.2746,
002277.SZ,20260331,4.276,6.2903,,794678.496,
002219.SZ,20260331,4.1833,6.1643,,846845.4383,
600681.SH,20260331,6.33,12.6633,,592657.826,
000089.SZ,20260331,0.371,0.8621,,1376066.3405,
300479.SZ,20260331,1.9592,2.6776,,355067.6387,
600319.SH,20260331,0.9885,1.7163,,293883.7131,
002891.SZ,20260331,2.8084,5.6126,,1109415.5949,
301133.SZ,20260331,1.5317,3.3616,,439101.8458,
300982.SZ,20260331,2.7391,6.4375,,461946.2059,
600081.SH,20260331,0.3316,1.314,,623813.5198,
603662.SH,20260331,0.7269,1.5648,,1552708.3402,
300716.SZ,20260331,3.6311,4.4509,,231868.98,
601016.SH,20260331,11.0592,19.7844,,2756482.9353,
600769.SH,20260331,4.4897,5.6177,,526842.966,
688015.SH,20260331,2.1169,4.5651,,427173.1999,
003041.SZ,20260331,2.091,6.4621,,711072.0,
002174.SZ,20260331,1.3202,1.6194,,934739.6625,
605178.SH,20260331,2.1242,3.6952,,634904.64,
600433.SH,20260331,2.9868,4.9889,,651103.8747,
002368.SZ,20260331,1.7204,2.6173,,1243346.4156,
603458.SH,20260331,3.89,4.2965,,294491.7825,
600990.SH,20260331,1.4622,2.7179,,613118.1107,
603517.SH,20260331,0.5955,1.1401,,709022.2651,
600115.SH,20260331,0.9153,2.0355,,9387288.0848,
600589.SH,20260331,8.8245,10.4502,,1585627.4425,
603222.SH,20260331,2.4971,3.9858,,469431.0098,
000937.SZ,20260331,1.0031,3.544,,2028255.8919,
002838.SZ,20260331,1.2943,2.6675,,1198387.997,
688262.SH,20260331,2.5544,3.4368,,1102415.7146,
300733.SZ,20260331,5.9969,8.1769,,586898.4576,
002507.SZ,20260331,1.0787,1.6687,,1441244.866,
002333.SZ,20260331,2.2564,7.0786,,377282.9632,
000534.SZ,20260331,4.0517,5.3743,,1805839.9407,
003042.SZ,20260331,22.1084,42.9186,,265155.28,
002475.SZ,20260331,2.2994,3.6836,,35890759.9426,
600361.SH,20260331,2.5332,5.0792,,1545322.446,
603100.SH,20260331,1.1873,2.5881,,987858.3638,
300865.SZ,20260331,2.3893,3.89,,250203.2,
300096.SZ,20260331,0.7899,0.9425,,338410.0,
600038.SH,20260331,1.2057,2.1399,,2767959.4871,
600128.SH,20260331,1.7554,2.3877,,272589.6921,
603698.SH,20260331,3.845,12.4764,,1641737.37,
920166.BJ,20260331,4.1379,4.1379,,204047.0598,
002730.SZ,20260331,15.8277,31.7096,,959511.682,
002284.SZ,20260331,4.1145,7.1607,,974134.2587,
002537.SZ,20260331,2.5596,3.4203,,911036.9941,
600593.SH,20260331,3.3565,7.2328,,472341.345,
000809.SZ,20260331,6.764,10.2944,,318369.4391,
601882.SH,20260331,0.5646,2.4226,,969876.0,
000564.SZ,20260331,2.0703,2.9386,,3340741.7205,
000617.SZ,20260331,2.8903,14.4676,,12894920.6606,
300936.SZ,20260331,8.083,12.27,,433753.6,
002268.SZ,20260331,1.0064,1.5845,,1413903.5308,
688507.SH,20260331,1.8975,1.8975,,740048.4511,
001316.SZ,20260331,3.7303,11.982,,545071.5137,
603838.SH,20260331,0.9522,2.6207,,284174.208,
002519.SZ,20260331,13.6004,20.5864,,993512.052,
603529.SH,20260331,3.2103,10.683,,2807633.7968,
000900.SZ,20260331,1.0159,1.9009,,626863.1019,
600958.SH,20260331,0.4146,0.6473,,7680967.344,
601156.SH,20260331,0.8607,1.351,,2725832.8897,
600770.SH,20260331,1.1293,2.0218,,716300.0,
600097.SH,20260331,1.8839,3.2948,,259729.6106,
688089.SH,20260331,0.9414,1.7502,,302956.416,
603813.SH,20260331,1.3334,3.8039,,266002.995,
300174.SZ,20260331,1.7705,2.2928,,577273.4206,
688007.SH,20260331,1.2107,1.8258,,620481.1073,
002416.SZ,20260331,1.9297,3.7804,,1618502.0386,
000953.SZ,20260331,2.3057,3.4936,,256285.5365,
301428.SZ,20260331,10.2832,10.2832,,342274.6678,
600810.SH,20260331,1.0972,2.5873,,855680.086,
300073.SZ,20260331,3.1022,4.0399,,2795492.2788,
603477.SH,20260331,3.1257,5.8267,,801830.6861,
603376.SH,20260331,2.9873,2.9873,,1325203.313,
301119.SZ,20260331,2.2721,6.7435,,426712.0,
000858.SZ,20260331,0.4595,1.023,,40085365.8676,
603162.SH,20260331,3.4466,3.4466,,1225817.0729,
300322.SZ,20260331,3.7777,4.6496,,1093050.6515,
300371.SZ,20260331,1.9597,2.8609,,246491.1876,
603180.SH,20260331,0.4937,1.6616,,288460.8518,
603001.SH,20260331,1.5751,3.0176,,361683.96,
603161.SH,20260331,0.9435,1.6957,,278003.0182,
688323.SH,20260331,2.9629,5.2835,,366840.4565,
301602.SZ,20260331,1.1914,3.3063,,849806.0018,
002742.SZ,20260331,1.6635,1.9268,,305793.6123,
603590.SH,20260331,1.296,2.3742,,587384.702,
002258.SZ,20260331,1.7458,2.9594,,1152629.6083,
688369.SH,20260331,3.2274,4.0884,,248294.943,
601107.SH,20260331,2.4387,18.8856,,1770616.74,
000980.SZ,20260331,2.0698,2.8205,,1200126.3619,
920198.BJ,20260331,1.2252,1.2539,,136191.108,
300994.SZ,20260331,15.1355,22.8885,,385061.376,
000521.SZ,20260331,0.8844,1.2348,,635462.9322,
688509.SH,20260331,2.1435,2.1435,,338800.0,
300863.SZ,20260331,2.8772,6.5154,,975503.5338,
300427.SZ,20260331,9.3581,11.3602,,626497.0071,
300743.SZ,20260331,2.0325,2.9361,,260843.6032,
002449.SZ,20260331,2.2677,2.8879,,469424.1713,
002846.SZ,20260331,2.1516,3.1809,,601010.8931,
003033.SZ,20260331,6.4253,19.9205,,495486.75,
002798.SZ,20260331,1.3173,1.9066,,309549.617,
002627.SZ,20260331,2.0827,3.128,,575333.4941,
002384.SZ,20260331,4.0873,4.6393,,18920505.8056,
003020.SZ,20260331,1.1714,1.9218,,461572.1557,
603992.SH,20260331,2.37,10.5387,,1397796.9421,
001314.SZ,20260331,1.2116,2.6161,,561835.326,
300662.SZ,20260331,1.8784,2.6642,,460526.8801,
001308.SZ,20260331,0.4474,2.4003,,1396093.3903,
300749.SZ,20260331,7.5932,10.7499,,611815.1508,
002228.SZ,20260331,1.9013,3.2939,,479287.3235,
000635.SZ,20260331,2.1876,3.7942,,336984.2477,
603070.SH,20260331,0.6965,2.6798,,583856.0,
002923.SZ,20260331,2.6835,4.8376,,524777.7792,
603810.SH,20260331,1.5292,2.78,,258587.8813,
300840.SZ,20260331,2.7017,3.0248,,417120.0,
003008.SZ,20260331,2.1261,3.3481,,236496.0,
688198.SH,20260331,0.2648,0.9898,,1368389.9532,
601126.SH,20260331,2.7473,4.6373,,3589294.206,
688125.SH,20260331,1.5531,5.0829,,1765716.654,
002306.SZ,20260331,3.1752,3.8593,,197436.0875,
001239.SZ,20260331,6.5269,7.4706,,380640.0,
000002.SZ,20260331,1.0185,1.5288,,4760353.0789,
300929.SZ,20260331,5.1005,6.3285,,172169.2417,
301563.SZ,20260331,10.3065,10.3065,,873858.0486,
600182.SH,20260331,1.1107,1.1107,,463080.0,
603187.SH,20260331,1.897,2.3739,,543301.0464,
301108.SZ,20260331,1.5373,2.7353,,331365.6059,
688511.SH,20260331,1.3629,3.0234,,275684.9297,
002211.SZ,20260331,0.9125,1.4615,,156123.7562,
301366.SZ,20260331,1.1256,1.5287,,638666.3406,
688799.SH,20260331,5.3368,11.5643,,722128.68,
002702.SZ,20260331,10.7605,14.2964,,327342.64,
300800.SZ,20260331,1.3055,2.5734,,275350.717,
920266.BJ,20260331,0.5548,1.0148,,95232.0054,
688393.SH,20260331,1.6122,2.7175,,220164.7957,
603168.SH,20260331,2.2978,4.0704,,263759.186,
920010.BJ,20260331,9.9127,19.1177,,289373.0,
002407.SZ,20260331,5.0621,5.4091,,3311783.407,
002468.SZ,20260331,1.3725,3.5044,,2268648.81,
300168.SZ,20260331,1.5496,1.9462,,799548.8597,
001233.SZ,20260331,4.5758,4.5758,,1153592.5908,
688816.SH,20260331,5.6195,5.6195,,615300.0,
688238.SH,20260331,1.4636,1.9403,,435503.6257,
688607.SH,20260331,2.7321,3.6287,,524191.4526,
002716.SZ,20260331,9.7898,11.3159,,3398998.7298,
002287.SZ,20260331,0.3748,1.9805,,1315299.7487,
688239.SH,20260331,2.2565,2.9284,,1077440.9917,
688383.SH,20260331,2.2239,7.106,,768040.954,
688093.SH,20260331,0.7488,2.3099,,852363.6846,
600508.SH,20260331,2.8922,7.7701,,967719.402,
603078.SH,20260331,1.9016,3.2665,,836447.1909,
300455.SZ,20260331,2.4099,5.354,,1752789.2997,
603598.SH,20260331,4.7386,9.4502,,534004.1049,
002797.SZ,20260331,4.1821,5.2977,,2996311.2,
301120.SZ,20260331,9.2865,12.0101,,792655.2114,
002214.SZ,20260331,0.3983,0.4347,,1069211.559,
000697.SZ,20260331,0.9566,1.4424,,1305342.5605,
000026.SZ,20260331,0.7574,1.3698,,564823.4977,
603636.SH,20260331,0.8525,1.2794,,533931.6812,
920571.BJ,20260331,9.1618,11.8694,,544854.7114,
002640.SZ,20260331,3.4635,3.765,,556220.7548,
600021.SH,20260331,1.3855,3.2401,,5148753.7746,
001226.SZ,20260331,1.9893,3.2499,,306805.4703,
300910.SZ,20260331,1.5979,2.2523,,1436469.8394,
000978.SZ,20260331,9.8425,19.494,,360460.1,
603683.SH,20260331,3.4484,5.1384,,768376.1406,
000037.SZ,20260331,24.3743,41.2753,,784796.9,
920175.BJ,20260331,0.6834,0.8203,,115430.0,
601606.SH,20260331,4.2024,10.2225,,2947609.588,
600084.SH,20260331,0.6767,1.5488,,783237.6005,
300170.SZ,20260331,4.9142,4.9819,,1952453.973,
002323.SZ,20260331,9.9762,12.7147,,500521.8135,
920405.BJ,20260331,1.0896,2.0231,,295668.08,
600409.SH,20260331,1.5035,2.7596,,1432658.5169,
688260.SH,20260331,1.6785,2.7753,,312240.0,
300761.SZ,20260331,1.0041,1.86,,1651095.7321,
300385.SZ,20260331,27.3207,42.6816,,686946.9118,
601609.SH,20260331,2.7453,5.6382,,1778768.7006,
002177.SZ,20260331,6.5517,6.7288,,559475.6011,
605268.SH,20260331,1.6501,9.2158,,546274.26,
002486.SZ,20260331,2.8302,3.6009,,241514.9483,
300589.SZ,20260331,7.4067,8.5571,,602758.1216,
301331.SZ,20260331,1.1498,3.1835,,266489.9873,
600550.SH,20260331,2.6379,5.9111,,2764134.2485,
300270.SZ,20260331,3.3218,4.5711,,324608.062,
000798.SZ,20260331,2.9085,6.0186,,369883.1578,
301282.SZ,20260331,15.1507,24.6954,,521432.8896,
603712.SH,20260331,1.2466,2.4115,,1243692.0,
688079.SH,20260331,1.6358,3.6735,,493246.9928,
002578.SZ,20260331,9.243,15.7865,,440217.5558,
300396.SZ,20260331,0.9002,1.8801,,318241.0879,
002286.SZ,20260331,1.7741,2.1418,,366486.3869,
002574.SZ,20260331,1.8392,4.0075,,300960.0,
300131.SZ,20260331,5.9318,5.951,,1291652.1739,
600829.SH,20260331,1.4122,5.566,,590906.4803,
001225.SZ,20260331,13.3938,15.8348,,322747.32,
301379.SZ,20260331,2.3607,2.3613,,474199.514,
300343.SZ,20260331,1.5926,1.8132,,683071.267,
300683.SZ,20260331,18.3173,30.5025,,567558.0794,
301182.SZ,20260331,4.623,9.488,,556724.077,
600530.SH,20260331,0.9085,2.0625,,416906.96,
603577.SH,20260331,2.7754,6.9738,,361522.2806,
920016.BJ,20260331,1.1824,1.3206,,124171.8515,
300022.SZ,20260331,6.4297,8.8821,,462114.7553,
603073.SH,20260331,3.7175,4.0089,,228868.0,
301013.SZ,20260331,2.5363,2.7672,,501145.1121,
920964.BJ,20260331,0.8935,0.9824,,155157.552,
300354.SZ,20260331,2.8499,3.547,,478864.5359,
600455.SH,20260331,2.8994,3.6517,,166263.196,
600525.SH,20260331,1.1187,1.604,,725329.0836,
600380.SH,20260331,0.8463,1.658,,2048987.7923,
603191.SH,20260331,3.9437,6.5649,,691605.8833,
300633.SZ,20260331,1.1222,1.3662,,1106012.9072,
002500.SZ,20260331,0.4917,0.9374,,2006682.2948,
002312.SZ,20260331,2.035,3.6904,,2176528.7583,
688592.SH,20260331,2.6854,2.6854,,335520.7604,
920415.BJ,20260331,0.9959,1.3763,,169878.3878,
301320.SZ,20260331,3.5543,3.5543,,305048.76,
601330.SH,20260331,5.9122,18.8185,,1201690.9481,
603365.SH,20260331,0.6604,1.6395,,548354.7707,
603281.SH,20260331,0.8853,1.2853,,1234986.6689,
300005.SZ,20260331,5.2112,7.0349,,1316716.2571,
002938.SZ,20260331,1.8635,6.6953,,12093272.1505,
002659.SZ,20260331,1.4722,2.1031,,307516.1174,
920599.BJ,20260331,0.8391,1.2941,,832545.0,
688365.SH,20260331,2.7022,6.5571,,775852.5742,
603173.SH,20260331,0.8911,2.8493,,644320.0,
000570.SZ,20260331,3.2351,5.4804,,402950.4215,
003021.SZ,20260331,1.5675,3.6175,,2567833.92,
688206.SH,20260331,0.5745,1.2191,,1338607.0758,
600259.SH,20260331,3.4126,5.5448,,2643040.509,
300647.SZ,20260331,1.8917,2.2968,,273935.2934,
300276.SZ,20260331,1.5987,1.9194,,969521.7491,
300122.SZ,20260331,1.05,1.3651,,3581109.4615,
301387.SZ,20260331,2.0259,2.6452,,533522.5256,
002419.SZ,20260331,1.7392,3.5063,,668580.913,
300031.SZ,20260331,1.2987,1.346,,852568.271,
600893.SH,20260331,1.0657,2.1723,,12810845.9078,
688029.SH,20260331,0.6771,1.1883,,1355694.8446,
301116.SZ,20260331,0.7581,2.9668,,443591.8379,
300885.SZ,20260331,7.9699,15.0225,,592338.3466,
688199.SH,20260331,1.4597,2.0044,,375498.2676,
603087.SH,20260331,2.3395,3.8089,,3822751.8016,
600579.SH,20260331,0.8129,2.2126,,390931.8011,
603559.SH,20260331,0.9063,1.2881,,287314.317,
002658.SZ,20260331,2.8718,3.8617,,530860.3715,
603867.SH,20260331,3.0092,3.9304,,660072.265,
688658.SH,20260331,2.1739,3.9272,,770850.0,
601279.SH,20260331,1.3779,6.529,,677130.6156,
600908.SH,20260331,1.0545,1.3824,,1259747.2929,
001335.SZ,20260331,2.7807,2.7807,,385082.1125,
301252.SZ,20260331,10.3016,10.3016,,616319.0525,
300180.SZ,20260331,1.1439,1.5983,,1042547.6118,
605339.SH,20260331,0.1686,1.0533,,689472.251,
601000.SH,20260331,1.2755,2.9588,,2779260.52,
002262.SZ,20260331,0.5956,1.0084,,2275361.9459,
600138.SH,20260331,0.7809,1.0166,,664485.12,
300324.SZ,20260331,2.0691,2.2669,,811967.5797,
920832.BJ,20260331,1.0549,1.0999,,89918.9845,
600718.SH,20260331,0.9375,1.2145,,1080384.2834,
300530.SZ,20260331,1.0478,3.4888,,447761.3258,
688115.SH,20260331,1.1094,2.711,,264546.56,
600814.SH,20260331,0.9214,2.7421,,565275.4419,
601212.SH,20260331,1.9928,5.4849,,6012676.9029,
603211.SH,20260331,2.886,10.4185,,687946.048,
300317.SZ,20260331,14.8937,18.2212,,417584.7677,
300118.SZ,20260331,6.2046,6.7174,,1830862.264,
603518.SH,20260331,1.2076,1.8178,,307363.2658,
600691.SH,20260331,5.3389,10.7519,,786450.0261,
001269.SZ,20260331,2.2189,7.1621,,418687.6111,
000789.SZ,20260331,1.452,2.8659,,422625.93,
600435.SH,20260331,1.84,2.9852,,2215604.1023,
002184.SZ,20260331,1.5758,1.7763,,398712.1832,
601988.SH,20260331,0.3095,5.3365,,189138685.7348,
920834.BJ,20260331,1.6711,3.086,,141360.0059,
600236.SH,20260331,0.2243,1.7099,,7448847.0229,
688667.SH,20260331,1.4942,3.2431,,516257.3922,
920978.BJ,20260331,3.3733,3.5988,,492197.8315,
002745.SZ,20260331,3.1108,3.6894,,1249668.108,
603871.SH,20260331,0.981,2.4202,,1839971.645,
300363.SZ,20260331,3.0365,4.7481,,1141228.5696,
600620.SH,20260331,0.7274,1.8486,,434666.6125,
600056.SH,20260331,0.8251,1.7466,,1536268.5012,
002431.SZ,20260331,5.401,8.9698,,515487.7628,
301246.SZ,20260331,12.4323,13.8324,,924415.7148,
603699.SH,20260331,0.7573,2.0533,,3745391.6851,
002293.SZ,20260331,0.8844,1.685,,835510.166,
600098.SH,20260331,1.3761,5.1868,,2503187.5964,
688693.SH,20260331,23.1915,29.5243,,366210.5287,
300654.SZ,20260331,2.1501,4.0271,,381502.0958,
300288.SZ,20260331,1.2547,1.4337,,420737.0455,
002437.SZ,20260331,7.1508,7.6854,,775994.1078,
920371.BJ,20260331,0.4378,1.5057,,188188.111,
688256.SH,20260331,1.2132,2.5063,,41451652.211,
002476.SZ,20260331,1.5234,1.9378,,350676.0,
300578.SZ,20260331,2.1261,2.924,,396341.2103,
002495.SZ,20260331,3.235,3.9259,,249812.0352,
688776.SH,20260331,1.7028,4.0369,,918007.5589,
603023.SH,20260331,5.5682,10.7577,,294685.9909,
002327.SZ,20260331,1.5534,2.022,,580904.1585,
688305.SH,20260331,0.8531,1.5374,,745606.4636,
001872.SZ,20260331,0.1157,1.2954,,5410308.7073,
000877.SZ,20260331,0.2051,1.0872,,3569466.8304,
600664.SH,20260331,1.7622,3.2991,,886515.4764,
603085.SH,20260331,1.4435,2.5672,,428868.0,
002978.SZ,20260331,0.8872,2.352,,1541991.1928,
688098.SH,20260331,0.5498,0.9704,,354385.772,
300432.SZ,20260331,6.8797,11.4579,,3949546.159,
301221.SZ,20260331,2.1244,3.046,,439122.3243,
002246.SZ,20260331,8.901,16.6585,,1372586.985,
000952.SZ,20260331,1.8874,2.5321,,251393.9958,
603215.SH,20260331,1.216,3.205,,371744.4319,
301130.SZ,20260331,3.4836,4.2745,,238204.4491,
920344.BJ,20260331,0.3057,0.7959,,234971.49,
002832.SZ,20260331,2.1112,2.604,,977050.5278,
605499.SH,20260331,2.0099,5.9711,,11593007.1049,
600630.SH,20260331,1.0743,1.5366,,336915.2464,
688646.SH,20260331,1.3779,1.3851,,472696.2922,
600807.SH,20260331,2.3256,2.9594,,284852.3834,
601328.SH,20260331,0.7796,0.885,,61854648.9561,
688712.SH,20260331,5.841,5.841,,1585017.0,
600559.SH,20260331,1.1419,1.5283,,1238568.0392,
300420.SZ,20260331,1.6244,1.911,,398548.9313,
300639.SZ,20260331,2.0418,3.417,,407295.4246,
688382.SH,20260331,1.87,2.5704,,1100018.8299,
301258.SZ,20260331,1.0794,2.8389,,291052.25,
688100.SH,20260331,0.3969,1.3825,,1787767.2963,
601686.SH,20260331,0.3331,0.6569,,863541.4215,
002860.SZ,20260331,2.0147,3.2151,,461511.158,
000751.SZ,20260331,3.2912,4.3074,,851437.3236,
002580.SZ,20260331,25.4042,33.059,,799263.2967,
605258.SH,20260331,2.3749,5.7947,,290136.0,
000028.SZ,20260331,1.3573,3.902,,1454861.1113,
301004.SZ,20260331,0.2554,0.8709,,670125.4698,
688268.SH,20260331,8.6852,19.0002,,1091967.0307,
600742.SH,20260331,1.5714,2.7536,,757175.9797,
300642.SZ,20260331,2.4405,2.8606,,268847.8438,
688591.SH,20260331,1.8676,1.8682,,851269.1433,
600399.SH,20260331,2.5769,3.7347,,1185232.1,
600015.SH,20260331,0.6887,2.0787,,11649727.6386,
920274.BJ,20260331,1.3342,4.3388,,168116.0014,
688289.SH,20260331,0.8177,1.5572,,1046374.7388,
300823.SZ,20260331,4.6103,6.1751,,211013.1732,
600586.SH,20260331,2.422,3.5769,,819221.1906,
301592.SZ,20260331,3.2725,3.2725,,794010.0,
300545.SZ,20260331,7.5725,8.8138,,562875.2762,
920593.BJ,20260331,1.0842,2.1012,,478805.8503,
603980.SH,20260331,2.497,3.8536,,435880.6838,
002342.SZ,20260331,18.4516,25.5124,,1382400.0,
000830.SZ,20260331,1.796,3.5167,,3056432.0127,
003030.SZ,20260331,2.5007,3.7831,,257545.92,
000156.SZ,20260331,0.6595,1.2579,,1369317.0746,
688657.SH,20260331,2.2729,2.6499,,295534.9532,
300098.SZ,20260331,1.9645,2.0704,,905384.5653,
002181.SZ,20260331,8.3081,25.4715,,1428101.554,
000927.SZ,20260331,3.0675,9.7894,,2020818.1161,
603657.SH,20260331,3.8807,11.916,,377720.9997,
603612.SH,20260331,2.1149,2.8504,,1288596.2354,
603779.SH,20260331,2.6194,3.9257,,209544.2178,
300576.SZ,20260331,1.8283,2.1469,,1230628.6743,
600697.SH,20260331,1.9777,2.6415,,191860.2185,
300179.SZ,20260331,6.1415,7.8834,,992333.989,
002883.SZ,20260331,3.25,5.0953,,153190.1798,
300713.SZ,20260331,4.3751,6.1142,,253953.296,
603610.SH,20260331,1.9468,4.4871,,547490.0042,
301512.SZ,20260331,2.599,3.7013,,236853.6294,
920748.BJ,20260331,6.3873,16.4768,,294067.68,
688139.SH,20260331,0.5609,1.0573,,987774.4096,
002521.SZ,20260331,1.5518,1.819,,455329.6337,
603358.SH,20260331,7.855,20.9888,,1620613.6122,
300731.SZ,20260331,6.1201,7.6617,,832857.3749,
000910.SZ,20260331,2.0382,3.8066,,384820.4425,
002933.SZ,20260331,1.7175,2.766,,384438.6,
600867.SH,20260331,4.2085,7.2009,,1858657.1447,
600389.SH,20260331,2.2331,3.1435,,1250176.95,
002172.SZ,20260331,2.8628,4.1335,,310121.6058,
300985.SZ,20260331,1.8967,6.8572,,379552.8968,
600495.SH,20260331,5.9464,8.6705,,595638.1068,
301263.SZ,20260331,0.9635,1.2012,,1099485.54,
301103.SZ,20260331,1.0769,1.5113,,310522.0155,
300201.SZ,20260331,3.5584,4.733,,1072613.3542,
605218.SH,20260331,0.8992,2.7475,,406229.0282,
002245.SZ,20260331,8.3398,9.654,,1917633.1125,
000703.SZ,20260331,0.5244,1.578,,4391595.8779,
688005.SH,20260331,2.6797,3.6657,,2024817.2565,
920039.BJ,20260331,0.4928,1.5038,,143206.42,
601398.SH,20260331,0.1452,1.255,,272294380.416,
002031.SZ,20260331,2.4653,2.6697,,1394416.8548,
920261.BJ,20260331,0.9295,1.3878,,406130.1835,
300341.SZ,20260331,0.6648,1.7521,,732135.6254,
605123.SH,20260331,3.031,6.9663,,1182870.2477,
600717.SH,20260331,0.587,1.3723,,1331240.4775,
301262.SZ,20260331,2.6177,3.6425,,950343.0,
605068.SH,20260331,0.8916,2.6408,,422527.0795,
688033.SH,20260331,2.6686,3.5695,,454818.6642,
301667.SZ,20260331,29.3725,29.3725,,971078.8416,
603280.SH,20260331,7.0275,7.0275,,377688.8278,
920592.BJ,20260331,2.469,3.8147,,266057.935,
300850.SZ,20260331,9.8968,10.645,,1833572.0774,
300082.SZ,20260331,4.199,8.9394,,714783.2082,
002708.SZ,20260331,1.2902,1.8375,,658778.8173,
600733.SH,20260331,1.1322,1.7283,,4552515.0828,
600119.SH,20260331,2.7068,4.9973,,222449.6553,
301321.SZ,20260331,4.76,7.4994,,372310.695,
688813.SH,20260331,78.3126,78.3126,,791520.0,
688002.SH,20260331,1.2084,1.5675,,4659669.3867,
000860.SZ,20260331,0.8339,1.3528,,955395.8818,
300257.SZ,20260331,0.9588,2.3712,,2779197.1453,
301628.SZ,20260331,3.77,4.4121,,731597.5148,
600517.SH,20260331,0.3741,1.8336,,3648362.0047,
000572.SZ,20260331,9.0932,13.8836,,1009806.7656,
001256.SZ,20260331,4.6884,36.9816,,330005.4592,
300493.SZ,20260331,1.5649,2.0554,,770831.6547,
002127.SZ,20260331,1.0216,1.1487,,687363.7128,
603333.SH,20260331,1.0254,1.875,,479197.7688,
600821.SH,20260331,16.0452,21.3077,,1727311.3087,
600653.SH,20260331,1.0627,1.446,,348402.0767,
002344.SZ,20260331,0.7841,1.6681,,570764.5472,
301162.SZ,20260331,2.7909,3.1927,,867760.4736,
920077.BJ,20260331,2.6969,3.5916,,983779.3617,
300283.SZ,20260331,5.0942,5.932,,381679.2745,
688156.SH,20260331,9.9507,13.7631,,238491.1238,
001369.SZ,20260331,14.6199,14.6199,,1774409.0,
002105.SZ,20260331,2.4609,4.8836,,239155.9934,
601728.SH,20260331,0.1425,0.7701,,51884547.6423,
002461.SZ,20260331,0.4427,2.7913,,2073888.7858,
300501.SZ,20260331,11.2705,11.2705,,340239.9903,
002253.SZ,20260331,2.2605,2.7861,,251347.4698,
002360.SZ,20260331,4.006,4.2667,,255930.196,
300949.SZ,20260331,2.5999,5.2444,,227700.0,
002783.SZ,20260331,2.1705,2.7353,,459409.0352,
002732.SZ,20260331,2.0221,4.8178,,258683.4,
002752.SZ,20260331,1.1515,3.1904,,601781.7763,
603997.SH,20260331,0.98,1.6912,,1496183.4801,
301526.SZ,20260331,7.1613,9.373,,4253550.4381,
000998.SZ,20260331,3.1085,3.7626,,1454753.5804,
300135.SZ,20260331,2.8445,4.2908,,356659.2,
600410.SH,20260331,12.4398,12.4398,,2720403.3085,
600654.SH,20260331,1.5232,2.3574,,963981.5384,
601566.SH,20260331,1.4608,5.1131,,617734.9363,
688023.SH,20260331,2.7994,3.7366,,481745.9391,
603496.SH,20260331,2.8001,3.7891,,903310.2745,
300177.SZ,20260331,1.3147,1.4224,,605009.4507,
603966.SH,20260331,1.8686,2.9173,,489966.6418,
002739.SZ,20260331,1.3448,1.9217,,2063207.7977,
300572.SZ,20260331,4.2287,4.5974,,632925.0764,
002125.SZ,20260331,2.6429,4.5746,,822739.3038,
003017.SZ,20260331,2.698,3.2593,,255780.0,
600748.SH,20260331,1.905,4.5216,,940727.0749,
000965.SZ,20260331,5.3261,10.9702,,420625.9092,
603275.SH,20260331,2.7379,2.7379,,654596.1444,
300838.SZ,20260331,2.8692,4.4427,,207518.912,
600323.SH,20260331,0.5494,1.014,,2392228.5264,
002088.SZ,20260331,0.5694,1.6045,,512609.4634,
600103.SH,20260331,1.7725,2.4396,,768603.5742,
920663.BJ,20260331,1.6501,2.568,,192048.5094,
600192.SH,20260331,1.6635,2.7507,,381670.272,
300815.SZ,20260331,0.7554,1.3446,,812330.496,
600363.SH,20260331,1.0368,1.296,,2249031.5886,
600743.SH,20260331,0.6188,1.3583,,452797.4687,
688339.SH,20260331,1.8355,2.2553,,627307.6672,
002561.SZ,20260331,0.8478,1.3347,,337183.793,
002590.SZ,20260331,1.1865,2.2578,,628572.5496,
688275.SH,20260331,5.9207,9.9732,,1357160.7803,
600596.SH,20260331,1.5558,2.2262,,1442719.2454,
300961.SZ,20260331,12.232,15.5468,,255992.32,
603296.SH,20260331,1.629,1.8679,,8139063.2725,
600519.SH,20260331,0.4926,1.1358,,181579181.175,
300296.SZ,20260331,4.0423,4.3151,,1941775.691,
601567.SH,20260331,1.3996,2.9432,,3684459.0468,
605336.SH,20260331,1.6586,5.19,,284472.71,
002445.SZ,20260331,14.9558,23.7676,,957772.835,
002397.SZ,20260331,2.2828,3.4701,,285652.5112,
688496.SH,20260331,1.8584,3.9623,,267750.0,
300083.SZ,20260331,1.5238,1.6112,,1268625.2928,
300854.SZ,20260331,9.4253,15.0161,,286096.5563,
600560.SH,20260331,0.9252,1.6861,,321602.229,
301180.SZ,20260331,5.3812,12.3205,,793619.84,
000903.SZ,20260331,2.0625,3.1182,,504994.391,
301235.SZ,20260331,9.3589,12.6337,,478421.3129,
002547.SZ,20260331,1.584,2.1631,,377899.1513,
601965.SH,20260331,0.6686,1.787,,1728263.5703,
603729.SH,20260331,2.6528,3.7804,,161008.05,
000995.SZ,20260331,29.0565,42.9564,,266112.0,
603701.SH,20260331,2.1894,4.3067,,587802.9153,
300864.SZ,20260331,0.8919,3.147,,326085.5604,
600403.SH,20260331,1.2917,8.332,,1396234.4428,
601966.SH,20260331,0.4923,1.0827,,2045976.7508,
603444.SH,20260331,1.7505,2.9643,,2612930.7333,
000035.SZ,20260331,3.1752,5.1284,,1616698.1846,
600197.SH,20260331,0.9663,1.7044,,569702.3593,
603580.SH,20260331,2.5642,7.8597,,228939.4464,
600516.SH,20260331,1.8651,3.024,,2294803.1098,
300436.SZ,20260331,5.1727,8.2122,,1579769.373,
603557.SH,20260331,1.6053,2.387,,236906.0174,
603861.SH,20260331,2.7991,6.1502,,863763.6721,
920471.BJ,20260331,3.3916,5.6519,,103001.6,
301207.SZ,20260331,1.2757,5.4093,,1156977.9375,
002629.SZ,20260331,5.9496,7.3658,,282502.974,
688557.SH,20260331,1.317,2.4286,,320360.4768,
002545.SZ,20260331,1.585,3.5156,,2720763.7755,
688629.SH,20260331,6.942,6.942,,4761133.9586,
002992.SZ,20260331,0.839,1.5312,,879745.0406,
000422.SZ,20260331,5.3817,8.1096,,1789080.3893,
300466.SZ,20260331,1.0401,1.7093,,455200.4218,
600173.SH,20260331,2.7107,6.7679,,508567.5331,
688484.SH,20260331,1.042,1.042,,1469878.3153,
300892.SZ,20260331,2.501,4.1801,,272100.0,
603321.SH,20260331,1.8646,4.1809,,259224.8755,
600303.SH,20260331,13.2238,15.7333,,226956.5981,
301525.SZ,20260331,2.5714,2.8839,,657164.3994,
000410.SZ,20260331,0.8215,1.1744,,1737791.8939,
300234.SZ,20260331,5.3084,6.2597,,311462.9047,
603400.SH,20260331,4.8294,4.8294,,670000.0,
300599.SZ,20260331,2.5516,2.9159,,328048.5154,
000554.SZ,20260331,9.2151,9.2151,,396173.694,
002038.SZ,20260331,20.3,27.2742,,779758.65,
000158.SZ,20260331,1.1462,1.7421,,2781593.0945,
002122.SZ,20260331,1.0713,1.6071,,584438.1679,
300223.SZ,20260331,4.9918,6.0212,,5032899.7409,
301183.SZ,20260331,11.9412,15.0351,,1281221.6,
600177.SH,20260331,0.5932,1.3927,,3546179.9388,
002160.SZ,20260331,13.6224,23.1286,,555636.2678,
301439.SZ,20260331,2.3907,3.8395,,607387.9238,
002817.SZ,20260331,2.8803,4.8109,,241073.125,
603876.SH,20260331,4.5859,8.3657,,2059256.144,
603611.SH,20260331,1.3501,2.0937,,522414.4041,
688053.SH,20260331,1.2099,2.7959,,371100.0,
601229.SH,20260331,0.257,0.3973,,14081128.9794,
603160.SH,20260331,0.6945,1.2488,,3066564.1939,
301217.SZ,20260331,3.3881,12.2647,,3108808.29,
300419.SZ,20260331,1.4611,1.7191,,264047.2069,
600481.SH,20260331,4.0228,6.8445,,1354090.1605,
002845.SZ,20260331,2.1409,2.53,,434333.5608,
002615.SZ,20260331,2.7893,3.5504,,358559.8859,
301030.SZ,20260331,6.0938,8.6599,,218776.3797,
920223.BJ,20260331,1.4973,2.3723,,244578.175,
002056.SZ,20260331,3.8221,7.6521,,3025684.4576,
600188.SH,20260331,1.2886,4.9045,,19422524.8526,
002459.SZ,20260331,2.362,4.4992,,3607559.4862,
688188.SH,20260331,0.4099,1.1577,,3737608.905,
600416.SH,20260331,1.0685,1.6607,,1880146.7572,
300897.SZ,20260331,1.2081,2.1488,,334704.6721,
300119.SZ,20260331,2.2818,2.8755,,810067.4526,
603937.SH,20260331,9.1028,24.6454,,289937.8987,
600580.SH,20260331,1.9854,3.2523,,5798580.2008,
600682.SH,20260331,1.6046,2.945,,932176.6292,
603298.SH,20260331,0.3733,0.9698,,3209039.5201,
300745.SZ,20260331,3.4139,3.8453,,461029.4322,
603936.SH,20260331,5.3048,6.87,,798714.2711,
002090.SZ,20260331,1.8067,2.2911,,424611.6953,
920422.BJ,20260331,1.9463,4.235,,95030.4305,
920640.BJ,20260331,3.1726,6.1671,,644845.68,
688615.SH,20260331,2.0369,2.2002,,2377200.0,
603418.SH,20260331,1.3946,1.3946,,961480.8511,
301678.SZ,20260331,2.7175,2.7175,,1394691.9289,
002536.SZ,20260331,6.1419,9.4021,,1579511.6202,
688273.SH,20260331,1.7241,4.3755,,375500.0,
301001.SZ,20260331,2.8646,4.8903,,224080.0,
601226.SH,20260331,2.401,6.5014,,1054136.8959,
688265.SH,20260331,0.7161,2.3095,,319884.2938,
300112.SZ,20260331,2.945,3.2984,,225505.5196,
002104.SZ,20260331,2.318,2.4242,,1091550.6363,
002415.SZ,20260331,0.258,0.6546,,27879539.2551,
300016.SZ,20260331,5.1785,6.5829,,562873.163,
002516.SZ,20260331,0.9707,1.8335,,814844.6298,
301046.SZ,20260331,2.2585,3.8938,,409740.5979,
603988.SH,20260331,1.8244,3.863,,570595.2,
688578.SH,20260331,1.3161,2.5589,,4320000.0,
001391.SZ,20260331,1.0615,1.1562,,6397453.7619,
300998.SZ,20260331,1.5026,2.332,,300812.1214,
001218.SZ,20260331,1.5792,1.9774,,316463.3501,
603619.SH,20260331,5.5787,6.9484,,1589057.2905,
002439.SZ,20260331,1.0613,1.1682,,1549380.8622,
603037.SH,20260331,2.2425,3.3961,,349131.2135,
300078.SZ,20260331,1.8135,2.1843,,441559.5309,
002946.SZ,20260331,0.5238,2.3465,,1547497.6002,
001267.SZ,20260331,7.0077,11.0249,,2964781.8241,
300465.SZ,20260331,2.133,2.9372,,649649.0586,
600689.SH,20260331,1.3444,2.0453,,263499.6507,
301550.SZ,20260331,3.5212,5.0361,,3562097.55,
603615.SH,20260331,2.8102,6.0073,,462359.84,
300346.SZ,20260331,2.4627,2.8278,,3119882.2601,
601857.SH,20260331,0.1446,2.0359,,223102571.9601,
603707.SH,20260331,0.6589,2.0796,,1581706.9156,
601500.SH,20260331,0.6361,0.7861,,683405.7661,
001205.SZ,20260331,1.5345,1.7763,,267341.0253,
300486.SZ,20260331,1.6674,2.322,,1093148.2124,
920050.BJ,20260331,2.3343,2.473,,216438.5101,
688389.SH,20260331,0.5076,0.7985,,522752.5906,
600977.SH,20260331,1.3599,4.1669,,2507381.0,
601218.SH,20260331,13.8531,19.0271,,593048.5093,
300926.SZ,20260331,4.2791,9.1932,,1123151.2485,
300046.SZ,20260331,1.5778,2.1414,,713378.6149,
600053.SH,20260331,0.6709,2.5345,,652045.3632,
300224.SZ,20260331,2.7839,4.6409,,1311356.8876,
002514.SZ,20260331,4.2974,5.4146,,341296.2411,
600880.SH,20260331,1.3434,2.086,,528079.4004,
300140.SZ,20260331,3.5567,3.5567,,2172445.9782,
301503.SZ,20260331,2.5308,3.2089,,279440.0,
300100.SZ,20260331,1.2856,2.4383,,1714232.8712,
000513.SZ,20260331,0.8993,1.5486,,3019772.2886,
603136.SH,20260331,1.6574,3.0953,,304162.6755,
688117.SH,20260331,2.4416,3.663,,556988.9761,
600938.SH,20260331,1.9639,2.5228,,190119815.936,
300496.SZ,20260331,2.1987,2.3976,,2691825.0232,
600085.SH,20260331,0.6445,1.3553,,3809944.3878,
002953.SZ,20260331,2.1691,2.961,,563350.2766,
920839.BJ,20260331,2.1283,4.2658,,379335.7969,
002138.SZ,20260331,2.3225,2.5072,,2731806.5834,
002840.SZ,20260331,5.9183,10.2446,,864735.3717,
300370.SZ,20260331,1.8394,2.2968,,400736.3136,
600088.SH,20260331,0.7232,1.6773,,570310.9776,
300380.SZ,20260331,1.4231,2.3372,,482183.2112,
002409.SZ,20260331,5.1175,6.1267,,3747454.5366,
301538.SZ,20260331,3.4339,3.9833,,589568.0,
600558.SH,20260331,1.5029,2.2557,,504453.915,
002208.SZ,20260331,7.0237,17.2823,,973589.7755,
002254.SZ,20260331,1.7314,2.7166,,897338.8706,
601068.SH,20260331,2.3456,20.2896,,1789713.9239,
301057.SZ,20260331,1.968,2.8865,,381203.3984,
300120.SZ,20260331,1.3349,1.4408,,440560.1435,
603880.SH,20260331,2.1562,4.0872,,203774.61,
603595.SH,20260331,0.8854,1.7523,,357031.4127,
300218.SZ,20260331,1.1,1.7401,,334593.954,
920119.BJ,20260331,2.0846,2.0846,,603527.4983,
000560.SZ,20260331,4.6868,6.3318,,685450.7476,
301555.SZ,20260331,5.4143,6.6313,,297283.3074,
688619.SH,20260331,1.6253,3.4519,,275004.6163,
300182.SZ,20260331,3.9073,4.1952,,1518380.6102,
603956.SH,20260331,1.0872,1.9359,,329405.8333,
688287.SH,20260331,2.3365,4.7391,,110413.6488,
001222.SZ,20260331,1.1138,1.5637,,365936.13,
300338.SZ,20260331,2.5423,2.8209,,152192.1336,
002222.SZ,20260331,7.82,9.6149,,3198640.5,
002240.SZ,20260331,6.3017,8.4964,,3670328.4267,
601222.SH,20260331,1.6099,2.6552,,1262883.6926,
301596.SZ,20260331,1.1742,1.3956,,495246.8954,
600261.SH,20260331,0.9783,1.834,,488629.3856,
688182.SH,20260331,0.8257,2.7885,,1064000.0,
000629.SZ,20260331,1.143,2.5657,,3093885.6324,
300433.SZ,20260331,0.964,2.5526,,14769916.9543,
000813.SZ,20260331,1.4514,2.4444,,738181.1501,
603004.SH,20260331,2.7655,2.7655,,508252.16,
600722.SH,20260331,18.4314,41.9294,,1011635.3582,
000600.SZ,20260331,4.219,7.4702,,1658975.6259,
600322.SH,20260331,2.8715,3.773,,269790.8,
600448.SH,20260331,3.7691,4.6323,,212249.2261,
688253.SH,20260331,0.7727,1.5265,,493554.4905,
603377.SH,20260331,0.9413,1.4821,,267396.3112,
002487.SZ,20260331,3.7285,6.1481,,4445112.9625,
300263.SZ,20260331,3.1343,3.6519,,971870.9176,
603421.SH,20260331,5.584,11.2461,,589580.2219,
688006.SH,20260331,2.0412,5.8585,,1621463.4003,
603258.SH,20260331,1.4768,2.7847,,402429.555,
300146.SZ,20260331,0.8474,1.0071,,1857461.38,
920505.BJ,20260331,1.7787,3.59,,242151.2361,
601801.SH,20260331,0.4998,2.2741,,1223707.0231,
920221.BJ,20260331,1.235,2.0575,,158974.8,
300879.SZ,20260331,5.5103,10.6167,,530284.9425,
603190.SH,20260331,3.3046,3.3532,,308361.04,
688711.SH,20260331,1.4471,1.759,,554467.4474,
920833.BJ,20260331,3.6108,6.2305,,128646.32,
601991.SH,20260331,2.158,7.9651,,7291643.9386,
002129.SZ,20260331,2.3855,3.4046,,3549855.6487,
300645.SZ,20260331,2.6475,3.7611,,236323.0596,
600572.SH,20260331,1.8538,2.7238,,1116137.018,
300386.SZ,20260331,1.3507,1.6636,,584425.512,
600233.SH,20260331,0.3482,0.7257,,6896487.9621,
603319.SH,20260331,2.9819,3.8981,,1025927.776,
603110.SH,20260331,2.6864,3.3102,,311700.2079,
301073.SZ,20260331,2.1283,5.2383,,528906.8451,
603991.SH,20260331,1.8952,2.5962,,1508771.9348,
000803.SZ,20260331,2.7777,4.0334,,392621.3608,
688105.SH,20260331,0.2697,0.8261,,777571.0335,
920101.BJ,20260331,2.226,2.226,,306669.7186,
601868.SH,20260331,2.9581,7.9076,,12090437.4544,
600779.SH,20260331,0.7758,2.1123,,1598522.9862,
301687.SZ,20260331,11.0967,11.0967,,756643.328,
601456.SH,20260331,0.3978,0.6193,,5157978.2678,
002664.SZ,20260331,1.5062,3.0848,,793949.0,
603301.SH,20260331,1.7335,3.7957,,2637886.0138,
300377.SZ,20260331,3.5846,4.2194,,1334532.4732,
301590.SZ,20260331,5.0849,5.0849,,692278.5931,
000517.SZ,20260331,0.9417,3.1884,,620864.8846,
002546.SZ,20260331,3.0383,4.9206,,738133.45,
300989.SZ,20260331,2.0498,2.769,,297241.9834,
920035.BJ,20260331,7.4266,7.4266,,190905.0,
300819.SZ,20260331,7.3428,18.2348,,609651.63,
001378.SZ,20260331,2.9473,2.9473,,310400.6208,
688505.SH,20260331,0.6479,1.4912,,826147.9637,
605158.SH,20260331,0.5538,2.0138,,383565.0,
688193.SH,20260331,1.1249,2.0601,,205959.1318,
300612.SZ,20260331,3.5388,4.463,,268335.8356,
300235.SZ,20260331,3.9927,5.0894,,317704.2534,
600360.SH,20260331,0.8816,1.1349,,848901.0487,
300161.SZ,20260331,1.2087,1.7985,,547012.5822,
001282.SZ,20260331,2.8227,3.8923,,436372.5184,
300779.SZ,20260331,3.9074,4.7348,,1834922.9139,
300434.SZ,20260331,1.7328,2.9462,,397726.4333,
000695.SZ,20260331,9.4716,13.5105,,307535.0885,
920112.BJ,20260331,0.7255,0.7255,,279580.75,
000905.SZ,20260331,5.3537,11.1902,,1821465.6453,
301332.SZ,20260331,0.8337,1.1287,,421406.5625,
301278.SZ,20260331,5.5645,6.7753,,337661.4503,
920725.BJ,20260331,2.5582,4.0235,,258764.625,
920068.BJ,20260331,3.7458,3.7458,,1352502.8309,
000573.SZ,20260331,2.4854,3.1357,,269992.6955,
300521.SZ,20260331,3.3204,4.4045,,395287.2,
600639.SH,20260331,0.8479,2.4343,,1232409.3565,
301149.SZ,20260331,3.1541,4.0139,,492780.0206,
600835.SH,20260331,0.8213,2.0999,,2238776.3452,
000973.SZ,20260331,7.1845,7.1845,,4498573.2818,
000501.SZ,20260331,0.9471,1.6616,,659026.7705,
000822.SZ,20260331,5.6136,9.4087,,552271.7183,
688588.SH,20260331,0.9112,1.7123,,464411.6135,
300812.SZ,20260331,7.6889,10.2251,,462674.4268,
301205.SZ,20260331,9.5679,13.8993,,2707497.792,
600386.SH,20260331,0.8319,1.8487,,329817.6,
605116.SH,20260331,3.4019,12.1887,,1193772.5247,
002651.SZ,20260331,1.3629,2.5945,,977653.16,
002335.SZ,20260331,5.4729,7.2643,,2851785.8889,
301539.SZ,20260331,1.6975,2.7181,,279720.0,
603811.SH,20260331,2.0456,2.7583,,388182.9235,
301268.SZ,20260331,0.9543,2.3608,,810002.8882,
002586.SZ,20260331,0.4912,0.8549,,535496.6982,
301165.SZ,20260331,0.9466,7.8887,,6089999.9965,
000850.SZ,20260331,0.764,1.4257,,466170.5144,
300241.SZ,20260331,6.338,6.7717,,451670.1813,
688378.SH,20260331,1.3298,1.9298,,902701.0913,
603193.SH,20260331,4.4279,4.5358,,899815.5303,
920000.BJ,20260331,2.2663,4.2253,,145404.48,
301383.SZ,20260331,1.478,2.2826,,440427.1872,
300221.SZ,20260331,2.5828,2.5828,,457647.0257,
002426.SZ,20260331,3.3767,3.9284,,1201126.9483,
603919.SH,20260331,1.9603,4.9304,,893792.1147,
300778.SZ,20260331,1.3728,3.1701,,249686.7211,
600027.SH,20260331,2.5083,5.8525,,5469145.6407,
300353.SZ,20260331,1.8427,1.9211,,1180594.3315,
603755.SH,20260331,0.9578,2.6326,,273159.8964,
301023.SZ,20260331,2.5906,3.1987,,301176.1025,
600959.SH,20260331,0.949,2.0011,,1940278.4622,
002163.SZ,20260331,3.0388,4.2373,,1107739.7636,
002065.SZ,20260331,0.8172,1.1589,,2551563.9705,
688041.SH,20260331,0.623,1.6334,,48871532.7014,
603016.SH,20260331,6.65,14.7242,,713094.08,
920856.BJ,20260331,1.3624,2.2907,,120810.8176,
002926.SZ,20260331,0.3969,0.7371,,2184000.0,
000776.SZ,20260331,0.6698,1.3545,,14053422.5378,
600265.SH,20260331,0.4988,1.3975,,270892.6,
600702.SH,20260331,1.9321,2.771,,1504735.6508,
002201.SZ,20260331,7.1394,10.8974,,757201.312,
603722.SH,20260331,0.811,1.3946,,320228.8365,
301398.SZ,20260331,4.2857,4.7672,,529872.0,
600824.SH,20260331,0.8188,1.3571,,422664.8563,
600011.SH,20260331,1.0896,2.7385,,11020061.538,
920180.BJ,20260331,3.7417,3.9134,,194903.0259,
688196.SH,20260331,1.6517,6.4006,,890462.7558,
300483.SZ,20260331,14.2572,17.5218,,767410.5228,
603370.SH,20260331,1.3226,1.3226,,755434.1,
600367.SH,20260331,11.7363,17.4213,,712281.3234,
301487.SZ,20260331,3.6372,3.9717,,938996.3828,
600251.SH,20260331,1.6913,3.05,,893542.6205,
002943.SZ,20260331,3.026,3.3488,,945193.5441,
688343.SH,20260331,2.4561,2.7031,,2682641.2148,
688314.SH,20260331,7.3646,19.9798,,405545.9466,
002991.SZ,20260331,1.6201,2.2785,,454800.0394,
300428.SZ,20260331,1.1916,2.8496,,1406813.3468,
600935.SH,20260331,1.9883,5.5294,,1020905.6079,
002591.SZ,20260331,4.1282,4.8069,,210439.8383,
600820.SH,20260331,1.8539,3.0838,,1999645.1158,
301169.SZ,20260331,1.2212,3.1489,,368847.5443,
000690.SZ,20260331,8.1579,10.0196,,1072712.716,
000733.SZ,20260331,1.5807,2.2912,,2515375.0473,
600551.SH,20260331,0.4782,1.2616,,539053.915,
002020.SZ,20260331,1.7526,2.3311,,1353537.8081,
300757.SZ,20260331,4.6856,7.0126,,6379332.3128,
603011.SH,20260331,3.3551,5.1635,,1022943.4702,
300484.SZ,20260331,1.5392,1.6713,,343684.9101,
920183.BJ,20260331,7.2413,7.2413,,185919.696,
605198.SH,20260331,2.1303,12.3267,,1348448.58,
605050.SH,20260331,3.2801,9.0151,,703267.2413,
300166.SZ,20260331,8.8507,9.4528,,1611325.2334,
600571.SH,20260331,1.2113,1.5126,,616006.4862,
002091.SZ,20260331,1.3856,2.4499,,1476337.2238,
920914.BJ,20260331,1.0108,1.7428,,224095.5,
300321.SZ,20260331,1.5442,3.2356,,295082.4,
002861.SZ,20260331,2.8365,3.3978,,279053.3751,
300668.SZ,20260331,9.4371,15.2453,,449624.0547,
920058.BJ,20260331,13.0856,25.7105,,185938.1169,
920634.BJ,20260331,2.2699,4.8412,,127689.7145,
603055.SH,20260331,0.8627,2.9056,,835985.3035,
600285.SH,20260331,0.8384,1.0684,,1267503.1112,
002062.SZ,20260331,1.563,2.4647,,919292.2705,
600854.SH,20260331,1.9084,2.8149,,267521.1471,
688308.SH,20260331,19.352,32.9733,,1241990.52,
000626.SZ,20260331,2.0873,5.11,,408847.8792,
603042.SH,20260331,15.3689,19.9547,,325515.6057,
688377.SH,20260331,0.5925,0.9241,,708110.2226,
002017.SZ,20260331,1.4053,2.5202,,1102240.1952,
000525.SZ,20260331,3.1297,3.9787,,759741.4294,
300351.SZ,20260331,4.4564,6.0796,,609025.1846,
001331.SZ,20260331,3.709,15.0731,,1528894.08,
688327.SH,20260331,1.8437,1.8437,,1309609.6837,
300139.SZ,20260331,22.187,23.5137,,1627834.0,
600171.SH,20260331,1.0171,1.3586,,1914801.8414,
601579.SH,20260331,1.7607,4.2569,,802142.2833,
600476.SH,20260331,4.9012,8.0793,,182009.1,
300492.SZ,20260331,0.557,1.603,,1134849.7047,
600352.SH,20260331,0.9712,1.2961,,4232584.7499,
688230.SH,20260331,0.4546,1.8185,,713714.4,
600706.SH,20260331,1.8972,2.8335,,251999.0676,
300260.SZ,20260331,2.4223,3.8731,,1864492.4701,
301517.SZ,20260331,5.2869,8.6151,,832108.0648,
301193.SZ,20260331,1.9137,4.3466,,429587.9335,
300101.SZ,20260331,2.7011,3.8205,,1147169.514,
000669.SZ,20260331,6.0218,7.5945,,349049.7129,
605389.SH,20260331,0.7181,2.8828,,1033248.379,
600477.SH,20260331,2.8682,4.7007,,764305.7733,
000928.SZ,20260331,1.8873,3.6756,,981296.9208,
002969.SZ,20260331,8.1027,16.4161,,2649571.6525,
688337.SH,20260331,1.9223,4.8667,,804578.8306,
688091.SH,20260331,2.4377,4.5513,,1178210.748,
002662.SZ,20260331,2.1305,3.6748,,591000.0,
600482.SH,20260331,1.4496,2.8841,,7106415.8709,
600667.SH,20260331,9.5578,14.3764,,1869838.7071,
920278.BJ,20260331,2.1797,2.4204,,129479.0,
688416.SH,20260331,5.8923,9.0652,,591332.5284,
002218.SZ,20260331,22.4537,36.3772,,979223.2405,
603178.SH,20260331,0.5347,1.3703,,362655.8255,
920493.BJ,20260331,2.5951,3.5404,,849843.9614,
600731.SH,20260331,4.1639,5.4963,,390560.9488,
603600.SH,20260331,0.8174,1.6931,,339024.4324,
301273.SZ,20260331,2.2306,4.098,,211486.57,
002771.SZ,20260331,16.2345,16.5787,,359325.9033,
920427.BJ,20260331,1.6772,2.8342,,120105.675,
600594.SH,20260331,2.1355,2.7886,,313603.2504,
603993.SH,20260331,1.1627,2.859,,36691241.9518,
301037.SZ,20260331,3.2597,5.6016,,203125.2932,
600060.SH,20260331,2.5435,4.8752,,2917917.9599,
603156.SH,20260331,0.3509,0.8673,,3775791.5877,
601598.SH,20260331,0.8385,4.1921,,4419030.7558,
300275.SZ,20260331,1.6779,1.7537,,335417.5191,
920608.BJ,20260331,0.5836,0.7685,,100704.32,
301630.SZ,20260331,4.3746,4.3746,,676000.0,
301500.SZ,20260331,6.2428,6.2428,,1082319.5578,
300598.SZ,20260331,1.1914,1.6225,,793068.2634,
600577.SH,20260331,1.8829,2.2249,,2544731.0139,
688798.SH,20260331,1.1033,1.3746,,1529323.8522,
920260.BJ,20260331,2.3021,5.3616,,102721.6,
601003.SH,20260331,0.6152,3.6213,,1217010.4582,
601001.SH,20260331,1.61,3.7843,,2749889.1,
300832.SZ,20260331,0.3527,0.6956,,3855522.078,
600400.SH,20260331,0.998,2.6774,,490353.5763,
688213.SH,20260331,4.0314,4.4014,,3323053.9615,
301393.SZ,20260331,6.1831,6.1831,,561708.0,
600111.SH,20260331,1.9989,3.2256,,17236633.9347,
688410.SH,20260331,1.0998,2.0632,,480359.7349,
300621.SZ,20260331,2.3899,3.9272,,168733.9837,
300971.SZ,20260331,2.8759,3.2661,,263424.0,
300808.SZ,20260331,1.3662,2.6466,,424000.0,
603809.SH,20260331,2.0837,3.0386,,994832.2004,
603010.SH,20260331,1.0467,2.0267,,646767.7165,
600107.SH,20260331,1.5623,1.994,,222840.0,
603279.SH,20260331,1.0948,1.9884,,973493.997,
002737.SZ,20260331,0.692,1.5985,,728248.0,
002193.SZ,20260331,3.6211,4.9363,,159908.2011,
603393.SH,20260331,4.3949,7.7901,,1525692.8559,
301009.SZ,20260331,1.7037,2.4145,,313726.44,
002313.SZ,20260331,1.1285,1.9942,,325728.0,
002385.SZ,20260331,2.9615,3.1089,,1702831.1117,
300652.SZ,20260331,1.4253,2.6385,,547034.7358,
603609.SH,20260331,0.2713,0.5826,,616729.6793,
002238.SZ,20260331,0.8312,2.4201,,594696.3376,
605183.SH,20260331,0.8555,2.6462,,763561.4542,
001400.SZ,20260331,29.4977,29.4977,,999900.0,
688038.SH,20260331,1.363,2.3737,,226928.13,
603128.SH,20260331,1.4531,2.6814,,743538.4086,
688163.SH,20260331,4.0269,9.8214,,299444.74,
300920.SZ,20260331,6.6967,8.6362,,406200.0,
600536.SH,20260331,0.8695,1.368,,3385910.1536,
600268.SH,20260331,9.3407,20.3207,,1572567.9643,
300588.SZ,20260331,1.3961,1.9161,,448425.1523,
600009.SH,20260331,0.3551,0.7072,,6872720.6165,
920419.BJ,20260331,0.5423,0.9958,,134298.32,
603028.SH,20260331,1.9812,2.7983,,244271.04,
688691.SH,20260331,5.7242,5.7242,,1065600.0,
603112.SH,20260331,1.7337,4.2409,,869877.817,
002421.SZ,20260331,1.7778,2.0809,,549230.6445,
600736.SH,20260331,0.8645,1.5381,,702288.6733,
688311.SH,20260331,2.5568,3.9285,,650676.5778,
601007.SH,20260331,5.6714,10.0386,,326430.0,
600059.SH,20260331,0.7135,1.1605,,809449.6627,
000932.SZ,20260331,1.3325,2.6398,,3474272.8441,
301208.SZ,20260331,1.2777,1.6841,,395040.1975,
600305.SH,20260331,0.6654,1.1416,,845344.2474,
600292.SH,20260331,1.1581,2.0584,,5882616.9279,
920781.BJ,20260331,1.6108,1.7549,,116543.5587,
600406.SH,20260331,0.8115,1.8905,,20874534.2494,
000055.SZ,20260331,1.0498,1.3708,,389816.3444,
000997.SZ,20260331,1.1543,1.6647,,2036326.8092,
000049.SZ,20260331,3.8436,7.053,,1001598.7425,
301213.SZ,20260331,2.7581,5.2533,,537679.9933,
002440.SZ,20260331,2.3953,3.5893,,1266747.8929,
920892.BJ,20260331,0.2851,0.8773,,239684.3537,
605196.SH,20260331,2.1775,3.3522,,2405801.0929,
002534.SZ,20260331,0.8213,2.471,,1350871.246,
600881.SH,20260331,1.1453,1.353,,533304.913,
688231.SH,20260331,1.1964,2.9918,,738102.8576,
003037.SZ,20260331,0.4926,1.4918,,430734.6935,
688386.SH,20260331,1.8787,2.7344,,781930.3203,
603111.SH,20260331,2.2181,2.9785,,590491.0103,
002984.SZ,20260331,1.61,2.078,,1761175.2276,
600372.SH,20260331,0.8406,1.879,,6290565.619,
301098.SZ,20260331,3.4691,3.7056,,155057.6931,
603120.SH,20260331,4.4665,4.4665,,345599.2,
301469.SZ,20260331,1.8613,3.7222,,278461.76,
688012.SH,20260331,1.2929,1.7208,,19183839.9159,
600971.SH,20260331,1.8387,4.0824,,890403.6239,
300992.SZ,20260331,20.1749,30.5334,,399280.4272,
002192.SZ,20260331,20.0734,27.1618,,1980649.8885,
688373.SH,20260331,2.2634,3.4025,,405549.1388,
688212.SH,20260331,1.2794,1.7818,,502301.3825,
002022.SZ,20260331,1.3129,1.6137,,302437.5401,
300236.SZ,20260331,2.2488,3.0033,,2302099.7791,
300909.SZ,20260331,1.1769,1.8017,,642940.5629,
600622.SH,20260331,1.5388,2.6879,,383919.4629,
688710.SH,20260331,3.3322,4.6436,,1000955.2665,
301305.SZ,20260331,3.2804,3.2867,,563750.3127,
001260.SZ,20260331,1.2976,4.6998,,238280.0,
603273.SH,20260331,2.3436,2.3436,,392193.522,
688158.SH,20260331,6.7221,7.6005,,1834346.4256,
600241.SH,20260331,6.4042,12.4681,,289887.5833,
601766.SH,20260331,1.684,4.2062,,18195079.8318,
688420.SH,20260331,2.0841,2.0841,,213735.31,
300960.SZ,20260331,7.975,28.2523,,397077.2845,
688048.SH,20260331,8.6642,13.5114,,3631366.8258,
601169.SH,20260331,0.8789,1.2701,,11649784.3339,
001358.SZ,20260331,4.4021,4.6649,,311326.4,
001896.SZ,20260331,11.7125,30.7014,,2093371.9848,
603787.SH,20260331,15.8869,45.0808,,381118.1162,
300323.SZ,20260331,5.4577,5.4577,,1564570.8403,
688499.SH,20260331,3.1519,4.8771,,794711.2821,
601963.SH,20260331,0.6087,1.6606,,3637896.6765,
301459.SZ,20260331,2.7319,2.7319,,393163.9923,
002454.SZ,20260331,2.2934,4.0905,,580809.3984,
603949.SH,20260331,4.0611,13.5042,,354248.4028,
300513.SZ,20260331,2.0588,2.0765,,272283.9225,
600258.SH,20260331,2.0232,3.609,,1672671.4827,
300848.SZ,20260331,1.5694,2.858,,630278.4746,
300972.SZ,20260331,0.6375,1.2418,,3491104.2763,
600446.SH,20260331,1.1571,1.535,,1178466.8837,
300197.SZ,20260331,1.7902,2.7582,,518927.164,
300401.SZ,20260331,1.9275,2.7583,,758683.9874,
002532.SZ,20260331,5.2353,7.3351,,8234523.8613,
002807.SZ,20260331,1.3374,1.4193,,1117472.3262,
601688.SH,20260331,1.2702,1.7706,,16067817.5391,
300251.SZ,20260331,3.3979,6.8841,,4511859.0084,
300454.SZ,20260331,2.0941,2.5101,,4389818.7075,
688229.SH,20260331,4.4489,8.5857,,375180.0,
000056.SZ,20260331,8.4728,10.5966,,237688.1722,
920145.BJ,20260331,1.5157,2.4535,,101803.65,
603713.SH,20260331,0.5387,1.017,,905752.5443,
301210.SZ,20260331,4.1053,4.1053,,441609.0289,
300798.SZ,20260331,5.5197,7.0651,,448225.7089,
688538.SH,20260331,0.8286,1.0789,,3148551.7785,
002888.SZ,20260331,2.3978,3.5447,,268858.6533,
301173.SZ,20260331,1.6721,1.6721,,367852.0251,
000791.SZ,20260331,3.9477,9.7228,,2484781.2424,
002625.SZ,20260331,0.6937,0.9636,,8269308.2144,
600373.SH,20260331,0.5487,1.2491,,1139865.4763,
300507.SZ,20260331,1.078,1.6713,,650925.9354,
605338.SH,20260331,0.8431,2.3989,,602510.1549,
603489.SH,20260331,2.1046,7.8476,,777758.6004,
301303.SZ,20260331,1.891,1.8939,,591533.6,
002158.SZ,20260331,0.6919,1.7957,,1174788.9334,
688356.SH,20260331,0.9587,1.7374,,560533.7694,
002637.SZ,20260331,3.3917,5.3767,,534845.937,
601005.SH,20260331,1.385,2.1735,,1256950.4549,
920171.BJ,20260331,1.9659,3.2877,,169293.9339,
688443.SH,20260331,2.6919,2.6919,,940900.88,
301390.SZ,20260331,2.9124,3.2899,,225000.0,
300029.SZ,20260331,1.5508,1.778,,99651.7305,
002910.SZ,20260331,2.7933,4.9703,,217048.6752,
603357.SH,20260331,0.8567,1.6392,,451825.7947,
688233.SH,20260331,2.2058,3.8223,,1147009.132,
600563.SH,20260331,5.2872,9.2089,,2810475.0,
688016.SH,20260331,2.5999,4.3168,,1251603.536,
603630.SH,20260331,1.3919,3.3764,,356724.0547,
300709.SZ,20260331,5.9476,6.7593,,735188.9666,
600981.SH,20260331,0.8796,2.6988,,699639.1559,
300888.SZ,20260331,0.4287,1.4244,,1922853.026,
600176.SH,20260331,1.2888,2.4493,,9731625.3858,
600637.SH,20260331,0.786,1.4745,,3166909.6276,
300857.SZ,20260331,2.219,3.5329,,7244999.9367,
600032.SH,20260331,4.4883,19.3867,,2397461.298,
300919.SZ,20260331,1.4479,3.2506,,5148734.0585,
301125.SZ,20260331,3.2319,6.1545,,273876.3014,
600776.SH,20260331,2.102,4.8967,,1900328.0968,
600231.SH,20260331,0.9676,3.2421,,587022.5765,
301102.SZ,20260331,0.6139,2.4556,,435638.0,
600155.SH,20260331,0.7426,0.8298,,1392318.218,
600110.SH,20260331,18.8886,26.9314,,1599836.8193,
300266.SZ,20260331,1.7751,3.0077,,405543.709,
000705.SZ,20260331,1.6532,1.8591,,294028.4917,
603439.SH,20260331,0.4252,0.8456,,448187.5167,
300204.SZ,20260331,17.9855,28.262,,1434750.9827,
300328.SZ,20260331,8.3662,11.4857,,1199265.7932,
688151.SH,20260331,1.4719,4.9638,,717249.0,
603768.SH,20260331,0.8548,1.9542,,261751.4427,
002155.SZ,20260331,7.3098,11.2568,,4828592.5664,
300027.SZ,20260331,4.3932,4.4314,,446695.453,
688215.SH,20260331,1.1185,2.6811,,441644.6282,
600800.SH,20260331,5.8658,9.449,,519501.1611,
600716.SH,20260331,0.9545,1.9936,,423099.3867,
002701.SZ,20260331,0.7551,1.1364,,1305477.8392,
300979.SZ,20260331,0.0852,0.549,,5077617.0,
600489.SH,20260331,1.7211,3.1777,,12947171.8584,
920014.BJ,20260331,8.0753,12.4332,,157195.1985,
003027.SZ,20260331,3.16,4.512,,273080.7648,
600377.SH,20260331,0.2707,2.1874,,6070485.7375,
603163.SH,20260331,3.4501,12.6303,,1049000.0,
000739.SZ,20260331,0.6241,1.1832,,2065504.896,
002314.SZ,20260331,2.3471,3.676,,674237.8457,
301353.SZ,20260331,3.2083,3.2083,,264402.1036,
600744.SH,20260331,6.8994,15.3797,,1535529.9511,
002276.SZ,20260331,1.5678,2.1105,,1419549.9262,
688352.SH,20260331,2.1606,2.1606,,1422088.5964,
605077.SH,20260331,0.6575,1.0541,,451241.3502,
002517.SZ,20260331,1.6813,1.8837,,3781504.5242,
002841.SZ,20260331,0.7813,1.1255,,2268317.9202,
688475.SH,20260331,0.3236,1.6763,,2074275.0,
300987.SZ,20260331,2.3687,4.306,,291951.712,
688138.SH,20260331,0.495,1.224,,815646.8,
688018.SH,20260331,2.3839,3.912,,2456333.675,
603920.SH,20260331,2.411,4.6982,,3577020.2616,
601377.SH,20260331,1.0002,1.4131,,5069324.5416,
300916.SZ,20260331,1.5357,2.4379,,420914.0604,
300039.SZ,20260331,1.3692,1.9696,,616094.0,
003026.SZ,20260331,7.0187,9.0225,,461443.64,
688351.SH,20260331,0.9474,3.1839,,1031555.2,
301099.SZ,20260331,7.0601,9.1737,,638289.4615,
300132.SZ,20260331,3.1186,3.4394,,449425.3708,
605166.SH,20260331,1.0789,1.586,,322915.7912,
600326.SH,20260331,1.2708,1.6516,,1272541.7711,
001373.SZ,20260331,3.0747,3.5848,,236969.7636,
920029.BJ,20260331,0.621,0.621,,1127759.736,
301337.SZ,20260331,3.7069,4.3458,,285716.4,
300390.SZ,20260331,6.6984,8.1776,,4859892.1098,
301100.SZ,20260331,1.5622,2.7338,,369000.0,
300706.SZ,20260331,3.5158,4.9515,,481060.1039,
300069.SZ,20260331,23.3461,41.1137,,246636.0,
600730.SH,20260331,2.1547,2.6942,,519190.5618,
301520.SZ,20260331,4.1548,4.1548,,280333.3347,
300604.SZ,20260331,2.6324,2.9303,,7679637.3225,
920675.BJ,20260331,4.9431,7.8718,,170614.524,
301127.SZ,20260331,1.2728,2.3018,,1048180.5232,
601298.SH,20260331,0.2837,2.3093,,5588837.1,
601117.SH,20260331,1.835,3.2376,,5367759.5564,
688209.SH,20260331,0.9258,2.4232,,849349.1679,
000722.SZ,20260331,15.4747,31.9273,,678135.25,
300710.SZ,20260331,2.632,2.7598,,276085.5825,
600734.SH,20260331,2.6437,3.6174,,834290.0896,
301618.SZ,20260331,1.0008,1.0557,,423022.1675,
603607.SH,20260331,1.7601,3.4499,,385774.8048,
603588.SH,20260331,5.9853,7.297,,2277235.5132,
002432.SZ,20260331,14.0417,21.4786,,3421291.8628,
688050.SH,20260331,0.7778,1.0681,,1002988.8656,
300592.SZ,20260331,1.1417,1.9073,,470272.3884,
600684.SH,20260331,3.1805,4.616,,555249.2901,
920378.BJ,20260331,0.7642,1.2062,,133907.886,
002815.SZ,20260331,2.6618,3.2655,,1677211.6493,
688068.SH,20260331,3.1452,4.5134,,1133818.1062,
002862.SZ,20260331,1.9499,2.3551,,267120.0,
300408.SZ,20260331,0.8058,1.2441,,10128688.6057,
600819.SH,20260331,0.9413,2.5173,,700334.8213,
300580.SZ,20260331,2.2839,5.3319,,1125202.9869,
603086.SH,20260331,3.6396,5.5429,,326979.4835,
300103.SZ,20260331,2.421,3.2186,,222955.902,
603982.SH,20260331,1.4817,2.4799,,282609.8421,
603022.SH,20260331,2.3177,3.8803,,210800.0,
300009.SZ,20260331,2.1167,2.3881,,1579398.0691,
603079.SH,20260331,1.8628,3.5148,,315868.5017,
300681.SZ,20260331,1.9906,2.0996,,644246.4907,
002560.SZ,20260331,12.4941,13.8655,,567271.917,
300299.SZ,20260331,1.3935,1.9587,,413489.7509,
002879.SZ,20260331,3.5957,4.1057,,391622.2939,
920267.BJ,20260331,1.9945,2.7556,,92468.4409,
603352.SH,20260331,4.3129,4.3129,,845240.0012,
920057.BJ,20260331,1.6372,1.8431,,108032.925,
300399.SZ,20260331,1.6059,2.9198,,404487.2,
920076.BJ,20260331,2.5752,2.5752,,174377.9137,
688201.SH,20260331,1.7268,2.9522,,425620.4211,
603387.SH,20260331,8.6174,15.372,,508167.824,
300767.SZ,20260331,2.5063,3.38,,505059.9992,
300758.SZ,20260331,2.143,3.5171,,539205.2188,
000528.SZ,20260331,1.3647,1.844,,1898136.488,
300133.SZ,20260331,1.8965,2.3834,,1357666.8353,
300956.SZ,20260331,1.2849,2.5125,,312370.107,
600309.SH,20260331,0.5973,1.0271,,24871597.0686,
300106.SZ,20260331,2.6984,4.638,,210486.9808,
600271.SH,20260331,1.0087,1.904,,1587922.1348,
600095.SH,20260331,0.549,1.7801,,2650467.0378,
301083.SZ,20260331,1.9985,3.0207,,315891.2006,
603075.SH,20260331,7.2261,7.2261,,873388.3509,
002033.SZ,20260331,2.5742,4.6999,,499487.0563,
688195.SH,20260331,5.8401,8.9477,,3499434.9,
002856.SZ,20260331,3.5335,5.5057,,152091.5962,
002600.SZ,20260331,0.8568,2.0159,,9376202.7209,
600754.SH,20260331,1.2665,2.7061,,2865143.919,
002789.SZ,20260331,2.9392,6.1719,,188834.6171,
688072.SH,20260331,2.1357,3.3838,,10446761.374,
300240.SZ,20260331,1.7677,3.012,,261208.7539,
301329.SZ,20260331,4.7335,4.7335,,375120.8,
300405.SZ,20260331,4.467,5.3384,,182851.6275,
002393.SZ,20260331,3.0442,6.3975,,609450.4705,
920826.BJ,20260331,3.3896,3.5787,,138548.5926,
300724.SZ,20260331,8.0145,8.7854,,3668907.9912,
001288.SZ,20260331,3.2196,5.6607,,682327.5475,
603214.SH,20260331,1.9947,3.0849,,223187.998,
688677.SH,20260331,12.4377,18.8428,,655607.313,
300780.SZ,20260331,22.0242,24.9861,,330154.17,
300365.SZ,20260331,5.3694,5.6954,,392905.3322,
300948.SZ,20260331,2.8952,4.4604,,312259.4845,
920454.BJ,20260331,2.2786,3.6914,,141044.2,
605299.SH,20260331,10.1741,33.6976,,872880.1736,
300663.SZ,20260331,1.9983,2.1157,,630120.5425,
688597.SH,20260331,1.1892,1.6266,,295060.6835,
301489.SZ,20260331,5.9277,6.1662,,1331469.7591,
920022.BJ,20260331,1.2344,1.2344,,154421.76,
600035.SH,20260331,0.6866,1.4915,,621504.7378,
300293.SZ,20260331,0.8974,1.7769,,562145.6941,
002970.SZ,20260331,5.8143,8.6021,,1141645.4963,
300138.SZ,20260331,6.5075,7.2461,,584551.1125,
300868.SZ,20260331,9.6231,13.2002,,691708.512,
688078.SH,20260331,1.1824,2.2519,,178150.492,
920017.BJ,20260331,1.8466,3.2427,,209094.069,
920627.BJ,20260331,2.3845,3.8347,,182288.5,
301395.SZ,20260331,2.8791,2.8791,,381518.0381,
002230.SZ,20260331,1.1361,1.3314,,10683047.2652,
300984.SZ,20260331,1.9169,2.9499,,641593.9067,
002387.SZ,20260331,0.6701,1.1182,,1060168.1966,
603918.SH,20260331,1.3749,1.8297,,495085.8053,
001229.SZ,20260331,4.7327,8.4783,,369440.109,
002540.SZ,20260331,1.812,2.5747,,811992.1283,
600186.SH,20260331,12.6825,15.7549,,1272862.8951,
300737.SZ,20260331,2.2516,3.4878,,689291.5308,
600708.SH,20260331,2.2003,4.6378,,748821.9456,
003012.SZ,20260331,0.6791,1.6239,,719642.2803,
002941.SZ,20260331,2.2485,3.7802,,1142790.3354,
000063.SZ,20260331,1.4689,1.9279,,15517787.1734,
600918.SH,20260331,0.4937,0.7008,,4806432.9846,
600520.SH,20260331,1.7403,2.2351,,373894.8,
600483.SH,20260331,0.9399,2.7207,,2891343.312,
688480.SH,20260331,5.5612,12.4252,,733248.9689,
920701.BJ,20260331,0.449,1.2271,,206348.8,
301533.SZ,20260331,2.7495,2.7934,,309666.105,
600528.SH,20260331,6.7049,15.4653,,2037162.8062,
600903.SH,20260331,1.1497,3.383,,733706.0023,
301298.SZ,20260331,2.675,3.3132,,230916.4,
605056.SH,20260331,2.2769,6.3897,,980496.714,
001337.SZ,20260331,6.8269,16.959,,2106720.0,
300284.SZ,20260331,0.6556,1.1926,,823363.7086,
603677.SH,20260331,0.8178,3.1179,,294679.3235,
002567.SZ,20260331,1.2908,1.4545,,577519.7114,
601618.SH,20260331,0.9274,2.5732,,6217085.751,
002203.SZ,20260331,1.5259,2.5432,,3185539.8309,
300398.SZ,20260331,4.4602,5.6437,,1451382.912,
301220.SZ,20260331,2.8909,3.3815,,456158.0478,
301212.SZ,20260331,1.0622,3.6881,,288252.0,
300042.SZ,20260331,12.5019,16.6447,,835668.0,
688450.SH,20260331,4.6551,6.7909,,227898.0,
601136.SH,20260331,0.2224,1.2626,,4433467.4236,
002773.SZ,20260331,2.7784,6.0039,,2662617.5571,
600329.SH,20260331,1.9331,4.5442,,3149685.916,
920541.BJ,20260331,6.8084,10.3315,,177983.4,
600336.SH,20260331,1.2592,2.0524,,551428.2054,
603150.SH,20260331,3.8624,6.3731,,410318.4,
920547.BJ,20260331,0.9361,1.4727,,166951.512,
601199.SH,20260331,0.6322,1.7934,,535875.4973,
600936.SH,20260331,1.6366,2.4927,,668410.4956,
301629.SZ,20260331,4.216,4.216,,995195.4849,
003004.SZ,20260331,0.6853,1.382,,244031.8323,
600161.SH,20260331,0.3622,0.7261,,2987808.2549,
002185.SZ,20260331,3.2065,4.1262,,3801993.9751,
002142.SZ,20260331,0.3982,0.7976,,20107933.9616,
002098.SZ,20260331,0.8702,2.0559,,324706.0,
002337.SZ,20260331,1.1523,1.8345,,358466.9918,
002295.SZ,20260331,1.9259,2.7529,,268660.352,
600080.SH,20260331,1.585,2.1246,,318772.8234,
601908.SH,20260331,8.1512,15.0866,,1209716.0334,
300074.SZ,20260331,2.2232,2.6211,,231586.8796,
600179.SH,20260331,1.1706,1.9687,,1870334.9247,
920123.BJ,20260331,0.8122,1.2903,,135967.26,
300937.SZ,20260331,2.3397,2.8159,,281451.3784,
603960.SH,20260331,2.9273,4.7009,,534883.716,
603689.SH,20260331,0.7852,2.1361,,437463.9976,
603002.SH,20260331,2.9128,6.2134,,1115933.2529,
600584.SH,20260331,2.2577,2.9143,,6933981.4588,
688606.SH,20260331,0.4614,0.9766,,497725.2077,
688621.SH,20260331,2.0916,2.8885,,718816.0,
600535.SH,20260331,0.5165,1.0375,,2143818.2572,
920305.BJ,20260331,4.2504,6.894,,90677.6456,
300144.SZ,20260331,0.8108,1.2359,,2042001.3045,
000402.SZ,20260331,0.5017,1.0233,,765166.0562,
605162.SH,20260331,8.1434,32.1194,,465076.8653,
301322.SZ,20260331,1.2141,1.604,,416092.8007,
603392.SH,20260331,0.2157,0.815,,5025961.3959,
600362.SH,20260331,1.2054,2.8762,,14889736.4415,
603041.SH,20260331,1.3442,2.2736,,232414.4211,
002835.SZ,20260331,1.2838,1.6886,,341971.5445,
920770.BJ,20260331,2.6017,2.984,,203526.7217,
688080.SH,20260331,1.1211,1.5536,,373362.9331,
688077.SH,20260331,2.7496,4.5234,,311496.0094,
688178.SH,20260331,1.6072,3.3265,,239693.9201,
688396.SH,20260331,0.8204,2.4257,,5915850.3687,
002531.SZ,20260331,4.2109,8.5192,,1999925.9464,
603533.SH,20260331,2.7614,4.7585,,1079686.2141,
300298.SZ,20260331,0.8746,1.3526,,889144.2146,
001220.SZ,20260331,4.6762,4.6762,,357900.62,
600452.SH,20260331,2.846,4.8772,,1736292.069,
688516.SH,20260331,3.2842,5.9468,,2313890.6815,
920821.BJ,20260331,1.0432,1.9361,,269390.6174,
600206.SH,20260331,2.6658,3.984,,1733741.2239,
000559.SZ,20260331,1.9476,5.3744,,5115598.0791,
002981.SZ,20260331,2.0908,5.4818,,323642.3147,
301053.SZ,20260331,10.3108,26.8449,,364901.8416,
603093.SH,20260331,2.1457,9.3192,,1402434.4409,
600269.SH,20260331,0.9268,2.031,,1097641.2966,
300875.SZ,20260331,12.5081,22.2026,,436277.8619,
300557.SZ,20260331,2.7013,5.1552,,381821.6266,
300691.SZ,20260331,1.6879,2.2474,,410299.3682,
300563.SZ,20260331,1.9877,2.2803,,547320.2606,
301357.SZ,20260331,15.474,15.474,,1110984.0,
002725.SZ,20260331,2.6716,3.7979,,381184.0,
000010.SZ,20260331,5.8536,7.019,,446065.0893,
603218.SH,20260331,1.7083,4.1987,,1483691.4,
301312.SZ,20260331,9.2769,15.2825,,1042153.2632,
600348.SH,20260331,1.4752,3.3167,,3178207.5,
002471.SZ,20260331,24.688,29.6939,,1270209.28,
300193.SZ,20260331,1.4461,1.7116,,402431.0852,
300783.SZ,20260331,1.3725,1.6502,,740679.2956,
300700.SZ,20260331,1.7957,1.8253,,516137.4699,
600873.SH,20260331,1.1256,1.681,,3210856.6893,
002932.SZ,20260331,5.5575,6.8621,,373196.136,
002597.SZ,20260331,1.03,1.8556,,1312818.9182,
920751.BJ,20260331,1.2092,1.9238,,181543.76,
601869.SH,20260331,5.2422,19.783,,25622835.1875,
920091.BJ,20260331,8.2757,8.2757,,373093.764,
600777.SH,20260331,0.6441,2.5693,,3577060.804,
600759.SH,20260331,11.1946,12.76,,2360786.2803,
603059.SH,20260331,2.7107,9.6433,,314605.3284,
600096.SH,20260331,3.0745,4.9876,,6086966.0508,
601811.SH,20260331,0.285,1.9594,,1668153.032,
600355.SH,20260331,0.4505,0.5281,,32969.9764,
300534.SZ,20260331,1.7717,2.8414,,283020.885,
300525.SZ,20260331,1.3017,1.3714,,771347.1871,
300763.SZ,20260331,6.6364,9.9926,,3976601.8676,
000088.SZ,20260331,0.8736,1.9948,,2386562.8558,
300548.SZ,20260331,8.8051,10.983,,4465436.3293,
001336.SZ,20260331,3.7283,5.5222,,213954.257,
002072.SZ,20260331,2.2352,4.3058,,264729.6,
000155.SZ,20260331,7.3068,12.0695,,2929869.1588,
600327.SH,20260331,1.3404,2.4241,,350372.6891,
600859.SH,20260331,0.9662,1.4458,,1368948.4744,
601718.SH,20260331,0.9927,2.024,,1338848.3374,
002311.SZ,20260331,0.3331,0.7365,,8287138.6006,
688001.SH,20260331,0.728,3.6848,,1346359.7344,
600266.SH,20260331,1.4495,2.66,,1058629.1886,
688750.SH,20260331,1.0918,1.5741,,818625.0,
603655.SH,20260331,1.5749,4.8671,,395486.0,
603267.SH,20260331,1.9645,3.1234,,1142926.0918,
600183.SH,20260331,1.3511,2.6329,,13158538.8689,
688216.SH,20260331,1.7262,3.7576,,308757.6755,
600470.SH,20260331,10.4386,14.0102,,369292.8,
603248.SH,20260331,18.7037,18.7037,,1257640.0,
301368.SZ,20260331,3.0288,3.0288,,626922.0,
600847.SH,20260331,2.6189,4.776,,202186.0806,
300414.SZ,20260331,2.5192,4.4102,,448276.7658,
000415.SZ,20260331,1.2119,1.8509,,2665528.6725,
000429.SZ,20260331,0.5235,1.3705,,2728501.9944,
601952.SH,20260331,3.9677,12.339,,1405560.0,
300192.SZ,20260331,1.9962,3.0264,,608915.1587,
300693.SZ,20260331,4.8282,5.0739,,1366917.7465,
301292.SZ,20260331,26.2391,26.2391,,2078684.6087,
688110.SH,20260331,2.7582,4.2092,,4806370.3699,
002005.SZ,20260331,0.4138,0.6472,,478411.9862,
002151.SZ,20260331,5.3499,5.7822,,2056546.5384,
300393.SZ,20260331,5.0184,6.2696,,1058028.1646,
300675.SZ,20260331,1.6873,2.9528,,218533.383,
002859.SZ,20260331,2.419,5.1903,,1714556.5401,
000557.SZ,20260331,0.5645,1.0799,,688352.8749,
688500.SH,20260331,2.0732,3.1334,,390036.9578,
002255.SZ,20260331,2.8625,3.0108,,893197.1341,
002059.SZ,20260331,2.8625,6.5167,,518366.6243,
301006.SZ,20260331,2.6817,4.2027,,234686.8,
002793.SZ,20260331,1.8219,2.9379,,530743.1812,
688025.SH,20260331,8.1619,12.5579,,2029305.1811,
920252.BJ,20260331,3.8165,6.3685,,277670.0488,
002830.SZ,20260331,2.5978,3.8818,,282280.78,
601515.SH,20260331,1.5538,3.0903,,796730.8578,
002696.SZ,20260331,2.0228,3.6515,,239336.323,
002900.SZ,20260331,2.3729,4.0053,,372982.0145,
002741.SZ,20260331,3.7281,5.4116,,830994.868,
603656.SH,20260331,1.2269,2.1712,,382721.6889,
600844.SH,20260331,25.8524,36.2371,,495047.3049,
600033.SH,20260331,2.3332,5.2919,,1053849.6,
301020.SZ,20260331,0.789,2.4671,,303780.0,
002331.SZ,20260331,1.6438,2.1277,,346601.2849,
688318.SH,20260331,0.7782,2.5118,,2684132.0666,
603869.SH,20260331,0.1556,0.427,,465457.8259,
000807.SZ,20260331,1.8699,3.2297,,10750667.9555,
603135.SH,20260331,0.822,1.1593,,638696.8796,
600438.SH,20260331,0.7397,1.3508,,7437287.627,
603012.SH,20260331,2.0237,2.6027,,491986.5,
002488.SZ,20260331,1.5635,2.1959,,1102946.484,
002345.SZ,20260331,2.0078,3.1922,,915168.0882,
300087.SZ,20260331,2.1575,3.7542,,764496.7231,
688620.SH,20260331,1.4835,1.4835,,406112.0,
688683.SH,20260331,0.4555,1.019,,508585.7546,
600283.SH,20260331,0.8122,1.9395,,517641.3809,
600063.SH,20260331,2.0169,3.0209,,1394577.7466,
002961.SZ,20260331,1.958,6.6413,,1071192.4905,
002670.SZ,20260331,0.6277,1.7565,,2757495.6305,
920146.BJ,20260331,6.5557,8.6255,,96788.1476,
688076.SH,20260331,0.8648,1.3788,,918762.8646,
300519.SZ,20260331,2.1174,3.2299,,246240.0,
300468.SZ,20260331,5.3232,6.6829,,1594601.0714,
300123.SZ,20260331,2.2635,2.6041,,648864.6681,
920924.BJ,20260331,3.2238,3.9772,,214485.7035,
300188.SZ,20260331,0.9592,1.6313,,1057157.0913,
603118.SH,20260331,6.1422,10.7256,,1036055.7503,
300781.SZ,20260331,3.0417,4.8484,,576419.6187,
002999.SZ,20260331,3.0899,4.8193,,246095.136,
603021.SH,20260331,2.722,4.5989,,221724.0125,
000936.SZ,20260331,1.2426,2.0244,,634385.2271,
605287.SH,20260331,3.4659,6.7759,,573720.0,
002593.SZ,20260331,2.8609,4.0436,,437298.7678,
688589.SH,20260331,1.2948,1.6427,,307951.1296,
000032.SZ,20260331,2.824,5.0628,,2194613.8357,
600518.SH,20260331,1.357,1.8187,,2447714.7141,
603036.SH,20260331,1.3597,1.7537,,370398.833,
301275.SZ,20260331,1.6454,2.441,,1689600.0,
002779.SZ,20260331,1.7219,2.7202,,1631784.0,
002962.SZ,20260331,1.6568,1.9214,,392581.5638,
603065.SH,20260331,0.9667,2.114,,340620.636,
300770.SZ,20260331,0.7406,1.3708,,884469.4103,
600925.SH,20260331,1.8483,2.4105,,3203333.3334,
688381.SH,20260331,0.8173,1.0329,,515295.0,
002564.SZ,20260331,1.4475,2.0366,,520496.1131,
688159.SH,20260331,4.206,5.9508,,367918.9272,
600889.SH,20260331,0.7433,1.2806,,792385.445,
000593.SZ,20260331,7.1051,11.0951,,564843.8392,
688183.SH,20260331,1.5166,5.2171,,6959015.9501,
300533.SZ,20260331,2.108,2.4493,,644067.0316,
603256.SH,20260331,3.1874,19.7718,,6336628.0472,
600316.SH,20260331,1.6067,3.099,,2838339.2385,
300502.SZ,20260331,3.1995,3.291,,44018708.3726,
601888.SH,20260331,1.0868,2.3271,,14623532.7805,
002402.SZ,20260331,3.0956,3.1588,,2765593.1104,
920089.BJ,20260331,1.0827,1.2384,,269695.72,
000790.SZ,20260331,3.5118,4.2773,,257596.0973,
603229.SH,20260331,2.0844,4.4753,,840260.7107,
600818.SH,20260331,1.6215,1.7921,,285445.7441,
002317.SZ,20260331,2.8054,3.3084,,1563872.0777,
920895.BJ,20260331,1.6803,2.44,,90212.304,
601137.SH,20260331,1.0704,1.8178,,1658367.1592,
603898.SH,20260331,2.6669,8.0982,,439307.8825,
600666.SH,20260331,26.342,31.0937,,1568325.0146,
603909.SH,20260331,1.9737,3.4503,,297949.399,
601066.SH,20260331,0.1183,0.7371,,16638110.3396,
603061.SH,20260331,5.2335,9.5386,,1621980.0,
605086.SH,20260331,0.5933,2.1888,,619494.4,
688223.SH,20260331,2.4465,6.4374,,6683882.7119,
601399.SH,20260331,0.8481,2.6125,,3253313.7064,
002820.SZ,20260331,2.1409,3.2433,,219749.9147,
600036.SH,20260331,0.3214,0.6263,,99164432.9031,
603790.SH,20260331,2.8957,7.4349,,420992.0,
600853.SH,20260331,1.7472,3.1236,,405478.4184,
002596.SZ,20260331,2.0213,2.8087,,434933.0163,
603658.SH,20260331,0.3863,1.3351,,1911415.849,
002912.SZ,20260331,3.898,5.852,,446004.224,
002227.SZ,20260331,1.8156,3.9065,,227486.0641,
300822.SZ,20260331,0.4627,1.4622,,430854.5646,
601188.SH,20260331,1.2843,2.5891,,443859.7711,
300983.SZ,20260331,0.5491,1.1871,,501465.6,
301122.SZ,20260331,2.2352,3.8212,,352067.495,
002010.SZ,20260331,0.6905,1.6801,,1586553.7412,
601611.SH,20260331,1.3048,3.9241,,4222381.731,
600693.SH,20260331,6.1225,13.6227,,983796.1042,
002940.SZ,20260331,8.638,14.657,,639680.0778,
000039.SZ,20260331,3.0855,3.9974,,5840099.577,
002508.SZ,20260331,1.0697,2.2534,,1995710.9906,
603020.SH,20260331,1.7955,2.7208,,423477.7403,
688809.SH,20260331,5.4424,5.4424,,3961923.394,
300515.SZ,20260331,1.5443,3.0461,,362950.938,
688562.SH,20260331,7.1955,7.1955,,770400.0,
301338.SZ,20260331,5.072,8.2444,,1797415.2,
000911.SZ,20260331,1.9874,4.2474,,265011.7195,
601555.SH,20260331,1.1104,1.5493,,3895463.0242,
002980.SZ,20260331,17.774,28.4767,,797378.8836,
600425.SH,20260331,1.7491,2.8717,,661137.9273,
002606.SZ,20260331,3.2352,4.4902,,485175.9081,
920703.BJ,20260331,0.7889,1.2194,,202874.504,
002543.SZ,20260331,1.6869,4.6203,,669983.6,
002642.SZ,20260331,2.2095,2.798,,531248.9913,
688123.SH,20260331,3.7597,4.9287,,1632091.0057,
688777.SH,20260331,1.3555,1.7524,,5099216.5015,
920078.BJ,20260331,47.2823,47.2823,,343200.0,
301339.SZ,20260331,0.8276,2.806,,758495.6492,
603808.SH,20260331,4.5853,10.3478,,390500.2649,
603008.SH,20260331,7.5063,11.7949,,550228.8979,
920118.BJ,20260331,0.7022,0.832,,104336.8,
301359.SZ,20260331,3.3207,5.7642,,239390.592,
603153.SH,20260331,0.3835,1.6431,,646350.9642,
002555.SZ,20260331,1.5772,1.7935,,4736400.875,
300830.SZ,20260331,6.3261,7.6575,,480545.7548,
002811.SZ,20260331,1.4523,3.09,,420379.0568,
301499.SZ,20260331,4.7645,4.7645,,407575.345,
002667.SZ,20260331,7.732,9.8133,,661381.227,
002523.SZ,20260331,1.6246,2.3901,,577989.4464,
600272.SH,20260331,1.4198,2.3764,,334881.2299,
600969.SH,20260331,2.8437,4.4728,,366349.9792,
300439.SZ,20260331,1.1877,1.564,,370867.6565,
600022.SH,20260331,1.0885,2.6355,,1626225.1322,
688146.SH,20260331,3.4977,3.4977,,2253176.4718,
688698.SH,20260331,1.5932,3.7212,,1426889.8343,
603363.SH,20260331,1.3808,2.1303,,1007346.2267,
300007.SZ,20260331,2.8117,3.1247,,1384440.0771,
000595.SZ,20260331,1.51,2.8361,,729878.7306,
300856.SZ,20260331,0.6015,1.5171,,581289.7865,
603283.SH,20260331,2.2599,3.6379,,1139473.2867,
603381.SH,20260331,5.8554,8.054,,557315.1098,
002340.SZ,20260331,2.5284,2.7641,,4026530.137,
688330.SH,20260331,1.7761,3.4611,,660100.0,
002927.SZ,20260331,2.3983,4.9289,,387684.8167,
301392.SZ,20260331,4.6684,4.6684,,1063200.0,
002014.SZ,20260331,0.5546,1.3111,,726415.3531,
300902.SZ,20260331,2.8728,4.3778,,319610.3227,
001213.SZ,20260331,1.2096,7.0327,,1884444.4443,
002851.SZ,20260331,2.4713,2.8483,,5652135.4046,
300447.SZ,20260331,9.1094,11.6476,,591515.8503,
002761.SZ,20260331,3.604,6.3371,,1135414.627,
600072.SH,20260331,2.6534,3.6881,,1914829.0287,
002343.SZ,20260331,2.1648,2.9606,,302681.7028,
688398.SH,20260331,0.6981,1.3167,,397719.4194,
300498.SZ,20260331,0.657,0.7275,,11058827.1111,
601168.SH,20260331,1.8538,2.684,,5957500.0,
301388.SZ,20260331,8.1586,10.0382,,328139.6628,
688133.SH,20260331,1.643,2.2888,,324598.5926,
002648.SZ,20260331,1.8424,3.7166,,9304199.3958,
920576.BJ,20260331,8.6178,33.6929,,881732.35,
603151.SH,20260331,1.1176,2.3993,,279908.993,
002785.SZ,20260331,2.0434,2.4744,,848464.1381,
300209.SZ,20260331,13.6314,14.6358,,928636.126,
600037.SH,20260331,0.9622,1.5518,,1021564.9669,
920262.BJ,20260331,0.9964,1.7021,,134288.8615,
002247.SZ,20260331,3.3885,4.2356,,244199.7041,
688232.SH,20260331,0.5872,1.625,,687431.5166,
601689.SH,20260331,1.0659,2.562,,9870906.0944,
300705.SZ,20260331,1.8149,2.4998,,692402.9184,
002624.SZ,20260331,2.0993,2.8527,,3408524.4858,
000987.SZ,20260331,1.3339,5.2204,,4234459.7979,
002265.SZ,20260331,3.0926,14.0906,,2442107.5221,
603901.SH,20260331,1.4336,2.8838,,597453.5917,
001366.SZ,20260331,1.9211,5.5438,,223023.84,
601608.SH,20260331,0.7369,2.0687,,2843902.6844,
000886.SZ,20260331,1.4374,1.9695,,556710.3329,
601968.SH,20260331,0.5531,1.1955,,668508.437,
000801.SZ,20260331,2.1399,4.1863,,1382201.6722,
601021.SH,20260331,0.8742,1.9802,,4519900.4143,
000665.SZ,20260331,1.0998,1.8597,,559477.5515,
688545.SH,20260331,1.9249,2.231,,1643760.0,
688295.SH,20260331,1.7507,10.0994,,4954500.0,
688626.SH,20260331,1.4859,3.9316,,906880.0,
688775.SH,20260331,1.8877,1.8877,,7549627.0,
300900.SZ,20260331,24.3608,25.4899,,1265000.4892,
603798.SH,20260331,0.9787,2.0814,,356465.0135,
600862.SH,20260331,1.3988,2.5213,,2971373.7452,
300159.SZ,20260331,0.9505,1.0607,,1016740.0986,
920018.BJ,20260331,2.9132,2.9132,,342134.5385,
600178.SH,20260331,0.8525,1.7374,,517788.5387,
002474.SZ,20260331,2.3433,2.4679,,480338.4,
300238.SZ,20260331,2.577,3.5088,,383945.455,
002162.SZ,20260331,2.2615,4.7213,,432259.4536,
920693.BJ,20260331,1.6845,2.7654,,193382.0,
002554.SZ,20260331,2.4551,3.5339,,477471.7858,
688790.SH,20260331,3.0269,3.0269,,1282266.7365,
300726.SZ,20260331,2.0698,3.4718,,1715312.9544,
603124.SH,20260331,3.5183,3.5183,,1504236.1989,
301382.SZ,20260331,3.983,4.5885,,932749.6872,
301515.SZ,20260331,3.1939,3.8732,,227700.0,
300279.SZ,20260331,4.064,5.5167,,447036.9339,
301529.SZ,20260331,5.6327,6.676,,969943.8219,
300619.SZ,20260331,3.6041,4.4649,,686428.6508,
300562.SZ,20260331,2.5797,2.7999,,281793.0438,
300958.SZ,20260331,3.0579,3.2636,,207049.0209,
603888.SH,20260331,1.1528,3.0515,,1341379.478,
300802.SZ,20260331,1.946,2.6921,,501966.2766,
000401.SZ,20260331,0.8864,2.4548,,1286576.9206,
600191.SH,20260331,1.2898,2.7635,,587252.652,
300355.SZ,20260331,1.8063,1.9331,,593569.57,
920299.BJ,20260331,4.1929,5.9651,,211846.9079,
300476.SZ,20260331,2.5635,3.719,,21901188.5563,
300416.SZ,20260331,6.5743,9.4206,,898603.9732,
600250.SH,20260331,19.5247,41.2318,,439471.9226,
605358.SH,20260331,1.3229,1.7716,,2186676.1788,
603682.SH,20260331,4.3928,10.4591,,308542.5,
605289.SH,20260331,5.6197,11.3291,,1032192.0175,
301518.SZ,20260331,3.0535,3.1023,,568785.8037,
688298.SH,20260331,0.5373,1.0446,,459648.0,
603505.SH,20260331,1.2683,2.7993,,1495645.4807,
600573.SH,20260331,2.427,4.8616,,303500.0,
300249.SZ,20260331,5.7924,7.26,,709626.1583,
000059.SZ,20260331,1.6038,3.0281,,855701.7573,
920167.BJ,20260331,2.2259,4.0617,,186054.8115,
002198.SZ,20260331,2.9824,3.8385,,389767.5633,
601866.SH,20260331,0.9375,2.5196,,3563367.0714,
688599.SH,20260331,2.116,3.3637,,3860551.5465,
600714.SH,20260331,8.0588,12.442,,502291.2438,
603665.SH,20260331,1.3097,2.2611,,486233.17,
603121.SH,20260331,1.5977,3.3188,,555872.36,
002937.SZ,20260331,2.3654,5.0732,,787029.1015,
300358.SZ,20260331,1.702,2.5189,,672902.1178,
600369.SH,20260331,0.8863,1.6853,,2757720.2865,
301015.SZ,20260331,1.5935,6.3998,,1265702.7774,
300450.SZ,20260331,3.1813,4.6815,,7986036.2402,
600359.SH,20260331,7.8637,13.1759,,278885.8714,
601949.SH,20260331,0.4501,1.963,,1207115.7462,
603899.SH,20260331,0.472,1.297,,2327292.1427,
000862.SZ,20260331,13.1385,17.277,,624209.1933,
300048.SZ,20260331,1.9815,2.4322,,748061.1477,
002976.SZ,20260331,3.2761,5.1784,,392814.6027,
300030.SZ,20260331,3.0217,3.8967,,237146.6706,
920187.BJ,20260331,4.4461,4.4461,,224827.2,
300387.SZ,20260331,4.5161,7.4249,,252635.8337,
603687.SH,20260331,15.2859,30.3025,,819547.4774,
002722.SZ,20260331,1.1094,1.8446,,318214.3463,
301297.SZ,20260331,0.7124,1.5865,,2448803.1354,
002111.SZ,20260331,1.578,2.3093,,519774.152,
600229.SH,20260331,0.5001,1.3139,,397085.3782,
920351.BJ,20260331,3.524,3.9789,,156086.8333,
688099.SH,20260331,2.0074,2.4741,,3335631.655,
300352.SZ,20260331,4.3672,4.5638,,917738.6471,
600248.SH,20260331,0.3683,1.152,,1301427.8795,
605066.SH,20260331,1.5664,2.6733,,404304.8501,
301502.SZ,20260331,2.5912,3.4918,,243917.7955,
003018.SZ,20260331,17.8348,23.1627,,756600.0,
301601.SZ,20260331,0.9942,1.1984,,322542.08,
688280.SH,20260331,3.2707,3.9221,,568383.4653,
920160.BJ,20260331,5.7632,5.7632,,252048.0,
600048.SH,20260331,0.6863,1.1579,,6966798.0693,
000881.SZ,20260331,3.3082,5.6436,,725141.6001,
300335.SZ,20260331,19.8582,21.8106,,355851.2414,
300811.SZ,20260331,2.2062,3.3805,,2155534.5124,
603262.SH,20260331,2.6657,2.6657,,989624.74,
601020.SH,20260331,3.3782,4.4474,,2311480.4837,
603578.SH,20260331,2.3179,5.3421,,296320.674,
000838.SZ,20260331,2.5038,3.7609,,235498.9044,
603052.SH,20260331,6.4517,19.5221,,1232981.9645,
920168.BJ,20260331,3.551,3.551,,163652.4918,
300748.SZ,20260331,1.6308,2.8127,,4221683.5525,
001326.SZ,20260331,4.1545,4.78,,371416.8,
001279.SZ,20260331,1.8805,1.8805,,500480.0,
002126.SZ,20260331,3.0564,3.2441,,3595110.7614,
301479.SZ,20260331,4.9493,5.8453,,785830.7864,
920735.BJ,20260331,1.7271,2.522,,360746.6693,
600366.SH,20260331,1.4603,2.21,,1291373.2349,
600350.SH,20260331,0.1347,1.0184,,5172990.7828,
688320.SH,20260331,1.055,1.5011,,455457.2227,
688819.SH,20260331,0.5942,3.2798,,3140855.1,
688170.SH,20260331,8.8778,12.5357,,480107.2,
600601.SH,20260331,1.5592,2.5038,,4222457.9724,
603778.SH,20260331,18.5757,25.5433,,1650105.3,
603927.SH,20260331,0.7584,1.1397,,1372878.08,
920111.BJ,20260331,1.0666,1.6948,,352511.024,
603107.SH,20260331,0.9258,1.3978,,485425.065,
000006.SZ,20260331,1.66,2.6346,,1160995.7396,
600635.SH,20260331,2.8616,3.911,,1641553.6793,
000797.SZ,20260331,5.3097,11.7702,,475938.5278,
002251.SZ,20260331,1.9016,2.4702,,1145386.0675,
605005.SH,20260331,0.8811,5.6308,,820045.0,
002842.SZ,20260331,13.3746,16.1305,,1071489.6821,
301408.SZ,20260331,4.0568,5.4021,,680017.0,
002334.SZ,20260331,3.4354,3.5204,,659837.9612,
600745.SH,20260331,1.1645,1.6208,,3903227.5462,
000777.SZ,20260331,1.5705,2.1587,,853870.9796,
920651.BJ,20260331,7.4707,7.4707,,168055.0,
600740.SH,20260331,3.8858,9.0262,,1111960.5808,
000811.SZ,20260331,1.6645,2.6395,,1709047.0902,
603500.SH,20260331,1.8006,3.8334,,371393.9145,
600354.SH,20260331,9.5749,13.4023,,349932.779,
605006.SH,20260331,3.1228,9.6852,,527415.7165,
300512.SZ,20260331,1.1125,3.0096,,362584.3143,
300191.SZ,20260331,7.5296,9.7291,,1229760.0,
300807.SZ,20260331,2.8103,4.27,,345096.7853,
300582.SZ,20260331,4.1943,4.6354,,408397.9156,
600895.SH,20260331,0.8854,1.7279,,5273287.9178,
605566.SH,20260331,2.2907,5.2253,,378152.24,
300219.SZ,20260331,2.5227,3.9229,,504055.7763,
002338.SZ,20260331,0.894,1.5256,,1130880.0,
301396.SZ,20260331,11.0576,11.1827,,2353270.478,
000783.SZ,20260331,0.6713,1.1682,,3793630.0423,
600193.SH,20260331,2.1843,2.5623,,174828.303,
600690.SH,20260331,1.3752,2.3783,,20049372.1917,
002029.SZ,20260331,2.1704,3.6738,,731109.4079,
301197.SZ,20260331,1.9289,2.6693,,245660.52,
300821.SZ,20260331,1.4273,2.9839,,1338000.0,
920425.BJ,20260331,1.5507,2.3158,,130168.5656,
300457.SZ,20260331,3.738,6.4081,,1679402.0511,
920339.BJ,20260331,0.3013,0.8324,,179025.6894,
688291.SH,20260331,2.0284,6.1857,,403480.131,
920809.BJ,20260331,3.207,3.207,,433712.2,
000960.SZ,20260331,2.7337,4.8633,,5192983.2405,
300651.SZ,20260331,25.5377,32.7718,,425182.3706,
601872.SH,20260331,1.8823,5.9812,,13209944.9893,
002526.SZ,20260331,4.1267,5.2372,,641805.781,
300442.SZ,20260331,1.7069,4.2035,,13205496.0698,
000034.SZ,20260331,2.7877,2.9777,,2419295.7178,
002608.SZ,20260331,0.6673,3.7975,,3090469.1979,
920509.BJ,20260331,1.8504,2.7001,,448535.3374,
600641.SH,20260331,2.7114,3.8804,,1710497.793,
600993.SH,20260331,0.5215,0.7966,,1084100.5359,
601139.SH,20260331,1.7896,7.3183,,2030980.1535,
300410.SZ,20260331,2.7776,3.5668,,291122.034,
300301.SZ,20260331,4.5238,4.8907,,294603.413,
300285.SZ,20260331,4.3394,4.5461,,3060938.2779,
300458.SZ,20260331,2.1463,2.4699,,2855153.3143,
605090.SH,20260331,2.6289,5.1076,,2716127.5757,
688686.SH,20260331,0.6333,2.2749,,1100119.095,
002057.SZ,20260331,1.1438,1.7096,,693573.0095,
002233.SZ,20260331,0.8154,1.3514,,1100179.026,
688332.SH,20260331,1.4154,3.7716,,1414496.2878,
301376.SZ,20260331,0.8686,1.1594,,643547.891,
300488.SZ,20260331,3.7747,8.7085,,532175.441,
301185.SZ,20260331,1.5144,2.1128,,281521.296,
600029.SH,20260331,0.7688,2.5442,,10238322.2312,
000519.SZ,20260331,1.7584,3.0031,,2346461.8847,
002379.SZ,20260331,3.1147,4.0438,,35288268.091,
920009.BJ,20260331,1.9624,1.9624,,353277.42,
300649.SZ,20260331,2.0181,2.5039,,188958.501,
920132.BJ,20260331,1.7014,1.9583,,107754.024,
688418.SH,20260331,3.6547,5.3494,,797561.294,
605008.SH,20260331,0.2872,1.6419,,773862.972,
603777.SH,20260331,6.3059,16.0846,,438430.0816,
000596.SZ,20260331,0.9209,2.7428,,5436651.0,
600195.SH,20260331,0.7622,1.5556,,756670.8607,
600456.SH,20260331,1.495,2.9546,,1605810.3086,
300680.SZ,20260331,10.3959,11.5065,,935913.0806,
603213.SH,20260331,1.48,6.1491,,603734.2369,
301567.SZ,20260331,4.2114,4.2114,,295488.0,
600830.SH,20260331,0.8343,1.2175,,398441.0491,
688061.SH,20260331,3.1451,3.1451,,340072.5974,
600868.SH,20260331,6.0513,6.5165,,706111.3086,
605168.SH,20260331,3.4491,7.479,,763157.4893,
920971.BJ,20260331,1.1409,2.2157,,253997.7008,
002202.SZ,20260331,7.8234,11.4768,,11108564.1416,
600052.SH,20260331,1.0164,1.6643,,337677.8964,
601577.SH,20260331,0.3344,0.5724,,3872756.2651,
301035.SZ,20260331,0.4702,1.4463,,2140597.9058,
600125.SH,20260331,3.3722,4.818,,904726.6587,
002535.SZ,20260331,2.7306,4.2054,,295821.0543,
002242.SZ,20260331,1.131,3.4844,,730207.269,
603217.SH,20260331,2.3703,6.2894,,509190.3572,
600308.SH,20260331,0.9186,1.5255,,573376.9265,
605188.SH,20260331,0.6983,3.9926,,841450.4875,
920005.BJ,20260331,3.7945,3.7945,,315649.0,
000656.SZ,20260331,1.3181,2.1786,,1446235.102,
002931.SZ,20260331,4.2015,8.1659,,1481032.692,
600391.SH,20260331,3.1318,4.8948,,1300379.5766,
300065.SZ,20260331,12.956,13.3954,,1705718.5742,
600698.SH,20260331,5.9328,11.3947,,868802.4761,
002836.SZ,20260331,1.0817,2.7581,,314035.2,
300673.SZ,20260331,1.3993,1.8235,,356367.7371,
603009.SH,20260331,1.4725,2.4454,,1527579.0842,
600662.SH,20260331,0.442,1.5594,,1148579.0596,
920069.BJ,20260331,23.0559,23.0559,,189008.808,
002562.SZ,20260331,3.6293,4.0629,,695978.5475,
300459.SZ,20260331,1.578,1.6165,,1441482.485,
002180.SZ,20260331,0.791,1.1431,,2353209.6176,
300833.SZ,20260331,1.5811,3.4036,,412359.03,
600218.SH,20260331,1.9316,2.9408,,396831.5262,
601106.SH,20260331,0.9351,2.3305,,2969420.0074,
002598.SZ,20260331,1.6611,2.5864,,287083.3734,
688197.SH,20260331,1.8166,2.085,,573759.2253,
603556.SH,20260331,1.0312,3.1597,,1594946.4776,
002727.SZ,20260331,1.1719,1.4751,,742546.0305,
002959.SZ,20260331,1.4231,1.7718,,716678.3677,
688435.SH,20260331,2.5396,2.8739,,348946.5,
001270.SZ,20260331,4.6214,8.7567,,2318792.6363,
002159.SZ,20260331,3.0518,4.447,,336340.6135,
688127.SH,20260331,1.6925,3.4109,,2306716.6291,
603192.SH,20260331,0.6712,2.2328,,388613.3589,
603893.SH,20260331,1.8456,3.8659,,6408251.2455,
688257.SH,20260331,9.2548,12.5672,,1766859.528,
300340.SZ,20260331,2.0825,2.96,,301137.5835,
000880.SZ,20260331,4.1955,4.1955,,1227344.0306,
605286.SH,20260331,2.2196,8.0711,,718704.0,
603291.SH,20260331,1.0653,4.7953,,504055.7394,
000779.SZ,20260331,1.3633,2.4968,,409049.9178,
301024.SZ,20260331,1.7653,6.2454,,211102.2,
300063.SZ,20260331,9.1722,10.1806,,879132.9669,
002864.SZ,20260331,4.734,5.4277,,354872.1254,
300055.SZ,20260331,4.3129,4.8313,,937996.3083,
603983.SH,20260331,0.2976,1.55,,1062650.0,
688517.SH,20260331,3.0165,5.0506,,245084.0521,
300494.SZ,20260331,1.7019,1.8402,,546428.2247,
300010.SZ,20260331,2.6491,2.6897,,1277166.6233,
688286.SH,20260331,1.9181,2.3729,,363043.0835,
603179.SH,20260331,1.8729,2.8987,,3321023.7234,
002414.SZ,20260331,1.466,3.0796,,5419564.1211,
002021.SZ,20260331,5.6233,7.0014,,376575.3567,
002755.SZ,20260331,2.6473,8.7453,,1453499.1097,
300278.SZ,20260331,1.1499,1.6396,,647560.0207,
688069.SH,20260331,3.134,5.9724,,347249.0,
688695.SH,20260331,1.4005,1.747,,206249.5917,
688601.SH,20260331,2.7421,4.3711,,700549.748,
603315.SH,20260331,1.4213,3.2169,,443066.5431,
688299.SH,20260331,1.1579,1.4347,,477359.5969,
300975.SZ,20260331,8.692,11.2074,,1178901.6165,
600390.SH,20260331,0.4989,0.9426,,2401966.9551,
688617.SH,20260331,0.899,1.5837,,3525610.195,
603369.SH,20260331,0.838,1.5519,,3304020.0981,
300657.SZ,20260331,4.246,5.1761,,1390450.3631,
603409.SH,20260331,4.2022,4.2022,,476519.43,
301682.SZ,20260331,32.0277,32.0277,,1412281.9906,
600992.SH,20260331,1.4725,1.9238,,301460.7,
300012.SZ,20260331,2.0966,2.2208,,2349228.1867,
601601.SH,20260331,0.4529,1.0222,,35681846.4566,
002539.SZ,20260331,1.96,2.297,,1714967.742,
300261.SZ,20260331,1.4652,2.2584,,608811.5857,
920982.BJ,20260331,1.0963,1.3769,,1726555.4267,
001332.SZ,20260331,2.9446,5.0931,,578304.66,
002886.SZ,20260331,2.6462,3.5787,,527986.3514,
300437.SZ,20260331,10.059,11.9928,,373689.5198,
603356.SH,20260331,7.0053,9.9387,,235345.1,
002869.SZ,20260331,4.2503,5.4751,,446710.3523,
601518.SH,20260331,0.9772,3.0923,,563384.8444,
300308.SZ,20260331,2.3628,3.0954,,63268189.0563,
300425.SZ,20260331,0.9859,1.58,,331561.2786,
603182.SH,20260331,3.7404,5.7209,,267229.2,
300003.SZ,20260331,1.3608,1.8794,,2986302.4013,
002252.SZ,20260331,0.3814,0.6653,,3863307.1751,
300946.SZ,20260331,1.732,2.7579,,715451.7708,
000812.SZ,20260331,2.4372,2.9363,,325156.9757,
002612.SZ,20260331,1.6888,2.3187,,734459.3225,
301548.SZ,20260331,4.866,5.1077,,567240.0,
920953.BJ,20260331,1.2099,2.0256,,363208.8317,
300047.SZ,20260331,2.0501,2.0893,,755727.4363,
002802.SZ,20260331,2.4945,4.4638,,233263.4604,
300942.SZ,20260331,1.3234,3.0316,,340257.7618,
000157.SZ,20260331,1.4395,2.162,,7437740.303,
300305.SZ,20260331,2.3768,3.2131,,235376.0332,
601096.SH,20260331,1.7011,3.4632,,1503437.1595,
688278.SH,20260331,0.4291,1.0885,,2645067.8304,
920414.BJ,20260331,5.6571,6.4472,,99206.7247,
000686.SZ,20260331,0.5452,0.95,,1886405.0495,
000893.SZ,20260331,1.5867,2.3552,,5645952.7526,
600208.SH,20260331,0.7405,1.715,,2680316.352,
000036.SZ,20260331,3.0032,4.2829,,679448.2629,
600872.SH,20260331,1.1947,1.5536,,1483838.5886,
601008.SH,20260331,0.7758,1.8813,,609153.2609,
603383.SH,20260331,1.3659,2.3454,,588411.004,
300565.SZ,20260331,10.0811,10.408,,353332.026,
920375.BJ,20260331,9.1732,10.6926,,153310.5824,
688277.SH,20260331,2.2959,3.2504,,1041029.8136,
600615.SH,20260331,1.0465,1.4958,,258340.1785,
002482.SZ,20260331,1.4641,3.1255,,633912.6393,
300541.SZ,20260331,2.157,2.157,,581850.1977,
688663.SH,20260331,2.4681,3.9704,,815459.5944,
600141.SH,20260331,1.4819,2.2196,,4011407.6427,
600280.SH,20260331,1.4308,3.3277,,364452.1365,
688400.SH,20260331,1.7964,3.176,,1800468.594,
920037.BJ,20260331,3.4125,3.4125,,656520.7536,
301559.SZ,20260331,1.7823,1.7823,,954600.0,
300271.SZ,20260331,1.0731,1.4164,,538263.6262,
603728.SH,20260331,0.8313,1.9492,,2386792.485,
600613.SH,20260331,2.0047,3.6659,,323113.3349,
300518.SZ,20260331,3.039,4.2173,,401016.6793,
600018.SH,20260331,0.1872,1.5427,,11849499.8965,
301557.SZ,20260331,3.3986,3.3986,,421323.5453,
600199.SH,20260331,2.8788,3.9489,,541366.7862,
000597.SZ,20260331,1.5043,3.4743,,760638.0452,
002857.SZ,20260331,2.6688,3.905,,283083.878,
002275.SZ,20260331,0.5973,2.209,,850799.3328,
600869.SH,20260331,3.7425,7.1548,,2991687.5016,
002234.SZ,20260331,1.8902,2.6084,,286496.3341,
600570.SH,20260331,0.9001,1.1363,,4834483.1959,
000895.SZ,20260331,0.325,1.0958,,9839637.8449,
603882.SH,20260331,1.1162,1.8717,,1216516.2302,
000590.SZ,20260331,1.7833,3.1616,,279702.4399,
301380.SZ,20260331,2.388,4.2516,,330640.724,
600219.SH,20260331,3.5826,6.7525,,7039509.0557,
000731.SZ,20260331,5.0249,5.7843,,396801.1257,
688046.SH,20260331,1.1945,2.4352,,593680.0,
000818.SZ,20260331,3.2238,4.4218,,1388640.0821,
603155.SH,20260331,0.9611,3.7661,,488837.9664,
301327.SZ,20260331,4.789,17.3443,,1245082.8818,
002080.SZ,20260331,1.6747,4.2119,,6589991.3144,
300715.SZ,20260331,2.6179,4.4795,,517179.8282,
603968.SH,20260331,1.6995,3.2902,,259689.6,
688081.SH,20260331,2.968,6.0184,,421021.44,
600876.SH,20260331,3.7556,9.7587,,639863.8883,
300990.SZ,20260331,3.3167,5.129,,1345528.3352,
603633.SH,20260331,1.3988,2.1078,,321388.546,
001323.SZ,20260331,0.3727,1.3976,,1053765.6104,
000404.SZ,20260331,1.2465,1.7999,,490677.1652,
002052.SZ,20260331,2.0168,2.8034,,781784.8421,
002034.SZ,20260331,1.4624,3.1795,,737776.6573,
300814.SZ,20260331,2.3571,6.2089,,1537758.2504,
001280.SZ,20260331,5.0709,5.0709,,16692295.4531,
000065.SZ,20260331,8.2852,15.7105,,1689898.3413,
920249.BJ,20260331,7.1943,7.4138,,320438.8,
300824.SZ,20260331,1.1094,2.7951,,326668.0237,
000766.SZ,20260331,1.2767,1.5893,,1871133.7528,
000591.SZ,20260331,3.9705,6.0706,,2150594.4862,
002993.SZ,20260331,2.3683,4.909,,1264263.2,
603259.SH,20260331,2.1285,2.5352,,29270657.6906,
000541.SZ,20260331,0.472,0.9343,,863107.3653,
688152.SH,20260331,0.9248,1.7263,,337386.4079,
600222.SH,20260331,2.2845,2.97,,405737.6021,
601318.SH,20260331,0.7168,0.788,,102815191.2476,
688478.SH,20260331,1.4579,2.2352,,396142.1328,
600785.SH,20260331,1.8047,3.1181,,382445.0196,
603123.SH,20260331,1.8776,3.7749,,873019.1748,
600633.SH,20260331,1.221,2.385,,1534370.1111,
003038.SZ,20260331,2.9688,3.585,,350921.9016,
301301.SZ,20260331,4.1614,4.1614,,2386190.95,
688292.SH,20260331,2.273,3.9981,,367052.4442,
603912.SH,20260331,6.4689,11.3307,,492537.4077,
688276.SH,20260331,0.2569,0.7718,,730519.3181,
002901.SZ,20260331,0.3911,1.5408,,1812577.3973,
002544.SZ,20260331,2.7178,4.214,,1759180.1057,
603330.SH,20260331,1.0308,1.5896,,288160.6502,
601375.SH,20260331,0.7758,1.0191,,1871082.5341,
301575.SZ,20260331,2.318,2.318,,386288.19,
688082.SH,20260331,0.546,2.124,,6799613.577,
920015.BJ,20260331,2.7776,2.7776,,495225.0346,
002462.SZ,20260331,1.0396,1.4539,,420058.2528,
603659.SH,20260331,3.3695,7.2121,,6832204.245,
300499.SZ,20260331,8.8963,9.2667,,1072032.9568,
688026.SH,20260331,1.0975,1.9714,,230478.2545,
301181.SZ,20260331,1.6746,3.9348,,452805.0732,
920679.BJ,20260331,0.8156,1.7184,,95000.85,
300943.SZ,20260331,7.4531,9.0391,,562135.56,
688179.SH,20260331,1.4823,2.7074,,560546.9005,
300858.SZ,20260331,9.6063,11.7252,,490891.4048,
002605.SZ,20260331,1.5377,2.4639,,850338.1425,
300887.SZ,20260331,4.1236,6.379,,545737.213,
600076.SH,20260331,1.3685,2.2493,,474623.8086,
300277.SZ,20260331,3.7016,4.2694,,2767803.6961,
002204.SZ,20260331,1.5522,3.4824,,1282429.7012,
300366.SZ,20260331,1.4557,1.5402,,345103.2532,
601390.SH,20260331,1.2642,2.8701,,13404618.5074,
603225.SH,20260331,1.0162,2.233,,2808124.5877,
300551.SZ,20260331,3.5987,4.4358,,467926.4665,
300941.SZ,20260331,2.6267,3.1403,,402538.5,
920896.BJ,20260331,3.0254,5.2219,,169550.602,
600426.SH,20260331,1.1621,1.7124,,7685935.7164,
002942.SZ,20260331,1.0329,3.0992,,298000.3622,
002040.SZ,20260331,1.4941,4.5829,,491362.6139,
688185.SH,20260331,2.1964,4.8223,,1655193.4667,
300006.SZ,20260331,1.7881,2.8383,,527955.6025,
300694.SZ,20260331,2.4522,3.7023,,251584.5658,
002822.SZ,20260331,0.9953,0.9953,,610644.9086,
688165.SH,20260331,0.797,1.6479,,862502.34,
600791.SH,20260331,3.9021,7.1361,,439293.6,
301446.SZ,20260331,2.7439,2.7439,,387920.0,
920045.BJ,20260331,5.9903,8.2856,,2191971.9171,
000544.SZ,20260331,0.4891,1.9745,,822633.7079,
000681.SZ,20260331,3.1294,4.2617,,1406058.9141,
600210.SH,20260331,1.0258,1.3997,,1045031.2129,
920363.BJ,20260331,2.173,3.0937,,152242.75,
600137.SH,20260331,6.2265,14.0863,,223308.7996,
300250.SZ,20260331,2.447,2.776,,444598.9163,
600909.SH,20260331,0.8334,1.4612,,2788436.1493,
688610.SH,20260331,4.5509,7.9755,,578000.0,
603017.SH,20260331,24.9145,44.3988,,450742.5582,
300194.SZ,20260331,1.7764,1.9178,,486592.3642,
300350.SZ,20260331,2.4607,2.6241,,301800.5938,
000639.SZ,20260331,16.3166,20.4009,,290366.1576,
300152.SZ,20260331,4.3323,4.6023,,171072.0,
600302.SH,20260331,2.5963,4.5367,,371614.5295,
300448.SZ,20260331,4.9058,8.0659,,466796.7845,
002383.SZ,20260331,2.003,3.4739,,715928.4149,
603681.SH,20260331,3.3815,5.3134,,345740.2032,
300426.SZ,20260331,4.6329,6.2271,,355802.4199,
688045.SH,20260331,1.8987,3.8984,,296252.0282,
920946.BJ,20260331,0.3353,1.2119,,405999.3413,
300787.SZ,20260331,1.8339,2.3671,,359507.6739,
002296.SZ,20260331,5.9551,6.1919,,449575.8047,
688501.SH,20260331,0.8058,1.3425,,298018.174,
688141.SH,20260331,2.4842,3.8898,,2310149.8542,
300203.SZ,20260331,0.9491,1.2507,,602205.8592,
603825.SH,20260331,1.0358,1.64,,213309.3768,
600668.SH,20260331,0.7279,0.868,,427352.1148,
603848.SH,20260331,0.3914,2.288,,613669.9293,
300290.SZ,20260331,2.2019,2.7529,,903942.12,
603877.SH,20260331,0.2665,0.9045,,651497.7415,
920639.BJ,20260331,2.0891,2.6839,,152208.0,
688060.SH,20260331,0.5479,1.7875,,258097.8417,
600331.SH,20260331,3.8707,5.6355,,3877868.8,
688281.SH,20260331,0.7914,1.5321,,1954331.7398,
002675.SZ,20260331,9.6089,12.0524,,1167627.5183,
920001.BJ,20260331,1.6912,3.3744,,233864.7425,
603818.SH,20260331,1.6848,2.9067,,243723.0685,
002485.SZ,20260331,1.421,5.7783,,263840.0,
600480.SH,20260331,0.9405,1.6919,,1205172.445,
002577.SZ,20260331,0.7129,1.7115,,429452.64,
002281.SZ,20260331,5.616,9.2934,,6800276.5894,
603276.SH,20260331,1.956,1.956,,345113.464,
002556.SZ,20260331,2.5041,4.0246,,575482.9926,
300245.SZ,20260331,13.0995,16.216,,417308.3576,
002630.SZ,20260331,4.5648,4.5648,,244425.6,
002703.SZ,20260331,12.5977,23.9088,,1657604.2538,
688350.SH,20260331,1.8827,3.2179,,411255.327,
300876.SZ,20260331,1.5728,2.4231,,274300.3178,
603048.SH,20260331,2.6173,9.1766,,315204.48,
601015.SH,20260331,8.8211,23.6874,,943633.9092,
603270.SH,20260331,5.5724,5.5724,,537906.8675,
301071.SZ,20260331,4.0735,5.6989,,1006733.3067,
601666.SH,20260331,1.9779,4.111,,2015000.9546,
300789.SZ,20260331,4.1121,5.3817,,311145.5103,
301192.SZ,20260331,2.4248,4.0665,,266533.2,
600628.SH,20260331,1.4286,2.5624,,465750.2765,
300021.SZ,20260331,1.65,2.2431,,446774.584,
603167.SH,20260331,1.0622,1.7756,,433958.6653,
600159.SH,20260331,2.2714,4.3431,,259791.0116,
688618.SH,20260331,3.211,8.5946,,349508.8184,
301117.SZ,20260331,10.4027,11.615,,562141.8342,
002805.SZ,20260331,6.0365,8.6705,,488989.139,
688168.SH,20260331,0.7506,1.1475,,528717.2774,
300550.SZ,20260331,1.2148,2.421,,315597.2895,
920792.BJ,20260331,0.7767,1.2051,,179114.28,
002186.SZ,20260331,1.2632,2.2535,,321039.981,
605020.SH,20260331,1.1814,2.002,,1254570.7837,
300490.SZ,20260331,6.4455,8.2359,,636677.0664,
688176.SH,20260331,3.535,4.0657,,747090.9957,
300306.SZ,20260331,1.7432,2.3047,,325978.0389,
600794.SH,20260331,1.25,1.9543,,442856.1459,
300844.SZ,20260331,0.7658,2.7062,,311137.9174,
300665.SZ,20260331,5.3137,6.5429,,165304.0262,
002196.SZ,20260331,4.3424,4.9507,,678352.8002,
000090.SZ,20260331,1.0445,1.7286,,672676.3562,
600429.SH,20260331,2.2926,8.0248,,883228.3702,
300077.SZ,20260331,5.0072,5.0072,,1356931.5267,
301509.SZ,20260331,15.4632,15.4632,,491301.9629,
300105.SZ,20260331,1.8945,3.2545,,348690.5479,
603239.SH,20260331,3.751,8.9382,,646750.08,
603906.SH,20260331,12.3218,21.2997,,1542797.6896,
002765.SZ,20260331,1.8504,2.4478,,648215.3215,
603929.SH,20260331,2.4577,6.1748,,3838346.4,
300374.SZ,20260331,3.3923,6.527,,359277.9244,
603350.SH,20260331,1.8127,2.4925,,408311.47,
300835.SZ,20260331,4.5733,5.26,,940743.8431,
920575.BJ,20260331,1.9155,1.9163,,206490.9,
300124.SZ,20260331,0.6094,0.7564,,18138431.7004,
300531.SZ,20260331,6.7944,9.9442,,614866.218,
300696.SZ,20260331,1.3721,2.4112,,795910.3488,
600479.SH,20260331,2.047,3.4589,,528633.5572,
688218.SH,20260331,4.0872,5.021,,280123.1879,
920122.BJ,20260331,1.2449,2.4708,,236139.7965,
603309.SH,20260331,2.1325,4.289,,435180.2842,
002381.SZ,20260331,1.9685,2.6269,,270406.6008,
600983.SH,20260331,0.698,3.4447,,781767.78,
688759.SH,20260331,6.1645,6.1645,,1649384.3479,
600064.SH,20260331,0.7129,1.0924,,1444833.6027,
002355.SZ,20260331,4.0529,4.7469,,433175.688,
920950.BJ,20260331,0.7021,1.2424,,112032.96,
002609.SZ,20260331,1.204,1.7186,,544992.6983,
000950.SZ,20260331,1.2017,2.6592,,985065.2767,
688333.SH,20260331,2.8891,4.0711,,2534462.5656,
688062.SH,20260331,4.2822,4.2822,,1438959.6,
688003.SH,20260331,0.9335,2.2115,,1131528.2715,
605199.SH,20260331,0.8206,3.3271,,273274.2776,
302132.SZ,20260331,0.8949,1.955,,17916372.6761,
002023.SZ,20260331,1.3021,1.7033,,754936.5795,
603998.SH,20260331,2.1819,3.4974,,474646.9502,
001206.SZ,20260331,1.9493,2.6337,,385318.6959,
000792.SZ,20260331,2.8065,4.2869,,19578818.4017,
601865.SH,20260331,1.9902,4.723,,3324547.184,
603558.SH,20260331,4.8788,10.0046,,506419.0364,
301377.SZ,20260331,5.9149,6.776,,7911360.0,
688316.SH,20260331,5.8742,7.8064,,331838.2377,
603126.SH,20260331,1.6978,3.4606,,443223.0,
920090.BJ,20260331,6.2866,6.2866,,137141.4796,
601878.SH,20260331,0.3632,0.6784,,4418287.5533,
688375.SH,20260331,1.0883,3.8295,,6610401.2559,
920158.BJ,20260331,14.4846,14.4846,,226844.78,
688255.SH,20260331,1.45,2.6335,,294421.7716,
300717.SZ,20260331,1.7419,3.6954,,212024.825,
603196.SH,20260331,2.1888,4.4843,,1090262.0938,
000890.SZ,20260331,29.2304,49.0393,,647294.6226,
920433.BJ,20260331,0.4159,0.7376,,129239.4389,
003015.SZ,20260331,2.0847,2.4051,,396022.9338,
301082.SZ,20260331,1.9114,3.7338,,391288.5618,
603307.SH,20260331,0.6912,2.7241,,258011.83,
920729.BJ,20260331,1.137,1.1611,,214579.75,
688028.SH,20260331,2.9036,4.7205,,1284425.041,
002319.SZ,20260331,3.5136,4.7481,,230419.761,
603032.SH,20260331,2.1446,4.2256,,409314.087,
600549.SH,20260331,3.253,5.1662,,8830152.3642,
600917.SH,20260331,0.6679,1.4829,,853888.7487,
000683.SZ,20260331,1.0545,1.3972,,3125855.342,
600874.SH,20260331,1.5044,3.5954,,954814.1957,
688372.SH,20260331,4.8562,7.7364,,2104546.6022,
300825.SZ,20260331,7.5944,8.5804,,468158.0521,
600067.SH,20260331,1.9567,3.0599,,556667.4956,
002039.SZ,20260331,6.0444,10.0246,,794830.5562,
920273.BJ,20260331,1.3626,2.4874,,217071.5441,
301186.SZ,20260331,5.2865,14.86,,452689.6119,
688721.SH,20260331,1.8195,1.8195,,515176.5,
920579.BJ,20260331,2.0362,2.0362,,223741.44,
300409.SZ,20260331,2.9184,3.0024,,1922767.9265,
000930.SZ,20260331,2.4755,5.5965,,1253098.6173,
002346.SZ,20260331,0.7896,1.631,,842967.4691,
600351.SH,20260331,3.2056,3.7114,,461564.0307,
300723.SZ,20260331,2.4517,6.656,,1464839.6401,
002178.SZ,20260331,1.9626,2.6844,,436549.7896,
003035.SZ,20260331,2.7583,10.2861,,2840909.0903,
600803.SH,20260331,0.316,1.1692,,6866451.3673,
605055.SH,20260331,1.4539,5.5955,,420640.0,
603338.SH,20260331,0.936,2.1426,,2449711.0386,
605111.SH,20260331,2.4395,3.1566,,1515963.8696,
301029.SZ,20260331,1.4318,1.9429,,1447884.7915,
688611.SH,20260331,0.3781,0.8672,,793944.5696,
003022.SZ,20260331,1.0326,3.9873,,2648431.344,
300406.SZ,20260331,0.6923,1.119,,693603.1069,
300625.SZ,20260331,1.2034,1.9158,,315364.699,
688448.SH,20260331,1.6028,3.2457,,377965.8825,
688595.SH,20260331,2.0558,3.5305,,421760.4803,
600618.SH,20260331,1.224,4.3492,,1444343.57,
688778.SH,20260331,0.6934,2.0001,,3628728.8868,
605169.SH,20260331,3.2084,10.9378,,344547.84,
688366.SH,20260331,0.2046,0.4552,,890716.0063,
000670.SZ,20260331,11.3639,13.3836,,739979.3234,
301608.SZ,20260331,1.907,2.6864,,722509.81,
000800.SZ,20260331,0.5013,2.2931,,3267730.5674,
002672.SZ,20260331,1.0055,2.0756,,534943.8082,
300628.SZ,20260331,0.8324,1.1637,,4147276.924,
603324.SH,20260331,2.4047,6.6792,,365506.9605,
002975.SZ,20260331,2.8494,3.5384,,1125324.2029,
301456.SZ,20260331,6.7689,8.1903,,434643.7086,
605378.SH,20260331,0.6326,2.2742,,516681.8328,
920304.BJ,20260331,1.6894,2.9244,,205819.132,
603090.SH,20260331,3.4004,6.8444,,603100.0,
600217.SH,20260331,0.9401,1.4965,,631566.0494,
002490.SZ,20260331,11.5934,20.5171,,760349.5252,
300383.SZ,20260331,9.2376,12.0642,,3077478.9541,
688047.SH,20260331,0.9245,2.2641,,5235055.0,
605003.SH,20260331,1.209,4.5365,,314160.0,
002550.SZ,20260331,2.5744,2.9546,,977767.2,
600834.SH,20260331,2.4922,5.9956,,412935.3478,
920665.BJ,20260331,5.8207,9.003,,145978.77,
688676.SH,20260331,2.2972,3.842,,3425393.5118,
300613.SZ,20260331,1.4383,2.5177,,919579.0351,
601022.SH,20260331,1.0254,5.3971,,1171226.8339,
600883.SH,20260331,1.833,3.3704,,190050.84,
001390.SZ,20260331,2.7404,2.7404,,413400.0,
600368.SH,20260331,0.5916,1.2295,,630984.3123,
003023.SZ,20260331,2.8997,5.9037,,240810.8976,
920476.BJ,20260331,0.8696,1.1826,,164226.6544,
003001.SZ,20260331,1.3851,1.8354,,309294.1929,
603730.SH,20260331,0.7129,3.7092,,1912240.901,
688707.SH,20260331,1.6679,2.3931,,659836.0459,
300752.SZ,20260331,1.9593,2.3631,,366512.3254,
920873.BJ,20260331,1.3564,1.5669,,102002.3563,
300445.SZ,20260331,3.4455,4.6155,,421036.2858,
000025.SZ,20260331,1.118,2.4236,,690986.487,
300017.SZ,20260331,6.4267,7.25,,4156470.1231,
300867.SZ,20260331,6.0877,7.5639,,533155.946,
300803.SZ,20260331,2.0975,3.4769,,5932055.7491,
002077.SZ,20260331,4.2299,8.3278,,959316.092,
300256.SZ,20260331,0.847,1.7319,,778058.9314,
002187.SZ,20260331,1.6617,3.9066,,454179.7222,
002895.SZ,20260331,1.1628,2.1802,,2394542.0256,
603129.SH,20260331,1.1206,1.7485,,3508615.9622,
300469.SZ,20260331,2.5785,3.1757,,1489929.4216,
300532.SZ,20260331,6.2774,9.6766,,505788.0676,
002154.SZ,20260331,0.9466,1.2378,,528278.8099,
600198.SH,20260331,0.9982,2.1075,,1072865.7142,
600556.SH,20260331,2.1173,3.4647,,1095495.0711,
603995.SH,20260331,0.6027,1.1657,,639465.6984,
301617.SZ,20260331,4.4078,5.7222,,728338.0,
300475.SZ,20260331,7.9172,9.4229,,5840359.8908,
920926.BJ,20260331,0.5726,1.9474,,121939.1971,
300253.SZ,20260331,2.1969,2.4623,,1858828.7899,
000985.SZ,20260331,1.1351,3.11,,251630.2695,
002137.SZ,20260331,2.4097,2.8424,,462003.8832,
603183.SH,20260331,3.0856,4.0359,,230679.1085,
000498.SZ,20260331,1.0062,2.5316,,906625.5837,
603115.SH,20260331,5.4485,15.4705,,1063108.308,
000555.SZ,20260331,2.2427,3.6699,,1497813.7608,
603986.SH,20260331,6.403,7.0213,,16693249.3583,
301058.SZ,20260331,1.3861,2.4273,,509712.8738,
600587.SH,20260331,0.9239,1.3115,,865681.7714,
603700.SH,20260331,1.6946,2.4365,,264749.6006,
002960.SZ,20260331,3.0606,5.4734,,1042573.5098,
920802.BJ,20260331,1.8895,1.9788,,114155.5397,
300594.SZ,20260331,4.9274,8.0192,,265698.0174,
002734.SZ,20260331,4.5671,5.4942,,823678.3891,
002729.SZ,20260331,3.4892,5.1805,,344715.3293,
000045.SZ,20260331,6.6279,13.5862,,707611.0231,
688622.SH,20260331,2.1771,4.6798,,622421.947,
000899.SZ,20260331,4.7716,16.4515,,1261551.3437,
600719.SH,20260331,7.0957,10.5756,,281601.3216,
688656.SH,20260331,0.5865,1.8031,,771850.1587,
603693.SH,20260331,3.3219,20.854,,1338996.7718,
600857.SH,20260331,1.5571,2.5512,,265594.7841,
301448.SZ,20260331,1.5291,1.8238,,400722.6,
301000.SZ,20260331,1.4147,3.498,,696086.4049,
301061.SZ,20260331,0.3796,0.9888,,1599189.7013,
300601.SZ,20260331,0.9398,1.3594,,1553649.2892,
600418.SH,20260331,1.5828,2.2054,,10414303.2609,
000030.SZ,20260331,3.0594,11.0366,,956214.8298,
600557.SH,20260331,0.8924,1.535,,771674.4526,
920075.BJ,20260331,1.3879,1.9439,,132870.75,
000520.SZ,20260331,1.365,1.8571,,415966.3,
002884.SZ,20260331,1.1747,1.7254,,651697.5314,
601012.SH,20260331,2.1116,2.6803,,13291924.6752,
300472.SZ,20260331,4.6,5.4045,,236447.1554,
605069.SH,20260331,1.9674,5.0946,,245569.4225,
603678.SH,20260331,1.2162,2.0378,,1615975.4121,
300136.SZ,20260331,14.2006,15.0614,,6285325.8724,
300449.SZ,20260331,2.8971,3.7679,,269067.0843,
600383.SH,20260331,1.1709,1.8773,,1232481.3152,
002636.SZ,20260331,5.5622,16.2675,,2194920.0,
300303.SZ,20260331,4.5652,5.0484,,1226953.5864,
000863.SZ,20260331,3.2578,6.1135,,674179.4488,
301589.SZ,20260331,1.4326,1.5355,,1479445.344,
600490.SH,20260331,2.8789,3.7548,,1688432.8413,
300302.SZ,20260331,7.5999,9.1041,,950380.1114,
002694.SZ,20260331,1.9618,3.2705,,235030.1184,
603130.SH,20260331,1.212,4.6403,,530254.7552,
688057.SH,20260331,0.6159,1.214,,328440.0,
600310.SH,20260331,26.1746,53.406,,929260.5977,
603587.SH,20260331,0.2465,1.1049,,577919.1074,
300187.SZ,20260331,1.8953,3.5741,,333786.6593,
300774.SZ,20260331,3.8394,5.5943,,685905.4215,
000933.SZ,20260331,2.5361,3.7693,,6926933.5489,
600396.SH,20260331,27.4155,61.0515,,1229710.1922,
920008.BJ,20260331,2.0949,2.0949,,160650.0,
300411.SZ,20260331,7.3091,7.8169,,455708.9278,
000419.SZ,20260331,1.5465,2.7779,,321800.9318,
300470.SZ,20260331,1.1389,1.4848,,732857.1612,
002654.SZ,20260331,7.4938,9.8468,,1138622.5268,
688573.SH,20260331,2.9105,2.9105,,186808.6355,
603706.SH,20260331,0.5155,1.6541,,368917.5269,
600513.SH,20260331,20.896,34.7662,,798135.7309,
300672.SZ,20260331,5.4074,7.5955,,3347502.7074,
603979.SH,20260331,1.8385,3.1905,,3544989.9659,
300603.SZ,20260331,14.1163,15.2471,,542884.3338,
600885.SH,20260331,0.9318,1.2557,,4296121.8129,
600071.SH,20260331,0.7564,1.4918,,526261.5985,
601599.SH,20260331,1.9432,2.5261,,450290.4718,
603043.SH,20260331,0.6119,1.9057,,887282.4558,
301227.SZ,20260331,2.9063,4.6054,,333401.9805,
603188.SH,20260331,2.3958,3.4051,,278242.96,
300032.SZ,20260331,8.2834,9.9188,,461822.5246,
688755.SH,20260331,1.5488,1.5488,,325424.0,
603978.SH,20260331,4.726,7.4583,,522669.4843,
002272.SZ,20260331,16.7884,18.1824,,829140.183,
601668.SH,20260331,0.6517,1.5408,,20701515.6124,
002297.SZ,20260331,3.6729,4.7439,,626403.5672,
601163.SH,20260331,0.4406,1.2507,,1115200.0,
603257.SH,20260331,4.5922,4.5922,,644640.0,
000558.SZ,20260331,2.9203,4.1666,,595621.4644,
300334.SZ,20260331,1.9271,3.2177,,223226.2981,
688518.SH,20260331,2.1834,2.5276,,808940.4752,
301016.SZ,20260331,3.75,11.7429,,511056.0,
600661.SH,20260331,0.9512,1.4962,,275373.4256,
920159.BJ,20260331,13.2561,13.2561,,318592.0,
603466.SH,20260331,2.5941,4.3938,,550177.0676,
300294.SZ,20260331,0.7429,1.2764,,935885.6577,
002595.SZ,20260331,1.4667,2.9816,,6334400.0,
688285.SH,20260331,5.7784,23.107,,347315.5897,
600973.SH,20260331,2.0252,3.3624,,906473.0899,
600645.SH,20260331,3.5503,4.6095,,1445962.0701,
600180.SH,20260331,1.0799,2.9466,,377059.73,
689009.SH,20260331,2.9192,29.3178,,3195589.4751,
002469.SZ,20260331,2.8297,3.6639,,568403.6639,
600999.SH,20260331,0.5149,1.2671,,13427437.3885,
002936.SZ,20260331,1.5393,2.0119,,1691128.9926,
300430.SZ,20260331,1.7101,2.3681,,476193.6122,
301062.SZ,20260331,2.2484,2.5199,,342300.7946,
300463.SZ,20260331,0.9945,1.0747,,648202.6209,
601177.SH,20260331,0.9619,1.7492,,587107.44,
600671.SH,20260331,1.9155,3.3771,,264990.8538,
603985.SH,20260331,6.4033,11.3161,,819995.8856,
000403.SZ,20260331,0.7017,1.1294,,1229814.2175,
300620.SZ,20260331,6.9043,13.5537,,4436161.2426,
601880.SH,20260331,0.8899,2.7445,,3865769.8229,
920670.BJ,20260331,2.3459,2.8485,,169998.0224,
300836.SZ,20260331,1.4071,1.6287,,505600.0026,
300348.SZ,20260331,2.2773,2.339,,1040562.0106,
002210.SZ,20260331,1.8534,2.646,,718532.849,
300381.SZ,20260331,1.5349,2.1653,,321645.257,
002748.SZ,20260331,1.6998,3.6589,,273840.0,
300918.SZ,20260331,1.1256,2.165,,685306.0142,
002395.SZ,20260331,2.6266,7.4039,,495918.441,
300165.SZ,20260331,7.0615,8.3714,,248746.886,
002868.SZ,20260331,0.6862,1.0271,,579545.6562,
002527.SZ,20260331,1.2562,1.4734,,889165.1912,
002133.SZ,20260331,1.6878,2.4935,,267079.7404,
920395.BJ,20260331,0.5741,0.9548,,144651.2474,
001338.SZ,20260331,1.6247,3.3511,,662786.4317,
002457.SZ,20260331,2.1772,2.9639,,361833.178,
000510.SZ,20260331,6.002,6.6915,,956601.7938,
601231.SH,20260331,1.3868,4.8211,,7884046.7574,
600207.SH,20260331,10.3567,22.759,,729839.4112,
600226.SH,20260331,1.5332,2.4834,,1380112.8879,
688161.SH,20260331,0.8096,4.2242,,1231600.0,
301381.SZ,20260331,0.9295,1.5336,,777060.4932,
000069.SZ,20260331,0.6716,1.3529,,1744193.4975,
601360.SH,20260331,0.9324,2.2649,,7489526.9305,
600109.SH,20260331,0.6364,1.0047,,3105095.7946,
001203.SZ,20260331,2.6922,7.298,,6121590.177,
000955.SZ,20260331,2.1016,2.7827,,264890.34,
600527.SH,20260331,5.5127,7.862,,443330.7909,
002719.SZ,20260331,4.0538,5.032,,156377.2324,
688772.SH,20260331,2.2487,3.7443,,1766209.6982,
301209.SZ,20260331,0.7425,2.0711,,969920.0,
000008.SZ,20260331,5.955,9.7804,,888255.5023,
300134.SZ,20260331,0.8867,1.8366,,769033.002,
301138.SZ,20260331,1.4216,2.9529,,424680.0,
603323.SH,20260331,1.3041,1.5083,,991103.8456,
300528.SZ,20260331,2.4017,6.074,,600271.575,
000691.SZ,20260331,3.8896,4.5959,,385984.38,
002551.SZ,20260331,1.8305,2.1494,,305223.5427,
301361.SZ,20260331,6.7008,6.8061,,416599.216,
000096.SZ,20260331,1.5968,3.4751,,530112.0,
300698.SZ,20260331,1.3679,2.544,,454126.0,
688602.SH,20260331,2.0124,2.0124,,390570.0,
600712.SH,20260331,1.0876,1.5299,,338230.9786,
300167.SZ,20260331,1.9042,2.0663,,225447.546,
601225.SH,20260331,0.4974,1.4315,,24809505.0,
688800.SH,20260331,4.602,7.6888,,1651153.5614,
002398.SZ,20260331,2.5967,2.7365,,365073.6062,
003010.SZ,20260331,3.9211,5.1256,,959618.4835,
000958.SZ,20260331,0.6067,1.2393,,10875578.5831,
000050.SZ,20260331,0.8722,1.544,,1944078.3999,
300837.SZ,20260331,1.8467,3.2518,,358506.5139,
601990.SH,20260331,0.3662,0.6875,,3224927.1737,
000048.SZ,20260331,7.1301,15.7245,,1254647.8035,
002075.SZ,20260331,0.9191,1.2555,,1042067.0864,
300669.SZ,20260331,1.0308,1.7459,,606251.5848,
301265.SZ,20260331,7.5224,9.7579,,646241.7972,
600332.SH,20260331,0.8136,1.6981,,3716558.1094,
688485.SH,20260331,9.5848,9.5848,,371221.3931,
600234.SH,20260331,1.4976,2.8284,,393781.4595,
603881.SH,20260331,8.0028,14.0036,,2753539.0372,
002025.SZ,20260331,5.3423,8.5465,,2863263.1866,
002915.SZ,20260331,1.6098,2.3556,,682616.4999,
000725.SZ,20260331,1.0712,1.2335,,14484332.273,
600113.SH,20260331,0.782,1.7157,,2075558.5805,
000543.SZ,20260331,2.6168,6.1795,,1908698.9247,
603089.SH,20260331,0.7152,1.7832,,337480.3387,
601860.SH,20260331,1.2234,1.5959,,1017759.2488,
600131.SH,20260331,1.5023,3.6127,,2202576.5709,
920263.BJ,20260331,0.5005,0.7997,,149152.4982,
002799.SZ,20260331,2.9739,5.5646,,272034.0,
603390.SH,20260331,0.8152,2.219,,406158.0415,
688612.SH,20260331,1.2051,1.3516,,1205165.7818,
002628.SZ,20260331,3.8651,4.8707,,397477.7179,
301584.SZ,20260331,12.2625,12.2625,,1142534.4364,
301132.SZ,20260331,6.1228,12.1047,,562727.7462,
301314.SZ,20260331,3.9734,4.4642,,247464.75,
688662.SH,20260331,4.0995,6.2994,,499879.6,
002576.SZ,20260331,6.6104,9.3104,,286283.4,
600665.SH,20260331,1.3764,3.2397,,292937.5346,
001380.SZ,20260331,1.8526,1.8526,,560668.2106,
300388.SZ,20260331,0.6606,1.705,,544152.7426,
601058.SH,20260331,0.7072,0.9571,,4231785.0333,
601798.SH,20260331,1.537,2.4017,,320848.0192,
301055.SZ,20260331,1.264,2.9634,,286416.0,
000009.SZ,20260331,0.7305,1.1782,,2272287.5032,
002848.SZ,20260331,1.6694,2.2013,,226321.1,
002221.SZ,20260331,2.1406,3.4636,,1366502.774,
688781.SH,20260331,24.165,24.165,,3570000.0,
603322.SH,20260331,2.2026,2.7701,,481427.6618,
603091.SH,20260331,1.0688,1.0688,,725997.6691,
688113.SH,20260331,0.926,1.4922,,241812.834,
300765.SZ,20260331,0.8078,3.1874,,4460987.1901,
301010.SZ,20260331,2.2456,6.2379,,230688.0,
688205.SH,20260331,8.1639,12.1244,,2912450.0536,
300375.SZ,20260331,2.2153,2.592,,363155.155,
002316.SZ,20260331,10.5186,11.3152,,222899.04,
603305.SH,20260331,2.5636,4.9935,,1690801.6174,
001325.SZ,20260331,22.2566,22.2566,,438099.2,
001230.SZ,20260331,5.2938,7.7087,,337846.9855,
600737.SH,20260331,0.9539,1.936,,3020053.6979,
688390.SH,20260331,5.9086,8.8183,,2298153.2617,
300394.SZ,20260331,3.4875,6.2992,,23446863.2726,
920682.BJ,20260331,1.2866,1.8789,,267696.0,
688302.SH,20260331,4.887,6.466,,435866.6624,
300564.SZ,20260331,1.5773,2.53,,239230.4416,
601009.SH,20260331,0.5385,1.2316,,14082103.0921,
603300.SH,20260331,2.1258,2.7937,,1332329.2198,
002195.SZ,20260331,3.0271,3.3593,,5114840.3358,
301295.SZ,20260331,7.887,7.887,,357940.8,
002573.SZ,20260331,0.8192,1.7217,,534970.9559,
002374.SZ,20260331,1.8875,2.3237,,355948.6448,
300792.SZ,20260331,2.1243,3.8034,,798023.1146,
688155.SH,20260331,1.8,3.8131,,916787.494,
603332.SH,20260331,2.2599,5.6559,,278438.8258,
300369.SZ,20260331,4.4185,5.9144,,660656.8379,
600858.SH,20260331,1.283,2.2466,,304759.0212,
920394.BJ,20260331,0.7021,2.1097,,678600.0,
301581.SZ,20260331,0.7125,1.604,,357280.0,
603095.SH,20260331,1.4924,4.868,,460493.9836,
600150.SH,20260331,1.0974,1.5526,,23209016.0522,
300536.SZ,20260331,3.2528,3.48,,228764.7437,
605319.SH,20260331,1.6122,4.3308,,856661.1859,
300595.SZ,20260331,0.8168,1.1068,,1265043.5308,
603255.SH,20260331,1.3384,2.1164,,370261.6759,
000561.SZ,20260331,1.4028,2.2928,,837233.6726,
600428.SH,20260331,2.5315,5.435,,2466784.4351,
300546.SZ,20260331,1.7463,1.9367,,390248.9569,
600531.SH,20260331,3.9581,5.3994,,1593808.236,
002498.SZ,20260331,8.0616,24.1096,,2934234.072,
000599.SZ,20260331,2.0631,3.5179,,473720.2125,
688796.SH,20260331,7.7628,7.7628,,4157049.1028,
688560.SH,20260331,2.2562,3.6254,,288868.2523,
002863.SZ,20260331,1.7533,2.6471,,323721.1192,
688727.SH,20260331,4.2697,4.2697,,2085292.2636,
002743.SZ,20260331,1.6033,2.4029,,238962.3944,
601700.SH,20260331,1.6084,3.264,,602402.6117,
603378.SH,20260331,1.6257,4.1114,,244300.0859,
002919.SZ,20260331,1.2089,2.0438,,526122.4543,
601319.SH,20260331,0.2267,2.695,,32150841.1538,
600610.SH,20260331,2.8469,4.4964,,965218.4191,
002215.SZ,20260331,1.0879,1.2875,,1044819.1624,
600694.SH,20260331,0.5615,0.9242,,566468.6271,
600121.SH,20260331,14.588,30.3327,,587274.6023,
920367.BJ,20260331,2.5414,5.1339,,128329.7238,
000752.SZ,20260331,1.5446,1.9031,,282749.1024,
301272.SZ,20260331,2.198,2.8877,,228685.4907,
603014.SH,20260331,2.7289,2.7289,,1537334.9629,
301606.SZ,20260331,2.6577,4.7055,,2808524.4768,
601162.SH,20260331,0.8939,1.19,,3727374.5366,
002876.SZ,20260331,2.1898,2.4714,,443406.5766,
301313.SZ,20260331,1.9593,2.2943,,293911.1094,
301163.SZ,20260331,3.9683,5.82,,235497.6,
300172.SZ,20260331,12.0313,13.2241,,370837.08,
300666.SZ,20260331,4.0472,4.4775,,3693794.5487,
000514.SZ,20260331,0.9503,2.5815,,402478.7503,
600282.SH,20260331,0.6741,1.8101,,3390800.0561,
000166.SZ,20260331,0.3294,0.7648,,11718694.0541,
688566.SH,20260331,1.0691,3.671,,585529.0196,
600741.SH,20260331,1.8271,4.3835,,6056382.7733,
688631.SH,20260331,3.3748,4.4551,,856582.8,
001317.SZ,20260331,2.5347,6.1873,,404041.6982,
605305.SH,20260331,2.928,4.0693,,869844.36,
300558.SZ,20260331,1.4351,2.4439,,1834399.5555,
000707.SZ,20260331,2.2838,2.897,,351415.033,
603138.SH,20260331,8.7205,15.6943,,603320.6736,
600732.SH,20260331,3.0732,4.1779,,2966267.1421,
002599.SZ,20260331,1.4692,1.6659,,377137.2892,
920006.BJ,20260331,1.9124,2.5994,,197548.3936,
002423.SZ,20260331,0.7667,2.0601,,2398573.9036,
600855.SH,20260331,2.1874,3.9386,,805893.4922,
600379.SH,20260331,3.0487,5.4627,,393600.2643,
301175.SZ,20260331,3.961,3.961,,927284.4,
920985.BJ,20260331,3.0261,4.9174,,216942.8162,
600838.SH,20260331,2.0262,3.0061,,408899.6206,
300300.SZ,20260331,31.8957,42.3067,,988267.3459,
002305.SZ,20260331,1.9785,3.3249,,384995.9009,
300769.SZ,20260331,8.8792,10.0885,,1228624.5116,
688768.SH,20260331,1.5353,2.3467,,396301.1634,
688349.SH,20260331,0.5019,1.9423,,2896766.7558,
920564.BJ,20260331,7.1357,11.4367,,216521.799,
002833.SZ,20260331,1.4373,2.0143,,761072.504,
600320.SH,20260331,4.931,9.0841,,2649981.811,
688552.SH,20260331,8.4861,8.4861,,1444770.432,
603116.SH,20260331,0.7019,1.5746,,322672.448,
300629.SZ,20260331,5.1846,5.8155,,572993.9833,
920690.BJ,20260331,1.55,2.911,,156468.0,
600568.SH,20260331,1.0008,1.6293,,544053.4229,
002601.SZ,20260331,0.8164,1.0747,,4150975.8655,
300382.SZ,20260331,2.5624,3.8907,,740472.7931,
600774.SH,20260331,1.2071,2.8977,,260218.5786,
301362.SZ,20260331,7.3359,7.3359,,1046909.34,
600318.SH,20260331,2.6762,3.5029,,385571.1793,
603318.SH,20260331,7.3983,12.9339,,436527.8226,
300110.SZ,20260331,1.8491,2.312,,371214.8763,
301129.SZ,20260331,2.9231,5.1853,,327920.4262,
002171.SZ,20260331,2.8921,3.8332,,1843657.4226,
002775.SZ,20260331,1.3936,2.6674,,265323.9357,
001227.SZ,20260331,1.717,1.9314,,1292923.2571,
301508.SZ,20260331,2.8016,2.8016,,654516.654,
000750.SZ,20260331,0.6555,0.8681,,2445904.8247,
300190.SZ,20260331,2.7674,3.9111,,370562.0714,
301458.SZ,20260331,2.7821,3.2055,,900266.7792,
600678.SH,20260331,4.2412,5.335,,366439.5,
300973.SZ,20260331,1.8445,2.3806,,548663.288,
603908.SH,20260331,1.9234,4.8811,,215123.3423,
300287.SZ,20260331,1.3184,1.3477,,618603.0112,
603169.SH,20260331,1.9982,3.7066,,1293228.88,
920523.BJ,20260331,0.9343,1.2102,,228738.4912,
002199.SZ,20260331,1.7594,2.7859,,202300.6037,
002758.SZ,20260331,2.4609,4.3114,,508426.449,
688307.SH,20260331,9.2091,13.8745,,606770.29,
603341.SH,20260331,2.2465,2.4612,,1970166.7279,
300784.SZ,20260331,4.6264,4.6264,,266397.5112,
688553.SH,20260331,1.28,1.7694,,707412.0,
300109.SZ,20260331,1.4523,1.5294,,828030.9764,
000070.SZ,20260331,17.7288,28.4877,,1602613.6728,
300566.SZ,20260331,2.5628,2.8385,,453440.9978,
600227.SH,20260331,21.24,25.7118,,665358.7079,
301397.SZ,20260331,2.4653,2.4653,,443639.2593,
002645.SZ,20260331,3.4438,5.3855,,1051230.603,
300527.SZ,20260331,0.6377,1.4431,,817483.3791,
688716.SH,20260331,1.4927,1.4931,,394486.56,
000717.SZ,20260331,1.1988,2.5485,,603537.5519,
688793.SH,20260331,4.9012,8.9112,,201370.1167,
300908.SZ,20260331,1.419,2.9124,,400478.0,
601089.SH,20260331,0.8758,3.2011,,1106880.0,
002168.SZ,20260331,1.8526,2.2608,,327780.2878,
300230.SZ,20260331,1.6367,1.8461,,383836.7442,
000782.SZ,20260331,3.3732,3.8495,,375560.0854,
300600.SZ,20260331,1.5892,2.8713,,366616.1621,
002774.SZ,20260331,1.2556,3.1199,,359582.6772,
000972.SZ,20260331,2.4061,3.7384,,302343.163,
000856.SZ,20260331,6.9811,9.973,,257645.0,
603896.SH,20260331,0.6362,1.0897,,368535.4305,
002430.SZ,20260331,1.1887,2.9088,,2733522.2132,
920152.BJ,20260331,3.5759,4.3611,,173804.3937,
688376.SH,20260331,1.4378,3.3408,,785813.7946,
002971.SZ,20260331,2.2503,2.9336,,598631.385,
301299.SZ,20260331,8.8336,11.4254,,407810.3022,
301386.SZ,20260331,3.6291,3.6291,,344400.0,
301587.SZ,20260331,14.6144,16.0939,,396901.7398,
688221.SH,20260331,3.757,6.3758,,709826.5474,
603931.SH,20260331,0.75,2.0217,,531623.5243,
688567.SH,20260331,0.9317,1.5958,,1593623.466,
688530.SH,20260331,14.2048,14.2048,,462369.4965,
301363.SZ,20260331,2.0402,4.8746,,1446639.4107,
920533.BJ,20260331,2.1337,3.0353,,288712.1802,
600301.SH,20260331,4.1503,5.7111,,3055300.9236,
600170.SH,20260331,1.6145,2.9302,,2434747.4899,
603589.SH,20260331,0.7153,1.1716,,1477355.0958,
002442.SZ,20260331,1.7722,2.8478,,293417.8123,
688169.SH,20260331,0.8905,1.1271,,3108758.2033,
600149.SH,20260331,22.7572,35.1747,,267632.64,
603216.SH,20260331,1.1785,4.3734,,710826.48,
920808.BJ,20260331,0.5383,1.8577,,1384000.0069,
601881.SH,20260331,1.295,4.5038,,13930428.4741,
002837.SZ,20260331,6.0931,8.9242,,8237248.7381,
600503.SH,20260331,1.2792,1.3772,,389356.47,
688008.SH,20260331,3.1789,3.4268,,15311721.8631,
603181.SH,20260331,0.6349,1.1108,,833010.5,
688669.SH,20260331,1.0485,2.015,,306002.6683,
300242.SZ,20260331,2.4595,3.1256,,299510.0657,
002366.SZ,20260331,3.1327,3.1327,,1529489.1654,
600031.SH,20260331,1.4514,2.1359,,17672798.5279,
603033.SH,20260331,0.3997,1.0533,,1012602.61,
603499.SH,20260331,1.5675,3.889,,654209.0712,
603201.SH,20260331,0.7824,2.4704,,310426.8657,
002541.SZ,20260331,0.8369,1.2031,,1416605.1925,
002478.SZ,20260331,3.5458,4.3368,,918820.3126,
300638.SZ,20260331,2.6814,3.2742,,2240970.4832,
600660.SH,20260331,0.5242,0.74,,14875538.1324,
600016.SH,20260331,0.8345,1.2171,,16593536.6123,
601619.SH,20260331,2.7698,5.1498,,1543767.6098,
300162.SZ,20260331,9.807,11.472,,371685.8866,
301079.SZ,20260331,26.2366,30.4818,,487580.6794,
601595.SH,20260331,1.0748,3.4915,,1068957.0,
600398.SH,20260331,1.8524,4.6116,,3136209.0033,
920885.BJ,20260331,5.2437,7.8322,,331732.2458,
000883.SZ,20260331,0.9237,3.1158,,3383947.2871,
600408.SH,20260331,11.1329,16.2681,,354393.6,
688096.SH,20260331,3.1754,3.8818,,203470.2762,
603269.SH,20260331,2.7866,3.7476,,413727.3691,
301251.SZ,20260331,6.5011,6.5011,,745097.5178,
600055.SH,20260331,0.4575,0.8388,,1036311.9995,
001322.SZ,20260331,0.4203,1.9939,,711831.9386,
002669.SZ,20260331,2.1285,2.9928,,376822.8,
002510.SZ,20260331,2.0515,2.4452,,715672.7891,
002041.SZ,20260331,2.6293,6.6665,,918720.0,
000060.SZ,20260331,1.9441,2.7797,,2717997.5443,
688120.SH,20260331,1.3221,1.8394,,6153544.6434,
300873.SZ,20260331,1.1736,1.8632,,495332.6213,
300641.SZ,20260331,4.053,9.2996,,1053191.7992,
300232.SZ,20260331,3.3661,3.7151,,740551.5098,
002367.SZ,20260331,3.3595,6.3753,,528905.2373,
300913.SZ,20260331,1.5268,4.6452,,1622383.041,
603858.SH,20260331,0.4521,1.0355,,1737928.7924,
002124.SZ,20260331,1.6833,1.7572,,524376.3844,
000582.SZ,20260331,1.3295,3.0237,,2715934.1539,
002422.SZ,20260331,1.4217,1.7118,,5543647.1475,
300505.SZ,20260331,14.3474,15.6499,,800689.0945,
002053.SZ,20260331,2.5269,9.4955,,1136180.1586,
603237.SH,20260331,0.7364,1.7515,,328125.7741,
688729.SH,20260331,1.5245,1.5245,,6475631.96,
300440.SZ,20260331,2.2243,3.3974,,696633.811,
301199.SZ,20260331,1.7012,2.0162,,418340.916,
000632.SZ,20260331,11.3623,14.4696,,232759.785,
001386.SZ,20260331,2.6545,2.6545,,2374306.04,
000504.SZ,20260331,0.712,1.1994,,332003.2366,
002001.SZ,20260331,1.2967,2.6359,,10618671.9044,
688131.SH,20260331,3.1533,4.644,,1470092.4636,
300905.SZ,20260331,1.8596,2.9917,,560319.1285,
605366.SH,20260331,4.1915,7.5065,,841268.2268,
688558.SH,20260331,0.6467,1.9958,,369996.0,
603007.SH,20260331,2.1208,2.1208,,565288.8585,
300189.SZ,20260331,14.7422,15.5477,,727040.0,
002266.SZ,20260331,0.9175,1.7475,,2171216.9032,
300623.SZ,20260331,1.0823,1.7358,,2214996.7444,
603062.SH,20260331,6.2142,7.1198,,499932.0,
300585.SZ,20260331,5.0299,8.4306,,272922.222,
601717.SH,20260331,3.0839,4.928,,3640430.4573,
603030.SH,20260331,1.266,1.6675,,321331.7789,
300735.SZ,20260331,0.7264,1.43,,1610899.9862,
688177.SH,20260331,0.5694,1.9533,,898967.68,
601186.SH,20260331,0.6791,1.718,,9573576.7575,
600506.SH,20260331,4.947,8.3931,,418601.2761,
600892.SH,20260331,0.7309,1.1219,,201407.1077,
002290.SZ,20260331,1.2094,2.1589,,1501823.9335,
600787.SH,20260331,1.4065,2.7244,,1195713.8497,
600985.SH,20260331,1.0548,2.736,,3649365.5507,
002581.SZ,20260331,0.823,0.9513,,486884.8625,
002803.SZ,20260331,2.8487,3.1576,,770643.4478,
603077.SH,20260331,3.6463,5.4296,,2481698.2101,
000919.SZ,20260331,1.8555,3.1836,,446541.8111,
603629.SH,20260331,10.1934,18.7103,,1685143.68,
300581.SZ,20260331,1.5383,2.9487,,714592.3003,
603733.SH,20260331,0.3067,1.5061,,1586009.6812,
688660.SH,20260331,0.8933,2.2337,,1668000.0834,
920021.BJ,20260331,13.3391,16.123,,314252.9827,
300616.SZ,20260331,1.88,2.1645,,268970.144,
300561.SZ,20260331,5.6684,9.6075,,444586.3061,
688227.SH,20260331,1.3124,2.2539,,689071.9011,
002826.SZ,20260331,2.1989,2.938,,380402.1113,
002027.SZ,20260331,0.7546,1.1197,,9459640.8205,
688092.SH,20260331,1.0979,2.3332,,234351.7029,
002121.SZ,20260331,2.6072,3.449,,1293776.2,
002282.SZ,20260331,1.4199,2.0905,,368786.8436,
001223.SZ,20260331,0.679,2.7145,,424751.6,
300460.SZ,20260331,1.4239,1.7733,,245703.7196,
000638.SZ,20260331,2.4466,3.4604,,41725.7978,
002069.SZ,20260331,1.8708,3.2364,,266667.0728,
300099.SZ,20260331,4.6165,5.5553,,616353.7532,
301051.SZ,20260331,1.5176,2.1393,,426594.3011,
603109.SH,20260331,2.8491,7.1239,,444847.0068,
002873.SZ,20260331,3.0547,4.2812,,247033.0517,
688190.SH,20260331,0.8776,2.4203,,1129800.0,
920139.BJ,20260331,0.7544,1.3444,,447921.2855,
300478.SZ,20260331,1.6281,2.2606,,289321.132,
002209.SZ,20260331,3.6757,4.3224,,307499.8823,
601019.SH,20260331,0.3593,1.7546,,1857341.0,
300237.SZ,20260331,1.6458,2.2565,,335966.1787,
002212.SZ,20260331,1.5104,1.5104,,862180.7855,
002347.SZ,20260331,2.996,4.2794,,419912.2936,
688322.SH,20260331,1.2224,1.923,,3008581.8,
688225.SH,20260331,0.6043,1.1559,,661216.53,
300692.SZ,20260331,6.0521,7.4098,,386612.1823,
300768.SZ,20260331,0.751,1.4764,,988921.4039,
600865.SH,20260331,1.4399,3.7893,,421765.3942,
601898.SH,20260331,0.6005,3.5769,,22804901.048,
301075.SZ,20260331,3.0037,8.7699,,497600.0,
603170.SH,20260331,1.2261,3.6188,,494012.35,
688010.SH,20260331,1.2172,2.5522,,449732.98,
688119.SH,20260331,1.4235,3.2973,,585000.0,
301505.SZ,20260331,2.4415,2.4415,,252709.5801,
301323.SZ,20260331,10.3433,21.2061,,663730.5053,
600502.SH,20260331,9.956,15.1161,,966408.6071,
301580.SZ,20260331,5.5542,6.295,,745951.759,
601010.SH,20260331,1.0967,1.5551,,410256.0,
301126.SZ,20260331,2.5385,3.2903,,231284.0032,
688581.SH,20260331,0.5865,0.8253,,435382.198,
688019.SH,20260331,1.7888,2.54,,4386759.5189,
300125.SZ,20260331,3.4733,4.3104,,575960.2388,
002524.SZ,20260331,2.3409,3.1331,,228291.8873,
603099.SH,20260331,1.4098,4.2513,,963867.3885,
600333.SH,20260331,1.9247,4.666,,339839.1217,
002594.SZ,20260331,1.6883,2.3963,,95958504.3716,
002950.SZ,20260331,3.623,6.8833,,762451.55,
300418.SZ,20260331,3.3567,5.1149,,6151249.0697,
002048.SZ,20260331,2.1784,3.5132,,2090737.2904,
300438.SZ,20260331,10.0317,11.85,,2840869.9238,
601636.SH,20260331,2.1219,3.3746,,1724895.1234,
002715.SZ,20260331,3.0556,4.7338,,210864.0,
002370.SZ,20260331,18.6486,21.8394,,554030.9748,
603339.SH,20260331,0.6492,1.1626,,392371.4099,
603508.SH,20260331,0.8588,2.0032,,984069.167,
000878.SZ,20260331,1.7898,2.7036,,4372606.8241,
920768.BJ,20260331,1.3359,1.7691,,117628.2,
000888.SZ,20260331,1.9071,3.1573,,668652.7264,
600725.SH,20260331,1.5335,2.1981,,545984.21,
002616.SZ,20260331,10.7893,16.4998,,560209.0719,
002875.SZ,20260331,2.3781,3.0747,,403240.9387,
300034.SZ,20260331,2.1497,3.6313,,1442500.429,
688636.SH,20260331,2.1625,3.6726,,707451.2515,
000620.SZ,20260331,3.0511,5.4099,,1661723.6563,
300130.SZ,20260331,1.2135,1.4084,,1291172.8039,
600851.SH,20260331,1.1048,2.348,,946332.4465,
920239.BJ,20260331,0.7628,2.0046,,533113.2693,
301236.SZ,20260331,1.5003,1.899,,3819848.4432,
600726.SH,20260331,6.9627,49.7232,,5068602.5106,
600933.SH,20260331,0.7628,1.5534,,1736803.513,
603767.SH,20260331,1.6555,4.879,,581153.1145,
300940.SZ,20260331,1.9526,2.4641,,483360.9316,
601778.SH,20260331,6.9837,9.1768,,1746219.3125,
688317.SH,20260331,0.5744,1.0359,,362794.3021,
600378.SH,20260331,0.4583,1.019,,3920308.8452,
603697.SH,20260331,2.1415,6.49,,420849.0244,
301270.SZ,20260331,1.7946,2.2023,,311800.0,
601900.SH,20260331,0.8953,2.3916,,1145679.1521,
600906.SH,20260331,0.7193,1.1577,,2080045.0,
000058.SZ,20260331,0.6116,2.0872,,981266.9356,
600522.SH,20260331,6.8437,8.8513,,10269565.5029,
603185.SH,20260331,2.9945,5.4487,,1564928.9534,
300725.SZ,20260331,3.6009,3.7947,,847551.6111,
600753.SH,20260331,1.5124,2.5899,,276368.61,
002972.SZ,20260331,12.2078,16.528,,316367.3168,
300670.SZ,20260331,3.4856,4.5328,,202512.1861,
603202.SH,20260331,2.7569,2.7569,,1500480.0,
600699.SH,20260331,2.8355,4.5765,,3842809.4551,
600538.SH,20260331,2.8717,3.188,,351212.8932,
301318.SZ,20260331,1.0958,2.29,,351641.8021,
300474.SZ,20260331,1.3631,1.6719,,3010809.3437,
301501.SZ,20260331,2.9334,2.9334,,548709.0,
300473.SZ,20260331,2.9356,3.7916,,522476.371,
600727.SH,20260331,6.4412,9.7945,,404366.0983,
002871.SZ,20260331,2.9025,4.0197,,407499.5212,
301373.SZ,20260331,18.6746,19.7911,,710492.1961,
600846.SH,20260331,0.4565,1.0388,,739092.8734,
600928.SH,20260331,0.4546,1.7026,,1617777.778,
920974.BJ,20260331,1.3778,1.5853,,121212.0,
002902.SZ,20260331,32.7235,37.6565,,614783.7062,
301019.SZ,20260331,1.0485,1.3507,,335370.5739,
300640.SZ,20260331,5.1058,5.9611,,223915.2674,
002460.SZ,20260331,6.6813,7.4837,,16433890.7386,
002520.SZ,20260331,3.0411,4.0477,,416386.0699,
688111.SH,20260331,0.9797,2.2651,,10822519.2581,
600905.SH,20260331,0.9312,1.9959,,12178338.9605,
600346.SH,20260331,0.3812,1.5238,,15239651.0367,
920870.BJ,20260331,0.9168,1.6212,,185724.0,
600104.SH,20260331,0.5731,1.8867,,16771609.8783,
300319.SZ,20260331,2.8905,3.7255,,987885.8046,
603220.SH,20260331,5.8699,8.1382,,1345692.6033,
301507.SZ,20260331,2.8993,2.8993,,499532.6163,
300695.SZ,20260331,0.8492,2.9183,,696676.4232,
300214.SZ,20260331,2.5105,4.2392,,331010.6612,
920522.BJ,20260331,2.2736,2.9622,,742841.6621,
300446.SZ,20260331,3.9443,4.6047,,1703501.3737,
688272.SH,20260331,5.1507,11.0964,,331284.0,
605001.SH,20260331,2.907,5.8257,,300557.79,
600796.SH,20260331,2.737,4.0687,,571080.0198,
002310.SZ,20260331,15.5202,24.3929,,2051768.164,
300415.SZ,20260331,0.9831,1.4108,,1112366.3874,
002569.SZ,20260331,1.739,2.0517,,213278.81,
600279.SH,20260331,0.6099,1.765,,615983.6009,
002682.SZ,20260331,8.2285,11.6066,,345294.3167,
600802.SH,20260331,8.3074,12.0205,,293278.976,
300805.SZ,20260331,3.5078,4.9584,,432082.1107,
300520.SZ,20260331,3.1428,3.992,,1012471.5394,
002330.SZ,20260331,1.6141,2.735,,300504.1322,
688577.SH,20260331,0.7593,1.9437,,708295.4751,
301151.SZ,20260331,0.8925,2.7036,,306911.4456,
603599.SH,20260331,1.4789,2.5338,,1318980.2809,
000547.SZ,20260331,15.7588,20.0588,,4549240.6936,
002453.SZ,20260331,1.8047,2.3653,,426492.7412,
002493.SZ,20260331,0.3818,1.3786,,11987330.7048,
002810.SZ,20260331,13.1506,20.8047,,817755.6938,
605080.SH,20260331,0.5114,1.5186,,323845.4419,
300590.SZ,20260331,1.4768,2.0855,,525225.8284,
300697.SZ,20260331,2.8881,3.7157,,633384.96,
300400.SZ,20260331,5.4398,8.1472,,567744.372,
600365.SH,20260331,1.3274,1.6609,,139841.24,
603606.SH,20260331,1.6293,2.7532,,4163428.8379,
002140.SZ,20260331,2.4785,7.738,,892097.4787,
002472.SZ,20260331,1.4073,1.6289,,3059328.3686,
300751.SZ,20260331,5.3314,6.8242,,6389992.4872,
002200.SZ,20260331,1.3502,1.7269,,327968.2974,
002068.SZ,20260331,2.9127,5.5355,,645633.0821,
920496.BJ,20260331,1.6348,2.3537,,150838.825,
002128.SZ,20260331,0.6148,1.4405,,6740411.4935,
002236.SZ,20260331,1.1831,1.3589,,5538183.1422,
688802.SH,20260331,10.7031,10.7031,,24086020.0,
300254.SZ,20260331,5.1265,5.2499,,288834.0591,
603486.SH,20260331,0.5142,1.5597,,3532577.8092,
301288.SZ,20260331,0.6091,1.1737,,180376.7,
002858.SZ,20260331,11.7806,13.7788,,263910.9392,
600900.SH,20260331,0.328,0.6933,,66162060.7041,
301017.SZ,20260331,5.3539,9.801,,585290.1175,
600073.SH,20260331,1.0732,1.7252,,553260.3885,
603916.SH,20260331,1.352,2.5904,,449741.6185,
688328.SH,20260331,6.1943,9.5099,,328991.2755,
002579.SZ,20260331,6.4965,9.1052,,684294.9985,
605088.SH,20260331,0.789,1.3561,,689268.5802,
002568.SZ,20260331,0.8943,1.2859,,1765552.1732,
001300.SZ,20260331,1.694,5.7222,,404668.0172,
300462.SZ,20260331,3.1129,3.4462,,225621.3128,
603536.SH,20260331,2.9459,6.6412,,249652.2034,
600235.SH,20260331,2.2051,3.4614,,234317.1,
300820.SZ,20260331,2.0167,3.0038,,996582.4879,
003000.SZ,20260331,2.1516,2.8974,,470733.502,
920402.BJ,20260331,0.9649,1.9434,,370568.7388,
001236.SZ,20260331,1.5195,4.174,,975528.8891,
688653.SH,20260331,1.4694,1.4694,,521685.92,
002179.SZ,20260331,0.8236,1.5353,,7156905.1562,
688222.SH,20260331,5.2021,9.5877,,1032953.04,
601702.SH,20260331,1.556,5.1865,,1933155.2416,
603373.SH,20260331,4.5264,6.6519,,453333.3345,
300421.SZ,20260331,2.904,3.2949,,676564.1437,
600755.SH,20260331,1.3521,2.2162,,1368077.5021,
600415.SH,20260331,0.5344,1.3054,,7095725.6384,
600486.SH,20260331,1.2865,2.2007,,3039939.6975,
002513.SZ,20260331,3.15,3.7379,,235873.0182,
300682.SZ,20260331,1.7469,2.6442,,1682047.8808,
002714.SZ,20260331,1.7275,2.7162,,24079160.6268,
688419.SH,20260331,2.1944,4.2436,,468058.1195,
300225.SZ,20260331,1.4433,1.6942,,240091.943,
300988.SZ,20260331,3.2207,5.3052,,343588.2273,
002494.SZ,20260331,4.6768,5.2269,,202993.1663,
601512.SH,20260331,0.2146,1.1295,,1295040.96,
000926.SZ,20260331,1.9341,2.4538,,334522.6025,
688651.SH,20260331,6.3039,6.3039,,283424.841,
603900.SH,20260331,1.3741,2.6274,,258937.6992,
688697.SH,20260331,0.3899,0.9923,,648498.7328,
920026.BJ,20260331,1.2281,1.9647,,257476.3207,
603797.SH,20260331,1.3444,3.1689,,267544.8082,
603137.SH,20260331,2.7628,2.7628,,249521.0676,
688623.SH,20260331,2.3083,2.3083,,502239.8084,
688067.SH,20260331,2.3645,4.5089,,178568.0,
301260.SZ,20260331,0.8528,1.5568,,719343.4973,
603738.SH,20260331,10.659,14.834,,1000220.3793,
002497.SZ,20260331,3.2041,3.4354,,2673945.0464,
000711.SZ,20260331,4.4362,4.8916,,1082243.4626,
002073.SZ,20260331,1.4356,1.6756,,718907.1282,
300252.SZ,20260331,3.0002,3.201,,866759.3687,
603928.SH,20260331,0.9372,2.8371,,374774.4,
301257.SZ,20260331,3.7554,6.4213,,438160.4544,
600843.SH,20260331,1.4636,1.8876,,670376.4912,
600135.SH,20260331,12.1064,22.2891,,615277.4941,
002239.SZ,20260331,1.8319,2.3902,,1012092.5764,
603668.SH,20260331,4.6183,6.9624,,642268.5554,
300227.SZ,20260331,3.4198,3.826,,600583.6909,
002149.SZ,20260331,22.0438,32.5304,,2516256.3682,
600543.SH,20260331,1.8652,2.947,,157027.68,
000908.SZ,20260331,7.3876,9.9404,,1363650.2441,
301326.SZ,20260331,1.2584,3.9479,,866554.5383,
600339.SH,20260331,1.3196,4.7467,,2216509.546,
002307.SZ,20260331,1.7788,3.3152,,756789.5867,
301065.SZ,20260331,2.1285,3.7078,,241195.5,
300265.SZ,20260331,19.2874,31.3602,,894988.9552,
603172.SH,20260331,3.6132,4.1713,,278897.58,
600605.SH,20260331,1.0061,1.7614,,577797.0836,
688521.SH,20260331,3.2217,4.2339,,10639265.9728,
688187.SH,20260331,0.5246,1.7631,,7054542.0003,
300200.SZ,20260331,2.6514,3.7286,,399943.1352,
002979.SZ,20260331,1.1747,1.536,,1118341.4153,
600760.SH,20260331,0.9814,2.9897,,13920315.0457,
002907.SZ,20260331,1.8839,7.5842,,594239.5548,
002951.SZ,20260331,1.1771,6.9648,,572670.0,
688101.SH,20260331,0.6234,1.9243,,525907.1125,
605589.SH,20260331,1.4149,1.8979,,2440138.0397,
920149.BJ,20260331,0.8789,1.263,,74418.1341,
301486.SZ,20260331,9.4175,12.2187,,1955565.081,
000589.SZ,20260331,1.7423,2.2353,,727564.2679,
603396.SH,20260331,6.1631,10.4804,,498560.3933,
301348.SZ,20260331,6.083,6.083,,558240.0,
301372.SZ,20260331,2.5841,2.9057,,178422.8609,
688392.SH,20260331,2.8872,4.6469,,1226773.616,
000676.SZ,20260331,1.1892,1.5849,,957439.8034,
301118.SZ,20260331,2.852,6.1386,,258961.54,
300597.SZ,20260331,1.6923,2.056,,245585.597,
002161.SZ,20260331,2.8891,3.4035,,557037.3222,
688217.SH,20260331,1.3045,2.2006,,155670.3822,
601088.SH,20260331,0.2372,1.4603,,99258517.2747,
603638.SH,20260331,0.6254,2.2561,,1631427.334,
600860.SH,20260331,3.234,7.2415,,609351.9046,
603317.SH,20260331,0.3971,1.3619,,1307469.767,
600765.SH,20260331,1.5649,2.4165,,2539880.4343,
603282.SH,20260331,1.3161,2.744,,279148.52,
600729.SH,20260331,1.2075,1.267,,977365.3779,
300467.SZ,20260331,1.2335,1.2672,,567754.4822,
002529.SZ,20260331,1.1027,1.2866,,176020.0,
300928.SZ,20260331,1.6555,1.9233,,235600.0,
300773.SZ,20260331,3.6627,5.0266,,1777009.3873,
001301.SZ,20260331,2.9473,3.7064,,1937239.8558,
301050.SZ,20260331,3.9534,4.9482,,1137175.9866,
000829.SZ,20260331,1.9946,3.1498,,1064054.2546,
688498.SH,20260331,4.003,5.5697,,8641528.1629,
920510.BJ,20260331,1.4744,2.1584,,261399.5653,
603261.SH,20260331,2.2012,6.4746,,280258.1596,
688211.SH,20260331,0.3239,0.8327,,402717.2721,
002726.SZ,20260331,2.4082,4.0195,,355043.8667,
600143.SH,20260331,1.8968,2.3525,,4400159.4668,
600569.SH,20260331,1.3253,4.1231,,640549.9691,
688805.SH,20260331,5.3242,5.3242,,731923.2,
002585.SZ,20260331,4.1683,5.434,,774958.0535,
600809.SH,20260331,0.5572,1.6633,,17452808.1599,
301228.SZ,20260331,2.3043,5.0468,,513000.0,
002700.SZ,20260331,1.9637,1.9893,,279612.6531,
688783.SH,20260331,1.6955,1.6955,,8527833.6,
688192.SH,20260331,0.7964,2.1068,,2517848.0803,
300945.SZ,20260331,3.9419,6.7685,,408569.6696,
002110.SZ,20260331,0.8225,1.9655,,940052.4998,
688571.SH,20260331,1.6553,4.6601,,330004.8046,
002575.SZ,20260331,14.4725,15.8377,,515394.0,
600650.SH,20260331,0.6843,1.5483,,717093.1391,
300157.SZ,20260331,7.4419,8.954,,489305.5718,
600651.SH,20260331,0.6751,1.895,,1739877.4424,
605033.SH,20260331,2.4888,9.1338,,308526.4,
000816.SZ,20260331,2.4939,3.3582,,476067.3816,
300538.SZ,20260331,1.9798,2.4501,,262326.5823,
300766.SZ,20260331,9.8489,10.618,,1429388.8701,
688021.SH,20260331,4.4039,7.375,,192944.6354,
001210.SZ,20260331,2.6032,3.4749,,326483.9914,
688468.SH,20260331,0.8294,1.318,,295616.596,
600663.SH,20260331,0.2387,0.9382,,3897208.9475,
002552.SZ,20260331,1.3886,3.8213,,620776.5296,
300344.SZ,20260331,27.0703,49.0323,,32085.3208,
688401.SH,20260331,1.3442,2.2185,,928845.9682,
300226.SZ,20260331,2.6543,3.6059,,782461.091,
300627.SZ,20260331,1.281,1.7216,,2617204.292,
600082.SH,20260331,2.9662,4.2219,,227432.7708,
603958.SH,20260331,4.7664,13.0595,,431042.4,
301429.SZ,20260331,5.6577,7.0837,,233248.06,
605180.SH,20260331,0.8517,2.9623,,247585.0,
002103.SZ,20260331,1.4919,1.8511,,446652.1887,
300609.SZ,20260331,1.9262,2.2668,,404184.9123,
920003.BJ,20260331,1.8543,1.8543,,175375.7151,
002479.SZ,20260331,10.9574,16.8744,,520730.0,
688627.SH,20260331,4.3073,4.3073,,2141117.6974,
601921.SH,20260331,0.602,3.1682,,1735555.5562,
002925.SZ,20260331,0.8244,2.4552,,1464627.8626,
002123.SZ,20260331,1.1686,1.2164,,798978.2173,
603799.SH,20260331,2.3621,2.981,,11139480.5899,
001360.SZ,20260331,2.6467,2.7338,,429828.0,
002049.SZ,20260331,1.4891,2.0125,,5610921.2348,
301300.SZ,20260331,2.0857,3.502,,270647.848,
000565.SZ,20260331,2.0144,3.3883,,319557.4661,
002866.SZ,20260331,19.6387,24.459,,629710.9068,
002647.SZ,20260331,1.5563,1.6532,,999177.8248,
002890.SZ,20260331,1.7682,3.0006,,263985.9986,
600129.SH,20260331,1.9493,3.2013,,919765.5326,
603029.SH,20260331,3.5575,8.5505,,224482.7,
688166.SH,20260331,2.0188,3.2823,,2050787.2885,
000957.SZ,20260331,7.371,11.0088,,683025.3343,
002905.SZ,20260331,2.192,8.1417,,403038.72,
300878.SZ,20260331,1.5098,5.4173,,398173.3855,
688228.SH,20260331,2.7256,6.1393,,692395.29,
001287.SZ,20260331,5.304,6.1391,,1841237.935,
600987.SH,20260331,0.786,1.6905,,754385.1471,
603158.SH,20260331,4.6458,7.4963,,547699.4852,
603310.SH,20260331,0.5798,0.8249,,555997.4,
301177.SZ,20260331,0.2721,2.7209,,1100354.738,
688469.SH,20260331,1.3567,1.3567,,5281092.9184,
603221.SH,20260331,0.918,3.1651,,278286.52,
600116.SH,20260331,1.9763,4.2535,,1281135.7457,
002100.SZ,20260331,1.3646,1.9057,,993903.1029,
920807.BJ,20260331,1.5026,2.1693,,201523.04,
600172.SH,20260331,6.6016,8.9575,,1137883.5516,
920163.BJ,20260331,0.7577,1.3048,,158062.2165,
605300.SH,20260331,0.2625,0.8981,,483025.7086,
920207.BJ,20260331,5.9113,8.82,,250217.23,
002074.SZ,20260331,2.2201,3.674,,6476386.2803,
301419.SZ,20260331,10.1499,19.7747,,467760.0,
002693.SZ,20260331,3.7436,7.3496,,330507.7308,
600215.SH,20260331,0.8541,1.2176,,307482.1782,
301287.SZ,20260331,4.9421,4.9421,,278013.9,
603718.SH,20260331,1.7983,2.9043,,301831.8761,
600273.SH,20260331,1.0262,1.6956,,1238831.0036,
920230.BJ,20260331,1.2365,2.1044,,107969.1546,
300481.SZ,20260331,2.7437,4.2594,,431070.4819,
920765.BJ,20260331,2.1518,4.6164,,124730.3105,
002831.SZ,20260331,1.7583,2.5196,,2918027.795,
920007.BJ,20260331,2.6456,2.6456,,243045.5015,
300739.SZ,20260331,3.2576,5.7093,,911604.0382,
600894.SH,20260331,1.7913,4.2331,,816759.5492,
002623.SZ,20260331,2.3631,4.4884,,432562.8125,
688036.SH,20260331,1.1507,2.8214,,6314247.2293,
920346.BJ,20260331,1.1314,1.7953,,156628.326,
300939.SZ,20260331,8.1989,14.9316,,447480.0,
603236.SH,20260331,2.6897,3.529,,2135649.769,
920033.BJ,20260331,1.089,2.3619,,180966.4448,
000576.SZ,20260331,1.9271,3.0176,,399759.084,
301076.SZ,20260331,3.95,4.3878,,657378.4308,
001257.SZ,20260331,78.6215,78.6215,,5081911.8615,
920957.BJ,20260331,1.6501,3.3377,,116636.5501,
000786.SZ,20260331,0.9535,1.7181,,4439431.5975,
301665.SZ,20260331,11.0897,11.0897,,1173150.0,
301468.SZ,20260331,7.046,8.2951,,618951.7129,
600467.SH,20260331,2.4142,3.8294,,359404.5988,
603336.SH,20260331,0.6973,1.2365,,520454.698,
301595.SZ,20260331,5.1385,5.1385,,609508.12,
300962.SZ,20260331,1.4382,3.1406,,431643.1016,
001979.SZ,20260331,0.9264,2.3896,,7582483.0558,
688472.SH,20260331,4.1271,4.1271,,4663219.3434,
603626.SH,20260331,6.8881,9.7822,,1225174.3555,
688347.SH,20260331,3.1841,3.6123,,18401524.9239,
688283.SH,20260331,0.7398,1.4735,,471366.0,
002635.SZ,20260331,3.3111,4.2553,,884639.9666,
002463.SZ,20260331,3.3083,4.8394,,14619389.7906,
603959.SH,20260331,4.6706,6.1198,,302024.1791,
688361.SH,20260331,1.5513,1.8903,,5324232.0186,
300624.SZ,20260331,3.1496,3.9405,,1314493.6669,
000839.SZ,20260331,2.2126,3.4813,,1305302.1752,
300274.SZ,20260331,3.8672,4.2936,,31255735.4282,
301356.SZ,20260331,2.0699,2.0967,,465912.0,
605138.SH,20260331,0.4734,1.9684,,379455.2642,
605365.SH,20260331,0.8522,5.0814,,939266.091,
002434.SZ,20260331,0.8009,1.6234,,1033016.2,
000523.SZ,20260331,2.068,2.8647,,627730.2137,
002530.SZ,20260331,1.5224,1.9592,,667772.836,
688219.SH,20260331,0.9685,1.6521,,574332.0,
688575.SH,20260331,0.8684,1.5511,,835369.6946,
301638.SZ,20260331,10.2505,10.2505,,8222575.4948,
688186.SH,20260331,2.2949,2.8907,,628576.6468,
603226.SH,20260331,0.8202,2.9061,,1270883.0778,
300986.SZ,20260331,6.6462,11.5901,,1010572.1607,
603312.SH,20260331,2.6576,2.6576,,646557.9795,
000430.SZ,20260331,0.8441,1.3544,,596701.2692,
601238.SH,20260331,0.2701,1.1199,,7331690.3821,
301613.SZ,20260331,2.0397,2.7458,,646422.564,
600929.SH,20260331,0.9083,2.4604,,977507.5006,
300008.SZ,20260331,4.96,5.7085,,1301205.9371,
600028.SH,20260331,0.1832,1.2375,,71104202.3625,
002348.SZ,20260331,1.3708,1.9441,,701875.2,
300331.SZ,20260331,3.4568,3.7318,,1086686.6669,
603389.SH,20260331,0.4495,1.1371,,1131672.864,
002825.SZ,20260331,5.2011,8.0451,,358270.3482,
605018.SH,20260331,0.4565,2.0791,,492158.8853,
002132.SZ,20260331,2.2971,2.9972,,546602.4322,
688020.SH,20260331,2.0116,4.229,,669033.506,
300659.SZ,20260331,3.5341,4.0038,,341634.7999,
600118.SH,20260331,4.8477,9.9875,,9679856.0591,
300036.SZ,20260331,1.5818,1.596,,745063.1249,
000837.SZ,20260331,1.3986,2.558,,1077372.5664,
688699.SH,20260331,1.53,3.1697,,464802.9747,
300413.SZ,20260331,1.0897,1.8663,,3853684.8789,
920855.BJ,20260331,0.362,1.1929,,113445.1995,
002324.SZ,20260331,2.096,2.6477,,1668504.372,
300004.SZ,20260331,4.0132,5.4024,,629751.6006,
300756.SZ,20260331,1.7072,1.7191,,629447.1149,
920030.BJ,20260331,2.6321,4.0895,,98540.6642,
603206.SH,20260331,0.4781,1.5147,,471228.7815,
601077.SH,20260331,0.428,0.7205,,8006685.0,
300738.SZ,20260331,6.5374,9.0307,,2150650.7124,
603977.SH,20260331,3.7552,7.3054,,1037473.8528,
600801.SH,20260331,0.9947,2.4861,,4407470.7759,
603335.SH,20260331,2.9215,5.5981,,256886.76,
603759.SH,20260331,3.2465,8.1528,,459912.96,
002004.SZ,20260331,1.7778,2.3444,,1035497.7369,
301355.SZ,20260331,3.293,3.293,,234312.6115,
300244.SZ,20260331,3.5611,3.9709,,1153712.0389,
920786.BJ,20260331,2.3541,3.2254,,165360.923,
300896.SZ,20260331,0.8989,1.4115,,3547589.3232,
300687.SZ,20260331,1.2176,1.3693,,755153.0669,
603203.SH,20260331,0.8573,2.4014,,890096.8631,
600850.SH,20260331,1.2035,2.0814,,1535888.7572,
603703.SH,20260331,2.3854,3.3562,,513332.8824,
605151.SH,20260331,1.1932,3.5742,,245696.0094,
300281.SZ,20260331,1.4008,2.7146,,280259.875,
300677.SZ,20260331,3.1019,3.5426,,3842092.1473,
300058.SZ,20260331,13.9615,13.9615,,5313527.416,
002032.SZ,20260331,0.1694,1.009,,3515408.2076,
002614.SZ,20260331,1.8165,2.1024,,389837.0025,
002816.SZ,20260331,2.7456,3.2686,,215500.0,
000713.SZ,20260331,2.2581,3.1913,,520439.097,
600420.SH,20260331,0.916,2.088,,1422984.2262,
301286.SZ,20260331,0.831,3.0621,,1762840.6,
600423.SH,20260331,11.6735,16.2314,,308296.28,
600491.SH,20260331,2.1735,3.2014,,445159.5649,
300746.SZ,20260331,2.6658,5.5858,,281044.2184,
688282.SH,20260331,1.4271,4.1892,,560208.0,
601133.SH,20260331,11.8493,11.8493,,905023.5787,
301033.SZ,20260331,2.6923,4.1824,,396799.6512,
002278.SZ,20260331,6.5281,8.9088,,471555.838,
301128.SZ,20260331,16.2275,30.4549,,1531241.1198,
600152.SH,20260331,20.8925,29.5436,,553417.0263,
300049.SZ,20260331,2.1784,2.3445,,1534210.461,
600540.SH,20260331,5.282,9.6032,,280805.0717,
300741.SZ,20260331,0.4024,2.1295,,976169.8,
300810.SZ,20260331,1.7471,3.1502,,376933.65,
920876.BJ,20260331,1.9487,3.2089,,143187.0502,
600927.SH,20260331,0.2844,1.8552,,2002844.4451,
688157.SH,20260331,1.1611,2.4613,,589588.7405,
002587.SZ,20260331,4.0403,4.4646,,446307.7469,
920199.BJ,20260331,3.4166,7.0933,,239133.5078,
603327.SH,20260331,1.0485,3.5608,,949277.0989,
601311.SH,20260331,1.7552,2.9075,,1108623.0815,
002512.SZ,20260331,8.8514,12.2603,,443886.1562,
600966.SH,20260331,1.24,2.4237,,856917.1886,
600358.SH,20260331,2.0715,2.9298,,312050.8559,
002893.SZ,20260331,20.057,25.3575,,321377.16,
300648.SZ,20260331,1.6311,1.7601,,906263.28,
002382.SZ,20260331,6.6679,9.3436,,801681.8926,
002243.SZ,20260331,1.2559,2.5312,,1033856.003,
688147.SH,20260331,1.2369,3.9916,,2953712.3976,
002898.SZ,20260331,0.6066,0.9659,,202752.0,
002760.SZ,20260331,3.3258,4.3352,,231527.7857,
002963.SZ,20260331,2.6576,4.3993,,223735.5758,
688728.SH,20260331,0.3913,1.1595,,3370360.3204,
301668.SZ,20260331,10.6483,10.6483,,534160.0,
300059.SZ,20260331,1.2693,1.3639,,29853827.1681,
600616.SH,20260331,1.5935,2.5101,,338516.5047,
300831.SZ,20260331,5.0281,5.0281,,506880.0,
920055.BJ,20260331,93.3504,93.3504,,257040.0,
688126.SH,20260331,0.765,1.3048,,5585489.5342,
301011.SZ,20260331,1.3742,2.5359,,366742.6306,
000661.SZ,20260331,0.9294,1.2773,,3502959.5615,
301157.SZ,20260331,23.161,23.161,,381000.0,
301279.SZ,20260331,2.8151,7.6222,,355744.264,
300915.SZ,20260331,1.8983,3.1311,,281754.1211,
001318.SZ,20260331,0.6161,2.036,,384700.26,
300373.SZ,20260331,4.3285,8.3136,,3665967.5189,
002303.SZ,20260331,2.5742,2.727,,560464.4687,
603119.SH,20260331,3.4629,3.4629,,2645860.3991,
605117.SH,20260331,1.6793,4.2302,,11948127.7905,
688162.SH,20260331,0.7398,1.7728,,408560.3095,
301276.SZ,20260331,2.1483,3.3802,,298080.0,
920204.BJ,20260331,1.3503,1.9103,,138697.3494,
600595.SH,20260331,1.8716,3.1444,,2889699.5872,
603398.SH,20260331,1.4891,2.3865,,499121.3941,
002588.SZ,20260331,2.6989,4.244,,1195663.8752,
002649.SZ,20260331,1.2546,1.2831,,670219.4891,
000672.SZ,20260331,1.1314,2.6972,,1249550.7351,
688083.SH,20260331,1.9437,3.3646,,810909.0559,
000892.SZ,20260331,2.5982,3.5756,,595455.1471,
600839.SH,20260331,0.906,1.1801,,4002283.7405,
603063.SH,20260331,6.7977,8.3897,,1415204.5492,
688548.SH,20260331,3.7028,3.7028,,2935661.7092,
000659.SZ,20260331,2.6508,3.1448,,582423.2416,
300076.SZ,20260331,3.9972,5.6872,,265424.0,
600658.SH,20260331,0.764,1.4583,,520142.0459,
002697.SZ,20260331,1.5265,2.3256,,753440.0,
002376.SZ,20260331,1.3722,1.9361,,558477.5907,
300661.SZ,20260331,3.1282,4.7188,,4196491.5665,
002515.SZ,20260331,1.143,1.2679,,671890.861,
002906.SZ,20260331,1.384,3.2102,,1441952.6056,
600939.SH,20260331,1.0143,3.3906,,591669.7076,
603103.SH,20260331,0.8968,7.6648,,1469441.4,
301048.SZ,20260331,9.212,36.848,,698133.4206,
603686.SH,20260331,3.4032,4.0996,,761483.9305,
603879.SH,20260331,2.0846,3.0817,,203388.953,
300196.SZ,20260331,3.0428,3.8828,,716071.9808,
002768.SZ,20260331,2.8072,4.196,,1416477.5,
300869.SZ,20260331,0.9653,1.335,,533192.8424,
601633.SH,20260331,0.241,1.3676,,17654890.4311,
603922.SH,20260331,2.1079,3.8319,,376499.2,
600789.SH,20260331,1.45,1.9032,,867507.5157,
600916.SH,20260331,1.8816,3.9286,,1592640.0,
003016.SZ,20260331,0.9544,3.0938,,343986.6786,
605189.SH,20260331,4.4995,13.8649,,276172.4291,
301421.SZ,20260331,3.6335,3.6446,,954094.91,
300213.SZ,20260331,1.658,1.6995,,463604.4348,
001285.SZ,20260331,4.9424,4.9424,,908098.0474,
002491.SZ,20260331,21.8635,33.1914,,1500593.29,
688234.SH,20260331,2.4574,5.1744,,3969025.8754,
301255.SZ,20260331,22.7269,22.7269,,453304.32,
002766.SZ,20260331,1.6101,3.086,,430262.1516,
002115.SZ,20260331,6.6662,7.3826,,987787.4424,
300904.SZ,20260331,5.9927,5.9927,,424817.1886,
688700.SH,20260331,4.1349,6.2278,,1460376.2558,
002408.SZ,20260331,1.3855,3.0761,,1682968.2011,
301488.SZ,20260331,3.989,4.0679,,1170240.0,
603208.SH,20260331,0.8206,1.9698,,237057.0378,
688122.SH,20260331,1.8265,2.72,,4606770.9482,
920227.BJ,20260331,2.7596,4.5206,,225938.583,
688681.SH,20260331,1.7627,2.7117,,191546.1,
002935.SZ,20260331,1.7894,3.1392,,785013.7423,
600496.SH,20260331,0.8197,1.166,,794059.861,
300966.SZ,20260331,3.0968,4.1283,,243012.5862,
920685.BJ,20260331,1.2099,1.5303,,109178.5176,
300504.SZ,20260331,3.0706,5.5839,,400032.2801,
002223.SZ,20260331,0.6622,1.0895,,3398396.7893,
002036.SZ,20260331,1.7151,1.878,,919052.7107,
688207.SH,20260331,1.3788,1.8627,,359195.7549,
002401.SZ,20260331,1.5944,3.1268,,579802.7664,
688137.SH,20260331,0.9404,2.9258,,284070.1771,
600644.SH,20260331,7.5552,14.8638,,670852.1489,
301160.SZ,20260331,2.0554,2.4248,,615472.5336,
000889.SZ,20260331,3.1466,4.2517,,314593.815,
688679.SH,20260331,1.3414,2.7474,,589969.744,
603177.SH,20260331,1.8542,4.4618,,230124.384,
002967.SZ,20260331,1.0703,2.0402,,1289217.3429,
688709.SH,20260331,2.0989,2.6193,,2718699.954,
688367.SH,20260331,2.3753,3.4507,,318252.5472,
600017.SH,20260331,1.9837,3.5716,,950377.0514,
688570.SH,20260331,0.2262,0.3407,,754286.0,
300570.SZ,20260331,13.1664,16.2452,,2445247.8501,
601038.SH,20260331,1.0678,4.2643,,1430400.4351,
600313.SH,20260331,10.996,18.2607,,911678.5657,
301081.SZ,20260331,4.5929,10.4133,,345337.7102,
688608.SH,20260331,3.3823,5.1209,,2963780.2302,
601519.SH,20260331,1.0087,2.0155,,2072704.72,
002094.SZ,20260331,1.6711,2.1267,,449083.4069,
301535.SZ,20260331,2.0043,5.3348,,848887.0595,
603067.SH,20260331,2.5462,4.0582,,2230365.7492,
601677.SH,20260331,2.9797,3.5032,,1895130.0075,
001289.SZ,20260331,0.2682,10.1412,,13944173.3616,
000685.SZ,20260331,1.4363,2.8445,,1638848.711,
002986.SZ,20260331,1.8891,2.2069,,550795.897,
301325.SZ,20260331,3.0817,3.0817,,613846.0876,
300268.SZ,20260331,1.0357,1.4788,,231337.6,
600202.SH,20260331,2.4213,3.6703,,228854.3812,
600675.SH,20260331,0.4634,1.6567,,1590133.5921,
603018.SH,20260331,0.8959,0.8959,,498487.5778,
301187.SZ,20260331,0.5648,1.9649,,508082.5153,
002795.SZ,20260331,3.2964,4.6125,,350258.1296,
300575.SZ,20260331,3.4978,3.9687,,291919.3488,
300247.SZ,20260331,1.6899,1.9778,,371466.6246,
603038.SH,20260331,1.2299,2.1135,,398448.1482,
002030.SZ,20260331,0.7078,1.0352,,829436.6049,
600157.SH,20260331,5.2863,6.483,,3927197.5461,
001208.SZ,20260331,9.4128,9.5661,,1241591.5902,
301566.SZ,20260331,3.2348,3.2348,,774819.37,
688306.SH,20260331,0.4686,1.1377,,1102997.9544,
002135.SZ,20260331,1.7152,3.0048,,729550.6974,
003013.SZ,20260331,1.5908,7.1534,,612347.1175,
000526.SZ,20260331,1.3494,2.1341,,373991.7435,
600353.SH,20260331,2.1844,3.7628,,1176906.3069,
600750.SH,20260331,0.8701,1.5418,,1698358.7082,
002921.SZ,20260331,2.5091,3.0859,,350824.6491,
002328.SZ,20260331,12.6347,14.2941,,565707.41,
002024.SZ,20260331,0.9367,2.6095,,1324861.7694,
603806.SH,20260331,2.3325,6.1271,,4578337.2802,
000563.SZ,20260331,0.941,1.6673,,1733635.9514,
600078.SH,20260331,2.7812,4.7785,,768859.4101,
603210.SH,20260331,1.413,1.413,,595359.6,
301080.SZ,20260331,4.0484,5.2409,,731903.9487,
603663.SH,20260331,1.0382,2.4396,,1734682.3755,
600815.SH,20260331,9.7408,18.8433,,709637.792,
002050.SZ,20260331,1.5873,2.8367,,17896683.2656,
300788.SZ,20260331,1.6986,6.4098,,556383.3329,
603788.SH,20260331,0.5186,1.0628,,333036.1465,
605259.SH,20260331,0.8115,1.8618,,364277.76,
002117.SZ,20260331,2.9764,4.304,,521626.0712,
920925.BJ,20260331,2.6639,3.8872,,160983.1513,
002634.SZ,20260331,7.9044,10.293,,410661.1466,
000859.SZ,20260331,4.1075,5.7945,,903144.0812,
688360.SH,20260331,1.0164,1.9746,,491621.9233,
688737.SH,20260331,1.6648,2.7145,,288389.5957,
300286.SZ,20260331,5.682,8.0177,,621945.9444,
603883.SH,20260331,0.7889,1.5085,,1026778.4893,
300517.SZ,20260331,2.7231,3.3612,,220454.8203,
600638.SH,20260331,1.0107,1.6146,,401344.4845,
300417.SZ,20260331,5.2442,6.5648,,167262.0576,
002756.SZ,20260331,5.8442,6.6702,,4033557.7223,
920245.BJ,20260331,0.7397,1.5396,,117138.366,
688022.SH,20260331,2.0163,2.7334,,247460.8019,
600160.SH,20260331,0.5748,1.2384,,9219632.8666,
002843.SZ,20260331,7.3426,12.7966,,523865.8665,
603803.SH,20260331,17.396,30.8622,,528555.1449,
600617.SH,20260331,7.6732,19.5275,,738880.4502,
001395.SZ,20260331,1.0662,1.2699,,338403.96,
600382.SH,20260331,2.9632,4.8601,,604135.0374,
603725.SH,20260331,1.2731,2.1121,,267969.9007,
300689.SZ,20260331,3.9346,8.0581,,540545.6,
002046.SZ,20260331,1.8463,3.6656,,2346371.1771,
000598.SZ,20260331,0.6435,1.5026,,2035093.9477,
920374.BJ,20260331,3.1855,3.6573,,159612.244,
002706.SZ,20260331,5.3238,5.9186,,1122001.895,
000488.SZ,20260331,2.7817,3.8453,,817724.8236,
603608.SH,20260331,2.0008,2.7576,,399150.9336,
002064.SZ,20260331,0.6347,1.9107,,5091570.0383,
002045.SZ,20260331,1.2328,1.644,,650230.5006,
603223.SH,20260331,0.8256,2.1837,,590067.3533,
920976.BJ,20260331,2.8278,4.4439,,210589.6912,
600267.SH,20260331,1.0395,1.6719,,1255194.0612,
001914.SZ,20260331,0.5833,1.5709,,1027376.8616,
920247.BJ,20260331,1.0332,2.5489,,307683.7562,
603171.SH,20260331,0.5326,2.0853,,2034569.415,
000735.SZ,20260331,1.4723,1.8741,,769211.0701,
603303.SH,20260331,0.4,1.6627,,683461.576,
002099.SZ,20260331,1.9134,3.1775,,1150906.5449,
920726.BJ,20260331,2.5838,5.246,,169890.57,
300997.SZ,20260331,2.2598,6.6131,,889383.5747,
600548.SH,20260331,0.6905,4.2904,,2370357.6226,
920080.BJ,20260331,1.2345,1.2345,,192228.0,
600381.SH,20260331,2.1051,3.6168,,179053.526,
600602.SH,20260331,13.4509,24.0032,,3177105.436,
002707.SZ,20260331,1.5775,2.0537,,635816.6264,
000603.SZ,20260331,3.5229,5.9464,,2677081.0625,
301002.SZ,20260331,2.9759,3.7544,,486851.5342,
000042.SZ,20260331,1.0086,2.1631,,589040.3892,
002772.SZ,20260331,2.5265,3.9608,,626826.7262,
603212.SH,20260331,4.1597,6.5496,,570050.2987,
920099.BJ,20260331,1.7822,2.3668,,237238.3939,
002394.SZ,20260331,1.2547,2.1087,,437318.7,
002723.SZ,20260331,2.6407,3.8124,,295126.6899,
300050.SZ,20260331,4.2418,5.1468,,348701.8995,
603819.SH,20260331,4.147,8.3026,,283702.4337,
920656.BJ,20260331,2.124,2.7507,,153700.0,
000612.SZ,20260331,4.0477,5.3628,,1417525.0795,
301101.SZ,20260331,0.5614,1.4014,,665191.4421,
605337.SH,20260331,0.8033,2.0671,,422870.8639,
300239.SZ,20260331,1.6863,2.309,,324109.9314,
601333.SH,20260331,1.6268,3.0419,,2245481.229,
688678.SH,20260331,4.8488,7.2726,,705436.3768,
301391.SZ,20260331,0.8183,2.2529,,623297.1602,
300583.SZ,20260331,1.5514,2.8974,,268238.8062,
300636.SZ,20260331,2.7149,3.4116,,342260.4684,
002952.SZ,20260331,3.6061,9.0138,,377653.32,
601969.SH,20260331,1.8176,8.1416,,2266818.3326,
000411.SZ,20260331,0.8353,1.6883,,612861.3234,
603238.SH,20260331,1.4982,3.7542,,280464.22,
603386.SH,20260331,1.0371,2.4377,,428461.5213,
300456.SZ,20260331,5.266,5.6926,,3216612.2977,
000657.SZ,20260331,3.4283,5.5698,,10871221.5924,
603395.SH,20260331,4.5454,4.5454,,767520.0,
688027.SH,20260331,2.3071,3.0262,,5481462.7433,
603429.SH,20260331,1.1723,1.9887,,521863.0377,
300917.SZ,20260331,1.9525,4.3877,,541645.0,
301266.SZ,20260331,5.0615,11.4907,,424740.5509,
688399.SH,20260331,1.3918,2.3222,,440326.5353,
603737.SH,20260331,0.7405,2.2451,,3740734.5881,
601158.SH,20260331,0.2482,2.1696,,2169610.4308,
603897.SH,20260331,5.7196,13.7306,,646350.1172,
600539.SH,20260331,16.2971,27.1465,,337410.0,
001299.SZ,20260331,2.1446,7.1728,,330716.42,
002404.SZ,20260331,3.5708,5.4432,,386995.6148,
600057.SH,20260331,0.764,1.744,,2295196.1859,
000921.SZ,20260331,1.5869,3.6299,,2982990.9623,
002496.SZ,20260331,2.4491,2.7134,,290964.8077,
601018.SH,20260331,0.2016,1.2782,,7956844.8552,
600749.SH,20260331,1.5631,2.8453,,364052.6893,
002657.SZ,20260331,1.561,1.7053,,746414.129,
001259.SZ,20260331,2.5873,5.1022,,229302.975,
000981.SZ,20260331,3.4193,5.938,,4288915.011,
301032.SZ,20260331,3.5097,6.3629,,290806.8804,
000408.SZ,20260331,0.8901,1.9997,,12447179.4806,
600117.SH,20260331,0.5085,1.3969,,862605.4371,
000601.SZ,20260331,17.6843,24.9867,,729075.1769,
600919.SH,20260331,0.6036,0.8361,,20039646.3136,
300980.SZ,20260331,5.7688,6.798,,507527.6678,
605266.SH,20260331,0.9155,1.8185,,294249.7349,
603326.SH,20260331,3.4312,10.733,,269704.5059,
688236.SH,20260331,1.5026,8.1738,,769438.411,
002241.SZ,20260331,1.6685,2.1383,,7928062.068,
603092.SH,20260331,7.1494,7.1494,,2631200.6578,
300775.SZ,20260331,9.5627,13.6112,,2036333.5112,
300043.SZ,20260331,3.374,4.9433,,674355.5333,
603685.SH,20260331,2.551,5.0523,,747832.6926,
688526.SH,20260331,0.3863,1.4204,,676817.9373,
000301.SZ,20260331,0.2228,0.6789,,7040960.2876,
920002.BJ,20260331,4.2771,7.0277,,381360.3748,
002164.SZ,20260331,1.8351,2.9004,,641801.4689,
301077.SZ,20260331,0.967,1.6074,,443906.036,
300248.SZ,20260331,1.6449,1.7224,,482064.5737,
605298.SH,20260331,1.4575,5.2103,,875005.3,
603948.SH,20260331,0.8092,2.9655,,426696.5525,
002796.SZ,20260331,6.4182,9.3429,,1154831.154,
600655.SH,20260331,0.2841,0.6129,,1786638.3473,
600307.SH,20260331,3.4896,8.4688,,1258934.8422,
601069.SH,20260331,2.0434,6.7981,,2865092.2418,
002205.SZ,20260331,1.7247,2.4711,,244941.3745,
301066.SZ,20260331,1.6139,3.2207,,325368.5087,
301238.SZ,20260331,1.0971,3.7711,,1416799.9356,
600980.SH,20260331,1.9283,3.6754,,405780.9997,
600252.SH,20260331,1.5404,2.2089,,811961.5829,
002136.SZ,20260331,3.3669,4.9022,,271570.26,
300199.SZ,20260331,4.6599,4.9651,,1667559.6424,
603080.SH,20260331,1.3682,2.5786,,303659.0,
002827.SZ,20260331,1.1905,2.8195,,911758.386,
688433.SH,20260331,2.0685,3.3395,,3113721.0384,
603868.SH,20260331,0.5019,5.0142,,1414393.2,
603506.SH,20260331,1.0358,2.6746,,231717.7793,
688358.SH,20260331,0.7849,2.658,,326173.4082,
605277.SH,20260331,1.4049,3.0517,,720872.964,
605167.SH,20260331,1.1278,3.0186,,737372.94,
603650.SH,20260331,1.0447,2.6777,,3028047.7976,
920469.BJ,20260331,2.6182,3.527,,125723.832,
300804.SZ,20260331,10.6152,10.6152,,338920.0,
601696.SH,20260331,0.6816,1.3043,,3391938.0,
001356.SZ,20260331,1.2368,1.821,,652377.24,
002582.SZ,20260331,3.5424,3.9841,,502775.9616,
001298.SZ,20260331,2.5326,2.6846,,841165.2115,
688510.SH,20260331,2.9396,3.9502,,800886.7683,
301528.SZ,20260331,2.1906,3.3196,,383718.1,
301167.SZ,20260331,4.4984,4.4984,,183904.0,
001286.SZ,20260331,2.1318,3.2773,,4042500.0,
600203.SH,20260331,1.4039,1.898,,647542.9855,
000852.SZ,20260331,1.4576,3.0533,,659617.7054,
002390.SZ,20260331,1.5624,2.7235,,637583.4127,
300708.SZ,20260331,7.6918,8.4864,,872252.1688,
301171.SZ,20260331,12.4826,15.0151,,2167371.9617,
301662.SZ,20260331,7.1771,7.1771,,1080080.0,
001309.SZ,20260331,13.0983,14.5715,,8622403.4606,
603416.SH,20260331,0.6303,1.216,,755051.1316,
002406.SZ,20260331,2.9681,3.2861,,528682.9594,
300121.SZ,20260331,2.3992,3.4727,,517362.7621,
003011.SZ,20260331,3.8676,5.0686,,249605.356,
688334.SH,20260331,1.3452,2.111,,667349.5143,
000021.SZ,20260331,5.3341,8.1155,,4053364.0559,
688371.SH,20260331,0.5057,1.2536,,623307.6374,
603360.SH,20260331,1.5492,3.504,,1893385.6164,
002928.SZ,20260331,1.954,3.5577,,1002141.3752,
688515.SH,20260331,2.1789,2.4534,,933520.0,
000875.SZ,20260331,2.8531,4.0493,,2361353.1775,
600521.SH,20260331,1.4669,2.4297,,2404586.9304,
300215.SZ,20260331,3.193,5.2828,,591035.3135,
001306.SZ,20260331,2.8619,2.8619,,425561.4126,
300884.SZ,20260331,1.8663,2.3127,,334337.3339,
688488.SH,20260331,2.0111,3.6414,,624862.4699,
002663.SZ,20260331,2.7952,3.3824,,391200.2008,
600221.SH,20260331,0.593,1.0248,,6266266.7176,
002572.SZ,20260331,0.7821,0.9302,,1220180.7568,
002112.SZ,20260331,10.9213,14.9601,,612087.1978,
600187.SH,20260331,1.5468,1.9656,,303390.8474,
002759.SZ,20260331,10.1289,12.4194,,1729769.9873,
000716.SZ,20260331,1.2894,2.0132,,396017.0103,
603519.SH,20260331,0.9371,1.97,,357145.6321,
300925.SZ,20260331,1.2602,1.4461,,749383.2359,
300153.SZ,20260331,3.4545,5.4858,,822080.0,
688035.SH,20260331,2.8391,6.6474,,768380.48,
301025.SZ,20260331,2.0744,5.1127,,417923.0136,
002083.SZ,20260331,5.2029,8.623,,1114194.1171,
301311.SZ,20260331,0.9309,2.5609,,393600.0,
600335.SH,20260331,0.7784,2.487,,892985.8491,
301293.SZ,20260331,4.2284,5.2053,,1343447.1292,
300537.SZ,20260331,2.0057,2.2812,,442004.4702,
300658.SZ,20260331,7.7805,11.1387,,764691.9133,
002733.SZ,20260331,7.2107,11.508,,942094.9667,
688071.SH,20260331,2.3987,3.2882,,265646.2053,
601006.SH,20260331,0.7851,1.5382,,10798887.2558,
603828.SH,20260331,0.377,0.7577,,364727.6167,
603955.SH,20260331,0.9702,1.5955,,333599.76,
002763.SZ,20260331,1.8402,3.3998,,315641.48,
603711.SH,20260331,0.333,1.7901,,514441.1286,
600982.SH,20260331,14.9656,30.4792,,666105.9811,
300921.SZ,20260331,5.1144,6.1243,,459309.92,
920275.BJ,20260331,0.7548,2.0445,,114751.872,
300953.SZ,20260331,3.2953,4.4041,,3027533.3614,
600246.SH,20260331,1.7259,2.3507,,1919671.6263,
600739.SH,20260331,0.737,1.3168,,1719393.8332,
300790.SZ,20260331,1.4707,1.5134,,860847.7753,
300054.SZ,20260331,7.0299,7.7589,,4673972.1686,
688049.SH,20260331,2.3952,3.1576,,778795.3719,
301069.SZ,20260331,1.4539,2.3771,,939430.1767,
688130.SH,20260331,1.628,2.5659,,246376.0496,
688319.SH,20260331,2.9244,4.3397,,1178990.0634,
688395.SH,20260331,1.3741,3.4336,,224028.3016,
600963.SH,20260331,1.3862,2.4581,,831329.5949,
600599.SH,20260331,1.4523,3.629,,97940.0,
688720.SH,20260331,3.9343,3.9343,,591198.4045,
600284.SH,20260331,1.4242,2.2606,,694703.296,
000651.SZ,20260331,0.5556,0.7386,,21184516.5125,
300931.SZ,20260331,2.6057,3.6742,,298261.332,
002809.SZ,20260331,6.4486,8.4542,,235524.6157,
688103.SH,20260331,1.301,2.0077,,492495.452,
600826.SH,20260331,0.5065,1.3642,,711260.9419,
002182.SZ,20260331,2.9893,4.2948,,1527358.9916,
001209.SZ,20260331,3.6878,8.5938,,270673.7578,
601200.SH,20260331,1.2306,2.8288,,1132179.6411,
300866.SZ,20260331,2.0027,2.8784,,5800702.847,
000729.SZ,20260331,0.7774,1.6993,,3692286.5367,
000538.SZ,20260331,0.3106,0.7094,,9788464.6401,
002134.SZ,20260331,2.2032,3.1223,,495054.569,
300727.SZ,20260331,1.3718,2.7465,,536626.1926,
000550.SZ,20260331,1.9297,6.0899,,1573639.122,
300173.SZ,20260331,1.8318,2.3121,,318136.2272,
002455.SZ,20260331,21.8279,28.0232,,1047198.5333,
600512.SH,20260331,7.511,9.178,,406421.7996,
601877.SH,20260331,1.4034,2.9876,,7016383.7066,
600126.SH,20260331,4.6036,10.8205,,2890873.855,
300151.SZ,20260331,2.4635,2.8562,,806218.3641,
000726.SZ,20260331,1.0962,1.439,,573749.4578,
002813.SZ,20260331,1.6212,4.7546,,290040.0,
002274.SZ,20260331,3.6689,6.1172,,599989.727,
601228.SH,20260331,0.3257,1.8193,,2550051.5966,
601326.SH,20260331,1.1573,4.9891,,2039405.38,
300587.SZ,20260331,2.0248,2.4244,,707556.4944,
688070.SH,20260331,1.7148,3.9049,,411100.52,
002997.SZ,20260331,1.9213,3.2786,,617497.9088,
002170.SZ,20260331,3.6996,4.0599,,1244423.5647,
300075.SZ,20260331,1.179,1.2318,,778897.2181,
000820.SZ,20260331,1.2381,1.272,,214656.3194,
000901.SZ,20260331,3.6392,5.5907,,1797549.5663,
300264.SZ,20260331,7.382,7.8047,,397250.6316,
688456.SH,20260331,2.1075,3.309,,534574.62,
300796.SZ,20260331,1.3589,1.9166,,328640.0135,
688506.SH,20260331,0.5345,2.5604,,11477892.1126,
605007.SH,20260331,0.8608,4.0303,,633196.634,
601678.SH,20260331,2.9658,3.7029,,1016077.1203,
002235.SZ,20260331,4.601,5.5577,,569139.9829,
002688.SZ,20260331,0.9495,1.4183,,447082.0552,
300506.SZ,20260331,1.0131,1.1275,,677158.3703,
688129.SH,20260331,0.5606,1.9386,,274450.7064,
300018.SZ,20260331,2.1602,2.513,,605213.4134,
001221.SZ,20260331,4.87,4.87,,2740068.5,
601858.SH,20260331,2.0041,10.928,,1807873.5,
001313.SZ,20260331,3.7732,11.5355,,543900.0,
000702.SZ,20260331,4.2607,5.6912,,232238.7152,
001387.SZ,20260331,2.6767,3.5267,,243064.3712,
601665.SH,20260331,0.8593,1.4049,,3544613.2944,
300523.SZ,20260331,0.941,1.9634,,495518.1689,
603197.SH,20260331,0.6715,0.9533,,683070.5213,
000977.SZ,20260331,1.5996,2.3714,,8235217.0812,
300795.SZ,20260331,3.5928,4.7098,,349108.0402,
600196.SH,20260331,1.3924,2.4009,,7111353.2925,
002329.SZ,20260331,6.0715,6.6194,,341285.6339,
600757.SH,20260331,0.7742,1.7722,,1071653.1911,
301598.SZ,20260331,2.0538,2.0538,,345373.3157,
002949.SZ,20260331,1.8153,3.1512,,266423.6112,
601816.SH,20260331,0.3067,0.611,,24756393.7612,
688329.SH,20260331,1.9599,3.2217,,185048.4,
603050.SH,20260331,1.409,3.1811,,803008.5133,
603311.SH,20260331,2.0249,4.1649,,387085.4914,
603355.SH,20260331,0.3428,1.7886,,1568811.8117,
000615.SZ,20260331,3.0754,3.7776,,625622.4426,
002420.SZ,20260331,1.7115,2.3152,,296951.38,
300154.SZ,20260331,1.0221,2.1606,,360992.8264,
300719.SZ,20260331,2.9456,3.5293,,400153.5341,
301308.SZ,20260331,5.4897,9.6961,,12451967.592,
688549.SH,20260331,2.9389,3.4005,,1264548.256,
600228.SH,20260331,1.5317,2.1872,,229586.5073,
605598.SH,20260331,2.0355,6.5941,,1158947.1621,
001201.SZ,20260331,2.1968,3.622,,339243.7453,
600376.SH,20260331,2.9679,6.2689,,1302680.4472,
600463.SH,20260331,0.7241,1.7487,,298200.0,
002249.SZ,20260331,1.5509,1.7597,,2257081.4222,
300898.SZ,20260331,2.013,3.3716,,289044.0,
603402.SH,20260331,7.1111,7.1111,,1021960.0088,
688726.SH,20260331,5.9635,5.9635,,2224024.799,
300690.SZ,20260331,11.9588,14.9214,,498857.6886,
300851.SZ,20260331,4.9442,6.2044,,256192.7298,
601061.SH,20260331,2.6018,2.6018,,5698700.0,
301206.SZ,20260331,0.562,0.7788,,523416.5859,
000993.SZ,20260331,8.653,17.4969,,746918.8231,
600315.SH,20260331,0.7467,1.5595,,1414363.4619,
301026.SZ,20260331,2.4174,2.7426,,438418.944,
000810.SZ,20260331,1.4503,3.1825,,1257163.7678,
301078.SZ,20260331,1.3797,2.0386,,1043014.5634,
000066.SZ,20260331,1.4694,2.4541,,4745150.4584,
300930.SZ,20260331,3.0522,4.8757,,280100.0,
605060.SH,20260331,2.992,8.394,,1199351.12,
300903.SZ,20260331,5.1022,6.1284,,1391930.8419,
002042.SZ,20260331,3.4116,5.8726,,732993.664,
920188.BJ,20260331,58.0433,58.0433,,209889.7977,
002650.SZ,20260331,0.5552,0.9901,,735103.6591,
300289.SZ,20260331,1.5486,2.8902,,365575.7193,
600566.SH,20260331,0.4258,1.1025,,2424978.0923,
601886.SH,20260331,0.749,2.2818,,980046.7819,
001234.SZ,20260331,2.017,6.1335,,276488.4199,
600529.SH,20260331,1.035,1.2856,,1229013.3373,
300729.SZ,20260331,0.7312,1.3304,,411984.9246,
601388.SH,20260331,8.8494,16.5114,,843068.2619,
600449.SH,20260331,1.0498,2.0598,,609680.8286,
920526.BJ,20260331,1.7334,3.5684,,155476.0,
301365.SZ,20260331,9.1108,19.9283,,537480.0,
600608.SH,20260331,1.0612,1.309,,94712.095,
688102.SH,20260331,3.1496,6.9094,,2897090.9649,
300081.SZ,20260331,2.2612,2.5267,,278810.6872,
603051.SH,20260331,2.0801,3.2762,,341691.9421,
000966.SZ,20260331,4.618,11.0379,,1643048.5276,
600101.SH,20260331,7.726,11.2664,,525947.9722,
605296.SH,20260331,0.8867,7.202,,1434181.1544,
002144.SZ,20260331,2.413,2.6153,,254361.2778,
300485.SZ,20260331,2.7858,3.6158,,520681.3784,
688181.SH,20260331,2.2089,2.7772,,407479.0844,
301609.SZ,20260331,15.3836,15.3836,,784755.84,
301345.SZ,20260331,3.8429,4.6328,,2366364.8407,
600461.SH,20260331,0.515,0.9392,,1266177.2067,
301007.SZ,20260331,1.3525,1.6508,,515375.74,
300622.SZ,20260331,2.2316,2.5947,,524064.568,
002829.SZ,20260331,3.3933,3.7642,,463414.9486,
300229.SZ,20260331,1.7881,2.3318,,1560286.9846,
920455.BJ,20260331,1.1812,2.0374,,133797.3,
300360.SZ,20260331,1.2083,1.8375,,831954.7699,
601789.SH,20260331,7.4809,10.2292,,842988.708,
300115.SZ,20260331,2.1544,3.2028,,4243242.3921,
300859.SZ,20260331,2.1921,3.5499,,504680.0,
688551.SH,20260331,5.3325,10.5919,,349902.2909,
688380.SH,20260331,1.3287,3.2139,,1635491.025,
688722.SH,20260331,1.0407,1.902,,370026.0549,
601336.SH,20260331,0.7995,2.3734,,19194570.2298,
601615.SH,20260331,3.0889,4.1005,,3837759.9101,
000727.SZ,20260331,1.7573,3.2027,,1177687.4148,
600114.SH,20260331,1.5827,2.0764,,1752720.5322,
002285.SZ,20260331,3.1879,6.0337,,599841.5404,
002882.SZ,20260331,1.4642,3.1495,,1180085.4,
600611.SH,20260331,0.9758,1.3993,,1127686.6061,
002506.SZ,20260331,11.2768,14.8798,,2778900.3028,
002109.SZ,20260331,6.9815,16.324,,575597.7028,
300035.SZ,20260331,9.2403,9.8172,,1498342.7028,
688128.SH,20260331,0.5053,2.3747,,1000733.0,
300137.SZ,20260331,5.534,6.5535,,681995.9889,
603890.SH,20260331,1.6514,2.4398,,610339.7389,
601827.SH,20260331,3.4534,12.2537,,1386032.7057,
301267.SZ,20260331,0.4357,1.6797,,1416240.0,
300514.SZ,20260331,2.0069,2.6571,,255400.0,
600825.SH,20260331,2.4524,5.0556,,615438.9437,
688202.SH,20260331,4.3959,7.4223,,838357.6282,
000633.SZ,20260331,2.5861,3.2629,,257636.1635,
002757.SZ,20260331,2.5484,4.0245,,590320.9142,
920719.BJ,20260331,1.695,1.858,,95513.8284,
002007.SZ,20260331,0.5621,0.9052,,2677224.0157,
301367.SZ,20260331,1.8475,2.9983,,603814.4,
688085.SH,20260331,0.9254,1.476,,621240.6338,
603726.SH,20260331,1.6933,3.7756,,416415.6416,
920799.BJ,20260331,1.517,2.3539,,696259.986,
603066.SH,20260331,0.8386,1.7675,,295650.9744,
301302.SZ,20260331,6.7359,11.1137,,409924.95,
300397.SZ,20260331,3.0885,3.3934,,594764.62,
603297.SH,20260331,0.8321,2.6644,,1098273.33,
600133.SH,20260331,1.2342,1.4884,,931893.6508,
300011.SZ,20260331,4.9513,6.6191,,493527.6404,
300872.SZ,20260331,1.6025,1.8773,,777088.7641,
301110.SZ,20260331,2.0849,2.9408,,512738.2802,
301036.SZ,20260331,1.2521,1.8956,,279300.0,
001219.SZ,20260331,3.4602,6.646,,287406.0475,
301088.SZ,20260331,0.9474,3.0871,,319743.7,
688097.SH,20260331,2.106,5.7875,,2359193.4947,
000951.SZ,20260331,1.0524,2.1478,,2614084.326,
300529.SZ,20260331,0.6064,0.7572,,1415927.1526,
920098.BJ,20260331,0.8554,1.281,,207366.941,
003005.SZ,20260331,1.4384,1.8328,,421590.195,
688525.SH,20260331,9.0693,11.871,,9902725.1203,
603716.SH,20260331,19.6183,23.0239,,500083.3817,
300549.SZ,20260331,2.1148,2.9023,,224277.88,
002259.SZ,20260331,3.0662,4.278,,394972.3402,
688108.SH,20260331,3.6963,4.825,,850114.368,
301113.SZ,20260331,1.8963,4.3013,,229320.0,
001333.SZ,20260331,6.3359,6.3359,,311296.0,
300999.SZ,20260331,2.221,2.221,,15543702.9337,
300329.SZ,20260331,1.9853,3.5785,,364159.8432,
300707.SZ,20260331,7.2091,8.6591,,273991.6103,
603826.SH,20260331,3.9185,14.4675,,1812938.4,
600397.SH,20260331,4.0607,6.6946,,1455241.0265,
000428.SZ,20260331,2.6338,5.8786,,409608.252,
600866.SH,20260331,1.9108,2.5831,,1184629.9752,
603117.SH,20260331,2.0163,2.864,,287015.7184,
600405.SH,20260331,2.9693,3.306,,337056.2734,
920906.BJ,20260331,2.9518,4.4034,,151055.25,
601956.SH,20260331,1.3274,2.5123,,405915.6333,
300389.SZ,20260331,7.5404,13.6391,,674346.2792,
301123.SZ,20260331,1.1601,1.7512,,1187982.32,
000663.SZ,20260331,2.9785,4.2383,,235342.0664,
605588.SH,20260331,1.9333,5.8686,,375903.2175,
688248.SH,20260331,1.063,3.641,,3271307.1,
601113.SH,20260331,1.001,1.3345,,478097.9139,
688429.SH,20260331,5.6516,7.7496,,567601.1352,
000793.SZ,20260331,0.8076,1.0435,,523278.3097,
300444.SZ,20260331,5.5891,6.1213,,1051789.2435,
000709.SZ,20260331,0.9687,2.7503,,2408549.2144,
002391.SZ,20260331,2.4647,2.7657,,404696.1587,
003028.SZ,20260331,2.6252,4.8616,,381892.329,
001376.SZ,20260331,12.2033,12.2033,,726378.4,
600356.SH,20260331,1.3555,1.9347,,284719.5395,
002349.SZ,20260331,1.493,2.2756,,607322.0327,
300206.SZ,20260331,6.6266,8.6928,,758199.6566,
688150.SH,20260331,3.1637,7.1242,,1557835.8915,
688717.SH,20260331,7.1169,7.1386,,1872000.0,
002470.SZ,20260331,13.093,18.6785,,985808.3226,
600498.SH,20260331,11.7783,19.2631,,6856029.4491,
603334.SH,20260331,5.0095,5.0095,,715778.0,
300656.SZ,20260331,1.6285,2.0728,,350635.2725,
300477.SZ,20260331,2.7433,2.7869,,276580.8212,
301161.SZ,20260331,1.9142,2.3603,,350640.0,
300893.SZ,20260331,0.7937,1.1918,,988572.6459,
300853.SZ,20260331,1.7916,2.0092,,274647.7053,
301516.SZ,20260331,25.4347,25.4347,,542315.7907,
688301.SH,20260331,3.3838,4.5647,,2298240.8657,
603886.SH,20260331,3.004,5.9482,,299280.0,
001324.SZ,20260331,4.1774,5.5423,,276138.0,
002084.SZ,20260331,2.8893,4.9175,,251961.8556,
920438.BJ,20260331,1.1863,1.9315,,521527.875,
300072.SZ,20260331,4.7813,7.6515,,1219504.8367,
000825.SZ,20260331,0.6323,1.7236,,2472171.5435,
300332.SZ,20260331,9.8402,11.8719,,526017.2502,
301045.SZ,20260331,3.5293,3.8211,,432889.2368,
688116.SH,20260331,2.0356,2.3378,,1450000.6751,
300181.SZ,20260331,1.4238,1.5049,,1096268.4046,
603637.SH,20260331,1.9167,2.4329,,283558.8219,
000968.SZ,20260331,9.9368,22.9991,,994592.7345,
605179.SH,20260331,0.4154,1.9949,,689319.0,
600089.SH,20260331,3.7849,4.618,,13389900.3132,
600756.SH,20260331,9.4946,11.7352,,640170.2467,
300327.SZ,20260331,2.2209,2.9058,,802561.2744,
002679.SZ,20260331,3.8761,10.6571,,265225.5,
603313.SH,20260331,1.9556,3.5903,,466169.485,
688605.SH,20260331,2.5282,3.1206,,1216505.3144,
301047.SZ,20260331,0.521,1.3736,,862647.7743,
002176.SZ,20260331,7.9284,9.5588,,1750690.0461,
300829.SZ,20260331,6.2902,6.5381,,447504.6857,
000970.SZ,20260331,1.4101,1.8328,,1402947.542,
600692.SH,20260331,3.4943,3.7532,,290205.3528,
603113.SH,20260331,3.3332,6.6151,,604973.8092,
688237.SH,20260331,1.3827,3.1002,,451997.0381,
000821.SZ,20260331,2.7163,3.5319,,726894.8659,
002782.SZ,20260331,4.4554,10.744,,1042516.3553,
920116.BJ,20260331,3.3524,11.5632,,1436377.25,
000567.SZ,20260331,0.4446,1.8121,,1010524.1441,
300402.SZ,20260331,1.1748,2.5882,,464212.9249,
002849.SZ,20260331,3.0782,3.9469,,365149.2965,
002358.SZ,20260331,3.0064,3.8292,,681511.8641,
300141.SZ,20260331,1.9385,4.0446,,330556.7772,
600010.SH,20260331,1.9896,3.1307,,11367443.4563,
600861.SH,20260331,0.5358,0.8716,,919367.054,
002146.SZ,20260331,2.4072,3.488,,621787.4307,
300976.SZ,20260331,1.6926,3.0927,,728856.414,
600648.SH,20260331,0.3329,0.9292,,1411588.8823,
300911.SZ,20260331,3.2533,6.1921,,488406.3128,
920879.BJ,20260331,0.9381,1.8598,,334613.9673,
688114.SH,20260331,0.5527,1.0415,,2048426.4503,
600967.SH,20260331,1.5453,3.4889,,2505041.7498,
920403.BJ,20260331,3.4442,4.5172,,220382.8754,
688765.SH,20260331,2.3896,2.3896,,2298010.0,
600039.SH,20260331,0.1826,1.5747,,8756459.7795,
000031.SZ,20260331,0.4071,1.3252,,1247317.1816,
000738.SZ,20260331,1.7586,3.5095,,2855264.4662,
600888.SH,20260331,3.6402,6.0562,,1240915.6733,
600340.SH,20260331,2.1598,3.5536,,544007.1275,
688489.SH,20260331,0.3954,0.9418,,430538.5592,
603209.SH,20260331,1.1964,1.9962,,482950.0,
603159.SH,20260331,1.9455,4.4001,,346500.0,
600812.SH,20260331,1.2567,2.7928,,933357.3213,
688561.SH,20260331,0.7503,1.9933,,2011963.286,
600955.SH,20260331,4.9613,10.8168,,953700.0,
002712.SZ,20260331,1.8813,3.0253,,285745.004,
603566.SH,20260331,0.9367,1.3691,,427732.9694,
920208.BJ,20260331,0.4767,0.4887,,295306.6507,
000061.SZ,20260331,1.2818,3.245,,1464901.3641,
605507.SH,20260331,0.8198,1.7898,,1452382.2765,
002082.SZ,20260331,12.7391,23.2652,,1847300.9461,
601108.SH,20260331,0.5351,0.7917,,3538547.8,
920519.BJ,20260331,0.6068,0.6971,,102557.5615,
301229.SZ,20260331,1.6132,2.1079,,321933.2673,
301378.SZ,20260331,3.5464,4.5513,,301681.8,
920981.BJ,20260331,1.5558,2.3627,,200881.436,
601100.SH,20260331,0.5932,1.6637,,12871881.5232,
688075.SH,20260331,0.4787,1.8449,,473129.283,
600478.SH,20260331,3.4566,4.8529,,1194192.8368,
605099.SH,20260331,2.2093,21.198,,1763491.6143,
000019.SZ,20260331,6.3121,9.7047,,897824.9629,
605177.SH,20260331,1.3577,2.7702,,239191.961,
002315.SZ,20260331,3.6148,4.3364,,1265771.1173,
603097.SH,20260331,1.7334,5.7777,,528325.026,
600763.SH,20260331,1.671,2.5276,,1881745.3152,
603000.SH,20260331,1.7193,3.9573,,2170471.5429,
603801.SH,20260331,0.4845,0.9011,,392653.6629,
300095.SZ,20260331,2.1173,2.3102,,396565.1148,
603060.SH,20260331,0.7034,2.227,,500867.5055,
600422.SH,20260331,0.6396,0.9989,,862952.363,
603320.SH,20260331,1.381,3.3998,,297994.1136,
002451.SZ,20260331,2.4563,3.9766,,420839.85,
300471.SZ,20260331,3.166,4.6853,,590049.2074,
000677.SZ,20260331,16.0419,20.874,,446676.5991,
002483.SZ,20260331,0.9186,1.3715,,605457.9261,
300516.SZ,20260331,2.5057,7.8308,,1072080.0,
002267.SZ,20260331,1.1457,3.221,,869642.998,
000698.SZ,20260331,0.8835,1.6054,,313874.0133,
300184.SZ,20260331,5.4299,5.5603,,1243114.6918,
301330.SZ,20260331,0.9891,2.4026,,774541.9511,
601002.SH,20260331,14.5704,26.4902,,575527.7542,
688121.SH,20260331,1.5086,2.1596,,250434.2112,
002047.SZ,20260331,2.8249,4.2745,,744478.1083,
300210.SZ,20260331,0.9926,1.3239,,406260.5406,
002611.SZ,20260331,5.3341,6.3452,,2189898.1257,
603528.SH,20260331,0.8344,1.7985,,570391.5458,
688609.SH,20260331,0.8929,1.0823,,399500.0,
301041.SZ,20260331,3.9233,4.565,,270967.2,
300067.SZ,20260331,2.3268,2.8726,,495226.6922,
920527.BJ,20260331,1.0464,1.2582,,94327.0817,
603329.SH,20260331,0.9108,1.6554,,261303.4779,
000700.SZ,20260331,2.7271,4.3161,,1072241.9744,
603069.SH,20260331,1.0402,2.4254,,554896.0,
600976.SH,20260331,2.1178,2.9199,,515572.6946,
300560.SZ,20260331,4.8468,6.0754,,343236.9713,
601958.SH,20260331,0.9119,3.2987,,6001484.184,
000701.SZ,20260331,3.0005,5.0357,,396977.985,
601208.SH,20260331,3.1813,4.1368,,2964886.9377,
601026.SH,20260331,3.7458,3.7458,,1256157.0,
002425.SZ,20260331,1.0224,1.273,,320482.7971,
688271.SH,20260331,0.4069,0.798,,9230569.4656,
600592.SH,20260331,2.1431,3.4483,,799506.6956,
600997.SH,20260331,2.242,7.2981,,984435.9076,
603176.SH,20260331,0.8545,2.7188,,262330.8538,
600216.SH,20260331,3.4982,5.6117,,1545351.8643,
600419.SH,20260331,3.3474,5.347,,300367.5411,
603758.SH,20260331,0.6838,1.9402,,545424.7319,
688648.SH,20260331,2.2744,2.584,,700808.0,
300403.SZ,20260331,1.5781,1.8661,,698274.0,
301105.SZ,20260331,5.4722,5.4722,,293750.0,
301611.SZ,20260331,3.9346,4.1477,,4225276.0,
000885.SZ,20260331,0.6383,2.267,,874510.5833,
605098.SH,20260331,1.5349,3.7374,,630242.0635,
301568.SZ,20260331,6.3905,6.3905,,485314.48,
301095.SZ,20260331,2.6307,4.1869,,1313243.094,
002400.SZ,20260331,3.8351,4.7387,,1487066.5702,
600984.SH,20260331,2.1803,3.581,,499046.4382,
603605.SH,20260331,0.5925,1.1754,,2408326.0198,
600986.SH,20260331,5.2512,6.0594,,1448702.3364,
600848.SH,20260331,0.2663,0.7066,,2517442.03,
603456.SH,20260331,2.4815,4.4593,,1531626.0602,
000988.SZ,20260331,5.7882,7.1468,,10406953.0175,
603025.SH,20260331,0.6288,3.2843,,1536516.9676,
600023.SH,20260331,0.5907,2.203,,7280941.8827,
002683.SZ,20260331,1.0512,1.6093,,2975709.9067,
600212.SH,20260331,1.8349,2.1345,,505579.8529,
000720.SZ,20260331,15.4176,26.4432,,686066.2378,
000969.SZ,20260331,2.0238,3.1481,,2166170.9966,
688600.SH,20260331,1.3439,2.431,,313736.0732,
301336.SZ,20260331,1.9661,2.4104,,203840.0,
301285.SZ,20260331,1.1648,2.8425,,1736028.0,
920036.BJ,20260331,15.9197,15.9197,,237714.5403,
603266.SH,20260331,0.7764,1.7325,,364957.1863,
603076.SH,20260331,6.6576,13.4822,,340377.7901,
300880.SZ,20260331,4.7,10.4359,,418179.191,
300175.SZ,20260331,1.1862,1.5597,,290012.8,
301281.SZ,20260331,5.7943,8.3445,,384646.08,
300508.SZ,20260331,2.2627,3.6843,,386295.6252,
002058.SZ,20260331,0.7679,1.447,,309991.8455,
688303.SH,20260331,0.5085,2.0333,,4504932.0204,
600262.SH,20260331,2.2061,3.5885,,413950.0,
002375.SZ,20260331,0.782,1.6868,,525278.6272,
000799.SZ,20260331,3.1339,4.5421,,1390046.1764,
300333.SZ,20260331,1.7449,2.0374,,298368.0,
301230.SZ,20260331,15.0573,24.7097,,566861.2029,
002386.SZ,20260331,4.9993,7.4568,,778384.9497,
300720.SZ,20260331,9.5588,18.3066,,1207264.6009,
600006.SH,20260331,0.6161,1.5445,,1274000.0,
603520.SH,20260331,9.9073,12.7568,,472167.4418,
300703.SZ,20260331,2.5154,3.7607,,349238.6022,
002983.SZ,20260331,1.8997,3.8038,,484453.2393,
002668.SZ,20260331,0.7801,1.5662,,964859.1709,
920694.BJ,20260331,0.7917,1.4608,,222436.9936,
600960.SH,20260331,1.7909,3.2419,,480010.3366,
601099.SH,20260331,1.0677,1.1986,,2556118.6388,
600526.SH,20260331,0.8711,1.5726,,478122.1279,
300938.SZ,20260331,4.0355,5.8631,,951827.2243,
002968.SZ,20260331,1.6456,3.3543,,260445.7282,
300793.SZ,20260331,1.1017,1.5323,,526674.7865,
002378.SZ,20260331,3.948,9.187,,3761638.7122,
600488.SH,20260331,8.2224,18.7373,,572148.6203,
001268.SZ,20260331,1.4347,2.0143,,310848.0019,
601198.SH,20260331,0.5987,1.0886,,3982372.8806,
300947.SZ,20260331,1.8971,3.0796,,246505.5822,
300846.SZ,20260331,7.8899,8.5589,,1416155.1811,
000007.SZ,20260331,1.573,2.3687,,448650.217,
003816.SZ,20260331,0.5639,3.2959,,23279919.6748,
000788.SZ,20260331,2.0376,3.0388,,355208.5053,
920931.BJ,20260331,1.007,1.007,,112622.07,
002632.SZ,20260331,5.3233,11.5026,,740149.9217,
301277.SZ,20260331,0.7888,3.0614,,461868.3552,
300142.SZ,20260331,2.9458,2.9458,,1981592.8423,
920508.BJ,20260331,1.3307,2.1144,,115800.0,
002332.SZ,20260331,1.0905,1.3919,,896219.6086,
002762.SZ,20260331,3.8437,4.9466,,255606.05,
603232.SH,20260331,2.3659,3.3211,,460205.5954,
300025.SZ,20260331,2.0288,2.4123,,265589.9053,
300605.SZ,20260331,2.9055,3.1408,,231690.0787,
300033.SZ,20260331,2.2194,3.4927,,16047360.0,
301223.SZ,20260331,1.0675,2.2714,,366942.364,
000655.SZ,20260331,1.5871,3.8161,,522113.3817,
605009.SH,20260331,0.3694,1.1074,,613153.052,
688458.SH,20260331,2.25,2.25,,365282.46,
603271.SH,20260331,4.625,5.4018,,878354.8,
600674.SH,20260331,0.4767,1.4159,,7258289.5669,
603198.SH,20260331,1.0901,3.9242,,2600000.0,
002603.SZ,20260331,1.0326,1.8872,,2813467.8532,
002351.SZ,20260331,1.6039,2.0171,,999356.268,
300816.SZ,20260331,2.1716,2.8923,,500880.0,
001266.SZ,20260331,2.4793,4.0178,,318509.2442,
002190.SZ,20260331,0.9651,1.9774,,1116365.7154,
002728.SZ,20260331,4.688,4.9647,,565667.4128,
300963.SZ,20260331,2.1747,2.7005,,767763.36,
002444.SZ,20260331,1.1112,1.9065,,3557156.026,
603648.SH,20260331,0.519,1.0277,,357701.4336,
601825.SH,20260331,0.2648,0.4459,,8786088.8894,
301232.SZ,20260331,18.7036,20.6736,,1287531.0041,
000753.SZ,20260331,12.5868,20.2245,,729730.0683,
603585.SH,20260331,11.1484,35.3458,,414899.6339,
600728.SH,20260331,0.9035,1.0735,,1196388.1854,
688362.SH,20260331,2.1871,3.5966,,1512219.4825,
300791.SZ,20260331,0.7101,1.6846,,625113.6352,
002821.SZ,20260331,5.3644,8.4239,,3997412.0427,
601127.SH,20260331,1.7704,3.7596,,15822450.5361,
000516.SZ,20260331,2.8255,4.0763,,1137359.5505,
000902.SZ,20260331,0.9113,1.8697,,1967422.4024,
600746.SH,20260331,4.0945,16.4965,,1053394.2814,
603773.SH,20260331,3.1054,5.0231,,735981.6817,
301072.SZ,20260331,1.7265,3.4111,,232781.9028,
600004.SH,20260331,0.3974,0.9286,,2311788.4044,
300901.SZ,20260331,1.0947,2.6646,,360240.0,
600590.SH,20260331,6.004,9.2921,,1097643.3683,
601083.SH,20260331,5.5705,5.5705,,1520591.0,
920370.BJ,20260331,0.744,1.4421,,100895.2032,
688766.SH,20260331,4.3431,7.027,,3333917.7279,
000099.SZ,20260331,1.0069,1.6407,,1330445.785,
300014.SZ,20260331,5.9961,9.3424,,12907263.9503,
301335.SZ,20260331,1.8918,1.8918,,313957.5272,
920108.BJ,20260331,2.9456,4.9988,,194069.4,
688652.SH,20260331,2.4716,2.9662,,1678824.0,
688671.SH,20260331,2.1618,2.6184,,168108.9649,
603186.SH,20260331,4.0466,6.4275,,939175.2028,
688767.SH,20260331,0.7443,1.6558,,464725.3354,
688522.SH,20260331,2.438,2.48,,950800.2116,
300660.SZ,20260331,1.0404,2.8246,,1889151.9153,
301269.SZ,20260331,0.46,1.2674,,4424589.8761,
301256.SZ,20260331,1.2774,4.9315,,616320.0,
920566.BJ,20260331,1.2618,1.388,,142845.0392,
301085.SZ,20260331,6.1081,9.9609,,500695.6448,
688261.SH,20260331,1.8442,3.6575,,838290.254,
920779.BJ,20260331,8.0979,8.0979,,259762.3917,
688508.SH,20260331,1.3315,1.7555,,742953.9377,
002903.SZ,20260331,5.9971,6.9622,,427785.54,
600230.SH,20260331,4.8287,8.9438,,769967.4879,
301552.SZ,20260331,2.3506,2.3506,,354905.6,
688528.SH,20260331,0.9113,2.7041,,179592.0,
605028.SH,20260331,2.0285,8.114,,416640.0,
600237.SH,20260331,4.809,6.3511,,546189.7982,
002465.SZ,20260331,3.1333,4.1973,,3720269.0881,
300732.SZ,20260331,1.3909,2.3971,,256427.5698,
002428.SZ,20260331,14.135,17.6705,,3194409.92,
600007.SH,20260331,0.3433,1.774,,2094140.3882,
688701.SH,20260331,1.808,3.607,,123938.0144,
000756.SZ,20260331,1.1523,2.2373,,1036664.9513,
688118.SH,20260331,2.4869,3.1068,,248782.3569,
300068.SZ,20260331,6.2504,7.1616,,1171470.9579,
920491.BJ,20260331,1.7877,1.9242,,319124.73,
603829.SH,20260331,4.3844,11.2272,,549671.4352,
002646.SZ,20260331,1.3532,2.325,,385681.9191,
003025.SZ,20260331,1.4132,2.371,,386744.746,
300552.SZ,20260331,5.1879,6.2661,,536029.7767,
300801.SZ,20260331,3.2426,4.9571,,564204.69,
600276.SH,20260331,1.0863,1.7822,,36650617.7042,
605333.SH,20260331,0.5112,2.2135,,1176806.4696,
002035.SZ,20260331,5.8933,7.3526,,567927.9241,
605081.SH,20260331,3.4723,4.8204,,81651.1389,
301317.SZ,20260331,10.7422,12.5158,,808428.17,
301306.SZ,20260331,21.9891,32.6469,,1326430.4,
688348.SH,20260331,3.6222,9.7626,,906409.123,
002114.SZ,20260331,2.5693,3.5388,,276826.3486,
688590.SH,20260331,1.7506,2.3966,,368787.511,
002301.SZ,20260331,1.3552,2.3586,,495538.55,
603639.SH,20260331,2.5892,7.5353,,475871.2492,
600130.SH,20260331,1.6509,1.984,,323250.0,
605377.SH,20260331,1.4112,2.6403,,512136.6466,
300094.SZ,20260331,2.6607,3.4576,,358757.1865,
300862.SZ,20260331,2.2327,2.5463,,392313.0418,
000692.SZ,20260331,16.734,23.9024,,264817.9891,
600299.SH,20260331,1.1547,8.1129,,4012952.3719,
688408.SH,20260331,2.1901,3.6983,,781627.0812,
300596.SZ,20260331,1.1961,1.7817,,943277.592,
920092.BJ,20260331,2.342,4.1608,,186984.0564,
920185.BJ,20260331,0.6484,2.4141,,3308719.487,
688529.SH,20260331,0.6316,1.1207,,286571.8239,
688616.SH,20260331,1.2534,2.7633,,237855.5794,
603289.SH,20260331,3.0227,8.2575,,328595.727,
000029.SZ,20260331,0.3664,1.1962,,1934293.92,
002016.SZ,20260331,5.6308,14.1762,,491121.0486,
300760.SZ,20260331,0.7405,1.5272,,19964059.9936,
301603.SZ,20260331,8.8142,9.8668,,870921.12,
301216.SZ,20260331,3.1864,5.0364,,1539240.4619,
601899.SH,20260331,1.2286,1.7434,,87004551.6341,
002887.SZ,20260331,3.3472,5.9403,,353415.3962,
002392.SZ,20260331,0.6733,0.899,,823819.6606,
300573.SZ,20260331,2.0734,2.2851,,1621506.2877,
002713.SZ,20260331,8.3255,11.2177,,1128366.5482,
603569.SH,20260331,0.5534,1.9123,,414005.9742,
002291.SZ,20260331,3.1145,3.7203,,610640.1205,
300721.SZ,20260331,4.9496,7.3342,,225840.0324,
002167.SZ,20260331,2.7358,3.6752,,939678.7129,
920641.BJ,20260331,7.5225,11.8049,,137912.775,
001368.SZ,20260331,9.0061,9.0061,,277989.8172,
300169.SZ,20260331,3.2891,3.3599,,206674.0716,
603721.SH,20260331,0.5029,1.0136,,253370.0,
300171.SZ,20260331,0.998,1.5182,,1093602.4411,
301203.SZ,20260331,4.4505,5.1561,,313360.0,
301087.SZ,20260331,1.0849,2.3782,,1174627.831,
300959.SZ,20260331,3.1298,4.3823,,601392.2474,
688661.SH,20260331,5.3321,11.4225,,1120628.3802,
600166.SH,20260331,1.9471,3.5141,,2327715.7079,
002955.SZ,20260331,1.0761,1.9132,,622362.9686,
301097.SZ,20260331,1.8271,2.8831,,304581.0505,
601838.SH,20260331,0.3504,0.6753,,7256201.3295,
002456.SZ,20260331,1.2516,1.372,,2904675.241,
000802.SZ,20260331,1.3317,1.7175,,282064.7005,
301225.SZ,20260331,11.0508,11.0508,,1037935.2,
301170.SZ,20260331,3.3319,3.3319,,282800.0,
002207.SZ,20260331,8.016,11.4749,,247380.2768,
600784.SH,20260331,1.1576,1.8104,,473632.2462,
601996.SH,20260331,4.8625,8.2336,,290316.8337,
001212.SZ,20260331,1.9496,2.669,,983094.4806,
688296.SH,20260331,1.732,2.9733,,149115.9481,
002673.SZ,20260331,0.461,0.8707,,3253855.4812,
603926.SH,20260331,1.7435,3.4465,,415683.1181,
002448.SZ,20260331,2.6578,2.6578,,822008.2755,
300347.SZ,20260331,3.8021,4.2267,,4634903.2272,
600370.SH,20260331,3.6042,19.2596,,942996.7335,
603690.SH,20260331,1.7683,2.4381,,923709.771,
600783.SH,20260331,2.3217,7.1161,,1568365.0325,
920706.BJ,20260331,8.8425,12.6352,,221864.9932,
300952.SZ,20260331,3.8461,5.3437,,618205.8782,
000948.SZ,20260331,0.6364,0.9886,,586392.7161,
603889.SH,20260331,0.8034,1.4625,,560030.7588,
002438.SZ,20260331,1.9453,2.4421,,832361.436,
301155.SZ,20260331,6.9272,9.7494,,1476957.7015,
300786.SZ,20260331,2.4633,2.6614,,258726.3259,
601112.SH,20260331,9.8081,9.8081,,3306696.0973,
301166.SZ,20260331,3.0749,4.2411,,261300.004,
920128.BJ,20260331,1.1262,1.7721,,197291.7,
920970.BJ,20260331,1.6484,2.1237,,72242.1216,
601997.SH,20260331,0.8754,1.168,,2127907.2802,
600201.SH,20260331,1.9997,2.3018,,1600916.8694,
002399.SZ,20260331,0.4328,1.4785,,1663913.8953,
000630.SZ,20260331,2.2961,3.5062,,7790902.9473,
002899.SZ,20260331,1.7602,2.4929,,419595.6149,
002780.SZ,20260331,5.671,6.0492,,252341.974,
000999.SZ,20260331,0.648,1.7648,,4649824.6953,
688160.SH,20260331,1.4857,3.7079,,942838.2983,
600713.SH,20260331,1.2237,2.7835,,691095.3736,
002213.SZ,20260331,13.2859,16.4856,,691793.572,
603071.SH,20260331,1.351,4.6673,,775556.6744,
000531.SZ,20260331,5.0313,10.5602,,724815.3271,
920169.BJ,20260331,5.7052,9.183,,238764.266,
301578.SZ,20260331,3.1654,3.1654,,268901.7903,
300111.SZ,20260331,2.7995,3.9982,,518745.9177,
300607.SZ,20260331,2.3582,2.6411,,1195769.8369,
002011.SZ,20260331,0.9059,1.6498,,1262745.6383,
601998.SH,20260331,0.0992,0.8232,,46185484.6791,
002413.SZ,20260331,14.4178,14.4178,,1774513.2751,
300145.SZ,20260331,2.7204,3.9868,,819943.3494,
002690.SZ,20260331,2.7268,3.9506,,1533313.8282,
002244.SZ,20260331,0.9551,2.2929,,3036769.2366,
300753.SZ,20260331,4.169,4.848,,346379.904,
605155.SH,20260331,1.5587,4.0851,,303207.4885,
300037.SZ,20260331,3.0807,3.5596,,4234090.1504,
601369.SH,20260331,0.4717,1.2384,,1735538.8134,
002518.SZ,20260331,1.282,3.1579,,2625835.1739,
600597.SH,20260331,0.4758,0.9839,,1044883.1124,
603515.SH,20260331,0.279,1.8615,,1418783.9746,
603105.SH,20260331,9.2305,15.4128,,564010.2671,
603132.SH,20260331,0.9991,6.1224,,1652820.0,
002913.SZ,20260331,3.1136,9.423,,1518252.6511,
600956.SH,20260331,1.6072,13.0473,,3858352.5774,
601818.SH,20260331,0.7944,2.341,,18966461.8906,
600926.SH,20260331,0.3407,0.5027,,12142079.2679,
002166.SZ,20260331,3.8342,6.4037,,691179.9841,
920047.BJ,20260331,1.3969,1.5288,,663738.1771,
000529.SZ,20260331,1.5765,3.558,,335679.4398,
300559.SZ,20260331,6.1901,8.3412,,506584.471,
603189.SH,20260331,4.4688,7.3789,,478717.8678,
688426.SH,20260331,3.9708,3.9708,,225324.9131,
001389.SZ,20260331,6.2774,6.2774,,5495969.9251,
600841.SH,20260331,2.511,7.9869,,1192138.9125,
300968.SZ,20260331,0.7932,1.6941,,469599.68,
300634.SZ,20260331,3.1547,5.2917,,1068918.6221,
300295.SZ,20260331,2.6055,2.7868,,184114.9163,
688370.SH,20260331,0.8981,2.8147,,322889.055,
301106.SZ,20260331,1.1931,3.7815,,288678.6385,
300126.SZ,20260331,1.8084,2.6559,,234047.352,
920578.BJ,20260331,2.6394,2.6394,,142709.995,
301093.SZ,20260331,2.8477,5.1185,,1365829.1084,
600827.SH,20260331,0.54,1.2317,,1514758.7313,
300718.SZ,20260331,3.4271,5.2466,,2085178.8504,
600330.SH,20260331,10.0366,12.3751,,1927857.9922,
300378.SZ,20260331,2.6416,3.2868,,1004741.771,
000708.SZ,20260331,0.2259,1.3987,,8247056.3959,
603501.SH,20260331,1.7562,2.7912,,11975159.4162,
603399.SH,20260331,5.9042,8.3914,,578376.1427,
301616.SZ,20260331,1.5276,2.1693,,370880.0,
603288.SH,20260331,0.7685,2.9396,,23992482.2704,
000963.SZ,20260331,0.5398,1.2892,,6194198.5471,
600715.SH,20260331,1.0631,1.4191,,803850.993,
300650.SZ,20260331,3.2331,3.8967,,350758.0824,
301370.SZ,20260331,0.7049,1.3626,,488953.4,
688173.SH,20260331,1.2829,2.3505,,553882.4977,
002511.SZ,20260331,1.0249,2.0924,,1076698.2295,
300061.SZ,20260331,1.4569,1.8022,,533784.8784,
603367.SH,20260331,1.84,3.4878,,761985.1991,
002966.SZ,20260331,0.6899,0.8189,,3737473.4412,
000758.SZ,20260331,2.1142,3.2855,,1303738.1542,
920106.BJ,20260331,0.9488,1.4816,,351615.4155,
920225.BJ,20260331,3.9602,4.8032,,277317.7834,
688379.SH,20260331,0.9749,1.8553,,424174.2534,
000507.SZ,20260331,3.0439,4.3833,,508613.3969,
000757.SZ,20260331,1.7592,2.5363,,255171.0095,
000876.SZ,20260331,0.4121,0.9084,,3692274.9309,
688087.SH,20260331,1.4068,2.5149,,750991.9793,
002747.SZ,20260331,1.241,1.9429,,1938500.3014,
600300.SH,20260331,1.7998,2.6052,,569234.0474,
000609.SZ,20260331,3.9685,5.2523,,260959.5352,
002705.SZ,20260331,2.7924,8.3649,,1205635.5333,
601368.SH,20260331,2.8175,6.5359,,435305.727,
603348.SH,20260331,0.5029,0.9615,,616060.8191,
920046.BJ,20260331,5.9613,9.7758,,270576.25,
601919.SH,20260331,0.6596,1.617,,22984344.0666,
300052.SZ,20260331,5.684,6.8334,,323919.2243,
301560.SZ,20260331,12.4234,12.4234,,444204.8,
688004.SH,20260331,2.4427,3.9454,,174191.4,
600624.SH,20260331,1.0138,1.4294,,315216.9811,
300923.SZ,20260331,2.4653,4.7728,,217800.6,
600720.SH,20260331,1.8606,2.5098,,1615395.2778,
300555.SZ,20260331,1.162,1.3984,,247400.0,
600989.SH,20260331,1.6071,5.4381,,21310744.16,
600562.SH,20260331,0.6292,1.8388,,3161770.0606,
600511.SH,20260331,1.086,1.9888,,2210693.7841,
920066.BJ,20260331,1.1215,1.1215,,133186.1978,
002660.SZ,20260331,1.3264,2.42,,302775.4901,
600288.SH,20260331,0.797,0.8784,,614577.6,
603122.SH,20260331,19.8961,43.2547,,691019.3709,
600079.SH,20260331,1.1397,1.7933,,3073481.4921,
920556.BJ,20260331,1.7375,2.3818,,152281.5488,
300996.SZ,20260331,2.5883,3.3442,,438585.6504,
301202.SZ,20260331,2.8618,3.0021,,495814.0,
300384.SZ,20260331,1.4665,2.0983,,472449.7595,
603776.SH,20260331,0.5846,0.9426,,496384.6913,
603538.SH,20260331,39.7071,54.045,,901641.1708,
002302.SZ,20260331,0.9205,2.4292,,752363.1652,
688739.SH,20260331,0.2943,0.6493,,1025299.9,
688523.SH,20260331,12.1755,12.1755,,2628037.92,
301219.SZ,20260331,1.3824,1.8593,,1771250.2638,
920871.BJ,20260331,2.8957,4.8609,,111710.5523,
002356.SZ,20260331,2.3579,2.969,,457627.8278,
300160.SZ,20260331,4.2602,6.7653,,432849.9235,
600223.SH,20260331,0.6669,1.4587,,699399.3172,
002685.SZ,20260331,3.8346,4.369,,733598.7866,
688315.SH,20260331,0.6825,1.8964,,578101.8,
301656.SZ,20260331,6.3674,6.3674,,5095751.9383,
603027.SH,20260331,0.9141,1.7455,,1245139.1348,
603990.SH,20260331,2.3959,3.0397,,458505.2483,
603666.SH,20260331,2.1632,3.3969,,543422.4305,
001339.SZ,20260331,6.6797,9.6201,,1506057.0581,
002006.SZ,20260331,1.5424,2.0916,,897163.4774,
603353.SH,20260331,3.5819,10.9081,,551130.636,
002958.SZ,20260331,1.0151,1.3368,,1700020.727,
603175.SH,20260331,12.797,12.797,,3442916.9908,
002982.SZ,20260331,2.2738,2.9828,,274311.8555,
002300.SZ,20260331,6.0699,15.8504,,692718.0183,
600657.SH,20260331,0.5673,2.1068,,858415.4571,
002867.SZ,20260331,0.4799,1.3236,,1296055.8282,
002403.SZ,20260331,0.6801,1.4726,,359373.7008,
001217.SZ,20260331,1.4896,4.0352,,397580.26,
000680.SZ,20260331,1.9272,2.8234,,1743165.7151,
605318.SH,20260331,1.3645,4.8018,,924862.73,
603231.SH,20260331,1.7523,2.1985,,330649.8743,
300967.SZ,20260331,2.8254,4.365,,328062.0638,
301328.SZ,20260331,0.6826,2.1497,,501884.0438,
301027.SZ,20260331,5.5427,5.9726,,306201.0,
300969.SZ,20260331,2.4373,4.1998,,1373823.8303,
301039.SZ,20260331,0.7153,1.4351,,1647355.3652,
600371.SH,20260331,4.1059,8.0125,,249569.034,
300674.SZ,20260331,1.6929,2.2294,,1408114.12,
600704.SH,20260331,0.8003,1.4107,,2678671.183,
300539.SZ,20260331,1.8442,2.9714,,730306.2033,
000581.SZ,20260331,1.2314,2.1005,,1967408.8853,
003002.SZ,20260331,1.8314,3.5079,,519000.0,
603709.SH,20260331,1.5622,4.4388,,212566.1592,
002092.SZ,20260331,2.9493,4.1924,,1792293.5058,
603661.SH,20260331,0.3955,1.3886,,429021.7906,
601992.SH,20260331,1.0433,2.9024,,1921998.8041,
688550.SH,20260331,1.7921,3.0342,,673647.1973,
920396.BJ,20260331,2.7015,4.1642,,223524.4159,
001215.SZ,20260331,3.5372,6.0163,,367946.609,
300211.SZ,20260331,0.6677,1.2225,,244967.3567,
300071.SZ,20260331,3.3421,4.4127,,483869.9367,
000608.SZ,20260331,3.5664,5.1061,,310464.1099,
002687.SZ,20260331,3.235,4.5406,,249865.848,
300785.SZ,20260331,9.1597,11.2983,,970015.8754,
600831.SH,20260331,4.2456,5.9965,,277980.2739,
603800.SH,20260331,1.2765,2.4083,,792896.0,
300740.SZ,20260331,1.6513,2.8379,,798454.8779,
603822.SH,20260331,1.801,2.9444,,661701.3561,
301418.SZ,20260331,2.7673,2.7673,,269940.0025,
300834.SZ,20260331,5.9218,16.5423,,585011.3061,
300158.SZ,20260331,2.4647,3.5452,,605304.8642,
688017.SH,20260331,2.2598,3.4551,,3431206.6195,
002626.SZ,20260331,0.6644,1.4256,,1069825.5883,
600816.SH,20260331,0.5447,0.8666,,2520178.753,
688670.SH,20260331,0.9497,2.651,,210918.4,
301179.SZ,20260331,14.4908,28.3515,,1025173.1874,
002909.SZ,20260331,1.9022,3.1687,,255840.0,
688638.SH,20260331,6.4411,6.4411,,221424.0,
002043.SZ,20260331,1.5619,2.5499,,1274502.8813,
688563.SH,20260331,1.9552,1.9552,,2659500.0,
000833.SZ,20260331,8.2185,10.0571,,2069372.1302,
600833.SH,20260331,1.1644,2.1151,,268372.8754,
603680.SH,20260331,0.7684,4.7849,,1048615.7102,
002188.SZ,20260331,4.2159,5.4979,,217196.9657,
000778.SZ,20260331,1.5849,2.6544,,1830990.2157,
920027.BJ,20260331,25.5307,28.1744,,172505.223,
300593.SZ,20260331,2.929,3.1102,,1233641.5185,
603530.SH,20260331,0.8781,4.167,,2417433.62,
688357.SH,20260331,1.5702,2.5121,,332699.0844,
301389.SZ,20260331,10.9756,11.3089,,1391985.0,
002107.SZ,20260331,1.5877,3.2256,,372877.4016,
603833.SH,20260331,0.2822,1.0992,,3246784.7811,
600545.SH,20260331,5.8688,10.8736,,650800.0488,
002676.SZ,20260331,1.2139,1.9645,,465840.0,
600758.SH,20260331,19.7156,39.3445,,602839.9317,
000524.SZ,20260331,3.4657,11.2591,,720474.2418,
000566.SZ,20260331,2.4536,3.9695,,705766.6285,
920753.BJ,20260331,1.3956,1.9963,,148155.9498,
920088.BJ,20260331,23.4101,24.982,,508436.7695,
002320.SZ,20260331,1.8234,6.6023,,1913414.0069,
600499.SH,20260331,1.4614,2.5462,,3047473.8053,
002852.SZ,20260331,2.5928,3.75,,336401.0023,
301586.SZ,20260331,1.2752,1.7452,,350737.4512,
600871.SH,20260331,1.0449,5.021,,5383801.0166,
002067.SZ,20260331,1.8995,1.9649,,728577.8034,
688267.SH,20260331,0.9238,1.621,,486312.0,
301150.SZ,20260331,4.9374,9.3166,,1304474.7809,
600685.SH,20260331,1.6094,3.8873,,4039801.2283,
600099.SH,20260331,5.2362,9.0441,,248043.84,
920819.BJ,20260331,0.5007,1.2932,,437610.6,
688466.SH,20260331,1.0035,2.2962,,211082.3747,
603815.SH,20260331,1.4378,2.8891,,370116.6925,
300443.SZ,20260331,7.303,8.1663,,901819.1626,
603938.SH,20260331,2.9395,8.7861,,922125.0378,
688208.SH,20260331,0.9258,1.4842,,2107727.0635,
300422.SZ,20260331,1.4243,2.3498,,263736.9122,
300127.SZ,20260331,2.0363,4.3992,,919674.5406,
002653.SZ,20260331,0.6996,1.6584,,6078914.7412,
600169.SH,20260331,1.3467,2.7737,,820040.2767,
002692.SZ,20260331,9.0621,12.708,,435914.622,
000688.SZ,20260331,3.7157,10.9875,,4606358.1732,
688066.SH,20260331,4.8897,6.882,,513672.0978,
688628.SH,20260331,0.7369,1.5319,,473223.9676,
603696.SH,20260331,7.9797,19.8009,,400545.6,
300429.SZ,20260331,1.9684,2.2212,,662335.9673,
301556.SZ,20260331,3.9891,4.6974,,698443.2,
688818.SH,20260331,18.7967,18.7967,,10550075.7079,
000425.SZ,20260331,1.08,1.188,,11842604.678,
600325.SH,20260331,1.0903,1.5168,,988022.6096,
605376.SH,20260331,2.9581,4.696,,2412475.2,
600996.SH,20260331,8.7593,16.5353,,1289191.049,
600132.SH,20260331,0.6431,1.6078,,2743148.7503,
002096.SZ,20260331,1.6497,4.4354,,1430228.2078,
600845.SH,20260331,1.2418,3.8014,,6602791.2446,
000153.SZ,20260331,2.2818,3.2129,,304833.7024,
002086.SZ,20260331,3.1484,3.1484,,415296.658,
300020.SZ,20260331,2.383,2.5595,,332175.3931,
605567.SH,20260331,2.1783,3.5251,,221000.0,
000506.SZ,20260331,4.3271,6.4585,,1575614.1227,
600603.SH,20260331,1.7655,4.1271,,791177.2271,
000925.SZ,20260331,3.9291,3.9291,,493749.9963,
688326.SH,20260331,1.137,2.1432,,1354013.4974,
605222.SH,20260331,5.921,15.8384,,948025.513,
688536.SH,20260331,4.343,6.755,,2373931.7792,
000505.SZ,20260331,3.1858,6.9336,,503776.5239,
688203.SH,20260331,0.8929,1.5969,,242200.2913,
300722.SZ,20260331,1.1416,3.3432,,809235.9475,
688981.SH,20260331,1.4695,1.6328,,75253695.7115,
300584.SZ,20260331,9.1479,13.0601,,528960.0,
003040.SZ,20260331,0.8259,1.5796,,735511.8753,
688032.SH,20260331,2.4222,6.5776,,1548685.9887,
605128.SH,20260331,0.8131,1.2905,,671843.3625,
000983.SZ,20260331,2.4104,5.6436,,3792303.5074,
688338.SH,20260331,0.7773,1.2955,,312589.368,
002638.SZ,20260331,3.8688,5.6155,,607679.4096,
301195.SZ,20260331,1.0851,2.2801,,403209.2215,
002081.SZ,20260331,0.7044,1.3919,,892188.7595,
300423.SZ,20260331,5.0513,6.0117,,405969.2126,
603102.SH,20260331,0.8238,1.47,,263680.0,
300359.SZ,20260331,1.2515,1.9834,,310333.3768,
002452.SZ,20260331,7.5603,7.9399,,633359.0588,
688088.SH,20260331,1.0232,1.7329,,1540093.1656,
002853.SZ,20260331,2.3935,3.6092,,449790.3161,
920086.BJ,20260331,7.4268,7.4268,,261416.32,
002044.SZ,20260331,1.6908,2.2338,,2203724.9586,
000151.SZ,20260331,1.1837,1.7945,,410560.3546,
603527.SH,20260331,4.1821,6.7757,,353739.8592,
688655.SH,20260331,6.543,11.8643,,310398.53,
600988.SH,20260331,4.7839,5.5978,,8200274.2331,
002548.SZ,20260331,2.4797,3.6023,,439760.2124,
301131.SZ,20260331,3.3146,3.8053,,227395.7213,
000605.SZ,20260331,1.4806,2.5156,,244392.4098,
000913.SZ,20260331,6.5122,12.3554,,877831.3645,
601233.SH,20260331,1.434,2.4238,,4294097.6895,
920357.BJ,20260331,1.1743,1.995,,169529.36,
000967.SZ,20260331,1.9457,5.8824,,2695069.2615,
600062.SH,20260331,0.795,2.0169,,1928647.7229,
601111.SH,20260331,0.7125,2.2179,,11742787.333,
601216.SH,20260331,0.8248,2.1957,,4649347.5819,
002175.SZ,20260331,2.7023,3.3447,,397078.8061,
688576.SH,20260331,1.7531,1.761,,309673.4084,
301040.SZ,20260331,8.6196,13.1961,,288302.9724,
605186.SH,20260331,1.1985,2.4094,,264112.0,
688603.SH,20260331,8.0563,8.0786,,984700.117,
688321.SH,20260331,2.2819,2.7357,,1265483.257,
605368.SH,20260331,0.9369,2.2598,,586716.0862,
688359.SH,20260331,1.1765,1.9272,,754880.5385,
603058.SH,20260331,1.5757,3.2405,,489716.7278,
002922.SZ,20260331,5.9955,8.0801,,1493917.6177,
603786.SH,20260331,0.8945,4.2762,,2202634.4418,
301585.SZ,20260331,0.7274,0.7274,,287248.0,
920271.BJ,20260331,0.9492,1.6329,,180928.209,
003003.SZ,20260331,4.3801,5.4421,,232033.36,
300424.SZ,20260331,2.5154,2.958,,404722.5178,
002533.SZ,20260331,4.2017,5.6107,,969536.1429,
000761.SZ,20260331,0.4094,2.705,,1335176.7822,
300712.SZ,20260331,2.551,4.4811,,551760.435,
688692.SH,20260331,1.6521,2.336,,2373283.92,
000935.SZ,20260331,0.4568,1.2317,,1906310.5115,
002150.SZ,20260331,9.7963,19.1641,,1147562.7935,
301191.SZ,20260331,6.6948,10.5787,,873709.2,
688439.SH,20260331,1.1026,2.751,,991200.0,
000915.SZ,20260331,1.0462,1.5321,,730879.9017,
600243.SH,20260331,1.3629,1.5118,,131216.15,
300759.SZ,20260331,3.915,5.8661,,5140719.5911,
601059.SH,20260331,0.1824,0.8553,,5286090.0,
600054.SH,20260331,1.9094,4.5227,,948193.272,
603579.SH,20260331,1.8112,3.5703,,399088.9425,
002528.SZ,20260331,0.5837,1.2455,,454297.8561,
002271.SZ,20260331,1.8636,1.9439,,3657099.4948,
301152.SZ,20260331,5.2031,5.7279,,331878.3196,
688520.SH,20260331,0.6361,2.675,,1795593.5988,
002823.SZ,20260331,1.9307,2.313,,480075.4034,
301070.SZ,20260331,6.1776,7.2135,,572959.484,
000545.SZ,20260331,8.9924,10.548,,311839.2583,
920062.BJ,20260331,2.7011,3.1024,,195499.703,
600643.SH,20260331,3.7165,7.4357,,745603.9241,
600875.SH,20260331,2.4285,4.3156,,12121552.9426,
002299.SZ,20260331,0.7687,1.6356,,2200307.7462,
603613.SH,20260331,0.8979,1.3726,,1788374.8519,
600688.SH,20260331,0.6683,2.6239,,3036273.84,
688153.SH,20260331,0.5894,1.7294,,1415299.4833,
002806.SZ,20260331,5.0339,5.4318,,263474.1944,
000020.SZ,20260331,6.9399,20.3195,,451075.8346,
300927.SZ,20260331,5.7767,15.2389,,390060.72,
600257.SH,20260331,4.4362,6.1695,,315691.5953,
002061.SZ,20260331,0.9156,1.8943,,1050999.7153,
603816.SH,20260331,0.3843,0.6932,,2743648.0735,
002878.SZ,20260331,4.9456,8.598,,454555.6463,
605136.SH,20260331,1.5005,3.0029,,401659.8755,
300291.SZ,20260331,1.3118,2.1034,,629182.2869,
002232.SZ,20260331,1.4602,3.2975,,726399.153,
688279.SH,20260331,0.9461,1.9296,,1753302.5525,
000546.SZ,20260331,13.2295,20.0056,,513247.8529,
002169.SZ,20260331,2.6205,3.3571,,1113787.9258,
002977.SZ,20260331,4.2255,5.7596,,329369.04,
688065.SH,20260331,0.7555,1.3518,,3566778.0313,
002563.SZ,20260331,1.2747,3.1668,,1462890.9569,
300044.SZ,20260331,4.9429,5.1736,,595054.1286,
603219.SH,20260331,0.8435,4.0156,,867363.0,
002264.SZ,20260331,2.9072,4.6909,,597443.379,
688687.SH,20260331,1.7644,2.3341,,342743.5661,
300615.SZ,20260331,7.0576,10.8336,,264337.5456,
688459.SH,20260331,2.7572,3.8365,,453600.0,
603688.SH,20260331,1.8862,3.961,,2229547.8375,
688582.SH,20260331,1.1537,1.5582,,2310803.0501,
300489.SZ,20260331,6.0607,10.8219,,660003.571,
600000.SH,20260331,0.29,0.8041,,33905343.3894,
301156.SZ,20260331,2.1883,3.7194,,260874.0028,
601901.SH,20260331,0.871,1.8334,,5589596.8472,
002026.SZ,20260331,1.0274,1.6154,,560797.1583,
688249.SH,20260331,1.9917,2.9381,,5296026.8967,
002412.SZ,20260331,1.9139,3.3334,,335634.4,
601777.SH,20260331,0.421,1.013,,4462325.7701,
920699.BJ,20260331,0.4826,0.7979,,168539.8582,
301360.SZ,20260331,3.8198,4.3131,,355351.08,
000333.SZ,20260331,1.0142,1.4839,,58051013.6801,
605228.SH,20260331,3.2854,9.4987,,662192.6509,
300511.SZ,20260331,2.9032,2.9779,,444106.9821,
301148.SZ,20260331,1.217,1.9007,,572233.657,
000610.SZ,20260331,2.4168,3.2975,,215914.0857,
300497.SZ,20260331,23.5463,25.5553,,977647.8152,
002570.SZ,20260331,2.027,2.3108,,551902.1432,
600793.SH,20260331,0.973,2.1004,,322142.1876,
920580.BJ,20260331,1.371,1.8941,,109220.0,
002229.SZ,20260331,8.4469,8.4469,,885205.6146,
000619.SZ,20260331,3.0524,4.5859,,262936.6233,
002790.SZ,20260331,1.6287,2.9811,,324268.9048,
300097.SZ,20260331,10.0514,11.5571,,222183.2451,
601918.SH,20260331,2.7947,5.2422,,1953268.5172,
002985.SZ,20260331,1.957,3.6517,,1202305.5928,
002538.SZ,20260331,0.4297,0.6367,,587246.3649,
603053.SH,20260331,0.6463,3.4014,,893334.45,
603679.SH,20260331,4.2592,6.4103,,231943.1097,
600619.SH,20260331,1.6806,2.568,,1713057.672,
300679.SZ,20260331,1.8991,2.5361,,1434617.14,
603757.SH,20260331,9.4418,21.7184,,752158.5483,
603516.SH,20260331,1.8303,2.6459,,2813436.2496,
600771.SH,20260331,1.0466,1.2337,,827729.5194,
000962.SZ,20260331,4.7784,8.1179,,2342450.5972,
002920.SZ,20260331,0.812,1.6131,,6199654.9461,
605500.SH,20260331,0.9948,4.2053,,376275.2,
688039.SH,20260331,1.4051,2.6699,,449926.5928,
300852.SZ,20260331,5.9143,12.7481,,638874.2367,
002652.SZ,20260331,4.9946,7.1347,,238109.76,
920662.BJ,20260331,2.5142,2.6911,,209069.4048,
600575.SH,20260331,2.2885,6.2312,,2752048.1933,
000509.SZ,20260331,5.567,9.3637,,438909.3733,
603081.SH,20260331,0.8394,1.438,,493056.5069,
601698.SH,20260331,1.5854,7.207,,13940471.8596,
002847.SZ,20260331,0.6795,1.6803,,1619077.3642,
920504.BJ,20260331,2.5396,3.1347,,92256.1699,
301536.SZ,20260331,3.2199,3.4493,,2855433.8359,
300977.SZ,20260331,2.1641,5.2861,,286490.7002,
300185.SZ,20260331,9.5642,11.5615,,1344041.9996,
002746.SZ,20260331,1.8252,2.8141,,512881.0813,
301003.SZ,20260331,3.0114,5.7073,,492174.5476,
600066.SH,20260331,1.5107,2.5892,,7939186.0537,
301068.SZ,20260331,1.3692,2.0793,,423381.963,
300870.SZ,20260331,2.9456,6.3071,,2651407.5412,
920082.BJ,20260331,2.4573,2.4676,,216288.24,
600782.SH,20260331,1.6217,3.0428,,1136695.9072,
301018.SZ,20260331,4.8425,9.2212,,2434913.0657,
300259.SZ,20260331,1.7043,3.0666,,527580.4837,
603676.SH,20260331,0.4567,1.9239,,461271.19,
605303.SH,20260331,2.5102,5.9594,,263945.6369,
301413.SZ,20260331,5.3749,5.3749,,1135165.299,
688539.SH,20260331,3.1766,4.0103,,667266.88,
688479.SH,20260331,3.8181,4.8533,,455610.0318,
000552.SZ,20260331,4.034,7.1059,,1412878.0079,
688719.SH,20260331,3.0201,3.0201,,495464.9849,
002709.SZ,20260331,6.6445,7.8222,,9377384.0224,
920857.BJ,20260331,0.8595,2.8681,,173398.7571,
000068.SZ,20260331,1.0346,1.8165,,341261.6263,
301135.SZ,20260331,1.4109,1.9468,,273843.072,
603026.SH,20260331,11.4266,16.8029,,2016354.2863,
002079.SZ,20260331,1.7211,2.2391,,754677.5525,
688335.SH,20260331,1.5313,2.8706,,501393.1631,
002558.SZ,20260331,1.8854,3.1411,,5994372.4565,
603205.SH,20260331,1.3342,1.3342,,400452.0,
600458.SH,20260331,3.1828,5.752,,1084327.8508,
002584.SZ,20260331,2.0693,2.1395,,456468.8092,
002318.SZ,20260331,0.6204,0.9936,,2958872.9402,
000823.SZ,20260331,3.215,4.6253,,679306.9013,
920429.BJ,20260331,1.161,2.2794,,156715.284,
000551.SZ,20260331,1.7102,2.6551,,641786.5529,
600792.SH,20260331,6.587,20.1995,,509454.9324,
603382.SH,20260331,2.2633,2.2633,,491372.4586,
300176.SZ,20260331,2.8081,3.749,,273420.2448,
000016.SZ,20260331,3.1355,4.6674,,789806.0938,
300339.SZ,20260331,1.7205,1.8177,,3088481.2414,
600287.SH,20260331,1.5231,3.2666,,255525.7033,
688387.SH,20260331,4.3515,7.7462,,5100775.0,
600151.SH,20260331,4.5685,7.336,,1960622.8763,
000536.SZ,20260331,1.2932,2.2289,,1161733.7773,
688269.SH,20260331,0.826,1.1118,,488440.848,
002885.SZ,20260331,4.8704,7.0261,,638822.2105,
001388.SZ,20260331,2.8276,2.8276,,621816.0,
002289.SZ,20260331,0.5206,0.8681,,744073.6611,
600901.SH,20260331,0.7165,1.8119,,3892134.2416,
002353.SZ,20260331,5.4195,6.5166,,9910924.4634,
300435.SZ,20260331,2.5769,3.8928,,990125.271,
300084.SZ,20260331,5.6129,6.0599,,548044.3111,
002365.SZ,20260331,2.1843,2.4184,,406956.5325,
300653.SZ,20260331,1.2831,2.2766,,351000.0,
002206.SZ,20260331,2.0958,2.3829,,704297.5753,
603045.SH,20260331,2.1262,2.8449,,381955.3371,
002363.SZ,20260331,1.6498,2.8581,,332265.5549,
688535.SH,20260331,4.0589,4.0617,,995764.5438,
600640.SH,20260331,0.6663,2.1761,,942103.993,
002695.SZ,20260331,1.7801,4.8692,,621140.2391,
301315.SZ,20260331,2.4223,2.4223,,420640.0,
000628.SZ,20260331,3.5335,4.1089,,1788173.28,
003029.SZ,20260331,1.0667,1.6877,,411636.6026,
300571.SZ,20260331,6.7795,8.6583,,447885.8237,
000338.SZ,20260331,1.9845,2.0154,,21118850.5607,
688512.SH,20260331,2.6877,2.6877,,529867.427,
002735.SZ,20260331,3.1632,3.6343,,545244.5749,
603096.SH,20260331,1.0382,2.5841,,267751.3073,
688596.SH,20260331,1.4258,1.7233,,819155.1497,
301491.SZ,20260331,1.6642,1.6642,,629907.0,
300547.SZ,20260331,2.6745,3.0727,,646380.3985,
603391.SH,20260331,3.6585,3.6585,,596960.0,
003043.SZ,20260331,5.0812,7.2409,,745437.3443,
300062.SZ,20260331,4.0505,4.6708,,526627.6413,
600761.SH,20260331,2.0074,3.1286,,1605028.3553,
300070.SZ,20260331,0.9934,1.7713,,1409817.4422,
300981.SZ,20260331,3.5595,11.6906,,563099.6912,
300407.SZ,20260331,3.6841,4.7032,,414772.4789,
301307.SZ,20260331,5.8285,6.562,,811652.4,
601727.SH,20260331,0.7356,1.6849,,12369936.8223,
600897.SH,20260331,1.126,3.5185,,680853.222,
002131.SZ,20260331,10.5053,11.044,,5288759.167,
300899.SZ,20260331,4.5399,7.6613,,234468.021,
301680.SZ,20260331,23.4473,23.4473,,861120.0,
600497.SH,20260331,1.9885,3.3452,,3961739.0596,
002917.SZ,20260331,3.9948,5.9156,,467541.095,
002641.SZ,20260331,0.8043,1.9572,,512532.1442,
600127.SH,20260331,18.0316,22.9224,,481979.1967,
601011.SH,20260331,5.0374,7.3311,,660904.266,
300129.SZ,20260331,8.8492,9.3163,,1397155.0887,
600185.SH,20260331,1.4463,2.6273,,1070683.2916,
600738.SH,20260331,1.3375,2.7697,,366963.5838,
603999.SH,20260331,1.1943,2.8326,,393984.0,
600751.SH,20260331,1.7495,3.4517,,1145238.4243,
920270.BJ,20260331,0.8972,2.5786,,161108.64,
002622.SZ,20260331,1.9984,2.6229,,231840.0,
002916.SZ,20260331,1.2938,3.6092,,14952287.9268,
600576.SH,20260331,1.9566,2.913,,626401.7734,
600775.SH,20260331,3.4966,5.3504,,1220888.2747,
300092.SZ,20260331,2.7625,3.6096,,418828.6814,
600710.SH,20260331,1.0822,2.7371,,1617755.7993,
688519.SH,20260331,2.7479,6.834,,3046858.064,
300818.SZ,20260331,1.9058,2.3217,,575345.807,
600798.SH,20260331,1.6747,3.0387,,459689.5306,
300464.SZ,20260331,7.5543,11.0164,,360761.8944,
601528.SH,20260331,1.4877,1.5471,,1047794.1849,
601588.SH,20260331,1.4393,2.8335,,595962.54,
301201.SZ,20260331,17.6605,24.2415,,799870.4701,
603967.SH,20260331,1.4717,4.3328,,463840.058,
000159.SZ,20260331,3.141,4.0699,,312445.8955,
001396.SZ,20260331,7.14,7.14,,475608.8488,
688030.SH,20260331,1.4959,2.5997,,263144.2797,
002418.SZ,20260331,5.0724,6.5561,,540926.4,
603660.SH,20260331,6.2628,8.1035,,560815.6088,
301189.SZ,20260331,3.3998,9.3146,,543455.0951,
600778.SH,20260331,2.7961,4.5446,,202469.3788,
688665.SH,20260331,0.3206,1.0167,,437252.1055,
002008.SZ,20260331,2.6052,3.2333,,6309409.6842,
002717.SZ,20260331,2.3322,2.4899,,296698.07,
601211.SH,20260331,0.4712,0.5827,,29246387.9503,
300258.SZ,20260331,2.4308,3.8436,,691525.8412,
001255.SZ,20260331,1.9421,5.0354,,318780.0713,
300978.SZ,20260331,2.3218,2.8608,,454405.4444,
688786.SH,20260331,1.1851,1.9235,,429818.209,
600711.SH,20260331,4.7938,5.8426,,3915804.8351,
603719.SH,20260331,0.6287,1.4412,,405812.0,
300730.SZ,20260331,9.0216,11.6397,,335906.5532,
000100.SZ,20260331,1.6319,1.684,,8881968.2649,
300272.SZ,20260331,4.7828,5.8962,,492844.3944,
600239.SH,20260331,1.1714,1.9882,,345222.6854,
000759.SZ,20260331,2.6049,4.092,,373629.4648,
000539.SZ,20260331,6.9143,19.4031,,3092417.2678,
002818.SZ,20260331,4.5847,9.2135,,804593.3605,
000548.SZ,20260331,1.5531,2.2947,,275067.9119,
301211.SZ,20260331,0.977,3.1585,,502790.4,
920368.BJ,20260331,3.3409,5.3629,,794966.5698,
002339.SZ,20260331,5.4552,6.5648,,528792.7954,
300522.SZ,20260331,1.1512,1.8981,,353084.4002,
301096.SZ,20260331,2.0825,2.4742,,555316.5959,
920961.BJ,20260331,2.7586,3.5295,,314677.6391,
688353.SH,20260331,6.7067,14.7792,,1921975.0,
002989.SZ,20260331,1.177,2.4174,,520550.157,
301153.SZ,20260331,5.135,12.1371,,876480.8407,
002880.SZ,20260331,0.7521,2.7349,,610772.4,
603031.SH,20260331,1.9788,2.7374,,1190634.8941,
002792.SZ,20260331,23.1556,27.7551,,2333689.5137,
603040.SH,20260331,0.8033,1.743,,1083596.2701,
300617.SZ,20260331,4.0337,6.3126,,923820.2268,
600863.SH,20260331,0.917,1.9608,,4011617.0547,
301159.SZ,20260331,5.9538,8.9891,,326417.0,
688659.SH,20260331,2.0721,3.7688,,155200.0,
300881.SZ,20260331,2.856,5.4221,,451000.0,
002120.SZ,20260331,0.6402,1.4492,,1959859.924,
688680.SH,20260331,3.7412,5.7049,,432449.8267,
600817.SH,20260331,1.1625,3.9754,,587701.3893,
920810.BJ,20260331,1.3564,2.3084,,103859.7,
002542.SZ,20260331,2.1128,3.6163,,592406.2901,
300608.SZ,20260331,2.2882,3.5013,,355420.1702,
300889.SZ,20260331,2.796,3.1934,,550127.2458,
603108.SH,20260331,1.7029,2.4058,,762450.0591,
002850.SZ,20260331,9.6009,11.0142,,4935493.4668,
002777.SZ,20260331,1.3623,2.221,,670315.3644,
600211.SH,20260331,0.6352,1.4045,,1307971.2974,
688345.SH,20260331,3.9958,14.0652,,386492.2395,
002388.SZ,20260331,2.9249,3.2888,,254327.4048,
688788.SH,20260331,0.8761,2.0073,,847906.1752,
002256.SZ,20260331,10.7319,14.2919,,789602.1321,
002896.SZ,20260331,3.7323,7.0752,,1472937.4117,
000767.SZ,20260331,16.7191,32.1724,,1301546.5586,
600123.SH,20260331,4.0111,7.3562,,966445.4538,
000631.SZ,20260331,5.0062,17.4946,,982100.0363,
300602.SZ,20260331,2.6666,3.5538,,1729298.1169,
002097.SZ,20260331,3.8326,5.6548,,1102557.3129,
603669.SH,20260331,1.3816,3.1751,,331773.2226,
300826.SZ,20260331,1.2445,2.1644,,284604.2026,
688598.SH,20260331,1.8239,2.0733,,461435.0369,
688266.SH,20260331,1.9407,2.9631,,2615316.8777,
603195.SH,20260331,0.1768,1.0474,,7566101.4165,
603200.SH,20260331,2.4881,5.0814,,1002868.7886,
920237.BJ,20260331,0.711,1.9615,,160431.4296,
601366.SH,20260331,0.9919,1.6502,,384421.0352,
600588.SH,20260331,0.8624,1.6485,,3977384.9841,
002855.SZ,20260331,2.0307,5.5789,,299646.3333,
002865.SZ,20260331,6.4306,10.0989,,2240493.0423,
002012.SZ,20260331,2.5814,3.3058,,300215.5517,
301021.SZ,20260331,2.1708,3.6675,,790096.0612,
300102.SZ,20260331,11.1205,17.3679,,2971758.0436,
300088.SZ,20260331,1.5265,1.7137,,1471165.078,
002261.SZ,20260331,6.7074,7.4752,,4306103.9781,
000719.SZ,20260331,1.2854,2.8259,,1361884.1899,
300568.SZ,20260331,6.5248,6.7616,,1992997.4564,
603068.SH,20260331,1.0561,1.7308,,469022.8157,
000882.SZ,20260331,2.1806,3.0374,,448925.7193,
001238.SZ,20260331,0.5303,1.7044,,532600.92,
600493.SH,20260331,4.0483,6.044,,205360.0,
920489.BJ,20260331,1.1418,1.1418,,184629.2976,
301371.SZ,20260331,0.9584,0.9584,,1166073.168,
001278.SZ,20260331,4.096,6.808,,262809.7416,
300797.SZ,20260331,0.649,1.8052,,557635.002,
600537.SH,20260331,11.4214,11.4214,,435607.1266,
301631.SZ,20260331,2.2922,2.2922,,767882.472,
301333.SZ,20260331,5.9275,15.1787,,663030.3224,
688368.SH,20260331,1.9221,5.5647,,1610660.8375,
301200.SZ,20260331,1.8312,12.3889,,7842834.7354,
002372.SZ,20260331,0.3867,0.9463,,1786266.6225,
300002.SZ,20260331,1.2441,1.264,,1833406.0431,
002063.SZ,20260331,3.5673,4.676,,1233902.3459,
920100.BJ,20260331,3.1473,3.1473,,357089.3934,
300311.SZ,20260331,1.8001,2.0331,,343551.3765,
003009.SZ,20260331,3.3365,7.8066,,951078.3715,
002689.SZ,20260331,0.9534,1.9565,,383938.3468,
600578.SH,20260331,0.9263,4.5229,,3400867.4756,
300685.SZ,20260331,2.3452,3.0264,,878998.6433,
600621.SH,20260331,0.8785,1.9633,,1481015.4116,
688090.SH,20260331,1.4938,2.2303,,603039.6754,
301636.SZ,20260331,23.1854,23.1854,,424848.7586,
300404.SZ,20260331,4.71,5.2329,,382776.1347,
601155.SH,20260331,0.8462,2.58,,3160127.6213,
603366.SH,20260331,4.6119,11.6684,,755321.6858,
300480.SZ,20260331,6.1941,7.084,,951934.2662,
000785.SZ,20260331,0.8385,2.5774,,1525626.9594,
001328.SZ,20260331,3.5639,3.5639,,545790.946,
603823.SH,20260331,0.8772,2.7575,,643704.4704,
002371.SZ,20260331,0.9605,1.7922,,32400017.9352,
601669.SH,20260331,1.9925,3.2202,,9887815.4577,
920212.BJ,20260331,0.9765,1.71,,119150.3,
301310.SZ,20260331,8.5698,9.9876,,551270.2743,
002225.SZ,20260331,1.4416,1.7042,,602804.3564,
002644.SZ,20260331,5.1007,13.5761,,451931.445,
301296.SZ,20260331,0.6579,1.5649,,327085.1984,
002998.SZ,20260331,1.9432,2.9681,,282025.9812,
603227.SH,20260331,6.9358,12.5957,,1058832.3767,
603368.SH,20260331,0.8167,1.0952,,674862.0921,
002292.SZ,20260331,2.0089,2.4101,,1137120.067,
000736.SZ,20260331,0.5748,1.2016,,375790.4957,
002480.SZ,20260331,2.8722,4.0773,,480730.4188,
603088.SH,20260331,3.7989,7.0185,,596334.5156,
002995.SZ,20260331,11.8481,15.9841,,437602.7477,
300776.SZ,20260331,2.5963,3.3311,,1998852.3373,
600293.SH,20260331,2.6026,3.6345,,379367.43,
301049.SZ,20260331,2.983,4.9739,,207922.8548,
300228.SZ,20260331,4.9838,5.0717,,554410.9095,
002791.SZ,20260331,2.887,3.646,,700338.4407,
688388.SH,20260331,5.3491,6.7049,,1852368.2286,
300554.SZ,20260331,3.4814,3.9997,,243499.0822,
605133.SH,20260331,0.8033,1.7575,,746510.5613,
300091.SZ,20260331,0.66,1.0303,,849771.475,
601033.SH,20260331,4.6201,4.6201,,1338300.0,
301038.SZ,20260331,1.0588,3.3357,,456644.76,
301239.SZ,20260331,2.158,4.1203,,528155.2394,
300606.SZ,20260331,7.8422,11.3983,,472319.478,
301031.SZ,20260331,2.9291,3.7431,,1359013.3186,
300907.SZ,20260331,1.6671,4.3301,,265536.0,
000868.SZ,20260331,1.7698,2.6438,,433116.2928,
603616.SH,20260331,6.1716,9.5848,,250443.52,
688789.SH,20260331,2.2258,4.2119,,1179055.1959,
301259.SZ,20260331,2.0973,2.443,,485004.0,
300452.SZ,20260331,2.6723,3.2456,,350743.175,
000571.SZ,20260331,1.7826,2.5138,,483338.304,
600581.SH,20260331,4.4565,8.9169,,427678.5057,
000721.SZ,20260331,1.4083,2.1787,,449948.8175,
002165.SZ,20260331,10.2138,12.7545,,721299.7101,
300842.SZ,20260331,4.1381,4.6293,,1182431.8283,
002263.SZ,20260331,24.7474,34.3263,,847140.4051,
603885.SH,20260331,1.2304,2.8824,,2618622.3163,
603511.SH,20260331,0.3366,2.402,,553145.2878,
300676.SZ,20260331,1.1365,1.838,,1666993.5439,
000607.SZ,20260331,1.1726,2.1948,,428451.0306,
002870.SZ,20260331,3.0137,5.3755,,472434.55,
600501.SH,20260331,2.48,4.6045,,971160.934,
300579.SZ,20260331,1.5814,3.317,,728460.0,
920121.BJ,20260331,1.5374,1.5374,,238836.4815,
688584.SH,20260331,0.8851,2.0158,,1253058.0787,
300080.SZ,20260331,4.1807,9.8541,,932943.4571,
002990.SZ,20260331,5.5781,8.8708,,766441.2079,
688593.SH,20260331,2.5683,3.4229,,1360207.0595,
300326.SZ,20260331,1.5679,1.9138,,449566.9516,
002656.SZ,20260331,2.3664,2.9776,,220168.6318,
002589.SZ,20260331,2.7688,3.3828,,469469.667,
002945.SZ,20260331,0.4602,4.6019,,4193100.0,
600328.SH,20260331,3.775,6.9493,,1271290.3651,
600970.SH,20260331,0.6253,1.5175,,2708339.5683,
002892.SZ,20260331,1.0394,1.2713,,807822.7318,
000400.SZ,20260331,1.7068,2.761,,2767596.6505,
603359.SH,20260331,1.6167,2.9972,,272118.56,
301028.SZ,20260331,1.2984,2.8535,,533445.0166,
002148.SZ,20260331,1.6479,1.7653,,417563.5355,
300220.SZ,20260331,1.3646,2.7175,,209563.2,
300702.SZ,20260331,3.193,4.6576,,813570.5977,
001319.SZ,20260331,2.7272,3.5953,,346005.8,
000715.SZ,20260331,2.0625,3.2889,,315613.8192,
603535.SH,20260331,0.5022,1.4718,,430193.1539,
300001.SZ,20260331,1.7767,2.6372,,2871062.5794,
000887.SZ,20260331,0.9544,1.6048,,2364415.5856,
605577.SH,20260331,0.5442,2.6473,,564444.4452,
603106.SH,20260331,0.7677,1.7303,,464303.84,
688568.SH,20260331,1.7425,4.0606,,4929281.3632,
601101.SH,20260331,1.9149,5.2187,,1221118.2412,
000795.SZ,20260331,0.8226,1.5859,,991973.5901,
603567.SH,20260331,1.0129,2.665,,666225.5326,
301188.SZ,20260331,1.9737,3.1848,,455882.392,
603939.SH,20260331,0.5145,1.0632,,2958236.38,
300441.SZ,20260331,0.633,1.211,,456246.4345,
301349.SZ,20260331,5.303,12.8362,,525198.0,
603331.SH,20260331,2.7633,3.9037,,299219.9413,
301248.SZ,20260331,8.8183,10.0239,,696283.65,
002565.SZ,20260331,11.0644,14.5304,,1803041.1563,
603345.SH,20260331,3.0104,4.0138,,3108252.5798,
600375.SH,20260331,0.8689,0.9986,,811154.1117,
601699.SH,20260331,1.7398,4.6341,,4053359.466,
300667.SZ,20260331,4.6203,5.2177,,319846.129,
688787.SH,20260331,5.0919,8.0344,,799368.9602,
300755.SZ,20260331,2.1252,7.0891,,539337.1296,
600163.SH,20260331,10.2421,30.0919,,1450083.061,
301063.SZ,20260331,2.6018,4.2984,,244934.6192,
688757.SH,20260331,0.7211,0.988,,940522.3854,
688531.SH,20260331,2.0564,2.2066,,1087952.1792,
300318.SZ,20260331,0.6852,1.4755,,477886.7896,
300610.SZ,20260331,2.3245,2.5251,,238658.8578,
603915.SH,20260331,1.0075,2.8212,,966563.0106,
300510.SZ,20260331,4.7354,6.9444,,350493.5475,
301226.SZ,20260331,13.6433,28.2798,,466969.6,
300655.SZ,20260331,1.8599,2.1893,,1519332.5858,
300013.SZ,20260331,2.9952,3.2842,,214968.1742,
688059.SH,20260331,6.1878,9.6464,,1109853.1248,
688385.SH,20260331,1.6673,2.7176,,5488401.3848,
002481.SZ,20260331,0.7981,1.3181,,561331.9075,
603049.SH,20260331,2.7667,2.7667,,4202777.784,
603866.SH,20260331,0.6045,1.5809,,807858.1733,
920837.BJ,20260331,2.4517,7.3146,,196164.6336,
002678.SZ,20260331,1.703,10.2839,,740284.576,
603233.SH,20260331,0.3493,0.8842,,2024871.8631,
300827.SZ,20260331,14.1194,17.546,,2164416.8592,
688455.SH,20260331,5.1269,11.0922,,456539.3195,
301558.SZ,20260331,2.5234,2.5234,,635025.2345,
300912.SZ,20260331,5.1411,6.9909,,285711.534,
301511.SZ,20260331,6.3989,8.2732,,2455104.19,
688355.SH,20260331,2.4239,7.689,,262786.8726,
600019.SH,20260331,0.3233,0.8818,,13962316.3241,
603507.SH,20260331,8.6287,11.5548,,779594.5286,
600886.SH,20260331,0.257,0.8239,,11334363.875,
688171.SH,20260331,1.2743,2.3706,,395075.3544,
002666.SZ,20260331,1.9475,2.5371,,424731.6232,
000409.SZ,20260331,0.7842,1.2467,,694016.5171,
600395.SH,20260331,2.6222,5.6334,,1217136.3149,
300906.SZ,20260331,6.2439,12.5557,,267600.0,
601890.SH,20260331,3.3968,5.2827,,978588.0,
301498.SZ,20260331,1.109,2.2164,,2041210.0655,
300535.SZ,20260331,3.425,4.2341,,207297.4746,
000533.SZ,20260331,10.4417,16.8499,,983031.168,
003031.SZ,20260331,3.2482,7.1747,,3385151.7068,
002009.SZ,20260331,4.4617,5.4053,,959326.1987,
600106.SH,20260331,0.6722,0.9219,,719002.5585,
000586.SZ,20260331,4.513,6.7598,,299251.68,
688013.SH,20260331,4.5293,9.3666,,301655.3652,
601800.SH,20260331,0.2673,1.31,,12385004.2552,
600337.SH,20260331,2.2106,4.1154,,369308.5212,
920179.BJ,20260331,3.3166,4.5114,,299805.03,
688580.SH,20260331,1.1451,3.0373,,488720.8827,
300849.SZ,20260331,1.7545,2.8336,,291000.0,
002633.SZ,20260331,2.4789,5.1427,,262950.0,
301607.SZ,20260331,2.4085,2.991,,686181.0616,
300543.SZ,20260331,2.4676,2.7365,,293810.1093,
920992.BJ,20260331,2.6352,4.1312,,141420.6255,
002309.SZ,20260331,41.8719,44.6813,,1485786.7002,
688309.SH,20260331,5.5533,10.9286,,466641.2579,
002800.SZ,20260331,7.1747,14.2908,,348811.7765,
000755.SZ,20260331,0.4402,1.9411,,765935.9223,
002996.SZ,20260331,4.4052,6.1869,,476639.0272,
688486.SH,20260331,1.0034,2.0915,,767967.4483,
600012.SH,20260331,0.3863,1.8365,,2639774.4685,
002405.SZ,20260331,2.2987,2.5448,,2195220.8018,
600105.SH,20260331,9.1714,12.2079,,4055573.5807,
601999.SH,20260331,3.4746,10.6991,,431917.1248,
603969.SH,20260331,1.0201,1.7055,,803606.902,
002216.SZ,20260331,1.9477,3.969,,1112167.8207,
600547.SH,20260331,1.608,3.553,,18554966.3381,
001382.SZ,20260331,12.6644,12.6644,,899808.0,
002522.SZ,20260331,2.5333,3.3787,,514482.6918,
300861.SZ,20260331,1.6796,2.7062,,1050086.6077,
600561.SH,20260331,1.8751,3.1124,,190599.456,
300368.SZ,20260331,6.3696,9.0984,,611987.6006,
000553.SZ,20260331,0.8608,5.371,,1472441.0361,
601600.SH,20260331,3.1052,5.1235,,19556667.3128,
300631.SZ,20260331,2.2197,3.0223,,321736.73,
603199.SH,20260331,1.8024,3.2548,,426782.08,
301522.SZ,20260331,1.8473,2.8114,,1159480.2677,
688189.SH,20260331,1.744,3.1303,,209916.0,
002429.SZ,20260331,1.8833,4.0893,,4282485.8142,
000869.SZ,20260331,0.1703,0.7068,,1265844.4865,
001367.SZ,20260331,26.6669,26.6669,,387733.804,
603568.SH,20260331,0.3697,1.1533,,4290711.3,
688425.SH,20260331,2.3768,8.5771,,2874754.883,
688428.SH,20260331,6.8965,6.8965,,4768067.9583,
002273.SZ,20260331,1.9787,2.1764,,3064953.4151,
600487.SH,20260331,7.2015,10.0272,,12988021.6254,
002881.SZ,20260331,2.1047,2.9437,,1154873.6208,
301092.SZ,20260331,2.1644,3.5842,,437508.7436,
920720.BJ,20260331,1.5567,1.6108,,313366.4552,
600673.SH,20260331,1.282,2.6232,,9118951.8288,
688733.SH,20260331,1.4669,2.014,,513622.0135,
300143.SZ,20260331,4.4875,7.8567,,945807.9242,
002298.SZ,20260331,9.7413,10.0124,,772675.7806,
300292.SZ,20260331,3.8202,4.0858,,615870.1231,
688258.SH,20260331,2.2779,3.6614,,1289437.9706,
688073.SH,20260331,3.0042,4.6457,,503491.5319,
300855.SZ,20260331,1.0912,1.5458,,1431428.4985,
301215.SZ,20260331,0.9194,3.1531,,802283.4,
002839.SZ,20260331,1.1702,1.4789,,1097510.8933,
601916.SH,20260331,1.3162,1.98,,8239390.7889,
301632.SZ,20260331,2.5906,2.5906,,855955.2,
000949.SZ,20260331,3.2937,5.3539,,1085269.4489,
002380.SZ,20260331,2.9847,3.8075,,739414.2706,
603013.SH,20260331,0.5996,2.9584,,963584.2933,
603268.SH,20260331,1.7106,2.0375,,10892132.5597,
603739.SH,20260331,1.6013,3.8561,,371699.4042,
301178.SZ,20260331,6.1986,7.3754,,328380.9536,
002446.SZ,20260331,3.5926,3.69,,906261.5668,
600515.SH,20260331,0.7863,1.3113,,4135962.0759,
300148.SZ,20260331,2.6816,3.0526,,362395.1175,
603878.SH,20260331,1.5809,2.6033,,417486.3022,
002443.SZ,20260331,2.1556,2.7385,,435688.2302,
301141.SZ,20260331,3.4547,3.4547,,605527.1776,
300886.SZ,20260331,3.0416,3.8766,,214745.058,
600050.SH,20260331,0.4769,1.1283,,13912669.2705,
300149.SZ,20260331,4.3938,4.9953,,515392.7317,
603166.SH,20260331,1.0005,2.4505,,850967.558,
600156.SH,20260331,1.527,2.5583,,317265.3439,
002549.SZ,20260331,6.1364,11.1239,,1251626.2218,
002373.SZ,20260331,1.4457,1.989,,1512240.1218,
603860.SH,20260331,2.7501,5.1155,,210708.8,
002003.SZ,20260331,0.5251,0.7755,,1171056.3082,
603230.SH,20260331,1.1641,4.1149,,419985.324,
301289.SZ,20260331,0.7992,3.2597,,404664.0,
000920.SZ,20260331,3.2673,6.9964,,541151.1801,
300019.SZ,20260331,1.5072,2.763,,741024.9795,
300024.SZ,20260331,0.7921,1.0647,,2303026.9465,
920061.BJ,20260331,1.3051,2.5343,,156445.9,
300772.SZ,20260331,2.6654,4.4598,,1498944.878,
600392.SH,20260331,2.8802,3.9048,,3926331.5168,
600475.SH,20260331,1.0852,3.4497,,1665292.2999,
688543.SH,20260331,5.0187,5.0187,,1394438.221,
000898.SZ,20260331,0.5516,2.1353,,2220505.4381,
600546.SH,20260331,2.234,5.3075,,2200526.3154,
301231.SZ,20260331,3.9783,4.8294,,259108.0,
301551.SZ,20260331,1.7531,2.1119,,1126028.15,
600961.SH,20260331,2.158,3.4758,,1865725.6305,
603596.SH,20260331,1.2937,2.0741,,2666228.6643,
301137.SZ,20260331,3.8633,11.1221,,867431.7314,
605122.SH,20260331,2.0724,6.2428,,228024.342,
301012.SZ,20260331,4.4987,7.0522,,579259.8364,
600828.SH,20260331,1.2599,8.1726,,923146.697,
600165.SH,20260331,2.121,5.9549,,541321.0646,
000682.SZ,20260331,1.1681,1.9949,,1620938.9515,
920110.BJ,20260331,0.6161,0.9296,,131235.0,
688565.SH,20260331,1.8159,2.7896,,197044.68,
002721.SZ,20260331,1.3281,1.8998,,768560.4197,
603583.SH,20260331,0.576,1.2058,,1220965.0726,
600108.SH,20260331,10.6541,14.8145,,885846.3801,
600583.SH,20260331,1.1843,2.6547,,2878301.9748,
603308.SH,20260331,1.895,2.8916,,4191691.9503,
002197.SZ,20260331,3.2039,3.7268,,481046.1726,
688270.SH,20260331,8.7962,12.3435,,3173314.97,
300093.SZ,20260331,1.5561,1.9258,,1044900.0,
600026.SH,20260331,2.7554,7.6065,,12023485.8458,
002145.SZ,20260331,1.3768,2.1092,,1777715.9095,
300310.SZ,20260331,5.1343,5.1444,,519296.8748,
600338.SH,20260331,6.2707,6.786,,1555985.7059,
300255.SZ,20260331,1.4887,2.1446,,3435449.562,
002116.SZ,20260331,0.9743,1.8401,,478836.2824,
000027.SZ,20260331,2.4625,9.8563,,3306385.9916,
688685.SH,20260331,1.5506,2.4389,,620448.2931,
688191.SH,20260331,2.1419,4.1208,,1000961.2488,
603976.SH,20260331,1.0602,3.6832,,302709.9075,
688063.SH,20260331,5.654,8.1035,,1824736.7348,
002217.SZ,20260331,1.7687,2.4972,,1765138.147,
920689.BJ,20260331,3.3561,4.2187,,211979.2,
000532.SZ,20260331,1.2476,2.3583,,457427.9672,
002326.SZ,20260331,4.0541,5.0932,,2109291.0101,
002808.SZ,20260331,3.6216,4.0821,,126336.0,
603903.SH,20260331,1.7402,3.1591,,291319.5267,
300086.SZ,20260331,3.2694,4.6164,,374567.3903,
600298.SH,20260331,2.1438,3.4906,,3507299.7595,
600509.SH,20260331,2.9928,4.5647,,1124257.0789,
920020.BJ,20260331,1.4473,1.4473,,343266.07,
002224.SZ,20260331,2.8132,3.4744,,424896.7886,
002613.SZ,20260331,1.7249,2.27,,416014.9656,
300711.SZ,20260331,1.3607,4.0653,,687623.2657,
003007.SZ,20260331,2.3103,4.4601,,413694.66,
603337.SH,20260331,0.2517,0.7319,,1819416.2479,
300243.SZ,20260331,10.536,11.5325,,318331.6181,
688106.SH,20260331,8.2738,15.2381,,1258925.9013,
920300.BJ,20260331,2.1329,2.6489,,98294.9593,
001379.SZ,20260331,2.6509,2.7088,,423600.0,
688135.SH,20260331,3.2671,4.4517,,567111.3341,
300626.SZ,20260331,3.561,6.1443,,349380.0,
688583.SH,20260331,7.5173,7.5173,,1072734.0,
600523.SH,20260331,0.7674,1.4296,,557545.3103,
603895.SH,20260331,1.3245,2.5281,,280251.44,
002602.SZ,20260331,1.0812,1.3267,,11763608.9859,
002631.SZ,20260331,1.6508,3.4921,,528598.5501,
301091.SZ,20260331,0.7647,2.0444,,1105178.88,
600058.SH,20260331,1.124,3.0023,,1188748.9785,
002015.SZ,20260331,8.2268,15.8287,,2587579.4347,
688200.SH,20260331,3.128,4.9179,,3561813.153,
301261.SZ,20260331,2.7064,3.2304,,665768.2347,
002643.SZ,20260331,0.8805,1.6306,,1433355.6764,
001211.SZ,20260331,3.0178,5.2811,,200304.0,
002466.SZ,20260331,3.4745,5.1757,,9466247.1657,
603005.SH,20260331,2.5981,3.0845,,1719124.617,
002956.SZ,20260331,0.419,0.8989,,585799.8262,
600975.SH,20260331,0.8841,1.4735,,668569.0309,
000710.SZ,20260331,1.8256,2.3859,,364834.1519,
300147.SZ,20260331,1.8443,2.3867,,618957.1861,
603380.SH,20260331,0.5327,1.1964,,533948.3136,
002753.SZ,20260331,2.987,3.7118,,326222.5852,
002655.SZ,20260331,12.9763,14.9065,,655024.6558,
600585.SH,20260331,0.5175,1.0165,,12273184.773,
300451.SZ,20260331,1.3041,1.5169,,728088.6052,
301358.SZ,20260331,3.3515,5.9162,,5750146.9653,
605369.SH,20260331,0.3418,1.0657,,382996.2524,
002364.SZ,20260331,5.1936,8.7779,,1466396.0259,
300747.SZ,20260331,2.0597,3.5121,,1514073.6,
601065.SH,20260331,1.6733,2.1518,,535432.4738,
002501.SZ,20260331,8.3193,10.7426,,734850.0,
300540.SZ,20260331,3.3341,5.1011,,454297.4787,
603856.SH,20260331,0.9378,2.3771,,365262.5977,
301090.SZ,20260331,0.689,3.8573,,1108763.4538,
000426.SZ,20260331,3.8994,5.3662,,7141606.9423,
688235.SH,20260331,2.7148,2.7148,,36012972.0047,
002085.SZ,20260331,1.2593,2.0833,,2987479.6106,
600600.SH,20260331,0.7026,1.639,,8438911.0185,
000568.SZ,20260331,0.6115,1.2463,,15408288.4687,
605388.SH,20260331,2.3107,7.0566,,405927.184,
605255.SH,20260331,1.4275,5.71,,1327526.08,
603618.SH,20260331,20.9888,44.722,,1969729.13,
600790.SH,20260331,0.7606,1.2624,,549671.598,
603817.SH,20260331,5.5028,10.66,,424712.6091,
002620.SZ,20260331,25.081,35.5463,,351069.42,
603228.SH,20260331,2.7949,6.5587,,5552372.8355,
600100.SH,20260331,0.9339,1.3665,,2646735.1933,
600162.SH,20260331,0.9675,3.0114,,581781.9857,
920195.BJ,20260331,0.6251,1.1303,,181845.65,
002889.SZ,20260331,0.5105,1.1501,,493611.3859,
000012.SZ,20260331,1.093,1.8006,,1353898.6209,
301121.SZ,20260331,2.7758,3.4178,,341542.853,
301056.SZ,20260331,1.533,3.356,,379904.2138,
600278.SH,20260331,0.7695,2.0251,,638242.1877,
601098.SH,20260331,0.4089,1.1581,,1973804.0,
000897.SZ,20260331,2.046,2.5872,,341244.4414,
600567.SH,20260331,1.1054,1.4762,,971347.8091,
920475.BJ,20260331,1.4464,2.8585,,128447.26,
301280.SZ,20260331,7.3053,7.7737,,723840.5009,
920023.BJ,20260331,1.5496,1.7306,,121102.48,
301139.SZ,20260331,3.1095,3.4897,,212036.9152,
688785.SH,20260331,4.3035,4.3035,,1908849.0932,
301218.SZ,20260331,10.2894,12.6138,,387736.0,
920866.BJ,20260331,1.1999,1.7501,,132631.5424,
002484.SZ,20260331,2.5991,4.0603,,2459715.2374,
688051.SH,20260331,0.8389,1.9801,,232234.002,
601138.SH,20260331,1.2027,7.4194,,102117698.8935,
300813.SZ,20260331,11.1475,17.4375,,351114.1374,
600238.SH,20260331,2.7863,3.425,,212895.0,
002152.SZ,20260331,0.739,1.4791,,2823606.355,
002369.SZ,20260331,1.4444,1.4444,,396302.4397,
688109.SH,20260331,2.1521,4.2727,,1026211.3768,
600679.SH,20260331,1.1519,2.9171,,621444.8739,
603260.SH,20260331,0.4657,2.0276,,4783209.2833,
300970.SZ,20260331,3.1056,3.9689,,286905.294,
601339.SH,20260331,0.7515,2.9234,,1073691.404,
002019.SZ,20260331,2.4907,3.0257,,1542382.6278,
301633.SZ,20260331,2.495,2.9913,,341318.4,
600439.SH,20260331,1.2393,1.8693,,292052.2435,
002304.SZ,20260331,0.3676,0.9534,,7643702.3055,
300771.SZ,20260331,1.9653,2.2978,,326160.0,
688639.SH,20260331,1.6667,2.4076,,709328.1053,
920478.BJ,20260331,2.4144,3.0049,,128137.7636,
002559.SZ,20260331,2.7573,3.0122,,503584.762,
600421.SH,20260331,1.184,1.9821,,134768.4,
002897.SZ,20260331,3.8595,6.6528,,1128967.2928,
300150.SZ,20260331,3.3143,3.633,,311276.4202,
603101.SH,20260331,0.7071,1.7883,,377731.2,
002095.SZ,20260331,1.2837,2.2983,,417998.88,
301237.SZ,20260331,2.0648,2.5262,,414480.0,
600879.SH,20260331,7.0111,9.4168,,7337641.7188,
300461.SZ,20260331,9.172,16.2784,,928676.2198,
603836.SH,20260331,0.9363,2.2416,,265574.3967,
300316.SZ,20260331,1.5648,3.2526,,5383493.4395,
600808.SH,20260331,0.811,2.1663,,2887755.4448,
605288.SH,20260331,1.2346,4.6674,,623335.9658,
301449.SZ,20260331,13.6686,13.6686,,475173.9181,
688391.SH,20260331,0.769,1.5445,,331146.985,
002051.SZ,20260331,2.6052,7.166,,1108718.4076,
301369.SZ,20260331,2.3748,3.1751,,946768.9642,
688363.SH,20260331,0.4524,1.1251,,1970064.0098,
600877.SH,20260331,1.5361,2.6172,,1885022.7113,
300841.SZ,20260331,1.0352,1.4872,,739137.9615,
002801.SZ,20260331,1.6414,2.7882,,694177.536,
601975.SH,20260331,4.8733,7.039,,2012548.2115,
300618.SZ,20260331,2.5178,3.1792,,1281526.5626,
002671.SZ,20260331,1.9437,3.2806,,308648.0376,
000923.SZ,20260331,2.0279,3.2217,,1167079.3823,
002427.SZ,20260331,1.7443,4.3776,,605055.7251,
601799.SH,20260331,0.652,1.4265,,3485574.5912,
300357.SZ,20260331,2.3102,4.1745,,1344563.712,
002639.SZ,20260331,6.3684,6.773,,1321922.3266,
688630.SH,20260331,4.8057,7.4765,,2547865.4474,
301591.SZ,20260331,4.4378,4.4378,,347079.12,
300391.SZ,20260331,10.3101,13.076,,11210.7556,
002947.SZ,20260331,4.0374,4.7596,,1293857.1468,
603015.SH,20260331,1.0309,2.0618,,493955.618,
301176.SZ,20260331,3.4224,9.9628,,415904.0008,
301059.SZ,20260331,1.4321,4.5538,,309515.206,
600768.SH,20260331,5.0149,7.9917,,232987.6224,
300051.SZ,20260331,13.6302,16.994,,453117.5464,
002028.SZ,20260331,1.6971,1.8721,,15777953.6024,
002965.SZ,20260331,1.6661,1.8199,,757130.1642,
300635.SZ,20260331,4.8125,5.6159,,192379.236,
300643.SZ,20260331,1.7889,3.168,,381105.8438,
300207.SZ,20260331,5.3702,7.0196,,4657452.8264,
601995.SH,20260331,0.4096,1.2127,,15635484.9955,
603019.SH,20260331,1.3826,1.6555,,11500090.0622,
601288.SH,20260331,0.1828,2.0392,,234488632.6949,
600612.SH,20260331,0.4389,1.4359,,2174600.5449,
002248.SZ,20260331,3.5354,4.2856,,369302.2156,
300376.SZ,20260331,1.3396,2.7758,,1450493.8165,
600686.SH,20260331,4.8638,8.8432,,1287100.1135,
000623.SZ,20260331,0.8419,1.1606,,2104775.8811,
300045.SZ,20260331,4.0467,4.3785,,1441981.3135,
000518.SZ,20260331,0.8962,1.3822,,303719.0855,
600167.SH,20260331,1.0221,3.4313,,1525154.4721,
603299.SH,20260331,0.8373,2.2504,,1107879.583,
920806.BJ,20260331,0.4497,1.3845,,332314.017,
300839.SZ,20260331,6.1216,10.9869,,406164.8428,
002731.SZ,20260331,13.4442,16.0316,,192885.468,
300883.SZ,20260331,2.5165,3.1832,,224554.0,
002102.SZ,20260331,2.2415,2.8831,,802103.08,
603131.SH,20260331,2.8108,5.5112,,696724.131,
920570.BJ,20260331,1.6164,2.3601,,141378.5556,
000975.SZ,20260331,1.1688,1.799,,8241311.6825,
002037.SZ,20260331,0.9593,1.7283,,388558.5035,
600289.SH,20260331,0.9112,1.3238,,466978.5311,
300395.SZ,20260331,3.8243,4.7412,,4773526.5312,
601607.SH,20260331,0.6701,1.8724,,6322756.8843,
002458.SZ,20260331,2.4976,2.7886,,994665.2106,
600882.SH,20260331,1.1203,2.4211,,935948.4422,
001283.SZ,20260331,6.6726,6.8517,,689707.1054,
000718.SZ,20260331,1.3805,2.0911,,640308.277,
002141.SZ,20260331,1.6957,2.445,,383219.1811,
920174.BJ,20260331,5.2294,9.4302,,852870.0314,
600500.SH,20260331,0.948,2.0746,,1557324.9355,
300542.SZ,20260331,1.2074,1.7931,,452318.247,
000423.SZ,20260331,1.027,1.5503,,3681615.5028,
300015.SZ,20260331,0.6355,1.199,,8868452.2332,
300699.SZ,20260331,3.5409,5.5744,,2859850.88,
600460.SH,20260331,1.2061,1.764,,4246711.3484,
002389.SZ,20260331,2.7195,4.3187,,2153026.4219,
688625.SH,20260331,1.223,3.1085,,1001490.8174,
000650.SZ,20260331,1.1737,1.5893,,803564.5463,
605058.SH,20260331,1.9169,6.3828,,466932.5447,
300809.SZ,20260331,2.5986,3.348,,835158.1248,
002279.SZ,20260331,1.9885,2.576,,702698.5999,
002957.SZ,20260331,3.4989,8.1219,,1117153.3596,
301067.SZ,20260331,2.9165,3.9005,,302987.376,
000917.SZ,20260331,2.15,2.5798,,1325415.176,
600604.SH,20260331,1.5757,3.9391,,968498.5837,
002108.SZ,20260331,5.1771,6.4531,,817704.7102,
300079.SZ,20260331,1.6305,1.6744,,745812.6764,
600025.SH,20260331,0.1354,1.3539,,18463414.4087,
688132.SH,20260331,0.855,1.5653,,252389.3882,
688259.SH,20260331,1.2763,2.3481,,385365.0,
301316.SZ,20260331,1.1497,2.0837,,1638220.0,
601116.SH,20260331,2.0407,5.4928,,782084.7552,
605016.SH,20260331,0.8186,1.8851,,1045830.6768,
600148.SH,20260331,1.1598,2.2741,,257701.4555,
002352.SZ,20260331,1.1479,2.2719,,19169993.2758,
688312.SH,20260331,3.2264,6.0844,,686873.9698,
300577.SZ,20260331,0.8187,1.1293,,434823.1158,
000912.SZ,20260331,5.5272,10.954,,820064.0,
600094.SH,20260331,0.8588,1.3354,,950904.5684,
002778.SZ,20260331,1.5582,2.2175,,242645.1685,
300894.SZ,20260331,1.3346,2.4344,,419283.122,
000011.SZ,20260331,1.3551,3.8145,,511946.04,
600941.SH,20260331,0.9702,1.018,,203092172.7137,
002918.SZ,20260331,2.7458,4.1662,,451731.0488,
002592.SZ,20260331,1.1182,1.7719,,258964.6775,
002396.SZ,20260331,2.9492,4.0124,,1492351.1097,
300304.SZ,20260331,1.9461,3.3708,,1131927.2525,
300935.SZ,20260331,2.3298,3.3302,,226377.438,
920932.BJ,20260331,1.2577,1.7018,,156339.9194,
301107.SZ,20260331,2.1418,4.1953,,272697.7827,
300877.SZ,20260331,4.0306,8.1321,,328200.0,
600822.SH,20260331,1.9323,4.8578,,500932.6431,
000637.SZ,20260331,3.8966,4.934,,238622.7884,
688513.SH,20260331,1.3345,2.5358,,1136691.1964,
688556.SH,20260331,3.5107,4.5297,,1086652.3057,
603277.SH,20260331,0.2397,1.1261,,892932.4888,
001965.SZ,20260331,0.1584,0.5975,,6699963.6621,
600120.SH,20260331,0.7472,1.4906,,1909198.254,
688175.SH,20260331,6.5945,13.3247,,433211.95,
603098.SH,20260331,2.3444,6.7973,,935300.0619,
