ts_code,trade_date,open,high,low,close,vol,amount,pct_chg
000001.SZ,20260608,10.97,11.1,10.96,11.03,1090926,1203946.3434,0.4554
000002.SZ,20260608,3.2,3.25,3.12,3.14,1524905,485328.51583,-3.3846
000006.SZ,20260608,8.25,8.3,7.92,7.96,390590,316738.99178,-6.463
000007.SZ,20260608,12.32,12.58,12.0,12.24,111474,137020.375,-0.5686
000008.SZ,20260608,2.56,2.58,2.5,2.55,372653,94670.365,-1.5444
000009.SZ,20260608,7.06,7.14,6.86,6.95,259584,181894.73618,-3.338
000010.SZ,20260608,2.22,2.37,2.17,2.31,564837,131661.27636,2.2124
000011.SZ,20260608,7.4,7.44,7.04,7.17,58115,42004.206,-5.409
000012.SZ,20260608,4.2,4.49,4.2,4.31,828113,358907.16944,-1.5982
000014.SZ,20260608,10.5,10.7,10.19,10.35,52948,55276.594,-2.9991
000016.SZ,20260608,3.08,3.15,3.03,3.06,287541,88694.12944,-3.7736
000017.SZ,20260608,5.28,5.31,5.0,5.05,97345,50067.25,-5.0752
000019.SZ,20260608,6.42,6.45,6.25,6.34,92742,58897.4033,-1.2461
000020.SZ,20260608,12.3,12.36,11.68,11.87,36994,44378.866,-4.7352
000021.SZ,20260608,35.7,37.03,34.85,35.37,1186883,4271846.46708,-7.2384
000025.SZ,20260608,14.9,15.26,14.28,14.44,78588,115435.56339,-5.4974
000026.SZ,20260608,21.99,22.14,21.08,21.35,135198,292152.0,-5.3635
000027.SZ,20260608,7.08,7.32,7.04,7.08,598492,428570.01888,-2.8807
000028.SZ,20260608,22.75,22.79,22.26,22.39,24917,56102.31265,-1.7552
000029.SZ,20260608,23.01,23.09,21.9,22.31,67281,150510.83385,-3.3781
000030.SZ,20260608,4.48,4.54,4.4,4.47,115708,51725.49945,-1.1062
000031.SZ,20260608,2.64,2.7,2.57,2.64,730612,193724.78301,-0.3774
000032.SZ,20260608,15.49,15.73,14.96,15.1,200907,307471.99724,-5.0314
000034.SZ,20260608,23.5,23.95,22.8,23.06,332389,777777.92049,-5.6465
000035.SZ,20260608,5.47,5.51,5.16,5.21,580383,307666.57889,-5.4446
000036.SZ,20260608,4.99,5.08,4.91,4.97,299159,149293.33465,-2.7397
000037.SZ,20260608,10.5,10.96,10.14,10.35,306632,321545.13307,-5.4795
000039.SZ,20260608,9.67,9.8,9.31,9.43,416138,396711.1955,-4.458
000042.SZ,20260608,9.89,10.0,9.61,9.63,70924,69458.21992,-3.4102
001914.SZ,20260608,9.52,9.67,9.32,9.37,73524,69480.5811,-2.1921
000045.SZ,20260608,11.42,11.51,10.8,10.99,90707,101426.357,-4.766
000048.SZ,20260608,14.0,15.15,13.88,14.74,216827,319222.40454,4.539
000049.SZ,20260608,23.71,23.97,23.08,23.43,91196,214805.5831,-4.211
000050.SZ,20260608,8.38,8.85,8.2,8.22,724935,611390.7027,-4.5296
000055.SZ,20260608,3.62,3.81,3.51,3.57,480220,174688.82227,-2.7248
000056.SZ,20260608,1.85,1.93,1.77,1.92,970090,181267.37102,4.3478
000058.SZ,20260608,7.0,7.17,6.84,6.93,81253,56929.72058,-1.9802
000059.SZ,20260608,4.64,4.66,4.4,4.44,262998,118356.53861,-4.1037
000060.SZ,20260608,7.06,7.37,6.88,6.95,2507789,1770200.99484,-6.7114
000061.SZ,20260608,6.18,6.28,5.99,6.06,179670,109996.59944,-2.4155
000062.SZ,20260608,32.0,33.24,30.29,30.7,599006,1893332.80257,-8.7938
000063.SZ,20260608,38.02,39.0,36.5,36.81,3023492,11393949.9291,-5.929
000065.SZ,20260608,12.01,12.18,11.78,11.83,240516,287809.92135,-4.5968
000066.SZ,20260608,16.13,16.7,15.68,15.85,1503850,2432624.03969,-7.0381
000068.SZ,20260608,3.5,3.92,3.48,3.92,588017,224189.09796,10.1124
000069.SZ,20260608,1.9,1.98,1.88,1.9,671511,129728.10938,-1.5544
000070.SZ,20260608,17.93,19.49,17.93,18.46,1411132,2636143.10852,-7.3293
000078.SZ,20260608,1.68,1.75,1.68,1.68,1186708,201272.9564,-5.0847
000088.SZ,20260608,4.36,4.37,4.21,4.27,417426,178890.92161,-2.7335
000089.SZ,20260608,6.56,6.58,6.39,6.45,126332,81646.58758,-1.9757
000090.SZ,20260608,3.42,3.5,3.33,3.36,542426,185319.45704,-4.2735
000096.SZ,20260608,8.01,8.15,7.82,7.91,61526,48986.1961,-2.3457
000099.SZ,20260608,15.26,16.2,15.2,16.03,253975,398908.16035,5.4605
000100.SZ,20260608,4.74,4.89,4.61,4.65,13012086,6146159.93862,-4.908
000151.SZ,20260608,13.54,14.22,13.45,13.54,143507,197627.3266,-2.66
000153.SZ,20260608,5.55,5.61,5.41,5.49,60479,33335.114,-1.9643
000155.SZ,20260608,13.06,13.37,12.66,12.93,390196,507541.90302,-3.2909
000156.SZ,20260608,6.6,6.73,6.42,6.51,119471,78110.24467,-2.8358
000157.SZ,20260608,7.55,7.86,7.52,7.69,1580683,1216961.57695,2.2606
000158.SZ,20260608,14.11,14.41,13.74,13.94,262980,369648.09407,-4.1924
000159.SZ,20260608,6.7,7.05,6.43,6.54,341669,229359.14555,-6.5714
000166.SZ,20260608,4.3,4.32,4.24,4.26,1008655,430989.76113,-1.6166
000301.SZ,20260608,12.0,12.06,11.36,11.43,181245,210491.05961,-3.5443
000333.SZ,20260608,81.39,83.75,80.88,82.85,367031,3034363.53543,1.42
000338.SZ,20260608,29.51,30.47,29.29,29.98,1474577,4412892.13773,-3.6632
000400.SZ,20260608,22.5,22.98,21.91,22.07,261459,584862.42667,-4.8297
000401.SZ,20260608,3.93,3.94,3.82,3.85,98362,38054.032,-2.5316
000402.SZ,20260608,2.85,2.94,2.8,2.87,741752,213031.82926,-2.0478
000403.SZ,20260608,12.65,12.65,12.15,12.27,105608,130314.78589,-3.6135
000404.SZ,20260608,8.01,8.22,7.98,8.03,136679,110648.61904,-2.3114
000407.SZ,20260608,4.13,4.18,4.04,4.07,129360,52970.709,-2.6316
000408.SZ,20260608,73.0,74.15,71.5,73.05,148368,1084530.50721,-3.9826
000409.SZ,20260608,9.33,9.73,9.21,9.44,72124,68061.14112,-1.1518
000410.SZ,20260608,5.19,5.48,5.16,5.31,394971,211360.50858,0.759
000411.SZ,20260608,11.1,11.15,10.58,10.88,153055,166654.50135,-4.4776
000415.SZ,20260608,3.81,3.85,3.65,3.69,739506,276981.55525,-5.1414
000417.SZ,20260608,7.21,7.56,7.11,7.19,460332,335788.041,-4.1333
000419.SZ,20260608,5.05,5.14,4.91,5.01,77707,39174.2586,-1.9569
000420.SZ,20260608,4.33,4.49,4.27,4.29,1012180,442417.56932,-4.2411
000421.SZ,20260608,5.67,5.75,5.56,5.63,66723,37709.97,-2.2569
000422.SZ,20260608,13.0,13.15,12.72,12.82,239550,309328.41988,-3.099
000423.SZ,20260608,50.97,50.97,48.7,49.1,65436,321980.36104,-1.0081
000425.SZ,20260608,9.67,10.21,9.6,9.93,2490369,2478837.32139,4.3067
000426.SZ,20260608,35.11,36.44,34.49,35.06,761187,2703844.68605,-7.9307
000428.SZ,20260608,3.48,3.59,3.39,3.44,136828,47539.08068,-3.0986
000429.SZ,20260608,13.85,13.97,13.69,13.86,59512,82338.72056,0.5806
000430.SZ,20260608,8.13,8.75,8.12,8.21,193325,162262.09368,-1.6766
000488.SZ,20260608,2.1,2.14,2.06,2.08,155586,32614.506,-3.2558
000498.SZ,20260608,5.13,5.16,5.03,5.08,93647,47591.609,-1.5504
000501.SZ,20260608,7.2,7.4,7.16,7.22,92025,66983.067,-0.6878
000503.SZ,20260608,7.05,7.23,6.9,7.01,146150,103209.30182,-1.1283
000504.SZ,20260608,8.24,8.34,8.09,8.25,65741,53810.46412,-3.169
000505.SZ,20260608,5.62,5.76,5.51,5.59,85703,48158.979,-2.9514
000506.SZ,20260608,13.49,13.8,13.08,13.31,334041,448658.17087,-6.2676
000507.SZ,20260608,5.02,5.08,4.86,4.93,216417,107518.0897,-3.7109
000509.SZ,20260608,4.6,4.86,4.31,4.36,1251706,567195.82932,-8.4034
000510.SZ,20260608,17.3,17.65,16.65,16.78,520703,888408.13092,-9.2973
000513.SZ,20260608,30.44,30.9,29.71,29.88,54702,164700.92121,-2.544
000514.SZ,20260608,4.37,4.47,4.26,4.35,125633,55029.46816,-0.9112
000516.SZ,20260608,4.1,4.12,3.99,4.01,191391,77320.40137,-2.9056
000517.SZ,20260608,2.12,2.33,2.12,2.33,592702,132389.3781,9.9057
000518.SZ,20260608,3.35,3.46,3.21,3.23,967510,321840.59724,-7.7143
000519.SZ,20260608,18.46,19.17,18.26,18.51,585741,1095961.52544,-3.8941
000520.SZ,20260608,4.8,5.0,4.47,4.76,1687139,799924.3271,3.4783
000521.SZ,20260608,5.64,5.71,5.48,5.5,122508,68381.24491,-4.1812
000523.SZ,20260608,3.04,3.05,2.9,2.93,246605,73326.66298,-4.5603
000524.SZ,20260608,8.94,9.37,8.88,9.04,93427,84758.86571,-1.4177
000525.SZ,20260608,4.4,4.55,4.29,4.4,213960,93965.08227,-3.0837
000526.SZ,20260608,27.02,27.12,25.6,26.01,28257,74163.08372,-4.7602
000528.SZ,20260608,8.59,8.9,8.51,8.61,600463,522069.82124,0.9379
000529.SZ,20260608,4.96,5.03,4.86,4.91,43626,21518.57275,-1.8
000530.SZ,20260608,6.15,6.64,6.13,6.49,769009,493725.35656,2.8526
000531.SZ,20260608,6.98,7.2,6.75,6.78,308880,214553.52897,-5.7024
000532.SZ,20260608,12.74,13.17,12.25,12.41,140193,177623.9038,-4.3914
000533.SZ,20260608,10.95,11.26,10.7,10.85,268769,295208.09981,-4.0672
000534.SZ,20260608,31.88,32.5,31.17,31.36,154056,489742.45302,-3.5077
000536.SZ,20260608,3.97,4.14,3.93,3.96,1233117,497252.58815,-4.1162
000537.SZ,20260608,9.88,10.09,9.21,9.31,593368,571717.46326,-8.004
000538.SZ,20260608,48.9,49.76,48.72,49.5,109996,542515.05612,1.4136
000539.SZ,20260608,7.74,8.49,7.71,7.78,2098857,1687125.02987,-5.697
000541.SZ,20260608,4.95,4.96,4.8,4.83,124870,60994.68858,-3.5928
000543.SZ,20260608,8.8,9.1,8.66,8.7,643571,568743.95576,-3.5477
000544.SZ,20260608,7.82,7.99,7.7,7.79,50262,39428.05663,-1.2674
000545.SZ,20260608,2.4,2.48,2.32,2.35,371347,88805.579,-4.0816
000546.SZ,20260608,5.13,5.26,4.96,5.02,262719,134278.84,-4.5627
000547.SZ,20260608,19.86,21.49,19.8,20.07,1440614,2968178.79707,-1.9541
000548.SZ,20260608,4.68,4.76,4.55,4.63,83402,38887.95036,-2.935
000550.SZ,20260608,16.96,17.0,16.44,16.63,37647,62824.41438,-2.6916
000551.SZ,20260608,14.55,14.96,14.2,14.45,117052,170188.3139,-4.4312
000552.SZ,20260608,2.86,2.92,2.76,2.8,1109706,312166.73001,-3.1142
000553.SZ,20260608,5.95,6.03,5.68,5.72,107524,62592.984,-4.9834
000554.SZ,20260608,6.66,6.86,6.63,6.74,160402,107948.221,0.1486
000555.SZ,20260608,11.72,11.93,11.41,11.54,218842,255630.52394,-4.7855
000557.SZ,20260608,4.13,4.18,4.03,4.05,95294,38970.83676,-2.4096
000558.SZ,20260608,3.56,3.66,3.47,3.53,270526,96161.3015,-2.2161
000559.SZ,20260608,14.47,15.21,14.38,14.73,593937,883337.38528,-2.1912
000560.SZ,20260608,2.49,2.54,2.43,2.46,591246,146909.532,-3.9063
000561.SZ,20260608,7.98,8.22,7.75,7.84,155764,123921.75764,-4.8544
000563.SZ,20260608,2.94,2.95,2.89,2.91,305467,89185.2388,-1.6892
000564.SZ,20260608,1.59,1.63,1.56,1.56,3057853,486561.86678,-4.2945
000565.SZ,20260608,6.41,6.59,6.25,6.39,113138,72746.4085,-4.0541
000566.SZ,20260608,3.92,4.03,3.82,3.88,236296,92411.59405,-2.7569
000567.SZ,20260608,5.67,5.76,5.47,5.55,203613,114124.79005,-3.9792
000568.SZ,20260608,86.6,87.4,84.51,84.56,105980,904597.47706,-2.6703
000570.SZ,20260608,5.43,5.54,5.26,5.35,112109,60595.895,-3.0797
000571.SZ,20260608,5.25,5.46,5.02,5.21,225333,117711.90898,-4.2279
000572.SZ,20260608,4.39,4.49,4.23,4.29,416197,180826.6716,-3.3784
000573.SZ,20260608,4.26,4.36,4.15,4.23,226046,96520.93212,-2.9817
000576.SZ,20260608,7.28,7.38,6.93,7.07,98161,70190.563,-4.8452
000581.SZ,20260608,18.5,18.55,17.97,18.1,99985,182190.01081,-3.053
000582.SZ,20260608,12.26,12.58,11.96,12.1,786127,957846.62715,-3.3546
000586.SZ,20260608,16.0,16.39,15.46,15.6,113718,180431.13,-4.3532
000589.SZ,20260608,4.51,4.54,4.44,4.48,324066,145853.47735,-1.9694
000590.SZ,20260608,10.0,10.0,9.18,9.43,48022,45698.4331,-3.6772
000591.SZ,20260608,5.14,5.25,5.03,5.06,939167,481455.44147,-3.8023
000592.SZ,20260608,7.88,8.22,7.69,7.8,1310246,1039493.37216,-3.2258
000593.SZ,20260608,19.8,20.64,19.54,19.99,93550,187894.186,-1.1864
000595.SZ,20260608,6.8,7.1,6.72,6.91,151060,104598.381,-2.2631
000596.SZ,20260608,87.9,89.49,85.78,86.45,27875,242701.84737,-2.0063
000597.SZ,20260608,4.42,4.45,4.31,4.38,104758,45850.8539,-1.3514
000598.SZ,20260608,6.85,6.87,6.68,6.75,294758,199340.21752,-1.7467
000599.SZ,20260608,4.98,5.31,4.9,4.98,279622,142489.10113,-2.3529
000600.SZ,20260608,11.13,11.56,10.68,10.75,714159,789695.03189,-6.3589
000601.SZ,20260608,7.65,8.07,7.48,7.56,1089436,839161.16955,-5.1443
000603.SZ,20260608,28.12,28.8,27.0,27.59,193401,540608.49002,-7.1356
000605.SZ,20260608,6.13,6.33,6.0,6.13,52766,32503.0302,-1.92
000607.SZ,20260608,3.49,3.59,3.41,3.46,117910,41159.95057,-2.5352
000608.SZ,20260608,5.44,6.0,5.3,5.82,962549,551943.48236,5.4348
000609.SZ,20260608,13.26,13.68,12.6,12.73,203699,270390.375,-2.3024
000610.SZ,20260608,7.2,7.42,7.07,7.21,32559,23574.669,-2.8302
000612.SZ,20260608,10.76,10.95,10.32,10.43,390345,413803.20564,-6.5412
000615.SZ,20260608,3.51,3.55,3.41,3.42,119442,41395.08327,-4.7354
000617.SZ,20260608,7.2,7.42,7.16,7.26,851254,622247.8148,-0.955
000619.SZ,20260608,5.34,5.5,5.19,5.28,77096,41148.968,-3.1193
000620.SZ,20260608,2.88,3.17,2.88,3.17,5209772,1628822.26523,10.0694
000623.SZ,20260608,16.8,16.96,16.41,16.52,128815,214380.9534,-2.6517
000625.SZ,20260608,7.88,7.96,7.77,7.8,757627,594518.49181,-2.5
000626.SZ,20260608,7.88,8.04,7.31,7.41,213178,163592.87648,-8.2921
000628.SZ,20260608,50.74,51.82,49.7,50.17,96619,488805.83282,-4.891
000629.SZ,20260608,3.22,3.27,3.11,3.15,1304627,416421.80178,-4.5455
000630.SZ,20260608,6.04,6.23,5.9,5.93,4411175,2664349.78302,-7.9193
000631.SZ,20260608,3.18,3.28,3.16,3.19,241067,77512.73542,-1.5432
000632.SZ,20260608,3.92,4.0,3.76,3.93,163896,63780.766,-0.7576
000633.SZ,20260608,5.39,5.55,5.21,5.31,98591,52836.69591,-4.3243
000635.SZ,20260608,6.81,6.97,6.6,6.74,65376,44335.7114,-3.4384
000636.SZ,20260608,58.76,60.0,54.55,55.53,1699828,9627602.23903,-6.907
000637.SZ,20260608,4.2,4.29,4.07,4.12,103997,43301.64953,-3.0588
000639.SZ,20260608,1.53,1.56,1.51,1.52,408718,62569.01788,-4.4025
000650.SZ,20260608,5.26,5.29,5.15,5.21,133998,69809.08975,-1.3258
000651.SZ,20260608,38.21,38.59,37.93,38.11,342635,1310397.16756,-0.91
000652.SZ,20260608,3.59,3.64,3.51,3.55,157984,56468.45718,-2.2039
000655.SZ,20260608,7.06,7.11,6.82,6.92,75023,52201.64267,-2.6723
000656.SZ,20260608,1.39,1.4,1.37,1.38,756904,104617.3505,-1.4286
000657.SZ,20260608,66.0,72.24,64.57,67.92,935596,6368677.10681,-3.1098
000659.SZ,20260608,3.66,3.74,3.54,3.57,237021,85836.93498,-3.252
000661.SZ,20260608,67.77,68.2,65.58,66.13,67191,448343.46413,-3.3611
000663.SZ,20260608,5.8,5.93,5.56,5.71,73787,42389.299,-2.3932
000665.SZ,20260608,4.18,4.45,4.13,4.27,220902,94976.93138,0.9456
000668.SZ,20260608,20.39,22.48,19.46,22.08,90870,190806.86701,7.2365
000669.SZ,20260608,4.18,4.26,4.12,4.15,77424,32433.739,-2.1226
000670.SZ,20260608,9.12,9.57,8.94,9.13,892157,823869.19123,-3.0786
000672.SZ,20260608,15.57,15.98,15.55,15.66,206651,324744.75488,-3.512
000676.SZ,20260608,5.61,5.81,5.58,5.67,244992,139309.93139,-1.7331
000677.SZ,20260608,1.99,2.13,1.97,2.07,430322,88240.3828,1.9704
000678.SZ,20260608,11.36,11.77,11.36,11.48,102541,118548.98425,-2.9586
000679.SZ,20260608,6.31,6.47,6.08,6.16,61325,38399.901,-3.1447
000680.SZ,20260608,11.1,11.68,10.96,11.12,451062,508259.5627,2.0183
000681.SZ,20260608,23.1,23.96,22.5,22.5,823465,1912006.40562,-7.4455
000682.SZ,20260608,12.46,12.68,12.11,12.23,281623,348575.75499,-4.8249
000683.SZ,20260608,6.72,6.79,6.39,6.46,800579,523783.13194,-5.968
000685.SZ,20260608,10.61,10.65,10.3,10.36,254689,266478.96216,-3.8069
000686.SZ,20260608,7.63,7.68,7.37,7.45,263761,198527.47293,-3.2468
000688.SZ,20260608,38.37,40.3,37.56,38.54,183055,711635.9239,-1.3313
000690.SZ,20260608,5.17,5.39,5.12,5.19,1153498,604601.43137,-2.6266
000691.SZ,20260608,8.8,8.89,8.56,8.7,89671,78317.0966,-3.4406
000692.SZ,20260608,4.75,5.06,4.6,4.64,353779,170108.761,-4.5267
000695.SZ,20260608,13.7,13.7,12.7,13.13,137959,182276.26614,-6.2812
000697.SZ,20260608,10.8,11.45,10.63,10.71,150893,165293.75132,-3.7736
000698.SZ,20260608,3.41,3.45,3.32,3.35,39688,13419.463,-2.8986
000700.SZ,20260608,15.99,17.08,15.99,16.51,982321,1630204.90115,-4.5113
000701.SZ,20260608,5.6,5.79,5.29,5.38,241399,132572.58014,-5.2817
000702.SZ,20260608,5.69,5.97,5.63,5.72,70728,40930.49592,-2.8862
000703.SZ,20260608,13.16,13.43,12.84,12.99,475490,618334.71697,-2.6237
000705.SZ,20260608,6.71,6.98,6.6,6.7,55863,37685.717,-2.1898
000707.SZ,20260608,4.82,4.9,4.66,4.71,89834,42895.259,-3.8776
000708.SZ,20260608,13.53,13.6,13.14,13.29,123569,164689.84232,-2.0634
000709.SZ,20260608,2.16,2.27,2.12,2.22,2019967,443218.90027,1.8349
000710.SZ,20260608,8.18,8.41,8.03,8.19,75858,62485.989,-1.5625
000711.SZ,20260608,5.46,5.63,5.46,5.46,683063,374809.8062,-5.0435
000712.SZ,20260608,8.76,8.96,8.36,8.44,359364,309803.5528,-6.0134
000713.SZ,20260608,5.86,5.97,5.74,5.81,53858,31507.40134,-2.5168
000715.SZ,20260608,5.08,5.24,4.98,5.01,119680,60915.46204,-3.2819
000716.SZ,20260608,5.18,5.3,5.0,5.1,353362,180266.41937,-4.3152
000717.SZ,20260608,2.16,2.19,2.11,2.13,163521,35188.75416,-2.2936
000718.SZ,20260608,2.24,2.3,2.12,2.15,1900184,418850.27155,-6.5217
000719.SZ,20260608,13.09,13.25,12.75,12.9,44775,57888.319,-2.7149
000720.SZ,20260608,4.8,4.95,4.65,4.76,988661,473920.74527,-7.7519
000721.SZ,20260608,6.27,6.45,6.15,6.23,100500,63206.61918,-1.8898
000722.SZ,20260608,14.45,15.18,14.14,14.39,293920,428755.09585,-4.702
000723.SZ,20260608,4.37,4.44,4.16,4.22,971966,415292.42233,-2.9885
000725.SZ,20260608,6.48,6.74,6.22,6.29,45998759,29701641.8887,-2.1773
000726.SZ,20260608,5.89,5.95,5.8,5.86,53552,31429.861,-1.5126
000727.SZ,20260608,2.92,3.07,2.88,2.9,3060995,911406.106,-3.3333
000728.SZ,20260608,6.8,6.87,6.7,6.76,351077,238006.73198,-2.029
000729.SZ,20260608,11.86,11.95,11.4,11.46,375731,437458.47084,-3.7783
000731.SZ,20260608,5.88,6.09,5.83,5.99,88603,52825.9192,0.8418
000733.SZ,20260608,53.0,54.5,50.46,50.46,573943,2984139.57818,-10.0054
000735.SZ,20260608,5.09,5.32,5.0,5.06,222575,114303.94424,-2.8791
000736.SZ,20260608,4.56,4.79,4.48,4.54,176141,81165.064,-4.2194
000737.SZ,20260608,13.17,13.37,12.8,12.9,652571,854104.44507,-6.9264
000738.SZ,20260608,18.7,19.16,18.25,18.49,219305,411083.64162,-1.7012
000739.SZ,20260608,15.95,16.15,15.44,15.85,96857,152379.73234,-1.7359
000750.SZ,20260608,3.55,3.58,3.47,3.5,475657,167836.83822,-2.507
000751.SZ,20260608,4.84,4.89,4.55,4.57,770453,362238.82836,-9.1451
000752.SZ,20260608,8.85,9.02,8.81,8.89,20507,18267.99459,-1.3319
000753.SZ,20260608,5.08,5.2,4.98,5.06,193043,98236.55793,-3.2505
000755.SZ,20260608,4.92,4.97,4.6,4.73,159321,76132.75904,-5.2104
000756.SZ,20260608,12.73,12.8,12.35,12.48,50923,63875.0146,-2.2709
000757.SZ,20260608,3.91,4.0,3.85,3.9,160905,63149.505,-2.2556
000758.SZ,20260608,6.52,6.54,6.15,6.27,567285,361308.49948,-6.6964
000759.SZ,20260608,5.98,6.27,5.9,6.27,1058458,656631.929,10.0
000761.SZ,20260608,2.4,2.53,2.39,2.48,262386,64809.40146,1.6393
000762.SZ,20260608,27.45,28.16,26.11,26.61,209303,564732.83276,-4.9303
000766.SZ,20260608,24.46,24.95,24.31,24.91,188762,466652.37666,0.8502
000767.SZ,20260608,5.03,5.35,4.9,4.93,3152258,1598756.19552,-7.6779
000768.SZ,20260608,20.6,20.95,20.13,20.25,304898,624380.18675,-3.709
000776.SZ,20260608,18.5,19.05,18.5,18.65,682673,1278532.86835,-0.8506
000777.SZ,20260608,16.83,17.12,16.35,16.62,82258,137671.03221,-3.4843
000778.SZ,20260608,4.16,4.19,4.1,4.13,550094,227350.449,-2.1327
000779.SZ,20260608,7.43,7.6,7.3,7.52,73996,55377.40697,0.0
000782.SZ,20260608,7.15,7.47,7.12,7.22,222187,162323.916,-1.3661
000783.SZ,20260608,7.32,7.49,7.23,7.31,832878,613471.24397,-2.5333
000785.SZ,20260608,2.55,2.72,2.44,2.72,2843269,749633.68342,10.1215
000786.SZ,20260608,21.78,22.03,21.36,21.9,117080,254360.87612,-0.1823
000788.SZ,20260608,5.11,5.53,5.05,5.34,289618,154012.25013,3.0888
000789.SZ,20260608,4.47,4.47,4.35,4.39,33740,14859.1146,-1.5695
000790.SZ,20260608,3.71,3.88,3.67,3.71,194799,73252.95904,-3.1332
000791.SZ,20260608,8.83,9.26,8.7,8.71,612556,545526.63306,-5.3261
000792.SZ,20260608,29.0,29.57,27.72,28.12,911610,2594328.59349,-4.5161
000793.SZ,20260608,2.5,2.65,2.49,2.59,205762,53171.83138,1.5686
000795.SZ,20260608,9.08,9.27,8.82,8.9,239577,216268.99759,-3.2609
000796.SZ,20260608,4.47,4.6,4.34,4.41,460948,205625.79044,-2.8634
000797.SZ,20260608,2.5,2.58,2.45,2.49,279871,70618.60622,-1.581
000798.SZ,20260608,8.11,8.21,7.8,7.89,82817,66290.697,-1.9876
000799.SZ,20260608,44.54,46.6,42.03,42.21,229189,1019352.63897,-5.1674
000800.SZ,20260608,6.05,6.06,5.94,5.97,149462,89562.30949,-2.2913
000801.SZ,20260608,12.24,12.7,12.14,12.35,180155,223370.65925,-0.7235
000802.SZ,20260608,4.8,5.0,4.52,4.58,513818,242196.132,-5.9548
000803.SZ,20260608,7.33,8.05,7.2,7.75,253095,196093.0408,3.7483
000807.SZ,20260608,26.6,27.49,26.4,26.8,589327,1584254.26055,-3.0391
000809.SZ,20260608,3.89,4.01,3.76,3.81,282044,109003.0155,-4.2714
000810.SZ,20260608,11.0,11.18,10.7,10.89,173133,189237.98285,-1.8919
000811.SZ,20260608,29.6,30.8,28.61,29.22,337240,994486.31656,-5.8634
000812.SZ,20260608,3.59,3.66,3.53,3.56,102751,36933.98547,-2.7322
000813.SZ,20260608,3.06,3.1,2.96,3.02,306249,92807.27676,-2.5806
000815.SZ,20260608,15.12,15.59,14.78,15.07,362271,548886.21485,-3.9516
000816.SZ,20260608,2.62,2.69,2.52,2.54,323769,83869.6935,-4.8689
000818.SZ,20260608,13.2,13.46,12.75,12.92,227470,298243.81872,-5.6934
000819.SZ,20260608,14.15,14.43,13.48,13.6,80600,111765.06043,-5.7519
000820.SZ,20260608,3.27,3.38,3.27,3.27,156022,51283.05856,-4.9419
000821.SZ,20260608,9.2,9.88,9.08,9.75,196962,184968.94053,1.9874
000822.SZ,20260608,4.75,4.83,4.47,4.55,284417,131094.99291,-5.6017
000823.SZ,20260608,16.6,17.8,16.28,17.09,675158,1151067.42164,-2.9529
000825.SZ,20260608,3.81,3.81,3.67,3.71,350010,130840.15212,-3.6364
000826.SZ,20260608,2.25,2.32,2.23,2.26,255625,57975.2018,-1.7391
000828.SZ,20260608,9.92,9.94,9.72,9.85,67871,66627.191,-1.005
000829.SZ,20260608,8.98,9.19,8.63,8.77,241279,214514.7528,-4.2576
000830.SZ,20260608,12.3,12.5,11.85,12.07,384258,466220.08285,-3.3627
000831.SZ,20260608,52.0,54.97,51.36,51.73,483191,2550067.34694,-4.768
000833.SZ,20260608,23.1,23.68,22.72,23.68,239689,562008.03662,9.9861
000837.SZ,20260608,11.91,13.02,11.83,12.67,699536,880896.83661,5.4077
000838.SZ,20260608,1.66,1.74,1.65,1.71,212205,35941.049,-0.5814
000839.SZ,20260608,2.72,2.81,2.7,2.73,557712,153689.60934,-4.2105
000848.SZ,20260608,7.94,8.02,7.66,7.76,142599,111155.51163,-2.1438
000850.SZ,20260608,3.89,3.97,3.78,3.8,115184,44448.37482,-4.0404
000852.SZ,20260608,5.7,5.8,5.6,5.67,140444,79974.88978,-1.5625
000856.SZ,20260608,8.61,8.85,8.39,8.54,77158,66679.36646,-1.9518
000858.SZ,20260608,81.01,81.69,79.56,79.96,275252,2207910.6764,-1.3814
000859.SZ,20260608,10.33,10.68,10.27,10.47,532213,557337.95845,-2.6047
000860.SZ,20260608,10.7,10.9,10.48,10.59,72001,76767.1451,-1.5799
000862.SZ,20260608,6.48,6.72,6.19,6.21,468375,300805.94179,-8.0
000863.SZ,20260608,4.62,4.86,4.53,4.62,212164,99083.091,-2.1186
000868.SZ,20260608,3.72,3.8,3.63,3.7,123989,46011.84582,-2.1164
000869.SZ,20260608,17.81,17.95,17.4,17.52,9841,17317.224,-1.9037
000875.SZ,20260608,6.26,6.66,6.24,6.49,727871,472251.15689,1.4063
000876.SZ,20260608,7.25,7.39,7.07,7.12,269004,193797.47577,-2.7322
000877.SZ,20260608,4.2,4.29,4.07,4.1,152746,63176.59053,-3.0733
000878.SZ,20260608,16.52,16.6,15.91,15.97,657987,1069421.93133,-7.7945
000880.SZ,20260608,25.9,26.85,25.49,25.79,201096,524304.18041,-4.1264
000881.SZ,20260608,7.68,7.75,7.26,7.37,352914,264003.46511,-6.2341
000882.SZ,20260608,1.46,1.51,1.44,1.44,708178,104477.551,-3.3557
000883.SZ,20260608,4.9,5.02,4.82,4.86,595453,292206.87453,-2.8
000885.SZ,20260608,12.79,12.85,12.5,12.77,52825,67053.1066,-1.0844
000886.SZ,20260608,4.51,4.56,4.34,4.41,168795,75082.27835,-3.2895
000887.SZ,20260608,21.6,22.56,21.5,21.77,1030912,2265885.17143,-1.0005
000888.SZ,20260608,9.9,10.09,9.66,9.75,80333,79077.914,-2.6946
000889.SZ,20260608,3.65,3.78,3.55,3.62,440987,162126.864,-3.7234
000890.SZ,20260608,10.1,10.62,9.94,10.01,333581,341648.312,-2.4366
000892.SZ,20260608,3.82,3.97,3.68,3.78,363578,138669.33328,-3.5714
000893.SZ,20260608,47.52,48.9,46.03,47.15,168282,798821.55715,-1.7504
000895.SZ,20260608,24.29,24.76,23.94,24.15,149361,361668.51149,-2.4637
000897.SZ,20260608,1.91,1.97,1.9,1.94,357431,69417.98608,0.0
000898.SZ,20260608,2.03,2.04,1.96,1.99,537078,107313.23459,-2.451
000899.SZ,20260608,13.23,13.83,12.71,12.76,333036,438539.43264,-7.0648
000900.SZ,20260608,3.75,3.75,3.66,3.68,111460,41192.14874,-2.3873
000901.SZ,20260608,18.7,19.28,18.0,18.28,285147,532347.0803,-3.0753
000902.SZ,20260608,12.28,12.41,11.76,11.87,159940,192149.1386,-4.1195
000903.SZ,20260608,1.77,1.82,1.75,1.79,212194,37960.0186,-2.1858
000905.SZ,20260608,8.88,9.02,8.6,8.7,115319,101359.75466,-3.3333
000906.SZ,20260608,5.81,5.88,5.59,5.65,98263,56098.17645,-4.2373
000908.SZ,20260608,7.05,7.05,6.81,6.81,124484,86363.924,-4.0845
000909.SZ,20260608,4.45,4.5,4.31,4.35,68930,30147.068,-4.185
000910.SZ,20260608,6.18,6.27,6.01,6.08,48167,29587.378,-3.7975
000911.SZ,20260608,5.4,5.56,5.3,5.39,61377,33270.45695,-2.7076
000912.SZ,20260608,3.65,3.75,3.6,3.65,254371,93381.36694,-1.084
000913.SZ,20260608,11.21,11.28,10.94,11.04,35064,38950.9626,-2.0408
000915.SZ,20260608,27.09,27.28,26.51,26.68,23378,62745.60904,-2.1994
000917.SZ,20260608,7.3,7.44,7.11,7.19,296570,215715.91235,-3.3602
000919.SZ,20260608,6.1,6.26,6.05,6.13,96376,59278.013,-1.4469
000920.SZ,20260608,11.88,12.49,11.62,11.8,149830,180128.797,-4.5307
000921.SZ,20260608,26.33,27.5,26.23,26.79,162780,437653.15549,0.2245
000922.SZ,20260608,12.31,12.44,11.72,11.84,161363,195082.75456,-5.5068
000923.SZ,20260608,14.27,14.43,13.68,13.99,219910,309198.31636,-4.9592
000925.SZ,20260608,8.3,8.65,8.03,8.18,587624,487082.214,-5.3241
000926.SZ,20260608,2.22,2.31,2.16,2.21,582927,130318.5342,-3.0702
000927.SZ,20260608,2.55,2.58,2.49,2.51,602669,152474.86,-2.7132
000928.SZ,20260608,5.74,5.81,5.7,5.78,141920,81686.05624,-1.0274
000929.SZ,20260608,9.5,9.7,9.32,9.44,17149,16270.543,-2.6804
000930.SZ,20260608,5.02,5.06,4.87,4.92,178800,88575.27872,-2.5743
000931.SZ,20260608,4.16,4.19,3.99,4.07,74854,30550.63056,-2.6316
000932.SZ,20260608,3.88,3.91,3.72,3.77,971255,369638.99639,-3.8265
000933.SZ,20260608,26.6,27.45,26.31,26.76,537969,1442469.58403,-3.741
000935.SZ,20260608,25.93,26.78,24.63,25.22,91505,231468.49427,-3.9604
000936.SZ,20260608,6.2,6.27,5.88,5.94,244875,147998.3804,-6.0127
000937.SZ,20260608,5.81,5.85,5.66,5.7,338733,194057.31626,-2.5641
000938.SZ,20260608,26.91,27.3,25.6,25.91,1764756,4669746.78442,-7.0327
000948.SZ,20260608,12.85,13.13,12.59,12.78,40280,51757.06934,-2.5172
000949.SZ,20260608,6.53,6.9,6.45,6.57,473504,317575.37036,-2.2321
000950.SZ,20260608,5.39,5.47,5.27,5.32,260961,140042.98755,-3.0965
000951.SZ,20260608,21.93,23.45,21.9,23.26,189423,437424.34902,4.9639
000952.SZ,20260608,6.32,6.54,6.17,6.27,56813,36136.8144,-2.9412
000953.SZ,20260608,5.89,6.07,5.79,5.84,71393,42265.166,-2.5042
000955.SZ,20260608,4.05,4.22,3.98,4.07,145395,59504.182,-2.3981
000957.SZ,20260608,9.78,10.02,9.63,9.83,110885,108974.52262,-1.4042
000958.SZ,20260608,6.05,6.11,5.76,5.81,823824,486881.10203,-5.9871
000959.SZ,20260608,3.42,3.47,3.31,3.36,369475,124939.7466,-2.8902
000960.SZ,20260608,36.01,36.97,35.01,35.01,1118947,3993407.21753,-10.0
000962.SZ,20260608,53.14,54.18,50.4,50.76,243079,1268274.17056,-9.1137
000963.SZ,20260608,28.3,28.71,27.52,27.69,137052,382788.16976,-2.5686
000965.SZ,20260608,3.37,3.52,3.32,3.4,254240,87477.59775,-0.5848
000966.SZ,20260608,5.46,5.7,5.33,5.47,2499626,1376147.10772,0.9225
000967.SZ,20260608,10.08,10.66,10.01,10.17,919251,944349.29341,-4.0566
000968.SZ,20260608,7.33,7.54,7.28,7.38,331816,246024.76503,0.2717
000969.SZ,20260608,21.32,22.1,20.85,21.06,463463,992628.53153,-4.878
000970.SZ,20260608,12.5,12.63,12.11,12.63,405820,509939.79603,10.0174
000972.SZ,20260608,3.48,3.54,3.38,3.45,73773,25610.566,-2.8169
000973.SZ,20260608,13.58,14.15,13.51,13.71,440792,610586.53566,-1.4378
000975.SZ,20260608,20.54,20.88,19.82,20.3,577253,1178926.46195,-7.0513
000977.SZ,20260608,60.0,60.7,57.4,57.89,728961,4308222.5614,-6.8394
000978.SZ,20260608,6.51,6.69,6.27,6.38,171672,111136.14814,-3.7707
000980.SZ,20260608,2.45,2.58,2.38,2.43,1559365,383191.79563,-4.3307
000981.SZ,20260608,3.45,3.5,3.38,3.39,1955945,672640.6294,-4.7753
000983.SZ,20260608,7.75,8.07,7.49,7.53,1444315,1109548.35085,-3.3376
000985.SZ,20260608,16.56,17.05,16.39,16.64,18853,31552.031,-2.1752
000987.SZ,20260608,7.46,7.54,7.27,7.34,343082,254063.12117,-3.548
000988.SZ,20260608,146.0,154.78,146.0,148.85,687510,10296122.7006,-5.3117
000989.SZ,20260608,7.95,8.03,7.76,7.82,79245,62408.43438,-2.005
000990.SZ,20260608,9.07,9.36,8.93,9.07,283289,258395.58043,-1.9459
000993.SZ,20260608,12.95,13.39,12.25,12.31,262801,335519.14146,-8.8823
000995.SZ,20260608,11.93,12.28,11.25,11.32,149060,174347.92269,-6.136
000997.SZ,20260608,19.2,19.23,17.85,18.01,368137,683147.63747,-8.8563
000998.SZ,20260608,8.28,8.45,8.02,8.21,178775,146854.04685,-2.0286
000999.SZ,20260608,23.9,24.29,23.87,24.07,74147,178689.62491,-0.5783
001201.SZ,20260608,11.09,11.4,10.89,11.0,31533,34928.6628,-2.3091
001202.SZ,20260608,15.01,15.17,14.4,14.59,15698,23206.06005,-3.6328
001203.SZ,20260608,37.05,38.2,35.92,36.96,230428,853416.12884,-2.0408
001205.SZ,20260608,14.11,14.11,13.56,13.97,28111,38983.10848,-0.9922
001206.SZ,20260608,15.9,16.3,15.7,15.91,26544,42442.767,-0.6866
001207.SZ,20260608,18.11,18.28,17.5,17.91,66548,119365.8412,-3.9678
001208.SZ,20260608,16.0,16.55,15.4,15.53,176935,281669.848,-4.9572
001209.SZ,20260608,19.73,20.1,19.0,19.44,22991,45164.327,-2.8
001210.SZ,20260608,23.62,25.49,22.88,23.01,136805,326031.95516,-7.7016
001211.SZ,20260608,31.79,33.63,31.79,33.11,64919,212936.59164,0.6383
001212.SZ,20260608,51.0,52.11,48.5,48.85,88731,444968.58189,-7.8128
001213.SZ,20260608,3.74,3.75,3.66,3.69,103649,38343.263,-2.122
001215.SZ,20260608,37.72,40.25,37.07,38.47,50629,197612.85,0.6805
001216.SZ,20260608,16.0,16.48,15.45,15.68,26899,42723.376,-2.8501
001217.SZ,20260608,9.61,9.79,9.27,9.43,33502,31845.769,-3.3811
001218.SZ,20260608,24.04,25.8,24.04,24.55,32804,81829.93635,-0.8481
001219.SZ,20260608,13.26,13.45,13.01,13.14,31399,41455.48473,-2.7387
001220.SZ,20260608,31.64,31.93,30.22,30.48,10547,32749.70597,-3.7575
001221.SZ,20260608,44.39,45.15,42.71,42.99,16838,73682.43803,-5.3709
001222.SZ,20260608,14.93,15.3,14.6,14.72,28841,43103.72866,-1.932
001223.SZ,20260608,44.0,46.77,43.58,45.16,41798,189933.34977,-2.7981
001225.SZ,20260608,45.0,46.3,43.5,44.46,14642,65716.209,-4.5923
001226.SZ,20260608,49.78,51.16,47.81,51.0,15050,74889.118,1.5532
001227.SZ,20260608,2.1,2.12,2.08,2.1,451599,94682.93144,-0.4739
001228.SZ,20260608,26.46,27.85,25.6,25.95,21352,56909.468,-2.7726
001229.SZ,20260608,37.2,38.59,37.04,37.66,19880,75184.67916,-1.3361
001230.SZ,20260608,25.0,25.93,24.61,25.0,26657,67329.82303,-2.648
001231.SZ,20260608,21.09,21.5,20.0,20.42,15482,32049.568,-3.2686
001233.SZ,20260608,48.66,49.35,46.99,47.69,15160,72879.18833,-4.7153
001234.SZ,20260608,23.0,23.53,22.25,22.64,18431,42103.602,-3.2065
001236.SZ,20260608,7.66,7.83,7.44,7.5,111046,84536.64,-4.2146
001237.SZ,20260608,64.52,66.09,61.33,62.3,49312,313852.04134,-5.5345
001238.SZ,20260608,28.04,31.12,27.5,31.12,14985,44914.2882,10.0035
001239.SZ,20260608,13.05,13.25,12.71,12.9,18933,24574.339,-2.2727
001255.SZ,20260608,29.58,30.0,28.31,28.99,13259,38598.177,-3.943
001256.SZ,20260608,24.73,25.8,23.64,24.64,81241,200117.32006,-0.7252
001257.SZ,20260608,23.21,24.07,22.8,23.33,178729,418452.50712,-3.3954
001258.SZ,20260608,9.28,9.65,8.94,8.94,480937,441006.389,-9.9698
001259.SZ,20260608,69.29,70.54,66.68,68.45,47964,326743.93884,-2.9629
001260.SZ,20260608,18.6,18.85,17.77,18.16,14258,26157.90233,-2.6273
001266.SZ,20260608,44.26,46.5,43.56,45.15,35583,161338.90223,-3.07
001267.SZ,20260608,50.09,51.89,49.04,49.04,406649,2044005.1144,-10.0018
001268.SZ,20260608,39.29,40.5,37.05,38.09,27986,109332.631,-2.3333
001269.SZ,20260608,27.06,28.2,25.83,25.83,110054,295882.75737,-5.0368
001270.SZ,20260608,128.01,140.75,128.01,132.61,91000,1229543.2394,-3.6335
001277.SZ,20260608,31.17,31.91,30.43,31.03,10122,31581.481,-1.0838
001278.SZ,20260608,17.93,18.68,17.16,17.23,56899,101455.08702,-4.9641
001279.SZ,20260608,27.45,27.47,26.17,26.2,10654,28496.045,-5.6196
001280.SZ,20260608,67.0,69.0,66.39,66.97,88329,597632.74712,-3.8892
001282.SZ,20260608,17.62,18.1,17.3,17.55,24620,43587.97489,-1.9553
001283.SZ,20260608,52.43,53.4,49.43,49.85,73332,374918.5001,-8.3976
001285.SZ,20260608,44.53,45.01,43.27,43.8,13505,59762.76859,-3.863
001286.SZ,20260608,12.1,12.35,11.89,11.99,359186,432841.14545,-2.8363
001287.SZ,20260608,26.1,26.88,25.15,25.42,378226,985283.98,-8.1647
001288.SZ,20260608,24.03,24.74,23.74,24.13,35865,86625.5588,-1.4297
001289.SZ,20260608,17.85,19.84,17.85,18.51,167356,314348.05113,0.7073
001296.SZ,20260608,19.3,19.63,18.68,19.0,19250,36800.04607,-3.8948
001298.SZ,20260608,20.7,21.22,19.92,20.1,120668,247705.96485,-7.0305
001299.SZ,20260608,11.3,11.46,10.69,10.93,119748,131525.65639,-7.9191
001300.SZ,20260608,16.2,16.81,15.6,15.77,56992,92065.344,-4.5977
001301.SZ,20260608,85.0,88.66,82.1,88.66,67069,575343.8415,0.3055
001306.SZ,20260608,61.0,66.21,61.0,64.41,20569,132213.526,0.7981
001308.SZ,20260608,20.88,21.46,20.23,20.46,65410,135680.34649,-4.3478
001309.SZ,20260608,568.18,609.0,568.18,588.1,112052,6633702.61336,-6.7248
001311.SZ,20260608,19.99,20.43,19.42,19.76,41391,82552.81747,-3.5156
001312.SZ,20260608,20.05,20.29,19.35,19.7,31081,61564.05656,-2.9078
001313.SZ,20260608,7.2,7.24,6.84,7.06,150700,106069.588,-3.6835
001314.SZ,20260608,53.57,55.74,52.82,53.28,51783,280139.94797,-5.5152
001316.SZ,20260608,34.05,34.82,32.51,32.74,30056,101169.96984,-7.1995
001317.SZ,20260608,51.02,56.86,51.02,56.86,53787,295482.13286,10.0019
001318.SZ,20260608,11.29,11.62,11.09,11.25,22921,26003.5,-2.2589
001319.SZ,20260608,23.6,24.26,23.34,23.69,30967,73752.3991,-1.5378
001322.SZ,20260608,6.26,6.43,6.13,6.26,32375,20245.92318,-1.5723
001323.SZ,20260608,20.17,20.6,19.02,19.03,28150,55006.56741,-9.9385
001324.SZ,20260608,18.5,18.54,17.34,17.57,33759,60467.67414,-4.3549
001325.SZ,20260608,39.91,40.29,38.21,38.75,14591,57219.55185,-4.0604
001326.SZ,20260608,67.8,71.67,66.85,67.83,21287,147232.17,-2.3748
001328.SZ,20260608,27.97,28.65,27.52,28.1,12537,35198.35167,-2.7682
001330.SZ,20260608,7.42,7.89,6.99,6.99,1050830,762839.30286,-10.0386
001332.SZ,20260608,45.11,49.14,43.1,44.18,47462,216719.87236,-6.9895
001333.SZ,20260608,21.73,22.01,20.7,21.21,21246,45710.257,-4.3302
001335.SZ,20260608,48.16,49.0,45.6,46.36,12834,60231.0371,-4.0563
001336.SZ,20260608,26.18,26.98,24.81,25.25,21238,54914.15599,-1.9798
001337.SZ,20260608,44.91,46.68,42.98,43.67,124493,552397.69244,-8.5637
001338.SZ,20260608,10.4,10.53,10.14,10.21,54499,56171.27644,-3.3144
001339.SZ,20260608,97.0,105.16,97.0,101.85,99775,1016392.7637,-0.0393
001356.SZ,20260608,9.4,9.57,9.2,9.28,28296,26527.86266,-2.7254
001358.SZ,20260608,24.95,25.14,23.5,23.88,15786,38241.845,-5.4632
001359.SZ,20260608,89.0,95.49,88.52,93.22,21312,195924.53367,0.6261
001360.SZ,20260608,18.49,18.94,17.83,18.1,38943,71542.10789,-6.169
001365.SZ,20260608,42.07,44.0,41.63,42.4,61208,261512.67103,-3.0192
001366.SZ,20260608,13.57,14.55,13.15,13.46,60089,82543.988,-2.956
001367.SZ,20260608,19.37,19.51,18.6,18.94,15579,29608.41611,-2.7721
001368.SZ,20260608,24.08,25.21,23.77,24.17,25730,63126.987,-1.5077
001369.SZ,20260608,13.8,13.99,13.44,13.53,137323,188180.17446,-4.986
001373.SZ,20260608,35.51,36.03,33.22,34.01,17718,61535.685,-6.2052
001376.SZ,20260608,13.47,13.8,12.56,12.67,230209,301586.265,-7.5857
001378.SZ,20260608,20.38,20.6,19.12,19.36,60401,120492.86609,-5.561
001379.SZ,20260608,18.0,18.29,17.31,17.63,21325,38002.162,-3.4502
001380.SZ,20260608,17.12,17.37,16.64,16.87,17795,30232.79975,-3.1573
001382.SZ,20260608,19.99,20.44,19.96,20.21,31534,63598.34798,-1.2219
001386.SZ,20260608,15.42,15.72,15.01,15.23,31613,48605.94598,-3.4854
001387.SZ,20260608,11.91,12.46,11.85,12.0,42981,52252.636,-2.1207
001388.SZ,20260608,31.18,31.8,30.3,30.61,8898,27696.33451,-3.1329
001389.SZ,20260608,167.12,179.66,164.0,175.6,80112,1396076.06562,0.9079
001390.SZ,20260608,16.75,17.1,16.4,16.66,15712,26325.34188,-2.8571
001391.SZ,20260608,5.03,5.03,4.91,4.92,152810,75908.064,-2.7668
001393.SZ,20260608,62.22,66.16,61.01,61.57,62155,391579.22916,-5.3061
001395.SZ,20260608,35.16,36.15,34.81,35.89,5535,19706.58925,0.2514
001396.SZ,20260608,40.6,42.0,40.52,40.97,15696,64685.31384,-1.0386
001400.SZ,20260608,114.07,123.86,112.12,123.81,60969,727635.35891,6.5307
001696.SZ,20260608,14.3,15.95,14.29,15.95,401347,628554.64889,10.0
001872.SZ,20260608,21.63,21.63,21.03,21.18,18936,40304.679,-3.022
001896.SZ,20260608,19.87,21.5,19.0,19.6,2654679,5422822.78856,-1.4085
001965.SZ,20260608,9.37,9.58,9.36,9.54,120927,114363.12137,0.4211
001979.SZ,20260608,8.38,8.5,8.12,8.24,544479,452027.94698,-2.4852
002001.SZ,20260608,31.45,31.89,30.6,30.85,382599,1188656.68891,-2.804
002003.SZ,20260608,9.09,9.25,8.93,9.12,83291,75892.35582,0.33
002004.SZ,20260608,4.49,4.49,4.29,4.36,235660,103074.558,-2.2422
002005.SZ,20260608,2.74,2.83,2.7,2.81,111204,30923.028,0.0
002006.SZ,20260608,15.89,16.37,15.67,15.85,88779,142250.34604,-2.8799
002007.SZ,20260608,13.37,13.51,13.12,13.19,86264,114653.42905,-1.9331
002008.SZ,20260608,122.22,127.04,120.35,120.86,578765,7152025.88722,-5.4821
002009.SZ,20260608,21.5,24.03,21.45,23.74,520461,1183042.71053,8.3029
002010.SZ,20260608,4.96,5.1,4.81,4.89,310809,152894.76717,-4.1176
002011.SZ,20260608,11.1,11.22,10.68,10.84,233920,256245.63426,-4.3248
002012.SZ,20260608,7.36,7.65,7.15,7.2,280409,205296.86,-5.5118
002014.SZ,20260608,10.18,10.32,10.04,10.25,27121,27674.8708,0.6876
002015.SZ,20260608,21.27,22.2,20.09,20.09,1259127,2638340.90304,-9.991
002016.SZ,20260608,4.79,5.06,4.75,4.85,175496,85865.92116,-0.6148
002017.SZ,20260608,16.08,16.28,15.4,15.76,121677,193450.35779,-4.3689
002019.SZ,20260608,10.04,10.05,9.85,9.93,88518,88050.2775,-1.0956
002020.SZ,20260608,12.5,12.77,12.09,12.3,128091,158289.6316,-2.9968
002021.SZ,20260608,2.56,2.66,2.48,2.56,344864,88651.03889,-4.1199
002022.SZ,20260608,5.22,5.27,5.06,5.14,64970,33567.06294,-2.4668
002023.SZ,20260608,11.47,11.76,10.95,11.05,438709,497019.83945,-6.8297
002024.SZ,20260608,1.24,1.25,1.22,1.23,304609,37631.602,-2.381
002025.SZ,20260608,62.11,64.03,59.35,59.68,228225,1393350.24713,-7.9012
002026.SZ,20260608,12.1,12.42,12.02,12.2,58047,70805.39235,-1.6922
002027.SZ,20260608,5.36,5.44,5.26,5.29,1327843,707567.19213,-1.8553
002028.SZ,20260608,170.0,183.48,170.0,177.59,143939,2543030.20617,0.0563
002029.SZ,20260608,8.06,8.82,8.01,8.37,312190,264636.62386,2.952
002030.SZ,20260608,5.9,6.0,5.81,5.82,426808,251589.48835,-4.4335
002031.SZ,20260608,6.36,6.92,6.36,6.85,2545209,1706199.29148,2.6987
002032.SZ,20260608,44.15,44.45,43.33,43.64,18838,82533.184,-1.1775
002033.SZ,20260608,8.7,8.85,8.48,8.63,249036,215526.69991,-1.9318
002034.SZ,20260608,17.91,18.76,17.8,18.07,109728,200812.70267,-1.9001
002035.SZ,20260608,4.98,5.01,4.86,4.9,77509,38225.07,-2.3904
002036.SZ,20260608,8.71,8.98,8.57,8.62,557325,489315.92789,-5.1705
002037.SZ,20260608,7.01,7.21,6.84,6.95,67529,47310.079,-3.0683
002038.SZ,20260608,5.61,5.67,5.4,5.46,204629,113322.6188,-2.5
002039.SZ,20260608,20.02,22.18,19.75,20.83,212071,440447.58854,1.5602
002040.SZ,20260608,8.81,8.88,8.45,8.54,88001,76222.752,-4.4743
002041.SZ,20260608,8.35,8.52,8.14,8.24,133257,110580.207,-2.7155
002042.SZ,20260608,3.78,3.88,3.67,3.72,331082,124566.19087,-4.1237
002043.SZ,20260608,12.37,12.45,11.98,12.29,100586,123188.54504,-0.8071
002044.SZ,20260608,5.21,5.33,5.11,5.17,1021638,532561.71412,-3.0019
002045.SZ,20260608,8.94,9.1,8.6,8.77,144474,127805.984,-3.8377
002046.SZ,20260608,52.4,60.37,52.2,60.37,432559,2530874.85351,10.0036
002047.SZ,20260608,4.68,4.68,4.3,4.36,449804,198855.2385,-8.4034
002048.SZ,20260608,25.18,27.33,25.07,26.59,280162,744965.59403,2.8627
002049.SZ,20260608,72.3,73.39,69.61,69.98,339540,2429782.29737,-6.8672
002050.SZ,20260608,45.5,48.63,45.5,47.38,1599774,7617251.44983,-0.2736
002051.SZ,20260608,11.55,11.6,10.89,11.12,674989,751862.57955,-5.5225
002052.SZ,20260608,9.08,9.43,8.9,9.09,179811,164525.45967,-3.5032
002053.SZ,20260608,11.06,11.42,10.71,10.76,180467,198114.74686,-5.9441
002054.SZ,20260608,7.4,7.63,7.23,7.33,101751,75549.20798,-3.5526
002055.SZ,20260608,6.16,6.45,6.12,6.28,326645,204450.27131,-2.3328
002056.SZ,20260608,27.59,28.19,26.34,26.5,809897,2204578.26576,-9.1221
002057.SZ,20260608,9.82,10.22,9.65,9.76,321601,318845.31557,-2.9821
002058.SZ,20260608,23.51,24.1,23.06,23.06,9652,22532.086,-4.9856
002059.SZ,20260608,4.45,4.58,4.38,4.51,121275,54168.08206,-0.2212
002060.SZ,20260608,3.42,3.46,3.37,3.4,273437,93200.93756,-2.5788
002061.SZ,20260608,3.47,3.49,3.39,3.45,197124,67866.997,-1.4286
002062.SZ,20260608,7.63,7.97,7.45,7.59,215281,165846.14596,-2.5674
002063.SZ,20260608,5.54,5.62,5.46,5.51,311835,172775.12808,-2.8219
002064.SZ,20260608,10.31,10.75,10.23,10.3,821934,863675.10057,0.7828
002065.SZ,20260608,7.12,7.25,6.97,7.03,414773,294653.21476,-3.4341
002066.SZ,20260608,24.0,24.58,23.0,23.58,53156,125749.438,-2.6424
002067.SZ,20260608,4.58,4.69,4.53,4.58,351111,161734.1331,-3.3755
002068.SZ,20260608,10.45,10.82,10.1,10.3,347563,363757.52284,-4.2751
002069.SZ,20260608,3.37,3.42,3.18,3.25,122565,40329.04892,-4.1298
002072.SZ,20260608,8.99,9.1,8.48,8.61,264326,231918.1417,-5.2805
002073.SZ,20260608,5.62,5.75,5.53,5.59,219853,123853.104,-1.7575
002074.SZ,20260608,29.48,29.88,28.4,28.76,344731,1005340.2447,-4.1653
002075.SZ,20260608,3.61,3.66,3.49,3.55,373716,133209.07313,-3.2698
002076.SZ,20260608,2.49,2.59,2.44,2.47,272652,68339.909,-3.1373
002077.SZ,20260608,15.91,16.29,15.33,15.5,300615,474936.74992,-6.9628
002078.SZ,20260608,13.06,13.3,12.73,12.99,204190,264595.88514,-1.4416
002079.SZ,20260608,11.89,12.12,11.37,11.47,383848,449840.69138,-6.4437
002080.SZ,20260608,59.25,61.79,57.8,58.8,491005,2918659.19406,-6.2649
002081.SZ,20260608,5.72,5.88,5.32,5.43,2487996,1380270.01667,-6.0554
002082.SZ,20260608,13.38,13.93,13.3,13.92,198852,274832.53372,4.8983
002083.SZ,20260608,9.08,9.34,8.95,9.09,203649,185563.813,-2.8846
002084.SZ,20260608,3.23,3.32,3.11,3.18,133104,42757.59395,-3.0488
002085.SZ,20260608,11.39,12.68,11.39,12.31,967420,1167544.67151,6.1207
002086.SZ,20260608,1.9,1.94,1.85,1.86,450683,84773.50962,-3.125
002088.SZ,20260608,8.5,8.62,8.18,8.31,32669,27398.26757,-3.9306
002090.SZ,20260608,9.88,10.16,9.53,9.72,95693,94247.6277,-3.3797
002091.SZ,20260608,7.79,7.95,7.75,7.91,150265,118058.1507,-1.0013
002092.SZ,20260608,4.47,4.54,4.31,4.36,628843,276895.92164,-3.9648
002093.SZ,20260608,7.19,7.29,6.97,7.07,141340,100693.762,-2.3481
002094.SZ,20260608,4.97,5.08,4.81,4.88,201007,99198.3702,-3.7475
002095.SZ,20260608,13.61,13.98,13.37,13.64,26252,35875.205,-1.941
002096.SZ,20260608,12.12,12.14,10.95,10.95,282097,320860.03077,-10.0247
002097.SZ,20260608,8.35,8.55,8.16,8.34,238726,199666.08216,-1.1848
002098.SZ,20260608,7.06,7.28,6.94,7.06,37232,26413.7418,-2.2161
002099.SZ,20260608,5.44,5.57,5.22,5.3,260293,139795.3691,-5.0179
002100.SZ,20260608,6.39,6.53,6.24,6.3,170253,108693.01763,-1.5625
002101.SZ,20260608,8.8,8.91,8.6,8.72,97715,85545.32184,-2.1324
002102.SZ,20260608,2.25,2.28,2.21,2.24,138115,30922.42,-1.3216
002103.SZ,20260608,6.63,6.76,6.47,6.58,78885,52258.5724,-1.791
002104.SZ,20260608,11.57,11.88,11.12,11.33,220595,252796.60006,-4.2265
002105.SZ,20260608,5.68,5.85,5.47,5.63,99655,56507.73252,-3.5959
002106.SZ,20260608,13.0,13.75,12.74,13.09,625253,826727.65095,-3.1805
002107.SZ,20260608,6.13,6.26,5.97,6.05,99139,60506.78587,-2.7331
002108.SZ,20260608,4.66,4.74,4.48,4.57,434497,200044.67554,-3.7895
002109.SZ,20260608,2.78,2.84,2.76,2.79,77624,21746.28325,-1.0638
002110.SZ,20260608,3.04,3.06,2.94,2.98,264652,79155.93,-2.9316
002111.SZ,20260608,9.78,9.99,9.45,9.59,97043,94170.8558,-4.2914
002112.SZ,20260608,17.01,17.46,16.61,16.85,115237,196005.40819,-4.6406
002114.SZ,20260608,7.27,7.42,6.94,7.1,98795,70949.563,-5.3333
002115.SZ,20260608,11.89,12.47,11.73,11.84,574752,690817.25874,-3.7398
002116.SZ,20260608,8.9,9.03,8.75,8.87,24356,21626.941,-1.2249
002117.SZ,20260608,9.1,9.63,9.02,9.41,124860,117340.89576,1.9502
002119.SZ,20260608,23.4,24.8,23.25,24.19,301713,729507.89578,-2.5775
002120.SZ,20260608,6.66,6.71,6.49,6.56,321985,212352.75365,-2.6706
002121.SZ,20260608,6.73,6.84,6.38,6.49,509303,336641.45725,-6.4841
002122.SZ,20260608,2.56,2.59,2.5,2.54,165378,42129.7477,-2.682
002123.SZ,20260608,7.85,8.0,7.65,7.76,147847,115409.17894,-3.1211
002124.SZ,20260608,2.35,2.46,2.31,2.33,856797,203172.592,-2.1008
002125.SZ,20260608,16.4,16.9,15.66,15.84,599780,971576.83412,-6.7138
002126.SZ,20260608,48.2,49.58,47.32,47.88,173796,842996.63196,-4.3548
002127.SZ,20260608,2.84,2.92,2.78,2.81,295949,84077.057,-1.7483
002128.SZ,20260608,28.54,29.24,27.96,28.61,160006,456418.91701,-1.4128
002129.SZ,20260608,9.14,9.69,8.91,8.92,2173392,2005001.94114,-5.3079
002130.SZ,20260608,19.78,19.8,18.97,19.05,525511,1021030.37081,-7.3444
002131.SZ,20260608,5.41,5.64,5.32,5.47,2595605,1428683.65751,-2.3214
002132.SZ,20260608,5.53,5.85,5.48,5.78,1598851,909010.34439,-1.3652
002133.SZ,20260608,2.78,2.87,2.72,2.77,174560,48757.67444,-2.1201
002134.SZ,20260608,25.5,27.32,25.09,25.99,157208,416834.143,-2.1461
002135.SZ,20260608,7.31,7.39,6.9,7.02,321072,227828.61449,-5.7718
002136.SZ,20260608,12.12,12.34,11.66,11.97,89618,107559.82512,-3.8554
002137.SZ,20260608,9.57,10.31,9.51,9.81,814694,804356.87609,-5.2174
002138.SZ,20260608,54.0,59.5,53.96,55.66,1270878,7200731.85056,0.0899
002139.SZ,20260608,9.98,10.4,9.9,10.19,338770,346821.32064,0.6917
002140.SZ,20260608,9.92,10.07,9.65,9.75,58601,57611.56963,-3.1778
002141.SZ,20260608,3.04,3.15,2.98,3.03,173747,53033.21,-3.5032
002142.SZ,20260608,30.47,31.22,30.35,31.01,346463,1069811.47653,1.4725
002144.SZ,20260608,11.46,11.77,11.12,11.34,43219,49510.0556,-2.0725
002145.SZ,20260608,4.3,4.42,4.13,4.2,726865,309422.03592,-4.5455
002146.SZ,20260608,1.25,1.31,1.24,1.28,1257479,160576.39912,0.7874
002148.SZ,20260608,6.49,6.63,6.23,6.31,156573,100249.82371,-4.1033
002149.SZ,20260608,61.5,66.66,61.5,63.38,563923,3622894.46904,-2.4923
002150.SZ,20260608,26.0,26.75,25.09,25.49,139458,360310.64739,-6.3212
002151.SZ,20260608,33.9,35.03,32.7,33.12,190189,641245.32229,-5.2089
002152.SZ,20260608,9.99,10.07,9.7,9.82,281242,278448.32283,-3.4415
002153.SZ,20260608,7.9,8.07,7.72,7.85,195493,154432.1349,-2.6055
002154.SZ,20260608,3.97,3.98,3.82,3.86,330324,128716.338,-3.9801
002155.SZ,20260608,23.23,23.87,22.74,23.03,435155,1011215.05291,-5.8078
002156.SZ,20260608,63.0,64.58,61.08,62.26,1215682,7660776.891,-6.8522
002157.SZ,20260608,3.0,3.07,2.98,3.01,1395662,420695.84863,-0.9868
002158.SZ,20260608,27.75,28.22,26.66,27.25,106406,292080.99132,-4.4195
002159.SZ,20260608,14.35,14.48,13.74,13.95,38485,54084.188,-3.527
002160.SZ,20260608,4.28,4.35,4.09,4.17,229086,96490.11856,-5.0114
002161.SZ,20260608,5.93,6.02,5.65,5.73,197362,114811.99328,-4.9751
002162.SZ,20260608,3.72,3.79,3.62,3.66,128966,47658.4546,-3.1746
002163.SZ,20260608,9.73,9.9,9.31,9.44,222601,213283.31939,-4.2596
002164.SZ,20260608,13.02,14.66,13.02,14.66,546568,782520.93981,9.9775
002165.SZ,20260608,6.53,6.95,6.41,6.77,690993,465967.45904,1.9578
002166.SZ,20260608,7.6,7.73,7.37,7.5,72373,54566.62316,-2.5974
002167.SZ,20260608,12.96,13.64,12.5,12.75,623321,809954.26389,-6.5934
002168.SZ,20260608,3.59,3.66,3.55,3.56,49094,17657.3814,-2.4658
002169.SZ,20260608,15.44,16.55,15.1,15.26,421574,666525.09287,-3.1726
002170.SZ,20260608,11.3,11.45,10.98,11.08,192272,214525.54324,-3.9861
002171.SZ,20260608,12.51,13.24,12.45,13.24,1460202,1894944.27569,3.035
002172.SZ,20260608,3.22,3.29,3.14,3.18,159359,51206.87324,-2.454
002173.SZ,20260608,17.29,18.38,17.01,17.24,246679,435876.49343,-2.3229
002174.SZ,20260608,10.44,11.11,10.37,10.75,402473,435638.24518,0.5613
002175.SZ,20260608,2.43,2.48,2.38,2.38,222108,53594.49274,-4.8
002176.SZ,20260608,10.83,11.23,10.44,10.63,795253,863083.59998,-3.8009
002177.SZ,20260608,6.35,6.52,6.11,6.22,314162,197866.12844,-5.1829
002178.SZ,20260608,5.3,5.42,5.15,5.42,146412,77177.065,0.0
002179.SZ,20260608,36.77,37.35,35.12,35.33,479001,1728609.59226,-6.4849
002180.SZ,20260608,14.89,16.0,14.8,15.9,304200,474558.27332,4.3992
002181.SZ,20260608,14.75,16.0,14.66,15.63,1198433,1858705.98207,3.9229
002182.SZ,20260608,13.56,13.75,12.93,13.13,286403,381163.00578,-6.2143
002183.SZ,20260608,6.79,6.93,6.31,6.4,2207858,1461111.0477,-8.7019
002184.SZ,20260608,11.53,11.95,11.34,11.54,121940,142947.31504,-1.7872
002185.SZ,20260608,16.92,17.55,16.55,16.8,3311611,5661367.47597,-7.0796
002186.SZ,20260608,9.15,9.39,9.02,9.14,32718,30070.0446,-2.6624
002187.SZ,20260608,5.48,5.68,5.33,5.41,222059,122958.94137,-2.5225
002188.SZ,20260608,5.68,6.05,5.51,5.63,129960,74571.15149,-4.5763
002189.SZ,20260608,20.26,20.46,19.43,19.65,40718,81090.78365,-4.9347
002190.SZ,20260608,24.99,25.88,24.74,25.07,41484,104845.63735,-3.8727
002191.SZ,20260608,3.79,3.86,3.74,3.85,218540,83135.21735,-0.5168
002192.SZ,20260608,75.19,78.85,72.59,74.1,174009,1312790.66475,-3.5031
002193.SZ,20260608,4.62,4.83,4.55,4.62,48060,22560.576,-3.5491
002194.SZ,20260608,12.02,12.93,11.77,12.42,921010,1128291.13185,2.3064
002195.SZ,20260608,7.2,7.4,7.08,7.15,1341758,969212.14914,-3.5088
002196.SZ,20260608,13.18,14.15,13.18,14.0,566457,785674.28292,2.3392
002197.SZ,20260608,6.42,6.56,6.18,6.28,167759,106913.07469,-4.1221
002198.SZ,20260608,3.85,3.93,3.76,3.81,70378,27006.47865,-2.8061
002199.SZ,20260608,13.3,13.3,12.66,12.79,44523,57428.174,-3.3258
002200.SZ,20260608,6.71,7.04,6.6,6.71,59200,39952.72277,-2.7536
002201.SZ,20260608,10.47,10.69,10.1,10.22,229147,237803.86508,-3.3113
002202.SZ,20260608,22.17,22.98,21.58,21.69,1211201,2677321.65826,-5.6957
002203.SZ,20260608,17.89,18.39,17.68,17.9,417877,753258.79428,-5.9874
002204.SZ,20260608,5.7,5.76,5.55,5.64,208995,118394.6738,-2.4221
002205.SZ,20260608,12.48,12.68,11.96,12.18,37114,45693.619,-2.09
002206.SZ,20260608,5.29,5.33,5.08,5.12,207350,107670.69432,-4.4776
002207.SZ,20260608,8.54,8.9,8.41,8.41,173905,149276.80636,-4.9718
002208.SZ,20260608,15.61,16.0,15.15,15.25,456763,711032.3371,-5.7478
002209.SZ,20260608,12.33,12.66,11.93,12.0,54528,66840.187,-4.4586
002210.SZ,20260608,2.58,2.65,2.5,2.53,849394,218006.23302,-4.8872
002211.SZ,20260608,3.7,3.85,3.61,3.66,106305,39674.248,-2.9178
002212.SZ,20260608,6.35,6.44,6.16,6.25,312797,197084.0329,-3.698
002213.SZ,20260608,35.93,37.68,34.86,35.55,210393,759562.10072,-5.8528
002214.SZ,20260608,14.51,14.94,14.26,14.3,74275,107651.5614,-3.5088
002215.SZ,20260608,8.73,8.95,8.68,8.85,122688,107869.5599,-0.4499
002216.SZ,20260608,12.35,12.66,11.92,12.1,93328,113491.4831,-1.7059
002217.SZ,20260608,2.45,2.52,2.34,2.39,3471811,842874.79,-5.9055
002218.SZ,20260608,4.46,4.57,4.26,4.31,619750,272947.17852,-5.4825
002219.SZ,20260608,2.14,2.17,2.12,2.14,508323,108822.69584,-0.9259
002221.SZ,20260608,6.5,6.65,6.26,6.31,233635,149746.3688,-5.5389
002222.SZ,20260608,88.08,90.86,85.98,86.5,324352,2864775.42127,-8.3686
002223.SZ,20260608,25.57,26.05,25.0,25.3,104588,265837.38679,-2.392
002224.SZ,20260608,3.66,3.72,3.58,3.61,119106,43438.714,-3.2172
002225.SZ,20260608,3.83,4.17,3.81,4.16,886419,354246.50604,6.3939
002226.SZ,20260608,5.06,5.17,5.01,5.11,222913,113570.9928,-0.1953
002227.SZ,20260608,8.0,8.11,7.81,7.81,46764,36901.579,-4.9878
002228.SZ,20260608,3.3,3.35,3.19,3.24,190630,62256.93772,-2.994
002229.SZ,20260608,13.5,15.08,13.46,14.74,592506,851674.65135,4.539
002230.SZ,20260608,45.0,45.39,43.96,44.12,437577,1958185.10129,-4.1495
002232.SZ,20260608,14.9,15.34,14.85,15.11,43684,65900.78566,-0.0661
002233.SZ,20260608,8.02,8.13,7.92,8.12,104020,83481.0427,1.7544
002234.SZ,20260608,7.2,7.8,7.15,7.27,146403,108123.86346,1.3947
002235.SZ,20260608,10.28,10.54,9.98,10.29,500067,513646.97579,-2.9245
002236.SZ,20260608,16.62,16.77,16.37,16.46,358819,594525.08088,-2.7187
002237.SZ,20260608,12.72,13.03,12.39,12.6,236871,301919.66389,-4.9774
002238.SZ,20260608,6.2,6.37,6.07,6.19,62329,38834.794,-2.5197
002239.SZ,20260608,2.57,2.6,2.48,2.52,572793,145326.86692,-3.0769
002240.SZ,20260608,43.0,45.02,41.56,42.62,497506,2154119.74163,-2.1355
002241.SZ,20260608,23.9,24.25,22.96,23.1,1445180,3407626.18193,-6.9299
002242.SZ,20260608,8.48,8.6,8.23,8.37,85314,71791.99597,-2.7875
002243.SZ,20260608,8.9,9.37,8.63,8.75,330799,299846.98885,-5.5076
002244.SZ,20260608,9.47,9.61,9.15,9.29,252641,236306.56298,-3.2292
002245.SZ,20260608,19.9,20.56,19.65,19.9,880959,1761722.67686,-3.2101
002246.SZ,20260608,20.69,21.91,20.5,20.97,223767,477320.38101,-0.569
002247.SZ,20260608,2.42,2.5,2.35,2.39,246556,59526.982,-3.2389
002248.SZ,20260608,9.86,10.19,9.66,9.84,122817,122172.611,-2.381
002249.SZ,20260608,8.2,8.53,8.1,8.38,520193,436363.09596,0.0
002250.SZ,20260608,13.82,13.87,13.25,13.54,188431,255601.61135,-3.6299
002251.SZ,20260608,4.82,5.01,4.66,4.66,3967934,1918093.81283,-4.1152
002252.SZ,20260608,5.22,5.24,5.09,5.1,349117,179816.78375,-1.7341
002253.SZ,20260608,10.88,11.11,10.72,10.93,34047,37137.9276,-2.4978
002254.SZ,20260608,15.11,17.08,15.11,17.08,689579,1139020.3411,9.9807
002255.SZ,20260608,9.25,9.4,8.91,9.06,197127,180135.09595,-3.9236
002256.SZ,20260608,3.97,4.11,3.86,3.89,803370,318883.51707,-5.5825
002258.SZ,20260608,13.3,13.35,12.75,12.75,253742,328973.4217,-4.6372
002259.SZ,20260608,4.67,4.74,4.48,4.55,137059,62883.372,-3.397
002261.SZ,20260608,27.25,28.17,26.65,27.05,500198,1366431.85869,-4.72
002262.SZ,20260608,19.22,19.4,18.71,19.4,103643,197648.31028,0.4141
002263.SZ,20260608,3.7,3.81,3.61,3.66,1017550,376934.486,-4.4386
002264.SZ,20260608,6.5,6.68,6.31,6.43,158391,102926.293,-3.0166
002265.SZ,20260608,19.47,20.07,19.01,19.56,64092,125838.7142,-1.9057
002266.SZ,20260608,4.83,4.85,4.52,4.57,1007305,471397.58494,-7.4899
002267.SZ,20260608,7.39,7.46,7.27,7.33,61581,45232.50149,-0.9459
002268.SZ,20260608,13.72,13.83,13.2,13.44,95720,129281.31921,-2.3965
002269.SZ,20260608,1.53,1.57,1.52,1.54,563482,86706.426,-0.6452
002270.SZ,20260608,19.85,20.3,19.32,19.58,198070,391111.02666,-4.9053
002271.SZ,20260608,12.62,12.88,12.05,12.3,447187,555680.12152,-3.9813
002272.SZ,20260608,18.05,19.2,18.05,18.32,344643,641649.66292,-3.5789
002273.SZ,20260608,34.48,36.19,34.08,34.23,720478,2515695.79014,-5.4942
002274.SZ,20260608,5.55,5.8,5.35,5.4,251181,138356.02969,-3.2258
002275.SZ,20260608,13.06,13.16,12.78,12.94,18317,23653.89381,-0.9946
002276.SZ,20260608,11.48,11.79,11.22,11.39,212807,244912.57904,-2.2318
002277.SZ,20260608,6.38,6.65,6.37,6.37,252535,163712.73826,-4.9254
002278.SZ,20260608,8.77,9.28,8.72,9.06,182964,165111.8111,1.9123
002279.SZ,20260608,6.71,7.09,6.7,6.84,299374,206995.90465,-2.7027
002281.SZ,20260608,210.0,218.97,206.0,206.99,601099,12687564.2853,-9.0474
002282.SZ,20260608,6.19,6.28,6.07,6.16,43058,26578.64534,-1.5974
002283.SZ,20260608,10.31,10.71,10.08,10.19,312903,323726.35504,-4.588
002284.SZ,20260608,11.26,11.33,10.82,10.96,183760,203455.72124,-4.4464
002285.SZ,20260608,2.52,2.56,2.39,2.45,427196,105730.0416,-3.5433
002286.SZ,20260608,8.59,9.04,8.52,8.94,85969,76285.632,2.1714
002287.SZ,20260608,20.55,20.64,19.92,20.18,17595,35583.58278,-1.8482
002289.SZ,20260608,38.25,39.37,37.85,38.54,26272,101070.1615,-2.1827
002290.SZ,20260608,78.84,81.59,76.0,78.55,94152,747282.59023,-5.7815
002291.SZ,20260608,5.59,5.75,5.5,5.54,229783,128878.30794,-3.4843
002292.SZ,20260608,6.79,7.4,6.76,7.1,452918,318959.24973,1.5737
002293.SZ,20260608,9.57,9.69,9.51,9.57,49793,47789.6583,-0.829
002294.SZ,20260608,32.0,32.57,30.82,31.22,184051,580841.4233,-3.2838
002295.SZ,20260608,9.83,10.04,9.45,9.65,44369,43230.02,-3.7886
002296.SZ,20260608,10.0,10.13,9.65,9.74,102473,101137.11624,-4.2281
002297.SZ,20260608,19.3,21.05,19.1,19.81,664786,1344556.44424,-3.0822
002298.SZ,20260608,8.51,8.65,8.13,8.25,289662,242740.91586,-5.9293
002299.SZ,20260608,16.16,16.56,15.84,15.98,120464,195310.09874,-1.8428
002300.SZ,20260608,7.91,8.12,7.68,7.8,227260,179246.28265,-5.2248
002301.SZ,20260608,7.39,7.57,7.19,7.27,152702,112003.235,-2.8075
002302.SZ,20260608,5.0,5.03,4.83,4.91,86366,42483.93553,-1.996
002303.SZ,20260608,3.19,3.25,3.14,3.18,112712,35937.94308,-2.1538
002304.SZ,20260608,43.3,43.75,42.1,42.25,59268,253356.59362,-2.4249
002305.SZ,20260608,2.2,2.27,2.17,2.2,219880,48637.465,-1.7857
002306.SZ,20260608,2.16,2.19,2.09,2.13,99174,21194.109,-2.7397
002307.SZ,20260608,3.9,3.92,3.8,3.82,190857,73619.80084,-3.7783
002309.SZ,20260608,3.36,3.43,3.27,3.31,1371049,459026.973,-3.7791
002310.SZ,20260608,2.66,2.69,2.54,2.55,1268632,330581.365,-6.25
002311.SZ,20260608,43.55,45.6,43.55,44.13,90412,402049.30907,0.0907
002312.SZ,20260608,8.45,8.6,8.18,8.27,242547,202968.52187,-4.0603
002313.SZ,20260608,8.84,9.1,8.5,8.65,93242,82017.413,-4.5254
002314.SZ,20260608,2.54,2.75,2.53,2.66,1765977,475319.20922,6.4
002315.SZ,20260608,26.0,26.51,25.61,25.91,56777,147916.4433,-1.4829
002316.SZ,20260608,4.72,4.93,4.55,4.64,166416,78603.62882,-4.5267
002317.SZ,20260608,21.5,22.77,21.43,21.81,311698,688893.68083,-0.2743
002318.SZ,20260608,22.52,23.13,21.91,22.09,114287,256186.35324,-3.3683
002319.SZ,20260608,12.21,12.21,10.91,11.17,154265,176412.33123,-6.839
002320.SZ,20260608,7.12,7.27,6.9,6.97,217524,153844.71952,-3.4626
002321.SZ,20260608,1.86,1.94,1.83,1.85,276380,51977.282,-2.1164
002322.SZ,20260608,10.8,10.98,10.5,10.65,39898,42834.427,-3.9675
002323.SZ,20260608,1.44,1.49,1.43,1.43,1027602,149154.17219,-4.6667
002324.SZ,20260608,12.0,12.18,11.45,11.59,230040,271652.37205,-5.0778
002326.SZ,20260608,21.36,23.28,21.08,23.13,659260,1501090.50905,5.6164
002327.SZ,20260608,7.1,7.1,6.92,6.96,45279,31651.77846,-1.9718
002328.SZ,20260608,8.42,8.53,7.87,8.0,527669,432298.13625,-6.7599
002329.SZ,20260608,3.44,3.79,3.21,3.36,963828,336736.4628,-5.618
002330.SZ,20260608,3.89,4.03,3.83,3.88,125446,49290.226,-2.0202
002331.SZ,20260608,8.57,8.95,8.41,8.66,140246,122168.6546,-2.0362
002332.SZ,20260608,8.28,8.34,8.19,8.25,71280,58843.903,-1.0791
002333.SZ,20260608,4.95,5.01,4.85,4.9,68714,33782.629,-1.2097
002334.SZ,20260608,8.92,9.29,8.83,8.94,484746,438186.12036,-2.5082
002335.SZ,20260608,37.0,37.93,35.92,36.01,273083,1005802.5206,-6.4918
002337.SZ,20260608,5.17,5.26,5.0,5.09,88337,45344.696,-3.2319
002338.SZ,20260608,52.01,52.85,49.57,50.27,57439,292943.52012,-5.5253
002339.SZ,20260608,8.06,8.21,7.79,7.9,144671,115690.89477,-4.474
002340.SZ,20260608,7.01,7.09,6.76,6.85,1619538,1124117.79815,-4.8611
002342.SZ,20260608,10.76,12.21,10.69,11.66,2073439,2413865.67242,5.045
002343.SZ,20260608,4.93,5.13,4.85,4.96,125149,62347.168,-2.3622
002344.SZ,20260608,3.85,3.92,3.73,3.81,128555,49411.311,-2.5575
002345.SZ,20260608,9.2,9.2,8.44,8.56,191848,166435.686,-4.4643
002346.SZ,20260608,17.5,18.1,16.66,16.85,60539,104323.156,-5.6022
002347.SZ,20260608,6.85,7.08,6.77,6.88,199829,138649.19094,-1.4327
002348.SZ,20260608,12.79,13.47,12.56,12.9,343197,447320.077,-3.5153
002349.SZ,20260608,6.66,6.7,6.48,6.5,93862,61756.3596,-2.9851
002350.SZ,20260608,14.11,14.5,13.71,14.08,123134,173362.67806,-3.1637
002351.SZ,20260608,10.69,10.82,10.53,10.63,95776,102320.327,-2.7447
002352.SZ,20260608,34.59,34.77,34.34,34.58,158973,548811.78132,-0.8032
002353.SZ,20260608,141.52,149.2,140.28,147.22,217070,3163619.98599,-2.2963
002354.SZ,20260608,7.1,7.33,7.0,7.33,1102835,798883.80024,10.0601
002355.SZ,20260608,5.0,5.29,4.98,5.05,192390,98416.17,-3.2567
002356.SZ,20260608,3.14,3.21,3.08,3.19,364058,114671.8693,0.0
002357.SZ,20260608,10.17,10.47,9.88,9.93,88764,89872.412,-4.8851
002358.SZ,20260608,6.0,6.2,5.92,5.99,209451,126835.247,-4.0064
002360.SZ,20260608,5.73,5.88,5.7,5.76,78701,45474.15244,-2.3729
002361.SZ,20260608,17.51,18.49,17.51,18.49,2640663,4823312.81,9.9941
002362.SZ,20260608,15.9,17.89,15.77,17.89,97396,167527.50477,10.0246
002363.SZ,20260608,6.97,7.06,6.73,6.85,66222,45758.9528,-2.5605
002364.SZ,20260608,50.27,55.43,50.27,52.41,469008,2484384.58015,-1.0198
002365.SZ,20260608,11.31,11.5,10.97,11.14,69203,77440.898,-2.7074
002366.SZ,20260608,6.14,6.24,5.98,6.04,380487,231853.5502,-3.8217
002367.SZ,20260608,5.54,5.62,5.43,5.47,66519,36675.015,-3.1858
002368.SZ,20260608,15.57,15.82,15.11,15.25,105752,163574.06676,-3.603
002369.SZ,20260608,6.21,6.32,5.92,6.01,199077,121626.76293,-5.205
002370.SZ,20260608,5.52,5.74,5.41,5.5,175774,98151.17633,-2.6549
002371.SZ,20260608,570.04,598.8,568.22,585.74,97859,5746335.58932,-2.9203
002372.SZ,20260608,9.45,9.45,9.18,9.27,68406,63491.90588,-1.9048
002373.SZ,20260608,7.45,7.64,7.35,7.47,251892,188643.71257,-2.2251
002374.SZ,20260608,3.37,3.68,3.33,3.48,476836,166824.8104,1.4577
002375.SZ,20260608,3.96,4.08,3.87,3.93,207934,82511.35442,-2.7228
002376.SZ,20260608,6.3,6.42,6.13,6.21,117782,73728.6536,-3.7209
002377.SZ,20260608,2.78,2.88,2.72,2.76,261311,73061.6726,-3.4965
002378.SZ,20260608,28.6,31.58,28.51,30.1,761834,2280696.02213,1.3809
002379.SZ,20260608,18.01,18.2,17.24,17.48,606854,1074006.77375,-6.1728
002380.SZ,20260608,37.73,39.84,37.11,37.9,100824,388006.66379,-1.3278
002381.SZ,20260608,5.64,5.76,5.55,5.63,57831,32689.92765,-1.4011
002382.SZ,20260608,6.01,6.15,5.81,5.89,172407,102657.94707,-3.4426
002383.SZ,20260608,7.65,7.79,7.37,7.46,152297,115293.623,-4.8469
002384.SZ,20260608,210.0,220.5,209.0,213.0,705983,15134536.363,-3.7984
002385.SZ,20260608,3.21,3.26,3.15,3.2,690479,220796.3196,-1.5385
002386.SZ,20260608,5.7,5.77,5.5,5.52,208223,116891.92672,-4.4983
002387.SZ,20260608,9.0,9.25,8.65,8.69,885677,791585.2538,-6.1555
002388.SZ,20260608,5.41,5.52,5.13,5.24,415796,221985.265,-6.2612
002389.SZ,20260608,18.69,19.12,18.31,18.5,177599,332012.765,-2.2715
002390.SZ,20260608,2.93,2.96,2.86,2.9,219366,63813.71801,-2.027
002391.SZ,20260608,5.35,5.53,5.3,5.39,68868,37303.641,-1.8215
002392.SZ,20260608,7.88,7.95,7.48,7.64,288763,222704.274,-4.7382
002393.SZ,20260608,14.3,14.45,13.89,14.06,22060,31207.66892,-2.3611
002394.SZ,20260608,9.8,10.06,9.49,9.61,77158,75113.33617,-3.3199
002395.SZ,20260608,15.14,15.96,14.51,14.55,144602,219309.85153,-7.2066
002396.SZ,20260608,20.6,20.8,19.19,19.19,421496,836695.15065,-9.9906
002397.SZ,20260608,4.43,4.79,4.25,4.32,209015,92581.77701,-4.6358
002398.SZ,20260608,4.32,4.4,4.2,4.27,160474,69120.3156,-2.9545
002399.SZ,20260608,9.6,9.74,9.31,9.4,43310,40899.1044,-2.3884
002400.SZ,20260608,7.18,7.52,7.16,7.28,658531,483278.25147,-2.1505
002401.SZ,20260608,12.52,12.87,12.36,12.56,36161,45630.151,-1.1802
002402.SZ,20260608,24.8,25.11,23.93,24.17,318700,782451.11438,-5.5121
002403.SZ,20260608,10.39,10.93,10.32,10.62,82702,88407.432,0.0
002404.SZ,20260608,7.05,7.3,6.72,6.78,414981,288156.03608,-6.0942
002405.SZ,20260608,7.68,7.82,7.5,7.62,572100,438561.46013,-3.2995
002406.SZ,20260608,7.79,8.23,7.77,7.87,563582,449616.158,-2.4783
002407.SZ,20260608,31.82,34.79,31.82,33.63,1299243,4382479.06806,1.2952
002408.SZ,20260608,5.09,5.13,4.92,4.98,324504,163014.46022,-2.924
002409.SZ,20260608,107.66,110.0,104.7,105.62,237896,2555510.48234,-8.1565
002410.SZ,20260608,9.21,9.43,9.07,9.16,321439,296519.39473,-3.2735
002412.SZ,20260608,6.38,6.53,6.22,6.29,108632,68950.5751,-2.6316
002413.SZ,20260608,10.3,10.85,10.18,10.27,768781,807364.72327,-3.1132
002414.SZ,20260608,12.16,12.38,11.64,11.84,643428,770837.3741,-5.5068
002415.SZ,20260608,30.7,31.11,30.1,30.3,681107,2080449.47817,-3.133
002416.SZ,20260608,10.05,10.52,10.01,10.08,205083,209528.25978,-4.1825
002418.SZ,20260608,4.4,4.55,4.26,4.34,556138,244674.93704,-4.6154
002419.SZ,20260608,4.76,4.84,4.6,4.65,134757,63413.4398,-2.9228
002420.SZ,20260608,5.61,5.82,5.53,5.66,136536,77470.908,-2.2453
002421.SZ,20260608,5.21,5.73,5.1,5.73,4877236,2704439.84208,9.9808
002422.SZ,20260608,34.5,35.0,33.59,33.88,134950,461101.8246,-2.1092
002423.SZ,20260608,8.85,8.99,8.64,8.73,142860,125636.05653,-2.13
002424.SZ,20260608,4.55,4.55,4.42,4.44,94148,42208.449,-3.268
002425.SZ,20260608,2.88,3.16,2.86,2.97,303556,92056.955,-0.6689
002426.SZ,20260608,3.72,3.88,3.71,3.75,2977183,1131131.38761,-1.8325
002427.SZ,20260608,4.5,4.63,4.36,4.47,144301,65339.92967,-2.6144
002428.SZ,20260608,78.0,84.5,78.0,78.64,707055,5712352.67372,-8.0234
002429.SZ,20260608,11.18,11.73,11.01,11.12,1234847,1394059.9241,-5.9222
002430.SZ,20260608,24.47,25.1,23.9,24.07,158940,387630.48646,-3.72
002431.SZ,20260608,1.6,1.63,1.57,1.58,162600,25944.60777,-3.0675
002432.SZ,20260608,69.02,69.99,67.07,67.97,199165,1364113.82817,-3.8342
002434.SZ,20260608,7.09,7.31,7.07,7.13,169457,121592.33939,-2.3288
002436.SZ,20260608,35.01,38.88,35.01,37.0,1426858,5310491.31441,-2.3747
002437.SZ,20260608,2.76,2.81,2.69,2.71,515322,141152.00282,-3.9007
002438.SZ,20260608,16.46,17.15,16.32,16.45,116222,193928.5866,-3.2353
002439.SZ,20260608,13.5,13.78,13.25,13.38,216381,292057.07693,-2.9028
002440.SZ,20260608,8.87,9.04,8.55,8.62,236811,207736.5104,-4.1157
002441.SZ,20260608,8.8,8.9,8.41,8.57,86782,75082.402,-4.2458
002442.SZ,20260608,5.3,5.45,5.14,5.17,307203,161974.25259,-5.8288
002443.SZ,20260608,10.78,11.37,10.38,11.07,277992,308055.82647,1.7463
002444.SZ,20260608,31.35,31.85,30.67,31.06,125763,391768.70609,-1.9261
002445.SZ,20260608,3.42,3.52,3.35,3.38,977331,333559.23368,-4.2493
002446.SZ,20260608,10.42,10.89,10.3,10.37,1118569,1181992.99809,-2.354
002448.SZ,20260608,12.78,12.98,12.36,12.51,112930,142800.4911,-4.3578
002449.SZ,20260608,8.27,8.55,7.94,8.08,319691,263305.67742,-5.7176
002451.SZ,20260608,8.0,8.19,7.71,7.85,99548,79107.01942,-4.5012
002452.SZ,20260608,10.93,11.18,10.88,11.14,194597,215031.06778,-1.1535
002453.SZ,20260608,5.46,5.57,5.18,5.27,188451,100961.06549,-5.8929
002454.SZ,20260608,5.58,5.65,5.35,5.43,156373,85966.69044,-4.0636
002455.SZ,20260608,8.03,8.29,7.74,7.87,299094,238943.23629,-4.2579
002456.SZ,20260608,9.4,9.8,9.15,9.24,1710270,1615752.61417,-6.288
002457.SZ,20260608,12.2,13.2,12.2,12.44,505120,641143.07047,1.9672
002458.SZ,20260608,7.8,8.29,7.76,7.97,242042,194477.59988,2.0487
002459.SZ,20260608,8.28,8.45,7.99,8.04,526852,431950.99797,-4.7393
002460.SZ,20260608,64.49,66.15,61.18,62.76,505435,3204257.20696,-4.4021
002461.SZ,20260608,9.3,9.54,9.11,9.17,149154,138481.26539,-2.4468
002462.SZ,20260608,13.59,13.59,12.65,12.74,118017,153657.95569,-7.2105
002463.SZ,20260608,125.0,140.0,125.0,137.0,1159899,15544516.8368,2.8374
002465.SZ,20260608,15.5,16.08,14.37,14.46,1897158,2848020.65372,-9.1709
002466.SZ,20260608,58.0,59.96,54.87,56.2,573546,3272193.36737,-4.8425
002467.SZ,20260608,5.3,5.42,5.16,5.23,449992,237939.20601,-4.9091
002468.SZ,20260608,13.77,13.95,13.63,13.83,197797,272455.84366,-0.5036
002469.SZ,20260608,6.38,6.6,6.35,6.56,169007,109785.08486,4.127
002470.SZ,20260608,2.2,2.29,2.14,2.15,1111551,244891.8139,-4.4444
002471.SZ,20260608,7.9,8.35,7.75,8.1,2174988,1767617.66207,1.8868
002472.SZ,20260608,41.85,45.98,41.83,45.03,799447,3566684.82369,5.063
002474.SZ,20260608,6.91,7.11,6.82,6.87,181406,126121.07598,-4.0503
002475.SZ,20260608,64.98,67.65,64.6,66.14,1899719,12545747.6603,-3.8243
002476.SZ,20260608,5.16,5.22,5.0,5.07,115168,58823.641,-3.2443
002478.SZ,20260608,6.95,7.05,6.78,6.87,261739,180880.62163,-3.5112
002479.SZ,20260608,5.2,5.28,4.95,4.98,274013,139711.12998,-6.7416
002480.SZ,20260608,5.86,5.99,5.81,5.9,173857,102368.58428,-2.3179
002481.SZ,20260608,4.0,4.09,3.94,3.99,102612,41105.225,-1.2376
002482.SZ,20260608,1.46,1.5,1.39,1.41,952818,137888.81534,-4.7297
002483.SZ,20260608,5.63,5.74,5.47,5.54,138905,77664.3824,-3.3159
002484.SZ,20260608,88.39,89.0,83.22,83.62,801229,6884416.5365,-7.0889
002485.SZ,20260608,4.52,4.6,4.43,4.51,16464,7447.318,-1.7429
002486.SZ,20260608,2.41,2.5,2.33,2.38,290805,70217.447,-4.0323
002487.SZ,20260608,62.45,63.5,58.19,59.15,306606,1841683.23382,-7.0991
002488.SZ,20260608,9.97,10.42,9.9,10.23,183903,188274.58453,0.3925
002489.SZ,20260608,3.55,3.64,3.48,3.53,419531,148670.32614,-3.2877
002490.SZ,20260608,7.55,8.23,7.55,8.23,318005,258740.316,10.0267
002491.SZ,20260608,22.36,26.68,22.36,25.1,2490141,6203215.94637,1.1281
002492.SZ,20260608,5.99,6.13,5.74,5.82,103400,61330.321,-3.4826
002493.SZ,20260608,11.85,11.9,11.17,11.25,652099,752288.62299,-1.5748
002494.SZ,20260608,5.01,5.34,4.91,5.12,146322,75255.914,-2.4762
002495.SZ,20260608,2.38,2.43,2.33,2.36,230407,54779.9922,-2.4793
002496.SZ,20260608,2.33,2.38,2.26,2.26,242971,55852.3764,-5.042
002497.SZ,20260608,21.01,21.55,20.09,20.5,415645,863769.70304,-3.3019
002498.SZ,20260608,7.69,8.05,7.57,7.68,720445,561561.00901,-3.6386
002500.SZ,20260608,5.01,5.04,4.89,4.92,273862,136055.14786,-2.7668
002501.SZ,20260608,1.63,1.72,1.62,1.62,858045,141457.232,-4.7059
002506.SZ,20260608,3.35,3.44,3.2,3.25,2670501,883492.61152,-5.5233
002507.SZ,20260608,11.59,11.68,11.36,11.46,109084,125319.4313,-0.9507
002508.SZ,20260608,16.56,16.82,16.25,16.38,47988,78802.52323,-1.9162
002510.SZ,20260608,6.15,6.86,6.1,6.68,495242,324624.01778,6.0317
002511.SZ,20260608,6.94,7.04,6.73,6.82,189362,129667.18389,-3.125
002512.SZ,20260608,4.15,4.43,4.12,4.32,426860,182971.5851,0.6993
002513.SZ,20260608,5.4,5.74,5.31,5.43,113304,62398.209,-3.2086
002514.SZ,20260608,3.9,3.99,3.85,3.85,312684,121213.188,-4.9383
002515.SZ,20260608,6.4,6.9,6.37,6.69,669104,447643.95838,0.1497
002516.SZ,20260608,5.95,6.08,5.8,5.87,252365,149929.005,-3.1353
002517.SZ,20260608,14.8,15.28,14.5,14.69,482284,715985.83046,-3.4823
002518.SZ,20260608,48.39,49.53,47.48,48.01,161716,783561.80386,-5.6778
002519.SZ,20260608,6.43,6.7,6.26,6.34,443359,287183.89185,-4.2296
002520.SZ,20260608,6.17,6.49,6.15,6.4,755223,483056.76662,0.7874
002521.SZ,20260608,7.3,7.36,6.9,7.0,87478,62192.71793,-5.6604
002522.SZ,20260608,6.84,7.43,6.83,7.14,790739,571187.33027,-2.0576
002523.SZ,20260608,3.48,3.56,3.4,3.42,255643,88642.35927,-2.8409
002524.SZ,20260608,3.7,3.83,3.56,3.66,121624,44935.08973,-3.4301
002526.SZ,20260608,2.94,2.99,2.9,2.92,244911,72124.34411,-2.6667
002527.SZ,20260608,14.83,16.93,14.8,16.29,605537,960733.66621,5.5736
002528.SZ,20260608,4.75,4.96,4.63,4.85,160005,76906.43025,0.4141
002529.SZ,20260608,7.58,7.71,7.35,7.43,35955,26952.68,-3.2552
002530.SZ,20260608,7.63,8.1,7.6,7.79,256719,201734.73742,-0.8906
002531.SZ,20260608,9.64,9.67,9.09,9.27,433172,404187.22442,-5.1177
002532.SZ,20260608,13.35,13.42,12.81,13.16,950982,1252252.95,-4.7067
002533.SZ,20260608,11.62,11.74,11.19,11.29,122165,140190.76231,-5.2852
002534.SZ,20260608,19.13,19.6,18.23,18.59,166443,314029.40494,-5.7302
002535.SZ,20260608,2.59,2.65,2.46,2.52,260192,66897.0155,-4.5455
002536.SZ,20260608,37.45,41.0,37.45,38.12,316469,1241783.48542,-3.6157
002537.SZ,20260608,6.08,6.15,5.83,5.91,234811,140452.94949,-3.7459
002538.SZ,20260608,5.99,6.25,5.94,6.06,194564,118691.318,1.6779
002539.SZ,20260608,11.6,11.96,11.38,11.51,201266,233299.27285,-3.6013
002540.SZ,20260608,5.2,5.31,5.09,5.16,105820,54943.415,-3.3708
002541.SZ,20260608,18.13,18.9,18.03,18.61,93651,173654.9819,1.0864
002542.SZ,20260608,1.57,1.61,1.54,1.58,267328,42112.11,-1.8634
002543.SZ,20260608,7.25,7.37,7.1,7.2,37209,26876.04801,-1.7735
002544.SZ,20260608,20.39,20.73,19.32,19.53,176447,352910.22846,-6.1058
002545.SZ,20260608,20.5,21.1,19.67,19.96,161231,326702.2416,-3.7608
002546.SZ,20260608,7.03,7.13,6.77,6.85,155958,108525.1744,-4.0616
002547.SZ,20260608,3.53,3.7,3.45,3.65,394156,141656.01857,3.1073
002548.SZ,20260608,3.95,4.27,3.92,4.05,418655,171925.1117,1.5038
002549.SZ,20260608,15.35,15.94,15.2,15.4,174315,271389.37811,-3.6898
002550.SZ,20260608,6.05,6.12,5.87,5.95,137341,82285.004,-1.8152
002551.SZ,20260608,2.96,3.08,2.93,2.99,125397,37739.42108,-1.9672
002552.SZ,20260608,54.7,62.98,54.6,60.66,289258,1749654.2472,4.0123
002553.SZ,20260608,18.04,18.8,17.85,18.43,103375,190351.79111,0.163
002554.SZ,20260608,3.09,3.2,3.06,3.14,256458,80500.77054,1.2903
002555.SZ,20260608,19.12,19.5,18.53,18.72,447628,849895.78082,-4.0
002556.SZ,20260608,5.16,5.19,5.03,5.11,94737,48498.2059,-0.969
002557.SZ,20260608,21.08,21.43,20.66,20.99,70347,147650.52504,-1.27
002558.SZ,20260608,25.02,25.6,24.53,24.87,377618,945147.5985,-3.5673
002559.SZ,20260608,9.67,10.04,9.55,9.74,262222,256615.603,-2.0121
002560.SZ,20260608,8.41,8.58,8.15,8.22,417131,348305.77554,-5.4085
002561.SZ,20260608,7.1,7.26,6.95,7.04,39370,27888.423,-1.8131
002562.SZ,20260608,4.83,4.89,4.65,4.72,216167,102963.70057,-3.6735
002563.SZ,20260608,5.42,5.5,5.29,5.34,136451,73249.87824,-2.1978
002564.SZ,20260608,4.95,5.06,4.68,4.78,182995,88414.597,-5.9055
002565.SZ,20260608,14.8,16.12,14.75,16.12,1372843,2156946.10237,5.0847
002566.SZ,20260608,6.81,6.94,6.65,6.73,65512,44498.34,-2.4638
002567.SZ,20260608,3.39,3.5,3.35,3.38,177778,60610.27404,-2.029
002568.SZ,20260608,18.2,19.01,17.91,18.8,227281,422567.966,2.2851
002569.SZ,20260608,15.7,16.02,15.3,15.64,20120,31442.805,-1.5113
002570.SZ,20260608,5.43,5.66,5.26,5.27,972271,527501.35545,-5.8929
002571.SZ,20260608,12.4,13.17,12.1,12.72,191086,245198.61695,0.4739
002572.SZ,20260608,8.78,8.85,8.53,8.57,98289,84977.0366,-2.7242
002573.SZ,20260608,3.31,3.37,3.27,3.31,85010,28180.12366,-1.7804
002574.SZ,20260608,4.8,4.89,4.64,4.71,91641,43541.1412,-3.681
002575.SZ,20260608,5.55,5.82,5.51,5.61,308924,174804.16508,-3.7736
002576.SZ,20260608,15.9,16.18,15.8,15.98,53610,85768.4965,-1.6615
002577.SZ,20260608,17.68,18.13,17.22,17.7,35474,63103.3448,-1.2828
002578.SZ,20260608,3.76,3.82,3.52,3.58,468108,171362.183,-8.2051
002579.SZ,20260608,16.82,17.73,16.82,16.82,1120732,1919109.49646,-10.0054
002580.SZ,20260608,21.1,21.85,20.46,20.8,502455,1060666.97484,-4.8055
002581.SZ,20260608,4.16,4.24,4.03,4.03,76752,31554.742,-4.9528
002582.SZ,20260608,9.5,9.58,9.32,9.37,127301,120245.742,-3.0021
002583.SZ,20260608,8.5,8.72,8.31,8.54,452411,385239.56572,-2.4
002584.SZ,20260608,7.33,7.53,7.05,7.16,224122,162703.731,-5.1656
002585.SZ,20260608,10.93,12.3,10.93,11.09,2237965,2590181.95053,-6.176
002586.SZ,20260608,3.9,3.96,3.79,3.84,74364,28702.39258,-3.5176
002587.SZ,20260608,6.92,7.12,6.67,6.81,326340,224896.4465,-3.4043
002588.SZ,20260608,8.79,8.88,8.51,8.59,120784,104674.54255,-3.3746
002589.SZ,20260608,2.83,2.85,2.73,2.74,327086,91221.0488,-4.5296
002590.SZ,20260608,11.65,12.15,11.5,11.77,166763,197149.78387,-2.2425
002591.SZ,20260608,7.31,7.72,7.17,7.29,136871,101474.61496,-3.9526
002592.SZ,20260608,6.86,7.02,6.79,6.83,28518,19665.92954,-2.289
002593.SZ,20260608,4.67,4.71,4.49,4.54,142515,65505.755,-4.0169
002594.SZ,20260608,91.0,92.02,90.3,91.19,316844,2885879.18301,-1.9568
002595.SZ,20260608,50.1,51.29,48.61,49.2,93463,463120.50745,-3.1305
002596.SZ,20260608,3.71,3.81,3.52,3.63,395252,144125.86735,-3.7135
002597.SZ,20260608,19.05,19.5,18.5,18.79,68850,129850.21414,-2.1354
002598.SZ,20260608,7.27,7.48,7.17,7.48,132854,98668.807,5.0562
002599.SZ,20260608,6.01,6.33,6.0,6.17,111385,69069.5554,-0.9631
002600.SZ,20260608,14.5,15.01,14.22,14.34,1906973,2769315.45223,-4.9072
002601.SZ,20260608,14.36,14.7,13.97,14.05,503555,717399.36008,0.8615
002602.SZ,20260608,14.75,14.95,14.43,14.59,999567,1464007.85751,-2.3427
002603.SZ,20260608,15.25,15.42,14.88,15.1,127595,192693.44333,-1.9481
002605.SZ,20260608,18.71,19.38,18.56,18.8,61393,115584.842,-2.0833
002606.SZ,20260608,13.3,13.71,12.88,13.14,309425,410627.23412,-5.3314
002607.SZ,20260608,2.12,2.18,2.05,2.08,1628355,342894.864,-4.1475
002608.SZ,20260608,9.41,10.15,9.35,9.56,1213830,1181846.56645,-2.7467
002609.SZ,20260608,7.46,7.74,7.4,7.51,75745,57216.9608,-2.594
002611.SZ,20260608,18.04,18.71,17.91,18.1,594620,1085139.50356,-1.7906
002612.SZ,20260608,12.41,12.66,12.11,12.25,54931,67713.34338,-2.9319
002613.SZ,20260608,5.22,5.46,5.2,5.46,605144,324149.31669,10.0806
002614.SZ,20260608,5.0,5.14,4.89,4.95,100966,50370.288,-2.7505
002615.SZ,20260608,7.8,8.44,7.8,8.19,177400,145917.67778,1.3614
002616.SZ,20260608,5.4,5.52,5.13,5.16,222354,117994.76684,-7.6923
002617.SZ,20260608,8.22,8.5,7.96,8.04,1311774,1076169.63978,-6.2937
002620.SZ,20260608,6.14,6.54,6.14,6.28,190402,119463.263,-2.7864
002622.SZ,20260608,2.42,2.48,2.3,2.34,333497,79602.269,-5.2632
002623.SZ,20260608,18.0,19.46,17.91,18.18,98961,185316.87578,-1.3029
002624.SZ,20260608,13.79,14.66,13.66,14.3,1085966,1548950.20086,2.4355
002625.SZ,20260608,37.0,37.0,35.0,35.08,398727,1430172.16002,-6.4533
002626.SZ,20260608,14.78,14.78,14.36,14.52,37436,54471.46214,-1.7591
002627.SZ,20260608,6.99,7.25,6.65,6.8,254780,176021.67496,-4.2254
002628.SZ,20260608,4.95,5.07,4.82,4.93,246188,121711.24309,-2.1825
002629.SZ,20260608,5.06,5.27,5.01,5.1,206824,106513.626,-1.5444
002630.SZ,20260608,1.86,1.92,1.76,1.77,281788,51736.8292,-4.3243
002631.SZ,20260608,7.2,8.04,7.16,8.04,694852,533469.96359,7.9195
002632.SZ,20260608,10.11,10.4,9.75,9.88,167432,168045.5708,-5.8151
002633.SZ,20260608,17.33,17.44,16.59,16.85,31724,53831.69,-2.1487
002634.SZ,20260608,4.74,5.02,4.69,4.99,238526,118569.5404,4.3933
002635.SZ,20260608,17.1,17.59,16.4,16.54,306664,520285.63408,-6.289
002636.SZ,20260608,58.07,63.98,57.09,63.98,401265,2462714.91034,10.0069
002637.SZ,20260608,12.77,13.08,12.36,12.37,323986,408888.12906,-5.5004
002638.SZ,20260608,4.15,4.35,4.1,4.18,279526,117627.3665,-3.0162
002639.SZ,20260608,14.6,15.46,14.51,14.67,433338,647573.56571,-2.8477
002640.SZ,20260608,3.54,3.69,3.49,3.53,799047,286534.036,-3.2877
002641.SZ,20260608,4.13,4.26,4.11,4.24,176684,74131.61976,0.4739
002642.SZ,20260608,7.42,7.49,7.15,7.2,205798,150568.9415,-5.3876
002643.SZ,20260608,14.0,14.36,13.58,13.72,220687,307744.80816,-4.7883
002644.SZ,20260608,7.5,7.6,7.29,7.37,37317,27733.8616,-2.7704
002645.SZ,20260608,30.0,33.63,29.95,31.43,1006890,3207721.83447,0.8341
002646.SZ,20260608,7.25,7.32,7.0,7.08,55946,40063.46486,-2.6135
002647.SZ,20260608,11.49,12.21,11.4,11.64,291624,343552.5525,-3.8811
002648.SZ,20260608,23.8,24.7,23.73,24.2,504419,1225124.40399,0.9595
002649.SZ,20260608,9.1,9.28,8.97,9.09,100553,91829.73721,-2.3631
002650.SZ,20260608,7.43,7.81,7.4,7.46,51596,39223.153,0.2688
002651.SZ,20260608,8.1,8.2,7.8,7.92,69604,55640.58567,-2.9412
002652.SZ,20260608,4.97,5.07,4.74,4.79,220793,108228.3226,-4.7714
002653.SZ,20260608,46.74,47.79,45.7,46.45,39864,185768.13608,-2.3749
002654.SZ,20260608,14.34,14.91,14.07,14.21,483643,700628.02442,-5.8317
002655.SZ,20260608,36.91,37.46,34.99,35.46,318139,1148997.23116,-6.1408
002656.SZ,20260608,3.38,3.44,3.32,3.39,83172,28125.662,-0.5865
002657.SZ,20260608,18.29,19.5,18.29,18.97,195572,373858.95999,0.2643
002658.SZ,20260608,7.68,7.83,7.5,7.55,84261,64491.012,-4.0661
002659.SZ,20260608,4.28,4.39,4.17,4.25,112785,48287.512,-2.0737
002660.SZ,20260608,7.46,7.64,7.16,7.3,66718,49329.36422,-4.5752
002661.SZ,20260608,7.57,7.77,7.56,7.68,37711,28943.0794,-0.5181
002662.SZ,20260608,3.3,3.36,3.21,3.26,176114,57768.15993,-2.9762
002663.SZ,20260608,1.8,1.89,1.73,1.79,559826,102093.84682,-2.7174
002664.SZ,20260608,18.3,19.26,18.2,18.94,101394,191990.51888,0.6911
002666.SZ,20260608,4.4,4.5,4.24,4.31,147908,64571.341,-4.646
002667.SZ,20260608,22.05,22.45,22.04,22.04,37504,82726.231,-5.0
002668.SZ,20260608,9.5,9.57,9.19,9.25,164357,153471.96684,-3.1414
002669.SZ,20260608,15.42,16.64,15.4,15.81,379372,608192.35476,-4.8736
002670.SZ,20260608,10.89,11.88,10.87,11.36,504971,578327.70298,2.9918
002671.SZ,20260608,4.19,4.31,4.1,4.17,134498,56683.27,-2.7972
002672.SZ,20260608,3.62,3.72,3.39,3.55,132453,47548.343,-3.2698
002673.SZ,20260608,6.34,6.39,6.17,6.22,318977,199901.9607,-2.2013
002674.SZ,20260608,14.52,16.09,14.21,15.79,177238,273730.69903,7.1235
002675.SZ,20260608,12.55,12.6,12.29,12.45,73224,91160.57616,-0.7968
002676.SZ,20260608,5.5,5.57,5.25,5.29,177061,95486.78699,-5.8719
002677.SZ,20260608,7.17,7.28,6.92,7.03,55303,39188.743,-3.0345
002678.SZ,20260608,6.06,6.22,5.87,6.12,187455,113398.32097,-2.08
002679.SZ,20260608,8.97,9.25,8.74,8.95,28878,25987.673,-2.3991
002681.SZ,20260608,5.14,5.52,5.12,5.33,1222518,654858.09735,3.0948
002682.SZ,20260608,5.02,5.13,4.85,4.93,170515,84949.627,-3.5225
002683.SZ,20260608,31.05,31.35,30.1,30.42,100205,307634.23885,-3.9773
002685.SZ,20260608,7.05,7.15,6.78,6.85,347720,242563.55792,-5.5172
002686.SZ,20260608,6.09,6.26,5.95,6.02,105962,64597.82002,-2.9032
002687.SZ,20260608,4.31,4.41,4.23,4.27,116166,50154.37167,-2.5114
002688.SZ,20260608,5.1,5.17,4.98,5.03,103208,52349.413,-3.0829
002689.SZ,20260608,3.0,3.01,2.92,2.94,85697,25400.8833,-3.9216
002690.SZ,20260608,14.83,14.9,14.45,14.64,71310,104694.118,-2.4
002691.SZ,20260608,5.07,5.17,4.96,5.05,45612,23085.096,-2.3211
002692.SZ,20260608,4.47,4.71,4.28,4.33,224538,99221.0668,-3.9911
002693.SZ,20260608,9.07,9.26,8.71,8.83,141603,126473.70036,-4.6436
002694.SZ,20260608,2.48,2.6,2.43,2.45,63384,15900.8736,-2.3904
002695.SZ,20260608,11.94,12.08,11.38,11.79,122577,142280.77843,-2.4814
002696.SZ,20260608,5.8,5.91,5.48,5.58,176519,100640.45846,-3.7931
002697.SZ,20260608,4.7,4.77,4.62,4.66,191056,89439.01308,-1.4799
002698.SZ,20260608,12.27,12.8,12.2,12.8,161686,203867.46902,2.6464
002700.SZ,20260608,7.58,8.7,7.58,8.64,454149,383146.8939,8.2707
002701.SZ,20260608,4.78,4.8,4.65,4.7,227707,107460.17054,-2.6915
002702.SZ,20260608,5.12,5.33,5.0,5.07,179615,92641.539,-3.0593
002703.SZ,20260608,16.01,16.95,15.99,16.41,308000,506312.72682,-2.0883
002705.SZ,20260608,12.25,12.51,12.12,12.39,79707,98183.29339,-0.5618
002706.SZ,20260608,12.27,12.59,11.43,11.76,611833,729006.93631,-6.8884
002707.SZ,20260608,5.41,5.6,5.33,5.41,154279,84010.48526,-2.17
002708.SZ,20260608,15.24,15.83,14.94,15.09,585556,900537.84472,-4.855
002709.SZ,20260608,47.51,48.96,46.05,46.91,763592,3619407.78138,-3.5171
002712.SZ,20260608,4.88,5.04,4.82,4.92,161538,79724.854,-2.5743
002713.SZ,20260608,11.11,11.58,10.96,11.25,106178,119344.99321,-2.513
002714.SZ,20260608,34.83,35.57,33.85,34.15,488860,1684875.0846,-2.5956
002715.SZ,20260608,15.4,15.6,14.66,14.97,43886,66306.745,-4.1613
002716.SZ,20260608,8.63,8.82,8.36,8.5,1079760,930215.37177,-6.3877
002717.SZ,20260608,1.12,1.17,1.08,1.17,2015163,231648.11761,5.4054
002718.SZ,20260608,86.85,93.19,83.69,90.98,20070,181086.009,3.7164
002719.SZ,20260608,7.15,7.29,7.02,7.15,34852,24946.544,-2.7211
002721.SZ,20260608,2.5,2.58,2.46,2.5,264831,66624.54847,-3.1008
002722.SZ,20260608,13.13,13.41,12.78,12.97,34234,44740.544,-2.5545
002723.SZ,20260608,8.45,8.76,8.24,8.3,117766,99579.8934,-3.376
002724.SZ,20260608,5.41,5.48,5.2,5.28,78985,42079.60764,-3.4735
002725.SZ,20260608,13.45,13.79,12.89,13.13,121318,162189.45021,-5.1986
002726.SZ,20260608,1.61,1.66,1.59,1.59,354555,57207.95417,-4.7904
002727.SZ,20260608,11.2,11.34,10.88,11.05,71102,78667.149,-2.6432
002728.SZ,20260608,8.37,8.53,8.12,8.26,84570,70430.43928,-2.5943
002729.SZ,20260608,17.1,17.73,16.38,16.73,81631,138940.04736,-6.9004
002730.SZ,20260608,28.0,29.52,27.16,27.79,134563,377960.743,-4.8613
002732.SZ,20260608,14.12,14.22,13.72,13.96,16016,22454.007,-1.482
002733.SZ,20260608,33.85,34.86,32.43,33.57,336055,1133466.60029,-1.1484
002734.SZ,20260608,17.09,17.24,16.16,16.25,176465,293400.61698,-6.232
002735.SZ,20260608,17.1,19.61,17.1,18.59,823412,1522999.82874,3.1059
002736.SZ,20260608,9.88,10.04,9.79,9.83,282185,279644.91572,-1.7982
002737.SZ,20260608,12.77,12.91,12.5,12.74,41470,52708.042,-0.2349
002738.SZ,20260608,56.3,58.22,52.8,54.27,327156,1797853.05457,-7.0242
002739.SZ,20260608,8.78,8.88,8.48,8.58,380912,329776.39343,-3.5955
002741.SZ,20260608,26.66,27.12,25.31,25.74,479342,1254506.76352,-8.0057
002742.SZ,20260608,4.05,4.1,3.88,3.93,92176,36779.638,-5.0725
002743.SZ,20260608,4.55,4.74,4.48,4.54,60913,27987.589,-2.5751
002745.SZ,20260608,9.75,10.1,9.56,9.71,610231,599278.11473,-3.4791
002746.SZ,20260608,5.61,5.79,5.53,5.66,145404,82436.62677,0.177
002747.SZ,20260608,30.4,34.12,30.36,34.12,1128946,3679820.42301,9.9936
002748.SZ,20260608,10.58,11.24,10.4,10.71,109191,118225.16208,-0.1864
002749.SZ,20260608,8.77,8.98,8.57,8.7,37299,32713.44956,-5.8442
002752.SZ,20260608,6.24,6.31,6.02,6.17,152104,93794.32275,-2.8346
002753.SZ,20260608,6.42,6.71,6.38,6.53,63522,41637.2375,0.4615
002755.SZ,20260608,12.7,12.99,12.5,12.66,89096,113127.38304,-2.0124
002756.SZ,20260608,57.87,59.63,54.82,55.95,149522,847854.62383,-5.0891
002757.SZ,20260608,21.64,22.15,20.38,20.81,191967,404075.05912,-6.9736
002758.SZ,20260608,8.14,8.17,7.9,7.98,61859,49643.905,-2.9197
002759.SZ,20260608,25.73,26.96,25.0,25.47,283088,731480.93774,-4.785
002760.SZ,20260608,18.59,19.17,17.95,18.38,62789,116517.402,-2.182
002761.SZ,20260608,7.38,7.46,7.22,7.36,95362,69862.72324,-1.4726
002762.SZ,20260608,8.7,8.7,8.3,8.38,30226,25472.558,-3.6782
002763.SZ,20260608,7.81,8.05,7.69,7.8,62200,49095.889,-1.7632
002765.SZ,20260608,8.0,8.23,7.91,8.07,122659,98991.1658,-2.0631
002766.SZ,20260608,4.28,4.42,4.24,4.27,279989,121039.0468,-4.2601
002767.SZ,20260608,18.36,19.14,17.85,18.3,37374,69336.08645,-1.2945
002768.SZ,20260608,62.53,63.5,60.88,61.46,46034,284465.00242,-4.6688
002769.SZ,20260608,7.83,7.99,7.6,7.7,133430,104198.956,-3.8702
002771.SZ,20260608,15.5,16.09,15.06,15.38,129293,201262.355,-5.5862
002772.SZ,20260608,12.38,12.7,11.96,12.16,95437,117319.67452,-3.4921
002773.SZ,20260608,20.9,21.25,20.46,20.63,77706,161716.17568,-3.2818
002774.SZ,20260608,11.81,12.33,11.53,11.9,82536,98771.651,-0.1678
002775.SZ,20260608,4.09,4.16,3.78,3.82,323675,127662.14776,-4.5
002777.SZ,20260608,13.26,13.75,13.12,13.48,54154,73069.015,-1.534
002778.SZ,20260608,17.75,17.95,16.91,17.25,35190,61094.6854,-4.8538
002779.SZ,20260608,71.3,76.38,70.58,73.74,57528,428299.76524,1.6122
002780.SZ,20260608,13.4,13.78,13.19,13.46,58215,78754.5638,-1.3196
002782.SZ,20260608,25.63,26.15,23.86,24.06,184447,458765.77194,-7.4971
002783.SZ,20260608,8.35,8.43,7.71,7.86,163524,130654.89182,-6.7616
002785.SZ,20260608,39.72,40.1,37.8,38.3,80693,314206.419,-6.357
002786.SZ,20260608,8.67,9.08,8.51,8.61,323529,282688.005,-2.4915
002787.SZ,20260608,26.1,27.34,25.08,26.58,257668,678734.86604,-4.4572
002788.SZ,20260608,11.47,11.94,11.26,11.4,167801,194287.5637,-2.0619
002789.SZ,20260608,12.87,13.42,12.71,13.02,33217,43201.73,-2.6178
002790.SZ,20260608,6.24,6.27,5.96,6.08,49063,29959.341,-2.4077
002791.SZ,20260608,15.11,15.32,14.52,14.72,56901,84776.78741,-3.7908
002792.SZ,20260608,40.4,42.99,39.79,40.97,322421,1336362.99048,-3.6
002793.SZ,20260608,4.18,4.25,4.05,4.09,158487,65629.812,-2.3866
002795.SZ,20260608,7.28,7.64,7.16,7.23,189730,139322.622,-4.2384
002796.SZ,20260608,41.5,42.93,40.25,41.36,132164,551588.1042,-6.0
002797.SZ,20260608,6.35,6.47,6.25,6.35,824531,523762.51053,-2.1572
002798.SZ,20260608,6.15,6.86,6.12,6.5,469804,308312.96382,4.1667
002799.SZ,20260608,7.12,7.26,6.9,7.04,56335,39941.3156,-2.8966
002800.SZ,20260608,15.5,16.1,14.92,15.17,37810,58291.2132,-7.2171
002801.SZ,20260608,30.74,31.58,30.25,30.7,27249,84301.51891,-2.2604
002802.SZ,20260608,12.34,12.54,11.84,12.08,32230,39226.25152,-3.5144
002803.SZ,20260608,20.41,21.17,19.7,19.79,116600,235807.44132,-5.4467
002805.SZ,20260608,20.07,20.85,19.37,19.75,124644,250003.19931,-5.1393
002806.SZ,20260608,18.51,20.06,18.5,19.25,289649,560972.75525,-2.6795
002807.SZ,20260608,3.94,3.97,3.91,3.94,277487,109041.23132,0.0
002809.SZ,20260608,8.66,8.98,8.41,8.55,87222,75685.01556,-3.171
002810.SZ,20260608,21.4,22.13,20.9,21.11,87123,186291.01484,-3.6073
002811.SZ,20260608,11.13,11.8,11.02,11.35,59340,67765.646,0.0882
002812.SZ,20260608,61.99,63.92,59.93,61.1,271865,1670324.86504,-3.4908
002813.SZ,20260608,21.47,22.18,21.13,21.48,20265,43848.152,-3.7634
002815.SZ,20260608,16.3,18.09,16.3,17.2,970834,1663231.89661,-3.2077
002816.SZ,20260608,24.39,24.96,24.21,24.96,24531,60287.599,-0.3593
002817.SZ,20260608,6.66,6.83,6.47,6.64,50967,33846.759,-1.4837
002818.SZ,20260608,10.9,11.12,10.9,11.0,39813,43877.6074,-0.722
002819.SZ,20260608,22.54,22.8,21.66,21.94,29592,65842.2173,-4.6087
002820.SZ,20260608,9.43,9.8,9.25,9.41,63093,60160.1134,-2.7893
002821.SZ,20260608,113.01,116.26,111.52,112.56,48386,547347.00444,-3.1908
002822.SZ,20260608,2.92,2.92,2.83,2.84,98815,28386.80625,-3.4014
002823.SZ,20260608,19.0,19.68,18.19,18.31,258633,488051.08156,-8.45
002824.SZ,20260608,27.82,28.13,25.56,25.56,239726,639486.2736,-10.0
002825.SZ,20260608,9.9,10.08,9.53,9.57,54085,52767.61913,-5.3412
002826.SZ,20260608,16.38,16.44,15.28,15.55,51687,81530.55185,-5.2407
002827.SZ,20260608,27.64,27.97,26.5,26.81,34333,93076.28651,-4.5228
002828.SZ,20260608,9.18,9.76,9.18,9.45,147685,139970.7075,1.5038
002829.SZ,20260608,22.22,23.11,21.01,21.32,96265,210498.2038,-6.8182
002830.SZ,20260608,14.88,15.54,14.2,14.55,45798,68135.6122,-6.611
002831.SZ,20260608,26.26,28.0,26.26,27.4,175031,475121.47741,1.9345
002832.SZ,20260608,20.13,21.38,19.68,20.95,204587,427545.00106,4.8549
002833.SZ,20260608,18.41,18.45,17.6,17.93,79447,142957.29942,-3.1334
002835.SZ,20260608,13.1,13.29,12.72,12.91,24058,31298.30092,-2.7861
002836.SZ,20260608,10.7,11.1,10.4,10.7,33415,36043.07324,-2.7273
002837.SZ,20260608,62.4,65.8,62.2,63.38,402509,2571262.49848,-3.824
002838.SZ,20260608,31.66,32.5,29.8,30.23,75208,231646.91272,-6.9846
002839.SZ,20260608,4.22,4.24,4.17,4.22,211259,88928.9802,-0.2364
002840.SZ,20260608,7.86,8.17,7.71,7.78,189515,150204.77812,-2.9925
002841.SZ,20260608,35.1,35.57,34.15,34.62,44628,155515.71228,-2.9437
002842.SZ,20260608,31.54,35.08,31.09,33.08,367497,1213016.82015,0.425
002843.SZ,20260608,22.1,22.26,20.62,20.94,174844,374159.95438,-8.5989
002845.SZ,20260608,15.3,15.99,14.93,15.12,186673,288551.2394,-3.8168
002846.SZ,20260608,11.6,11.86,11.28,11.49,58287,67446.675,-3.4454
002847.SZ,20260608,56.0,57.61,55.3,57.18,33471,188561.024,0.669
002848.SZ,20260608,14.18,15.15,14.18,14.18,106843,153526.74517,-10.0254
002849.SZ,20260608,16.42,17.15,16.11,16.25,75177,125068.2302,-2.5195
002850.SZ,20260608,171.97,187.5,171.97,183.18,115044,2103060.825,6.4072
002851.SZ,20260608,142.22,157.03,140.88,149.0,441020,6596010.26392,1.7065
002852.SZ,20260608,7.7,7.94,7.59,7.68,41621,32154.60934,-2.1656
002853.SZ,20260608,23.66,24.36,23.02,23.78,17730,42320.374,-0.9167
002855.SZ,20260608,11.37,11.66,10.76,10.94,63193,70508.927,-5.6083
002856.SZ,20260608,26.9,26.99,26.23,26.99,93486,251350.8652,5.0195
002857.SZ,20260608,18.21,18.67,16.84,17.27,51398,90618.134,-7.5976
002858.SZ,20260608,12.5,13.12,12.22,12.34,57482,72584.356,-3.2915
002859.SZ,20260608,79.0,86.2,79.0,80.3,358183,2944113.56821,-7.232
002860.SZ,20260608,12.91,13.28,12.34,12.42,116307,148293.64216,-5.6948
002861.SZ,20260608,17.47,18.18,17.06,17.62,61401,107778.8182,-1.5092
002862.SZ,20260608,15.58,15.93,15.12,15.32,41110,63697.4926,-4.25
002863.SZ,20260608,4.98,5.04,4.82,4.86,109130,53803.7614,-3.7624
002864.SZ,20260608,27.96,28.81,27.62,28.16,17882,50472.14016,0.8235
002865.SZ,20260608,69.66,73.08,66.52,67.08,145221,1008080.71948,-7.933
002866.SZ,20260608,18.5,18.88,17.71,18.08,122684,224567.54356,-5.3898
002867.SZ,20260608,12.14,12.32,11.93,11.96,73316,88283.38155,-2.5265
002868.SZ,20260608,27.02,27.18,25.98,26.52,20343,54140.358,-2.7859
002869.SZ,20260608,18.11,19.21,18.1,18.18,31482,58060.825,-2.9883
002870.SZ,20260608,38.06,39.16,37.46,38.23,45447,173537.04,-2.9203
002871.SZ,20260608,20.0,20.53,19.57,19.62,58381,116426.87316,-5.8993
002872.SZ,20260608,5.19,5.26,5.06,5.12,41642,21390.4905,-2.2901
002873.SZ,20260608,8.32,8.48,8.1,8.2,73430,60990.55,-1.9139
002875.SZ,20260608,18.19,18.59,17.19,17.57,93217,166151.33,-5.5884
002876.SZ,20260608,31.67,33.18,30.94,31.3,113972,363952.78939,-4.5149
002877.SZ,20260608,8.49,8.64,8.25,8.28,256116,215335.74151,-4.1667
002878.SZ,20260608,14.71,16.22,14.6,15.34,168124,258954.62234,0.9875
002879.SZ,20260608,14.95,15.32,14.5,14.74,50248,74814.311,-3.7859
002880.SZ,20260608,23.62,23.65,22.8,22.97,11068,25654.3371,-2.9163
002881.SZ,20260608,42.15,45.68,42.15,44.71,163320,728119.75041,1.4983
002882.SZ,20260608,20.75,21.19,19.92,20.29,41907,85970.906,-4.2925
002883.SZ,20260608,9.25,9.28,8.93,9.08,29743,27201.5851,-3.4043
002884.SZ,20260608,16.39,16.39,16.02,16.18,21817,35215.73452,-1.3415
002885.SZ,20260608,40.11,41.48,39.05,39.33,182859,733837.48347,-5.9541
002886.SZ,20260608,27.27,28.06,26.5,26.89,129666,353566.6356,-5.3835
002887.SZ,20260608,12.24,12.69,12.01,12.54,47107,58583.2805,0.5613
002888.SZ,20260608,19.35,20.65,19.32,19.73,82301,164983.637,-1.4486
002889.SZ,20260608,11.49,11.7,11.13,11.32,24525,27951.8756,-2.1608
002890.SZ,20260608,15.0,15.17,14.41,14.77,24914,36728.98366,-1.336
002891.SZ,20260608,28.0,29.36,27.43,27.78,88612,250990.52729,-2.3207
002892.SZ,20260608,10.75,11.27,10.68,10.89,303103,331796.70022,0.0919
002893.SZ,20260608,10.45,10.85,10.32,10.38,139811,147405.36768,-4.7706
002895.SZ,20260608,31.0,31.67,29.9,29.95,120574,367610.8221,-5.6693
002896.SZ,20260608,88.0,95.4,87.58,95.2,429542,3897644.17496,9.7153
002897.SZ,20260608,87.11,87.7,82.31,82.31,198064,1677273.86719,-9.9945
002899.SZ,20260608,25.22,25.85,24.44,24.97,58558,146789.51878,-2.1935
002900.SZ,20260608,9.82,10.08,9.63,9.84,33968,33473.479,-1.6983
002901.SZ,20260608,40.06,41.0,39.74,40.15,13942,55900.68843,-0.8397
002902.SZ,20260608,31.28,34.25,31.28,32.21,263394,863857.56283,-5.4871
002903.SZ,20260608,47.44,49.78,45.6,48.16,215591,1035853.07334,0.5218
002905.SZ,20260608,7.75,7.93,7.42,7.57,57087,43616.23622,-3.8119
002906.SZ,20260608,27.91,28.2,26.94,27.42,109368,301013.04329,-3.2463
002907.SZ,20260608,12.12,12.45,11.93,12.04,31470,38313.454,0.0
002908.SZ,20260608,7.3,7.47,7.15,7.27,58163,42530.15332,-2.0216
002909.SZ,20260608,5.66,5.78,5.4,5.51,89837,50171.49884,-5.1635
002910.SZ,20260608,9.44,9.68,9.0,9.19,43791,40825.675,-3.6688
002911.SZ,20260608,10.93,10.99,10.62,10.78,49543,53485.05352,-2.3551
002912.SZ,20260608,20.5,20.68,19.54,19.79,35093,70315.5324,-4.1182
002913.SZ,20260608,48.59,51.35,48.08,50.57,94637,473995.2601,-2.75
002915.SZ,20260608,19.42,20.97,19.24,20.38,129662,264327.28029,0.4436
002916.SZ,20260608,350.08,393.8,350.0,369.64,169281,6324346.12756,-0.9008
002917.SZ,20260608,13.17,13.49,12.75,12.92,92116,120521.985,-3.7258
002918.SZ,20260608,11.71,12.37,11.53,11.67,152150,180953.4995,-5.122
002919.SZ,20260608,20.76,21.48,20.15,20.82,47041,98432.14642,-1.6533
002920.SZ,20260608,92.0,95.43,91.13,94.92,103295,959800.56185,0.5295
002921.SZ,20260608,24.48,25.29,23.87,24.27,64710,158277.2808,-5.0098
002922.SZ,20260608,36.1,36.9,34.65,35.03,217337,777336.55874,-6.6365
002923.SZ,20260608,10.01,10.26,9.73,9.91,65180,65053.134,-2.7478
002925.SZ,20260608,21.83,22.82,21.56,21.85,173016,381615.6209,-2.932
002926.SZ,20260608,7.82,7.87,7.64,7.67,143348,110834.54542,-2.5413
002927.SZ,20260608,20.8,21.03,19.42,19.66,145190,292488.15384,-7.6128
002928.SZ,20260608,7.0,7.0,6.54,6.59,700845,472375.51923,-9.1034
002929.SZ,20260608,64.03,65.92,61.38,62.33,204139,1296561.39887,-6.8729
002930.SZ,20260608,9.8,10.05,9.39,9.51,134439,130459.396,-4.0363
002931.SZ,20260608,58.59,65.6,58.29,65.6,195292,1246762.02444,9.9933
002932.SZ,20260608,15.55,15.57,15.28,15.43,21068,32565.35269,-2.218
002933.SZ,20260608,28.48,29.5,28.03,28.67,20364,58595.97032,-2.0499
002935.SZ,20260608,18.69,18.93,18.13,18.36,66228,122837.0363,-3.8743
002936.SZ,20260608,1.76,1.78,1.75,1.76,691901,122026.9678,-0.565
002937.SZ,20260608,33.85,34.92,33.08,33.83,83862,286927.04008,-2.3947
002938.SZ,20260608,102.0,116.5,102.0,112.0,564193,6243002.66306,5.5111
002939.SZ,20260608,7.99,8.04,7.85,7.86,242382,192583.48759,-2.6022
002940.SZ,20260608,30.5,33.05,29.44,29.94,200074,617153.4577,-5.7008
002941.SZ,20260608,11.55,11.73,11.17,11.26,110964,126330.6193,-4.0068
002942.SZ,20260608,16.39,16.64,15.76,15.95,13833,22411.5588,-3.9157
002943.SZ,20260608,52.52,55.5,51.05,51.05,138313,727964.2437,-9.9965
002945.SZ,20260608,13.65,13.9,13.41,13.55,87611,119537.70229,-2.5881
002946.SZ,20260608,16.85,16.97,16.42,16.58,46802,77777.40102,-1.719
002947.SZ,20260608,85.23,86.45,80.3,81.5,130912,1084229.98517,-7.523
002948.SZ,20260608,5.42,5.54,5.4,5.47,382298,209135.56803,0.5515
002949.SZ,20260608,11.78,12.04,11.43,11.62,31882,37302.058,-2.5168
002950.SZ,20260608,9.22,9.32,8.92,9.02,80810,73587.005,-3.7353
002951.SZ,20260608,20.08,20.08,20.08,20.08,27469,55157.752,-9.9955
002952.SZ,20260608,23.72,24.13,22.71,22.91,60936,142257.571,-5.5258
002953.SZ,20260608,10.0,10.13,9.62,9.75,65915,65142.69179,-3.9409
002955.SZ,20260608,27.1,28.35,27.0,27.53,137884,383080.92105,1.0275
002956.SZ,20260608,21.01,21.84,20.91,21.13,34524,73796.24096,-1.4459
002957.SZ,20260608,56.0,58.39,54.18,54.18,249796,1399757.54798,-10.0
002958.SZ,20260608,2.91,2.92,2.86,2.89,408733,118083.51411,-1.0274
002959.SZ,20260608,35.38,35.65,34.69,34.94,10826,37993.651,-2.4295
002960.SZ,20260608,8.58,8.83,8.37,8.39,339941,289939.73918,-5.0905
002961.SZ,20260608,19.3,19.7,18.8,18.98,69870,134281.58561,-3.8501
002962.SZ,20260608,20.7,22.02,20.2,20.59,435992,920692.14279,-4.8961
002963.SZ,20260608,16.22,17.74,15.8,17.74,27190,46927.529,9.9814
002965.SZ,20260608,37.0,38.09,36.7,37.12,117536,438556.13546,-1.8509
002966.SZ,20260608,8.0,8.09,7.95,8.08,329536,264522.77455,0.3727
002967.SZ,20260608,18.61,18.85,17.85,18.06,119208,217702.9251,-5.1471
002968.SZ,20260608,9.85,9.9,9.37,9.56,41843,40286.34644,-3.4343
002969.SZ,20260608,15.11,15.11,15.11,15.11,76281,115260.591,-10.006
002970.SZ,20260608,61.0,62.15,58.68,60.75,51232,311598.0145,-2.8311
002971.SZ,20260608,38.9,41.17,38.11,39.63,267055,1068320.82108,0.8397
002972.SZ,20260608,12.58,12.7,12.05,12.44,59551,74087.5016,-2.2781
002973.SZ,20260608,13.08,13.79,12.9,13.22,76727,102506.917,-0.8252
002975.SZ,20260608,123.77,126.58,119.09,119.09,165115,2010887.68525,-9.9985
002976.SZ,20260608,30.74,30.99,28.43,28.43,49268,145611.23888,-10.0032
002977.SZ,20260608,25.5,26.15,25.1,25.42,15515,39714.26588,-2.1932
002978.SZ,20260608,26.2,26.6,25.25,25.53,43160,111542.73157,-4.8098
002979.SZ,20260608,53.01,56.56,53.0,54.7,236493,1306746.46043,-1.7777
002980.SZ,20260608,118.6,123.6,116.0,118.0,91774,1093073.0624,-5.6679
002981.SZ,20260608,28.08,28.42,27.6,28.11,122029,342285.1408,0.4287
002982.SZ,20260608,12.85,13.48,12.6,13.48,130823,174535.99312,10.0408
002983.SZ,20260608,24.0,24.78,23.39,23.99,74685,179479.84962,-3.4219
002984.SZ,20260608,14.4,14.67,14.26,14.38,84985,122750.44848,-1.5743
002985.SZ,20260608,28.9,29.44,27.93,28.2,58082,166598.26449,-3.2922
002986.SZ,20260608,11.56,11.71,11.16,11.26,72930,83237.64888,-3.8429
002987.SZ,20260608,12.0,12.67,11.99,12.48,480870,594807.64471,1.7115
002988.SZ,20260608,26.23,26.5,24.8,25.17,45194,115421.04479,-5.2691
002989.SZ,20260608,28.1,28.53,27.01,27.77,48206,134341.7623,-4.5704
002990.SZ,20260608,44.44,46.55,44.31,45.15,57252,259276.92,-3.4638
002991.SZ,20260608,44.0,44.62,42.61,43.25,7799,33994.5,-2.282
002992.SZ,20260608,40.8,42.01,40.08,40.95,19558,79826.235,-2.3838
002993.SZ,20260608,60.4,62.93,58.84,59.5,109692,665209.9968,-8.9797
002995.SZ,20260608,21.0,22.14,20.98,21.4,182216,392851.7878,-4.8466
002996.SZ,20260608,6.41,6.45,6.12,6.24,108119,67940.274,-4.1475
002997.SZ,20260608,29.26,29.26,27.78,27.9,56020,159682.841,-6.0922
002998.SZ,20260608,7.82,7.98,7.45,7.51,106753,82072.774,-5.2963
002999.SZ,20260608,6.03,6.16,5.86,5.98,55899,33610.784,-2.1277
003000.SZ,20260608,10.55,10.89,10.45,10.82,74789,80590.13145,1.7874
003001.SZ,20260608,16.61,17.23,16.21,16.75,60251,101468.3582,-0.8876
003002.SZ,20260608,22.0,22.16,21.1,21.34,23486,50769.7475,-4.519
003003.SZ,20260608,11.36,11.79,11.07,11.3,57738,65928.39,-3.4188
003004.SZ,20260608,60.01,68.52,60.01,66.88,73388,476451.54956,7.3688
003005.SZ,20260608,14.8,15.35,14.7,15.12,25525,38579.0208,0.3318
003006.SZ,20260608,15.71,16.01,15.4,15.54,42310,66006.299,-2.875
003007.SZ,20260608,39.06,41.3,38.48,39.19,29164,115645.223,-2.995
003008.SZ,20260608,19.05,19.49,18.37,18.76,18996,35952.9605,-2.9488
003009.SZ,20260608,55.4,60.94,54.76,60.94,141461,834809.20018,10.0
003010.SZ,20260608,23.6,24.21,23.21,23.44,55049,130114.13538,-2.7789
003011.SZ,20260608,21.96,22.15,20.06,20.3,52713,110353.22188,-6.2789
003012.SZ,20260608,4.87,4.9,4.73,4.79,79180,38068.05775,-2.444
003013.SZ,20260608,15.3,16.0,15.1,15.72,55925,87081.97436,1.2887
003015.SZ,20260608,12.38,12.56,11.96,12.26,77584,94899.51882,-2.3885
003016.SZ,20260608,6.96,7.21,6.86,7.02,49305,34633.4366,-2.3644
003017.SZ,20260608,27.01,27.49,26.16,26.5,19432,52153.23584,-3.7763
003018.SZ,20260608,49.5,53.76,49.01,49.71,130803,675970.39848,-2.7011
003019.SZ,20260608,36.0,38.2,33.97,33.97,112993,402078.5446,-9.9894
003020.SZ,20260608,15.66,16.17,15.31,15.57,15786,24774.15349,-2.1985
003021.SZ,20260608,101.01,108.15,100.18,107.98,106311,1124694.56457,3.1426
003022.SZ,20260608,23.66,24.25,22.53,22.77,287246,668656.92713,-6.6038
003023.SZ,20260608,24.01,24.32,22.86,23.1,39127,92295.087,-5.4441
003025.SZ,20260608,14.57,16.1,14.4,15.65,189099,292560.48315,5.3163
003026.SZ,20260608,29.01,30.99,29.01,29.86,90054,270892.03146,-5.2665
003027.SZ,20260608,20.36,20.81,19.36,19.84,41748,83726.171,-5.0263
003028.SZ,20260608,26.0,26.64,25.69,26.24,17854,46782.5889,-0.6061
003029.SZ,20260608,18.0,18.6,17.6,18.05,29655,53757.701,-1.742
003030.SZ,20260608,21.8,22.49,20.84,21.0,76093,163817.34461,-3.7139
003031.SZ,20260608,133.33,140.5,132.2,134.95,104004,1418486.61413,-5.358
003032.SZ,20260608,6.4,6.5,6.28,6.4,53302,34112.279,-2.7356
003033.SZ,20260608,57.22,58.99,55.0,55.3,26971,152261.2439,-8.7007
003035.SZ,20260608,6.61,6.66,6.33,6.39,464922,301055.403,-4.9107
003036.SZ,20260608,81.12,82.33,74.12,74.5,160932,1243005.329,-9.5325
003037.SZ,20260608,6.69,7.05,6.62,6.86,72252,49508.081,0.2924
003038.SZ,20260608,12.29,12.75,12.07,12.48,66431,82164.95007,-0.399
003039.SZ,20260608,12.21,12.37,11.93,12.11,42220,51181.61,-2.1809
003040.SZ,20260608,12.55,12.77,12.02,12.22,69476,85775.841,-4.307
003041.SZ,20260608,47.99,48.79,45.51,45.92,37786,176814.3114,-6.3812
003042.SZ,20260608,14.09,14.5,13.52,13.76,56322,78845.16423,-3.7089
003043.SZ,20260608,67.93,69.5,66.0,66.88,62670,423902.92594,-2.9881
003816.SZ,20260608,4.3,4.34,4.23,4.27,1189316,509549.21819,-1.3857
300001.SZ,20260608,43.35,45.0,40.07,40.9,1106388,4653408.40048,2.6091
300002.SZ,20260608,7.6,7.8,7.46,7.54,404532,308982.57636,-2.9601
300003.SZ,20260608,12.04,12.15,11.6,11.72,266671,316227.77867,-3.6184
300004.SZ,20260608,12.92,13.18,12.1,12.28,245219,309571.274,-8.9696
300005.SZ,20260608,14.72,15.43,14.08,14.8,323721,485386.37106,-0.4038
300006.SZ,20260608,4.97,5.37,4.95,4.99,383136,196713.4454,-1.3834
300007.SZ,20260608,41.8,44.32,41.3,43.36,231092,1002347.5586,1.2611
300008.SZ,20260608,6.42,6.54,6.19,6.27,527354,334980.97807,-3.9816
300009.SZ,20260608,7.96,8.09,7.81,7.95,117351,92939.993,-0.5006
300010.SZ,20260608,2.69,2.73,2.64,2.67,327932,88071.74402,-2.9091
300011.SZ,20260608,6.15,6.29,5.97,6.08,69853,42741.829,-2.8754
300012.SZ,20260608,14.09,14.31,13.69,13.86,260144,362771.92209,-3.3473
300013.SZ,20260608,4.46,4.84,4.34,4.4,367369,167426.811,-0.9009
300014.SZ,20260608,56.25,56.98,53.92,54.33,675927,3743853.83093,-6.6976
300015.SZ,20260608,8.48,8.57,8.29,8.31,762075,640188.91486,-2.6932
300016.SZ,20260608,7.85,7.96,7.58,7.66,123470,95850.203,-3.5264
300017.SZ,20260608,14.3,14.81,14.17,14.31,1060469,1535979.64393,-4.9169
300018.SZ,20260608,12.01,12.88,11.85,12.0,185183,227998.1136,-3.0695
300019.SZ,20260608,16.8,17.36,16.35,16.44,67937,113543.42412,-4.6404
300020.SZ,20260608,3.55,3.76,3.48,3.66,144912,53008.234,0.5495
300021.SZ,20260608,3.86,3.96,3.8,3.84,131494,50819.61868,-3.0303
300022.SZ,20260608,7.75,7.97,7.35,7.46,171508,130920.621,-8.0148
300024.SZ,20260608,15.12,16.1,15.03,15.9,742021,1172174.68226,2.1195
300025.SZ,20260608,4.8,4.94,4.66,4.74,140097,67212.83885,-3.854
300026.SZ,20260608,3.14,3.18,3.1,3.13,198948,62419.16044,-0.9494
300027.SZ,20260608,1.95,2.02,1.92,1.94,945938,185418.55555,1.0417
300030.SZ,20260608,6.58,6.8,6.39,6.53,84869,55946.097,-3.2593
300031.SZ,20260608,24.89,25.65,24.51,25.4,300122,756811.4795,-0.5092
300032.SZ,20260608,4.33,4.48,4.23,4.26,287011,124607.312,-4.4843
300033.SZ,20260608,206.45,212.38,202.55,204.9,142715,2955775.54478,-3.0747
300034.SZ,20260608,17.32,17.75,16.75,16.94,182633,313563.46398,-5.2043
300035.SZ,20260608,16.16,16.73,15.89,16.43,259619,423604.34192,1.6708
300036.SZ,20260608,12.18,13.15,12.17,12.78,193690,245479.25817,2.3219
300037.SZ,20260608,77.0,77.99,72.78,73.26,436352,3269893.84789,-3.5799
300039.SZ,20260608,5.07,5.1,4.98,5.0,64932,32652.1856,-1.9608
300040.SZ,20260608,7.29,7.47,6.94,7.04,579858,418041.85124,-8.4525
300041.SZ,20260608,13.11,13.41,12.67,12.83,375710,487966.8806,-5.8003
300042.SZ,20260608,64.92,66.6,63.99,64.15,228345,1488897.81356,-6.1174
300043.SZ,20260608,4.46,4.69,4.43,4.51,265871,120999.376,-1.9565
300044.SZ,20260608,5.8,5.93,5.69,5.73,193649,112665.92357,-4.9751
300045.SZ,20260608,18.5,19.09,18.21,18.38,212483,395757.84684,-3.5677
300046.SZ,20260608,28.5,29.0,27.07,27.16,90348,252827.97603,-8.5214
300047.SZ,20260608,10.22,10.51,10.13,10.24,146809,151286.62119,-2.2901
300048.SZ,20260608,5.72,5.75,5.53,5.59,185948,104951.63992,-3.6207
300049.SZ,20260608,42.0,42.42,39.96,40.6,69019,282980.01309,-3.9281
300050.SZ,20260608,6.98,7.35,6.82,7.16,266611,190242.613,-0.1395
300051.SZ,20260608,10.21,10.55,10.17,10.27,176474,182594.505,-2.8382
300052.SZ,20260608,12.96,13.27,12.11,12.3,426214,536975.255,-5.6025
300053.SZ,20260608,16.17,17.6,16.06,16.96,407142,694131.57666,2.9126
300054.SZ,20260608,65.0,67.33,64.08,64.91,383349,2519605.50725,-6.9391
300055.SZ,20260608,8.23,8.38,7.65,7.74,351369,279556.24542,-9.3677
300056.SZ,20260608,9.73,10.28,9.63,9.91,242429,241031.31606,0.0
300057.SZ,20260608,8.32,8.57,8.13,8.2,607183,506085.7159,-5.0926
300058.SZ,20260608,14.61,15.73,14.57,15.05,2500180,3797706.48492,-2.8405
300059.SZ,20260608,18.28,18.63,17.7,17.72,3484450,6307021.50114,-4.3197
300061.SZ,20260608,8.55,8.84,7.98,8.15,402059,335064.87842,-9.2428
300062.SZ,20260608,6.41,6.64,6.26,6.35,162702,104725.40397,-4.2232
300063.SZ,20260608,9.47,9.94,9.38,9.62,312808,302735.18284,-1.9368
300065.SZ,20260608,19.45,20.36,18.8,18.97,368626,719736.23237,-4.6734
300066.SZ,20260608,5.79,6.2,5.76,5.93,411614,246568.27216,-3.4202
300067.SZ,20260608,5.22,5.46,5.19,5.25,444152,235939.6236,-4.5455
300068.SZ,20260608,4.31,4.43,4.28,4.3,396288,172192.00618,-3.8031
300069.SZ,20260608,41.13,44.95,39.0,39.5,230371,954820.647,-12.8612
300070.SZ,20260608,3.43,3.47,3.37,3.38,323602,110476.55341,-2.8736
300071.SZ,20260608,3.95,4.1,3.9,4.0,339970,136819.712,-1.9608
300072.SZ,20260608,3.76,3.9,3.7,3.76,362446,137789.65,-1.5707
300073.SZ,20260608,50.07,51.03,47.53,48.06,186604,914795.23164,-6.4981
300074.SZ,20260608,3.96,4.16,3.95,4.04,202409,82173.571,-1.4634
300075.SZ,20260608,12.03,12.37,11.98,12.19,95765,116710.4676,-1.1354
300076.SZ,20260608,4.55,4.67,4.42,4.49,86932,39449.911,-4.0598
300077.SZ,20260608,22.44,22.76,21.22,21.49,419371,925377.8114,-8.631
300078.SZ,20260608,3.22,3.44,3.22,3.31,306079,102053.33871,-0.6006
300079.SZ,20260608,4.97,5.06,4.87,4.94,304298,151099.54988,-1.7893
300080.SZ,20260608,4.01,4.07,3.89,4.0,251233,99900.11707,-1.9608
300081.SZ,20260608,4.1,4.41,4.1,4.33,128271,55384.115,1.6432
300082.SZ,20260608,9.1,9.13,8.55,8.7,122727,108556.37349,-5.5375
300083.SZ,20260608,10.01,10.66,9.97,10.25,1052369,1092374.68464,-0.9662
300084.SZ,20260608,11.62,11.97,11.05,11.21,211357,242277.21036,-6.0352
300085.SZ,20260608,29.0,30.91,27.35,27.89,650418,1885766.80478,-6.5035
300086.SZ,20260608,6.32,6.5,6.15,6.24,120449,75974.485,-2.8037
300087.SZ,20260608,7.13,7.25,6.9,7.02,141400,99903.96141,-1.6807
300088.SZ,20260608,8.15,8.44,8.03,8.07,2714124,2221715.85399,-3.4689
300091.SZ,20260608,2.95,2.98,2.88,2.9,102531,29983.416,-2.6846
300092.SZ,20260608,13.23,13.5,12.8,13.01,50196,65884.891,-3.2714
300093.SZ,20260608,22.3,22.8,21.9,21.91,35284,78392.377,-3.1816
300094.SZ,20260608,2.85,2.93,2.79,2.81,323753,92101.1826,-3.1034
300095.SZ,20260608,8.95,9.2,8.85,9.03,110412,99824.921,-2.0607
300096.SZ,20260608,8.6,8.6,7.99,8.11,51684,42476.84853,-5.6977
300097.SZ,20260608,9.15,10.21,9.15,9.46,192744,187499.531,-0.7345
300098.SZ,20260608,5.14,5.33,5.1,5.17,465333,242676.9753,-1.711
300099.SZ,20260608,7.2,7.72,7.1,7.53,236492,178061.63342,2.0325
300100.SZ,20260608,31.0,32.85,30.9,31.85,187565,602779.2854,-0.0628
300101.SZ,20260608,16.61,16.77,15.76,16.13,139449,227010.67396,-4.9499
300102.SZ,20260608,23.5,24.84,22.87,23.15,474919,1128093.85389,-6.4646
300103.SZ,20260608,8.18,8.54,8.12,8.33,119298,99242.0695,-1.4201
300105.SZ,20260608,6.67,7.18,6.5,7.18,245598,173629.51836,20.0669
300106.SZ,20260608,13.43,13.6,12.22,12.39,160495,204013.27307,-10.1523
300107.SZ,20260608,6.02,6.15,5.82,5.88,87049,51898.286,-4.0783
300109.SZ,20260608,16.3,16.88,16.09,16.5,82788,135967.40602,-0.3021
300110.SZ,20260608,2.77,2.81,2.69,2.71,171803,47145.281,-3.2143
300111.SZ,20260608,3.2,3.28,3.08,3.15,300577,95681.926,-3.0769
300112.SZ,20260608,6.97,7.22,6.75,6.93,102658,71961.87994,-2.3944
300113.SZ,20260608,20.24,20.73,19.6,19.98,235771,475898.89369,-3.9885
300115.SZ,20260608,32.3,33.7,32.11,32.21,552424,1817518.92987,-4.3078
300118.SZ,20260608,13.51,14.12,12.9,13.06,528114,710135.81907,-6.5808
300119.SZ,20260608,15.86,15.97,15.42,15.54,30509,47732.03674,-1.7078
300120.SZ,20260608,7.91,9.15,7.82,9.09,1039793,920496.63333,13.9098
300121.SZ,20260608,13.21,13.53,12.69,12.8,268680,352212.50894,-3.1037
300122.SZ,20260608,12.3,12.52,11.8,11.93,236173,285755.44135,-4.0997
300123.SZ,20260608,4.4,4.43,4.23,4.27,398415,172659.37183,-5.9471
300124.SZ,20260608,73.0,77.28,72.72,74.52,568074,4264990.30144,-0.7459
300125.SZ,20260608,9.42,9.59,9.01,9.15,70407,65264.19147,-4.8857
300126.SZ,20260608,6.7,6.97,6.51,6.66,59117,39809.212,-4.0346
300127.SZ,20260608,28.5,29.34,27.11,27.58,74195,208249.53699,-4.7981
300128.SZ,20260608,7.17,7.35,6.83,6.96,561286,398545.68615,-6.3257
300129.SZ,20260608,9.8,10.04,9.35,9.47,218704,210880.01969,-4.9197
300130.SZ,20260608,23.24,24.23,22.4,22.63,197998,460859.35743,-6.7957
300131.SZ,20260608,16.0,16.43,15.45,15.67,715964,1142951.25704,-6.9477
300132.SZ,20260608,6.4,6.52,6.19,6.29,163480,103847.85252,-3.3794
300133.SZ,20260608,7.21,7.42,7.03,7.12,768861,553118.06996,-4.0431
300134.SZ,20260608,10.5,10.59,9.98,10.16,202908,209441.19835,-4.9579
300135.SZ,20260608,3.44,3.51,3.36,3.4,201668,69517.73117,-2.2989
300136.SZ,20260608,101.36,110.18,101.36,103.65,1084773,11470270.0749,-2.5205
300137.SZ,20260608,17.89,18.97,17.8,18.52,238277,440621.8996,-1.0155
300138.SZ,20260608,9.78,10.04,9.72,9.78,55249,54539.27673,-2.004
300139.SZ,20260608,40.01,41.07,38.6,39.3,184975,738248.25459,-6.9602
300140.SZ,20260608,5.75,5.8,5.53,5.6,175531,99384.67262,-4.1096
300141.SZ,20260608,10.91,11.28,10.4,10.57,80820,87651.48288,-4.0835
300142.SZ,20260608,11.67,11.76,11.15,11.23,587153,670135.81914,-5.0719
300143.SZ,20260608,7.47,7.69,7.26,7.37,76368,56851.93174,-1.8642
300144.SZ,20260608,6.55,6.63,6.37,6.45,276739,179367.83504,-1.9757
300145.SZ,20260608,4.35,5.2,4.31,5.02,2258752,1102212.96069,13.0631
300146.SZ,20260608,9.55,9.66,9.34,9.4,149705,141777.14012,-2.3884
300147.SZ,20260608,9.44,9.64,9.39,9.43,71782,68188.6059,-2.4819
300148.SZ,20260608,3.55,3.64,3.48,3.51,244409,87072.7143,-2.7701
300149.SZ,20260608,8.01,8.2,7.76,7.92,107947,85952.70881,-2.4631
300150.SZ,20260608,4.21,4.32,4.11,4.18,104817,44168.63792,-2.5641
300151.SZ,20260608,23.0,23.45,22.0,22.24,309822,706114.90042,-8.4397
300152.SZ,20260608,1.86,1.95,1.8,1.9,397906,74847.84832,1.0638
300153.SZ,20260608,25.05,25.3,23.97,24.17,105148,259343.83262,-6.2815
300154.SZ,20260608,9.35,9.78,9.18,9.33,110057,104004.58,-3.516
300155.SZ,20260608,4.57,4.74,4.42,4.51,105456,48135.32856,-4.4492
300157.SZ,20260608,4.37,4.63,4.35,4.42,466224,209360.5935,0.0
300158.SZ,20260608,5.12,5.25,4.98,5.06,114616,58350.12086,-2.8791
300159.SZ,20260608,4.15,4.16,4.01,4.06,326021,133247.74,-3.5629
300160.SZ,20260608,4.88,4.96,4.81,4.83,144499,70554.17902,-3.9761
300161.SZ,20260608,31.3,33.65,30.8,32.21,104951,340102.31242,1.0351
300162.SZ,20260608,10.54,11.43,10.54,10.82,1110759,1219213.67122,2.8517
300163.SZ,20260608,6.33,6.56,6.19,6.44,350464,223922.218,0.468
300164.SZ,20260608,9.7,10.6,9.7,9.96,1431672,1455542.17784,4.7319
300165.SZ,20260608,5.99,6.2,5.63,5.73,183173,107463.475,-4.9751
300166.SZ,20260608,15.5,16.2,15.41,15.52,683927,1079080.77211,-6.2802
300167.SZ,20260608,4.89,4.97,4.75,4.8,69800,33760.368,-3.4205
300168.SZ,20260608,4.97,5.08,4.85,4.91,199772,99173.87868,-3.1558
300169.SZ,20260608,5.45,5.6,5.28,5.42,99485,54093.32334,-2.3423
300170.SZ,20260608,17.38,18.08,17.2,17.68,461824,818120.25385,-2.1041
300171.SZ,20260608,11.16,11.3,10.74,10.93,77717,85438.78617,-3.5305
300172.SZ,20260608,4.66,4.73,4.57,4.66,144770,67418.44358,-1.6878
300173.SZ,20260608,3.87,3.89,3.72,3.79,102451,39078.50792,-2.8205
300174.SZ,20260608,24.08,24.96,23.07,23.37,533685,1277541.41488,-9.8727
300175.SZ,20260608,5.39,5.54,5.21,5.29,120494,64627.6844,-4.34
300176.SZ,20260608,5.61,5.75,5.5,5.58,120746,67945.96489,-3.125
300177.SZ,20260608,7.09,7.13,6.76,6.86,114794,79780.70248,-4.7222
300179.SZ,20260608,44.88,46.96,43.8,45.0,597227,2714247.97284,-5.2632
300180.SZ,20260608,4.73,4.89,4.54,4.58,324937,151821.28983,-5.3719
300181.SZ,20260608,13.41,13.55,13.06,13.17,98772,130556.47605,-2.3721
300182.SZ,20260608,6.06,6.47,6.04,6.4,3585420,2275098.46399,2.8939
300183.SZ,20260608,11.51,11.71,10.99,11.22,86465,98094.11,-4.5106
300184.SZ,20260608,15.79,16.59,15.45,15.64,1372614,2193030.36788,-8.0
300185.SZ,20260608,2.65,2.67,2.55,2.58,1020272,266488.29629,-4.0892
300187.SZ,20260608,5.35,5.48,5.15,5.24,144412,76380.635,-4.2048
300188.SZ,20260608,10.5,11.29,10.47,10.96,187849,205947.46947,2.9108
300189.SZ,20260608,4.94,5.18,4.84,4.96,689033,346547.15786,-1.9763
300190.SZ,20260608,3.91,4.06,3.88,4.0,212322,84391.0358,0.2506
300191.SZ,20260608,31.5,33.74,31.5,32.07,160603,525036.2452,2.6569
300192.SZ,20260608,16.41,17.22,16.25,16.39,82892,138314.16745,-3.3608
300193.SZ,20260608,7.53,7.77,7.4,7.53,66954,50796.9128,-1.8253
300194.SZ,20260608,3.68,3.72,3.58,3.62,94122,34315.20181,-2.9491
300195.SZ,20260608,5.8,5.91,5.54,5.64,120057,68637.929,-3.9182
300196.SZ,20260608,22.73,23.48,21.9,22.18,307554,696614.46355,-7.8521
300197.SZ,20260608,2.45,3.02,2.4,3.02,6725338,1947283.86787,19.8413
300198.SZ,20260608,2.35,2.58,2.31,2.46,290972,71261.65254,1.6529
300199.SZ,20260608,20.57,21.49,20.34,20.58,360579,751350.72976,-4.1453
300200.SZ,20260608,9.19,9.37,9.01,9.09,114528,105240.135,-4.1139
300201.SZ,20260608,17.82,19.29,17.72,18.5,484755,900402.41023,-0.108
300203.SZ,20260608,12.49,12.83,12.07,12.29,134124,166967.56745,-4.7287
300204.SZ,20260608,23.34,25.08,23.34,23.57,234954,568204.5168,-5.0363
300205.SZ,20260608,5.81,6.03,5.76,5.87,23915,14101.371,-0.3396
300206.SZ,20260608,12.77,12.98,12.16,12.33,80545,100959.69014,-5.1538
300207.SZ,20260608,20.3,20.48,19.35,19.61,592907,1181397.6753,-5.585
300209.SZ,20260608,23.61,24.73,23.03,23.64,571486,1358408.5306,-7.3305
300210.SZ,20260608,10.13,10.39,9.97,10.06,158666,161162.829,-4.1905
300211.SZ,20260608,7.65,7.85,7.58,7.7,44711,34466.896,-3.3877
300212.SZ,20260608,10.72,11.76,10.65,11.63,461503,520544.10011,7.6852
300213.SZ,20260608,7.22,7.29,6.94,7.02,138770,98725.9513,-4.749
300214.SZ,20260608,7.5,7.59,7.08,7.16,105069,76892.212,-6.0367
300215.SZ,20260608,6.98,7.26,6.83,6.98,173099,122472.07418,-2.7855
300217.SZ,20260608,5.09,5.15,4.88,4.93,678807,339845.8424,-5.1923
300218.SZ,20260608,13.38,13.64,12.89,13.03,36805,48612.647,-3.1947
300219.SZ,20260608,8.6,9.28,8.56,8.99,824901,744079.07624,1.3529
300220.SZ,20260608,11.95,12.26,11.38,11.76,33090,39212.695,-3.6066
300221.SZ,20260608,14.02,15.14,14.01,14.11,576902,841781.51164,-4.5332
300222.SZ,20260608,14.3,14.41,13.41,13.68,579021,807521.05419,-7.5051
300223.SZ,20260608,132.38,154.2,132.38,149.26,545310,8057068.27931,7.1039
300224.SZ,20260608,12.3,12.76,11.91,12.06,310954,382427.11915,-3.751
300225.SZ,20260608,7.67,8.32,7.6,8.16,282570,228406.425,6.25
300226.SZ,20260608,20.88,21.0,19.95,20.19,93650,190911.37191,-4.4939
300227.SZ,20260608,10.46,10.81,10.0,10.13,221665,229648.0796,-6.2905
300228.SZ,20260608,7.8,8.05,7.71,7.79,199587,157385.13,-2.2585
300229.SZ,20260608,15.55,16.03,15.4,15.67,184853,290682.07737,-1.8785
300230.SZ,20260608,4.69,5.03,4.65,4.8,246076,120164.4714,0.6289
300231.SZ,20260608,8.7,8.91,8.47,8.61,102391,88936.6709,-3.5834
300232.SZ,20260608,5.75,6.01,5.74,5.86,275567,161952.5916,-1.1804
300233.SZ,20260608,12.31,12.81,12.2,12.31,73723,91811.30457,-2.7646
300234.SZ,20260608,8.6,9.56,8.2,9.36,445626,409414.65954,6.0023
300235.SZ,20260608,13.55,14.19,13.38,14.16,176934,244244.4789,2.0173
300236.SZ,20260608,88.03,91.09,86.86,87.83,113389,1010874.52371,-6.0139
300237.SZ,20260608,2.21,2.21,2.12,2.14,245899,53345.2718,-4.4643
300238.SZ,20260608,11.3,11.36,10.75,10.95,60185,66497.4674,-4.3668
300239.SZ,20260608,4.86,4.95,4.74,4.79,107893,52238.48759,-3.6217
300240.SZ,20260608,5.73,5.87,5.54,5.64,73734,41934.468,-3.259
300241.SZ,20260608,7.57,8.22,7.52,8.08,954347,757519.87107,2.0202
300242.SZ,20260608,4.48,4.94,4.4,4.72,351333,167537.20375,0.2123
300243.SZ,20260608,16.85,17.99,16.7,17.7,267590,465926.17409,-0.6734
300244.SZ,20260608,16.51,16.76,15.97,16.25,173995,285069.26031,-3.3888
300245.SZ,20260608,6.2,6.61,6.2,6.38,103512,66431.5275,-1.0853
300246.SZ,20260608,15.97,16.97,15.48,15.82,116923,186321.2953,-4.4686
300247.SZ,20260608,4.06,4.24,4.03,4.1,165223,68350.752,-1.6787
300248.SZ,20260608,8.21,9.27,8.2,8.96,230361,205395.66785,4.918
300249.SZ,20260608,15.31,15.59,14.51,14.63,259178,389883.86336,-7.8715
300250.SZ,20260608,16.0,16.63,15.74,15.97,54429,87876.24724,-2.0245
300251.SZ,20260608,11.8,12.02,11.45,11.57,470578,550884.88495,-3.9037
300252.SZ,20260608,16.49,17.22,15.95,16.17,649410,1065755.54251,-5.3279
300253.SZ,20260608,7.31,7.45,7.15,7.24,469643,343082.45066,-3.4667
300254.SZ,20260608,9.57,9.95,9.04,9.1,187554,177387.65768,-6.0888
300255.SZ,20260608,36.2,38.3,35.9,36.97,125848,467786.19924,-1.4921
300256.SZ,20260608,3.0,3.05,2.89,2.92,361147,107057.1145,-3.9474
300257.SZ,20260608,28.67,29.46,27.3,27.81,105236,299175.74359,-2.9997
300258.SZ,20260608,12.6,13.35,12.5,13.1,299235,389624.78202,0.6144
300259.SZ,20260608,5.83,6.42,5.64,5.69,836500,501952.25144,-7.0261
300260.SZ,20260608,61.78,65.02,60.66,61.58,254679,1597653.76053,-4.2153
300261.SZ,20260608,4.93,4.96,4.72,4.77,108540,52471.524,-4.2169
300263.SZ,20260608,11.41,11.97,11.22,11.34,473835,545277.3443,-4.223
300264.SZ,20260608,7.55,7.79,7.26,7.29,180062,134670.785,-6.4185
300265.SZ,20260608,22.56,24.49,21.72,22.68,552805,1277698.77487,-5.7357
300266.SZ,20260608,2.09,2.24,2.04,2.16,416756,90359.18028,1.4085
300267.SZ,20260608,3.42,3.49,3.25,3.3,470455,158136.62985,-5.4441
300268.SZ,20260608,12.49,12.58,11.71,12.0,18898,22890.04924,-3.0695
300269.SZ,20260608,5.17,5.47,5.09,5.15,281498,147769.723,-3.7383
300270.SZ,20260608,11.95,12.74,11.62,12.19,101116,124349.41,-1.5347
300271.SZ,20260608,5.35,5.6,5.32,5.42,109207,59471.3016,-1.8116
300272.SZ,20260608,5.72,6.02,5.69,5.78,107169,62488.667,-2.3649
300274.SZ,20260608,150.11,153.75,146.0,146.8,590255,8828200.69227,-4.5203
300275.SZ,20260608,9.18,10.04,9.11,9.89,198042,192995.80698,4.878
300276.SZ,20260608,8.31,8.73,8.2,8.49,1248121,1065937.4815,-0.7018
300277.SZ,20260608,14.58,15.06,14.2,14.42,257644,375811.52815,-4.3132
300278.SZ,20260608,4.53,4.73,4.51,4.57,365950,168808.57222,-1.9313
300279.SZ,20260608,7.65,7.96,7.35,7.39,265068,202581.20014,-4.3984
300281.SZ,20260608,7.52,7.65,7.3,7.42,138610,104041.50232,-3.886
300283.SZ,20260608,16.58,18.38,16.48,17.63,759430,1342706.85615,0.6853
300284.SZ,20260608,5.79,5.96,5.62,5.87,161317,93371.68916,0.5137
300285.SZ,20260608,62.06,65.0,57.29,57.61,1475030,8915171.78182,-11.614
300286.SZ,20260608,31.19,32.43,30.2,30.7,98712,308264.35605,-6.2595
300287.SZ,20260608,3.75,3.85,3.66,3.68,263515,98699.2,-4.6632
300288.SZ,20260608,9.77,10.06,9.61,9.78,48984,48190.77,-2.004
300289.SZ,20260608,5.47,5.75,5.31,5.61,72181,40557.616,-2.0942
300290.SZ,20260608,10.14,10.18,9.58,9.72,249900,246419.47111,-5.4475
300291.SZ,20260608,5.88,6.31,5.81,5.95,495129,299852.773,-2.1382
300292.SZ,20260608,5.91,6.19,5.87,5.96,1493779,898055.85292,-3.0894
300293.SZ,20260608,17.7,18.03,17.01,17.3,75362,131999.26643,-3.9423
300294.SZ,20260608,16.5,16.92,16.05,16.16,77984,127835.20376,-2.5919
300295.SZ,20260608,11.46,11.77,11.37,11.49,20225,23378.932,-1.7109
300296.SZ,20260608,6.68,7.24,6.65,7.11,2567505,1813004.67725,3.343
300298.SZ,20260608,15.02,15.03,14.66,14.72,42677,63362.65841,-1.6043
300299.SZ,20260608,5.3,5.55,5.21,5.44,240580,130818.75935,-0.1835
300300.SZ,20260608,9.08,9.38,8.71,8.87,409446,369765.91355,-4.0043
300301.SZ,20260608,3.23,3.35,3.18,3.27,81910,26758.627,0.0
300302.SZ,20260608,49.72,51.59,47.6,48.46,628310,3109351.70611,-8.5833
300303.SZ,20260608,8.88,10.08,8.82,9.72,2151381,2079506.0314,9.3363
300304.SZ,20260608,14.4,15.24,14.31,14.97,416267,621225.3255,0.6048
300305.SZ,20260608,7.18,7.58,7.03,7.13,388961,283548.42336,-5.5629
300306.SZ,20260608,10.48,10.8,10.25,10.43,29157,30674.819,-3.4259
300307.SZ,20260608,7.53,7.65,7.39,7.45,508473,381648.27916,-2.6144
300308.SZ,20260608,1132.79,1179.45,1132.0,1154.99,336120,38923878.7236,-2.1187
300310.SZ,20260608,4.81,4.97,4.69,4.79,269689,130244.15779,-3.8153
300311.SZ,20260608,5.12,5.21,5.04,5.05,73632,37606.637,-3.071
300313.SZ,20260608,8.47,8.73,8.21,8.3,25138,21225.896,-4.2676
300314.SZ,20260608,9.85,10.07,9.63,9.79,25411,25044.888,-2.6839
300315.SZ,20260608,4.3,4.41,4.23,4.29,577572,249666.93209,-2.0548
300316.SZ,20260608,47.0,48.72,45.71,45.76,306467,1438355.4521,-6.4021
300317.SZ,20260608,5.21,5.39,5.07,5.11,686654,357580.39671,-5.3704
300318.SZ,20260608,4.69,4.84,4.63,4.7,56998,26988.885,-2.6915
300319.SZ,20260608,23.6,25.33,22.88,23.14,2505646,5996274.04722,3.86
300320.SZ,20260608,8.65,8.77,8.21,8.31,140754,119278.13393,-5.6754
300321.SZ,20260608,43.0,44.0,40.0,40.27,47854,200683.779,-9.5463
300322.SZ,20260608,32.0,32.46,28.52,28.61,689139,2099672.87025,-15.2296
300323.SZ,20260608,16.52,17.99,16.52,16.73,1279798,2200484.1686,-5.2661
300324.SZ,20260608,4.07,4.19,3.97,4.03,420588,171288.34679,-4.0476
300326.SZ,20260608,6.11,6.22,6.01,6.09,69584,42455.98313,-2.7157
300327.SZ,20260608,26.56,27.16,26.02,26.3,176442,468727.88996,-4.2592
300328.SZ,20260608,21.89,22.09,20.3,20.64,945998,1988881.88127,-6.6908
300329.SZ,20260608,12.21,12.64,12.05,12.21,34995,43107.92725,-2.0064
300331.SZ,20260608,56.2,56.96,50.81,52.3,296784,1604745.45444,-11.446
300332.SZ,20260608,4.7,4.89,4.66,4.82,234749,113150.89967,0.6263
300333.SZ,20260608,10.6,10.8,9.7,9.86,232980,237932.57844,-9.9543
300334.SZ,20260608,9.15,10.58,8.9,9.94,676608,666567.20889,10.3219
300335.SZ,20260608,5.46,5.76,5.43,5.53,155751,87089.89308,-2.1239
300337.SZ,20260608,12.01,12.53,11.83,11.88,289584,351219.10971,-4.4248
300338.SZ,20260608,3.3,3.31,3.18,3.24,51172,16627.64777,-2.7027
300339.SZ,20260608,40.0,41.92,39.75,40.33,280020,1147287.28481,-2.7255
300340.SZ,20260608,9.45,9.98,9.31,9.41,75723,72762.484,-2.2845
300341.SZ,20260608,14.83,15.3,14.6,14.77,118056,176174.2409,-0.6057
300342.SZ,20260608,48.72,52.42,48.55,49.29,378314,1912528.3152,-2.396
300343.SZ,20260608,6.25,6.42,6.0,6.13,203240,126576.10565,-5.8372
300345.SZ,20260608,6.02,6.05,5.7,5.72,209616,123171.64247,-6.9919
300346.SZ,20260608,56.0,59.5,55.5,57.19,905282,5211799.77054,0.2806
300347.SZ,20260608,38.26,38.97,36.05,36.17,216102,802202.72752,-7.0658
300348.SZ,20260608,9.77,10.01,9.57,9.73,159523,156359.04684,-2.1127
300349.SZ,20260608,11.8,12.01,11.68,11.72,100179,118479.68864,-2.6578
300350.SZ,20260608,4.42,4.56,4.32,4.39,147892,65547.9288,-3.304
300351.SZ,20260608,16.5,16.9,15.97,16.2,120347,198119.3698,-5.2632
300352.SZ,20260608,3.02,3.1,2.98,3.03,278546,84701.315,-2.2581
300353.SZ,20260608,21.0,22.36,20.9,21.84,653704,1426873.52414,-0.4558
300354.SZ,20260608,32.18,33.42,31.95,32.49,24999,81947.62,-1.8132
300355.SZ,20260608,3.06,3.13,2.99,3.02,222381,67930.10598,-3.2051
300357.SZ,20260608,22.0,22.38,21.18,21.52,69040,149450.88642,-3.2374
300358.SZ,20260608,8.11,8.24,7.86,7.95,175785,141605.949,-3.5194
300359.SZ,20260608,3.98,4.12,3.91,3.99,123483,49607.5608,-2.2059
300360.SZ,20260608,13.31,13.49,13.16,13.26,45026,59971.76605,-2.1402
300363.SZ,20260608,13.99,14.15,13.24,13.32,138425,188051.39985,-4.0346
300364.SZ,20260608,22.99,23.68,22.9,23.02,317009,735102.32046,-3.3585
300365.SZ,20260608,5.0,5.16,4.95,5.02,153300,77438.862,-2.1442
300366.SZ,20260608,5.27,5.33,5.15,5.23,55399,29011.9815,-2.243
300368.SZ,20260608,9.2,9.58,8.91,9.06,184625,170256.27014,-3.4115
300369.SZ,20260608,6.13,6.27,5.98,6.07,178035,108766.301,-2.88
300370.SZ,20260608,2.39,2.59,2.36,2.48,447533,112340.14452,0.813
300371.SZ,20260608,11.18,11.36,10.7,10.89,37671,41496.996,-4.1373
300373.SZ,20260608,97.73,98.78,93.18,94.46,238394,2289467.42753,-8.1754
300374.SZ,20260608,11.61,12.11,11.55,11.79,41235,48757.634,-2.562
300375.SZ,20260608,4.31,4.46,4.24,4.29,131681,57170.324,-3.5955
300376.SZ,20260608,4.81,5.94,4.69,5.94,752490,397116.15044,20.0
300377.SZ,20260608,13.22,13.99,12.76,12.92,277545,368582.52584,-3.0758
300378.SZ,20260608,34.65,38.16,34.55,37.21,180367,668871.75021,3.7068
300380.SZ,20260608,29.61,30.64,29.17,29.74,26386,79124.454,-3.0007
300381.SZ,20260608,6.0,6.18,5.78,5.82,135656,80635.378,-5.3659
300382.SZ,20260608,15.8,16.25,15.28,15.53,314268,491906.02662,-3.66
300383.SZ,20260608,12.6,12.87,12.31,12.51,650350,820381.90008,-3.9908
300384.SZ,20260608,12.3,12.53,11.91,12.11,33626,41014.002,-3.1974
300385.SZ,20260608,14.5,15.19,14.36,14.41,92532,136353.056,-4.3161
300386.SZ,20260608,10.5,10.82,10.23,10.37,59642,62970.57797,-2.6291
300387.SZ,20260608,7.57,7.7,7.37,7.44,62082,46717.137,-2.7451
300388.SZ,20260608,7.21,7.6,7.2,7.31,69650,51497.1734,-0.9485
300389.SZ,20260608,13.42,13.77,13.16,13.26,63014,84731.9929,-4.2599
300390.SZ,20260608,78.65,83.35,77.41,79.95,441789,3545660.05526,-0.6832
300393.SZ,20260608,8.69,8.91,8.16,8.24,430707,365995.92068,-8.0357
300394.SZ,20260608,439.0,442.79,415.72,425.11,421234,18150638.6635,-6.9781
300395.SZ,20260608,112.98,117.94,111.51,112.38,317457,3643585.20376,-5.7452
300396.SZ,20260608,7.41,7.5,7.18,7.28,31636,23258.967,-4.0843
300397.SZ,20260608,13.0,13.32,12.53,12.79,214304,277436.28686,-4.051
300398.SZ,20260608,39.17,41.97,38.89,39.75,557585,2248356.13064,-3.5896
300399.SZ,20260608,18.51,19.14,18.2,18.5,41687,77876.011,-3.2933
300400.SZ,20260608,28.35,35.17,28.2,33.2,344741,1112167.3,11.5966
300401.SZ,20260608,11.18,11.26,10.79,10.88,109805,120915.15718,-3.8869
300402.SZ,20260608,16.87,17.07,15.87,16.21,78417,129004.414,-5.701
300403.SZ,20260608,10.75,11.39,10.71,11.3,222102,247657.65429,1.7102
300404.SZ,20260608,8.92,9.08,8.53,8.69,108641,95508.42268,-4.4004
300405.SZ,20260608,6.28,6.39,5.85,5.99,136341,83154.1409,-4.7695
300406.SZ,20260608,11.79,12.0,11.4,11.65,54016,62818.99105,-2.5105
300407.SZ,20260608,11.82,12.54,11.73,11.95,81304,98303.105,-1.727
300408.SZ,20260608,130.78,132.56,121.52,122.92,921088,11612429.8031,-8.8333
300409.SZ,20260608,20.81,21.21,20.07,20.37,228542,472442.14001,-5.1234
300410.SZ,20260608,11.4,12.0,11.18,11.33,465850,536899.3538,-5.6619
300411.SZ,20260608,8.64,8.75,8.17,8.33,140164,118480.0126,-5.5556
300412.SZ,20260608,4.38,4.51,4.3,4.36,107063,47194.3551,-3.1111
300413.SZ,20260608,16.36,16.68,15.98,16.18,167881,274095.5621,-2.8812
300414.SZ,20260608,12.1,12.47,11.74,11.88,74053,89663.4896,-4.3478
300415.SZ,20260608,21.3,22.02,21.03,21.26,81463,174763.91302,-1.8467
300416.SZ,20260608,17.06,18.13,16.96,17.19,281199,491350.00287,-4.234
300417.SZ,20260608,12.31,12.68,11.64,12.1,49768,60779.68315,-4.3478
300418.SZ,20260608,39.18,40.08,37.96,38.66,436652,1707258.99536,-4.5432
300419.SZ,20260608,6.95,7.02,6.8,6.84,72810,50382.64536,-3.9326
300420.SZ,20260608,5.9,6.52,5.87,6.36,2438064,1510614.89726,4.7776
300421.SZ,20260608,21.02,22.58,21.02,21.89,109164,241443.46004,-1.6622
300422.SZ,20260608,5.04,5.31,5.0,5.09,131975,67727.725,-2.8626
300423.SZ,20260608,6.27,6.38,5.94,6.07,107512,65861.43132,-4.1074
300424.SZ,20260608,19.55,20.15,18.71,19.0,186812,363265.86041,-4.6663
300425.SZ,20260608,4.2,4.32,4.13,4.19,74995,31614.23263,-2.5581
300426.SZ,20260608,6.0,6.15,5.76,5.86,75442,44813.627,-3.6184
300427.SZ,20260608,7.8,7.81,7.02,7.12,506829,373521.101,-6.4389
300428.SZ,20260608,19.3,19.42,18.41,18.6,99736,188330.48534,-5.6317
300429.SZ,20260608,13.42,14.26,13.36,13.71,294906,407440.5486,-1.2248
300430.SZ,20260608,5.23,5.51,5.23,5.35,134953,72717.36724,-0.9259
300432.SZ,20260608,22.4,22.84,21.14,21.58,448573,980104.4581,-5.5166
300433.SZ,20260608,43.2,45.4,42.57,42.64,1984135,8713719.51206,-6.5117
300434.SZ,20260608,9.31,9.54,8.99,9.07,93768,85981.7102,-3.9195
300435.SZ,20260608,17.69,17.98,16.9,17.13,99703,173375.121,-5.2544
300436.SZ,20260608,86.3,92.6,85.41,85.78,77997,689215.9757,-3.4118
300437.SZ,20260608,11.8,12.38,11.61,11.83,91094,109230.8354,-2.5535
300438.SZ,20260608,74.01,74.66,70.11,71.65,201524,1453671.87725,-5.2875
300439.SZ,20260608,8.85,8.93,8.6,8.7,31440,27529.688,-2.3569
300440.SZ,20260608,18.5,18.98,18.13,18.29,129804,240505.71518,-2.9708
300441.SZ,20260608,6.16,6.27,5.98,6.06,63570,38879.67096,-3.1949
300442.SZ,20260608,75.0,76.83,73.3,74.11,328854,2472234.34299,-5.1938
300443.SZ,20260608,22.37,23.0,21.7,21.98,79009,175789.86742,-5.136
300444.SZ,20260608,13.08,13.4,12.77,12.93,327184,428457.68416,-4.2222
300445.SZ,20260608,23.61,24.48,22.94,23.27,70465,166647.5426,-5.1752
300446.SZ,20260608,15.89,16.06,15.2,15.44,105029,164100.18,-4.0398
300447.SZ,20260608,15.9,16.29,15.41,15.6,74954,118430.1525,-5.6261
300448.SZ,20260608,7.08,7.3,7.05,7.19,202819,145947.632,-2.1769
300449.SZ,20260608,7.72,7.88,7.43,7.74,251751,193501.0879,-3.3708
300450.SZ,20260608,45.9,46.1,43.39,43.81,593518,2654265.81934,-6.7476
300451.SZ,20260608,3.62,3.75,3.59,3.67,254264,93363.2236,-1.0782
300452.SZ,20260608,12.38,12.5,11.99,12.11,29422,35892.375,-3.12
300453.SZ,20260608,8.84,8.99,8.64,8.81,75578,66590.7913,-1.2332
300454.SZ,20260608,103.0,108.3,102.5,103.85,104188,1091437.65697,-3.7535
300455.SZ,20260608,22.06,23.09,21.7,21.97,122761,273525.84357,-3.0878
300456.SZ,20260608,41.15,41.81,39.81,40.02,353947,1445325.10123,-7.0383
300457.SZ,20260608,24.16,24.61,23.47,23.73,141920,340579.14326,-4.4301
300458.SZ,20260608,31.0,31.5,30.0,30.38,319749,985062.06632,-6.4655
300459.SZ,20260608,3.71,3.84,3.69,3.75,702818,264886.86573,-1.0554
300460.SZ,20260608,8.91,9.3,8.85,8.91,65866,59244.8982,-3.2573
300461.SZ,20260608,47.0,50.68,46.3,47.13,78653,381437.9966,-2.9248
300462.SZ,20260608,11.5,12.02,11.5,11.59,11140,13002.77904,-3.7375
300463.SZ,20260608,9.03,9.13,8.72,8.79,78448,69689.23447,-3.3003
300464.SZ,20260608,8.6,8.63,7.93,8.01,233911,193082.711,-10.0
300465.SZ,20260608,13.85,16.1,13.81,15.53,483339,749923.73609,8.6774
300466.SZ,20260608,7.95,8.29,7.91,8.06,92249,74587.757,-1.7073
300467.SZ,20260608,32.72,33.29,31.46,32.09,47631,154200.046,-4.0658
300468.SZ,20260608,22.4,23.36,21.94,22.38,184885,417998.43104,-3.7005
300469.SZ,20260608,55.53,57.41,51.0,51.5,104449,559791.1471,-8.1833
300470.SZ,20260608,30.65,31.16,30.03,30.68,20875,63765.09253,-1.5088
300471.SZ,20260608,9.73,9.77,9.23,9.34,77997,74064.14504,-3.612
300472.SZ,20260608,8.15,8.22,7.7,8.02,36062,28915.013,-1.5951
300473.SZ,20260608,33.33,34.37,32.5,33.01,63837,213116.756,-4.2911
300474.SZ,20260608,54.52,55.92,53.06,53.53,104405,568263.23152,-5.0381
300475.SZ,20260608,160.0,165.58,156.51,159.13,270296,4354690.01261,-7.4287
300476.SZ,20260608,307.0,325.9,306.56,314.8,512107,16183837.4945,-7.1112
300477.SZ,20260608,2.37,2.52,2.31,2.46,260305,63360.1232,0.4082
300478.SZ,20260608,38.08,42.55,38.08,38.98,75452,303272.2761,-3.5149
300479.SZ,20260608,14.23,14.71,14.06,14.28,38282,54937.77619,-2.5256
300480.SZ,20260608,31.1,34.64,31.1,32.84,178984,591255.65441,-4.4237
300481.SZ,20260608,13.55,14.02,13.18,13.28,107641,145484.8867,-4.8711
300482.SZ,20260608,18.03,18.56,17.69,17.7,149470,270128.46052,-4.2726
300483.SZ,20260608,18.7,20.15,18.58,18.79,315424,607178.66094,-0.9489
300484.SZ,20260608,14.74,15.29,14.65,14.89,36313,54339.082,-1.7162
300485.SZ,20260608,8.62,8.99,8.54,8.68,56833,49641.484,-2.7996
300486.SZ,20260608,25.81,27.5,25.81,26.68,287795,769540.5125,-5.222
300487.SZ,20260608,52.33,53.37,49.18,49.46,93691,474723.34968,-7.9985
300488.SZ,20260608,33.2,37.37,33.2,36.66,146707,530493.2369,6.1071
300489.SZ,20260608,119.15,141.23,119.15,137.66,116693,1557022.123,9.8205
300490.SZ,20260608,14.05,14.61,13.77,14.03,148636,210858.09,-4.9458
300491.SZ,20260608,30.51,32.78,30.51,31.21,119491,377278.8287,-3.0143
300492.SZ,20260608,39.5,40.58,36.2,37.3,51025,194580.672,-6.4225
300493.SZ,20260608,14.5,14.78,13.92,14.14,180686,259489.70875,-6.4815
300494.SZ,20260608,9.24,9.75,9.18,9.55,202671,192690.90928,1.4878
300496.SZ,20260608,61.48,65.88,61.4,64.74,255818,1648882.03375,2.4854
300497.SZ,20260608,15.4,15.98,15.28,15.67,197964,310084.94262,-1.1356
300498.SZ,20260608,12.87,13.19,12.56,12.69,492951,631107.07237,-1.5516
300499.SZ,20260608,35.1,35.49,33.56,34.0,249152,861958.05856,-7.4326
300500.SZ,20260608,10.56,10.96,10.29,10.49,47057,50186.495,-1.687
300501.SZ,20260608,12.78,13.63,12.23,13.26,78853,103836.40194,3.6747
300502.SZ,20260608,711.11,745.0,705.89,725.0,322561,23349172.2029,-3.0749
300503.SZ,20260608,78.1,88.99,78.09,87.01,450041,3778822.91589,6.4082
300504.SZ,20260608,18.4,19.34,18.0,18.41,175240,326734.54014,-5.8793
300505.SZ,20260608,19.13,19.5,18.31,18.58,115414,218362.69118,-4.6201
300506.SZ,20260608,4.62,4.62,4.4,4.42,86390,38579.06937,-4.329
300507.SZ,20260608,7.2,7.36,7.02,7.12,124672,89486.31537,-3.6536
300508.SZ,20260608,45.4,52.5,45.4,50.4,105810,535277.8247,12.3746
300509.SZ,20260608,9.57,9.76,9.21,9.36,59778,56665.7689,-4.0984
300510.SZ,20260608,3.52,3.64,3.46,3.51,177847,63031.67462,-3.3058
300511.SZ,20260608,5.81,6.05,5.73,5.87,195073,114738.62081,-0.8446
300512.SZ,20260608,7.75,7.9,7.48,7.61,41873,32174.62674,-2.6854
300513.SZ,20260608,7.81,8.05,7.59,7.68,70330,55014.64712,-3.2746
300514.SZ,20260608,11.05,11.05,10.16,10.37,35742,37454.417,-4.3358
300515.SZ,20260608,15.15,15.49,14.92,15.1,27573,41879.331,-2.8939
300516.SZ,20260608,39.0,41.1,37.49,37.93,168052,656801.92976,-7.4427
300517.SZ,20260608,11.15,11.31,10.71,10.83,58196,63984.835,-2.4324
300518.SZ,20260608,26.8,29.2,26.6,27.1,105882,294196.57854,-4.8789
300519.SZ,20260608,13.03,13.58,12.85,13.12,29475,38747.84436,-2.8868
300520.SZ,20260608,31.03,31.47,29.51,30.01,141997,434452.15588,-6.8591
300521.SZ,20260608,23.63,25.78,23.24,24.68,58036,143940.2392,2.1523
300522.SZ,20260608,11.34,11.72,10.93,11.13,73489,83205.79774,-4.1344
300523.SZ,20260608,20.31,21.47,20.2,20.78,47642,99643.01276,0.1446
300525.SZ,20260608,8.51,8.74,8.39,8.7,155763,133957.7177,-0.5714
300527.SZ,20260608,7.56,7.67,7.46,7.53,62164,46980.6076,-1.8253
300528.SZ,20260608,16.0,16.63,15.2,15.54,140152,222770.6684,-4.896
300529.SZ,20260608,16.89,17.28,16.51,16.76,55689,93506.3696,-2.6713
300530.SZ,20260608,19.2,19.46,18.24,18.5,22555,42483.01582,-5.6122
300531.SZ,20260608,15.98,16.72,15.64,16.5,266174,431083.79611,4.2984
300532.SZ,20260608,6.8,7.1,6.77,6.88,91371,63211.00602,-0.578
300533.SZ,20260608,15.6,16.55,15.6,15.88,94544,152132.7996,-2.5767
300534.SZ,20260608,7.59,7.81,7.44,7.56,49794,37907.927,-2.0725
300535.SZ,20260608,15.45,16.0,14.86,15.13,26023,40032.12471,-4.7229
300536.SZ,20260608,9.58,10.05,9.36,9.46,128400,123847.584,-4.0568
300537.SZ,20260608,26.47,27.4,25.8,26.09,200577,532669.4706,-3.1552
300538.SZ,20260608,17.2,18.02,17.0,17.12,97443,169241.42338,-3.0578
300539.SZ,20260608,22.57,23.96,22.4,23.02,71950,167309.66765,-3.1145
300540.SZ,20260608,25.42,26.9,25.42,25.8,78602,205530.5532,-3.0804
300541.SZ,20260608,10.41,10.66,10.18,10.36,71670,74764.76555,-3.087
300542.SZ,20260608,12.52,12.74,11.99,12.3,54278,67456.454,-2.6899
300543.SZ,20260608,8.66,8.79,8.31,8.42,67623,57785.43529,-3.9909
300545.SZ,20260608,34.9,37.99,34.87,35.8,163600,595938.63991,-0.8859
300546.SZ,20260608,16.58,16.96,16.01,16.43,37005,61114.52613,-2.6659
300547.SZ,20260608,32.01,33.34,31.3,32.1,123582,400519.66728,-5.9203
300548.SZ,20260608,208.08,227.78,206.0,213.0,165964,3607177.77273,-2.7397
300549.SZ,20260608,15.21,15.7,14.73,15.15,34220,52044.806,-2.9468
300550.SZ,20260608,13.92,15.08,13.88,14.26,143069,206746.62048,0.8487
300551.SZ,20260608,11.01,11.23,10.48,10.62,96002,104109.196,-4.8387
300552.SZ,20260608,26.28,29.2,26.02,28.07,109291,304271.09466,4.1945
300553.SZ,20260608,65.25,68.35,63.4,64.07,63829,418059.11916,-4.8135
300554.SZ,20260608,27.51,29.93,27.3,28.75,79560,230821.2212,-2.8388
300555.SZ,20260608,12.46,13.08,12.16,12.33,17908,22249.5385,-3.6719
300556.SZ,20260608,18.03,20.16,17.94,19.59,146162,285740.742,6.0065
300557.SZ,20260608,28.55,30.88,28.4,30.05,122218,367867.63382,0.6026
300558.SZ,20260608,48.41,50.95,47.77,48.91,149209,735842.69697,0.0614
300559.SZ,20260608,11.23,11.44,10.8,10.96,86351,95614.838,-3.0946
300560.SZ,20260608,17.41,17.95,16.78,17.06,138742,240205.8004,-6.2637
300561.SZ,20260608,14.2,15.07,14.0,14.31,198097,289401.26522,-2.5204
300562.SZ,20260608,11.86,12.1,11.57,11.71,51254,60649.006,-2.9022
300563.SZ,20260608,30.16,30.29,28.28,28.4,97721,286549.61268,-9.5253
300564.SZ,20260608,13.3,13.79,12.54,12.85,53832,70288.9598,-4.6736
300565.SZ,20260608,12.44,12.74,11.93,12.04,202279,249247.9787,-6.1574
300566.SZ,20260608,25.68,26.86,25.41,25.95,216763,564892.85156,-3.7463
300567.SZ,20260608,177.53,183.95,175.0,177.8,76751,1379894.29888,-6.0403
300568.SZ,20260608,15.01,16.45,14.96,16.25,1210754,1942174.02934,4.8387
300569.SZ,20260608,5.06,5.15,4.89,4.95,245136,122798.08803,-4.0698
300570.SZ,20260608,151.05,161.5,151.05,153.9,206247,3225670.17496,-8.5996
300571.SZ,20260608,43.63,44.56,41.89,42.54,149965,649038.398,-5.7181
300572.SZ,20260608,25.98,27.25,25.6,25.9,49774,131150.92815,-3.789
300573.SZ,20260608,36.51,37.01,35.13,35.67,74964,269388.9321,-3.4641
300575.SZ,20260608,5.65,5.76,5.5,5.55,137592,77537.5679,-3.3101
300576.SZ,20260608,39.31,41.39,39.31,39.84,178102,719235.74024,-4.6205
300577.SZ,20260608,16.09,16.32,15.55,15.85,26833,42678.433,-2.9988
300578.SZ,20260608,17.71,19.63,17.7,18.95,89627,170174.191,2.9891
300579.SZ,20260608,22.2,22.49,21.51,21.95,33604,74000.202,-2.5311
300580.SZ,20260608,22.99,26.78,22.9,25.65,332879,851209.92944,9.3817
300581.SZ,20260608,10.51,10.84,10.15,10.39,102339,107236.8571,-3.0784
300582.SZ,20260608,14.33,14.66,13.94,14.4,107503,154092.15775,-2.7027
300583.SZ,20260608,12.18,12.53,12.05,12.18,38834,47532.88492,-3.3333
300584.SZ,20260608,31.74,32.56,30.61,31.19,29614,93420.881,-3.1366
300585.SZ,20260608,18.2,19.19,17.84,18.88,87751,163693.452,-0.8924
300586.SZ,20260608,11.7,11.96,11.16,11.28,386091,446335.22966,-6.2344
300587.SZ,20260608,4.61,4.8,4.48,4.54,254369,117714.487,-4.0169
300588.SZ,20260608,19.08,19.95,18.39,18.83,55136,105562.94728,-1.4136
300589.SZ,20260608,13.1,13.34,12.65,12.81,109531,142177.93789,-4.0449
300590.SZ,20260608,14.1,14.86,13.88,14.49,186184,269618.6671,0.0691
300591.SZ,20260608,7.27,7.66,7.18,7.43,153532,115105.5458,-0.5355
300592.SZ,20260608,11.11,11.45,11.0,11.13,82794,92607.2968,-2.3684
300593.SZ,20260608,32.18,33.48,30.9,31.37,256277,822921.30578,-7.2717
300594.SZ,20260608,16.18,16.35,15.48,15.99,25152,40054.587,-2.9733
300595.SZ,20260608,11.43,11.52,10.98,11.1,97780,109495.28528,-3.8961
300596.SZ,20260608,39.92,40.65,36.28,37.1,97694,372926.90233,-9.6224
300597.SZ,20260608,8.03,8.41,7.98,8.12,61160,50000.7428,-2.4038
300598.SZ,20260608,31.8,33.8,31.77,32.68,56861,187084.00433,-0.8194
300599.SZ,20260608,12.58,13.13,11.92,12.3,192958,240858.86,-4.7988
300600.SZ,20260608,11.43,11.7,10.76,10.81,113939,126939.7696,-8.1563
300601.SZ,20260608,11.72,11.92,11.38,11.49,114977,133919.18761,-3.6074
300602.SZ,20260608,39.0,40.24,37.86,38.38,276174,1076064.3264,-5.9083
300603.SZ,20260608,8.69,8.91,8.42,8.51,152396,131833.623,-4.9162
300604.SZ,20260608,190.0,206.0,190.0,200.4,227561,4587365.81983,-3.062
300605.SZ,20260608,10.51,10.99,10.33,10.51,56187,59893.06426,-2.6852
300606.SZ,20260608,33.89,35.47,32.98,33.28,87330,295668.596,-5.1582
300607.SZ,20260608,31.87,35.15,31.8,34.52,584157,1987749.72694,5.9221
300608.SZ,20260608,11.16,12.47,11.13,11.93,365189,436315.36319,3.1115
300609.SZ,20260608,34.5,35.75,34.04,34.37,35495,123471.813,-4.2618
300610.SZ,20260608,10.63,10.81,10.21,10.34,52238,54681.775,-4.3478
300611.SZ,20260608,26.05,28.08,26.0,27.82,106371,294322.5425,3.806
300612.SZ,20260608,12.84,13.15,12.53,12.7,92386,118639.596,-3.0534
300613.SZ,20260608,57.0,58.48,55.69,56.3,93403,533797.41222,-5.9943
300614.SZ,20260608,11.15,11.67,10.81,11.09,35248,39490.588,-5.0514
300615.SZ,20260608,11.31,11.58,10.82,11.05,71376,79850.15169,-4.329
300616.SZ,20260608,13.9,14.56,13.61,14.13,78123,110126.931,-0.3526
300617.SZ,20260608,59.22,60.82,55.85,56.25,125367,725533.80583,-10.7568
300618.SZ,20260608,35.81,35.86,33.74,34.2,88674,308957.04904,-5.3156
300619.SZ,20260608,38.5,39.09,37.4,37.6,53284,203839.83883,-4.8101
300620.SZ,20260608,300.0,309.4,290.96,299.67,174855,5259659.81429,-6.4408
300621.SZ,20260608,7.38,7.61,7.14,7.3,75282,55326.791,-3.0544
300622.SZ,20260608,15.8,16.26,15.54,15.73,66697,105548.15564,-3.2595
300623.SZ,20260608,31.39,32.16,30.15,30.78,308744,965359.47709,-7.4842
300624.SZ,20260608,55.01,56.65,54.43,55.06,63842,354255.87652,-2.9438
300625.SZ,20260608,10.65,10.91,10.22,10.41,38072,40260.483,-3.3426
300626.SZ,20260608,38.6,42.65,37.3,41.22,276806,1119571.07553,2.2829
300627.SZ,20260608,29.19,29.8,28.66,28.78,126167,367709.63804,-3.9065
300628.SZ,20260608,38.02,38.05,35.41,35.47,219441,799280.01146,-9.9746
300629.SZ,20260608,21.39,21.92,20.5,20.85,84722,179182.12926,-5.485
300631.SZ,20260608,23.6,24.45,23.13,23.63,35313,84079.341,-2.4763
300632.SZ,20260608,25.74,28.5,25.66,26.78,296421,811496.74292,-2.9007
300633.SZ,20260608,19.75,20.2,19.01,19.31,54719,106761.23482,-3.6908
300634.SZ,20260608,23.0,24.19,22.86,23.44,152589,360364.72388,-1.7191
300635.SZ,20260608,13.48,14.15,13.2,13.35,55997,76162.014,-3.6101
300636.SZ,20260608,6.55,6.75,6.52,6.67,59972,39998.31945,0.7553
300637.SZ,20260608,9.72,10.07,9.5,9.59,69222,67521.3848,-5.2372
300638.SZ,20260608,22.0,22.6,21.8,21.83,138797,306880.24158,-3.9595
300639.SZ,20260608,5.35,5.41,5.19,5.25,111986,59196.02429,-3.3149
300640.SZ,20260608,6.4,6.61,6.11,6.28,110135,70130.88409,-4.1221
300641.SZ,20260608,14.6,14.8,14.13,14.17,72301,104201.02492,-4.4504
300642.SZ,20260608,13.28,13.57,12.78,13.0,29121,38315.8814,-3.0574
300643.SZ,20260608,17.3,17.97,16.9,17.35,43320,75269.2442,-1.922
300644.SZ,20260608,24.37,25.06,23.8,24.1,25883,63245.92582,-4.1368
300645.SZ,20260608,13.7,14.18,13.37,13.71,47030,64951.0854,-1.7204
300647.SZ,20260608,6.32,6.52,6.04,6.14,217260,136547.21572,-6.9697
300648.SZ,20260608,46.32,46.5,43.01,43.23,39123,174758.29983,-8.411
300649.SZ,20260608,27.37,27.44,25.76,26.65,87309,231593.332,-4.4803
300650.SZ,20260608,13.3,13.43,12.45,12.81,110638,142813.9977,-6.2225
300651.SZ,20260608,22.58,24.59,22.4,23.72,137338,327536.9544,2.1093
300652.SZ,20260608,40.41,42.88,40.41,41.83,23039,96513.635,-2.7662
300653.SZ,20260608,15.1,15.2,14.59,14.76,21520,31987.87402,-2.5743
300654.SZ,20260608,10.18,10.98,9.7,9.83,232696,235294.20347,-4.4704
300655.SZ,20260608,13.9,14.39,13.69,13.8,465585,653225.11415,-4.6961
300656.SZ,20260608,29.3,31.85,28.47,29.07,68285,204153.49011,-5.5556
300657.SZ,20260608,40.8,46.12,40.71,44.35,813332,3583685.66704,2.9958
300658.SZ,20260608,12.25,12.37,11.44,11.63,206652,246128.2098,-5.9822
300659.SZ,20260608,10.76,10.98,10.42,10.62,49541,52991.66988,-3.2787
300660.SZ,20260608,32.42,34.99,32.42,34.66,175984,605833.55505,2.4232
300661.SZ,20260608,102.85,107.5,101.76,103.17,159651,1667395.10407,-4.2417
300662.SZ,20260608,20.06,20.28,19.56,19.91,40685,81260.50426,-2.593
300663.SZ,20260608,7.64,7.86,7.24,7.47,250066,190678.30993,-2.6076
300664.SZ,20260608,5.06,5.1,4.87,4.92,143846,71492.8735,-4.466
300665.SZ,20260608,10.01,10.75,9.93,10.13,224533,232751.08419,-1.8411
300666.SZ,20260608,195.0,205.8,191.0,193.57,139820,2747500.90947,-3.7875
300667.SZ,20260608,19.0,19.5,18.2,18.41,114047,214825.7782,-6.5482
300668.SZ,20260608,55.0,58.28,53.02,54.92,47998,265861.5835,-5.0648
300669.SZ,20260608,27.0,27.66,25.7,26.96,19143,51137.988,-1.6058
300670.SZ,20260608,6.66,6.7,6.15,6.32,138630,89000.702,-7.0588
300671.SZ,20260608,41.0,42.67,39.92,40.83,80125,330555.45972,-5.2008
300672.SZ,20260608,277.99,291.0,273.03,276.7,112004,3145775.21391,-7.4582
300673.SZ,20260608,13.93,14.08,13.29,13.36,43392,59129.6515,-5.3824
300674.SZ,20260608,16.15,16.23,15.45,15.73,105439,167024.02695,-3.6742
300675.SZ,20260608,14.01,14.29,13.41,13.75,39583,54842.96553,-3.1008
300676.SZ,20260608,34.6,35.1,33.28,33.6,67854,230381.30664,-3.7801
300677.SZ,20260608,46.22,47.8,45.58,46.48,147093,687508.52504,-0.1075
300678.SZ,20260608,22.98,23.65,22.74,23.09,62648,144970.39528,-2.8199
300679.SZ,20260608,56.68,60.37,55.83,57.35,261275,1520935.1162,-3.0103
300680.SZ,20260608,34.09,35.56,34.09,34.46,66875,232987.23618,-3.0934
300681.SZ,20260608,31.0,32.55,30.83,31.53,131622,417753.3003,-2.895
300682.SZ,20260608,12.66,12.68,12.0,12.18,207634,256449.3799,-5.214
300683.SZ,20260608,25.08,25.86,24.48,24.95,39590,99458.31348,-3.5562
300684.SZ,20260608,53.4,54.7,50.69,51.44,172566,908927.565,-9.2769
300685.SZ,20260608,18.44,19.22,17.6,17.99,230180,419650.49108,-9.598
300686.SZ,20260608,16.9,17.65,16.5,16.95,166563,285810.855,-4.4532
300687.SZ,20260608,25.02,25.9,24.4,24.8,273681,691119.34658,-5.0172
300688.SZ,20260608,25.31,26.74,25.18,25.83,65353,169942.3568,-0.9586
300689.SZ,20260608,50.17,52.2,47.5,48.18,27233,134736.568,-6.3193
300690.SZ,20260608,24.05,24.85,23.61,23.85,33253,80472.72146,-3.0094
300691.SZ,20260608,15.74,16.25,15.25,15.47,77779,122172.6515,-3.5536
300692.SZ,20260608,7.7,7.91,7.6,7.72,86345,66934.96925,-2.0305
300693.SZ,20260608,46.81,47.64,44.3,45.3,149718,686988.67975,-5.0911
300694.SZ,20260608,10.22,10.48,9.94,10.05,55236,56245.857,-4.0115
300695.SZ,20260608,61.01,65.37,60.8,63.28,16948,107856.422,0.9411
300696.SZ,20260608,29.92,30.98,28.8,29.11,79415,236305.57778,-3.7049
300697.SZ,20260608,16.2,16.36,15.36,15.5,120829,191197.46998,-6.5139
300698.SZ,20260608,33.88,34.45,32.45,32.92,30630,102567.56308,-5.6734
300699.SZ,20260608,28.5,29.13,27.46,27.68,209110,589033.54582,-5.5612
300700.SZ,20260608,20.0,20.85,19.75,19.86,150233,303209.77155,-3.639
300701.SZ,20260608,10.45,10.82,10.15,10.29,60107,62913.5649,-3.2895
300702.SZ,20260608,19.0,20.48,18.86,19.53,61619,122425.12458,1.8248
300703.SZ,20260608,15.69,17.13,15.54,16.31,95849,157859.14088,2.4497
300705.SZ,20260608,11.17,11.29,10.79,10.95,53630,58959.24944,-3.0115
300706.SZ,20260608,47.0,51.37,46.5,48.81,127932,628661.215,-5.2601
300707.SZ,20260608,12.4,12.76,12.22,12.39,46069,57499.472,-2.8997
300708.SZ,20260608,8.45,8.89,8.3,8.44,317309,271367.13792,-4.1998
300709.SZ,20260608,50.0,51.87,47.03,47.49,148564,723701.67121,-6.9371
300710.SZ,20260608,37.73,40.98,37.52,40.29,86303,344086.28755,2.7806
300711.SZ,20260608,18.32,18.79,17.88,18.03,46290,84881.83351,-5.0053
300712.SZ,20260608,21.89,22.12,20.78,21.17,26553,56756.04275,-4.982
300713.SZ,20260608,14.47,14.95,13.94,14.27,53657,77381.82629,-2.9252
300715.SZ,20260608,24.98,25.36,23.1,23.48,290952,705758.47,-7.9216
300716.SZ,20260608,16.1,17.63,16.1,17.12,75967,129447.612,1.9655
300717.SZ,20260608,17.85,18.19,17.08,17.46,24355,42917.1928,-3.9604
300718.SZ,20260608,72.68,79.0,72.65,77.0,161390,1230317.08531,0.6536
300719.SZ,20260608,12.4,13.08,12.31,12.71,80553,102424.6485,0.873
300720.SZ,20260608,74.04,76.9,66.7,68.46,154436,1074632.085,-12.8231
300721.SZ,20260608,28.55,30.25,28.01,28.78,147366,428260.4413,-5.7629
300722.SZ,20260608,23.33,24.0,22.5,22.92,35428,82261.86348,-2.799
300723.SZ,20260608,36.5,37.98,34.26,34.71,141984,506593.29649,-7.637
300724.SZ,20260608,73.03,73.81,69.85,70.49,122252,876735.05986,-5.3952
300725.SZ,20260608,32.83,33.4,31.0,31.64,76041,243921.25521,-4.8135
300726.SZ,20260608,70.49,72.35,66.9,68.09,259963,1807288.3861,-9.2254
300727.SZ,20260608,31.68,32.4,30.57,30.83,45021,141061.9831,-4.9923
300729.SZ,20260608,10.48,10.7,10.4,10.66,35641,37702.40484,-2.0221
300730.SZ,20260608,13.6,14.37,13.12,13.59,110066,151805.5635,-3.617
300731.SZ,20260608,56.28,56.44,53.0,53.6,99346,543038.7794,-8.2506
300732.SZ,20260608,6.66,6.76,6.47,6.55,63385,41906.42597,-2.5298
300733.SZ,20260608,12.36,13.82,12.33,13.35,158812,212523.81094,5.367
300735.SZ,20260608,20.6,21.65,20.04,20.21,203012,420742.37721,-6.565
300736.SZ,20260608,29.0,30.49,28.44,28.68,61647,180384.887,-5.409
300737.SZ,20260608,8.5,8.59,7.11,7.11,1431668,1099078.45276,-20.0225
300738.SZ,20260608,19.91,20.35,19.14,19.34,523396,1030200.90673,-5.6125
300739.SZ,20260608,27.94,28.56,26.94,27.33,203574,565065.47202,-7.0092
300740.SZ,20260608,22.6,23.96,22.6,23.04,187850,440317.18744,-0.0434
300741.SZ,20260608,14.3,14.37,13.76,13.93,16700,23506.051,-2.1082
300743.SZ,20260608,17.02,17.22,16.35,16.54,34077,57096.395,-4.6686
300745.SZ,20260608,43.75,45.01,41.75,42.57,74523,321828.69902,-5.463
300746.SZ,20260608,10.52,11.17,10.52,10.85,49274,53592.855,0.463
300747.SZ,20260608,43.93,45.47,42.68,43.16,477592,2095083.93924,-6.8422
300748.SZ,20260608,30.3,30.55,28.9,29.19,371606,1105566.42141,-6.2018
300749.SZ,20260608,21.89,21.89,18.18,20.98,61963,130628.1596,-4.9819
300750.SZ,20260608,395.8,402.68,390.7,393.02,286526,11335280.8697,-2.4764
300751.SZ,20260608,221.0,223.98,201.23,206.0,136399,2885842.67006,-10.2436
300752.SZ,20260608,14.87,15.77,14.55,14.85,291669,442797.864,-3.446
300753.SZ,20260608,21.39,21.95,20.61,20.98,33559,71223.33,-3.4514
300755.SZ,20260608,14.62,16.12,14.62,15.15,138949,215479.80838,1.5416
300756.SZ,20260608,33.03,33.55,30.7,31.26,48107,154132.56222,-7.2679
300757.SZ,20260608,610.0,627.62,601.68,609.01,70847,4354217.20927,-6.1589
300758.SZ,20260608,11.41,11.7,11.11,11.23,111951,127473.002,-4.9111
300759.SZ,20260608,22.71,23.09,21.8,22.11,241216,539499.84034,-4.1612
300760.SZ,20260608,143.37,145.0,141.08,142.74,80154,1143298.11128,-1.1427
300761.SZ,20260608,18.06,18.94,17.85,18.15,103661,189584.73212,0.2209
300762.SZ,20260608,36.08,38.48,35.56,35.61,469831,1733741.721,-3.6004
300763.SZ,20260608,95.29,97.29,92.35,93.82,139136,1316704.33026,-3.6261
300765.SZ,20260608,24.5,25.42,23.05,23.6,117381,281331.24614,-5.2209
300766.SZ,20260608,23.5,24.08,23.13,23.53,152983,362007.95054,-3.0091
300767.SZ,20260608,18.65,19.4,18.4,18.71,82897,155818.04707,-1.6816
300768.SZ,20260608,15.15,15.42,14.71,14.98,66779,100559.27902,-2.9793
300769.SZ,20260608,61.96,64.48,58.51,59.6,187902,1146623.07298,-5.5168
300770.SZ,20260608,33.63,34.08,32.65,33.02,23243,77122.98563,-2.1919
300771.SZ,20260608,11.57,11.87,11.25,11.39,47433,54690.5958,-4.0438
300772.SZ,20260608,13.34,13.34,12.35,12.69,238859,306179.50008,-5.4396
300773.SZ,20260608,22.66,23.18,22.0,22.4,215725,487739.50447,-3.7387
300774.SZ,20260608,12.9,13.09,11.84,12.07,164361,203821.71,-8.2827
300775.SZ,20260608,23.4,23.71,22.02,22.33,207334,473011.6972,-6.803
300776.SZ,20260608,165.09,176.4,161.13,164.0,238303,4037918.10954,-3.6201
300777.SZ,20260608,30.5,30.85,28.91,29.35,159409,476591.31472,-6.7069
300778.SZ,20260608,10.88,11.8,10.77,11.06,75647,85631.05295,-1.25
300779.SZ,20260608,77.25,79.49,73.74,74.5,62158,474401.43932,-7.2806
300780.SZ,20260608,25.01,29.08,24.57,27.33,170348,470882.96891,6.2597
300781.SZ,20260608,28.73,30.0,28.53,29.02,37043,108188.6426,-2.2896
300782.SZ,20260608,100.0,101.73,93.58,93.87,270899,2632847.14849,-10.4037
300783.SZ,20260608,17.79,18.28,17.38,17.46,76847,136428.97861,-3.6424
300784.SZ,20260608,43.69,44.4,42.11,42.7,9929,42902.061,-3.8505
300785.SZ,20260608,39.51,41.3,39.51,40.02,62612,252494.90269,-3.2398
300786.SZ,20260608,17.36,18.98,17.1,17.67,125257,225664.9852,-0.3946
300787.SZ,20260608,9.08,9.39,8.87,9.04,62237,56792.00866,-4.6414
300788.SZ,20260608,25.48,26.09,24.81,25.25,28894,73584.685,-3.2938
300789.SZ,20260608,20.36,21.23,20.0,20.69,24658,50625.161,-0.5766
300790.SZ,20260608,21.53,22.75,21.01,21.5,333385,725968.93339,-7.0069
300791.SZ,20260608,16.7,16.85,15.98,16.19,23232,38021.68844,-4.3709
300792.SZ,20260608,31.06,32.43,30.88,31.36,60308,191303.47354,-3.567
300793.SZ,20260608,13.0,13.13,12.42,12.62,82762,105716.6658,-5.1128
300795.SZ,20260608,9.35,9.66,9.21,9.54,58194,55458.605,-0.7284
300796.SZ,20260608,7.31,7.59,7.09,7.18,66710,48761.55884,-3.1039
300797.SZ,20260608,13.76,14.0,13.19,13.49,33985,46358.8015,-3.574
300798.SZ,20260608,7.4,7.58,7.14,7.27,144375,105931.13162,-4.2161
300800.SZ,20260608,10.61,10.82,10.25,10.43,46372,48934.4525,-3.7823
300801.SZ,20260608,24.8,25.11,23.68,24.08,51643,126195.886,-5.8271
300802.SZ,20260608,23.28,24.59,23.28,23.58,181233,432999.3316,-3.1622
300803.SZ,20260608,81.63,84.88,80.0,80.68,178067,1462210.69706,-3.9295
300804.SZ,20260608,38.5,39.46,35.9,36.21,15976,59945.07403,-8.1198
300805.SZ,20260608,8.34,8.53,8.11,8.23,77195,64256.669,-2.2565
300806.SZ,20260608,80.0,84.75,74.7,75.31,236145,1864246.96406,-9.3524
300807.SZ,20260608,40.79,43.45,40.6,42.6,25785,108808.394,2.3301
300808.SZ,20260608,24.0,24.19,23.2,23.45,21354,50682.086,-4.2075
300809.SZ,20260608,36.45,37.77,35.82,36.0,106557,391794.58344,-4.7367
300810.SZ,20260608,25.92,26.2,24.7,25.14,28366,72424.234,-5.2394
300811.SZ,20260608,89.0,96.03,86.55,88.0,347489,3178729.76088,-5.3763
300812.SZ,20260608,26.11,28.47,26.0,26.92,142397,387724.56233,-3.1655
300813.SZ,20260608,20.7,20.86,19.46,19.91,22346,44910.10387,-4.2788
300814.SZ,20260608,149.9,162.8,149.0,155.97,96060,1491363.65311,-1.1534
300815.SZ,20260608,19.25,19.47,18.81,19.06,44097,84451.79008,-3.2487
300816.SZ,20260608,85.26,85.66,79.0,80.39,25098,206180.94645,-7.5871
300817.SZ,20260608,18.92,19.62,18.73,19.23,39872,76881.507,-0.3627
300818.SZ,20260608,22.72,23.0,21.38,21.73,50478,111633.19556,-6.5376
300819.SZ,20260608,61.0,63.18,59.75,61.12,37665,231344.08992,-4.3805
300820.SZ,20260608,63.5,65.3,60.83,61.4,70574,442471.52054,-7.0683
300821.SZ,20260608,15.6,16.84,15.5,16.14,532826,867741.97225,-3.6418
300822.SZ,20260608,13.76,14.11,13.36,13.55,30456,41656.96735,-3.2143
300823.SZ,20260608,16.6,16.92,15.86,16.29,48822,80117.0864,-2.8043
300824.SZ,20260608,8.18,8.44,8.06,8.19,43610,36000.0565,-1.087
300825.SZ,20260608,13.41,15.3,13.37,14.77,614838,906826.00537,5.5754
300826.SZ,20260608,18.01,18.85,17.64,18.26,82286,150198.11587,-0.3819
300827.SZ,20260608,29.3,30.0,28.3,28.66,160782,467660.14537,-4.2112
300828.SZ,20260608,19.2,19.8,18.6,18.76,51297,97829.1685,-4.9164
300829.SZ,20260608,16.83,17.12,16.66,16.89,30389,51286.78324,-1.8594
300830.SZ,20260608,8.8,9.18,8.7,8.94,102446,92113.0939,-1.3245
300832.SZ,20260608,43.94,45.05,43.78,44.73,50302,223831.97609,0.5621
300833.SZ,20260608,33.3,34.36,32.59,32.96,11032,36736.87908,-3.9907
300834.SZ,20260608,46.97,48.2,45.01,45.95,36652,170419.64684,-5.5887
300835.SZ,20260608,197.84,203.8,181.03,181.66,84621,1613815.42602,-13.9052
300836.SZ,20260608,67.0,69.35,66.4,68.18,19927,135252.38104,-2.0543
300837.SZ,20260608,28.0,28.0,26.25,26.93,21597,58801.29,-4.1637
300838.SZ,20260608,15.94,16.21,15.1,15.39,57029,89195.598,-4.9413
300839.SZ,20260608,14.82,15.4,13.98,14.21,99031,143098.58532,-7.2454
300840.SZ,20260608,21.51,23.39,21.51,22.25,101703,230772.915,-0.8025
300841.SZ,20260608,45.0,45.8,43.26,44.1,19779,87830.20982,-4.047
300842.SZ,20260608,79.0,82.5,75.88,77.21,68329,538170.434,-5.8759
300843.SZ,20260608,87.0,92.88,83.02,84.6,59716,517200.22892,-5.0718
300844.SZ,20260608,25.86,29.9,25.06,27.4,53439,149516.26862,5.6284
300845.SZ,20260608,14.1,15.4,14.01,14.93,139941,208592.52255,3.1077
300846.SZ,20260608,21.97,22.95,21.82,22.13,249925,559690.69541,-3.6989
300847.SZ,20260608,14.7,14.75,14.17,14.32,39650,57296.9385,-4.1499
300848.SZ,20260608,13.9,14.2,13.49,13.55,62660,86374.51127,-5.2448
300849.SZ,20260608,23.5,23.95,22.1,23.15,54231,124888.02111,-5.6258
300850.SZ,20260608,29.49,29.85,27.95,28.32,166274,478053.70042,-6.7808
300851.SZ,20260608,25.1,26.07,24.77,25.09,27685,70473.34386,-3.796
300852.SZ,20260608,48.09,51.42,47.01,50.06,90950,449443.70832,-1.3596
300853.SZ,20260608,37.76,37.76,34.15,35.09,104502,373738.4424,-9.6317
300854.SZ,20260608,28.62,31.99,28.46,31.68,109463,341153.14204,7.2081
300855.SZ,20260608,33.25,34.1,32.13,32.8,65561,216777.32061,-2.9011
300856.SZ,20260608,11.5,11.62,11.11,11.21,58354,66093.66999,-3.4453
300857.SZ,20260608,216.24,221.63,209.0,213.3,221394,4781547.93274,-6.6398
300858.SZ,20260608,15.2,15.63,14.98,15.27,68715,105157.32852,-1.9897
300859.SZ,20260608,29.28,30.85,28.6,30.19,58374,172955.82675,1.3087
300860.SZ,20260608,26.0,26.14,24.62,25.06,26732,67681.81998,-4.2415
300861.SZ,20260608,17.8,18.37,17.23,17.52,186658,331860.17484,-5.0407
300862.SZ,20260608,22.03,22.74,21.86,22.15,61946,137393.26516,-2.2938
300863.SZ,20260608,66.5,71.44,65.1,68.35,140603,971155.8173,0.3671
300864.SZ,20260608,22.39,23.08,21.82,22.44,29297,65984.04643,-0.1779
300865.SZ,20260608,25.5,26.45,24.8,25.24,29127,74806.44266,-3.5168
300866.SZ,20260608,109.24,111.9,106.18,107.28,46326,502348.50906,-4.3765
300867.SZ,20260608,21.46,22.13,20.23,20.48,94792,199744.62727,-6.27
300868.SZ,20260608,118.0,122.28,114.0,116.2,38931,457512.84646,-4.307
300869.SZ,20260608,11.03,11.25,10.73,10.88,37323,40839.14455,-3.1167
300870.SZ,20260608,254.99,275.8,250.3,259.0,45453,1201224.96565,-3.1486
300871.SZ,20260608,20.18,21.87,19.76,21.01,108221,229327.28917,2.9902
300872.SZ,20260608,18.5,18.93,17.92,18.18,151299,277616.00585,-4.7669
300873.SZ,20260608,21.69,22.69,21.4,21.62,54300,119600.63122,-3.3095
300875.SZ,20260608,32.88,33.36,31.82,32.29,22818,74186.60954,-2.003
300876.SZ,20260608,17.47,17.77,16.36,16.73,53311,90111.36937,-5.8526
300877.SZ,20260608,27.6,28.37,26.38,26.82,22924,62451.32912,-5.4302
300878.SZ,20260608,28.0,29.1,26.99,27.26,30478,84849.15949,-5.3143
300879.SZ,20260608,18.25,18.89,17.93,18.5,30428,56037.20804,-1.8568
300880.SZ,20260608,20.8,22.83,20.62,22.81,95212,207752.35511,6.3899
300881.SZ,20260608,48.01,49.2,43.89,44.1,31355,144295.4698,-12.1864
300882.SZ,20260608,15.9,16.47,15.15,15.36,46198,72255.50635,-4.3587
300883.SZ,20260608,6.38,6.58,6.27,6.43,292384,188530.69432,-1.8321
300884.SZ,20260608,10.6,10.99,10.33,10.65,52755,56302.4486,-2.114
300885.SZ,20260608,26.0,27.23,26.0,26.65,103395,275492.51854,-2.2018
300886.SZ,20260608,23.69,24.49,22.73,23.17,18064,42615.7014,-2.6879
300887.SZ,20260608,8.2,8.43,7.96,8.13,96085,78756.08624,-2.9833
300888.SZ,20260608,28.02,28.5,27.5,27.67,28855,80494.9069,-2.2607
300889.SZ,20260608,24.01,24.66,23.3,23.8,61977,148021.5518,-2.9364
300890.SZ,20260608,33.4,34.32,32.32,32.93,64051,212576.27584,-4.744
300891.SZ,20260608,6.84,6.98,6.52,6.62,80465,54179.19732,-5.1576
300892.SZ,20260608,22.71,23.0,21.76,22.08,19673,44044.88173,-2.6884
300893.SZ,20260608,20.59,20.59,19.62,19.95,27787,55680.87208,-4.0404
300894.SZ,20260608,8.75,8.97,8.61,8.77,46970,41356.93392,-1.5713
300895.SZ,20260608,54.75,56.96,53.18,54.54,55426,304118.7795,-4.3996
300896.SZ,20260608,99.0,99.9,93.66,94.16,35079,336532.84008,-4.7735
300897.SZ,20260608,18.95,19.32,17.51,17.85,105653,192875.77531,-10.6607
300898.SZ,20260608,20.5,21.07,19.88,20.04,30282,61986.65257,-3.4682
300899.SZ,20260608,30.89,31.84,30.25,31.03,10084,31317.855,-2.544
300900.SZ,20260608,33.46,35.8,33.09,33.16,168388,574279.89848,-7.1409
300901.SZ,20260608,14.4,14.9,14.25,14.44,30472,44296.297,-1.9022
300902.SZ,20260608,14.84,15.04,14.27,14.45,27435,40106.3044,-4.0505
300903.SZ,20260608,68.3,69.6,65.5,66.6,242626,1643173.19916,-7.6283
300904.SZ,20260608,48.0,48.75,45.86,46.33,12856,60684.04113,-5.7184
300905.SZ,20260608,59.5,60.99,58.38,58.73,72208,430184.74962,-4.9369
300906.SZ,20260608,29.18,29.96,28.14,28.6,17523,50882.994,-2.9851
300907.SZ,20260608,52.06,53.16,49.11,50.35,77870,394297.74637,-5.0179
300908.SZ,20260608,23.8,23.89,23.43,23.75,11197,26448.19805,-0.7937
300909.SZ,20260608,45.0,47.99,44.15,45.25,69740,322789.87412,-1.7586
300910.SZ,20260608,33.0,33.67,31.66,32.23,70505,228495.91651,-3.8484
300911.SZ,20260608,23.51,24.3,22.64,22.97,64621,151254.23803,-4.6096
300912.SZ,20260608,26.63,27.99,25.88,26.5,60196,162746.9662,-3.214
300913.SZ,20260608,57.12,60.93,56.0,57.84,214625,1255576.76576,-5.1803
300915.SZ,20260608,22.05,22.55,21.56,21.95,15878,34983.571,-2.1836
300916.SZ,20260608,27.3,27.7,25.38,25.64,69979,183602.251,-8.1991
300917.SZ,20260608,28.17,28.79,26.9,27.25,73441,204626.90253,-4.0155
300918.SZ,20260608,13.2,13.45,12.71,12.85,102813,134352.2266,-4.461
300919.SZ,20260608,47.67,48.51,45.0,45.6,165502,768782.64776,-6.1342
300920.SZ,20260608,47.42,51.88,47.38,50.45,44195,222537.19594,2.499
300921.SZ,20260608,17.75,17.99,17.12,17.27,79329,139572.63408,-5.5768
300922.SZ,20260608,23.65,25.59,23.61,25.35,107572,269739.32965,3.7659
300923.SZ,20260608,22.73,23.48,22.1,22.42,20269,45989.44957,-3.1952
300925.SZ,20260608,17.58,19.38,17.38,18.62,357159,670722.58398,3.2151
300926.SZ,20260608,19.56,19.9,18.94,19.17,41668,80680.09389,-3.9579
300927.SZ,20260608,23.6,23.6,22.28,22.61,35271,80815.19882,-4.5992
300928.SZ,20260608,31.4,32.29,31.02,31.52,20119,63644.14928,-1.99
300929.SZ,20260608,11.83,11.95,11.08,11.45,39442,45562.4362,-3.8623
300930.SZ,20260608,37.44,39.85,36.0,37.95,86180,325826.70652,-4.7918
300931.SZ,20260608,14.44,14.99,14.21,14.35,48571,70682.75385,-4.3333
300932.SZ,20260608,9.35,9.51,9.04,9.09,96571,89299.83737,-4.717
300933.SZ,20260608,6.85,7.15,6.67,6.76,157444,108225.15991,-3.9773
300935.SZ,20260608,34.55,36.4,34.31,35.58,24811,87697.37228,-0.8914
300936.SZ,20260608,100.01,105.68,98.0,100.09,30955,314184.99992,-6.5453
300937.SZ,20260608,21.97,22.57,21.32,21.8,21398,46884.423,-2.4609
300938.SZ,20260608,35.88,37.66,35.02,36.39,145130,529793.37784,-3.9081
300939.SZ,20260608,59.11,64.06,57.89,59.39,71123,428439.18796,-4.5023
300940.SZ,20260608,16.71,17.22,16.16,16.39,56751,94664.39218,-5.2601
300941.SZ,20260608,15.77,16.1,15.04,15.32,39746,61807.7314,-3.2828
300942.SZ,20260608,6.41,6.49,6.14,6.25,59092,37323.90588,-3.2508
300943.SZ,20260608,36.5,37.6,34.48,35.25,100297,360465.57375,-8.227
300945.SZ,20260608,12.14,12.31,11.68,11.84,77139,92493.903,-4.2071
300946.SZ,20260608,47.9,49.96,47.11,49.0,25614,125493.32477,0.823
300947.SZ,20260608,14.21,14.94,14.12,14.42,35619,51915.347,-2.5676
300948.SZ,20260608,28.53,31.05,28.53,29.16,120509,359807.98148,-4.9853
300949.SZ,20260608,24.2,24.2,22.27,23.03,15981,37125.8491,-4.6377
300950.SZ,20260608,17.65,18.11,17.12,17.43,20224,35559.651,-4.0198
300951.SZ,20260608,41.0,44.43,40.65,43.99,58409,255126.09706,2.8525
300952.SZ,20260608,21.99,24.21,21.85,22.53,92800,213578.86519,-0.9235
300953.SZ,20260608,139.99,149.5,139.68,143.47,79192,1146922.00679,-1.3545
300955.SZ,20260608,40.01,41.2,39.71,40.34,19865,80275.79746,-2.5368
300956.SZ,20260608,14.09,14.43,13.45,13.66,230634,321973.89562,-8.0135
300957.SZ,20260608,34.0,34.53,32.72,32.93,64901,216963.85055,-4.3567
300958.SZ,20260608,12.06,12.6,11.88,12.08,29648,36274.47589,-3.2051
300959.SZ,20260608,178.0,189.88,169.0,176.0,74430,1335400.11788,-6.2334
300960.SZ,20260608,18.06,18.55,17.11,17.49,19518,34619.8429,-3.9011
300961.SZ,20260608,11.4,12.17,11.2,11.7,50274,59412.368,-0.9314
300962.SZ,20260608,13.2,13.39,12.89,12.98,23396,30721.2331,-2.4793
300963.SZ,20260608,14.16,14.35,13.57,13.77,92777,129574.38147,-5.2306
300964.SZ,20260608,105.0,107.07,96.9,96.99,80763,820179.19595,-14.794
300965.SZ,20260608,49.62,49.98,47.1,47.65,14297,69411.843,-4.7191
300966.SZ,20260608,26.21,27.0,25.0,25.24,32015,82621.907,-4.6468
300967.SZ,20260608,18.87,20.26,17.94,18.25,196551,372019.90976,2.8169
300968.SZ,20260608,11.11,11.36,10.71,10.78,98474,108397.03554,-5.4386
300969.SZ,20260608,104.79,117.0,104.01,113.1,72006,819764.76403,5.0237
300970.SZ,20260608,27.01,27.74,26.23,26.77,48390,130380.50376,-3.1826
300971.SZ,20260608,21.0,21.61,20.38,20.63,35109,73471.79396,-4.0911
300972.SZ,20260608,184.0,187.0,178.2,180.8,21899,396459.02407,-2.2703
300973.SZ,20260608,25.79,26.38,24.98,25.3,20990,53650.3065,-3.3613
300975.SZ,20260608,43.01,48.98,41.44,41.6,1387938,6173669.02961,-7.1429
300976.SZ,20260608,63.0,66.21,60.98,62.0,67814,430609.38224,-7.2828
300977.SZ,20260608,17.88,18.44,16.88,17.19,23893,41951.68936,-4.1806
300978.SZ,20260608,9.48,9.66,9.18,9.33,35452,33348.459,-2.5078
300979.SZ,20260608,33.43,33.88,32.95,33.0,24973,82965.11091,-2.5111
300980.SZ,20260608,27.0,28.1,26.7,27.05,45380,123878.69218,-2.5225
300981.SZ,20260608,11.43,11.55,10.89,11.1,52557,59047.53773,-4.5572
300982.SZ,20260608,19.99,21.09,19.68,20.36,48427,98792.45962,-1.069
300983.SZ,20260608,34.0,36.22,33.18,34.43,14972,52117.48082,-2.3539
300984.SZ,20260608,58.0,61.83,58.0,60.22,39869,241763.4776,-0.4464
300985.SZ,20260608,25.05,27.23,24.8,26.62,71665,189857.86277,3.4992
300986.SZ,20260608,18.6,19.17,18.01,18.27,143058,265583.2989,-3.69
300987.SZ,20260608,13.99,14.34,13.63,13.77,70217,98315.72474,-3.2326
300988.SZ,20260608,17.12,17.79,16.8,17.05,54084,93371.6115,-2.849
300989.SZ,20260608,13.78,14.48,13.51,14.25,50844,72119.92602,2.3707
300990.SZ,20260608,77.18,79.9,76.3,78.03,42795,334412.1816,-4.2929
300991.SZ,20260608,38.01,38.09,35.6,36.08,31343,115591.0082,-6.5285
300992.SZ,20260608,25.8,26.46,25.43,25.79,15772,40871.88247,-2.8991
300993.SZ,20260608,10.45,10.65,10.19,10.38,35340,36696.9208,-2.4436
300994.SZ,20260608,12.14,12.45,11.89,12.09,29281,35652.8954,-3.0473
300995.SZ,20260608,32.02,32.95,31.2,31.64,14701,47083.5254,-4.0631
300996.SZ,20260608,11.19,11.68,11.03,11.57,83451,95098.26073,0.3469
300997.SZ,20260608,17.54,18.36,16.8,16.96,114145,201161.67723,-3.4718
300998.SZ,20260608,25.78,27.6,25.08,26.55,37343,99887.356,1.3359
300999.SZ,20260608,25.43,25.92,25.0,25.13,97284,246445.23032,-2.2559
301000.SZ,20260608,31.56,32.99,31.27,31.81,72837,233599.07204,-1.5475
301001.SZ,20260608,25.37,26.16,24.31,24.89,14501,36470.205,-4.1217
301002.SZ,20260608,45.34,47.35,44.44,45.17,50338,230562.24468,-5.8762
301003.SZ,20260608,47.17,48.6,45.91,47.2,19814,93471.751,-2.9006
301004.SZ,20260608,37.29,38.04,35.73,36.26,8602,31490.99734,-4.6793
301005.SZ,20260608,100.66,106.16,97.46,97.69,101079,1024842.97964,-6.2116
301006.SZ,20260608,14.67,15.21,14.07,14.41,21184,30867.0904,-3.7408
301007.SZ,20260608,33.8,34.27,32.4,32.86,43805,146044.56051,-4.7812
301008.SZ,20260608,24.4,25.16,24.1,24.62,37415,92201.83452,-2.4178
301009.SZ,20260608,9.25,9.37,8.92,9.04,31632,28925.913,-2.7957
301010.SZ,20260608,18.87,19.43,18.21,18.54,21256,40073.841,-4.5805
301011.SZ,20260608,16.13,16.73,15.76,16.0,26625,43353.21946,-2.7356
301012.SZ,20260608,29.22,30.07,27.73,28.29,112637,325014.90228,-7.549
301013.SZ,20260608,53.94,55.15,50.0,50.81,509029,2660716.17739,-9.639
301015.SZ,20260608,20.7,21.13,20.07,20.35,39318,80420.49086,-3.463
301016.SZ,20260608,15.07,15.47,14.45,14.78,35899,53605.9447,-4.4602
301017.SZ,20260608,13.77,14.28,13.61,13.75,63660,88521.14032,-2.1352
301018.SZ,20260608,94.38,95.55,89.82,91.54,129784,1203352.4841,-6.0839
301019.SZ,20260608,20.6,20.76,19.75,19.96,19185,38769.14371,-3.9923
301020.SZ,20260608,23.18,24.14,23.12,23.56,37280,88137.57788,-3.4426
301021.SZ,20260608,88.1,93.18,87.0,89.56,101870,922008.4188,-5.5374
301022.SZ,20260608,26.33,27.29,26.01,26.35,19282,51562.42462,-1.7158
301023.SZ,20260608,31.79,33.77,31.5,32.88,43006,141806.05721,1.1692
301024.SZ,20260608,44.91,46.74,42.48,44.0,10473,46452.986,-4.0976
301025.SZ,20260608,8.81,9.17,8.76,8.89,60807,54403.06637,-2.4149
301026.SZ,20260608,22.25,22.66,21.02,21.27,77384,168369.69068,-7.0367
301027.SZ,20260608,19.0,19.83,18.55,18.76,61155,116507.30962,-3.9427
301028.SZ,20260608,18.0,18.3,17.0,17.18,84190,148174.89188,-6.2739
301029.SZ,20260608,28.15,30.45,28.05,29.39,304271,896567.82022,1.3448
301030.SZ,20260608,13.32,14.34,13.3,13.34,165742,227867.3432,-1.0386
301031.SZ,20260608,113.0,115.25,108.58,109.4,44119,491017.73377,-4.8116
301032.SZ,20260608,10.8,11.15,10.54,10.69,43577,47135.34124,-4.0395
301033.SZ,20260608,47.8,48.34,44.88,45.77,12024,55792.62826,-6.0357
301035.SZ,20260608,50.37,51.23,49.12,49.96,16254,81446.43418,-1.6922
301036.SZ,20260608,23.21,23.92,22.65,22.93,16060,37299.20986,-4.0586
301037.SZ,20260608,14.6,14.72,13.6,13.94,31742,44750.1791,-4.3896
301038.SZ,20260608,19.23,20.5,19.18,20.0,73668,148386.58063,1.833
301039.SZ,20260608,7.82,7.92,7.63,7.7,138601,107218.45192,-2.2843
301040.SZ,20260608,30.09,31.26,29.15,29.96,33436,101118.48795,-2.315
301041.SZ,20260608,31.0,33.1,30.13,32.25,90288,283862.93368,-1.5267
301042.SZ,20260608,102.06,108.08,102.0,104.69,13153,138461.75401,0.3451
301043.SZ,20260608,44.65,46.19,43.62,44.66,11198,50427.76302,0.0224
301045.SZ,20260608,50.79,52.2,49.0,50.02,28309,143150.89306,-4.7601
301046.SZ,20260608,26.2,27.42,25.22,25.42,46166,120886.59423,-5.8867
301047.SZ,20260608,60.1,61.28,59.0,59.85,6921,41568.4513,-2.1419
301048.SZ,20260608,9.4,9.44,9.01,9.15,48497,44693.7388,-3.481
301049.SZ,20260608,20.83,21.3,19.76,20.16,18363,37753.794,-4.0457
301050.SZ,20260608,35.37,36.21,34.37,34.68,55353,194445.64178,-4.6991
301051.SZ,20260608,17.0,17.26,15.58,15.61,112639,183185.47969,-6.1899
301052.SZ,20260608,26.01,26.86,25.62,26.05,27961,73387.18014,-2.3613
301053.SZ,20260608,41.35,41.45,38.6,40.5,33863,136101.42198,-3.9146
301055.SZ,20260608,33.0,34.4,32.47,33.12,41955,139873.943,-4.2775
301056.SZ,20260608,12.89,12.93,12.08,12.56,24436,30866.373,-3.533
301057.SZ,20260608,30.38,30.84,28.1,28.45,21750,63369.7324,-6.6601
301058.SZ,20260608,8.65,8.68,8.4,8.49,38893,33202.98841,-2.6376
301059.SZ,20260608,13.74,14.0,13.31,13.49,48834,66483.70707,-4.2583
301060.SZ,20260608,8.5,8.79,8.32,8.44,88467,75545.45316,-2.5404
301061.SZ,20260608,41.87,41.98,39.63,39.87,23437,94499.9002,-3.6957
301062.SZ,20260608,6.4,6.56,6.23,6.38,83211,53135.3491,-2.5954
301063.SZ,20260608,19.59,19.91,18.77,19.07,21408,41331.908,-3.5895
301065.SZ,20260608,20.05,20.27,19.26,19.64,16595,32756.9353,-3.0123
301066.SZ,20260608,13.87,14.77,13.77,14.16,60285,86444.27682,-0.4919
301067.SZ,20260608,35.31,35.38,32.64,33.65,51932,176711.17192,-6.6574
301068.SZ,20260608,28.0,28.21,26.28,26.47,17157,46389.7987,-7.6735
301069.SZ,20260608,18.29,20.22,18.2,19.63,188999,365195.62983,3.8624
301070.SZ,20260608,92.0,96.29,90.03,94.33,27483,257587.47511,-2.7726
301071.SZ,20260608,68.17,73.91,67.82,70.7,212477,1512965.55165,-4.2265
301072.SZ,20260608,27.49,32.46,27.01,30.99,114273,340488.56311,9.2351
301073.SZ,20260608,21.08,21.71,20.39,20.68,37226,77943.7419,-3.7692
301075.SZ,20260608,71.0,73.28,68.17,72.01,13629,97840.438,-0.9082
301076.SZ,20260608,28.49,29.74,28.22,28.6,65587,189991.55264,-3.1493
301077.SZ,20260608,25.5,26.65,25.0,25.52,23305,59976.05708,-4.0241
301078.SZ,20260608,8.04,8.17,7.77,7.82,266771,212126.33974,-4.1667
301079.SZ,20260608,35.4,39.78,35.26,39.33,124388,466526.33157,8.7065
301080.SZ,20260608,37.12,38.09,35.87,36.47,27584,101289.07826,-4.2782
301081.SZ,20260608,17.41,17.79,16.78,17.13,74324,128220.11039,-5.5678
301082.SZ,20260608,10.05,10.31,9.7,9.83,61751,61537.94814,-4.4704
301083.SZ,20260608,14.77,14.99,14.13,14.43,19615,28576.42388,-3.2842
301085.SZ,20260608,63.63,65.03,61.31,62.45,29459,186736.97142,-5.3788
301086.SZ,20260608,145.27,148.74,139.0,140.3,30071,431202.47907,-6.1852
301087.SZ,20260608,46.31,47.0,44.3,45.22,22709,102956.5353,-3.3141
301088.SZ,20260608,13.64,13.94,13.31,13.46,19528,26643.48968,-1.2472
301089.SZ,20260608,22.12,22.55,21.44,21.79,18521,40701.427,-3.4131
301090.SZ,20260608,6.91,7.12,6.72,6.8,91838,63263.385,-3.1339
301091.SZ,20260608,17.5,18.68,17.26,18.05,97996,176100.70566,1.2907
301092.SZ,20260608,46.45,50.38,45.91,48.51,55722,272709.53137,3.0593
301093.SZ,20260608,113.96,124.39,113.96,123.25,39538,473382.83676,0.2033
301095.SZ,20260608,93.72,99.26,92.9,95.89,78462,756126.31678,-2.5607
301096.SZ,20260608,57.3,59.92,56.96,57.23,30114,175100.56934,-2.5541
301097.SZ,20260608,35.44,36.4,33.05,33.65,15981,55034.80106,-7.3258
301098.SZ,20260608,8.33,8.55,7.93,8.16,111517,91756.0035,-4.0
301099.SZ,20260608,74.7,78.8,70.8,72.42,139568,1039723.12214,-9.2936
301100.SZ,20260608,15.88,16.02,15.04,15.31,18459,28647.44425,-4.67
301101.SZ,20260608,30.29,30.59,29.2,29.6,25747,76967.09347,-3.2364
301102.SZ,20260608,9.38,9.67,9.32,9.47,26123,24819.03291,-1.7635
301103.SZ,20260608,16.31,16.69,15.93,16.25,22317,36395.5456,-2.1674
301105.SZ,20260608,51.31,53.0,49.26,50.3,5692,29014.596,-5.5222
301106.SZ,20260608,22.39,23.11,20.87,21.22,69991,153133.68116,-9.2387
301107.SZ,20260608,23.84,24.85,23.34,23.55,103946,248825.31842,-7.6833
301108.SZ,20260608,22.15,22.41,21.23,21.64,16179,35259.9936,-3.7367
301109.SZ,20260608,13.77,13.95,13.49,13.69,48766,66754.20975,-1.8638
301110.SZ,20260608,39.52,40.69,38.45,39.04,38045,150055.40038,-5.2197
301111.SZ,20260608,28.45,28.97,26.45,26.8,73959,202903.381,-7.2022
301112.SZ,20260608,32.55,34.58,31.53,31.93,22938,75468.27284,-1.0229
301113.SZ,20260608,18.46,18.46,17.0,17.3,26198,46215.6198,-6.8891
301115.SZ,20260608,32.24,33.96,31.36,32.66,69657,228176.7315,-3.8563
301116.SZ,20260608,9.55,10.56,9.38,9.62,88403,86952.2534,-2.5329
301117.SZ,20260608,25.75,26.7,24.76,25.08,61415,157088.69172,-5.6078
301118.SZ,20260608,28.98,31.81,28.92,29.99,114784,350103.10174,3.6999
301119.SZ,20260608,33.81,33.98,32.15,32.9,13823,45849.91319,-3.4908
301120.SZ,20260608,20.79,21.27,19.62,19.67,188394,384722.14985,-10.1005
301121.SZ,20260608,38.07,39.33,37.07,37.27,18924,71725.1707,-2.9174
301122.SZ,20260608,26.91,27.28,25.53,25.75,26751,70326.9659,-5.8501
301123.SZ,20260608,105.0,108.8,96.2,97.86,202689,2046296.14433,-10.7117
301125.SZ,20260608,16.0,16.0,14.83,15.84,49615,76782.74765,-1.6149
301126.SZ,20260608,9.77,10.17,9.43,9.69,45610,44688.058,-3.6779
301127.SZ,20260608,13.0,13.63,12.75,13.08,137615,180405.89643,-3.0393
301128.SZ,20260608,138.1,159.5,138.1,153.16,124106,1886845.0906,4.9185
301129.SZ,20260608,25.11,25.76,24.13,24.55,25828,64445.477,-5.2489
301130.SZ,20260608,27.5,27.76,26.03,26.61,10474,28138.083,-3.412
301131.SZ,20260608,36.87,37.69,35.41,35.67,12529,45577.58706,-4.0613
301132.SZ,20260608,38.18,39.26,37.18,38.0,76747,292262.38017,-4.5466
301133.SZ,20260608,40.6,41.88,38.06,39.81,49910,197448.9202,-1.9458
301135.SZ,20260608,17.83,18.3,17.4,17.75,25474,45477.96765,-2.4725
301136.SZ,20260608,13.09,13.37,12.56,12.83,49108,63642.125,-2.9501
301137.SZ,20260608,36.9,38.64,36.08,36.44,40106,148517.31032,-5.8155
301138.SZ,20260608,27.57,28.88,27.11,27.58,13547,37770.50575,-3.3975
301139.SZ,20260608,5.37,6.3,5.18,6.06,276038,161610.40934,12.0148
301141.SZ,20260608,47.77,48.85,45.06,45.73,31218,146511.11664,-6.8635
301148.SZ,20260608,56.35,57.85,53.9,55.05,22116,123069.545,-5.2496
301149.SZ,20260608,11.16,11.32,10.64,10.85,79110,86665.607,-5.3229
301150.SZ,20260608,55.8,56.51,53.33,54.38,97554,537625.58598,-5.6722
301151.SZ,20260608,17.52,20.88,17.51,19.68,172888,345646.63656,8.0132
301152.SZ,20260608,24.73,25.21,23.72,24.15,40898,100265.71937,-4.5455
301153.SZ,20260608,17.86,18.14,17.45,17.76,33218,59151.72416,-2.2026
301155.SZ,20260608,50.88,50.88,47.0,47.5,59853,292260.52669,-7.0996
301156.SZ,20260608,12.6,13.1,12.27,12.53,36665,46508.28692,-3.5412
301157.SZ,20260608,69.15,69.43,64.54,66.38,15904,106537.604,-5.2797
301158.SZ,20260608,15.12,16.02,14.87,15.15,72586,111621.5974,-1.3672
301159.SZ,20260608,33.64,34.2,32.55,33.05,20380,68066.24557,-2.7083
301160.SZ,20260608,43.0,46.5,42.41,44.84,84596,381578.66956,1.1048
301161.SZ,20260608,30.2,31.78,29.45,29.76,35174,107718.08617,-3.4706
301162.SZ,20260608,40.8,41.07,39.11,39.7,28461,114163.2878,-4.4525
301163.SZ,20260608,25.53,25.99,24.31,24.99,14208,35871.0633,-3.4762
301165.SZ,20260608,61.0,61.9,57.08,57.7,163605,968329.69037,-9.5044
301166.SZ,20260608,27.17,27.85,26.65,27.03,9670,26305.68635,-1.7805
301167.SZ,20260608,14.61,14.98,14.1,14.34,35640,51852.692,-3.7584
301168.SZ,20260608,41.67,42.85,40.85,42.3,26623,112381.12388,-0.4237
301169.SZ,20260608,75.02,77.6,73.85,75.0,13639,103325.22616,-4.5316
301170.SZ,20260608,25.15,25.15,23.97,24.26,17694,43505.969,-4.5258
301171.SZ,20260608,38.19,42.0,38.13,40.29,695866,2776733.69064,1.1549
301172.SZ,20260608,30.31,30.36,28.47,28.95,59256,174391.59275,-6.8832
301173.SZ,20260608,34.78,35.12,33.31,34.16,7741,26548.89189,-3.0922
301175.SZ,20260608,5.52,5.6,5.33,5.39,192052,104607.14605,-3.75
301176.SZ,20260608,39.46,41.08,38.59,39.61,69301,276200.63369,-4.6461
301177.SZ,20260608,23.52,23.86,22.59,23.15,15415,35816.221,-3.057
301178.SZ,20260608,49.8,58.8,49.65,56.75,52295,290760.13837,10.3656
301179.SZ,20260608,21.15,21.63,20.6,20.89,61153,128909.24437,-3.3765
301180.SZ,20260608,14.38,14.9,13.76,13.92,51254,73129.689,-5.9459
301181.SZ,20260608,30.58,30.79,29.0,29.08,20312,60279.18237,-4.9052
301182.SZ,20260608,80.22,82.81,78.0,80.0,29783,239083.08563,-6.3232
301183.SZ,20260608,200.49,206.1,193.25,195.97,58196,1161920.6116,-8.2108
301185.SZ,20260608,16.15,17.21,16.12,16.87,39603,66836.682,1.6265
301186.SZ,20260608,60.98,61.22,57.36,57.47,19569,115306.22852,-6.9312
301187.SZ,20260608,17.01,17.41,16.69,16.9,17469,29717.72616,-2.5937
301188.SZ,20260608,51.01,57.88,51.01,52.56,334345,1819297.20402,-3.8947
301189.SZ,20260608,96.57,101.88,91.0,99.81,62232,603126.88466,-2.1471
301190.SZ,20260608,20.95,20.95,19.9,20.04,20614,42070.099,-5.2482
301191.SZ,20260608,90.31,94.0,87.9,90.3,56592,515810.38736,-7.0031
301192.SZ,20260608,22.46,22.48,20.57,21.44,17223,37460.83961,-5.1747
301193.SZ,20260608,24.0,24.4,23.05,23.2,120816,285075.93868,-4.3299
301195.SZ,20260608,27.2,33.13,26.93,33.13,81733,260063.256,19.9928
301196.SZ,20260608,142.09,152.25,137.0,139.58,73227,1047821.22852,-6.9467
301197.SZ,20260608,29.77,30.45,27.89,28.44,38954,112503.29763,-6.6316
301198.SZ,20260608,17.17,17.67,16.03,16.7,37077,63163.99153,-4.023
301199.SZ,20260608,19.86,21.08,19.78,20.35,42325,86626.82709,1.1431
301200.SZ,20260608,265.0,282.99,260.49,277.67,45297,1237192.32598,0.1696
301201.SZ,20260608,34.92,35.71,34.17,34.61,46452,162660.29254,-1.6202
301202.SZ,20260608,36.84,37.9,35.15,35.64,25382,92519.131,-6.6038
301203.SZ,20260608,43.8,44.24,40.99,42.17,10273,43733.82,-3.7215
301205.SZ,20260608,325.01,329.6,300.12,308.58,114467,3610243.6006,-8.6339
301206.SZ,20260608,23.66,23.97,23.09,23.39,14347,33736.845,-2.5823
301207.SZ,20260608,16.98,17.23,16.43,16.67,40854,68679.27602,-2.7421
301208.SZ,20260608,29.74,30.79,29.26,29.62,17547,52727.78236,-4.0181
301209.SZ,20260608,61.01,62.44,58.17,59.68,15783,94625.5891,-4.953
301210.SZ,20260608,26.96,29.65,26.58,29.48,89861,255676.09267,7.3953
301211.SZ,20260608,9.79,9.83,9.37,9.53,27940,26791.6574,-2.7551
301212.SZ,20260608,26.91,28.8,26.25,26.5,25316,68937.406,-2.466
301213.SZ,20260608,46.6,49.48,46.56,49.0,34043,164681.56128,4.4999
301215.SZ,20260608,5.57,5.6,5.32,5.41,129031,70590.078,-3.5651
301216.SZ,20260608,24.39,24.95,23.85,24.36,88856,217364.19373,-1.536
301217.SZ,20260608,102.41,113.1,102.38,113.1,279073,3041016.33708,1.6538
301218.SZ,20260608,40.16,43.26,39.91,40.68,73741,306806.30499,-3.9887
301219.SZ,20260608,55.5,55.8,51.82,52.68,91799,492843.7397,-6.8929
301220.SZ,20260608,35.21,36.49,34.45,35.33,14337,51144.98509,-1.3128
301221.SZ,20260608,29.57,32.59,29.33,31.68,34770,109460.35795,2.6904
301222.SZ,20260608,33.8,34.43,30.08,30.36,54701,173629.1802,-10.5217
301223.SZ,20260608,16.58,16.69,15.86,16.13,18217,29615.76786,-2.9483
301225.SZ,20260608,92.58,102.25,91.57,97.65,30518,298273.77499,2.7895
301226.SZ,20260608,34.89,34.91,33.23,33.75,34519,117770.025,-5.303
301227.SZ,20260608,22.08,22.57,21.31,21.58,17691,38825.4425,-4.892
301228.SZ,20260608,73.0,77.98,71.62,77.03,65647,502522.56964,2.5289
301229.SZ,20260608,14.16,14.63,13.88,14.19,28531,40700.63708,-2.8747
301230.SZ,20260608,32.58,33.3,31.62,32.17,43117,139627.86842,-3.044
301231.SZ,20260608,32.66,35.98,32.66,35.5,166769,582213.06797,4.9985
301232.SZ,20260608,126.33,131.63,119.0,119.75,55561,686065.49117,-7.8775
301233.SZ,20260608,53.98,54.29,51.29,51.99,10931,57668.789,-5.5414
301234.SZ,20260608,39.25,43.44,37.26,37.57,34890,139930.51048,-8.1193
301235.SZ,20260608,65.93,68.99,63.56,64.35,36630,241181.221,-7.2767
301236.SZ,20260608,40.58,44.5,40.51,43.53,729809,3162112.58312,4.1388
301237.SZ,20260608,61.61,66.0,60.39,60.75,23267,146539.49444,-5.8431
301238.SZ,20260608,22.19,22.87,21.2,21.38,212687,468184.30534,-7.1242
301239.SZ,20260608,32.86,33.53,31.6,31.83,33308,107471.916,-4.8146
301246.SZ,20260608,28.14,28.39,26.5,26.84,181417,495148.8734,-6.8056
301248.SZ,20260608,70.01,72.97,68.68,70.0,52103,369906.0675,-2.5341
301251.SZ,20260608,46.69,46.86,44.4,45.37,74810,341064.38014,-4.7649
301252.SZ,20260608,34.61,34.61,32.69,32.96,38235,128749.76229,-6.6818
301255.SZ,20260608,24.39,25.67,24.36,25.33,32763,82475.16578,0.3566
301256.SZ,20260608,11.33,11.63,11.0,11.13,67176,75964.8049,-4.953
301257.SZ,20260608,41.55,42.1,39.24,39.84,21576,87752.528,-4.1386
301258.SZ,20260608,25.62,25.87,24.32,24.81,12140,30424.743,-3.1616
301259.SZ,20260608,22.78,23.25,21.58,22.53,53820,121064.24497,-3.7179
301260.SZ,20260608,15.75,16.34,15.57,15.94,49203,78610.58967,-1.0552
301261.SZ,20260608,85.5,91.87,85.03,89.62,47883,429634.58041,1.1398
301262.SZ,20260608,20.0,20.58,19.81,20.1,29729,59934.807,-1.6153
301263.SZ,20260608,19.43,19.44,18.3,18.51,89584,168026.98354,-5.7056
301265.SZ,20260608,25.79,27.2,24.6,25.0,88945,229601.24701,-5.838
301266.SZ,20260608,25.0,26.68,24.9,25.11,47496,122298.9349,-2.9753
301267.SZ,20260608,16.56,16.68,15.8,15.91,55710,89968.08007,-4.6163
301268.SZ,20260608,17.14,17.2,16.01,16.25,66586,110105.5906,-6.4479
301269.SZ,20260608,94.01,98.23,93.5,95.15,152627,1459488.99872,-3.6261
301270.SZ,20260608,30.0,30.65,29.51,29.99,24691,74451.9636,-2.4398
301272.SZ,20260608,38.33,39.12,36.37,37.0,11266,42397.68528,-3.7211
301273.SZ,20260608,46.3,47.99,45.1,45.99,18852,87535.76916,-3.9474
301275.SZ,20260608,41.33,43.28,40.94,41.98,59046,247669.05796,-2.2812
301276.SZ,20260608,23.71,23.71,22.05,22.22,25524,57743.22551,-7.107
301277.SZ,20260608,9.27,9.55,9.13,9.27,30029,28072.76028,-1.8008
301278.SZ,20260608,34.0,34.5,32.5,32.98,20293,67752.82817,-5.0662
301279.SZ,20260608,21.88,24.0,21.34,22.99,60281,139114.52411,3.5119
301280.SZ,20260608,40.99,42.56,40.38,40.98,29965,124032.92628,-2.0789
301281.SZ,20260608,42.62,45.58,42.3,45.54,72163,322521.65043,4.6897
301282.SZ,20260608,29.57,32.78,29.3,32.47,248607,779155.24653,3.738
301283.SZ,20260608,26.13,26.54,25.17,25.5,10497,27125.842,-4.3152
301285.SZ,20260608,106.0,112.5,105.73,107.0,32706,354245.2475,-4.182
301286.SZ,20260608,59.0,61.11,58.19,58.31,28773,171183.297,-5.9971
301287.SZ,20260608,36.0,36.7,35.01,35.54,7420,26629.47007,-2.9227
301288.SZ,20260608,18.58,19.32,17.62,18.09,29784,55334.62766,-5.0394
301289.SZ,20260608,50.0,50.76,48.3,49.06,18137,89104.1444,-4.7379
301290.SZ,20260608,31.16,32.2,30.69,30.7,26567,83695.10419,-3.4591
301291.SZ,20260608,48.1,49.69,44.54,44.93,127086,592308.83237,-10.122
301292.SZ,20260608,63.36,65.99,61.35,62.6,76735,486385.76924,-4.1788
301293.SZ,20260608,54.33,56.35,53.09,53.81,61556,336900.3032,-2.9226
301295.SZ,20260608,46.03,47.58,44.17,45.0,18903,86262.5642,-4.9028
301296.SZ,20260608,6.6,6.76,6.48,6.57,31590,20894.16168,-2.3774
301297.SZ,20260608,40.6,41.39,39.28,39.78,122216,493379.96371,-5.8462
301298.SZ,20260608,13.42,13.87,13.0,13.33,37303,50315.6865,-2.5585
301299.SZ,20260608,50.01,51.19,48.39,48.94,14277,70728.854,-4.6004
301300.SZ,20260608,35.53,35.72,33.18,33.69,11927,40930.511,-5.6303
301301.SZ,20260608,8.52,8.69,8.25,8.36,98792,83073.4341,-2.4504
301302.SZ,20260608,24.12,30.12,24.12,30.12,161856,461407.40504,20.0
301303.SZ,20260608,17.29,17.98,16.89,17.08,260289,452278.84676,1.1848
301305.SZ,20260608,29.8,30.53,27.29,27.51,159727,457925.37739,-10.3909
301306.SZ,20260608,129.55,136.83,123.0,126.45,39131,506011.17879,-6.2639
301307.SZ,20260608,56.67,60.21,55.1,58.03,66543,387018.71563,-2.5197
301308.SZ,20260608,470.0,496.44,470.0,485.06,140413,6848096.28412,-6.721
301309.SZ,20260608,30.95,32.12,30.44,30.91,9898,30929.9,-2.7376
301310.SZ,20260608,32.3,34.3,32.06,32.16,53197,175416.1619,-3.5104
301311.SZ,20260608,14.8,14.95,14.3,14.42,26868,39219.91897,-3.8667
301312.SZ,20260608,80.0,83.71,79.8,83.0,53119,433893.07681,-4.0684
301313.SZ,20260608,49.05,59.0,49.05,59.0,289653,1665368.12992,19.9919
301314.SZ,20260608,50.48,54.5,49.58,50.11,31770,164620.67957,-3.4489
301315.SZ,20260608,40.55,42.68,40.09,40.8,17211,71217.3021,-1.6156
301316.SZ,20260608,39.88,40.69,37.5,38.6,154601,604011.93297,-6.1056
301317.SZ,20260608,61.28,61.98,55.88,57.75,46410,271343.74582,-9.7374
301318.SZ,20260608,21.6,22.1,21.0,21.44,12778,27578.57645,-1.7415
301319.SZ,20260608,113.73,143.72,113.73,143.49,186573,2520870.21803,19.8046
301320.SZ,20260608,15.58,15.65,14.47,14.76,65532,99446.76659,-7.2864
301321.SZ,20260608,29.5,32.23,28.4,28.82,77496,229625.47392,-7.361
301322.SZ,20260608,45.48,52.23,45.26,50.81,84309,419186.59563,5.9866
301323.SZ,20260608,81.0,82.56,76.7,77.4,27793,221480.77217,-7.0159
301325.SZ,20260608,41.94,42.97,40.52,40.9,34706,144558.79168,-5.977
301326.SZ,20260608,144.99,144.99,130.0,131.69,24055,326476.852,-11.0022
301327.SZ,20260608,51.85,53.77,51.67,52.61,17442,91823.42408,-1.4425
301328.SZ,20260608,55.77,56.21,52.71,53.14,36209,196509.03586,-7.9029
301329.SZ,20260608,27.37,28.83,25.92,26.18,166970,454762.71064,-11.5839
301330.SZ,20260608,26.11,27.9,25.98,27.21,63220,171233.69064,2.6018
301331.SZ,20260608,23.1,23.85,22.33,22.58,17042,39161.19266,-5.5625
301332.SZ,20260608,8.2,8.63,8.18,8.41,39415,33304.768,0.7186
301333.SZ,20260608,46.03,46.47,43.79,44.5,13746,62053.81861,-4.2805
301335.SZ,20260608,21.05,22.12,21.05,21.35,15874,34299.746,-0.6977
301336.SZ,20260608,40.0,41.32,39.63,39.96,11279,45609.0546,-2.2266
301337.SZ,20260608,23.94,24.79,23.48,23.96,16854,40632.49781,-1.8837
301338.SZ,20260608,239.37,245.99,227.96,235.0,51461,1212798.72371,-8.9253
301339.SZ,20260608,11.2,11.43,11.07,11.27,43053,48472.78984,-1.227
301345.SZ,20260608,202.0,206.09,196.72,198.92,13147,264120.43328,-3.5913
301348.SZ,20260608,23.51,24.12,22.67,22.95,112112,262096.7054,-6.25
301349.SZ,20260608,54.95,57.02,51.86,55.31,76745,421206.12063,-3.4055
301353.SZ,20260608,19.48,19.84,18.8,19.15,11500,22250.41636,-3.1361
301355.SZ,20260608,10.35,10.84,10.2,10.37,41093,43158.982,-3.8033
301356.SZ,20260608,22.03,23.25,21.45,22.44,28905,65467.49162,-0.0445
301357.SZ,20260608,89.13,91.23,86.7,88.11,13768,122029.42876,-3.2077
301358.SZ,20260608,71.55,72.94,67.37,68.65,236892,1645402.7636,-5.0747
301359.SZ,20260608,19.96,20.17,18.8,19.05,18794,36653.44524,-5.506
301360.SZ,20260608,77.53,80.17,74.61,75.75,38205,293507.58055,-5.4189
301361.SZ,20260608,34.5,35.12,32.8,33.58,25312,85846.61634,-5.4617
301362.SZ,20260608,170.85,198.62,170.85,185.92,44422,837871.37959,-4.583
301363.SZ,20260608,25.53,27.12,24.81,25.1,127065,328090.92301,-3.7577
301365.SZ,20260608,30.64,30.64,28.22,29.22,38946,113158.42926,-5.6202
301366.SZ,20260608,45.0,46.66,44.26,45.05,140034,635872.06849,-6.9407
301367.SZ,20260608,43.6,45.04,42.66,43.15,11914,51866.59348,-2.6619
301368.SZ,20260608,46.4,49.68,46.33,49.48,67308,329389.13638,1.7479
301369.SZ,20260608,171.23,178.0,168.01,171.86,24680,428974.87822,-6.108
301370.SZ,20260608,9.21,9.41,8.96,9.07,41290,37823.4064,-3.4079
301371.SZ,20260608,27.5,28.0,26.43,26.76,26965,72856.93342,-3.637
301372.SZ,20260608,35.35,35.63,33.3,33.75,13155,45339.78487,-4.5262
301373.SZ,20260608,122.9,125.44,116.4,118.81,75244,905191.90276,-10.4132
301376.SZ,20260608,17.18,17.51,16.46,16.67,34712,58404.28976,-4.9059
301377.SZ,20260608,388.0,443.99,375.73,424.63,65748,2715493.94362,7.2542
301378.SZ,20260608,27.65,28.6,27.18,27.68,23779,66232.10088,-3.1152
301379.SZ,20260608,23.41,25.75,23.41,24.18,223433,550604.61869,-5.4361
301380.SZ,20260608,30.5,31.09,29.69,30.14,17378,52731.05167,-3.4902
301381.SZ,20260608,17.0,17.39,16.53,16.94,44759,75944.6734,-2.6996
301382.SZ,20260608,38.47,39.3,37.06,37.48,101522,387094.76515,-5.0899
301383.SZ,20260608,28.52,28.52,26.66,27.23,25454,69865.2622,-5.4842
301386.SZ,20260608,21.88,22.42,21.2,21.51,19461,42436.19956,-3.5426
301387.SZ,20260608,93.0,101.28,90.18,97.92,51410,504060.45677,0.886
301388.SZ,20260608,26.89,27.41,26.09,26.38,18170,48664.206,-4.2468
301389.SZ,20260608,75.03,81.44,74.66,77.78,116852,909705.23136,-5.0305
301390.SZ,20260608,31.63,32.65,30.45,31.18,11063,34780.458,-3.6167
301391.SZ,20260608,61.63,62.89,58.3,59.28,19269,116526.7008,-7.2591
301392.SZ,20260608,158.62,165.0,154.55,157.56,46054,734449.54486,-6.3258
301393.SZ,20260608,53.18,53.18,49.0,49.9,22297,112997.65043,-7.5584
301395.SZ,20260608,11.6,11.77,10.94,11.2,39018,44300.51303,-4.6809
301396.SZ,20260608,159.0,163.97,155.47,159.03,88696,1419076.58751,-3.2664
301397.SZ,20260608,30.0,30.4,28.63,29.18,36651,108384.39676,-5.4133
301398.SZ,20260608,39.37,39.57,37.65,38.5,15491,59729.14888,-2.9738
301399.SZ,20260608,17.95,18.44,17.52,17.84,25227,45298.33612,-2.3536
301408.SZ,20260608,15.5,16.18,15.41,15.63,119375,188551.26068,-3.9336
301413.SZ,20260608,86.0,93.36,86.0,91.19,70107,640732.49666,1.0416
301418.SZ,20260608,44.79,49.35,44.77,45.58,103672,489191.78936,-3.941
301419.SZ,20260608,43.89,44.74,40.0,41.03,128652,548531.09376,-12.8505
301421.SZ,20260608,91.1,92.83,86.95,87.03,63738,571243.79966,-9.164
301428.SZ,20260608,34.01,34.96,32.79,33.39,68662,232981.79414,-6.1288
301429.SZ,20260608,19.55,19.68,18.31,18.71,17985,34136.5644,-4.2967
301439.SZ,20260608,19.06,19.44,17.83,18.23,277251,517408.53822,-9.5285
301446.SZ,20260608,44.59,44.96,41.91,42.13,22928,98609.48874,-8.9278
301448.SZ,20260608,33.0,36.36,32.54,33.79,21797,75374.7567,1.9306
301449.SZ,20260608,43.02,43.49,40.8,42.23,9729,41045.12006,-3.8917
301456.SZ,20260608,26.11,27.01,25.21,25.7,19008,49763.502,-3.8893
301458.SZ,20260608,59.79,64.2,53.67,57.0,293206,1714664.27983,-10.2645
301459.SZ,20260608,33.5,34.54,32.86,33.5,12557,42192.248,-1.7883
301468.SZ,20260608,50.96,51.46,46.26,47.01,128745,624915.28038,-10.2349
301469.SZ,20260608,31.0,31.66,29.81,30.08,12741,39237.452,-5.498
301479.SZ,20260608,66.1,66.43,61.33,63.8,40638,258724.7956,-5.8997
301486.SZ,20260608,212.0,223.8,209.0,212.26,71433,1542744.9254,-5.9465
301487.SZ,20260608,22.97,23.32,21.8,22.17,151273,340821.33997,-5.4181
301488.SZ,20260608,141.55,170.0,141.01,161.28,59104,934468.93687,7.5057
301489.SZ,20260608,144.88,148.88,132.66,137.0,84149,1179031.5046,-9.9928
301491.SZ,20260608,42.0,42.57,40.82,41.2,6627,27621.2416,-3.8955
301498.SZ,20260608,41.5,42.92,40.88,41.29,46838,195507.38498,-1.4558
301499.SZ,20260608,33.68,34.12,32.0,32.13,38843,128538.5681,-6.0252
301500.SZ,20260608,24.76,25.05,23.49,23.83,118236,286816.15114,-7.204
301501.SZ,20260608,27.8,28.31,26.96,27.22,13455,37059.183,-4.4912
301502.SZ,20260608,79.67,82.0,75.0,79.7,13822,110301.928,-2.4241
301503.SZ,20260608,30.27,31.14,29.23,29.68,11471,34608.267,-5.1757
301505.SZ,20260608,18.96,19.62,18.53,18.91,22996,43865.65949,-2.9261
301507.SZ,20260608,12.38,12.65,12.11,12.34,26540,32835.83187,-2.2187
301508.SZ,20260608,25.0,25.42,24.31,24.9,20287,50412.8458,-2.0842
301509.SZ,20260608,27.15,27.34,25.94,26.21,20350,54114.40684,-4.4825
301510.SZ,20260608,34.0,35.2,33.43,34.13,154244,530304.99515,-2.4857
301511.SZ,20260608,111.58,127.1,111.58,123.08,343871,4177692.92828,2.9958
301512.SZ,20260608,54.81,57.52,54.5,56.44,25720,145294.52,1.6937
301513.SZ,20260608,66.0,66.99,63.36,64.13,18594,121133.09291,-5.8849
301515.SZ,20260608,20.06,20.98,20.06,20.45,28181,57763.3888,-0.4866
301516.SZ,20260608,16.3,16.69,15.6,15.92,59839,96579.14905,-5.9102
301517.SZ,20260608,53.29,55.94,52.35,52.85,48535,262208.61985,-5.0314
301518.SZ,20260608,30.2,31.14,29.5,29.85,17558,53128.79,-3.3355
301519.SZ,20260608,12.92,13.4,12.42,12.67,48113,62073.559,-4.7368
301520.SZ,20260608,36.0,36.51,34.52,35.1,5643,20064.12277,-2.9851
301522.SZ,20260608,26.85,27.15,25.6,25.94,80505,211963.71837,-5.7755
301525.SZ,20260608,70.72,77.88,70.32,75.7,31223,235666.851,3.8409
301526.SZ,20260608,20.0,22.15,20.0,21.98,1505727,3236023.06855,1.0575
301528.SZ,20260608,85.89,93.44,85.0,90.11,38823,350652.4417,-1.7875
301529.SZ,20260608,113.77,125.6,113.77,119.5,45570,552698.63934,3.0172
301531.SZ,20260608,75.58,80.53,72.3,72.81,88737,678031.14533,-9.2145
301533.SZ,20260608,27.16,27.41,25.85,26.23,11485,30564.963,-4.1651
301535.SZ,20260608,15.5,15.83,14.55,14.82,56463,84892.591,-7.0263
301536.SZ,20260608,74.99,77.88,73.61,74.82,64432,485434.52406,-4.5054
301538.SZ,20260608,87.03,89.81,84.12,84.97,12441,108015.0517,-6.5237
301539.SZ,20260608,15.0,15.54,14.81,15.01,17773,26996.03403,-4.0281
301548.SZ,20260608,77.25,77.25,71.92,73.03,15630,116162.0401,-7.7671
301550.SZ,20260608,112.85,128.58,111.5,124.27,162284,2015815.68687,6.505
301551.SZ,20260608,23.01,23.17,21.96,22.25,64695,145793.58159,-4.8739
301552.SZ,20260608,25.86,25.94,24.84,25.16,11816,30037.96736,-3.6753
301555.SZ,20260608,37.01,39.2,36.44,37.02,26056,97784.748,-4.2173
301556.SZ,20260608,65.91,68.38,65.08,65.5,13891,92452.64271,-3.0922
301557.SZ,20260608,80.54,82.58,77.69,79.4,9916,79280.9463,-3.1825
301558.SZ,20260608,6.68,6.86,6.54,6.67,69026,46282.30982,-2.0558
301559.SZ,20260608,13.8,13.88,13.24,13.36,32484,43802.01224,-4.2294
301560.SZ,20260608,30.89,30.89,29.1,29.5,20309,60770.18406,-5.4487
301563.SZ,20260608,202.0,213.5,190.52,192.2,54207,1085536.24768,-11.8389
301565.SZ,20260608,24.56,25.29,24.42,24.8,124010,308296.32251,-3.876
301566.SZ,20260608,34.77,35.93,32.25,32.81,416999,1415769.89987,-11.9903
301567.SZ,20260608,40.97,42.28,39.27,40.06,12905,52631.65309,-5.385
301568.SZ,20260608,81.52,86.98,81.33,85.64,63045,531985.41088,-1.9576
301571.SZ,20260608,56.75,57.5,53.26,53.95,38145,210774.46894,-6.8221
301575.SZ,20260608,41.6,41.62,39.64,40.32,6397,25966.83214,-3.9771
301577.SZ,20260608,98.86,103.0,94.02,97.04,37845,374034.20038,-7.484
301578.SZ,20260608,23.02,23.81,22.39,22.75,16548,38110.01178,-4.5321
301580.SZ,20260608,54.0,54.75,51.41,52.43,31355,166790.00664,-5.4804
301581.SZ,20260608,46.89,47.91,45.29,45.63,15996,74265.84116,-6.9914
301584.SZ,20260608,21.91,22.38,20.91,21.25,26912,57854.74103,-4.5373
301585.SZ,20260608,25.8,26.17,24.72,24.99,15064,38182.02882,-5.4841
301586.SZ,20260608,36.03,36.47,34.7,35.05,9396,33380.041,-4.235
301587.SZ,20260608,24.01,24.74,23.3,23.93,42437,101635.88443,-4.28
301588.SZ,20260608,34.02,35.99,33.0,34.08,55475,192147.60319,-2.6286
301589.SZ,20260608,147.49,148.98,141.11,142.56,9881,142918.12609,-5.2695
301590.SZ,20260608,165.0,169.88,162.02,163.66,4782,78859.0088,-3.3599
301591.SZ,20260608,44.01,45.29,42.51,43.2,88750,389244.60384,-9.434
301592.SZ,20260608,97.5,100.8,95.8,97.1,7801,76478.22334,-4.5419
301595.SZ,20260608,42.38,43.6,41.01,41.58,11998,50641.99432,-4.633
301596.SZ,20260608,77.9,81.44,77.43,79.8,25890,207165.54767,-1.1765
301598.SZ,20260608,53.95,54.96,52.25,52.8,6520,34865.31,-3.6496
301599.SZ,20260608,49.02,51.4,48.58,49.33,59083,294193.3657,-4.1205
301600.SZ,20260608,96.5,97.9,92.0,93.88,11899,113523.33998,-5.4582
301601.SZ,20260608,18.04,18.57,17.47,17.78,21554,38872.21662,-3.1063
301602.SZ,20260608,15.4,15.64,14.84,15.04,22842,34714.86152,-4.2038
301603.SZ,20260608,133.16,143.04,132.84,137.37,36290,504472.9448,-0.9232
301606.SZ,20260608,64.01,64.88,61.61,62.52,33171,209492.21994,-4.3744
301607.SZ,20260608,40.85,42.83,40.3,41.13,108136,449413.71394,-3.36
301608.SZ,20260608,53.35,53.5,49.53,50.1,25060,128515.1839,-7.2222
301609.SZ,20260608,45.07,45.47,40.5,42.56,33998,149510.01299,-8.6303
301611.SZ,20260608,105.86,109.5,101.5,102.0,152617,1594507.12818,-5.5643
301613.SZ,20260608,40.6,41.0,39.71,39.92,10293,41513.33386,-3.8072
301616.SZ,20260608,38.0,38.42,36.9,37.15,8369,31615.984,-3.1543
301617.SZ,20260608,51.0,52.78,49.0,50.1,28149,143345.56619,-4.2065
301618.SZ,20260608,39.8,41.5,39.11,39.68,25269,101650.50011,-3.0303
301622.SZ,20260608,54.8,55.8,53.18,54.29,22953,125201.804,-2.7758
301626.SZ,20260608,307.88,311.99,290.95,295.01,23639,710522.56351,-6.352
301628.SZ,20260608,106.47,112.0,105.23,106.9,35625,385035.89249,-7.4939
301629.SZ,20260608,335.0,359.07,334.48,336.7,12440,428546.17223,-4.5229
301630.SZ,20260608,233.82,240.4,226.88,230.56,11016,256274.88848,-3.5354
301631.SZ,20260608,79.31,82.21,76.39,77.18,25941,203799.68877,-5.4167
301632.SZ,20260608,17.0,17.43,16.46,16.67,32322,54630.13655,-3.5859
301633.SZ,20260608,50.58,51.68,49.28,50.37,4706,23779.302,-1.7554
301636.SZ,20260608,48.0,48.84,45.89,46.66,14824,70270.00234,-5.4125
301638.SZ,20260608,24.78,25.15,24.0,24.39,190901,469554.74763,-4.0519
301656.SZ,20260608,17.34,17.63,16.89,17.05,67835,116908.16467,-3.8895
301658.SZ,20260608,31.14,31.93,29.88,30.49,52204,160791.62309,-5.0156
301662.SZ,20260608,90.5,94.96,86.7,88.04,22835,204779.58589,-7.521
301665.SZ,20260608,22.24,22.59,21.87,22.13,22133,49137.49052,-2.2527
301666.SZ,20260608,745.0,809.0,730.0,780.01,48029,3680243.60771,-3.3445
301667.SZ,20260608,80.51,82.87,79.18,81.0,21131,170918.76254,-3.2605
301668.SZ,20260608,36.17,37.13,35.22,35.59,13483,48751.89966,-2.8922
301678.SZ,20260608,51.18,52.33,50.68,50.85,19518,100279.97288,-4.3274
301680.SZ,20260608,123.7,126.0,119.0,120.51,25406,311194.45858,-7.3214
301682.SZ,20260608,165.06,173.0,162.8,164.28,48361,808387.5789,-6.2329
301683.SZ,20260608,135.01,136.65,131.31,132.4,21278,285367.09307,-5.3271
301687.SZ,20260608,51.26,51.96,49.88,50.16,16719,85101.005,-5.3049
301696.SZ,20260608,122.83,137.96,121.85,137.8,82779,1094270.76117,5.0946
302132.SZ,20260608,57.51,58.9,56.58,57.03,65500,377644.94046,-2.1952
600000.SH,20260608,9.3,9.43,9.23,9.37,808870,756784.893,0.3212
600004.SH,20260608,8.01,8.09,7.97,8.03,74296,59548.607,-0.7417
600006.SH,20260608,5.95,6.06,5.81,5.89,166929,98746.293,-1.34
600007.SH,20260608,21.15,22.28,21.08,22.25,46447,101393.679,4.5583
600008.SH,20260608,3.11,3.12,3.05,3.07,1111605,342834.16,-2.2293
600009.SH,20260608,23.42,23.63,22.92,23.01,143917,333476.322,-2.665
600010.SH,20260608,2.38,2.42,2.33,2.33,5929680,1403532.279,-3.719
600011.SH,20260608,8.15,8.72,8.14,8.41,2661209,2258837.207,0.2384
600012.SH,20260608,16.09,16.2,15.89,16.17,58571,94125.578,1.8262
600015.SH,20260608,6.79,6.87,6.76,6.79,620610,422555.12,-0.5857
600016.SH,20260608,3.56,3.59,3.53,3.55,2231609,794473.59,-0.5602
600017.SH,20260608,2.78,2.79,2.7,2.73,349233,95669.549,-2.5
600018.SH,20260608,5.01,5.02,4.89,4.93,849033,419470.856,-2.1825
600019.SH,20260608,5.7,5.7,5.59,5.62,1070237,603253.091,-2.0906
600020.SH,20260608,4.01,4.05,3.89,3.94,185243,73073.416,-1.7456
600021.SH,20260608,18.72,19.27,17.69,17.71,1074482,1977113.197,-8.7113
600022.SH,20260608,1.31,1.33,1.29,1.31,886983,115994.144,-0.7576
600023.SH,20260608,5.83,6.02,5.81,5.95,591261,350397.374,-0.6678
600025.SH,20260608,9.71,9.76,9.55,9.67,373998,360826.688,-0.6166
600026.SH,20260608,17.51,17.75,16.72,16.75,612500,1046906.019,-4.7754
600027.SH,20260608,5.1,5.25,5.05,5.14,1561556,805060.827,-1.1538
600028.SH,20260608,4.88,4.94,4.84,4.9,3176164,1553551.34,0.2045
600029.SH,20260608,5.1,5.11,4.98,5.04,1527399,770068.822,-3.4483
600030.SH,20260608,25.41,25.83,25.35,25.43,1784321,4557027.285,-0.9349
600031.SH,20260608,19.0,19.99,19.0,19.51,2301728,4495822.886,4.6113
600032.SH,20260608,9.9,10.23,9.33,9.48,569420,554962.212,-7.8717
600033.SH,20260608,3.52,3.53,3.45,3.47,314404,109504.738,-1.9774
600035.SH,20260608,3.8,3.81,3.73,3.76,147540,55604.282,-1.8277
600036.SH,20260608,38.4,38.76,38.36,38.5,769478,2965291.902,-0.2074
600037.SH,20260608,6.69,6.83,6.56,6.66,171469,114431.899,-2.6316
600038.SH,20260608,26.7,27.28,26.46,26.83,77833,209065.937,-0.4822
600039.SH,20260608,8.34,8.52,8.2,8.45,215222,180915.665,0.5952
600048.SH,20260608,5.3,5.35,5.26,5.27,1130696,599078.673,-1.6791
600050.SH,20260608,4.3,4.38,4.28,4.31,1960667,845307.507,-0.6912
600051.SH,20260608,6.44,6.61,6.36,6.45,56535,36710.116,-1.5267
600052.SH,20260608,3.84,4.02,3.77,3.86,184860,71807.466,-1.0256
600053.SH,20260608,8.59,9.04,8.51,8.65,53715,47337.815,-1.0297
600054.SH,20260608,10.75,10.92,10.62,10.69,50501,54237.065,-1.7463
600055.SH,20260608,12.19,12.34,11.81,12.02,76015,91573.121,-2.3558
600056.SH,20260608,9.42,9.57,9.3,9.38,118081,111104.321,-1.367
600057.SH,20260608,5.94,6.0,5.8,5.87,173313,101916.233,-1.8395
600058.SH,20260608,9.52,9.65,9.15,9.3,142973,134480.627,-4.4193
600059.SH,20260608,8.0,8.07,7.85,7.93,94114,74880.692,-1.2453
600060.SH,20260608,24.98,26.34,24.89,25.8,183163,473287.11,1.3752
600061.SH,20260608,6.27,6.33,6.18,6.2,362825,226043.822,-2.0537
600062.SH,20260608,16.8,16.95,16.58,16.71,41252,69065.78,-0.9484
600063.SH,20260608,7.8,8.15,7.63,7.7,2144816,1682406.6,-6.326
600064.SH,20260608,7.23,7.27,7.1,7.19,191408,137555.241,-1.776
600066.SH,20260608,30.54,31.32,29.98,30.47,210089,643916.177,-0.3271
600067.SH,20260608,2.96,3.03,2.85,2.9,276493,81069.876,-3.6545
600071.SH,20260608,17.48,17.97,16.95,17.12,49405,85915.691,-5.8306
600072.SH,20260608,10.2,10.44,9.78,9.92,295616,297219.633,-4.1546
600073.SH,20260608,5.06,5.15,4.96,4.99,91374,46010.381,-2.3483
600075.SH,20260608,4.89,5.02,4.79,4.84,249442,121900.788,-1.4257
600076.SH,20260608,3.53,3.69,3.44,3.52,308334,109389.803,-1.9499
600078.SH,20260608,14.5,14.8,12.9,13.35,707129,979781.16,-4.2324
600079.SH,20260608,17.32,17.5,17.19,17.29,99952,173061.656,-0.7463
600080.SH,20260608,5.27,5.37,5.18,5.25,47430,25032.568,-2.7778
600081.SH,20260608,10.32,10.88,10.28,10.51,46538,49095.413,-0.7554
600082.SH,20260608,3.15,3.18,3.04,3.14,123000,38166.526,-1.875
600084.SH,20260608,4.65,4.74,4.64,4.73,21991,10308.746,-0.211
600085.SH,20260608,25.03,25.29,24.43,24.51,71826,177591.045,-2.0775
600088.SH,20260608,14.06,14.93,13.9,14.04,130903,187681.1,-1.4045
600089.SH,20260608,25.18,25.33,23.67,23.94,1746610,4274471.836,-6.8845
600094.SH,20260608,4.08,4.14,3.92,4.0,192634,77409.043,-2.9126
600095.SH,20260608,7.72,7.86,7.54,7.62,230171,177289.483,-2.682
600096.SH,20260608,29.17,29.67,28.75,28.93,337769,984549.254,-2.8216
600097.SH,20260608,8.77,8.96,8.56,8.68,40964,35868.402,-2.9083
600098.SH,20260608,7.53,7.64,7.24,7.27,487487,360910.54,-5.7069
600099.SH,20260608,9.3,9.56,9.18,9.36,49638,46507.36,-1.6807
600100.SH,20260608,7.44,7.5,7.16,7.27,465199,340240.609,-4.2161
600101.SH,20260608,9.63,10.35,9.51,9.73,408158,405865.571,-2.2111
600103.SH,20260608,3.68,3.85,3.57,3.66,1605345,595216.274,-4.9351
600104.SH,20260608,11.67,11.77,11.41,11.47,518510,598220.065,-2.5489
600105.SH,20260608,51.99,56.8,51.87,53.0,1612508,8686478.466,-4.3667
600106.SH,20260608,5.17,5.25,4.98,5.01,191909,97812.721,-4.5714
600107.SH,20260608,6.23,6.54,6.2,6.51,27019,17159.166,2.0376
600108.SH,20260608,3.3,3.47,3.26,3.29,731231,245107.252,-2.6627
600109.SH,20260608,7.85,7.92,7.61,7.69,465671,360294.045,-2.6582
600110.SH,20260608,10.7,11.27,10.52,10.74,1333557,1443431.573,-4.8716
600111.SH,20260608,47.95,48.85,46.57,46.98,1004641,4781059.129,-5.3967
600113.SH,20260608,36.29,36.88,35.0,35.35,50838,181388.418,-3.3625
600114.SH,20260608,38.0,41.86,38.0,39.93,589838,2378431.363,-1.1389
600115.SH,20260608,3.84,3.84,3.71,3.75,3011559,1137300.395,-5.303
600116.SH,20260608,6.69,6.77,6.5,6.52,440652,290900.717,-3.5503
600117.SH,20260608,2.31,2.36,2.24,2.28,179291,41133.852,-2.5641
600118.SH,20260608,82.0,86.66,81.0,82.2,566485,4736257.518,-3.2372
600119.SH,20260608,5.2,5.3,5.08,5.08,43472,22400.878,-5.0467
600120.SH,20260608,4.65,4.72,4.52,4.6,312599,143952.183,-2.3355
600121.SH,20260608,5.21,5.6,5.11,5.25,2126436,1128740.082,0.5747
600123.SH,20260608,7.3,7.41,7.15,7.19,416625,301756.468,-2.1769
600125.SH,20260608,5.56,5.63,5.47,5.54,139797,77324.108,-1.0714
600126.SH,20260608,7.01,7.18,6.78,6.84,666949,464104.369,-5.5249
600127.SH,20260608,6.0,6.07,5.89,5.93,106854,63827.84,-1.9835
600128.SH,20260608,8.88,9.08,8.54,8.7,41632,36531.89,-3.5477
600129.SH,20260608,13.6,13.76,13.25,13.39,71269,95906.332,-2.689
600130.SH,20260608,4.7,4.9,4.66,4.72,396589,189293.849,-1.2552
600131.SH,20260608,16.0,16.17,15.2,15.4,143377,224453.57,-4.703
600132.SH,20260608,50.6,51.6,49.73,50.09,42039,211448.822,-1.0275
600133.SH,20260608,8.05,8.51,8.01,8.23,320987,265811.613,2.1092
600135.SH,20260608,8.78,9.12,8.43,8.57,132498,115399.484,-5.9276
600136.SH,20260608,1.58,1.59,1.53,1.53,160508,24995.044,-4.375
600137.SH,20260608,19.22,19.93,18.6,19.09,21839,42010.276,-3.1947
600138.SH,20260608,7.51,7.65,7.43,7.55,76706,57716.428,-1.3072
600141.SH,20260608,28.55,28.9,27.18,27.26,333107,929303.867,-6.8989
600143.SH,20260608,16.36,16.89,16.24,16.32,562736,931954.914,-3.3748
600148.SH,20260608,16.15,16.96,16.15,16.39,23942,39783.777,-1.8563
600149.SH,20260608,5.27,5.42,5.1,5.2,132734,69659.264,-3.1657
600150.SH,20260608,35.23,36.18,34.6,34.83,851667,3004311.695,-3.1154
600151.SH,20260608,12.03,12.69,11.98,12.09,359911,441009.849,-3.0473
600152.SH,20260608,11.0,11.48,10.74,10.94,317492,351873.412,-5.1171
600153.SH,20260608,9.4,9.51,9.28,9.4,201763,189185.687,-1.1567
600155.SH,20260608,5.45,5.52,5.33,5.4,239611,129940.097,-1.9964
600156.SH,20260608,9.07,9.55,9.0,9.22,196321,182017.809,-3.5565
600157.SH,20260608,1.77,1.79,1.72,1.73,9098923,1592981.006,-3.8889
600158.SH,20260608,9.15,10.18,9.15,9.47,1009833,971743.03,1.1752
600159.SH,20260608,2.65,2.75,2.6,2.67,224159,60056.977,-1.8382
600160.SH,20260608,38.0,40.94,37.6,38.15,986846,3860291.059,-2.852
600161.SH,20260608,12.83,12.95,12.64,12.69,85992,109648.415,-2.1588
600162.SH,20260608,3.44,3.7,3.2,3.7,4326917,1482671.578,7.5581
600163.SH,20260608,6.28,6.5,5.94,6.01,674456,417459.269,-8.104
600165.SH,20260608,2.85,2.87,2.75,2.78,66737,18705.853,-3.8062
600166.SH,20260608,2.96,3.04,2.93,2.98,1584250,472728.606,-1.3245
600167.SH,20260608,6.25,6.32,5.97,6.05,202453,124031.466,-5.4688
600168.SH,20260608,4.52,4.6,4.4,4.44,67141,30109.039,-3.268
600169.SH,20260608,2.25,2.28,2.23,2.25,146718,33040.983,-1.7467
600170.SH,20260608,2.47,2.47,2.41,2.44,1099307,268695.831,-2.008
600171.SH,20260608,26.5,26.9,26.01,26.28,180269,476846.657,-4.4016
600172.SH,20260608,12.35,13.17,12.35,12.56,1670937,2126078.366,-6.478
600173.SH,20260608,6.75,7.0,6.68,6.77,97739,66641.607,-2.3088
600176.SH,20260608,34.13,36.66,34.13,35.56,1146994,4085229.396,-3.7879
600177.SH,20260608,7.28,7.33,7.22,7.26,205588,149269.603,-0.955
600178.SH,20260608,8.81,8.96,8.58,8.7,37707,33029.83,-2.4664
600179.SH,20260608,4.54,4.65,4.41,4.46,604228,272806.839,-2.8322
600180.SH,20260608,1.47,1.5,1.47,1.47,447048,65850.454,-5.1613
600182.SH,20260608,13.62,13.73,13.27,13.47,18221,24595.978,-2.2496
600183.SH,20260608,126.0,140.36,126.0,134.06,757561,10152251.582,-2.4024
600184.SH,20260608,24.49,27.06,24.3,25.38,393020,1005995.346,-4.5865
600185.SH,20260608,5.1,5.28,5.0,5.05,238307,122054.816,-2.6975
600186.SH,20260608,9.68,10.7,9.62,10.49,3325287,3394111.026,3.5538
600187.SH,20260608,1.6,1.69,1.58,1.69,780888,130623.567,4.9689
600188.SH,20260608,24.36,26.13,24.16,25.2,759971,1908303.609,0.5988
600189.SH,20260608,7.64,7.98,7.51,7.69,145696,112817.024,-0.1299
600191.SH,20260608,10.49,10.84,10.48,10.55,50818,53921.229,-2.8545
600192.SH,20260608,7.0,7.23,6.83,6.99,70405,49370.624,-2.5105
600193.SH,20260608,1.09,1.09,0.15,0.19,987964,19376.557,-91.2442
600195.SH,20260608,6.5,6.63,6.46,6.5,53067,34702.862,-1.2158
600196.SH,20260608,21.81,22.17,21.45,21.65,161094,350677.031,-1.6803
600197.SH,20260608,11.18,11.32,11.01,11.05,54385,60518.622,-1.7778
600198.SH,20260608,8.61,8.94,8.36,8.49,537774,463853.777,-5.3512
600199.SH,20260608,7.37,7.45,7.03,7.07,147608,106630.272,-3.8095
600201.SH,20260608,11.2,11.99,11.06,11.85,392414,459888.542,4.9601
600202.SH,20260608,5.16,5.36,5.01,5.16,100941,52370.592,-3.0075
600203.SH,20260608,12.31,12.88,11.91,12.11,363458,447795.73,-6.1967
600206.SH,20260608,27.76,29.19,27.49,27.75,541519,1530470.854,-5.0308
600207.SH,20260608,6.92,7.15,6.64,6.68,646334,445824.847,-7.0932
600208.SH,20260608,2.78,2.86,2.72,2.76,1436894,400041.68,-3.1579
600210.SH,20260608,6.5,6.53,6.35,6.4,170691,109657.249,-2.1407
600211.SH,20260608,37.5,37.99,35.93,36.38,37997,139459.858,-3.2961
600212.SH,20260608,6.01,6.17,5.95,6.02,94981,57506.32,-1.7945
600215.SH,20260608,6.44,6.8,6.43,6.69,138089,91996.062,0.753
600216.SH,20260608,12.18,12.26,11.8,11.92,109124,131060.776,-2.0542
600217.SH,20260608,3.35,3.38,3.25,3.27,149411,49408.743,-3.2544
600218.SH,20260608,8.25,8.43,8.04,8.15,62158,51265.963,-2.3952
600219.SH,20260608,4.68,4.73,4.55,4.59,2310594,1072478.44,-6.135
600221.SH,20260608,1.47,1.48,1.43,1.44,4371118,634092.994,-3.3557
600222.SH,20260608,8.51,8.57,8.01,8.12,370924,305592.301,-6.6667
600223.SH,20260608,5.78,5.83,5.55,5.64,78098,44277.279,-2.4221
600226.SH,20260608,6.6,6.93,6.6,6.75,1681160,1139413.776,-2.7378
600227.SH,20260608,2.92,3.15,2.88,2.97,1151918,346332.838,1.0204
600229.SH,20260608,5.46,5.61,5.33,5.46,68417,37391.659,-0.9074
600230.SH,20260608,14.5,14.77,13.94,14.1,113497,162198.971,-4.7941
600231.SH,20260608,1.95,1.97,1.89,1.9,116421,22410.025,-3.5533
600232.SH,20260608,7.12,7.39,6.95,7.16,62986,44913.694,-2.981
600233.SH,20260608,17.05,17.3,16.8,17.02,168677,286696.484,-1.5046
600234.SH,20260608,21.95,25.08,21.92,24.81,51079,123853.798,4.5953
600235.SH,20260608,5.7,5.9,5.59,5.71,66666,38361.452,-2.226
600236.SH,20260608,10.33,10.85,10.26,10.58,180272,191131.536,-1.7642
600237.SH,20260608,11.31,11.9,11.06,11.2,815551,931075.082,-7.208
600238.SH,20260608,5.04,5.2,5.01,5.05,33876,17225.583,-1.5595
600239.SH,20260608,1.48,1.49,1.44,1.45,282689,41520.91,-4.6053
600241.SH,20260608,7.6,7.7,7.3,7.43,50764,37791.521,-3.2552
600243.SH,20260608,3.97,4.19,3.95,4.18,162068,66799.602,4.7619
600246.SH,20260608,16.05,17.61,16.05,16.45,1661082,2787595.684,-5.4054
600248.SH,20260608,3.12,3.13,3.05,3.07,164724,50926.167,-2.2293
600249.SH,20260608,5.15,5.28,5.07,5.12,83011,42872.742,-3.0303
600250.SH,20260608,9.0,9.23,8.83,8.97,80482,72540.38,-1.9672
600251.SH,20260608,9.7,9.78,9.35,9.57,92783,89077.117,-3.3333
600252.SH,20260608,2.24,2.26,2.18,2.2,396630,87873.031,-2.6549
600255.SH,20260608,4.35,4.83,4.3,4.61,4965904,2276126.826,2.6726
600256.SH,20260608,6.69,6.9,6.51,6.55,1524971,1017380.384,-2.819
600257.SH,20260608,5.19,5.32,5.06,5.18,137415,71386.512,-1.5209
600258.SH,20260608,12.98,13.15,12.53,12.62,167203,213172.123,-3.3691
600259.SH,20260608,90.0,93.92,86.77,87.75,144916,1303615.32,-6.5694
600261.SH,20260608,3.4,3.45,3.31,3.36,173110,58604.488,-1.7544
600262.SH,20260608,21.8,22.03,21.1,21.41,32701,70609.332,-3.0344
600265.SH,20260608,25.09,26.9,25.09,25.86,67129,172140.243,-2.0825
600266.SH,20260608,4.51,4.61,4.42,4.46,378118,170382.174,-3.2538
600267.SH,20260608,9.8,9.99,9.45,9.55,189091,183316.774,-2.0513
600268.SH,20260608,12.25,12.44,11.84,12.05,190569,231019.357,-4.1368
600269.SH,20260608,4.3,4.35,4.23,4.28,132259,56518.834,-1.1547
600271.SH,20260608,7.2,7.29,7.08,7.11,170665,122213.144,-2.6027
600272.SH,20260608,10.95,11.35,10.87,11.01,27681,30816.716,-0.9892
600273.SH,20260608,7.16,7.26,6.97,7.02,175022,123640.491,-2.9046
600276.SH,20260608,46.6,47.72,45.55,45.94,684211,3166674.106,-2.4214
600278.SH,20260608,6.32,6.43,6.17,6.25,45132,28367.798,-2.7994
600279.SH,20260608,5.84,6.0,5.39,5.57,435186,247000.953,-4.4597
600280.SH,20260608,3.38,3.74,3.38,3.74,1309820,475900.338,10.0
600281.SH,20260608,4.9,5.04,4.74,4.8,109824,53722.279,-4.0
600282.SH,20260608,4.92,4.95,4.8,4.86,367076,178412.627,-2.0161
600283.SH,20260608,8.39,8.45,8.3,8.42,28737,24050.023,-0.355
600284.SH,20260608,5.8,5.81,5.39,5.46,169328,94051.393,-4.3783
600285.SH,20260608,21.76,21.85,21.37,21.59,58928,127057.6,-0.7813
600287.SH,20260608,4.95,5.06,4.81,4.89,39515,19465.466,-2.7833
600288.SH,20260608,13.04,13.65,12.78,12.88,124666,163324.742,-4.6632
600289.SH,20260608,6.0,6.02,5.82,5.93,30398,18028.384,-1.495
600292.SH,20260608,13.52,13.72,13.0,13.14,174277,231341.514,-3.9474
600293.SH,20260608,3.88,4.36,3.82,4.13,3506662,1440299.063,4.2929
600295.SH,20260608,13.32,13.32,12.79,12.99,83494,108702.587,-2.4042
600298.SH,20260608,34.91,35.18,33.91,34.65,94614,326901.101,0.1445
600299.SH,20260608,10.31,10.66,10.03,10.18,148298,153057.798,-2.6769
600300.SH,20260608,3.13,3.16,3.06,3.08,205046,63710.81,-2.5316
600301.SH,20260608,55.0,58.63,54.12,55.28,170698,953429.088,-7.9434
600302.SH,20260608,9.55,10.19,9.53,9.88,74639,73624.673,-0.9027
600303.SH,20260608,3.29,3.58,3.29,3.42,897251,310032.665,-1.4409
600305.SH,20260608,6.9,7.0,6.83,6.9,65024,44887.004,-0.5764
600307.SH,20260608,1.58,1.6,1.55,1.56,542255,85202.1,-2.5
600308.SH,20260608,3.44,3.44,3.34,3.37,60987,20653.619,-2.0349
600309.SH,20260608,71.43,72.3,69.28,69.75,365739,2575197.714,-3.74
600310.SH,20260608,5.31,5.65,5.19,5.23,1492955,800448.978,-7.5972
600312.SH,20260608,18.88,19.26,18.18,18.48,219635,409885.226,-4.0
600313.SH,20260608,6.03,6.18,5.95,5.99,299752,180572.653,-2.6016
600315.SH,20260608,18.0,18.34,17.76,18.09,60442,109425.971,0.7799
600316.SH,20260608,28.2,28.48,27.02,27.45,105556,292633.45,-2.7975
600318.SH,20260608,6.44,6.62,6.27,6.37,127354,81860.254,-2.8963
600319.SH,20260608,7.1,7.37,6.94,7.07,49061,34993.747,-3.4153
600320.SH,20260608,4.5,4.6,4.37,4.44,500697,223664.059,-2.6316
600322.SH,20260608,2.6,2.71,2.54,2.62,343527,90459.61,-0.3802
600323.SH,20260608,29.73,30.23,29.6,30.13,67467,202230.229,0.7355
600325.SH,20260608,2.69,2.77,2.58,2.62,695983,184324.773,-4.0293
600326.SH,20260608,7.46,7.56,7.17,7.3,244132,179208.262,-3.5667
600327.SH,20260608,3.57,3.69,3.52,3.55,124376,44679.426,-2.4725
600328.SH,20260608,6.7,6.75,6.43,6.51,238589,157135.145,-3.2689
600329.SH,20260608,38.83,39.35,38.28,38.5,31899,123454.138,-1.7857
600330.SH,20260608,27.93,28.49,26.49,26.78,1362992,3739958.361,-8.9735
600331.SH,20260608,13.02,13.45,12.69,12.85,659999,860733.168,-7.6204
600332.SH,20260608,21.31,21.43,20.97,21.16,84593,179122.786,-1.4898
600333.SH,20260608,5.61,5.7,5.52,5.6,154723,86803.624,-0.7092
600335.SH,20260608,5.29,5.46,5.23,5.31,102755,54760.237,-2.2099
600336.SH,20260608,7.58,7.59,6.97,7.15,188553,136723.743,-7.1429
600337.SH,20260608,3.24,3.28,3.16,3.18,220690,70828.353,-1.8519
600338.SH,20260608,16.69,17.26,15.71,16.09,536205,875516.143,-5.3529
600339.SH,20260608,3.42,3.53,3.4,3.46,740985,257120.822,-0.5747
600340.SH,20260608,1.22,1.3,1.2,1.29,1139660,144053.251,4.0323
600343.SH,20260608,25.0,27.55,24.89,26.2,478421,1260259.158,1.3148
600345.SH,20260608,51.99,56.67,50.39,53.5,165426,886160.364,-4.4472
600346.SH,20260608,16.79,17.35,16.53,16.6,430179,724937.059,-2.1226
600348.SH,20260608,9.6,9.86,9.54,9.61,505161,489120.259,-1.6377
600350.SH,20260608,11.1,11.31,11.02,11.26,69968,78417.585,0.0
600351.SH,20260608,6.17,6.23,6.0,6.09,128937,78801.913,-2.09
600352.SH,20260608,10.8,10.93,10.5,10.55,359131,383087.406,-3.4767
600353.SH,20260608,25.0,26.15,23.76,24.55,682987,1697673.287,-6.654
600354.SH,20260608,5.31,5.47,5.22,5.32,133548,71548.159,-1.845
600356.SH,20260608,8.65,8.92,8.51,8.64,56613,49318.241,-1.8182
600358.SH,20260608,5.8,5.88,5.69,5.73,66278,38312.958,-3.2095
600359.SH,20260608,6.5,6.61,6.26,6.36,77696,49971.958,-2.7523
600360.SH,20260608,12.14,12.43,11.68,11.77,853489,1026467.645,-9.322
600361.SH,20260608,4.19,4.23,3.95,4.03,1095280,446899.415,-6.0606
600362.SH,20260608,41.95,42.67,40.41,40.87,699964,2892673.74,-7.8674
600363.SH,20260608,34.87,36.42,34.03,34.51,170738,599500.751,-4.8787
600365.SH,20260608,2.6,2.68,2.58,2.61,44351,11606.767,-2.6119
600366.SH,20260608,12.46,13.25,12.41,12.81,464538,600458.001,0.6284
600367.SH,20260608,48.75,53.99,48.75,52.83,632199,3284697.686,6.7273
600368.SH,20260608,3.91,3.92,3.82,3.85,197143,76261.054,-2.2843
600369.SH,20260608,3.89,3.92,3.81,3.85,380654,147036.158,-1.7857
600370.SH,20260608,1.32,1.38,1.31,1.32,554752,73856.29,-3.6496
600371.SH,20260608,7.1,7.4,7.06,7.15,42927,30869.927,-2.5886
600372.SH,20260608,11.01,11.12,10.75,10.84,376974,412045.911,-2.9543
600373.SH,20260608,7.47,7.62,7.41,7.6,115045,86752.198,1.0638
600375.SH,20260608,4.11,4.19,3.99,4.05,224856,91862.33,-2.8777
600376.SH,20260608,3.75,3.82,3.65,3.65,738248,275732.054,-6.1697
600377.SH,20260608,12.55,12.68,12.5,12.63,75498,94991.57,-0.3943
600378.SH,20260608,45.5,51.26,45.5,50.22,1020374,5106742.601,7.7682
600379.SH,20260608,12.28,12.72,11.9,12.09,155974,191183.687,-4.7281
600380.SH,20260608,9.8,9.91,9.56,9.65,138373,134161.59,-2.6236
600381.SH,20260608,5.3,5.42,5.22,5.26,44906,23962.182,-2.7726
600382.SH,20260608,9.61,9.66,8.71,8.71,675717,614036.177,-10.0207
600383.SH,20260608,2.58,2.62,2.52,2.54,558151,143343.385,-3.4221
600386.SH,20260608,3.58,3.66,3.45,3.54,100310,35620.394,-2.4793
600388.SH,20260608,16.6,17.05,16.22,16.4,153640,254505.024,-2.2063
600389.SH,20260608,24.15,24.2,22.83,23.2,81782,190949.911,-4.5267
600390.SH,20260608,4.62,4.64,4.48,4.52,355236,161978.209,-3.212
600391.SH,20260608,32.31,33.46,30.78,31.23,120983,385472.659,-7.5762
600392.SH,20260608,23.01,23.68,22.23,22.38,612240,1401192.42,-5.9664
600395.SH,20260608,6.03,6.19,5.89,6.01,512048,308191.013,-1.6367
600396.SH,20260608,19.46,20.88,18.4,19.3,2491526,4976322.852,-3.5482
600397.SH,20260608,13.02,14.18,13.02,13.5,441104,601518.325,-0.8811
600398.SH,20260608,5.78,5.78,5.68,5.75,205783,117957.122,-0.3466
600399.SH,20260608,4.53,4.57,4.3,4.37,485545,214608.244,-4.793
600400.SH,20260608,2.7,2.79,2.62,2.67,421581,114125.518,-4.6429
600403.SH,20260608,8.23,8.95,8.23,8.95,2156383,1887387.332,9.9509
600405.SH,20260608,4.5,4.61,4.41,4.49,91000,41046.502,-1.7505
600406.SH,20260608,23.03,23.33,22.66,22.86,747123,1716826.577,-2.516
600408.SH,20260608,3.41,3.74,3.37,3.41,1929299,674077.628,-5.0139
600409.SH,20260608,6.29,6.57,6.17,6.23,332616,211660.557,-2.3511
600410.SH,20260608,17.3,17.82,16.89,17.11,538487,932215.336,-4.4134
600415.SH,20260608,11.48,11.7,11.12,11.17,765698,869428.647,-5.4191
600416.SH,20260608,10.09,10.57,10.02,10.12,279649,286374.683,-5.5089
600418.SH,20260608,32.0,35.12,32.0,33.57,1120155,3824508.599,1.4199
600419.SH,20260608,8.1,8.32,7.96,8.09,53730,43648.946,-2.5301
600420.SH,20260608,8.97,9.03,8.83,8.9,45859,40828.953,-0.6696
600421.SH,20260608,0.34,0.35,0.32,0.33,129204,4317.389,-8.3333
600422.SH,20260608,8.66,8.78,8.4,8.5,81431,69573.054,-2.0737
600423.SH,20260608,2.6,2.7,2.53,2.54,97529,25339.103,-4.5113
600425.SH,20260608,3.61,3.66,3.53,3.57,204944,73643.29,-2.1918
600426.SH,20260608,27.26,27.76,26.8,26.96,371423,1009078.058,-2.1416
600428.SH,20260608,7.85,8.0,7.41,7.48,414949,315335.979,-5.5556
600429.SH,20260608,4.49,4.57,4.34,4.39,148592,65958.684,-3.7281
600433.SH,20260608,3.62,3.77,3.54,3.58,472598,171689.357,-4.2781
600435.SH,20260608,11.65,11.93,11.31,11.46,205290,237936.716,-3.2911
600436.SH,20260608,122.88,124.25,118.88,119.12,36941,447467.199,-1.9508
600438.SH,20260608,13.31,13.48,12.81,12.89,537674,705685.855,-5.2206
600439.SH,20260608,2.64,2.73,2.54,2.57,822065,216554.853,-2.6515
600444.SH,20260608,14.55,14.86,14.14,14.41,24666,35856.174,-2.3713
600446.SH,20260608,12.2,12.52,12.01,12.04,188006,229876.148,-3.4483
600448.SH,20260608,3.01,3.1,2.93,2.98,252574,76260.538,-2.9316
600449.SH,20260608,12.62,13.02,12.42,12.95,90250,114744.84,0.6998
600452.SH,20260608,11.3,11.63,10.91,10.93,475463,533102.555,-6.0997
600455.SH,20260608,24.45,25.75,24.3,25.09,24540,61423.66,-0.83
600456.SH,20260608,30.45,30.7,29.39,29.58,86095,258457.37,-5.1619
600458.SH,20260608,13.57,14.88,13.46,14.3,649609,931411.663,1.1315
600459.SH,20260608,23.88,25.18,22.96,23.85,632879,1515397.33,-3.6364
600460.SH,20260608,31.95,33.28,31.82,32.13,752281,2444091.973,-5.3608
600461.SH,20260608,9.7,9.7,9.44,9.48,114795,109334.959,-1.6598
600463.SH,20260608,9.16,9.6,9.07,9.22,48252,44914.202,-1.2848
600467.SH,20260608,2.25,2.29,2.19,2.21,321055,71773.896,-3.0702
600468.SH,20260608,6.12,6.27,5.95,6.02,206997,126086.424,-3.9872
600469.SH,20260608,5.8,5.84,5.55,5.65,59711,33949.236,-3.9116
600470.SH,20260608,5.41,5.58,5.21,5.28,195097,105055.55,-3.8251
600475.SH,20260608,15.01,16.15,14.91,15.24,134728,209562.695,0.3953
600476.SH,20260608,10.9,11.25,10.58,10.84,26468,28823.771,-2.1661
600477.SH,20260608,2.65,2.69,2.56,2.6,368879,96716.814,-2.9851
600478.SH,20260608,5.54,5.71,5.38,5.47,269689,149319.551,-3.6972
600479.SH,20260608,9.99,10.09,9.93,9.98,37044,37042.75,-0.8937
600480.SH,20260608,10.2,10.52,9.99,10.12,241838,247890.233,-3.7108
600481.SH,20260608,4.79,4.99,4.71,4.8,823554,398692.021,-3.8076
600482.SH,20260608,36.65,37.8,35.38,35.5,440583,1604179.087,-5.56
600483.SH,20260608,11.23,11.82,11.23,11.81,396652,460876.791,1.9862
600486.SH,20260608,58.1,58.9,56.55,56.8,51559,296674.944,-3.5981
600487.SH,20260608,92.55,102.33,92.55,95.47,2442059,23688740.828,-0.6762
600488.SH,20260608,5.0,5.69,5.0,5.69,943193,522355.012,10.058
600489.SH,20260608,20.8,21.38,20.55,20.77,863570,1807007.524,-6.4414
600490.SH,20260608,6.74,6.82,6.43,6.54,563382,374866.68,-7.234
600491.SH,20260608,1.37,1.4,1.32,1.33,363117,49136.986,-4.3165
600493.SH,20260608,6.2,6.4,6.02,6.13,52452,32586.976,-3.0063
600495.SH,20260608,3.93,3.96,3.8,3.83,125750,48679.733,-3.5264
600496.SH,20260608,4.1,4.11,3.94,3.99,329523,132433.569,-3.6232
600497.SH,20260608,8.48,8.66,8.11,8.24,1788215,1500104.787,-7.83
600498.SH,20260608,53.7,58.08,52.18,54.5,1605290,8812871.639,-3.5057
600499.SH,20260608,14.71,15.15,14.36,14.65,215871,317640.782,-3.3641
600500.SH,20260608,5.48,5.54,5.27,5.41,886789,478872.694,-5.0877
600501.SH,20260608,17.88,18.59,17.5,17.85,90989,163738.967,-2.459
600502.SH,20260608,4.93,4.98,4.81,4.86,297161,144892.904,-2.4096
600503.SH,20260608,2.7,2.9,2.64,2.78,917337,256226.42,0.361
600505.SH,20260608,13.2,14.92,13.11,14.92,333903,489576.873,10.0295
600506.SH,20260608,16.82,17.12,16.23,16.45,64435,107222.347,-4.2491
600507.SH,20260608,4.54,4.57,4.28,4.38,361139,158737.841,-3.5242
600508.SH,20260608,13.94,14.21,13.56,13.7,143915,198446.025,-2.8369
600509.SH,20260608,8.39,8.63,8.11,8.16,495028,411933.103,-5.8824
600510.SH,20260608,7.82,8.2,7.82,7.93,127055,101673.798,-1.9778
600511.SH,20260608,26.41,26.84,26.18,26.69,51765,137115.641,0.0375
600512.SH,20260608,2.14,2.17,2.08,2.11,284462,60295.357,-2.765
600513.SH,20260608,16.33,16.85,16.08,16.37,86825,143004.684,-1.8585
600515.SH,20260608,3.04,3.1,2.97,2.99,995450,300845.908,-2.9221
600516.SH,20260608,5.79,6.33,5.71,6.1,3284675,1948165.667,4.6312
600517.SH,20260608,5.02,5.02,4.84,4.88,351229,173287.756,-3.937
600518.SH,20260608,1.5,1.5,1.44,1.45,2429463,356232.97,-3.9735
600519.SH,20260608,1272.0,1278.0,1260.0,1262.98,30828,3898027.116,-0.7762
600520.SH,20260608,28.52,29.88,27.8,28.18,88532,254408.303,-5.0539
600521.SH,20260608,14.8,15.19,14.73,14.88,105902,158185.203,-0.8
600522.SH,20260608,44.0,50.68,44.0,49.53,5131565,25205130.127,7.5103
600523.SH,20260608,11.48,11.68,11.1,11.29,41656,47416.164,-3.0901
600525.SH,20260608,5.0,5.17,4.9,5.03,121697,61264.471,0.1992
600526.SH,20260608,4.55,4.63,4.44,4.52,89024,40391.565,-1.31
600527.SH,20260608,2.36,2.44,2.31,2.34,665345,157800.799,-2.9046
600528.SH,20260608,7.16,7.22,7.03,7.07,137711,97908.652,-2.4828
600529.SH,20260608,19.25,19.34,18.85,19.07,170358,324681.453,-3.198
600530.SH,20260608,6.28,6.53,6.12,6.22,151674,95610.866,-3.5659
600531.SH,20260608,11.7,12.06,11.45,11.69,429438,506398.084,-6.48
600533.SH,20260608,2.21,2.3,2.15,2.19,224560,49743.434,-2.6667
600535.SH,20260608,14.28,14.38,13.87,13.99,90053,126624.851,-1.4094
600536.SH,20260608,35.8,36.5,35.33,35.56,110967,397275.843,-2.5753
600537.SH,20260608,2.59,2.65,2.55,2.55,411754,106151.868,-4.8507
600538.SH,20260608,6.1,6.17,5.73,6.01,185826,110648.808,-3.2206
600539.SH,20260608,13.39,15.4,13.39,15.4,140081,208263.454,10.0
600540.SH,20260608,4.61,4.93,4.48,4.52,399302,185692.095,-3.6247
600543.SH,20260608,4.36,4.47,4.29,4.37,25899,11342.462,-2.4554
600545.SH,20260608,6.25,6.74,6.17,6.25,1476819,947971.647,-8.4919
600546.SH,20260608,14.1,14.28,13.41,13.63,463029,634400.098,-3.4018
600547.SH,20260608,26.85,27.25,26.14,26.46,629309,1684005.989,-5.6684
600548.SH,20260608,8.9,8.9,8.62,8.66,33853,29422.711,-1.2543
600549.SH,20260608,58.9,63.12,57.0,59.37,834086,4979920.586,-3.8231
600550.SH,20260608,12.3,12.79,12.16,12.19,338558,419901.832,-4.9883
600551.SH,20260608,7.18,7.28,7.1,7.23,32778,23522.202,-0.5502
600552.SH,20260608,21.11,23.88,21.11,22.05,2125548,4764924.849,1.5661
600556.SH,20260608,4.96,5.15,4.9,4.98,445933,223667.417,-1.9685
600557.SH,20260608,12.25,12.48,11.9,12.02,53118,64255.046,-2.4351
600558.SH,20260608,5.57,5.62,5.36,5.43,186105,102133.673,-3.7234
600559.SH,20260608,12.2,12.42,11.98,12.03,118284,143558.081,-1.7157
600560.SH,20260608,12.5,13.72,12.38,12.97,70011,92090.827,1.249
600561.SH,20260608,5.74,5.93,5.59,5.65,64820,37250.642,-3.9116
600562.SH,20260608,21.76,22.33,21.27,21.49,76392,166269.296,-2.9797
600563.SH,20260608,159.0,165.8,154.2,156.32,117447,1876292.489,-7.6996
600566.SH,20260608,27.5,28.2,26.81,27.58,53525,146169.367,-1.4648
600567.SH,20260608,1.33,1.35,1.31,1.31,559176,74016.063,-2.963
600568.SH,20260608,2.72,2.72,2.62,2.62,148230,39372.227,-4.3796
600569.SH,20260608,1.88,1.9,1.84,1.85,156057,29124.885,-2.6316
600570.SH,20260608,22.68,23.15,21.99,22.26,309366,696810.591,-3.8445
600571.SH,20260608,11.05,11.3,10.79,10.97,81162,89417.678,-2.6619
600572.SH,20260608,4.14,4.17,4.08,4.11,299226,123252.046,-1.2019
600573.SH,20260608,12.5,13.15,12.4,12.51,243321,310928.794,-0.6354
600575.SH,20260608,4.02,4.12,3.93,3.95,929592,371127.026,-3.1863
600576.SH,20260608,5.68,5.83,5.55,5.59,136829,77359.626,-3.2872
600577.SH,20260608,11.68,12.0,11.37,11.49,701757,819257.424,-5.198
600578.SH,20260608,8.16,9.13,8.03,8.82,3178546,2787723.073,4.2553
600579.SH,20260608,6.49,6.6,6.37,6.52,50151,32629.247,-1.3616
600580.SH,20260608,38.68,40.25,38.38,39.03,594672,2351229.621,-2.425
600581.SH,20260608,2.72,2.72,2.72,2.72,79309,21572.048,5.0193
600582.SH,20260608,5.42,5.57,5.4,5.56,290108,158723.159,2.0183
600583.SH,20260608,5.67,5.75,5.63,5.71,418974,238901.675,0.3515
600584.SH,20260608,70.92,73.0,69.7,70.3,1681298,11980759.199,-7.072
600585.SH,20260608,19.15,19.31,18.95,19.09,271821,519026.302,-1.3437
600586.SH,20260608,5.16,5.26,4.91,4.96,703662,354573.329,-5.3435
600587.SH,20260608,12.89,13.14,12.74,12.87,51903,66691.466,-0.771
600588.SH,20260608,10.4,10.81,10.3,10.58,519621,551481.985,-1.2138
600589.SH,20260608,10.15,10.42,9.8,9.98,1160764,1168647.825,-5.5818
600590.SH,20260608,12.62,12.93,12.15,12.36,345961,434228.579,-6.2926
600592.SH,20260608,19.9,20.68,19.88,20.33,109926,222517.183,-1.8349
600593.SH,20260608,36.13,37.38,35.57,35.96,51092,185521.417,-3.0728
600594.SH,20260608,3.4,3.48,3.3,3.35,182661,61825.837,-2.8986
600595.SH,20260608,6.7,6.7,6.36,6.5,991172,648043.548,-6.4748
600596.SH,20260608,13.6,14.01,13.3,13.58,701173,959399.141,-5.7599
600597.SH,20260608,6.82,6.93,6.69,6.75,75453,51096.955,-1.8895
600598.SH,20260608,14.22,14.4,14.01,14.13,179529,254692.162,-1.3957
600599.SH,20260608,0.49,0.49,0.46,0.47,65329,3119.173,-6.0
600600.SH,20260608,59.6,60.75,59.4,60.14,73734,442926.894,0.737
600601.SH,20260608,11.68,12.49,11.52,12.05,2109326,2536232.764,-2.9791
600602.SH,20260608,17.3,17.79,16.92,17.12,282539,488989.741,-4.7301
600603.SH,20260608,4.86,4.95,4.75,4.78,147213,71052.789,-3.4343
600604.SH,20260608,4.13,4.23,4.08,4.14,103915,43106.852,-2.3585
600605.SH,20260608,29.26,29.5,28.55,29.1,32972,95685.166,-2.7406
600606.SH,20260608,1.38,1.43,1.36,1.39,1486100,207373.757,-1.4184
600608.SH,20260608,0.2,0.4,0.17,0.2,791127,16503.333,-90.3382
600609.SH,20260608,3.52,3.56,3.41,3.46,181059,62984.068,-3.0812
600610.SH,20260608,7.31,7.56,7.25,7.36,156090,115257.593,-1.9973
600611.SH,20260608,4.16,4.25,4.04,4.07,581671,240201.658,-5.1282
600612.SH,20260608,35.4,35.99,34.6,34.87,16469,57841.429,-2.2154
600613.SH,20260608,5.0,5.06,4.86,4.93,66168,32846.092,-2.1825
600615.SH,20260608,9.89,9.97,9.3,9.47,37959,36557.977,-5.3
600616.SH,20260608,4.34,4.4,4.24,4.27,72707,31369.699,-3.1746
600617.SH,20260608,3.4,3.45,3.18,3.24,570970,188696.766,-6.8966
600618.SH,20260608,10.1,10.26,9.78,9.86,94447,94212.683,-3.9922
600619.SH,20260608,14.36,14.77,14.05,14.17,184572,265411.278,-5.2807
600620.SH,20260608,4.53,4.7,4.45,4.55,69224,31643.061,-3.397
600621.SH,20260608,12.38,12.59,12.08,12.2,94324,115920.716,-2.2436
600622.SH,20260608,2.45,2.54,2.41,2.45,379493,93987.861,-2.3904
600623.SH,20260608,8.33,8.49,8.16,8.25,147908,122915.848,-2.3669
600624.SH,20260608,3.9,4.02,3.85,3.9,43405,17044.957,-2.9851
600626.SH,20260608,3.5,3.54,3.4,3.44,130363,45292.735,-2.8249
600628.SH,20260608,6.2,6.31,6.1,6.15,66894,41528.394,-1.7572
600629.SH,20260608,15.75,16.28,15.47,15.84,149365,237503.968,-1.3699
600630.SH,20260608,8.4,8.66,8.34,8.45,362732,308773.662,0.5952
600633.SH,20260608,11.4,11.62,11.13,11.27,203790,231209.112,-4.1667
600635.SH,20260608,4.91,5.13,4.85,5.03,596598,296611.386,0.3992
600636.SH,20260608,1.91,1.96,1.88,1.9,144757,27699.52,-0.5236
600637.SH,20260608,8.94,9.12,8.76,8.83,507881,453528.341,-3.4973
600638.SH,20260608,5.3,5.38,5.15,5.24,80852,42573.622,-2.2388
600639.SH,20260608,9.65,9.72,9.56,9.6,36559,35156.973,-0.7239
600640.SH,20260608,11.0,11.25,10.9,11.05,81529,90227.961,-0.7188
600641.SH,20260608,24.3,25.78,24.21,24.57,388204,964932.04,-4.3969
600642.SH,20260608,9.53,9.77,9.45,9.61,332383,318205.152,-0.9278
600643.SH,20260608,4.12,4.2,3.98,4.01,173016,70283.822,-3.6058
600644.SH,20260608,11.0,11.44,10.7,11.08,196694,218657.526,-1.3357
600645.SH,20260608,19.55,19.87,18.49,18.8,137090,261700.85,-5.1942
600648.SH,20260608,9.05,9.05,8.94,9.02,29778,26811.3,-1.4208
600649.SH,20260608,3.68,3.78,3.58,3.64,281111,103035.355,-2.9333
600650.SH,20260608,10.45,10.73,10.23,10.35,37187,38760.905,-3.7209
600651.SH,20260608,6.15,6.5,6.12,6.46,363082,229849.765,2.7027
600653.SH,20260608,1.7,1.72,1.66,1.68,266488,44959.34,-1.7544
600654.SH,20260608,3.12,3.17,2.99,3.02,767962,235907.654,-5.0314
600655.SH,20260608,4.56,4.62,4.43,4.45,141815,63759.684,-2.6258
600657.SH,20260608,2.73,2.81,2.68,2.73,267022,73482.715,-1.087
600658.SH,20260608,4.41,4.55,4.34,4.42,132143,58568.0,-2.2124
600660.SH,20260608,53.25,53.37,52.52,53.15,94720,501258.374,-0.8396
600661.SH,20260608,8.14,8.26,7.8,7.96,52371,42097.165,-2.9268
600662.SH,20260608,4.34,4.36,4.23,4.3,157541,67760.39,-1.8265
600663.SH,20260608,6.96,7.01,6.76,6.83,112178,77084.585,-2.7066
600664.SH,20260608,3.13,3.19,3.06,3.11,465026,145086.069,-2.2013
600665.SH,20260608,3.45,3.51,3.36,3.42,162399,55826.002,-2.5641
600666.SH,20260608,4.39,4.58,4.3,4.38,1324170,585857.023,-5.3996
600667.SH,20260608,15.33,16.34,14.71,14.94,3029443,4650642.234,-7.4923
600668.SH,20260608,7.69,7.73,7.45,7.56,46407,35220.494,-2.3256
600671.SH,20260608,16.78,17.29,16.43,16.55,20666,34663.507,-2.3022
600673.SH,20260608,31.78,32.27,31.0,31.55,547764,1735696.446,-4.8839
600674.SH,20260608,15.11,15.17,14.77,14.97,459557,686168.879,-1.1881
600675.SH,20260608,2.38,2.46,2.36,2.41,330209,79824.733,0.4167
600676.SH,20260608,6.28,6.39,6.0,6.15,119541,73830.663,-2.9968
600678.SH,20260608,6.2,6.37,6.09,6.14,167377,104224.477,-4.0625
600679.SH,20260608,10.46,10.51,10.13,10.35,80199,82639.857,-2.0814
600681.SH,20260608,3.63,3.66,3.56,3.6,157921,56980.843,-1.9074
600682.SH,20260608,5.78,5.99,5.5,5.59,211424,119994.483,-4.6075
600683.SH,20260608,15.1,15.36,14.34,14.64,214265,315526.605,-5.4264
600684.SH,20260608,3.49,3.61,3.4,3.46,148625,51903.005,-2.809
600685.SH,20260608,26.57,26.98,25.67,25.93,127010,333474.898,-4.4936
600686.SH,20260608,12.41,12.78,12.31,12.42,160281,201192.105,-1.8182
600688.SH,20260608,3.31,3.48,3.25,3.28,5246012,1752865.259,-6.0172
600689.SH,20260608,11.11,11.4,10.81,11.0,36877,41034.522,-2.6549
600690.SH,20260608,20.17,20.45,20.09,20.17,384520,777837.969,-0.6893
600691.SH,20260608,2.63,2.76,2.62,2.68,526061,141037.464,0.7519
600692.SH,20260608,6.52,6.59,6.25,6.38,72383,46593.113,-3.6254
600693.SH,20260608,10.15,10.81,10.01,10.02,1037076,1078374.898,-3.1884
600694.SH,20260608,14.54,14.68,14.23,14.3,39335,56757.109,-2.3224
600696.SH,20260608,0.7,0.75,0.68,0.72,49665,3603.16,5.8824
600697.SH,20260608,10.93,11.55,10.88,11.09,46048,51391.294,-1.9452
600698.SH,20260608,6.3,6.4,6.1,6.18,89467,55687.637,-2.8302
600699.SH,20260608,25.5,26.31,25.18,25.37,352475,907028.778,-3.9015
600702.SH,20260608,41.17,41.97,40.0,40.07,74325,302417.746,-1.8614
600703.SH,20260608,16.11,17.5,16.11,16.45,3235138,5421454.047,-2.7203
600704.SH,20260608,4.77,4.82,4.65,4.7,554088,261886.387,-2.8926
600706.SH,20260608,7.95,8.17,7.71,7.89,52832,41838.612,-2.4722
600707.SH,20260608,11.37,12.39,10.92,11.76,3600412,4253354.386,0.427
600708.SH,20260608,3.02,3.1,2.97,3.02,327551,99172.927,-1.9481
600710.SH,20260608,11.34,11.47,10.8,10.9,132762,146746.605,-5.0523
600711.SH,20260608,11.33,11.55,10.95,11.09,834925,939482.517,-6.8067
600712.SH,20260608,5.65,5.76,5.5,5.55,80813,45307.032,-2.6316
600713.SH,20260608,4.99,5.02,4.88,4.92,83041,41023.422,-1.992
600714.SH,20260608,33.2,33.35,29.78,30.01,338834,1048749.501,-8.7842
600715.SH,20260608,1.85,1.87,1.78,1.8,235638,42916.274,-3.7433
600716.SH,20260608,3.56,3.72,3.5,3.59,114748,41490.69,-0.554
600717.SH,20260608,4.4,4.43,4.27,4.31,322884,139938.925,-2.7088
600718.SH,20260608,8.07,8.28,7.95,8.06,112110,90437.529,-1.5873
600719.SH,20260608,8.3,8.68,8.12,8.23,264617,220485.581,-3.517
600720.SH,20260608,5.88,5.9,5.66,5.74,106901,61549.389,-2.7119
600721.SH,20260608,7.25,7.79,7.15,7.79,369536,282244.213,10.0282
600722.SH,20260608,9.95,10.5,9.9,10.4,468113,477046.562,2.3622
600724.SH,20260608,6.36,6.79,6.31,6.45,129685,85035.786,-1.5267
600725.SH,20260608,3.95,4.04,3.82,3.93,197572,77402.362,-1.75
600726.SH,20260608,8.42,9.58,8.42,8.8,3366247,3046927.329,-5.8824
600727.SH,20260608,8.0,8.23,7.72,7.8,321468,255636.077,-5.7971
600728.SH,20260608,4.66,4.78,4.61,4.67,273652,128290.951,-1.2685
600729.SH,20260608,19.46,19.9,19.4,19.61,34812,68377.264,-0.2036
600730.SH,20260608,12.95,13.56,12.95,12.95,218661,285610.965,-4.989
600731.SH,20260608,5.48,5.59,5.39,5.44,65660,35932.53,-2.509
600732.SH,20260608,11.02,11.26,10.54,10.7,369013,401413.255,-4.5495
600733.SH,20260608,5.82,6.04,5.79,5.94,1003038,596750.114,0.5076
600734.SH,20260608,2.07,2.13,2.05,2.07,522139,108857.138,-2.8169
600735.SH,20260608,6.37,6.68,6.29,6.45,89744,58320.105,0.7813
600736.SH,20260608,7.15,7.96,7.12,7.86,1240948,944455.153,8.5635
600737.SH,20260608,14.05,14.3,13.51,13.6,398904,550212.673,-6.0124
600738.SH,20260608,4.2,4.28,4.1,4.15,91165,38215.07,-2.1226
600739.SH,20260608,10.18,10.26,9.95,10.03,107118,107922.452,-2.5267
600740.SH,20260608,4.03,4.13,3.9,3.92,574567,229461.999,-4.6229
600741.SH,20260608,16.75,16.88,16.41,16.53,163582,271695.896,-2.3627
600742.SH,20260608,7.82,7.9,7.62,7.74,49246,38158.356,-2.0253
600743.SH,20260608,2.41,2.6,2.4,2.47,1065318,267740.054,-0.8032
600744.SH,20260608,7.78,8.14,7.63,7.67,1225824,963707.52,-5.0743
600745.SH,20260608,20.32,22.21,20.32,20.91,934317,1932440.993,-2.244
600746.SH,20260608,6.2,6.3,5.99,6.05,107362,65746.881,-3.8156
600748.SH,20260608,4.17,4.36,4.12,4.21,201158,84946.024,-0.9412
600749.SH,20260608,14.88,16.33,14.68,16.17,177312,274130.467,7.8719
600750.SH,20260608,26.0,26.4,25.79,25.96,40501,105168.661,0.1543
600751.SH,20260608,3.27,3.27,3.01,3.05,517051,161211.417,-6.7278
600753.SH,20260608,11.8,12.29,11.7,11.89,20826,24994.757,-0.6683
600754.SH,20260608,20.14,20.44,19.51,19.64,109904,217838.146,-2.3371
600755.SH,20260608,5.7,5.71,5.55,5.57,191936,107914.805,-2.7923
600756.SH,20260608,13.48,13.75,13.15,13.38,63383,85094.816,-2.6909
600757.SH,20260608,7.96,8.04,7.91,7.99,79598,63550.744,-0.2497
600758.SH,20260608,4.61,4.91,4.53,4.57,1116852,520095.711,-4.7917
600759.SH,20260608,2.8,2.91,2.75,2.79,2534483,712894.28,-3.125
600760.SH,20260608,40.15,41.49,40.04,40.6,193832,791164.699,0.2469
600761.SH,20260608,16.8,17.37,16.74,16.86,144161,245349.421,-0.8818
600763.SH,20260608,34.55,35.2,33.61,33.83,76672,262464.122,-3.3429
600764.SH,20260608,19.95,20.07,19.39,19.68,63691,125654.95,-3.0542
600765.SH,20260608,13.67,13.87,13.14,13.39,252134,339371.714,-2.971
600768.SH,20260608,15.58,15.92,15.01,15.35,50907,78975.943,-4.4209
600769.SH,20260608,15.4,16.78,15.4,15.68,209728,336110.913,-2.1223
600770.SH,20260608,5.8,5.97,5.63,5.67,333124,192609.436,-5.814
600771.SH,20260608,14.42,14.61,14.04,14.12,73801,105292.509,-3.0885
600773.SH,20260608,14.96,15.42,13.8,14.18,385344,559044.204,-7.3203
600774.SH,20260608,7.1,7.32,6.93,7.07,37713,26845.417,-2.8846
600775.SH,20260608,10.55,10.84,10.27,10.38,169377,178198.681,-4.3318
600776.SH,20260608,15.66,17.5,15.55,17.0,840224,1388659.662,6.6499
600777.SH,20260608,5.66,5.75,5.61,5.69,142726,80997.346,-0.1754
600778.SH,20260608,5.88,6.02,5.69,5.79,91137,53423.164,-2.5253
600779.SH,20260608,31.8,32.42,30.52,30.59,81393,255223.001,-2.7654
600780.SH,20260608,6.9,7.02,6.62,6.69,286795,195621.406,-5.5085
600782.SH,20260608,2.65,2.66,2.58,2.62,399084,104484.273,-1.8727
600783.SH,20260608,22.83,24.1,22.15,22.47,256947,588770.841,-4.7478
600784.SH,20260608,7.4,7.45,7.13,7.15,144123,104887.2,-5.6728
600785.SH,20260608,15.1,15.45,14.49,14.71,53700,80244.549,-4.0444
600787.SH,20260608,4.65,4.71,4.53,4.59,210153,96744.158,-1.9231
600789.SH,20260608,7.24,7.37,7.14,7.19,99397,71928.736,-1.91
600790.SH,20260608,3.93,3.99,3.82,3.87,153840,60134.88,-3.25
600791.SH,20260608,14.2,14.3,13.27,13.27,196795,267109.739,-9.9729
600792.SH,20260608,4.47,4.63,4.27,4.32,492565,217250.819,-4.8458
600793.SH,20260608,13.25,14.8,13.2,13.95,87348,123442.085,3.3333
600794.SH,20260608,3.2,3.24,3.12,3.16,126915,40272.584,-2.4691
600795.SH,20260608,5.02,5.1,4.97,5.0,2233849,1122512.132,-1.3807
600796.SH,20260608,5.19,5.28,5.03,5.12,65299,33618.612,-3.2136
600797.SH,20260608,7.3,7.59,7.22,7.34,280550,207110.674,-4.3025
600798.SH,20260608,3.63,3.71,3.52,3.57,518268,187008.611,-3.5135
600800.SH,20260608,3.74,3.88,3.6,3.68,220488,82050.618,-4.1667
600801.SH,20260608,19.75,19.76,18.13,18.45,241538,452829.128,-6.3927
600802.SH,20260608,4.89,5.0,4.7,4.81,78135,37867.668,-3.6072
600803.SH,20260608,19.21,19.37,18.84,18.95,68250,129875.806,-1.3535
600805.SH,20260608,4.49,4.6,4.4,4.46,96332,43207.982,-3.4632
600807.SH,20260608,2.64,2.78,2.63,2.65,212735,57092.556,-2.214
600808.SH,20260608,2.82,2.83,2.65,2.69,883758,240715.368,-5.2817
600809.SH,20260608,121.01,122.09,117.18,117.97,89754,1066435.057,-3.3271
600810.SH,20260608,5.78,6.18,5.71,5.95,318719,188898.04,2.2337
600812.SH,20260608,4.36,4.47,4.3,4.35,123844,54160.267,-1.8059
600814.SH,20260608,6.92,7.12,6.88,6.96,66204,46360.935,-0.7133
600815.SH,20260608,3.23,3.31,3.12,3.16,415791,133656.784,-3.6585
600816.SH,20260608,2.74,2.8,2.65,2.67,765535,207654.996,-4.9822
600817.SH,20260608,9.68,9.81,9.55,9.7,27981,27130.268,-1.1213
600818.SH,20260608,5.74,6.1,5.74,6.01,111130,66744.059,3.0875
600819.SH,20260608,6.8,7.04,6.7,6.72,221391,151610.468,-4.5455
600820.SH,20260608,5.51,5.55,5.4,5.44,195021,106309.729,-1.2704
600821.SH,20260608,7.7,7.98,7.32,7.33,1494343,1146896.199,-8.9441
600822.SH,20260608,8.76,8.86,8.37,8.47,37982,32492.274,-3.75
600824.SH,20260608,3.7,3.76,3.64,3.66,110306,40803.128,-2.139
600825.SH,20260608,4.86,5.45,4.84,5.45,291548,153331.04,10.101
600826.SH,20260608,8.69,9.26,8.6,9.04,110404,99354.485,2.3783
600827.SH,20260608,8.1,8.32,8.08,8.14,128117,104799.157,-0.2451
600828.SH,20260608,4.92,5.23,4.8,4.81,884881,440889.184,-6.2378
600829.SH,20260608,8.45,8.61,8.28,8.39,50731,42751.048,-2.5552
600830.SH,20260608,7.77,8.2,7.71,7.84,86525,68569.357,-0.6337
600831.SH,20260608,3.57,3.63,3.36,3.47,189510,65694.341,-3.3426
600833.SH,20260608,10.14,10.36,9.87,10.11,30912,31250.087,-2.0349
600834.SH,20260608,7.35,7.42,7.16,7.25,22969,16741.562,-1.7615
600835.SH,20260608,21.49,21.9,21.21,21.35,79109,169984.83,-2.9104
600838.SH,20260608,7.91,8.16,7.76,7.86,101707,81035.9,-1.75
600839.SH,20260608,6.97,7.07,6.8,6.83,816127,564836.969,-4.073
600841.SH,20260608,7.15,7.34,6.89,7.0,232120,164555.495,-5.5331
600843.SH,20260608,7.28,7.78,7.27,7.51,151801,114649.908,-0.2656
600844.SH,20260608,2.94,3.08,2.87,2.91,322708,95787.527,-2.0202
600845.SH,20260608,18.95,19.2,18.75,18.8,135335,256081.417,-2.6915
600846.SH,20260608,11.08,11.32,10.88,11.01,40298,44772.569,-3.3363
600847.SH,20260608,14.69,15.3,14.18,14.52,37829,55818.854,-3.2
600848.SH,20260608,8.41,8.48,8.2,8.24,122785,102272.16,-3.6257
600850.SH,20260608,19.91,20.27,19.4,19.49,213190,421530.461,-6.7464
600851.SH,20260608,7.17,7.44,6.93,7.08,89121,63775.848,-4.9664
600853.SH,20260608,3.58,3.62,3.44,3.5,122228,43077.405,-3.5813
600854.SH,20260608,4.71,4.8,4.58,4.67,101617,47631.05,-2.3013
600855.SH,20260608,15.08,15.43,14.54,14.78,133976,201067.584,-3.7134
600857.SH,20260608,14.71,15.53,14.28,14.65,149031,219460.649,-4.8083
600858.SH,20260608,4.98,5.12,4.87,4.92,106356,53045.025,-2.9586
600859.SH,20260608,10.62,10.96,10.42,10.49,184941,197026.427,-1.5023
600860.SH,20260608,9.09,9.2,8.76,8.88,71377,63840.917,-2.3102
600861.SH,20260608,14.13,14.34,14.05,14.18,24433,34593.866,-0.4912
600862.SH,20260608,17.73,18.17,17.42,17.55,231785,412667.353,-1.6256
600863.SH,20260608,5.98,6.39,5.97,6.06,3289652,2033767.343,-2.7287
600864.SH,20260608,5.24,5.3,5.12,5.15,266376,138702.776,-3.0132
600865.SH,20260608,10.06,10.85,10.0,10.48,260824,274491.206,2.947
600866.SH,20260608,4.77,4.84,4.59,4.65,257961,121105.903,-3.527
600867.SH,20260608,7.79,7.91,7.62,7.66,229179,177466.066,-3.038
600868.SH,20260608,3.47,3.62,3.28,3.3,1969309,677017.639,-6.7797
600869.SH,20260608,27.25,29.08,26.9,27.45,1433405,3974868.699,-3.718
600871.SH,20260608,2.29,2.37,2.29,2.31,1822858,423440.466,0.0
600872.SH,20260608,17.79,18.08,17.18,17.5,183382,321701.873,-2.6155
600873.SH,20260608,9.08,9.25,9.08,9.2,163714,150103.693,0.3272
600874.SH,20260608,5.59,5.68,5.54,5.62,88971,49909.288,-1.2302
600875.SH,20260608,31.66,32.4,30.58,31.03,748614,2354216.939,-5.6265
600876.SH,20260608,8.79,8.99,8.49,8.6,64574,56593.896,-3.4792
600877.SH,20260608,13.57,13.93,13.19,13.38,186146,251895.45,-4.5649
600879.SH,20260608,20.91,22.39,20.81,21.97,2450105,5331691.714,1.9963
600880.SH,20260608,4.17,4.28,4.08,4.15,165812,69224.297,-2.1226
600881.SH,20260608,1.68,1.76,1.64,1.66,1927042,327612.174,0.6061
600882.SH,20260608,17.72,18.27,17.44,17.7,68529,121953.233,-1.9934
600883.SH,20260608,8.11,8.39,7.8,7.98,59548,48247.511,-3.2727
600884.SH,20260608,13.28,13.65,12.93,13.08,746225,988776.278,-4.4558
600885.SH,20260608,32.44,32.88,31.65,32.2,198064,639676.315,-3.3613
600886.SH,20260608,13.7,13.75,13.48,13.53,337755,458357.822,-1.5284
600887.SH,20260608,25.76,26.1,25.18,25.37,575758,1470714.333,-1.1687
600888.SH,20260608,10.64,10.99,10.25,10.43,731073,774412.575,-5.6109
600889.SH,20260608,15.62,16.2,15.42,15.45,36671,57666.364,-2.7078
600892.SH,20260608,3.61,3.67,3.53,3.61,73136,26265.458,-1.6349
600893.SH,20260608,41.4,41.97,38.99,39.56,371414,1491934.542,-6.6321
600894.SH,20260608,8.79,8.87,8.6,8.71,54801,47811.512,-1.693
600895.SH,20260608,30.57,31.31,29.99,30.01,342277,1046876.522,-6.7433
600897.SH,20260608,14.85,15.25,14.81,14.86,20947,31455.429,-1.8494
600900.SH,20260608,27.5,27.61,27.26,27.51,1180655,3238081.015,-0.3622
600901.SH,20260608,6.4,6.47,6.33,6.39,287740,183943.779,-0.9302
600903.SH,20260608,8.41,8.63,8.06,8.31,493749,407081.097,-4.0416
600905.SH,20260608,4.17,4.18,4.1,4.12,2034715,840393.978,-2.1378
600906.SH,20260608,6.9,7.15,6.8,6.81,1228831,856788.848,-0.8734
600908.SH,20260608,5.44,5.45,5.37,5.43,129229,69936.546,0.0
600909.SH,20260608,7.06,7.2,6.9,7.03,1295058,915108.137,-3.4341
600916.SH,20260608,7.57,7.65,7.38,7.48,309030,232330.548,-3.6082
600917.SH,20260608,5.06,5.11,5.01,5.05,54576,27599.178,-1.751
600918.SH,20260608,5.21,5.28,5.17,5.19,405390,211800.888,-2.0755
600919.SH,20260608,11.37,11.56,11.32,11.44,1091334,1249848.577,0.5272
600925.SH,20260608,4.77,4.82,4.64,4.68,236399,111549.199,-3.1056
600926.SH,20260608,15.8,16.22,15.78,16.13,487235,782029.443,1.7666
600927.SH,20260608,12.79,12.87,12.26,12.39,70536,88330.989,-3.879
600928.SH,20260608,3.51,3.53,3.45,3.49,232468,81062.779,-0.8523
600929.SH,20260608,5.12,5.2,4.93,4.99,230762,116639.926,-4.2226
600930.SH,20260608,6.01,6.04,5.96,5.97,1153307,691468.61,-1.4851
600933.SH,20260608,15.0,15.28,14.84,15.1,149447,225125.144,-1.8843
600935.SH,20260608,2.33,2.35,2.27,2.3,216742,50125.243,-2.9536
600936.SH,20260608,5.7,5.87,5.5,5.58,1266754,718875.62,-6.689
600938.SH,20260608,35.26,37.2,35.19,36.57,721685,2612204.129,3.9511
600939.SH,20260608,2.88,3.07,2.83,3.03,313004,92754.732,3.7671
600941.SH,20260608,97.0,97.52,95.08,96.6,86896,838285.484,-0.75
600955.SH,20260608,15.31,15.49,14.81,14.95,46097,69576.371,-4.1667
600956.SH,20260608,8.48,8.71,8.28,8.4,254305,215610.953,-3.6697
600958.SH,20260608,8.9,9.0,8.8,8.81,461786,410250.073,-1.8931
600959.SH,20260608,3.34,3.39,3.23,3.27,545512,179716.246,-3.8235
600960.SH,20260608,4.28,4.42,4.14,4.24,149161,63420.965,-2.7523
600961.SH,20260608,23.36,23.66,22.37,22.75,360778,831884.077,-6.8387
600962.SH,20260608,23.49,23.82,22.95,23.41,48119,112659.663,-3.2645
600963.SH,20260608,3.74,3.8,3.58,3.62,335856,123035.38,-4.7368
600965.SH,20260608,2.96,3.02,2.9,2.92,71866,21213.701,-2.99
600966.SH,20260608,5.95,6.05,5.8,5.89,108248,63845.696,-1.0084
600967.SH,20260608,11.83,12.1,11.58,11.71,158086,186654.363,-2.7409
600968.SH,20260608,3.92,4.0,3.9,3.97,465269,184223.98,0.2525
600969.SH,20260608,10.08,10.39,9.61,9.7,146390,146033.489,-6.999
600970.SH,20260608,8.94,8.96,8.74,8.78,230136,203707.444,-2.9834
600971.SH,20260608,8.2,8.58,8.06,8.19,307371,253275.657,-2.2673
600973.SH,20260608,7.58,7.71,7.16,7.18,896509,660682.052,-5.7743
600975.SH,20260608,4.8,4.92,4.74,4.84,93576,45082.279,0.4149
600976.SH,20260608,27.98,28.1,26.95,27.07,17247,47314.326,-3.5625
600977.SH,20260608,14.0,14.36,13.58,13.95,420127,586642.528,-2.3793
600979.SH,20260608,5.03,5.16,4.81,4.84,838307,416438.678,-6.5637
600980.SH,20260608,20.43,21.13,19.94,20.3,39670,81144.485,-4.2453
600981.SH,20260608,2.5,2.68,2.47,2.5,410170,104737.098,-3.1008
600982.SH,20260608,6.12,6.35,5.96,6.01,631736,387303.327,-5.5031
600983.SH,20260608,8.39,8.59,8.33,8.41,21005,17761.317,-2.3229
600984.SH,20260608,4.26,4.62,4.25,4.31,608151,270570.373,-1.5982
600985.SH,20260608,16.69,17.77,16.45,16.98,505816,865021.506,-0.6437
600986.SH,20260608,7.96,8.27,7.85,7.97,600462,483006.896,-2.9233
600987.SH,20260608,6.45,6.48,6.32,6.43,74731,47833.572,-1.2289
600988.SH,20260608,29.75,30.28,28.9,29.2,714710,2117335.214,-6.8878
600989.SH,20260608,23.0,23.77,22.88,23.6,706805,1660837.316,0.7256
600990.SH,20260608,18.31,18.88,17.82,18.12,48584,89026.383,-4.4808
600992.SH,20260608,11.86,12.1,11.45,11.51,105525,124446.177,-6.2704
600993.SH,20260608,23.91,24.3,23.26,23.4,43214,101985.149,-2.5
600995.SH,20260608,14.76,14.86,13.81,13.92,525725,752360.041,-7.9974
600996.SH,20260608,9.27,9.64,8.9,8.94,559339,512584.283,-4.6908
600997.SH,20260608,5.76,5.91,5.69,5.76,164325,94908.897,-1.8739
600998.SH,20260608,4.77,4.85,4.66,4.79,379640,181245.234,0.4193
600999.SH,20260608,16.5,17.04,16.48,16.9,665689,1122038.855,0.0592
601000.SH,20260608,4.29,4.3,4.16,4.21,380612,160743.877,-2.3202
601001.SH,20260608,21.5,22.99,20.98,21.68,440867,968129.631,-1.4545
601002.SH,20260608,4.98,5.1,4.89,4.94,178614,88952.336,-3.3268
601003.SH,20260608,3.69,3.77,3.6,3.64,168784,62204.912,-3.4483
601005.SH,20260608,1.28,1.28,1.25,1.26,778838,98582.095,-2.3256
601006.SH,20260608,5.17,5.18,5.06,5.08,1351286,688508.393,-1.7408
601007.SH,20260608,6.66,6.81,6.56,6.63,62032,41326.987,-1.4859
601008.SH,20260608,4.65,4.7,4.44,4.49,162044,74210.59,-4.4681
601009.SH,20260608,11.16,11.46,11.07,11.36,609670,690346.335,1.7921
601010.SH,20260608,1.68,1.76,1.65,1.72,480708,82354.465,1.1765
601011.SH,20260608,3.2,3.42,3.19,3.25,1067587,352769.499,-1.2158
601012.SH,20260608,12.9,13.05,12.39,12.44,1793661,2275619.62,-5.2551
601015.SH,20260608,3.89,4.11,3.82,3.88,799925,315262.522,-4.1975
601016.SH,20260608,4.46,4.56,4.2,4.22,3233340,1410982.925,-8.8553
601018.SH,20260608,3.37,3.38,3.28,3.29,861439,286082.437,-3.2353
601019.SH,20260608,6.95,6.99,6.78,6.87,76830,52833.658,-1.5759
601020.SH,20260608,22.85,23.31,21.89,22.19,303431,687152.189,-7.9253
601021.SH,20260608,44.89,45.28,43.63,43.8,102703,454892.112,-4.5752
601022.SH,20260608,8.0,8.1,7.83,7.92,67748,53846.026,-2.3428
601026.SH,20260608,15.17,15.37,14.61,14.74,51728,77239.263,-4.2235
601033.SH,20260608,14.3,14.53,14.04,14.11,58802,83383.538,-2.4879
601038.SH,20260608,12.38,12.5,12.09,12.2,54928,67457.339,-2.8662
601058.SH,20260608,12.28,12.65,12.18,12.4,384378,476809.877,-0.161
601059.SH,20260608,16.0,16.07,15.6,15.87,99172,156827.901,-1.9159
601061.SH,20260608,11.88,11.96,11.4,11.51,172932,202132.069,-4.9546
601065.SH,20260608,7.67,7.73,7.58,7.65,36648,28029.966,-1.671
601066.SH,20260608,24.54,25.55,24.27,24.39,468470,1160566.427,-0.6112
601068.SH,20260608,5.19,5.21,4.97,5.04,175701,89264.823,-4.0
601069.SH,20260608,24.6,25.26,24.03,24.6,148996,369182.348,-5.6025
601077.SH,20260608,6.6,6.83,6.58,6.72,521532,350622.632,1.3575
601083.SH,20260608,11.06,11.12,10.68,10.79,83371,90636.984,-3.0548
601086.SH,20260608,7.15,7.6,7.14,7.2,138560,102019.339,-2.3066
601088.SH,20260608,48.57,51.18,48.33,50.76,552636,2768353.53,4.6167
601089.SH,20260608,17.2,17.2,16.35,16.51,30106,50253.817,-3.4503
601096.SH,20260608,4.74,4.78,4.61,4.69,292423,137125.122,-2.4948
601098.SH,20260608,11.02,11.15,10.94,11.03,59187,65238.947,-1.2534
601099.SH,20260608,3.2,3.24,3.12,3.16,1068220,339712.587,-2.4691
601100.SH,20260608,114.0,123.5,113.89,119.77,147113,1771881.48,2.1928
601101.SH,20260608,13.4,14.23,13.1,13.48,647314,880415.514,-0.3695
601106.SH,20260608,3.63,3.68,3.49,3.54,689763,246755.574,-4.3243
601107.SH,20260608,5.92,6.01,5.87,5.89,133221,78832.325,-1.1745
601108.SH,20260608,7.56,7.63,7.39,7.44,447556,335615.755,-2.6178
601111.SH,20260608,6.34,6.35,6.14,6.16,1200006,748491.544,-4.7913
601112.SH,20260608,16.5,16.8,16.29,16.42,67679,111746.057,-3.4118
601113.SH,20260608,3.99,4.07,3.93,3.96,139009,55450.56,-1.0
601116.SH,20260608,12.01,12.5,11.56,11.65,214685,259168.276,-4.4299
601117.SH,20260608,7.35,7.4,7.15,7.2,959344,697228.547,-3.4853
601118.SH,20260608,6.33,6.44,5.97,6.02,945351,585664.807,-8.7879
601121.SH,20260608,6.21,6.3,6.0,6.12,127905,78520.743,-3.3175
601126.SH,20260608,71.4,72.5,66.33,67.96,289108,1997887.16,-5.6766
601127.SH,20260608,73.01,76.13,72.63,72.9,217068,1604919.769,-2.813
601128.SH,20260608,7.04,7.07,7.0,7.04,330838,232471.764,-0.2833
601133.SH,20260608,25.61,27.96,25.61,27.13,146505,396558.599,-1.7029
601136.SH,20260608,13.76,13.9,13.48,13.62,106301,145503.967,-2.2956
601137.SH,20260608,23.81,24.29,23.36,23.44,480373,1138733.437,-5.4076
601138.SH,20260608,69.99,73.3,69.34,70.48,1973161,14013578.688,-4.8339
601139.SH,20260608,6.35,6.38,6.21,6.27,298376,187682.747,-2.4883
601155.SH,20260608,11.66,11.77,11.39,11.5,134546,155631.457,-2.294
601156.SH,20260608,16.5,16.52,15.93,15.99,92780,149729.797,-3.442
601158.SH,20260608,4.24,4.25,4.18,4.22,90335,38006.897,-0.7059
601162.SH,20260608,3.15,3.21,3.09,3.1,1056625,332204.974,-3.125
601163.SH,20260608,13.59,13.69,13.31,13.44,41943,56529.919,-2.5381
601166.SH,20260608,18.58,18.68,18.48,18.54,849176,1577214.924,-0.3226
601168.SH,20260608,28.89,30.58,28.02,29.15,580338,1701486.562,-4.5201
601169.SH,20260608,5.13,5.15,5.1,5.12,1068453,547425.896,-0.3891
601177.SH,20260608,14.28,14.77,14.28,14.66,120875,176099.703,-1.1463
601179.SH,20260608,14.4,14.69,13.89,14.01,1534277,2189418.179,-6.7864
601186.SH,20260608,6.34,6.35,6.22,6.25,487022,305566.792,-1.7296
601187.SH,20260608,7.39,7.52,7.26,7.32,161594,118733.541,-0.2725
601188.SH,20260608,3.14,3.18,3.09,3.12,137448,43054.278,-2.1944
601198.SH,20260608,12.4,12.61,12.3,12.46,216073,268757.535,-0.638
601199.SH,20260608,5.39,5.8,5.35,5.62,200534,112891.196,2.1818
601200.SH,20260608,7.51,7.51,7.26,7.36,93567,69007.785,-1.6043
601208.SH,20260608,52.32,56.47,52.32,54.2,770513,4172828.807,-4.5102
601211.SH,20260608,16.09,16.69,16.07,16.45,1713168,2815755.482,1.2308
601212.SH,20260608,5.75,5.91,5.57,5.66,1173890,673535.775,-6.2914
601216.SH,20260608,5.04,5.06,4.95,4.98,697659,348321.849,-2.1611
601218.SH,20260608,4.98,5.05,4.81,4.87,265735,130967.293,-4.1339
601222.SH,20260608,6.01,6.12,5.88,5.94,476663,285136.31,-4.1935
601225.SH,20260608,27.07,28.0,26.53,27.8,717639,1970125.164,2.4318
601226.SH,20260608,7.22,7.37,7.0,7.11,147465,105793.255,-4.3069
601228.SH,20260608,3.04,3.05,2.99,3.02,312984,94387.531,-1.3072
601229.SH,20260608,9.13,9.2,9.04,9.16,513648,468605.012,0.6593
601231.SH,20260608,39.8,41.3,38.39,38.78,624260,2479915.629,-9.0952
601233.SH,20260608,20.6,21.05,19.85,19.99,400747,812928.152,-4.8548
601236.SH,20260608,6.75,6.82,6.58,6.64,118823,79533.197,-2.6393
601238.SH,20260608,6.1,6.11,5.9,5.93,294990,177070.137,-2.7869
601279.SH,20260608,3.46,3.57,3.42,3.47,116722,40778.415,-2.2535
601288.SH,20260608,6.4,6.59,6.37,6.57,5414545,3529585.391,3.3019
601298.SH,20260608,9.3,9.4,9.06,9.1,108487,99411.849,-2.9851
601311.SH,20260608,8.26,8.36,8.09,8.16,166522,136652.917,-2.8571
601318.SH,20260608,53.06,53.96,52.9,53.38,720540,3845596.526,-0.187
601319.SH,20260608,6.56,6.63,6.48,6.53,596710,391100.18,-0.6088
601326.SH,20260608,3.39,3.42,3.29,3.32,244403,81325.435,-2.3529
601328.SH,20260608,6.83,6.89,6.8,6.86,1826372,1251452.839,0.4392
601330.SH,20260608,8.03,8.29,7.91,8.1,253533,206056.81,-3.11
601333.SH,20260608,3.06,3.07,3.0,3.03,673363,203890.859,-1.6234
601336.SH,20260608,56.9,57.75,55.22,55.43,227902,1282967.896,-1.6327
601339.SH,20260608,7.23,7.24,6.99,7.08,84218,59556.866,-1.3928
601360.SH,20260608,9.5,9.68,9.3,9.39,757164,717499.133,-4.0858
601366.SH,20260608,3.72,3.82,3.7,3.74,134477,50560.074,-0.2667
601368.SH,20260608,4.45,4.5,4.31,4.37,61212,26903.853,-2.4554
601369.SH,20260608,8.67,8.98,8.6,8.83,167170,146934.882,0.0
601375.SH,20260608,3.92,4.0,3.87,3.91,431380,168733.428,-1.2626
601377.SH,20260608,5.76,5.83,5.72,5.8,784179,452551.028,-0.6849
601388.SH,20260608,3.2,3.28,3.13,3.18,444216,142018.059,-4.2169
601390.SH,20260608,4.66,4.66,4.52,4.54,1503859,689109.686,-3.1983
601398.SH,20260608,7.38,7.53,7.31,7.5,5806646,4333415.761,2.1798
601399.SH,20260608,3.68,3.8,3.64,3.68,989133,367437.41,-2.1277
601456.SH,20260608,8.65,8.76,8.57,8.61,236309,204472.912,-1.2615
601500.SH,20260608,4.1,4.14,3.98,4.04,184280,74822.152,-2.6506
601512.SH,20260608,8.36,8.46,8.14,8.24,97893,81167.508,-5.1784
601515.SH,20260608,3.85,3.89,3.71,3.75,232824,88119.134,-4.0921
601518.SH,20260608,3.16,3.17,2.99,3.03,308405,94553.126,-5.0157
601519.SH,20260608,9.0,9.28,8.74,8.82,360915,323534.584,-3.8168
601528.SH,20260608,4.72,4.76,4.68,4.74,123512,58239.339,0.2114
601555.SH,20260608,7.45,7.55,7.25,7.31,397641,293463.592,-2.6631
601566.SH,20260608,11.05,11.74,10.76,10.92,169262,189099.942,-2.4129
601567.SH,20260608,14.99,15.33,14.58,14.76,183066,273113.368,-3.781
601568.SH,20260608,3.73,3.74,3.68,3.7,212031,78697.163,-1.5957
601577.SH,20260608,9.55,9.64,9.48,9.53,154566,147600.091,-0.3138
601579.SH,20260608,15.81,16.56,15.6,15.88,100907,162116.072,0.4428
601588.SH,20260608,1.98,2.22,1.97,2.22,1164993,251622.609,9.901
601595.SH,20260608,19.11,19.46,18.13,18.59,62560,116778.94,-3.8282
601598.SH,20260608,6.01,6.07,5.83,5.92,160456,94977.911,-1.9868
601599.SH,20260608,3.15,3.22,3.07,3.12,154575,48514.591,-1.8868
601600.SH,20260608,10.14,10.31,9.9,10.02,2865482,2899319.723,-6.1798
601601.SH,20260608,30.99,31.59,30.82,31.2,503639,1571174.86,0.4831
601606.SH,20260608,31.63,32.59,31.09,31.62,111309,353761.164,-1.1257
601607.SH,20260608,16.18,16.22,15.93,16.03,88820,142732.785,-1.4145
601608.SH,20260608,5.26,5.44,5.21,5.27,538704,287016.101,-2.0446
601609.SH,20260608,12.0,12.28,11.5,11.68,616162,732634.569,-6.56
601611.SH,20260608,10.84,11.04,10.58,10.68,326857,352858.75,-3.7838
601615.SH,20260608,13.68,13.98,12.99,13.11,901252,1211616.429,-6.8892
601616.SH,20260608,3.93,3.98,3.78,3.83,226606,87885.998,-4.25
601618.SH,20260608,2.74,2.74,2.68,2.68,1258164,340427.03,-2.5455
601619.SH,20260608,4.9,5.04,4.75,4.79,496436,242334.088,-5.1485
601628.SH,20260608,33.01,33.5,32.7,33.0,394605,1306116.813,0.5484
601633.SH,20260608,16.6,16.72,16.24,16.41,242600,398695.353,-1.9713
601636.SH,20260608,6.93,7.25,6.74,6.78,2121762,1473910.954,-3.5562
601658.SH,20260608,4.95,5.0,4.93,4.98,1307337,650423.963,0.4032
601665.SH,20260608,6.0,6.13,5.98,6.07,538759,326316.89,0.9983
601666.SH,20260608,9.35,10.15,9.34,9.75,1003446,983918.737,0.8273
601668.SH,20260608,4.7,4.72,4.68,4.7,1671293,785242.487,-0.4237
601669.SH,20260608,5.16,5.16,5.01,5.02,2018778,1025753.651,-3.8314
601677.SH,20260608,17.45,17.95,17.24,17.65,573694,1004931.059,-2.54
601678.SH,20260608,5.21,5.43,5.15,5.21,749751,395922.384,-2.9795
601686.SH,20260608,5.15,5.19,5.03,5.08,187346,95894.064,-3.4221
601688.SH,20260608,18.6,19.04,18.55,18.74,958402,1798570.068,-0.5836
601689.SH,20260608,64.96,70.0,64.96,68.1,667117,4556807.931,0.1471
601696.SH,20260608,10.61,10.8,10.44,10.51,302696,321032.948,-2.9548
601698.SH,20260608,30.84,32.98,30.8,32.19,689384,2194786.995,0.5938
601699.SH,20260608,18.68,19.19,18.21,18.58,501006,937936.611,-1.1702
601700.SH,20260608,5.13,5.14,4.84,4.95,218819,109170.103,-4.9904
601702.SH,20260608,19.23,19.66,18.73,19.05,126487,242518.648,-5.6931
601717.SH,20260608,17.8,17.92,17.28,17.47,191832,337418.668,-3.3739
601718.SH,20260608,2.0,2.02,1.93,1.94,440258,86610.563,-4.4335
601727.SH,20260608,7.66,7.71,7.33,7.4,1907930,1435750.378,-5.6122
601728.SH,20260608,6.07,6.23,6.0,6.21,2306155,1419407.327,1.6367
601766.SH,20260608,5.61,5.65,5.53,5.57,1898984,1061778.304,-1.5901
601777.SH,20260608,9.61,10.16,9.6,9.72,402805,395773.449,-3.2836
601778.SH,20260608,5.18,5.3,4.97,5.03,1996004,1019442.78,-5.6285
601788.SH,20260608,13.68,13.83,13.45,13.55,299148,407611.993,-2.0246
601789.SH,20260608,4.63,4.71,4.48,4.52,477508,218722.794,-5.042
601798.SH,20260608,8.0,8.07,7.57,7.62,174680,136325.652,-6.7319
601799.SH,20260608,123.77,125.72,121.16,122.35,32776,403559.521,-2.6651
601800.SH,20260608,6.21,6.25,6.09,6.12,455708,280723.086,-2.5478
601801.SH,20260608,5.55,5.68,5.49,5.57,87611,48944.065,-0.5357
601808.SH,20260608,12.84,13.13,12.72,12.81,197900,254754.756,-1.0811
601811.SH,20260608,12.98,13.03,12.85,12.92,24503,31622.215,-0.6918
601816.SH,20260608,4.94,4.96,4.86,4.93,1764867,865631.417,-0.404
601818.SH,20260608,3.11,3.14,3.1,3.12,2156216,671878.861,-0.3195
601825.SH,20260608,8.66,8.72,8.54,8.67,160059,138735.653,0.1155
601827.SH,20260608,7.95,8.01,7.82,7.9,89197,70467.371,-1.25
601828.SH,20260608,2.41,2.47,2.41,2.43,474750,115860.595,-0.4098
601838.SH,20260608,18.99,19.19,18.9,18.97,203392,387467.818,-0.3676
601857.SH,20260608,10.59,10.99,10.51,10.95,2625498,2837335.166,3.2045
601858.SH,20260608,22.37,22.72,21.2,21.52,89990,196892.954,-5.9029
601860.SH,20260608,2.61,2.64,2.6,2.63,430860,112773.327,0.7663
601865.SH,20260608,10.85,11.04,10.48,10.57,195106,209603.584,-5.0314
601866.SH,20260608,2.48,2.48,2.4,2.42,858333,209157.233,-3.2
601868.SH,20260608,2.83,2.86,2.79,2.8,6336444,1787408.542,-3.1142
601869.SH,20260608,406.0,462.3,406.0,440.3,189114,8228761.082,-0.3102
601872.SH,20260608,14.51,14.86,14.06,14.14,1073639,1541099.87,-4.4595
601877.SH,20260608,26.38,26.73,25.37,25.64,316660,822439.724,-5.3525
601878.SH,20260608,9.0,9.06,8.89,9.0,294548,264403.626,-1.0989
601880.SH,20260608,1.59,1.59,1.55,1.56,1247094,195897.859,-2.5
601881.SH,20260608,11.9,12.04,11.78,11.86,377405,448943.668,-1.9835
601882.SH,20260608,20.31,21.32,20.26,20.66,80581,168204.563,0.7314
601886.SH,20260608,8.21,8.77,8.2,8.56,100454,86594.162,0.9434
601888.SH,20260608,59.0,59.8,57.27,57.45,747426,4370877.265,0.4371
601890.SH,20260608,8.82,8.95,8.56,8.65,221486,193619.698,-3.8889
601898.SH,20260608,16.7,17.5,16.3,17.09,690613,1170925.025,1.4846
601899.SH,20260608,28.28,28.73,27.58,28.05,3775320,10652472.482,-5.3324
601900.SH,20260608,11.69,11.87,11.58,11.7,41685,48723.066,-0.7634
601901.SH,20260608,6.43,6.5,6.37,6.39,517567,332437.487,-1.9939
601908.SH,20260608,3.56,3.62,3.43,3.45,563928,198584.929,-5.7377
601916.SH,20260608,3.09,3.09,3.04,3.05,1441708,441874.573,-1.2945
601918.SH,20260608,10.49,10.85,10.19,10.39,798196,835855.79,-2.5328
601919.SH,20260608,14.9,15.08,14.82,15.02,1099966,1646526.128,0.1333
601921.SH,20260608,7.32,7.35,7.14,7.26,99757,72093.635,-1.2245
601928.SH,20260608,8.96,9.04,8.9,8.97,56106,50271.719,-0.2225
601929.SH,20260608,2.52,2.57,2.43,2.44,932891,232188.487,-5.7915
601933.SH,20260608,3.45,3.53,3.4,3.41,1184422,408930.627,-1.4451
601939.SH,20260608,10.27,10.39,10.17,10.33,1203499,1239979.406,1.0763
601949.SH,20260608,5.18,5.28,5.03,5.14,111110,57251.733,-1.3436
601952.SH,20260608,8.6,8.84,8.53,8.65,84869,73430.42,-0.4603
601956.SH,20260608,5.14,5.25,4.99,5.07,67997,34753.349,-3.0593
601958.SH,20260608,21.25,21.95,20.61,20.8,624080,1317865.468,-5.2823
601963.SH,20260608,12.18,12.23,11.91,12.19,155988,188299.492,1.4988
601965.SH,20260608,15.15,15.24,14.8,14.86,79801,119795.61,-3.5065
601966.SH,20260608,11.98,12.04,11.89,11.94,74221,88846.73,-1.4038
601968.SH,20260608,4.39,4.4,4.22,4.29,124914,53867.022,-2.9412
601969.SH,20260608,9.1,9.25,8.82,8.97,193806,174928.774,-2.8169
601975.SH,20260608,4.19,4.32,4.03,4.08,2115459,876714.501,-4.6729
601985.SH,20260608,8.92,9.09,8.86,8.98,1422561,1275605.113,-0.1112
601988.SH,20260608,6.05,6.17,6.02,6.14,3623035,2212689.496,1.4876
601990.SH,20260608,6.47,6.55,6.35,6.39,177798,114488.847,-1.9939
601991.SH,20260608,7.65,8.1,7.16,7.27,6278660,4728194.768,-8.3228
601992.SH,20260608,1.57,1.61,1.54,1.56,782560,122880.475,-2.5
601995.SH,20260608,31.88,32.89,31.66,32.71,297488,964656.128,1.2693
601996.SH,20260608,2.54,2.72,2.5,2.59,363186,95430.082,-0.7663
601997.SH,20260608,5.93,5.97,5.88,5.92,427485,253157.272,-0.5042
601998.SH,20260608,7.39,7.72,7.3,7.69,1299028,981785.464,4.3419
601999.SH,20260608,5.87,5.99,5.74,5.82,56597,33152.592,-1.6892
603000.SH,20260608,16.87,17.91,16.85,16.99,225889,390018.483,-2.6361
603001.SH,20260608,10.31,10.55,9.96,10.21,181745,186334.19,-3.6792
603002.SH,20260608,15.16,15.84,15.08,15.08,475272,728833.795,-9.9701
603004.SH,20260608,18.5,18.88,18.03,18.27,24997,46175.602,-3.7915
603005.SH,20260608,43.27,47.83,43.27,45.15,1072496,4939251.246,-1.4192
603006.SH,20260608,13.77,14.27,13.71,14.16,98356,138684.5,1.3601
603007.SH,20260608,5.76,5.94,5.6,5.65,438878,252609.042,-4.5608
603008.SH,20260608,8.76,9.4,8.65,9.19,116716,107019.294,2.4526
603009.SH,20260608,48.53,51.28,48.51,49.63,122199,612652.586,-1.332
603010.SH,20260608,13.88,15.04,13.59,13.7,261459,371529.174,-2.0729
603011.SH,20260608,31.26,32.86,29.43,29.67,775473,2393502.914,-9.2661
603012.SH,20260608,8.69,8.69,8.02,8.28,203424,170807.563,-6.9663
603013.SH,20260608,18.17,18.42,17.45,17.84,34364,61800.254,-3.3062
603014.SH,20260608,30.79,30.92,30.03,30.12,12272,37328.807,-3.4615
603015.SH,20260608,12.5,12.85,12.28,12.65,124439,156651.826,-1.8619
603016.SH,20260608,39.62,40.33,37.92,38.49,33814,132359.647,-5.0801
603017.SH,20260608,11.34,11.86,11.16,11.33,76755,88144.369,-3.1624
603018.SH,20260608,6.9,6.95,6.72,6.82,53962,36930.419,-2.1521
603019.SH,20260608,79.9,80.69,77.77,78.51,427223,3390109.308,-4.6862
603020.SH,20260608,10.5,10.75,10.34,10.58,120009,126531.744,-0.8435
603021.SH,20260608,7.51,7.51,7.24,7.24,71528,52204.47,-4.9869
603022.SH,20260608,9.57,9.85,9.36,9.54,44741,43037.731,-1.9527
603023.SH,20260608,4.11,4.25,3.98,4.06,113065,46361.532,-3.5629
603025.SH,20260608,14.86,15.06,14.4,14.53,98203,144567.451,-4.7213
603026.SH,20260608,81.67,83.78,78.0,79.3,100210,806301.885,-5.3473
603027.SH,20260608,7.75,7.79,7.62,7.72,111105,85544.989,-0.3871
603028.SH,20260608,7.6,7.9,7.42,7.57,60892,46435.042,-4.1772
603029.SH,20260608,16.15,16.49,15.62,15.9,22472,36160.553,-2.9304
603030.SH,20260608,2.44,2.52,2.37,2.43,282854,69181.239,-2.4096
603031.SH,20260608,53.48,56.5,53.02,54.34,215432,1175227.106,-5.5285
603032.SH,20260608,24.88,25.41,23.48,23.92,151858,369658.289,-5.2673
603033.SH,20260608,10.01,10.21,9.76,9.9,115422,114559.111,-1.0
603035.SH,20260608,12.11,12.18,11.77,12.02,40715,48773.045,-1.3136
603036.SH,20260608,13.4,14.74,13.25,13.93,180234,253935.727,3.9552
603037.SH,20260608,12.6,12.96,12.35,12.47,53501,67556.575,-4.0769
603038.SH,20260608,15.63,16.58,15.4,16.15,64034,103175.422,1.1905
603039.SH,20260608,38.33,41.93,38.33,41.15,232488,950038.966,3.0295
603040.SH,20260608,85.91,93.48,85.9,90.69,30155,275627.877,0.1546
603041.SH,20260608,11.94,12.39,11.66,11.86,31500,37860.963,-2.946
603042.SH,20260608,19.01,20.12,18.81,19.3,134519,261361.981,-5.1597
603043.SH,20260608,14.52,14.6,13.99,14.12,34832,49763.55,-2.7548
603045.SH,20260608,78.86,91.26,78.86,90.0,211963,1832307.463,7.9007
603048.SH,20260608,20.25,22.66,19.98,21.79,93495,203535.15,4.81
603049.SH,20260608,46.03,46.52,45.4,45.89,16337,75087.68,-1.5236
603050.SH,20260608,18.9,19.76,18.7,19.27,97872,188778.367,-3.4085
603051.SH,20260608,20.36,21.37,20.15,20.56,55170,114197.237,-3.7453
603052.SH,20260608,85.0,91.28,83.88,87.56,54684,481813.042,-1.2852
603053.SH,20260608,9.2,9.24,9.0,9.11,28749,26230.431,-1.9376
603055.SH,20260608,8.0,8.17,7.95,8.09,51711,41592.347,-0.3695
603057.SH,20260608,25.0,25.8,23.77,24.16,30799,75186.711,-3.0498
603058.SH,20260608,9.93,10.44,9.39,9.49,95631,94067.457,-6.778
603059.SH,20260608,26.2,26.84,25.6,26.07,11886,31149.238,-1.6226
603060.SH,20260608,7.0,7.45,6.87,7.3,327289,238232.204,1.108
603061.SH,20260608,268.63,299.01,268.63,286.6,23997,693261.251,-3.2182
603062.SH,20260608,42.14,42.27,40.34,40.79,7686,31686.266,-4.2488
603063.SH,20260608,51.75,56.0,51.0,53.37,252646,1363079.911,-1.9475
603065.SH,20260608,9.37,9.61,9.01,9.45,319548,300475.28,-1.0471
603066.SH,20260608,10.62,10.89,10.38,10.57,44963,47803.434,-2.4007
603067.SH,20260608,34.6,35.28,32.65,32.65,398138,1335118.752,-10.0055
603068.SH,20260608,32.59,32.99,31.51,32.0,42128,135852.836,-4.1916
603069.SH,20260608,14.8,15.18,14.33,14.63,46899,69071.657,-3.75
603070.SH,20260608,16.99,17.0,16.33,16.53,108542,180400.322,-1.1955
603071.SH,20260608,13.81,13.93,12.79,12.99,85143,112254.206,-7.3466
603072.SH,20260608,36.16,36.61,34.85,35.39,37416,133630.839,-3.962
603073.SH,20260608,17.1,17.84,16.69,17.17,20860,35916.137,-3.3221
603075.SH,20260608,23.7,24.3,23.38,23.68,25641,61150.912,-3.3469
603076.SH,20260608,23.66,24.35,23.21,23.45,27082,64111.413,-3.7356
603077.SH,20260608,2.35,2.39,2.26,2.29,1612076,373711.069,-4.1841
603078.SH,20260608,38.99,45.01,38.99,42.84,720407,3066110.652,3.0799
603079.SH,20260608,13.14,13.54,12.71,12.87,23816,31203.423,-3.9552
603080.SH,20260608,19.81,21.86,19.81,21.0,51085,107889.558,2.6895
603081.SH,20260608,10.02,10.21,9.8,9.94,30555,30505.097,-2.6445
603082.SH,20260608,36.01,37.27,35.83,35.92,44864,163371.714,-4.4427
603083.SH,20260608,179.0,187.88,173.1,174.76,289570,5206313.381,-8.9886
603085.SH,20260608,12.02,12.69,12.02,12.21,90014,111257.522,-2.32
603086.SH,20260608,5.92,6.02,5.75,5.8,63027,37000.055,-2.3569
603087.SH,20260608,53.93,56.2,53.66,55.99,84793,468545.878,2.5834
603088.SH,20260608,10.2,10.5,10.0,10.16,110228,112751.925,-3.2381
603089.SH,20260608,10.05,10.3,9.81,10.0,26268,26461.098,-2.0568
603090.SH,20260608,62.86,62.88,59.95,60.26,40244,247429.077,-5.1024
603091.SH,20260608,66.77,66.77,63.1,65.2,8460,54908.599,-3.9198
603092.SH,20260608,58.9,60.1,56.83,57.7,16883,98318.125,-4.8483
603093.SH,20260608,18.23,18.95,17.96,18.14,115040,211108.872,-3.7155
603095.SH,20260608,18.34,18.68,17.7,17.93,46138,83707.355,-4.5261
603096.SH,20260608,15.46,15.66,15.02,15.29,16298,25071.66,-1.0996
603097.SH,20260608,25.33,26.0,24.14,25.1,27450,68761.784,-3.4987
603098.SH,20260608,11.74,12.24,11.74,11.95,46024,55270.27,-2.2895
603099.SH,20260608,36.5,37.65,35.67,36.04,87718,319693.552,-3.6106
603100.SH,20260608,18.32,18.65,18.03,18.28,49233,90357.034,-1.826
603101.SH,20260608,7.25,7.37,6.96,7.05,105611,75535.607,-2.6243
603102.SH,20260608,34.85,35.67,34.51,34.95,4996,17535.277,-1.4382
603103.SH,20260608,22.75,23.8,21.22,21.59,178181,398012.921,-7.3391
603105.SH,20260608,8.31,8.42,8.03,8.1,118151,96988.063,-4.5936
603106.SH,20260608,7.36,7.55,7.19,7.3,69353,51167.817,-2.5367
603107.SH,20260608,13.02,13.02,12.59,12.71,20104,25799.03,-2.0801
603108.SH,20260608,11.38,11.69,11.13,11.23,168741,191694.07,-3.8527
603109.SH,20260608,20.81,21.23,19.9,19.96,43161,88378.6,-6.9464
603110.SH,20260608,19.64,21.8,19.64,20.69,126988,264934.849,0.0968
603111.SH,20260608,6.26,6.3,6.13,6.19,64720,40191.106,-1.9017
603112.SH,20260608,19.5,19.96,18.99,18.99,210547,404933.729,-10.0
603113.SH,20260608,5.01,5.06,4.89,4.93,85365,42419.128,-2.7613
603115.SH,20260608,96.71,101.7,95.02,95.5,75528,740026.791,-7.8985
603116.SH,20260608,7.2,7.3,6.82,6.92,120920,84815.492,-5.5935
603117.SH,20260608,4.09,4.23,4.02,4.06,103845,42649.766,-2.4038
603118.SH,20260608,12.89,13.01,12.26,12.35,424751,538697.28,-7.9045
603119.SH,20260608,70.97,75.45,70.81,72.45,280774,2071114.845,-1.6961
603120.SH,20260608,47.94,51.0,47.7,48.2,26946,132024.64,-7.6274
603121.SH,20260608,15.55,16.26,15.37,15.56,66850,105704.717,-2.4451
603122.SH,20260608,12.25,12.57,11.98,12.14,97243,118990.228,-2.4116
603123.SH,20260608,9.4,9.58,9.05,9.18,138163,128162.52,-3.8743
603124.SH,20260608,159.8,159.8,151.2,151.2,52959,808061.129,-10.0
603125.SH,20260608,23.89,23.9,23.0,23.26,61199,143535.343,-4.2798
603126.SH,20260608,7.5,7.71,7.29,7.45,102817,76991.062,-2.9948
603127.SH,20260608,31.61,32.8,31.0,31.37,161994,513729.874,-3.773
603128.SH,20260608,5.33,5.44,5.32,5.35,93959,50335.427,-0.3724
603129.SH,20260608,228.77,238.75,228.77,235.2,22473,529143.325,2.8422
603130.SH,20260608,43.35,46.44,43.35,44.93,18033,81285.983,-0.2221
603131.SH,20260608,18.88,19.7,18.54,18.67,114004,217609.143,-3.5142
603132.SH,20260608,16.34,16.68,15.76,15.97,49881,80510.057,-5.1663
603135.SH,20260608,14.28,15.43,13.58,15.43,754236,1119915.745,9.9786
603136.SH,20260608,9.12,9.3,9.01,9.16,28636,26185.86,-0.6508
603137.SH,20260608,11.96,12.15,11.46,11.76,17718,20928.295,-3.2099
603138.SH,20260608,16.75,17.78,16.73,17.13,99775,172578.855,-2.8361
603139.SH,20260608,37.0,37.45,35.31,35.9,36889,134057.033,-5.7
603150.SH,20260608,68.0,72.88,65.5,67.8,51390,359046.79,0.3107
603151.SH,20260608,12.38,13.06,12.2,12.47,25199,31822.85,-2.0424
603153.SH,20260608,14.02,14.19,13.73,13.9,15187,21192.108,-2.0437
603155.SH,20260608,19.39,20.34,19.08,19.62,81334,160123.15,-1.1089
603156.SH,20260608,39.0,40.18,38.44,38.9,79098,310400.248,-3.9269
603158.SH,20260608,15.75,16.26,15.42,15.59,372594,588716.468,-4.3558
603159.SH,20260608,26.43,28.1,26.43,27.3,69501,190080.178,0.8124
603160.SH,20260608,53.53,54.22,51.81,52.42,69586,369355.611,-5.2422
603161.SH,20260608,14.5,15.24,14.3,14.89,73205,109286.966,0.0
603162.SH,20260608,10.7,10.75,9.87,10.0,247290,253199.513,-7.7491
603163.SH,20260608,93.0,103.0,93.0,96.85,20403,200147.391,-4.1279
603165.SH,20260608,16.48,17.0,16.18,16.8,118405,197649.385,0.6591
603166.SH,20260608,13.47,14.1,13.35,14.02,229109,315247.737,4.2379
603167.SH,20260608,9.05,9.1,9.0,9.03,41360,37399.89,-0.9868
603168.SH,20260608,5.55,5.69,5.37,5.45,58469,32143.525,-2.852
603169.SH,20260608,7.62,7.75,7.29,7.42,178461,133512.668,-3.7613
603170.SH,20260608,11.96,12.22,11.77,11.89,24102,28773.591,-2.3007
603171.SH,20260608,45.41,47.26,45.09,45.72,53548,246405.653,-3.5646
603172.SH,20260608,18.7,19.2,18.06,18.33,19762,36646.74,-4.0314
603173.SH,20260608,34.04,34.31,32.61,33.39,15965,53363.433,-3.3854
603175.SH,20260608,79.0,82.95,77.67,78.85,36308,289581.703,-3.8415
603176.SH,20260608,4.91,5.28,4.84,5.07,112461,56909.57,1.1976
603177.SH,20260608,9.58,9.98,9.48,9.6,38228,37175.851,-3.3233
603178.SH,20260608,17.0,17.48,16.6,16.89,66105,112448.98,-2.7634
603179.SH,20260608,50.22,54.5,50.1,53.25,343538,1822035.557,1.992
603180.SH,20260608,15.85,16.39,15.5,15.89,12470,19764.493,-1.7923
603181.SH,20260608,13.28,13.65,12.96,13.35,69600,92693.09,-1.1111
603182.SH,20260608,12.6,12.95,12.38,12.61,18436,23354.773,-1.6381
603183.SH,20260608,3.92,4.05,3.83,3.88,130462,51283.335,-2.7569
603185.SH,20260608,17.08,17.32,16.29,16.46,148145,248263.157,-5.8352
603186.SH,20260608,115.24,136.03,114.5,136.03,246802,3267391.662,10.0032
603187.SH,20260608,12.54,12.73,12.36,12.46,48813,61140.212,-2.8839
603188.SH,20260608,4.35,4.49,4.23,4.28,105782,46076.818,-3.6036
603189.SH,20260608,12.06,12.6,11.98,11.99,49133,60088.57,-3.7721
603190.SH,20260608,25.5,26.38,25.42,25.7,16764,43383.396,-2.207
603191.SH,20260608,17.09,17.51,16.55,16.78,132661,225274.638,-6.257
603192.SH,20260608,19.6,19.65,18.7,19.04,9891,19015.006,-2.9562
603193.SH,20260608,22.18,22.69,21.41,21.7,33045,72528.542,-3.5984
603194.SH,20260608,35.12,36.29,34.87,35.73,26924,95916.0,0.9893
603195.SH,20260608,39.2,39.99,39.2,39.76,46424,183454.117,-0.6497
603196.SH,20260608,22.7,23.56,22.09,22.47,27645,62837.273,-5.1899
603197.SH,20260608,30.0,30.5,29.34,29.76,27211,81306.124,-1.944
603198.SH,20260608,35.33,36.13,34.31,34.83,59572,209200.504,-0.854
603199.SH,20260608,32.41,32.99,31.69,31.93,18930,60866.22,-2.7414
603200.SH,20260608,46.5,47.65,44.6,45.3,37081,170986.917,-5.7036
603201.SH,20260608,17.8,18.7,17.7,18.05,68021,124063.422,-0.4413
603202.SH,20260608,63.78,64.24,62.21,64.06,12996,82344.623,-0.7745
603203.SH,20260608,54.3,55.86,51.05,55.86,150473,816606.208,10.0039
603205.SH,20260608,22.99,23.3,22.58,22.65,6850,15654.906,-2.5387
603206.SH,20260608,15.3,17.0,15.08,17.0,61283,102227.213,10.0324
603207.SH,20260608,22.5,22.75,21.86,22.35,10425,23219.253,-1.8445
603208.SH,20260608,12.53,12.6,11.96,12.49,23530,29035.182,-0.3192
603209.SH,20260608,13.12,13.32,12.77,12.97,29025,37755.096,-2.3343
603210.SH,20260608,14.57,15.14,14.4,14.41,94838,139700.424,-4.6958
603211.SH,20260608,26.29,29.13,26.29,28.57,92447,258188.582,3.8154
603212.SH,20260608,15.5,16.57,15.47,16.57,497855,808065.104,4.4108
603213.SH,20260608,13.99,14.38,13.95,14.16,49472,69882.353,-0.2817
603214.SH,20260608,13.9,14.2,13.43,13.76,25330,35001.239,-2.5496
603215.SH,20260608,15.63,15.69,14.88,15.08,16851,25712.335,-3.6422
603216.SH,20260608,23.0,25.74,23.0,24.23,79091,195982.99,2.8002
603217.SH,20260608,23.73,24.69,22.89,23.31,30106,71026.165,-4.5455
603218.SH,20260608,10.96,11.12,10.5,10.66,132783,142738.558,-4.3088
603219.SH,20260608,15.25,16.14,15.19,15.52,54079,84553.11,-1.9583
603220.SH,20260608,21.75,22.57,21.51,22.0,263658,580987.109,-3.3816
603221.SH,20260608,12.2,12.78,12.02,12.21,29735,36575.907,-2.32
603222.SH,20260608,8.5,8.71,8.29,8.56,134159,114144.703,-0.8111
603223.SH,20260608,9.37,9.46,9.03,9.19,100009,92389.71,-3.1612
603225.SH,20260608,19.61,20.25,19.05,19.1,270077,525266.779,-6.0502
603226.SH,20260608,48.55,50.16,47.85,48.01,40774,199160.063,-6.4133
603227.SH,20260608,8.3,8.39,8.04,8.13,103019,84257.624,-2.9833
603228.SH,20260608,67.04,72.8,67.04,68.96,311557,2162766.833,-3.3226
603229.SH,20260608,9.0,9.22,8.86,9.11,92312,83287.389,-1.4069
603230.SH,20260608,9.7,9.85,9.52,9.73,18689,18121.318,-1.7172
603231.SH,20260608,15.58,15.79,15.28,15.44,12906,20042.723,-1.8436
603232.SH,20260608,17.38,18.35,17.2,17.3,137370,243046.569,-7.3876
603233.SH,20260608,15.99,16.05,15.57,15.79,60879,95978.765,-0.8788
603235.SH,20260608,23.22,23.22,22.71,23.12,4722,10848.521,-0.985
603236.SH,20260608,55.88,59.5,55.69,58.3,191747,1113896.797,1.692
603237.SH,20260608,15.8,16.1,15.47,15.63,20178,31726.748,-1.8216
603238.SH,20260608,12.6,13.0,12.22,12.54,25296,31873.948,-2.3364
603239.SH,20260608,18.11,19.08,18.11,18.51,45315,83984.0,-2.0635
603248.SH,20260608,25.1,26.15,24.57,24.92,55235,139579.656,-3.0727
603255.SH,20260608,29.0,30.0,28.11,28.62,15880,46053.336,-3.7012
603256.SH,20260608,186.6,195.0,182.3,188.56,175007,3296548.081,-3.8254
603257.SH,20260608,62.88,64.2,60.3,63.5,17557,110981.773,-0.5949
603258.SH,20260608,13.7,14.1,13.45,13.68,27714,38136.042,-2.2857
603259.SH,20260608,95.72,97.31,94.06,96.0,458456,4372314.526,-0.58
603260.SH,20260608,36.29,37.76,35.39,35.75,82358,299266.953,-4.2582
603261.SH,20260608,33.8,33.88,32.6,33.01,3283,10893.136,-2.4239
603262.SH,20260608,27.81,27.86,27.01,27.27,23423,63952.295,-3.1605
603266.SH,20260608,18.33,18.67,18.05,18.24,32485,59553.208,-2.512
603267.SH,20260608,70.0,71.7,67.32,67.32,200048,1382709.827,-10.0
603268.SH,20260608,140.0,150.69,139.75,146.98,96685,1422504.978,3.4415
603269.SH,20260608,20.55,21.99,20.44,21.06,190155,402813.595,-4.142
603270.SH,20260608,29.66,31.0,29.08,30.08,139096,419623.462,1.0413
603271.SH,20260608,44.19,44.19,42.41,42.86,21326,92027.37,-4.3517
603272.SH,20260608,42.17,44.85,41.42,41.42,34070,146167.991,-5.0
603273.SH,20260608,14.57,15.04,14.26,14.52,21059,30908.61,-1.9581
603275.SH,20260608,40.7,41.8,40.01,40.65,16965,69249.506,-2.5647
603276.SH,20260608,16.2,16.54,15.5,15.85,31563,50454.242,-3.3537
603277.SH,20260608,11.29,11.46,11.18,11.44,15073,17087.474,0.0
603278.SH,20260608,12.29,14.14,12.15,14.14,577955,772857.256,10.0389
603279.SH,20260608,13.8,14.04,13.3,13.48,103041,139879.329,-3.8516
603280.SH,20260608,28.35,29.09,27.88,28.3,13116,37363.569,-1.5652
603281.SH,20260608,32.86,33.03,31.28,31.46,39528,126845.965,-7.0056
603282.SH,20260608,15.24,15.99,14.9,15.26,19221,29691.373,-2.7406
603283.SH,20260608,46.56,48.38,45.48,46.22,194113,908399.979,-5.7696
603284.SH,20260608,40.02,40.37,38.61,39.04,13678,54083.533,-4.0551
603285.SH,20260608,38.96,41.59,38.52,38.52,46652,185353.664,-10.0
603286.SH,20260608,59.9,62.37,58.5,60.03,51824,315611.36,-1.5256
603288.SH,20260608,33.81,34.12,33.37,34.07,169390,571555.546,0.1175
603289.SH,20260608,9.68,9.97,9.4,9.55,87807,84999.658,-2.0513
603290.SH,20260608,106.72,110.21,105.97,106.4,81714,880478.373,-5.9905
603291.SH,20260608,10.0,10.16,9.34,9.56,78577,76104.912,-6.2745
603293.SH,20260608,42.54,43.2,41.51,41.73,20125,85314.292,-4.3548
603296.SH,20260608,100.96,103.55,99.11,99.18,235566,2379854.438,-7.7739
603297.SH,20260608,117.81,120.99,113.15,115.68,21018,245926.5,-6.5816
603298.SH,20260608,24.36,25.49,24.31,24.64,73925,183978.896,-0.565
603299.SH,20260608,9.95,10.03,9.74,9.87,72651,71849.7,-1.6932
603300.SH,20260608,5.14,5.26,5.02,5.07,439152,225313.558,-3.6122
603301.SH,20260608,80.01,81.0,76.63,78.98,25880,204443.904,-1.4721
603303.SH,20260608,25.97,27.33,25.8,26.7,48437,128287.439,-2.7322
603305.SH,20260608,14.44,15.13,14.43,14.65,332460,490962.221,-1.7438
603306.SH,20260608,89.86,95.2,89.86,91.43,146312,1353448.349,-7.5998
603307.SH,20260608,38.4,39.63,37.68,38.15,13834,53540.576,-2.4297
603308.SH,20260608,61.13,63.49,59.4,60.45,204792,1254467.728,-6.046
603309.SH,20260608,11.41,11.7,11.33,11.45,37493,43147.723,-1.0372
603310.SH,20260608,15.7,16.24,15.64,15.83,29291,46690.176,-1.186
603311.SH,20260608,38.9,39.2,36.83,36.83,147806,556544.925,-9.9951
603312.SH,20260608,36.03,36.26,34.27,34.79,15943,56167.286,-5.5902
603313.SH,20260608,5.31,5.41,5.18,5.26,86068,45466.037,-3.1308
603315.SH,20260608,16.13,16.9,15.3,15.57,186332,298479.84,-6.2048
603316.SH,20260608,18.95,20.2,18.89,19.19,190872,373074.463,-3.0808
603317.SH,20260608,13.52,13.71,12.98,13.11,124243,164762.434,-4.2367
603318.SH,20260608,8.93,9.18,8.74,8.76,392501,351834.248,-1.3514
603319.SH,20260608,42.0,43.0,40.4,41.5,331626,1384262.179,-3.8462
603320.SH,20260608,21.3,21.32,19.7,20.2,31957,65526.593,-6.0902
603321.SH,20260608,6.47,6.65,6.31,6.45,44231,28616.734,-2.1244
603322.SH,20260608,29.06,30.08,28.9,29.46,62249,183553.26,-3.5047
603323.SH,20260608,4.73,4.74,4.68,4.72,233870,110002.535,0.0
603324.SH,20260608,29.0,30.46,28.2,28.86,81225,235785.818,-4.3738
603325.SH,20260608,56.68,59.57,56.68,58.75,6862,40296.946,0.4274
603326.SH,20260608,7.28,7.36,6.97,7.09,32453,23239.203,-2.8767
603327.SH,20260608,10.4,10.69,10.1,10.2,313561,324829.281,-4.3152
603328.SH,20260608,12.7,13.37,12.55,13.0,521531,674731.586,-2.3291
603329.SH,20260608,10.0,10.42,9.85,10.06,45581,46176.612,-1.1788
603330.SH,20260608,7.75,8.21,7.75,7.75,910195,719577.735,-9.9884
603331.SH,20260608,12.31,13.09,12.31,12.92,100097,127853.59,1.4129
603332.SH,20260608,11.61,12.0,11.36,11.51,50481,58828.468,-3.7625
603333.SH,20260608,8.58,8.85,8.43,8.55,165562,143057.592,-2.7304
603334.SH,20260608,40.55,41.93,40.1,40.69,13191,54049.149,-1.5008
603335.SH,20260608,6.7,7.37,6.67,6.98,237728,167483.082,1.1594
603336.SH,20260608,8.88,9.12,8.5,8.65,182558,160380.909,-3.9956
603337.SH,20260608,39.06,42.8,38.9,40.91,75138,310006.198,2.996
603338.SH,20260608,52.0,52.77,51.03,51.72,46176,238733.248,-1.2977
603339.SH,20260608,13.02,13.48,12.91,13.15,48991,64643.404,-1.0534
603341.SH,20260608,37.0,37.8,36.46,37.16,159460,590297.694,-3.9793
603344.SH,20260608,29.56,30.76,28.92,29.62,50827,151542.853,-4.6976
603345.SH,20260608,86.28,88.62,86.2,88.1,70980,621767.5,1.6382
603348.SH,20260608,15.56,15.83,15.16,15.41,23289,36033.853,-3.0818
603350.SH,20260608,30.37,30.78,29.89,30.49,10816,32913.184,-0.5869
603351.SH,20260608,24.73,25.79,24.73,25.0,10567,26683.948,-1.8453
603352.SH,20260608,30.05,30.31,29.23,29.37,16028,47624.3,-3.229
603353.SH,20260608,41.0,42.49,39.78,40.51,50719,207375.785,-6.8736
603355.SH,20260608,25.18,25.96,24.73,25.0,17318,43603.626,-2.2674
603356.SH,20260608,17.32,18.7,17.08,17.78,57541,103745.15,0.169
603357.SH,20260608,6.83,6.9,6.68,6.79,39895,27121.564,-1.7366
603358.SH,20260608,37.3,38.29,37.0,37.85,93085,350257.74,-1.5861
603359.SH,20260608,2.75,2.93,2.74,2.8,109050,30933.817,-2.0979
603360.SH,20260608,19.91,20.29,18.77,18.9,219707,425752.61,-6.5282
603363.SH,20260608,2.94,3.02,2.86,2.9,316811,92845.517,-2.3569
603365.SH,20260608,18.0,18.36,17.75,17.92,19967,35843.394,-2.6616
603366.SH,20260608,7.0,7.15,6.87,6.92,101984,71169.794,-3.4868
603367.SH,20260608,13.36,13.52,13.1,13.22,47639,63357.144,-1.7831
603368.SH,20260608,16.2,16.5,15.99,16.12,39181,63588.354,-1.3464
603369.SH,20260608,25.9,26.29,25.41,25.58,103822,267110.272,-1.3498
603370.SH,20260608,41.61,42.4,41.04,41.4,7884,32818.045,-2.8169
603373.SH,20260608,33.34,35.3,33.16,34.07,31194,107089.899,-3.6482
603375.SH,20260608,44.8,46.73,43.15,44.16,29999,134277.37,-6.4209
603376.SH,20260608,27.3,27.48,26.43,26.53,10726,28944.244,-4.7055
603377.SH,20260608,3.65,3.65,3.53,3.62,44278,15872.971,0.0
603378.SH,20260608,5.55,5.9,5.4,5.9,176590,102446.613,4.9822
603379.SH,20260608,58.66,61.81,57.58,58.0,116978,694873.945,-3.7185
603380.SH,20260608,33.0,36.5,33.0,35.18,38915,137322.566,-1.0129
603381.SH,20260608,17.91,18.21,17.06,17.37,53501,94400.366,-5.8537
603382.SH,20260608,21.0,21.06,20.07,20.29,11086,22822.25,-4.9203
603383.SH,20260608,29.3,30.23,29.05,29.43,45526,134863.89,-1.9327
603385.SH,20260608,5.55,5.8,5.45,5.53,42762,23913.224,-3.6585
603386.SH,20260608,16.4,18.4,16.4,17.71,264296,471382.073,-0.0564
603387.SH,20260608,8.35,8.5,8.08,8.2,81224,66936.684,-3.4158
603389.SH,20260608,58.1,59.4,57.74,57.86,10117,58982.728,-3.903
603390.SH,20260608,11.84,12.16,11.58,11.82,69488,82488.825,-3.2733
603391.SH,20260608,53.56,55.87,53.36,54.66,8098,44198.755,-2.4277
603392.SH,20260608,33.4,33.47,31.65,32.1,47907,155404.886,-4.4358
603393.SH,20260608,26.58,27.2,26.16,26.3,69859,185296.85,-1.6822
603395.SH,20260608,22.88,23.03,21.9,22.3,31139,69663.034,-2.7475
603396.SH,20260608,30.0,30.49,28.6,29.12,33725,99583.588,-4.8055
603398.SH,20260608,13.46,14.19,13.46,13.74,66015,91357.932,-1.0086
603399.SH,20260608,16.6,17.86,16.54,16.97,666985,1144267.055,-1.794
603400.SH,20260608,65.5,66.67,61.5,62.41,14354,91590.863,-8.4629
603402.SH,20260608,93.78,95.92,91.0,93.43,9659,90119.478,-1.725
603406.SH,20260608,28.89,29.33,27.88,28.13,10348,29489.79,-3.9932
603407.SH,20260608,53.28,54.88,50.98,51.36,41452,218401.514,-8.7096
603408.SH,20260608,10.12,10.18,9.78,9.89,24139,23982.186,-2.7532
603409.SH,20260608,38.78,39.85,37.7,38.22,14809,57322.942,-5.6296
603416.SH,20260608,57.6,60.12,57.35,58.8,42873,252459.442,-1.0434
603418.SH,20260608,48.06,49.93,48.06,48.97,11922,58607.331,-2.7601
603421.SH,20260608,6.95,7.07,6.73,6.82,95092,65465.717,-3.6723
603429.SH,20260608,9.3,9.63,9.1,9.57,50941,47695.039,4.3621
603435.SH,20260608,78.93,81.78,75.8,76.48,85484,667998.541,-7.9774
603439.SH,20260608,16.0,16.64,15.76,16.1,235027,379531.025,-5.2941
603444.SH,20260608,329.0,339.99,323.71,324.41,16135,532599.035,-3.1525
603456.SH,20260608,12.21,12.41,12.11,12.2,115226,141059.913,-1.2146
603458.SH,20260608,13.4,13.63,12.85,13.31,196035,259234.183,-3.7599
603459.SH,20260608,89.8,95.19,89.8,90.18,140391,1292731.156,-8.4281
603466.SH,20260608,11.23,12.65,11.18,12.12,948565,1144396.515,4.8443
603477.SH,20260608,14.1,14.84,13.99,14.01,106971,152542.024,-3.5124
603486.SH,20260608,57.62,61.58,57.3,61.29,107954,648061.716,4.0224
603488.SH,20260608,11.75,12.88,11.51,12.6,312700,389454.904,4.2184
603489.SH,20260608,32.85,33.72,32.0,32.5,29055,95191.042,-3.903
603496.SH,20260608,21.88,22.59,21.27,21.65,96907,211912.293,-4.7095
603499.SH,20260608,17.62,17.76,16.59,16.83,47909,81972.145,-6.396
603500.SH,20260608,13.0,13.45,12.94,13.45,562494,750367.581,9.9755
603501.SH,20260608,91.5,93.35,91.0,92.02,227992,2103382.986,-3.5329
603505.SH,20260608,17.8,18.8,17.51,17.66,238403,430044.821,-3.6552
603506.SH,20260608,10.95,11.24,10.61,10.84,36519,39944.231,-2.0777
603507.SH,20260608,35.57,36.26,34.38,34.93,65805,231499.835,-4.2751
603508.SH,20260608,22.11,22.32,21.73,22.08,38625,85132.439,-1.0309
603511.SH,20260608,12.7,13.03,12.5,12.69,14657,18691.814,-2.7586
603515.SH,20260608,18.48,18.81,18.34,18.51,13065,24148.773,-1.5949
603516.SH,20260608,135.02,137.37,128.85,129.33,178948,2383405.088,-4.2142
603517.SH,20260608,12.35,12.8,12.22,12.49,77564,97339.644,0.8071
603518.SH,20260608,8.4,8.56,8.23,8.31,55271,46332.617,-2.5791
603519.SH,20260608,12.41,12.63,12.22,12.29,31519,39086.738,-2.0717
603520.SH,20260608,9.57,9.92,9.4,9.51,195124,188371.648,-3.1568
603527.SH,20260608,12.67,13.72,12.53,12.8,176667,231029.609,-5.0445
603528.SH,20260608,6.87,7.06,6.66,6.75,136684,93849.984,-2.1739
603529.SH,20260608,21.32,21.5,20.83,21.21,59683,126291.502,-1.6234
603530.SH,20260608,52.0,53.0,51.0,52.06,32308,167871.887,-3.1622
603533.SH,20260608,22.71,23.22,21.81,21.97,266170,597463.827,-7.5726
603535.SH,20260608,6.8,7.1,6.75,6.86,56104,38777.873,-0.4354
603536.SH,20260608,9.2,9.32,8.83,8.96,53206,48207.902,-2.6087
603538.SH,20260608,39.01,40.79,37.85,38.84,243164,956765.2,-2.0676
603551.SH,20260608,10.75,10.75,10.11,10.41,60211,62125.146,-3.2528
603556.SH,20260608,24.0,24.18,23.04,23.35,50907,120204.431,-4.4599
603557.SH,20260608,4.57,4.77,4.57,4.63,49538,23042.588,-3.5417
603558.SH,20260608,11.78,12.05,11.69,11.71,41794,49534.428,-0.4252
603559.SH,20260608,8.15,8.92,8.15,8.52,79228,67268.77,0.1175
603565.SH,20260608,9.7,9.78,9.11,9.24,256092,239845.342,-5.618
603566.SH,20260608,10.35,10.49,10.12,10.23,30823,31750.559,-1.9175
603567.SH,20260608,6.91,7.05,6.58,6.61,159671,108209.677,-5.5714
603568.SH,20260608,14.99,15.9,14.9,15.87,228444,354657.452,5.8706
603569.SH,20260608,5.94,6.07,5.73,5.82,61400,36045.842,-3.0
603577.SH,20260608,9.63,9.85,9.33,9.57,45500,43643.059,-2.645
603578.SH,20260608,15.63,15.63,14.42,14.47,93415,139611.836,-6.7054
603579.SH,20260608,18.52,18.9,18.15,18.48,25491,47185.099,-1.9108
603580.SH,20260608,21.92,23.24,21.36,22.46,7549,17061.722,-0.089
603583.SH,20260608,25.9,26.51,25.42,25.87,92510,240688.076,-0.9192
603585.SH,20260608,15.15,15.45,14.7,14.87,39032,58724.732,-4.373
603586.SH,20260608,17.13,17.87,17.13,17.73,34335,60342.109,0.7386
603587.SH,20260608,12.13,12.45,12.08,12.15,17052,20888.38,-2.1739
603588.SH,20260608,12.7,13.38,12.68,13.01,635804,826942.583,-4.056
603589.SH,20260608,20.2,20.59,19.7,19.88,67449,135317.884,-2.069
603590.SH,20260608,29.51,30.36,29.13,29.44,26917,79931.457,-3.2852
603595.SH,20260608,22.46,24.24,22.46,23.72,27437,64799.708,0.3384
603596.SH,20260608,29.03,29.86,28.75,29.08,284074,829675.356,-5.6457
603598.SH,20260608,19.99,21.35,19.83,20.83,186728,388199.733,-0.9981
603599.SH,20260608,11.15,11.2,10.68,10.76,128389,139413.974,-3.5842
603600.SH,20260608,10.1,10.21,9.72,9.87,59465,58962.993,-3.8012
603601.SH,20260608,15.51,16.16,14.84,15.15,2094574,3256066.621,-8.1261
603602.SH,20260608,12.97,13.31,12.7,13.0,51495,66842.451,-1.8127
603605.SH,20260608,66.64,66.89,64.45,66.53,84217,555713.105,1.1402
603606.SH,20260608,39.45,40.55,38.21,38.92,135791,532394.984,-3.2082
603607.SH,20260608,21.68,22.22,21.38,21.65,42749,93052.46,-1.5014
603608.SH,20260608,20.1,22.26,19.9,21.35,409454,870580.706,3.1899
603609.SH,20260608,6.13,6.28,6.03,6.1,28032,17268.062,-1.454
603610.SH,20260608,18.5,18.7,17.23,17.36,153864,275549.025,-7.7577
603611.SH,20260608,18.25,18.61,18.01,18.18,30743,56303.336,-1.2493
603612.SH,20260608,20.03,20.25,19.4,19.95,173941,345579.656,-1.9174
603613.SH,20260608,22.46,22.75,21.77,21.9,111638,247160.482,-4.5752
603615.SH,20260608,18.5,18.85,17.86,18.11,42500,77768.948,-5.5787
603616.SH,20260608,6.63,6.63,6.63,6.63,89490,59332.102,9.9502
603617.SH,20260608,7.17,7.3,6.98,7.11,85270,60899.786,-2.4691
603618.SH,20260608,38.97,42.04,38.5,39.3,726997,2929069.794,-5.778
603619.SH,20260608,25.67,26.49,25.57,25.96,264312,687454.889,2.245
603626.SH,20260608,22.3,25.33,22.16,23.99,588594,1432183.199,4.1685
603628.SH,20260608,10.3,10.53,9.98,10.09,45219,46168.045,-4.4508
603629.SH,20260608,162.34,166.98,162.34,162.34,80674,1311496.678,-10.0011
603630.SH,20260608,13.6,13.8,12.83,13.01,50948,67227.294,-4.2678
603633.SH,20260608,8.38,8.69,8.07,8.17,259094,216791.038,-6.3073
603636.SH,20260608,8.7,8.91,8.5,8.61,133458,116157.455,-4.0134
603637.SH,20260608,17.45,18.98,17.12,17.94,149285,270423.538,-0.1114
603638.SH,20260608,22.63,24.08,22.5,23.57,236216,555619.321,1.7703
603639.SH,20260608,10.82,10.91,10.76,10.83,13152,14236.261,-1.2762
603648.SH,20260608,8.84,9.05,8.66,8.78,29673,26224.422,-1.7897
603650.SH,20260608,51.72,53.58,51.71,51.96,138304,728542.129,-5.2171
603655.SH,20260608,35.0,36.4,33.45,34.15,18409,63933.047,-6.1813
603656.SH,20260608,19.12,19.12,18.32,18.71,61793,115026.566,-2.6028
603657.SH,20260608,24.52,25.59,24.02,24.52,19709,48825.316,-4.5171
603658.SH,20260608,30.62,31.05,29.95,30.2,26449,80409.041,-2.8939
603659.SH,20260608,26.84,27.57,26.33,26.95,391087,1053140.297,-2.3904
603660.SH,20260608,11.37,11.62,10.91,11.18,205469,231395.939,-3.9519
603661.SH,20260608,33.21,34.4,32.38,32.99,47530,158256.374,-4.8731
603662.SH,20260608,63.73,69.9,63.73,69.9,226518,1549894.964,5.5254
603663.SH,20260608,60.06,65.72,60.06,63.45,166584,1052549.399,-2.7884
603665.SH,20260608,26.13,27.56,26.13,26.69,31444,84546.507,-0.187
603666.SH,20260608,28.01,29.4,27.79,28.47,59109,169713.853,-1.2144
603667.SH,20260608,70.7,76.17,70.63,74.59,381016,2845805.991,0.3363
603668.SH,20260608,10.79,11.0,10.46,10.6,57376,61330.295,-4.1591
603669.SH,20260608,4.03,4.48,4.01,4.48,416379,182851.779,10.0737
603676.SH,20260608,8.81,9.05,8.73,8.84,19225,17086.103,-1.559
603677.SH,20260608,15.6,16.27,15.21,15.94,33648,53489.587,-0.1253
603678.SH,20260608,58.01,65.8,56.68,56.68,638165,3834039.972,-10.0032
603679.SH,20260608,15.9,17.6,15.9,16.72,87905,147550.934,1.3333
603680.SH,20260608,11.32,11.73,11.18,11.35,43759,50094.422,-2.9085
603681.SH,20260608,21.55,23.04,21.55,22.2,304520,676546.009,-7.2682
603682.SH,20260608,8.4,8.73,8.33,8.4,105524,89292.42,-2.439
603683.SH,20260608,33.84,34.58,32.31,32.82,240961,804308.951,-3.0715
603685.SH,20260608,32.3,33.0,31.86,31.86,27302,88127.812,-4.6393
603686.SH,20260608,14.6,15.22,14.38,14.57,110688,162957.058,-3.5099
603687.SH,20260608,17.95,18.96,17.84,18.24,369473,674062.156,-2.4599
603688.SH,20260608,64.45,73.39,64.45,67.93,412600,2852401.897,-2.2449
603689.SH,20260608,7.85,7.93,7.69,7.75,48834,38061.636,-2.0228
603690.SH,20260608,25.01,26.79,25.01,25.96,184231,480278.705,-0.3072
603693.SH,20260608,14.7,15.19,14.26,14.48,175020,256171.457,-5.4213
603696.SH,20260608,13.2,13.7,12.62,12.76,72967,95603.165,-2.4465
603697.SH,20260608,10.47,10.83,10.18,10.33,56896,59505.084,-3.2772
603698.SH,20260608,32.0,33.45,31.35,31.51,160170,518412.742,-5.0045
603699.SH,20260608,55.86,57.99,54.25,54.74,59595,330844.141,-5.3105
603700.SH,20260608,11.61,11.9,11.26,11.44,80236,93097.319,-2.2222
603701.SH,20260608,22.2,24.5,22.19,23.87,133576,318582.815,4.0087
603703.SH,20260608,12.8,13.4,12.09,12.23,261022,330377.491,-6.0676
603706.SH,20260608,21.92,22.27,21.43,21.76,16675,36416.097,-2.8138
603707.SH,20260608,7.9,8.0,7.63,7.89,135392,105578.315,-1.8657
603708.SH,20260608,9.73,10.0,9.47,9.51,55372,53552.459,-2.261
603709.SH,20260608,15.76,16.28,15.2,15.49,22033,34580.686,-3.4891
603711.SH,20260608,13.1,13.31,12.6,12.79,50810,65661.883,-4.6234
603712.SH,20260608,14.0,14.26,13.56,13.6,104480,144889.265,-4.6283
603713.SH,20260608,51.2,52.22,48.9,49.48,42304,211445.463,-5.7703
603716.SH,20260608,15.92,16.75,15.7,15.95,95251,154614.903,-1.7857
603717.SH,20260608,6.64,6.86,6.5,6.65,112838,75327.982,-1.6272
603718.SH,20260608,3.3,3.38,3.22,3.3,82901,27215.416,-2.0772
603719.SH,20260608,9.36,9.7,9.24,9.4,52408,49476.636,-2.4896
603721.SH,20260608,20.22,21.06,19.4,19.63,53952,108838.064,-3.3957
603722.SH,20260608,34.52,34.9,33.5,34.45,15672,53714.288,-2.4908
603725.SH,20260608,12.2,12.92,12.2,12.69,278008,350161.83,-1.1682
603726.SH,20260608,24.91,25.33,24.0,24.41,41870,103249.323,-5.0933
603727.SH,20260608,14.3,14.74,14.09,14.3,32933,47202.04,-1.0381
603728.SH,20260608,63.38,67.92,63.37,67.45,187770,1254646.652,2.4765
603729.SH,20260608,12.64,12.91,12.33,12.54,10642,13409.778,-3.3153
603730.SH,20260608,11.9,13.28,11.75,13.09,559866,715439.309,7.0319
603733.SH,20260608,25.81,26.5,25.35,25.99,115658,299128.552,-0.7637
603737.SH,20260608,29.0,29.32,27.72,27.9,87297,247829.029,-4.8756
603738.SH,20260608,41.75,43.76,41.75,43.02,318058,1363660.673,-3.3041
603739.SH,20260608,12.43,12.64,12.27,12.36,25838,32188.276,-2.4467
603755.SH,20260608,24.48,24.93,23.95,24.43,10705,26166.546,-2.0842
603757.SH,20260608,50.5,53.96,50.49,51.93,71522,374372.602,-4.1528
603758.SH,20260608,10.6,10.8,10.26,10.42,38650,40751.114,-3.5185
603759.SH,20260608,7.74,7.89,7.56,7.69,35760,27582.91,-2.4112
603766.SH,20260608,13.02,13.02,12.3,12.75,195155,247946.394,1.0301
603767.SH,20260608,17.0,17.75,16.85,17.35,102083,176805.514,-1.5882
603768.SH,20260608,10.95,11.25,10.72,10.9,45333,49900.668,-2.6786
603773.SH,20260608,129.76,144.05,125.8,136.5,377372,5178221.052,3.0967
603776.SH,20260608,19.67,20.24,19.09,19.21,55481,108680.486,-5.5556
603777.SH,20260608,16.45,16.98,16.13,16.75,70888,117602.416,-1.7019
603778.SH,20260608,18.9,18.95,18.03,18.95,406691,761930.194,9.9826
603779.SH,20260608,8.35,8.81,8.1,8.26,341592,288022.707,-4.6189
603786.SH,20260608,46.44,47.42,45.71,46.61,30720,143297.29,-1.6252
603787.SH,20260608,9.96,10.16,9.76,9.91,38018,37918.63,-2.7478
603788.SH,20260608,14.98,15.32,14.85,14.97,21859,32967.589,-1.7717
603789.SH,20260608,5.59,5.7,5.43,5.46,33363,18489.413,-4.3783
603790.SH,20260608,26.4,26.87,25.43,25.55,69308,179909.282,-6.1007
603797.SH,20260608,4.17,4.3,4.1,4.19,55139,23186.099,-1.8735
603798.SH,20260608,15.47,15.96,15.03,15.06,76263,117445.336,-6.0512
603799.SH,20260608,48.12,48.86,46.13,46.72,648628,3082987.922,-6.4852
603800.SH,20260608,72.96,76.68,70.13,72.88,124310,911977.113,-4.7943
603801.SH,20260608,6.91,6.98,6.75,6.84,36735,25146.364,-2.4251
603803.SH,20260608,12.3,12.83,12.07,12.29,232307,289448.092,-6.1832
603806.SH,20260608,16.52,17.01,15.95,16.01,551971,904020.232,-7.1346
603808.SH,20260608,8.95,9.23,8.75,8.93,60088,53805.729,-1.7602
603809.SH,20260608,9.98,10.39,9.95,10.28,171218,175736.083,0.5871
603810.SH,20260608,12.44,13.0,12.35,12.65,29885,37884.315,-2.0898
603811.SH,20260608,10.66,10.75,10.36,10.45,33752,35553.147,-2.881
603813.SH,20260608,34.6,37.01,34.52,36.82,10961,40038.21,4.4539
603815.SH,20260608,5.69,6.04,5.69,5.84,109723,64719.657,-1.3514
603816.SH,20260608,27.33,27.73,27.01,27.5,57823,158512.343,-0.6144
603817.SH,20260608,6.04,6.11,5.87,5.97,78452,46959.677,-2.6101
603818.SH,20260608,3.02,3.12,2.9,2.99,175018,52783.874,-3.8585
603819.SH,20260608,12.0,12.4,11.9,12.08,58266,70780.205,-2.7375
603822.SH,20260608,77.7,80.54,76.1,79.77,8673,68555.236,1.6178
603823.SH,20260608,28.48,32.58,28.48,32.58,265243,830337.245,9.9932
603825.SH,20260608,7.99,8.13,7.88,7.95,17434,13924.931,-2.3342
603826.SH,20260608,29.29,31.31,29.1,29.8,99484,299704.746,0.1681
603828.SH,20260608,5.24,5.43,5.02,5.2,33200,17430.544,-0.7634
603829.SH,20260608,19.98,21.09,18.97,19.43,46642,92467.732,-5.358
603833.SH,20260608,36.0,36.39,34.91,35.3,45473,160926.67,-2.4862
603836.SH,20260608,12.15,12.76,11.95,12.2,29435,36298.743,-3.0207
603838.SH,20260608,8.51,8.79,8.33,8.5,8621,7361.662,-1.3921
603839.SH,20260608,6.68,7.24,6.63,6.81,69373,47926.907,0.4425
603843.SH,20260608,8.3,8.43,8.14,8.43,101569,84968.48,4.9813
603848.SH,20260608,14.5,14.51,14.01,14.12,17640,25145.113,-3.42
603855.SH,20260608,18.0,18.0,17.52,17.67,24307,43184.042,-2.6446
603856.SH,20260608,11.91,12.59,11.84,12.33,88951,108227.711,1.9008
603858.SH,20260608,14.9,15.12,14.6,14.79,57550,85231.664,-1.7276
603859.SH,20260608,45.45,49.87,45.45,49.87,391057,1917113.653,9.9912
603860.SH,20260608,27.12,27.83,26.2,26.88,16563,44718.427,-2.2545
603861.SH,20260608,17.36,19.09,17.36,18.3,391133,722452.304,1.7232
603863.SH,20260608,15.73,15.95,15.45,15.79,48945,76821.687,-0.3785
603866.SH,20260608,4.59,4.62,4.43,4.47,96340,43439.156,-2.6144
603867.SH,20260608,36.38,38.68,36.15,37.72,97638,366312.497,1.0447
603868.SH,20260608,32.91,34.49,32.5,33.48,21614,72956.925,-0.6823
603869.SH,20260608,9.56,9.57,9.25,9.26,14024,13094.404,-4.9281
603871.SH,20260608,12.0,12.36,11.96,12.2,118332,144199.627,-0.4082
603876.SH,20260608,24.42,25.35,23.47,23.55,374002,897371.034,-6.0255
603877.SH,20260608,12.35,14.06,12.31,14.06,53128,71773.047,10.0156
603878.SH,20260608,6.26,6.36,5.97,6.03,152947,94267.204,-6.6563
603879.SH,20260608,4.89,5.06,4.71,4.8,89517,43608.186,-3.8076
603880.SH,20260608,7.52,8.07,7.52,7.85,71244,56104.027,-1.2579
603881.SH,20260608,34.3,35.5,34.06,34.19,257782,893301.16,-5.6307
603882.SH,20260608,23.68,24.12,23.19,23.41,45811,108220.638,-2.5396
603883.SH,20260608,11.86,11.97,11.52,11.69,77779,91135.443,-1.5164
603885.SH,20260608,10.67,10.7,10.11,10.21,335937,348178.141,-6.3303
603886.SH,20260608,11.8,11.99,11.25,11.27,145266,167641.65,-7.5472
603887.SH,20260608,11.32,11.69,10.91,11.06,145502,163820.411,-5.2271
603888.SH,20260608,20.31,20.94,19.24,19.5,490149,985891.723,1.2987
603889.SH,20260608,5.78,5.83,5.68,5.75,129883,74757.179,-2.2109
603890.SH,20260608,28.88,29.4,28.12,28.12,631532,1787361.152,-9.9872
603893.SH,20260608,165.0,168.0,161.0,163.7,124289,2047990.009,-5.5014
603895.SH,20260608,32.67,33.43,32.12,32.66,22275,72705.105,-1.2696
603896.SH,20260608,15.8,15.92,15.45,15.85,26021,40937.533,-0.9375
603897.SH,20260608,41.49,46.38,40.8,43.15,137568,607052.454,2.3482
603898.SH,20260608,12.5,12.67,12.27,12.54,21164,26360.757,0.1597
603899.SH,20260608,21.9,22.36,21.47,22.2,57561,125904.435,0.1353
603900.SH,20260608,6.42,6.55,6.2,6.34,62341,39833.974,-2.9096
603901.SH,20260608,10.95,11.2,10.81,10.95,97860,107455.636,-1.7056
603903.SH,20260608,12.34,12.44,11.82,11.97,83240,100621.104,-3.1553
603906.SH,20260608,23.1,24.1,22.68,22.99,201044,468592.306,-4.1684
603908.SH,20260608,19.65,20.5,19.3,19.77,15707,31161.388,-2.3704
603909.SH,20260608,9.81,10.02,9.41,9.72,26295,25531.124,-2.994
603912.SH,20260608,8.5,8.82,8.31,8.47,184010,157264.953,-5.5741
603915.SH,20260608,16.09,17.02,16.01,16.52,199489,330637.086,0.5478
603916.SH,20260608,13.03,13.88,12.52,12.74,175496,230887.534,-4.7833
603917.SH,20260608,12.0,12.41,11.86,12.16,60609,73626.731,-0.1642
603918.SH,20260608,10.71,11.1,10.66,10.91,68781,74860.057,-1.4453
603919.SH,20260608,18.61,19.78,18.48,18.8,115952,221277.341,-1.3641
603920.SH,20260608,58.8,61.02,57.68,57.75,290166,1715074.807,-5.7143
603922.SH,20260608,15.01,15.65,14.8,14.96,24849,37743.343,-2.2222
603926.SH,20260608,20.8,21.29,20.4,20.62,61446,127967.738,-3.0559
603927.SH,20260608,14.6,14.86,14.46,14.65,72897,106774.981,-1.0135
603928.SH,20260608,14.59,15.1,14.08,14.34,40121,58222.661,-4.0161
603929.SH,20260608,166.25,187.1,166.25,187.1,101144,1868394.421,10.0006
603931.SH,20260608,55.08,59.61,54.01,56.66,69640,394847.441,-1.9384
603933.SH,20260608,22.89,23.76,22.38,22.84,64793,149307.714,-4.4351
603936.SH,20260608,19.68,21.37,19.65,20.6,442921,916290.576,-3.9179
603937.SH,20260608,13.7,14.15,13.39,13.66,68727,94679.992,-4.9408
603938.SH,20260608,50.7,54.47,47.99,52.19,454633,2343585.949,-1.1927
603939.SH,20260608,19.81,20.49,19.7,20.49,181288,364432.217,2.9648
603948.SH,20260608,24.0,24.08,22.81,23.19,14168,33148.465,-4.1339
603949.SH,20260608,15.0,15.7,15.0,15.32,25315,38903.91,-1.5424
603950.SH,20260608,61.25,65.68,61.24,62.09,60581,381948.708,-3.9152
603955.SH,20260608,22.6,24.73,22.5,23.97,42876,103561.535,3.9462
603956.SH,20260608,5.08,5.16,4.91,4.98,143321,72078.431,-4.5977
603958.SH,20260608,19.8,20.01,19.0,19.56,49243,96337.934,-2.2977
603959.SH,20260608,3.94,4.1,3.88,3.95,102554,40847.071,-2.4691
603960.SH,20260608,21.2,22.47,21.1,21.71,107044,233006.464,0.2308
603966.SH,20260608,8.86,9.1,8.74,8.82,94482,84092.717,-2.5414
603967.SH,20260608,12.38,12.48,12.03,12.21,26813,32795.563,-2.32
603968.SH,20260608,10.55,11.05,10.49,10.66,52710,56648.647,-1.5697
603969.SH,20260608,7.94,8.12,7.67,7.77,135690,106410.661,-4.3103
603970.SH,20260608,11.21,11.45,10.92,11.14,20557,22993.897,-1.677
603976.SH,20260608,21.87,23.03,21.63,22.89,58812,133142.698,2.3703
603977.SH,20260608,14.18,14.5,13.28,13.3,332027,455497.486,-9.8305
603978.SH,20260608,25.51,26.2,24.21,24.99,106067,267356.919,-6.5794
603979.SH,20260608,67.79,68.58,65.21,66.14,93080,623215.142,-7.5611
603980.SH,20260608,5.68,5.83,5.53,5.59,154658,87738.037,-2.9514
603982.SH,20260608,6.52,6.74,6.42,6.55,64780,42622.58,-2.3845
603983.SH,20260608,22.52,23.18,21.66,22.28,21338,47749.747,-2.9617
603985.SH,20260608,22.26,23.55,22.02,22.43,161983,367982.099,-4.1453
603986.SH,20260608,461.11,490.7,451.0,474.01,434475,20573934.017,-2.8668
603987.SH,20260608,7.15,7.31,6.98,7.11,43632,31029.72,-1.931
603988.SH,20260608,19.83,20.09,19.15,19.33,50903,99583.559,-4.3543
603989.SH,20260608,33.23,35.9,31.95,31.95,256268,856351.337,-10.0
603990.SH,20260608,21.6,22.63,21.16,21.36,267412,579802.024,-5.737
603991.SH,20260608,101.0,104.76,99.5,101.3,20815,211858.058,-4.954
603992.SH,20260608,32.33,32.73,30.72,31.39,94309,296588.616,-4.2404
603993.SH,20260608,17.1,17.45,16.66,16.89,2744704,4683184.001,-7.1468
603995.SH,20260608,18.41,18.82,17.92,18.13,68568,125718.969,-4.0741
603997.SH,20260608,14.35,14.74,14.17,14.17,235097,338371.374,-3.4741
603998.SH,20260608,9.59,9.8,9.52,9.65,56136,54184.804,-0.3099
603999.SH,20260608,5.58,5.74,5.46,5.56,78613,43924.376,-2.1127
605001.SH,20260608,6.25,6.42,6.09,6.16,54190,33962.815,-2.3772
605003.SH,20260608,23.22,23.95,22.75,23.27,10232,23843.799,-2.4728
605005.SH,20260608,16.12,16.32,15.86,16.01,27111,43557.713,-1.4769
605006.SH,20260608,16.72,18.7,16.72,17.41,526745,928924.653,-5.329
605007.SH,20260608,13.1,13.34,12.71,12.86,37149,48385.047,-3.5259
605008.SH,20260608,10.75,10.88,10.2,10.58,26246,27578.916,-2.4885
605009.SH,20260608,24.25,24.62,23.62,24.02,13908,33466.058,-1.7989
605011.SH,20260608,20.4,20.79,19.5,19.8,66192,132745.818,-4.6243
605016.SH,20260608,23.4,24.55,23.26,24.02,45516,109878.437,0.6706
605018.SH,20260608,16.98,18.18,16.78,17.97,300100,526836.719,1.9864
605020.SH,20260608,33.15,34.98,32.48,32.77,268356,895751.04,-4.9042
605028.SH,20260608,21.69,21.77,20.8,21.25,15128,32216.215,-3.1008
605033.SH,20260608,19.28,19.47,18.53,18.88,22739,43274.423,-3.0801
605050.SH,20260608,10.66,10.72,10.28,10.44,29802,31217.923,-2.7027
605055.SH,20260608,11.3,11.51,11.01,11.23,69004,77660.307,-2.3478
605056.SH,20260608,19.15,19.56,18.42,18.73,61774,116969.351,-3.2041
605058.SH,20260608,35.25,37.68,35.17,36.28,49646,180267.484,-2.4731
605060.SH,20260608,47.75,49.55,46.68,47.2,53238,256040.707,-5.2209
605066.SH,20260608,6.7,6.8,6.44,6.53,137761,91121.394,-4.2522
605068.SH,20260608,21.84,21.84,20.12,20.45,33206,69354.449,-8.3371
605069.SH,20260608,11.13,11.27,10.1,10.31,73714,77937.525,-6.9495
605077.SH,20260608,13.16,13.28,12.55,12.81,126628,163405.177,-5.878
605080.SH,20260608,21.62,21.95,20.78,21.05,23827,50654.657,-3.5731
605081.SH,20260608,1.01,1.01,0.1,0.4,249750,10479.438,-92.0477
605086.SH,20260608,27.86,28.49,26.98,27.6,22933,63628.355,-4.8604
605088.SH,20260608,33.0,33.64,32.6,32.86,37554,123957.572,-0.8748
605089.SH,20260608,21.15,21.8,20.81,21.17,9664,20540.374,-2.9344
605090.SH,20260608,36.2,37.47,35.9,36.08,108904,397077.668,-3.9404
605098.SH,20260608,53.09,57.97,53.09,56.72,17737,98811.038,4.3606
605099.SH,20260608,38.1,40.64,37.8,39.35,41857,164834.029,1.1828
605100.SH,20260608,33.33,33.89,31.86,33.0,44975,147999.366,-3.4805
605108.SH,20260608,13.01,13.23,12.71,12.75,27581,35629.307,-2.8201
605111.SH,20260608,56.49,59.0,55.1,56.35,213389,1220201.866,-6.2084
605116.SH,20260608,18.87,19.0,18.15,18.37,31552,58396.37,-2.9583
605117.SH,20260608,101.66,105.49,100.77,102.17,160660,1645028.839,-2.6118
605118.SH,20260608,34.16,34.2,32.37,32.92,25715,85619.283,-4.9654
605122.SH,20260608,12.56,12.95,12.31,12.55,29833,37685.101,-2.7885
605123.SH,20260608,101.0,104.8,97.9,97.98,48799,490151.963,-5.7703
605128.SH,20260608,22.31,23.71,21.9,23.39,88473,205210.071,3.8632
605133.SH,20260608,32.48,35.49,32.32,34.44,130954,448990.827,-3.7182
605136.SH,20260608,8.79,9.03,8.53,8.69,83295,72879.63,-3.0134
605138.SH,20260608,6.64,6.73,6.38,6.49,40431,26504.739,-3.7092
605151.SH,20260608,20.0,21.0,19.81,20.16,23853,48593.747,-3.402
605155.SH,20260608,13.95,14.02,13.3,13.51,26005,35558.169,-4.3201
605158.SH,20260608,6.58,6.68,6.31,6.38,47929,31079.232,-4.3478
605162.SH,20260608,11.78,12.02,11.07,11.07,407389,465319.692,-10.0
605166.SH,20260608,10.05,10.29,9.43,9.66,149799,146770.66,-7.1154
605167.SH,20260608,14.44,14.46,13.98,14.28,53430,76097.005,-2.3256
605168.SH,20260608,45.02,48.07,45.02,47.04,61439,288944.468,-0.339
605169.SH,20260608,10.93,11.23,10.8,11.01,26296,28872.586,-0.9892
605177.SH,20260608,22.0,22.3,20.44,20.44,50873,107593.152,-9.9956
605178.SH,20260608,59.31,66.18,59.31,63.35,26079,166254.952,-3.8695
605179.SH,20260608,14.23,14.65,13.93,14.11,25865,36810.937,-2.4205
605180.SH,20260608,13.39,13.69,13.01,13.28,23420,31246.545,-3.4182
605183.SH,20260608,15.18,15.21,14.62,14.78,18051,26870.262,-3.0184
605186.SH,20260608,28.05,29.43,27.71,28.84,69720,200562.36,-0.1731
605188.SH,20260608,13.34,13.86,13.09,13.24,91840,123868.868,-2.5037
605189.SH,20260608,13.65,13.89,13.16,13.41,61595,83208.566,-4.2827
605196.SH,20260608,37.0,38.18,36.1,36.57,169896,627378.517,-6.59
605198.SH,20260608,52.27,57.37,51.42,57.14,32860,181231.916,5.5802
605199.SH,20260608,6.5,6.59,6.35,6.4,21266,13721.804,-2.5875
605208.SH,20260608,14.28,14.77,13.81,14.66,168688,242972.483,-0.1362
605218.SH,20260608,16.0,16.83,15.87,16.18,48271,78972.995,-4.1469
605222.SH,20260608,27.23,27.72,25.7,25.98,95759,254984.501,-7.3797
605228.SH,20260608,12.1,12.43,11.9,12.34,54403,66326.728,-1.201
605255.SH,20260608,76.0,81.97,75.5,77.14,12610,98732.403,-1.5192
605258.SH,20260608,32.45,33.47,31.7,32.57,34565,112398.285,-3.895
605259.SH,20260608,19.09,19.26,18.26,18.62,15934,29766.347,-3.1217
605266.SH,20260608,18.01,18.28,17.66,17.97,17509,31405.822,-1.2637
605268.SH,20260608,10.19,10.35,9.96,10.12,36211,36694.376,-2.4108
605277.SH,20260608,21.5,22.45,21.25,21.4,181748,394506.728,-5.6437
605286.SH,20260608,31.5,32.12,30.11,30.49,21470,66691.508,-4.7485
605287.SH,20260608,41.45,44.17,41.45,43.93,44803,193638.217,-0.3855
605288.SH,20260608,95.5,106.38,94.01,103.38,21552,221368.939,3.7431
605289.SH,20260608,100.0,108.36,100.0,104.5,42214,442313.056,-4.3478
605296.SH,20260608,25.01,25.74,24.31,24.6,25248,62702.974,-3.1496
605298.SH,20260608,52.0,53.0,51.1,51.9,13276,69021.573,-3.8889
605299.SH,20260608,16.33,17.3,15.7,15.79,200433,328151.507,-3.4841
605300.SH,20260608,9.45,9.63,9.18,9.24,43117,40396.289,-3.4483
605303.SH,20260608,27.13,28.49,26.82,27.32,62708,172694.942,-4.6422
605305.SH,20260608,37.75,38.88,37.11,37.73,46636,176718.042,-2.5568
605318.SH,20260608,95.48,102.0,93.5,96.33,34725,338765.907,-1.9841
605319.SH,20260608,26.71,28.32,26.6,28.2,89171,248450.166,1.8786
605333.SH,20260608,19.61,19.8,18.93,19.26,27281,52776.61,-2.7273
605336.SH,20260608,16.32,16.6,16.06,16.25,11590,18860.545,-1.9903
605337.SH,20260608,9.36,9.5,9.16,9.27,27208,25333.139,-2.2152
605338.SH,20260608,20.4,20.4,19.18,19.39,25995,51108.586,-5.0441
605339.SH,20260608,13.4,13.56,13.09,13.24,10175,13521.666,-1.8532
605358.SH,20260608,62.99,69.14,62.99,64.7,819524,5439830.955,-3.1002
605365.SH,20260608,16.62,16.98,16.05,16.28,66352,109130.465,-3.9528
605366.SH,20260608,10.37,10.6,9.98,10.1,234412,240701.293,-6.8266
605368.SH,20260608,7.03,7.08,6.89,6.95,32765,22875.006,-1.8362
605369.SH,20260608,16.96,17.5,16.46,16.65,18919,31866.021,-4.0899
605376.SH,20260608,166.8,181.0,165.96,173.0,161298,2804028.512,-3.0323
605377.SH,20260608,8.28,8.36,7.98,8.26,60234,49287.752,-1.5495
605378.SH,20260608,15.92,16.12,15.38,15.68,23215,36599.453,-3.3888
605388.SH,20260608,5.58,5.73,5.38,5.49,105850,58643.583,-3.3451
605389.SH,20260608,82.19,85.68,82.19,83.3,24933,208458.893,-1.9539
605398.SH,20260608,23.98,25.64,23.98,24.86,62987,155104.774,1.6769
605399.SH,20260608,12.8,12.87,12.08,12.23,51507,64044.088,-5.7781
605488.SH,20260608,33.3,37.09,33.28,36.81,152761,550756.796,5.2316
605499.SH,20260608,131.99,136.85,131.62,136.23,61641,826025.197,1.3691
605500.SH,20260608,7.14,7.4,7.04,7.1,97121,70121.943,-2.3384
605507.SH,20260608,15.82,15.99,15.53,15.7,38865,61025.387,-1.2579
605555.SH,20260608,16.14,16.24,15.59,16.05,90829,144757.214,-1.2308
605566.SH,20260608,40.36,43.37,40.33,42.97,76324,324333.924,-0.093
605567.SH,20260608,9.05,9.45,8.9,9.1,43534,39836.367,-2.1505
605577.SH,20260608,9.96,10.16,9.73,9.9,30667,30427.909,-2.3669
605580.SH,20260608,25.0,27.65,24.41,26.31,194442,511627.672,0.5734
605588.SH,20260608,50.53,51.96,48.81,49.52,23155,116656.915,-6.052
605589.SH,20260608,50.0,53.39,49.15,49.67,498489,2534076.527,-5.7495
605598.SH,20260608,40.11,41.89,38.55,38.93,50929,202152.52,-6.0796
605599.SH,20260608,15.3,15.54,15.01,15.16,53647,81821.134,-2.3825
688001.SH,20260608,62.5,66.49,62.1,63.58,131363,843391.93,-8.3862
688002.SH,20260608,118.6,120.78,114.52,116.98,105329,1236846.02,-3.1623
688003.SH,20260608,99.06,112.0,97.22,110.38,98842,1065608.466,5.1238
688004.SH,20260608,19.82,20.48,19.22,19.86,18390,36498.117,-2.6948
688005.SH,20260608,31.53,33.4,31.33,32.32,248711,806674.515,-0.4313
688006.SH,20260608,30.82,32.33,30.33,31.2,232682,727452.235,-1.4529
688007.SH,20260608,13.54,13.81,13.02,13.28,82822,110653.606,-3.6983
688008.SH,20260608,221.0,232.19,221.0,224.31,609373,13831005.9,-6.2993
688009.SH,20260608,4.97,5.06,4.93,5.05,478523,238916.278,0.5976
688010.SH,20260608,35.0,35.78,33.44,34.05,57252,198221.822,-7.0941
688011.SH,20260608,58.74,58.74,55.61,55.68,15503,88189.875,-4.3299
688012.SH,20260608,265.2,272.88,261.6,265.47,211047,5648274.843,-3.8152
688013.SH,20260608,27.25,28.21,26.85,27.25,8844,24365.923,-3.9478
688015.SH,20260608,17.43,17.57,16.63,16.93,15474,26444.546,-3.5877
688016.SH,20260608,97.36,98.48,96.07,97.5,14593,141899.437,-1.1156
688017.SH,20260608,375.54,450.2,375.45,428.25,290408,11949975.351,8.9695
688018.SH,20260608,114.0,117.72,110.69,115.01,84915,970246.156,-4.3576
688019.SH,20260608,255.0,268.24,255.0,259.78,50782,1331221.387,-4.8425
688020.SH,20260608,128.1,135.38,128.0,130.0,38440,505772.771,-5.5782
688021.SH,20260608,22.3,23.4,21.97,22.5,20503,46683.024,-3.4749
688022.SH,20260608,8.82,9.21,8.71,8.77,38363,34411.317,-1.9016
688023.SH,20260608,38.75,40.11,38.61,39.14,21885,85979.737,-2.15
688025.SH,20260608,343.99,364.48,343.99,349.09,55678,1966704.14,-6.6604
688026.SH,20260608,13.2,13.47,12.64,12.95,16835,21929.912,-3.4303
688027.SH,20260608,519.8,528.0,506.2,513.26,28597,1481887.547,-5.3375
688028.SH,20260608,106.26,116.1,106.26,109.99,59954,668096.321,-6.2479
688029.SH,20260608,71.8,74.48,70.3,71.25,16318,117422.925,-2.9292
688030.SH,20260608,15.9,16.66,15.77,16.21,29574,48090.753,-1.1585
688031.SH,20260608,127.0,141.21,125.63,132.62,123033,1650268.163,-1.3538
688032.SH,20260608,90.31,91.99,88.01,89.03,10859,97390.98,-3.7514
688033.SH,20260608,7.05,7.29,6.98,7.0,76983,54489.348,-3.1812
688035.SH,20260608,72.04,78.09,72.04,73.78,58831,440773.074,-4.8614
688036.SH,20260608,58.27,60.0,56.25,56.77,153908,886888.18,-6.3201
688037.SH,20260608,235.0,248.38,228.08,230.75,77242,1820273.894,-6.6508
688038.SH,20260608,17.57,20.17,17.57,19.28,54694,104990.776,6.9329
688039.SH,20260608,40.01,43.78,39.96,42.35,31228,132421.2,0.5938
688041.SH,20260608,260.49,267.5,255.84,259.7,316182,8283767.594,-5.2397
688045.SH,20260608,64.0,65.1,61.5,62.56,31641,200219.007,-8.6048
688046.SH,20260608,17.05,17.93,17.03,17.41,55561,97330.899,-1.2479
688047.SH,20260608,130.65,133.98,129.02,129.88,76170,1000197.436,-4.5561
688048.SH,20260608,340.0,353.31,330.01,334.0,124066,4235534.281,-9.3893
688049.SH,20260608,41.0,41.23,39.58,39.68,69672,281237.193,-6.4372
688050.SH,20260608,41.03,41.79,39.68,40.28,27695,111956.839,-2.7758
688051.SH,20260608,28.96,29.94,27.4,28.06,41330,116362.389,-8.748
688052.SH,20260608,225.0,235.18,219.99,223.63,42745,969313.799,-4.6313
688053.SH,20260608,37.86,39.17,37.55,37.74,8700,33191.401,-2.2786
688055.SH,20260608,5.1,5.4,4.87,4.97,437978,223176.553,-4.4231
688056.SH,20260608,45.81,52.89,44.52,46.29,76736,370567.148,-3.8829
688057.SH,20260608,13.62,13.95,13.16,13.51,40532,54805.485,-3.431
688058.SH,20260608,24.06,24.75,23.39,23.96,11865,28623.232,-1.3992
688059.SH,20260608,154.99,176.6,154.33,172.68,57250,967575.741,4.351
688060.SH,20260608,37.81,38.57,36.55,37.23,5516,20707.901,-2.0263
688061.SH,20260608,35.32,36.0,33.28,33.9,20806,71717.978,-6.4828
688062.SH,20260608,26.3,27.17,25.38,25.91,78095,204356.491,-2.594
688063.SH,20260608,57.75,58.71,54.69,55.4,93763,529292.549,-5.8143
688065.SH,20260608,43.79,45.2,42.73,43.99,71403,313274.925,-1.6104
688066.SH,20260608,12.9,13.25,12.57,12.99,64504,83213.313,-2.1837
688067.SH,20260608,22.52,23.95,22.19,22.66,14193,32558.726,-3.7792
688068.SH,20260608,80.6,83.8,77.03,79.27,20309,162533.417,-2.7362
688069.SH,20260608,48.63,53.87,48.01,52.56,41248,213690.512,3.9146
688070.SH,20260608,40.2,41.67,38.84,39.82,18381,74182.059,-1.9695
688071.SH,20260608,32.13,34.98,31.81,33.05,47613,159039.719,-2.7083
688072.SH,20260608,550.0,583.0,548.0,568.47,82503,4673938.314,-2.3751
688073.SH,20260608,47.76,47.76,45.32,45.92,11182,52027.061,-4.1136
688075.SH,20260608,32.89,33.03,31.76,31.78,3456,11176.292,-3.4043
688076.SH,20260608,28.68,28.9,28.2,28.21,18939,53878.368,-2.455
688077.SH,20260608,27.6,28.13,26.41,26.85,28316,77358.566,-4.7872
688078.SH,20260608,22.77,23.96,22.53,22.89,10160,23634.905,-1.8439
688079.SH,20260608,28.88,32.26,28.43,28.49,436778,1316738.915,-8.3923
688080.SH,20260608,40.0,43.58,39.81,41.5,26960,112620.157,1.7157
688081.SH,20260608,50.0,50.0,46.01,47.91,27472,132084.2,-6.8443
688082.SH,20260608,236.59,257.99,235.0,245.6,92908,2284200.691,-2.1514
688083.SH,20260608,53.96,66.71,53.77,66.71,162626,1033687.972,20.0036
688084.SH,20260608,50.0,51.38,47.91,48.09,21844,106822.87,-5.1853
688085.SH,20260608,14.16,14.42,13.66,13.87,32578,45474.113,-1.9788
688087.SH,20260608,37.39,38.87,36.01,37.35,28901,109100.125,0.9459
688088.SH,20260608,36.27,40.17,36.15,39.3,117000,452965.158,5.0521
688089.SH,20260608,12.52,12.65,11.9,12.1,31003,37910.765,-4.4234
688090.SH,20260608,104.04,111.91,102.2,104.8,91669,981578.657,-4.7186
688091.SH,20260608,42.29,43.18,40.6,41.48,45839,190649.567,-2.5834
688092.SH,20260608,26.51,26.98,26.0,26.34,11415,30188.185,-3.3394
688093.SH,20260608,28.61,28.61,27.3,27.68,41268,115597.149,-5.8503
688095.SH,20260608,69.75,71.81,68.5,69.35,28181,197448.682,-2.5573
688096.SH,20260608,12.5,13.5,12.14,12.43,152837,195692.674,-3.4938
688097.SH,20260608,65.68,69.0,64.01,65.31,130087,862040.825,-5.3753
688098.SH,20260608,7.5,7.63,7.29,7.39,22638,16845.299,-1.8592
688099.SH,20260608,91.1,93.82,89.8,90.7,190498,1742881.379,-5.4026
688100.SH,20260608,32.34,33.7,31.45,32.38,41293,133382.583,-3.9454
688101.SH,20260608,17.42,18.24,16.91,17.21,69762,121637.691,-2.6584
688102.SH,20260608,36.36,38.5,35.7,36.13,191411,704602.128,-3.884
688103.SH,20260608,56.0,60.65,56.0,57.87,27859,162531.098,-6.6613
688105.SH,20260608,13.15,13.38,12.89,13.14,28566,37535.549,-1.9403
688106.SH,20260608,25.4,27.5,25.3,26.3,252340,673083.573,-2.7007
688107.SH,20260608,40.05,41.5,38.14,38.76,150537,595541.872,-8.3038
688108.SH,20260608,18.68,19.93,18.67,19.45,163692,317629.437,-0.2564
688109.SH,20260608,82.66,92.59,82.66,87.78,25696,229753.983,1.1757
688110.SH,20260608,119.71,122.81,116.74,118.5,177426,2125545.244,-5.9524
688111.SH,20260608,225.6,230.88,223.65,223.85,71823,1628676.892,-4.4397
688112.SH,20260608,67.55,74.44,66.0,70.56,53219,379135.856,-0.8432
688113.SH,20260608,38.55,40.0,38.28,38.8,11123,43586.917,-3.5306
688114.SH,20260608,49.8,51.49,46.77,47.19,68366,328528.318,-4.8589
688115.SH,20260608,53.42,56.68,52.68,53.62,18133,99146.468,-4.5907
688116.SH,20260608,38.2,39.39,37.31,37.9,109430,418765.909,-3.5132
688117.SH,20260608,22.81,23.28,21.7,22.1,33823,75554.49,-4.0799
688118.SH,20260608,22.22,23.32,22.06,22.39,27460,62376.649,-1.712
688119.SH,20260608,4.41,4.53,4.29,4.34,119888,52847.564,-3.9823
688120.SH,20260608,235.01,248.88,233.56,240.31,76068,1835761.458,-3.1008
688122.SH,20260608,58.9,59.58,55.34,55.61,233490,1338856.665,-8.3704
688123.SH,20260608,123.0,125.7,119.5,121.43,87973,1081472.102,-6.2896
688125.SH,20260608,176.8,190.04,176.8,181.88,5435,100329.672,-3.3427
688126.SH,20260608,26.5,28.74,26.2,26.44,1563150,4261661.184,-7.1955
688127.SH,20260608,78.2,82.88,78.2,79.81,120370,972316.939,-4.7159
688128.SH,20260608,26.95,27.36,25.14,25.57,65769,171496.903,-6.3027
688129.SH,20260608,25.27,25.7,24.3,24.75,10756,26949.028,-3.0552
688130.SH,20260608,22.6,23.93,22.49,23.0,23063,53579.443,-5.5441
688131.SH,20260608,74.01,74.95,70.6,70.9,56523,405749.536,-5.4667
688132.SH,20260608,13.95,14.87,13.87,14.18,31232,44428.63,-0.3514
688133.SH,20260608,19.91,20.55,19.0,19.32,50745,99427.087,-5.1546
688135.SH,20260608,34.0,34.63,32.62,33.11,118547,399065.679,-6.7587
688136.SH,20260608,19.25,19.72,18.39,18.6,40326,76299.035,-5.3435
688137.SH,20260608,38.88,39.22,37.11,38.0,8485,32336.951,-3.3079
688138.SH,20260608,30.25,31.98,29.92,30.77,80595,249570.82,-3.6933
688139.SH,20260608,29.4,30.19,28.77,29.2,39518,115375.671,-2.0791
688141.SH,20260608,86.1,91.28,84.5,86.42,180194,1575907.047,-6.4617
688143.SH,20260608,165.0,186.88,163.1,184.79,87560,1552248.94,4.5192
688146.SH,20260608,231.0,265.5,230.68,252.18,248539,6270519.088,9.1169
688147.SH,20260608,78.52,86.9,78.42,82.88,125842,1042343.209,-1.9172
688148.SH,20260608,7.95,8.07,7.56,7.72,185344,144658.056,-5.508
688150.SH,20260608,47.61,48.84,45.18,46.31,156058,735803.9,-7.064
688151.SH,20260608,16.38,16.84,16.18,16.42,16640,27468.835,-2.4941
688152.SH,20260608,30.43,31.59,30.0,30.8,14357,44177.582,-1.4715
688153.SH,20260608,28.55,30.07,28.0,28.32,62621,180044.887,-3.0469
688155.SH,20260608,79.65,80.0,75.01,76.02,31011,239615.908,-5.6004
688156.SH,20260608,23.32,26.3,23.08,25.2,63953,158092.078,1.9417
688157.SH,20260608,27.48,28.04,26.51,26.92,19534,53294.925,-3.9943
688158.SH,20260608,35.91,36.97,34.9,35.55,228453,820257.458,-4.6406
688159.SH,20260608,44.47,44.51,41.44,42.13,46282,199085.842,-7.1413
688160.SH,20260608,116.0,128.28,115.11,123.8,59344,728289.531,1.4754
688161.SH,20260608,24.03,24.32,22.91,23.0,12733,29812.028,-4.6039
688162.SH,20260608,27.51,27.74,26.18,26.77,19796,53498.051,-5.0035
688163.SH,20260608,36.11,40.5,33.3,37.77,27972,106931.748,3.4228
688165.SH,20260608,19.83,21.49,19.7,21.07,290693,606900.402,3.1832
688166.SH,20260608,45.54,46.96,42.8,44.0,112898,504770.75,-6.9767
688167.SH,20260608,412.0,425.3,401.0,414.5,49815,2066482.986,-7.0315
688168.SH,20260608,54.03,55.01,49.54,51.65,30101,157844.386,-7.321
688169.SH,20260608,106.9,115.29,106.5,112.8,110306,1236406.256,3.7909
688170.SH,20260608,75.73,81.67,75.67,75.75,80814,632046.317,-5.4897
688171.SH,20260608,46.68,49.76,46.54,47.32,18510,88877.359,-4.7312
688172.SH,20260608,64.3,66.99,60.52,61.19,302042,1910474.253,-10.6585
688173.SH,20260608,15.16,15.4,14.57,14.83,131091,196634.736,-5.4812
688175.SH,20260608,34.86,35.62,32.9,33.25,23614,80627.716,-6.6798
688176.SH,20260608,10.45,10.67,9.93,10.05,114450,117295.298,-3.3654
688177.SH,20260608,17.16,17.52,16.61,16.9,27030,45940.973,-3.0407
688178.SH,20260608,38.0,38.5,36.5,37.41,29943,111614.149,-4.1752
688179.SH,20260608,20.18,21.13,19.51,20.3,196058,396872.037,-7.9365
688180.SH,20260608,29.66,30.3,28.72,28.93,133272,392742.849,-3.9509
688181.SH,20260608,38.28,40.6,37.8,38.13,76460,297793.574,-5.1493
688182.SH,20260608,33.0,34.2,32.1,32.65,89696,297074.207,-7.1124
688183.SH,20260608,110.0,116.52,106.5,112.11,253831,2832675.234,-4.8706
688184.SH,20260608,12.0,12.2,11.58,11.61,9750,11495.157,-4.3657
688185.SH,20260608,50.52,51.52,49.6,50.32,17306,87361.376,-3.5276
688186.SH,20260608,18.45,18.69,17.17,17.35,77716,138339.003,-7.7128
688187.SH,20260608,53.95,54.49,52.02,53.19,163414,868841.267,-3.9892
688188.SH,20260608,152.08,159.57,152.08,155.2,37321,579402.597,-1.2283
688189.SH,20260608,7.55,7.82,7.36,7.48,61603,46719.955,-3.3592
688190.SH,20260608,102.72,103.55,98.22,100.47,30352,306154.962,-4.1317
688191.SH,20260608,35.5,36.67,33.51,34.33,68806,240093.894,-5.9452
688192.SH,20260608,38.5,39.98,37.4,37.76,48143,185255.597,-4.3809
688193.SH,20260608,47.01,50.55,47.01,49.19,13201,64817.438,1.7373
688195.SH,20260608,228.27,228.27,212.0,215.0,92030,2019656.995,-11.0835
688196.SH,20260608,40.0,41.0,38.88,39.65,16857,67189.767,-3.2927
688197.SH,20260608,32.21,33.13,30.3,30.49,21532,67533.98,-8.0796
688198.SH,20260608,80.0,80.81,77.53,78.95,5211,41240.559,-1.5463
688199.SH,20260608,26.0,27.25,25.9,26.12,57877,153140.697,-4.9491
688200.SH,20260608,418.0,445.0,415.08,437.1,38113,1651597.988,2.1453
688201.SH,20260608,7.81,7.87,7.52,7.61,65509,50252.918,-4.2767
688202.SH,20260608,53.0,54.75,50.75,51.31,40289,210427.502,-6.2831
688203.SH,20260608,11.4,11.64,11.0,11.23,33377,37764.41,-2.8547
688205.SH,20260608,209.1,217.0,203.2,206.33,94041,1979192.278,-8.9854
688206.SH,20260608,37.11,40.5,36.7,39.88,109809,423586.243,2.863
688207.SH,20260608,14.2,17.44,14.02,17.44,212165,350532.3,20.0275
688208.SH,20260608,28.48,29.48,28.14,28.99,159060,459705.214,-0.378
688209.SH,20260608,20.45,20.92,19.8,20.06,100109,203554.563,-5.4665
688210.SH,20260608,43.93,46.15,43.11,43.7,43731,193290.111,-3.3186
688211.SH,20260608,32.23,33.16,31.8,32.3,10640,34489.16,-2.2101
688212.SH,20260608,29.46,29.8,28.12,28.7,17928,51797.133,-3.6913
688213.SH,20260608,90.0,92.0,86.41,87.75,144444,1288607.389,-7.9706
688215.SH,20260608,66.77,67.13,65.03,66.05,6378,42110.673,-2.0611
688216.SH,20260608,30.33,31.0,28.95,29.54,40693,122329.41,-6.3708
688217.SH,20260608,23.99,24.5,23.03,23.66,9588,22795.661,-1.9478
688218.SH,20260608,43.0,45.26,41.21,45.25,83932,370939.803,3.4995
688219.SH,20260608,10.95,11.41,10.86,11.0,89737,100168.864,-1.61
688220.SH,20260608,98.2,98.37,90.82,91.4,119087,1118521.816,-8.7824
688221.SH,20260608,18.29,18.78,17.74,18.16,101085,184869.005,-3.4043
688222.SH,20260608,25.8,26.69,25.2,25.61,120844,313179.7,-4.8309
688223.SH,20260608,5.24,5.32,5.01,5.07,1419278,732676.848,-5.7621
688225.SH,20260608,13.69,14.18,13.41,13.73,40204,55430.315,-1.9986
688226.SH,20260608,45.58,47.17,42.94,43.52,85354,380844.223,-8.3789
688227.SH,20260608,80.4,85.5,78.99,80.7,55833,459400.035,-4.1795
688228.SH,20260608,84.0,95.58,83.4,89.57,36402,329332.237,3.5491
688229.SH,20260608,88.1,91.0,85.05,86.8,17748,156389.8,-5.6522
688230.SH,20260608,60.78,62.34,58.45,59.25,15010,90549.802,-6.4572
688231.SH,20260608,42.81,43.67,40.77,41.18,41934,175452.031,-5.7234
688232.SH,20260608,19.04,19.58,18.91,19.05,28168,54191.188,-1.0903
688233.SH,20260608,83.0,85.17,80.16,81.96,53088,439758.289,-6.1168
688234.SH,20260608,120.0,127.95,119.89,121.7,150321,1859994.956,-7.0496
688235.SH,20260608,215.17,222.0,213.61,214.57,28866,625609.517,-2.5479
688236.SH,20260608,15.44,15.51,14.78,15.01,16418,24872.515,-3.7203
688237.SH,20260608,47.24,47.27,45.17,46.63,10726,49559.877,-1.2913
688238.SH,20260608,5.66,5.75,5.38,5.46,141342,78325.444,-5.8621
688239.SH,20260608,55.01,55.78,51.8,52.54,81087,433225.61,-7.8246
688244.SH,20260608,16.39,16.87,15.86,16.15,18191,29609.649,-2.4169
688246.SH,20260608,22.3,24.56,21.88,23.74,86768,206127.217,3.4874
688247.SH,20260608,7.99,8.23,7.81,7.92,37379,29843.057,-1.737
688248.SH,20260608,48.33,50.38,47.6,48.61,53825,263703.928,-3.5707
688249.SH,20260608,38.28,40.6,37.68,38.09,388007,1512441.374,-5.8111
688251.SH,20260608,24.0,24.64,23.31,23.91,25537,61194.277,-3.7827
688252.SH,20260608,19.11,21.06,19.01,19.66,102879,204068.595,-3.8631
688253.SH,20260608,55.55,56.64,54.0,54.6,20789,114925.879,-5.2083
688255.SH,20260608,30.93,33.0,30.6,32.63,57074,183779.876,2.9338
688256.SH,20260608,1239.3,1298.88,1230.08,1250.36,114171,14376345.578,-3.7592
688257.SH,20260608,97.47,109.31,97.47,105.3,151002,1582958.164,0.8331
688258.SH,20260608,118.0,128.88,115.19,123.0,36650,449703.271,-2.6899
688259.SH,20260608,35.2,36.5,34.81,35.19,22512,80100.158,-4.5824
688260.SH,20260608,84.98,85.23,73.37,76.44,90312,715302.314,-13.9577
688261.SH,20260608,73.07,76.32,70.3,71.42,81351,596637.222,-11.3896
688262.SH,20260608,33.52,34.3,32.0,32.84,156115,519544.921,-8.1912
688265.SH,20260608,33.16,33.28,31.3,32.05,6634,21429.388,-3.8115
688266.SH,20260608,88.86,90.59,85.8,87.25,33920,297794.23,-3.7719
688267.SH,20260608,29.9,30.51,28.51,29.18,27540,81075.602,-4.765
688268.SH,20260608,184.89,194.93,179.01,183.02,107533,2002393.214,-6.9548
688269.SH,20260608,33.05,34.38,32.11,32.79,20601,68108.241,-4.929
688270.SH,20260608,110.02,116.9,109.12,110.2,71380,799173.017,-3.3333
688271.SH,20260608,110.89,115.55,110.4,114.7,76391,860918.639,1.5224
688272.SH,20260608,32.82,35.96,32.8,34.63,18013,61515.276,-0.0289
688273.SH,20260608,41.09,44.2,40.67,43.86,25202,106748.543,3.103
688275.SH,20260608,121.16,122.99,115.18,116.9,45088,534415.794,-5.3441
688276.SH,20260608,14.76,15.08,14.44,14.65,29088,42838.007,-1.8097
688277.SH,20260608,16.39,17.33,16.08,16.77,110229,185846.707,0.6603
688278.SH,20260608,54.99,57.35,54.43,57.35,50229,282606.985,4.2917
688279.SH,20260608,203.52,208.7,198.03,200.33,26115,529991.667,-5.5047
688280.SH,20260608,5.62,6.1,5.62,5.85,301511,178131.311,3.1746
688281.SH,20260608,48.5,49.83,46.46,47.44,44775,214272.039,-4.8727
688282.SH,20260608,72.06,76.0,68.71,69.7,13958,99605.938,-7.0667
688283.SH,20260608,36.46,37.86,35.21,36.0,16924,61552.036,-3.7948
688285.SH,20260608,7.62,7.94,7.59,7.74,35566,27609.847,-2.0253
688286.SH,20260608,62.34,65.77,61.0,62.42,24685,156559.445,-2.4688
688287.SH,20260608,0.35,0.38,0.35,0.37,209983,7553.887,5.7143
688288.SH,20260608,20.68,21.04,19.89,20.24,14822,30302.724,-3.4351
688289.SH,20260608,15.29,15.55,14.94,15.05,40574,61541.837,-2.2727
688290.SH,20260608,58.61,62.6,58.0,61.78,24676,150430.999,3.311
688291.SH,20260608,47.45,50.4,47.1,49.14,28155,138061.114,-0.0407
688292.SH,20260608,21.3,22.07,20.74,21.15,35776,76265.591,-2.7139
688293.SH,20260608,36.8,37.04,34.85,35.2,28841,103089.231,-6.008
688295.SH,20260608,47.58,49.13,46.72,47.18,100531,482339.865,-6.0534
688296.SH,20260608,13.67,14.61,13.67,13.97,25264,35696.562,-2.8512
688297.SH,20260608,43.49,44.85,42.72,44.52,81112,354748.787,1.0899
688298.SH,20260608,19.73,20.2,19.42,19.72,12373,24459.769,-2.6654
688299.SH,20260608,15.36,15.84,14.95,15.23,97523,149807.066,-5.0499
688300.SH,20260608,142.0,163.36,142.0,158.97,93017,1442904.702,1.1195
688301.SH,20260608,165.01,171.2,162.5,165.28,73362,1221054.262,-4.6003
688302.SH,20260608,37.35,37.7,33.51,34.88,25457,90164.591,-7.5046
688303.SH,20260608,20.32,22.66,20.32,20.88,471920,1015365.911,2.3028
688305.SH,20260608,61.91,66.99,61.5,65.8,72130,473856.738,4.4444
688306.SH,20260608,9.07,9.43,9.03,9.2,193879,178983.331,-0.5405
688307.SH,20260608,62.72,66.0,60.24,61.34,80607,505376.404,-9.3006
688308.SH,20260608,136.0,158.41,136.0,147.6,104064,1553790.735,-2.786
688309.SH,20260608,62.63,64.35,61.01,63.05,15026,94531.802,-0.6148
688310.SH,20260608,19.01,19.17,17.05,17.3,73147,130368.716,-8.2715
688311.SH,20260608,28.0,28.42,26.72,27.0,48986,135166.113,-6.38
688312.SH,20260608,76.0,81.69,75.2,78.2,50880,399526.161,-3.813
688313.SH,20260608,143.1,155.0,143.1,149.28,232099,3492944.194,-4.7898
688314.SH,20260608,39.97,39.97,37.5,38.62,16660,64237.878,-6.4665
688315.SH,20260608,13.28,13.38,12.75,12.93,30391,39699.971,-4.1512
688316.SH,20260608,57.0,59.78,56.5,57.9,20810,121213.333,-5.0041
688317.SH,20260608,17.77,18.15,17.5,17.87,36064,64323.032,-1.7052
688318.SH,20260608,80.0,84.0,78.88,79.89,49278,399308.389,-3.3978
688319.SH,20260608,33.53,35.39,33.07,34.27,111488,380032.292,-0.0583
688320.SH,20260608,36.99,39.52,36.8,38.14,74624,286489.059,-1.0636
688321.SH,20260608,25.08,25.67,23.92,24.28,100786,248452.276,-4.9706
688322.SH,20260608,122.27,150.0,122.2,144.17,423467,5743088.376,14.3662
688323.SH,20260608,28.26,32.16,28.0,31.36,179157,544486.696,5.5537
688325.SH,20260608,120.36,149.69,119.11,141.3,61752,861713.881,13.2756
688326.SH,20260608,76.78,79.72,75.9,77.6,20181,156464.149,-1.685
688327.SH,20260608,12.18,14.09,12.12,13.54,559553,746975.616,7.6312
688328.SH,20260608,64.21,68.0,62.3,63.22,66521,430483.475,-8.5359
688329.SH,20260608,21.5,23.61,21.45,22.9,22304,50925.384,0.3066
688330.SH,20260608,34.48,35.21,33.86,34.28,15383,53035.398,-4.0045
688331.SH,20260608,100.19,102.8,96.41,97.47,76002,751665.604,-3.9704
688332.SH,20260608,84.0,93.88,83.01,92.05,78868,699312.725,5.0799
688333.SH,20260608,94.66,96.65,86.86,87.21,173990,1584327.542,-11.372
688334.SH,20260608,18.48,18.63,17.93,18.1,27073,49489.261,-2.7927
688335.SH,20260608,28.88,28.88,27.6,28.02,22759,63936.84,-3.045
688336.SH,20260608,53.01,55.37,52.51,53.5,55624,299679.008,-3.0621
688337.SH,20260608,62.0,71.3,62.0,67.8,96440,655305.989,2.7584
688338.SH,20260608,24.3,24.68,23.51,23.96,8502,20578.507,-2.4033
688339.SH,20260608,20.38,21.1,19.84,20.22,47443,96867.813,-4.3519
688343.SH,20260608,61.5,64.11,61.27,62.26,100829,630804.677,-2.3526
688345.SH,20260608,48.61,48.61,46.47,47.2,16907,80346.471,-4.8195
688347.SH,20260608,207.66,222.5,207.66,213.8,237449,5157070.554,-5.815
688348.SH,20260608,38.0,38.5,36.27,36.87,26510,98631.658,-4.6794
688349.SH,20260608,18.25,18.38,17.38,17.54,92834,165315.871,-5.4447
688350.SH,20260608,32.91,33.49,31.16,31.43,38469,123291.327,-5.4452
688351.SH,20260608,22.89,23.34,21.9,22.39,61324,138365.246,-4.3162
688352.SH,20260608,18.95,19.77,18.34,18.73,317042,600721.524,-4.7304
688353.SH,20260608,80.52,83.88,78.52,79.75,36079,291945.367,-3.6021
688355.SH,20260608,18.31,19.2,18.07,18.33,18753,34844.669,-2.1356
688356.SH,20260608,71.2,71.49,67.05,68.16,11038,76037.585,-5.1885
688357.SH,20260608,27.62,28.49,26.98,27.49,15533,42908.522,-4.2827
688358.SH,20260608,31.22,31.69,30.06,30.5,11197,34551.588,-3.4505
688359.SH,20260608,128.0,140.0,127.06,133.62,55096,740932.051,-1.0955
688360.SH,20260608,21.0,23.18,21.0,22.52,140066,316742.06,0.1334
688361.SH,20260608,189.99,199.0,188.0,192.0,84856,1643114.92,-3.9904
688362.SH,20260608,52.61,55.26,51.79,52.58,289265,1549060.673,-8.7153
688363.SH,20260608,34.25,34.83,33.15,33.47,31561,106980.607,-3.9047
688365.SH,20260608,18.21,20.6,18.21,19.68,251589,495063.427,2.2869
688366.SH,20260608,32.1,32.79,31.39,31.88,6147,19626.215,-3.0414
688367.SH,20260608,36.87,38.4,34.42,34.99,58211,206331.481,-6.4188
688368.SH,20260608,191.84,208.91,191.84,201.8,27005,548473.35,-5.4092
688369.SH,20260608,21.21,22.41,20.8,21.39,44288,96389.74,-2.64
688370.SH,20260608,21.74,21.79,20.77,21.02,8405,17816.87,-4.0183
688371.SH,20260608,35.82,37.74,34.8,35.24,101220,364330.186,-8.1813
688372.SH,20260608,140.0,147.87,136.26,139.07,73036,1030714.655,-4.5963
688373.SH,20260608,4.53,4.64,4.43,4.46,114468,51741.636,-2.8322
688375.SH,20260608,91.8,97.5,88.55,88.91,79528,734782.969,-5.3142
688376.SH,20260608,66.0,68.65,65.23,66.21,11825,79258.829,-4.514
688377.SH,20260608,28.38,29.5,27.99,28.6,20234,58152.425,-1.4473
688378.SH,20260608,50.05,53.5,48.56,49.85,254319,1300485.706,-3.6715
688379.SH,20260608,69.97,83.0,69.97,78.25,86975,679605.322,4.6263
688380.SH,20260608,41.29,42.62,40.3,40.77,74865,310362.157,-6.3189
688381.SH,20260608,35.33,42.3,35.24,38.85,201392,790796.841,1.3566
688382.SH,20260608,17.3,17.8,16.4,16.55,129410,218743.292,-5.9125
688383.SH,20260608,134.6,142.5,133.0,137.93,19705,271003.19,-1.267
688385.SH,20260608,53.67,54.22,51.2,52.45,202006,1067600.163,-5.7163
688386.SH,20260608,73.0,75.0,71.55,71.95,17611,128597.534,-5.2167
688387.SH,20260608,16.33,17.14,15.63,15.72,828467,1346518.262,-7.4205
688388.SH,20260608,42.53,45.38,41.5,43.45,267133,1161449.49,-3.5302
688389.SH,20260608,11.08,11.2,10.92,11.06,22954,25400.934,-1.5138
688390.SH,20260608,115.05,118.08,111.7,114.15,115524,1326313.281,-2.2939
688391.SH,20260608,29.23,30.5,28.63,28.96,20569,60291.623,-5.5447
688392.SH,20260608,156.0,157.68,148.45,149.56,37870,580579.962,-7.1114
688393.SH,20260608,20.24,20.71,19.49,19.81,13218,26606.216,-3.835
688395.SH,20260608,25.09,26.3,24.91,25.38,20458,52283.762,-1.7422
688396.SH,20260608,62.95,66.37,61.73,62.58,381113,2421167.579,-6.0078
688398.SH,20260608,27.72,28.85,27.05,27.5,25147,70133.897,-1.9957
688399.SH,20260608,47.94,49.99,45.99,46.92,15425,73379.652,-2.8169
688400.SH,20260608,55.02,61.99,54.68,60.74,381592,2259113.978,5.8188
688401.SH,20260608,69.0,71.66,67.66,68.45,70810,491132.676,-6.2586
688403.SH,20260608,21.02,23.36,20.8,22.48,939086,2116131.339,-0.0889
688408.SH,20260608,30.97,31.44,29.36,29.8,54561,165122.803,-6.2893
688409.SH,20260608,137.9,145.5,134.64,137.16,74696,1040655.667,-5.6022
688410.SH,20260608,14.61,14.61,13.67,13.86,87915,124196.338,-6.0339
688411.SH,20260608,250.01,255.6,243.34,247.1,46707,1167756.469,-4.9652
688416.SH,20260608,102.59,110.16,102.59,106.45,38665,414879.235,-5.9629
688418.SH,20260608,44.98,46.19,42.03,42.98,64027,282180.032,-7.689
688419.SH,20260608,44.8,46.0,42.73,43.39,31383,138772.99,-7.2863
688420.SH,20260608,23.22,24.5,22.9,23.37,12928,30650.392,-2.0536
688425.SH,20260608,4.3,4.39,4.24,4.28,204354,88044.847,-1.3825
688426.SH,20260608,17.3,17.75,16.51,17.04,14086,24128.225,-2.4614
688428.SH,20260608,20.93,21.43,20.26,20.33,82568,170687.163,-5.1772
688429.SH,20260608,11.49,11.58,10.71,10.92,33600,37381.596,-5.5363
688432.SH,20260608,18.6,20.7,18.6,19.67,306441,608025.531,-1.1061
688433.SH,20260608,92.6,95.95,89.8,92.6,51545,477683.911,-4.5361
688435.SH,20260608,36.35,38.9,36.21,38.06,22651,85825.33,0.0263
688439.SH,20260608,45.92,46.4,44.0,44.41,40200,181892.389,-6.8387
688443.SH,20260608,22.54,22.95,21.11,21.62,55599,121955.506,-3.9538
688448.SH,20260608,55.8,57.7,53.98,54.0,32338,178559.818,-6.1033
688449.SH,20260608,64.53,68.06,64.15,65.41,112726,746989.123,-7.0617
688450.SH,20260608,40.0,43.87,37.6,38.67,24845,98716.841,-9.353
688455.SH,20260608,19.7,20.5,19.09,19.79,26997,53440.182,-0.951
688456.SH,20260608,81.01,99.99,81.01,95.48,128055,1204565.233,7.4016
688458.SH,20260608,36.87,38.0,35.35,36.1,38336,140484.558,-5.0
688459.SH,20260608,8.36,8.52,8.25,8.32,13461,11217.85,-2.0024
688466.SH,20260608,15.71,15.87,14.86,15.06,14375,22010.246,-4.3202
688468.SH,20260608,6.18,6.28,6.01,6.09,35733,21965.871,-2.56
688469.SH,20260608,7.01,7.16,6.79,6.87,2188681,1528993.098,-6.4033
688472.SH,20260608,11.2,11.35,10.81,10.97,549740,608558.177,-4.1921
688475.SH,20260608,27.26,28.29,27.03,27.43,59662,164058.85,-1.3664
688478.SH,20260608,54.33,56.65,52.9,54.35,66566,366187.212,-6.1475
688479.SH,20260608,31.5,32.37,29.73,30.7,39599,122319.649,-5.886
688480.SH,20260608,86.0,88.59,82.0,84.46,23492,199656.179,-6.705
688484.SH,20260608,39.85,41.26,38.7,39.25,104673,416250.294,-5.988
688485.SH,20260608,50.0,51.0,46.47,46.64,65274,315757.191,-10.6513
688486.SH,20260608,71.73,73.59,69.71,70.17,36960,263974.352,-5.7868
688488.SH,20260608,13.48,13.64,12.45,12.5,95553,123850.326,-9.157
688489.SH,20260608,23.41,24.8,23.22,23.92,19536,47112.92,-0.7469
688496.SH,20260608,1.14,1.37,1.09,1.28,206726,26093.353,8.4746
688498.SH,20260608,1278.88,1413.0,1278.0,1389.88,70777,9543485.229,5.2365
688499.SH,20260608,48.35,49.18,46.26,47.05,84377,403417.864,-7.7451
688500.SH,20260608,46.5,47.84,43.2,44.06,35610,161368.767,-8.5892
688501.SH,20260608,21.5,23.7,21.31,23.3,40338,92974.428,5.5732
688502.SH,20260608,420.0,452.1,420.0,428.5,15810,689730.517,-5.5959
688503.SH,20260608,83.0,86.43,79.0,80.69,134526,1107546.943,-7.9512
688505.SH,20260608,6.87,6.94,6.65,6.76,42285,28663.536,-2.3121
688506.SH,20260608,210.94,213.58,201.02,204.58,21975,454019.86,-3.6318
688507.SH,20260608,182.93,228.0,181.03,225.11,128518,2735405.027,17.5816
688508.SH,20260608,79.0,81.43,77.01,78.4,49586,393130.611,-5.7692
688509.SH,20260608,4.91,5.03,4.76,4.82,178866,87399.934,-4.175
688510.SH,20260608,26.87,27.28,25.94,26.34,80315,213468.84,-4.3573
688511.SH,20260608,24.05,25.1,23.79,24.1,31028,75753.579,-2.6656
688512.SH,20260608,12.69,12.99,12.13,12.38,188351,236569.029,-6.2121
688513.SH,20260608,46.0,47.34,45.19,45.64,15292,70322.923,-2.8936
688515.SH,20260608,190.5,202.0,190.5,194.48,57167,1123741.021,-9.1215
688516.SH,20260608,57.0,58.29,53.4,54.42,100521,557748.662,-6.7192
688517.SH,20260608,19.34,20.19,18.47,18.86,32431,62180.428,-5.7942
688518.SH,20260608,25.34,26.92,25.31,25.66,188421,489652.406,-4.3251
688519.SH,20260608,219.94,263.8,216.0,253.55,84036,2045029.811,7.3909
688520.SH,20260608,35.03,35.57,33.93,34.27,20401,70717.369,-3.1921
688521.SH,20260608,208.01,217.63,208.0,213.0,194001,4135044.082,-5.4174
688522.SH,20260608,21.0,21.38,19.89,20.34,60277,123808.067,-4.6414
688523.SH,20260608,57.8,62.39,56.8,58.6,77208,459919.55,-2.4796
688525.SH,20260608,285.0,295.58,285.0,288.5,329937,9591655.912,-7.2347
688526.SH,20260608,12.36,12.66,12.16,12.3,13258,16395.324,-1.9139
688528.SH,20260608,10.88,11.57,10.87,11.28,37238,41966.54,0.3559
688529.SH,20260608,17.55,18.48,17.37,17.74,21392,38290.357,-2.3128
688530.SH,20260608,45.9,47.58,44.8,45.51,52738,242766.613,-6.2616
688531.SH,20260608,180.89,191.8,178.1,181.49,74871,1371877.582,-7.0093
688533.SH,20260608,24.43,24.6,23.28,23.73,12641,30203.299,-3.6932
688535.SH,20260608,107.49,112.53,106.21,107.82,64759,708671.089,-6.0801
688536.SH,20260608,272.49,288.53,272.24,277.5,49773,1396201.977,-5.2901
688538.SH,20260608,2.39,2.43,2.3,2.32,1401469,331207.199,-4.5267
688539.SH,20260608,30.82,31.59,29.55,30.06,34362,104824.449,-5.4717
688543.SH,20260608,40.52,41.51,38.93,39.71,53752,215605.205,-3.1936
688545.SH,20260608,81.91,84.5,79.6,80.5,146068,1196342.969,-6.5692
688548.SH,20260608,25.97,27.77,25.97,26.64,249525,674222.672,-5.2295
688549.SH,20260608,15.05,19.19,15.03,19.19,1584206,2816078.709,20.0125
688550.SH,20260608,41.7,44.84,41.7,44.3,70150,307952.439,2.1915
688551.SH,20260608,49.34,63.81,49.25,58.7,107674,627496.142,8.5429
688552.SH,20260608,29.0,29.35,27.44,27.82,42982,121487.992,-5.7588
688553.SH,20260608,16.86,16.97,15.97,16.18,78512,129062.854,-5.4907
688556.SH,20260608,10.78,11.19,10.3,10.39,394253,419882.127,-5.4595
688557.SH,20260608,30.8,31.12,29.89,30.58,15952,48817.611,-1.5137
688558.SH,20260608,32.5,33.33,31.88,32.35,21287,69297.118,-2.7068
688559.SH,20260608,65.84,71.41,65.8,67.16,226428,1551653.239,-1.8989
688560.SH,20260608,13.7,14.01,13.13,13.28,54491,73599.373,-5.949
688561.SH,20260608,25.18,26.23,25.03,25.47,69689,177692.974,-1.2791
688562.SH,20260608,16.32,16.85,16.26,16.8,33574,55931.985,0.7194
688563.SH,20260608,49.5,50.05,47.88,48.19,35067,171130.916,-4.0422
688565.SH,20260608,10.46,10.98,10.15,10.4,33619,35590.526,-3.4355
688566.SH,20260608,23.85,24.28,23.47,23.67,9543,22754.531,-1.5391
688567.SH,20260608,11.49,11.77,11.22,11.45,179114,206710.609,-4.6628
688568.SH,20260608,44.0,46.25,43.26,44.0,127118,566771.823,-4.1394
688569.SH,20260608,18.15,18.49,17.88,17.98,7776,14125.015,-1.5334
688570.SH,20260608,15.56,16.24,15.51,16.19,16535,26523.341,1.5047
688571.SH,20260608,8.79,8.82,8.38,8.51,112885,97116.252,-6.0706
688573.SH,20260608,19.37,19.98,18.56,18.89,29678,57034.86,-4.9321
688575.SH,20260608,9.76,9.88,9.38,9.54,107756,103710.004,-3.3435
688576.SH,20260608,67.01,69.52,66.52,67.69,2831,19184.819,-2.2103
688577.SH,20260608,64.53,67.9,64.53,66.74,18031,120096.351,-3.5549
688578.SH,20260608,82.99,84.97,79.51,80.34,54193,440261.685,-4.6862
688579.SH,20260608,8.63,8.88,8.44,8.61,33988,29521.525,-2.9312
688580.SH,20260608,49.89,51.06,48.78,49.67,14052,69987.788,-2.0316
688581.SH,20260608,54.01,55.6,54.0,54.61,3818,20936.02,-0.7452
688582.SH,20260608,46.5,48.39,46.0,46.4,71728,337800.606,-2.4185
688583.SH,20260608,106.88,125.98,106.88,121.68,32933,389186.713,7.4817
688584.SH,20260608,23.9,26.27,23.9,24.7,146448,366633.616,-3.6286
688585.SH,20260608,160.3,176.38,160.0,168.48,57628,980840.018,-3.1112
688586.SH,20260608,12.6,12.83,11.9,12.15,107229,132849.571,-5.4475
688588.SH,20260608,9.95,10.23,9.78,10.0,43630,43803.62,-1.088
688589.SH,20260608,19.38,19.79,18.71,19.0,43922,84549.039,-4.9049
688590.SH,20260608,13.93,15.53,13.93,15.01,182204,274008.306,3.5172
688591.SH,20260608,29.8,30.29,29.0,29.39,55010,163685.61,-5.1935
688592.SH,20260608,39.38,40.25,37.7,38.48,12515,48756.444,-3.8721
688593.SH,20260608,31.08,33.58,30.78,31.49,225621,725622.892,-11.4205
688595.SH,20260608,37.99,38.97,36.5,37.21,93128,352328.017,-6.7886
688596.SH,20260608,38.88,40.49,37.51,37.94,163174,633907.091,-7.2372
688597.SH,20260608,9.41,9.78,9.29,9.49,143685,136873.89,-2.2657
688598.SH,20260608,32.5,33.6,31.35,31.96,126613,410038.052,-6.7678
688599.SH,20260608,13.86,13.98,13.14,13.21,520168,702658.456,-6.5771
688600.SH,20260608,25.8,27.21,25.45,26.9,39032,102847.542,0.976
688601.SH,20260608,51.9,54.42,51.22,51.61,51030,267812.832,-4.585
688602.SH,20260608,6.98,7.09,6.7,6.8,82945,57252.041,-4.6283
688603.SH,20260608,164.8,182.98,160.8,177.56,68803,1192318.551,0.6006
688605.SH,20260608,71.0,72.88,68.38,69.92,55057,389073.51,-5.7682
688606.SH,20260608,49.21,49.85,47.85,48.2,3300,16134.71,-2.9204
688607.SH,20260608,56.0,58.66,55.11,56.55,12131,68743.934,-3.4983
688608.SH,20260608,158.86,158.86,151.48,151.48,45519,705937.748,-6.6552
688609.SH,20260608,11.5,11.86,11.14,11.33,423223,486494.135,-4.7899
688610.SH,20260608,180.16,209.99,180.16,202.86,19371,376679.464,1.0762
688611.SH,20260608,75.88,76.28,70.6,71.7,15616,114017.976,-6.8226
688612.SH,20260608,34.95,36.99,33.2,33.65,83541,288580.884,-7.5549
688613.SH,20260608,15.95,16.15,15.26,15.55,28867,45346.986,-3.7748
688615.SH,20260608,120.0,128.0,118.0,123.31,42291,526304.857,-1.2809
688616.SH,20260608,11.72,12.09,11.42,11.54,21362,25103.503,-3.5117
688617.SH,20260608,201.3,202.87,192.9,199.0,13638,268892.518,-1.2554
688618.SH,20260608,31.5,33.46,31.23,31.94,28432,91886.847,-6.6355
688619.SH,20260608,16.9,18.27,16.44,16.88,58771,101268.392,-2.4277
688620.SH,20260608,11.78,12.35,11.58,11.85,149052,177938.793,-2.4691
688621.SH,20260608,50.0,50.66,47.04,47.96,15372,74536.071,-5.0485
688622.SH,20260608,127.0,131.3,119.0,121.01,19062,235899.19,-7.1938
688623.SH,20260608,96.3,97.77,93.02,94.1,6140,58235.28,-2.5981
688625.SH,20260608,72.66,74.75,71.12,73.0,37629,273636.71,-2.7963
688626.SH,20260608,49.58,50.14,47.82,48.37,16671,81429.889,-3.5301
688627.SH,20260608,367.04,393.8,365.5,375.1,52572,1992230.082,-2.7129
688628.SH,20260608,76.8,80.8,76.29,77.69,40014,313182.591,-6.8242
688629.SH,20260608,127.0,131.2,123.36,123.8,180855,2292656.45,-8.2691
688630.SH,20260608,350.06,406.0,348.41,390.5,88041,3383761.544,3.0343
688631.SH,20260608,46.51,49.28,46.03,48.15,31656,151334.273,1.6252
688633.SH,20260608,29.15,30.68,29.06,29.99,105271,317544.748,0.6376
688635.SH,20260608,538.0,588.0,521.01,566.66,33853,1888282.521,-5.2408
688636.SH,20260608,35.71,36.49,34.68,35.19,37568,133915.138,-3.905
688638.SH,20260608,34.28,35.92,33.51,34.0,8555,29566.278,-3.1615
688639.SH,20260608,21.05,21.47,20.22,20.57,74401,154908.73,-5.9442
688646.SH,20260608,62.0,64.0,61.0,61.29,8950,55829.287,-5.1679
688648.SH,20260608,37.59,38.58,36.24,36.58,20658,77013.393,-6.2051
688651.SH,20260608,33.3,34.21,32.31,32.96,12141,40459.095,-3.3714
688652.SH,20260608,123.0,129.57,121.05,123.4,44482,557045.589,-3.7967
688653.SH,20260608,13.3,13.77,12.98,13.19,112852,150510.265,-4.9712
688655.SH,20260608,50.0,52.61,49.21,50.11,90368,458455.117,-8.3577
688656.SH,20260608,101.36,103.43,96.5,97.5,6487,64204.292,-5.7242
688657.SH,20260608,35.89,38.66,35.49,37.59,31531,118008.434,3.2692
688658.SH,20260608,13.68,14.25,13.38,13.6,268213,370648.28,-0.9468
688659.SH,20260608,9.66,10.05,9.39,9.72,43942,42904.147,-2.8
688660.SH,20260608,9.67,9.9,9.2,9.36,212714,202104.343,-5.071
688661.SH,20260608,109.1,120.66,109.1,114.59,47964,554538.777,-4.6514
688662.SH,20260608,84.0,87.9,81.23,83.18,51251,430830.75,-6.2866
688663.SH,20260608,86.2,87.09,81.0,81.93,53057,443618.177,-7.2875
688665.SH,20260608,49.0,49.95,47.01,48.62,12670,61221.641,-3.875
688667.SH,20260608,106.2,109.64,104.66,106.5,13984,149579.379,-2.8728
688668.SH,20260608,385.23,410.99,373.0,391.78,87118,3421555.889,-1.0582
688669.SH,20260608,43.0,45.53,42.51,43.38,56168,248368.45,-2.5169
688670.SH,20260608,15.0,15.88,14.81,15.18,15486,23783.789,-4.2271
688671.SH,20260608,24.9,25.65,23.66,24.28,22422,55244.725,-5.3411
688676.SH,20260608,85.0,88.19,82.28,83.6,163710,1394061.709,-7.0285
688677.SH,20260608,121.8,128.47,112.0,117.75,75813,912318.595,-11.1857
688678.SH,20260608,21.78,22.29,20.95,21.21,138452,297919.243,-5.1431
688679.SH,20260608,53.19,54.91,51.31,52.04,28296,149841.251,-6.2849
688680.SH,20260608,41.75,43.85,41.51,42.85,23926,102057.229,-1.8552
688681.SH,20260608,15.9,16.63,15.43,15.75,28912,46126.778,-4.6033
688682.SH,20260608,41.0,47.98,41.0,46.87,58785,265786.663,9.2032
688683.SH,20260608,36.11,37.24,35.41,36.05,20611,74601.254,-4.3259
688685.SH,20260608,49.0,49.0,45.45,46.03,42798,201675.264,-6.7841
688686.SH,20260608,130.85,136.02,130.66,134.07,28506,380785.994,-2.8197
688687.SH,20260608,16.45,16.75,16.07,16.2,17409,28574.79,-2.5271
688689.SH,20260608,39.16,39.57,36.9,37.8,38480,147197.27,-6.4819
688690.SH,20260608,40.66,41.81,37.39,37.56,218563,851974.553,-10.6353
688691.SH,20260608,88.14,93.76,88.13,90.48,50068,455636.114,-4.858
688692.SH,20260608,256.0,278.98,254.01,262.58,26652,714467.539,-0.9132
688693.SH,20260608,95.01,100.98,95.0,97.51,28337,277028.539,-2.8785
688695.SH,20260608,20.7,21.18,20.05,20.59,13243,27363.268,-1.4833
688696.SH,20260608,70.51,72.0,70.0,71.3,9911,70286.242,-0.9722
688697.SH,20260608,20.17,21.21,19.65,20.0,118173,242205.593,-4.352
688698.SH,20260608,63.66,68.5,63.38,65.44,69880,464181.94,-1.0883
688699.SH,20260608,55.15,56.55,54.03,55.3,32436,179469.83,-3.2371
688700.SH,20260608,83.57,88.59,81.5,84.8,134660,1147831.811,-3.4169
688701.SH,20260608,9.0,9.4,8.61,8.89,36094,32409.762,-3.9957
688702.SH,20260608,251.0,265.99,248.12,252.0,55478,1421785.102,-4.1898
688707.SH,20260608,14.94,15.29,14.35,14.7,199394,294989.135,-3.0982
688708.SH,20260608,46.63,47.88,44.6,45.05,20612,94274.887,-5.5159
688709.SH,20260608,31.88,32.59,30.58,31.15,72719,230097.016,-6.1181
688710.SH,20260608,57.0,57.53,51.12,51.8,32584,172897.419,-9.059
688711.SH,20260608,31.5,32.74,29.74,29.74,143027,444476.844,-11.3033
688712.SH,20260608,37.98,38.49,36.75,37.5,20159,75763.744,-3.1258
688716.SH,20260608,32.89,34.69,32.21,33.03,41599,138960.891,-1.4618
688717.SH,20260608,94.0,97.03,90.68,91.36,60769,564002.776,-6.4797
688718.SH,20260608,14.56,15.03,14.23,14.63,30626,45011.932,-1.2154
688719.SH,20260608,69.59,82.69,69.59,78.2,59947,463619.575,-0.7362
688720.SH,20260608,84.55,91.68,84.55,87.56,32460,287082.583,-5.3405
688721.SH,20260608,40.65,42.15,39.26,39.72,27508,111811.529,-6.9789
688722.SH,20260608,16.15,17.05,16.07,16.41,54028,89024.928,-1.0253
688726.SH,20260608,59.11,62.3,58.62,60.1,155028,943475.97,-2.4351
688727.SH,20260608,47.8,50.27,47.57,48.86,44855,220386.296,-4.8491
688728.SH,20260608,13.37,13.65,12.92,13.08,297125,394064.186,-5.2174
688729.SH,20260608,22.83,23.48,22.4,22.58,112952,258630.935,-5.523
688733.SH,20260608,34.31,37.08,33.83,35.08,101791,359756.123,-3.2276
688737.SH,20260608,24.51,26.23,24.51,25.36,37031,94520.332,1.44
688739.SH,20260608,20.8,21.08,20.41,20.64,20077,41506.629,-1.3384
688750.SH,20260608,16.41,16.51,15.76,15.85,38511,62179.089,-4.8619
688755.SH,20260608,34.86,34.86,33.33,33.61,4939,16830.036,-4.1631
688757.SH,20260608,39.55,42.92,39.55,41.73,114984,479297.64,-1.0669
688758.SH,20260608,17.0,17.13,16.31,16.6,34130,57085.574,-4.5977
688759.SH,20260608,30.5,31.46,30.05,30.7,24365,75013.906,-1.5394
688765.SH,20260608,46.63,47.0,44.38,45.0,21171,96456.579,-5.9954
688766.SH,20260608,370.38,389.96,360.08,373.0,60112,2254545.668,-5.8081
688767.SH,20260608,37.0,37.0,34.28,35.48,25910,91900.595,-4.7517
688768.SH,20260608,52.5,55.58,50.5,54.7,23839,129010.777,3.1103
688772.SH,20260608,15.1,17.55,14.92,17.38,1124948,1875125.766,12.8571
688775.SH,20260608,158.1,159.55,152.24,155.56,13700,214148.092,-4.5644
688776.SH,20260608,63.5,64.45,59.11,60.33,26379,162127.69,-6.6821
688777.SH,20260608,99.6,107.68,97.73,103.5,438266,4506296.88,3.7906
688778.SH,20260608,57.5,58.07,53.98,55.3,99060,553365.488,-5.9684
688779.SH,20260608,8.23,8.36,7.92,8.07,315517,256243.045,-3.4689
688781.SH,20260608,46.99,48.72,45.18,46.0,41271,193720.209,-6.6179
688783.SH,20260608,34.52,37.18,33.4,34.44,265976,934538.012,-6.158
688785.SH,20260608,327.31,335.44,317.19,322.59,9907,324124.349,-7.1095
688786.SH,20260608,36.22,41.98,35.56,40.48,181886,706717.276,14.8695
688787.SH,20260608,119.67,142.62,119.01,139.38,55951,753020.013,10.8831
688788.SH,20260608,43.24,43.67,41.51,42.3,23682,100737.823,-2.9594
688789.SH,20260608,50.57,51.57,48.71,49.38,16707,83272.572,-4.2467
688790.SH,20260608,120.17,120.17,116.0,116.2,6120,72465.059,-6.7416
688793.SH,20260608,18.02,18.19,17.17,17.46,18908,33462.662,-3.9604
688795.SH,20260608,600.0,635.8,597.0,615.98,22347,1375054.27,-2.8377
688796.SH,20260608,91.93,95.3,90.28,90.87,12278,113139.242,-3.1237
688798.SH,20260608,66.2,67.58,64.14,66.22,55435,366392.237,-4.7057
688799.SH,20260608,48.5,48.85,45.68,46.0,28731,134892.07,-5.3303
688800.SH,20260608,116.91,122.5,115.0,115.65,102878,1220132.381,-8.2943
688802.SH,20260608,669.02,730.97,669.02,703.0,21063,1479909.976,-0.9859
688805.SH,20260608,50.15,50.97,47.0,48.18,21381,103887.059,-7.4529
688807.SH,20260608,388.53,418.52,388.53,397.99,14944,603347.796,-7.8727
688808.SH,20260608,2040.0,2298.6,2001.23,2295.0,19369,4163440.298,6.993
688809.SH,20260608,469.2,483.5,457.02,467.0,20949,983496.117,-5.0659
688811.SH,20260608,25.0,26.44,24.85,25.33,128767,329910.63,-6.0111
688813.SH,20260608,160.55,174.0,155.56,158.2,38590,633683.301,-13.872
688816.SH,20260608,62.1,66.49,61.35,65.37,16183,103488.711,3.8443
688818.SH,20260608,69.96,75.38,69.83,70.58,166079,1206487.466,-3.5792
688819.SH,20260608,23.86,24.09,22.97,23.3,40424,94832.692,-3.8382
688820.SH,20260608,159.99,169.0,159.99,165.3,243051,4008705.423,-4.6163
688981.SH,20260608,120.0,124.28,120.0,121.92,781226,9545783.582,-4.3014
689009.SH,20260608,36.0,37.73,35.95,36.95,146792,540437.041,1.6227
920000.BJ,20260608,13.76,14.73,13.7,14.31,13341,19145.78321,3.098
920001.BJ,20260608,17.0,18.7,16.87,17.45,74462,132063.29192,-1.9663
920002.BJ,20260608,62.11,72.85,62.11,70.83,45622,318521.52946,7.6444
920003.BJ,20260608,28.1,29.4,28.1,28.74,5192,15030.11699,0.9129
920005.BJ,20260608,31.52,33.58,31.3,32.24,9004,29266.76597,-1.7971
920006.BJ,20260608,16.94,18.18,16.54,17.3,23987,41984.93626,2.1251
920007.BJ,20260608,42.96,44.79,41.79,43.41,3142,13725.90273,1.9493
920008.BJ,20260608,23.1,24.38,22.85,23.8,13939,33242.58315,2.1898
920009.BJ,20260608,35.5,37.99,35.37,37.24,3304,12271.87244,2.2234
920010.BJ,20260608,10.8,11.3,10.61,11.09,89335,98694.39096,2.7804
920011.BJ,20260608,25.3,28.0,25.0,26.76,42121,113214.62296,0.6015
920012.BJ,20260608,72.03,74.8,68.88,69.0,31556,225857.02069,-8.995
920014.BJ,20260608,9.61,10.33,9.61,10.17,27344,27711.40278,3.3537
920015.BJ,20260608,43.6,46.85,43.0,45.95,28567,129638.10526,0.8782
920016.BJ,20260608,14.7,15.5,14.55,15.09,8602,12980.08705,2.6531
920017.BJ,20260608,16.31,17.05,16.15,16.7,18399,30762.84616,1.3965
920018.BJ,20260608,18.0,18.98,17.72,18.25,19893,36612.72689,-0.545
920019.BJ,20260608,18.85,19.94,18.41,19.82,71720,139244.63654,2.961
920020.BJ,20260608,15.21,15.76,15.14,15.33,11465,17727.77607,-0.8409
920021.BJ,20260608,8.45,9.6,8.31,9.23,273170,248790.0892,5.3653
920022.BJ,20260608,23.2,24.23,23.0,23.71,4856,11510.96147,1.1087
920023.BJ,20260608,2.3,2.41,2.27,2.32,60557,14146.99639,-1.2766
920026.BJ,20260608,34.51,36.72,34.3,35.0,19902,70500.67575,-4.0044
920027.BJ,20260608,12.18,12.93,12.17,12.58,19824,24980.95069,0.8013
920028.BJ,20260608,18.82,20.39,18.13,19.23,44547,86603.74076,-2.4848
920029.BJ,20260608,41.0,43.04,40.3,41.41,10577,44198.83875,-0.8381
920030.BJ,20260608,5.05,5.29,4.99,5.13,17436,9014.67114,1.5842
920033.BJ,20260608,15.6,16.2,15.3,15.82,11885,18839.76075,1.0217
920035.BJ,20260608,27.0,28.94,26.33,28.42,11439,32289.21856,3.3455
920036.BJ,20260608,41.0,52.99,40.04,48.95,50531,240765.35998,12.142
920037.BJ,20260608,44.87,48.17,44.18,46.61,21198,99007.7708,1.569
920039.BJ,20260608,8.3,8.7,8.18,8.42,15023,12699.62311,0.1189
920045.BJ,20260608,470.0,536.66,468.22,520.0,12626,638349.81674,1.9588
920046.BJ,20260608,27.71,29.42,27.7,28.26,65911,187758.8888,-2.7194
920047.BJ,20260608,17.8,18.65,17.62,18.12,80829,146760.47211,0.3322
920050.BJ,20260608,28.8,29.78,28.12,29.07,4238,12318.87067,0.5534
920055.BJ,20260608,30.97,32.5,30.4,31.5,9209,29145.36854,0.0953
920056.BJ,20260608,19.38,20.98,19.22,20.78,19221,39254.98139,5.3218
920057.BJ,20260608,5.67,5.79,5.42,5.62,37065,20775.62383,0.3571
920058.BJ,20260608,23.5,24.95,23.38,24.67,7194,17493.30265,2.0265
920060.BJ,20260608,29.5,31.44,29.09,29.78,43331,131262.07139,-2.2003
920061.BJ,20260608,22.44,23.85,22.4,22.91,14257,33104.6207,-0.8225
920062.BJ,20260608,10.99,11.62,10.89,10.99,86679,97283.87596,-2.5709
920066.BJ,20260608,24.6,25.92,24.0,24.46,9224,22936.43967,-2.2773
920068.BJ,20260608,17.99,19.0,17.72,18.36,22530,41687.76259,-0.6494
920069.BJ,20260608,37.0,39.25,36.56,38.31,11796,45006.56876,0.8158
920075.BJ,20260608,18.68,20.08,18.5,19.52,15534,30281.58984,4.9462
920076.BJ,20260608,14.35,15.19,14.22,14.7,35152,52003.72345,2.5105
920077.BJ,20260608,17.3,18.37,17.04,17.28,126261,224282.30957,-3.2475
920078.BJ,20260608,32.5,35.75,32.0,33.43,53883,181992.25763,-5.4314
920080.BJ,20260608,22.64,24.0,22.1,23.73,10092,23798.67836,3.6697
920082.BJ,20260608,9.36,9.87,9.08,9.67,22886,22055.33365,2.6539
920086.BJ,20260608,26.2,27.75,25.8,27.12,16884,45746.47989,2.2239
920087.BJ,20260608,11.61,12.23,11.47,11.86,63229,75067.57815,1.0221
920088.BJ,20260608,39.88,45.68,39.8,43.85,95327,417147.14846,14.282
920089.BJ,20260608,16.26,16.94,15.87,16.61,17217,28377.63709,1.2188
920090.BJ,20260608,4.0,4.2,4.0,4.03,29427,12003.0727,-3.3573
920091.BJ,20260608,41.22,49.5,40.53,45.24,29651,133483.31686,9.012
920092.BJ,20260608,30.31,37.35,30.31,34.2,43705,150054.94306,10.2159
920096.BJ,20260608,62.74,72.72,56.0,72.32,60009,395333.52587,8.4095
920098.BJ,20260608,23.4,24.6,23.23,23.41,13656,32557.14759,-3.1844
920099.BJ,20260608,28.0,29.57,27.92,28.83,7504,21710.71488,-0.7915
920100.BJ,20260608,47.89,53.5,46.33,51.23,72573,371938.52335,3.7885
920101.BJ,20260608,29.8,31.1,29.32,30.34,5434,16612.57906,1.1333
920106.BJ,20260608,45.09,48.15,44.38,46.83,10149,47503.05159,2.2712
920108.BJ,20260608,10.01,10.57,9.9,10.33,12059,12538.28327,1.8738
920110.BJ,20260608,27.38,28.5,27.29,27.76,2782,7760.43626,1.1662
920111.BJ,20260608,32.45,35.9,32.25,34.26,81980,280833.25319,0.5282
920112.BJ,20260608,28.25,29.1,27.7,28.45,3035,8676.86203,0.6367
920116.BJ,20260608,61.25,66.99,60.44,64.33,67989,441488.82124,1.6432
920118.BJ,20260608,19.86,20.85,19.71,20.27,9868,19999.71462,0.6955
920119.BJ,20260608,53.16,56.28,52.82,55.21,7011,38573.05015,2.014
920121.BJ,20260608,33.01,34.77,32.6,33.3,3404,11410.57405,0.0
920122.BJ,20260608,22.4,23.7,22.28,23.3,9780,22657.65127,2.6432
920123.BJ,20260608,11.04,11.6,11.0,11.2,13454,15306.05425,1.083
920124.BJ,20260608,15.21,16.28,15.1,15.8,38362,60656.92014,1.8041
920125.BJ,20260608,173.58,198.6,169.0,187.6,18591,347094.65413,2.5081
920128.BJ,20260608,30.98,31.98,29.9,31.28,64027,198177.31681,-2.5849
920130.BJ,20260608,16.39,17.66,16.39,17.34,16505,28569.86254,3.0916
920132.BJ,20260608,11.8,12.45,11.74,12.29,8434,10293.27246,1.9071
920139.BJ,20260608,17.5,18.95,17.21,17.88,71818,130536.53632,-1.5419
920145.BJ,20260608,12.37,13.16,12.24,12.7,11577,14741.56875,0.1577
920146.BJ,20260608,6.02,6.65,5.96,6.3,42871,27113.24331,3.4483
920149.BJ,20260608,8.96,9.37,8.77,9.16,14188,13001.86303,1.5521
920152.BJ,20260608,20.27,23.8,20.27,23.0,75229,168239.86947,2.2222
920156.BJ,20260608,57.55,63.7,56.41,60.96,34365,208361.57437,1.6
920158.BJ,20260608,9.35,10.9,9.35,10.81,73428,75497.24067,11.6736
920159.BJ,20260608,34.27,35.3,33.59,34.28,9517,32804.10094,-0.3199
920160.BJ,20260608,21.0,21.95,20.85,21.36,9574,20531.61046,0.2817
920161.BJ,20260608,51.65,59.45,47.02,55.1,167245,880612.57154,-3.01
920163.BJ,20260608,10.7,11.29,10.58,11.0,9034,9967.49232,2.3256
920166.BJ,20260608,22.81,25.48,22.1,24.05,15323,37260.08954,7.462
920167.BJ,20260608,18.1,19.36,17.85,18.72,37565,70238.9081,-0.0534
920168.BJ,20260608,19.13,19.84,18.82,19.1,11704,22665.95161,-0.5726
920169.BJ,20260608,24.24,26.8,24.0,25.65,45544,118488.72611,3.4274
920171.BJ,20260608,19.66,21.4,19.58,20.41,47702,98419.53426,0.641
920174.BJ,20260608,36.5,38.8,35.9,37.51,23976,90561.38014,1.4332
920175.BJ,20260608,11.2,13.13,11.02,12.59,172836,209932.33405,5.0918
920177.BJ,20260608,30.7,32.96,30.13,31.64,12524,39843.09864,-1.6475
920178.BJ,20260608,148.4,160.5,132.0,149.43,30276,451300.5052,-5.4241
920179.BJ,20260608,63.0,67.96,60.0,60.94,69185,441369.86493,-10.4219
920180.BJ,20260608,13.83,14.6,13.74,14.3,13069,18642.16458,0.7752
920181.BJ,20260608,98.0,102.29,95.0,96.31,18677,183056.48963,-8.0836
920183.BJ,20260608,37.18,39.65,37.02,38.64,10263,39580.3981,1.4706
920184.BJ,20260608,12.5,13.44,12.39,13.12,26409,34591.95587,2.3401
920185.BJ,20260608,27.0,28.58,26.73,27.81,113743,316250.36321,0.8339
920186.BJ,20260608,88.66,93.09,87.49,88.69,85435,764659.80565,-5.4981
920187.BJ,20260608,21.26,22.45,21.0,22.0,9015,19801.82552,0.1365
920188.BJ,20260608,25.98,27.61,25.73,27.22,20430,55050.81628,3.3409
920190.BJ,20260608,32.18,33.71,29.37,29.77,155984,493262.00991,-15.9277
920191.BJ,20260608,11.14,11.72,10.94,11.49,42954,48730.46491,1.7715
920195.BJ,20260608,14.3,15.12,14.2,14.63,8251,12135.55372,1.2457
920198.BJ,20260608,8.29,8.82,8.2,8.68,35740,30672.77302,2.6005
920199.BJ,20260608,25.81,27.48,25.11,26.1,22158,58125.99681,2.5943
920200.BJ,20260608,46.08,50.58,45.36,49.78,42415,206853.97672,5.3545
920204.BJ,20260608,14.93,15.77,14.7,15.23,13731,20962.30195,1.1288
920206.BJ,20260608,78.11,116.85,78.11,81.87,101535,914213.06106,170.3765
920207.BJ,20260608,24.25,26.77,24.11,26.45,38764,100872.61201,5.3365
920208.BJ,20260608,20.5,21.56,19.8,20.8,15379,32177.78511,0.9709
920211.BJ,20260608,190.0,236.88,190.0,208.9,30951,657475.30374,-7.9249
920212.BJ,20260608,11.23,12.07,11.13,11.59,13363,15539.93125,1.8453
920218.BJ,20260608,29.0,31.58,28.0,29.0,52720,156252.90637,-4.8556
920220.BJ,20260608,71.0,75.2,68.68,74.0,25895,186916.39587,-3.0144
920221.BJ,20260608,16.6,18.33,16.02,17.61,62858,109900.15269,3.103
920223.BJ,20260608,15.65,17.0,15.41,16.13,45782,75056.92037,-0.4321
920225.BJ,20260608,22.28,23.75,22.0,22.31,32619,74253.85896,-4.6581
920227.BJ,20260608,63.0,68.88,62.01,68.0,13957,93938.57716,2.9523
920230.BJ,20260608,10.85,11.23,10.51,10.96,17346,19077.55536,1.0138
920237.BJ,20260608,16.12,17.16,16.09,16.58,17630,29381.43648,0.2418
920239.BJ,20260608,26.92,28.84,26.62,28.14,26325,73824.41345,2.6258
920242.BJ,20260608,23.53,25.0,23.43,24.48,6839,16793.90545,2.8571
920245.BJ,20260608,21.78,24.7,21.5,23.4,12872,30226.72216,6.7518
920247.BJ,20260608,17.66,21.48,17.58,19.17,92126,183965.3342,6.0288
920249.BJ,20260608,9.16,9.95,9.1,9.59,91575,88116.69789,1.1603
920252.BJ,20260608,19.85,21.97,19.8,21.09,45182,96043.1034,2.878
920260.BJ,20260608,8.43,8.92,8.26,8.77,15323,13300.81818,2.9343
920261.BJ,20260608,14.11,14.57,13.71,14.23,20198,28862.06539,0.3526
920262.BJ,20260608,13.97,14.81,13.85,14.55,11008,15883.99133,2.0337
920263.BJ,20260608,8.52,8.87,8.2,8.55,15793,13557.22053,2.1505
920266.BJ,20260608,7.21,7.48,7.11,7.29,9640,7077.55835,0.4132
920267.BJ,20260608,16.4,17.3,16.0,16.79,7516,12688.37982,1.8811
920270.BJ,20260608,15.16,16.87,15.16,16.1,28750,46767.45374,0.1867
920271.BJ,20260608,11.05,11.69,10.84,11.34,12842,14596.58234,1.5219
920273.BJ,20260608,21.87,23.98,21.5,22.0,50662,115210.41937,-3.6778
920274.BJ,20260608,19.38,20.3,19.08,19.69,15336,30434.28776,1.652
920275.BJ,20260608,6.19,6.44,6.05,6.26,16800,10576.35095,0.16
920278.BJ,20260608,6.49,6.85,6.46,6.73,19955,13375.17948,2.1244
920284.BJ,20260608,26.7,28.42,26.13,27.31,29157,80444.14169,0.4413
920299.BJ,20260608,21.73,23.0,21.6,22.19,28055,62665.3016,-2.2036
920300.BJ,20260608,10.5,11.08,10.44,10.8,22215,24099.40977,0.4651
920304.BJ,20260608,9.6,10.21,9.51,9.88,18520,18399.69654,1.4374
920339.BJ,20260608,11.38,11.69,10.69,10.8,46523,51827.68189,-6.4125
920344.BJ,20260608,19.02,19.77,18.73,19.17,4611,8935.84399,-0.1563
920346.BJ,20260608,18.02,19.74,17.87,18.98,11977,22746.82573,2.8726
920351.BJ,20260608,14.23,15.19,14.14,14.53,25498,37233.06866,3.196
920357.BJ,20260608,18.37,19.84,18.18,18.78,35231,66684.27389,-2.4416
920363.BJ,20260608,13.31,14.19,13.08,13.26,43303,59152.97728,-2.9283
920367.BJ,20260608,15.92,16.95,15.82,16.57,14378,23752.35708,2.4737
920368.BJ,20260608,34.77,36.84,34.15,34.97,97613,345859.7905,-2.6177
920370.BJ,20260608,2.95,3.05,2.86,2.97,42952,12676.4503,0.0
920371.BJ,20260608,9.5,9.99,9.2,9.72,91360,88450.48594,6.1135
920374.BJ,20260608,18.28,19.44,17.74,19.05,15475,29375.89498,2.4194
920375.BJ,20260608,8.97,9.5,8.9,9.23,38497,35597.90973,0.0
920378.BJ,20260608,7.97,8.76,7.9,8.42,40826,34501.20533,3.567
920392.BJ,20260608,16.15,17.05,15.89,16.77,8591,14353.03445,2.8834
920394.BJ,20260608,49.51,62.98,49.51,59.01,92294,527229.7235,18.1145
920395.BJ,20260608,8.05,8.55,7.81,8.41,8416,7008.70989,2.561
920396.BJ,20260608,25.46,27.94,25.39,26.16,42130,112041.92069,4.0573
920402.BJ,20260608,10.66,11.77,10.54,11.0,163349,183628.44441,-1.2567
920403.BJ,20260608,20.86,21.5,20.5,21.2,20701,43669.019,2.4155
920405.BJ,20260608,13.22,14.18,12.78,13.76,28796,39228.29419,2.0015
920407.BJ,20260608,15.57,16.45,15.31,15.95,11747,18784.80023,2.1127
920414.BJ,20260608,10.14,11.1,10.06,10.72,43091,45827.59686,4.2802
920415.BJ,20260608,10.52,11.45,10.51,11.18,40531,44939.96996,3.6145
920418.BJ,20260608,22.42,25.45,22.38,24.45,81041,196999.3143,5.6156
920419.BJ,20260608,11.1,11.69,11.0,11.41,12680,14561.14165,1.875
920422.BJ,20260608,10.1,10.5,10.0,10.25,10082,10393.44095,0.7866
920425.BJ,20260608,25.03,27.6,24.91,26.5,55102,146638.18959,2.9926
920427.BJ,20260608,13.55,14.44,13.11,13.46,44359,60799.69119,-4.8091
920429.BJ,20260608,11.11,11.74,11.1,11.37,20807,23935.77777,1.1566
920433.BJ,20260608,4.8,5.02,4.67,4.85,25932,12721.55467,0.8316
920436.BJ,20260608,12.4,13.28,12.38,13.05,14354,18616.96962,2.918
920438.BJ,20260608,93.5,102.96,88.78,88.78,168443,1604384.4069,-4.6914
920445.BJ,20260608,7.68,8.17,7.62,7.88,21584,17085.82641,1.1553
920454.BJ,20260608,13.0,13.68,12.7,13.36,17832,23805.30925,1.9847
920455.BJ,20260608,6.99,7.3,6.84,7.11,13126,9307.31709,1.7167
920469.BJ,20260608,6.85,7.58,6.7,7.4,72605,52832.02842,5.5635
920471.BJ,20260608,11.74,12.63,11.65,12.39,26269,32311.71122,1.9753
920475.BJ,20260608,12.99,14.77,12.79,14.23,29672,41633.93766,7.7214
920476.BJ,20260608,20.6,21.42,20.03,20.45,21395,44204.69095,-2.8965
920478.BJ,20260608,9.7,10.12,9.5,9.8,15318,15108.47539,1.7653
920489.BJ,20260608,15.16,16.38,15.0,15.28,52629,82475.55274,-2.9841
920491.BJ,20260608,27.51,30.26,27.33,29.09,95235,276461.93745,1.7133
920493.BJ,20260608,137.0,145.5,134.11,141.12,19419,274827.81407,-0.191
920496.BJ,20260608,7.68,8.22,7.59,8.02,36856,29481.63988,2.6889
920504.BJ,20260608,18.64,19.37,18.21,18.99,4342,8172.96921,1.9324
920505.BJ,20260608,33.54,35.48,32.72,34.2,10932,37430.80484,-0.8696
920508.BJ,20260608,16.32,17.7,16.18,17.5,11742,20255.07359,4.7277
920509.BJ,20260608,33.5,36.59,33.01,34.04,67349,233297.21612,-3.8961
920510.BJ,20260608,20.0,25.54,19.76,25.54,180405,411009.26182,29.9746
920519.BJ,20260608,10.21,11.1,10.21,10.87,10308,11168.33111,1.5888
920522.BJ,20260608,30.3,32.58,30.02,31.79,58697,184940.452,2.1858
920523.BJ,20260608,18.31,19.77,18.1,19.08,21204,40844.94624,2.1413
920526.BJ,20260608,27.94,30.14,26.23,26.38,60997,170936.00078,-10.5156
920527.BJ,20260608,14.72,15.65,14.32,15.19,10119,15255.82772,2.7045
920533.BJ,20260608,23.28,25.89,22.68,24.68,57452,142051.62279,4.223
920541.BJ,20260608,10.56,11.07,10.25,10.89,20186,21861.00407,2.639
920547.BJ,20260608,19.94,21.28,19.84,20.85,4799,10000.23877,2.0059
920553.BJ,20260608,7.59,8.06,7.32,7.85,20452,16098.20786,3.4256
920556.BJ,20260608,8.05,8.54,7.94,8.28,29860,24759.91338,0.3636
920564.BJ,20260608,18.98,20.49,18.76,19.91,26080,51833.25002,3.6439
920566.BJ,20260608,9.85,10.19,9.73,10.0,14916,14930.38189,0.7049
920570.BJ,20260608,26.8,29.28,26.32,28.46,14634,41414.0277,4.6324
920571.BJ,20260608,9.6,10.1,9.4,10.0,208654,205036.12088,2.8807
920575.BJ,20260608,4.34,4.59,4.3,4.33,78799,34973.07225,-2.9148
920576.BJ,20260608,66.7,75.7,66.01,68.5,63298,449348.47163,-2.0029
920578.BJ,20260608,16.9,22.75,16.9,22.75,58778,124451.31282,30.0
920579.BJ,20260608,16.65,19.98,16.42,19.13,65816,123398.30309,13.0615
920580.BJ,20260608,13.4,14.49,13.33,13.84,48248,67338.59079,-0.6461
920592.BJ,20260608,26.93,29.16,26.82,28.32,21626,61068.04232,3.2446
920593.BJ,20260608,30.5,37.33,30.25,34.83,156110,537517.88296,9.8738
920599.BJ,20260608,16.52,17.45,16.15,17.1,58441,98906.89842,1.6043
920608.BJ,20260608,14.44,15.31,14.32,14.97,4872,7292.59066,1.6984
920627.BJ,20260608,17.45,18.8,17.43,18.35,19719,36163.33659,2.8011
920634.BJ,20260608,16.76,17.68,16.5,17.23,9756,16822.63601,1.4723
920639.BJ,20260608,7.2,7.73,7.15,7.43,36630,27400.19314,0.4054
920640.BJ,20260608,34.0,36.88,33.8,35.1,99133,353123.93852,-0.8475
920641.BJ,20260608,16.37,18.03,16.37,17.4,36967,64058.20066,2.6549
920642.BJ,20260608,11.22,12.01,11.22,11.69,40948,48110.02639,1.7406
920651.BJ,20260608,23.0,23.8,22.51,23.07,7924,18440.13264,0.348
920656.BJ,20260608,14.33,14.9,14.2,14.56,7213,10535.20035,0.622
920662.BJ,20260608,20.22,21.68,20.01,21.25,17160,36142.91918,2.3603
920663.BJ,20260608,14.38,15.68,14.33,15.25,24225,37012.63928,3.7415
920665.BJ,20260608,12.4,13.3,12.16,12.49,55090,70082.62368,-6.4419
920670.BJ,20260608,14.08,14.74,13.9,14.39,23512,33886.66879,1.1244
920679.BJ,20260608,16.53,17.29,16.3,16.92,4159,6988.13515,1.7438
920682.BJ,20260608,6.88,7.36,6.83,7.16,152518,108973.78563,-0.2786
920685.BJ,20260608,11.48,12.11,11.35,11.82,4985,5894.33141,2.0725
920689.BJ,20260608,24.43,26.2,23.82,25.32,12525,31771.40894,2.9268
920690.BJ,20260608,18.72,20.38,18.36,20.2,25674,50620.97602,5.428
920693.BJ,20260608,27.21,29.5,27.04,28.62,12350,35236.84548,2.8387
920694.BJ,20260608,15.75,16.67,15.55,16.1,11677,18900.42508,1.1942
920699.BJ,20260608,64.92,72.09,62.41,66.22,17067,115640.85088,-0.451
920701.BJ,20260608,13.15,13.86,13.02,13.5,9408,12739.9101,0.9723
920703.BJ,20260608,10.31,10.91,10.27,10.71,11600,12400.53567,1.3245
920706.BJ,20260608,19.21,20.99,19.0,20.21,32228,65439.48283,1.7111
920717.BJ,20260608,7.73,8.17,7.65,8.01,13726,10930.97568,2.4297
920718.BJ,20260608,10.88,11.64,10.63,11.36,18059,20446.36491,3.4608
920719.BJ,20260608,10.58,11.48,10.48,11.1,61754,68456.16057,2.5878
920720.BJ,20260608,11.0,12.99,10.91,12.17,90152,110274.30572,8.1778
920725.BJ,20260608,77.77,83.0,75.11,83.0,89513,702517.0367,-0.4199
920726.BJ,20260608,17.94,18.98,17.88,18.08,40269,74275.09262,1.1186
920729.BJ,20260608,7.18,7.48,7.08,7.27,8176,5992.62889,-0.2743
920735.BJ,20260608,25.11,25.76,24.51,24.85,22497,56792.5104,-1.0354
920748.BJ,20260608,26.99,28.25,26.22,27.87,12783,35297.97438,4.0314
920751.BJ,20260608,22.76,24.39,22.6,23.3,16682,39517.23284,-0.3422
920753.BJ,20260608,16.15,17.16,15.92,16.5,5963,9920.24443,0.9792
920765.BJ,20260608,13.43,13.98,13.08,13.7,17065,23290.49755,1.2565
920768.BJ,20260608,7.81,8.22,7.77,7.99,17521,14084.46221,1.1392
920770.BJ,20260608,13.05,14.08,12.88,13.69,81342,110758.77792,1.0332
920779.BJ,20260608,28.0,29.77,27.55,28.83,9162,26509.55183,1.9809
920781.BJ,20260608,6.38,6.88,6.3,6.68,43457,28988.88513,3.2457
920786.BJ,20260608,7.93,8.18,7.64,7.77,80075,63635.68972,-1.8939
920790.BJ,20260608,19.12,20.9,19.0,20.12,21426,43190.72984,3.6579
920792.BJ,20260608,10.38,10.85,10.2,10.62,15568,16541.07125,2.4108
920799.BJ,20260608,29.14,31.3,29.14,30.38,36229,110748.82665,1.3342
920802.BJ,20260608,12.19,12.76,11.92,12.32,6836,8441.12456,0.9836
920806.BJ,20260608,10.58,11.92,10.47,11.4,68786,78061.95845,5.1661
920807.BJ,20260608,12.75,13.32,12.3,12.5,82470,104845.60445,-4.943
920808.BJ,20260608,73.8,78.48,72.06,74.8,27273,206435.11599,-1.9531
920809.BJ,20260608,8.06,8.48,7.96,8.14,196875,161841.40233,-0.6105
920810.BJ,20260608,9.31,10.18,9.23,9.93,12573,12423.99075,3.8703
920819.BJ,20260608,3.0,3.11,2.95,3.01,79798,24249.97927,-0.9868
920821.BJ,20260608,22.51,24.4,22.23,23.37,34883,82096.78438,0.5594
920826.BJ,20260608,10.12,10.7,10.01,10.38,59221,61755.44424,0.5814
920832.BJ,20260608,7.07,7.37,6.95,7.16,22198,16044.25628,1.1299
920833.BJ,20260608,14.08,14.91,13.85,14.55,13223,19294.15168,1.8195
920834.BJ,20260608,10.18,10.87,10.06,10.65,15811,16668.58055,2.7992
920837.BJ,20260608,11.14,11.93,10.99,11.59,15284,17692.85739,1.7559
920839.BJ,20260608,27.97,35.0,27.38,34.1,45140,145712.55293,21.5686
920855.BJ,20260608,13.83,14.5,13.49,14.27,4469,6320.33408,2.9582
920856.BJ,20260608,10.19,11.4,10.18,11.02,25142,27539.23129,5.6568
920857.BJ,20260608,17.68,18.88,17.18,18.32,21193,38683.6273,-2.8117
920866.BJ,20260608,6.69,6.91,6.63,6.76,19312,13163.91067,0.8955
920870.BJ,20260608,14.01,15.21,13.88,14.73,27941,41136.04815,4.8399
920871.BJ,20260608,12.63,13.17,12.45,13.05,7177,9260.5838,1.3986
920873.BJ,20260608,8.15,8.69,8.1,8.19,42846,35884.02782,-2.2673
920876.BJ,20260608,22.22,24.16,21.82,22.79,36953,84952.03043,-2.8559
920879.BJ,20260608,17.07,17.79,16.5,17.27,28747,49555.67082,1.0532
920885.BJ,20260608,15.25,16.6,15.2,15.67,56374,89988.08644,-1.1356
920892.BJ,20260608,12.24,13.47,12.24,12.73,16650,21464.40657,1.0317
920895.BJ,20260608,14.34,15.23,13.99,14.68,9439,13900.56307,2.514
920896.BJ,20260608,14.75,16.65,14.59,16.3,24853,39931.11117,8.2337
920906.BJ,20260608,20.56,23.09,20.56,21.99,20475,45390.27947,4.9141
920914.BJ,20260608,21.5,22.88,21.26,22.11,21053,46793.51281,1.005
920924.BJ,20260608,17.68,18.44,17.49,17.96,22073,39796.53757,0.9556
920925.BJ,20260608,12.55,13.29,12.52,12.95,15620,20271.93188,1.251
920926.BJ,20260608,11.79,12.5,11.67,12.18,6741,8217.65566,1.5847
920931.BJ,20260608,10.5,11.15,10.41,10.94,9307,10106.47374,3.0132
920932.BJ,20260608,17.0,18.4,16.8,17.35,72292,127541.92069,-2.4184
920942.BJ,20260608,21.9,23.33,21.32,22.6,18190,41181.15397,2.9144
920943.BJ,20260608,15.01,16.19,15.0,15.85,13234,20843.35474,3.392
920946.BJ,20260608,9.25,9.59,9.01,9.34,31972,29901.71004,0.8639
920950.BJ,20260608,14.11,14.97,13.97,14.69,4850,7101.29025,3.0877
920953.BJ,20260608,26.6,28.7,25.4,27.56,23065,63447.5162,3.3371
920957.BJ,20260608,10.22,10.65,10.09,10.4,9991,10402.45148,1.8609
920961.BJ,20260608,23.5,25.99,23.08,24.96,194661,481501.82776,13.713
920964.BJ,20260608,5.19,5.49,5.12,5.28,51716,27654.73257,1.5385
920970.BJ,20260608,6.25,6.48,6.13,6.26,19904,12636.6452,0.0
920971.BJ,20260608,41.5,47.15,40.5,41.78,116353,505752.08403,-3.2646
920974.BJ,20260608,7.46,7.8,7.4,7.76,42354,32328.87338,2.5099
920976.BJ,20260608,22.2,22.66,21.25,21.73,8409,18545.6086,-0.7763
920978.BJ,20260608,23.59,25.8,23.08,25.67,84884,213740.64672,7.3161
920981.BJ,20260608,39.51,42.17,39.0,39.6,51985,209090.24165,-6.5376
920982.BJ,20260608,153.5,159.0,149.44,155.29,8302,128937.26609,-0.0901
920985.BJ,20260608,5.64,5.94,5.51,5.76,51973,29905.84192,0.0
920992.BJ,20260608,13.16,13.81,12.94,13.38,11358,15242.59868,0.4505
