ts_code,trade_date,turnover_rate,turnover_rate_f,volume_ratio,total_mv,float_mv
688306.SH,20260410,0.6254,1.5185,,1120193.9136,
002135.SZ,20260410,4.9521,8.6756,,847796.188,
003013.SZ,20260410,0.4658,2.0944,,608661.0551,
000526.SZ,20260410,3.092,4.8901,,402385.3819,
600353.SH,20260410,3.4423,5.9298,,1246624.311,
600750.SH,20260410,0.8423,1.4926,,1650052.0982,
002921.SZ,20260410,5.4269,6.6746,,409220.9389,
002328.SZ,20260410,12.614,14.2708,,780259.47,
002024.SZ,20260410,0.4123,1.1276,,1260008.396,
603806.SH,20260410,2.1962,5.7688,,4596608.4874,
000563.SZ,20260410,1.1816,2.0935,,1743863.8921,
600078.SH,20260410,7.5134,12.9089,,841955.1991,
603210.SH,20260410,1.61,2.2456,,573574.0,
301080.SZ,20260410,5.5556,7.1921,,816997.3955,
603663.SH,20260410,2.0528,4.8238,,1819765.6253,
600815.SH,20260410,4.6748,9.0433,,658189.0521,
002050.SZ,20260410,2.8328,5.0386,,18881358.5263,
300788.SZ,20260410,3.8998,14.7164,,608674.9995,
603788.SH,20260410,0.4611,0.9451,,342404.8794,
605259.SH,20260410,0.7998,1.835,,374799.04,
002117.SZ,20260410,1.794,2.5943,,520054.9083,
920925.BJ,20260410,2.5942,3.7433,,167920.4144,
002634.SZ,20260410,8.5608,11.1477,,400555.3913,
000859.SZ,20260410,3.9382,5.5557,,866409.0541,
688360.SH,20260410,1.8957,3.683,,513249.068,
688737.SH,20260410,0.9014,1.4698,,293172.1761,
300286.SZ,20260410,2.4017,3.389,,626460.0682,
603883.SH,20260410,0.6786,1.2976,,1021466.2577,
300517.SZ,20260410,1.8098,2.2248,,230475.7861,
600638.SH,20260410,0.9778,1.5621,,403364.6748,
300417.SZ,20260410,3.7501,4.6945,,168742.2528,
002756.SZ,20260410,5.2853,6.0323,,3869131.7526,
920245.BJ,20260410,1.6608,3.4566,,123000.252,
688022.SH,20260410,5.7874,7.8455,,294772.071,
002404.SZ,20260410,1.6603,2.5331,,389795.8725,
688472.SH,20260410,2.9917,2.9917,,4808944.9478,
603626.SH,20260410,4.787,6.7983,,1356680.8421,
688347.SH,20260410,3.615,4.1012,,21131345.0991,
688283.SH,20260410,1.1841,2.3584,,478065.0,
002635.SZ,20260410,11.9277,15.3288,,1020535.4425,
002463.SZ,20260410,4.5865,6.7091,,16995978.7588,
603959.SH,20260410,6.2623,8.2054,,302514.4781,
688361.SH,20260410,2.0301,2.4738,,5977986.7821,
300624.SZ,20260410,4.0291,5.0408,,1347360.842,
000839.SZ,20260410,1.5591,2.453,,1254344.4326,
300274.SZ,20260410,6.6024,7.3301,,27115532.2145,
301356.SZ,20260410,2.1444,2.1721,,474984.0,
600152.SH,20260410,16.1861,22.8884,,520085.0256,
300049.SZ,20260410,2.6673,2.8707,,1520431.7142,
600540.SH,20260410,3.601,6.547,,272665.7942,
300741.SZ,20260410,0.5568,2.9466,,1020513.16,
002686.SZ,20260410,7.17,12.5587,,400331.067,
300810.SZ,20260410,2.6606,4.7973,,379648.8,
920876.BJ,20260410,2.3604,3.8869,,153070.8717,
600927.SH,20260410,0.5286,3.4484,,2052333.334,
688157.SH,20260410,1.0547,2.2357,,650596.8617,
002587.SZ,20260410,2.8165,3.1123,,430670.6871,
920199.BJ,20260410,2.5372,5.2676,,239610.2764,
603327.SH,20260410,3.6851,12.5155,,1029777.4696,
601311.SH,20260410,5.5201,9.1442,,1169626.6796,
002512.SZ,20260410,7.5815,10.5014,,439436.1696,
600966.SH,20260410,0.8516,1.6644,,889001.4515,
600358.SH,20260410,1.6243,2.2973,,320129.8424,
002893.SZ,20260410,8.4686,10.7067,,279985.68,
300648.SZ,20260410,1.8419,1.9876,,912885.9732,
002382.SZ,20260410,4.7273,6.669,,782552.8321,
002243.SZ,20260410,0.6658,1.3418,,1052015.0663,
688147.SH,20260410,1.3937,4.4975,,3130344.665,
002898.SZ,20260410,2.1977,3.4995,,231440.0,
600057.SH,20260410,0.5695,1.3,,2363370.33,
000921.SZ,20260410,0.8622,1.9723,,3081316.1055,
002496.SZ,20260410,2.1057,2.3329,,289457.218,
601018.SH,20260410,0.1684,1.068,,7587211.4756,
600749.SH,20260410,12.9833,23.6343,,385614.4134,
002657.SZ,20260410,3.8889,4.2484,,766477.1967,
001259.SZ,20260410,1.9073,3.7612,,229302.975,
000981.SZ,20260410,2.665,4.628,,4168945.3603,
301032.SZ,20260410,6.1763,11.1974,,317813.8212,
000408.SZ,20260410,0.6339,1.4241,,13048575.941,
600117.SH,20260410,0.3086,0.8478,,839819.6331,
000601.SZ,20260410,5.4005,7.6305,,679051.0407,
600919.SH,20260410,0.2965,0.4107,,19782727.7711,
300980.SZ,20260410,7.3844,8.7018,,521886.4484,
605266.SH,20260410,0.9018,1.7911,,295486.0783,
002760.SZ,20260410,3.5682,4.651,,233471.5824,
002963.SZ,20260410,2.6799,4.4362,,216217.5793,
688728.SH,20260410,0.4307,1.2762,,3419771.4671,
301668.SZ,20260410,6.1493,6.1493,,556600.0,
300059.SZ,20260410,4.4761,4.8098,,31228778.4458,
600616.SH,20260410,0.8479,1.3356,,339854.5146,
300831.SZ,20260410,7.9703,7.9703,,539520.0,
920055.BJ,20260410,11.4233,11.4233,,223312.0,
688126.SH,20260410,0.8417,1.4356,,5856501.4524,
301011.SZ,20260410,1.4392,2.6559,,353931.335,
000661.SZ,20260410,1.1256,1.5469,,3508262.7494,
301157.SZ,20260410,11.681,11.681,,378660.0,
301279.SZ,20260410,1.1785,2.9577,,357041.6537,
000889.SZ,20260410,20.5837,27.8128,,407286.6355,
688679.SH,20260410,4.9829,10.2059,,752869.872,
603177.SH,20260410,1.3205,3.1774,,224611.2,
002967.SZ,20260410,0.8629,1.6449,,1313433.9811,
688709.SH,20260410,3.104,3.8736,,2823142.8663,
688367.SH,20260410,2.4101,3.5013,,335777.4672,
600017.SH,20260410,1.4829,2.67,,925771.8203,
688570.SH,20260410,0.2632,0.3964,,761647.0,
300570.SZ,20260410,17.5491,21.6528,,2887918.1139,
601038.SH,20260410,0.6689,2.6714,,1419163.9823,
600313.SH,20260410,6.2939,10.4521,,865223.6069,
301081.SZ,20260410,2.8289,6.3934,,352549.4055,
688608.SH,20260410,3.087,4.6738,,2833886.0543,
601519.SH,20260410,2.2144,4.4245,,2154260.28,
002094.SZ,20260410,3.0302,3.8563,,450465.2019,
301535.SZ,20260410,2.2515,5.9928,,836128.236,
603067.SH,20260410,3.1898,5.084,,2743534.6692,
601677.SH,20260410,6.8581,8.063,,2140104.1621,
001289.SZ,20260410,0.1991,7.5282,,12740359.8339,
000685.SZ,20260410,1.1795,2.3358,,1629998.0429,
002986.SZ,20260410,2.2495,2.6279,,600211.678,
301325.SZ,20260410,3.5756,3.5756,,646509.7214,
300268.SZ,20260410,0.7377,1.0534,,242486.4,
600202.SH,20260410,2.3789,3.606,,226937.6778,
600675.SH,20260410,0.2924,1.0454,,1578041.3214,
603018.SH,20260410,0.4915,0.4915,,497119.985,
301187.SZ,20260410,1.5477,5.3847,,519044.6569,
002795.SZ,20260410,4.6806,6.5493,,357766.8159,
300575.SZ,20260410,3.0898,3.5058,,300028.2196,
300247.SZ,20260410,1.3156,1.5397,,371466.6246,
603038.SH,20260410,1.2164,2.0904,,417524.2227,
002030.SZ,20260410,0.7675,1.1226,,837857.2811,
600157.SH,20260410,2.781,3.4105,,3774473.1971,
001208.SZ,20260410,7.1584,7.275,,1211589.1199,
002772.SZ,20260410,2.9815,4.8099,,650553.0373,
603212.SH,20260410,2.037,3.2073,,560425.5047,
920099.BJ,20260410,1.5978,2.1271,,239198.3939,
002394.SZ,20260410,2.1325,3.5842,,454151.1,
002723.SZ,20260410,3.8046,5.4928,,321714.68,
300050.SZ,20260410,22.7564,27.6114,,428249.5203,
603819.SH,20260410,4.485,8.9793,,294153.4826,
920656.BJ,20260410,1.9574,2.5349,,156700.0,
000612.SZ,20260410,3.3693,4.4639,,1464020.8558,
301101.SZ,20260410,1.1223,2.8014,,703277.229,
605337.SH,20260410,0.625,1.6084,,426771.9457,
300239.SZ,20260410,4.6642,6.3865,,325890.7552,
601333.SH,20260410,0.7669,1.434,,2188812.933,
688678.SH,20260410,8.4182,12.6262,,755824.6894,
301391.SZ,20260410,3.6663,10.0937,,731614.0447,
300583.SZ,20260410,1.189,2.2206,,274688.6784,
300636.SZ,20260410,1.6942,2.1289,,341840.5169,
002952.SZ,20260410,7.6845,19.2081,,433035.9,
601969.SH,20260410,1.0876,4.8715,,2203076.5166,
000411.SZ,20260410,0.9646,1.9497,,625288.0046,
603238.SH,20260410,1.2871,3.2253,,282061.801,
603386.SH,20260410,1.6188,3.805,,455219.9712,
300456.SZ,20260410,12.7169,13.7471,,3854369.9374,
000657.SZ,20260410,6.1833,10.0459,,11160604.3512,
603395.SH,20260410,3.6188,3.6188,,735020.0,
688027.SH,20260410,2.7789,3.6452,,5664761.0471,
603429.SH,20260410,1.544,2.6191,,566444.3022,
300917.SZ,20260410,2.0592,4.6275,,541307.0,
301266.SZ,20260410,2.9029,6.5901,,438490.1364,
688399.SH,20260410,1.0125,1.6893,,435042.6168,
603737.SH,20260410,0.537,1.6279,,3703843.7145,
601158.SH,20260410,0.1666,1.4565,,2088011.029,
603897.SH,20260410,6.7186,16.1289,,766908.5549,
600539.SH,20260410,12.2252,20.3639,,340170.0,
001299.SZ,20260410,6.4725,21.6483,,371722.3444,
002406.SZ,20260410,2.2493,2.4903,,535985.2102,
300121.SZ,20260410,5.8512,8.4693,,570790.9303,
003011.SZ,20260410,3.2574,4.2689,,240569.868,
688334.SH,20260410,1.6238,2.5482,,677163.4778,
000021.SZ,20260410,4.9682,7.5588,,4416422.2556,
688371.SH,20260410,0.781,1.936,,702814.5858,
603360.SH,20260410,1.0183,2.3032,,1903978.9712,
002928.SZ,20260410,3.1916,5.8111,,1092896.5253,
688515.SH,20260410,2.745,3.0908,,1019200.0,
000875.SZ,20260410,1.0606,1.5053,,2335962.2831,
600521.SH,20260410,2.3273,3.8548,,2424051.2082,
300215.SZ,20260410,2.6952,4.4591,,603769.9147,
001306.SZ,20260410,5.3569,5.3569,,422104.6296,
300884.SZ,20260410,1.6773,2.0785,,342207.0814,
688488.SH,20260410,4.0385,7.3123,,777606.6292,
002663.SZ,20260410,6.4187,7.767,,406710.3409,
600221.SH,20260410,0.5136,0.8875,,6309482.3501,
002572.SZ,20260410,0.872,1.0371,,1207661.1437,
002112.SZ,20260410,9.758,13.3665,,620617.005,
600187.SH,20260410,1.3677,1.7379,,300163.2852,
002759.SZ,20260410,13.7387,16.8455,,1789434.5172,
000716.SZ,20260410,1.104,1.7238,,393758.3582,
300549.SZ,20260410,1.5443,2.1194,,228944.78,
002259.SZ,20260410,3.4862,4.864,,410018.9055,
688108.SH,20260410,3.4296,4.4768,,915732.832,
301113.SZ,20260410,3.9379,8.75,,231686.0,
001333.SZ,20260410,8.263,8.263,,319488.0,
300999.SZ,20260410,1.5128,1.5128,,15397319.9622,
300329.SZ,20260410,2.7213,4.9051,,376045.6159,
600249.SH,20260410,5.5486,8.6533,,338800.0,
300707.SZ,20260410,3.4952,4.1838,,284760.8879,
603826.SH,20260410,2.1237,7.8408,,1804420.8,
600397.SH,20260410,2.9469,4.8584,,1443361.508,
000428.SZ,20260410,1.5766,3.519,,406551.474,
600866.SH,20260410,2.0171,2.7268,,1158046.4134,
002146.SZ,20260410,2.0059,2.9066,,600046.6114,
603519.SH,20260410,1.1598,2.4383,,371793.6632,
300925.SZ,20260410,2.7491,3.1548,,784537.3694,
300153.SZ,20260410,5.426,8.6166,,858240.0,
688035.SH,20260410,5.6352,12.8967,,897534.4,
301025.SZ,20260410,1.7535,4.3218,,437538.1742,
002083.SZ,20260410,9.7136,16.0293,,1213591.2134,
301311.SZ,20260410,0.937,2.5776,,399360.0,
600335.SH,20260410,0.5438,1.7375,,907943.736,
301293.SZ,20260410,4.5003,5.54,,1402359.4075,
300537.SZ,20260410,2.5717,2.925,,459875.831,
300658.SZ,20260410,20.3108,29.0772,,780331.8262,
002733.SZ,20260410,11.5597,18.4489,,1162250.1118,
688071.SH,20260410,2.0615,2.826,,279636.5098,
601665.SH,20260410,0.6485,1.0603,,3569228.6645,
300523.SZ,20260410,0.6249,1.3039,,495983.4442,
603197.SH,20260410,1.5835,2.2479,,715333.2414,
000977.SZ,20260410,7.9961,11.8547,,9912217.4213,
300795.SZ,20260410,1.7723,2.3233,,356580.3869,
600196.SH,20260410,0.7251,1.2503,,7071296.8526,
002329.SZ,20260410,9.0202,9.8341,,337956.0179,
600757.SH,20260410,0.6361,1.456,,1118985.5517,
301598.SZ,20260410,2.1952,2.1952,,355150.2547,
002949.SZ,20260410,2.6577,4.6135,,274858.3679,
601816.SH,20260410,0.2569,0.5118,,24218211.2882,
688329.SH,20260410,2.0285,3.3344,,186824.0,
603050.SH,20260410,0.7653,1.7278,,794538.8102,
603311.SH,20260410,3.936,8.0959,,417514.5154,
603355.SH,20260410,0.3365,1.7559,,1564799.7526,
000615.SZ,20260410,0.802,0.9852,,605960.0229,
002420.SZ,20260410,3.6059,4.878,,315870.72,
300154.SZ,20260410,4.3111,9.1134,,375828.148,
300719.SZ,20260410,2.1969,2.6322,,400916.2156,
301308.SZ,20260410,6.9415,12.2603,,14305427.9627,
688549.SH,20260410,4.5189,5.2287,,1359093.92,
300976.SZ,20260410,1.932,3.53,,778609.0781,
600648.SH,20260410,0.3384,0.9447,,1421108.2678,
300911.SZ,20260410,2.5259,4.8075,,540658.7811,
920879.BJ,20260410,0.6335,1.2559,,332103.1071,
688114.SH,20260410,0.7373,1.3893,,2126314.9713,
600967.SH,20260410,2.2811,5.1501,,2510147.1338,
920403.BJ,20260410,1.935,2.5379,,219389.2646,
688765.SH,20260410,2.111,2.111,,2343770.0,
600039.SH,20260410,0.1904,1.6418,,8182550.7969,
000031.SZ,20260410,0.4147,1.3499,,1260176.1217,
000738.SZ,20260410,1.6101,3.2132,,2781614.1621,
600888.SH,20260410,2.3956,3.9855,,1310804.541,
600340.SH,20260410,2.3126,3.8051,,520524.8055,
688489.SH,20260410,0.7942,1.8917,,448050.43,
603209.SH,20260410,1.8643,3.3127,,485225.0,
603159.SH,20260410,1.1492,2.5992,,367220.0,
600812.SH,20260410,1.4183,3.152,,953946.0857,
688561.SH,20260410,0.7065,1.8768,,2054262.955,
600955.SH,20260410,1.1626,2.5347,,985600.0,
002712.SZ,20260410,2.2859,3.676,,283023.623,
603566.SH,20260410,1.0151,1.4837,,441575.4603,
920208.BJ,20260410,0.4752,0.4872,,310426.5653,
000061.SZ,20260410,0.5773,1.4614,,1435126.9462,
605507.SH,20260410,0.5927,1.2941,,1428911.6895,
002082.SZ,20260410,13.172,24.0558,,1822833.3839,
601108.SH,20260410,1.4075,2.0822,,3831105.413,
920519.BJ,20260410,1.3017,1.4955,,104789.0141,
301229.SZ,20260410,1.8206,2.3789,,334476.1218,
301378.SZ,20260410,3.3383,4.2842,,309409.8,
920981.BJ,20260410,4.0893,6.2101,,231392.168,
601100.SH,20260410,0.7274,2.0401,,13593243.2169,
688075.SH,20260410,0.358,1.3798,,491810.4554,
600478.SH,20260410,4.2911,6.0245,,1237496.9006,
688600.SH,20260410,1.121,2.0277,,336636.5165,
301336.SZ,20260410,1.8906,2.3177,,206760.0,
600228.SH,20260410,3.6451,5.205,,259170.2496,
605598.SH,20260410,1.2443,4.0308,,1147525.3721,
001201.SZ,20260410,2.7753,4.5757,,327385.6813,
600376.SH,20260410,1.8512,3.9101,,1243350.4466,
600463.SH,20260410,0.7106,1.7161,,295500.0,
002249.SZ,20260410,1.737,1.9709,,2303898.6133,
300898.SZ,20260410,2.1323,3.5714,,289168.0,
603402.SH,20260410,7.1415,7.1415,,1020026.6755,
688726.SH,20260410,11.124,11.124,,2411690.8246,
300690.SZ,20260410,7.0756,8.8285,,495385.3613,
300851.SZ,20260410,2.0913,2.6244,,252106.86,
601061.SH,20260410,0.3039,2.953,,5875100.0,
301206.SZ,20260410,0.7782,1.0786,,537174.7335,
688085.SH,20260410,1.1324,1.8062,,604234.0464,
603726.SH,20260410,1.0951,2.4417,,430525.1328,
920799.BJ,20260410,6.8193,10.5816,,775137.2848,
603066.SH,20260410,0.6207,1.3084,,295650.9744,
301302.SZ,20260410,4.353,7.1821,,329966.205,
300397.SZ,20260410,2.4303,2.6701,,603564.4447,
603297.SH,20260410,1.5055,4.8207,,1214313.1182,
600133.SH,20260410,3.3824,4.0791,,962814.6071,
300011.SZ,20260410,1.2245,1.6369,,455983.2064,
300872.SZ,20260410,4.4221,5.1804,,819067.1773,
301110.SZ,20260410,3.0939,4.3639,,550677.7667,
301036.SZ,20260410,1.3959,2.1134,,285600.0,
001219.SZ,20260410,1.2191,2.3415,,285651.1938,
603950.SH,20260410,2.0053,5.4574,,1600233.7596,
301088.SZ,20260410,0.6402,2.0862,,325441.2,
688097.SH,20260410,2.7679,7.6066,,2799588.191,
000951.SZ,20260410,1.8294,3.7334,,2971244.6114,
300529.SZ,20260410,0.6489,0.8102,,1403948.0735,
920098.BJ,20260410,2.2703,3.3998,,213222.0075,
003005.SZ,20260410,2.1846,2.7836,,421127.4176,
688525.SH,20260410,9.0353,11.7979,,11371177.3832,
603716.SH,20260410,11.609,13.5527,,509660.0575,
301285.SZ,20260410,2.0131,4.9125,,1822829.4,
920036.BJ,20260410,13.4748,13.4748,,241632.9119,
603266.SH,20260410,2.76,6.1587,,394591.312,
603076.SH,20260410,3.4814,7.0501,,347740.5721,
300880.SZ,20260410,2.4229,5.3798,,410568.8371,
300175.SZ,20260410,1.2134,1.5955,,292366.8,
301281.SZ,20260410,5.5138,7.8384,,376740.91,
300508.SZ,20260410,2.592,4.2319,,424391.8407,
002058.SZ,20260410,0.5016,0.9452,,317020.8137,
688303.SH,20260410,0.4755,1.9016,,4462027.9059,
600262.SH,20260410,3.5987,5.8539,,438770.0,
002375.SZ,20260410,0.7523,1.6227,,521258.6377,
000799.SZ,20260410,1.5475,2.2428,,1402068.5487,
300333.SZ,20260410,5.0757,5.9266,,318192.0,
301230.SZ,20260410,6.8539,11.2476,,556392.2075,
002386.SZ,20260410,4.1138,6.1361,,803116.244,
300720.SZ,20260410,17.0842,32.719,,1014530.9947,
600006.SH,20260410,0.7892,1.9783,,1276000.0,
603520.SH,20260410,6.0055,7.7328,,476551.5406,
300703.SZ,20260410,2.933,4.3851,,364752.3005,
002983.SZ,20260410,3.4164,6.8407,,544171.1593,
002668.SZ,20260410,1.1302,2.269,,995214.2909,
920694.BJ,20260410,0.7868,1.4518,,230362.3021,
600960.SH,20260410,1.9185,3.4729,,500921.678,
601099.SH,20260410,3.0961,3.4755,,2603832.8533,
600526.SH,20260410,0.9745,1.7595,,490563.9677,
300938.SZ,20260410,5.2358,7.6071,,957671.1367,
002968.SZ,20260410,1.1992,2.4445,,266102.6728,
300793.SZ,20260410,1.2768,1.7759,,545702.4263,
002378.SZ,20260410,3.264,7.5953,,3782062.8126,
600488.SH,20260410,22.0684,50.2895,,700991.2486,
001268.SZ,20260410,1.3473,1.8916,,318187.4686,
601198.SH,20260410,0.9612,1.7477,,4140762.7111,
600276.SH,20260410,0.9215,1.5118,,37871862.481,
600230.SH,20260410,2.9908,5.5396,,842824.6265,
301552.SZ,20260410,16.027,16.027,,397269.6,
688528.SH,20260410,1.0728,3.1832,,182112.0,
605028.SH,20260410,1.3195,5.278,,446560.0,
600237.SH,20260410,2.6834,3.5439,,560065.2896,
002465.SZ,20260410,2.0648,2.7659,,3685523.4128,
605333.SH,20260410,0.3614,1.5649,,1231563.2375,
002035.SZ,20260410,7.0554,8.8024,,540803.0083,
605081.SH,20260410,2.4253,3.3669,,68967.4668,
301317.SZ,20260410,12.013,13.9964,,895983.0,
301306.SZ,20260410,12.0154,17.8391,,1254521.6,
688348.SH,20260410,2.026,5.4606,,836865.6644,
002114.SZ,20260410,2.0156,2.7762,,279090.1154,
688590.SH,20260410,4.9215,6.7374,,402288.0559,
002301.SZ,20260410,1.0413,1.8122,,499145.0896,
603639.SH,20260410,1.6056,4.6729,,477969.1386,
600130.SH,20260410,2.646,3.18,,337500.0,
605377.SH,20260410,1.2047,2.2539,,544980.1924,
300094.SZ,20260410,2.2972,2.9852,,354244.5174,
300862.SZ,20260410,5.9906,6.8322,,427575.061,
000692.SZ,20260410,2.6673,3.8098,,226454.0148,
600299.SH,20260410,0.812,5.7052,,4250095.3747,
688408.SH,20260410,1.5545,2.625,,800904.8792,
300596.SZ,20260410,0.9379,1.3971,,1047754.5405,
920092.BJ,20260410,3.6195,6.4305,,189963.882,
920185.BJ,20260410,0.8523,3.1734,,3423676.7172,
688529.SH,20260410,0.5504,0.9766,,299185.0204,
688616.SH,20260410,1.3395,2.9531,,243236.9273,
603289.SH,20260410,3.662,10.004,,355589.149,
000029.SZ,20260410,0.3773,1.2318,,2060751.42,
002016.SZ,20260410,1.0842,2.7295,,465229.9884,
300760.SZ,20260410,0.7255,1.4963,,19178397.9703,
301603.SZ,20260410,4.2705,4.7805,,873336.32,
301216.SZ,20260410,3.1659,5.0039,,1569434.6162,
601899.SH,20260410,1.1532,1.6364,,89743661.8493,
002887.SZ,20260410,2.2177,3.6418,,352497.7624,
002392.SZ,20260410,1.4516,1.9382,,890487.1476,
300573.SZ,20260410,1.8984,2.0923,,1681881.5218,
002713.SZ,20260410,3.7615,5.0682,,1353849.5768,
000963.SZ,20260410,0.6175,1.4745,,6322221.337,
300732.SZ,20260410,1.8634,3.2113,,254574.7695,
002428.SZ,20260410,18.2552,22.8213,,3709068.48,
600007.SH,20260410,0.2042,1.0554,,2153570.0577,
688701.SH,20260410,2.8924,5.7703,,126623.5618,
000756.SZ,20260410,1.1264,2.1871,,1028304.7501,
688118.SH,20260410,2.4394,3.0475,,264366.2479,
300068.SZ,20260410,14.3877,16.485,,1119365.6546,
920491.BJ,20260410,1.9398,2.0879,,340860.7797,
603829.SH,20260410,4.1623,10.6585,,549671.4352,
002646.SZ,20260410,0.8023,1.3785,,384244.5951,
003025.SZ,20260410,1.1222,1.8828,,391288.0029,
300552.SZ,20260410,2.5517,3.1575,,550949.0945,
300801.SZ,20260410,4.8076,7.3495,,580368.51,
601369.SH,20260410,0.614,1.612,,1799307.3696,
002518.SZ,20260410,1.7515,4.3145,,2788275.9752,
600597.SH,20260410,0.3798,0.7854,,1025584.4797,
603515.SH,20260410,0.2898,1.9334,,1432904.9257,
603105.SH,20260410,3.6533,6.1001,,527511.5037,
603132.SH,20260410,1.1113,6.81,,1809300.0,
002913.SZ,20260410,2.6069,7.8896,,1605209.4292,
600956.SH,20260410,0.7408,6.0134,,3610154.4584,
601818.SH,20260410,0.2306,0.6796,,18848290.7885,
600926.SH,20260410,0.2929,0.4321,,12432039.3698,
002166.SZ,20260410,1.5774,2.642,,677089.405,
920047.BJ,20260410,4.8397,5.2965,,848323.2156,
000529.SZ,20260410,0.6758,1.5252,,334511.8591,
300559.SZ,20260410,8.6694,11.6822,,561317.9666,
603189.SH,20260410,4.5998,7.5953,,459579.935,
688426.SH,20260410,3.0123,3.0123,,226787.3315,
001389.SZ,20260410,7.2085,7.2085,,5991455.2341,
600841.SH,20260410,4.3992,13.9932,,1285122.972,
300968.SZ,20260410,0.8729,1.8642,,491508.82,
300634.SZ,20260410,2.575,4.3193,,1149685.3732,
300295.SZ,20260410,2.7324,2.9225,,179753.8009,
688370.SH,20260410,0.5373,1.6838,,337970.9217,
600715.SH,20260410,0.8124,1.0845,,811970.7,
300650.SZ,20260410,3.8958,4.6953,,366449.2561,
301370.SZ,20260410,0.8205,1.5861,,496483.0,
688173.SH,20260410,1.5806,2.8825,,590236.7479,
002511.SZ,20260410,1.0444,2.1322,,1079270.9851,
300061.SZ,20260410,1.9886,2.46,,539056.8278,
603367.SH,20260410,4.972,9.4249,,739800.2468,
002966.SZ,20260410,0.4081,0.4844,,3674884.173,
000758.SZ,20260410,1.5592,2.4229,,1335585.193,
920106.BJ,20260410,0.9568,1.1859,,364179.1725,
920225.BJ,20260410,6.2202,7.5441,,343315.6083,
688379.SH,20260410,2.0275,3.8584,,461595.8065,
000507.SZ,20260410,1.523,2.1932,,492058.1688,
000757.SZ,20260410,2.3593,3.4015,,254638.2934,
000876.SZ,20260410,0.427,0.9414,,3773325.6486,
688087.SH,20260410,0.9714,1.7366,,763605.5396,
002747.SZ,20260410,1.5707,2.459,,1981083.4333,
600300.SH,20260410,1.515,2.1929,,554679.7677,
000609.SZ,20260410,3.6079,4.7751,,259463.2076,
002705.SZ,20260410,3.1848,9.5404,,1248664.9496,
601368.SH,20260410,0.8064,1.8707,,423827.077,
603348.SH,20260410,1.9502,3.7287,,644678.2436,
920046.BJ,20260410,7.6083,12.4767,,244378.4,
601919.SH,20260410,0.4976,1.2198,,23275285.1307,
300052.SZ,20260410,2.1281,2.5584,,329941.9746,
301560.SZ,20260410,11.595,11.595,,524096.0,
688004.SH,20260410,1.3139,2.1221,,177314.832,
600624.SH,20260410,0.5719,0.8065,,307064.8178,
300923.SZ,20260410,1.8551,3.5915,,218115.0,
600720.SH,20260410,0.4444,0.5994,,1615395.2778,
300555.SZ,20260410,2.254,2.7126,,277600.0,
600989.SH,20260410,1.0496,3.5517,,21919413.04,
600562.SH,20260410,0.5713,1.6696,,3156802.6293,
001380.SZ,20260410,2.4715,2.4715,,544416.9581,
301106.SZ,20260410,2.1038,6.4283,,295111.8732,
300126.SZ,20260410,1.2305,1.8072,,238606.716,
920578.BJ,20260410,2.6023,2.6023,,145233.8052,
301093.SZ,20260410,1.9272,3.4639,,1434136.984,
600827.SH,20260410,0.2871,0.6548,,1505837.8907,
300718.SZ,20260410,2.8513,4.365,,2126410.3565,
600330.SH,20260410,17.8313,21.9859,,2343525.3904,
300378.SZ,20260410,3.464,4.3101,,1088922.8383,
000708.SZ,20260410,0.242,1.4988,,8575121.7495,
603501.SH,20260410,1.1967,1.902,,12024891.4937,
603399.SH,20260410,8.4184,11.9648,,604502.9658,
301616.SZ,20260410,2.9177,4.1434,,394320.0,
603288.SH,20260410,0.3044,1.1645,,24197296.1434,
300158.SZ,20260410,2.7001,3.8838,,610266.3794,
688017.SH,20260410,2.7512,4.2063,,3739934.55,
002626.SZ,20260410,1.1015,1.3545,,1107642.4231,
600816.SH,20260410,0.8335,1.3261,,2530023.2013,
688670.SH,20260410,1.1,3.0704,,216216.0,
301179.SZ,20260410,8.981,17.5716,,1005761.6241,
002909.SZ,20260410,1.8582,3.0955,,259350.0,
688638.SH,20260410,4.9501,4.9501,,241248.0,
002043.SZ,20260410,1.3268,2.1662,,1164145.5354,
688563.SH,20260410,1.4902,1.4902,,2682000.0,
000833.SZ,20260410,8.0831,9.8914,,1915372.3437,
600833.SH,20260410,2.1988,3.9941,,259672.5079,
603680.SH,20260410,0.2441,1.5201,,1017266.9596,
002188.SZ,20260410,9.545,12.4475,,204767.0189,
000778.SZ,20260410,3.3587,5.6253,,1767579.2991,
920027.BJ,20260410,3.9244,4.3308,,143912.7595,
300593.SZ,20260410,3.2476,3.4486,,1337258.7261,
603530.SH,20260410,1.7438,8.275,,2564206.3755,
688357.SH,20260410,1.418,2.2686,,353511.5384,
301389.SZ,20260410,9.6357,9.9283,,1540255.5,
002107.SZ,20260410,17.0918,34.7243,,434638.8288,
603833.SH,20260410,0.2813,1.0957,,3198052.5518,
300388.SZ,20260410,0.4076,1.0521,,536661.278,
601058.SH,20260410,0.8625,1.1672,,4465240.1517,
601798.SH,20260410,1.6816,2.8405,,332547.4497,
301055.SZ,20260410,8.4166,19.733,,403728.0,
000009.SZ,20260410,1.1022,1.7788,,2292921.2149,
002848.SZ,20260410,1.8115,2.3886,,237018.7,
002221.SZ,20260410,1.5244,2.4666,,1254597.7025,
688781.SH,20260410,13.5042,13.5042,,3620000.0,
603322.SH,20260410,2.0762,2.6111,,497028.7546,
603091.SH,20260410,2.9134,2.9134,,793373.0337,
688113.SH,20260410,0.9286,1.4964,,249926.9265,
300765.SZ,20260410,0.6465,2.5511,,4578972.9974,
301010.SZ,20260410,1.2839,3.5664,,232092.0,
688205.SH,20260410,10.0727,14.9591,,3740282.3243,
300375.SZ,20260410,2.1077,2.4661,,372272.0208,
002316.SZ,20260410,5.2045,5.5986,,209532.96,
603305.SH,20260410,2.0824,4.0562,,1732407.1254,
001325.SZ,20260410,30.4161,30.4161,,486158.4,
001230.SZ,20260410,3.2038,4.6653,,339055.02,
600737.SH,20260410,0.6238,1.2662,,3086357.993,
688390.SH,20260410,5.5863,8.3372,,2089362.8173,
300394.SZ,20260410,6.2519,11.2924,,27901456.328,
920682.BJ,20260410,1.6501,2.4099,,283595.52,
688302.SH,20260410,1.3323,1.7628,,436856.8184,
300564.SZ,20260410,1.0704,1.6785,,244553.8432,
601009.SH,20260410,0.3292,0.753,,13488651.8643,
603300.SH,20260410,2.6458,3.477,,1350326.7612,
002195.SZ,20260410,3.074,3.4114,,5154534.2187,
301295.SZ,20260410,12.5021,12.5021,,362779.2,
002573.SZ,20260410,0.5708,1.1995,,513741.9497,
002374.SZ,20260410,1.1475,1.4127,,350522.5984,
300792.SZ,20260410,2.7651,4.9507,,835223.1233,
688155.SH,20260410,3.2482,6.881,,1013637.4761,
603332.SH,20260410,1.5302,3.8295,,281034.992,
301397.SZ,20260410,6.9052,6.9052,,522560.3486,
600545.SH,20260410,14.3571,26.601,,734831.9232,
002676.SZ,20260410,2.943,4.7626,,493200.0,
600758.SH,20260410,6.3718,12.7155,,518230.8184,
000524.SZ,20260410,1.8772,6.0985,,727176.3277,
000566.SZ,20260410,2.7316,4.4192,,686306.1517,
920753.BJ,20260410,1.249,1.7867,,149784.0371,
920088.BJ,20260410,23.3074,24.8469,,471182.525,
002320.SZ,20260410,0.6269,2.2701,,1902237.5232,
600499.SH,20260410,3.1352,5.4623,,3490498.6316,
002852.SZ,20260410,1.5445,2.2338,,340872.5903,
301586.SZ,20260410,1.1791,1.6138,,354886.2263,
600871.SH,20260410,1.0846,5.2117,,5345886.9249,
002067.SZ,20260410,2.9124,3.0128,,707929.8494,
601225.SH,20260410,0.2959,0.8514,,24460485.0,
688800.SH,20260410,3.4972,5.843,,1809934.148,
002398.SZ,20260410,1.4528,1.5256,,360885.5845,
003010.SZ,20260410,6.7309,8.7985,,973305.1004,
000958.SZ,20260410,0.3879,0.7924,,10562862.266,
000050.SZ,20260410,0.9434,1.6699,,2039930.5586,
300837.SZ,20260410,1.7811,3.1362,,367719.6315,
601990.SH,20260410,0.8996,1.6891,,3242525.6849,
000048.SZ,20260410,3.6115,7.9647,,813983.2538,
002075.SZ,20260410,0.9057,1.2372,,1046454.7373,
300669.SZ,20260410,0.6847,1.1597,,623595.0821,
301265.SZ,20260410,10.0732,13.0668,,670782.6249,
600332.SH,20260410,0.5795,1.2096,,3726312.8551,
688485.SH,20260410,20.9843,20.9843,,608682.8511,
600234.SH,20260410,2.5744,4.8622,,422658.7665,
603881.SH,20260410,11.2514,19.6881,,2862013.964,
002025.SZ,20260410,8.9455,14.3109,,3471712.3065,
002915.SZ,20260410,1.5048,2.2019,,701727.0797,
000725.SZ,20260410,1.272,1.4647,,14965908.5379,
600113.SH,20260410,0.662,1.4524,,1963946.7656,
000543.SZ,20260410,1.0406,2.4574,,1833892.4348,
603089.SH,20260410,0.7569,1.8873,,344924.758,
002645.SZ,20260410,14.5936,22.8218,,1363147.9819,
300527.SZ,20260410,0.719,1.6269,,824600.7717,
688716.SH,20260410,2.6318,2.6326,,408236.4,
000717.SZ,20260410,0.6598,1.4026,,591418.324,
688793.SH,20260410,2.1678,3.9415,,185899.9413,
300908.SZ,20260410,0.7702,1.5742,,408070.0,
601089.SH,20260410,0.4957,1.8117,,1121760.0,
002168.SZ,20260410,0.7067,0.8624,,318370.3274,
300230.SZ,20260410,1.5854,1.7882,,387089.5979,
000782.SZ,20260410,2.186,2.4946,,372127.1779,
300600.SZ,20260410,1.2577,2.2723,,370735.4448,
002774.SZ,20260410,1.2695,3.1545,,363959.6199,
000972.SZ,20260410,0.958,1.4884,,300029.3122,
000856.SZ,20260410,6.7025,9.5749,,249473.0,
603896.SH,20260410,0.78,1.336,,371310.8453,
002430.SZ,20260410,0.9616,2.3532,,2896920.2025,
920152.BJ,20260410,3.0702,3.7443,,180484.8957,
688376.SH,20260410,2.6288,6.108,,934455.6811,
002971.SZ,20260410,2.9685,3.87,,657075.765,
301299.SZ,20260410,4.3879,5.6754,,406964.9744,
301386.SZ,20260410,3.4697,3.4697,,356160.0,
301587.SZ,20260410,14.3643,15.8185,,384968.1685,
688221.SH,20260410,3.1904,5.4142,,740916.5756,
603931.SH,20260410,0.8197,2.1514,,549783.3369,
688567.SH,20260410,1.5905,2.7242,,1644951.8292,
688530.SH,20260410,17.5959,17.5959,,512623.5713,
301363.SZ,20260410,1.7694,4.1034,,1484184.9086,
920533.BJ,20260410,2.9591,4.2095,,300611.0971,
600301.SH,20260410,3.3821,4.654,,3179284.1495,
600170.SH,20260410,1.313,2.383,,2434747.4899,
603589.SH,20260410,0.4657,0.7629,,1484532.5295,
002442.SZ,20260410,3.5557,5.7131,,297444.3321,
688169.SH,20260410,1.3556,1.7156,,3004597.4433,
600149.SH,20260410,5.8339,9.0173,,229236.48,
300478.SZ,20260410,3.7519,5.2093,,323016.15,
601860.SH,20260410,0.9166,1.1958,,981149.5008,
600131.SH,20260410,1.0488,2.5222,,2226543.6718,
920263.BJ,20260410,0.5899,0.9426,,164689.2167,
002799.SZ,20260410,1.139,2.1312,,264033.0,
603390.SH,20260410,1.0104,2.7504,,418114.209,
688612.SH,20260410,1.9922,2.2344,,1326730.3302,
002628.SZ,20260410,3.3874,4.2687,,383849.9104,
301584.SZ,20260410,5.8775,5.8775,,1156858.2457,
301132.SZ,20260410,6.8972,13.6358,,607449.7934,
301314.SZ,20260410,4.1975,4.716,,259454.0,
688662.SH,20260410,7.219,11.0929,,562441.76,
002576.SZ,20260410,2.8714,4.0442,,305930.3,
600665.SH,20260410,0.9647,2.2706,,275655.0842,
300629.SZ,20260410,3.4741,3.8969,,574251.1004,
920690.BJ,20260410,2.0642,3.8767,,164026.2,
600568.SH,20260410,1.4555,2.3695,,603839.5133,
002601.SZ,20260410,0.776,1.0216,,4224887.5552,
300382.SZ,20260410,1.0724,1.6284,,774837.9928,
600774.SH,20260410,1.2181,2.9241,,261988.773,
301362.SZ,20260410,23.1991,23.1991,,1496781.0,
600318.SH,20260410,3.2222,4.2175,,393262.0937,
603318.SH,20260410,3.3723,5.8955,,423770.3386,
300110.SZ,20260410,3.5956,4.4959,,381854.7932,
301129.SZ,20260410,2.6933,4.7777,,347217.857,
002171.SZ,20260410,1.6444,2.1796,,1837165.6711,
002775.SZ,20260410,1.9175,3.6684,,243057.3999,
001227.SZ,20260410,1.141,1.2835,,1270140.4685,
301508.SZ,20260410,2.2622,2.2622,,665368.7436,
000750.SZ,20260410,1.51,1.9999,,2465063.3481,
300190.SZ,20260410,3.975,5.5801,,392060.7025,
301458.SZ,20260410,3.525,4.0614,,923466.7821,
600678.SH,20260410,1.9652,2.472,,364694.55,
300973.SZ,20260410,1.196,1.5358,,561871.8819,
603908.SH,20260410,1.5726,3.9907,,212143.2787,
300287.SZ,20260410,1.3798,1.4104,,618603.0112,
002209.SZ,20260410,3.5801,4.2099,,309490.1728,
601019.SH,20260410,0.6146,3.0011,,1930382.5,
300237.SZ,20260410,1.0914,1.4964,,334524.2638,
002212.SZ,20260410,1.503,1.503,,877513.686,
002347.SZ,20260410,14.6962,20.9917,,418398.1868,
688322.SH,20260410,2.3127,3.6383,,3236431.7283,
688225.SH,20260410,0.7507,1.4361,,666816.67,
300692.SZ,20260410,2.0917,2.4684,,458863.9446,
300768.SZ,20260410,1.3306,2.6159,,1033345.6076,
600865.SH,20260410,1.5414,4.0564,,425904.0377,
601898.SH,20260410,0.3945,2.3497,,22725349.0676,
301075.SZ,20260410,2.2172,6.4738,,525840.0,
603170.SH,20260410,0.8244,2.4333,,534413.36,
688010.SH,20260410,3.8007,7.9691,,553776.8825,
688119.SH,20260410,0.8974,2.0787,,579375.0,
301505.SZ,20260410,4.2858,4.2858,,251679.9802,
301323.SZ,20260410,7.648,15.6802,,688966.2023,
600502.SH,20260410,5.3802,8.1688,,956109.4035,
301580.SZ,20260410,5.701,6.398,,772379.7642,
601010.SH,20260410,6.0515,8.5808,,447216.0,
301126.SZ,20260410,2.9722,3.8525,,233543.4384,
688581.SH,20260410,0.6583,0.9264,,451444.3696,
688019.SH,20260410,1.3819,1.9622,,4642076.3427,
300125.SZ,20260410,1.8793,2.3322,,597933.2883,
002524.SZ,20260410,3.0935,4.1404,,215923.9295,
603099.SH,20260410,1.4691,4.43,,959782.0506,
600333.SH,20260410,1.2116,2.9374,,319741.1091,
002594.SZ,20260410,1.7373,2.4658,,92694547.6434,
002950.SZ,20260410,6.1254,11.6375,,858707.8919,
300418.SZ,20260410,3.7377,5.6954,,6283061.5498,
002048.SZ,20260410,1.8688,3.014,,2219322.9237,
300438.SZ,20260410,12.9505,15.2978,,2878117.3325,
601636.SH,20260410,1.8993,3.0207,,1718977.816,
002715.SZ,20260410,2.5556,3.9592,,204378.0,
002858.SZ,20260410,5.3844,6.2977,,244896.238,
603169.SH,20260410,1.2955,2.4031,,1310210.6734,
920523.BJ,20260410,4.6545,6.0291,,244034.9979,
002199.SZ,20260410,0.7983,1.264,,208386.6627,
002758.SZ,20260410,1.0562,1.8504,,514652.079,
688307.SH,20260410,10.2659,15.4666,,763456.4,
603341.SH,20260410,2.3526,2.5774,,2014586.9326,
300784.SZ,20260410,3.4675,3.4675,,278263.6448,
688553.SH,20260410,7.6028,10.5098,,847623.6,
300109.SZ,20260410,1.9583,2.0754,,882652.9847,
000070.SZ,20260410,20.601,33.1028,,1779081.2458,
300566.SZ,20260410,1.4921,1.6526,,482534.6109,
600227.SH,20260410,10.5949,12.8255,,631584.1542,
688177.SH,20260410,0.7734,2.6532,,955282.56,
601186.SH,20260410,0.3237,0.819,,9492099.5085,
600506.SH,20260410,4.3368,7.3578,,426090.0145,
600892.SH,20260410,0.8309,1.2753,,198609.7867,
002290.SZ,20260410,2.6659,4.7587,,1681705.3727,
600787.SH,20260410,0.7226,1.3998,,1191373.6905,
600985.SH,20260410,0.5929,1.5378,,3576647.5656,
002581.SZ,20260410,0.7653,0.8846,,487544.5981,
002803.SZ,20260410,1.6063,1.7913,,731007.7824,
603077.SH,20260410,3.158,4.7026,,2605343.4548,
000919.SZ,20260410,23.734,40.7228,,493186.1507,
603629.SH,20260410,10.8788,19.9684,,1906541.76,
300581.SZ,20260410,1.3876,2.6599,,709091.2048,
603733.SH,20260410,0.4492,2.2057,,1593794.8804,
688660.SH,20260410,1.4481,3.6209,,1682666.7508,
920021.BJ,20260410,10.3153,12.4682,,317342.9825,
300616.SZ,20260410,1.8719,2.1551,,275256.5915,
300561.SZ,20260410,0.5797,0.9826,,445242.5221,
688227.SH,20260410,1.4566,2.5015,,702977.7,
002826.SZ,20260410,2.3678,3.1142,,390508.032,
002027.SZ,20260410,0.8093,1.2009,,9344103.2227,
688092.SH,20260410,0.8552,1.8175,,240634.1471,
600900.SH,20260410,0.272,0.5749,,64596094.7702,
301017.SZ,20260410,3.8739,6.764,,591779.8208,
600073.SH,20260410,0.5522,0.8877,,551384.9295,
603916.SH,20260410,1.3831,2.6499,,459122.7209,
688328.SH,20260410,7.4632,11.4579,,383964.8392,
002579.SZ,20260410,10.8801,15.249,,774962.5543,
605088.SH,20260410,2.3628,4.0613,,697174.8963,
002568.SZ,20260410,0.8961,1.2545,,1796800.8842,
001300.SZ,20260410,1.163,3.9287,,398817.3953,
300462.SZ,20260410,1.4311,1.5844,,240481.5117,
603536.SH,20260410,1.3077,2.9481,,246016.4917,
600235.SH,20260410,1.9617,3.0793,,241694.4,
300820.SZ,20260410,2.3058,3.4343,,1029698.1861,
003000.SZ,20260410,1.1792,1.5878,,468028.137,
920402.BJ,20260410,1.1244,2.2646,,380698.1804,
001236.SZ,20260410,1.9318,5.3063,,937233.3335,
688653.SH,20260410,1.3783,1.3783,,547579.2,
002179.SZ,20260410,2.8702,5.35,,7800603.1347,
688222.SH,20260410,4.1144,7.583,,1069815.6,
601702.SH,20260410,1.0208,3.4026,,1985078.8328,
603373.SH,20260410,3.416,5.02,,444086.0227,
300421.SZ,20260410,5.6901,6.4562,,722432.8992,
600755.SH,20260410,0.8062,1.3213,,1361664.6388,
600415.SH,20260410,2.491,6.0358,,7183462.5861,
600486.SH,20260410,1.4536,2.4866,,3242602.344,
002513.SZ,20260410,2.4369,2.8917,,228736.7326,
300682.SZ,20260410,2.1802,3.3,,1737037.9076,
002714.SZ,20260410,1.1581,1.8233,,24829650.1187,
688419.SH,20260410,5.4961,10.6285,,572643.7933,
300225.SZ,20260410,4.0483,4.7521,,236763.9358,
300988.SZ,20260410,5.1949,8.5571,,389184.8683,
002494.SZ,20260410,3.9936,4.4633,,196578.8841,
601512.SH,20260410,0.228,1.2,,1325018.76,
688571.SH,20260410,1.2975,3.6529,,321945.5613,
002121.SZ,20260410,1.9783,2.617,,1288793.7499,
002282.SZ,20260410,1.0014,1.4743,,365098.9752,
001223.SZ,20260410,1.6962,6.7807,,497846.216,
300460.SZ,20260410,0.8333,1.0378,,244018.8941,
000638.SZ,20260410,0.4488,0.6347,,29270.3358,
002069.SZ,20260410,1.3345,2.3086,,263111.5118,
300099.SZ,20260410,3.3303,4.0076,,640683.5066,
301051.SZ,20260410,1.856,2.6163,,435325.1697,
603109.SH,20260410,1.5011,3.7532,,446726.642,
002873.SZ,20260410,17.4576,24.4339,,242150.9756,
688190.SH,20260410,0.8191,2.2592,,1027920.0,
920139.BJ,20260410,1.0715,1.9095,,461935.6699,
002310.SZ,20260410,4.4275,6.9587,,1853790.5342,
300415.SZ,20260410,1.2942,1.8573,,1189210.5692,
002569.SZ,20260410,2.0768,2.4503,,197869.74,
600279.SH,20260410,1.2973,3.7542,,594620.0078,
002682.SZ,20260410,3.2558,4.5924,,338545.8936,
600802.SH,20260410,2.014,2.9141,,265784.072,
300805.SZ,20260410,1.6005,2.2623,,439722.0695,
300520.SZ,20260410,3.4305,4.3574,,1040506.5171,
002330.SZ,20260410,1.6573,2.808,,296692.2404,
688577.SH,20260410,0.7678,1.9653,,753141.2059,
301151.SZ,20260410,0.6701,2.0299,,315361.6506,
603599.SH,20260410,1.0525,1.8033,,1351749.9773,
000547.SZ,20260410,7.9305,10.0944,,4234342.4446,
002453.SZ,20260410,1.1702,1.5338,,411057.7658,
002493.SZ,20260410,0.4024,1.4528,,12626655.0091,
002810.SZ,20260410,3.148,4.9756,,813968.6336,
605080.SH,20260410,1.7517,5.2013,,335593.3316,
300590.SZ,20260410,1.0371,1.4645,,539943.1896,
300697.SZ,20260410,2.7465,3.5336,,665832.96,
300400.SZ,20260410,7.6945,11.5241,,640046.8604,
600365.SH,20260410,1.2194,1.5258,,139841.24,
603606.SH,20260410,1.7056,2.882,,3995626.2881,
002575.SZ,20260410,15.9859,17.4939,,446346.0,
600650.SH,20260410,1.1214,2.5373,,703854.4965,
300157.SZ,20260410,6.0049,7.225,,493829.1981,
600651.SH,20260410,0.8156,2.2896,,1764947.7226,
605033.SH,20260410,2.2537,8.2709,,313528.8,
000816.SZ,20260410,1.542,2.0764,,467385.3017,
300538.SZ,20260410,2.3526,2.8151,,271240.5923,
300766.SZ,20260410,8.5778,9.2476,,1424651.873,
688021.SH,20260410,2.9831,4.9956,,187672.089,
001210.SZ,20260410,2.2688,3.0284,,330874.7464,
688468.SH,20260410,0.7475,1.1879,,294413.272,
600663.SH,20260410,0.2085,0.8198,,3892173.7939,
002552.SZ,20260410,2.4036,6.6149,,714668.9797,
300344.SZ,20260410,9.3917,17.0112,,19251.1925,
688401.SH,20260410,2.2663,3.7402,,1023394.6426,
300226.SZ,20260410,2.442,3.3176,,800628.2121,
300627.SZ,20260410,1.2271,1.649,,2655762.0221,
600082.SH,20260410,2.1348,3.0386,,226786.6549,
603958.SH,20260410,8.8212,24.1693,,497508.48,
301429.SZ,20260410,3.3889,4.2431,,231829.42,
605180.SH,20260410,0.8461,2.943,,249275.0,
002103.SZ,20260410,1.187,1.4728,,454666.283,
300609.SZ,20260410,1.9401,2.283,,410911.3179,
920003.BJ,20260410,1.1224,1.1224,,181070.5722,
002479.SZ,20260410,4.7493,7.3139,,504295.0,
688627.SH,20260410,6.8352,6.8352,,2609578.2675,
601921.SH,20260410,0.4235,2.2291,,1786666.6673,
002925.SZ,20260410,1.1013,3.2797,,1544109.7751,
002123.SZ,20260410,2.1571,2.2454,,807032.4332,
603799.SH,20260410,4.2673,5.3854,,11651597.0141,
001360.SZ,20260410,2.9885,3.0819,,437784.0,
002049.SZ,20260410,1.6007,2.1633,,5894721.0899,
301300.SZ,20260410,3.3565,5.6357,,286675.184,
000565.SZ,20260410,1.6783,2.8229,,316522.3206,
605138.SH,20260410,0.4114,1.7103,,380010.8998,
002140.SZ,20260410,1.068,3.3343,,889265.4232,
002472.SZ,20260410,1.9276,2.231,,3240288.3638,
300751.SZ,20260410,6.0707,7.7705,,6135175.1217,
002200.SZ,20260410,1.5862,2.0286,,335186.3067,
002068.SZ,20260410,2.0884,3.9689,,618425.3098,
920496.BJ,20260410,1.4295,2.0582,,150673.25,
002128.SZ,20260410,0.8372,1.9618,,7083372.2379,
002236.SZ,20260410,1.6625,1.9096,,5728814.9655,
688802.SH,20260410,8.8218,8.8218,,24496922.7,
300254.SZ,20260410,10.3585,10.6079,,307014.217,
603486.SH,20260410,0.7444,2.258,,3600894.6099,
301288.SZ,20260410,0.6303,1.2144,,189017.5,
301118.SZ,20260410,1.5519,3.3402,,269540.3944,
300597.SZ,20260410,2.0585,2.5008,,253762.6979,
002161.SZ,20260410,2.0497,2.4146,,551859.0204,
688217.SH,20260410,1.7632,2.9743,,157792.9062,
601088.SH,20260410,0.1557,0.9587,,100595596.302,
603638.SH,20260410,0.527,1.9013,,1705394.2381,
600860.SH,20260410,2.2213,4.9738,,623586.5403,
603317.SH,20260410,1.2266,4.2066,,1439494.4015,
600765.SH,20260410,1.2926,1.9961,,2547642.9051,
603282.SH,20260410,0.8974,1.871,,278077.96,
600729.SH,20260410,1.3276,1.393,,968556.3163,
300467.SZ,20260410,1.6527,1.6978,,600267.2657,
002529.SZ,20260410,1.3623,1.5896,,174720.0,
300928.SZ,20260410,1.8501,2.1494,,233520.0,
300773.SZ,20260410,13.1003,17.9783,,1984378.9268,
001301.SZ,20260410,3.4412,4.3274,,1939847.8793,
301050.SZ,20260410,2.3371,2.9252,,1152997.5655,
000829.SZ,20260410,1.8254,2.8826,,1083531.163,
688498.SH,20260410,4.5862,6.3811,,10528854.2782,
920510.BJ,20260410,1.4565,2.1321,,270426.0478,
603261.SH,20260410,0.4744,1.3955,,272042.6272,
688211.SH,20260410,0.2914,0.7491,,420939.1799,
605365.SH,20260410,1.3206,7.8738,,1048704.898,
002434.SZ,20260410,1.1491,2.3292,,1061893.4,
000523.SZ,20260410,1.6251,2.2425,,594691.7814,
002530.SZ,20260410,2.5899,3.3331,,684135.9977,
688219.SH,20260410,0.8606,1.4681,,595216.8,
688575.SH,20260410,0.9326,1.6657,,848511.6255,
301638.SZ,20260410,8.3833,8.3833,,8394276.6072,
688186.SH,20260410,3.0403,3.8296,,662515.8589,
603226.SH,20260410,1.3556,4.8035,,1402415.0327,
300986.SZ,20260410,15.804,27.5604,,968962.7892,
603312.SH,20260410,4.5282,4.5282,,637598.0075,
000430.SZ,20260410,1.1692,1.8761,,610465.0705,
601238.SH,20260410,0.2217,0.9193,,7413266.9093,
301613.SZ,20260410,0.978,1.3166,,674040.0834,
600929.SH,20260410,3.846,10.4174,,1090675.3152,
300008.SZ,20260410,3.5866,4.1279,,1306390.0245,
600028.SH,20260410,0.1369,0.9293,,70257723.763,
002348.SZ,20260410,4.2131,5.975,,846796.8,
300331.SZ,20260410,7.725,8.3397,,1130309.931,
603389.SH,20260410,0.8189,2.0713,,1162152.096,
002825.SZ,20260410,3.4218,5.2928,,375688.6397,
605018.SH,20260410,1.8238,8.3065,,561258.5568,
002132.SZ,20260410,3.6906,4.8154,,567625.6027,
688020.SH,20260410,2.1367,4.4909,,725187.978,
300659.SZ,20260410,2.2054,2.5151,,337728.9143,
600118.SH,20260410,2.3551,4.8522,,9332204.2534,
300036.SZ,20260410,2.1243,2.1435,,763788.2564,
000837.SZ,20260410,1.1213,2.0507,,1097835.4831,
688699.SH,20260410,1.5637,3.2394,,496171.3971,
300413.SZ,20260410,1.4492,2.4819,,3982764.6151,
920855.BJ,20260410,0.3507,1.1555,,118302.8661,
002324.SZ,20260410,1.786,2.2343,,1712997.8219,
300004.SZ,20260410,3.9246,5.2831,,664311.1396,
300756.SZ,20260410,3.4297,3.4535,,729679.5549,
300915.SZ,20260410,2.1177,3.4931,,286536.0132,
002726.SZ,20260410,2.5174,4.1794,,332381.4922,
600143.SH,20260410,1.5948,1.9779,,4452855.9873,
600569.SH,20260410,0.8503,2.6451,,626187.8621,
688805.SH,20260410,7.668,7.668,,803857.92,
002585.SZ,20260410,2.0653,2.6924,,778382.0214,
600809.SH,20260410,0.6018,1.7963,,16942863.1151,
301228.SZ,20260410,2.273,4.9784,,529920.0,
002700.SZ,20260410,1.9883,2.0143,,279199.0249,
688783.SH,20260410,2.1674,2.1674,,8846819.8,
688192.SH,20260410,0.7321,1.9366,,2576088.433,
300945.SZ,20260410,2.7688,4.7543,,412238.6724,
002110.SZ,20260410,0.6243,1.4918,,932765.2712,
002831.SZ,20260410,2.7809,3.985,,3465733.3275,
920007.BJ,20260410,2.0839,2.0839,,246911.1247,
300739.SZ,20260410,11.5935,20.3187,,1011690.0203,
600894.SH,20260410,1.6916,3.9975,,838903.1866,
002623.SZ,20260410,2.1981,4.1749,,432562.8125,
688036.SH,20260410,0.545,1.3364,,6071347.2903,
920346.BJ,20260410,1.0959,1.739,,163725.7991,
300939.SZ,20260410,4.2286,7.701,,462720.0,
603236.SH,20260410,2.3864,3.131,,2222572.4415,
920033.BJ,20260410,0.4704,1.0203,,177630.6578,
000576.SZ,20260410,1.8002,2.8189,,411978.794,
301076.SZ,20260410,2.7842,3.0928,,666297.372,
001257.SZ,20260410,31.7387,31.7387,,4151084.7972,
920957.BJ,20260410,1.164,2.3546,,119319.0834,
000786.SZ,20260410,1.0837,1.9528,,4364533.2117,
301665.SZ,20260410,7.308,7.308,,1210500.0,
301468.SZ,20260410,13.2846,15.6396,,660978.4952,
600467.SH,20260410,1.9735,3.1305,,357943.6045,
603336.SH,20260410,1.8173,3.2225,,558195.2726,
301595.SZ,20260410,9.2755,9.2755,,530896.84,
300962.SZ,20260410,0.8696,1.8988,,435603.1301,
001979.SZ,20260410,0.5804,1.4972,,7203809.7046,
001318.SZ,20260410,0.545,1.8009,,384134.94,
300373.SZ,20260410,2.1144,4.061,,4235395.9997,
002303.SZ,20260410,2.463,2.6091,,517587.4055,
603119.SH,20260410,4.8334,4.8334,,2721518.7663,
605117.SH,20260410,1.4051,3.5369,,12694282.2863,
688162.SH,20260410,0.7477,1.7918,,435569.1622,
301276.SZ,20260410,1.8192,2.8625,,303004.8,
920204.BJ,20260410,1.3349,1.8886,,144260.3294,
600595.SH,20260410,1.3171,2.2128,,3246403.1423,
603398.SH,20260410,3.133,4.834,,535547.2821,
002588.SZ,20260410,1.4214,2.2351,,1235980.0945,
002649.SZ,20260410,1.8528,1.895,,687194.4806,
000672.SZ,20260410,1.0139,2.417,,1298020.5076,
688083.SH,20260410,1.3023,2.2544,,900651.92,
000892.SZ,20260410,6.8038,9.3635,,626846.5222,
600839.SH,20260410,1.1876,1.5468,,4039213.6943,
603063.SH,20260410,7.4442,9.1866,,1504408.4528,
688548.SH,20260410,2.2128,2.2128,,3157320.6608,
000659.SZ,20260410,5.1507,6.1105,,552852.0836,
300076.SZ,20260410,2.5551,3.6354,,254400.0,
600658.SH,20260410,1.2123,2.314,,527972.1412,
002697.SZ,20260410,1.6275,2.4791,,726240.0,
002376.SZ,20260410,1.3227,1.8663,,578741.6543,
300661.SZ,20260410,6.9063,10.3853,,4721049.3837,
002515.SZ,20260410,1.3218,1.4662,,686418.231,
002906.SZ,20260410,2.1674,5.0271,,1586305.3419,
600939.SH,20260410,0.4653,1.5553,,557425.1586,
603103.SH,20260410,1.0209,8.4654,,1426315.8,
301048.SZ,20260410,3.2246,12.8985,,579200.0724,
603686.SH,20260410,2.7211,3.2779,,766884.5258,
603879.SH,20260410,1.9548,2.8898,,192967.9643,
300196.SZ,20260410,8.4718,10.8104,,743867.3351,
002768.SZ,20260410,1.182,1.7668,,1454133.75,
301566.SZ,20260410,3.6662,3.6662,,816020.4,
603948.SH,20260410,0.7472,2.7382,,442295.5126,
002796.SZ,20260410,9.2402,13.4509,,1291614.0399,
600655.SH,20260410,0.2232,0.4815,,1813885.5552,
600307.SH,20260410,1.3937,3.3823,,1164984.4809,
601006.SH,20260410,0.4312,0.8449,,10476532.4123,
603828.SH,20260410,0.2122,0.4265,,344464.9713,
603955.SH,20260410,0.7415,1.2194,,345271.68,
002763.SZ,20260410,2.3934,4.4215,,334497.984,
603711.SH,20260410,0.4424,2.3783,,514028.2545,
600982.SH,20260410,4.6388,9.4474,,587872.0571,
300921.SZ,20260410,5.2462,6.2821,,460596.5024,
920275.BJ,20260410,0.6587,1.7843,,115230.0048,
300953.SZ,20260410,8.3938,11.2182,,3302842.5205,
600246.SH,20260410,2.0561,2.523,,1812807.3151,
600739.SH,20260410,1.2518,2.2364,,1806587.2927,
300790.SZ,20260410,8.815,9.0713,,1121234.5861,
300054.SZ,20260410,5.0928,5.6206,,4930902.8226,
688049.SH,20260410,3.3261,4.3849,,811902.0578,
301069.SZ,20260410,1.8591,3.0397,,974324.5924,
688130.SH,20260410,1.9214,3.0285,,255684.6638,
688319.SH,20260410,1.6878,2.5046,,1172498.721,
688395.SH,20260410,1.2465,3.1149,,225846.8538,
600963.SH,20260410,1.3738,2.4361,,857693.1128,
600599.SH,20260410,5.983,14.9505,,75696.0,
688720.SH,20260410,7.0957,7.0957,,659237.3383,
600284.SH,20260410,0.784,1.2444,,684030.48,
000651.SZ,20260410,0.3106,0.4129,,20915649.0369,
300931.SZ,20260410,5.4886,7.7391,,322756.224,
002809.SZ,20260410,7.0378,8.956,,242563.2994,
688103.SH,20260410,1.117,1.7237,,532814.0139,
600826.SH,20260410,0.6767,1.8224,,714203.0761,
002182.SZ,20260410,2.3385,3.3597,,1602735.1496,
001209.SZ,20260410,2.4269,5.6554,,271331.3714,
601200.SH,20260410,0.5804,1.3342,,1089100.2731,
002390.SZ,20260410,1.3731,2.3934,,633695.709,
300708.SZ,20260410,4.4185,4.875,,893847.2171,
301171.SZ,20260410,8.8288,10.62,,2165012.5321,
301662.SZ,20260410,15.9423,15.9423,,1121600.0,
001309.SZ,20260410,14.4371,16.0608,,10145445.2084,
603416.SH,20260410,1.0778,2.0793,,771550.688,
000550.SZ,20260410,1.2637,3.9881,,1619389.464,
300173.SZ,20260410,1.423,1.7962,,315197.3244,
002455.SZ,20260410,19.0775,19.4081,,898020.8875,
600512.SH,20260410,3.1135,3.8045,,392077.5008,
601877.SH,20260410,1.4008,2.9819,,7205492.9765,
600126.SH,20260410,9.4518,22.2162,,2982057.9603,
300151.SZ,20260410,4.1024,4.7562,,887159.7674,
000726.SZ,20260410,1.1586,1.5208,,575538.0273,
002813.SZ,20260410,1.0513,3.0831,,292680.0,
002274.SZ,20260410,1.961,3.2696,,606656.2795,
601228.SH,20260410,0.4459,2.4908,,2565140.6593,
601326.SH,20260410,1.302,5.6129,,2056167.616,
300587.SZ,20260410,1.7398,2.0832,,695872.0752,
688070.SH,20260410,1.944,4.4268,,417231.12,
002997.SZ,20260410,1.4258,2.433,,666688.4201,
002170.SZ,20260410,5.3602,5.8823,,1309257.4518,
300075.SZ,20260410,1.0949,1.1439,,781381.7388,
000820.SZ,20260410,1.0067,1.0342,,217889.0953,
000901.SZ,20260410,2.3368,3.5898,,1788769.3508,
300264.SZ,20260410,3.5283,3.7304,,404144.3519,
688456.SH,20260410,2.1048,3.3047,,577593.52,
300796.SZ,20260410,1.0522,1.4841,,329362.2993,
688506.SH,20260410,0.5416,2.4758,,12542280.8128,
605007.SH,20260410,1.3405,6.2768,,669352.1142,
601678.SH,20260410,2.5413,3.1729,,1042815.9919,
002235.SZ,20260410,6.8076,8.2232,,577833.5671,
002688.SZ,20260410,3.4973,5.224,,464011.152,
300506.SZ,20260410,1.6585,1.8458,,665753.5977,
300748.SZ,20260410,2.915,5.0275,,4495425.8226,
001326.SZ,20260410,4.3189,4.9691,,394914.0,
001279.SZ,20260410,1.7598,1.7598,,497600.0,
002126.SZ,20260410,3.0065,3.1909,,3882604.1116,
301479.SZ,20260410,4.3264,5.1097,,866700.2741,
920735.BJ,20260410,1.6357,2.3885,,373299.4802,
600366.SH,20260410,2.156,3.2629,,1373801.3138,
600350.SH,20260410,0.198,1.497,,4863578.25,
688320.SH,20260410,1.6528,2.3518,,468142.3708,
688819.SH,20260410,0.7076,3.9062,,3323609.9,
688170.SH,20260410,10.1946,14.3951,,546774.4,
600601.SH,20260410,1.714,2.7522,,4320754.0588,
603778.SH,20260410,18.1625,24.9751,,2061971.5829,
603927.SH,20260410,0.7445,1.1188,,1393654.08,
920111.BJ,20260410,1.1198,1.7793,,367405.856,
603107.SH,20260410,0.7104,1.0725,,487111.74,
000006.SZ,20260410,1.4269,2.2646,,1171795.6999,
600635.SH,20260410,1.3953,1.9069,,1600219.5939,
000797.SZ,20260410,1.3589,3.0124,,442952.6892,
002251.SZ,20260410,1.3899,1.8054,,1121187.7703,
605005.SH,20260410,3.5468,22.6659,,854932.0,
002842.SZ,20260410,10.6616,12.8585,,1075415.7511,
301408.SZ,20260410,15.3544,20.4459,,724418.11,
600390.SH,20260410,0.8239,1.5565,,2415461.1515,
688617.SH,20260410,0.9238,1.6273,,3673715.2176,
603369.SH,20260410,0.53,0.9815,,3280330.8973,
300657.SZ,20260410,3.8005,4.633,,1431913.1686,
603409.SH,20260410,6.5064,6.5064,,492903.33,
301682.SZ,20260410,18.3768,18.3768,,1368038.0243,
600992.SH,20260410,1.4014,1.8309,,299499.98,
300012.SZ,20260410,1.872,1.9829,,2576409.9956,
601601.SH,20260410,0.5515,1.2448,,37163379.0407,
002539.SZ,20260410,3.4831,4.082,,1768107.5876,
300261.SZ,20260410,0.9929,1.5305,,606884.9667,
920982.BJ,20260410,1.554,1.9517,,1968883.0327,
300582.SZ,20260410,2.7501,3.0393,,394963.7736,
600895.SH,20260410,1.912,3.7311,,5720859.1977,
603933.SH,20260410,7.7539,21.1151,,509106.8425,
605566.SH,20260410,1.6477,3.7587,,410553.86,
300219.SZ,20260410,3.3354,5.1867,,545116.4996,
002338.SZ,20260410,1.8272,3.118,,1251360.0,
301396.SZ,20260410,16.6672,16.8558,,3039647.4306,
000783.SZ,20260410,2.1604,3.7593,,4014832.9602,
600193.SH,20260410,7.0353,8.2527,,149731.296,
600690.SH,20260410,0.7361,1.2731,,19580490.7092,
002029.SZ,20260410,1.9418,3.2868,,713483.8194,
301197.SZ,20260410,15.9585,22.0847,,313645.08,
300821.SZ,20260410,5.5543,11.6116,,1616400.0,
920425.BJ,20260410,1.3129,1.9607,,136198.1722,
300457.SZ,20260410,3.3596,5.7593,,1800050.6041,
920339.BJ,20260410,0.5461,1.5084,,184971.192,
688291.SH,20260410,2.1584,6.5819,,411693.467,
920809.BJ,20260410,5.2331,5.2331,,454079.9,
000960.SZ,20260410,2.5281,4.4975,,5406889.3943,
300651.SZ,20260410,28.2862,36.2988,,436902.7747,
601872.SH,20260410,2.7827,8.8421,,15406219.4618,
002526.SZ,20260410,1.5166,1.9247,,623977.8426,
300442.SZ,20260410,3.606,8.8687,,14225326.4594,
688278.SH,20260410,0.6423,1.6296,,2636087.6618,
920414.BJ,20260410,4.0677,4.6357,,98169.9985,
000686.SZ,20260410,1.4877,2.5921,,1935554.5607,
000893.SZ,20260410,1.3262,1.9684,,5608066.6539,
600208.SH,20260410,0.6132,1.4202,,2748387.8784,
000036.SZ,20260410,2.7584,3.9339,,690678.8127,
600872.SH,20260410,1.6109,2.0949,,1525099.5777,
601008.SH,20260410,0.6152,1.4918,,605431.3469,
603383.SH,20260410,2.5273,4.3398,,598885.336,
300565.SZ,20260410,19.4214,20.0511,,372808.9857,
920375.BJ,20260410,6.2519,7.2875,,149942.313,
300458.SZ,20260410,10.3071,11.8612,,3172942.8564,
605090.SH,20260410,2.2834,4.4365,,2807135.4867,
688686.SH,20260410,1.6687,5.9944,,1243501.2837,
002057.SZ,20260410,1.3898,2.0772,,716943.4044,
002233.SZ,20260410,0.4596,0.7617,,1102527.327,
688332.SH,20260410,2.0948,5.582,,1507356.9018,
301376.SZ,20260410,1.0206,1.3623,,632278.7597,
300488.SZ,20260410,1.8424,4.2268,,544214.3883,
301185.SZ,20260410,2.342,3.2674,,293794.704,
600029.SH,20260410,0.8087,2.6762,,10510160.3484,
000519.SZ,20260410,2.4361,4.1604,,2407734.4799,
002379.SZ,20260410,1.476,1.9162,,37490527.0672,
920009.BJ,20260410,5.3023,5.3023,,371666.9,
300649.SZ,20260410,2.5318,3.1412,,196903.4976,
920132.BJ,20260410,7.5719,8.7125,,115870.776,
688418.SH,20260410,2.8341,4.1484,,787163.3438,
605008.SH,20260410,0.1821,1.0412,,788074.1451,
603777.SH,20260410,11.8721,30.2826,,567517.8097,
000596.SZ,20260410,0.564,1.6797,,5469952.8,
600195.SH,20260410,4.4753,9.1331,,828151.2389,
600456.SH,20260410,1.2719,2.5137,,1628265.8529,
300680.SZ,20260410,3.9732,4.3977,,912913.7567,
603213.SH,20260410,0.3151,1.3093,,593568.8728,
301567.SZ,20260410,3.4416,3.4416,,307800.0,
000895.SZ,20260410,0.2591,0.8736,,9680263.4291,
603882.SH,20260410,0.7691,1.2897,,1232730.2698,
000590.SZ,20260410,1.7449,3.1192,,272518.3018,
301380.SZ,20260410,1.4518,2.5847,,338650.7262,
600219.SH,20260410,1.4074,2.6527,,7165829.7728,
000731.SZ,20260410,3.2071,3.6918,,388019.9113,
688046.SH,20260410,4.3908,8.9512,,768750.0,
000818.SZ,20260410,11.4934,15.7646,,972840.0575,
603155.SH,20260410,1.0889,4.2671,,507153.6008,
301327.SZ,20260410,4.4211,16.0119,,1143941.6954,
002080.SZ,20260410,3.4779,8.747,,7648887.2959,
600125.SH,20260410,4.0277,5.7545,,823784.3025,
002535.SZ,20260410,1.1129,1.7139,,282192.442,
002242.SZ,20260410,0.8142,2.5085,,744704.592,
603217.SH,20260410,4.9225,13.0611,,541027.76,
600308.SH,20260410,0.7956,1.3213,,594613.109,
605188.SH,20260410,0.5227,2.9889,,855014.167,
920005.BJ,20260410,2.9338,2.9338,,303282.0,
000656.SZ,20260410,0.5422,0.8962,,1467503.2652,
002931.SZ,20260410,3.7008,7.1928,,1491739.4789,
600391.SH,20260410,3.2975,5.1539,,1337023.9364,
300065.SZ,20260410,12.9689,13.4087,,1782201.7252,
600698.SH,20260410,2.8279,5.4314,,796135.1103,
002836.SZ,20260410,1.9171,4.888,,293068.8,
300673.SZ,20260410,2.1803,2.8412,,383076.7694,
603009.SH,20260410,1.7072,2.8352,,1721557.3806,
600662.SH,20260410,0.3724,1.314,,1169130.176,
920069.BJ,20260410,9.5769,9.5769,,183876.15,
002562.SZ,20260410,3.1148,3.6661,,678836.2187,
300459.SZ,20260410,2.1046,2.1558,,1459061.5397,
002180.SZ,20260410,0.7014,1.0136,,2400131.622,
300833.SZ,20260410,1.0782,2.321,,429688.2285,
600218.SH,20260410,5.9568,9.0689,,438649.1184,
601106.SH,20260410,0.6503,1.6208,,2893984.3952,
002598.SZ,20260410,18.5073,28.5339,,251514.2868,
688197.SH,20260410,1.9331,2.2187,,585805.4921,
688478.SH,20260410,10.5028,16.1024,,496457.5524,
600785.SH,20260410,2.8544,4.9318,,390567.7457,
603123.SH,20260410,17.289,34.7595,,1085483.1277,
600633.SH,20260410,1.7195,3.3586,,1611722.6539,
003038.SZ,20260410,5.8674,7.0851,,378159.9553,
301301.SZ,20260410,2.1979,2.1979,,2332668.91,
688292.SH,20260410,1.7293,3.0418,,384470.9083,
603912.SH,20260410,7.0602,12.3663,,544558.0329,
688276.SH,20260410,0.2929,0.8799,,742929.046,
603893.SH,20260410,3.076,6.4428,,7157750.1892,
688257.SH,20260410,2.9333,3.9832,,1842077.2622,
300340.SZ,20260410,3.0013,4.1481,,304168.2454,
000880.SZ,20260410,6.3705,6.3705,,1279758.9496,
688811.SH,20260410,77.525,77.525,,858865.2118,
605286.SH,20260410,3.8171,13.8802,,692160.0,
603291.SH,20260410,0.9776,4.4006,,501516.4157,
000779.SZ,20260410,1.4946,2.7372,,410444.4061,
301024.SZ,20260410,4.1712,13.8166,,234374.31,
300063.SZ,20260410,10.7108,11.8883,,901130.2542,
002864.SZ,20260410,3.4905,4.0019,,350089.4822,
300055.SZ,20260410,4.5868,5.1381,,972303.0422,
603983.SH,20260410,0.6345,3.3046,,995282.0,
688517.SH,20260410,5.2279,8.7532,,291805.761,
300494.SZ,20260410,1.9863,2.1478,,575858.8292,
300010.SZ,20260410,2.5214,2.56,,1273033.3979,
688286.SH,20260410,1.9371,2.3964,,385523.052,
603179.SH,20260410,2.5777,3.9895,,3331736.7032,
002414.SZ,20260410,1.3136,2.7595,,5782576.6902,
002021.SZ,20260410,3.0744,3.8278,,367011.5382,
002755.SZ,20260410,2.4996,8.2574,,1461852.5528,
300278.SZ,20260410,1.1258,1.6052,,651801.6802,
688069.SH,20260410,2.2642,4.315,,383070.0,
688695.SH,20260410,2.0087,2.5055,,206419.6944,
688601.SH,20260410,5.703,9.0909,,733571.8449,
603315.SH,20260410,13.3411,30.1943,,482471.5936,
688299.SH,20260410,2.0649,2.5584,,510984.5655,
300975.SZ,20260410,11.0157,14.009,,1446146.7964,
300941.SZ,20260410,3.2605,3.8981,,416461.5,
920896.BJ,20260410,1.2773,2.2046,,169348.1535,
600426.SH,20260410,0.9106,1.3407,,8102080.3022,
002942.SZ,20260410,1.029,3.0874,,302676.1001,
002040.SZ,20260410,1.6557,5.0786,,498193.8717,
688185.SH,20260410,1.6418,3.6047,,1648770.3279,
300006.SZ,20260410,6.8339,10.848,,610316.6765,
600828.SH,20260410,0.7791,5.054,,893702.9937,
600165.SH,20260410,1.195,3.355,,570406.9726,
000682.SZ,20260410,1.1831,2.0206,,1655797.8536,
920110.BJ,20260410,0.6942,1.0475,,136773.0,
688565.SH,20260410,1.495,2.2966,,191055.48,
002721.SZ,20260410,1.2782,1.8283,,771219.7984,
603583.SH,20260410,0.8379,1.7542,,1280373.7996,
600108.SH,20260410,3.0913,4.2984,,864430.3137,
600583.SH,20260410,2.4019,5.3839,,3103791.0696,
603308.SH,20260410,3.2299,4.9284,,4849035.0016,
688135.SH,20260410,6.4872,8.691,,692085.6008,
300626.SZ,20260410,9.2552,15.9693,,488340.0,
688583.SH,20260410,3.5516,3.5516,,1072734.0,
600523.SH,20260410,0.6602,1.2299,,566440.1593,
603895.SH,20260410,1.6647,3.1774,,298516.96,
002602.SZ,20260410,1.0844,1.3306,,12456453.1242,
002631.SZ,20260410,3.1163,6.5923,,578030.0887,
301091.SZ,20260410,0.5495,1.4691,,1125742.8,
600058.SH,20260410,0.78,2.0835,,1197324.2642,
002015.SZ,20260410,7.6733,14.7638,,2818091.5299,
688200.SH,20260410,1.8058,2.8391,,3971530.0922,
301261.SZ,20260410,3.6731,4.3842,,672184.219,
002643.SZ,20260410,1.3226,2.4494,,1502577.6183,
001211.SZ,20260410,16.6237,29.0917,,220896.0,
002466.SZ,20260410,5.1706,7.7021,,10176045.0786,
603005.SH,20260410,3.7298,4.4282,,1826080.7768,
002956.SZ,20260410,1.1216,2.4064,,642281.2881,
600975.SH,20260410,0.8625,1.4375,,676067.0013,
000710.SZ,20260410,2.0399,2.666,,365894.7163,
300147.SZ,20260410,3.9921,5.1662,,726745.6705,
603380.SH,20260410,1.63,3.6608,,571972.878,
002753.SZ,20260410,2.1433,2.6634,,318935.1984,
002655.SZ,20260410,17.0274,19.5602,,780963.0979,
600585.SH,20260410,0.4323,0.8568,,12103607.0904,
300451.SZ,20260410,1.2294,1.43,,728088.6052,
002224.SZ,20260410,1.8249,2.2538,,397833.2989,
002613.SZ,20260410,2.7462,3.6142,,414914.3969,
300711.SZ,20260410,1.4611,4.3653,,696877.5755,
003007.SZ,20260410,10.4969,20.2647,,446684.34,
603337.SH,20260410,0.3173,0.9227,,1880873.3561,
300243.SZ,20260410,7.9186,8.6673,,350216.544,
688106.SH,20260410,7.7119,13.7449,,1328414.362,
920300.BJ,20260410,3.0778,3.8224,,103789.1753,
001379.SZ,20260410,2.3851,2.4372,,427400.0,
000426.SZ,20260410,2.949,4.0583,,7688502.7499,
688235.SH,20260410,2.135,2.135,,37633143.8477,
002085.SZ,20260410,1.0224,1.6914,,2976863.123,
600600.SH,20260410,0.8026,1.8723,,8509849.1648,
000568.SZ,20260410,0.5805,1.1832,,15088877.0627,
605388.SH,20260410,1.0249,3.1298,,395118.472,
605255.SH,20260410,1.8295,7.3181,,1411996.48,
603618.SH,20260410,13.6577,29.1013,,1667597.9858,
600790.SH,20260410,0.2954,0.4904,,548205.8071,
603817.SH,20260410,2.8857,5.5903,,403049.4156,
002620.SZ,20260410,12.3857,17.5537,,368811.638,
603228.SH,20260410,2.2906,5.3753,,5852773.689,
600100.SH,20260410,0.9911,1.4503,,2693639.3613,
600162.SH,20260410,0.7698,2.3961,,578513.5476,
920195.BJ,20260410,1.0907,1.9724,,189001.84,
002889.SZ,20260410,0.7668,1.7275,,508340.4173,
000012.SZ,20260410,0.9055,1.4918,,1366068.4961,
301121.SZ,20260410,3.7836,4.6588,,365854.063,
301056.SZ,20260410,1.2184,2.6673,,400980.3605,
600278.SH,20260410,1.3123,3.4534,,636498.3566,
601098.SH,20260410,0.7183,2.0343,,2007928.0,
000897.SZ,20260410,1.7916,2.2656,,339627.1691,
600567.SH,20260410,1.7436,2.3285,,983962.7157,
920475.BJ,20260410,1.2559,2.4821,,133399.2,
301280.SZ,20260410,3.7766,3.8968,,772807.791,
920023.BJ,20260410,2.5667,2.8667,,102773.456,
300866.SZ,20260410,4.4994,6.4659,,6246251.6627,
000729.SZ,20260410,1.692,3.6985,,4019237.1003,
000538.SZ,20260410,0.4277,0.9766,,9799170.2157,
002134.SZ,20260410,1.9598,2.7773,,521434.4688,
300727.SZ,20260410,2.3737,4.7526,,597872.5523,
000993.SZ,20260410,4.7685,9.6422,,555037.1635,
600315.SH,20260410,0.6172,1.289,,1386129.9708,
301026.SZ,20260410,2.7196,3.0854,,461843.4941,
000810.SZ,20260410,2.1077,4.6252,,1380234.6948,
301078.SZ,20260410,2.2344,3.3005,,1084634.2498,
000066.SZ,20260410,2.3948,3.9996,,4858053.4265,
300930.SZ,20260410,2.2052,3.5227,,296100.0,
605060.SH,20260410,2.9419,7.8118,,1420214.576,
300903.SZ,20260410,7.9422,9.5395,,1481620.4739,
002042.SZ,20260410,4.0294,6.936,,761905.247,
920188.BJ,20260410,11.9252,11.9252,,198104.7636,
002650.SZ,20260410,0.4432,0.7903,,895630.8136,
300289.SZ,20260410,1.0524,1.9642,,361223.6274,
600566.SH,20260410,0.8069,2.0881,,2316137.2594,
601886.SH,20260410,0.4909,1.4956,,1052558.9137,
001234.SZ,20260410,1.8508,5.628,,281959.1049,
600529.SH,20260410,0.5748,0.714,,1226358.8808,
300729.SZ,20260410,1.0893,1.9353,,429065.5977,
601388.SH,20260410,4.6361,8.65,,880489.0464,
600449.SH,20260410,0.8125,1.5941,,601073.5698,
920526.BJ,20260410,1.4948,3.0773,,158039.7,
301365.SZ,20260410,4.6766,10.2291,,553860.0,
600608.SH,20260410,0.5987,0.7386,,76295.8543,
688102.SH,20260410,1.8684,3.8518,,2645374.1314,
300081.SZ,20260410,8.7621,9.791,,209864.0097,
603051.SH,20260410,2.4445,3.8501,,348965.4225,
000966.SZ,20260410,1.5079,3.6041,,1514250.232,
600101.SH,20260410,3.1728,4.6267,,504033.4733,
605296.SH,20260410,0.5906,4.7968,,1491380.476,
688129.SH,20260410,0.7609,2.6315,,285534.756,
300018.SZ,20260410,2.519,2.9305,,642098.9141,
001221.SZ,20260410,5.0194,5.0194,,2485662.14,
601858.SH,20260410,1.0726,5.8489,,1740681.0,
001313.SZ,20260410,2.3514,7.0422,,546700.0,
000702.SZ,20260410,1.7909,2.3922,,221839.9667,
001387.SZ,20260410,1.8712,2.4654,,244162.5536,
301007.SZ,20260410,2.0834,2.5428,,560611.04,
300622.SZ,20260410,4.3673,5.0779,,560521.2336,
002829.SZ,20260410,2.5946,2.8782,,466116.4707,
300229.SZ,20260410,3.0009,3.9133,,1613577.8614,
920455.BJ,20260410,0.898,1.5489,,136813.95,
300360.SZ,20260410,1.2519,1.9038,,837096.6411,
601789.SH,20260410,6.2657,8.5676,,849086.2755,
300115.SZ,20260410,3.0733,4.569,,4567133.2482,
300859.SZ,20260410,3.1641,5.124,,521885.0,
688551.SH,20260410,3.1756,6.3077,,380251.8168,
688380.SH,20260410,2.8921,6.9958,,1817256.735,
688722.SH,20260410,1.8145,3.3711,,382832.0568,
601336.SH,20260410,1.0365,3.077,,19434775.318,
601615.SH,20260410,3.187,4.2307,,3742777.0484,
000727.SZ,20260410,3.5129,6.4023,,1254690.0535,
600114.SH,20260410,2.2482,2.9494,,1939610.0413,
002285.SZ,20260410,1.7537,3.3201,,575927.592,
002882.SZ,20260410,2.1011,4.5194,,1180518.3,
600611.SH,20260410,1.2833,1.8403,,1115865.9918,
002506.SZ,20260410,8.3685,11.0423,,2597540.4936,
002109.SZ,20260410,3.2251,7.5408,,530928.258,
300035.SZ,20260410,8.1373,8.6453,,1560031.1032,
688128.SH,20260410,0.5711,2.6841,,1035520.0,
300137.SZ,20260410,3.847,4.5557,,715800.6681,
603890.SH,20260410,6.4418,9.5171,,698808.3392,
601827.SH,20260410,0.4569,1.6212,,1339218.5733,
301267.SZ,20260410,0.5072,1.9555,,1442280.0,
300514.SZ,20260410,1.4995,1.9852,,261600.0,
001332.SZ,20260410,3.0233,5.2292,,603385.89,
002886.SZ,20260410,2.0601,2.786,,572994.161,
300437.SZ,20260410,6.0801,7.2491,,384478.4561,
603356.SH,20260410,1.9585,2.7786,,227611.38,
002869.SZ,20260410,3.6994,4.7654,,396997.2398,
601518.SH,20260410,0.7495,2.3717,,557713.1849,
300308.SZ,20260410,2.9923,3.9202,,81628308.4073,
300425.SZ,20260410,0.7921,1.2695,,333607.9531,
603182.SH,20260410,9.8774,15.1073,,257027.1,
300003.SZ,20260410,1.653,2.2829,,3032433.6578,
002252.SZ,20260410,0.3245,0.566,,3810203.2964,
300946.SZ,20260410,1.1146,1.7748,,710303.5134,
000812.SZ,20260410,1.8017,2.1449,,312089.2013,
002612.SZ,20260410,1.7691,2.4291,,739326.2216,
301548.SZ,20260410,7.9711,8.3671,,618657.0,
920953.BJ,20260410,2.2659,3.7934,,378198.4025,
300047.SZ,20260410,2.1326,2.1734,,774859.7765,
002802.SZ,20260410,3.2029,5.7315,,242144.509,
300942.SZ,20260410,1.1836,2.7115,,339042.6492,
000157.SZ,20260410,0.8878,1.3334,,7576116.8667,
300305.SZ,20260410,1.9869,2.686,,235000.6329,
601096.SH,20260410,1.4624,2.9772,,1530188.7103,
688501.SH,20260410,1.5612,2.6011,,298639.304,
688141.SH,20260410,3.6799,5.762,,2899620.8404,
300203.SZ,20260410,1.4996,1.976,,618360.4128,
603825.SH,20260410,0.5227,0.8276,,205455.9437,
600668.SH,20260410,1.0535,1.2564,,447997.1445,
603848.SH,20260410,0.3413,1.9952,,620913.2465,
300290.SZ,20260410,2.463,3.0793,,924413.5622,
603877.SH,20260410,0.2368,0.8037,,661861.4077,
920639.BJ,20260410,1.7325,2.2258,,154022.4,
000909.SZ,20260410,2.5519,4.3575,,292830.8299,
688060.SH,20260410,0.7163,2.3367,,277358.8746,
600331.SH,20260410,3.3336,4.8535,,4247692.8,
688277.SH,20260410,1.9781,2.8005,,1087085.0091,
600615.SH,20260410,1.196,1.7095,,263078.2953,
002482.SZ,20260410,1.7179,3.6675,,633912.6393,
300541.SZ,20260410,2.6113,2.6113,,607652.8672,
688663.SH,20260410,1.8517,2.9787,,813620.4246,
600141.SH,20260410,1.6927,2.5353,,3970548.4875,
600280.SH,20260410,1.1731,2.7283,,355425.4582,
688400.SH,20260410,6.4547,11.4116,,2285928.9842,
920037.BJ,20260410,3.7259,3.7259,,682313.2937,
301559.SZ,20260410,3.6655,3.6655,,990000.0,
300271.SZ,20260410,1.0118,1.3355,,539887.3475,
603728.SH,20260410,1.0534,2.4701,,2452138.155,
600613.SH,20260410,5.9704,10.9178,,339135.4838,
300518.SZ,20260410,3.1937,4.432,,394037.2742,
600018.SH,20260410,0.1458,1.2012,,11639980.252,
301557.SZ,20260410,2.8961,2.8961,,448838.7332,
600199.SH,20260410,0.8341,1.1442,,529526.4433,
000597.SZ,20260410,1.5054,3.4093,,766346.3983,
002857.SZ,20260410,2.1632,3.1652,,293273.33,
002275.SZ,20260410,0.4085,1.5107,,836697.6864,
600869.SH,20260410,4.9698,9.5011,,3462190.2838,
002234.SZ,20260410,1.5727,2.1703,,292079.6974,
600570.SH,20260410,2.35,2.967,,5092019.316,
600628.SH,20260410,1.3298,2.3851,,467044.0272,
300021.SZ,20260410,0.9522,1.2945,,444729.849,
603167.SH,20260410,0.7504,1.2544,,434427.8098,
600159.SH,20260410,2.4932,4.7672,,246510.9599,
688618.SH,20260410,3.6819,9.8548,,388404.3458,
301117.SZ,20260410,5.317,5.9366,,561495.9911,
002805.SZ,20260410,5.7738,8.2931,,484788.2013,
688168.SH,20260410,1.1133,1.702,,538674.1429,
300550.SZ,20260410,1.3917,2.7736,,317960.3308,
920792.BJ,20260410,0.5016,0.7783,,184080.48,
002186.SZ,20260410,1.1479,2.0477,,321039.981,
300715.SZ,20260410,1.3682,2.3412,,518313.9945,
603968.SH,20260410,4.2742,8.2747,,265824.0,
688081.SH,20260410,1.8437,3.7387,,428646.4,
600876.SH,20260410,2.4597,6.3914,,641800.9132,
300990.SZ,20260410,6.7595,10.4529,,1463057.3696,
603633.SH,20260410,2.5606,3.8586,,329497.9515,
001323.SZ,20260410,0.1415,0.5305,,1068993.4371,
000404.SZ,20260410,1.4118,2.0386,,499029.1169,
002052.SZ,20260410,1.9758,2.7463,,802853.1535,
002034.SZ,20260410,3.795,8.2509,,802441.0071,
300814.SZ,20260410,6.1724,16.2591,,1868740.9486,
001280.SZ,20260410,4.7087,4.7087,,16797772.7258,
000065.SZ,20260410,7.2477,13.7432,,1691059.7835,
920249.BJ,20260410,5.6855,5.8589,,338568.89,
300824.SZ,20260410,0.8991,2.2653,,338416.3242,
000766.SZ,20260410,1.5664,1.9499,,2034471.3582,
000591.SZ,20260410,2.0148,3.0801,,2049267.8673,
002993.SZ,20260410,2.7275,5.6537,,1420501.84,
603259.SH,20260410,1.3089,1.5589,,31726289.8291,
000541.SZ,20260410,0.372,0.7364,,870786.2564,
688152.SH,20260410,0.824,1.5381,,350445.8635,
600222.SH,20260410,3.9174,5.0926,,416067.5552,
601318.SH,20260410,0.5984,0.6578,,106509150.2146,
300531.SZ,20260410,10.8826,15.9277,,649542.7462,
300696.SZ,20260410,3.2491,5.7096,,870371.2065,
600479.SH,20260410,1.5174,2.564,,528141.3472,
688218.SH,20260410,2.5014,3.0729,,278841.9592,
920122.BJ,20260410,1.2852,2.5508,,243426.923,
603309.SH,20260410,2.0801,4.1837,,415041.1564,
002381.SZ,20260410,2.0887,2.7709,,268348.8038,
600983.SH,20260410,1.0717,5.2892,,856112.363,
688759.SH,20260410,6.5455,6.5455,,1695738.1236,
600064.SH,20260410,0.8144,1.2479,,1451754.9613,
002355.SZ,20260410,3.9695,4.6492,,410447.334,
920950.BJ,20260410,0.7752,1.3718,,115772.28,
002901.SZ,20260410,0.448,1.7652,,1794360.539,
002544.SZ,20260410,1.536,2.3816,,1778915.5885,
603330.SH,20260410,1.0145,1.5645,,295083.4286,
601375.SH,20260410,1.7925,2.3546,,1875725.4188,
301575.SZ,20260410,2.5339,2.5339,,391661.73,
688082.SH,20260410,0.7519,2.9253,,7389736.1027,
920015.BJ,20260410,4.9454,4.9454,,542131.1013,
002462.SZ,20260410,1.2935,1.809,,425017.2738,
603659.SH,20260410,4.2346,9.0638,,7188982.8907,
300499.SZ,20260410,17.2123,17.9288,,1178259.457,
688026.SH,20260410,0.9409,1.6899,,232864.5844,
301181.SZ,20260410,12.3161,28.9395,,539922.9668,
920679.BJ,20260410,0.7877,1.6597,,99468.85,
300943.SZ,20260410,8.1544,9.8897,,592708.56,
688179.SH,20260410,3.4289,6.1602,,623802.8115,
300858.SZ,20260410,6.8848,8.4034,,490100.9195,
002605.SZ,20260410,2.1275,3.409,,884614.6966,
300887.SZ,20260410,2.1906,3.3888,,544100.0014,
600076.SH,20260410,2.0394,3.3519,,488069.2422,
300277.SZ,20260410,7.8835,9.0929,,2993777.8061,
002204.SZ,20260410,1.9232,4.3149,,1305606.1416,
300366.SZ,20260410,1.2325,1.304,,337812.3394,
601390.SH,20260410,0.6556,1.4885,,12984952.7347,
603225.SH,20260410,1.215,2.6696,,2982583.9408,
300551.SZ,20260410,3.3872,4.1752,,485269.6713,
000890.SZ,20260410,18.6981,31.3695,,596115.1385,
920433.BJ,20260410,4.9499,8.7795,,137684.7884,
003015.SZ,20260410,2.1173,2.4427,,421318.9338,
301082.SZ,20260410,1.8879,3.6878,,399209.3829,
603307.SH,20260410,0.5749,2.2659,,268563.765,
920729.BJ,20260410,1.653,1.6881,,224693.7,
688028.SH,20260410,6.117,9.3803,,1474318.883,
002319.SZ,20260410,3.1243,4.222,,236284.9913,
603032.SH,20260410,2.8033,5.5236,,426106.4598,
300694.SZ,20260410,1.4485,2.1869,,264391.718,
002822.SZ,20260410,2.4667,2.4667,,637650.0,
688165.SH,20260410,1.4729,3.0456,,889634.9,
600791.SH,20260410,10.0589,18.3955,,574704.72,
301446.SZ,20260410,4.503,4.503,,390104.0,
920045.BJ,20260410,12.0453,16.6605,,2709247.6104,
000544.SZ,20260410,0.5388,2.1752,,799241.2802,
000681.SZ,20260410,3.1901,4.3444,,1437584.8987,
600210.SH,20260410,1.2255,1.6723,,1052614.8937,
920363.BJ,20260410,1.4836,2.1122,,155392.6,
600137.SH,20260410,4.3789,9.9065,,217378.5268,
300250.SZ,20260410,2.6509,3.0073,,456996.3861,
600909.SH,20260410,1.8706,3.2797,,2858775.0792,
688610.SH,20260410,4.2902,7.5186,,646272.0,
603017.SH,20260410,7.9188,14.1117,,369818.8023,
300194.SZ,20260410,1.7939,1.9367,,497299.7757,
300350.SZ,20260410,2.4499,2.6127,,303486.6307,
000639.SZ,20260410,6.2914,7.8662,,238553.609,
300152.SZ,20260410,2.2203,2.3587,,164656.8,
600302.SH,20260410,4.1762,7.2973,,426284.0785,
300448.SZ,20260410,5.8204,9.5696,,456649.0283,
002383.SZ,20260410,1.286,2.2304,,710745.8928,
603681.SH,20260410,3.2459,4.8777,,387297.839,
300426.SZ,20260410,1.8983,2.5515,,333733.6622,
688045.SH,20260410,2.1054,4.3228,,328041.8449,
920946.BJ,20260410,0.5669,2.0493,,425637.585,
300787.SZ,20260410,1.8842,2.4121,,378313.6551,
002296.SZ,20260410,2.6168,2.7208,,451134.1264,
300406.SZ,20260410,0.6724,1.087,,707088.2054,
300625.SZ,20260410,1.0229,1.6284,,325699.946,
688448.SH,20260410,1.7686,3.5814,,396667.1328,
688595.SH,20260410,1.575,2.7047,,444816.6592,
600618.SH,20260410,0.9794,3.4801,,1485973.9692,
688778.SH,20260410,1.3533,3.9037,,3826567.7913,
605169.SH,20260410,0.992,3.3819,,339738.88,
301358.SZ,20260410,3.6628,5.916,,6452395.9773,
605369.SH,20260410,0.4113,1.2822,,396005.3364,
002364.SZ,20260410,0.6073,1.0263,,1979240.1395,
300747.SZ,20260410,5.9372,10.124,,1781395.2,
601065.SH,20260410,0.9638,1.2394,,535432.4738,
002501.SZ,20260410,1.5002,1.9372,,660300.0,
300540.SZ,20260410,2.0035,3.0653,,461413.8111,
603856.SH,20260410,0.5752,1.458,,362442.0371,
301090.SZ,20260410,0.6408,3.5876,,1158827.1423,
002152.SZ,20260410,1.1369,2.2755,,2945292.117,
002369.SZ,20260410,1.971,1.971,,415011.997,
688109.SH,20260410,1.083,2.1502,,916541.7375,
600679.SH,20260410,0.7301,1.8489,,603924.8692,
603260.SH,20260410,0.6957,3.0288,,5031472.7409,
300970.SZ,20260410,10.7788,13.7749,,355198.5627,
601339.SH,20260410,0.8432,3.28,,1130675.026,
002019.SZ,20260410,3.6491,4.4331,,1531435.117,
301633.SZ,20260410,1.0208,1.2238,,340260.48,
600439.SH,20260410,0.9709,1.4645,,286392.3163,
002304.SZ,20260410,0.2453,0.6362,,7572899.387,
300771.SZ,20260410,2.9792,3.492,,332400.0,
688639.SH,20260410,2.0341,2.9383,,720333.1958,
920478.BJ,20260410,8.17,10.1683,,127901.6375,
002559.SZ,20260410,4.7931,5.2362,,555262.6742,
600421.SH,20260410,2.1863,3.6598,,120489.6,
002897.SZ,20260410,6.9246,11.9361,,1279612.5936,
300150.SZ,20260410,2.254,2.4707,,317712.5868,
603101.SH,20260410,4.511,11.4085,,415363.2,
002095.SZ,20260410,1.1615,2.0795,,424064.16,
301237.SZ,20260410,2.1557,3.1392,,452320.0,
600879.SH,20260410,3.0278,4.0667,,7037405.4794,
300461.SZ,20260410,6.922,12.285,,1174784.0562,
603836.SH,20260410,0.6946,1.6629,,266395.3376,
300316.SZ,20260410,2.2546,4.6865,,5523613.5557,
301139.SZ,20260410,3.3031,3.707,,208146.3296,
688785.SH,20260410,3.676,3.676,,1985825.9124,
301218.SZ,20260410,4.0663,4.9849,,409745.72,
920866.BJ,20260410,1.2414,1.8106,,136055.4545,
002484.SZ,20260410,6.5434,10.2221,,2530308.7245,
688051.SH,20260410,0.9524,2.2479,,240895.41,
601138.SH,20260410,0.9622,5.9356,,112158809.5892,
300813.SZ,20260410,9.3469,17.9763,,353295.7234,
600238.SH,20260410,3.8957,4.7887,,175694.4,
601975.SH,20260410,5.7167,8.2573,,2237204.7561,
300618.SZ,20260410,3.4135,4.3101,,1339439.9186,
002671.SZ,20260410,2.7049,4.5655,,268658.967,
000923.SZ,20260410,1.5291,2.4292,,1221255.886,
002427.SZ,20260410,6.0188,15.1056,,666152.5573,
601799.SH,20260410,1.2222,2.6741,,3690978.0935,
300357.SZ,20260410,2.271,4.1036,,1373360.832,
002639.SZ,20260410,18.3603,19.5266,,1510437.258,
688630.SH,20260410,5.8146,9.0461,,3260582.721,
301591.SZ,20260410,4.1554,4.1554,,357510.0,
300391.SZ,20260410,17.5296,22.2323,,6656.3861,
002947.SZ,20260410,16.8172,19.8253,,1726338.506,
603015.SH,20260410,0.8441,1.6881,,500827.341,
301176.SZ,20260410,6.0676,17.6629,,488095.4676,
301059.SZ,20260410,1.166,3.7074,,325464.832,
600768.SH,20260410,3.1074,4.952,,225765.2736,
300051.SZ,20260410,7.8423,9.7776,,460929.9179,
002028.SZ,20260410,2.0664,2.2795,,16428598.9168,
002965.SZ,20260410,3.7842,4.1336,,808879.3342,
300635.SZ,20260410,4.2605,4.9717,,195459.544,
300643.SZ,20260410,1.6247,2.8772,,407006.241,
300207.SZ,20260410,16.8675,22.0481,,5289284.9829,
601995.SH,20260410,0.961,2.8455,,16002356.5174,
603019.SH,20260410,3.1988,3.8302,,12480377.6375,
601288.SH,20260410,0.0692,0.7714,,230638819.3223,
600612.SH,20260410,0.2402,0.7859,,2166753.7785,
002144.SZ,20260410,4.9657,5.3821,,268502.28,
300485.SZ,20260410,10.5229,13.6581,,551508.028,
688181.SH,20260410,1.7924,2.2535,,447554.5851,
301609.SZ,20260410,7.3973,7.3973,,749410.88,
301345.SZ,20260410,5.0597,6.0996,,2514671.5773,
600461.SH,20260410,0.735,1.3405,,1255904.1631,
603117.SH,20260410,1.8193,2.5842,,282821.3342,
600405.SH,20260410,1.982,2.2068,,326025.3408,
920906.BJ,20260410,1.6344,2.4382,,155668.12,
601956.SH,20260410,0.767,1.4517,,411510.1826,
300389.SZ,20260410,7.1652,13.0267,,712363.6118,
301123.SZ,20260410,8.0845,12.2037,,1518120.8,
000663.SZ,20260410,1.6195,2.3046,,225241.5485,
605588.SH,20260410,1.6799,5.0995,,406239.2667,
688248.SH,20260410,0.6752,2.3125,,3172484.6,
601113.SH,20260410,1.8927,2.5231,,497972.6539,
688429.SH,20260410,3.7857,5.191,,557201.1144,
000793.SZ,20260410,0.8075,1.0434,,591184.6553,
300444.SZ,20260410,10.0917,11.0527,,1090921.8729,
000709.SZ,20260410,0.7287,2.0691,,2439560.5777,
002391.SZ,20260410,1.5658,1.757,,404696.1587,
003028.SZ,20260410,5.638,10.4412,,410834.529,
001376.SZ,20260410,3.9471,3.9471,,735596.4,
600356.SH,20260410,3.9693,5.6651,,298889.6091,
002349.SZ,20260410,4.5522,6.9382,,635530.9795,
300206.SZ,20260410,3.3469,4.3905,,855003.4354,
688150.SH,20260410,4.5742,10.3004,,1860066.5179,
688717.SH,20260410,13.4245,13.4653,,1885600.0,
002470.SZ,20260410,6.0307,8.6034,,956234.0729,
600498.SH,20260410,10.1931,16.6706,,7116797.6057,
603334.SH,20260410,9.7354,9.7354,,783653.5,
300656.SZ,20260410,4.5484,5.7893,,368603.4051,
300477.SZ,20260410,2.331,2.368,,276580.8212,
301161.SZ,20260410,1.8088,2.2303,,368400.0,
600825.SH,20260410,0.9085,1.8729,,614394.0558,
688202.SH,20260410,4.4308,7.4813,,905130.6636,
000633.SZ,20260410,1.8301,2.3091,,266108.5037,
002757.SZ,20260410,2.825,4.4612,,602434.6066,
920719.BJ,20260410,2.9548,3.2391,,99330.6578,
002007.SZ,20260410,0.5716,0.9205,,2724737.889,
301367.SZ,20260410,1.3237,2.1482,,621376.0,
002084.SZ,20260410,2.2282,3.7923,,246147.3512,
920438.BJ,20260410,3.6694,5.9744,,613322.6,
300072.SZ,20260410,1.9698,3.1522,,1127865.745,
000825.SZ,20260410,0.5564,1.5166,,2529134.0214,
300332.SZ,20260410,5.185,6.2554,,509618.1794,
301045.SZ,20260410,3.6447,3.9461,,450319.5374,
688116.SH,20260410,2.3606,2.711,,1473458.7646,
300181.SZ,20260410,1.0928,1.155,,1101178.116,
603637.SH,20260410,9.3301,11.8427,,343946.3488,
000968.SZ,20260410,7.5653,17.5101,,894939.9605,
605179.SH,20260410,0.6501,3.122,,691324.0,
600089.SH,20260410,3.0198,3.6844,,13688015.0748,
600756.SH,20260410,5.8016,7.1707,,595068.1376,
300327.SZ,20260410,2.4231,3.1704,,854449.5405,
002679.SZ,20260410,1.3436,3.694,,252258.92,
603313.SH,20260410,0.9343,1.7152,,465598.8982,
688605.SH,20260410,2.9435,3.6333,,1262850.3014,
301047.SZ,20260410,0.8023,2.1153,,897557.5192,
002176.SZ,20260410,10.0825,12.1559,,1832593.674,
300829.SZ,20260410,2.6393,2.7434,,434777.2797,
000970.SZ,20260410,2.0459,2.6593,,1484401.1688,
600692.SH,20260410,3.4274,3.6813,,264878.3402,
603113.SH,20260410,2.0661,4.1003,,616004.1872,
688237.SH,20260410,0.7647,1.7146,,475942.1193,
000821.SZ,20260410,1.9377,2.5194,,697619.7514,
002782.SZ,20260410,3.0261,7.2974,,1104511.857,
920116.BJ,20260410,1.529,5.274,,1422157.275,
688281.SH,20260410,1.3039,2.5244,,2026017.8273,
002675.SZ,20260410,3.5671,4.4741,,1145363.4342,
920001.BJ,20260410,2.0962,4.1824,,240932.9279,
603818.SH,20260410,1.6768,2.8928,,237544.1738,
002485.SZ,20260410,0.4242,1.7251,,269280.0,
600480.SH,20260410,5.2351,9.4177,,1318844.8967,
002577.SZ,20260410,0.5575,1.3383,,438715.344,
002281.SZ,20260410,12.8102,21.1985,,8697577.9581,
603276.SH,20260410,3.2967,3.2967,,344698.165,
002556.SZ,20260410,1.3877,2.2302,,580215.583,
300245.SZ,20260410,10.8722,13.4588,,419443.7074,
002630.SZ,20260410,3.6219,3.6219,,221990.4,
002703.SZ,20260410,4.1892,7.9506,,1595084.1926,
688350.SH,20260410,2.4311,4.018,,413833.7303,
300876.SZ,20260410,1.7395,2.6799,,279953.7528,
603048.SH,20260410,3.1624,11.0877,,337824.0,
601015.SH,20260410,2.7373,7.3505,,841509.0273,
603270.SH,20260410,3.1114,3.1114,,558722.0009,
301071.SZ,20260410,4.3677,6.1104,,1102253.2456,
601666.SH,20260410,0.684,1.4216,,1948328.1289,
300789.SZ,20260410,2.6109,3.417,,311289.3593,
301192.SZ,20260410,6.7341,9.6381,,262037.7,
003001.SZ,20260410,1.7564,2.3273,,305632.8749,
603730.SH,20260410,0.6398,3.329,,1987442.0112,
688707.SH,20260410,1.496,2.1464,,682220.6149,
300752.SZ,20260410,4.3018,5.1884,,404671.6511,
920873.BJ,20260410,2.2239,2.5691,,121022.3446,
300445.SZ,20260410,2.7013,3.535,,433569.6565,
000025.SZ,20260410,0.94,2.0376,,697021.3034,
300017.SZ,20260410,8.0441,9.0745,,4370442.2537,
300867.SZ,20260410,3.5646,4.4289,,544569.0702,
300803.SZ,20260410,5.5927,9.2707,,6200364.1917,
002077.SZ,20260410,3.1354,6.173,,908825.7714,
300256.SZ,20260410,0.8688,1.7765,,782595.7182,
605020.SH,20260410,1.4501,2.4574,,1259168.1522,
300490.SZ,20260410,6.824,8.7196,,703255.0689,
688176.SH,20260410,2.7495,3.1623,,799067.5099,
300306.SZ,20260410,1.9055,2.5192,,332433.0496,
600794.SH,20260410,1.8381,2.8738,,446456.6024,
300844.SZ,20260410,2.6309,9.2973,,327822.665,
300665.SZ,20260410,2.2713,2.7967,,169245.0493,
002196.SZ,20260410,8.1115,9.2479,,711576.2196,
000090.SZ,20260410,0.7388,1.2227,,674544.9017,
600429.SH,20260410,1.4888,5.2114,,916274.3297,
300077.SZ,20260410,10.5334,10.5334,,1481028.7128,
301509.SZ,20260410,20.893,20.893,,523461.2235,
300105.SZ,20260410,1.1669,2.0055,,347658.9191,
603239.SH,20260410,3.0377,7.2385,,694938.24,
603906.SH,20260410,8.078,13.9637,,1514024.3756,
002765.SZ,20260410,1.9715,2.608,,676908.9574,
603929.SH,20260410,4.0969,10.2931,,4491228.0,
300374.SZ,20260410,1.3781,2.6514,,348703.6939,
002718.SZ,20260410,5.4102,14.8062,,1015000.4272,
603350.SH,20260410,2.3551,3.0477,,403884.698,
300835.SZ,20260410,3.5159,4.0439,,1049974.5897,
920575.BJ,20260410,1.9015,1.9022,,227280.46,
300124.SZ,20260410,1.3915,1.7271,,18438934.0763,
603700.SH,20260410,1.2387,1.781,,269948.6109,
002960.SZ,20260410,1.7335,3.1001,,1070727.3936,
920802.BJ,20260410,1.7656,1.8491,,114647.5894,
300594.SZ,20260410,3.7217,6.0571,,281683.9977,
002734.SZ,20260410,4.351,5.2342,,834622.7005,
002729.SZ,20260410,10.8918,16.1715,,393934.2378,
000045.SZ,20260410,1.9891,4.0774,,616437.0902,
688622.SH,20260410,2.2527,4.8422,,601070.8941,
000899.SZ,20260410,1.6906,5.8289,,1236183.7219,
600719.SH,20260410,4.5083,6.7192,,278769.1244,
688656.SH,20260410,0.7043,2.1652,,873100.344,
603693.SH,20260410,1.2381,7.7726,,1201709.4862,
002609.SZ,20260410,1.1744,1.6763,,540488.6264,
000950.SZ,20260410,7.1798,15.8875,,1050736.2952,
688333.SH,20260410,2.2622,3.1877,,2527330.1891,
688062.SH,20260410,3.6265,3.6265,,1514883.6,
688003.SH,20260410,2.17,5.1411,,1331289.7455,
605199.SH,20260410,1.09,4.4193,,279275.9089,
302132.SZ,20260410,0.9274,2.0261,,18143500.443,
002023.SZ,20260410,3.8458,5.0309,,788275.29,
603998.SH,20260410,1.8512,2.9673,,475086.0315,
001206.SZ,20260410,2.5376,3.4285,,390495.7225,
000792.SZ,20260410,1.6111,2.4609,,19795772.8759,
601865.SH,20260410,1.2071,2.8645,,3263632.2955,
603558.SH,20260410,3.544,7.2674,,460162.8998,
301377.SZ,20260410,5.1988,5.9557,,8803110.0,
688316.SH,20260410,7.0546,9.3751,,334472.6348,
603126.SH,20260410,2.1237,4.3041,,483516.0,
920090.BJ,20260410,4.4094,4.4094,,123586.7985,
601878.SH,20260410,1.0226,1.9099,,4409139.96,
688375.SH,20260410,0.9021,3.0191,,6530535.2593,
920158.BJ,20260410,6.4306,6.4306,,227557.68,
688255.SH,20260410,1.4875,2.7017,,309362.5779,
300717.SZ,20260410,1.7129,3.6339,,212127.6,
603196.SH,20260410,5.3325,10.9252,,1360734.18,
600490.SH,20260410,2.0798,2.7126,,1788012.7598,
300302.SZ,20260410,14.3017,17.1323,,1069237.5333,
002694.SZ,20260410,2.0992,3.4997,,224346.9312,
603130.SH,20260410,1.0082,3.86,,528879.6132,
688057.SH,20260410,0.5084,1.0021,,341964.0,
600310.SH,20260410,6.736,13.744,,639049.8748,
603587.SH,20260410,0.2146,0.962,,579341.3857,
300187.SZ,20260410,2.0002,3.7718,,334432.2815,
300774.SZ,20260410,3.698,5.3883,,708796.1864,
000933.SZ,20260410,1.8893,2.808,,7576895.8202,
600396.SH,20260410,15.6903,34.9408,,977877.3265,
600549.SH,20260410,3.3576,5.3323,,9314366.0411,
600917.SH,20260410,0.3241,0.7196,,836717.3114,
000683.SZ,20260410,0.7715,1.0221,,3267094.9412,
600874.SH,20260410,1.0705,2.5582,,954814.1957,
688372.SH,20260410,5.65,7.7644,,2515631.0917,
300825.SZ,20260410,1.2116,1.3689,,435494.8233,
600067.SH,20260410,2.1557,3.371,,558059.1643,
002039.SZ,20260410,5.834,9.6757,,885900.4371,
920273.BJ,20260410,1.1415,2.0839,,222230.0884,
301186.SZ,20260410,4.9583,13.9374,,490547.9958,
688721.SH,20260410,1.6297,1.6297,,526524.0,
920579.BJ,20260410,2.0751,2.0751,,229179.6,
300409.SZ,20260410,5.341,5.4948,,2081564.4639,
000930.SZ,20260410,2.0059,4.5349,,1262380.8293,
002346.SZ,20260410,0.6789,1.4025,,829720.2067,
600351.SH,20260410,4.193,4.8546,,465024.0309,
300723.SZ,20260410,4.1114,11.1621,,1626997.3431,
002178.SZ,20260410,1.4663,2.0055,,439398.4016,
003035.SZ,20260410,1.3939,5.198,,2852272.7266,
600803.SH,20260410,0.4448,1.646,,6439233.0226,
605055.SH,20260410,2.036,7.8359,,468600.0,
603338.SH,20260410,1.1082,2.5368,,2502371.218,
605111.SH,20260410,1.9055,2.4657,,1595292.3898,
301029.SZ,20260410,2.4741,3.3574,,1614680.1048,
688611.SH,20260410,0.6229,1.4284,,803914.8936,
003022.SZ,20260410,1.1055,4.2686,,2912873.808,
603257.SH,20260410,7.6291,7.6291,,689280.0,
000558.SZ,20260410,1.6803,2.3975,,577572.3292,
300334.SZ,20260410,1.5268,2.5493,,222018.0367,
688518.SH,20260410,3.1919,3.6951,,876181.5189,
301016.SZ,20260410,1.2561,3.9334,,489216.0,
600661.SH,20260410,1.1721,1.8437,,280244.7557,
920159.BJ,20260410,7.631,7.631,,299364.0,
603466.SH,20260410,4.5137,7.5229,,568645.7556,
300294.SZ,20260410,0.906,1.5565,,950508.8711,
688366.SH,20260410,0.2591,0.5766,,897615.4332,
000670.SZ,20260410,9.6447,11.3588,,688451.0828,
301608.SZ,20260410,1.7242,2.4289,,759796.62,
000800.SZ,20260410,0.5701,2.608,,3435054.1206,
002672.SZ,20260410,0.798,1.6474,,480786.2739,
300628.SZ,20260410,0.7701,1.0766,,4391755.9852,
603324.SH,20260410,3.1771,8.8244,,387363.5383,
002975.SZ,20260410,21.6428,26.3034,,1420761.8818,
301456.SZ,20260410,2.2279,2.6958,,432687.8872,
605378.SH,20260410,1.6626,5.9769,,530794.5384,
920304.BJ,20260410,0.9508,1.6458,,209379.43,
603090.SH,20260410,7.6894,15.4775,,685200.0,
600217.SH,20260410,0.6677,1.0628,,636539.0104,
002490.SZ,20260410,9.5798,16.9537,,735616.2248,
300383.SZ,20260410,7.8797,10.2127,,3091859.6968,
688047.SH,20260410,1.4447,3.5381,,5341320.0,
605003.SH,20260410,1.0005,3.7543,,322300.0,
002550.SZ,20260410,5.4712,6.2794,,1013601.6,
600834.SH,20260410,0.5603,1.3479,,397181.745,
920665.BJ,20260410,2.1549,3.3331,,142469.04,
688676.SH,20260410,3.4834,5.8257,,3877821.326,
300613.SZ,20260410,2.6603,4.6569,,1020383.5217,
601022.SH,20260410,0.6343,3.3387,,1159449.1339,
600883.SH,20260410,1.5947,2.9321,,187453.872,
001390.SZ,20260410,4.1424,4.1424,,443800.0,
600368.SH,20260410,0.5297,1.1008,,621326.3892,
003023.SZ,20260410,3.2625,6.6424,,264196.7328,
920476.BJ,20260410,1.25,1.6998,,171126.2182,
300165.SZ,20260410,5.6729,6.7253,,262621.2143,
002868.SZ,20260410,0.9857,1.4752,,609696.3286,
002527.SZ,20260410,1.3395,1.5711,,921655.1945,
002133.SZ,20260410,1.8126,2.6778,,258564.1545,
920395.BJ,20260410,0.5646,0.939,,149076.2328,
001338.SZ,20260410,2.1606,4.4564,,686367.7809,
002457.SZ,20260410,3.1734,4.32,,367835.9404,
600808.SH,20260410,1.1214,2.9955,,3141877.9239,
605288.SH,20260410,1.2349,4.6685,,598883.1037,
301449.SZ,20260410,11.6532,11.6532,,500282.614,
688391.SH,20260410,0.8208,1.6484,,351879.6658,
002051.SZ,20260410,13.4574,37.0164,,1327739.7894,
301369.SZ,20260410,9.3941,12.5598,,1136899.0864,
688363.SH,20260410,0.4002,0.9955,,2032682.1812,
600877.SH,20260410,1.2917,2.2008,,1909887.9606,
300841.SZ,20260410,1.2487,1.794,,741347.0588,
002801.SZ,20260410,1.3937,2.3675,,719207.424,
920806.BJ,20260410,0.7145,2.1996,,345847.1671,
300839.SZ,20260410,7.21,12.9403,,434481.346,
002731.SZ,20260410,7.7966,9.2971,,183407.696,
300883.SZ,20260410,2.813,3.5582,,233550.0,
002102.SZ,20260410,3.1036,3.9921,,750114.9174,
603131.SH,20260410,1.6071,2.7782,,690659.801,
920570.BJ,20260410,1.4741,2.1524,,146445.7075,
000975.SZ,20260410,1.2904,1.986,,8493993.4086,
002037.SZ,20260410,1.9282,3.474,,416139.8668,
600289.SH,20260410,0.7711,1.1202,,465085.3749,
300395.SZ,20260410,6.3005,7.811,,5282215.2447,
601607.SH,20260410,0.3757,1.0498,,6363548.8642,
002458.SZ,20260410,1.4546,1.6241,,1048879.4434,
600882.SH,20260410,2.1479,4.6422,,975222.5731,
001283.SZ,20260410,14.0438,14.4796,,694904.1449,
000718.SZ,20260410,1.3197,1.999,,637273.6406,
002141.SZ,20260410,2.1331,3.0758,,387350.9243,
920174.BJ,20260410,1.3211,2.3823,,834216.2108,
600500.SH,20260410,0.7789,1.7045,,1596796.3048,
300542.SZ,20260410,4.5219,6.7154,,497997.9115,
000423.SZ,20260410,0.7834,1.1826,,3526417.0882,
300015.SZ,20260410,0.6881,1.2983,,8961706.1999,
300699.SZ,20260410,1.8703,2.9443,,2856525.472,
600460.SH,20260410,1.4585,2.1332,,4423102.964,
002248.SZ,20260410,2.979,3.6112,,383447.0132,
300376.SZ,20260410,1.0474,2.1702,,1441180.8546,
600686.SH,20260410,3.3143,6.026,,1174523.669,
000623.SZ,20260410,1.3599,1.8747,,2181313.1859,
300045.SZ,20260410,2.7463,2.9715,,1439993.2878,
000518.SZ,20260410,0.7063,1.0893,,303719.0855,
600167.SH,20260410,0.3848,1.2917,,1470846.301,
603299.SH,20260410,0.6416,1.7245,,1105969.4457,
002108.SZ,20260410,3.0996,3.8636,,797921.5317,
300079.SZ,20260410,1.712,1.7581,,764351.0412,
600025.SH,20260410,0.1343,1.3429,,17718170.6384,
688132.SH,20260410,1.0708,1.9604,,255890.5679,
688259.SH,20260410,1.1899,2.1623,,407481.6,
301316.SZ,20260410,3.6652,6.6427,,1788104.0,
601116.SH,20260410,1.2496,3.3634,,757986.9056,
605016.SH,20260410,2.6926,6.2007,,1172254.3851,
600148.SH,20260410,0.953,1.8685,,258126.0048,
002352.SZ,20260410,0.3316,0.6568,,18822272.5776,
688312.SH,20260410,7.33,13.8229,,861507.8866,
300577.SZ,20260410,0.8515,1.1747,,459286.413,
000912.SZ,20260410,2.9244,5.7958,,793408.0,
600094.SH,20260410,1.478,2.2984,,1048552.4703,
002778.SZ,20260410,2.8421,4.0446,,267096.8153,
300894.SZ,20260410,1.2956,2.3633,,405063.2487,
000011.SZ,20260410,0.6238,1.756,,500026.4582,
600941.SH,20260410,0.7973,0.8366,,203579931.9768,
002918.SZ,20260410,3.6825,5.5726,,489341.3554,
002592.SZ,20260410,2.0594,3.2633,,232898.2111,
002396.SZ,20260410,3.0181,4.1061,,1631160.8479,
300304.SZ,20260410,1.6547,2.8661,,1174078.151,
300935.SZ,20260410,1.6797,2.4009,,235988.5503,
920932.BJ,20260410,2.9067,3.9331,,164135.8453,
301107.SZ,20260410,2.3234,4.551,,287119.7883,
300877.SZ,20260410,1.2305,2.4827,,321240.0,
600822.SH,20260410,0.691,1.7373,,495972.914,
300893.SZ,20260410,1.008,1.5136,,1046751.8017,
300853.SZ,20260410,5.7948,6.5959,,298453.5043,
301516.SZ,20260410,13.4083,13.4083,,532210.5275,
688301.SH,20260410,1.0198,1.3757,,2262505.9585,
603886.SH,20260410,2.9104,5.7628,,317520.0,
001324.SZ,20260410,1.8913,2.5093,,268272.0,
605099.SH,20260410,1.694,16.2509,,1674563.5795,
000019.SZ,20260410,5.8526,8.9981,,911655.3859,
605177.SH,20260410,1.8797,3.835,,231735.1373,
002315.SZ,20260410,3.8581,4.6284,,1302253.2422,
603097.SH,20260410,1.5386,5.1277,,548013.8102,
600763.SH,20260410,1.4475,2.1895,,1884429.0499,
603000.SH,20260410,1.5275,3.516,,2181528.4535,
603801.SH,20260410,0.4033,0.7502,,395259.7713,
300095.SZ,20260410,3.5129,3.8329,,411268.2706,
603060.SH,20260410,0.3704,1.1727,,512122.9551,
600422.SH,20260410,0.6336,0.9896,,856139.5812,
603320.SH,20260410,1.0558,2.5994,,303214.2307,
002451.SZ,20260410,2.3056,3.7328,,426127.89,
300471.SZ,20260410,2.1196,2.6813,,614027.3027,
000677.SZ,20260410,4.5294,5.8937,,399157.812,
002483.SZ,20260410,0.8856,1.3222,,618754.9523,
300516.SZ,20260410,3.0533,9.5422,,1082340.0,
002267.SZ,20260410,0.7302,2.053,,852961.8663,
000698.SZ,20260410,0.5411,0.9833,,311415.4701,
300184.SZ,20260410,6.6924,6.8532,,1308723.5227,
301330.SZ,20260410,1.529,3.714,,802548.7855,
601002.SH,20260410,7.2705,13.2183,,567892.2284,
688121.SH,20260410,1.4233,2.0374,,259545.1573,
002047.SZ,20260410,0.9168,1.3872,,758124.3465,
300210.SZ,20260410,2.2288,2.9727,,446450.7967,
002611.SZ,20260410,2.5059,2.9809,,2115643.6589,
603528.SH,20260410,1.6658,3.5905,,572509.3362,
688609.SH,20260410,0.8696,1.054,,413500.0,
301041.SZ,20260410,3.5954,4.1835,,290276.28,
000567.SZ,20260410,0.569,2.3191,,1008569.552,
300402.SZ,20260410,1.2672,2.7916,,469642.3158,
002849.SZ,20260410,6.256,8.0213,,398244.3989,
002358.SZ,20260410,2.3618,3.0082,,683371.3781,
300141.SZ,20260410,3.8274,7.9856,,356856.9264,
600010.SH,20260410,3.9007,6.138,,12816679.2755,
600861.SH,20260410,0.8539,1.3891,,910875.3633,
300560.SZ,20260410,4.9046,6.1478,,363454.41,
601958.SH,20260410,0.9136,3.3051,,6107962.1292,
000701.SZ,20260410,1.3306,2.2331,,390294.8539,
601208.SH,20260410,4.5053,5.8586,,3389163.7738,
601026.SH,20260410,3.7208,3.7208,,1221868.2,
002425.SZ,20260410,1.1425,1.4226,,314742.8067,
688271.SH,20260410,0.5546,1.0876,,9395401.0632,
600592.SH,20260410,1.3903,2.237,,798707.5884,
600997.SH,20260410,0.7642,2.4877,,924099.5133,
603176.SH,20260410,0.7084,2.2539,,259004.2805,
600216.SH,20260410,2.7158,4.3566,,1535735.4868,
600419.SH,20260410,0.944,1.5079,,302891.6381,
603758.SH,20260410,1.2766,3.6222,,563415.4109,
688648.SH,20260410,2.4843,2.8225,,721888.0,
300403.SZ,20260410,1.9457,2.3008,,718173.0,
301105.SZ,20260410,4.2859,4.2859,,298100.0,
301611.SZ,20260410,5.9146,6.2349,,4106248.0,
000885.SZ,20260410,0.574,2.0389,,875152.6616,
605098.SH,20260410,1.0753,2.6183,,683666.5563,
301568.SZ,20260410,7.8887,7.8887,,551399.856,
301095.SZ,20260410,3.9629,6.307,,1450235.3582,
002400.SZ,20260410,6.6696,8.241,,1504499.9415,
600984.SH,20260410,2.782,4.5692,,517902.0971,
603605.SH,20260410,0.901,1.7872,,2419413.4089,
600986.SH,20260410,12.635,14.5797,,1537944.7801,
600848.SH,20260410,0.3912,1.0382,,2497262.134,
603456.SH,20260410,1.7488,3.1427,,1542299.4126,
002187.SZ,20260410,1.0529,2.4754,,442264.5134,
002895.SZ,20260410,2.2087,4.1412,,2398177.4639,
603129.SH,20260410,0.7532,1.1752,,3867765.6276,
300469.SZ,20260410,2.2779,2.8055,,1362831.1438,
300532.SZ,20260410,1.9357,2.9838,,527127.4205,
002154.SZ,20260410,0.7367,0.9633,,529738.1436,
600198.SH,20260410,0.9638,2.0348,,1088508.9567,
600556.SH,20260410,5.3017,8.6757,,1115380.2951,
603995.SH,20260410,1.8385,3.5561,,631056.7439,
301617.SZ,20260410,5.5126,7.1565,,768162.72,
300475.SZ,20260410,9.9589,11.8529,,7031397.2259,
920926.BJ,20260410,0.5521,1.8778,,126445.6456,
300253.SZ,20260410,2.5497,2.8606,,1862276.5781,
000985.SZ,20260410,0.8591,2.3536,,250333.8745,
002137.SZ,20260410,2.541,2.9973,,478174.0191,
603183.SH,20260410,1.929,2.5231,,229187.6487,
000498.SZ,20260410,0.8357,2.1026,,884891.6328,
603115.SH,20260410,4.405,12.5076,,1037709.816,
000555.SZ,20260410,1.9542,3.1858,,1465613.2044,
603986.SH,20260410,8.0074,8.7806,,18585524.8736,
301058.SZ,20260410,0.8453,1.4802,,509712.8738,
600587.SH,20260410,0.6848,0.9721,,874174.7951,
688058.SH,20260410,1.4065,2.7266,,215830.8042,
000737.SZ,20260410,1.6849,3.4371,,2613270.9488,
605208.SH,20260410,2.3892,4.4288,,448718.4,
300345.SZ,20260410,5.4938,7.3541,,392815.7391,
301168.SZ,20260410,2.2985,4.443,,520800.0,
688293.SH,20260410,2.7926,5.8298,,675537.1551,
300342.SZ,20260410,15.0454,19.8363,,2355119.5611,
300964.SZ,20260410,11.2688,17.2365,,557196.4732,
688184.SH,20260410,1.0662,1.3098,,165409.4146,
301043.SZ,20260410,1.1949,3.4384,,351560.0,
300828.SZ,20260410,10.4576,10.4576,,358306.566,
603316.SH,20260410,4.319,6.9874,,377368.992,
301571.SZ,20260410,4.1081,4.5854,,1235885.6543,
600857.SH,20260410,1.3431,2.2006,,267837.9833,
301448.SZ,20260410,2.4143,2.8795,,399362.8,
301000.SZ,20260410,1.613,3.9881,,721831.401,
301061.SZ,20260410,1.0537,2.7445,,1599189.7013,
300601.SZ,20260410,1.1947,1.728,,1583806.3926,
600418.SH,20260410,1.0626,1.4807,,10540537.2398,
000030.SZ,20260410,1.143,4.1233,,880543.1526,
600557.SH,20260410,0.8235,1.4165,,781865.3111,
920075.BJ,20260410,1.5395,2.1562,,136630.02,
000520.SZ,20260410,1.1588,1.5766,,409893.7993,
002884.SZ,20260410,2.1486,3.1559,,677092.9895,
601012.SH,20260410,1.5447,1.9608,,12973649.1016,
300472.SZ,20260410,2.9907,3.5138,,216353.2761,
605069.SH,20260410,3.2648,8.4544,,261658.4536,
603678.SH,20260410,1.5389,2.5786,,1538933.6179,
300136.SZ,20260410,7.1079,7.5398,,6191471.7146,
300449.SZ,20260410,1.3181,1.7144,,275243.6602,
600383.SH,20260410,1.1961,1.9176,,1246025.0659,
002636.SZ,20260410,10.7308,31.384,,2615704.0,
300303.SZ,20260410,14.1546,15.6527,,1415388.7215,
000863.SZ,20260410,1.4413,2.7048,,608060.2734,
301589.SZ,20260410,1.3367,1.4327,,1543234.464,
600683.SH,20260410,2.4457,5.531,,666699.8373,
603859.SH,20260410,1.801,2.4588,,937681.5902,
000728.SZ,20260410,0.8976,1.5297,,3386291.6434,
603375.SH,20260410,2.7715,4.5508,,393405.3346,
920642.BJ,20260410,1.6161,2.9879,,123160.2903,
688244.SH,20260410,0.8797,2.0324,,289846.1165,
002738.SZ,20260410,6.1475,7.1758,,5610320.8356,
688009.SH,20260410,0.3537,1.5196,,5813810.631,
000420.SZ,20260410,7.515,9.4547,,1222057.5665,
920553.BJ,20260410,1.1216,1.8148,,128746.6522,
688690.SH,20260410,5.5812,9.5826,,1273631.7688,
603284.SH,20260410,36.2604,36.2604,,424132.8352,
920008.BJ,20260410,2.3768,2.3768,,162690.0,
300411.SZ,20260410,1.5509,1.6586,,422780.8073,
000419.SZ,20260410,1.1635,2.0901,,320170.1838,
300470.SZ,20260410,3.3913,4.4214,,809803.0039,
002654.SZ,20260410,5.8517,7.689,,1187650.0743,
688573.SH,20260410,20.5685,20.5685,,210171.9342,
603706.SH,20260410,0.4233,1.3581,,365129.8726,
600513.SH,20260410,10.8203,18.0026,,644274.8014,
300672.SZ,20260410,6.7109,9.4265,,3602815.1909,
603979.SH,20260410,1.0934,1.8975,,3789517.6161,
300603.SZ,20260410,12.7339,13.754,,534982.7639,
600885.SH,20260410,1.3883,1.871,,4115053.2783,
600071.SH,20260410,2.3859,4.7054,,583139.5241,
601599.SH,20260410,1.5915,2.069,,438685.0472,
603043.SH,20260410,0.5282,1.6452,,878750.8937,
301227.SZ,20260410,2.8379,4.4969,,317308.026,
603188.SH,20260410,3.3807,4.8049,,287935.85,
300032.SZ,20260410,4.4216,5.2946,,452987.6589,
688755.SH,20260410,1.1046,1.1046,,332112.0,
603978.SH,20260410,4.6257,7.3,,532802.0107,
002272.SZ,20260410,26.5401,28.7438,,927085.3976,
601668.SH,20260410,0.3386,0.8006,,20536234.0507,
002297.SZ,20260410,4.6657,6.0262,,629269.0913,
601163.SH,20260410,0.4033,1.1447,,1125600.0,
688031.SH,20260410,4.1415,6.1189,,1649386.6323,
000417.SZ,20260410,1.1364,1.8343,,518622.993,
688143.SH,20260410,13.7722,17.8303,,822136.64,
003032.SZ,20260410,0.9617,1.3608,,252737.03,
600020.SH,20260410,0.4389,1.3788,,856248.668,
300782.SZ,20260410,8.3593,11.0158,,5343547.6048,
000636.SZ,20260410,4.8233,7.4851,,2309398.3692,
000826.SZ,20260410,1.9172,2.4265,,296473.4756,
920392.BJ,20260410,1.3988,2.6012,,151266.925,
688290.SH,20260410,0.8514,1.8704,,506350.0329,
688288.SH,20260410,3.0073,6.3053,,249634.0737,
002595.SZ,20260410,0.4574,0.9298,,6648000.0,
688285.SH,20260410,0.9724,3.8884,,324738.1949,
600973.SH,20260410,4.4406,7.3729,,972298.6698,
600645.SH,20260410,2.8383,3.6851,,1348160.7521,
600180.SH,20260410,1.206,3.2904,,361846.9455,
689009.SH,20260410,1.8739,1.9264,,3235335.6129,
002469.SZ,20260410,2.0261,2.624,,546342.3345,
600999.SH,20260410,0.8286,2.0388,,13810084.5679,
002936.SZ,20260410,0.7615,0.9953,,1654760.6272,
300430.SZ,20260410,1.8628,2.5795,,490118.9988,
301062.SZ,20260410,1.9218,2.1533,,359632.4804,
300463.SZ,20260410,1.2831,1.3865,,657877.2869,
601177.SH,20260410,1.26,2.2913,,594038.5695,
600671.SH,20260410,1.9222,3.3889,,255370.3218,
603985.SH,20260410,9.3103,16.4535,,932855.5343,
000403.SZ,20260410,0.6607,1.0634,,1218409.4489,
300620.SZ,20260410,9.5106,18.6701,,5802916.532,
601880.SH,20260410,1.0797,3.3301,,3912913.3574,
920670.BJ,20260410,3.7689,4.5763,,179235.8912,
300836.SZ,20260410,3.5862,4.1509,,549903.7241,
300348.SZ,20260410,9.3548,9.6085,,1176816.4282,
002210.SZ,20260410,1.2652,1.8062,,683936.8229,
300381.SZ,20260410,1.9264,2.7176,,315752.5194,
002748.SZ,20260410,2.566,5.5235,,291120.0,
300918.SZ,20260410,2.9849,5.7415,,735413.3224,
002395.SZ,20260410,3.158,8.9019,,488676.798,
300843.SZ,20260410,6.7906,15.523,,1102232.3768,
300684.SZ,20260410,5.1397,5.9474,,1581408.6974,
603667.SH,20260410,7.7064,12.1073,,2580630.9202,
688779.SH,20260410,1.5586,2.7662,,2075840.2896,
300267.SZ,20260410,6.8997,9.1205,,827104.5529,
300553.SZ,20260410,5.6017,6.5523,,469293.7476,
601933.SH,20260410,0.7334,1.5814,,3375913.7614,
920942.BJ,20260410,2.1445,2.7301,,156445.4321,
601658.SH,20260410,0.1343,0.6221,,60047526.746,
000510.SZ,20260410,8.1382,9.0732,,950764.9015,
601231.SH,20260410,3.1139,10.8247,,8514770.498,
600207.SH,20260410,4.9886,10.9624,,612193.6553,
600226.SH,20260410,1.8519,2.9996,,1537755.0928,
688161.SH,20260410,0.6755,3.5241,,1260400.0,
301381.SZ,20260410,3.5623,5.8775,,828703.1428,
000069.SZ,20260410,0.6092,1.2271,,1792420.0458,
601360.SH,20260410,1.1844,2.877,,7608519.4145,
600109.SH,20260410,1.1789,1.861,,3156970.9033,
001203.SZ,20260410,2.6891,7.216,,5946819.0074,
000955.SZ,20260410,1.5725,2.0822,,267582.315,
600527.SH,20260410,6.8369,9.7504,,441599.03,
002719.SZ,20260410,3.352,4.1608,,149759.933,
688772.SH,20260410,4.2688,7.1078,,1823951.1691,
301696.SZ,20260410,81.8308,81.8308,,3680092.0,
301209.SZ,20260410,1.0244,2.8576,,1008112.0,
000008.SZ,20260410,3.6487,5.9926,,744287.4851,
300134.SZ,20260410,2.6875,5.5667,,831200.3405,
301138.SZ,20260410,1.7447,3.624,,453960.0,
603323.SH,20260410,0.8067,0.933,,970918.4312,
300528.SZ,20260410,2.6584,6.7232,,613312.8569,
000691.SZ,20260410,1.7132,2.0243,,389378.715,
002551.SZ,20260410,2.4778,2.9095,,296768.5969,
301361.SZ,20260410,6.441,6.5422,,425091.744,
000096.SZ,20260410,1.2882,2.8034,,524304.0,
300698.SZ,20260410,1.5786,2.9359,,474628.0,
688602.SH,20260410,2.0219,2.0219,,400957.5,
600712.SH,20260410,1.1278,1.5864,,328427.1821,
300167.SZ,20260410,1.9937,2.1634,,239075.636,
600773.SH,20260410,4.1378,7.0316,,1674792.8824,
920790.BJ,20260410,5.8748,12.8619,,221897.3262,
605398.SH,20260410,1.5718,5.0762,,440147.8052,
603855.SH,20260410,0.4468,0.7766,,671646.89,
002824.SZ,20260410,12.6144,17.04,,786348.9236,
603278.SH,20260410,1.8506,3.754,,368758.384,
002389.SZ,20260410,1.842,2.9253,,2115599.6131,
688625.SH,20260410,3.3316,8.4679,,1212786.9244,
000650.SZ,20260410,1.1328,1.5339,,820363.8051,
605058.SH,20260410,4.0274,13.4102,,516241.3074,
300809.SZ,20260410,1.5973,2.058,,843271.3792,
002279.SZ,20260410,2.4084,3.1199,,707871.8411,
002957.SZ,20260410,10.6687,24.7651,,1579134.0722,
301067.SZ,20260410,2.861,3.8263,,321170.508,
000917.SZ,20260410,3.0154,3.6182,,1379282.3169,
600604.SH,20260410,0.4716,1.1789,,914172.7444,
688267.SH,20260410,1.4139,2.4808,,540229.2,
301150.SZ,20260410,7.0091,13.2258,,1346456.805,
600685.SH,20260410,2.0662,4.9906,,4051109.2793,
600099.SH,20260410,2.5123,4.3393,,250235.04,
920819.BJ,20260410,0.3127,0.8075,,437610.6,
688466.SH,20260410,0.9883,2.2614,,211448.8371,
603815.SH,20260410,1.9606,3.9395,,360213.9048,
300443.SZ,20260410,4.6038,5.1481,,939595.0451,
603938.SH,20260410,4.8072,14.3687,,1041121.2563,
688208.SH,20260410,2.2083,3.5404,,2448180.2744,
300422.SZ,20260410,1.9141,3.1579,,249322.1417,
300127.SZ,20260410,2.5147,5.4325,,970731.6654,
002653.SZ,20260410,1.3797,2.5254,,6284979.6476,
600169.SH,20260410,0.351,0.723,,806651.864,
002692.SZ,20260410,9.6514,13.5344,,458177.148,
000688.SZ,20260410,2.4919,7.3686,,4862332.7977,
688066.SH,20260410,3.8094,5.3615,,484671.3504,
688628.SH,20260410,3.5801,7.4426,,653728.6222,
603696.SH,20260410,1.7912,4.4446,,374673.6,
300429.SZ,20260410,6.132,6.9152,,738842.776,
301556.SZ,20260410,4.0248,4.7395,,710041.28,
688818.SH,20260410,10.9701,10.9701,,10195743.2343,
000425.SZ,20260410,0.8781,0.9663,,12465281.3129,
600325.SH,20260410,1.2971,1.8045,,949492.48,
000637.SZ,20260410,2.0134,2.5495,,233943.9102,
688513.SH,20260410,3.4795,6.6116,,1198477.486,
688556.SH,20260410,5.9564,7.6853,,1059236.7659,
603277.SH,20260410,0.1712,0.8041,,874521.5096,
001965.SZ,20260410,0.2174,0.8199,,5925322.833,
600120.SH,20260410,1.0904,2.1751,,1939936.6875,
688175.SH,20260410,4.0991,8.2825,,462696.226,
603098.SH,20260410,1.9729,5.7201,,798755.9674,
600603.SH,20260410,1.0551,2.4664,,834137.0765,
000925.SZ,20260410,1.9191,1.9191,,485633.558,
688326.SH,20260410,1.08,2.0358,,1402709.5272,
605222.SH,20260410,5.9284,15.858,,1017806.7011,
688536.SH,20260410,2.7511,4.279,,2548183.0388,
000505.SZ,20260410,1.5309,3.3319,,495780.0712,
688203.SH,20260410,0.7381,1.32,,248483.3114,
300722.SZ,20260410,1.1147,3.2643,,841893.2122,
688981.SH,20260410,2.032,2.2577,,80940572.1806,
300584.SZ,20260410,7.3632,10.5122,,526560.0,
003040.SZ,20260410,3.8726,7.4068,,770558.2092,
688032.SH,20260410,1.4699,3.9914,,1441486.4458,
605128.SH,20260410,0.9306,1.477,,732229.0324,
000983.SZ,20260410,0.7029,1.6458,,3678761.4862,
688338.SH,20260410,0.9037,1.5061,,313120.08,
002638.SZ,20260410,3.8829,5.6359,,613425.787,
301195.SZ,20260410,0.7748,1.628,,415227.577,
002081.SZ,20260410,0.5969,1.1795,,889533.4358,
300423.SZ,20260410,3.4845,4.147,,399501.5659,
603102.SH,20260410,0.5114,0.9126,,266880.0,
300359.SZ,20260410,1.2903,2.0449,,313500.0439,
002452.SZ,20260410,2.5908,2.7209,,647626.6967,
688088.SH,20260410,1.0329,1.7495,,1625542.4608,
002853.SZ,20260410,1.7977,2.7108,,460399.4411,
920086.BJ,20260410,6.3698,6.3698,,244596.64,
002044.SZ,20260410,4.4117,5.804,,2082383.087,
920527.BJ,20260410,1.5781,1.8976,,100391.3944,
603329.SH,20260410,0.6819,1.2394,,261053.4267,
000700.SZ,20260410,3.0643,4.8496,,1035521.3588,
603069.SH,20260410,0.9706,2.2633,,551420.0,
600976.SH,20260410,1.7798,2.4539,,526924.191,
300947.SZ,20260410,1.7371,2.8199,,249830.6115,
300846.SZ,20260410,10.2527,11.1221,,1473485.3269,
000007.SZ,20260410,2.1238,3.198,,473940.9242,
003816.SZ,20260410,0.5159,3.0155,,22623445.3523,
000788.SZ,20260410,17.3661,25.8999,,377856.0275,
920931.BJ,20260410,2.0231,2.0231,,113843.16,
002632.SZ,20260410,1.7676,3.8207,,740774.5207,
301277.SZ,20260410,1.056,4.0987,,474414.864,
300142.SZ,20260410,2.4869,2.4869,,2008781.7675,
920508.BJ,20260410,3.0232,4.8035,,120480.0,
002332.SZ,20260410,0.9952,1.2703,,891273.5843,
002762.SZ,20260410,1.9452,2.5034,,259146.3,
603232.SH,20260410,2.9288,4.1113,,465355.4037,
300025.SZ,20260410,1.6071,1.9108,,268133.8699,
300605.SZ,20260410,2.7403,2.9492,,233843.2597,
300033.SZ,20260410,5.184,8.158,,17212876.8,
301223.SZ,20260410,1.8697,3.9784,,383551.3342,
000655.SZ,20260410,0.991,2.3829,,532829.5059,
605009.SH,20260410,0.4213,1.2632,,606701.0732,
688458.SH,20260410,1.9003,1.9003,,387032.1026,
603271.SH,20260410,2.4947,2.9137,,942682.24,
600674.SH,20260410,0.6058,1.7996,,7141299.003,
603198.SH,20260410,0.3473,1.2502,,2854400.0,
002603.SZ,20260410,0.833,1.5223,,2796760.7994,
002351.SZ,20260410,1.421,1.787,,1022473.05,
300816.SZ,20260410,3.5136,4.6797,,577360.0,
001266.SZ,20260410,3.124,5.0626,,343679.243,
002190.SZ,20260410,1.0054,2.0601,,1113137.1513,
002728.SZ,20260410,7.2051,7.6304,,566180.7226,
000988.SZ,20260410,9.9932,12.3387,,11655787.3795,
603025.SH,20260410,0.9737,4.7967,,1575599.8847,
600023.SH,20260410,0.3733,1.392,,7334576.8137,
002683.SZ,20260410,1.8447,2.824,,2944554.6191,
600212.SH,20260410,5.4018,6.2835,,528816.81,
000720.SZ,20260410,19.3903,33.257,,682296.6431,
000969.SZ,20260410,1.6611,2.5839,,2212393.8501,
603585.SH,20260410,7.7615,23.8157,,428423.7751,
600728.SH,20260410,1.3232,1.5722,,1211316.3802,
688362.SH,20260410,3.6758,6.0446,,1770855.9782,
300791.SZ,20260410,0.5214,1.2359,,634035.0404,
002821.SZ,20260410,3.9932,6.2706,,4376330.7612,
601127.SH,20260410,1.1104,2.3579,,15690059.6696,
000516.SZ,20260410,2.3805,3.3318,,1056759.2674,
000902.SZ,20260410,0.8832,1.812,,1996281.8354,
603459.SH,20260410,63.9425,63.9425,,4151674.7627,
600746.SH,20260410,1.9849,7.9607,,1144486.0263,
603773.SH,20260410,13.8223,22.3534,,969513.8348,
301072.SZ,20260410,2.2587,4.4625,,234462.6385,
600004.SH,20260410,0.2712,0.6336,,2301479.426,
300901.SZ,20260410,0.7805,1.8999,,383760.0,
600590.SH,20260410,9.0341,13.9818,,1265658.709,
601083.SH,20260410,6.734,6.734,,1706944.28,
920370.BJ,20260410,0.7872,1.5258,,103597.7533,
688766.SH,20260410,4.5527,7.3662,,3764148.4184,
000099.SZ,20260410,1.0696,1.7428,,1332773.0954,
300014.SZ,20260410,5.2538,8.1044,,14487951.3562,
301335.SZ,20260410,2.2982,2.2982,,318652.9308,
920108.BJ,20260410,0.8258,1.4013,,191142.0,
688652.SH,20260410,1.7788,2.1348,,1725864.0,
688671.SH,20260410,2.0576,2.4922,,168423.0405,
603186.SH,20260410,8.883,14.1097,,1143473.2478,
688767.SH,20260410,2.2411,4.9857,,516544.0023,
688522.SH,20260410,2.4412,2.4833,,985341.7107,
600468.SH,20260410,3.0603,6.9429,,835380.7265,
300217.SZ,20260410,2.3939,3.006,,761158.1241,
600864.SH,20260410,12.1172,22.3787,,1462641.0756,
688056.SH,20260410,0.844,1.9849,,238916.6133,
600626.SH,20260410,0.8909,1.6803,,520373.3988,
002930.SZ,20260410,2.0038,4.1245,,610291.6653,
688052.SH,20260410,2.5394,3.5954,,2465371.2443,
000407.SZ,20260410,1.6447,2.2012,,408359.2804,
000668.SZ,20260410,2.5041,4.2375,,216004.4202,
603551.SH,20260410,0.8406,2.9969,,484775.739,
603617.SH,20260410,0.9459,1.6561,,288070.578,
603601.SH,20260410,15.0859,23.3468,,1520455.8324,
600724.SH,20260410,0.9567,4.1539,,1002997.3033,
300993.SZ,20260410,0.8368,1.6277,,381774.5568,
600232.SH,20260410,5.9964,12.0531,,313293.2293,
603083.SH,20260410,10.4309,11.8025,,4099207.9358,
002749.SZ,20260410,0.2749,0.6021,,616992.3617,
001330.SZ,20260410,7.2535,10.1796,,989653.6685,
603035.SH,20260410,0.9498,1.4016,,521311.8948,
600649.SH,20260410,0.9253,1.9658,,1066917.3272,
002571.SZ,20260410,1.7642,2.5513,,472300.5935,
600184.SH,20260410,11.3609,23.1018,,1170699.4832,
300212.SZ,20260410,5.5954,8.6271,,570154.7982,
000078.SZ,20260410,16.0198,29.8405,,991933.4679,
603970.SH,20260410,0.5669,1.4068,,341107.37,
300882.SZ,20260410,2.0212,6.2323,,669710.7799,
300128.SZ,20260410,1.2884,1.778,,783366.5934,
300491.SZ,20260410,6.7267,8.6274,,440939.604,
002677.SZ,20260410,0.9037,1.9667,,501982.1297,
688702.SH,20260410,3.3111,6.197,,8733000.0,
603717.SH,20260410,1.7576,2.5683,,190045.7872,
001202.SZ,20260410,1.1688,2.4065,,284208.3426,
603351.SH,20260410,0.6614,1.5211,,350516.4736,
600051.SH,20260410,1.8783,2.6486,,239066.72,
300995.SZ,20260410,1.9142,3.3868,,294934.7443,
688533.SH,20260410,0.5375,1.9454,,440515.3995,
301158.SZ,20260410,3.4488,6.3056,,373670.7174,
601118.SH,20260410,0.7602,2.1327,,2897172.6186,
603285.SH,20260410,7.3978,7.3978,,506400.0,
000989.SZ,20260410,1.9669,2.9904,,819136.5055,
601179.SH,20260410,3.5787,7.4359,,8242418.822,
300453.SZ,20260410,3.0939,3.5581,,518429.6851,
300991.SZ,20260410,5.917,7.9736,,777600.0,
301008.SZ,20260410,11.1139,21.9125,,457061.6867,
002194.SZ,20260410,1.6574,2.1298,,729065.955,
002322.SZ,20260410,2.1381,3.1204,,496021.4553,
300056.SZ,20260410,6.1289,6.7338,,360819.0546,
300567.SZ,20260410,3.9148,4.7534,,3649561.5151,
688502.SH,20260410,2.9623,8.787,,1853280.0,
600795.SH,20260410,0.5801,1.3097,,8561097.1594,
300965.SZ,20260410,1.0659,3.4975,,326280.0,
300922.SZ,20260410,3.1386,3.7396,,317207.1953,
300614.SZ,20260410,1.6824,2.9455,,210658.6115,
001696.SZ,20260410,2.6947,3.4073,,2153795.6365,
000712.SZ,20260410,2.6805,3.6734,,934528.0,
000679.SZ,20260410,1.5671,2.1784,,246272.4,
603290.SH,20260410,1.6991,3.6139,,2411497.8026,
603207.SH,20260410,1.7827,1.7827,,443380.74,
603039.SH,20260410,3.2516,6.8635,,1152108.6018,
601929.SH,20260410,2.3382,3.4083,,1029487.5096,
002101.SZ,20260410,1.4448,2.9403,,742772.6352,
688633.SH,20260410,0.9241,2.7607,,368625.8928,
300269.SZ,20260410,4.5232,5.3791,,403598.6614,
301588.SZ,20260410,3.1308,3.8918,,247007.1928,
601828.SH,20260410,0.248,0.6933,,1040781.1088,
001228.SZ,20260410,5.1695,6.9605,,354489.9105,
600507.SH,20260410,0.767,1.3999,,1281506.0911,
601187.SH,20260410,0.449,1.0001,,1963511.1487,
301172.SZ,20260410,10.494,13.5692,,499674.56,
605599.SH,20260410,0.3121,0.8377,,1756222.2724,
603082.SH,20260410,2.2566,2.2566,,585803.6578,
688758.SH,20260410,3.7524,6.3367,,865828.8306,
920943.BJ,20260410,1.5264,2.4145,,202027.5422,
688331.SH,20260410,5.5405,5.5405,,7647540.9397,
920019.BJ,20260410,0.8285,2.4682,,380372.4603,
300569.SZ,20260410,2.9293,3.7889,,662721.4312,
603385.SH,20260410,1.1676,2.9108,,249716.219,
002812.SZ,20260410,4.4474,6.477,,6559658.9401,
000017.SZ,20260410,1.065,1.9605,,472780.864,
600965.SH,20260410,0.7609,1.9791,,451922.9272,
301577.SZ,20260410,4.0433,4.0433,,285216.853,
301565.SZ,20260410,1.6375,2.1608,,862421.56,
688559.SH,20260410,2.9977,4.0159,,1367629.9229,
600780.SH,20260410,1.9084,4.6348,,733761.6147,
603344.SH,20260410,2.5345,2.5345,,537489.0977,
601166.SH,20260410,0.2847,0.3984,,39214774.5639,
600629.SH,20260410,5.0846,10.3754,,2154151.823,
600343.SH,20260410,4.8491,8.626,,2042260.3136,
920436.BJ,20260410,0.7571,2.0248,,132077.448,
001296.SZ,20260410,1.9046,2.5287,,370686.7111,
301052.SZ,20260410,3.9622,4.2827,,332800.2571,
002294.SZ,20260410,0.8911,2.1392,,7014425.6382,
000014.SZ,20260410,3.0448,4.6145,,327246.4948,
002055.SZ,20260410,3.3518,3.5774,,359671.5601,
603586.SH,20260410,0.7318,1.8144,,350542.3706,
002054.SZ,20260410,2.9204,3.263,,418476.2123,
600136.SH,20260410,1.2456,2.0075,,373471.1454,
002987.SZ,20260410,2.3939,5.6868,,1462537.8163,
603602.SH,20260410,1.3055,1.8845,,304302.7196,
001359.SZ,20260410,2.4366,2.4366,,1407041.5065,
688148.SH,20260410,4.8469,6.0808,,437728.4795,
001207.SZ,20260410,1.9632,3.7632,,637801.8134,
002106.SZ,20260410,1.341,1.8688,,756634.9235,
300895.SZ,20260410,9.6902,19.7513,,856490.3965,
002819.SZ,20260410,1.6007,3.1986,,803853.8983,
688718.SH,20260410,2.0218,5.5272,,264106.6713,
603306.SH,20260410,8.5707,11.7555,,3354257.5221,
002424.SZ,20260410,0.7266,0.8899,,705787.192,
603328.SH,20260410,3.934,9.5906,,1259036.1325,
603989.SH,20260410,1.1991,3.5087,,747313.4576,
603194.SH,20260410,1.3457,1.3457,,1345355.0,
600884.SH,20260410,8.4444,9.2075,,3331380.4501,
688325.SH,20260410,1.3875,2.6925,,1037888.9917,
002237.SZ,20260410,1.7147,2.5407,,2156395.3753,
300113.SZ,20260410,12.0024,13.4282,,1940644.1068,
601808.SH,20260410,0.7715,4.1555,,7562973.32,
603488.SH,20260410,3.764,5.9792,,323525.4075,
603006.SH,20260410,0.9068,3.2164,,331293.2878,
600797.SH,20260410,2.3434,2.501,,937104.0494,
300041.SZ,20260410,2.1483,2.6086,,606986.6213,
300678.SZ,20260410,1.453,2.1079,,850035.8883,
688180.SH,20260410,2.224,3.456,,3909635.0288,
920242.BJ,20260410,1.2399,1.6602,,155536.2288,
688251.SH,20260410,2.8702,6.661,,364382.1282,
603127.SH,20260410,6.9882,10.9186,,2868504.9862,
000929.SZ,20260410,3.4217,4.6552,,175734.636,
920130.BJ,20260410,2.6754,4.9875,,183471.7964,
002191.SZ,20260410,1.0177,1.4805,,531351.0532,
600582.SH,20260410,0.4784,1.2221,,2367272.8462,
300845.SZ,20260410,6.8718,7.6254,,256845.7339,
603565.SH,20260410,0.5876,1.4339,,2404572.2529,
002076.SZ,20260410,1.8006,2.0377,,237352.6411,
688409.SH,20260410,1.7289,2.8219,,2909002.3245,
688503.SH,20260410,7.4602,8.2477,,2235906.794,
002270.SZ,20260410,1.1366,2.0129,,2527355.7154,
920124.BJ,20260410,1.2638,1.4434,,233957.5045,
301112.SZ,20260410,0.826,2.5121,,364541.3796,
301109.SZ,20260410,2.1954,2.2535,,1205746.0866,
300246.SZ,20260410,4.631,5.2292,,383678.9567,
300314.SZ,20260410,2.9427,4.3979,,370368.0,
688569.SH,20260410,0.6655,2.6621,,429549.4013,
603325.SH,20260410,1.5404,1.5404,,589949.496,
600805.SH,20260410,1.4719,2.2948,,447570.5038,
688246.SH,20260410,1.9518,3.3115,,264439.5194,
603766.SH,20260410,1.0562,1.7624,,3158347.3653,
603408.SH,20260410,0.4731,1.7852,,537087.6,
000004.SZ,20260410,10.378,14.0333,,42096.9297,
601628.SH,20260410,0.1327,1.8415,,106755790.785,
301042.SZ,20260410,1.8864,2.8549,,644873.3637,
002350.SZ,20260410,5.7861,9.4146,,806446.7189,
600505.SH,20260410,3.0397,6.8844,,461907.0225,
688172.SH,20260410,1.7286,2.4698,,5804695.1824,
688449.SH,20260410,4.3294,8.0026,,2078280.0,
300750.SZ,20260410,1.1931,2.0094,,189865030.3264,
920056.BJ,20260410,1.9038,1.9038,,181845.7242,
300315.SZ,20260410,7.09,7.2059,,1386296.8335,
000938.SZ,20260410,4.7546,6.6038,,7747956.3787,
001231.SZ,20260410,2.3717,3.5192,,235458.64,
600887.SH,20260410,0.4458,0.4876,,16534492.7835,
002354.SZ,20260410,2.1768,2.1768,,941459.3316,
300307.SZ,20260410,0.6557,1.0021,,517958.2931,
300637.SZ,20260410,1.5734,2.5342,,272779.6511,
001311.SZ,20260410,2.4599,4.3007,,1002324.1302,
300762.SZ,20260410,4.038,4.91,,2263188.6423,
000625.SZ,20260410,0.7962,1.4257,,10031879.2013,
301136.SZ,20260410,2.0607,4.4328,,422714.6035,
002681.SZ,20260410,1.5404,1.6072,,952960.3352,
301234.SZ,20260410,3.1931,4.4986,,275400.0,
000922.SZ,20260410,1.0987,1.7271,,947959.7501,
688585.SH,20260410,0.7836,4.7846,,4997651.8099,
688226.SH,20260410,12.1226,22.9087,,922168.4152,
600256.SH,20260410,2.4185,3.759,,4180369.9385,
600030.SH,20260410,3.498,4.7463,,38385216.2871,
605376.SH,20260410,3.5203,5.5885,,2744707.2,
600996.SH,20260410,2.5044,4.7276,,1155783.4647,
600132.SH,20260410,0.9287,2.3219,,2665229.3874,
002096.SZ,20260410,0.7549,2.0295,,1469922.3125,
600845.SH,20260410,0.749,2.2929,,6436286.0741,
000153.SZ,20260410,3.0632,4.313,,310409.9287,
002086.SZ,20260410,2.6361,2.6361,,399625.086,
300020.SZ,20260410,1.4577,1.5657,,275753.257,
605567.SH,20260410,1.5428,2.4967,,218600.0,
000506.SZ,20260410,9.6912,14.4647,,1665728.8455,
603527.SH,20260410,2.0793,3.3688,,337891.2992,
688655.SH,20260410,8.0358,14.5712,,364955.04,
600988.SH,20260410,2.3023,2.694,,8567053.5904,
002548.SZ,20260410,3.0111,4.3743,,418227.6973,
301131.SZ,20260410,2.1734,2.4951,,231003.4419,
000605.SZ,20260410,1.6041,2.7253,,240865.8238,
000913.SZ,20260410,1.3069,2.4795,,773824.17,
601233.SH,20260410,1.5984,2.7016,,4686632.9353,
920357.BJ,20260410,0.9959,1.6919,,180420.24,
000967.SZ,20260410,6.9888,19.9714,,3242951.1424,
600062.SH,20260410,0.7474,1.8961,,1896451.6651,
601111.SH,20260410,0.6543,2.0368,,12144101.016,
601216.SH,20260410,1.0037,2.6719,,4683099.6515,
002175.SZ,20260410,3.5242,4.362,,379203.8759,
688576.SH,20260410,1.9084,1.917,,314314.4145,
301040.SZ,20260410,5.3286,8.1517,,276502.8922,
605186.SH,20260410,1.0309,2.0724,,264792.0,
688603.SH,20260410,15.2729,15.3152,,1101068.0979,
688321.SH,20260410,1.9769,2.3701,,1348756.2189,
605368.SH,20260410,0.6794,1.6387,,592433.1735,
688359.SH,20260410,3.6563,5.9732,,824530.3275,
603058.SH,20260410,3.4082,7.0085,,523335.7575,
002922.SZ,20260410,8.0613,10.8502,,1682244.3429,
603786.SH,20260410,0.901,4.3074,,2261597.52,
301585.SZ,20260410,1.0437,1.0437,,291720.0,
000151.SZ,20260410,2.0838,3.1592,,417929.3866,
300963.SZ,20260410,1.9066,2.3676,,783357.12,
002444.SZ,20260410,1.076,1.8461,,3681381.7569,
603648.SH,20260410,0.7668,1.5185,,360963.1488,
601825.SH,20260410,0.2425,0.4082,,8872888.8894,
301232.SZ,20260410,13.0893,14.468,,1307824.8378,
000753.SZ,20260410,4.7093,7.5669,,662309.3554,
603569.SH,20260410,0.6198,2.1416,,416420.0032,
002291.SZ,20260410,2.5206,3.0109,,603159.0777,
300721.SZ,20260410,2.8331,4.198,,234906.6031,
002167.SZ,20260410,3.2136,4.3172,,978412.3779,
920641.BJ,20260410,2.6684,4.1875,,138213.075,
001368.SZ,20260410,1.3618,4.5187,,286186.0772,
300169.SZ,20260410,2.2961,2.3455,,192982.7293,
603721.SH,20260410,0.9831,1.9812,,261040.0,
300171.SZ,20260410,1.0349,1.5742,,1132659.6712,
301203.SZ,20260410,1.7242,1.9976,,328160.0,
301087.SZ,20260410,1.2705,2.7851,,1179223.565,
300959.SZ,20260410,4.7277,6.6197,,628797.6672,
688661.SH,20260410,4.3458,9.8561,,1318538.2175,
600166.SH,20260410,6.7931,12.2601,,2644411.7226,
002955.SZ,20260410,0.9836,1.7487,,613843.9317,
301097.SZ,20260410,1.9135,3.0194,,320378.9451,
601838.SH,20260410,0.6434,1.2517,,7387592.8255,
002456.SZ,20260410,5.6072,6.1464,,3143369.6184,
000802.SZ,20260410,1.1767,1.5176,,282064.7005,
301225.SZ,20260410,7.2416,7.2416,,1193315.34,
301170.SZ,20260410,5.2309,5.2309,,291500.0,
002207.SZ,20260410,13.5571,19.4069,,204665.2502,
600784.SH,20260410,0.9932,1.5534,,477686.1598,
601996.SH,20260410,3.4419,5.8281,,282470.4328,
001212.SZ,20260410,3.1194,4.2706,,1015649.9397,
688296.SH,20260410,1.2267,2.1058,,148468.5562,
002673.SZ,20260410,0.9981,1.885,,3253855.4812,
603926.SH,20260410,1.7321,3.4241,,432582.7141,
002448.SZ,20260410,3.0024,3.0024,,886144.9269,
300660.SZ,20260410,1.2846,3.4874,,1932077.0239,
301269.SZ,20260410,0.8013,2.2076,,4609493.2252,
301256.SZ,20260410,1.7385,6.7116,,631200.0,
920566.BJ,20260410,1.6307,1.7937,,155209.4265,
301085.SZ,20260410,5.0881,8.2975,,515360.7338,
688261.SH,20260410,3.5018,6.9449,,907299.965,
920779.BJ,20260410,18.1099,18.1099,,281863.0144,
688508.SH,20260410,2.2348,2.9464,,796397.2485,
002903.SZ,20260410,9.3045,10.8018,,471504.282,
300952.SZ,20260410,3.1943,4.4382,,633220.9288,
000948.SZ,20260410,1.1611,1.8037,,593020.8253,
603889.SH,20260410,3.9802,7.2461,,638887.7626,
002438.SZ,20260410,1.5508,1.9468,,876009.6577,
301155.SZ,20260410,3.3615,4.731,,1436088.1037,
300786.SZ,20260410,5.577,6.0255,,280072.1678,
601112.SH,20260410,8.7024,8.7024,,3388493.3165,
301166.SZ,20260410,2.5023,3.4514,,265720.0041,
920128.BJ,20260410,0.9169,1.4426,,199970.97,
920970.BJ,20260410,3.6053,4.6448,,76784.9544,
601997.SH,20260410,0.5688,0.7589,,2102313.8937,
600201.SH,20260410,2.5074,2.8862,,1663174.7477,
002399.SZ,20260410,0.307,1.0488,,1655110.1181,
000630.SZ,20260410,1.923,2.9364,,8166368.1496,
002899.SZ,20260410,3.3807,4.7879,,483296.1115,
002780.SZ,20260410,3.0346,3.237,,249034.7398,
000999.SZ,20260410,1.2157,3.3106,,4626525.6452,
688160.SH,20260410,2.2475,5.6094,,970178.7923,
600713.SH,20260410,8.2694,18.8099,,791880.2335,
002213.SZ,20260410,32.7551,40.6436,,804361.424,
603071.SH,20260410,0.3993,1.3794,,739289.6357,
000531.SZ,20260410,2.8633,6.0098,,673786.6618,
920169.BJ,20260410,2.2012,3.543,,232542.659,
301578.SZ,20260410,2.4963,2.4963,,274361.3115,
300111.SZ,20260410,3.1642,4.519,,507161.0213,
300607.SZ,20260410,2.4987,2.7985,,1235835.5195,
002988.SZ,20260410,3.9863,8.8835,,883694.1427,
600636.SH,20260410,0.7042,1.2155,,345207.1632,
605089.SH,20260410,1.1763,4.4631,,353280.0,
000530.SZ,20260410,2.3267,3.2534,,506770.7167,
300950.SZ,20260410,1.7879,2.3034,,331698.356,
002674.SZ,20260410,0.5807,1.1748,,385398.431,
300777.SZ,20260410,2.1224,2.6006,,1631754.6698,
301519.SZ,20260410,2.409,2.8675,,231149.317,
301060.SZ,20260410,1.282,2.5119,,398113.898,
688432.SH,20260410,0.7498,2.9543,,1791682.5625,
920181.BJ,20260410,91.4467,91.4467,,266976.0,
000990.SZ,20260410,9.0758,16.9967,,1317317.4879,
301198.SZ,20260410,1.6432,3.2139,,237107.0,
920718.BJ,20260410,0.6549,1.0793,,117866.71,
600676.SH,20260410,0.867,1.6157,,792968.0598,
300686.SZ,20260410,15.4045,15.4245,,477984.8195,
688055.SH,20260410,0.6167,5.9396,,1400000.028,
002119.SZ,20260410,8.6871,11.6202,,813240.428,
000652.SZ,20260410,1.0751,1.5583,,606460.8532,
300231.SZ,20260410,5.8566,7.5682,,465176.7498,
688247.SH,20260410,0.5979,1.8082,,432033.02,
605488.SH,20260410,1.9238,4.3022,,1017640.6454,
300412.SZ,20260410,2.3808,3.1549,,259828.9645,
301622.SZ,20260410,6.0381,6.0381,,762599.9066,
301196.SZ,20260410,9.845,17.4018,,1393488.7554,
300026.SZ,20260410,1.5515,2.4002,,1066474.9671,
002973.SZ,20260410,0.9998,1.2578,,526361.4216,
688210.SH,20260410,2.6275,3.9385,,738076.2511,
300932.SZ,20260410,3.7973,6.044,,436301.7493,
688807.SH,20260410,15.9946,15.9946,,2056960.0,
300586.SZ,20260410,2.2078,3.0984,,674233.3795,
688107.SH,20260410,1.2538,3.791,,1141218.1478,
002767.SZ,20260410,1.5949,3.444,,322500.0,
603863.SH,20260410,14.9144,20.9698,,414006.95,
002139.SZ,20260410,1.2212,1.2848,,1533607.0352,
600469.SH,20260410,1.3009,3.1739,,594543.2544,
603708.SH,20260410,0.5065,1.7108,,732812.7989,
600552.SH,20260410,9.1773,12.9769,,1274274.7,
603139.SH,20260410,2.4223,4.788,,263083.92,
301222.SZ,20260410,8.7723,23.3492,,375003.8256,
600930.SH,20260410,3.934,3.934,,25111999.9998,
300891.SZ,20260410,1.7158,2.9241,,336806.9499,
601616.SH,20260410,2.8812,4.0312,,406349.4518,
003039.SZ,20260410,0.4655,2.2153,,912692.6829,
002553.SZ,20260410,4.1224,4.844,,889532.0614,
920284.BJ,20260410,7.2489,9.3671,,320539.2881,
603286.SH,20260410,2.8012,4.3873,,736189.8833,
600764.SH,20260410,0.5505,1.4744,,1708353.0439,
300632.SZ,20260410,16.8298,18.6249,,508737.7605,
002093.SZ,20260410,0.8193,1.73,,969215.0,
300198.SZ,20260410,1.3928,1.7497,,265107.9748,
300183.SZ,20260410,1.1842,2.0818,,662456.2842,
003019.SZ,20260410,12.9291,18.7106,,614657.5719,
601928.SH,20260410,0.2051,0.754,,2499091.8,
002269.SZ,20260410,1.987,3.0887,,419587.5,
603887.SH,20260410,2.757,3.2514,,942778.0733,
300591.SZ,20260410,2.0261,2.2196,,284782.9915,
300057.SZ,20260410,10.485,11.7689,,640571.2241,
002769.SZ,20260410,1.6842,2.2432,,385264.2317,
600609.SH,20260410,1.8516,2.5931,,541391.8016,
920717.BJ,20260410,2.399,2.9279,,103212.0,
600075.SH,20260410,1.963,3.4565,,1092989.1584,
002377.SZ,20260410,3.3419,4.1839,,309717.9179,
002911.SZ,20260410,0.2733,1.825,,1812253.4587,
300349.SZ,20260410,1.6229,2.293,,592025.6911,
300482.SZ,20260410,0.908,1.443,,840682.28,
002557.SZ,20260410,0.9098,1.5865,,1128562.9601,
603406.SH,20260410,2.9756,2.9756,,1381634.54,
600998.SH,20260410,0.9436,2.0392,,2702764.0454,
600158.SH,20260410,9.0365,12.5227,,1098642.4617,
300155.SZ,20260410,2.1036,2.9636,,264899.4952,
002226.SZ,20260410,0.6224,1.5216,,1456907.5703,
301005.SZ,20260410,6.0388,11.0866,,2008813.2466,
002566.SZ,20260410,2.6986,3.1362,,263106.522,
301111.SZ,20260410,9.0993,17.3321,,321280.0,
000906.SZ,20260410,1.0207,1.91,,406637.0016,
600979.SH,20260410,2.9464,4.5565,,565222.3333,
002787.SZ,20260410,15.6408,19.6107,,461873.3534,
000768.SZ,20260410,0.8153,1.8021,,6788784.8823,
688586.SH,20260410,0.7119,1.8418,,1066725.1823,
600436.SH,20260410,0.3383,0.6911,,9091990.3547,
601788.SH,20260410,0.9036,1.9709,,7215882.655,
688795.SH,20260410,6.7522,6.7522,,27543653.5162,
300509.SZ,20260410,3.9929,7.6,,349752.0,
600707.SH,20260410,2.5759,7.1295,,2519049.5919,
920087.BJ,20260410,2.8498,6.3048,,248956.4,
600153.SH,20260410,0.3067,0.5765,,2548694.3863,
603839.SH,20260410,0.6041,2.2809,,290262.15,
002698.SZ,20260410,0.8684,1.3097,,1402954.4809,
300671.SZ,20260410,9.4453,13.7321,,940892.455,
000678.SZ,20260410,5.8976,10.7287,,597954.9479,
002321.SZ,20260410,1.3931,2.3286,,439375.3546,
002872.SZ,20260410,0.9296,0.9367,,160272.0,
688696.SH,20260410,1.232,1.6032,,663369.48,
301190.SZ,20260410,1.0583,2.1946,,486580.9455,
002156.SZ,20260410,4.1985,5.6339,,6864090.833,
920190.BJ,20260410,1.0457,1.9895,,221400.0022,
000062.SZ,20260410,6.1717,20.3424,,2989208.8423,
300556.SZ,20260410,2.1023,2.1577,,215535.2999,
600189.SH,20260410,1.745,3.0608,,542835.1393,
688136.SH,20260410,2.9567,5.855,,615847.185,
601121.SH,20260410,0.9565,2.1443,,753929.945,
002908.SZ,20260410,1.2517,1.5883,,392603.2001,
300195.SZ,20260410,2.3819,2.557,,323712.7256,
603165.SH,20260410,5.2247,9.3276,,499894.1657,
300085.SZ,20260410,11.0224,16.3201,,2697246.9221,
688112.SH,20260410,2.0895,6.739,,742285.1028,
300806.SZ,20260410,5.6644,6.2912,,2237037.9823,
605399.SH,20260410,1.243,3.3937,,461751.6801,
600388.SH,20260410,1.6474,2.3503,,2396577.3549,
300364.SZ,20260410,8.4787,9.7353,,2023773.3278,
301626.SZ,20260410,6.6675,6.6675,,3239040.0,
000592.SZ,20260410,21.162,25.5834,,2208025.5596,
600061.SH,20260410,0.8737,2.1785,,4424638.067,
688252.SH,20260410,1.8869,4.9728,,875305.6697,
002467.SZ,20260410,9.9468,11.4141,,983390.8892,
300164.SZ,20260410,25.1389,28.253,,857384.2225,
601236.SH,20260410,0.5412,2.3346,,3650793.7123,
300487.SZ,20260410,0.8393,1.0274,,3676974.9488,
605011.SH,20260410,0.6452,3.228,,767391.8,
301291.SZ,20260410,4.8749,4.8749,,1640923.2,
600345.SH,20260410,12.2184,18.8226,,1791771.5496,
000931.SZ,20260410,1.9702,2.8736,,397651.0465,
605580.SH,20260410,0.8449,3.2348,,614040.0,
688084.SH,20260410,2.3402,4.8048,,466059.8466,
603235.SH,20260410,0.176,1.8842,,1185508.24,
603987.SH,20260410,1.3616,2.3087,,385686.347,
688708.SH,20260410,1.2427,1.6021,,2036450.91,
603379.SH,20260410,1.0074,2.4566,,3803284.4005,
000762.SZ,20260410,15.8808,20.0714,,1764535.5851,
002724.SZ,20260410,0.9097,2.2421,,540820.0938,
300163.SZ,20260410,4.3404,4.6157,,218040.0,
300205.SZ,20260410,1.4714,2.4204,,236100.744,
002828.SZ,20260410,14.5658,17.0741,,249224.624,
002362.SZ,20260410,1.1785,1.4878,,459085.8252,
001216.SZ,20260410,1.7876,5.8097,,485095.2642,
603057.SH,20260410,1.1673,5.0006,,1018052.0,
000828.SZ,20260410,0.6615,2.1923,,1028082.3051,
002183.SZ,20260410,4.8877,7.2229,,1493280.2273,
002617.SZ,20260410,6.3535,6.9905,,1460518.074,
301089.SZ,20260410,2.3695,3.3205,,356602.401,
300688.SZ,20260410,3.8854,4.5768,,417444.3832,
688682.SH,20260410,1.3633,3.5673,,449313.2047,
688167.SH,20260410,6.0903,7.0646,,3489245.3169,
688689.SH,20260410,2.8971,8.2803,,466374.3066,
300644.SZ,20260410,5.6038,7.6204,,324746.0746,
300222.SZ,20260410,2.5101,2.6233,,848326.5451,
920184.BJ,20260410,5.043,6.914,,208733.978,
600533.SH,20260410,1.3175,2.3307,,257250.0,
002736.SZ,20260410,0.6497,2.3383,,12064773.3247,
688220.SH,20260410,1.7892,2.6774,,3046067.0737,
920418.BJ,20260410,1.1138,2.0124,,394362.2592,
300337.SZ,20260410,3.2121,4.7767,,1033187.5751,
300871.SZ,20260410,3.828,7.1836,,497196.6556,
920407.BJ,20260410,2.0195,3.3592,,157704.248,
300500.SZ,20260410,2.0386,3.7913,,185109.2606,
603125.SH,20260410,0.6795,2.4937,,733563.5115,
688300.SH,20260410,1.879,4.8045,,2247836.6897,
603072.SH,20260410,2.8592,3.4183,,974928.92,
300664.SZ,20260410,7.8737,11.1458,,471147.6948,
003006.SZ,20260410,0.7841,1.9621,,757039.406,
300066.SZ,20260410,2.2206,3.4585,,673941.5538,
002691.SZ,20260410,1.2188,3.3941,,251600.0,
600968.SH,20260410,0.8034,4.3784,,4523471.3686,
001277.SZ,20260410,1.3598,2.655,,268736.0,
000831.SZ,20260410,2.9596,4.7763,,5519409.4172,
603917.SH,20260410,1.3185,1.9598,,271922.56,
002788.SZ,20260410,20.5573,33.4733,,593265.0559,
000848.SZ,20260410,0.4188,0.7416,,812940.059,
600168.SH,20260410,0.8736,2.1883,,489745.0015,
920271.BJ,20260410,0.9371,1.6074,,183152.2,
003003.SZ,20260410,3.0749,3.8204,,232563.52,
300424.SZ,20260410,1.9909,2.3413,,408650.8251,
002533.SZ,20260410,2.0642,2.7564,,973939.7893,
000761.SZ,20260410,0.4952,3.2718,,1253013.3525,
300712.SZ,20260410,1.3697,2.406,,525128.898,
688692.SH,20260410,1.5625,2.3099,,2629206.32,
000935.SZ,20260410,0.617,1.6639,,2020826.5615,
002150.SZ,20260410,13.5083,26.4258,,1206384.4084,
301191.SZ,20260410,9.4946,15.0027,,1029728.7,
688439.SH,20260410,0.8309,2.0731,,1009000.0,
000915.SZ,20260410,1.2639,1.8509,,740253.1611,
600243.SH,20260410,1.6836,1.8676,,143065.1,
300759.SZ,20260410,3.3861,5.0736,,5715789.3667,
601059.SH,20260410,0.4032,1.8905,,5457969.0,
600054.SH,20260410,3.6786,8.7134,,896407.3318,
603579.SH,20260410,1.5586,3.0725,,406728.9324,
002528.SZ,20260410,7.3998,15.7894,,581357.4148,
002271.SZ,20260410,1.5759,1.6439,,3747870.0898,
301152.SZ,20260410,10.1132,11.1332,,340783.8201,
688520.SH,20260410,0.8137,3.4218,,1970706.6417,
002823.SZ,20260410,2.3842,2.8563,,511927.1915,
301070.SZ,20260410,23.784,27.7722,,882447.8352,
000545.SZ,20260410,4.274,5.0134,,298023.595,
920062.BJ,20260410,2.8389,3.2607,,195877.1155,
600643.SH,20260410,3.8151,7.633,,825262.463,
600875.SH,20260410,5.459,9.7008,,13663981.648,
002299.SZ,20260410,0.7331,1.5598,,2262463.3322,
603613.SH,20260410,0.9767,1.4932,,1826563.356,
600688.SH,20260410,0.5535,2.173,,3078444.31,
688153.SH,20260410,0.7246,2.126,,1460912.6622,
002806.SZ,20260410,14.7854,15.9542,,312131.9286,
000020.SZ,20260410,5.159,15.1049,,447394.7387,
300927.SZ,20260410,5.3166,14.0252,,432935.64,
300347.SZ,20260410,2.9148,3.2403,,4981896.7253,
600370.SH,20260410,2.1793,10.2927,,996521.5544,
603690.SH,20260410,2.1728,2.9957,,969665.481,
600783.SH,20260410,1.8221,5.5848,,1530402.7085,
920706.BJ,20260410,6.5872,10.5962,,235725.78,
600511.SH,20260410,0.727,1.3314,,2194094.7182,
920066.BJ,20260410,1.4517,1.4517,,137083.104,
002660.SZ,20260410,1.1669,2.129,,307411.6284,
600288.SH,20260410,0.9897,1.0907,,648211.2,
603122.SH,20260410,15.6255,33.9703,,691417.4235,
600079.SH,20260410,0.5751,0.9049,,3039204.7468,
920556.BJ,20260410,1.7539,2.4042,,150829.712,
300996.SZ,20260410,3.6231,4.663,,466297.7032,
301202.SZ,20260410,3.8332,4.0212,,541508.0,
300384.SZ,20260410,1.4489,2.0731,,485848.0646,
603776.SH,20260410,0.572,0.9223,,523337.7062,
603538.SH,20260410,41.8557,56.9659,,1093399.2382,
002302.SZ,20260410,0.6658,1.5134,,723329.0162,
688739.SH,20260410,0.3003,0.6624,,1025716.35,
688523.SH,20260410,5.631,5.631,,2422563.52,
301219.SZ,20260410,2.1045,2.8305,,1900925.8239,
920871.BJ,20260410,1.6442,2.753,,112645.7243,
002356.SZ,20260410,2.4597,3.0972,,456316.5733,
300160.SZ,20260410,1.2038,1.9116,,419709.8366,
600223.SH,20260410,0.4485,0.9809,,693299.9046,
002685.SZ,20260410,5.3305,6.0735,,781967.9374,
688315.SH,20260410,0.7696,2.1383,,603490.0,
301656.SZ,20260410,4.4641,4.4641,,5220801.0656,
603027.SH,20260410,2.3032,4.3979,,1321127.2833,
603990.SH,20260410,4.1018,5.2041,,471369.123,
603666.SH,20260410,0.9213,1.4468,,529857.4228,
001339.SZ,20260410,5.1942,7.4807,,1616803.9674,
002006.SZ,20260410,1.3202,1.7904,,923672.9429,
603353.SH,20260410,5.2649,16.0335,,699141.702,
002958.SZ,20260410,0.6153,0.8103,,1661131.364,
002011.SZ,20260410,1.1223,2.0438,,1276716.4411,
601998.SH,20260410,0.0736,0.6104,,45684678.2187,
002413.SZ,20260410,7.9941,7.9941,,1744168.4385,
300145.SZ,20260410,12.3643,18.1203,,946679.3237,
002690.SZ,20260410,1.0575,1.5321,,1603892.1402,
002244.SZ,20260410,0.915,2.1967,,3108332.4461,
300753.SZ,20260410,4.1065,4.7754,,352934.4,
605155.SH,20260410,1.0528,2.7591,,302824.8923,
300037.SZ,20260410,6.9331,8.0101,,4794176.4234,
002403.SZ,20260410,0.9664,2.0923,,355967.3151,
001217.SZ,20260410,1.0304,2.7911,,392934.08,
000680.SZ,20260410,1.744,2.555,,1737165.1447,
605318.SH,20260410,4.4595,15.6928,,1142876.8645,
603231.SH,20260410,2.0915,2.624,,334287.5973,
300967.SZ,20260410,3.4457,5.3215,,341942.3341,
301328.SZ,20260410,1.535,4.8345,,549467.97,
301027.SZ,20260410,4.7092,5.0745,,315168.0,
300969.SZ,20260410,3.5779,6.128,,1360638.3314,
301039.SZ,20260410,0.9367,1.8793,,1714823.8443,
600371.SH,20260410,1.6839,3.3679,,253665.126,
300674.SZ,20260410,3.3107,4.3599,,1467958.9701,
600704.SH,20260410,0.6851,1.2076,,2725211.802,
300539.SZ,20260410,2.8527,4.5964,,760869.6788,
000581.SZ,20260410,1.0183,1.737,,2033150.3124,
003002.SZ,20260410,1.4059,2.6929,,554200.0,
603709.SH,20260410,1.3535,3.8459,,214205.1628,
002092.SZ,20260410,2.3807,3.3842,,1727543.0178,
603661.SH,20260410,0.6299,2.2115,,436114.2092,
601992.SH,20260410,0.5691,1.5831,,1868609.9485,
688550.SH,20260410,1.217,2.0605,,699723.863,
920396.BJ,20260410,1.7864,2.7536,,217385.6194,
001215.SZ,20260410,1.5647,2.6615,,376010.926,
300211.SZ,20260410,0.7221,1.3222,,246183.0756,
300071.SZ,20260410,3.814,5.0359,,483869.9367,
688297.SH,20260410,1.1024,2.8152,,3264975.0,
300503.SZ,20260410,5.4969,7.3551,,1618190.6213,
920060.BJ,20260410,2.6569,3.594,,493841.0654,
300817.SZ,20260410,1.5477,1.9664,,392063.639,
300955.SZ,20260410,1.8476,4.1514,,363888.0,
002060.SZ,20260410,1.8447,2.5876,,1407897.4658,
002877.SZ,20260410,3.2127,3.7252,,318480.107,
301600.SZ,20260410,2.7521,2.7521,,1078891.567,
002250.SZ,20260410,1.7966,2.4346,,1486590.5545,
000503.SZ,20260410,0.8406,1.1595,,763816.9282,
002492.SZ,20260410,4.4128,7.6375,,322380.0,
301086.SZ,20260410,4.3129,6.0094,,1322730.0,
688411.SH,20260410,4.0689,5.1326,,4139425.9286,
688095.SH,20260410,2.4082,4.004,,668477.6371,
300860.SZ,20260410,1.3766,2.2741,,443424.5512,
301510.SZ,20260410,1.5835,1.7594,,1232830.82,
000537.SZ,20260410,1.3917,4.4857,,2010492.1052,
600312.SH,20260410,1.6387,2.7974,,2821039.4014,
002786.SZ,20260410,1.1266,1.8032,,354858.192,
000421.SZ,20260410,1.3665,2.976,,370498.1484,
605108.SH,20260410,0.5721,1.8217,,432120.0,
605178.SH,20260410,7.1649,12.4637,,761925.2,
600433.SH,20260410,2.0897,3.4904,,642352.4785,
002368.SZ,20260410,0.8373,1.2739,,1208445.4636,
603458.SH,20260410,7.3998,8.173,,338879.837,
600990.SH,20260410,1.7568,3.2653,,627754.8826,
603517.SH,20260410,0.5992,1.1472,,766592.449,
600115.SH,20260410,1.5117,3.3695,,9829042.8182,
600589.SH,20260410,11.3466,13.4369,,1627198.1994,
603222.SH,20260410,10.8437,17.3082,,536117.5179,
000937.SZ,20260410,0.5083,1.7959,,1961118.5018,
002838.SZ,20260410,1.1175,2.3031,,1302200.4502,
688262.SH,20260410,2.2063,2.9684,,1145759.7033,
300733.SZ,20260410,2.0172,2.7505,,542575.397,
002507.SZ,20260410,0.5435,0.8408,,1426243.9186,
300053.SZ,20260410,5.5668,6.7099,,1226498.8085,
001258.SZ,20260410,2.2492,5.7715,,785866.6672,
603628.SH,20260410,3.4388,6.2602,,362682.5781,
600459.SH,20260410,1.5902,2.59,,1545447.6943,
600962.SH,20260410,0.9699,1.7497,,503443.2,
601985.SH,20260410,0.4769,1.1734,,17914729.8065,
600642.SH,20260410,0.5769,1.6606,,4404671.4384,
600295.SH,20260410,0.645,2.7956,,4144987.6322,
600444.SH,20260410,1.661,3.0018,,259898.9293,
605100.SH,20260410,2.5273,5.5897,,788943.33,
301399.SZ,20260410,17.9448,21.2147,,422585.68,
600606.SH,20260410,0.5119,1.8453,,2080024.3105,
300320.SZ,20260410,1.2832,1.5515,,582595.9311,
003036.SZ,20260410,4.1369,13.1775,,572720.1273,
301233.SZ,20260410,2.3587,3.2417,,271607.19,
300313.SZ,20260410,1.9876,4.1239,,193981.2061,
605118.SH,20260410,1.2547,9.5466,,1805453.35,
300890.SZ,20260410,7.4822,7.8171,,368162.6726,
301309.SZ,20260410,8.7646,20.8379,,352172.0032,
002436.SZ,20260410,7.1343,7.3844,,3899051.1535,
301290.SZ,20260410,1.4936,1.494,,276478.4018,
002173.SZ,20260410,4.8512,6.0461,,1107182.4392,
300936.SZ,20260410,9.455,14.3526,,490228.8,
002268.SZ,20260410,1.0824,1.7041,,1431661.8885,
688507.SH,20260410,1.736,1.736,,760632.5802,
001316.SZ,20260410,2.1175,5.7182,,567864.3669,
603838.SH,20260410,0.4548,1.2517,,288654.432,
002519.SZ,20260410,6.1105,9.2492,,891006.8403,
603529.SH,20260410,1.477,4.915,,2535115.4004,
000900.SZ,20260410,0.6744,1.2619,,617756.1319,
600958.SH,20260410,1.2871,2.0097,,7876390.1857,
601156.SH,20260410,0.4626,0.7261,,2744883.5563,
600770.SH,20260410,1.1223,2.0092,,731900.0,
600097.SH,20260410,1.0602,1.8543,,260934.2934,
600995.SH,20260410,0.6686,3.0585,,4423272.0341,
300233.SZ,20260410,7.2992,9.4852,,591934.6132,
688579.SH,20260410,0.9191,1.2188,,415610.39,
300701.SZ,20260410,1.2973,2.3186,,333910.1755,
300847.SZ,20260410,1.4196,2.7824,,467399.79,
002153.SZ,20260410,1.0085,2.0851,,2666422.3827,
002410.SZ,20260410,1.6032,1.9142,,1874956.8282,
002929.SZ,20260410,7.7832,11.9177,,1471550.3751,
002489.SZ,20260410,0.8659,1.6529,,741803.579,
002283.SZ,20260410,6.0751,8.0529,,1204406.2371,
600255.SH,20260410,3.4258,3.8266,,650212.9038,
002583.SZ,20260410,1.9579,2.1322,,1911368.9694,
300040.SZ,20260410,7.5463,8.0668,,428511.3504,
920445.BJ,20260410,1.1278,1.3082,,147301.4529,
688310.SH,20260410,0.8947,2.5923,,259801.3755,
000796.SZ,20260410,5.2267,6.1463,,864442.2257,
002948.SZ,20260410,1.1073,1.8512,,2997482.6829,
300611.SZ,20260410,3.433,3.9969,,572012.3828,
920028.BJ,20260410,13.8015,13.8015,,255744.16,
300951.SZ,20260410,1.5261,4.3215,,645585.6752,
688011.SH,20260410,2.3939,5.0425,,744000.0,
688668.SH,20260410,5.3326,9.8516,,2308549.5651,
000723.SZ,20260410,1.2052,1.9269,,1990381.1159,
688037.SH,20260410,2.3151,3.2337,,3719015.4747,
603590.SH,20260410,1.751,3.2076,,599787.5192,
002258.SZ,20260410,1.4895,2.525,,1199855.4048,
688369.SH,20260410,7.199,9.1195,,270186.3765,
601107.SH,20260410,0.8861,4.1448,,1733920.02,
000980.SZ,20260410,1.7988,2.4512,,1099275.4071,
920198.BJ,20260410,1.9431,1.9886,,139902.477,
300994.SZ,20260410,2.9809,4.5079,,346834.944,
000521.SZ,20260410,1.0021,1.3992,,592206.1361,
688509.SH,20260410,1.3823,1.3823,,346500.0,
300863.SZ,20260410,1.8334,4.1516,,1037977.9114,
300427.SZ,20260410,4.7796,5.8022,,599545.4313,
600703.SH,20260410,5.7298,9.6929,,5956888.36,
002441.SZ,20260410,1.592,2.3415,,548355.4143,
002607.SZ,20260410,2.6316,3.1404,,1634360.8381,
600598.SH,20260410,2.4655,6.8759,,2860286.9736,
600281.SH,20260410,1.4068,2.489,,278805.8976,
600008.SH,20260410,0.8921,1.6635,,2297604.8819,
000819.SZ,20260410,0.7483,1.127,,547975.1824,
002661.SZ,20260410,0.7273,1.2041,,297158.8659,
300107.SZ,20260410,1.9468,2.4341,,395635.9344,
000001.SZ,20260410,0.2479,0.5895,,21521163.2816,
002130.SZ,20260410,4.1723,4.8212,,3447922.5726,
603789.SH,20260410,1.0353,1.8142,,143215.884,
002078.SZ,20260410,0.6051,1.1004,,4242104.3106,
002361.SZ,20260410,37.2726,41.3228,,1568256.6639,
600696.SH,20260410,2.6518,8.0323,,42143.1483,
688403.SH,20260410,6.8889,9.22,,1517697.3472,
601939.SH,20260410,0.5144,0.7432,,241718752.4681,
603727.SH,20260410,3.9446,7.3635,,572453.5709,
002066.SZ,20260410,5.3093,8.8679,,525721.866,
688313.SH,20260410,13.1783,20.6236,,4791055.0768,
688336.SH,20260410,2.0558,12.8554,,5080671.0547,
301658.SZ,20260410,20.4431,20.4431,,1736082.4784,
002939.SZ,20260410,1.127,3.2105,,3659225.2491,
603272.SH,20260410,4.3889,10.0703,,383627.154,
000815.SZ,20260410,16.9584,25.3761,,1333514.5011,
601128.SH,20260410,0.5618,0.6707,,2331514.6124,
001239.SZ,20260410,2.7488,3.1462,,364800.0,
000002.SZ,20260410,0.7848,1.178,,4641045.9842,
300929.SZ,20260410,2.3126,2.8694,,170187.2473,
301563.SZ,20260410,11.5893,11.5893,,1017829.7435,
600182.SH,20260410,0.8074,0.8074,,470220.0,
603187.SH,20260410,1.117,1.3978,,569963.7578,
301108.SZ,20260410,5.611,10.203,,318984.4182,
688511.SH,20260410,0.9224,2.0463,,292086.1787,
002211.SZ,20260410,2.3378,3.7442,,161313.4656,
601568.SH,20260410,0.6814,1.7614,,1684222.223,
601086.SH,20260410,0.7461,2.8778,,588744.0,
002189.SZ,20260410,1.3331,2.3063,,517174.5605,
688613.SH,20260410,2.3934,3.1976,,293609.3955,
300933.SZ,20260410,1.6002,2.5897,,428918.9159,
600510.SH,20260410,1.3624,3.4051,,877221.6385,
002157.SZ,20260410,1.3721,1.3721,,2839799.9148,
301319.SZ,20260410,7.6742,14.8882,,633703.9675,
301283.SZ,20260410,1.3005,2.1799,,369359.0564,
300957.SZ,20260410,0.9614,2.1944,,1591041.6,
600623.SH,20260410,1.0226,2.9515,,2099480.1359,
301115.SZ,20260410,1.342,1.9544,,384668.0856,
002277.SZ,20260410,1.2139,1.7857,,777948.4224,
002219.SZ,20260410,3.0409,4.481,,809584.239,
600681.SH,20260410,1.6359,3.2727,,551091.3269,
000089.SZ,20260410,0.2766,0.6428,,1408878.6527,
300479.SZ,20260410,2.9172,3.987,,366298.968,
600319.SH,20260410,0.6988,1.2134,,290006.6192,
002891.SZ,20260410,2.6384,5.0736,,1228989.7809,
301133.SZ,20260410,4.3594,9.5678,,548178.8741,
300982.SZ,20260410,3.4192,8.0357,,460497.4499,
600081.SH,20260410,0.3944,1.5629,,619389.3104,
603662.SH,20260410,1.2963,2.7907,,1572928.0907,
300716.SZ,20260410,4.6994,5.7604,,236189.52,
601016.SH,20260410,3.9047,6.8917,,2598138.2074,
600769.SH,20260410,3.6199,4.5293,,549341.598,
688015.SH,20260410,0.6563,1.4153,,421701.4584,
003041.SZ,20260410,2.6037,8.0466,,751248.0,
002174.SZ,20260410,1.3001,1.5948,,961194.5586,
002214.SZ,20260410,0.7197,0.7855,,1128479.165,
000697.SZ,20260410,0.7878,1.1879,,1377939.1521,
000026.SZ,20260410,2.0405,3.6901,,605399.8984,
603636.SH,20260410,0.964,1.4467,,535092.4022,
920571.BJ,20260410,6.5224,8.4386,,559850.7126,
600257.SH,20260410,6.4381,8.9535,,320022.73,
002061.SZ,20260410,0.5558,1.15,,1042976.8167,
603816.SH,20260410,0.7089,1.2789,,2700932.5945,
002878.SZ,20260410,3.9491,6.8656,,455865.605,
605136.SH,20260410,1.6785,3.3591,,411671.338,
300291.SZ,20260410,1.5883,2.5468,,632949.8455,
002232.SZ,20260410,0.964,2.1771,,717819.6354,
688279.SH,20260410,2.7142,5.5356,,1962464.8358,
000546.SZ,20260410,5.8806,8.8927,,486807.812,
002169.SZ,20260410,2.8191,3.6115,,1162315.5796,
002977.SZ,20260410,1.7357,2.3658,,333333.0,
688065.SH,20260410,0.6078,1.0875,,3519894.1947,
002563.SZ,20260410,0.5336,1.3256,,1435950.0553,
300044.SZ,20260410,4.3984,4.6037,,620261.8131,
603219.SH,20260410,0.9591,4.5034,,943152.0,
002264.SZ,20260410,1.8383,2.9662,,592404.6999,
688687.SH,20260410,2.8312,3.7454,,364795.3965,
300615.SZ,20260410,4.6808,7.0959,,264724.004,
688459.SH,20260410,0.8664,1.2056,,443040.0,
603688.SH,20260410,5.2967,11.1234,,2555638.1675,
688582.SH,20260410,1.8088,2.443,,2494397.7987,
300489.SZ,20260410,21.6472,38.33,,943629.2791,
600000.SH,20260410,0.1281,0.3552,,32939474.0787,
301156.SZ,20260410,1.991,3.3842,,263971.2656,
601901.SH,20260410,1.3491,2.8397,,5853024.0918,
002026.SZ,20260410,1.6419,2.5816,,579299.4998,
688249.SH,20260410,1.7462,2.5759,,6052888.9665,
002412.SZ,20260410,2.2421,3.905,,337144.0,
601777.SH,20260410,0.4206,1.012,,4625085.3726,
920699.BJ,20260410,1.1207,1.853,,181588.694,
301360.SZ,20260410,3.1394,3.5449,,377380.5,
000333.SZ,20260410,0.377,0.5516,,58103581.8563,
605228.SH,20260410,4.0198,11.6221,,725920.3083,
300511.SZ,20260410,4.324,4.4353,,456283.0754,
301148.SZ,20260410,2.4911,3.8826,,601590.9211,
603175.SH,20260410,9.7345,9.7345,,3810458.6498,
002982.SZ,20260410,1.7439,2.2864,,279188.5107,
002300.SZ,20260410,2.8567,7.4593,,681883.0128,
600657.SH,20260410,0.5724,2.1258,,878378.6073,
002867.SZ,20260410,0.3454,0.9526,,1275431.8243,
300369.SZ,20260410,3.4065,4.5598,,655793.1066,
600858.SH,20260410,1.3088,2.2918,,296437.9557,
920394.BJ,20260410,0.8174,2.4561,,673627.5,
301581.SZ,20260410,0.747,1.6817,,364640.0,
603095.SH,20260410,0.6274,2.0464,,469533.4056,
600150.SH,20260410,0.7979,1.1288,,24571153.5053,
300536.SZ,20260410,1.3581,1.453,,231990.9132,
605319.SH,20260410,3.0599,8.2191,,1001979.1051,
300595.SZ,20260410,0.9144,1.2392,,1273101.1329,
603255.SH,20260410,2.1561,3.4093,,390854.201,
000561.SZ,20260410,1.339,2.3713,,834641.6179,
600428.SH,20260410,2.0469,4.3945,,2510687.1614,
300546.SZ,20260410,8.1744,9.0654,,417870.5951,
600531.SH,20260410,3.1544,4.303,,1638550.9558,
002498.SZ,20260410,3.0802,9.2119,,2581593.696,
000599.SZ,20260410,1.9088,3.2547,,445950.4069,
688796.SH,20260410,7.8706,7.8706,,4519483.7215,
688560.SH,20260410,2.2208,3.5685,,291686.4792,
002863.SZ,20260410,1.501,2.2663,,332113.8889,
688727.SH,20260410,4.7621,4.7621,,2198520.8028,
002743.SZ,20260410,1.1148,1.6707,,238091.8575,
601700.SH,20260410,1.0854,2.2026,,588737.5241,
603378.SH,20260410,1.8758,4.744,,234870.9598,
002919.SZ,20260410,1.1098,1.8762,,540781.3879,
601319.SH,20260410,0.1795,2.1342,,32991096.9749,
600610.SH,20260410,2.2127,3.4948,,982358.8128,
002215.SZ,20260410,1.2134,1.436,,1041805.261,
600694.SH,20260410,0.4737,0.7796,,574044.4993,
600121.SH,20260410,3.4145,7.0998,,511733.056,
920367.BJ,20260410,4.7186,9.5319,,139171.495,
000608.SZ,20260410,1.3687,1.9595,,306714.5434,
002687.SZ,20260410,2.0609,2.8927,,246837.1711,
300785.SZ,20260410,8.3684,10.3222,,992884.2283,
600831.SH,20260410,1.5788,2.2299,,260206.5991,
603800.SH,20260410,5.8437,11.0249,,907088.0,
300740.SZ,20260410,1.8405,3.15,,841721.5219,
603822.SH,20260410,1.4473,2.3662,,701497.1651,
301418.SZ,20260410,3.0082,3.0082,,282846.6692,
300834.SZ,20260410,6.5924,18.4154,,744823.9973,
002876.SZ,20260410,2.3996,2.7081,,483747.8808,
301313.SZ,20260410,3.0011,3.5143,,307049.6912,
301163.SZ,20260410,2.2496,3.2993,,242515.2,
300172.SZ,20260410,3.8759,4.2654,,360009.72,
300666.SZ,20260410,5.632,6.2308,,4152268.689,
000514.SZ,20260410,0.8568,2.3275,,399947.4374,
600282.SH,20260410,0.6976,1.8731,,3557257.5133,
000166.SZ,20260410,0.6448,1.4971,,11818853.8323,
688566.SH,20260410,2.2397,7.6909,,642167.3853,
600741.SH,20260410,0.498,1.1947,,6453625.9952,
688631.SH,20260410,2.5796,3.4054,,862467.72,
001317.SZ,20260410,3.2257,7.8742,,423122.8711,
605305.SH,20260410,4.1133,5.7166,,918298.92,
300558.SZ,20260410,1.7411,2.9648,,1861747.2553,
000707.SZ,20260410,2.1051,2.6703,,348491.447,
603138.SH,20260410,6.4769,11.6566,,581867.9658,
600732.SH,20260410,4.7461,6.4521,,3233040.6324,
002599.SZ,20260410,2.9582,3.3543,,381398.7275,
920006.BJ,20260410,1.9783,2.6889,,199083.276,
002423.SZ,20260410,0.7237,1.9445,,2414702.6426,
600855.SH,20260410,2.3562,4.2906,,799802.4367,
600379.SH,20260410,5.0648,9.0751,,422327.8004,
301175.SZ,20260410,2.7752,2.7752,,916981.24,
920985.BJ,20260410,1.5362,2.4962,,208896.435,
600838.SH,20260410,1.2759,1.893,,408498.7386,
300300.SZ,20260410,17.5525,23.2818,,886906.5925,
002333.SZ,20260410,1.2033,3.775,,373908.3392,
000534.SZ,20260410,4.419,5.8614,,2327617.6211,
003042.SZ,20260410,5.3499,10.3857,,250764.8,
002475.SZ,20260410,5.3224,8.5262,,42389859.6304,
600361.SH,20260410,1.0839,2.1732,,1549055.1089,
603100.SH,20260410,0.9464,2.0629,,1023780.4861,
300865.SZ,20260410,1.4553,2.3693,,255561.28,
300096.SZ,20260410,2.9846,3.5611,,383130.0,
600038.SH,20260410,0.7516,1.3339,,2760580.4482,
600128.SH,20260410,2.7005,3.6733,,271834.596,
603698.SH,20260410,4.3451,14.0992,,1713560.03,
920166.BJ,20260410,6.1502,6.1502,,216094.1187,
002730.SZ,20260410,7.8233,15.6733,,971822.3979,
002284.SZ,20260410,1.425,2.48,,1047305.1931,
002537.SZ,20260410,6.7905,9.0738,,950953.5635,
600593.SH,20260410,2.2484,4.8449,,483820.505,
000809.SZ,20260410,1.3836,2.1058,,291976.1177,
601882.SH,20260410,0.7093,3.043,,995454.0,
000564.SZ,20260410,0.8473,1.19,,3394915.9106,
000617.SZ,20260410,3.5761,17.9006,,12970773.1351,
002578.SZ,20260410,5.4178,9.2533,,378267.9637,
300396.SZ,20260410,0.6612,1.3809,,322331.5903,
002286.SZ,20260410,1.7449,2.1065,,380567.38,
002574.SZ,20260410,1.3074,2.8487,,297264.0,
300131.SZ,20260410,24.7535,24.8338,,1750200.0459,
600829.SH,20260410,3.648,14.3784,,609462.9154,
001225.SZ,20260410,6.5222,7.7109,,326765.1948,
301379.SZ,20260410,5.1577,5.1591,,506513.2769,
300343.SZ,20260410,1.3795,1.5706,,674144.5486,
300683.SZ,20260410,9.2567,15.4146,,473706.801,
301182.SZ,20260410,6.7881,13.9314,,571863.9056,
600530.SH,20260410,0.7011,1.5917,,407607.92,
603577.SH,20260410,1.3519,3.3969,,360165.7242,
920016.BJ,20260410,1.4263,1.5931,,128790.7672,
688089.SH,20260410,1.3669,2.5413,,309688.7808,
603813.SH,20260410,1.3979,3.9878,,277344.615,
300174.SZ,20260410,1.3461,1.7432,,615879.7188,
688007.SH,20260410,1.268,1.9123,,661846.5144,
002416.SZ,20260410,2.1995,4.309,,1651962.6474,
000953.SZ,20260410,1.8134,2.7478,,248230.8482,
301428.SZ,20260410,10.0472,10.0472,,333296.0011,
600810.SH,20260410,3.9093,9.2182,,975697.7686,
300073.SZ,20260410,5.2187,6.7961,,3106828.2569,
603477.SH,20260410,3.592,6.696,,867119.6987,
603376.SH,20260410,3.0098,3.0098,,1329203.323,
301119.SZ,20260410,2.7932,8.2898,,467792.0,
000858.SZ,20260410,0.3154,0.7022,,39619572.907,
603162.SH,20260410,6.2199,6.2199,,1303055.6404,
300322.SZ,20260410,5.1625,6.354,,1224621.5633,
300371.SZ,20260410,1.6852,2.4602,,251521.62,
603180.SH,20260410,0.4205,1.4153,,295402.4231,
603001.SH,20260410,1.2658,2.4251,,364891.8,
603161.SH,20260410,0.9676,1.7391,,285001.6955,
688323.SH,20260410,2.6291,4.6883,,366483.6159,
301602.SZ,20260410,0.7539,2.0921,,851090.9907,
002742.SZ,20260410,0.9729,1.1269,,314686.9389,
920599.BJ,20260410,1.0049,1.5497,,855671.25,
688365.SH,20260410,4.1838,10.1525,,804808.6528,
603173.SH,20260410,0.7586,2.4257,,678400.0,
000570.SZ,20260410,1.7035,2.8858,,402950.4215,
003021.SZ,20260410,1.8238,4.2088,,2669477.346,
688206.SH,20260410,0.7,1.4766,,1422161.2236,
600259.SH,20260410,4.5096,7.3272,,3177973.6059,
300647.SZ,20260410,3.1676,3.8459,,286740.282,
300276.SZ,20260410,1.5562,1.8684,,980730.093,
300122.SZ,20260410,1.1767,1.5299,,3765431.272,
301387.SZ,20260410,9.9632,13.0088,,691294.8931,
002419.SZ,20260410,1.3402,2.7018,,661567.8265,
300743.SZ,20260410,1.5344,2.2165,,272789.4841,
002449.SZ,20260410,2.7068,3.447,,502203.4612,
002846.SZ,20260410,2.4169,3.5731,,612350.7213,
003033.SZ,20260410,2.3819,7.3846,,493770.0,
002798.SZ,20260410,0.9608,1.3429,,335608.3281,
002627.SZ,20260410,3.7735,5.6675,,546349.439,
002384.SZ,20260410,10.4553,11.8673,,26292726.1219,
003020.SZ,20260410,1.1701,1.9197,,461762.3379,
603992.SH,20260410,1.0237,4.5521,,1439442.8732,
001314.SZ,20260410,1.4353,3.0991,,601344.944,
300662.SZ,20260410,2.0677,2.9327,,480601.1287,
001308.SZ,20260410,0.2818,1.5119,,1439017.6327,
300749.SZ,20260410,5.8584,8.2938,,552521.1942,
002228.SZ,20260410,1.1846,2.0523,,473220.3953,
000635.SZ,20260410,2.0012,3.4709,,328313.308,
603070.SH,20260410,0.7138,2.7467,,608718.0,
002923.SZ,20260410,8.8633,15.4451,,440384.6711,
603810.SH,20260410,0.9868,1.7938,,264545.1568,
300840.SZ,20260410,9.0824,10.1688,,451680.0,
003008.SZ,20260410,5.1562,8.1271,,246584.0,
688198.SH,20260410,0.3701,1.3834,,1309020.5079,
601126.SH,20260410,3.1391,5.2986,,3636784.8675,
688125.SH,20260410,1.4174,4.639,,2198604.6765,
002306.SZ,20260410,6.0988,7.4128,,216570.8625,
920832.BJ,20260410,0.7162,0.7468,,91167.8593,
600718.SH,20260410,0.9652,1.2504,,1087562.9165,
300530.SZ,20260410,1.8378,6.1192,,431941.8012,
688115.SH,20260410,0.9889,2.4165,,273013.65,
600814.SH,20260410,0.7506,2.2337,,562335.1275,
601212.SH,20260410,1.5782,4.3438,,5953438.7068,
603211.SH,20260410,3.4837,12.5765,,708603.456,
300317.SZ,20260410,5.9804,6.8386,,392679.1156,
300118.SZ,20260410,4.7418,5.1337,,1849102.4858,
603518.SH,20260410,0.9221,1.388,,310471.4336,
301366.SZ,20260410,2.3549,3.1981,,686650.1307,
688799.SH,20260410,3.9763,8.6162,,814052.68,
002702.SZ,20260410,2.4036,3.1934,,310114.08,
300800.SZ,20260410,1.0237,2.0179,,281979.969,
920266.BJ,20260410,0.8842,1.6173,,100192.0057,
688393.SH,20260410,0.9999,1.6854,,222503.9882,
603168.SH,20260410,2.6689,4.7279,,257024.9089,
920010.BJ,20260410,6.2312,12.0174,,271785.5,
002407.SZ,20260410,8.7246,9.3054,,3364162.44,
002468.SZ,20260410,1.4722,3.7589,,2398766.9941,
300168.SZ,20260410,0.9891,1.2422,,800989.4883,
001233.SZ,20260410,5.6239,5.6239,,1216265.6044,
688816.SH,20260410,5.7474,5.7474,,630000.0,
688238.SH,20260410,1.5683,2.0792,,463412.2038,
688607.SH,20260410,2.4658,3.275,,567110.2887,
002716.SZ,20260410,7.0804,8.1841,,3365121.666,
002287.SZ,20260410,0.3759,1.9867,,1334751.7676,
688239.SH,20260410,3.4118,4.4276,,1162471.7529,
688383.SH,20260410,2.082,6.6525,,985971.05,
688093.SH,20260410,1.0295,3.1758,,950217.2787,
600508.SH,20260410,0.9243,2.4832,,927247.194,
603078.SH,20260410,2.3637,4.0603,,884266.2097,
300455.SZ,20260410,1.3493,2.9976,,1705416.6159,
603598.SH,20260410,7.1787,14.3102,,557973.9201,
002797.SZ,20260410,9.5668,12.1187,,3282074.4,
301120.SZ,20260410,7.4608,9.6489,,828313.5527,
920371.BJ,20260410,0.6785,2.3335,,192502.4672,
688256.SH,20260410,2.1522,4.4462,,51053423.5319,
002476.SZ,20260410,1.3298,1.6915,,369036.0,
300578.SZ,20260410,2.0549,2.8261,,410021.8223,
002495.SZ,20260410,2.6172,3.1763,,240455.7792,
688776.SH,20260410,1.5104,3.5807,,903484.1808,
603023.SH,20260410,1.9641,3.7946,,261757.0639,
002327.SZ,20260410,1.234,1.6062,,589286.6139,
688305.SH,20260410,0.9329,1.6812,,759030.0381,
002640.SZ,20260410,3.3311,3.6212,,548430.5482,
600021.SH,20260410,1.0402,2.4326,,5239033.2929,
001226.SZ,20260410,3.7279,6.0903,,329578.8138,
300910.SZ,20260410,1.4657,2.066,,1492105.6717,
000978.SZ,20260410,15.423,30.5467,,370290.83,
603683.SH,20260410,3.9307,5.857,,788779.1426,
000037.SZ,20260410,8.1063,13.7272,,562377.5021,
920175.BJ,20260410,0.8158,0.9791,,116977.0,
601606.SH,20260410,1.9703,4.7929,,2876635.2048,
600084.SH,20260410,0.515,1.1786,,754020.7029,
300170.SZ,20260410,5.4682,5.5435,,2076143.4655,
002323.SZ,20260410,5.4931,7.001,,453863.0004,
920405.BJ,20260410,1.6318,3.03,,291740.8,
600409.SH,20260410,1.5929,2.9237,,1494589.0004,
688260.SH,20260410,1.8172,3.0045,,321960.0,
300761.SZ,20260410,0.8403,1.5424,,1730636.3479,
300385.SZ,20260410,10.1195,15.8092,,493055.9794,
601609.SH,20260410,0.9799,2.0125,,1756296.4041,
002177.SZ,20260410,22.3847,22.99,,621132.0959,
605268.SH,20260410,4.109,22.9484,,565911.57,
002486.SZ,20260410,2.3813,3.0298,,238217.8159,
300589.SZ,20260410,6.3395,7.3241,,605401.7976,
301331.SZ,20260410,0.8142,2.2543,,272560.6087,
600550.SH,20260410,3.0214,6.7703,,2834112.3307,
300270.SZ,20260410,1.8459,2.5401,,316129.4932,
000798.SZ,20260410,2.3272,4.8158,,377566.1908,
301282.SZ,20260410,12.4758,20.3353,,571913.6389,
603712.SH,20260410,1.2686,2.4542,,1256816.0,
688079.SH,20260410,4.8456,10.7245,,625024.7194,
601686.SH,20260410,0.2993,0.5902,,857911.9243,
002860.SZ,20260410,1.437,2.2615,,439568.6946,
000751.SZ,20260410,2.5656,3.3577,,856284.2154,
002580.SZ,20260410,41.5598,54.0826,,861443.3487,
605258.SH,20260410,5.7706,14.08,,319704.0,
000028.SZ,20260410,0.8888,2.4531,,1460426.762,
000610.SZ,20260410,3.7311,5.0909,,200998.9679,
300497.SZ,20260410,11.8427,12.8531,,992729.9854,
002570.SZ,20260410,2.5841,2.9459,,552982.1865,
600793.SH,20260410,2.3249,5.0188,,328864.5397,
920580.BJ,20260410,4.6912,6.4809,,114036.0,
002229.SZ,20260410,13.9826,13.9826,,876274.1678,
000619.SZ,20260410,2.2032,3.31,,259407.2726,
002790.SZ,20260410,1.5801,2.8923,,324686.7771,
300097.SZ,20260410,4.2333,4.8675,,236322.1789,
601918.SH,20260410,1.5701,2.945,,1927363.0992,
002985.SZ,20260410,1.8112,3.3797,,1200978.1784,
002538.SZ,20260410,1.8967,2.8103,,561639.6921,
603053.SH,20260410,0.2652,1.3958,,875556.65,
603679.SH,20260410,2.944,4.3045,,243074.7449,
600619.SH,20260410,7.3137,10.9589,,1910553.0427,
300679.SZ,20260410,11.9975,16.0216,,1819079.24,
603757.SH,20260410,18.3684,42.2517,,1028061.9443,
603516.SH,20260410,3.7408,5.4078,,3021786.2356,
600771.SH,20260410,1.9645,2.3157,,859056.9525,
000962.SZ,20260410,2.8987,4.9246,,2367241.225,
002920.SZ,20260410,0.9773,1.914,,6363180.6926,
605500.SH,20260410,0.9447,3.9936,,368401.6,
688039.SH,20260410,1.7223,3.2727,,467512.2192,
300852.SZ,20260410,2.4127,5.2005,,658297.2977,
002652.SZ,20260410,3.2688,4.6695,,234525.312,
920662.BJ,20260410,8.6006,9.2058,,221413.9551,
600575.SH,20260410,0.7649,2.0827,,2680380.2716,
000509.SZ,20260410,2.7123,4.5621,,391691.739,
603081.SH,20260410,1.347,2.3077,,517138.9584,
601698.SH,20260410,0.7491,3.4054,,13775720.8285,
002847.SZ,20260410,1.427,3.4897,,1551172.6542,
920504.BJ,20260410,1.1862,1.4641,,94379.4918,
301536.SZ,20260410,3.4241,3.668,,3125331.5844,
300977.SZ,20260410,2.5625,6.2593,,302474.5065,
300185.SZ,20260410,3.7476,4.5302,,1283507.1003,
000752.SZ,20260410,3.2597,4.0163,,233162.506,
301272.SZ,20260410,1.5934,2.0934,,238981.8955,
603014.SH,20260410,1.8498,1.8498,,1569502.026,
301606.SZ,20260410,4.2706,7.5611,,3157463.6237,
601162.SH,20260410,2.9384,3.9116,,3777744.4628,
603216.SH,20260410,5.6747,21.0583,,748906.47,
920808.BJ,20260410,2.1471,7.4094,,1500000.0075,
601881.SH,20260410,0.9484,3.2983,,14225657.3351,
002837.SZ,20260410,8.9339,13.085,,9672785.8626,
600503.SH,20260410,1.1836,1.2743,,382947.31,
688008.SH,20260410,3.5014,3.7744,,17542236.9014,
603181.SH,20260410,0.5888,1.0302,,875985.6,
688669.SH,20260410,3.8234,7.3479,,328692.0018,
300242.SZ,20260410,3.6546,4.6443,,308393.8389,
002366.SZ,20260410,1.7007,1.7007,,1502436.9761,
600031.SH,20260410,0.636,0.936,,18996879.1668,
603033.SH,20260410,1.0144,2.6735,,1167277.1431,
603499.SH,20260410,1.1551,2.8658,,652090.9105,
603201.SH,20260410,1.0694,3.3764,,312516.6427,
002541.SZ,20260410,0.9831,1.4131,,1438688.266,
002478.SZ,20260410,7.5859,9.2782,,1018809.5819,
300638.SZ,20260410,2.4134,2.947,,2269746.9903,
600660.SH,20260410,0.4844,0.6838,,14982537.6172,
600016.SH,20260410,0.3524,0.5139,,16287059.6827,
601619.SH,20260410,1.7515,3.2565,,1517555.1936,
300162.SZ,20260410,8.9687,10.4914,,386788.2477,
301079.SZ,20260410,17.154,19.9296,,472221.2344,
601595.SH,20260410,1.0666,3.465,,1124982.0,
600398.SH,20260410,0.4683,1.1658,,3141011.7736,
920885.BJ,20260410,2.3812,3.5566,,331390.606,
000883.SZ,20260410,0.3907,1.3177,,3235280.1469,
600408.SH,20260410,4.2459,6.2044,,321169.2,
688096.SH,20260410,1.8227,2.2282,,193320.6036,
603269.SH,20260410,6.3518,8.5423,,445528.8012,
301251.SZ,20260410,14.6307,14.6307,,891773.4391,
002305.SZ,20260410,0.6125,1.0294,,379793.2536,
300769.SZ,20260410,12.5057,14.2089,,1258884.8188,
688768.SH,20260410,1.1688,1.7864,,397884.9602,
688349.SH,20260410,0.4767,1.8449,,2911483.6064,
920564.BJ,20260410,3.6836,5.9038,,215185.2447,
002833.SZ,20260410,2.5833,3.6221,,784405.445,
600320.SH,20260410,1.1919,2.1957,,2718470.4065,
688552.SH,20260410,7.0565,7.0565,,1293346.08,
603116.SH,20260410,0.8546,1.917,,324401.0504,
000060.SZ,20260410,1.8276,2.6132,,2789056.3036,
688120.SH,20260410,1.143,1.5902,,6489514.0349,
300873.SZ,20260410,1.1101,1.7624,,520929.4188,
300641.SZ,20260410,2.1313,4.8903,,992228.6013,
300232.SZ,20260410,2.5445,2.8083,,761213.0057,
002367.SZ,20260410,1.6475,3.1265,,512950.3282,
300913.SZ,20260410,2.722,8.2814,,1779034.0128,
603858.SH,20260410,0.4643,1.0634,,1762183.8666,
002124.SZ,20260410,1.0798,1.1272,,522154.4505,
000582.SZ,20260410,1.7003,3.8667,,2723485.4074,
002422.SZ,20260410,1.9454,2.3356,,5433381.4648,
300505.SZ,20260410,7.8648,8.5788,,750388.3378,
002053.SZ,20260410,1.1014,4.1389,,1032137.7291,
603237.SH,20260410,0.7178,1.7071,,335614.5305,
688729.SH,20260410,2.2523,2.2523,,6667743.36,
300440.SZ,20260410,2.4692,3.7715,,726081.4232,
301199.SZ,20260410,1.9912,2.3598,,422821.14,
000632.SZ,20260410,5.4754,6.9728,,202501.013,
001386.SZ,20260410,2.7328,2.7328,,2336068.6,
000504.SZ,20260410,0.5026,0.8466,,326722.867,
002001.SZ,20260410,1.232,2.5043,,11245649.9271,
688131.SH,20260410,2.4258,3.5726,,1597142.7284,
300905.SZ,20260410,6.8848,11.0758,,624406.7476,
605366.SH,20260410,4.6465,8.3213,,954575.571,
688558.SH,20260410,0.7828,2.4159,,394944.0,
300022.SZ,20260410,6.686,9.2362,,485838.2935,
603073.SH,20260410,3.5113,3.7865,,231768.0,
301013.SZ,20260410,2.8915,3.1548,,525921.876,
920964.BJ,20260410,1.1117,1.2224,,153067.888,
300354.SZ,20260410,2.3351,2.9062,,501825.6892,
600455.SH,20260410,2.7877,3.5111,,162390.8,
600525.SH,20260410,1.2187,1.7473,,725329.0836,
600380.SH,20260410,0.6593,1.2917,,2039840.5254,
603191.SH,20260410,3.5069,5.7716,,683686.732,
300633.SZ,20260410,1.4252,1.735,,1142793.4616,
002500.SZ,20260410,1.0821,2.0631,,2028220.9241,
002312.SZ,20260410,1.6166,2.9317,,2165202.5029,
688592.SH,20260410,2.4761,2.4761,,337693.197,
920415.BJ,20260410,1.7401,2.4047,,179011.6344,
301320.SZ,20260410,2.2452,2.2452,,310509.06,
601330.SH,20260410,2.163,6.8848,,1137314.8254,
603365.SH,20260410,0.5924,1.4655,,539167.4002,
603281.SH,20260410,0.8901,1.2924,,1307040.0023,
300005.SZ,20260410,2.0532,2.7717,,1266345.2325,
002938.SZ,20260410,1.534,5.5114,,13050627.2201,
002659.SZ,20260410,1.9082,2.726,,313498.9212,
002883.SZ,20260410,2.1179,3.3204,,150067.0365,
300713.SZ,20260410,3.6807,5.1437,,258873.6411,
603610.SH,20260410,1.0096,2.3269,,565139.5852,
301512.SZ,20260410,2.7336,3.893,,245493.6402,
920748.BJ,20260410,5.2676,13.5885,,289156.32,
688139.SH,20260410,0.787,1.4835,,992838.2963,
002521.SZ,20260410,1.0123,1.1865,,463730.5494,
603358.SH,20260410,2.5909,7.0022,,1614976.6953,
300731.SZ,20260410,7.3487,9.1998,,877051.8745,
000910.SZ,20260410,0.6178,1.1539,,384273.045,
002933.SZ,20260410,1.5229,2.4191,,383147.75,
600867.SH,20260410,5.8645,10.0344,,1950708.6577,
600389.SH,20260410,2.1496,3.026,,1337598.9,
002172.SZ,20260410,2.148,3.2061,,300167.0851,
300031.SZ,20260410,1.5503,1.6068,,887742.9934,
600893.SH,20260410,1.7561,3.5796,,13717147.9487,
688029.SH,20260410,1.3137,2.3057,,1502967.2234,
301116.SZ,20260410,0.4469,1.7488,,445387.7563,
300885.SZ,20260410,5.5821,10.5217,,599534.7488,
688199.SH,20260410,1.7748,2.4371,,417417.3528,
603087.SH,20260410,1.0359,1.6866,,3829919.4612,
600579.SH,20260410,0.8102,2.205,,395867.8087,
603559.SH,20260410,0.7089,1.0077,,291728.3637,
002658.SZ,20260410,1.7723,2.3832,,535946.4589,
603867.SH,20260410,3.5013,4.5732,,699002.392,
688658.SH,20260410,2.1373,3.8611,,842850.0,
601279.SH,20260410,0.8687,4.1164,,627971.2501,
600908.SH,20260410,0.5933,0.7777,,1233411.1126,
001335.SZ,20260410,2.522,2.522,,385644.5498,
301252.SZ,20260410,6.6225,6.6225,,649148.7878,
300180.SZ,20260410,3.9746,5.5533,,1091857.2961,
605339.SH,20260410,0.1868,1.1665,,692017.9947,
601000.SH,20260410,0.675,1.5658,,2814816.0917,
002262.SZ,20260410,0.7183,1.2162,,2301772.3971,
600138.SH,20260410,0.9327,1.2143,,670999.68,
300324.SZ,20260410,2.4163,2.6474,,818877.942,
920592.BJ,20260410,7.1856,11.102,,259917.515,
603843.SH,20260410,5.569,7.8211,,656246.5963,
300850.SZ,20260410,5.8294,6.2701,,1738746.4212,
300082.SZ,20260410,3.9368,8.3812,,729065.2704,
002708.SZ,20260410,6.1992,8.8289,,754897.5697,
600733.SH,20260410,1.1708,1.7872,,4603452.3145,
600119.SH,20260410,1.0561,1.9498,,219892.7627,
301321.SZ,20260410,1.427,2.2483,,372497.13,
688813.SH,20260410,28.3062,28.3062,,768000.0,
688002.SH,20260410,3.1901,4.1244,,5644721.3866,
000860.SZ,20260410,0.4956,0.8039,,953170.5809,
300257.SZ,20260410,2.7115,6.706,,2966000.5287,
600691.SH,20260410,2.6561,5.3491,,769818.1524,
001269.SZ,20260410,2.341,7.556,,446010.9905,
000789.SZ,20260410,0.8006,1.5802,,411462.7096,
600435.SH,20260410,1.4369,2.3312,,2211067.029,
002184.SZ,20260410,1.8819,2.1213,,405398.4422,
601988.SH,20260410,0.0843,1.4533,,182050012.6749,
920834.BJ,20260410,1.2402,2.2541,,143040.006,
600236.SH,20260410,0.2138,1.6303,,7504023.6675,
688667.SH,20260410,4.2158,9.1501,,589978.3366,
920978.BJ,20260410,2.1383,2.3118,,496338.4863,
002745.SZ,20260410,2.8043,3.3259,,1279351.4359,
603871.SH,20260410,2.8347,6.993,,1883747.9221,
300363.SZ,20260410,3.0738,4.8064,,1198289.9981,
600620.SH,20260410,0.7016,1.783,,433293.2583,
600056.SH,20260410,4.1198,8.7212,,1640980.0836,
002431.SZ,20260410,5.6852,9.4417,,466822.8341,
301246.SZ,20260410,24.1623,26.8835,,1000017.0,
603699.SH,20260410,0.7136,1.9346,,4108224.0818,
002293.SZ,20260410,0.8182,1.5587,,857190.0705,
600098.SH,20260410,0.6775,2.5536,,2510199.3264,
688693.SH,20260410,23.9278,30.4617,,597652.6354,
300654.SZ,20260410,2.4273,4.5462,,398709.9638,
300288.SZ,20260410,1.6589,1.8956,,426144.1079,
002437.SZ,20260410,8.6654,9.3132,,811671.9979,
002783.SZ,20260410,2.0184,2.5437,,480881.4141,
002732.SZ,20260410,0.9753,2.3213,,254277.6,
002752.SZ,20260410,4.7568,13.1788,,638904.6781,
603997.SH,20260410,0.6064,1.0465,,1606870.5232,
301526.SZ,20260410,17.7695,23.2574,,4819182.1453,
000998.SZ,20260410,1.4152,1.713,,1431242.4114,
300135.SZ,20260410,1.9494,2.9407,,351129.6,
600410.SH,20260410,14.5577,14.5577,,2967114.6122,
600654.SH,20260410,22.8069,35.296,,1174058.3059,
601566.SH,20260410,0.7576,2.6519,,613712.4762,
001872.SZ,20260410,0.1613,1.8046,,5368343.6112,
000877.SZ,20260410,0.1447,0.7673,,3469919.9467,
600664.SH,20260410,6.7843,12.701,,946959.7134,
603085.SH,20260410,1.2306,2.1886,,440781.0,
002978.SZ,20260410,0.9126,2.4192,,1574086.5099,
688098.SH,20260410,3.8925,6.8698,,373686.04,
300432.SZ,20260410,6.1107,10.1773,,4407761.9039,
301221.SZ,20260410,2.5724,3.6883,,463852.4784,
002246.SZ,20260410,3.5907,6.7201,,1335801.6538,
000952.SZ,20260410,1.9387,2.601,,243071.9876,
603215.SH,20260410,1.5485,4.0815,,370240.9155,
301130.SZ,20260410,3.9598,4.8588,,244324.0239,
920344.BJ,20260410,1.5967,4.1569,,264936.75,
002832.SZ,20260410,1.9215,2.37,,993601.0332,
605499.SH,20260410,0.6994,2.0788,,11302151.2244,
600630.SH,20260410,1.1701,1.6736,,340739.0008,
688646.SH,20260410,1.4066,1.414,,472696.2922,
600807.SH,20260410,2.2022,2.8024,,272467.4971,
601328.SH,20260410,0.4187,0.4753,,60087373.2716,
688712.SH,20260410,6.4605,6.4605,,1654656.0,
600559.SH,20260410,0.6552,0.877,,1233994.302,
300420.SZ,20260410,1.7837,2.0985,,404130.8491,
300639.SZ,20260410,6.6251,11.0873,,420871.9388,
688382.SH,20260410,2.551,3.5066,,1216845.2251,
301258.SZ,20260410,0.821,2.1592,,296277.44,
688100.SH,20260410,0.4435,1.5449,,1851686.3691,
600596.SH,20260410,1.9094,2.7322,,1623565.2499,
300961.SZ,20260410,5.7795,7.3457,,236668.8,
603296.SH,20260410,2.9062,3.3345,,10035435.5587,
600519.SH,20260410,0.2305,0.5315,,182075080.1801,
300296.SZ,20260410,4.4236,4.7221,,2055678.7343,
601567.SH,20260410,1.1748,2.4705,,3650734.0212,
605336.SH,20260410,2.1782,6.816,,286123.422,
002445.SZ,20260410,6.0435,9.6043,,803293.3455,
301004.SZ,20260410,0.4417,1.5004,,682227.3876,
688268.SH,20260410,10.1304,22.1617,,1205963.5889,
600742.SH,20260410,1.252,2.194,,750488.4588,
300642.SZ,20260410,1.9505,2.2863,,275999.7816,
688591.SH,20260410,3.1382,3.1388,,909047.5919,
600399.SH,20260410,1.9682,2.8526,,1151706.4,
600015.SH,20260410,0.314,0.9477,,11554238.0678,
920274.BJ,20260410,1.2024,3.9104,,173646.6681,
688289.SH,20260410,0.4963,0.9451,,1060859.439,
300823.SZ,20260410,2.7582,3.6943,,214549.7068,
600586.SH,20260410,2.4123,3.5626,,745519.6302,
301592.SZ,20260410,5.6092,5.6092,,811440.0,
300545.SZ,20260410,5.7275,6.6664,,607200.545,
920593.BJ,20260410,2.0498,3.9725,,508683.6398,
603980.SH,20260410,5.0631,7.8138,,435203.8505,
002342.SZ,20260410,37.481,51.5549,,1488000.0,
000830.SZ,20260410,1.3329,2.6099,,3210681.8525,
003030.SZ,20260410,2.4342,3.6825,,254426.42,
000156.SZ,20260410,0.5323,1.0153,,1389699.3315,
688657.SH,20260410,2.0762,2.4206,,310603.2394,
300098.SZ,20260410,1.9936,2.1011,,929713.5171,
002181.SZ,20260410,10.8661,33.3142,,1459450.1247,
000927.SZ,20260410,5.2821,16.6378,,1899811.0433,
603657.SH,20260410,2.2439,6.8901,,355279.4514,
603612.SH,20260410,2.8308,3.8152,,1307524.2049,
603779.SH,20260410,1.8005,2.6984,,205891.3075,
300576.SZ,20260410,2.4169,2.838,,1279355.5614,
600697.SH,20260410,1.7897,2.3904,,190587.5139,
300179.SZ,20260410,16.8186,21.5949,,1183223.4935,
301207.SZ,20260410,0.8309,3.5232,,1193640.615,
002629.SZ,20260410,4.6248,5.7256,,278241.994,
688557.SH,20260410,2.08,3.7813,,320463.1564,
002545.SZ,20260410,1.1914,2.6424,,2833973.4251,
688629.SH,20260410,9.7223,9.7223,,5788686.9789,
002992.SZ,20260410,1.5364,2.8038,,937803.8725,
002746.SZ,20260410,1.1298,1.742,,517183.7749,
301003.SZ,20260410,5.7665,10.9288,,487900.6814,
600066.SH,20260410,0.9551,1.637,,8218142.3958,
301068.SZ,20260410,0.7905,1.2005,,447123.0077,
300870.SZ,20260410,6.3368,13.5683,,3423563.3834,
920082.BJ,20260410,2.019,2.0275,,220067.47,
600782.SH,20260410,1.1805,2.215,,1139879.9293,
301018.SZ,20260410,8.9236,16.9927,,2914339.7861,
300259.SZ,20260410,1.517,2.7296,,541618.1019,
603676.SH,20260410,0.5848,2.4637,,463882.159,
605303.SH,20260410,5.4345,12.902,,313284.2837,
301413.SZ,20260410,4.2917,4.2917,,1174526.093,
688539.SH,20260410,2.28,2.8784,,662432.96,
688479.SH,20260410,3.7099,4.7157,,489524.6208,
688719.SH,20260410,4.4333,4.4333,,547503.8084,
002709.SZ,20260410,10.1771,11.981,,9524160.468,
920857.BJ,20260410,1.4733,4.9164,,187164.0874,
000068.SZ,20260410,1.0129,1.7785,,335221.5975,
301135.SZ,20260410,1.3391,1.8478,,285057.792,
603026.SH,20260410,11.8231,17.386,,1981681.8352,
002079.SZ,20260410,1.987,2.5841,,781498.5904,
688335.SH,20260410,1.2921,2.4223,,527299.2167,
002558.SZ,20260410,3.5607,5.9322,,6568342.1718,
603205.SH,20260410,2.964,2.964,,404352.0,
600458.SH,20260410,1.7026,3.0769,,1084327.8508,
002584.SZ,20260410,2.9267,3.026,,454127.9435,
002318.SZ,20260410,0.937,1.5006,,3054635.6707,
000823.SZ,20260410,5.7701,8.3012,,784559.3259,
920429.BJ,20260410,0.9434,1.8084,,159080.328,
000551.SZ,20260410,3.5495,5.5106,,680080.4635,
600792.SH,20260410,2.0488,6.2826,,449519.058,
603382.SH,20260410,1.8743,1.8743,,486297.4203,
300176.SZ,20260410,2.2465,2.9992,,281553.1416,
000016.SZ,20260410,1.5949,2.3742,,753686.9127,
600055.SH,20260410,0.4946,0.9069,,1029984.45,
001322.SZ,20260410,0.3764,1.7855,,719569.2422,
002669.SZ,20260410,1.7586,2.4727,,398971.0,
002510.SZ,20260410,2.2452,2.676,,719733.344,
002041.SZ,20260410,1.2644,3.2057,,900240.0,
002370.SZ,20260410,9.0306,10.5757,,545082.9644,
603339.SH,20260410,0.7275,1.3029,,402582.9687,
603508.SH,20260410,0.9149,2.1342,,994363.5752,
000878.SZ,20260410,2.118,3.1994,,4522968.2346,
920768.BJ,20260410,1.5616,2.068,,123287.67,
000888.SZ,20260410,1.9737,3.2676,,661275.943,
600725.SH,20260410,1.6378,2.3476,,526264.69,
002616.SZ,20260410,3.0354,4.6419,,494908.628,
002875.SZ,20260410,2.4733,3.1979,,400045.6856,
300034.SZ,20260410,1.6996,2.871,,1476769.7762,
688636.SH,20260410,2.3238,3.9466,,710059.8475,
000620.SZ,20260410,2.7091,4.8035,,1649980.0262,
300130.SZ,20260410,4.3707,5.0726,,1347335.4171,
600851.SH,20260410,2.6614,5.6562,,1015134.678,
920239.BJ,20260410,1.5774,4.1453,,549682.0219,
301236.SZ,20260410,1.6385,2.0723,,4011358.46,
600726.SH,20260410,1.6692,11.9202,,3755984.6998,
600933.SH,20260410,1.0658,2.1704,,1778009.0091,
603767.SH,20260410,0.6738,1.9859,,578992.694,
300940.SZ,20260410,1.9947,2.5172,,504734.7913,
601778.SH,20260410,3.8605,5.0721,,1804157.8187,
688317.SH,20260410,4.071,7.3419,,401994.5339,
600378.SH,20260410,0.953,2.1191,,4322788.7266,
603697.SH,20260410,1.223,3.7066,,427692.098,
301270.SZ,20260410,2.7677,3.3964,,320800.0,
601900.SH,20260410,0.6113,1.6328,,1182721.8961,
600906.SH,20260410,1.3564,2.1832,,2093025.0,
000058.SZ,20260410,0.5056,1.7254,,992347.7416,
600522.SH,20260410,7.5463,9.7601,,10170589.963,
603007.SH,20260410,1.6874,1.6874,,574135.3195,
300189.SZ,20260410,6.5927,6.9529,,692224.0,
002266.SZ,20260410,1.1835,2.254,,2218190.3459,
300623.SZ,20260410,1.6535,2.6518,,2355618.2507,
603062.SH,20260410,4.3215,4.9513,,552852.0,
300585.SZ,20260410,3.2642,5.4711,,275146.6665,
601717.SH,20260410,0.9745,1.5572,,3610078.6585,
603030.SH,20260410,1.3348,1.7581,,316064.0448,
300735.SZ,20260410,1.1276,2.2197,,1687646.0551,
603202.SH,20260410,4.1165,4.1165,,1534560.0,
600699.SH,20260410,3.2148,5.1886,,4083178.8924,
600538.SH,20260410,2.5198,2.7974,,350688.6948,
301318.SZ,20260410,1.1021,2.303,,361653.9196,
300474.SZ,20260410,1.7796,2.1828,,3111674.8537,
301501.SZ,20260410,1.6952,1.6952,,552998.1,
300473.SZ,20260410,3.4303,4.4305,,565641.9667,
600727.SH,20260410,3.1499,4.7899,,378465.5247,
002871.SZ,20260410,1.5465,2.1417,,429662.6596,
301373.SZ,20260410,26.072,27.6307,,895762.5275,
600846.SH,20260410,0.2612,0.5944,,761584.288,
600928.SH,20260410,0.4406,1.6504,,1604444.4446,
920974.BJ,20260410,1.3894,1.5988,,122031.0,
002902.SZ,20260410,25.7899,29.6777,,659670.437,
301019.SZ,20260410,1.0822,1.3941,,344443.5604,
300640.SZ,20260410,3.2883,3.8392,,221116.3266,
002460.SZ,20260410,8.6304,9.6683,,17608039.6048,
002520.SZ,20260410,2.3666,3.1499,,414135.3344,
688111.SH,20260410,1.3527,3.1277,,10925851.2411,
600905.SH,20260410,0.3953,0.8577,,11749524.2084,
600346.SH,20260410,0.3668,1.4661,,16302555.1044,
920870.BJ,20260410,1.3645,2.4128,,188940.0,
600104.SH,20260410,0.3771,1.2413,,16265817.6682,
300319.SZ,20260410,3.001,3.868,,1057117.6939,
603220.SH,20260410,8.3306,11.5498,,1420246.6468,
300985.SZ,20260410,1.2224,4.4194,,400255.7821,
600495.SH,20260410,2.2019,3.2347,,543685.8987,
301263.SZ,20260410,1.1188,1.3948,,1167139.6425,
301103.SZ,20260410,1.1823,1.6591,,307203.4596,
300201.SZ,20260410,3.8548,5.1273,,1123065.5346,
605218.SH,20260410,0.8422,2.5731,,430996.1298,
002245.SZ,20260410,11.6666,13.505,,2206085.7467,
000703.SZ,20260410,1.6918,4.5639,,6075522.1529,
688005.SH,20260410,3.7616,5.1456,,2172765.4288,
920039.BJ,20260410,0.4502,1.3739,,146898.1,
601398.SH,20260410,0.0739,0.6388,,260532973.9321,
002031.SZ,20260410,2.0853,2.2582,,1357027.1284,
920261.BJ,20260410,0.5473,0.8164,,413408.5022,
300341.SZ,20260410,0.7644,2.0146,,761110.6043,
605123.SH,20260410,1.5865,3.6464,,1167966.228,
600717.SH,20260410,0.6779,1.5847,,1302300.4671,
301262.SZ,20260410,3.92,5.4548,,976614.0,
605068.SH,20260410,1.1297,3.3458,,414417.1547,
688033.SH,20260410,1.5426,2.0634,,466062.6361,
301667.SZ,20260410,37.2148,37.2148,,1009828.1928,
603280.SH,20260410,5.5959,5.5959,,385385.7012,
600481.SH,20260410,2.6968,4.5883,,1314883.655,
002845.SZ,20260410,1.8903,2.2339,,455624.4217,
002615.SZ,20260410,2.7977,3.562,,467442.7879,
301030.SZ,20260410,2.762,3.9251,,209061.9799,
920223.BJ,20260410,8.7058,13.793,,273990.47,
002056.SZ,20260410,2.1188,4.2421,,3053338.5629,
600188.SH,20260410,0.8934,3.4003,,19382374.9305,
002459.SZ,20260410,1.4639,2.7885,,3557941.4492,
688188.SH,20260410,0.9505,2.6844,,4102563.5327,
600416.SH,20260410,1.8249,2.8366,,1815212.3323,
300897.SZ,20260410,1.1644,2.0711,,350970.1694,
300119.SZ,20260410,1.4267,1.7979,,853289.6402,
603937.SH,20260410,4.2828,11.5952,,301846.8043,
301628.SZ,20260410,8.7352,10.5285,,785792.715,
600517.SH,20260410,0.4124,2.0217,,3671235.7476,
000572.SZ,20260410,2.6179,3.997,,939087.3992,
001256.SZ,20260410,4.944,38.9977,,339132.6629,
300493.SZ,20260410,1.9959,2.6214,,809270.7332,
002127.SZ,20260410,1.1247,1.2646,,692273.4536,
603333.SH,20260410,2.2944,4.1956,,494735.9585,
600821.SH,20260410,8.2765,10.9911,,1571892.6374,
600653.SH,20260410,0.9548,1.2991,,340616.5555,
002344.SZ,20260410,0.8494,1.8071,,581025.4829,
301162.SZ,20260410,1.9079,2.1825,,826659.5191,
920077.BJ,20260410,3.6085,4.8057,,1009637.3616,
300283.SZ,20260410,6.2814,7.3146,,412988.9025,
688156.SH,20260410,5.3233,7.3628,,243526.8316,
001369.SZ,20260410,13.9126,13.9126,,1812260.0,
002105.SZ,20260410,2.2155,4.3966,,233662.3641,
601728.SH,20260410,0.172,0.9299,,52982633.3067,
002461.SZ,20260410,0.6674,4.2079,,2193408.5237,
300501.SZ,20260410,4.7856,4.7856,,346239.7092,
002253.SZ,20260410,2.9062,3.5819,,245255.5653,
002360.SZ,20260410,4.0965,4.3631,,260349.7127,
300949.SZ,20260410,2.1282,4.2929,,227400.0,
301046.SZ,20260410,1.9122,3.2967,,420700.7374,
603988.SH,20260410,4.9216,10.4209,,637392.0,
688578.SH,20260410,0.8191,1.5925,,4351500.0,
001391.SZ,20260410,1.2507,1.3624,,6495124.8117,
300998.SZ,20260410,4.3608,6.7678,,346077.9673,
001218.SZ,20260410,1.4164,1.7735,,328700.1065,
603619.SH,20260410,7.9009,9.8408,,1653322.3365,
002439.SZ,20260410,1.2008,1.3219,,1569974.6657,
603037.SH,20260410,1.4903,2.2569,,357407.6207,
300078.SZ,20260410,2.2099,2.6574,,461681.231,
002946.SZ,20260410,0.4195,1.8796,,1569014.5301,
001267.SZ,20260410,10.0739,15.8876,,3447658.1011,
688023.SH,20260410,1.9499,2.6027,,504545.6624,
603496.SH,20260410,3.8861,5.2586,,923163.2476,
300177.SZ,20260410,1.4239,1.5405,,606497.7888,
603966.SH,20260410,4.54,7.0882,,543388.5539,
002739.SZ,20260410,1.3873,1.9823,,2090660.9209,
300572.SZ,20260410,3.2279,3.5093,,670937.2192,
002125.SZ,20260410,2.7485,4.7573,,838508.0806,
003017.SZ,20260410,3.2341,3.9069,,262500.0,
600748.SH,20260410,1.0737,2.5484,,951794.4523,
000965.SZ,20260410,1.6492,3.3969,,401758.784,
603275.SH,20260410,3.483,3.483,,676763.1502,
300838.SZ,20260410,2.4994,3.8703,,210278.472,
600323.SH,20260410,0.5391,0.995,,2388151.7906,
002088.SZ,20260410,0.4124,1.1621,,519280.057,
600103.SH,20260410,4.1622,5.7286,,876163.2581,
920663.BJ,20260410,5.0419,7.8464,,226505.057,
600192.SH,20260410,1.3327,2.2038,,370184.824,
300815.SZ,20260410,1.0006,1.7809,,846210.816,
600363.SH,20260410,1.4236,1.7795,,2348677.9361,
600743.SH,20260410,6.9667,15.2914,,621716.7316,
688339.SH,20260410,1.7916,2.2014,,575593.2698,
002561.SZ,20260410,1.0444,1.6443,,338015.319,
002590.SZ,20260410,1.0647,2.026,,647777.4913,
688275.SH,20260410,6.8518,11.5415,,1570300.9828,
000513.SZ,20260410,0.8571,1.476,,3053512.7611,
603136.SH,20260410,1.4415,2.692,,304702.9289,
688117.SH,20260410,1.8543,2.7819,,563127.0293,
600938.SH,20260410,1.4947,1.92,,181089124.679,
300496.SZ,20260410,2.5328,2.762,,2782596.9386,
600085.SH,20260410,0.3326,0.6995,,3812687.3284,
002953.SZ,20260410,1.808,2.4681,,574165.0289,
920839.BJ,20260410,1.6859,3.3791,,400731.8017,
002138.SZ,20260410,2.3674,2.5556,,2761640.3625,
002840.SZ,20260410,6.5666,11.3668,,1009125.3224,
002397.SZ,20260410,3.4533,5.2493,,295373.67,
688496.SH,20260410,3.555,7.5797,,256950.0,
300083.SZ,20260410,1.3007,1.3753,,1258636.1173,
300854.SZ,20260410,11.5636,18.4226,,333228.9375,
600560.SH,20260410,0.7867,1.4338,,328758.885,
301180.SZ,20260410,6.9854,15.9934,,802020.05,
000903.SZ,20260410,1.0892,1.6467,,489515.6357,
301235.SZ,20260410,6.8907,9.3019,,531339.7325,
002547.SZ,20260410,2.3695,3.2358,,356466.0651,
601965.SH,20260410,0.5772,1.5427,,1747321.6132,
603729.SH,20260410,2.233,3.1821,,156807.84,
000995.SZ,20260410,6.8702,10.6503,,237371.904,
002357.SZ,20260410,4.5743,6.5255,,362079.8366,
603701.SH,20260410,1.845,3.6291,,622825.4101,
300864.SZ,20260410,0.8787,3.1003,,323085.2574,
600403.SH,20260410,0.6531,4.2129,,1357981.4443,
601966.SH,20260410,0.5191,1.1417,,2070856.2964,
603444.SH,20260410,2.7179,4.6025,,2643908.4067,
000035.SZ,20260410,2.3317,3.723,,1580877.6931,
600197.SH,20260410,0.46,0.8113,,567809.6604,
603580.SH,20260410,1.9914,6.104,,230115.5052,
600516.SH,20260410,0.9194,1.4906,,2254543.4061,
300436.SZ,20260410,7.269,11.5402,,1788568.41,
603557.SH,20260410,1.6882,2.5103,,235659.1437,
603861.SH,20260410,3.1287,6.8744,,914032.7719,
920471.BJ,20260410,2.6427,4.404,,104332.8,
601222.SH,20260410,1.1221,1.8505,,1219620.1404,
301596.SZ,20260410,2.7449,3.2625,,529662.6192,
600261.SH,20260410,1.1546,2.1645,,499309.8093,
688182.SH,20260410,0.8925,3.0139,,1126400.0,
000629.SZ,20260410,0.9471,2.1259,,3112467.5281,
300433.SZ,20260410,1.8488,4.8945,,15904846.2413,
000813.SZ,20260410,1.0999,1.8524,,727695.6224,
603004.SH,20260410,3.5136,3.5136,,538869.76,
600722.SH,20260410,10.6358,24.1952,,974898.0957,
000422.SZ,20260410,3.5785,5.3922,,1746661.0475,
300466.SZ,20260410,1.0434,1.7147,,468053.1396,
600173.SH,20260410,3.7905,9.464,,504364.4957,
688484.SH,20260410,1.0532,1.4842,,1561825.8968,
300892.SZ,20260410,1.7042,2.8484,,277800.0,
603321.SH,20260410,1.2571,2.8189,,260620.4333,
600303.SH,20260410,2.4712,2.9401,,215335.3265,
301525.SZ,20260410,2.0017,2.245,,676404.0001,
000410.SZ,20260410,0.624,0.8919,,1764282.624,
300234.SZ,20260410,2.5157,2.9666,,301902.654,
603400.SH,20260410,4.1723,4.1723,,693900.0,
300599.SZ,20260410,9.5773,10.9446,,371382.435,
000554.SZ,20260410,5.9783,5.9783,,393288.9341,
002038.SZ,20260410,16.1253,21.6653,,774621.9,
000158.SZ,20260410,1.1867,1.8037,,2805572.3454,
002122.SZ,20260410,0.6021,0.9032,,584438.1679,
300223.SZ,20260410,5.0898,6.1395,,5383224.3058,
301183.SZ,20260410,17.2835,21.7616,,1492062.6296,
600177.SH,20260410,0.4028,0.9456,,3388982.9142,
002160.SZ,20260410,2.9046,4.9316,,526718.3952,
301439.SZ,20260410,2.1265,3.4152,,616337.2655,
002817.SZ,20260410,2.5116,4.1951,,241073.125,
603876.SH,20260410,3.5317,6.4426,,2249755.9227,
603611.SH,20260410,1.1277,1.7488,,531172.831,
688053.SH,20260410,0.9446,2.1829,,367500.0,
601229.SH,20260410,0.2509,0.3879,,13626448.1316,
603160.SH,20260410,1.4671,2.6381,,3196616.783,
301217.SZ,20260410,5.7456,20.7986,,3519170.9843,
300419.SZ,20260410,2.3292,2.7404,,271770.036,
301073.SZ,20260410,2.141,5.2695,,531629.1598,
603991.SH,20260410,2.5772,3.5304,,1602077.5676,
000803.SZ,20260410,4.4878,6.5166,,392155.0647,
688105.SH,20260410,0.2794,0.856,,796264.5571,
920101.BJ,20260410,1.0722,1.0722,,306669.7186,
601868.SH,20260410,1.6323,4.3634,,12608452.2243,
300339.SZ,20260410,2.2963,2.426,,3207942.8675,
600287.SH,20260410,1.2715,2.7271,,257709.6837,
688387.SH,20260410,3.2704,5.8218,,5121287.5,
600151.SH,20260410,6.9791,11.2067,,1967794.1378,
000536.SZ,20260410,1.6995,2.9294,,1203224.2693,
688269.SH,20260410,0.8417,1.1329,,503341.104,
002885.SZ,20260410,5.1735,7.4634,,672144.9976,
001388.SZ,20260410,2.5746,2.5746,,606840.0,
002289.SZ,20260410,0.4575,0.763,,742952.6462,
600901.SH,20260410,0.4864,1.23,,3921093.5738,
002353.SZ,20260410,3.3336,4.0084,,12026210.6144,
300435.SZ,20260410,2.7108,4.0952,,1046053.656,
300084.SZ,20260410,4.2453,4.5834,,519574.4768,
002365.SZ,20260410,2.2997,2.5461,,409608.675,
300653.SZ,20260410,1.0827,1.8942,,355680.0,
002206.SZ,20260410,1.4139,1.6077,,738001.5847,
603045.SH,20260410,6.7876,9.082,,463628.7656,
002363.SZ,20260410,7.0011,12.1288,,361448.226,
688535.SH,20260410,3.2921,5.068,,1152171.876,
600640.SH,20260410,0.4395,1.4353,,955630.8239,
002695.SZ,20260410,0.9477,2.5923,,604352.6651,
301315.SZ,20260410,4.9953,4.9953,,442640.0,
000628.SZ,20260410,6.4451,7.4947,,1989325.16,
003029.SZ,20260410,1.6196,2.5384,,414928.1465,
300571.SZ,20260410,13.2067,16.8666,,482349.3124,
000338.SZ,20260410,2.5409,2.5804,,23523472.1592,
688512.SH,20260410,2.6452,2.6452,,573750.7205,
002735.SZ,20260410,2.625,3.0159,,558753.7316,
603096.SH,20260410,1.3563,3.3757,,274074.9268,
688596.SH,20260410,1.6833,2.0347,,892688.0069,
301491.SZ,20260410,1.9147,1.9147,,648870.0,
300547.SZ,20260410,22.2028,25.5092,,858514.6367,
603391.SH,20260410,6.8071,6.8071,,631176.0,
003043.SZ,20260410,2.0072,2.8602,,734332.9576,
300062.SZ,20260410,3.312,3.8191,,484421.8375,
603185.SH,20260410,1.7726,3.2254,,1597033.5631,
300725.SZ,20260410,4.579,4.8254,,888234.0885,
600753.SH,20260410,1.9567,3.3507,,286732.4329,
002972.SZ,20260410,4.0604,5.4974,,322271.528,
300670.SZ,20260410,2.8501,3.7063,,200610.6632,
000926.SZ,20260410,1.5135,1.9202,,324964.8139,
688651.SH,20260410,3.1973,3.1973,,286968.594,
603900.SH,20260410,1.319,2.5222,,259966.5907,
688697.SH,20260410,0.3953,1.0058,,671365.4018,
920026.BJ,20260410,3.673,5.8761,,288583.5969,
603797.SH,20260410,0.8862,2.0889,,269851.2289,
603137.SH,20260410,1.9425,1.9425,,245679.4676,
688623.SH,20260410,3.1153,3.1153,,517912.6239,
688067.SH,20260410,1.795,3.4228,,182580.0,
301260.SZ,20260410,0.7624,1.3918,,739124.2374,
603738.SH,20260410,9.494,13.2126,,987100.2045,
002497.SZ,20260410,5.6687,6.078,,2788048.7359,
000711.SZ,20260410,6.5382,7.2095,,1020984.3987,
002073.SZ,20260410,2.2696,2.666,,737290.4782,
300252.SZ,20260410,7.5198,8.023,,939596.2904,
603928.SH,20260410,1.0183,3.0827,,392071.68,
301257.SZ,20260410,3.5143,6.0092,,473396.5818,
600843.SH,20260410,1.1932,1.5388,,672515.9906,
600135.SH,20260410,2.863,5.271,,545007.4925,
002239.SZ,20260410,1.8453,2.4077,,1008774.2401,
603668.SH,20260410,3.1452,4.7413,,718737.1562,
300227.SZ,20260410,6.5447,7.322,,756883.6666,
002149.SZ,20260410,8.1023,11.9566,,2228698.1608,
600543.SH,20260410,1.1209,1.771,,153816.48,
000908.SZ,20260410,2.6383,3.5337,,1266875.0654,
301326.SZ,20260410,2.0926,6.5648,,1105260.5753,
600339.SH,20260410,2.8827,10.3689,,2501250.067,
002307.SZ,20260410,3.429,6.3907,,755140.8076,
301065.SZ,20260410,1.877,3.2697,,249359.04,
300265.SZ,20260410,15.3688,24.714,,898729.7659,
301507.SZ,20260410,2.7156,2.7156,,506663.7029,
300695.SZ,20260410,1.962,6.7422,,736249.8528,
300214.SZ,20260410,1.734,2.9279,,333800.0769,
920522.BJ,20260410,3.5382,4.61,,785321.1072,
300446.SZ,20260410,3.4234,3.9965,,1734781.5478,
688272.SH,20260410,5.5249,11.9026,,405080.0,
605001.SH,20260410,0.988,1.98,,294271.614,
600796.SH,20260410,2.445,3.6346,,547682.2041,
002979.SZ,20260410,3.724,4.8695,,1233002.8245,
600760.SH,20260410,0.6503,1.9811,,13812581.4466,
002907.SZ,20260410,1.6853,6.7847,,591733.9769,
002951.SZ,20260410,1.7726,10.4885,,603450.0,
688101.SH,20260410,0.5018,1.5489,,544831.8003,
605589.SH,20260410,4.9268,6.6083,,3090164.4062,
920149.BJ,20260410,0.8034,1.1545,,77477.4613,
301486.SZ,20260410,15.849,20.5633,,2154248.5373,
000589.SZ,20260410,1.0901,1.3985,,716681.8963,
603396.SH,20260410,2.8006,4.7625,,475010.7221,
301348.SZ,20260410,4.8359,4.8359,,586800.0,
301372.SZ,20260410,12.9903,14.6069,,212160.0044,
688392.SH,20260410,2.3081,3.7148,,1486363.5425,
000676.SZ,20260410,1.254,1.6712,,978856.2201,
300989.SZ,20260410,2.2558,3.0473,,304625.5671,
920035.BJ,20260410,1.8072,1.8072,,185120.0,
300819.SZ,20260410,7.1758,17.82,,694101.66,
001378.SZ,20260410,1.6699,1.6699,,317867.3024,
688505.SH,20260410,0.5748,1.323,,817855.3869,
605158.SH,20260410,0.461,1.6765,,386122.1,
688193.SH,20260410,0.7902,1.4472,,207842.4157,
300612.SZ,20260410,3.5294,4.4512,,271764.471,
300235.SZ,20260410,4.3388,5.5306,,347158.6097,
600360.SH,20260410,0.7695,0.9906,,874829.0219,
300161.SZ,20260410,0.9533,1.4184,,561517.4564,
001282.SZ,20260410,15.0709,20.7819,,487697.392,
600580.SH,20260410,2.4774,4.0584,,5921987.4842,
600682.SH,20260410,2.4619,4.5183,,988672.1824,
603298.SH,20260410,0.5792,1.5048,,3336091.2888,
300745.SZ,20260410,2.4313,2.7386,,434227.3555,
603936.SH,20260410,5.4281,7.0298,,873101.2355,
002090.SZ,20260410,1.4352,1.82,,435827.8532,
920422.BJ,20260410,5.6107,12.2085,,104675.0459,
920640.BJ,20260410,2.6235,5.0997,,646722.96,
688615.SH,20260410,3.4249,3.6996,,2451680.0,
603418.SH,20260410,1.7269,1.7269,,977698.6004,
301678.SZ,20260410,4.3803,4.3803,,1490993.2266,
002536.SZ,20260410,14.5484,22.2708,,1972090.3817,
688273.SH,20260410,2.8891,7.3319,,411800.0,
301001.SZ,20260410,2.3056,3.936,,227760.0,
601226.SH,20260410,1.3553,3.6699,,1065759.1329,
688265.SH,20260410,1.2222,3.942,,346937.6329,
300112.SZ,20260410,2.0709,2.3194,,230439.3598,
002104.SZ,20260410,12.2706,12.325,,1154592.821,
002415.SZ,20260410,0.6886,1.747,,29061807.6851,
300016.SZ,20260410,4.7079,5.9846,,573004.8799,
002516.SZ,20260410,0.7681,1.4507,,831023.8553,
002335.SZ,20260410,5.9896,7.9501,,3063105.6457,
301539.SZ,20260410,1.615,2.5859,,287712.0,
603811.SH,20260410,2.4243,3.2689,,395710.9229,
301268.SZ,20260410,1.1718,2.8989,,898891.1123,
002586.SZ,20260410,0.8442,1.4694,,542362.0404,
301165.SZ,20260410,1.0663,8.8861,,7194090.905,
000850.SZ,20260410,0.8069,1.5058,,467114.1795,
300241.SZ,20260410,7.1032,7.5892,,471277.569,
688378.SH,20260410,1.3297,1.9296,,963351.7293,
603193.SH,20260410,7.7101,7.898,,1009055.7251,
920000.BJ,20260410,0.9964,1.8577,,147421.44,
301383.SZ,20260410,2.1491,3.3191,,460030.7712,
300221.SZ,20260410,2.392,2.392,,465700.8554,
300465.SZ,20260410,4.4093,6.0717,,678049.0175,
600689.SH,20260410,1.2382,1.8838,,265509.5641,
301550.SZ,20260410,3.5962,5.1433,,3880563.225,
603615.SH,20260410,1.8047,3.858,,451961.58,
300346.SZ,20260410,4.5487,5.2236,,3284377.6031,
601857.SH,20260410,0.0973,1.3888,,219442152.4038,
603707.SH,20260410,1.102,3.478,,1609181.2636,
601500.SH,20260410,0.6332,0.7819,,680227.1346,
001205.SZ,20260410,1.3403,1.5413,,270349.0819,
300486.SZ,20260410,2.6997,3.7594,,1187623.7017,
920050.BJ,20260410,2.3067,2.4438,,215558.6788,
688389.SH,20260410,0.5283,0.831,,536892.6197,
600977.SH,20260410,1.9579,5.9992,,2598864.0,
601218.SH,20260410,4.933,6.7755,,580451.0737,
300926.SZ,20260410,2.8704,6.1667,,1121413.9689,
300046.SZ,20260410,2.7552,3.7395,,748621.7892,
600053.SH,20260410,1.3868,5.2387,,643374.5472,
300224.SZ,20260410,2.0909,3.4856,,1374644.5159,
002514.SZ,20260410,1.9201,2.4193,,308894.6993,
600880.SH,20260410,1.6187,2.5135,,529172.7325,
300140.SZ,20260410,2.1453,2.1453,,1958610.3541,
301503.SZ,20260410,2.097,2.6589,,286640.0,
300100.SZ,20260410,1.5416,2.9237,,1758275.5576,
920180.BJ,20260410,3.5539,3.7169,,196320.5025,
688196.SH,20260410,1.7558,6.2308,,768232.4018,
300483.SZ,20260410,7.457,9.1644,,757483.8195,
603370.SH,20260410,2.997,2.997,,766980.8,
600367.SH,20260410,6.8858,10.2212,,695224.7783,
301487.SZ,20260410,6.7133,7.3309,,977144.5472,
600251.SH,20260410,1.0655,1.9215,,864016.8643,
002943.SZ,20260410,4.8968,5.4192,,957730.3578,
688343.SH,20260410,3.168,4.6374,,3020668.392,
688314.SH,20260410,4.1974,11.3873,,417406.8657,
002991.SZ,20260410,0.9037,1.2709,,477917.5655,
300428.SZ,20260410,1.2938,3.0939,,1467830.105,
300370.SZ,20260410,1.4461,2.2271,,397605.5612,
600088.SH,20260410,0.8312,1.928,,582639.876,
300380.SZ,20260410,2.9062,4.7728,,486613.2608,
002409.SZ,20260410,3.0259,3.6226,,4065850.1532,
301538.SZ,20260410,4.8402,5.6146,,640214.4,
600558.SH,20260410,1.4798,2.2211,,491887.4474,
002208.SZ,20260410,2.7143,6.6786,,962343.689,
002254.SZ,20260410,1.4102,2.2125,,915337.0714,
601068.SH,20260410,1.0792,9.3348,,1870385.5031,
301057.SZ,20260410,1.9696,2.8888,,378045.2236,
300120.SZ,20260410,1.3032,1.4067,,427349.0832,
603880.SH,20260410,1.9228,3.6449,,188744.426,
603595.SH,20260410,0.9341,1.8486,,362842.4709,
300218.SZ,20260410,1.4539,2.2999,,343707.408,
920119.BJ,20260410,3.0523,3.0523,,621269.8219,
000560.SZ,20260410,2.3921,3.2317,,683095.2468,
301555.SZ,20260410,3.646,4.4656,,312784.113,
688619.SH,20260410,3.8905,8.2626,,287243.5271,
300182.SZ,20260410,6.1985,6.6552,,1576984.7741,
603956.SH,20260410,1.1793,2.0998,,323706.7704,
688287.SH,20260410,5.951,12.0704,,55206.8244,
001222.SZ,20260410,0.8543,1.1994,,373953.51,
300338.SZ,20260410,2.148,2.3834,,145750.1385,
002222.SZ,20260410,9.6935,11.9184,,4019697.0,
002240.SZ,20260410,6.7584,9.1122,,3732568.41,
603055.SH,20260410,0.9751,3.2842,,872487.384,
600285.SH,20260410,1.0408,1.3263,,1229506.3736,
002062.SZ,20260410,1.2909,2.0355,,904445.0199,
600854.SH,20260410,1.4863,2.1922,,266482.23,
688308.SH,20260410,8.5283,13.053,,1514777.4943,
000626.SZ,20260410,1.919,4.698,,436205.7299,
603042.SH,20260410,21.7335,28.2183,,353137.0582,
688377.SH,20260410,1.8415,2.8722,,755603.0468,
002017.SZ,20260410,5.1826,9.2942,,1145772.5884,
000525.SZ,20260410,5.2609,6.6881,,809261.454,
000600.SZ,20260410,1.6736,2.9633,,1630123.8759,
600322.SH,20260410,1.5896,2.0886,,257628.1,
600448.SH,20260410,2.9132,3.5804,,205321.2098,
688253.SH,20260410,1.2855,2.5397,,493417.5062,
603377.SH,20260410,0.6626,1.043,,261129.1705,
002487.SZ,20260410,3.4001,5.6066,,4859650.0394,
300263.SZ,20260410,3.3101,3.8567,,1016376.1886,
603421.SH,20260410,4.6937,9.453,,548492.2198,
688006.SH,20260410,2.0891,5.996,,1747630.88,
603258.SH,20260410,1.2725,2.3995,,438770.1633,
300146.SZ,20260410,0.8991,1.0684,,1852386.3489,
920505.BJ,20260410,4.6798,9.4455,,263038.6452,
601801.SH,20260410,0.5311,2.4164,,1278529.0978,
920221.BJ,20260410,1.4285,2.3799,,166749.48,
300879.SZ,20260410,2.1929,4.225,,502151.5047,
603190.SH,20260410,2.7873,2.8283,,314214.42,
688711.SH,20260410,1.8572,2.2574,,584087.4415,
920833.BJ,20260410,1.5671,2.7041,,124363.6,
601991.SH,20260410,1.046,3.8605,,7051056.702,
002129.SZ,20260410,1.7682,2.5237,,3489208.9121,
300645.SZ,20260410,1.9906,2.828,,245275.8449,
600572.SH,20260410,1.1972,1.7589,,1121307.6523,
300386.SZ,20260410,3.8242,4.7099,,612434.46,
600233.SH,20260410,0.6154,1.2825,,7016549.8379,
603319.SH,20260410,4.2264,5.525,,1128690.1284,
603110.SH,20260410,4.3531,5.3639,,326993.4395,
600667.SH,20260410,5.5478,8.3448,,1991148.1535,
920278.BJ,20260410,2.0038,2.2252,,136284.5,
688416.SH,20260410,5.0072,7.7034,,638313.7484,
002218.SZ,20260410,6.382,10.3612,,804139.3851,
603178.SH,20260410,0.8148,2.088,,366911.2393,
920493.BJ,20260410,3.752,4.8579,,873608.3046,
600731.SH,20260410,2.0928,2.7625,,384414.7822,
603600.SH,20260410,0.9306,1.9275,,350589.5934,
600779.SH,20260410,0.4828,1.3145,,1599497.9926,
301687.SZ,20260410,7.2899,7.2899,,782785.12,
601456.SH,20260410,1.0683,1.6613,,5265909.5312,
002664.SZ,20260410,1.5873,3.2509,,856403.6,
603301.SH,20260410,1.3605,3.0054,,2157715.8918,
300377.SZ,20260410,7.1193,8.3799,,1372833.6302,
301590.SZ,20260410,8.0216,8.0216,,768941.4455,
000517.SZ,20260410,0.6926,2.3451,,611313.1171,
002546.SZ,20260410,2.0147,3.2628,,751478.2355,
300899.SZ,20260410,2.6129,3.1634,,242377.1708,
301680.SZ,20260410,15.6116,15.6116,,843814.8,
600497.SH,20260410,1.5294,2.5728,,4148233.1375,
002917.SZ,20260410,3.059,4.5293,,489788.4036,
002641.SZ,20260410,0.6551,1.5943,,505157.581,
600127.SH,20260410,8.9722,11.4058,,467859.9659,
601011.SH,20260410,1.5338,2.2322,,634084.9624,
300129.SZ,20260410,3.8322,4.0345,,1366107.1978,
600185.SH,20260410,0.982,1.7839,,1087648.3437,
600738.SH,20260410,1.5106,3.1281,,367724.919,
603999.SH,20260410,1.1555,2.7405,,405504.0,
600751.SH,20260410,2.1213,4.1854,,1087251.6686,
920270.BJ,20260410,1.3839,3.977,,164770.2,
002622.SZ,20260410,1.7215,2.2595,,218400.0,
002916.SZ,20260410,3.4421,9.602,,17848608.2888,
600576.SH,20260410,1.6438,2.4474,,612692.6436,
600775.SH,20260410,2.8188,4.3133,,1226371.3059,
300092.SZ,20260410,2.9376,3.8384,,450329.8575,
600710.SH,20260410,1.2652,3.2,,1735363.2484,
688519.SH,20260410,3.5816,8.9073,,3215188.8724,
300818.SZ,20260410,1.8072,2.2015,,623445.9992,
600798.SH,20260410,2.6279,4.8501,,452450.3254,
300464.SZ,20260410,4.9646,7.2399,,375412.1237,
601528.SH,20260410,0.6122,0.6367,,1028172.571,
601588.SH,20260410,1.8441,3.6633,,599329.56,
301201.SZ,20260410,22.1998,30.4723,,716479.7189,
600761.SH,20260410,1.2468,1.9431,,1561384.41,
300070.SZ,20260410,0.7647,1.3635,,1420690.0703,
300981.SZ,20260410,3.9498,12.9725,,598695.4828,
300407.SZ,20260410,1.9687,2.5133,,409011.7501,
301307.SZ,20260410,14.3676,16.1759,,848928.6,
601727.SH,20260410,0.7474,1.712,,12447637.4304,
600897.SH,20260410,0.7741,2.4189,,682520.958,
002131.SZ,20260410,8.4567,8.8904,,5410651.1837,
002008.SZ,20260410,4.7188,5.8513,,7881614.0882,
002717.SZ,20260410,2.1153,2.2584,,298518.3035,
601211.SH,20260410,1.5897,1.966,,30180721.0192,
300258.SZ,20260410,2.5015,3.9552,,720193.1561,
001255.SZ,20260410,1.3722,3.5576,,320364.1335,
300978.SZ,20260410,2.0357,2.5082,,463282.2019,
688786.SH,20260410,1.6749,2.7186,,448080.8093,
600711.SH,20260410,3.5415,4.3164,,4385577.7909,
603719.SH,20260410,0.8433,1.9333,,413030.0,
300730.SZ,20260410,5.3862,6.9493,,353027.4184,
000100.SZ,20260410,1.8172,1.8752,,9027574.302,
300272.SZ,20260410,4.1461,5.1113,,495290.2723,
600239.SH,20260410,0.9481,1.6093,,330771.5033,
000759.SZ,20260410,2.1513,3.3794,,364354.9745,
000539.SZ,20260410,2.3504,7.3584,,2819402.5005,
002818.SZ,20260410,0.5447,1.0949,,801599.5247,
000548.SZ,20260410,2.0446,3.0207,,262587.5166,
301211.SZ,20260410,0.9945,3.2152,,507384.0,
920368.BJ,20260410,3.8808,6.2296,,797079.5938,
002339.SZ,20260410,3.509,4.2227,,518206.8577,
300522.SZ,20260410,6.9961,11.5352,,419831.8621,
301096.SZ,20260410,3.9266,4.6371,,598898.6812,
920961.BJ,20260410,1.6179,2.07,,319819.8974,
688353.SH,20260410,4.5882,10.1106,,1934735.0,
002989.SZ,20260410,1.1319,2.3246,,523190.5124,
301153.SZ,20260410,2.2623,5.2924,,880269.687,
603172.SH,20260410,3.1147,3.5958,,282765.6,
600605.SH,20260410,1.3071,2.2884,,567070.3973,
688521.SH,20260410,3.876,5.0938,,13042698.7704,
688187.SH,20260410,0.5498,1.848,,6958127.6631,
300200.SZ,20260410,2.0898,2.9388,,408562.5993,
002866.SZ,20260410,15.561,19.3877,,641870.8416,
002647.SZ,20260410,1.4305,1.5196,,1069255.9075,
002890.SZ,20260410,1.5263,2.59,,279954.2637,
600129.SH,20260410,1.1463,1.8826,,908185.7507,
603029.SH,20260410,1.8225,4.3803,,225210.752,
688166.SH,20260410,2.8458,4.6271,,2244992.2329,
000957.SZ,20260410,2.9264,4.3707,,675910.487,
002905.SZ,20260410,2.3649,8.7838,,357880.32,
300878.SZ,20260410,0.8027,2.8799,,397015.0629,
688228.SH,20260410,2.4017,5.4097,,725360.0609,
001287.SZ,20260410,6.8087,13.6914,,2007656.0563,
600987.SH,20260410,1.3719,2.9507,,780926.4378,
603158.SH,20260410,10.1338,16.3514,,631621.1805,
603310.SH,20260410,0.5351,0.7613,,566702.94,
301177.SZ,20260410,0.2301,2.3007,,1135178.6238,
688469.SH,20260410,1.3029,1.3029,,5490660.0977,
603221.SH,20260410,0.9196,3.1706,,281221.0,
600116.SH,20260410,0.6901,1.4853,,1240980.7447,
605555.SH,20260410,0.9835,2.678,,744014.1145,
002100.SZ,20260410,2.1661,3.0251,,1044417.409,
920807.BJ,20260410,3.3771,4.8757,,213345.24,
600172.SH,20260410,10.8009,14.6553,,1217203.6977,
920163.BJ,20260410,0.9409,1.6202,,161537.5258,
605300.SH,20260410,0.3994,1.3668,,491204.8834,
920207.BJ,20260410,7.8776,11.7538,,269393.79,
002074.SZ,20260410,6.0419,9.9985,,7040575.6733,
301419.SZ,20260410,15.2989,29.8062,,540000.0,
002693.SZ,20260410,1.2688,2.4909,,331337.1103,
600215.SH,20260410,1.0094,1.439,,307025.2954,
301287.SZ,20260410,7.4386,7.4386,,280280.68,
300779.SZ,20260410,2.4325,2.9541,,1961726.474,
300434.SZ,20260410,2.2333,3.7972,,407770.0301,
000695.SZ,20260410,8.4725,12.0854,,311706.627,
920112.BJ,20260410,0.5815,0.5815,,275847.35,
000905.SZ,20260410,3.3527,7.0078,,1738181.018,
301332.SZ,20260410,0.7071,0.9573,,430637.8125,
301278.SZ,20260410,4.1565,5.061,,342685.1063,
920725.BJ,20260410,4.9539,7.7913,,274098.825,
920068.BJ,20260410,2.5817,2.5817,,1373482.0314,
000573.SZ,20260410,9.2344,11.6506,,291055.9554,
300521.SZ,20260410,1.863,2.4713,,403971.54,
600639.SH,20260410,1.011,2.9026,,1214450.7502,
301149.SZ,20260410,7.1468,9.0952,,551260.0231,
600835.SH,20260410,1.3576,3.471,,2301163.443,
000973.SZ,20260410,8.0591,8.0591,,4454325.02,
000501.SZ,20260410,0.7755,1.3606,,657488.785,
000822.SZ,20260410,3.9514,6.6228,,528104.2363,
688588.SH,20260410,1.127,2.1177,,482812.0736,
300812.SZ,20260410,18.4931,24.5932,,545319.8739,
301205.SZ,20260410,13.5317,19.6574,,3163807.44,
600386.SH,20260410,1.0523,2.3385,,325785.6,
605116.SH,20260410,2.3164,8.2205,,1108067.8624,
002651.SZ,20260410,0.9316,1.7734,,975586.24,
300971.SZ,20260410,2.0936,2.3777,,271068.0,
300808.SZ,20260410,2.322,4.4982,,421760.0,
603809.SH,20260410,1.0181,1.4847,,996672.778,
603010.SH,20260410,3.8647,7.5377,,734213.0177,
600107.SH,20260410,0.8035,1.0255,,207000.0,
603279.SH,20260410,1.2459,2.2628,,1059373.574,
002737.SZ,20260410,0.4825,1.1145,,715400.0,
002193.SZ,20260410,6.1519,8.3863,,168544.8142,
603393.SH,20260410,2.1976,3.8954,,1434973.6919,
301009.SZ,20260410,1.3061,1.851,,318076.2,
002313.SZ,20260410,1.1963,2.1142,,324230.4,
002385.SZ,20260410,1.5443,1.6212,,1698531.0332,
002426.SZ,20260410,3.1766,3.6957,,1211334.8261,
603919.SH,20260410,0.7951,1.9997,,894806.6347,
300778.SZ,20260410,1.701,3.9279,,250705.0193,
600027.SH,20260410,0.8198,1.9129,,5318192.5763,
300353.SZ,20260410,1.7961,1.8725,,1202730.4752,
603755.SH,20260410,1.1256,3.0939,,283612.9466,
301023.SZ,20260410,3.0262,3.7365,,312666.6,
600959.SH,20260410,2.1369,4.5059,,1980284.2037,
002163.SZ,20260410,2.5493,3.5547,,1075631.3647,
002065.SZ,20260410,1.3541,1.9203,,2673372.3008,
688041.SH,20260410,1.2675,3.3152,,53882805.6256,
603016.SH,20260410,3.5354,7.828,,630272.64,
920856.BJ,20260410,1.0528,1.7701,,124901.2626,
002926.SZ,20260410,0.9886,1.8363,,2223375.0,
000776.SZ,20260410,1.516,3.0659,,14765483.4793,
600265.SH,20260410,0.3112,0.872,,265960.2,
600702.SH,20260410,1.038,1.4887,,1499744.2677,
002201.SZ,20260410,6.7173,10.2531,,751988.2221,
603722.SH,20260410,0.9116,1.5675,,336254.9364,
301398.SZ,20260410,3.4751,3.8655,,567504.0,
600824.SH,20260410,0.6606,1.095,,423718.8833,
600011.SH,20260410,0.4645,1.1674,,10737495.8576,
301208.SZ,20260410,2.5315,3.3366,,408720.2044,
600305.SH,20260410,0.3423,0.5873,,833173.0606,
600292.SH,20260410,2.0442,3.6334,,6373200.0225,
920781.BJ,20260410,1.4628,1.5936,,115770.7234,
600406.SH,20260410,0.7581,1.7661,,21171709.2272,
000055.SZ,20260410,1.5775,2.0933,,376929.8537,
000997.SZ,20260410,3.1719,4.5744,,2044431.5925,
000049.SZ,20260410,7.0626,12.9599,,1033139.1023,
301213.SZ,20260410,2.2464,4.2787,,546959.9932,
002440.SZ,20260410,5.5717,8.349,,1376899.8836,
920892.BJ,20260410,0.4658,1.4337,,249224.0294,
605196.SH,20260410,2.2325,3.4369,,2411422.1235,
600935.SH,20260410,0.9266,2.5768,,966984.5371,
002591.SZ,20260410,3.9919,4.6483,,203835.4496,
600820.SH,20260410,0.402,0.6686,,1914754.5212,
301169.SZ,20260410,2.3765,6.1277,,405660.2582,
000690.SZ,20260410,2.7132,3.3324,,1003084.3044,
000733.SZ,20260410,1.4483,2.0994,,2564696.1267,
600551.SH,20260410,0.9861,2.6012,,552615.0198,
002020.SZ,20260410,1.6952,2.2548,,1369897.3617,
300757.SZ,20260410,4.7623,7.1273,,8279840.6834,
603011.SH,20260410,3.173,4.8832,,1048653.0209,
300484.SZ,20260410,2.2105,2.4003,,355078.9246,
920183.BJ,20260410,4.126,4.126,,185381.224,
605198.SH,20260410,0.7408,4.2863,,1410273.36,
605050.SH,20260410,2.2283,6.1242,,636242.4727,
300166.SZ,20260410,19.7974,21.144,,1809466.9936,
600571.SH,20260410,2.2683,2.8326,,631861.3087,
002091.SZ,20260410,1.9939,3.5232,,1510519.9562,
920914.BJ,20260410,2.3362,4.0281,,240230.376,
300321.SZ,20260410,1.1356,2.3795,,306004.8,
002861.SZ,20260410,4.9591,5.9404,,296564.0675,
300668.SZ,20260410,9.216,14.8882,,613703.7298,
920058.BJ,20260410,2.0301,3.9887,,157966.118,
920634.BJ,20260410,1.5777,3.3517,,128712.2547,
688710.SH,20260410,1.9386,2.7015,,988408.0808,
301305.SZ,20260410,5.9222,5.9336,,634671.4047,
001260.SZ,20260410,1.0188,3.6901,,242075.0,
603273.SH,20260410,2.147,2.147,,389407.4478,
688158.SH,20260410,11.5114,12.2173,,2031470.2206,
600241.SH,20260410,3.2895,6.4042,,283707.2389,
601766.SH,20260410,0.613,1.5312,,18051585.5114,
688420.SH,20260410,1.6681,1.6681,,218952.68,
300960.SZ,20260410,1.2849,4.5518,,336988.4702,
688048.SH,20260410,12.3701,18.8227,,4219965.5555,
601169.SH,20260410,0.3104,0.4486,,11396068.5226,
001358.SZ,20260410,1.8152,1.9775,,325494.4,
300351.SZ,20260410,2.7362,3.7328,,608637.1576,
001331.SZ,20260410,6.8513,27.8434,,1649128.32,
688327.SH,20260410,2.1792,2.1792,,1340766.1393,
300139.SZ,20260410,10.8658,11.5155,,1574130.0,
600171.SH,20260410,1.328,1.7739,,1942449.8502,
601579.SH,20260410,3.2639,7.8915,,885568.9164,
600476.SH,20260410,3.6451,6.0087,,172989.18,
300492.SZ,20260410,1.123,3.2321,,1117148.4094,
600352.SH,20260410,1.3378,1.7852,,4567677.9314,
688230.SH,20260410,0.6972,2.7887,,750993.6,
600706.SH,20260410,1.8892,2.8216,,241031.4968,
300260.SZ,20260410,4.5561,7.2849,,1997437.4713,
301517.SZ,20260410,17.2934,28.1796,,988487.5157,
301193.SZ,20260410,1.4348,3.2589,,449886.9496,
300101.SZ,20260410,1.7912,2.5336,,1172725.2705,
000669.SZ,20260410,4.581,5.7774,,339523.9897,
605389.SH,20260410,0.3782,1.5184,,1043190.3868,
600477.SH,20260410,1.5364,2.5181,,740716.0889,
000928.SZ,20260410,3.0169,5.8755,,995643.367,
002969.SZ,20260410,6.2177,12.5969,,2599040.8499,
688337.SH,20260410,5.9348,15.0247,,1022105.9264,
688091.SH,20260410,1.7737,3.2729,,1183998.4499,
002662.SZ,20260410,2.9379,5.0676,,624000.0,
600482.SH,20260410,1.97,3.9196,,9172788.3122,
603713.SH,20260410,1.3176,2.4877,,940226.8285,
301210.SZ,20260410,4.2494,4.2494,,441952.8719,
300798.SZ,20260410,9.7977,12.5408,,481993.295,
688538.SH,20260410,0.9317,1.1988,,3189980.0914,
002888.SZ,20260410,2.875,4.25,,273435.599,
301173.SZ,20260410,1.7031,1.7031,,378304.363,
000791.SZ,20260410,1.5276,3.7625,,2358271.4924,
002625.SZ,20260410,0.9912,1.3769,,8392119.7225,
600373.SH,20260410,0.4217,0.9601,,1156033.7809,
300507.SZ,20260410,1.2929,2.0045,,675745.9895,
301273.SZ,20260410,3.1588,5.8033,,220441.794,
002771.SZ,20260410,8.1613,8.3344,,339398.3138,
920427.BJ,20260410,1.7796,3.0072,,123404.715,
600594.SH,20260410,20.0874,26.23,,380917.0794,
603993.SH,20260410,1.334,3.2803,,40563612.0937,
301037.SZ,20260410,2.4361,4.1863,,204515.6101,
600060.SH,20260410,0.684,1.3111,,2957067.1276,
603156.SH,20260410,0.414,1.0231,,3824942.4128,
601598.SH,20260410,0.5399,2.6992,,4505115.7706,
300275.SZ,20260410,1.2334,1.2892,,344041.661,
920608.BJ,20260410,0.9024,1.1882,,103131.68,
301630.SZ,20260410,25.986,25.986,,952000.0,
301500.SZ,20260410,19.1297,19.1297,,1389145.3514,
300598.SZ,20260410,1.3685,1.8637,,811728.6931,
600577.SH,20260410,2.1987,2.5977,,2691018.6453,
688798.SH,20260410,1.4303,1.7096,,1576415.8366,
920260.BJ,20260410,1.8486,4.297,,104171.3,
601003.SH,20260410,0.4926,2.8998,,1209107.7929,
601001.SH,20260410,1.1633,2.7342,,2768299.8,
300832.SZ,20260410,0.5481,1.0809,,3645735.1624,
600400.SH,20260410,1.3025,3.4945,,467439.8578,
688213.SH,20260410,2.2624,2.4701,,3779672.1511,
301393.SZ,20260410,15.2155,15.2155,,589248.0,
600111.SH,20260410,2.2871,3.6906,,18707965.7324,
688410.SH,20260410,1.1081,2.0321,,521907.8157,
300621.SZ,20260410,2.1545,3.5404,,172895.1177,
300919.SZ,20260410,2.8519,6.4026,,5474959.5161,
301125.SZ,20260410,1.377,2.6174,,285075.1771,
600776.SH,20260410,2.0598,4.7984,,1950568.0994,
600231.SH,20260410,0.9585,3.1868,,591174.3185,
301102.SZ,20260410,0.5923,2.3691,,438480.0,
600155.SH,20260410,2.0178,2.2546,,1403385.9304,
600110.SH,20260410,17.8117,25.3959,,1714358.7608,
300266.SZ,20260410,1.0984,1.8612,,391559.4431,
603967.SH,20260410,1.0974,3.2311,,455866.7237,
000159.SZ,20260410,1.8879,2.4462,,311003.8375,
001396.SZ,20260410,4.7494,4.7494,,493568.4547,
688030.SH,20260410,0.8336,1.4412,,271435.2172,
002418.SZ,20260410,12.6466,16.3458,,646611.6,
603660.SH,20260410,3.1963,4.1357,,551603.0321,
301189.SZ,20260410,9.0831,24.8851,,667184.5374,
600778.SH,20260410,1.9431,3.1582,,199665.9566,
688665.SH,20260410,0.5368,1.7025,,469836.0393,
300881.SZ,20260410,10.1368,19.2446,,525580.0,
002120.SZ,20260410,0.6785,1.5358,,1948263.2911,
688680.SH,20260410,2.6485,3.9376,,482976.2421,
600817.SH,20260410,1.5439,5.2794,,647431.476,
920810.BJ,20260410,0.7165,1.2195,,107887.5,
002542.SZ,20260410,1.0623,1.8182,,438886.3673,
300608.SZ,20260410,8.0082,12.2538,,412725.0113,
300889.SZ,20260410,5.9027,6.7418,,581179.2641,
603108.SH,20260410,1.5113,2.1051,,770929.1665,
920011.BJ,20260410,34.1323,34.1323,,206997.3342,
002850.SZ,20260410,2.3634,2.7113,,5057256.2471,
002777.SZ,20260410,1.5768,2.5707,,671131.8265,
600211.SH,20260410,0.8307,1.8368,,1362120.9223,
688345.SH,20260410,5.6859,20.0141,,512119.9185,
002388.SZ,20260410,2.3202,2.6089,,251773.9168,
688788.SH,20260410,1.5088,3.4569,,907989.0735,
002256.SZ,20260410,6.9892,9.3077,,771656.6291,
002896.SZ,20260410,3.771,7.1487,,1452106.0086,
000767.SZ,20260410,3.5407,6.8134,,1092314.4877,
600123.SH,20260410,2.1339,3.9136,,938453.8934,
000631.SZ,20260410,1.4821,5.1794,,761300.0281,
300602.SZ,20260410,5.4734,7.2945,,1913166.9611,
002097.SZ,20260410,1.3349,1.9696,,1081064.9676,
603669.SH,20260410,4.0119,9.22,,334658.2071,
300826.SZ,20260410,1.7913,3.1152,,290246.9129,
002880.SZ,20260410,0.7758,2.8212,,617803.2,
603031.SH,20260410,3.5735,4.9435,,1323930.3121,
002792.SZ,20260410,16.6539,19.962,,2385025.4446,
603040.SH,20260410,0.8203,1.7799,,1132583.9368,
300617.SZ,20260410,6.4664,10.1196,,966241.3888,
600863.SH,20260410,2.3509,5.0267,,3917594.78,
301159.SZ,20260410,4.2241,6.3775,,317599.1,
688659.SH,20260410,1.7911,3.2578,,158080.0,
301021.SZ,20260410,3.8753,6.5472,,898621.5407,
300102.SZ,20260410,4.8087,7.5102,,2870521.3187,
300088.SZ,20260410,2.0432,2.2938,,1556088.0197,
002261.SZ,20260410,7.8592,8.7588,,4508936.8454,
000719.SZ,20260410,1.7397,3.8248,,1430438.8411,
300568.SZ,20260410,9.418,9.7597,,2115457.1245,
603068.SH,20260410,1.5699,2.5727,,490728.4023,
000882.SZ,20260410,1.9388,2.7005,,448925.7193,
001238.SZ,20260410,0.1652,0.5311,,530162.88,
600493.SH,20260410,2.7468,4.1009,,201280.0,
920489.BJ,20260410,2.4763,2.4763,,193772.064,
301371.SZ,20260410,1.2222,1.2222,,1188437.64,
001278.SZ,20260410,2.3257,3.8655,,266274.2768,
300797.SZ,20260410,0.6431,1.7889,,573709.5868,
600537.SH,20260410,17.8483,17.8483,,481772.0123,
301631.SZ,20260410,3.3393,3.3393,,808104.8872,
301333.SZ,20260410,2.1994,5.6029,,655110.6594,
688368.SH,20260410,2.9214,8.4578,,1814248.3674,
301200.SZ,20260410,1.4305,9.6778,,8791517.9507,
002372.SZ,20260410,0.5002,1.1998,,1689152.3053,
300002.SZ,20260410,1.7697,1.7979,,1894388.433,
002063.SZ,20260410,2.2536,2.954,,1210981.5593,
920100.BJ,20260410,4.9408,4.9408,,362698.9002,
300311.SZ,20260410,1.4789,1.6704,,348940.4177,
003009.SZ,20260410,1.3339,3.1209,,941854.1961,
002689.SZ,20260410,0.6811,1.3976,,384981.6575,
603718.SH,20260410,1.4781,2.3872,,295964.7338,
600273.SH,20260410,1.9728,3.3352,,1193291.301,
920230.BJ,20260410,15.3195,26.0717,,124386.1063,
300481.SZ,20260410,2.5752,3.9977,,469303.5443,
920765.BJ,20260410,1.8209,3.9064,,127250.9927,
920030.BJ,20260410,1.6704,2.5953,,100150.2214,
603206.SH,20260410,1.2698,4.0229,,488625.1808,
601077.SH,20260410,0.4121,0.6938,,8279253.0,
300738.SZ,20260410,5.7248,7.9083,,2216659.9275,
603977.SH,20260410,2.8684,5.5801,,909498.0362,
600801.SH,20260410,0.8398,2.099,,4821190.91,
603335.SH,20260410,6.8781,12.5625,,263737.0736,
603759.SH,20260410,1.0095,2.5351,,433592.64,
002004.SZ,20260410,1.1212,1.4786,,1051337.0904,
301355.SZ,20260410,6.2729,6.2729,,248944.9561,
300244.SZ,20260410,3.5096,3.9135,,1171836.4425,
920786.BJ,20260410,12.1399,16.6332,,175186.414,
300896.SZ,20260410,1.0356,1.6262,,3479203.5174,
300687.SZ,20260410,1.5205,1.7099,,774756.8242,
603203.SH,20260410,2.794,7.8259,,1104186.8467,
600850.SH,20260410,2.4674,4.2673,,1353595.4946,
603703.SH,20260410,2.0435,2.8752,,545701.4878,
605151.SH,20260410,1.7064,5.1115,,259420.54,
300281.SZ,20260410,1.0835,2.0997,,281935.5693,
300677.SZ,20260410,4.1999,4.7966,,3724236.5599,
300058.SZ,20260410,15.7317,15.7317,,5920274.8033,
002032.SZ,20260410,0.1793,1.0682,,3630049.7979,
002614.SZ,20260410,1.7339,2.0068,,394203.1769,
002816.SZ,20260410,2.1897,2.6068,,234600.0,
000713.SZ,20260410,1.1458,1.6193,,510860.4634,
600420.SH,20260410,0.6252,1.4251,,1394819.5997,
301286.SZ,20260410,0.9726,3.5837,,1893673.3,
600423.SH,20260410,2.5803,3.5878,,285134.1243,
600491.SH,20260410,0.8659,1.2754,,454338.1126,
300652.SZ,20260410,1.7933,3.3198,,573045.8973,
603609.SH,20260410,0.3053,0.6557,,622179.4261,
002238.SZ,20260410,0.5495,1.6002,,596301.4559,
605183.SH,20260410,0.3442,1.0648,,796000.3395,
001400.SZ,20260410,13.3001,13.3001,,1009740.0,
688038.SH,20260410,2.444,4.2563,,255672.3598,
603128.SH,20260410,1.7675,3.2615,,742229.3621,
688163.SH,20260410,2.3079,5.6288,,330612.1,
300920.SZ,20260410,2.1877,2.8213,,397000.0,
600536.SH,20260410,1.1069,1.7416,,3453142.7876,
600268.SH,20260410,3.3627,7.3156,,1514663.33,
300588.SZ,20260410,1.4261,1.9571,,468721.0814,
600009.SH,20260410,0.4875,0.9709,,6872720.6165,
920419.BJ,20260410,0.4372,0.8027,,138947.108,
603028.SH,20260410,1.1424,1.6135,,246854.4,
688691.SH,20260410,8.9362,8.9362,,1189200.0,
603112.SH,20260410,3.4712,8.4912,,1012427.6269,
002421.SZ,20260410,3.9133,4.5804,,570436.4609,
600736.SH,20260410,0.8339,1.4837,,694229.6229,
688311.SH,20260410,1.8598,2.8575,,642334.5704,
601007.SH,20260410,3.3401,5.9122,,317850.0,
600059.SH,20260410,0.6293,1.0235,,808538.1203,
000932.SZ,20260410,1.1929,2.3633,,3508535.8899,
002841.SZ,20260410,0.9494,1.3675,,2380376.5839,
688475.SH,20260410,0.4413,2.2859,,2146725.0,
300987.SZ,20260410,1.9637,3.5699,,300966.848,
688138.SH,20260410,0.6751,1.6693,,866014.8,
688018.SH,20260410,2.1946,3.6014,,2487087.9888,
603920.SH,20260410,5.5611,10.8364,,4013699.2057,
601377.SH,20260410,2.3528,3.3239,,5181592.3764,
300916.SZ,20260410,2.4102,3.8262,,445214.2535,
300039.SZ,20260410,1.4155,2.0362,,626554.0,
003026.SZ,20260410,8.0082,10.2945,,474146.302,
688351.SH,20260410,0.9804,3.2949,,1123322.2,
301099.SZ,20260410,11.4876,14.9267,,777475.2839,
002534.SZ,20260410,3.1881,9.5771,,1496323.9668,
600881.SH,20260410,0.9164,1.0825,,513912.0071,
688231.SH,20260410,1.9568,4.8933,,807222.8576,
003037.SZ,20260410,0.5593,1.6939,,429536.5441,
688386.SH,20260410,1.9228,2.7986,,801354.0671,
603111.SH,20260410,0.5856,0.7864,,586180.857,
002984.SZ,20260410,1.1921,1.5384,,1838334.8923,
600372.SH,20260410,0.7203,1.61,,6280887.8257,
301098.SZ,20260410,3.1922,3.4099,,155241.6287,
603120.SH,20260410,3.1964,3.1964,,348582.4,
301469.SZ,20260410,2.7511,5.5015,,295015.56,
688012.SH,20260410,1.4784,1.9435,,20312137.044,
600971.SH,20260410,1.2487,2.7726,,883203.5946,
300992.SZ,20260410,10.5325,15.8543,,303393.9981,
002192.SZ,20260410,17.0324,23.047,,1899897.1204,
688373.SH,20260410,1.7712,2.6626,,409486.5091,
300736.SZ,20260410,7.4637,9.8953,,251902.684,
688212.SH,20260410,1.041,1.4498,,485468.2263,
002022.SZ,20260410,1.4487,1.7806,,301409.492,
300236.SZ,20260410,4.4253,5.9101,,2606706.5018,
300909.SZ,20260410,1.5369,2.3527,,672172.9964,
600622.SH,20260410,0.9257,1.617,,385419.1483,
603588.SH,20260410,10.0795,12.2542,,2530092.4331,
002432.SZ,20260410,6.2144,9.5057,,4312650.4523,
688050.SH,20260410,0.5197,0.7137,,998347.1894,
300592.SZ,20260410,2.1226,3.5457,,515965.2344,
600684.SH,20260410,2.2937,3.329,,511006.3187,
920378.BJ,20260410,0.4827,0.7619,,138107.088,
002815.SZ,20260410,3.5306,4.3314,,1812968.295,
688068.SH,20260410,3.4035,4.8841,,1137711.8397,
002862.SZ,20260410,4.3625,5.2037,,290136.0,
300408.SZ,20260410,1.6742,2.5849,,11426157.3259,
600819.SH,20260410,0.6529,1.7459,,686660.2223,
300580.SZ,20260410,2.4892,5.8113,,1234709.349,
001896.SZ,20260410,7.413,19.4314,,2015557.1369,
603787.SH,20260410,4.1174,11.6836,,291822.3257,
300323.SZ,20260410,4.839,7.3281,,1605145.8102,
688499.SH,20260410,3.7397,5.7867,,838243.2377,
601963.SH,20260410,0.7296,1.764,,3701890.5969,
301459.SZ,20260410,3.0866,3.0866,,397953.596,
002454.SZ,20260410,4.467,7.9681,,639896.0688,
603949.SH,20260410,4.3695,14.5297,,391548.7997,
300513.SZ,20260410,3.5937,3.6246,,275107.1429,
600258.SH,20260410,1.3926,2.4842,,1686070.7203,
300848.SZ,20260410,0.9738,1.7734,,650389.193,
300972.SZ,20260410,0.669,1.3031,,3908123.8556,
600446.SH,20260410,2.3849,3.1637,,1223647.7227,
300197.SZ,20260410,1.0734,1.6538,,498170.0774,
300401.SZ,20260410,1.901,2.7198,,770401.6606,
002532.SZ,20260410,1.7147,2.4024,,8475218.2069,
002807.SZ,20260410,0.7795,0.8272,,1119933.719,
601688.SH,20260410,2.3631,3.2941,,16898289.0074,
300251.SZ,20260410,4.65,9.4208,,4743612.4945,
300454.SZ,20260410,4.4938,5.3866,,4552516.4712,
688229.SH,20260410,4.6073,8.8914,,376734.0,
000056.SZ,20260410,3.4654,4.3341,,215220.136,
920145.BJ,20260410,1.4063,2.2764,,103849.6,
600309.SH,20260410,0.9305,1.6,,27883110.7728,
300106.SZ,20260410,2.9337,5.0424,,205837.6699,
600271.SH,20260410,0.6176,1.1657,,1561981.7498,
600095.SH,20260410,1.3224,4.2877,,2696214.0416,
301083.SZ,20260410,2.2288,3.3689,,310199.4672,
603075.SH,20260410,4.3217,4.3217,,908001.8984,
002033.SZ,20260410,2.5634,4.6802,,503882.982,
688195.SH,20260410,6.7641,10.3633,,4217974.15,
002856.SZ,20260410,2.9813,4.6453,,152226.909,
002600.SZ,20260410,1.4382,3.3839,,9946229.075,
600754.SH,20260410,1.1778,2.5167,,2931254.4226,
605338.SH,20260410,2.2359,6.3622,,648027.8207,
603489.SH,20260410,1.5019,5.6001,,767200.7913,
301303.SZ,20260410,5.4291,5.4373,,647539.2,
002158.SZ,20260410,2.0791,5.3955,,1311678.313,
688356.SH,20260410,1.4613,2.5581,,602261.451,
002637.SZ,20260410,3.5168,5.575,,572007.616,
601005.SH,20260410,0.7089,1.1125,,1248098.6911,
920171.BJ,20260410,19.9804,33.3697,,217806.8197,
688443.SH,20260410,7.5783,7.5783,,1097106.56,
301390.SZ,20260410,2.4107,2.7232,,228360.0,
300029.SZ,20260410,1.9295,2.2122,,94639.068,
002910.SZ,20260410,1.9269,3.4286,,208053.8652,
603357.SH,20260410,0.5461,1.045,,451265.2167,
688233.SH,20260410,2.9824,5.1533,,1261113.9751,
600563.SH,20260410,3.239,5.6416,,2700000.0,
688016.SH,20260410,1.9866,3.3287,,1263066.9129,
603630.SH,20260410,1.1958,2.9008,,360777.7372,
300709.SZ,20260410,5.3947,6.131,,782452.4436,
600981.SH,20260410,0.6632,2.035,,679457.2572,
300888.SZ,20260410,0.5455,1.8124,,1911206.4299,
600176.SH,20260410,2.8774,5.4683,,11685156.109,
600637.SH,20260410,1.0473,1.9647,,3237509.5238,
300857.SZ,20260410,5.1737,8.2371,,7207965.0144,
600032.SH,20260410,1.4892,6.4325,,2140161.0384,
300138.SZ,20260410,1.4777,1.6454,,580203.2117,
300868.SZ,20260410,11.6331,15.9574,,821579.792,
688078.SH,20260410,0.8556,1.6294,,178369.171,
920017.BJ,20260410,1.3298,2.3352,,215210.8507,
920627.BJ,20260410,9.7346,15.649,,193433.6,
301395.SZ,20260410,4.9749,4.9749,,342419.1176,
002230.SZ,20260410,1.7815,2.0878,,11013641.4567,
300984.SZ,20260410,2.9848,4.5933,,708148.7788,
002387.SZ,20260410,1.2461,2.0796,,1138388.775,
603918.SH,20260410,1.5604,2.0765,,497276.4504,
000705.SZ,20260410,3.13,3.5198,,303049.8204,
603439.SH,20260410,0.5225,1.0392,,451458.9585,
300204.SZ,20260410,9.2443,14.5263,,1381718.2291,
300328.SZ,20260410,6.8129,9.3532,,1182005.2032,
688151.SH,20260410,0.9934,3.3501,,717593.5,
603768.SH,20260410,0.6901,1.5778,,265320.7806,
002155.SZ,20260410,3.8019,5.8547,,4762961.2112,
300027.SZ,20260410,4.8577,4.8999,,438371.9352,
688215.SH,20260410,2.258,5.4124,,464616.3912,
600800.SH,20260410,3.6917,5.9468,,518391.1159,
600716.SH,20260410,0.855,1.7858,,409058.4778,
002701.SZ,20260410,5.1068,7.6854,,1382270.6533,
300979.SZ,20260410,0.4261,2.7458,,5063613.0,
600489.SH,20260410,1.0707,1.9767,,13291331.0505,
920014.BJ,20260410,4.1815,6.4381,,150127.5074,
003027.SZ,20260410,2.992,4.2721,,287198.8704,
600377.SH,20260410,0.3049,2.4639,,5808522.8675,
603163.SH,20260410,3.8568,14.1189,,1064100.0,
000739.SZ,20260410,0.5752,1.0905,,2064346.4524,
002314.SZ,20260410,1.3875,2.173,,660698.9332,
301353.SZ,20260410,2.0774,2.0774,,275103.8597,
600744.SH,20260410,2.8025,6.2472,,1478658.4715,
002276.SZ,20260410,1.6385,2.2056,,1432693.907,
688352.SH,20260410,2.5588,2.5588,,1514833.5049,
605077.SH,20260410,1.7739,2.844,,447604.8411,
002517.SZ,20260410,5.6303,6.308,,4313478.8894,
301220.SZ,20260410,2.4441,2.8589,,453789.8602,
301212.SZ,20260410,0.9739,3.3815,,297000.0,
300042.SZ,20260410,20.9076,27.836,,945687.6,
688450.SH,20260410,5.6168,8.1937,,248952.0,
601136.SH,20260410,0.5333,3.0274,,4490867.4334,
002773.SZ,20260410,1.6315,3.5255,,2584305.276,
600329.SH,20260410,0.4405,1.0356,,3166627.9919,
920541.BJ,20260410,0.7063,1.0718,,164586.8,
688598.SH,20260410,1.4935,1.6976,,472643.9851,
688266.SH,20260410,0.9932,1.5082,,2588051.9345,
603195.SH,20260410,0.1121,0.6642,,7470282.211,
603200.SH,20260410,4.8763,9.9588,,1082887.7156,
920237.BJ,20260410,12.623,34.8238,,204750.936,
601366.SH,20260410,0.9062,1.4803,,384856.1863,
600588.SH,20260410,0.9919,1.8961,,4107230.8856,
002855.SZ,20260410,1.4615,4.0152,,292746.5822,
002865.SZ,20260410,11.2102,16.7634,,2306481.4453,
002012.SZ,20260410,4.4118,5.6499,,318920.5705,
000785.SZ,20260410,0.6203,1.9067,,1513172.8618,
001328.SZ,20260410,0.9303,3.2685,,550611.8124,
603823.SH,20260410,0.6445,2.026,,637042.5871,
002371.SZ,20260410,1.0712,1.9987,,34566542.6244,
601669.SH,20260410,1.5876,2.566,,9750006.183,
920212.BJ,20260410,1.3584,2.3788,,124985.8,
301310.SZ,20260410,13.0477,15.2063,,647268.0456,
002225.SZ,20260410,1.6708,1.9752,,634103.8134,
002644.SZ,20260410,1.6798,4.4709,,442739.619,
301296.SZ,20260410,0.6047,1.4384,,333881.774,
002998.SZ,20260410,7.34,11.1519,,323590.1418,
603227.SH,20260410,3.8963,7.0758,,1124205.6308,
603368.SH,20260410,0.7033,0.9432,,681614.6852,
002292.SZ,20260410,1.9193,2.3026,,1157821.8628,
000736.SZ,20260410,0.5394,1.1274,,382514.3813,
002480.SZ,20260410,0.9878,1.4022,,464577.8767,
603088.SH,20260410,10.672,19.7168,,675209.4263,
002995.SZ,20260410,15.7025,21.1841,,429617.2961,
300776.SZ,20260410,6.244,8.0106,,2220826.0056,
600293.SH,20260410,2.0432,2.8532,,374726.8499,
301049.SZ,20260410,2.6477,4.4148,,209242.4015,
300228.SZ,20260410,4.4685,4.5473,,566359.4205,
002791.SZ,20260410,2.4718,3.1216,,676982.0299,
688388.SH,20260410,6.5086,8.1171,,2095188.0864,
600578.SH,20260410,0.3024,1.4768,,3467813.6858,
300685.SZ,20260410,4.0459,5.2212,,917760.7215,
600621.SH,20260410,2.0415,4.5626,,1505416.0953,
688090.SH,20260410,3.7173,5.5499,,774602.5051,
301636.SZ,20260410,12.3452,12.3452,,427914.4141,
300404.SZ,20260410,3.5321,3.9243,,394352.0259,
601155.SH,20260410,0.5542,1.6897,,3137571.3927,
603366.SH,20260410,2.3595,5.9698,,700034.415,
300480.SZ,20260410,10.3698,11.7323,,1229628.4713,
603616.SH,20260410,2.5865,4.0169,,249269.566,
688789.SH,20260410,0.875,1.6559,,1250797.1265,
301259.SZ,20260410,1.6258,1.8938,,506844.0,
300452.SZ,20260410,2.1182,2.5726,,348164.4038,
000571.SZ,20260410,1.6321,2.3017,,476625.272,
600581.SH,20260410,4.2777,8.5592,,435342.9951,
000721.SZ,20260410,1.547,2.3932,,446505.3316,
002165.SZ,20260410,5.7104,7.1308,,710270.6625,
300842.SZ,20260410,4.6372,5.1876,,1211778.3364,
002263.SZ,20260410,22.4255,31.1056,,920396.449,
603885.SH,20260410,0.6239,1.4617,,2688510.4849,
603511.SH,20260410,0.5713,4.0769,,581832.8813,
300676.SZ,20260410,1.0394,1.6809,,1683726.2269,
000607.SZ,20260410,1.1328,2.1203,,411150.1576,
002870.SZ,20260410,1.4944,2.6656,,483132.6765,
600501.SH,20260410,2.0015,3.7161,,960037.5048,
300579.SZ,20260410,1.7906,3.7559,,724680.0,
920121.BJ,20260410,2.0058,2.0058,,236920.5042,
688584.SH,20260410,0.8855,2.0167,,1314280.2472,
300080.SZ,20260410,1.6847,3.9709,,869248.5223,
002990.SZ,20260410,9.8121,15.604,,890297.2692,
688593.SH,20260410,4.0149,5.3509,,1479684.7066,
300326.SZ,20260410,1.3222,1.6159,,490436.6745,
002656.SZ,20260410,1.0112,1.2723,,215893.5127,
002589.SZ,20260410,10.9492,13.3773,,517620.402,
300746.SZ,20260410,1.2624,2.6453,,300683.4529,
688282.SH,20260410,1.3078,3.6912,,660088.0,
601133.SH,20260410,10.3498,36.3304,,1314765.8758,
301033.SZ,20260410,3.2478,5.0305,,399883.9337,
002278.SZ,20260410,4.1795,5.7037,,453614.094,
301128.SZ,20260410,7.7078,14.4657,,1724883.1773,
300869.SZ,20260410,1.2677,1.4617,,536809.2449,
601633.SH,20260410,0.3701,2.1004,,18202594.3077,
603922.SH,20260410,2.0499,3.7264,,364492.8,
600789.SH,20260410,1.501,1.9702,,873778.6544,
600916.SH,20260410,2.2266,4.649,,1537200.0,
003016.SZ,20260410,0.7072,2.2924,,341884.0706,
605189.SH,20260410,13.8662,42.7271,,326244.5902,
301421.SZ,20260410,12.9053,12.9445,,1117488.726,
300213.SZ,20260410,1.3687,1.403,,466576.2581,
001285.SZ,20260410,4.3027,4.3027,,946656.1787,
002491.SZ,20260410,26.1933,39.7646,,1794561.9755,
688234.SH,20260410,4.5304,9.5397,,4695953.6914,
301255.SZ,20260410,15.992,15.992,,418270.72,
002766.SZ,20260410,1.3787,2.6412,,420758.3691,
002115.SZ,20260410,4.1935,4.6442,,986976.451,
300904.SZ,20260410,11.1244,11.1244,,441537.7152,
688700.SH,20260410,3.8408,5.7849,,1748333.5682,
002408.SZ,20260410,3.6759,8.1611,,1992839.8177,
301488.SZ,20260410,7.2731,7.4169,,1219920.0,
603208.SH,20260410,0.8538,2.0494,,238474.4192,
688122.SH,20260410,1.6168,2.4077,,4709417.9388,
920227.BJ,20260410,3.6478,5.9756,,235245.6015,
688681.SH,20260410,1.9748,3.038,,197616.96,
002935.SZ,20260410,1.0849,1.9032,,781620.9222,
600496.SH,20260410,1.1185,1.591,,788089.5685,
300966.SZ,20260410,3.1013,4.1288,,244857.084,
920685.BJ,20260410,1.1012,1.3928,,113022.1871,
300504.SZ,20260410,6.8297,12.4199,,436620.5984,
002223.SZ,20260410,1.0987,1.8078,,3268074.7885,
300132.SZ,20260410,2.3044,2.5415,,431861.6207,
605166.SH,20260410,1.2181,1.7907,,339596.6265,
600326.SH,20260410,1.4995,1.9489,,1277991.6288,
001373.SZ,20260410,4.2624,4.9696,,239442.4916,
920029.BJ,20260410,1.8755,1.8755,,1169286.8495,
301337.SZ,20260410,3.0514,3.5774,,287592.0,
300390.SZ,20260410,15.4495,18.861,,5674027.882,
301100.SZ,20260410,0.9611,1.682,,373400.0,
300706.SZ,20260410,18.4042,25.9199,,580092.8722,
300069.SZ,20260410,10.9064,19.2067,,262431.0,
600730.SH,20260410,4.0321,5.0417,,545590.0819,
301520.SZ,20260410,4.1431,4.1431,,288400.0014,
300604.SZ,20260410,3.9296,4.3743,,8758148.9663,
920675.BJ,20260410,2.365,3.7662,,168548.556,
301127.SZ,20260410,1.0443,1.8886,,1100764.0129,
601298.SH,20260410,0.217,1.7662,,5608310.4,
601117.SH,20260410,1.6466,2.9053,,5532639.5428,
688209.SH,20260410,1.5107,3.954,,910946.5029,
000722.SZ,20260410,7.8564,16.2093,,602941.6083,
300710.SZ,20260410,4.3367,4.5471,,297575.4873,
600734.SH,20260410,1.9286,2.6388,,816863.6648,
301618.SZ,20260410,0.9442,0.9959,,433938.2866,
603607.SH,20260410,1.4939,2.9282,,399520.5984,
300144.SZ,20260410,1.0618,1.6185,,2060374.0669,
000402.SZ,20260410,2.1043,4.2923,,830922.5141,
605162.SH,20260410,12.0371,45.6749,,575335.2513,
301322.SZ,20260410,2.0837,2.7529,,456359.8459,
603392.SH,20260410,0.2331,0.8809,,4941247.078,
600362.SH,20260410,1.3494,3.2197,,15547655.0285,
603041.SH,20260410,1.0476,1.772,,235344.7842,
002835.SZ,20260410,1.267,1.6665,,346141.9292,
920770.BJ,20260410,2.6248,3.0104,,200533.6817,
688080.SH,20260410,1.4948,2.0714,,395754.3972,
688077.SH,20260410,2.0276,3.3356,,338398.4578,
688178.SH,20260410,3.4056,7.0487,,274968.0253,
603086.SH,20260410,1.7996,2.7407,,333936.4938,
300103.SZ,20260410,2.269,3.0165,,222638.301,
603982.SH,20260410,1.7157,2.8714,,285530.8741,
603022.SH,20260410,1.5831,2.6504,,207400.0,
300009.SZ,20260410,1.5841,1.7872,,1644579.5767,
603079.SH,20260410,1.5343,2.8949,,316057.5313,
300681.SZ,20260410,5.1172,5.3973,,752590.0811,
002560.SZ,20260410,36.0148,39.6119,,713427.2395,
300299.SZ,20260410,1.8045,2.5363,,412109.1507,
002879.SZ,20260410,2.8445,3.2479,,401856.9988,
920267.BJ,20260410,1.0681,1.4757,,96217.1614,
603352.SH,20260410,4.8611,4.8611,,854986.6679,
920057.BJ,20260410,0.8918,1.004,,110389.3479,
300399.SZ,20260410,2.9046,5.2663,,418121.6,
920076.BJ,20260410,2.2826,2.2826,,170112.5547,
688201.SH,20260410,2.517,4.3032,,440209.4966,
603387.SH,20260410,13.1627,23.4802,,516789.4338,
300767.SZ,20260410,4.002,5.3971,,538491.2136,
300758.SZ,20260410,2.3391,3.839,,551976.9191,
000528.SZ,20260410,1.2662,1.7109,,1963438.3704,
300133.SZ,20260410,3.7831,4.7543,,1378437.8161,
300956.SZ,20260410,1.3114,2.5644,,318186.6538,
600348.SH,20260410,0.8897,2.0004,,3300862.5,
002471.SZ,20260410,15.644,18.8191,,1205877.56,
300193.SZ,20260410,1.521,1.8003,,409574.8323,
300783.SZ,20260410,1.7021,2.0465,,748712.6936,
300700.SZ,20260410,5.1806,5.266,,584029.3986,
600873.SH,20260410,1.2183,1.8195,,3093078.54,
002932.SZ,20260410,4.8349,5.9699,,387844.9563,
002597.SZ,20260410,1.4603,2.6307,,1351464.6699,
920751.BJ,20260410,0.6589,1.0483,,180589.18,
601869.SH,20260410,6.1238,23.1099,,31823016.5413,
920091.BJ,20260410,6.0543,6.0543,,365287.6836,
600777.SH,20260410,0.456,1.8191,,3747073.1996,
002789.SZ,20260410,1.0731,2.2535,,191548.2168,
688072.SH,20260410,1.732,2.7442,,11252878.0357,
300240.SZ,20260410,1.4682,2.5017,,262323.4427,
301683.SZ,20260410,23.447,23.447,,712268.574,
301329.SZ,20260410,2.9607,2.9607,,390949.4,
300405.SZ,20260410,3.8312,4.5785,,176026.6833,
002393.SZ,20260410,1.8303,3.8464,,606101.8416,
920826.BJ,20260410,3.3614,3.5489,,142764.067,
300724.SZ,20260410,5.5257,5.8581,,3761553.6648,
001288.SZ,20260410,7.9169,13.9079,,633944.1942,
603214.SH,20260410,2.1101,3.2634,,225266.0985,
688677.SH,20260410,7.4295,11.2555,,876300.87,
300780.SZ,20260410,8.1427,9.2377,,330447.51,
300365.SZ,20260410,3.8165,4.0482,,349715.7384,
300948.SZ,20260410,2.162,3.3154,,308709.2506,
920454.BJ,20260410,2.5516,4.1338,,149662.4,
605299.SH,20260410,10.4582,34.6385,,801265.532,
300663.SZ,20260410,3.3658,3.5626,,638254.217,
688597.SH,20260410,0.836,1.1435,,300773.947,
301489.SZ,20260410,7.8308,8.1458,,1507270.9276,
920022.BJ,20260410,1.582,1.582,,157739.415,
600035.SH,20260410,0.3916,0.8507,,613454.1583,
300293.SZ,20260410,3.1175,6.1727,,637617.3917,
002970.SZ,20260410,5.2135,7.6076,,1216456.7685,
600183.SH,20260410,2.5178,4.9064,,14868638.8068,
688216.SH,20260410,1.6916,3.6823,,325745.0866,
600470.SH,20260410,6.133,8.2315,,364076.8,
603248.SH,20260410,17.513,17.513,,1379080.0,
301368.SZ,20260410,2.4639,2.4639,,628243.1,
600847.SH,20260410,3.2699,5.9632,,209237.301,
300414.SZ,20260410,2.929,5.1276,,455123.1745,
000415.SZ,20260410,1.3661,2.0863,,2783034.5769,
000429.SZ,20260410,0.5615,1.47,,2619780.0759,
601952.SH,20260410,1.3626,4.2376,,1387646.0,
300192.SZ,20260410,3.8477,5.5762,,640512.9182,
001229.SZ,20260410,2.7372,4.9036,,365444.5005,
002540.SZ,20260410,1.0968,1.5568,,853279.8636,
600186.SH,20260410,10.4149,12.938,,1332024.1283,
300737.SZ,20260410,1.6897,2.6174,,689292.3288,
600708.SH,20260410,0.8986,1.894,,748821.9456,
003012.SZ,20260410,0.5102,1.2199,,728898.1295,
002941.SZ,20260410,1.5796,2.6557,,1140601.0818,
000063.SZ,20260410,3.0922,4.0585,,17120271.3606,
600918.SH,20260410,1.1131,1.5801,,4814351.3256,
600520.SH,20260410,2.0035,2.5731,,379756.71,
600483.SH,20260410,0.8024,2.3227,,2874662.4852,
688480.SH,20260410,4.5608,10.19,,838012.4396,
920701.BJ,20260410,0.6656,1.819,,213346.0,
301533.SZ,20260410,2.5748,2.616,,316350.9606,
600528.SH,20260410,1.231,2.8394,,1783905.9252,
600903.SH,20260410,0.4982,1.466,,725655.9364,
301298.SZ,20260410,2.7471,3.4026,,240311.6,
605056.SH,20260410,5.5327,14.903,,1185602.7072,
001337.SZ,20260410,3.0839,7.6609,,2077320.0,
300284.SZ,20260410,0.6945,1.2634,,832203.5031,
603677.SH,20260410,0.6949,2.6495,,301612.9546,
002567.SZ,20260410,1.0083,1.1361,,580385.8142,
601618.SH,20260410,0.4537,1.2588,,6175638.5127,
002203.SZ,20260410,1.6164,2.694,,3387214.295,
300398.SZ,20260410,5.6514,7.1509,,1521684.2718,
301020.SZ,20260410,0.7642,2.3896,,316370.4,
002331.SZ,20260410,1.1264,1.458,,354313.0564,
688318.SH,20260410,2.2189,7.1618,,2867769.728,
603869.SH,20260410,0.8839,2.4254,,503998.9198,
000807.SZ,20260410,1.4189,2.4508,,11999132.6213,
603135.SH,20260410,0.3205,1.1262,,678020.8185,
600438.SH,20260410,0.8115,1.4819,,7333742.3697,
603012.SH,20260410,2.8595,3.6776,,554050.5,
002488.SZ,20260410,1.572,2.2079,,1194526.878,
002345.SZ,20260410,1.8073,2.8734,,952485.6219,
600336.SH,20260410,0.7929,1.2924,,571378.5746,
603150.SH,20260410,2.4318,4.0126,,465882.35,
920547.BJ,20260410,1.207,1.8989,,171068.976,
601199.SH,20260410,0.801,2.2723,,523717.7635,
600936.SH,20260410,1.7136,2.6099,,690133.8367,
301629.SZ,20260410,5.1265,5.1265,,1087245.8513,
003004.SZ,20260410,1.1249,2.2685,,241494.2069,
600161.SH,20260410,0.4016,0.8051,,2946283.4545,
002185.SZ,20260410,2.712,3.4899,,3997973.046,
002142.SZ,20260410,0.2656,0.532,,19975862.1458,
002098.SZ,20260410,0.5768,1.3627,,322558.0,
002337.SZ,20260410,0.9465,1.5068,,363764.5335,
002295.SZ,20260410,1.272,1.8182,,272670.208,
600080.SH,20260410,5.6296,7.5459,,333703.6348,
601908.SH,20260410,6.0747,11.2432,,1002060.1873,
300074.SZ,20260410,1.9958,2.3531,,227736.2664,
600179.SH,20260410,0.9097,1.5587,,1883029.5057,
920123.BJ,20260410,1.223,1.9429,,142325.04,
300937.SZ,20260410,5.1244,6.1675,,290348.3799,
603960.SH,20260410,3.6293,5.8282,,591518.4624,
603689.SH,20260410,1.0576,2.877,,431692.2743,
603002.SH,20260410,4.9089,10.4714,,1240681.8888,
600584.SH,20260410,3.7312,4.8162,,7698061.4801,
688606.SH,20260410,0.3995,0.8455,,488766.4711,
688621.SH,20260410,2.3919,3.3032,,744800.0,
600535.SH,20260410,0.5415,1.0877,,2112445.3071,
920305.BJ,20260410,6.2731,10.1747,,93722.2965,
301275.SZ,20260410,2.2615,3.3549,,1745356.8,
002779.SZ,20260410,1.4943,2.3606,,1696833.6,
002962.SZ,20260410,17.1285,19.8638,,493206.1102,
603065.SH,20260410,0.7684,1.6804,,345648.2469,
300770.SZ,20260410,1.0943,2.0253,,914771.9429,
600925.SH,20260410,0.5892,0.7684,,3141333.3334,
688381.SH,20260410,1.1193,1.4145,,567517.5,
002564.SZ,20260410,1.045,1.4703,,521355.0175,
300554.SZ,20260410,3.392,3.897,,254691.8167,
605133.SH,20260410,4.1868,9.1602,,809285.313,
300091.SZ,20260410,0.783,1.2222,,844087.3849,
601033.SH,20260410,1.0502,1.0502,,1314000.0,
301038.SZ,20260410,0.586,1.8461,,461106.36,
301239.SZ,20260410,3.8202,7.2939,,582766.192,
300606.SZ,20260410,13.7033,19.917,,543430.2605,
301031.SZ,20260410,2.953,3.7737,,1442390.7816,
300907.SZ,20260410,0.8928,2.319,,271680.0,
000868.SZ,20260410,0.9265,1.3841,,419963.0865,
300702.SZ,20260410,1.8839,2.7481,,813918.5749,
001319.SZ,20260410,4.8096,6.3406,,359580.2,
000715.SZ,20260410,1.5815,3.0522,,309669.0384,
603535.SH,20260410,0.56,1.6414,,432747.745,
300001.SZ,20260410,2.6608,3.9432,,3041004.1512,
000887.SZ,20260410,1.5108,2.5404,,2459202.8474,
605577.SH,20260410,0.5765,2.8043,,566666.6674,
603106.SH,20260410,2.0119,4.5344,,477837.36,
688568.SH,20260410,1.0725,2.4992,,4814534.1577,
601101.SH,20260410,0.9118,2.4849,,1193758.2807,
000795.SZ,20260410,4.1835,8.0649,,1066796.7409,
603567.SH,20260410,3.5414,8.7996,,642700.6197,
301188.SZ,20260410,14.8026,19.9366,,668841.5375,
603939.SH,20260410,0.6129,1.2665,,2764254.5147,
300441.SZ,20260410,0.5664,1.0836,,458179.6821,
301349.SZ,20260410,8.9239,21.6007,,600882.0,
603331.SH,20260410,2.7454,3.8783,,310137.4256,
301248.SZ,20260410,5.7033,6.4831,,731789.505,
002565.SZ,20260410,17.7911,23.3644,,1765941.5441,
603345.SH,20260410,1.1771,1.5694,,3229903.04,
600375.SH,20260410,0.9603,1.1036,,811154.1117,
601699.SH,20260410,1.0148,2.703,,3996522.6912,
300667.SZ,20260410,3.1311,3.5359,,342356.0932,
688787.SH,20260410,2.8716,4.5311,,770654.1745,
002945.SZ,20260410,1.0241,10.2409,,4284900.0,
600328.SH,20260410,1.6621,3.0598,,1307948.1034,
600970.SH,20260410,1.2774,3.0951,,2834186.9054,
002892.SZ,20260410,1.1241,1.3749,,816012.6397,
000400.SZ,20260410,2.2871,3.6997,,2901036.1652,
603359.SH,20260410,1.4884,2.7594,,262304.448,
301028.SZ,20260410,0.8867,1.9489,,550343.2029,
002148.SZ,20260410,1.8671,2.0002,,425389.3581,
300220.SZ,20260410,1.1664,2.3228,,212133.6,
300655.SZ,20260410,2.4256,2.855,,1597659.7601,
300013.SZ,20260410,1.9329,2.1194,,211618.0208,
688059.SH,20260410,3.1265,4.8741,,1215439.1518,
688385.SH,20260410,1.6453,2.6817,,5663028.5938,
002481.SZ,20260410,0.674,1.1132,,553929.7285,
603049.SH,20260410,2.6339,2.6339,,4332201.6525,
603866.SH,20260410,0.4694,1.2275,,793460.7009,
920837.BJ,20260410,0.4802,1.4328,,188882.4198,
002678.SZ,20260410,3.4308,20.7179,,715834.8102,
603233.SH,20260410,0.3077,0.7789,,2022594.167,
300827.SZ,20260410,10.5898,13.1598,,2102624.0939,
688455.SH,20260410,3.4989,7.5699,,492833.9434,
301558.SZ,20260410,2.717,2.717,,641336.0443,
300912.SZ,20260410,4.5431,6.1777,,295936.032,
301511.SZ,20260410,11.1177,14.3741,,2758289.072,
688355.SH,20260410,2.1316,6.7616,,282371.932,
600019.SH,20260410,0.2894,0.7894,,13984098.4089,
603507.SH,20260410,9.5526,12.792,,870639.3743,
600886.SH,20260410,0.2318,0.7432,,10734026.8053,
688171.SH,20260410,2.7581,5.1311,,384938.773,
002666.SZ,20260410,1.6873,2.1982,,430247.6183,
000409.SZ,20260410,1.0476,1.6654,,719093.2858,
600395.SH,20260410,1.1394,2.4478,,1195670.066,
300906.SZ,20260410,2.0914,4.2055,,260000.0,
601890.SH,20260410,2.8832,4.4841,,994897.8,
002036.SZ,20260410,2.3033,2.5222,,977220.6037,
688207.SH,20260410,1.5298,2.0668,,372662.3585,
002401.SZ,20260410,1.0862,2.1301,,560847.676,
688137.SH,20260410,1.6689,5.1925,,306526.3176,
600644.SH,20260410,4.3343,8.5271,,649454.2786,
301160.SZ,20260410,4.0697,4.8012,,658850.856,
600160.SH,20260410,0.7492,1.6142,,9395116.3619,
002843.SZ,20260410,17.2747,30.106,,595359.3341,
603803.SH,20260410,18.6717,33.1255,,589313.4936,
600617.SH,20260410,2.5922,6.5969,,630845.7108,
001395.SZ,20260410,1.5491,1.8451,,338229.48,
600382.SH,20260410,6.1795,10.1355,,655521.236,
603725.SH,20260410,1.0878,1.8046,,272542.7659,
300689.SZ,20260410,2.4713,5.0612,,549331.2,
002046.SZ,20260410,2.5398,5.0424,,2548515.1291,
000598.SZ,20260410,0.7155,1.6706,,1999285.8431,
920374.BJ,20260410,1.7656,2.027,,164340.288,
002706.SZ,20260410,4.1751,4.6415,,1122001.895,
000488.SZ,20260410,1.1711,1.6021,,776544.4368,
603608.SH,20260410,3.0238,4.1674,,449537.4499,
002064.SZ,20260410,0.6795,2.0097,,5592786.9719,
002045.SZ,20260410,1.5381,2.0511,,667104.9946,
603223.SH,20260410,0.9479,2.4428,,590773.1755,
920976.BJ,20260410,3.9133,6.1498,,226696.113,
600267.SH,20260410,1.0822,1.7405,,1231127.7483,
001914.SZ,20260410,0.6398,1.7231,,1009463.624,
920247.BJ,20260410,1.1376,2.8066,,318081.6712,
603171.SH,20260410,1.0964,4.2924,,2067889.705,
000735.SZ,20260410,1.1752,1.4959,,763453.5022,
603303.SH,20260410,0.3187,1.3246,,723524.9203,
002099.SZ,20260410,2.2224,3.6907,,1183280.8499,
920726.BJ,20260410,2.2063,4.4795,,170805.6,
300997.SZ,20260410,0.7423,2.1722,,869259.7948,
600548.SH,20260410,0.3688,2.2912,,2344979.0613,
920080.BJ,20260410,1.193,1.193,,185339.0,
688396.SH,20260410,1.5775,4.6642,,6528155.4922,
002531.SZ,20260410,2.9093,5.8859,,2046644.7915,
603533.SH,20260410,3.9113,6.74,,1087147.4603,
300298.SZ,20260410,0.8021,1.2411,,905952.3745,
001220.SZ,20260410,5.3405,5.3405,,377189.23,
600452.SH,20260410,2.0774,3.5602,,1791607.5686,
688516.SH,20260410,6.2622,11.3392,,2216770.8912,
920821.BJ,20260410,1.869,3.4688,,297478.0829,
600206.SH,20260410,4.7267,7.0639,,1841253.4971,
000559.SZ,20260410,5.573,15.3806,,5410664.9806,
002981.SZ,20260410,2.6146,6.8549,,338215.8429,
301053.SZ,20260410,13.5883,34.2314,,484012.1003,
603093.SH,20260410,1.7765,7.7157,,1385926.7684,
600269.SH,20260410,0.526,1.1527,,1046262.3423,
300875.SZ,20260410,7.4742,13.2671,,415312.5642,
300557.SZ,20260410,5.535,10.5629,,420378.4797,
300691.SZ,20260410,1.7619,2.3459,,449580.488,
300563.SZ,20260410,2.8975,3.3241,,587572.4329,
301357.SZ,20260410,10.7165,10.7165,,1099369.6,
002725.SZ,20260410,4.6462,6.605,,417792.0,
000010.SZ,20260410,2.0948,2.5119,,431119.6095,
603218.SH,20260410,1.0084,2.4786,,1443508.0913,
301312.SZ,20260410,14.2057,22.8832,,1381701.338,
600036.SH,20260410,0.2633,0.5131,,98887014.6015,
603790.SH,20260410,1.1723,3.0098,,422140.16,
600853.SH,20260410,1.4556,2.6023,,401423.6342,
002596.SZ,20260410,1.871,2.5998,,415424.1475,
603658.SH,20260410,0.3463,1.1969,,1973129.7239,
002912.SZ,20260410,1.5721,2.3602,,466835.968,
002227.SZ,20260410,1.5279,3.2876,,220051.879,
300822.SZ,20260410,0.673,2.1265,,439577.5782,
601188.SH,20260410,0.9544,1.9239,,433416.0118,
300983.SZ,20260410,0.7703,1.6653,,493689.6,
301122.SZ,20260410,2.3332,3.9888,,356468.3387,
002010.SZ,20260410,0.6772,1.6478,,1608665.9885,
600759.SH,20260410,8.7208,9.9403,,2236316.0019,
603059.SH,20260410,1.7688,6.2924,,328165.9029,
600096.SH,20260410,2.2348,3.6254,,6099726.9859,
601811.SH,20260410,3.2161,22.111,,1901348.981,
300534.SZ,20260410,3.1139,4.994,,290604.51,
300525.SZ,20260410,1.8515,1.9506,,788033.1636,
300763.SZ,20260410,8.7648,13.1974,,3728611.5809,
000088.SZ,20260410,0.8313,1.8982,,2412560.2725,
300548.SZ,20260410,12.1989,15.1009,,6525397.6526,
001336.SZ,20260410,2.9732,4.4037,,208971.1,
002072.SZ,20260410,2.0375,3.925,,275760.0,
000155.SZ,20260410,6.8689,11.1146,,3064639.4477,
600327.SH,20260410,1.3958,2.5243,,349487.9096,
600859.SH,20260410,0.9355,1.3999,,1374568.1316,
601718.SH,20260410,0.6105,1.2448,,1308320.8509,
002311.SZ,20260410,1.0507,2.3232,,8102462.3539,
688001.SH,20260410,2.4152,12.2252,,1769069.5751,
600266.SH,20260410,2.1796,3.9999,,1048250.471,
688750.SH,20260410,0.9721,1.4015,,832037.5,
603655.SH,20260410,2.5791,7.9703,,418170.0,
603267.SH,20260410,2.013,3.2007,,1154249.0555,
603008.SH,20260410,10.3616,16.2816,,459628.9589,
920118.BJ,20260410,0.9803,1.1616,,105965.472,
301359.SZ,20260410,2.2742,3.9477,,253090.656,
603153.SH,20260410,0.4991,2.1384,,670532.7694,
002555.SZ,20260410,2.4805,2.8207,,5050538.6257,
300830.SZ,20260410,5.1716,6.2601,,485965.4438,
002811.SZ,20260410,1.1188,2.3805,,420379.0568,
301499.SZ,20260410,17.4216,17.4216,,456241.0578,
002667.SZ,20260410,14.1078,17.9052,,684052.6875,
002523.SZ,20260410,1.1748,1.7284,,572322.8832,
600272.SH,20260410,3.0431,5.0935,,329890.8429,
600969.SH,20260410,1.7662,2.7779,,347847.455,
300693.SZ,20260410,7.9561,8.361,,1482652.201,
301292.SZ,20260410,35.1632,35.1632,,1904681.1061,
688110.SH,20260410,3.0652,4.6776,,5174322.1686,
002005.SZ,20260410,0.5341,0.8353,,485421.6857,
002151.SZ,20260410,2.9851,3.2263,,2051660.3402,
300393.SZ,20260410,6.3346,7.8737,,1081999.9665,
300675.SZ,20260410,1.1146,1.9506,,220293.3834,
002859.SZ,20260410,2.3532,5.049,,1837887.4751,
000557.SZ,20260410,0.5996,1.1471,,692727.9991,
688500.SH,20260410,1.2047,1.8207,,367975.0218,
002255.SZ,20260410,2.9854,3.14,,894028.0152,
002059.SZ,20260410,1.3392,3.0488,,518366.6243,
301006.SZ,20260410,2.0015,3.1366,,242904.32,
002793.SZ,20260410,2.1945,3.5388,,547057.0085,
688025.SH,20260410,5.4158,8.3328,,2634960.1044,
920252.BJ,20260410,7.9296,13.2318,,285368.8487,
002830.SZ,20260410,2.1688,3.2407,,285214.26,
601515.SH,20260410,2.9328,5.8329,,896803.3327,
002696.SZ,20260410,1.9297,3.4834,,237950.874,
002900.SZ,20260410,12.7804,21.5728,,384687.1328,
002741.SZ,20260410,3.0192,4.3826,,839365.2696,
603656.SH,20260410,0.9208,1.6294,,375037.9839,
600844.SH,20260410,17.4382,24.443,,395427.9294,
600033.SH,20260410,1.1123,2.5228,,1012683.6,
688398.SH,20260410,2.5144,4.7422,,439169.7745,
300498.SZ,20260410,0.5307,0.5876,,10978980.0945,
601168.SH,20260410,2.1373,3.0944,,6453164.0,
301388.SZ,20260410,5.8315,7.175,,323734.416,
688133.SH,20260410,3.0185,4.2049,,346797.5845,
002648.SZ,20260410,1.1844,2.3892,,9711805.5243,
920576.BJ,20260410,3.3627,13.147,,775615.05,
603151.SH,20260410,1.4064,3.0169,,282849.1278,
002785.SZ,20260410,2.4813,3.0048,,901946.3861,
300209.SZ,20260410,14.2492,15.2992,,1071646.0894,
300087.SZ,20260410,0.9355,1.6279,,769233.3818,
688620.SH,20260410,1.6379,1.6379,,426496.0,
688683.SH,20260410,1.6661,3.7274,,595095.2732,
600283.SH,20260410,0.4582,1.0943,,510911.4821,
600063.SH,20260410,2.6682,3.9965,,1495963.9626,
002961.SZ,20260410,2.8491,9.6638,,1072146.3574,
002670.SZ,20260410,1.8204,5.0937,,2825223.5934,
920146.BJ,20260410,1.9609,2.5801,,94223.3292,
688076.SH,20260410,1.3037,2.0785,,970279.3238,
300519.SZ,20260410,2.4396,3.7214,,247520.0,
300468.SZ,20260410,16.197,19.9429,,1794655.8481,
300123.SZ,20260410,1.6825,1.9357,,639668.161,
920924.BJ,20260410,2.683,3.31,,211803.291,
300188.SZ,20260410,1.032,1.7551,,1063173.4325,
603118.SH,20260410,10.9032,19.0393,,1085654.1639,
300781.SZ,20260410,3.965,6.3202,,589881.9966,
002999.SZ,20260410,2.6163,4.0806,,241576.44,
603021.SH,20260410,1.3596,2.2972,,244120.3774,
000936.SZ,20260410,1.5178,2.4727,,664509.6653,
605287.SH,20260410,4.3794,8.5619,,605920.0,
002593.SZ,20260410,1.886,2.6657,,436494.9097,
688589.SH,20260410,1.9747,2.5052,,334546.2484,
000032.SZ,20260410,1.8849,3.3792,,2173955.7874,
600518.SH,20260410,0.8172,1.0953,,2433885.8174,
603036.SH,20260410,2.4773,3.1951,,394501.5379,
920018.BJ,20260410,3.2691,3.2691,,358432.7227,
600178.SH,20260410,0.9827,2.0028,,528051.0143,
002474.SZ,20260410,1.8516,1.95,,476605.2,
300238.SZ,20260410,2.6786,3.6472,,407279.1567,
002162.SZ,20260410,1.4239,2.9726,,437777.6593,
920693.BJ,20260410,3.6009,5.9116,,194908.7,
002554.SZ,20260410,3.224,4.6405,,490808.9865,
688790.SH,20260410,4.1921,4.1921,,1339995.1155,
300726.SZ,20260410,2.4085,4.04,,1779971.8101,
603124.SH,20260410,2.7565,2.7565,,1703907.1215,
688159.SH,20260410,1.9043,2.6943,,386500.6912,
600889.SH,20260410,0.7573,1.3047,,786805.2658,
000593.SZ,20260410,9.0568,14.1429,,622583.4316,
688183.SH,20260410,3.969,13.6534,,7927255.7978,
300533.SZ,20260410,4.4656,5.1885,,679705.251,
603256.SH,20260410,3.8745,24.0337,,7343432.7605,
600316.SH,20260410,1.1136,2.1479,,2683442.5039,
300502.SZ,20260410,5.0241,5.1679,,51936986.552,
601888.SH,20260410,1.1081,2.3728,,14345108.0302,
002402.SZ,20260410,3.4973,3.5686,,2923706.2572,
920089.BJ,20260410,1.1297,1.2922,,277831.792,
000790.SZ,20260410,2.9493,3.5922,,255101.2199,
603229.SH,20260410,1.1306,2.4274,,840260.7107,
600818.SH,20260410,1.3085,1.4462,,278695.338,
002317.SZ,20260410,3.0127,3.5528,,1580870.6872,
920895.BJ,20260410,1.455,2.1129,,94112.46,
601137.SH,20260410,2.4282,4.1228,,1842485.8247,
603898.SH,20260410,1.0141,3.0795,,410352.7917,
600666.SH,20260410,23.9505,28.2708,,1733411.8582,
603909.SH,20260410,7.0784,12.3738,,322974.0205,
601066.SH,20260410,0.3581,2.2314,,16894081.2679,
603061.SH,20260410,4.7672,8.6888,,1850940.0,
605086.SH,20260410,0.7752,2.8599,,624332.8,
688223.SH,20260410,1.3131,3.4539,,6705922.3028,
601399.SH,20260410,0.9316,2.8697,,3318235.7094,
002820.SZ,20260410,3.1611,4.7888,,208300.4219,
920167.BJ,20260410,1.9518,3.5616,,185724.732,
002198.SZ,20260410,2.9596,3.8091,,397380.211,
601866.SH,20260410,2.3991,6.4478,,3827320.1878,
688599.SH,20260410,1.3992,2.2242,,3776219.1098,
600714.SH,20260410,3.9709,6.1307,,490764.1929,
603665.SH,20260410,1.891,3.2648,,462549.8446,
603121.SH,20260410,5.7585,11.9616,,715998.8072,
002937.SZ,20260410,3.1957,6.854,,911202.8189,
300755.SZ,20260410,0.6242,2.082,,543921.912,
600163.SH,20260410,2.2577,6.6333,,1132282.7051,
301063.SZ,20260410,2.0033,3.3095,,253074.7557,
688757.SH,20260410,1.6335,2.2381,,980046.911,
688531.SH,20260410,2.2875,2.4546,,1209498.1305,
300318.SZ,20260410,0.8504,1.8313,,483605.093,
300610.SZ,20260410,4.4114,4.7764,,255429.4802,
603915.SH,20260410,0.7108,1.9905,,990858.4123,
300510.SZ,20260410,2.0056,2.9412,,343896.0219,
301226.SZ,20260410,9.4632,19.6152,,471104.0,
600337.SH,20260410,15.2557,28.4016,,421040.4541,
920179.BJ,20260410,3.9266,5.3412,,337365.0,
688580.SH,20260410,1.5843,4.202,,526263.2276,
300849.SZ,20260410,1.2111,1.956,,294750.0,
002633.SZ,20260410,1.2234,2.5381,,271650.0,
301607.SZ,20260410,3.0287,3.7611,,766067.1467,
300543.SZ,20260410,1.6571,1.8378,,300550.2787,
920992.BJ,20260410,3.0956,4.853,,145870.2485,
002309.SZ,20260410,22.7092,24.2329,,1323372.7694,
688309.SH,20260410,4.3178,8.4972,,533973.534,
002800.SZ,20260410,6.6674,13.2803,,259439.2262,
000755.SZ,20260410,0.3137,1.3833,,748328.2,
002996.SZ,20260410,1.9532,2.7154,,490697.2008,
688486.SH,20260410,2.0014,4.1718,,849297.3343,
600012.SH,20260410,0.489,2.325,,2528715.9957,
002405.SZ,20260410,2.0046,2.2193,,2159661.0696,
600105.SH,20260410,15.946,21.2256,,5570200.1956,
601999.SH,20260410,3.8967,11.9986,,466073.8362,
603969.SH,20260410,1.2221,2.0432,,809708.039,
002216.SZ,20260410,1.1469,2.3372,,1120080.4772,
600547.SH,20260410,1.3661,3.0171,,18531916.6905,
001382.SZ,20260410,7.722,7.722,,828944.0,
002522.SZ,20260410,2.7796,3.7072,,545279.191,
300861.SZ,20260410,1.9196,3.093,,1083006.7893,
600561.SH,20260410,1.6197,2.6884,,181780.6752,
301498.SZ,20260410,2.3058,4.6081,,2056828.5062,
300535.SZ,20260410,2.1827,2.6984,,207618.5342,
000533.SZ,20260410,11.1608,18.0103,,1009972.992,
003031.SZ,20260410,4.785,10.5693,,4329205.3407,
002009.SZ,20260410,8.436,10.22,,993516.0213,
600106.SH,20260410,2.9742,4.0791,,821337.4883,
000586.SZ,20260410,12.8986,19.32,,437367.84,
688013.SH,20260410,2.5248,5.2212,,308959.3692,
601800.SH,20260410,0.1354,0.6622,,12368729.611,
603568.SH,20260410,0.2718,0.8479,,4395029.1116,
688425.SH,20260410,0.3416,1.2328,,2656081.506,
688428.SH,20260410,4.9614,4.9614,,5098056.3773,
002273.SZ,20260410,6.8256,7.5077,,4155209.0763,
600487.SH,20260410,8.5445,11.8971,,13806863.8547,
002881.SZ,20260410,2.4824,3.472,,1163933.8218,
301092.SZ,20260410,1.9528,3.2338,,456343.6833,
920720.BJ,20260410,1.8254,1.8889,,317604.7167,
600673.SH,20260410,2.4944,5.3051,,9456021.9954,
688733.SH,20260410,1.532,2.1034,,544986.7183,
300143.SZ,20260410,3.0898,5.4096,,915080.4085,
002298.SZ,20260410,4.6928,4.8234,,737890.5683,
300292.SZ,20260410,6.2389,6.6727,,660148.3672,
688258.SH,20260410,2.8662,4.607,,1360427.3215,
688073.SH,20260410,5.7023,8.818,,569563.4351,
300855.SZ,20260410,1.8558,2.629,,1650157.418,
301215.SZ,20260410,0.6683,2.2919,,807579.0,
002839.SZ,20260410,0.7967,1.0069,,1097510.8933,
601916.SH,20260410,0.2955,0.4446,,8156996.881,
301632.SZ,20260410,2.0521,2.0521,,860140.8,
000949.SZ,20260410,5.0597,8.2243,,1287411.2394,
002380.SZ,20260410,9.7539,12.4429,,839010.8049,
603013.SH,20260410,0.705,3.4781,,964600.7325,
603268.SH,20260410,3.5902,4.2764,,11359076.9234,
603739.SH,20260410,1.6619,4.0022,,378784.2124,
301178.SZ,20260410,3.4823,4.1434,,335467.3504,
603326.SH,20260410,1.1978,3.7467,,277045.5752,
688236.SH,20260410,0.5885,3.2014,,785931.8565,
002241.SZ,20260410,3.6585,4.6887,,8654919.279,
603092.SH,20260410,4.8584,4.8584,,2730000.6825,
300775.SZ,20260410,3.9306,5.5945,,2037437.1408,
300043.SZ,20260410,2.0033,2.9351,,699239.5014,
603685.SH,20260410,2.727,5.401,,741307.9779,
688526.SH,20260410,0.4733,1.7401,,701522.7243,
000301.SZ,20260410,0.4107,1.2519,,7616137.8021,
920002.BJ,20260410,1.6439,2.701,,382270.4342,
002164.SZ,20260410,6.5919,10.4185,,704065.7905,
301077.SZ,20260410,1.9794,3.2901,,470438.3508,
300248.SZ,20260410,1.6188,1.6951,,497307.7223,
605298.SH,20260410,1.0444,3.7338,,936056.55,
600381.SH,20260410,1.8284,3.1415,,162028.7645,
600602.SH,20260410,11.0739,19.7615,,3293357.6796,
002707.SZ,20260410,1.7277,2.2493,,650557.3518,
000603.SZ,20260410,2.2655,3.8241,,2795065.8206,
301002.SZ,20260410,5.057,6.38,,509925.7062,
000042.SZ,20260410,0.5022,1.0771,,577073.4287,
601069.SH,20260410,3.4066,11.333,,3179386.9393,
002205.SZ,20260410,1.9474,2.7904,,239923.6073,
301066.SZ,20260410,1.7126,3.4178,,334060.6638,
301238.SZ,20260410,1.6395,5.6359,,1474733.2663,
600980.SH,20260410,1.5459,2.9466,,426978.5147,
600252.SH,20260410,2.1048,3.0181,,824698.2351,
002136.SZ,20260410,2.0469,2.9803,,273720.46,
300199.SZ,20260410,11.4435,12.1931,,1901618.5964,
603080.SH,20260410,1.0019,1.8883,,301395.0,
002827.SZ,20260410,0.8662,2.0513,,903447.006,
688433.SH,20260410,2.179,3.5178,,3038342.3168,
603868.SH,20260410,0.411,4.1065,,1379980.8,
603506.SH,20260410,1.0522,2.7169,,231154.4459,
688358.SH,20260410,0.7275,2.4634,,333461.5731,
605277.SH,20260410,2.7272,5.9239,,774330.9591,
605167.SH,20260410,1.2917,3.4569,,780983.6897,
603650.SH,20260410,1.3341,3.4195,,3174675.5444,
920469.BJ,20260410,1.3097,1.7643,,127133.292,
300804.SZ,20260410,21.2484,21.2484,,394272.0,
601696.SH,20260410,3.0575,5.8509,,3555840.0,
001356.SZ,20260410,0.9937,1.463,,648252.0,
002582.SZ,20260410,5.4263,6.1029,,525161.3561,
001298.SZ,20260410,2.6305,2.7884,,877556.0469,
688510.SH,20260410,3.1592,4.1541,,869400.7368,
301528.SZ,20260410,1.9941,3.0219,,374866.4,
301167.SZ,20260410,4.5515,4.5515,,184912.0,
001286.SZ,20260410,1.5589,2.3967,,4076250.0,
600203.SH,20260410,2.0945,2.8316,,669483.5446,
000852.SZ,20260410,1.2035,2.5211,,674913.1884,
601611.SH,20260410,1.6125,4.8495,,4273616.9126,
600693.SH,20260410,1.9802,4.4061,,975097.6418,
002940.SZ,20260410,8.4965,14.4169,,626164.2893,
000039.SZ,20260410,2.6006,3.3692,,6422491.7785,
002508.SZ,20260410,0.6125,1.2903,,1908776.6103,
603020.SH,20260410,0.9969,1.5106,,433058.6846,
688809.SH,20260410,8.1663,8.1663,,4466945.5454,
300515.SZ,20260410,0.8674,1.7109,,374678.9445,
688562.SH,20260410,1.8331,1.8331,,753200.0,
301338.SZ,20260410,12.0235,19.5437,,1707081.6,
000911.SZ,20260410,1.3464,2.8776,,249799.5664,
601555.SH,20260410,1.4398,2.009,,4109117.2462,
002980.SZ,20260410,18.3558,29.4089,,1004015.5492,
600425.SH,20260410,1.0783,1.7704,,653114.4087,
002606.SZ,20260410,5.1956,7.2111,,522497.1318,
920703.BJ,20260410,0.6007,0.9286,,206039.708,
002543.SZ,20260410,0.8631,2.3641,,635034.4,
002642.SZ,20260410,1.5521,1.9654,,520002.126,
688123.SH,20260410,5.766,7.3091,,1802390.6491,
688777.SH,20260410,1.853,2.3956,,5300969.8309,
920078.BJ,20260410,17.2946,17.2946,,279360.0,
301339.SZ,20260410,0.565,1.9156,,763718.6491,
603808.SH,20260410,6.3222,14.2676,,397143.9367,
688280.SH,20260410,2.8547,3.4232,,602026.1003,
920160.BJ,20260410,1.8042,1.8042,,251255.04,
600048.SH,20260410,0.7002,1.1812,,6703448.3141,
000881.SZ,20260410,1.0311,1.759,,725141.6001,
300335.SZ,20260410,12.2026,13.4024,,337724.7707,
300811.SZ,20260410,4.468,6.8463,,2385056.3373,
603262.SH,20260410,3.4075,3.4075,,1024025.6,
603578.SH,20260410,2.1116,4.8666,,294448.1895,
000838.SZ,20260410,2.1998,3.3043,,235498.9044,
603052.SH,20260410,7.5534,22.8557,,1314905.1794,
920168.BJ,20260410,2.5439,2.5439,,160795.9026,
300439.SZ,20260410,1.376,1.812,,378169.714,
600022.SH,20260410,0.8918,2.1591,,1647622.8313,
688146.SH,20260410,14.9054,14.9054,,3200294.1194,
688698.SH,20260410,2.0841,4.868,,1470122.4346,
603363.SH,20260410,1.5201,2.3453,,1025566.9594,
300007.SZ,20260410,3.3436,3.7158,,1426025.6707,
000595.SZ,20260410,0.7594,1.4263,,711660.2288,
300856.SZ,20260410,0.6035,1.522,,596511.7776,
603283.SH,20260410,4.8088,7.7409,,1244959.9855,
603381.SH,20260410,3.9463,5.4281,,543791.4992,
002340.SZ,20260410,3.2347,3.5362,,4128596.8072,
688330.SH,20260410,2.1865,4.2607,,707280.0,
002927.SZ,20260410,3.6766,7.5561,,398174.8491,
301392.SZ,20260410,18.2083,18.2083,,1442000.0,
002014.SZ,20260410,0.3304,0.7811,,723352.8937,
300902.SZ,20260410,1.8457,2.8127,,327064.2608,
001213.SZ,20260410,0.3999,2.3252,,1808888.8887,
002851.SZ,20260410,4.1857,4.8242,,6112098.2755,
300447.SZ,20260410,6.0978,7.7969,,609629.852,
002761.SZ,20260410,1.0243,1.8011,,1093019.1558,
600072.SH,20260410,3.7545,5.2185,,1871310.1871,
002343.SZ,20260410,1.6202,2.2158,,306471.145,
002334.SZ,20260410,2.8869,2.9563,,685342.9198,
600745.SH,20260410,1.4006,1.9495,,3936836.1675,
000777.SZ,20260410,1.7556,2.4131,,865756.925,
920651.BJ,20260410,1.9262,5.1303,,173789.0,
600740.SH,20260410,1.264,2.9362,,1096587.8539,
000811.SZ,20260410,2.3949,3.7977,,1851963.92,
603500.SH,20260410,1.7302,3.6835,,384039.9439,
600354.SH,20260410,4.1518,5.8114,,333570.9146,
605006.SH,20260410,8.1704,25.3377,,607248.9545,
300512.SZ,20260410,1.0614,2.8712,,376498.385,
300191.SZ,20260410,10.3526,13.3766,,1324800.0,
300807.SZ,20260410,2.2391,3.4021,,355847.04,
600037.SH,20260410,0.8768,1.414,,1066101.8591,
920262.BJ,20260410,2.3528,4.0192,,139610.6537,
002247.SZ,20260410,3.0532,3.8164,,242497.964,
688232.SH,20260410,0.6278,1.7375,,706750.4351,
601689.SH,20260410,2.022,4.8602,,10496526.9032,
300705.SZ,20260410,1.3926,1.9181,,712914.8546,
002624.SZ,20260410,3.5038,4.7612,,3889636.65,
000987.SZ,20260410,1.2706,4.9756,,4204357.0032,
002265.SZ,20260410,1.5155,6.9048,,2323307.8753,
603901.SH,20260410,1.8757,3.7731,,677643.0881,
001366.SZ,20260410,1.526,4.4037,,224148.6,
601608.SH,20260410,0.5812,1.6317,,2839323.1309,
000886.SZ,20260410,1.2105,1.6586,,565609.7876,
601968.SH,20260410,1.1962,2.5858,,663405.3192,
000801.SZ,20260410,0.9873,1.9322,,1400495.5179,
601021.SH,20260410,0.5973,1.3531,,4611863.756,
000665.SZ,20260410,1.0385,1.756,,541283.1596,
688545.SH,20260410,2.7048,3.1349,,1763640.0,
688295.SH,20260410,1.4561,8.3998,,4480200.0,
688626.SH,20260410,1.0538,2.7882,,932480.0,
688775.SH,20260410,3.843,3.843,,7742508.0,
300900.SZ,20260410,11.1107,11.6257,,1236161.0998,
603798.SH,20260410,6.5362,13.9002,,423911.2715,
600862.SH,20260410,0.9622,1.7344,,2992269.4818,
300159.SZ,20260410,1.1188,1.2485,,1020030.5196,
000034.SZ,20260410,3.7602,4.0165,,2559944.0155,
600721.SH,20260410,17.0566,22.6157,,361859.3245,
002608.SZ,20260410,0.3595,2.0456,,3037576.082,
920509.BJ,20260410,1.98,2.8892,,471459.0519,
600641.SH,20260410,8.0923,11.5811,,2054830.8634,
600993.SH,20260410,0.5723,0.8743,,1097463.2065,
601139.SH,20260410,0.8073,3.3015,,2082762.0058,
300410.SZ,20260410,5.134,6.5928,,317187.1846,
300301.SZ,20260410,3.3336,3.604,,262238.531,
300285.SZ,20260410,4.7203,4.9451,,3276300.7105,
301382.SZ,20260410,4.6786,5.3898,,975874.3666,
301515.SZ,20260410,2.6356,3.1962,,225100.0,
300279.SZ,20260410,2.9251,3.9707,,419158.2629,
301529.SZ,20260410,6.6262,7.8535,,936602.7984,
300619.SZ,20260410,5.0986,6.3165,,731320.5626,
300562.SZ,20260410,2.724,2.9553,,290100.364,
300958.SZ,20260410,3.4792,3.7133,,206422.0745,
603888.SH,20260410,1.4846,3.9297,,1358922.6704,
300802.SZ,20260410,2.1416,2.9627,,535771.5889,
000401.SZ,20260410,0.5513,1.5266,,1262653.1866,
600191.SH,20260410,0.9046,1.9382,,582888.264,
300355.SZ,20260410,15.9547,17.0746,,648113.8007,
920299.BJ,20260410,4.1336,5.8806,,213739.2027,
300476.SZ,20260410,5.6538,8.2023,,25284093.2588,
300416.SZ,20260410,3.0732,4.4038,,903180.9035,
600250.SH,20260410,12.3704,26.1236,,391302.0464,
605358.SH,20260410,2.4644,3.3003,,2383391.2255,
603682.SH,20260410,1.2616,3.0038,,298147.5,
605289.SH,20260410,6.2085,12.3744,,1248135.875,
301518.SZ,20260410,6.4711,6.5743,,598752.5237,
688298.SH,20260410,0.7128,1.3857,,463478.4,
603505.SH,20260410,1.7789,3.9265,,1478812.1044,
600573.SH,20260410,3.8858,7.7838,,318250.0,
300249.SZ,20260410,7.5504,9.4634,,743103.2459,
000059.SZ,20260410,1.1361,2.1451,,850903.4297,
600830.SH,20260410,1.1506,1.6792,,397532.4036,
688061.SH,20260410,2.1933,2.1933,,359833.5726,
600868.SH,20260410,2.6133,2.8142,,666250.1863,
605168.SH,20260410,1.5666,3.397,,761681.7704,
920971.BJ,20260410,2.5362,4.9256,,275330.5652,
002202.SZ,20260410,5.9961,8.7962,,10166659.2733,
600052.SH,20260410,0.9762,1.5984,,334301.1174,
601577.SH,20260410,0.3126,0.5351,,3792325.19,
301035.SZ,20260410,0.5236,1.6107,,2324783.6647,
300358.SZ,20260410,1.5471,2.2897,,717952.9503,
600369.SH,20260410,0.8809,1.675,,2817526.2686,
301015.SZ,20260410,2.3499,9.4374,,1251510.9273,
300450.SZ,20260410,4.4986,6.6199,,8757852.3213,
600359.SH,20260410,3.3211,5.5646,,272400.1535,
601949.SH,20260410,0.4413,1.9247,,1214731.6185,
603899.SH,20260410,0.2339,0.6426,,2375182.6023,
000862.SZ,20260410,5.6515,7.4317,,561788.274,
300048.SZ,20260410,2.897,3.5561,,768370.5001,
002976.SZ,20260410,3.2465,5.1316,,420060.1277,
300030.SZ,20260410,3.4234,4.4147,,238383.4199,
920187.BJ,20260410,3.4956,3.4956,,222705.6,
300387.SZ,20260410,3.0338,4.9878,,253503.0048,
603687.SH,20260410,15.8009,31.3235,,922403.4359,
002722.SZ,20260410,0.8425,1.4008,,325774.9947,
301297.SZ,20260410,1.0251,2.283,,2593724.717,
002111.SZ,20260410,1.6445,2.3897,,528818.3287,
600229.SH,20260410,0.5377,1.4126,,401710.3327,
920351.BJ,20260410,3.0525,3.4466,,161633.066,
688099.SH,20260410,2.1796,2.6862,,3461139.0076,
300352.SZ,20260410,5.4057,5.6491,,1032274.7499,
600248.SH,20260410,0.2276,0.7119,,1282729.2031,
605066.SH,20260410,1.7379,2.9659,,413895.1025,
301502.SZ,20260410,2.7019,3.641,,249169.4775,
003018.SZ,20260410,4.6366,14.1868,,838500.0,
301601.SZ,20260410,1.4126,1.7028,,320715.84,
603556.SH,20260410,0.496,1.5197,,1672262.4806,
002727.SZ,20260410,1.1808,1.4864,,735518.781,
002959.SZ,20260410,1.8871,5.7254,,666967.4742,
688435.SH,20260410,2.5794,2.919,,363058.0,
001270.SZ,20260410,3.4531,6.543,,2534801.0525,
002159.SZ,20260410,3.8201,5.5665,,320383.4943,
688127.SH,20260410,2.4203,4.8776,,2766192.8255,
603192.SH,20260410,0.7022,2.336,,406521.0373,
300368.SZ,20260410,6.0676,8.667,,585011.4834,
000553.SZ,20260410,0.5802,3.6198,,1481760.2832,
601600.SH,20260410,2.4919,4.1116,,21186389.5888,
300631.SZ,20260410,2.398,3.2652,,335991.6803,
603199.SH,20260410,2.2245,4.017,,418259.72,
301522.SZ,20260410,1.775,2.7012,,1175098.6677,
688189.SH,20260410,2.805,5.0346,,211562.4,
002429.SZ,20260410,2.1026,4.5655,,4626533.3004,
000869.SZ,20260410,0.2817,1.1693,,1265187.2464,
001367.SZ,20260410,12.0577,12.0577,,388495.56,
603166.SH,20260410,1.0274,2.5163,,881958.7893,
600156.SH,20260410,4.3853,7.3472,,327720.2221,
002549.SZ,20260410,7.1036,12.8774,,1346888.8842,
002373.SZ,20260410,1.2032,1.6488,,1520141.0628,
603860.SH,20260410,2.0897,3.887,,212375.8,
002003.SZ,20260410,0.581,0.8579,,1154411.8531,
603230.SH,20260410,10.795,38.1603,,444378.411,
301289.SZ,20260410,0.7352,2.9988,,423930.0,
000920.SZ,20260410,1.314,2.8137,,552966.7081,
300019.SZ,20260410,2.4016,4.4026,,772867.4322,
300024.SZ,20260410,1.2285,1.6512,,2335904.9654,
920061.BJ,20260410,3.2756,6.3609,,167843.09,
300772.SZ,20260410,3.6849,6.1658,,1329772.6215,
600392.SH,20260410,4.5265,6.1368,,4411864.4767,
600475.SH,20260410,1.5657,4.9773,,1680587.7516,
688543.SH,20260410,6.3675,6.3675,,1476304.2959,
000898.SZ,20260410,0.4275,1.6548,,2201766.9956,
600546.SH,20260410,1.1048,2.6248,,2256035.0873,
301231.SZ,20260410,6.896,8.3712,,268814.0,
301551.SZ,20260410,2.8388,3.4198,,1186429.66,
600961.SH,20260410,2.1207,3.4157,,1914004.9022,
603596.SH,20260410,1.5323,2.4567,,2785711.614,
301137.SZ,20260410,2.2485,6.6485,,794160.9312,
605122.SH,20260410,1.2648,3.8102,,220957.828,
301012.SZ,20260410,4.0068,6.281,,585168.6413,
002446.SZ,20260410,2.7773,2.8526,,902599.9039,
600515.SH,20260410,0.5858,0.9769,,4147387.3855,
300148.SZ,20260410,2.7959,3.1826,,365766.2349,
603878.SH,20260410,1.7192,2.8311,,424220.4285,
002443.SZ,20260410,3.1336,3.9809,,441414.121,
301141.SZ,20260410,11.582,11.582,,655140.2196,
300886.SZ,20260410,2.8982,3.6938,,216689.806,
600050.SH,20260410,0.4244,0.9943,,14256577.9491,
300149.SZ,20260410,8.317,9.4556,,557719.671,
002197.SZ,20260410,2.9725,3.4576,,466915.8253,
688270.SH,20260410,6.3376,8.8934,,3200927.6264,
300093.SZ,20260410,1.4455,1.4846,,1018440.0,
600026.SH,20260410,2.9557,8.1594,,13176647.4428,
002145.SZ,20260410,0.8774,1.3441,,1747262.532,
300310.SZ,20260410,3.5452,3.5549,,542219.9966,
600338.SH,20260410,5.7869,6.2625,,1629122.5194,
300255.SZ,20260410,2.1295,3.0676,,3773663.9651,
002116.SZ,20260410,1.0701,2.021,,483028.4288,
000027.SZ,20260410,0.6398,2.5609,,3154149.5143,
688685.SH,20260410,2.1424,3.3698,,586672.4097,
688191.SH,20260410,1.941,3.7344,,949766.517,
603976.SH,20260410,0.7627,2.65,,303617.2284,
688063.SH,20260410,5.7538,8.2465,,1752355.7564,
002217.SZ,20260410,4.9494,6.9879,,1899767.3277,
920689.BJ,20260410,2.1851,2.7466,,202730.8,
000532.SZ,20260410,2.3744,4.4882,,470871.5924,
002326.SZ,20260410,5.2219,6.5603,,2175900.1999,
002808.SZ,20260410,3.0898,3.4826,,124723.2,
603903.SH,20260410,3.7298,6.771,,305106.7786,
300086.SZ,20260410,11.4175,16.1216,,373202.017,
600298.SH,20260410,0.4935,0.8034,,3565450.9805,
600509.SH,20260410,3.2427,4.9459,,1106389.9126,
920020.BJ,20260410,1.0727,1.0727,,350914.2,
