ts_code,trade_date,turnover_rate,turnover_rate_f,volume_ratio,total_mv,float_mv
600131.SH,20260313,4.7917,11.5227,,2639976.1619,
920263.BJ,20260313,0.6565,1.0489,,168502.7749,
002799.SZ,20260313,2.7726,5.1879,,286115.76,
603390.SH,20260313,1.2057,3.2819,,428312.1165,
688612.SH,20260313,1.2498,1.4017,,1211034.4151,
002628.SZ,20260313,4.2503,5.3562,,392935.1154,
301584.SZ,20260313,8.0551,8.0551,,1223843.1186,
301132.SZ,20260313,5.485,10.8438,,587310.0635,
301314.SZ,20260313,8.5536,8.5536,,266968.0,
688662.SH,20260313,7.3699,13.1776,,537381.6,
002576.SZ,20260313,3.1187,4.3926,,315010.8,
600665.SH,20260313,1.0413,2.4509,,304171.1274,
300629.SZ,20260313,11.339,12.7187,,669037.7313,
920690.BJ,20260313,1.3893,2.6092,,185109.6,
600568.SH,20260313,2.2031,3.5919,,609818.1224,
002601.SZ,20260313,1.5886,2.0913,,4658820.7014,
300382.SZ,20260313,1.5554,2.3618,,805312.7925,
600774.SH,20260313,1.4843,3.5636,,279395.6847,
301362.SZ,20260313,10.7475,10.7475,,1081031.76,
600318.SH,20260313,7.7229,10.1084,,446073.0398,
603318.SH,20260313,12.2045,21.336,,475909.621,
300110.SZ,20260313,2.287,2.8596,,391312.497,
301129.SZ,20260313,6.8013,12.0649,,378202.4642,
002171.SZ,20260313,2.425,3.2141,,2012442.9613,
002775.SZ,20260313,1.8908,3.6191,,283775.7202,
001227.SZ,20260313,2.0924,2.3536,,1344184.5316,
301508.SZ,20260313,3.0202,3.0202,,718724.8508,
000750.SZ,20260313,0.9479,1.3689,,2592786.8377,
300190.SZ,20260313,5.0616,7.2823,,403885.806,
301458.SZ,20260313,3.002,3.4588,,970133.4546,
600678.SH,20260313,7.6925,9.6765,,400640.52,
300973.SZ,20260313,2.1813,2.8331,,625035.863,
603908.SH,20260313,1.2836,3.2574,,232724.343,
300287.SZ,20260313,1.4929,1.526,,678884.5112,
603169.SH,20260313,8.5037,15.7737,,1672053.5014,
605507.SH,20260313,1.5937,3.4795,,1634558.7375,
002082.SZ,20260313,2.3803,4.3472,,1132236.4408,
601108.SH,20260313,0.8391,1.2414,,3854323.7191,
920519.BJ,20260313,1.9768,2.2711,,114518.1474,
301229.SZ,20260313,1.3644,1.7828,,339565.9759,
301378.SZ,20260313,4.2529,5.4579,,328150.2,
920981.BJ,20260313,1.6075,2.4411,,229862.808,
601100.SH,20260313,0.3794,1.064,,14440642.0838,
688075.SH,20260313,0.2295,0.8847,,501722.9141,
600478.SH,20260313,3.992,5.6045,,1302452.9963,
688600.SH,20260313,2.7273,4.9335,,357785.7494,
301336.SZ,20260313,2.5826,3.2556,,222480.0,
301285.SZ,20260313,2.4188,2.4194,,1628559.6,
920036.BJ,20260313,46.9565,46.9565,,302639.7799,
603266.SH,20260313,1.4741,3.2894,,399961.2543,
603076.SH,20260313,1.8209,3.6876,,320220.6656,
300880.SZ,20260313,9.1688,20.3583,,456230.9606,
300175.SZ,20260313,0.8372,1.1009,,306020.0,
301281.SZ,20260313,8.7959,12.6671,,537226.69,
300508.SZ,20260313,2.6906,4.3883,,444093.0264,
002058.SZ,20260313,0.6229,1.1738,,304110.4638,
688303.SH,20260313,0.784,3.1352,,5105589.6231,
600262.SH,20260313,1.8238,2.9668,,457810.0,
002375.SZ,20260313,1.0832,2.3366,,561458.5327,
000799.SZ,20260313,2.6657,3.8635,,1537888.8623,
300333.SZ,20260313,1.2344,1.4413,,336000.0,
301230.SZ,20260313,2.4278,3.9842,,552623.3692,
002386.SZ,20260313,3.6128,5.3887,,838260.715,
300720.SZ,20260313,10.6928,23.4812,,958406.345,
600006.SH,20260313,0.7438,1.8645,,1380000.0,
603520.SH,20260313,0.9997,1.2872,,433148.9624,
300703.SZ,20260313,3.3187,4.9617,,381167.9579,
002983.SZ,20260313,3.495,6.9983,,573247.3002,
002668.SZ,20260313,1.3218,2.6537,,1040746.9709,
920694.BJ,20260313,2.4405,4.5031,,262063.5364,
300656.SZ,20260313,1.7579,2.2375,,399748.1682,
300477.SZ,20260313,2.9213,2.9677,,307669.3632,
301161.SZ,20260313,1.5194,1.8735,,389880.0,
300893.SZ,20260313,0.8727,1.3104,,1030196.7573,
300853.SZ,20260313,2.2192,2.4887,,318291.5622,
301516.SZ,20260313,11.4152,11.4152,,531368.4222,
688301.SH,20260313,0.8897,1.4308,,2468457.2487,
603886.SH,20260313,1.2703,2.5152,,306480.0,
001324.SZ,20260313,13.7287,18.2146,,289938.0,
605099.SH,20260313,0.6502,6.2389,,1645147.2786,
000019.SZ,20260313,5.0271,7.729,,874774.2578,
605177.SH,20260313,1.8348,3.7435,,259281.0289,
002315.SZ,20260313,3.5684,4.2805,,1327949.3476,
603097.SH,20260313,3.3976,11.3249,,616186.5183,
600763.SH,20260313,1.8576,2.8099,,1987305.5468,
603000.SH,20260313,2.4245,5.5807,,2243447.1526,
603801.SH,20260313,0.8241,1.5329,,412199.4758,
300095.SZ,20260313,2.5892,2.8286,,436473.6804,
603060.SH,20260313,0.9002,2.8499,,547497.2251,
600422.SH,20260313,0.5787,0.9039,,919725.5448,
603320.SH,20260313,2.366,5.8249,,345124.3137,
002451.SZ,20260313,6.0572,9.8064,,486940.35,
300471.SZ,20260313,7.7854,10.6181,,722633.9695,
000677.SZ,20260313,2.5894,3.6038,,433716.9299,
002483.SZ,20260313,1.6037,2.3943,,700310.0463,
300516.SZ,20260313,2.1066,6.5837,,1095480.0,
002267.SZ,20260313,2.3477,6.6005,,904117.3368,
000698.SZ,20260313,1.3328,2.4218,,336820.4163,
300184.SZ,20260313,3.5441,3.6292,,1228151.2742,
301330.SZ,20260313,2.6483,6.4328,,892217.7261,
601002.SH,20260313,1.3738,2.4977,,524942.396,
688121.SH,20260313,2.6687,3.8201,,299726.7658,
002047.SZ,20260313,3.7461,5.6684,,883972.988,
300210.SZ,20260313,1.1109,1.4817,,435313.7377,
603890.SH,20260313,1.4661,2.166,,645190.7636,
601827.SH,20260313,0.7006,2.486,,1551554.1024,
301267.SZ,20260313,0.5331,2.0555,,1487640.0,
300514.SZ,20260313,3.606,4.7742,,294200.0,
600825.SH,20260313,1.0078,2.0775,,641561.1399,
688202.SH,20260313,3.866,6.5276,,871139.5611,
000633.SZ,20260313,2.1258,2.6821,,279587.2268,
002757.SZ,20260313,4.7905,7.5652,,619866.5055,
920719.BJ,20260313,6.6193,7.2562,,117297.684,
002007.SZ,20260313,0.4835,0.7785,,2788698.8723,
301367.SZ,20260313,0.8682,1.409,,646016.0,
002084.SZ,20260313,8.8267,15.0227,,277158.0412,
920438.BJ,20260313,1.4223,2.3158,,582336.425,
300072.SZ,20260313,10.0892,16.1457,,1395733.8594,
000825.SZ,20260313,1.3789,3.7585,,2825338.9068,
300332.SZ,20260313,9.4991,11.4605,,535511.0169,
301045.SZ,20260313,6.5325,7.0725,,533389.2609,
688116.SH,20260313,3.2874,3.7754,,1625936.0452,
300181.SZ,20260313,0.9204,0.9728,,1141157.194,
603637.SH,20260313,2.9569,3.7532,,293822.3146,
000968.SZ,20260313,6.576,15.2205,,915257.5164,
605179.SH,20260313,0.4607,2.2125,,723805.0,
600089.SH,20260313,4.0482,4.9393,,15320067.0753,
600756.SH,20260313,9.2986,11.493,,616395.4915,
300327.SZ,20260313,2.6673,3.49,,889269.2981,
002679.SZ,20260313,1.3881,3.8164,,265697.012,
603313.SH,20260313,0.9416,1.7286,,518663.4785,
688605.SH,20260313,2.7819,3.4339,,1258802.7043,
301047.SZ,20260313,0.4946,1.304,,865810.3296,
002176.SZ,20260313,4.1741,5.0324,,1708031.9066,
300829.SZ,20260313,9.0125,9.3677,,463186.6681,
000970.SZ,20260313,2.0842,2.7627,,1637582.6162,
600692.SH,20260313,2.4254,2.605,,284577.1278,
603113.SH,20260313,9.203,18.2643,,695762.3051,
300261.SZ,20260313,5.903,9.0989,,705142.5328,
920982.BJ,20260313,0.6874,0.8634,,2143782.3495,
001332.SZ,20260313,6.4838,11.2147,,668133.03,
002886.SZ,20260313,3.6084,4.8799,,616685.9528,
300437.SZ,20260313,31.1154,37.0141,,524282.3861,
603356.SH,20260313,4.9432,7.0132,,260279.68,
002869.SZ,20260313,6.7649,8.7143,,406904.4793,
601518.SH,20260313,1.0455,3.3083,,576618.7165,
300308.SZ,20260313,1.9175,2.5462,,60224835.9395,
300425.SZ,20260313,2.0414,3.2716,,366354.7461,
603182.SH,20260313,1.1833,1.8098,,261469.95,
300003.SZ,20260313,3.5674,4.9269,,3257281.6932,
002252.SZ,20260313,0.3961,0.6909,,4135464.5535,
300946.SZ,20260313,1.476,2.3502,,747277.362,
000812.SZ,20260313,1.6336,1.9682,,327463.0536,
002612.SZ,20260313,2.1234,2.9156,,776934.0785,
301548.SZ,20260313,7.0501,7.4003,,658503.0,
920953.BJ,20260313,3.9473,6.6083,,439437.8457,
300047.SZ,20260313,3.6087,3.6813,,819501.9035,
002802.SZ,20260313,2.0157,3.5874,,255222.786,
300942.SZ,20260313,1.1009,2.5221,,386030.5321,
000157.SZ,20260313,0.9214,1.3838,,7922058.2762,
300305.SZ,20260313,2.1843,2.9957,,257149.2548,
601096.SH,20260313,3.8339,7.8054,,1736175.6521,
688501.SH,20260313,1.3847,2.3069,,331186.516,
688141.SH,20260313,3.9782,6.2292,,2291686.6682,
300203.SZ,20260313,1.613,2.1255,,649772.0448,
603825.SH,20260313,0.4912,0.7777,,228002.8968,
600668.SH,20260313,1.2169,1.4513,,455842.2558,
603848.SH,20260313,0.2816,1.6458,,670409.2473,
300290.SZ,20260313,2.202,2.753,,996063.6099,
603877.SH,20260313,0.3495,1.1863,,727812.0106,
920639.BJ,20260313,3.8623,4.962,,173779.2,
000909.SZ,20260313,1.1332,1.9349,,261315.4043,
300582.SZ,20260313,2.7911,3.0846,,471687.651,
600895.SH,20260313,0.9524,1.8585,,5767319.8842,
603933.SH,20260313,1.1094,3.0209,,446635.9254,
605566.SH,20260313,1.2898,2.9421,,361751.42,
300219.SZ,20260313,8.2207,12.7835,,592548.7145,
002338.SZ,20260313,0.8733,1.4902,,1224480.0,
301396.SZ,20260313,29.4775,29.811,,2348818.4691,
000783.SZ,20260313,0.7214,1.2553,,4175205.0757,
600193.SH,20260313,1.2076,1.4166,,195246.207,
600690.SH,20260313,0.4956,0.8571,,23519095.1622,
002029.SZ,20260313,1.5934,2.6972,,726174.2431,
301197.SZ,20260313,2.6942,3.7285,,280617.12,
300821.SZ,20260313,3.9168,9.4623,,1574400.0,
920425.BJ,20260313,1.5202,2.2702,,160174.7254,
300457.SZ,20260313,2.3462,3.9906,,1614884.1083,
920339.BJ,20260313,0.6989,1.9304,,203688.515,
688291.SH,20260313,1.4161,4.3183,,426066.805,
920809.BJ,20260313,5.4961,5.4961,,442098.9,
000960.SZ,20260313,2.7136,4.8275,,6069998.4709,
300651.SZ,20260313,9.3571,12.0076,,389032.6904,
601872.SH,20260313,1.977,6.2819,,12580130.9861,
002526.SZ,20260313,2.8856,3.6622,,675678.8638,
300442.SZ,20260313,3.7986,9.3545,,13653306.2088,
688278.SH,20260313,0.7202,1.8265,,2889573.3289,
920414.BJ,20260313,5.8115,6.6231,,110211.9723,
000686.SZ,20260313,0.6674,1.1628,,2015129.9598,
000893.SZ,20260313,2.3392,3.4721,,6393510.1629,
600208.SH,20260313,0.7954,1.8487,,2978129.28,
000036.SZ,20260313,2.6809,3.8234,,708928.4561,
600872.SH,20260313,1.5193,1.9758,,1443356.1087,
601008.SH,20260313,1.5103,3.6744,,636447.2971,
603383.SH,20260313,0.8709,1.4955,,661525.949,
300565.SZ,20260313,7.3079,7.5448,,340597.0908,
920375.BJ,20260313,31.5499,36.7757,,196601.8468,
688277.SH,20260313,1.6108,2.2805,,1093924.8896,
920523.BJ,20260313,2.0679,2.6846,,260547.1211,
002199.SZ,20260313,0.7925,1.2548,,192562.9091,
002758.SZ,20260313,4.5264,7.9301,,564975.9214,
688307.SH,20260313,5.9185,8.9168,,491097.768,
603341.SH,20260313,1.7927,1.964,,2167183.4007,
300784.SZ,20260313,3.0421,3.0421,,294516.3112,
688553.SH,20260313,0.9974,1.3787,,752737.2,
300109.SZ,20260313,2.3182,2.4559,,889471.5092,
000070.SZ,20260313,10.2644,16.4934,,1538689.1948,
300566.SZ,20260313,4.0445,4.4796,,538887.1049,
600227.SH,20260313,31.164,37.7251,,737973.9983,
688177.SH,20260313,0.2618,0.8983,,922156.16,
601186.SH,20260313,1.8158,4.5939,,10198235.6665,
600506.SH,20260313,3.9798,6.7972,,433194.7151,
600892.SH,20260313,0.7582,1.1638,,203085.5002,
002290.SZ,20260313,1.7035,3.0389,,1570551.0489,
600787.SH,20260313,1.4634,2.8347,,1280346.9534,
600985.SH,20260313,1.414,3.6676,,3821734.1081,
002581.SZ,20260313,1.8784,2.1711,,517892.435,
002803.SZ,20260313,2.7039,2.9971,,823340.8665,
603077.SH,20260313,12.5859,18.7418,,2896744.2108,
000919.SZ,20260313,0.9594,1.6462,,458358.3771,
603629.SH,20260313,12.5562,23.0473,,1618884.6,
300581.SZ,20260313,1.1786,2.2614,,794908.294,
603733.SH,20260313,0.448,2.1996,,1701368.7076,
688660.SH,20260313,4.1658,10.6816,,2060000.103,
920021.BJ,20260313,6.4644,7.8135,,309926.9829,
300616.SZ,20260313,1.7221,1.9826,,294789.4817,
300561.SZ,20260313,6.5085,11.0314,,417681.4522,
688227.SH,20260313,1.2455,2.1389,,783133.8899,
002826.SZ,20260313,8.5641,11.4429,,415486.8173,
002027.SZ,20260313,0.8884,1.3182,,9921791.2118,
688092.SH,20260313,1.1606,2.4665,,253777.6818,
002121.SZ,20260313,4.7333,6.2616,,1591062.3871,
600960.SH,20260313,2.2513,4.0754,,518030.9573,
601099.SH,20260313,1.4925,1.6754,,2719710.2316,
600526.SH,20260313,1.1641,2.1016,,519002.4586,
300938.SZ,20260313,6.0514,9.8893,,966923.9979,
002968.SZ,20260313,1.4004,2.8546,,282394.6732,
300793.SZ,20260313,2.1916,3.0482,,610775.3124,
002378.SZ,20260313,10.2291,23.8032,,4435634.0229,
600488.SH,20260313,0.9079,2.0689,,460776.179,
001268.SZ,20260313,1.9336,2.7148,,335672.6687,
601198.SH,20260313,0.6776,1.2319,,4376731.2341,
600276.SH,20260313,0.3828,0.628,,36577608.5056,
605333.SH,20260313,0.2885,1.2493,,1246876.5709,
002035.SZ,20260313,1.7582,2.1935,,531478.8185,
605081.SH,20260313,1.7544,2.4356,,107924.4596,
301317.SZ,20260313,11.264,13.1237,,900698.7,
301306.SZ,20260313,14.2577,21.1682,,918525.2,
688348.SH,20260313,3.6581,9.8593,,916098.324,
002114.SZ,20260313,6.1881,8.5232,,307872.2942,
688590.SH,20260313,3.0052,4.2244,,390665.7623,
002301.SZ,20260313,0.9447,1.6441,,522226.9435,
603639.SH,20260313,1.2656,3.6834,,505241.701,
600130.SH,20260313,2.0448,2.4575,,342750.0,
605377.SH,20260313,2.2904,4.2853,,566690.3328,
300094.SZ,20260313,4.0196,5.2235,,399371.2076,
300862.SZ,20260313,2.6122,2.9791,,428682.7684,
000692.SZ,20260313,2.4528,3.5035,,224855.5159,
600299.SH,20260313,2.3058,16.2,,4761338.7313,
688408.SH,20260313,3.2349,5.4626,,978348.2469,
300596.SZ,20260313,2.6617,3.9648,,1086101.0249,
920092.BJ,20260313,2.834,5.0351,,212933.371,
920185.BJ,20260313,1.8729,6.9736,,3523837.4722,
688529.SH,20260313,0.868,1.5401,,313816.3283,
688616.SH,20260313,2.7979,6.1683,,261354.1321,
603289.SH,20260313,1.5821,4.322,,332996.5627,
002611.SZ,20260313,2.1447,2.5512,,2059648.4873,
603528.SH,20260313,1.0569,2.2782,,608511.7729,
688609.SH,20260313,1.1916,1.4443,,428500.0,
301041.SZ,20260313,5.752,6.6928,,310225.44,
300067.SZ,20260313,4.5674,5.6386,,562180.4175,
920527.BJ,20260313,1.385,1.6658,,106515.7498,
603329.SH,20260313,1.2059,2.1917,,279557.2137,
000700.SZ,20260313,2.8928,4.5783,,1139257.0977,
603069.SH,20260313,1.0232,2.3859,,606720.0,
600976.SH,20260313,0.6537,0.9014,,487654.1494,
300947.SZ,20260313,2.143,3.4788,,270083.0628,
300846.SZ,20260313,17.5587,19.0459,,1612787.5233,
000007.SZ,20260313,3.0392,4.5764,,474287.3722,
003816.SZ,20260313,0.692,4.0448,,21865954.9223,
000788.SZ,20260313,1.9545,2.9149,,362360.3544,
920931.BJ,20260313,2.6332,2.6332,,125584.41,
002632.SZ,20260313,4.3096,9.4331,,829467.5915,
301277.SZ,20260313,0.5284,2.0509,,485785.1376,
300142.SZ,20260313,1.6487,1.6487,,1928814.3404,
920508.BJ,20260313,3.1874,5.0643,,135060.0,
002332.SZ,20260313,0.9227,1.1777,,898198.0183,
002762.SZ,20260313,2.4733,3.183,,248171.525,
603232.SH,20260313,9.1332,12.8208,,547050.0897,
300025.SZ,20260313,1.6289,1.9367,,298152.6523,
300605.SZ,20260313,2.7662,2.9903,,249359.9564,
300033.SZ,20260313,2.2224,3.4974,,17105356.8,
301223.SZ,20260313,0.9226,1.963,,382392.5688,
000655.SZ,20260313,3.821,9.1874,,622130.5404,
605009.SH,20260313,0.4019,1.2048,,638100.7033,
688458.SH,20260313,1.7975,1.7975,,423169.9704,
603271.SH,20260313,2.6831,3.1338,,904912.0,
600674.SH,20260313,1.0465,3.1086,,7662881.9336,
603198.SH,20260313,0.2828,1.018,,2838400.0,
002603.SZ,20260313,0.6597,1.2057,,2826833.4962,
002351.SZ,20260313,0.7562,0.968,,1038476.976,
688237.SH,20260313,1.0081,2.2602,,434240.0116,
000821.SZ,20260313,2.6498,3.4453,,858944.3189,
002782.SZ,20260313,4.4373,10.7003,,1251813.1688,
920116.BJ,20260313,1.3101,4.5415,,1541029.875,
000567.SZ,20260313,0.6275,2.5576,,1073071.0931,
300402.SZ,20260313,2.5461,5.6091,,525416.9681,
002849.SZ,20260313,3.7197,4.7694,,400671.3731,
002358.SZ,20260313,5.7673,7.3457,,808888.57,
300141.SZ,20260313,3.6855,7.6896,,370264.8456,
600010.SH,20260313,4.606,7.2478,,12997833.7529,
600861.SH,20260313,0.7564,1.2306,,956164.3807,
300560.SZ,20260313,3.1825,3.9892,,355643.1269,
601958.SH,20260313,1.5549,5.6246,,7059810.4272,
000701.SZ,20260313,1.7038,2.8595,,402324.4898,
601208.SH,20260313,7.3283,9.5296,,3352797.1878,
601026.SH,20260313,18.5966,18.5966,,1477056.0,
002425.SZ,20260313,1.3931,1.7346,,334832.7731,
688271.SH,20260313,0.7309,1.4333,,9830556.4809,
600592.SH,20260313,1.248,2.0081,,873823.6598,
600997.SH,20260313,2.4039,7.825,,1090818.4976,
603176.SH,20260313,1.0459,3.3278,,272310.8319,
600216.SH,20260313,5.9538,9.551,,1707868.644,
600419.SH,20260313,1.2203,1.9492,,303522.4295,
603758.SH,20260313,0.6399,1.8157,,598080.3778,
688648.SH,20260313,3.8478,4.3715,,838712.0,
300403.SZ,20260313,1.6079,1.9013,,764604.0,
301105.SZ,20260313,6.8411,6.8411,,275300.0,
301611.SZ,20260313,4.1675,4.3932,,4687872.0,
000885.SZ,20260313,1.4721,5.2287,,931013.4698,
605098.SH,20260313,1.3181,3.2095,,664467.1292,
301568.SZ,20260313,9.2232,9.2232,,589295.6888,
301095.SZ,20260313,2.0204,3.2155,,1463253.6289,
002400.SZ,20260313,4.1662,5.1478,,1577720.1008,
600984.SH,20260313,5.8396,9.5913,,555613.4149,
688060.SH,20260313,1.035,3.3766,,287771.8706,
600331.SH,20260313,2.7438,3.9947,,4641291.2,
688281.SH,20260313,0.89,1.723,,2218725.2945,
002675.SZ,20260313,1.0883,1.3651,,1094238.5005,
920001.BJ,20260313,10.3161,20.5834,,301934.4409,
603818.SH,20260313,1.46,2.5188,,262946.2965,
002485.SZ,20260313,2.1444,8.7202,,279072.0,
600480.SH,20260313,0.7772,1.4062,,1316400.3279,
002577.SZ,20260313,0.6611,1.5869,,471275.152,
002281.SZ,20260313,11.3676,18.8112,,7174574.1383,
603276.SH,20260313,2.5055,2.5055,,370031.4037,
002556.SZ,20260313,3.4723,5.5806,,657830.0656,
300245.SZ,20260313,2.0169,2.4967,,367280.1627,
002630.SZ,20260313,3.2734,3.2734,,275126.4,
002703.SZ,20260313,8.6591,16.4338,,1871488.6736,
688350.SH,20260313,1.6692,2.8531,,409249.9022,
300876.SZ,20260313,7.8569,12.1048,,314200.5226,
603048.SH,20260313,1.1175,3.9181,,322254.72,
601015.SH,20260313,14.0676,37.7756,,1070268.7628,
603270.SH,20260313,2.7615,2.7615,,550615.0542,
301071.SZ,20260313,7.1339,9.9804,,1314375.1807,
601666.SH,20260313,1.8212,3.7854,,2244651.7987,
300789.SZ,20260313,0.9944,1.3014,,312871.699,
301192.SZ,20260313,1.4329,2.4031,,285214.5,
003001.SZ,20260313,1.9787,2.6219,,331087.7521,
603730.SH,20260313,0.746,3.8816,,1955212.6066,
688707.SH,20260313,1.8299,2.6256,,740216.9983,
300752.SZ,20260313,7.036,8.4862,,446029.9621,
920873.BJ,20260313,0.8865,1.0241,,118261.3785,
300445.SZ,20260313,1.619,2.1609,,441854.427,
000025.SZ,20260313,0.9257,2.0066,,732799.144,
300017.SZ,20260313,14.7843,16.7879,,4365523.3542,
300867.SZ,20260313,2.2296,2.7702,,522286.3039,
300803.SZ,20260313,2.3098,3.8288,,6297321.1062,
600615.SH,20260313,1.537,2.1969,,285866.3809,
002482.SZ,20260313,1.7749,3.7891,,671422.263,
300541.SZ,20260313,5.3112,5.3112,,656677.9393,
688663.SH,20260313,3.7577,6.0449,,878557.266,
600141.SH,20260313,3.7015,5.544,,4900695.1368,
600280.SH,20260313,1.6418,3.8184,,384762.1627,
688400.SH,20260313,3.5117,6.2085,,2069796.076,
920037.BJ,20260313,8.8118,8.8118,,807983.3293,
301559.SZ,20260313,3.3018,3.3018,,1083000.0,
300271.SZ,20260313,1.7238,2.2752,,599153.1767,
603728.SH,20260313,0.7133,1.6726,,2576965.14,
600613.SH,20260313,1.4187,2.7225,,338601.4122,
300518.SZ,20260313,9.1655,12.7193,,420957.8369,
600018.SH,20260313,0.25,2.0602,,12059019.5411,
301557.SZ,20260313,9.1935,9.1935,,477638.8494,
600199.SH,20260313,2.1945,3.0102,,588728.1575,
000597.SZ,20260313,1.0166,2.3481,,757783.8687,
002857.SZ,20260313,10.9696,16.0505,,342130.446,
002275.SZ,20260313,0.3699,1.3681,,822008.4714,
600869.SH,20260313,2.3031,4.9858,,2969493.9741,
002234.SZ,20260313,2.7453,3.7885,,326277.7982,
600570.SH,20260313,1.2062,1.5228,,5169083.2452,
600628.SH,20260313,9.702,17.4015,,586069.0979,
300021.SZ,20260313,4.4243,6.0148,,493803.4875,
603167.SH,20260313,1.908,3.1894,,447563.8559,
600159.SH,20260313,2.2401,4.2833,,259791.0116,
688618.SH,20260313,1.1746,3.1439,,358984.7825,
301117.SZ,20260313,7.6438,8.5346,,677489.4119,
002805.SZ,20260313,10.1913,14.638,,504112.5144,
688168.SH,20260313,0.7072,1.0812,,529952.2375,
300550.SZ,20260313,1.1791,2.3498,,337127.221,
920792.BJ,20260313,1.0936,1.6967,,207918.24,
002186.SZ,20260313,1.2348,2.2028,,335158.3741,
605020.SH,20260313,1.8202,3.0846,,1450214.3546,
002282.SZ,20260313,1.3685,2.0147,,413041.2648,
001223.SZ,20260313,0.5555,2.2206,,489537.888,
300460.SZ,20260313,2.1181,2.6378,,263394.3874,
000638.SZ,20260313,7.092,10.0306,,51067.3944,
002069.SZ,20260313,1.6227,2.8072,,270933.7459,
300099.SZ,20260313,4.9777,6.0091,,684919.4219,
301051.SZ,20260313,1.4256,2.0095,,437761.6911,
603109.SH,20260313,0.9458,2.3648,,518988.1746,
002873.SZ,20260313,1.2724,1.784,,253867.9582,
688190.SH,20260313,1.4255,3.9314,,1287600.0,
920139.BJ,20260313,1.0248,1.8351,,516106.6557,
002310.SZ,20260313,8.1944,12.8791,,1631815.6158,
300415.SZ,20260313,2.607,3.7412,,1271208.9339,
002569.SZ,20260313,1.4775,1.7433,,214286.88,
600279.SH,20260313,0.7746,2.2414,,637347.194,
002682.SZ,20260313,5.0079,7.0638,,337983.525,
600802.SH,20260313,2.6692,3.8623,,279531.524,
300805.SZ,20260313,2.4999,3.5338,,492777.3385,
300520.SZ,20260313,5.3992,6.858,,1200247.484,
002330.SZ,20260313,1.7725,3.0032,,324010.7979,
688577.SH,20260313,1.3353,3.418,,764269.1788,
301151.SZ,20260313,0.9681,2.9326,,333276.0852,
603599.SH,20260313,3.0125,5.1612,,1435494.7571,
000547.SZ,20260313,13.9265,17.7265,,4960047.0387,
002453.SZ,20260313,1.9188,2.5149,,504479.9852,
002493.SZ,20260313,0.7822,2.8242,,13605620.3499,
002810.SZ,20260313,2.588,4.0944,,669136.2716,
605080.SH,20260313,0.5951,1.767,,341962.6694,
300590.SZ,20260313,1.4482,2.0451,,549601.4579,
300697.SZ,20260313,4.8631,6.2568,,695685.12,
300400.SZ,20260313,7.6275,11.4237,,561678.727,
600365.SH,20260313,1.2182,1.5243,,146651.69,
603606.SH,20260313,4.1779,7.0597,,4621447.273,
002140.SZ,20260313,3.0927,9.6557,,1005379.6982,
000029.SZ,20260313,0.3642,1.189,,2087054.58,
002016.SZ,20260313,1.2924,3.2537,,479793.7098,
300760.SZ,20260313,0.3233,0.6661,,21650565.9727,
301603.SZ,20260313,5.8364,6.5333,,871645.68,
301216.SZ,20260313,4.1272,6.5234,,1464396.1274,
601899.SH,20260313,1.1996,1.7022,,95111475.4418,
002887.SZ,20260313,3.7068,6.5784,,365960.8778,
002392.SZ,20260313,0.7234,0.9659,,908344.5102,
300573.SZ,20260313,2.4106,2.6567,,1749896.0712,
002713.SZ,20260313,4.2214,5.6879,,1030371.8143,
000963.SZ,20260313,0.2957,0.7061,,6125802.8101,
600715.SH,20260313,0.9513,1.2698,,872868.5025,
300650.SZ,20260313,2.4075,2.9016,,370011.9336,
301370.SZ,20260313,0.6261,1.2104,,525660.2,
688173.SH,20260313,1.3056,2.3907,,621291.4241,
002511.SZ,20260313,1.3875,2.8327,,1130726.0976,
300061.SZ,20260313,1.1082,1.3709,,607592.1702,
603367.SH,20260313,1.0307,1.9537,,773756.8065,
002966.SZ,20260313,0.6232,0.7397,,3710649.4691,
000758.SZ,20260313,3.2897,5.1121,,1488849.0676,
920106.BJ,20260313,1.0234,1.5981,,391230.8655,
920225.BJ,20260313,2.6662,3.2337,,336461.988,
688379.SH,20260313,2.1465,4.0847,,453760.7642,
000507.SZ,20260313,3.3515,4.8263,,524248.8902,
000757.SZ,20260313,2.0278,2.9236,,280208.666,
000876.SZ,20260313,0.8498,1.8732,,3993960.8094,
688087.SH,20260313,4.6909,8.3857,,772338.0045,
002747.SZ,20260313,2.3344,3.6547,,2123349.8059,
600300.SH,20260313,2.8114,4.0695,,606428.3175,
000609.SZ,20260313,7.1195,9.4227,,311535.4084,
002705.SZ,20260313,0.9624,2.883,,1130131.0858,
601368.SH,20260313,1.1792,2.7355,,490933.0308,
603348.SH,20260313,1.5707,3.0031,,632099.1559,
920046.BJ,20260313,12.3115,20.1893,,329850.15,
300816.SZ,20260313,5.2078,6.9361,,542640.0,
001266.SZ,20260313,4.8432,7.8487,,363152.3285,
002190.SZ,20260313,1.4413,2.9464,,1242997.1735,
002728.SZ,20260313,3.4213,3.598,,571997.783,
300963.SZ,20260313,11.2994,14.0317,,1002587.04,
002444.SZ,20260313,1.0103,1.7333,,3984779.2152,
603648.SH,20260313,0.5945,1.1772,,372922.7712,
601825.SH,20260313,0.2922,0.4919,,8496755.556,
301232.SZ,20260313,7.8553,8.6827,,1340520.4587,
000753.SZ,20260313,1.528,2.4551,,691062.3065,
603569.SH,20260313,0.8661,2.9929,,435128.728,
002291.SZ,20260313,2.9004,3.4645,,637758.9007,
300721.SZ,20260313,14.3215,21.2211,,264414.1694,
002167.SZ,20260313,7.0807,9.5122,,1080669.2535,
920641.BJ,20260313,4.5604,7.1566,,149098.95,
001368.SZ,20260313,4.6257,4.6257,,298366.6302,
300169.SZ,20260313,2.6309,2.6875,,217757.5391,
603721.SH,20260313,0.7514,1.5143,,267670.0,
300171.SZ,20260313,1.2019,1.8283,,1181672.6657,
301203.SZ,20260313,2.9772,3.4492,,349680.0,
301087.SZ,20260313,2.4667,5.4075,,1271138.245,
300959.SZ,20260313,2.4936,3.4915,,647844.8358,
688661.SH,20260313,3.8135,8.1694,,1404962.3905,
600166.SH,20260313,1.6191,2.9221,,2438559.313,
002955.SZ,20260313,0.6294,1.1217,,614317.2116,
301097.SZ,20260313,2.6339,4.1562,,354863.1554,
601838.SH,20260313,0.7529,1.451,,7268916.6355,
002456.SZ,20260313,2.4446,2.6796,,3254312.0755,
000802.SZ,20260313,1.4604,1.8834,,297814.5061,
301225.SZ,20260313,3.1492,3.1492,,1189593.66,
301170.SZ,20260313,4.3843,4.3843,,308400.0,
002207.SZ,20260313,16.7694,24.0053,,292715.8572,
600784.SH,20260313,1.729,2.7041,,501333.9895,
601996.SH,20260313,2.1941,3.7152,,281349.5184,
001212.SZ,20260313,2.6409,3.6155,,1090005.0006,
603605.SH,20260313,0.415,0.8232,,2682341.4105,
600986.SH,20260313,5.6267,6.4927,,1536457.406,
600848.SH,20260313,0.3547,0.9413,,2673836.2242,
603456.SH,20260313,1.0215,1.8356,,1496048.2191,
000988.SZ,20260313,15.9415,19.6833,,11934311.6294,
603025.SH,20260313,0.6035,3.4079,,1798930.8393,
600023.SH,20260313,0.6787,2.531,,7468664.1412,
002683.SZ,20260313,1.228,1.8295,,3418490.107,
600212.SH,20260313,2.047,2.3811,,533745.8615,
000720.SZ,20260313,5.5634,9.5419,,522717.1335,
000969.SZ,20260313,3.1305,4.8698,,2379426.4342,
603585.SH,20260313,4.5991,14.5813,,414152.067,
600728.SH,20260313,1.4582,1.7327,,1328609.3396,
688362.SH,20260313,1.8352,3.0179,,1605399.1303,
300791.SZ,20260313,0.5302,1.2579,,636803.7524,
002821.SZ,20260313,1.0394,1.6615,,3583849.3271,
601127.SH,20260313,0.9507,2.0052,,17459916.517,
000516.SZ,20260313,6.1693,8.9003,,1175420.7953,
000902.SZ,20260313,2.5634,5.259,,2307455.2283,
600746.SH,20260313,4.505,18.15,,1081422.5106,
603773.SH,20260313,6.2279,10.0739,,921549.7126,
301072.SZ,20260313,1.7885,3.5335,,257572.7552,
600004.SH,20260313,0.5144,1.2019,,2371065.0302,
300901.SZ,20260313,0.7518,1.83,,396720.0,
600590.SH,20260313,7.3071,11.3089,,1236661.1375,
601083.SH,20260313,6.0061,6.0061,,1563296.96,
920370.BJ,20260313,1.5585,3.0209,,115909.3704,
688766.SH,20260313,5.6614,9.1601,,3612398.0888,
000099.SZ,20260313,1.6548,2.6964,,1567055.6767,
300014.SZ,20260313,3.5526,5.5941,,14149654.1033,
301335.SZ,20260313,2.1503,2.1503,,343145.1712,
920108.BJ,20260313,0.8063,1.3684,,204918.0,
688652.SH,20260313,2.7402,3.2887,,1842960.0,
688671.SH,20260313,1.6252,1.9685,,183891.2638,
002077.SZ,20260313,2.009,3.9554,,918111.3476,
300256.SZ,20260313,0.8033,1.6425,,843842.3396,
002187.SZ,20260313,1.724,4.053,,467496.7202,
002895.SZ,20260313,3.9277,7.3461,,2574076.0692,
603129.SH,20260313,0.8688,1.3601,,3816730.2399,
300469.SZ,20260313,3.8128,4.6958,,1812391.654,
300532.SZ,20260313,1.2054,1.8581,,519862.96,
002154.SZ,20260313,1.6676,2.1805,,566221.4869,
600198.SH,20260313,1.2859,2.7147,,1144563.909,
600556.SH,20260313,2.2207,3.634,,1140688.7621,
603995.SH,20260313,1.4779,2.8586,,691749.0573,
301617.SZ,20260313,4.1081,5.3332,,825895.2,
300475.SZ,20260313,5.5756,6.6359,,7138320.9523,
920926.BJ,20260313,2.2884,7.7825,,143057.6522,
300253.SZ,20260313,2.9977,3.3599,,2040502.1639,
000985.SZ,20260313,3.0569,8.3749,,264464.58,
002137.SZ,20260313,4.1419,4.8855,,511669.3006,
603183.SH,20260313,1.6398,2.1448,,240125.0202,
000498.SZ,20260313,2.0726,5.2149,,974932.9907,
603115.SH,20260313,4.3829,12.4447,,776710.0744,
000555.SZ,20260313,4.5261,7.4196,,1731023.8512,
603986.SH,20260313,3.3861,3.7131,,19513784.5187,
301058.SZ,20260313,2.0814,3.6448,,553256.1846,
600587.SH,20260313,1.5179,2.1545,,929986.0936,
688058.SH,20260313,1.7961,3.4056,,235548.3057,
000737.SZ,20260313,3.0412,6.204,,2906597.2798,
605208.SH,20260313,1.5094,2.7979,,433211.22,
300345.SZ,20260313,16.9768,22.7257,,447937.5932,
301168.SZ,20260313,1.1514,2.2256,,483480.0,
688293.SH,20260313,0.5637,1.1768,,621572.2043,
300342.SZ,20260313,5.9248,7.8115,,1720117.1023,
300964.SZ,20260313,6.1583,9.4196,,481020.8458,
688184.SH,20260313,0.5695,0.6997,,168590.3648,
301043.SZ,20260313,3.0315,8.9108,,372028.0,
300828.SZ,20260313,3.9447,5.8274,,336671.706,
300490.SZ,20260313,6.4213,8.205,,706843.105,
688176.SH,20260313,6.143,7.0653,,871034.9912,
300306.SZ,20260313,1.5171,2.0057,,353949.7518,
600794.SH,20260313,2.55,3.9868,,478860.7106,
300844.SZ,20260313,0.7626,2.6951,,351032.1741,
300665.SZ,20260313,2.4885,3.0641,,176908.1498,
002196.SZ,20260313,4.3507,4.9602,,712072.0915,
000090.SZ,20260313,1.4564,2.4104,,745549.6282,
600429.SH,20260313,2.7792,9.7281,,820140.6295,
300077.SZ,20260313,13.2926,13.2926,,1354020.1974,
301509.SZ,20260313,8.5559,8.5559,,458901.8089,
300105.SZ,20260313,2.4586,4.2235,,408525.0206,
603239.SH,20260313,0.8499,2.0252,,593688.96,
603906.SH,20260313,3.5892,6.2044,,1280412.4697,
002765.SZ,20260313,1.3475,1.7825,,711471.7462,
603929.SH,20260313,1.0671,2.6811,,3004748.88,
300374.SZ,20260313,3.2098,4.8223,,377229.525,
002718.SZ,20260313,1.6686,4.5666,,774745.2566,
603350.SH,20260313,1.4093,1.9377,,418679.436,
300835.SZ,20260313,4.361,5.0238,,1004541.277,
920575.BJ,20260313,3.8374,3.8389,,254812.58,
300124.SZ,20260313,1.7166,2.1305,,19705917.0667,
603700.SH,20260313,1.6156,2.323,,285945.5656,
002960.SZ,20260313,1.1061,2.0276,,947992.5561,
920802.BJ,20260313,1.9935,2.0877,,124816.6174,
300594.SZ,20260313,8.2509,13.4283,,289033.8737,
002734.SZ,20260313,10.6997,12.8715,,1020675.9935,
002729.SZ,20260313,5.5301,8.2108,,355144.6147,
000045.SZ,20260313,1.8121,3.7146,,656452.3163,
688622.SH,20260313,3.9255,8.4379,,541527.5289,
000899.SZ,20260313,8.1001,27.9276,,1357167.7642,
600719.SH,20260313,4.0884,6.0935,,273509.3296,
688656.SH,20260313,0.4502,1.3842,,876274.331,
603693.SH,20260313,6.0482,37.9687,,1325624.6336,
600857.SH,20260313,0.9516,1.5592,,282194.4581,
002472.SZ,20260313,1.3071,1.5128,,3245385.8284,
300751.SZ,20260313,2.9592,3.7878,,6906332.9383,
002200.SZ,20260313,0.8094,1.7382,,340148.6881,
002068.SZ,20260313,8.5546,16.2571,,746375.3739,
920496.BJ,20260313,4.3786,6.3042,,172198.0,
002128.SZ,20260313,0.8669,2.0314,,7533928.51,
002236.SZ,20260313,1.1504,1.3214,,5939167.3222,
688802.SH,20260313,4.4552,4.4552,,20533132.0,
300254.SZ,20260313,4.289,4.3922,,306818.0585,
603486.SH,20260313,0.6379,1.9349,,3687728.7192,
301288.SZ,20260313,0.8273,1.5941,,205543.03,
301118.SZ,20260313,6.6064,14.5328,,310753.848,
300597.SZ,20260313,1.9967,2.4257,,268208.9095,
002161.SZ,20260313,3.6637,4.3161,,589586.6478,
688217.SH,20260313,1.1301,1.9062,,166673.9937,
601088.SH,20260313,0.2398,1.4767,,97196799.6199,
603638.SH,20260313,0.493,1.7787,,1837537.3589,
600860.SH,20260313,7.9164,17.7263,,829988.7578,
603317.SH,20260313,1.2217,4.19,,1314922.7706,
600765.SH,20260313,3.1976,4.9376,,2749467.145,
603282.SH,20260313,3.5921,3.5921,,289720.3,
600729.SH,20260313,2.2771,2.3893,,1030219.7471,
300467.SZ,20260313,2.9898,3.0716,,602908.9294,
002529.SZ,20260313,2.0126,2.3483,,181740.0,
300928.SZ,20260313,2.7516,3.1969,,261440.0,
300773.SZ,20260313,12.9658,17.7937,,2098548.6733,
001301.SZ,20260313,9.1516,11.5085,,2260113.1651,
301050.SZ,20260313,2.9642,3.71,,1217025.5178,
000829.SZ,20260313,4.7694,7.5315,,1114284.1761,
688498.SH,20260313,2.5251,3.5126,,7557383.5472,
920510.BJ,20260313,1.9504,2.8552,,291242.2217,
603261.SH,20260313,1.106,3.2531,,252898.8868,
688211.SH,20260313,0.2139,0.5464,,432992.6164,
002726.SZ,20260313,1.3891,2.3186,,421951.8294,
601919.SH,20260313,1.0076,2.4701,,24163421.0107,
300052.SZ,20260313,2.1345,2.5661,,355342.2695,
301560.SZ,20260313,16.4099,16.4099,,456972.8,
688004.SH,20260313,1.5943,2.575,,186044.424,
600624.SH,20260313,0.5034,0.7097,,347146.2874,
300923.SZ,20260313,1.7801,3.4462,,229040.4,
600720.SH,20260313,1.6165,2.1585,,1693411.527,
300555.SZ,20260313,0.6418,0.7724,,263800.0,
600989.SH,20260313,3.5067,11.8663,,25446759.2,
600562.SH,20260313,1.1717,3.4244,,3288439.5603,
001380.SZ,20260313,1.2936,1.2936,,597233.5286,
300388.SZ,20260313,1.2947,3.3512,,604765.5011,
601058.SH,20260313,0.7762,1.0504,,4705271.4706,
601798.SH,20260313,2.3412,3.6584,,332547.4497,
301055.SZ,20260313,1.2126,2.843,,322452.0,
000009.SZ,20260313,2.4741,3.9902,,2442515.6249,
002848.SZ,20260313,5.1762,6.8254,,214453.45,
002221.SZ,20260313,5.4488,8.8164,,1486288.4843,
603322.SH,20260313,6.2291,7.8341,,558645.1918,
603091.SH,20260313,0.8492,0.8492,,852160.3397,
688113.SH,20260313,1.0532,1.6973,,268537.821,
300765.SZ,20260313,0.4332,1.7094,,4212374.2391,
301010.SZ,20260313,4.1747,11.5965,,252936.0,
688205.SH,20260313,6.9405,10.5423,,2887124.401,
300375.SZ,20260313,3.1619,3.5605,,408739.4841,
002316.SZ,20260313,4.3165,4.6434,,220147.2,
603305.SH,20260313,1.7033,3.3178,,1762455.5479,
001325.SZ,20260313,14.4563,14.4563,,439040.0,
001230.SZ,20260313,3.5349,5.1475,,333685.9777,
600737.SH,20260313,0.8372,1.6991,,3366547.1109,
688390.SH,20260313,5.7805,8.627,,2408260.446,
300394.SZ,20260313,2.8927,5.2249,,25266016.4575,
920682.BJ,20260313,1.8315,2.6747,,305984.64,
688302.SH,20260313,0.8026,1.0619,,409924.5757,
300564.SZ,20260313,1.7052,2.7586,,262298.5152,
688296.SH,20260313,1.4111,2.4224,,167998.2136,
002673.SZ,20260313,0.5563,1.0505,,3432638.7494,
603926.SH,20260313,1.5794,3.1222,,468024.9223,
002448.SZ,20260313,4.7736,4.7736,,952046.8072,
300347.SZ,20260313,1.9146,2.1284,,4745114.5616,
600370.SH,20260313,7.0243,37.5351,,1063793.8357,
603690.SH,20260313,1.7051,2.3509,,1009110.7988,
600783.SH,20260313,2.9258,8.9675,,1605582.9972,
920706.BJ,20260313,5.5761,8.1579,,250972.6454,
600511.SH,20260313,0.9931,1.8187,,2298216.1319,
920066.BJ,20260313,2.5145,2.5145,,154744.8886,
002660.SZ,20260313,1.3142,2.3977,,334158.5798,
600288.SH,20260313,1.4111,1.5552,,658257.6,
603122.SH,20260313,2.3945,5.2058,,641262.7918,
600079.SH,20260313,0.7869,1.2382,,3119183.8191,
920556.BJ,20260313,7.8515,10.7625,,176801.4592,
300996.SZ,20260313,2.3169,2.9714,,482133.1618,
301202.SZ,20260313,5.1797,5.4336,,555284.4,
300384.SZ,20260313,3.8091,5.4501,,587292.3749,
603776.SH,20260313,1.394,2.2477,,568540.1583,
603538.SH,20260313,10.5123,14.3082,,559282.0661,
002302.SZ,20260313,2.0967,5.5329,,819267.9433,
688739.SH,20260313,0.9577,2.1127,,1069443.6,
688523.SH,20260313,7.2599,7.2599,,2648381.92,
301219.SZ,20260313,2.663,3.5817,,2038558.7479,
920871.BJ,20260313,1.7955,3.0141,,121487.351,
002356.SZ,20260313,15.4505,19.4554,,590064.5345,
300160.SZ,20260313,1.8455,2.9306,,460675.99,
600223.SH,20260313,0.5939,1.299,,719730.6927,
002685.SZ,20260313,1.6506,1.8806,,701352.6861,
688315.SH,20260313,0.5403,1.5012,,595582.2,
301656.SZ,20260313,3.9118,3.9118,,6115383.2841,
603027.SH,20260313,1.2139,2.3179,,1270468.5176,
603990.SH,20260313,3.4128,4.3299,,458505.2483,
603186.SH,20260313,6.1687,9.7983,,1075739.744,
688767.SH,20260313,1.2781,2.8435,,542976.0024,
688522.SH,20260313,2.4391,2.4812,,1116538.8081,
300660.SZ,20260313,0.7083,1.9228,,2057722.3939,
301269.SZ,20260313,0.3964,1.0921,,5109114.0741,
301256.SZ,20260313,6.3199,24.398,,739680.0,
920566.BJ,20260313,1.0231,1.1254,,162482.5955,
301085.SZ,20260313,7.7745,12.6786,,524819.2824,
688261.SH,20260313,2.1478,4.2597,,1046912.8615,
920779.BJ,20260313,25.5142,25.5142,,307006.4765,
688508.SH,20260313,2.8205,3.7185,,827255.1798,
002903.SZ,20260313,40.4882,47.0035,,486233.894,
300952.SZ,20260313,2.667,3.7055,,674469.1714,
000948.SZ,20260313,1.1468,1.7814,,630060.2588,
603889.SH,20260313,0.5281,0.9614,,610481.8463,
002438.SZ,20260313,6.6061,8.2931,,977517.1499,
301155.SZ,20260313,10.2353,14.4052,,1856958.0051,
300786.SZ,20260313,2.4615,2.6594,,285960.676,
601112.SH,20260313,23.9925,23.9925,,3762672.0855,
301166.SZ,20260313,2.1304,2.9384,,285480.0044,
920128.BJ,20260313,1.0096,1.5885,,222054.65,
920970.BJ,20260313,1.6592,2.1376,,84873.4128,
601997.SH,20260313,1.2963,1.7297,,2157156.8648,
600201.SH,20260313,1.9059,2.1938,,1678739.2173,
002399.SZ,20260313,0.2848,1.2758,,1677119.5612,
000630.SZ,20260313,3.162,4.8284,,9319582.6995,
002899.SZ,20260313,2.5685,3.6377,,478271.0143,
002780.SZ,20260313,2.6115,2.7856,,256806.7403,
000999.SZ,20260313,0.6323,1.7219,,4846202.4025,
688160.SH,20260313,1.0037,2.5051,,1034578.8263,
600713.SH,20260313,0.76,1.7286,,710750.1927,
002213.SZ,20260313,23.8338,29.5737,,673982.203,
603071.SH,20260313,1.6008,5.5304,,823540.7564,
000531.SZ,20260313,3.7788,7.9312,,745643.3537,
920169.BJ,20260313,3.5397,5.6974,,261226.691,
603316.SH,20260313,6.38,10.3219,,417801.384,
301571.SZ,20260313,3.9204,4.376,,1045694.1918,
600468.SH,20260313,10.887,24.6995,,968084.4357,
300217.SZ,20260313,4.3339,5.4421,,830623.0403,
600864.SH,20260313,1.2753,2.3553,,1344048.5559,
688056.SH,20260313,0.7872,1.8514,,255577.3709,
600626.SH,20260313,0.8086,1.5251,,593014.3555,
002930.SZ,20260313,3.3921,6.9928,,642315.7831,
688052.SH,20260313,1.9965,2.8267,,2667024.3012,
000407.SZ,20260313,5.4756,7.3283,,447963.0899,
000668.SZ,20260313,1.3519,2.2878,,197649.1839,
603551.SH,20260313,1.1917,4.2531,,501319.673,
603617.SH,20260313,1.428,2.5001,,299375.1068,
603601.SH,20260313,12.8092,19.8234,,1326257.8673,
600724.SH,20260313,0.6625,2.8764,,942297.1783,
300993.SZ,20260313,0.805,1.5659,,404268.1344,
600232.SH,20260313,3.6377,7.312,,320222.8816,
603083.SH,20260313,9.0511,10.4932,,4151047.5406,
002749.SZ,20260313,1.4657,3.2105,,654767.4042,
001330.SZ,20260313,5.089,7.0105,,997900.7824,
603035.SH,20260313,1.0177,1.5018,,546223.4963,
600649.SH,20260313,2.0525,4.3607,,1222196.3748,
002571.SZ,20260313,2.3975,3.467,,484059.1145,
600184.SH,20260313,2.0215,4.1106,,1002873.9724,
300212.SZ,20260313,2.4511,3.7791,,822117.1459,
000078.SZ,20260313,1.7468,3.2539,,855115.0585,
603970.SH,20260313,2.1441,5.3203,,370406.5847,
300882.SZ,20260313,3.0361,9.3619,,675434.8037,
300128.SZ,20260313,1.2629,1.7428,,887295.8264,
300491.SZ,20260313,7.6642,9.911,,502073.8598,
002677.SZ,20260313,1.3058,2.8418,,550436.0032,
688702.SH,20260313,3.2952,6.2618,,7667000.0,
603717.SH,20260313,2.1204,3.0986,,215288.5101,
001202.SZ,20260313,1.7004,3.501,,295543.338,
301448.SZ,20260313,1.2834,1.5307,,437437.2,
301000.SZ,20260313,0.8695,2.1498,,796151.8615,
301061.SZ,20260313,0.5124,1.3347,,1874836.6266,
300601.SZ,20260313,0.8396,1.2145,,1573754.0248,
600418.SH,20260313,1.244,1.7334,,11047727.3337,
000030.SZ,20260313,0.6939,2.503,,921818.6129,
600557.SH,20260313,1.3598,2.339,,805077.8221,
920075.BJ,20260313,1.7737,2.4843,,154324.515,
000520.SZ,20260313,2.153,2.9292,,449365.054,
002884.SZ,20260313,1.0551,1.5498,,653485.9439,
601012.SH,20260313,4.5123,5.7277,,14299807.219,
300472.SZ,20260313,1.6878,1.983,,200663.5347,
605069.SH,20260313,3.794,9.8247,,297223.6803,
603678.SH,20260313,1.7953,3.0082,,1769107.8673,
300136.SZ,20260313,7.0993,7.5297,,6205017.6755,
300449.SZ,20260313,4.1795,5.4358,,323112.1228,
600383.SH,20260313,2.4464,3.9223,,1399520.9073,
002636.SZ,20260313,6.4419,18.8404,,2114840.0,
300303.SZ,20260313,15.9093,17.5931,,1473477.7481,
000863.SZ,20260313,1.7489,3.2819,,662372.4532,
301589.SZ,20260313,3.1228,3.347,,1627084.8,
600683.SH,20260313,5.8557,13.2429,,648921.175,
603859.SH,20260313,1.8514,2.5276,,998366.6201,
000728.SZ,20260313,0.4197,0.7153,,3473567.2012,
603375.SH,20260313,3.66,6.0098,,391392.0013,
920642.BJ,20260313,1.8162,3.3579,,142235.6214,
688244.SH,20260313,1.2104,2.7963,,325925.9195,
002738.SZ,20260313,3.4377,4.0277,,5545386.5666,
688009.SH,20260313,0.6903,2.9654,,6491559.047,
000420.SZ,20260313,23.0837,29.0418,,1185174.5413,
920553.BJ,20260313,1.5663,2.5198,,140672.9603,
688690.SH,20260313,0.9129,1.5674,,1049918.389,
603284.SH,20260313,9.7951,9.7951,,371568.7196,
300995.SZ,20260313,4.26,7.5373,,306715.3047,
600143.SH,20260313,1.7914,2.2218,,4695259.9819,
600569.SH,20260313,4.4919,13.9741,,778426.1956,
688805.SH,20260313,8.0523,8.0523,,783568.64,
002585.SZ,20260313,4.3167,5.6274,,871970.4756,
600809.SH,20260313,0.3871,1.1554,,19430370.1638,
301228.SZ,20260313,1.9688,4.3301,,511800.0,
002700.SZ,20260313,3.8654,3.9158,,289126.1013,
688783.SH,20260313,3.3173,3.3173,,9420187.4,
688192.SH,20260313,0.5824,1.5225,,2240926.6085,
300945.SZ,20260313,6.4681,11.1063,,458363.2791,
002110.SZ,20260313,1.9157,4.5779,,1068793.5399,
002831.SZ,20260313,5.5486,7.9511,,3181294.656,
920007.BJ,20260313,3.8806,3.8806,,298674.9289,
300739.SZ,20260313,7.5965,13.3238,,1046047.8948,
600894.SH,20260313,0.7614,1.7994,,800577.6603,
002623.SZ,20260313,4.031,7.6562,,493276.875,
688036.SH,20260313,0.8501,2.0843,,6675719.1765,
920346.BJ,20260313,1.328,2.1072,,183889.0748,
300939.SZ,20260313,3.1332,5.706,,450960.0,
603236.SH,20260313,1.5901,2.0862,,2273229.3633,
920033.BJ,20260313,1.0665,2.313,,200385.4905,
000576.SZ,20260313,2.4227,3.7936,,440782.3961,
301076.SZ,20260313,2.4481,2.7194,,711241.8404,
920957.BJ,20260313,1.342,2.7146,,131766.0382,
000786.SZ,20260313,1.0621,1.9138,,4439431.5975,
301665.SZ,20260313,17.6543,17.6543,,1377900.0,
301468.SZ,20260313,11.7549,13.9767,,699752.4305,
600467.SH,20260313,5.0178,7.9594,,388624.4849,
603336.SH,20260313,1.327,2.353,,558195.2726,
301595.SZ,20260313,6.3645,6.3645,,692775.44,
300962.SZ,20260313,4.3735,9.5501,,500019.5929,
001979.SZ,20260313,0.7568,1.9521,,8655390.8842,
688472.SH,20260313,6.8273,6.8273,,5708800.5555,
603626.SH,20260313,11.5158,16.3544,,1292869.6777,
601009.SH,20260313,0.3184,0.7281,,13822468.1799,
603300.SH,20260313,3.8801,5.0707,,1424076.4415,
002195.SZ,20260313,10.5683,11.7282,,5925729.6573,
301295.SZ,20260313,7.3539,7.3539,,354312.0,
002573.SZ,20260313,1.179,2.4778,,581674.7695,
002374.SZ,20260313,1.9576,2.41,,367885.9469,
300792.SZ,20260313,2.3014,4.1205,,880242.242,
688155.SH,20260313,1.6261,3.4447,,1029568.4131,
603332.SH,20260313,5.196,13.004,,295097.559,
301397.SZ,20260313,1.9998,1.9998,,470880.2665,
002645.SZ,20260313,10.216,15.976,,1076334.6174,
300527.SZ,20260313,0.9308,2.1063,,851036.8014,
688716.SH,20260313,2.9851,2.986,,438048.0,
000717.SZ,20260313,3.0897,6.5681,,688372.1476,
688793.SH,20260313,1.2196,2.2175,,186587.5046,
300908.SZ,20260313,0.6798,1.3924,,403252.0,
601089.SH,20260313,0.3572,1.3056,,1104960.0,
002168.SZ,20260313,0.4558,0.5562,,312097.0205,
300230.SZ,20260313,2.5215,2.8441,,430189.9103,
000782.SZ,20260313,2.6111,2.9798,,409889.1609,
300600.SZ,20260313,1.6571,3.1961,,386035.6378,
002774.SZ,20260313,2.0419,5.0737,,370356.69,
000972.SZ,20260313,0.7451,1.1578,,283832.3571,
000856.SZ,20260313,1.972,2.8171,,247884.0,
603896.SH,20260313,0.9606,1.6454,,395694.8464,
002430.SZ,20260313,2.4778,6.0633,,3098448.407,
920152.BJ,20260313,1.0959,1.3365,,218007.0486,
688376.SH,20260313,1.6188,3.7611,,767690.0341,
002971.SZ,20260313,4.3375,5.6548,,666604.74,
301299.SZ,20260313,5.0432,7.9864,,403583.663,
301386.SZ,20260313,9.0886,9.0886,,384020.0,
301587.SZ,20260313,2.7954,3.0784,,367878.1159,
688221.SH,20260313,2.0268,3.4396,,711699.4407,
603931.SH,20260313,0.8511,2.2941,,610449.0844,
688567.SH,20260313,1.1698,2.0036,,1728054.8934,
603666.SH,20260313,1.3942,2.1893,,579595.7844,
001339.SZ,20260313,12.2719,17.6758,,1847455.8562,
002006.SZ,20260313,3.0671,4.1594,,1017755.5555,
603353.SH,20260313,4.7098,14.343,,683326.35,
002958.SZ,20260313,1.2565,1.6546,,1761132.3217,
603175.SH,20260313,12.5067,12.5067,,3503664.0665,
002982.SZ,20260313,6.9315,9.0927,,303978.1746,
002300.SZ,20260313,10.7413,20.7227,,753394.0491,
600657.SH,20260313,0.5743,2.133,,926860.5434,
002867.SZ,20260313,0.5498,1.5165,,1326449.0972,
300369.SZ,20260313,7.9678,10.6653,,781439.4991,
600858.SH,20260313,1.6216,2.8396,,313600.1532,
920394.BJ,20260313,0.9847,2.959,,761670.0,
301581.SZ,20260313,1.1003,2.4771,,395680.0,
603095.SH,20260313,1.5524,5.0639,,497426.4792,
600150.SH,20260313,1.0503,1.4859,,26475135.6912,
300536.SZ,20260313,2.0152,2.156,,245775.4555,
605319.SH,20260313,2.12,5.2066,,861562.3941,
300595.SZ,20260313,1.6516,2.2381,,1401127.4775,
603255.SH,20260313,1.5166,2.3981,,409831.626,
000561.SZ,20260313,1.4721,2.406,,904627.0952,
600428.SH,20260313,2.3634,5.074,,2282941.7686,
300546.SZ,20260313,9.2206,10.2257,,441759.5796,
600531.SH,20260313,4.2632,5.8156,,1862264.5549,
002498.SZ,20260313,15.7252,47.0292,,3127188.24,
000599.SZ,20260313,2.8074,4.787,,552945.8342,
688796.SH,20260313,4.0362,4.0362,,3450055.8024,
688560.SH,20260313,1.7664,2.8384,,338992.4299,
002863.SZ,20260313,1.9018,2.8714,,353695.2969,
688727.SH,20260313,6.2228,6.2228,,2290631.3208,
002743.SZ,20260313,11.9597,17.9246,,268125.3824,
601700.SH,20260313,7.9777,16.189,,717417.099,
603378.SH,20260313,1.1695,2.9576,,267015.708,
002919.SZ,20260313,2.1724,3.6726,,614076.0561,
601319.SH,20260313,0.1356,1.6123,,37413496.0332,
301578.SZ,20260313,3.4695,3.4695,,286095.2078,
300111.SZ,20260313,2.3126,3.3028,,553500.607,
300607.SZ,20260313,1.6475,1.8488,,1318828.7192,
002011.SZ,20260313,1.4875,2.7089,,1432544.6263,
601998.SH,20260313,0.1661,1.7379,,41789516.8603,
002413.SZ,20260313,9.7943,9.7943,,1825967.5634,
300145.SZ,20260313,6.0416,8.8542,,1013887.795,
002690.SZ,20260313,0.8996,1.3033,,1656825.8742,
002244.SZ,20260313,1.2043,2.8911,,3372805.1768,
300753.SZ,20260313,20.1395,23.4198,,438773.088,
605155.SH,20260313,1.3494,3.5365,,338023.7427,
300037.SZ,20260313,4.6248,5.4116,,4465641.8129,
002403.SZ,20260313,2.565,5.5536,,390031.173,
001217.SZ,20260313,6.1358,16.6211,,445037.67,
000680.SZ,20260313,2.2286,3.265,,1792670.4213,
605318.SH,20260313,1.1387,4.0071,,924108.3558,
603231.SH,20260313,2.6071,3.2709,,358411.4446,
300967.SZ,20260313,7.2474,11.1964,,381332.2903,
301328.SZ,20260313,0.8043,2.5332,,570018.0721,
301027.SZ,20260313,7.3967,7.9705,,326781.0,
300969.SZ,20260313,3.2565,5.6114,,1525699.3491,
301039.SZ,20260313,0.8451,1.9475,,1744809.835,
600371.SH,20260313,4.2267,8.2483,,276778.788,
300674.SZ,20260313,2.1316,2.8072,,1527803.8202,
600704.SH,20260313,1.2654,2.2305,,2906203.0982,
300539.SZ,20260313,2.2151,3.5691,,775079.0138,
000581.SZ,20260313,1.851,3.1574,,2304817.0921,
003002.SZ,20260313,3.652,6.9949,,540000.0,
603709.SH,20260313,1.9882,5.6494,,228830.118,
002092.SZ,20260313,6.243,8.8744,,2204106.609,
603661.SH,20260313,0.4355,1.529,,460311.8726,
601992.SH,20260313,1.3447,3.7407,,2050132.0577,
688550.SH,20260313,1.4189,2.4023,,787689.1486,
920396.BJ,20260313,14.8758,22.93,,268662.6259,
603351.SH,20260313,0.3609,0.83,,355392.2824,
600051.SH,20260313,2.2669,3.1966,,255232.48,
002988.SZ,20260313,1.8435,4.1098,,841729.7124,
600636.SH,20260313,0.7128,1.2303,,373279.9185,
605089.SH,20260313,0.5684,2.1564,,361560.0,
000530.SZ,20260313,2.4643,3.4458,,545558.492,
300950.SZ,20260313,2.5656,3.3053,,350372.652,
002674.SZ,20260313,1.168,2.3631,,413180.2197,
300777.SZ,20260313,5.8464,7.1639,,1775978.7419,
301519.SZ,20260313,4.1114,4.894,,247798.5335,
301060.SZ,20260313,1.0634,2.0834,,417739.231,
688432.SH,20260313,1.022,4.0269,,1906710.3335,
000990.SZ,20260313,12.8046,23.9797,,1222528.9602,
301198.SZ,20260313,2.1046,4.1163,,258401.0,
920718.BJ,20260313,0.8655,1.4478,,127296.0468,
600676.SH,20260313,1.8962,3.5337,,799139.0175,
300686.SZ,20260313,3.7423,3.7471,,402664.4199,
688055.SH,20260313,0.9149,8.8108,,1473333.3628,
002119.SZ,20260313,3.8517,5.1522,,800105.488,
000652.SZ,20260313,0.9098,1.358,,606460.8532,
300231.SZ,20260313,3.1508,4.0716,,497162.5231,
688247.SH,20260313,0.343,1.0373,,440646.48,
605488.SH,20260313,3.8183,8.5392,,1143777.9278,
300412.SZ,20260313,2.4323,3.2232,,286210.0663,
301622.SZ,20260313,3.0872,3.0872,,763179.566,
301196.SZ,20260313,3.9709,7.0188,,1102510.2581,
300026.SZ,20260313,1.1057,1.7106,,1081495.7413,
002973.SZ,20260313,0.8427,1.0656,,563958.6287,
688210.SH,20260313,2.4976,3.7438,,732249.3333,
300932.SZ,20260313,17.3637,27.6371,,508965.3568,
688807.SH,20260313,16.2985,16.2985,,1871200.0,
300586.SZ,20260313,1.6355,2.4556,,717617.5948,
688107.SH,20260313,1.9469,5.7528,,1166471.658,
002767.SZ,20260313,6.3018,13.6082,,354600.0,
688533.SH,20260313,1.5193,5.4986,,533895.8448,
301158.SZ,20260313,9.901,18.1024,,403293.7078,
601118.SH,20260313,3.0896,8.6675,,3372189.104,
603285.SH,20260313,6.6692,6.6692,,566080.0,
000989.SZ,20260313,1.7653,2.684,,775483.4629,
601179.SH,20260313,6.292,13.0735,,9047182.3513,
300453.SZ,20260313,7.6664,8.8168,,531481.792,
300991.SZ,20260313,2.968,3.9997,,856800.0,
301008.SZ,20260313,1.171,2.2835,,410569.7386,
002194.SZ,20260313,3.1131,4.0004,,835658.5407,
002322.SZ,20260313,4.0023,5.841,,524898.1649,
300056.SZ,20260313,5.9774,6.5674,,358506.112,
300567.SZ,20260313,2.905,3.5274,,3773767.3346,
688502.SH,20260313,1.1983,3.5545,,1741238.4,
600795.SH,20260313,1.8669,4.2149,,9078330.1127,
300965.SZ,20260313,0.8217,2.7771,,336720.0,
300922.SZ,20260313,2.0858,2.4852,,332130.8571,
300614.SZ,20260313,2.9589,5.1802,,242746.7473,
001696.SZ,20260313,5.5016,6.9567,,2538524.6816,
000712.SZ,20260313,2.2539,3.3585,,1001728.0,
000679.SZ,20260313,1.2929,1.7971,,248767.2,
603290.SH,20260313,1.716,3.6497,,2559971.3515,
603207.SH,20260313,1.6265,1.6265,,453512.4,
603039.SH,20260313,2.152,4.5425,,1104937.2661,
601929.SH,20260313,2.7202,3.9651,,1102773.0611,
002101.SZ,20260313,0.6012,1.2235,,787950.2195,
688633.SH,20260313,2.6059,7.7856,,361868.7099,
300269.SZ,20260313,13.4416,15.9852,,472237.8895,
301588.SZ,20260313,9.4448,11.7406,,299309.0046,
601828.SH,20260313,0.569,1.6237,,1097392.6336,
001228.SZ,20260313,1.6562,2.23,,337559.9793,
600507.SH,20260313,1.0524,1.9208,,1575280.9531,
601187.SH,20260313,0.6215,1.3843,,1952954.6371,
688347.SH,20260313,4.4221,5.2552,,20698674.683,
688283.SH,20260313,0.5045,1.0048,,525688.8,
002635.SZ,20260313,2.9827,3.8337,,1000085.1524,
002463.SZ,20260313,6.8187,9.9743,,15621983.1934,
603959.SH,20260313,2.8175,3.6917,,300062.9831,
688361.SH,20260313,5.0982,6.2125,,5733923.0059,
300624.SZ,20260313,4.9515,6.1949,,1420055.2998,
000839.SZ,20260313,10.4224,16.3984,,1426816.7921,
300274.SZ,20260313,6.4172,7.1246,,36362055.1655,
301356.SZ,20260313,5.443,5.5134,,493776.0,
600152.SH,20260313,11.0105,15.5697,,516910.5494,
300049.SZ,20260313,3.1645,3.406,,1406492.0772,
600540.SH,20260313,5.3168,9.6664,,313943.5584,
300741.SZ,20260313,0.3884,2.0556,,1089491.72,
002686.SZ,20260313,1.5033,2.6331,,398066.1105,
300810.SZ,20260313,2.6701,4.8145,,425924.4,
920876.BJ,20260313,5.9485,9.655,,180026.7485,
600927.SH,20260313,1.2733,8.3065,,2119288.8895,
688157.SH,20260313,0.97,2.0561,,607734.7458,
002587.SZ,20260313,5.2027,5.7492,,466505.6157,
920199.BJ,20260313,15.4173,32.0082,,317800.3268,
603327.SH,20260313,1.0208,3.4669,,1031868.3883,
601311.SH,20260313,2.8045,4.6458,,1154375.7801,
002512.SZ,20260313,16.0317,22.2061,,507298.4642,
600966.SH,20260313,2.8311,5.5333,,1136317.6448,
600358.SH,20260313,1.0278,1.4536,,320129.8424,
002893.SZ,20260313,2.5718,3.2514,,303449.64,
300648.SZ,20260313,3.5392,3.8191,,1007520.7734,
002382.SZ,20260313,5.4817,7.6814,,764417.7845,
002243.SZ,20260313,0.7372,1.4857,,1205761.8021,
688147.SH,20260313,1.1525,3.7192,,3305114.2473,
002898.SZ,20260313,1.2428,1.979,,203280.0,
002760.SZ,20260313,5.015,6.537,,252477.5946,
002963.SZ,20260313,1.8701,3.0958,,237719.0493,
688530.SH,20260313,12.8299,12.8299,,515824.4678,
301363.SZ,20260313,6.0731,14.51,,1628678.1883,
920533.BJ,20260313,1.6767,2.3852,,329508.4666,
600301.SH,20260313,3.4424,4.737,,3703682.5895,
600170.SH,20260313,4.1201,7.4778,,2683553.8027,
603589.SH,20260313,0.5701,0.9339,,1615520.6939,
002442.SZ,20260313,4.8025,7.7173,,347773.0846,
688169.SH,20260313,2.327,2.9451,,3440155.2479,
600149.SH,20260313,12.5214,19.3537,,238360.32,
300478.SZ,20260313,1.4268,1.9811,,323776.188,
002209.SZ,20260313,1.7071,2.0074,,301728.0398,
601019.SH,20260313,0.3377,1.6492,,1869862.4,
300237.SZ,20260313,1.2336,1.6913,,354711.0728,
002212.SZ,20260313,3.7809,3.7809,,997817.9816,
002347.SZ,20260313,2.5458,3.6364,,449689.7279,
688322.SH,20260313,1.0543,1.6586,,3236431.7283,
688225.SH,20260313,2.0981,4.0135,,809620.24,
300692.SZ,20260313,3.4293,4.1987,,378177.0074,
300768.SZ,20260313,1.1851,2.3299,,1115111.8955,
600865.SH,20260313,1.5082,3.9691,,449983.4179,
601898.SH,20260313,0.8213,4.8881,,24952804.5188,
301075.SZ,20260313,1.6263,4.7482,,687360.0,
603170.SH,20260313,0.4097,1.2093,,548413.71,
688010.SH,20260313,1.1646,2.3742,,473817.2167,
688119.SH,20260313,1.3743,3.1832,,630000.0,
301505.SZ,20260313,6.8259,6.8259,,290118.3772,
301323.SZ,20260313,1.5743,3.2278,,561731.8308,
600502.SH,20260313,1.7995,2.7322,,858266.969,
301580.SZ,20260313,9.852,11.166,,919438.8252,
601010.SH,20260313,1.6328,2.3152,,445368.0,
301126.SZ,20260313,2.1912,2.8403,,249359.4848,
688581.SH,20260313,0.5284,0.7436,,471643.7673,
688019.SH,20260313,1.8292,2.6397,,3991221.6911,
300125.SZ,20260313,1.5199,1.8862,,585282.1386,
002524.SZ,20260313,2.4341,3.2578,,241175.1766,
600610.SH,20260313,7.9894,12.6186,,1152691.475,
002215.SZ,20260313,3.7915,4.4872,,1129208.4024,
600694.SH,20260313,0.9372,1.5425,,609513.3556,
600121.SH,20260313,5.8762,12.2185,,688402.8015,
920367.BJ,20260313,1.4281,2.885,,146966.2325,
000752.SZ,20260313,1.3855,1.7071,,272462.5212,
301272.SZ,20260313,8.6888,11.4152,,268467.0547,
603014.SH,20260313,2.5694,2.5694,,1651799.577,
301606.SZ,20260313,6.5789,12.1793,,3207252.8004,
601162.SH,20260313,1.2427,1.6542,,3989298.1527,
603216.SH,20260313,1.2075,4.4808,,798343.65,
920808.BJ,20260313,0.9822,3.3895,,1583600.0079,
601881.SH,20260313,0.5252,1.8265,,15351900.7674,
002837.SZ,20260313,2.6349,3.8591,,9494076.139,
600503.SH,20260313,1.7783,1.9145,,408583.95,
688008.SH,20260313,2.3181,2.4988,,17905230.3077,
603181.SH,20260313,1.4421,2.5231,,973709.8,
688669.SH,20260313,1.3728,2.6383,,332574.6685,
300242.SZ,20260313,2.7755,3.5271,,325526.8299,
002366.SZ,20260313,18.5325,18.5325,,1847872.6243,
600031.SH,20260313,0.6711,0.9876,,19576164.4464,
603033.SH,20260313,0.4271,1.1256,,1074472.4233,
603499.SH,20260313,2.0029,4.9692,,732278.4238,
603201.SH,20260313,1.3153,4.153,,351652.4654,
002541.SZ,20260313,1.2469,1.7925,,1569098.9809,
002478.SZ,20260313,6.3932,7.8194,,1076461.0525,
300638.SZ,20260313,2.2964,2.8041,,2443305.2981,
600660.SH,20260313,0.5114,0.722,,15530583.7589,
600016.SH,20260313,0.9562,1.3946,,17337837.7268,
601619.SH,20260313,4.1266,7.6725,,1878734.059,
300162.SZ,20260313,19.0334,22.2648,,403568.6489,
301079.SZ,20260313,10.7808,12.5251,,420260.5588,
601595.SH,20260313,1.5295,4.9685,,1151874.0,
600398.SH,20260313,0.6405,1.5946,,3025745.2865,
920885.BJ,20260313,2.2786,3.4034,,362650.6477,
001215.SZ,20260313,1.523,2.5905,,344725.2624,
300211.SZ,20260313,0.7643,1.3994,,268066.0157,
300071.SZ,20260313,4.5225,5.9713,,502183.7391,
000608.SZ,20260313,3.7065,5.3067,,281967.4042,
002687.SZ,20260313,1.7734,2.4892,,265514.0123,
300785.SZ,20260313,4.8755,6.0138,,986322.0053,
600831.SH,20260313,0.882,1.2458,,294332.0547,
603800.SH,20260313,1.5773,2.9757,,804960.0,
300740.SZ,20260313,2.3411,4.0253,,814341.0951,
603822.SH,20260313,2.2653,3.7035,,899554.2992,
301418.SZ,20260313,2.4829,2.4829,,289886.6693,
300834.SZ,20260313,1.4937,4.1725,,498228.1719,
002876.SZ,20260313,3.0787,3.4745,,485486.7301,
301313.SZ,20260313,4.9104,5.75,,328774.9052,
301163.SZ,20260313,8.2846,12.3749,,263976.0,
300172.SZ,20260313,5.2262,5.7507,,415499.94,
300666.SZ,20260313,3.5742,3.9542,,3844496.6967,
000514.SZ,20260313,1.5138,4.112,,415979.0857,
600282.SH,20260313,0.7464,2.0042,,3643568.7875,
000166.SZ,20260313,0.3442,0.9611,,12344692.6681,
688566.SH,20260313,1.5359,5.2741,,597295.4407,
600741.SH,20260313,0.3685,0.8841,,5977564.6737,
688631.SH,20260313,3.4148,4.508,,1081844.46,
001317.SZ,20260313,2.2726,5.5475,,388554.2887,
605305.SH,20260313,10.9438,15.2095,,937850.76,
300558.SZ,20260313,0.6099,1.0386,,1819673.871,
000707.SZ,20260313,4.5468,5.7676,,396438.2569,
603138.SH,20260313,9.9383,17.886,,596561.6013,
600732.SH,20260313,3.3536,5.3701,,3218219.883,
002599.SZ,20260313,2.2727,2.577,,394183.0424,
920006.BJ,20260313,2.6222,3.5642,,231857.5296,
002423.SZ,20260313,0.8025,2.1561,,2476913.4931,
600855.SH,20260313,2.2936,4.1298,,837754.3977,
600379.SH,20260313,2.687,4.8146,,430582.8395,
603863.SH,20260313,7.4011,10.406,,424034.8,
002139.SZ,20260313,1.5613,1.6426,,1595948.7846,
688297.SH,20260313,2.7784,6.6765,,3634875.0,
300503.SZ,20260313,2.489,3.3303,,1483187.2894,
920060.BJ,20260313,4.926,6.6633,,526074.534,
300817.SZ,20260313,1.0382,1.3191,,420224.112,
300955.SZ,20260313,4.1493,9.323,,368121.6,
002060.SZ,20260313,5.7522,8.0688,,1565581.9819,
002877.SZ,20260313,13.7725,18.0242,,344812.5405,
301600.SZ,20260313,2.1532,2.1532,,1213308.788,
002250.SZ,20260313,2.7972,3.7905,,1483890.9348,
000503.SZ,20260313,0.8811,1.2153,,836281.6111,
002492.SZ,20260313,2.153,3.7262,,333315.0,
301086.SZ,20260313,2.7803,3.874,,1125000.0,
688411.SH,20260313,7.3193,9.372,,4674840.9073,
688095.SH,20260313,3.3553,5.5786,,701549.7848,
300860.SZ,20260313,1.7223,2.8452,,491856.387,
301510.SZ,20260313,1.5775,1.7527,,1344033.6,
000537.SZ,20260313,15.5347,49.4904,,2560520.3141,
600312.SH,20260313,2.3933,4.0856,,3126346.6959,
002786.SZ,20260313,1.1027,1.765,,389055.42,
000421.SZ,20260313,2.8463,6.1986,,402665.4295,
605108.SH,20260313,0.6758,2.1519,,457080.0,
605178.SH,20260313,3.5647,6.2392,,671663.32,
600433.SH,20260313,4.1565,6.9427,,645853.037,
002368.SZ,20260313,1.1343,1.7257,,1243346.4156,
603458.SH,20260313,3.57,3.9431,,318063.37,
600990.SH,20260313,1.4189,2.6373,,677687.655,
603517.SH,20260313,0.3988,0.7636,,733868.3445,
600115.SH,20260313,1.298,3.2026,,10381236.2349,
600589.SH,20260313,14.7933,17.5186,,1612351.5005,
603222.SH,20260313,1.3669,2.1818,,464180.1037,
000937.SZ,20260313,1.3483,4.7635,,2105993.9226,
002838.SZ,20260313,0.4518,0.9311,,1244314.2436,
688262.SH,20260313,2.4617,3.3121,,1213631.6858,
301172.SZ,20260313,4.1688,5.3905,,457934.4,
600469.SH,20260313,1.7351,4.2335,,652395.5172,
603708.SH,20260313,0.6216,2.0996,,736642.831,
600552.SH,20260313,2.3861,3.3739,,1273330.0931,
603139.SH,20260313,2.5854,5.1102,,278864.96,
301222.SZ,20260313,3.747,9.9735,,331899.9376,
600930.SH,20260313,23.6898,23.6898,,28198857.1427,
300891.SZ,20260313,5.9997,10.2476,,417608.5201,
601616.SH,20260313,9.9782,13.9605,,468667.7501,
301022.SZ,20260313,1.8368,2.1663,,325313.092,
003039.SZ,20260313,1.3869,6.6006,,1043606.6537,
002553.SZ,20260313,2.463,2.8941,,893419.5674,
920284.BJ,20260313,3.5588,4.5987,,373036.8962,
603286.SH,20260313,1.4381,2.2524,,701088.4999,
600764.SH,20260313,1.0058,2.6938,,1898801.7194,
300632.SZ,20260313,4.1091,4.5474,,453805.0689,
002093.SZ,20260313,1.0339,2.1831,,1060897.5,
300198.SZ,20260313,2.6488,3.3276,,276455.0087,
300183.SZ,20260313,1.2247,2.1528,,741562.4466,
003019.SZ,20260313,2.5529,3.6946,,562313.3766,
601928.SH,20260313,0.4093,1.5048,,2527085.7,
002269.SZ,20260313,2.0727,3.222,,452250.0,
603887.SH,20260313,6.2634,7.3866,,1005389.1331,
300591.SZ,20260313,2.6748,2.9303,,304661.0065,
300057.SZ,20260313,5.5789,6.2695,,566475.1887,
002769.SZ,20260313,1.8166,2.4196,,416996.2663,
600609.SH,20260313,0.9165,1.2836,,572701.207,
920717.BJ,20260313,4.5243,5.522,,115482.76,
600075.SH,20260313,5.6647,9.9693,,1324914.2972,
002377.SZ,20260313,2.3958,2.9994,,328960.7472,
002911.SZ,20260313,0.8959,5.9821,,1996930.3057,
300349.SZ,20260313,2.7431,3.8759,,615389.6367,
300482.SZ,20260313,0.8901,1.4138,,902467.7046,
002557.SZ,20260313,1.117,1.948,,1133115.6189,
688728.SH,20260313,0.7393,2.1906,,3703235.4138,
301668.SZ,20260313,12.7815,12.7815,,611600.0,
300059.SZ,20260313,1.3203,1.4425,,33346519.4943,
600616.SH,20260313,0.9983,1.5726,,359255.6582,
300831.SZ,20260313,17.9225,17.9225,,620160.0,
688126.SH,20260313,0.9481,1.6171,,6391915.2421,
301011.SZ,20260313,0.7584,1.4565,,366045.4425,
000661.SZ,20260313,0.8313,1.1426,,3671437.761,
301157.SZ,20260313,5.3796,5.3796,,343380.0,
301279.SZ,20260313,1.2069,3.1886,,374815.893,
000889.SZ,20260313,1.8745,2.5328,,323956.7261,
688679.SH,20260313,2.2573,4.6234,,564948.7058,
603177.SH,20260313,2.5943,6.2425,,250135.2,
002967.SZ,20260313,0.9478,1.8032,,1408388.6939,
688709.SH,20260313,2.706,3.377,,2929496.3196,
688367.SH,20260313,1.6071,2.3347,,307737.5952,
600017.SH,20260313,1.8498,3.3306,,1008814.4753,
688570.SH,20260313,0.3785,0.5702,,813174.0,
300570.SZ,20260313,8.2382,10.205,,2904952.6289,
601038.SH,20260313,4.5284,18.0847,,1711311.7538,
600313.SH,20260313,7.4561,12.3821,,958133.5244,
301081.SZ,20260313,1.813,4.1106,,289220.3323,
688608.SH,20260313,1.734,2.822,,3007640.6013,
601519.SH,20260313,1.1477,2.2932,,2233826.68,
002094.SZ,20260313,3.9473,5.0233,,490537.2598,
301535.SZ,20260313,7.1491,7.1491,,1219318.2363,
603067.SH,20260313,4.0642,6.4776,,2666772.5593,
601677.SH,20260313,2.9085,3.4195,,2058031.6027,
001289.SZ,20260313,0.286,10.8138,,15407141.1903,
000685.SZ,20260313,1.0433,2.0662,,1731780.7261,
002986.SZ,20260313,8.5751,10.0176,,622638.8401,
301325.SZ,20260313,4.343,4.343,,721190.0119,
300268.SZ,20260313,2.0212,2.886,,248931.8,
600202.SH,20260313,2.5318,3.8378,,247638.0741,
603099.SH,20260313,1.4056,3.4662,,1041488.8086,
600333.SH,20260313,3.4514,8.3672,,352019.7354,
002594.SZ,20260313,1.4905,2.1153,,90871108.1304,
002950.SZ,20260313,3.8022,7.2237,,715589.9099,
300418.SZ,20260313,4.5628,6.9526,,6340807.9696,
002048.SZ,20260313,1.9763,3.1874,,2376392.7162,
300438.SZ,20260313,15.0551,17.784,,2906807.904,
601636.SH,20260313,1.3858,2.204,,2014843.1888,
002715.SZ,20260313,1.7091,2.6478,,219834.0,
002858.SZ,20260313,2.7239,3.186,,252108.7108,
600900.SH,20260313,0.3853,0.8144,,67091852.9773,
301017.SZ,20260313,1.4895,2.7267,,586912.5433,
600073.SH,20260313,1.5751,2.5319,,616088.2631,
603916.SH,20260313,2.2803,4.369,,493650.0419,
688328.SH,20260313,9.8284,15.0892,,420236.0565,
002579.SZ,20260313,4.3346,6.0752,,749232.5723,
605088.SH,20260313,0.9057,1.5568,,690282.2105,
002568.SZ,20260313,0.5271,0.7547,,1967077.0892,
001300.SZ,20260313,0.9245,3.3809,,411737.5187,
300462.SZ,20260313,4.6804,5.1816,,240843.9556,
603536.SH,20260313,1.452,3.3633,,244319.8262,
600235.SH,20260313,1.8973,2.9782,,251882.1,
300820.SZ,20260313,2.1116,3.1451,,1142824.9671,
003000.SZ,20260313,0.9079,1.2225,,480202.2793,
920402.BJ,20260313,2.6851,5.408,,430079.2083,
001236.SZ,20260313,3.4543,9.5574,,1010801.1113,
688653.SH,20260313,1.8178,1.8178,,576868.32,
002179.SZ,20260313,3.3057,6.1618,,7529572.4069,
688222.SH,20260313,2.0868,3.8461,,1032953.04,
601702.SH,20260313,0.9531,3.1769,,2156826.096,
603373.SH,20260313,2.2778,3.3474,,442903.227,
300421.SZ,20260313,2.729,3.0964,,740662.7892,
600755.SH,20260313,2.3533,3.8571,,1378765.6076,
600415.SH,20260313,0.6472,1.5809,,7594729.528,
000883.SZ,20260313,0.8164,2.7536,,3539693.815,
600408.SH,20260313,17.3895,25.4106,,415808.4,
688096.SH,20260313,3.4532,4.2215,,207955.1199,
603269.SH,20260313,7.6805,10.3292,,501721.623,
301251.SZ,20260313,13.0461,13.0461,,937432.8857,
600055.SH,20260313,0.6304,1.1557,,1049670.1596,
001322.SZ,20260313,0.6371,3.0222,,829825.8197,
002669.SZ,20260313,10.8576,15.2663,,465719.0,
002510.SZ,20260313,3.6571,4.3588,,788762.7761,
002041.SZ,20260313,3.7943,9.6202,,997040.0,
002370.SZ,20260313,1.7228,2.0176,,489157.8997,
603339.SH,20260313,0.8302,1.4868,,416507.8216,
603508.SH,20260313,0.7767,1.8118,,998938.8677,
000878.SZ,20260313,2.7636,4.1745,,5073259.2302,
920768.BJ,20260313,1.5642,2.0715,,134717.58,
000888.SZ,20260313,2.7917,4.6219,,721870.9497,
600725.SH,20260313,3.1458,4.5092,,643349.34,
002616.SZ,20260313,5.0894,7.783,,531854.9318,
002875.SZ,20260313,2.2184,2.8683,,409205.4111,
300034.SZ,20260313,3.2975,5.5721,,1612253.2419,
688636.SH,20260313,1.6608,2.8206,,748493.1628,
000620.SZ,20260313,5.5268,9.7996,,1767416.327,
300130.SZ,20260313,3.0088,3.4921,,1415411.3119,
600851.SH,20260313,2.3756,5.0489,,1067038.1157,
920239.BJ,20260313,1.3862,3.6427,,591559.0888,
301236.SZ,20260313,1.9882,2.5167,,4725639.0632,
600726.SH,20260313,4.9713,35.5018,,3376432.5617,
600933.SH,20260313,1.0791,2.1976,,1813033.3232,
603767.SH,20260313,0.6569,1.936,,595350.1635,
300940.SZ,20260313,1.9382,2.4459,,543029.6233,
601778.SH,20260313,15.9663,20.9802,,2071180.3706,
688317.SH,20260313,0.702,1.266,,382010.102,
600378.SH,20260313,0.5048,1.1224,,4437598.6928,
603697.SH,20260313,0.8838,2.6994,,481581.3023,
301175.SZ,20260313,9.8677,9.8677,,1061225.48,
920985.BJ,20260313,3.8677,6.2849,,255936.8174,
600838.SH,20260313,1.982,2.9405,,429745.4836,
300300.SZ,20260313,12.1212,16.0776,,878904.4277,
002305.SZ,20260313,1.6504,2.7735,,374590.6063,
300769.SZ,20260313,14.9017,16.9311,,1297830.955,
688768.SH,20260313,1.4416,2.2034,,428065.0887,
688349.SH,20260313,1.6554,6.4065,,3562704.2446,
920564.BJ,20260313,2.2163,3.5522,,229798.2386,
002833.SZ,20260313,1.8853,2.6422,,785677.9696,
600320.SH,20260313,2.6849,4.9462,,2839642.537,
688552.SH,20260313,4.5939,4.5939,,1297730.304,
603116.SH,20260313,1.0793,2.421,,342839.476,
000060.SZ,20260313,3.5572,5.0862,,3188761.8248,
688120.SH,20260313,1.1589,1.6123,,6066192.6016,
300873.SZ,20260313,2.5799,4.0956,,585497.9169,
300641.SZ,20260313,12.0854,27.7298,,1174067.1055,
300232.SZ,20260313,11.2224,12.3858,,902581.1353,
002367.SZ,20260313,1.099,2.0855,,650960.2921,
300913.SZ,20260313,1.9494,5.9309,,1765322.768,
603858.SH,20260313,0.4343,0.9947,,1785384.3723,
002124.SZ,20260313,3.3527,3.4999,,575480.8625,
000582.SZ,20260313,2.4712,5.6201,,2816617.5331,
002422.SZ,20260313,0.5435,0.6544,,5208055.9393,
300505.SZ,20260313,47.7161,52.0481,,1069234.6645,
002053.SZ,20260313,2.0519,7.7107,,1163802.0425,
603237.SH,20260313,0.663,1.5769,,339161.8362,
688729.SH,20260313,6.183,6.183,,6978077.16,
300440.SZ,20260313,1.2282,1.876,,719488.6742,
301199.SZ,20260313,2.2911,2.7152,,444288.88,
000632.SZ,20260313,3.0688,3.908,,230432.1872,
001386.SZ,20260313,5.5632,5.5632,,2688570.0,
000504.SZ,20260313,2.7876,4.696,,340253.814,
002001.SZ,20260313,1.5085,3.0663,,11884921.6366,
688131.SH,20260313,3.4155,5.0301,,1396704.4976,
300733.SZ,20260313,1.1099,1.5709,,516592.9132,
002507.SZ,20260313,1.8413,2.8511,,1502402.5745,
002333.SZ,20260313,1.0191,3.1969,,391456.384,
000534.SZ,20260313,8.5671,11.3634,,2067238.3294,
003042.SZ,20260313,5.7442,11.1511,,261450.8,
002475.SZ,20260313,1.1278,1.8067,,35941761.8345,
600361.SH,20260313,2.3142,4.6402,,1806608.8499,
603100.SH,20260313,0.7161,1.561,,1150534.2606,
300865.SZ,20260313,1.564,2.5464,,271922.56,
300096.SZ,20260313,1.901,2.2682,,363780.0,
600038.SH,20260313,1.2684,2.251,,2931938.1297,
600128.SH,20260313,1.8404,2.5033,,286433.1206,
603698.SH,20260313,3.2844,10.6573,,1652457.17,
920166.BJ,20260313,4.6473,4.6473,,224752.9422,
002730.SZ,20260313,5.8353,11.6906,,695193.3696,
002284.SZ,20260313,1.25,2.1747,,1107172.3213,
002537.SZ,20260313,7.3704,9.8487,,1004958.3337,
600593.SH,20260313,4.1333,8.9067,,503778.59,
000809.SZ,20260313,4.4443,6.764,,311771.1088,
601882.SH,20260313,1.5933,6.8361,,1140570.0,
000564.SZ,20260313,1.2309,1.7471,,3936657.8112,
000617.SZ,20260313,0.6808,3.4077,,11226166.2222,
002578.SZ,20260313,5.2685,8.9983,,397979.1976,
300396.SZ,20260313,0.9916,2.0709,,343602.2029,
002286.SZ,20260313,2.2632,2.7634,,386275.8907,
002574.SZ,20260313,1.2093,2.635,,315744.0,
300131.SZ,20260313,5.6796,5.698,,1659398.4871,
600829.SH,20260313,0.8301,3.272,,588007.0374,
001225.SZ,20260313,4.8667,5.7537,,355483.1196,
301379.SZ,20260313,3.0203,3.0212,,529707.8184,
300343.SZ,20260313,1.9855,2.2605,,721554.1553,
300683.SZ,20260313,8.8631,14.7591,,451062.0714,
301182.SZ,20260313,5.7232,11.7459,,558448.8676,
600530.SH,20260313,1.3148,2.9849,,433955.2,
603406.SH,20260313,9.958,9.958,,1545638.64,
600675.SH,20260313,0.6259,2.2374,,1686871.7573,
603018.SH,20260313,1.369,1.369,,541566.7512,
301187.SZ,20260313,0.4352,1.514,,571306.0295,
002795.SZ,20260313,3.4108,4.7726,,338332.5691,
300575.SZ,20260313,7.7971,8.8468,,331509.718,
300247.SZ,20260313,1.9781,2.315,,381115.1084,
603038.SH,20260313,0.9313,1.6004,,424241.1504,
002030.SZ,20260313,1.1842,1.7321,,868733.0938,
600157.SH,20260313,9.3036,11.4096,,4232646.2441,
001208.SZ,20260313,8.4144,8.5513,,1332875.702,
002772.SZ,20260313,3.7643,5.9012,,724350.5833,
603212.SH,20260313,2.9739,4.6826,,623861.6469,
920099.BJ,20260313,2.6822,3.562,,267187.1932,
002394.SZ,20260313,6.394,10.7463,,537342.0,
002723.SZ,20260313,4.9045,7.0808,,330688.1266,
300050.SZ,20260313,2.8544,3.4634,,336170.425,
603819.SH,20260313,1.2667,2.5361,,276081.8771,
920656.BJ,20260313,1.391,1.8014,,170300.0,
000612.SZ,20260313,5.0512,6.6938,,1661925.9552,
301101.SZ,20260313,2.2199,5.5412,,733907.0682,
605337.SH,20260313,0.9445,2.4304,,446277.0003,
300239.SZ,20260313,1.6122,2.2076,,353196.7201,
601333.SH,20260313,0.9767,1.8263,,2238397.692,
688678.SH,20260313,5.0226,7.5333,,725303.7686,
301391.SZ,20260313,3.6796,10.1304,,730568.8818,
300583.SZ,20260313,2.2339,4.1722,,282466.4656,
300636.SZ,20260313,1.3101,1.6462,,341000.6139,
002952.SZ,20260313,11.2039,28.005,,446347.44,
601969.SH,20260313,6.7391,30.186,,2701059.4544,
000411.SZ,20260313,1.019,2.0595,,650310.4259,
603238.SH,20260313,0.7031,1.7618,,310818.259,
603386.SH,20260313,1.8658,4.3857,,460441.1322,
300456.SZ,20260313,4.7288,5.1118,,3516819.6826,
000657.SZ,20260313,8.4855,13.7861,,12776134.8708,
600486.SH,20260313,1.8418,3.1506,,3404732.4612,
002513.SZ,20260313,8.3864,9.9518,,274559.1979,
300682.SZ,20260313,4.9974,8.2132,,1994736.2689,
002714.SZ,20260313,0.988,1.5536,,28743740.2926,
688419.SH,20260313,2.9372,5.68,,539538.361,
300225.SZ,20260313,3.935,4.6191,,261010.8449,
300988.SZ,20260313,9.0993,14.9885,,405178.767,
002494.SZ,20260313,3.4948,3.9059,,218085.595,
601512.SH,20260313,0.2179,1.1468,,1390969.92,
688571.SH,20260313,1.4718,4.1435,,346971.6326,
002575.SZ,20260313,16.9983,18.6018,,487651.5,
600650.SH,20260313,1.0482,2.3718,,799834.6552,
300157.SZ,20260313,15.676,18.8611,,557159.9655,
600651.SH,20260313,0.6057,1.7002,,1822609.3669,
605033.SH,20260313,4.4306,16.26,,316097.6,
000816.SZ,20260313,8.4488,11.3769,,546971.0342,
300538.SZ,20260313,2.4559,3.0393,,287795.1825,
300766.SZ,20260313,8.9738,9.6745,,1607421.0105,
688021.SH,20260313,7.0123,11.7431,,213041.443,
001210.SZ,20260313,3.7275,4.9905,,359571.4661,
688468.SH,20260313,0.7159,1.1377,,302435.432,
600663.SH,20260313,0.3512,1.3804,,4007982.3285,
002552.SZ,20260313,1.0342,2.8462,,733680.2609,
688401.SH,20260313,1.3273,2.1906,,986657.1557,
300226.SZ,20260313,3.4651,4.7075,,881583.4533,
300627.SZ,20260313,1.1454,1.5393,,2806845.3727,
600082.SH,20260313,1.8722,2.6648,,247462.3614,
603958.SH,20260313,5.1698,14.1647,,440913.6,
301429.SZ,20260313,3.0935,3.8732,,248853.1,
605180.SH,20260313,0.9485,3.2992,,268034.0,
002103.SZ,20260313,1.4149,1.7556,,472831.5634,
300609.SZ,20260313,5.6921,6.6984,,435774.996,
920003.BJ,20260313,1.4839,1.4839,,196990.2866,
002479.SZ,20260313,2.1711,3.3435,,481805.0,
301270.SZ,20260313,2.1826,2.6784,,359400.0,
601900.SH,20260313,1.1633,3.1073,,1232112.2213,
600906.SH,20260313,0.9936,1.5992,,2183885.0,
000058.SZ,20260313,0.5873,2.0039,,1045289.3705,
600522.SH,20260313,3.8938,5.0361,,10153525.2147,
603185.SH,20260313,3.205,5.8319,,1730916.6163,
300725.SZ,20260313,2.2813,2.404,,877011.3361,
600753.SH,20260313,4.2662,7.3056,,290877.962,
002972.SZ,20260313,1.474,1.9956,,302836.8328,
300670.SZ,20260313,4.316,5.6127,,227865.8244,
000926.SZ,20260313,2.0153,2.5569,,360010.0389,
688651.SH,20260313,5.8442,5.8442,,335073.156,
603900.SH,20260313,1.8545,3.5462,,274371.072,
688697.SH,20260313,1.8504,4.7089,,737221.4086,
920026.BJ,20260313,0.9796,1.5672,,287434.5155,
603797.SH,20260313,1.1913,2.8081,,295798.4625,
603137.SH,20260313,2.9511,2.9511,,259033.6009,
688623.SH,20260313,2.76,2.76,,585985.8716,
688067.SH,20260313,1.7117,3.2639,,194888.0,
301260.SZ,20260313,1.1918,2.1757,,777238.3462,
603738.SH,20260313,8.3193,11.5779,,887927.1191,
002497.SZ,20260313,3.7789,4.0518,,2835303.7992,
002073.SZ,20260313,1.8826,2.1974,,794366.8835,
300252.SZ,20260313,4.3368,4.627,,938934.1366,
603928.SH,20260313,1.0364,3.1374,,409631.04,
301257.SZ,20260313,1.1195,1.9143,,489750.5692,
600843.SH,20260313,1.9073,2.4598,,770932.9649,
600135.SH,20260313,8.2346,15.1607,,588165.4462,
002239.SZ,20260313,2.2732,2.9661,,1058549.2848,
603668.SH,20260313,1.5939,2.4029,,690312.2663,
300227.SZ,20260313,7.3387,8.2103,,719698.5286,
002149.SZ,20260313,9.5398,14.0781,,2125196.7347,
600543.SH,20260313,1.5283,2.4147,,170514.72,
000908.SZ,20260313,0.0112,0.0151,,888572.0945,
300905.SZ,20260313,3.31,5.3389,,583046.2427,
605366.SH,20260313,6.9827,13.2496,,710830.2309,
688558.SH,20260313,0.7238,2.2338,,414744.0,
603007.SH,20260313,2.9591,2.9591,,642253.0693,
300189.SZ,20260313,23.7579,25.056,,845824.0,
002266.SZ,20260313,2.5352,4.8284,,2531346.63,
300623.SZ,20260313,1.4444,2.3165,,2498735.9968,
603062.SH,20260313,11.0378,12.6463,,607932.0,
300585.SZ,20260313,2.2162,3.7146,,281306.6665,
601717.SH,20260313,1.9354,3.0926,,4086780.4398,
603030.SH,20260313,1.4226,1.8738,,345036.5822,
300735.SZ,20260313,0.944,1.8583,,1755950.0564,
603202.SH,20260313,1.0098,1.0098,,1462560.0,
600699.SH,20260313,1.725,2.7841,,3945160.3123,
600538.SH,20260313,1.7243,1.9143,,320285.1906,
301318.SZ,20260313,0.9223,1.9273,,389796.0877,
300474.SZ,20260313,1.3111,1.6082,,3378210.6575,
301501.SZ,20260313,1.7226,1.7226,,583465.5,
300473.SZ,20260313,4.2477,5.4862,,625037.8265,
600727.SH,20260313,7.7835,11.8356,,437138.2526,
002871.SZ,20260313,2.1781,3.0165,,479026.0132,
301373.SZ,20260313,24.0745,25.5138,,744227.0164,
600846.SH,20260313,0.6439,1.4652,,860921.369,
600928.SH,20260313,0.7093,2.6566,,1666666.6669,
920974.BJ,20260313,2.6191,3.0137,,143980.2,
002902.SZ,20260313,8.8436,10.1767,,518900.0089,
301019.SZ,20260313,1.1832,1.5242,,362919.4602,
300640.SZ,20260313,3.7351,4.3608,,229202.1557,
002460.SZ,20260313,4.4333,4.9663,,14683150.9112,
002520.SZ,20260313,4.179,5.5622,,495912.058,
688111.SH,20260313,1.0163,2.3498,,12917424.6171,
600905.SH,20260313,1.7587,3.7694,,12664329.0129,
600346.SH,20260313,1.1253,4.4982,,16161773.1087,
920870.BJ,20260313,4.483,7.927,,217348.0,
603577.SH,20260313,3.4692,8.7171,,383566.3221,
920016.BJ,20260313,1.4603,1.631,,148036.2495,
300022.SZ,20260313,2.0185,2.7884,,397369.2655,
603073.SH,20260313,4.9731,5.3628,,246268.0,
301013.SZ,20260313,3.3267,3.6519,,546491.2649,
920964.BJ,20260313,1.3484,1.4827,,174486.944,
300354.SZ,20260313,1.4311,1.7811,,535299.1779,
600455.SH,20260313,2.0459,2.5767,,179192.002,
600525.SH,20260313,2.761,3.9585,,739835.6653,
600380.SH,20260313,0.6587,1.2905,,2048987.7923,
603191.SH,20260313,5.7468,9.5663,,829861.0671,
300633.SZ,20260313,0.6294,0.7077,,1131542.9391,
002500.SZ,20260313,0.6077,1.1587,,2100016.355,
002312.SZ,20260313,7.7608,14.0739,,2516316.4223,
688592.SH,20260313,2.008,2.008,,369957.9032,
920415.BJ,20260313,1.0444,1.4433,,198542.7311,
301320.SZ,20260313,3.9114,3.9114,,325615.89,
601330.SH,20260313,11.9321,37.98,,1256053.1576,
603365.SH,20260313,0.4878,1.2111,,547567.2818,
603281.SH,20260313,1.4861,2.1576,,1206986.6688,
300005.SZ,20260313,2.7635,3.7207,,1286670.3828,
002938.SZ,20260313,1.5546,5.6812,,11852194.8448,
002659.SZ,20260313,1.5552,2.2218,,336233.5758,
002883.SZ,20260313,2.2301,3.4963,,160841.881,
300713.SZ,20260313,4.6248,6.4631,,301252.0974,
603610.SH,20260313,1.4128,3.2563,,702453.3258,
301512.SZ,20260313,2.5849,3.6813,,259466.991,
920748.BJ,20260313,2.9063,7.4971,,302816.04,
688139.SH,20260313,1.4887,2.8062,,1012777.3504,
002521.SZ,20260313,0.68,0.7971,,453649.4505,
603358.SH,20260313,1.1889,3.1304,,2278253.9186,
300731.SZ,20260313,12.1245,15.1787,,907950.0347,
000910.SZ,20260313,0.6141,1.1469,,409453.33,
002933.SZ,20260313,4.143,6.6724,,401806.4,
600867.SH,20260313,1.511,2.5854,,1766605.6318,
603395.SH,20260313,20.798,20.798,,858000.0,
688027.SH,20260313,5.5388,7.2653,,6799112.1661,
603429.SH,20260313,1.2895,2.1875,,475183.8313,
300917.SZ,20260313,3.7804,8.4954,,587951.0,
301266.SZ,20260313,4.2512,9.6512,,542528.5183,
688399.SH,20260313,1.6278,2.716,,533675.7607,
603737.SH,20260313,0.8407,2.5488,,3682447.0077,
601158.SH,20260313,0.288,2.5181,,2236810.7539,
603897.SH,20260313,6.2037,14.8929,,653781.8017,
600539.SH,20260313,3.2167,5.3581,,278070.0,
001299.SZ,20260313,2.5744,8.6104,,338723.494,
002406.SZ,20260313,2.6372,2.9198,,568845.3389,
300121.SZ,20260313,6.652,9.6284,,626889.4467,
003011.SZ,20260313,2.9489,3.8646,,269524.5,
688334.SH,20260313,3.8126,5.983,,739529.6326,
000021.SZ,20260313,5.2887,8.0463,,4859636.1617,
688371.SH,20260313,0.6308,1.5638,,688724.7469,
603360.SH,20260313,0.9535,2.1566,,1852424.6444,
002928.SZ,20260313,2.1223,3.8642,,1190042.8831,
688515.SH,20260313,5.9258,6.6723,,1033600.0,
000875.SZ,20260313,4.7459,6.7357,,2905443.7714,
600521.SH,20260313,0.8157,1.3511,,2370150.1313,
300215.SZ,20260313,6.5439,10.8267,,732614.1149,
001306.SZ,20260313,3.2627,3.2627,,449758.8936,
300884.SZ,20260313,4.0033,4.9609,,375463.1108,
688488.SH,20260313,2.0008,3.6229,,674514.8412,
002663.SZ,20260313,3.0717,3.717,,398093.5964,
600221.SH,20260313,1.0622,1.8356,,6698423.0429,
002572.SZ,20260313,1.6436,1.9547,,1264480.9263,
002112.SZ,20260313,25.5802,35.0399,,742387.3558,
600187.SH,20260313,1.7964,2.2827,,330825.1261,
002759.SZ,20260313,12.1452,14.8917,,1844586.6038,
000716.SZ,20260313,0.9351,1.46,,430649.6766,
603519.SH,20260313,1.3199,2.7748,,365934.4508,
300925.SZ,20260313,1.9923,2.2863,,841555.659,
688627.SH,20260313,3.0434,3.0434,,2178722.399,
601921.SH,20260313,0.3296,1.7347,,1753333.3339,
002925.SZ,20260313,1.3249,3.9457,,1690726.8951,
002123.SZ,20260313,2.0469,2.1306,,861801.1013,
603799.SH,20260313,2.3233,2.932,,12675829.8625,
001360.SZ,20260313,5.1249,5.2935,,465120.0,
002049.SZ,20260313,1.4889,2.0121,,6265132.2207,
301300.SZ,20260313,2.8818,4.8387,,307439.344,
000565.SZ,20260313,3.1664,5.3259,,356412.8048,
605138.SH,20260313,0.4894,2.0345,,401678.12,
605365.SH,20260313,1.6603,9.8993,,1021094.1898,
002434.SZ,20260313,1.2157,2.4642,,1145899.8,
000523.SZ,20260313,1.8512,2.5644,,671781.4567,
002530.SZ,20260313,2.4011,3.0902,,740238.2663,
688219.SH,20260313,1.281,2.1853,,634238.4,
688575.SH,20260313,0.873,1.5593,,822227.7637,
301638.SZ,20260313,32.5508,32.5508,,10130365.6328,
688186.SH,20260313,5.9198,7.4565,,750309.0273,
603226.SH,20260313,1.5435,5.469,,1386417.903,
300986.SZ,20260313,7.1914,12.5409,,1063304.8295,
603312.SH,20260313,6.2436,6.2436,,783517.5515,
000430.SZ,20260313,1.1862,1.9035,,604797.6229,
601238.SH,20260313,0.2736,1.1345,,8025090.8633,
301613.SZ,20260313,4.799,6.4604,,720788.4887,
600929.SH,20260313,1.246,3.3749,,1056232.9369,
300008.SZ,20260313,5.3694,6.1798,,1444632.3552,
600028.SH,20260313,0.5023,3.3928,,76545850.5025,
002348.SZ,20260313,2.7478,3.8968,,825011.2,
300331.SZ,20260313,3.7179,4.0137,,1129011.6195,
603389.SH,20260313,0.3332,0.8428,,1140343.68,
002825.SZ,20260313,1.5115,2.338,,373980.9641,
605018.SH,20260313,0.8443,3.8454,,548096.7146,
002132.SZ,20260313,3.1397,4.0967,,559216.3345,
688020.SH,20260313,2.6402,5.5503,,790863.173,
300659.SZ,20260313,3.1034,3.5362,,385380.7194,
301326.SZ,20260313,7.1259,8.4675,,1022735.034,
600339.SH,20260313,2.4675,8.8756,,2462168.0347,
002307.SZ,20260313,3.767,7.0206,,857365.1091,
301065.SZ,20260313,2.2862,3.9825,,263353.68,
300265.SZ,20260313,16.6019,27.2719,,865062.4698,
603172.SH,20260313,7.4139,8.559,,297170.64,
600605.SH,20260313,2.4329,4.7591,,602963.54,
688521.SH,20260313,3.8201,5.4371,,10966385.2726,
688187.SH,20260313,0.4129,1.3878,,7590931.6231,
300200.SZ,20260313,2.4792,3.4864,,491740.428,
002866.SZ,20260313,4.6528,5.7966,,571806.4556,
002647.SZ,20260313,3.8039,4.1699,,1123509.9071,
002890.SZ,20260313,1.28,2.172,,275707.3847,
600129.SH,20260313,0.6976,1.1457,,925831.1326,
603029.SH,20260313,5.5146,13.2545,,262098.72,
688166.SH,20260313,2.8386,4.6154,,1892120.4217,
000957.SZ,20260313,1.4072,2.1017,,664645.3123,
002905.SZ,20260313,1.6225,6.0264,,372556.8,
300878.SZ,20260313,2.4817,8.9043,,426986.6596,
688228.SH,20260313,3.5033,7.891,,781427.1917,
001287.SZ,20260313,2.4662,2.8545,,1689257.9156,
600987.SH,20260313,1.4644,3.1495,,815634.2795,
603158.SH,20260313,11.4302,18.4432,,628185.7894,
603310.SH,20260313,1.3978,1.9889,,598474.22,
301177.SZ,20260313,0.4403,4.4024,,1183611.8444,
688469.SH,20260313,1.7913,1.7913,,5876263.7076,
603221.SH,20260313,0.8579,2.9577,,304941.38,
600116.SH,20260313,1.7688,3.8068,,1336587.8899,
605555.SH,20260313,0.6451,1.7567,,781287.4306,
002100.SZ,20260313,2.3607,3.2968,,1048513.1635,
920807.BJ,20260313,1.4463,2.0883,,251358.16,
600172.SH,20260313,16.7545,22.7335,,1488334.3792,
920163.BJ,20260313,3.3755,5.8362,,201053.0799,
605300.SH,20260313,0.5205,1.781,,515288.009,
920207.BJ,20260313,8.789,13.1137,,300463.505,
600104.SH,20260313,0.9509,3.1303,,16817590.9884,
300319.SZ,20260313,3.3684,4.3415,,1192031.1191,
603220.SH,20260313,9.7384,13.5016,,1406299.7233,
301507.SZ,20260313,2.6952,2.6952,,525917.6368,
300695.SZ,20260313,0.5774,1.9842,,754247.0714,
300214.SZ,20260313,7.9958,13.5016,,364948.552,
920522.BJ,20260313,1.4972,1.9507,,901316.64,
300446.SZ,20260313,2.857,3.3352,,1859902.2442,
688272.SH,20260313,3.99,8.5958,,266456.0,
605001.SH,20260313,1.0382,2.0805,,319809.204,
600796.SH,20260313,7.0924,10.5431,,610942.965,
002979.SZ,20260313,3.0275,3.9588,,1210384.6835,
600760.SH,20260313,0.7688,2.3422,,14646099.2925,
002907.SZ,20260313,0.5709,1.5867,,588810.8027,
002951.SZ,20260313,6.4923,38.4151,,669870.0,
688101.SH,20260313,0.6334,1.9552,,578033.0069,
605589.SH,20260313,2.9215,3.9186,,2870949.7852,
920149.BJ,20260313,0.5912,0.8498,,86349.5102,
301486.SZ,20260313,12.6739,16.4437,,2133530.8971,
000589.SZ,20260313,2.2176,2.845,,775757.6275,
603396.SH,20260313,4.2628,7.249,,552724.6372,
301348.SZ,20260313,5.4332,5.4332,,632880.0,
301372.SZ,20260313,2.8763,3.2343,,193028.5755,
688392.SH,20260313,2.9626,5.1563,,1307671.2346,
000676.SZ,20260313,1.9035,2.5367,,1030507.5779,
300989.SZ,20260313,1.5295,2.0662,,321080.4107,
920035.BJ,20260313,3.7991,3.7991,,215317.7,
300819.SZ,20260313,3.1371,7.7906,,737072.7,
001378.SZ,20260313,2.4039,2.4039,,351600.7032,
688505.SH,20260313,0.4839,1.1139,,840659.9731,
605158.SH,20260313,0.5428,1.9737,,409647.42,
688193.SH,20260313,0.9212,1.6871,,211889.4726,
300612.SZ,20260313,3.6988,4.6647,,283494.0132,
300235.SZ,20260313,2.3554,3.0024,,329788.0919,
600389.SH,20260313,4.5279,6.3739,,1358700.75,
002172.SZ,20260313,2.3188,3.3487,,326967.7177,
300985.SZ,20260313,6.48,23.4279,,488662.6976,
600495.SH,20260313,0.7979,1.1634,,576307.0526,
301263.SZ,20260313,1.4719,1.8351,,1235219.2425,
301103.SZ,20260313,0.794,1.1142,,331065.4567,
300201.SZ,20260313,7.1121,9.2989,,1095821.3572,
605218.SH,20260313,2.2153,6.7684,,462804.8582,
002245.SZ,20260313,4.8868,5.6568,,2080320.3982,
000703.SZ,20260313,1.7686,5.3223,,4611355.8029,
688005.SH,20260313,3.689,5.0463,,2237090.7211,
920039.BJ,20260313,0.4131,1.2607,,164433.58,
601398.SH,20260313,0.1125,0.9725,,256612505.1041,
002031.SZ,20260313,1.568,1.698,,1557172.1344,
920261.BJ,20260313,1.9135,2.857,,448635.5647,
300341.SZ,20260313,0.7337,1.9338,,824234.6652,
605123.SH,20260313,2.0621,4.7395,,1274475.4421,
600717.SH,20260313,0.9014,2.107,,1392014.4993,
301262.SZ,20260313,3.9107,5.4418,,1032075.0,
605068.SH,20260313,2.7574,8.1668,,463238.9017,
688033.SH,20260313,2.8404,3.7994,,562198.596,
301667.SZ,20260313,65.5782,65.5782,,946846.5384,
603280.SH,20260313,29.9117,29.9117,,441215.1347,
600481.SH,20260313,4.084,6.9486,,1537800.5634,
002845.SZ,20260313,5.1471,6.0826,,509998.0047,
002615.SZ,20260313,2.7004,3.4372,,407517.9978,
301030.SZ,20260313,8.888,12.6307,,260669.729,
920223.BJ,20260313,1.4373,2.2772,,277293.455,
002056.SZ,20260313,5.3047,10.6203,,4203423.9992,
600188.SH,20260313,2.3589,9.1406,,21851595.1443,
002459.SZ,20260313,3.6574,6.9668,,4216542.0049,
688188.SH,20260313,0.8635,2.4386,,4306118.1313,
600416.SH,20260313,1.3764,2.283,,2076425.8143,
300897.SZ,20260313,1.6777,2.9839,,363589.9518,
600118.SH,20260313,3.323,6.8462,,10331407.5725,
300036.SZ,20260313,1.9765,1.9944,,838688.7821,
000837.SZ,20260313,2.9668,5.4261,,1241075.9003,
688699.SH,20260313,2.2947,4.7538,,522036.5875,
300413.SZ,20260313,1.0792,1.8481,,4149258.7677,
920855.BJ,20260313,0.8055,2.6543,,128914.9994,
002324.SZ,20260313,3.2989,4.1671,,1875398.9141,
300004.SZ,20260313,3.5226,4.742,,610071.8631,
300756.SZ,20260313,1.9101,1.9233,,669949.8462,
300915.SZ,20260313,4.5261,7.4655,,326175.3827,
001318.SZ,20260313,0.7819,2.5836,,404769.12,
300373.SZ,20260313,1.6592,3.1868,,4194644.9156,
002303.SZ,20260313,2.4774,2.6244,,594153.5898,
603119.SH,20260313,4.0987,4.0987,,3035791.9839,
605117.SH,20260313,2.3003,5.7945,,12191707.4533,
688162.SH,20260313,0.9642,2.3107,,454626.1699,
301276.SZ,20260313,2.59,4.0752,,346032.0,
920204.BJ,20260313,2.6161,3.7012,,159440.6647,
600595.SH,20260313,2.6261,4.4122,,3434774.6827,
603398.SH,20260313,1.7545,2.8119,,424535.052,
002588.SZ,20260313,5.4742,8.6082,,1361536.3204,
002649.SZ,20260313,1.887,1.9299,,734022.0431,
000672.SZ,20260313,1.5053,3.5884,,1351337.2573,
688083.SH,20260313,0.7334,1.2696,,991582.3079,
000892.SZ,20260313,4.7201,6.4959,,616055.737,
600839.SH,20260313,1.9608,2.554,,4468524.4069,
603063.SH,20260313,5.6496,6.9736,,1475833.812,
688548.SH,20260313,5.6211,5.6211,,3368424.4241,
000659.SZ,20260313,2.1724,2.5773,,498852.5778,
300076.SZ,20260313,2.0654,2.9387,,312488.0,
600658.SH,20260313,0.7783,1.4856,,557055.3524,
002697.SZ,20260313,2.3696,3.6102,,769760.0,
002376.SZ,20260313,1.4436,2.0368,,611974.7185,
300661.SZ,20260313,3.4419,5.2029,,4495050.7763,
002074.SZ,20260313,2.6416,4.3714,,7026062.7629,
301419.SZ,20260313,4.9521,9.6479,,439200.0,
002693.SZ,20260313,2.4831,4.8748,,318067.0383,
600215.SH,20260313,1.1923,1.6997,,328955.6736,
301287.SZ,20260313,4.0764,4.0764,,286147.64,
603718.SH,20260313,1.6399,2.6484,,316825.6842,
600273.SH,20260313,3.0817,5.0918,,1394872.1486,
920230.BJ,20260313,1.447,2.4626,,121868.169,
300481.SZ,20260313,3.9995,6.2088,,525631.6438,
920765.BJ,20260313,1.6803,3.6048,,144113.4877,
920030.BJ,20260313,1.4203,2.2117,,111774.8006,
603206.SH,20260313,0.6279,1.9894,,487709.5808,
601077.SH,20260313,0.7922,1.3335,,7915829.0,
300738.SZ,20260313,12.2679,16.9468,,2234385.938,
603977.SH,20260313,1.6722,3.253,,882784.6376,
600801.SH,20260313,0.5953,1.4877,,4773374.0101,
603335.SH,20260313,3.5021,6.7106,,271015.5318,
603759.SH,20260313,1.3498,3.3895,,477459.84,
002004.SZ,20260313,2.7698,3.6526,,1114694.5045,
301355.SZ,20260313,5.1355,5.1355,,255383.1878,
300244.SZ,20260313,3.0974,3.4538,,1262458.4607,
920786.BJ,20260313,2.7842,3.8147,,197136.979,
300896.SZ,20260313,0.8943,1.4078,,4299833.1868,
300687.SZ,20260313,2.2548,2.5358,,827441.9219,
603203.SH,20260313,1.7374,4.8665,,995619.8882,
600850.SH,20260313,1.2246,2.1178,,1752191.9568,
603703.SH,20260313,2.3254,3.2718,,553171.166,
605151.SH,20260313,1.1803,3.5356,,266282.8053,
300281.SZ,20260313,1.2718,2.4646,,308746.6785,
300677.SZ,20260313,8.0899,9.2394,,4045720.4121,
300058.SZ,20260313,8.0959,8.0959,,5378151.398,
002032.SZ,20260313,0.3362,2.0028,,3612412.6302,
002614.SZ,20260313,1.8236,2.1106,,413539.0923,
002816.SZ,20260313,1.8758,2.2331,,238600.0,
000713.SZ,20260313,3.4401,4.8617,,569928.7044,
600360.SH,20260313,1.2841,1.653,,889233.4515,
300161.SZ,20260313,4.6409,6.9052,,634240.524,
001282.SZ,20260313,7.3312,10.1093,,504361.312,
300779.SZ,20260313,6.3314,7.6722,,2062178.4784,
300434.SZ,20260313,1.2284,2.0886,,409778.7494,
000695.SZ,20260313,17.7071,25.2578,,334418.3366,
920112.BJ,20260313,0.658,0.658,,311399.5,
000905.SZ,20260313,1.6648,3.4797,,867917.2285,
301332.SZ,20260313,1.0694,1.4478,,440792.1875,
301278.SZ,20260313,14.9385,18.189,,409607.3809,
920725.BJ,20260313,5.984,9.4114,,325851.75,
920068.BJ,20260313,8.8874,8.8874,,1435764.0329,
000573.SZ,20260313,1.7863,2.2536,,277652.0627,
300521.SZ,20260313,1.5799,2.0957,,448291.62,
600639.SH,20260313,3.1588,9.0686,,1232409.3565,
301149.SZ,20260313,3.9518,5.0291,,539220.0226,
600835.SH,20260313,0.7334,1.8751,,2513893.2191,
000973.SZ,20260313,9.4016,9.4016,,4208501.3434,
000501.SZ,20260313,0.9191,1.6125,,691324.4652,
000822.SZ,20260313,9.1867,15.3975,,606872.3258,
688588.SH,20260313,0.6583,1.2369,,518412.9639,
300812.SZ,20260313,15.5557,20.6869,,535794.6359,
301205.SZ,20260313,10.625,12.5764,,2893939.92,
600386.SH,20260313,0.9726,2.1613,,339494.4,
605116.SH,20260313,0.6985,2.5685,,1043890.9114,
002651.SZ,20260313,1.3184,2.5097,,1030359.62,
300971.SZ,20260313,3.4428,3.9099,,287179.2,
300808.SZ,20260313,1.8273,3.5399,,470880.0,
603809.SH,20260313,1.6003,2.3336,,1076737.9042,
603010.SH,20260313,2.5138,4.8673,,716337.9905,
600107.SH,20260313,0.7947,1.0143,,206640.0,
603279.SH,20260313,2.5171,4.5715,,1115281.755,
002737.SZ,20260313,1.7422,4.0244,,741096.0,
002193.SZ,20260313,3.2238,4.3947,,165142.5121,
603393.SH,20260313,3.8733,6.87,,1786404.472,
300119.SZ,20260313,1.8037,2.2707,,914637.2614,
603937.SH,20260313,3.1418,8.5062,,281164.5617,
600580.SH,20260313,1.4088,2.3077,,6321889.567,
600682.SH,20260313,1.3089,2.4022,,965804.9347,
603298.SH,20260313,0.608,1.5796,,3367526.778,
300745.SZ,20260313,3.046,3.431,,432204.5573,
603936.SH,20260313,11.7056,15.1595,,972704.1202,
002090.SZ,20260313,3.6199,4.5905,,488303.4495,
920422.BJ,20260313,1.808,3.9341,,108479.8025,
920640.BJ,20260313,2.0859,4.5028,,723503.712,
688615.SH,20260313,2.1236,2.2939,,2646420.0,
603418.SH,20260313,1.8999,1.8999,,1059366.5522,
301678.SZ,20260313,3.2852,3.2852,,1578430.9721,
002536.SZ,20260313,8.9906,13.7627,,2159470.5812,
688273.SH,20260313,4.8928,12.417,,491700.0,
301001.SZ,20260313,2.4666,4.2016,,246320.0,
601226.SH,20260313,4.9671,13.4498,,1271472.7278,
688265.SH,20260313,0.4221,1.3615,,339764.9897,
300112.SZ,20260313,2.2554,2.5261,,252496.5278,
002104.SZ,20260313,7.4464,7.7876,,1224010.0581,
002415.SZ,20260313,0.4058,1.0295,,29272599.7307,
300016.SZ,20260313,5.8908,7.4884,,596645.5528,
002516.SZ,20260313,0.726,1.4682,,897211.596,
002335.SZ,20260313,11.8315,15.7043,,3301742.3466,
301539.SZ,20260313,1.4977,2.3981,,300292.0,
603811.SH,20260313,1.2798,1.7256,,382618.7501,
301268.SZ,20260313,3.2194,7.9641,,945337.0337,
002586.SZ,20260313,1.1118,1.935,,578977.1993,
301165.SZ,20260313,1.2299,10.249,,7313409.0867,
000850.SZ,20260313,0.9846,1.8373,,502973.4498,
300241.SZ,20260313,19.5107,20.8456,,522396.8299,
688378.SH,20260313,1.3916,2.0194,,1002826.9291,
603193.SH,20260313,1.1617,1.1901,,905479.8367,
920000.BJ,20260313,0.6403,1.1938,,162915.36,
301383.SZ,20260313,2.9215,4.512,,504628.9248,
002515.SZ,20260313,2.2145,2.4564,,751791.3958,
002906.SZ,20260313,1.123,2.604,,1588929.9371,
600939.SH,20260313,1.5679,5.2411,,627816.7315,
603103.SH,20260313,1.1937,10.2025,,1487199.0,
301048.SZ,20260313,0.6038,2.4154,,597333.408,
603686.SH,20260313,3.0286,3.6484,,827952.7952,
603879.SH,20260313,2.4119,3.6177,,220637.4862,
300196.SZ,20260313,7.6832,9.8042,,793319.4718,
002768.SZ,20260313,2.9018,4.3373,,1622532.5,
301566.SZ,20260313,5.2763,5.2763,,885622.14,
688306.SH,20260313,0.4432,1.0926,,1203717.144,
002135.SZ,20260313,4.5784,8.021,,817676.7215,
003013.SZ,20260313,0.5172,2.3256,,659381.2834,
000526.SZ,20260313,1.0472,1.6562,,427123.187,
600353.SH,20260313,2.7072,4.6634,,1327961.9824,
600750.SH,20260313,0.7638,1.3535,,1608101.6212,
002921.SZ,20260313,4.1518,5.3789,,375702.6603,
002328.SZ,20260313,3.2633,3.6919,,542554.31,
002024.SZ,20260313,0.2068,0.576,,1398979.9103,
603806.SH,20260313,1.1442,3.0055,,4557467.3667,
000563.SZ,20260313,1.4495,2.5683,,1825687.4178,
600078.SH,20260313,13.4747,23.1511,,924526.3681,
603210.SH,20260313,5.1221,5.1221,,653227.6,
301080.SZ,20260313,2.1121,2.7342,,749959.1398,
603663.SH,20260313,1.4087,3.3102,,2120308.4478,
600815.SH,20260313,2.0029,3.8745,,557065.6667,
002050.SZ,20260313,1.9265,3.4429,,19903905.9126,
300788.SZ,20260313,4.0486,15.2776,,685115.9085,
603788.SH,20260313,0.7282,1.4924,,357350.2389,
605259.SH,20260313,1.659,3.8064,,398083.84,
002117.SZ,20260313,1.2665,1.8315,,577140.4924,
920925.BJ,20260313,1.8995,2.7811,,195345.9157,
002634.SZ,20260313,2.1506,2.8005,,315115.8239,
000859.SZ,20260313,8.0427,11.3461,,968550.349,
600420.SH,20260313,0.9808,2.2358,,1469925.2704,
301286.SZ,20260313,1.0003,3.6856,,1930882.6,
600423.SH,20260313,5.5202,7.6756,,329062.3507,
600491.SH,20260313,1.5386,2.2663,,477284.482,
300746.SZ,20260313,1.1975,2.5092,,288945.0598,
688282.SH,20260313,0.9197,2.6997,,671880.0,
601133.SH,20260313,9.3208,9.3208,,827932.8888,
301033.SZ,20260313,1.2196,2.1158,,447690.3127,
002278.SZ,20260313,6.1795,8.4348,,487547.3925,
301128.SZ,20260313,3.9854,7.4797,,1098546.2874,
300869.SZ,20260313,1.1292,1.5617,,572167.7525,
601633.SH,20260313,0.4704,2.669,,18031436.8097,
603922.SH,20260313,2.4418,4.4389,,382054.4,
600789.SH,20260313,1.3345,1.7516,,926038.1433,
600916.SH,20260313,3.5412,7.3938,,1664880.0,
003016.SZ,20260313,1.348,4.3699,,356181.8054,
605189.SH,20260313,1.5834,4.8792,,282965.1452,
301421.SZ,20260313,6.0317,6.05,,1069812.91,
300213.SZ,20260313,2.6252,2.6909,,518285.9835,
001285.SZ,20260313,2.6737,2.6737,,964313.6408,
002491.SZ,20260313,13.0086,19.7486,,1383743.8125,
688234.SH,20260313,1.4187,3.2399,,4017972.3483,
301255.SZ,20260313,2.2081,2.2081,,399992.32,
002766.SZ,20260313,2.8983,5.5614,,459410.262,
002115.SZ,20260313,6.5933,7.3019,,1042934.853,
300904.SZ,20260313,23.4165,23.4165,,496404.2051,
688700.SH,20260313,8.1306,12.246,,1438891.3579,
002408.SZ,20260313,2.6043,5.782,,1779625.1586,
301488.SZ,20260313,3.1697,3.2324,,1228476.0,
603208.SH,20260313,1.2751,3.1501,,252116.7151,
688122.SH,20260313,2.3486,3.4974,,5067383.0766,
920227.BJ,20260313,3.9178,6.4179,,245331.45,
688681.SH,20260313,2.7591,4.2446,,219807.0,
002935.SZ,20260313,1.2428,2.1803,,817669.6354,
600496.SH,20260313,1.3012,1.851,,867694.4847,
301009.SZ,20260313,1.259,1.7842,,332212.92,
002313.SZ,20260313,0.9655,1.7063,,343699.2,
002385.SZ,20260313,6.1757,6.4831,,1844733.7044,
300652.SZ,20260313,1.2767,2.3633,,612262.7255,
603609.SH,20260313,0.6288,1.3504,,683034.932,
002238.SZ,20260313,0.6894,2.0073,,621983.349,
605183.SH,20260313,1.1348,3.5101,,960690.065,
001400.SZ,20260313,13.103,13.103,,806460.0,
688038.SH,20260313,2.3622,4.1138,,252297.5312,
603128.SH,20260313,1.1857,2.188,,777573.6174,
688163.SH,20260313,0.7689,1.8753,,260052.66,
300920.SZ,20260313,3.1852,4.3412,,400900.0,
600536.SH,20260313,1.0665,1.678,,3830392.5676,
600268.SH,20260313,8.1134,17.6505,,1538028.3579,
300588.SZ,20260313,2.1952,3.0127,,489208.4817,
600009.SH,20260313,0.3792,0.7553,,7283292.2681,
920419.BJ,20260313,0.6405,1.1769,,152686.8592,
603028.SH,20260313,1.4289,2.0183,,268382.4,
688691.SH,20260313,5.5388,5.5388,,1278840.0,
603112.SH,20260313,1.3982,3.4475,,936833.0307,
002421.SZ,20260313,2.3973,2.806,,598004.0222,
600736.SH,20260313,1.441,2.5638,,742583.925,
688311.SH,20260313,3.1785,4.977,,688473.9106,
601007.SH,20260313,1.8057,3.1961,,313950.0,
600059.SH,20260313,0.9174,1.4921,,855026.7834,
000932.SZ,20260313,1.075,2.3092,,4228059.8517,
002841.SZ,20260313,0.5301,0.7624,,2443018.073,
688475.SH,20260313,1.0554,5.4663,,2212875.0,
300987.SZ,20260313,2.2966,4.175,,313449.344,
688138.SH,20260313,0.7929,1.9606,,892458.0,
688018.SH,20260313,1.1398,1.8703,,2524026.594,
603920.SH,20260313,2.9847,5.8161,,3965419.5205,
601377.SH,20260313,0.8584,1.2127,,5552939.83,
300916.SZ,20260313,1.6739,2.6573,,431907.0049,
300039.SZ,20260313,2.4652,3.5462,,668394.0,
300221.SZ,20260313,2.7472,2.7472,,497916.1739,
002426.SZ,20260313,4.8592,5.6532,,1381466.1219,
603919.SH,20260313,1.5689,3.946,,985098.9142,
300778.SZ,20260313,1.8068,4.1722,,271681.9624,
600027.SH,20260313,1.8506,4.318,,6177463.8659,
300353.SZ,20260313,2.5353,2.6432,,1383508.9823,
603755.SH,20260313,1.003,2.7569,,294263.2241,
301023.SZ,20260313,2.5417,3.169,,337523.5947,
600959.SH,20260313,1.1175,2.3563,,2010288.5098,
002163.SZ,20260313,3.3224,4.6327,,1149142.6991,
002065.SZ,20260313,1.2449,1.7654,,2830440.9371,
688041.SH,20260313,0.5876,1.5404,,54793946.1572,
603016.SH,20260313,1.0395,2.3016,,473074.88,
920856.BJ,20260313,1.2321,2.0717,,137933.6106,
002926.SZ,20260313,0.5953,1.1058,,2299500.0,
000776.SZ,20260313,0.4907,1.0186,,15117601.5273,
600265.SH,20260313,0.1988,0.5569,,255576.2,
600702.SH,20260313,1.5817,2.2684,,1672113.367,
002201.SZ,20260313,3.2726,4.9952,,765020.9469,
603722.SH,20260313,0.8847,1.5214,,372118.2208,
301398.SZ,20260313,2.8451,3.1647,,584416.0,
600824.SH,20260313,1.5682,2.5992,,459555.8038,
600011.SH,20260313,1.6033,4.0294,,12323003.2868,
301208.SZ,20260313,2.5105,3.309,,438240.2191,
600305.SH,20260313,0.7528,1.2916,,868580.1495,
600292.SH,20260313,1.9614,3.4863,,6421382.2907,
920781.BJ,20260313,3.1396,3.4205,,138028.3792,
600406.SH,20260313,1.7438,4.0622,,23460759.7317,
000055.SZ,20260313,1.2968,1.6934,,417737.0743,
000997.SZ,20260313,1.3274,1.9144,,2280483.4067,
000049.SZ,20260313,3.9952,7.3312,,1041985.7886,
301213.SZ,20260313,4.7375,9.0235,,576079.9928,
002440.SZ,20260313,8.2669,12.3876,,1505035.8728,
920892.BJ,20260313,0.4207,1.3079,,269325.4891,
605196.SH,20260313,2.4554,3.78,,2805916.2705,
688360.SH,20260313,3.6194,7.0319,,512985.3223,
688737.SH,20260313,1.9978,3.1796,,342671.8828,
300286.SZ,20260313,4.5254,6.3857,,774673.7993,
603883.SH,20260313,0.9337,1.7855,,1085971.9277,
300517.SZ,20260313,3.7335,4.6744,,246508.5718,
600638.SH,20260313,1.2634,2.0183,,434340.927,
300417.SZ,20260313,4.2434,5.113,,193098.192,
002756.SZ,20260313,3.048,3.4788,,3763467.8507,
920245.BJ,20260313,0.6481,1.3489,,135667.35,
688022.SH,20260313,2.4473,3.3176,,282988.2233,
002404.SZ,20260313,1.2651,1.9295,,393156.1818,
600057.SH,20260313,2.0115,4.5921,,2479834.4929,
000921.SZ,20260313,1.1869,2.9165,,3135325.6911,
002496.SZ,20260313,4.7153,5.2242,,321116.6012,
601018.SH,20260313,0.2778,1.7616,,8190297.516,
600749.SH,20260313,2.2556,4.1061,,376989.7237,
002657.SZ,20260313,2.8358,3.098,,835167.6997,
001259.SZ,20260313,3.0625,6.0394,,254102.4303,
000981.SZ,20260313,3.8523,6.6899,,4208935.2438,
301032.SZ,20260313,5.4883,9.95,,336381.093,
000408.SZ,20260313,1.2077,2.7132,,12520980.0906,
600117.SH,20260313,1.4182,3.8961,,953748.6531,
000601.SZ,20260313,15.5877,22.1534,,687565.7873,
600919.SH,20260313,0.5384,0.7458,,19727673.7977,
300980.SZ,20260313,3.4442,4.0586,,490131.4529,
605266.SH,20260313,0.8066,1.6021,,311867.6287,
603326.SH,20260313,1.128,3.5286,,309920.799,
688236.SH,20260313,0.4958,2.6973,,768671.274,
002241.SZ,20260313,1.5276,1.9577,,8931479.5837,
603092.SH,20260313,28.6366,28.6366,,3010400.7526,
300775.SZ,20260313,3.5884,5.1076,,2028666.3107,
300043.SZ,20260313,2.3484,3.4407,,730344.4614,
603685.SH,20260313,1.5016,2.974,,679072.237,
688526.SH,20260313,0.4585,1.686,,744406.5054,
300966.SZ,20260313,2.575,3.4327,,244741.8029,
920685.BJ,20260313,2.4375,3.0828,,125925.9348,
300504.SZ,20260313,13.6939,24.9025,,480526.5803,
002223.SZ,20260313,0.7275,1.197,,3636986.2984,
002036.SZ,20260313,2.6262,2.8762,,1083900.7019,
688207.SH,20260313,2.3383,3.1591,,412544.2232,
002401.SZ,20260313,1.1259,2.2078,,578316.0926,
688137.SH,20260313,1.6542,2.3964,,291017.5455,
600644.SH,20260313,7.5957,14.9434,,729840.8723,
301160.SZ,20260313,2.5187,2.9714,,737090.8146,
600160.SH,20260313,0.8818,1.8998,,10453416.8256,
002843.SZ,20260313,11.1735,19.473,,588310.6824,
603803.SH,20260313,18.4253,32.6884,,584214.8909,
600617.SH,20260313,4.1475,10.5548,,667500.3545,
001395.SZ,20260313,1.1044,1.3155,,372427.56,
600382.SH,20260313,2.2972,3.7679,,602746.2213,
603725.SH,20260313,1.8217,3.0222,,301809.1032,
300689.SZ,20260313,1.7145,3.5113,,565168.4,
002046.SZ,20260313,3.9108,7.7646,,2531179.4612,
000598.SZ,20260313,1.1287,2.6355,,2151470.2878,
920374.BJ,20260313,1.7272,1.983,,183007.91,
002706.SZ,20260313,6.7379,7.4907,,1328656.8987,
000488.SZ,20260313,5.2233,7.1658,,811841.9112,
603608.SH,20260313,6.2218,8.5751,,480995.7622,
002064.SZ,20260313,1.3741,4.1424,,5309921.9698,
002045.SZ,20260313,1.4147,1.8865,,721103.3752,
603223.SH,20260313,0.8358,2.1688,,661337.2046,
920976.BJ,20260313,3.5811,5.6277,,232656.1986,
600267.SH,20260313,0.8767,1.4099,,1264784.8468,
001914.SZ,20260313,0.8192,2.2063,,1133802.5672,
920247.BJ,20260313,2.0797,5.1322,,356522.4477,
603171.SH,20260313,0.855,3.3473,,2199545.485,
000735.SZ,20260313,3.1292,3.9831,,877453.3464,
603303.SH,20260313,0.268,1.1139,,703016.3036,
003026.SZ,20260313,5.5291,7.1077,,445111.646,
688351.SH,20260313,0.3671,1.2338,,1100733.4,
301099.SZ,20260313,2.425,3.1511,,622596.2234,
300132.SZ,20260313,2.7637,3.048,,462339.893,
605166.SH,20260313,2.298,3.3783,,349667.9697,
600326.SH,20260313,3.2616,4.239,,1474186.5057,
001373.SZ,20260313,3.5151,4.1118,,278181.8964,
920029.BJ,20260313,2.0043,2.0043,,1202758.5362,
301337.SZ,20260313,3.2832,3.8491,,316559.6,
300390.SZ,20260313,5.4786,6.6878,,4373902.8988,
301100.SZ,20260313,1.9913,3.4848,,421400.0,
300706.SZ,20260313,5.4286,7.6455,,569208.4658,
300069.SZ,20260313,3.2162,5.664,,227682.0,
600730.SH,20260313,1.5758,1.9703,,542656.8019,
301520.SZ,20260313,1.6987,1.6987,,286333.3348,
300604.SZ,20260313,2.8748,3.2002,,7879280.4659,
920675.BJ,20260313,5.9282,9.4439,,197988.6,
301127.SZ,20260313,1.4563,2.6336,,1164120.7483,
601298.SH,20260313,0.1911,1.5553,,5900409.9,
601117.SH,20260313,4.5754,8.0728,,6192159.4883,
688209.SH,20260313,0.9697,2.5381,,915718.1274,
000722.SZ,20260313,4.9162,10.1432,,634040.2132,
300710.SZ,20260313,2.7992,2.9351,,303345.9247,
600734.SH,20260313,2.1281,2.9119,,888747.6672,
301618.SZ,20260313,1.2851,1.3555,,445395.7008,
603607.SH,20260313,5.3851,10.5553,,438258.744,
300144.SZ,20260313,1.1447,1.7448,,2128615.7557,
000402.SZ,20260313,0.7064,1.441,,818966.7945,
605162.SH,20260313,1.7583,6.9352,,388565.5119,
301322.SZ,20260313,2.0896,2.7638,,463424.2398,
603392.SH,20260313,0.18,0.6802,,5025961.3959,
600362.SH,20260313,1.7468,4.1678,,17569889.001,
603041.SH,20260313,1.8423,3.1161,,248348.2704,
002835.SZ,20260313,1.5825,2.0814,,367652.3344,
920770.BJ,20260313,8.2616,9.4756,,235799.5011,
002534.SZ,20260313,2.0668,6.2182,,1580753.4197,
600881.SH,20260313,1.4465,1.7088,,555929.9699,
688231.SH,20260313,2.2766,5.6931,,833142.8576,
003037.SZ,20260313,0.7553,2.2873,,451702.3072,
688386.SH,20260313,1.8733,2.7266,,862613.5763,
603111.SH,20260313,1.1399,1.5306,,594801.1637,
002984.SZ,20260313,1.1459,1.479,,1978732.1675,
600372.SH,20260313,1.1367,2.5408,,6871233.2146,
301098.SZ,20260313,2.7168,2.9021,,172347.6375,
603120.SH,20260313,7.9862,7.9862,,394053.6,
301469.SZ,20260313,2.9133,5.826,,303963.56,
688012.SH,20260313,1.0686,1.4956,,19593965.092,
600971.SH,20260313,2.7877,6.1896,,954003.8828,
300992.SZ,20260313,5.6091,8.489,,312903.1428,
002192.SZ,20260313,5.9231,8.0147,,1482631.2091,
688373.SH,20260313,1.1041,1.6598,,387174.7442,
300736.SZ,20260313,3.7566,4.9805,,274547.0593,
688212.SH,20260313,0.7887,1.0984,,533139.7248,
002022.SZ,20260313,1.1041,1.3571,,307066.6861,
300236.SZ,20260313,6.3368,8.4629,,2614854.4183,
300909.SZ,20260313,1.8052,2.7635,,715589.2141,
600622.SH,20260313,1.4033,2.4512,,419911.9126,
603588.SH,20260313,8.3101,10.1313,,2319886.078,
002432.SZ,20260313,9.3562,14.3115,,2571781.0945,
688050.SH,20260313,0.8123,1.1155,,1064877.8816,
300592.SZ,20260313,1.5228,2.572,,519200.1262,
600684.SH,20260313,1.7568,2.5497,,551931.0672,
920378.BJ,20260313,0.6195,0.9778,,153504.162,
002815.SZ,20260313,8.0889,9.9236,,1958598.1512,
688068.SH,20260313,2.2399,3.2143,,1150876.3672,
002862.SZ,20260313,2.8869,3.4868,,283752.0,
300408.SZ,20260313,1.2279,1.8958,,10500489.0957,
600819.SH,20260313,0.8703,2.3275,,779452.1443,
300580.SZ,20260313,0.6472,1.511,,1099082.2033,
600230.SH,20260313,7.1874,13.3127,,878425.2738,
301552.SZ,20260313,4.7847,4.7847,,383084.8,
688528.SH,20260313,0.7876,2.3371,,196896.0,
605028.SH,20260313,1.72,6.88,,461760.0,
600237.SH,20260313,4.985,6.5214,,642056.8298,
002465.SZ,20260313,4.7198,6.4701,,3970934.3168,
300732.SZ,20260313,1.3772,2.3734,,281996.2148,
300153.SZ,20260313,7.4105,11.7679,,1076160.0,
688035.SH,20260313,3.6582,8.565,,957275.2,
301025.SZ,20260313,2.5657,6.3236,,450348.075,
002083.SZ,20260313,6.638,11.0016,,1080115.1127,
301311.SZ,20260313,1.7686,4.8654,,436800.0,
600335.SH,20260313,0.7382,2.3586,,954313.1855,
301293.SZ,20260313,19.1452,23.5684,,1808153.7719,
300537.SZ,20260313,2.7848,3.1673,,495202.9395,
300658.SZ,20260313,14.1232,20.2189,,884486.9911,
002733.SZ,20260313,20.0445,31.9902,,1051596.2169,
688071.SH,20260313,1.824,2.5005,,290828.7533,
601665.SH,20260313,0.84,1.3732,,3563074.822,
300523.SZ,20260313,1.7962,3.7475,,531111.7276,
603197.SH,20260313,0.7438,1.0558,,728580.068,
000977.SZ,20260313,3.5901,5.3225,,9073717.2512,
300795.SZ,20260313,1.0794,1.4168,,368835.0356,
600196.SH,20260313,0.5216,0.8994,,6822946.9254,
002329.SZ,20260313,2.1332,2.3257,,319643.1302,
600757.SH,20260313,0.6168,1.4119,,1109276.3495,
301598.SZ,20260313,2.4761,2.4761,,367224.1854,
002949.SZ,20260313,2.6371,4.5778,,284459.6467,
601816.SH,20260313,0.3163,0.6301,,24952096.4787,
688329.SH,20260313,1.4885,2.4468,,202727.2,
603050.SH,20260313,5.9658,15.699,,909081.461,
603311.SH,20260313,1.5171,3.1204,,371281.2696,
603355.SH,20260313,0.3706,1.9336,,1809638.1863,
000615.SZ,20260313,0.7317,0.8987,,584510.1106,
002420.SZ,20260313,2.416,3.2683,,327386.84,
300154.SZ,20260313,1.2192,2.5773,,393810.3561,
300719.SZ,20260313,6.7944,8.1406,,449982.0555,
301308.SZ,20260313,6.765,11.9486,,13671261.1737,
688549.SH,20260313,3.2429,3.7522,,1441821.376,
600228.SH,20260313,1.3031,1.8607,,248753.4389,
605598.SH,20260313,1.1077,3.5885,,1176942.1009,
000301.SZ,20260313,0.5294,1.6133,,7642582.2465,
920002.BJ,20260313,1.3255,2.178,,413758.488,
002164.SZ,20260313,1.4741,2.3298,,679053.6272,
301077.SZ,20260313,1.8511,3.0768,,488806.8764,
300248.SZ,20260313,1.6946,1.7744,,563043.8005,
605298.SH,20260313,1.9914,7.119,,919713.6,
603948.SH,20260313,0.9794,3.5891,,459519.3643,
002796.SZ,20260313,8.6,12.5189,,1456662.0239,
600655.SH,20260313,0.3713,0.8011,,1938444.22,
600307.SH,20260313,6.8179,16.5461,,1390465.3481,
601006.SH,20260313,1.0926,2.1405,,10758592.9003,
603828.SH,20260313,0.4187,0.8415,,396909.4652,
603955.SH,20260313,0.8846,1.4548,,376758.72,
002763.SZ,20260313,1.0458,1.9321,,325479.656,
603711.SH,20260313,0.3626,1.9492,,538387.8264,
600982.SH,20260313,5.1954,10.5809,,577813.4097,
300921.SZ,20260313,9.0308,10.814,,480079.036,
920275.BJ,20260313,0.7977,2.1608,,131008.3872,
300953.SZ,20260313,3.4185,4.5687,,2966989.6333,
600246.SH,20260313,2.399,3.2676,,2104255.4365,
600739.SH,20260313,0.9713,1.7353,,1861656.8461,
300790.SZ,20260313,2.665,2.7425,,990292.9427,
300054.SZ,20260313,4.2003,4.6364,,4378654.0896,
688049.SH,20260313,1.7365,2.2893,,865853.694,
301069.SZ,20260313,2.9591,4.8381,,1030518.1967,
688130.SH,20260313,1.4204,2.2388,,285061.1997,
688319.SH,20260313,1.6748,2.4853,,1270274.5659,
688395.SH,20260313,1.093,2.7313,,235632.3961,
600963.SH,20260313,5.3561,9.4978,,978965.2947,
600599.SH,20260313,3.3661,8.4112,,84494.0,
688720.SH,20260313,2.2201,2.2201,,587849.3378,
600284.SH,20260313,2.8245,4.4834,,766502.24,
000651.SZ,20260313,1.0757,1.43,,21621426.1603,
300931.SZ,20260313,4.0971,5.777,,308107.318,
002099.SZ,20260313,1.9858,3.2979,,1194611.8567,
920726.BJ,20260313,3.1451,6.3857,,197036.46,
300997.SZ,20260313,0.8987,2.7841,,912569.6689,
600548.SH,20260313,0.3088,1.9184,,2309449.0756,
920080.BJ,20260313,2.4327,2.4327,,219535.0,
600381.SH,20260313,0.8471,1.4554,,153222.8534,
600602.SH,20260313,8.3295,14.864,,2810568.95,
002707.SZ,20260313,2.1303,2.7734,,682986.9479,
000603.SZ,20260313,2.8723,4.8484,,3056564.2028,
301002.SZ,20260313,4.1445,5.2287,,546358.6092,
000042.SZ,20260313,0.6307,1.3526,,568430.6238,
601069.SH,20260313,1.9415,6.459,,3215826.9042,
002205.SZ,20260313,1.5133,2.1683,,257764.5572,
301066.SZ,20260313,1.7761,3.5444,,353559.2821,
301238.SZ,20260313,1.8789,6.4586,,1531199.9304,
600980.SH,20260313,2.035,3.8788,,433413.4745,
600252.SH,20260313,1.5905,2.2807,,834250.7243,
002136.SZ,20260313,12.4807,18.403,,312854.1,
300199.SZ,20260313,1.8875,2.0111,,1562453.9234,
603080.SH,20260313,2.6759,5.0432,,327148.0,
002827.SZ,20260313,1.9578,4.6367,,991270.588,
688433.SH,20260313,1.5242,2.5828,,3836031.4256,
603868.SH,20260313,0.1692,1.6906,,1612155.6,
603506.SH,20260313,1.3139,3.3924,,247115.5572,
688358.SH,20260313,0.8403,2.8456,,355438.1932,
605277.SH,20260313,1.58,3.4321,,745172.0527,
605167.SH,20260313,1.6189,4.3331,,780034.59,
603650.SH,20260313,1.6853,4.3195,,3393384.9988,
920469.BJ,20260313,6.1524,8.2881,,144046.812,
300804.SZ,20260313,20.1593,20.1593,,397380.0,
601696.SH,20260313,2.5842,4.9453,,3775302.0,
001356.SZ,20260313,1.1862,1.7465,,704237.4,
002582.SZ,20260313,3.8715,4.3543,,497851.1748,
001298.SZ,20260313,5.0543,5.3576,,912318.7377,
688510.SH,20260313,3.7444,5.0318,,936876.6149,
688080.SH,20260313,2.7673,3.8348,,421975.9802,
688077.SH,20260313,2.1919,3.6211,,368620.7829,
688178.SH,20260313,1.376,2.848,,223884.3211,
688396.SH,20260313,1.3871,4.1053,,6611096.402,
002531.SZ,20260313,6.412,13.0208,,2231723.2932,
603533.SH,20260313,4.5148,7.7801,,1115675.7546,
300298.SZ,20260313,0.7895,1.221,,945731.2125,
001220.SZ,20260313,7.3227,7.3227,,385126.17,
600452.SH,20260313,4.5892,7.8647,,2343226.0224,
688516.SH,20260313,2.6982,4.8858,,2395876.451,
920821.BJ,20260313,2.2068,4.0958,,312559.5298,
600206.SH,20260313,2.6821,4.0083,,1868343.2037,
000559.SZ,20260313,2.2808,6.294,,5619532.5626,
002981.SZ,20260313,2.432,6.3763,,348664.7876,
301053.SZ,20260313,2.9773,8.6844,,308572.6679,
603093.SH,20260313,4.8864,21.2227,,1524447.6727,
600269.SH,20260313,0.9092,1.9925,,1167703.507,
300875.SZ,20260313,8.509,15.1039,,460437.8716,
300557.SZ,20260313,3.5051,6.6891,,467758.6879,
300691.SZ,20260313,3.1902,4.2477,,474332.9745,
300563.SZ,20260313,1.8931,2.1718,,606332.4951,
301357.SZ,20260313,6.8267,6.8267,,1164581.6,
002725.SZ,20260313,6.0886,8.6555,,426752.0,
000010.SZ,20260313,5.6083,6.7248,,520792.4883,
603218.SH,20260313,6.4546,15.8644,,1715518.1813,
301312.SZ,20260313,7.6926,12.6725,,970777.8827,
600036.SH,20260313,0.371,0.6531,,100274106.1096,
603790.SH,20260313,2.3638,6.0692,,453905.92,
600853.SH,20260313,7.7923,13.9311,,441103.8095,
002596.SZ,20260313,2.5633,3.5619,,465917.6903,
603658.SH,20260313,0.3131,1.082,,1990843.8917,
002912.SZ,20260313,1.8735,2.8287,,513622.016,
002227.SZ,20260313,2.6464,5.6943,,242106.6281,
300822.SZ,20260313,0.6022,1.8704,,481011.8928,
601188.SH,20260313,2.3642,4.766,,475191.0491,
603086.SH,20260313,7.2178,10.9922,,374808.9293,
300103.SZ,20260313,2.6984,3.8458,,246458.376,
603982.SH,20260313,1.421,2.3783,,299770.9049,
603022.SH,20260313,2.0611,3.4507,,225600.0,
300009.SZ,20260313,0.7793,0.8793,,1599453.9176,
603079.SH,20260313,2.0728,3.9657,,340631.3824,
300681.SZ,20260313,2.0184,2.1288,,698112.2305,
002560.SZ,20260313,6.4993,7.2127,,562540.2699,
300299.SZ,20260313,3.3078,4.6494,,450765.9555,
002879.SZ,20260313,4.6292,5.2856,,445499.3255,
920267.BJ,20260313,0.769,1.0638,,105314.0567,
603352.SH,20260313,5.4342,5.4342,,936133.3347,
920057.BJ,20260313,1.8135,2.0417,,124890.4116,
300399.SZ,20260313,2.69,4.8909,,483527.2,
920076.BJ,20260313,4.5036,4.5036,,194868.364,
688201.SH,20260313,3.527,6.0299,,496662.8759,
603387.SH,20260313,0.8796,1.569,,423473.1867,
300767.SZ,20260313,2.139,2.8847,,566949.1895,
300758.SZ,20260313,6.1357,9.1452,,615148.4729,
000528.SZ,20260313,2.4148,3.2632,,2101116.7314,
300133.SZ,20260313,2.6473,3.3269,,1480404.4491,
300956.SZ,20260313,1.5662,3.0625,,347700.2432,
600348.SH,20260313,1.6675,3.7492,,3661612.5,
002471.SZ,20260313,10.8965,13.1076,,1177133.6,
300193.SZ,20260313,2.5308,2.9955,,451008.5653,
300783.SZ,20260313,1.7921,2.1547,,767591.1789,
300700.SZ,20260313,2.8077,2.854,,557825.4963,
600873.SH,20260313,3.1698,4.734,,3592233.5537,
002932.SZ,20260313,0.8611,1.0633,,435046.7105,
002597.SZ,20260313,2.1234,3.8254,,1450352.3287,
920751.BJ,20260313,0.7789,1.2392,,199246.88,
601869.SH,20260313,3.9156,14.7766,,20027024.5625,
920091.BJ,20260313,22.5948,22.5948,,444086.07,
600777.SH,20260313,0.4978,1.9857,,3379846.425,
002428.SZ,20260313,7.0414,8.8026,,2831928.32,
600007.SH,20260313,0.1683,0.8697,,2021616.0457,
688701.SH,20260313,1.6019,3.1958,,132531.7662,
000756.SZ,20260313,0.8245,1.601,,1069409.0727,
688118.SH,20260313,4.5299,5.6591,,294507.5462,
300068.SZ,20260313,9.7818,11.2078,,1456253.3917,
920491.BJ,20260313,1.725,1.8567,,349470.5137,
603829.SH,20260313,7.4232,19.1295,,532721.2147,
002646.SZ,20260313,0.9818,1.6868,,409158.2098,
003025.SZ,20260313,1.7855,2.9958,,428201.9655,
300552.SZ,20260313,4.2167,5.1939,,626824.4824,
300801.SZ,20260313,3.8963,5.9563,,624928.23,
601369.SH,20260313,2.1193,5.5637,,1983719.1403,
002518.SZ,20260313,1.3908,3.4259,,3125966.5297,
600597.SH,20260313,0.6389,1.3211,,1093129.6941,
603515.SH,20260313,0.1865,1.2445,,1391285.2805,
603105.SH,20260313,4.3037,7.1861,,535009.7391,
603132.SH,20260313,1.1148,6.8311,,1724214.0,
002913.SZ,20260313,3.3859,10.2472,,1520156.8142,
600956.SH,20260313,4.3819,35.5716,,4327672.657,
601818.SH,20260313,0.6176,1.82,,19675488.5033,
600926.SH,20260313,0.5092,0.7512,,12439288.3724,
002166.SZ,20260313,1.3015,2.1774,,697112.8595,
920047.BJ,20260313,1.8402,2.0139,,687051.2949,
000529.SZ,20260313,1.3206,2.9805,,353776.94,
300559.SZ,20260313,1.8784,2.5311,,460240.7812,
603189.SH,20260313,2.8888,4.7699,,516454.6367,
688426.SH,20260313,1.9089,1.9089,,256148.1913,
001389.SZ,20260313,6.4851,6.4851,,5099020.5853,
600841.SH,20260313,3.5652,11.3404,,1260142.1799,
300968.SZ,20260313,0.726,1.5505,,525405.98,
300634.SZ,20260313,3.1862,5.342,,1174501.9727,
300295.SZ,20260313,2.2685,2.4264,,197198.2626,
688370.SH,20260313,1.1218,3.5157,,355657.8381,
301106.SZ,20260313,1.1553,3.6618,,338102.2187,
001201.SZ,20260313,2.0961,3.4559,,386418.2175,
600376.SH,20260313,3.9859,8.4191,,1444556.5355,
600463.SH,20260313,1.0924,2.6382,,322200.0,
002249.SZ,20260313,1.7326,1.9671,,2454206.4372,
300898.SZ,20260313,2.0621,3.7976,,310868.0,
603402.SH,20260313,4.7849,4.7849,,1087770.676,
688726.SH,20260313,6.2995,6.2995,,2656913.1689,
300690.SZ,20260313,42.745,53.3346,,633451.7087,
300851.SZ,20260313,1.4419,1.8094,,270884.4744,
601061.SH,20260313,2.7231,2.7231,,6659100.0,
301206.SZ,20260313,1.4788,2.0495,,555788.6979,
688085.SH,20260313,0.5592,0.9003,,683264.6584,
603726.SH,20260313,1.5219,3.3933,,467841.024,
920799.BJ,20260313,1.4265,2.2136,,833036.5786,
603066.SH,20260313,0.8412,1.7731,,310654.1581,
301302.SZ,20260313,9.1537,15.103,,444682.845,
300397.SZ,20260313,4.1115,4.5173,,674480.6787,
603297.SH,20260313,0.9212,2.9496,,1285534.4796,
600133.SH,20260313,2.1507,2.5938,,1026788.9996,
300011.SZ,20260313,3.7243,4.9788,,547422.0698,
300872.SZ,20260313,3.8796,4.5448,,848842.5633,
301110.SZ,20260313,2.1616,3.0489,,560856.6533,
301036.SZ,20260313,2.0614,3.1209,,304000.0,
001219.SZ,20260313,1.3895,2.6689,,291110.7388,
603950.SH,20260313,2.9415,8.0052,,1451457.7224,
301088.SZ,20260313,0.5976,1.9471,,344584.8,
688097.SH,20260313,6.1316,19.8159,,2947875.249,
000951.SZ,20260313,2.5073,5.1819,,2634057.1051,
300529.SZ,20260313,0.5966,0.7449,,1503773.7328,
920098.BJ,20260313,1.1896,1.7814,,229892.6832,
003005.SZ,20260313,1.9397,2.4715,,452133.5022,
688525.SH,20260313,8.1371,11.4271,,9795751.9587,
603716.SH,20260313,12.9607,15.2263,,510783.8762,
300549.SZ,20260313,2.918,4.0047,,245345.6,
002259.SZ,20260313,4.5158,6.3006,,436350.3949,
002809.SZ,20260313,33.4479,43.8511,,297103.8279,
688103.SH,20260313,0.9127,1.4085,,579041.9723,
600826.SH,20260313,0.7127,1.9194,,803202.6355,
002182.SZ,20260313,3.215,4.6191,,1913165.9057,
001209.SZ,20260313,4.176,9.7314,,270279.1896,
601200.SH,20260313,1.5896,3.6539,,1207568.5351,
300866.SZ,20260313,1.2823,1.843,,5206102.6568,
000729.SZ,20260313,0.7653,1.6729,,3686649.458,
000538.SZ,20260313,0.2634,0.6015,,10045398.4549,
002134.SZ,20260313,3.0788,4.3631,,524639.5034,
300727.SZ,20260313,1.6718,3.3472,,613904.6876,
000993.SZ,20260313,6.9851,14.1243,,648001.3088,
600315.SH,20260313,1.6801,3.5088,,1403607.8462,
301026.SZ,20260313,4.2558,4.8281,,481944.2904,
000810.SZ,20260313,0.7707,1.6912,,1273266.506,
301078.SZ,20260313,2.2031,3.2553,,1127515.1387,
000066.SZ,20260313,4.4471,7.4274,,5293536.3034,
300930.SZ,20260313,3.7662,6.0163,,324900.0,
605060.SH,20260313,2.4516,6.8777,,1344428.096,
300903.SZ,20260313,13.1058,15.7416,,1755478.622,
002042.SZ,20260313,2.3884,4.1113,,773810.0165,
002650.SZ,20260313,0.2957,0.5273,,717390.318,
300289.SZ,20260313,1.049,1.9579,,372647.8686,
600566.SH,20260313,0.3368,0.8722,,2444326.3218,
601886.SH,20260313,0.3491,1.0636,,1004972.8272,
001234.SZ,20260313,3.9457,11.9888,,309531.3573,
600529.SH,20260313,0.7839,0.9737,,1300683.6615,
300729.SZ,20260313,0.7528,1.3697,,459469.0909,
601388.SH,20260313,5.6489,10.5399,,891495.1595,
600449.SH,20260313,1.7326,3.3995,,651760.7602,
920526.BJ,20260313,1.1223,2.3104,,180699.5,
301365.SZ,20260313,3.9087,8.5496,,465660.0,
600608.SH,20260313,0.8254,1.0182,,99645.0166,
688102.SH,20260313,2.4321,5.3534,,3005674.7351,
300081.SZ,20260313,2.5241,2.8205,,308445.6627,
301528.SZ,20260313,2.3002,3.4856,,399316.9,
301167.SZ,20260313,3.9575,3.9575,,203392.0,
001286.SZ,20260313,3.4607,5.3204,,4181250.0,
600203.SH,20260313,1.6084,2.1744,,690238.1274,
000852.SZ,20260313,3.8723,8.1129,,765730.1189,
002390.SZ,20260313,1.6788,2.9263,,655078.0795,
300708.SZ,20260313,14.8975,16.4366,,1062851.943,
301171.SZ,20260313,5.1783,6.2826,,2228245.2434,
301662.SZ,20260313,6.9952,6.9952,,1208960.0,
001309.SZ,20260313,13.6939,15.234,,7260195.2843,
603416.SH,20260313,0.736,1.4199,,817120.8916,
000550.SZ,20260313,0.5787,1.8264,,1545153.06,
300173.SZ,20260313,1.6667,2.1037,,345321.0781,
002455.SZ,20260313,46.5767,47.9746,,909215.3841,
600512.SH,20260313,2.7354,3.3425,,412797.0436,
601877.SH,20260313,4.6396,9.8767,,8236998.085,
600126.SH,20260313,7.5495,19.9685,,3127277.0909,
300151.SZ,20260313,2.1152,2.4524,,938813.062,
000726.SZ,20260313,1.5437,2.0265,,621153.2592,
002813.SZ,20260313,0.9504,2.7873,,316080.0,
002274.SZ,20260313,8.4538,14.0949,,684750.1805,
601228.SH,20260313,0.3688,2.0601,,2708486.755,
601326.SH,20260313,0.7657,3.301,,2033817.968,
300587.SZ,20260313,2.6233,3.1409,,852962.5996,
688070.SH,20260313,1.7707,4.0322,,486069.0,
002997.SZ,20260313,0.7854,1.3402,,683852.7688,
002170.SZ,20260313,12.9908,14.256,,1408927.4574,
300075.SZ,20260313,1.3107,1.3695,,842252.4942,
000820.SZ,20260313,1.2657,1.3004,,214009.7642,
000901.SZ,20260313,2.9559,4.5409,,1878167.9083,
300264.SZ,20260313,7.0802,7.4856,,439905.5259,
688456.SH,20260313,1.4781,2.3208,,610350.08,
300796.SZ,20260313,3.6832,5.195,,361142.872,
688506.SH,20260313,0.318,1.716,,10624481.9329,
605007.SH,20260313,3.8675,18.1087,,789711.805,
300983.SZ,20260313,3.5987,7.7805,,537753.6,
301122.SZ,20260313,3.8244,6.538,,422114.2571,
002010.SZ,20260313,1.0953,2.665,,1744103.5029,
601611.SH,20260313,10.1962,30.665,,5789575.5213,
600693.SH,20260313,2.3543,5.8948,,1063821.9589,
002940.SZ,20260313,2.0495,3.4775,,615270.9673,
000039.SZ,20260313,3.357,4.3491,,6622015.0328,
002508.SZ,20260313,0.5877,1.2381,,1967362.8231,
603020.SH,20260313,2.886,4.3733,,421178.3136,
688809.SH,20260313,8.3874,8.3874,,4372626.375,
300515.SZ,20260313,0.8738,1.7235,,396077.4125,
688562.SH,20260313,2.3672,2.3672,,801200.0,
301338.SZ,20260313,8.7713,14.2574,,2000958.4,
000911.SZ,20260313,2.954,6.3132,,283426.4311,
002980.SZ,20260313,13.0435,20.8977,,665555.6762,
600425.SH,20260313,3.7481,6.1536,,754210.7423,
002606.SZ,20260313,6.8534,9.512,,579576.6504,
920703.BJ,20260313,1.6309,2.5211,,223523.692,
002543.SZ,20260313,3.4721,9.5101,,727984.4,
002642.SZ,20260313,2.1931,2.7772,,541834.2763,
688123.SH,20260313,7.3704,9.6621,,2032675.0181,
688777.SH,20260313,2.0084,2.5965,,5627731.1056,
301339.SZ,20260313,0.6054,2.0526,,816528.9812,
603808.SH,20260313,1.1037,2.4909,,358389.1845,
688280.SH,20260313,4.1805,5.013,,634488.292,
920160.BJ,20260313,2.409,2.409,,275610.24,
600048.SH,20260313,1.7179,2.8983,,7732906.448,
000881.SZ,20260313,2.8123,4.7977,,798884.8137,
300335.SZ,20260313,20.3356,22.3349,,375885.7617,
300811.SZ,20260313,5.0753,7.7767,,2453449.2043,
603262.SH,20260313,1.4262,1.4262,,1076026.9,
601020.SH,20260313,3.9367,5.1827,,2613227.4925,
603578.SH,20260313,2.308,5.3194,,258090.9128,
600759.SH,20260313,14.8323,16.9063,,2912604.5146,
603059.SH,20260313,1.1272,4.0101,,327161.4159,
600096.SH,20260313,6.8782,11.1581,,7862559.0228,
601811.SH,20260313,0.506,3.4788,,1685426.806,
600355.SH,20260313,6.5149,7.636,,44780.1172,
300534.SZ,20260313,1.6081,2.579,,295458.03,
300525.SZ,20260313,1.7496,1.8433,,860844.6975,
300763.SZ,20260313,8.3257,12.5363,,4106368.8554,
000088.SZ,20260313,1.0024,2.289,,2407360.7892,
300548.SZ,20260313,6.6881,8.2704,,4635337.9605,
001336.SZ,20260313,3.1546,4.6724,,222232.7275,
002072.SZ,20260313,1.8695,3.6014,,272450.88,
000155.SZ,20260313,4.5661,7.5423,,2798791.2065,
600327.SH,20260313,1.5706,2.8404,,364529.1614,
600859.SH,20260313,1.1155,1.6692,,1481341.6168,
601718.SH,20260313,1.5859,3.2335,,1452236.1445,
002311.SZ,20260313,0.4594,1.0157,,9401851.0805,
688001.SH,20260313,1.3709,6.939,,1473483.8295,
600266.SH,20260313,2.5446,4.6698,,1122977.2373,
688750.SH,20260313,2.6468,3.816,,921762.5,
603655.SH,20260313,2.4862,7.6834,,424000.0,
603267.SH,20260313,3.0157,4.7948,,1273717.8767,
603008.SH,20260313,2.3302,3.6615,,706384.8903,
920118.BJ,20260313,2.0487,2.4276,,119656.496,
301359.SZ,20260313,2.9525,5.1251,,262224.032,
603153.SH,20260313,0.5348,2.1849,,682418.7415,
002555.SZ,20260313,3.2887,3.7397,,5207607.5011,
300830.SZ,20260313,9.1806,11.1128,,583068.2044,
002811.SZ,20260313,7.2941,15.5192,,461339.0675,
301499.SZ,20260313,20.7104,20.7104,,487763.1672,
002667.SZ,20260313,13.5843,17.2408,,784641.0065,
002523.SZ,20260313,1.8247,2.6844,,617655.3888,
600272.SH,20260313,0.9914,1.7881,,342235.4843,
600969.SH,20260313,3.0344,4.7728,,396694.1188,
300126.SZ,20260313,2.0794,3.0539,,265962.9,
920578.BJ,20260313,3.658,3.658,,156705.6698,
301093.SZ,20260313,2.1493,3.8631,,1406551.1112,
600827.SH,20260313,0.494,1.1269,,1546873.7574,
300718.SZ,20260313,1.2294,1.8821,,2185568.6045,
600330.SH,20260313,14.8927,18.3626,,2273219.6287,
300378.SZ,20260313,3.2487,4.0421,,1166315.1099,
000708.SZ,20260313,0.3213,1.9895,,8771960.6127,
603501.SH,20260313,0.6973,1.1073,,14089716.9795,
603399.SH,20260313,3.7709,5.3595,,563007.4233,
301616.SZ,20260313,3.5215,3.5215,,406080.0,
603288.SH,20260313,0.5168,1.9766,,22114046.4634,
300158.SZ,20260313,4.6417,6.6765,,589428.0153,
688017.SH,20260313,2.51,3.8375,,3629936.475,
002626.SZ,20260313,1.4829,3.182,,1155826.391,
600816.SH,20260313,0.8568,1.3632,,2667845.4768,
688670.SH,20260313,0.9837,2.7458,,228905.6,
301179.SZ,20260313,14.2973,27.9731,,935394.7071,
002909.SZ,20260313,2.1667,3.6094,,283140.0,
688638.SH,20260313,2.4779,2.4779,,228032.0,
002043.SZ,20260313,1.8684,3.0504,,1311841.8329,
688563.SH,20260313,2.6216,2.6216,,2925000.0,
000833.SZ,20260313,16.1945,19.8174,,2247434.3832,
600833.SH,20260313,1.0849,1.9707,,281088.7972,
603680.SH,20260313,0.6616,4.12,,1095638.8363,
002188.SZ,20260313,2.9805,3.8869,,230935.328,
000778.SZ,20260313,2.1467,3.5953,,1969701.5956,
920027.BJ,20260313,1.4552,1.6059,,163951.245,
300593.SZ,20260313,3.4882,3.7041,,1470170.851,
603530.SH,20260313,1.8654,8.8522,,2865522.2089,
688357.SH,20260313,1.6952,2.7267,,369421.0585,
301389.SZ,20260313,14.6272,15.0713,,1537137.0,
002107.SZ,20260313,2.1607,4.3897,,384421.5936,
603833.SH,20260313,0.3016,1.1748,,3261404.4499,
600545.SH,20260313,8.1472,15.0951,,684770.381,
688108.SH,20260313,2.1164,3.0021,,893581.376,
301113.SZ,20260313,3.0431,6.9024,,247793.0,
001333.SZ,20260313,7.0816,7.0816,,348160.0,
300999.SZ,20260313,7.9576,7.9576,,17132229.2538,
300329.SZ,20260313,1.3996,2.5227,,343928.7408,
600249.SH,20260313,1.7503,2.7297,,322300.0,
300707.SZ,20260313,2.7217,3.2692,,297118.4794,
603826.SH,20260313,1.8233,6.7319,,1623585.6,
600397.SH,20260313,9.3601,15.4314,,1579975.9717,
000428.SZ,20260313,1.1368,2.5373,,394324.362,
600866.SH,20260313,3.1376,4.2417,,1337485.4559,
002146.SZ,20260313,4.2276,6.1257,,678313.5608,
300976.SZ,20260313,1.3135,2.4,,779816.016,
600648.SH,20260313,0.4407,1.2302,,1415668.6189,
300911.SZ,20260313,4.188,7.971,,743242.94,
920879.BJ,20260313,3.6371,7.2103,,393702.877,
688114.SH,20260313,0.6506,1.2258,,2240440.3977,
600967.SH,20260313,1.0399,2.3477,,2705853.5205,
920403.BJ,20260313,6.1124,8.0167,,244527.6179,
688765.SH,20260313,1.4843,1.4843,,2527525.0,
600039.SH,20260313,0.229,1.9745,,8652112.6918,
000031.SZ,20260313,0.6633,2.1591,,1380192.8952,
000738.SZ,20260313,2.5262,5.0413,,3093312.7704,
600888.SH,20260313,10.8858,18.1106,,1472325.4797,
600340.SH,20260313,2.2236,3.6587,,606626.653,
688489.SH,20260313,0.67,1.5957,,478465.7844,
603209.SH,20260313,1.7972,2.9986,,499850.0,
603159.SH,20260313,0.8967,2.0279,,371280.0,
600812.SH,20260313,2.3991,5.3316,,976250.5805,
688561.SH,20260313,1.2307,3.2695,,2290322.3978,
600955.SH,20260313,1.4655,3.1952,,1032350.0,
002712.SZ,20260313,2.0871,3.3563,,297719.0803,
603566.SH,20260313,1.4715,2.1508,,478950.1858,
920208.BJ,20260313,0.5305,0.6168,,323137.9979,
000061.SZ,20260313,0.5282,1.4661,,1830134.2246,
603051.SH,20260313,2.6311,4.144,,362865.8515,
000966.SZ,20260313,3.9185,9.3659,,1723112.3329,
600101.SH,20260313,8.2461,12.0248,,602100.8556,
605296.SH,20260313,0.6812,5.5332,,1585838.0712,
002144.SZ,20260313,4.4587,4.8326,,280168.6069,
300485.SZ,20260313,1.574,2.0429,,525016.376,
688181.SH,20260313,2.214,2.7837,,456564.8487,
301609.SZ,20260313,15.8826,15.8826,,856585.92,
301345.SZ,20260313,2.8252,2.8252,,2279016.5348,
600461.SH,20260313,0.8179,1.4916,,1289292.0035,
603117.SH,20260313,5.2089,7.3988,,312182.0236,
600405.SH,20260313,7.0969,7.9017,,366472.0936,
920906.BJ,20260313,1.2023,1.7935,,168922.0,
601956.SH,20260313,0.9049,1.7127,,432023.5301,
300389.SZ,20260313,6.4686,12.4333,,696861.3985,
301123.SZ,20260313,1.6021,2.4184,,1326185.28,
000663.SZ,20260313,2.5169,3.5815,,241065.6932,
605588.SH,20260313,1.3635,3.9842,,398325.5147,
688248.SH,20260313,2.1977,7.5272,,3964194.0,
601113.SH,20260313,2.5076,3.3428,,518951.5462,
688429.SH,20260313,2.9291,4.0165,,622001.244,
000793.SZ,20260313,1.305,1.6863,,571212.2007,
300444.SZ,20260313,10.23,11.2041,,1303356.1469,
000709.SZ,20260313,1.7291,4.9094,,2728999.9683,
002391.SZ,20260313,3.3287,3.7352,,436526.1936,
003028.SZ,20260313,1.527,2.828,,437027.22,
001376.SZ,20260313,9.296,9.296,,1003379.3,
600356.SH,20260313,1.6341,2.3322,,308775.7042,
002349.SZ,20260313,1.344,2.0484,,636360.6544,
300206.SZ,20260313,1.8362,2.4087,,854423.772,
688150.SH,20260313,4.9007,11.0356,,1582787.0218,
688717.SH,20260313,11.9554,11.9918,,2313440.0,
002470.SZ,20260313,10.8684,15.5049,,1058100.9329,
600498.SH,20260313,6.4479,10.5454,,7111364.9358,
603334.SH,20260313,11.3636,11.3636,,789250.0,
601678.SH,20260313,5.7819,7.2176,,1157998.8234,
002235.SZ,20260313,8.1296,9.82,,609130.4705,
002688.SZ,20260313,3.9599,5.9149,,492302.7459,
300506.SZ,20260313,0.9412,1.0475,,728479.8468,
688129.SH,20260313,1.357,4.6929,,298425.9876,
300018.SZ,20260313,3.7709,4.3869,,645981.5984,
001221.SZ,20260313,2.193,2.193,,2609265.23,
601858.SH,20260313,3.8704,21.1047,,1830798.0,
001313.SZ,20260313,1.4138,4.472,,532000.0,
000702.SZ,20260313,2.1262,2.84,,245063.8382,
001387.SZ,20260313,3.0219,3.9815,,257340.7424,
301007.SZ,20260313,1.6411,2.0029,,525956.2,
300622.SZ,20260313,2.7911,3.2452,,666701.2722,
002829.SZ,20260313,3.9339,4.3639,,523679.6729,
300229.SZ,20260313,4.3973,5.7343,,1729769.4454,
920455.BJ,20260313,0.9197,1.5881,,150477.6,
300360.SZ,20260313,3.2456,4.9358,,921423.3298,
601789.SH,20260313,41.23,56.3775,,1035062.0845,
300115.SZ,20260313,2.0417,3.0354,,4723635.1325,
300859.SZ,20260313,4.6632,7.7206,,571640.0,
688551.SH,20260313,4.706,9.3474,,399167.7263,
688380.SH,20260313,1.541,3.7275,,1900933.02,
688722.SH,20260313,2.7306,4.9904,,407096.0604,
601336.SH,20260313,0.5113,1.5179,,22086389.928,
601615.SH,20260313,6.4867,8.6111,,5009215.2038,
000727.SZ,20260313,2.8268,5.2475,,1250160.4865,
600114.SH,20260313,1.8541,2.4324,,1950974.9439,
002285.SZ,20260313,4.5025,8.522,,595855.8824,
002882.SZ,20260313,1.7706,3.8093,,1309955.4,
600611.SH,20260313,0.8711,1.2491,,1286082.838,
002506.SZ,20260313,17.3416,24.5032,,3170871.5034,
002109.SZ,20260313,7.3455,17.175,,661107.7828,
300035.SZ,20260313,23.4361,24.8992,,1568941.6499,
688128.SH,20260313,0.4136,1.9439,,1173050.0,
300137.SZ,20260313,4.8797,5.7787,,720629.908,
000838.SZ,20260313,3.5902,5.3927,,258608.61,
603052.SH,20260313,6.5989,19.9675,,1095441.1541,
920168.BJ,20260313,5.0248,5.0248,,182445.8418,
300748.SZ,20260313,2.3308,4.0183,,4664623.3061,
001326.SZ,20260313,4.0223,4.6279,,465771.6,
001279.SZ,20260313,1.4728,1.4728,,528640.0,
002126.SZ,20260313,3.3321,3.5368,,3887726.2221,
301479.SZ,20260313,14.5286,14.5286,,865632.6901,
920735.BJ,20260313,1.7558,2.5639,,399812.8939,
600366.SH,20260313,2.4172,3.6582,,1437545.6947,
600350.SH,20260313,0.1688,1.2768,,4766886.8335,
688320.SH,20260313,1.0718,1.5251,,494267.7354,
688819.SH,20260313,1.5014,10.8194,,3372214.9,
688170.SH,20260313,5.5584,7.8487,,516800.0,
600601.SH,20260313,1.5825,2.5412,,4495977.5171,
603778.SH,20260313,17.6659,24.2922,,1345459.7039,
603927.SH,20260313,0.8643,1.2989,,1499196.16,
920111.BJ,20260313,3.4717,5.5167,,390989.34,
603107.SH,20260313,0.7585,1.1452,,504315.825,
000006.SZ,20260313,1.4575,2.3133,,1219045.5265,
600635.SH,20260313,3.8568,5.271,,1854128.9759,
000797.SZ,20260313,2.4965,5.5342,,474367.7735,
002251.SZ,20260313,2.5802,3.3517,,1231424.4576,
605005.SH,20260313,0.7554,4.8273,,797589.0,
002842.SZ,20260313,19.4448,23.4515,,1126454.6489,
301408.SZ,20260313,2.5391,3.3811,,738018.45,
600390.SH,20260313,0.9,1.7003,,2509920.5261,
688617.SH,20260313,0.6107,1.0758,,3313501.0013,
603369.SH,20260313,0.4588,0.8497,,3665592.1088,
300657.SZ,20260313,5.8672,7.1524,,1522552.7901,
603409.SH,20260313,3.0088,3.0088,,484207.26,
600992.SH,20260313,1.7797,2.3251,,326459.88,
300012.SZ,20260313,1.9466,2.0618,,2552850.4006,
601601.SH,20260313,0.3093,0.6981,,37682877.4792,
002539.SZ,20260313,6.2434,7.3169,,1916657.6103,
300439.SZ,20260313,1.1414,1.5031,,392005.1913,
600022.SH,20260313,2.3624,5.7197,,1861599.8224,
688146.SH,20260313,8.4349,8.4349,,2427352.9425,
688698.SH,20260313,1.5063,3.5183,,1527266.5153,
603363.SH,20260313,4.1377,6.4062,,1127082.4707,
300007.SZ,20260313,3.4788,3.866,,1559623.4833,
000595.SZ,20260313,1.288,2.4191,,741265.2943,
300856.SZ,20260313,0.8305,2.0946,,639799.3149,
603283.SH,20260313,2.581,4.2125,,1225164.2811,
603381.SH,20260313,6.9095,9.5039,,626831.2133,
002340.SZ,20260313,4.7686,5.2131,,4547070.1547,
688330.SH,20260313,4.7924,9.3389,,730940.0,
002927.SZ,20260313,5.0589,10.397,,459106.3143,
301392.SZ,20260313,6.1467,6.1467,,1230500.0,
002014.SZ,20260313,0.8333,1.9698,,746015.0928,
300902.SZ,20260313,1.7852,2.7204,,348335.255,
001213.SZ,20260313,0.6228,3.6209,,1919999.9998,
002851.SZ,20260313,2.4607,2.8361,,6840712.0268,
300447.SZ,20260313,8.7139,11.1445,,623371.5085,
002761.SZ,20260313,1.5107,2.6564,,1130115.1421,
600072.SH,20260313,7.2415,10.0654,,2027377.7569,
002343.SZ,20260313,1.8141,2.481,,313102.669,
002334.SZ,20260313,4.2524,4.3547,,811222.2316,
600745.SH,20260313,1.4244,1.9826,,4121041.5834,
000777.SZ,20260313,13.2874,18.2638,,1029092.8196,
920651.BJ,20260313,1.497,1.497,,212951.0,
600740.SH,20260313,5.1008,11.8484,,1283622.6982,
000811.SZ,20260313,2.2846,3.6228,,1904565.2532,
603500.SH,20260313,0.8873,1.8889,,387367.8463,
600354.SH,20260313,11.3453,15.8804,,390573.5392,
605006.SH,20260313,4.767,14.7848,,573017.0754,
300512.SZ,20260313,1.476,3.9235,,403917.2891,
300191.SZ,20260313,11.6373,15.0366,,1415040.0,
300807.SZ,20260313,1.6549,2.5146,,342579.3205,
002676.SZ,20260313,1.0951,1.7722,,516240.0,
600758.SH,20260313,3.9843,7.9511,,556569.3229,
000524.SZ,20260313,2.104,6.8979,,873952.0105,
000566.SZ,20260313,1.8902,3.058,,720037.6449,
920753.BJ,20260313,0.9958,1.4244,,173472.7082,
920088.BJ,20260313,31.5758,33.696,,674275.404,
002320.SZ,20260313,0.8741,3.2199,,2118464.4459,
600499.SH,20260313,1.4307,2.4927,,3390770.0993,
002852.SZ,20260313,8.3743,12.1221,,408290.378,
301586.SZ,20260313,1.7685,2.4203,,385172.2849,
600871.SH,20260313,2.4961,11.995,,6274782.1707,
002067.SZ,20260313,3.2654,3.3779,,783147.3959,
601225.SH,20260313,0.6283,1.8081,,25439680.0,
688800.SH,20260313,2.9225,4.8829,,1787721.3198,
002398.SZ,20260313,1.8529,1.9526,,388108.8433,
003010.SZ,20260313,3.3972,4.4408,,912648.5026,
000958.SZ,20260313,0.939,1.9181,,11831100.6631,
000050.SZ,20260313,1.0075,1.7835,,2307825.0537,
300837.SZ,20260313,2.7249,4.7982,,392107.1245,
601990.SH,20260313,0.4756,0.893,,3352516.3798,
000048.SZ,20260313,4.1634,9.1817,,1103517.3623,
002075.SZ,20260313,1.909,2.6078,,1186859.5657,
300669.SZ,20260313,3.2998,5.5888,,640360.4629,
301265.SZ,20260313,13.8289,17.9385,,610490.9617,
600332.SH,20260313,0.7724,1.6121,,4139263.7562,
688485.SH,20260313,3.3827,3.3827,,365209.7107,
600234.SH,20260313,2.9105,5.497,,391681.2917,
603881.SH,20260313,6.7369,11.7886,,2551675.1004,
002025.SZ,20260313,9.4352,16.0267,,2500288.6741,
002915.SZ,20260313,2.4173,3.5371,,744977.3393,
000725.SZ,20260313,1.4556,1.6761,,16151327.0359,
600113.SH,20260313,0.4751,1.0424,,2346796.3495,
000543.SZ,20260313,4.1568,9.8164,,2015241.5013,
603089.SH,20260313,0.7079,1.7651,,314683.6143,
601860.SH,20260313,1.8427,2.4038,,1043386.2802,
600689.SH,20260313,2.7418,4.1712,,270735.339,
301550.SZ,20260313,2.1704,3.1042,,3365051.25,
603615.SH,20260313,1.7634,3.7695,,487509.12,
300346.SZ,20260313,3.6678,4.2115,,3482048.4773,
601857.SH,20260313,0.213,2.9959,,220540278.2707,
603707.SH,20260313,0.6742,2.128,,1589785.0919,
601500.SH,20260313,0.9717,1.2009,,712013.4493,
001205.SZ,20260313,2.5292,2.9278,,291217.4742,
300486.SZ,20260313,2.8331,3.9452,,1158040.4677,
920050.BJ,20260313,5.658,5.9942,,247503.3244,
688389.SH,20260313,0.4652,0.7317,,570314.5066,
600977.SH,20260313,1.2525,3.8377,,2509248.0,
601218.SH,20260313,22.7959,31.6714,,672509.2573,
300926.SZ,20260313,1.0058,2.1609,,1263436.5746,
300046.SZ,20260313,1.6881,2.2911,,785047.6203,
600053.SH,20260313,1.3309,5.0275,,717510.024,
300224.SZ,20260313,2.069,3.4537,,1531932.8864,
002514.SZ,20260313,1.9136,2.4111,,349216.618,
600880.SH,20260313,1.9381,3.0095,,559786.0311,
300140.SZ,20260313,5.877,7.176,,2386281.6023,
301503.SZ,20260313,1.9926,2.5265,,304640.0,
300100.SZ,20260313,1.0,1.8947,,1811469.971,
920180.BJ,20260313,4.9038,4.9038,,220417.6038,
688196.SH,20260313,2.8532,11.0567,,1009767.7215,
300483.SZ,20260313,11.1818,13.7548,,819079.3335,
603370.SH,20260313,1.95,1.95,,824714.3,
600367.SH,20260313,21.1224,31.3539,,846004.637,
301487.SZ,20260313,4.4168,4.8231,,1093427.506,
600251.SH,20260313,3.4937,6.3005,,919960.4023,
002943.SZ,20260313,3.0449,3.3697,,1114748.8113,
688343.SH,20260313,9.3453,10.2854,,3157677.2798,
688314.SH,20260313,2.864,7.7699,,348191.0912,
002991.SZ,20260313,1.1255,1.5829,,493391.3935,
300428.SZ,20260313,2.4029,5.7462,,1657050.6136,
600935.SH,20260313,6.9788,19.4078,,1168289.8682,
301538.SZ,20260313,2.0047,2.3254,,654640.0,
600558.SH,20260313,2.557,3.8378,,565491.0435,
002208.SZ,20260313,6.1141,15.0441,,1248315.6033,
002254.SZ,20260313,9.772,15.3319,,1065322.0785,
601068.SH,20260313,2.121,18.3464,,1915203.0471,
301057.SZ,20260313,2.846,4.1743,,425300.8766,
300120.SZ,20260313,2.8137,3.037,,484214.0821,
603880.SH,20260313,3.9124,7.4162,,212445.87,
603595.SH,20260313,0.864,1.7099,,395849.2812,
300218.SZ,20260313,2.0416,3.2296,,364321.173,
920119.BJ,20260313,7.1258,7.1258,,701615.1414,
000560.SZ,20260313,6.9241,9.3544,,753760.2723,
301555.SZ,20260313,13.6583,16.7284,,380692.4042,
688619.SH,20260313,2.9779,6.3244,,289283.3455,
300182.SZ,20260313,6.8661,7.372,,1640916.5893,
603956.SH,20260313,1.3757,2.4495,,348782.647,
688287.SH,20260313,1.3315,2.7007,,147094.6932,
001222.SZ,20260313,0.7172,1.0069,,396669.42,
300338.SZ,20260313,1.299,1.4414,,158634.1286,
002222.SZ,20260313,2.2467,2.7624,,2950818.75,
002240.SZ,20260313,4.3335,5.7696,,3695041.3613,
603055.SH,20260313,5.3756,18.1055,,904537.879,
600285.SH,20260313,2.2274,2.8384,,1250489.6466,
002062.SZ,20260313,1.8936,2.9859,,1030646.6505,
600854.SH,20260313,2.5144,3.7086,,282585.4447,
688308.SH,20260313,10.4337,17.7776,,1482703.5893,
000626.SZ,20260313,6.7304,16.4772,,428099.7001,
603042.SH,20260313,10.1967,13.2391,,326157.965,
688377.SH,20260313,1.19,1.8559,,855172.131,
002017.SZ,20260313,3.2516,5.8312,,1197431.0283,
000525.SZ,20260313,7.7039,9.7938,,917423.6129,
300351.SZ,20260313,5.8402,7.9674,,696139.8981,
001331.SZ,20260313,2.6922,10.941,,1536796.8,
688327.SH,20260313,3.6799,3.6799,,1499664.0629,
300139.SZ,20260313,15.1519,16.0579,,1758532.0,
600008.SH,20260313,1.2755,2.3785,,2371010.7887,
000819.SZ,20260313,2.1076,3.1891,,588251.1736,
002661.SZ,20260313,1.4296,2.3668,,316480.8549,
300107.SZ,20260313,6.6865,8.3601,,462607.0243,
002736.SZ,20260313,0.3365,1.225,,12505168.2763,
688220.SH,20260313,2.1497,3.2608,,3280315.5715,
920418.BJ,20260313,1.3653,2.4629,,426860.1792,
300337.SZ,20260313,3.1479,4.6812,,1071804.0628,
300871.SZ,20260313,2.5313,4.7389,,509271.046,
920407.BJ,20260313,1.8944,3.2218,,175122.584,
300500.SZ,20260313,1.6448,3.059,,215206.913,
603125.SH,20260313,3.0529,3.0529,,751781.1484,
688300.SH,20260313,4.5002,11.507,,2197369.629,
603072.SH,20260313,1.8812,2.249,,1055798.6,
300664.SZ,20260313,6.7492,9.5541,,480222.7708,
003006.SZ,20260313,0.6057,1.5156,,799574.5372,
300066.SZ,20260313,3.7975,5.9142,,743623.7823,
002691.SZ,20260313,2.3259,6.477,,275740.0,
600968.SH,20260313,1.1093,6.0457,,4909745.3281,
001277.SZ,20260313,3.1521,6.1971,,302936.0,
000831.SZ,20260313,2.4312,3.9235,,5626592.7187,
603917.SH,20260313,1.5935,2.3685,,284560.64,
002788.SZ,20260313,3.6713,5.9779,,563349.2672,
000848.SZ,20260313,0.6365,1.1269,,842520.0611,
600168.SH,20260313,1.3972,3.4999,,545375.2654,
601568.SH,20260313,3.2185,8.5389,,1870916.6675,
601086.SH,20260313,0.7268,2.8036,,595404.0,
002189.SZ,20260313,0.8375,1.4488,,548779.6726,
688613.SH,20260313,3.6647,4.8961,,329916.6703,
300933.SZ,20260313,3.2052,5.3419,,494569.7704,
600510.SH,20260313,1.1188,2.7965,,922630.7586,
002157.SZ,20260313,3.3322,3.3322,,3089554.3047,
301319.SZ,20260313,3.2517,6.3084,,573345.2825,
301283.SZ,20260313,1.2199,2.0447,,390348.108,
300957.SZ,20260313,1.2324,2.8129,,1825716.0,
600623.SH,20260313,2.8277,8.1962,,2464607.1161,
301115.SZ,20260313,6.5683,9.5663,,408709.841,
002277.SZ,20260313,2.5132,3.6972,,989862.688,
600243.SH,20260313,2.4001,2.6624,,150086.7,
300759.SZ,20260313,2.0276,3.0754,,5105811.2022,
601059.SH,20260313,0.3122,1.4637,,5655792.0,
600054.SH,20260313,4.196,9.9388,,981744.7262,
603579.SH,20260313,1.9532,3.8502,,445733.091,
002528.SZ,20260313,5.3636,11.4446,,444708.4554,
002271.SZ,20260313,3.18,3.3172,,3888803.3818,
301152.SZ,20260313,5.4358,5.9841,,350283.0207,
688520.SH,20260313,0.5148,2.1646,,1754622.7132,
002823.SZ,20260313,3.284,3.9342,,535898.1248,
301070.SZ,20260313,2.8143,3.3894,,563304.8911,
000545.SZ,20260313,24.7888,29.077,,388812.2398,
920062.BJ,20260313,6.0398,6.9373,,225881.4136,
600643.SH,20260313,1.0323,2.0654,,734451.7287,
600875.SH,20260313,5.1928,9.2278,,13280103.6518,
002299.SZ,20260313,1.0706,2.278,,2300999.7956,
603613.SH,20260313,2.0239,3.0941,,2002374.5823,
600688.SH,20260313,1.5694,6.1616,,3436893.305,
688153.SH,20260313,0.6725,1.9789,,1533205.2475,
002806.SZ,20260313,3.3638,3.6297,,326155.5551,
000020.SZ,20260313,1.1953,3.4998,,410300.6179,
300927.SZ,20260313,14.1907,38.4554,,519118.56,
600257.SH,20260313,2.3286,3.2385,,318097.7813,
002061.SZ,20260313,2.191,4.5332,,1133903.0007,
603816.SH,20260313,0.5102,0.9403,,2790470.81,
002878.SZ,20260313,2.2137,3.8485,,434906.2668,
605136.SH,20260313,1.533,3.0679,,411671.338,
300291.SZ,20260313,1.6799,2.6936,,691347.0038,
002232.SZ,20260313,0.7312,1.6514,,725990.6045,
688279.SH,20260313,0.786,1.6914,,1938175.765,
000546.SZ,20260313,5.3861,8.1449,,495361.9429,
002169.SZ,20260313,5.2854,6.7711,,1215539.458,
002977.SZ,20260313,2.8249,3.8505,,344504.16,
688065.SH,20260313,2.1832,3.9065,,4081778.9442,
002591.SZ,20260313,4.4219,5.1489,,225449.8125,
600820.SH,20260313,1.3173,2.1912,,2103400.2869,
301169.SZ,20260313,2.1735,5.6044,,413728.7982,
000690.SZ,20260313,6.0451,7.4246,,1074888.6038,
000733.SZ,20260313,2.1696,3.1449,,2764197.1218,
600551.SH,20260313,0.715,1.886,,572278.6217,
002020.SZ,20260313,1.4336,1.9068,,1385395.8863,
300757.SZ,20260313,4.2163,6.3102,,6500680.5851,
603011.SH,20260313,11.2237,17.2734,,1331458.0788,
300484.SZ,20260313,1.5055,1.6347,,375588.1507,
920183.BJ,20260313,14.8002,14.8002,,210542.552,
605198.SH,20260313,0.3784,2.1898,,1269914.4,
605050.SH,20260313,0.7187,1.9753,,623428.914,
300166.SZ,20260313,10.1079,10.7954,,1377882.3551,
600571.SH,20260313,1.5903,1.986,,675228.9114,
002091.SZ,20260313,1.9299,3.4124,,1543073.5261,
920914.BJ,20260313,2.2777,3.9272,,261843.142,
300321.SZ,20260313,3.681,7.7132,,328560.0,
002861.SZ,20260313,5.1757,6.1999,,342948.774,
300668.SZ,20260313,6.8146,11.0087,,331530.0258,
920058.BJ,20260313,1.2916,2.5378,,169625.7889,
920634.BJ,20260313,2.3367,4.9935,,151655.5017,
688710.SH,20260313,2.1548,3.0448,,811901.6028,
301305.SZ,20260313,8.707,8.7237,,669649.4943,
001260.SZ,20260313,13.8205,50.0585,,269330.0,
603273.SH,20260313,7.3019,7.3019,,420054.264,
688158.SH,20260313,21.4716,24.2771,,1962568.1534,
600241.SH,20260313,3.541,6.8938,,272818.0606,
601766.SH,20260313,0.7083,1.7691,,18424670.7445,
688420.SH,20260313,1.5206,1.5206,,238407.28,
300960.SZ,20260313,1.0382,3.6778,,361832.8838,
688048.SH,20260313,6.0211,9.3896,,3050524.4136,
601169.SH,20260313,0.8299,1.1993,,11607498.3653,
001358.SZ,20260313,2.0773,2.258,,366520.0,
001896.SZ,20260313,14.7619,38.6948,,2355806.3735,
600171.SH,20260313,1.4137,1.8884,,2141657.2984,
601579.SH,20260313,0.9674,2.3389,,824197.6001,
600476.SH,20260313,1.8678,3.0788,,206008.53,
300492.SZ,20260313,0.4989,1.4359,,1295144.7669,
600352.SH,20260313,2.4457,3.2637,,4860477.7988,
688230.SH,20260313,2.5333,10.1333,,809440.8,
600706.SH,20260313,2.0375,3.043,,259905.9209,
300260.SZ,20260313,2.103,3.3626,,2061463.1314,
301517.SZ,20260313,2.6592,4.3332,,851920.1615,
301193.SZ,20260313,3.3737,7.6629,,512148.4496,
300101.SZ,20260313,2.9276,4.1409,,1294824.996,
000669.SZ,20260313,10.1276,12.7726,,330678.6753,
605389.SH,20260313,1.118,4.4881,,1006015.9227,
600477.SH,20260313,4.4007,7.2124,,827997.921,
000928.SZ,20260313,2.5805,5.0258,,1025770.904,
002969.SZ,20260313,9.2525,18.7455,,2907718.1444,
688337.SH,20260313,2.1336,5.8752,,852659.686,
688091.SH,20260313,1.5861,2.9613,,1094082.3665,
002662.SZ,20260313,1.5517,2.6764,,604500.0,
600482.SH,20260313,2.7677,5.5067,,7451189.3189,
603713.SH,20260313,1.4998,2.8317,,991457.4813,
301210.SZ,20260313,4.2223,4.2223,,462927.295,
300798.SZ,20260313,9.8144,12.5622,,458071.6711,
688538.SH,20260313,1.4156,1.8432,,3466168.8439,
002888.SZ,20260313,2.7242,4.027,,296467.9713,
301173.SZ,20260313,1.6284,1.6284,,390074.2225,
000791.SZ,20260313,5.6185,14.1479,,2708606.1846,
002625.SZ,20260313,0.725,1.0071,,9342292.9696,
600373.SH,20260313,1.2515,2.8492,,1215317.5645,
300507.SZ,20260313,1.2754,1.9774,,713376.3941,
605338.SH,20260313,1.2317,3.5047,,609697.1548,
603489.SH,20260313,1.9194,7.1568,,777523.9824,
301303.SZ,20260313,3.9325,3.9385,,664300.0,
002158.SZ,20260313,1.3767,3.5728,,1300983.8302,
000001.SZ,20260313,0.4339,1.0317,,21210668.5904,
002130.SZ,20260313,2.9103,3.364,,3580911.872,
603789.SH,20260313,0.8978,1.5733,,142420.2402,
002078.SZ,20260313,0.6887,1.2524,,4555092.244,
002361.SZ,20260313,14.8049,16.4136,,1203059.2358,
600696.SH,20260313,2.2863,6.9253,,57194.2727,
688403.SH,20260313,3.3058,4.6743,,1331220.6423,
601939.SH,20260313,0.9814,1.4179,,239364349.035,
603727.SH,20260313,3.5685,6.6614,,498643.1203,
002066.SZ,20260313,1.6296,2.7218,,454545.045,
688313.SH,20260313,4.9265,7.7097,,3685496.5185,
688336.SH,20260313,0.452,2.8262,,3515057.9426,
301658.SZ,20260313,50.0417,50.0417,,2074226.8091,
002939.SZ,20260313,0.437,1.2449,,3788326.9117,
603272.SH,20260313,2.577,5.913,,248290.292,
000815.SZ,20260313,15.7288,23.5362,,1179166.1074,
601128.SH,20260313,1.0541,1.2585,,2387894.3827,
001239.SZ,20260313,2.2559,2.582,,384720.0,
000002.SZ,20260313,1.1952,1.7939,,5559710.6135,
300929.SZ,20260313,2.4698,3.0908,,166751.7905,
301563.SZ,20260313,4.5701,4.5701,,961113.6212,
600182.SH,20260313,1.0769,1.0769,,492320.0,
603187.SH,20260313,1.2233,1.5309,,634108.8316,
301108.SZ,20260313,1.0212,1.8171,,346448.1437,
688511.SH,20260313,0.7748,1.7188,,296662.0747,
002211.SZ,20260313,1.0386,1.6635,,160448.514,
301366.SZ,20260313,2.2856,2.2856,,701527.2009,
688799.SH,20260313,0.767,1.6619,,569928.8,
002702.SZ,20260313,3.2696,4.344,,325119.6,
300800.SZ,20260313,1.2416,2.4473,,302341.243,
920266.BJ,20260313,0.942,1.7232,,109740.0062,
688393.SH,20260313,1.0727,1.808,,240468.9864,
603168.SH,20260313,1.301,2.3046,,270867.5896,
920010.BJ,20260313,8.1719,15.7603,,301098.0,
002407.SZ,20260313,8.6049,9.1948,,3672484.4754,
002219.SZ,20260313,2.7404,4.0382,,836683.293,
600681.SH,20260313,5.2653,10.5334,,602043.8097,
000089.SZ,20260313,0.4612,1.0719,,1470401.738,
300479.SZ,20260313,2.8182,3.8517,,401766.3237,
600319.SH,20260313,5.2431,9.1035,,340021.1298,
002891.SZ,20260313,1.1924,2.4042,,1321607.8909,
301133.SZ,20260313,2.5416,5.5782,,473962.7668,
300982.SZ,20260313,6.4209,15.0904,,554666.5913,
600081.SH,20260313,0.4424,1.7531,,653123.9068,
603662.SH,20260313,0.6213,1.3375,,1686945.0171,
300716.SZ,20260313,2.9797,3.6524,,237149.64,
601016.SH,20260313,21.4952,38.4541,,2846648.265,
600769.SH,20260313,6.8942,8.6263,,535467.4416,
688015.SH,20260313,0.5554,1.1976,,454720.5882,
003041.SZ,20260313,11.1697,34.5191,,1005840.0,
002174.SZ,20260313,2.32,2.8458,,1019003.4057,
002214.SZ,20260313,0.5529,0.6034,,1083579.4635,
000697.SZ,20260313,3.6671,4.9002,,1507775.364,
000026.SZ,20260313,1.0284,1.8599,,612703.6506,
603636.SH,20260313,1.518,2.278,,585003.4072,
920571.BJ,20260313,11.7359,15.3454,,584844.048,
002640.SZ,20260313,2.2137,2.4064,,576475.2921,
600021.SH,20260313,1.9578,4.5786,,5981018.0834,
001226.SZ,20260313,4.2262,6.9043,,340629.4854,
300910.SZ,20260313,1.7511,2.4656,,1547445.5687,
000978.SZ,20260313,2.5304,5.0117,,338457.99,
603683.SH,20260313,9.3818,14.0001,,802407.4193,
000037.SZ,20260313,4.4611,7.5545,,596132.2074,
920175.BJ,20260313,4.0199,4.8247,,140777.0,
601606.SH,20260313,1.9851,4.8287,,3166326.5648,
600084.SH,20260313,0.6619,1.5148,,787732.5078,
300170.SZ,20260313,16.012,16.2327,,2393033.901,
002323.SZ,20260313,17.2874,22.5898,,538697.2061,
920405.BJ,20260313,1.8406,3.4176,,339990.24,
002563.SZ,20260313,0.8453,2.6433,,1484443.6782,
300044.SZ,20260313,4.6925,4.9115,,581304.4825,
603219.SH,20260313,0.4045,1.9254,,946520.4,
002264.SZ,20260313,2.5141,4.0566,,645670.7361,
688687.SH,20260313,1.3254,1.7534,,354367.7868,
300615.SZ,20260313,12.9588,16.4693,,290037.0292,
688459.SH,20260313,0.9492,1.3207,,464640.0,
603688.SH,20260313,3.6427,7.6498,,2622264.597,
688582.SH,20260313,1.6338,2.2066,,2491183.8863,
300489.SZ,20260313,2.3083,4.1217,,598601.4866,
600000.SH,20260313,0.2993,0.8015,,34171790.0958,
301156.SZ,20260313,4.0091,6.8142,,291424.2773,
601901.SH,20260313,0.5649,1.1891,,6099987.1337,
002026.SZ,20260313,1.5196,2.3892,,610577.2675,
688249.SH,20260313,2.896,4.2721,,6454407.3059,
002412.SZ,20260313,2.9169,5.0803,,347711.2,
601777.SH,20260313,0.4801,1.1551,,4625085.3726,
920699.BJ,20260313,1.0722,1.7729,,198606.9309,
301360.SZ,20260313,5.3724,6.0662,,385221.48,
000333.SZ,20260313,0.2734,0.4,,58436508.4458,
605228.SH,20260313,1.1481,3.3193,,600860.77,
300511.SZ,20260313,2.8686,2.9424,,464614.0866,
301148.SZ,20260313,2.5439,3.973,,611609.67,
000610.SZ,20260313,2.271,3.0986,,220412.2958,
300497.SZ,20260313,7.2428,7.8607,,840830.986,
002570.SZ,20260313,1.8683,2.1298,,617784.7865,
600793.SH,20260313,0.9687,2.1076,,337179.0278,
920580.BJ,20260313,3.2103,4.8333,,133730.0,
002229.SZ,20260313,9.9848,9.9848,,835090.2743,
000619.SZ,20260313,2.258,3.3924,,281024.5453,
002790.SZ,20260313,1.1709,2.1432,,338058.6907,
300097.SZ,20260313,2.9025,3.3373,,233148.1326,
601918.SH,20260313,3.8577,7.2359,,2144968.6104,
002985.SZ,20260313,2.9659,3.1124,,1265025.9232,
002538.SZ,20260313,4.1245,6.1111,,671748.3855,
603787.SH,20260313,1.0886,3.0891,,312995.5544,
300323.SZ,20260313,24.2973,27.2411,,2121259.4277,
688499.SH,20260313,2.4708,3.8232,,932393.7463,
601963.SH,20260313,0.6412,1.7495,,3919338.5397,
301459.SZ,20260313,3.6756,3.6756,,406075.098,
002454.SZ,20260313,1.0136,1.808,,559437.624,
603949.SH,20260313,9.8481,32.7471,,465728.1203,
300513.SZ,20260313,3.7277,3.7597,,308672.0965,
600258.SH,20260313,1.5376,2.7724,,1894875.5048,
300848.SZ,20260313,3.0237,5.5062,,712005.0113,
300972.SZ,20260313,0.7549,1.4705,,3782061.5148,
600446.SH,20260313,1.3166,1.7466,,1319657.0056,
300197.SZ,20260313,2.7958,4.3074,,566371.9333,
300401.SZ,20260313,5.6294,8.0557,,866291.0286,
002532.SZ,20260313,1.6483,2.3094,,8637224.0164,
002807.SZ,20260313,1.804,1.9144,,1149470.4325,
601688.SH,20260313,0.6005,0.8371,,17737787.3395,
300251.SZ,20260313,2.7735,5.6191,,4822819.3822,
300454.SZ,20260313,3.5191,4.2379,,5101879.7239,
688229.SH,20260313,6.6912,12.913,,443067.6,
000056.SZ,20260313,6.2132,7.7706,,231775.5311,
920145.BJ,20260313,1.8743,3.0339,,122757.0,
600309.SH,20260313,1.5696,2.6991,,26452485.2397,
300106.SZ,20260313,2.2493,3.8661,,229295.5564,
600271.SH,20260313,0.9398,1.7739,,1747270.2136,
600095.SH,20260313,0.7648,2.4796,,2864906.1185,
301083.SZ,20260313,2.089,3.1576,,341681.8673,
603075.SH,20260313,2.9312,2.9312,,910819.2802,
002033.SZ,20260313,2.1809,3.9818,,517620.2498,
688195.SH,20260313,7.4663,11.439,,3073614.7,
002856.SZ,20260313,2.3763,3.7027,,184701.9829,
002600.SZ,20260313,0.8897,2.0936,,10493351.6993,
600754.SH,20260313,0.9976,2.1315,,2929121.8257,
002789.SZ,20260313,2.9489,6.1923,,174149.2538,
688356.SH,20260313,1.6357,2.9643,,618030.633,
002637.SZ,20260313,4.1328,6.5515,,746526.387,
601005.SH,20260313,4.3274,6.7914,,1407430.439,
920171.BJ,20260313,2.8696,4.7989,,198562.0385,
688443.SH,20260313,3.4165,3.4165,,979035.6,
301390.SZ,20260313,2.8048,3.1684,,246120.0,
300029.SZ,20260313,1.296,1.4858,,99852.237,
002910.SZ,20260313,2.9806,5.3034,,229758.7327,
603357.SH,20260313,0.7963,1.5237,,468082.554,
688233.SH,20260313,2.3452,4.0638,,1297218.7911,
600563.SH,20260313,2.1353,3.7192,,2651625.0,
688016.SH,20260313,1.9181,3.2139,,1321986.2048,
603630.SH,20260313,1.262,3.0615,,383748.6043,
300709.SZ,20260313,4.0198,4.5684,,796036.0413,
600981.SH,20260313,1.6474,5.0547,,744487.8197,
300888.SZ,20260313,0.8482,2.8182,,2018355.1145,
600176.SH,20260313,1.4703,2.7942,,10448186.8601,
600637.SH,20260313,1.1896,2.2316,,3496375.8097,
300857.SZ,20260313,2.434,3.8677,,8569604.1197,
600032.SH,20260313,2.4389,10.583,,2161803.1163,
300138.SZ,20260313,6.6755,7.4332,,708224.7363,
300868.SZ,20260313,3.9742,5.4515,,490823.872,
688078.SH,20260313,1.1684,2.2252,,197248.458,
920017.BJ,20260313,1.224,2.1494,,222451.123,
920627.BJ,20260313,7.7771,12.971,,218746.2,
301395.SZ,20260313,6.6651,6.6651,,399003.2696,
002230.SZ,20260313,1.3007,1.5243,,11975370.0137,
300984.SZ,20260313,2.4002,4.0033,,756006.3361,
002387.SZ,20260313,0.993,1.6571,,1188673.4326,
603918.SH,20260313,2.455,3.2722,,529405.9127,
001229.SZ,20260313,8.7793,15.7278,,395257.887,
002540.SZ,20260313,2.1786,3.0956,,890812.3657,
600186.SH,20260313,7.3875,9.1772,,1081037.0785,
300737.SZ,20260313,3.2401,5.0191,,727030.5196,
002468.SZ,20260313,2.2642,5.7813,,2163023.4606,
300168.SZ,20260313,1.1977,1.5043,,873020.9171,
001233.SZ,20260313,5.7969,5.7969,,1281170.2979,
688816.SH,20260313,13.1182,13.1182,,691100.0,
688238.SH,20260313,2.0419,2.7071,,491969.8186,
688607.SH,20260313,1.6897,2.2443,,480303.1972,
002716.SZ,20260313,6.8981,7.9735,,3816815.8494,
002287.SZ,20260313,0.3964,2.0946,,1389675.1151,
688239.SH,20260313,4.657,6.0435,,1169515.3015,
688383.SH,20260313,1.4472,4.6242,,745373.7845,
688093.SH,20260313,0.5395,1.937,,951338.8099,
600508.SH,20260313,2.1891,5.8727,,996628.122,
603078.SH,20260313,2.2619,3.8854,,895449.6899,
300455.SZ,20260313,1.524,3.3858,,1732691.7975,
603598.SH,20260313,3.9777,7.9328,,529960.6614,
002797.SZ,20260313,4.5436,5.7555,,3168609.6,
301120.SZ,20260313,13.0556,16.8846,,937517.2228,
920371.BJ,20260313,0.9831,3.4022,,214690.5851,
688256.SH,20260313,2.2208,4.5879,,46220911.4837,
002476.SZ,20260313,2.653,3.3745,,376992.0,
300578.SZ,20260313,2.7941,3.8427,,421521.4672,
002495.SZ,20260313,3.1215,3.7882,,260103.9168,
688776.SH,20260313,2.9531,7.001,,1216603.8783,
603023.SH,20260313,1.5551,3.0044,,281291.1731,
002327.SZ,20260313,1.0788,1.4042,,589286.6139,
688305.SH,20260313,1.9777,3.5641,,832261.6176,
001872.SZ,20260313,0.1562,1.7485,,5519507.5986,
000877.SZ,20260313,0.3155,1.6729,,3832555.0231,
600664.SH,20260313,1.6261,3.0442,,904145.0455,
603085.SH,20260313,1.1939,2.1233,,444354.9,
002978.SZ,20260313,1.4872,3.9427,,1777514.1818,
688098.SH,20260313,0.7626,1.3459,,369990.244,
300432.SZ,20260313,3.354,5.586,,3017726.8271,
301221.SZ,20260313,2.6468,3.795,,502198.1106,
002246.SZ,20260313,6.5873,12.3283,,1324271.9231,
600409.SH,20260313,2.8248,5.1846,,1789790.9714,
688260.SH,20260313,3.0963,5.1194,,355800.0,
300761.SZ,20260313,1.6891,3.1288,,1835295.0531,
300385.SZ,20260313,9.4377,14.744,,447414.9867,
601609.SH,20260313,1.463,3.0009,,1820256.0172,
002177.SZ,20260313,23.863,24.5083,,690400.5037,
605268.SH,20260313,8.9581,50.0297,,602508.375,
002486.SZ,20260313,3.8974,4.9588,,256352.0441,
300589.SZ,20260313,6.64,7.6713,,652610.2971,
301331.SZ,20260313,0.8719,2.414,,283981.6081,
600550.SH,20260313,5.009,11.224,,3156379.8147,
300270.SZ,20260313,1.8622,2.5625,,335206.273,
000798.SZ,20260313,5.3503,11.2753,,392566.398,
301282.SZ,20260313,6.7197,10.9531,,491507.1759,
603712.SH,20260313,1.471,2.8457,,1416620.0,
688079.SH,20260313,2.6646,5.984,,559479.4914,
601686.SH,20260313,0.9124,1.7994,,926799.1406,
002860.SZ,20260313,1.6202,2.5854,,482374.484,
000751.SZ,20260313,6.9598,9.1086,,977456.51,
002580.SZ,20260313,2.7882,3.6284,,613177.0095,
605258.SH,20260313,2.9348,7.1608,,314336.0,
000028.SZ,20260313,0.855,2.458,,1444842.9399,
301004.SZ,20260313,0.3384,1.154,,745215.6824,
688268.SH,20260313,12.454,27.2451,,945571.4508,
600742.SH,20260313,1.5205,2.6644,,778724.6582,
300642.SZ,20260313,2.0422,2.3938,,284939.7039,
688591.SH,20260313,1.7134,1.714,,917714.3592,
600399.SH,20260313,3.1116,4.5097,,1341028.0,
600015.SH,20260313,0.7069,2.1336,,11395088.7831,
920274.BJ,20260313,1.1102,3.6104,,200161.335,
688289.SH,20260313,0.6248,1.1899,,1059121.275,
300823.SZ,20260313,1.9807,2.653,,230136.6513,
600586.SH,20260313,3.5563,5.2521,,885836.0625,
301592.SZ,20260313,2.5845,2.5845,,808290.0,
300545.SZ,20260313,8.241,9.5918,,660057.0372,
603053.SH,20260313,0.883,4.6472,,906667.8,
603679.SH,20260313,13.2024,19.8706,,277628.8737,
600619.SH,20260313,1.5096,2.3067,,1919139.7979,
300679.SZ,20260313,2.444,3.2638,,1590526.08,
603757.SH,20260313,13.4972,31.0468,,915014.3054,
603516.SH,20260313,1.8928,2.7362,,2966293.9954,
600771.SH,20260313,0.8598,1.0135,,831645.4486,
000962.SZ,20260313,4.0874,6.9442,,2459193.8494,
002920.SZ,20260313,1.0875,2.1603,,6996992.1629,
605500.SH,20260313,0.4707,1.9898,,372545.6,
688039.SH,20260313,1.2464,2.3684,,510204.3689,
300852.SZ,20260313,3.7913,8.1721,,796345.4996,
002652.SZ,20260313,20.2974,28.9948,,282147.264,
920662.BJ,20260313,5.4059,5.7863,,237435.6054,
600575.SH,20260313,1.6032,4.3652,,2823716.115,
000509.SZ,20260313,7.6361,12.8439,,422812.4525,
603081.SH,20260313,0.7543,1.2923,,523053.9465,
601698.SH,20260313,1.1482,5.2193,,15055709.6084,
002847.SZ,20260313,0.5344,1.3216,,1695708.784,
920504.BJ,20260313,1.6419,2.0266,,104779.4358,
301536.SZ,20260313,4.6603,4.9923,,3119849.2863,
300977.SZ,20260313,2.7971,6.8325,,303996.7738,
300185.SZ,20260313,23.1316,28.1829,,1640699.5842,
002746.SZ,20260313,3.5196,5.4265,,557629.0951,
301003.SZ,20260313,11.2268,21.2773,,499750.9468,
600066.SH,20260313,0.6886,1.1802,,6785723.7185,
301068.SZ,20260313,6.5894,10.0074,,484854.3108,
300870.SZ,20260313,3.4445,7.3753,,2874484.2675,
920082.BJ,20260313,6.2799,6.3063,,242161.43,
600782.SH,20260313,1.9994,3.7514,,1308633.1032,
301018.SZ,20260313,6.0748,11.5678,,2687663.0015,
300259.SZ,20260313,4.2655,7.6749,,603617.5823,
603676.SH,20260313,0.2829,1.1918,,471715.066,
605303.SH,20260313,1.6403,3.8941,,278134.5288,
688072.SH,20260313,1.5432,2.4568,,9572056.8676,
300240.SZ,20260313,2.8618,4.8762,,280901.5902,
301329.SZ,20260313,3.9887,3.9887,,399119.0,
300405.SZ,20260313,5.597,6.6888,,208160.7952,
002393.SZ,20260313,1.5372,3.2304,,578024.8757,
920826.BJ,20260313,3.0653,3.2363,,163841.4391,
300724.SZ,20260313,8.9895,9.8543,,4265532.1975,
001288.SZ,20260313,1.5919,2.799,,775105.3035,
603214.SH,20260313,2.6313,4.0693,,233994.1208,
688677.SH,20260313,0.7895,1.1961,,474712.92,
300780.SZ,20260313,6.7133,7.6161,,330007.5,
300365.SZ,20260313,7.2742,7.7158,,412100.7072,
300948.SZ,20260313,5.0058,7.712,,344793.1591,
920454.BJ,20260313,1.2404,2.0095,,155337.8,
605299.SH,20260313,2.1731,7.1975,,517262.3251,
300663.SZ,20260313,1.4511,1.5364,,726767.5262,
688597.SH,20260313,2.4662,3.3731,,334715.764,
301489.SZ,20260313,5.521,5.7431,,1440325.9718,
920022.BJ,20260313,2.1265,2.1265,,171432.282,
600035.SH,20260313,1.0718,2.3283,,647266.5922,
300293.SZ,20260313,1.1372,1.8652,,625095.1818,
002970.SZ,20260313,3.9851,5.8405,,1304562.5806,
600183.SH,20260313,1.8518,3.6684,,15410332.3951,
688216.SH,20260313,1.9148,4.1681,,342617.7179,
600470.SH,20260313,22.7572,30.5437,,444924.8,
603248.SH,20260313,46.3969,46.3969,,1297200.0,
301368.SZ,20260313,1.5017,1.5017,,680246.4,
600847.SH,20260313,4.962,9.0488,,237748.7574,
300414.SZ,20260313,3.2477,5.6856,,464251.7196,
000415.SZ,20260313,0.981,1.4982,,2857248.8323,
000429.SZ,20260313,0.6252,1.6367,,2621870.882,
601952.SH,20260313,1.9786,6.1531,,1459302.0,
300192.SZ,20260313,2.232,3.3839,,630309.475,
300693.SZ,20260313,8.3516,8.7767,,1494538.4423,
301292.SZ,20260313,27.3894,27.3894,,1436587.1765,
600708.SH,20260313,0.9545,2.0119,,882540.1502,
003012.SZ,20260313,0.7504,1.7944,,789061.1498,
002941.SZ,20260313,3.2938,5.5376,,1211386.9455,
000063.SZ,20260313,1.8166,2.3843,,17440768.198,
600918.SH,20260313,0.4895,0.7077,,4941044.7815,
600520.SH,20260313,2.3539,3.0232,,428077.86,
600483.SH,20260313,1.8595,5.3828,,3069272.1312,
688480.SH,20260313,2.7648,6.1773,,1016367.7205,
920701.BJ,20260313,0.6465,1.7669,,234474.8,
301533.SZ,20260313,7.1334,7.2474,,348890.4783,
600528.SH,20260313,1.3501,3.095,,1937192.9847,
600903.SH,20260313,1.9387,5.7046,,788906.4539,
301298.SZ,20260313,2.4684,3.0572,,247211.2,
605056.SH,20260313,4.6355,15.9879,,990731.544,
001337.SZ,20260313,5.0653,12.5828,,2256660.0,
300284.SZ,20260313,0.7581,1.3791,,919338.6195,
603677.SH,20260313,0.6935,2.6442,,325880.6636,
002567.SZ,20260313,2.4469,2.7572,,637707.8699,
601618.SH,20260313,2.5644,7.1156,,6859517.9453,
002203.SZ,20260313,2.2859,3.8099,,3274918.2865,
300398.SZ,20260313,4.796,6.0685,,1585749.2207,
301020.SZ,20260313,0.8113,2.5367,,329253.6,
002331.SZ,20260313,1.2757,1.6512,,373592.4851,
688318.SH,20260313,0.6738,2.1747,,2941788.2554,
603869.SH,20260313,0.1124,0.3085,,487198.9558,
000807.SZ,20260313,2.1544,3.721,,12051151.9824,
603135.SH,20260313,1.244,1.7546,,716710.5004,
600438.SH,20260313,2.4657,4.5025,,8697844.8519,
603012.SH,20260313,2.6411,3.3967,,530776.5,
002488.SZ,20260313,3.2946,4.6274,,1207467.5858,
002345.SZ,20260313,1.6993,2.7355,,915168.0882,
300087.SZ,20260313,3.0702,5.3424,,856387.9029,
688620.SH,20260313,1.9736,1.9736,,445312.0,
688683.SH,20260313,0.6377,1.4268,,601700.283,
600283.SH,20260313,1.0058,2.4018,,533905.3029,
000952.SZ,20260313,1.5,2.0124,,261449.7556,
603215.SH,20260313,1.3001,3.4269,,367233.8827,
301130.SZ,20260313,1.681,2.0627,,242029.1833,
920344.BJ,20260313,0.39,1.0153,,270540.01,
002832.SZ,20260313,4.7958,5.9152,,962212.1436,
605499.SH,20260313,0.6589,1.9562,,12831544.864,
600630.SH,20260313,1.2188,1.7432,,355184.2951,
688646.SH,20260313,2.1572,2.1685,,487479.8216,
600807.SH,20260313,1.717,2.1849,,296352.6349,
601328.SH,20260313,0.6888,0.7819,,60529192.1928,
688712.SH,20260313,7.9674,7.9674,,1674672.0,
600559.SH,20260313,1.0328,1.3823,,1367547.4288,
300420.SZ,20260313,2.8198,3.3174,,453251.7258,
300639.SZ,20260313,2.4532,4.1055,,428629.9469,
688382.SH,20260313,3.6106,4.9632,,1093656.9965,
301258.SZ,20260313,0.9754,2.5652,,315986.49,
688100.SH,20260313,0.9573,3.3347,,2055735.7167,
600596.SH,20260313,2.1072,3.0152,,1772020.9253,
300961.SZ,20260313,1.8982,2.4177,,241987.2,
603296.SH,20260313,1.6018,1.8367,,9205582.2337,
600519.SH,20260313,0.2684,0.6188,,177025926.6733,
300296.SZ,20260313,20.1894,21.5517,,2497731.0215,
601567.SH,20260313,2.2088,4.6449,,4277457.4136,
605336.SH,20260313,1.6364,5.1206,,262463.216,
002445.SZ,20260313,4.8582,7.7207,,1067096.7814,
002397.SZ,20260313,2.0684,3.1441,,307338.1731,
688496.SH,20260313,2.2288,4.7521,,295200.0,
300083.SZ,20260313,2.9009,3.0673,,1420127.7884,
300854.SZ,20260313,2.8792,4.5871,,239864.7938,
600560.SH,20260313,0.8537,1.5558,,357832.8,
301180.SZ,20260313,12.6097,28.8706,,848021.2,
000903.SZ,20260313,1.1962,1.8085,,526277.6795,
301235.SZ,20260313,9.7377,13.333,,527675.3205,
002547.SZ,20260313,3.5121,4.7961,,397076.1231,
920593.BJ,20260313,0.8906,1.726,,564062.2179,
603980.SH,20260313,7.4869,11.5545,,499503.0197,
002342.SZ,20260313,5.9996,8.2955,,1270080.0,
000830.SZ,20260313,2.4304,4.7588,,3759125.7277,
003030.SZ,20260313,2.8464,4.306,,258793.72,
000156.SZ,20260313,1.047,1.9972,,1478640.0887,
688657.SH,20260313,1.9282,2.248,,315058.211,
300098.SZ,20260313,2.1463,2.262,,988798.1145,
002181.SZ,20260313,4.7165,14.4601,,1226077.4317,
000927.SZ,20260313,2.2398,7.1481,,1857458.5678,
603657.SH,20260313,1.142,3.5067,,381371.1311,
603612.SH,20260313,4.475,6.0313,,1708000.1899,
603779.SH,20260313,1.5249,2.2853,,225484.19,
300576.SZ,20260313,2.2995,2.7001,,1383403.9519,
600697.SH,20260313,2.2107,2.9527,,205064.5287,
300179.SZ,20260313,10.2499,13.1571,,1204595.3464,
301207.SZ,20260313,0.647,2.7437,,1169599.515,
002629.SZ,20260313,5.2038,6.4425,,265885.152,
688557.SH,20260313,1.7842,3.2902,,357222.4676,
002545.SZ,20260313,2.6364,5.8473,,3407486.0453,
688629.SH,20260313,8.0622,8.0622,,4911878.6143,
002992.SZ,20260313,1.0621,1.9384,,958242.0282,
000422.SZ,20260313,11.0551,16.6588,,2109025.4225,
300466.SZ,20260313,1.9629,3.2257,,514108.7117,
600173.SH,20260313,1.6325,4.0759,,551998.9203,
688484.SH,20260313,1.9837,1.9837,,1664037.3945,
300892.SZ,20260313,1.7388,2.9062,,288200.0,
603321.SH,20260313,1.6642,3.7317,,280856.0225,
600303.SH,20260313,1.8986,2.2589,,232425.4317,
301525.SZ,20260313,7.0387,7.8941,,847391.2355,
000410.SZ,20260313,1.6325,2.3336,,1989453.8298,
300234.SZ,20260313,3.6071,4.2535,,307437.536,
603400.SH,20260313,5.3023,5.3023,,673600.0,
300599.SZ,20260313,8.1318,9.2927,,373889.3559,
000554.SZ,20260313,13.1051,13.1051,,446656.9924,
301413.SZ,20260313,3.1024,3.1024,,1231402.4403,
688539.SH,20260313,2.6617,3.3603,,721741.44,
688479.SH,20260313,8.993,11.4312,,509584.7394,
000552.SZ,20260313,4.2297,7.4507,,1519914.2206,
688719.SH,20260313,2.4264,2.4264,,453349.3073,
002709.SZ,20260313,8.5057,10.0188,,9919289.2698,
920857.BJ,20260313,0.6717,2.2416,,192418.5952,
000068.SZ,20260313,1.6262,2.8553,,347301.6551,
301135.SZ,20260313,2.2646,3.1247,,304938.432,
603026.SH,20260313,10.3592,15.2333,,1698717.4022,
002079.SZ,20260313,2.5224,3.2815,,834927.9045,
688335.SH,20260313,5.1599,9.6734,,615971.9373,
002558.SZ,20260313,2.7006,4.4469,,6854821.4148,
603205.SH,20260313,1.811,1.811,,422760.0,
600458.SH,20260313,4.5836,8.2836,,1400784.0476,
002584.SZ,20260313,2.5233,2.6089,,499189.608,
002318.SZ,20260313,0.8513,1.3632,,3214891.6688,
000823.SZ,20260313,5.7013,8.2021,,850610.3808,
920429.BJ,20260313,2.8454,5.5864,,175669.5,
000551.SZ,20260313,1.8276,2.8425,,685897.2601,
600792.SH,20260313,5.8281,17.8722,,547192.3348,
603382.SH,20260313,4.8244,4.8244,,548466.6396,
300176.SZ,20260313,3.1987,4.2705,,292784.2848,
000016.SZ,20260313,2.4514,3.6491,,794621.9846,
300339.SZ,20260313,1.9933,2.1059,,3575884.6761,
600287.SH,20260313,1.3296,2.8515,,259893.664,
688387.SH,20260313,2.8932,5.1502,,4991375.0,
600151.SH,20260313,2.2674,3.6409,,1977833.9038,
000536.SZ,20260313,3.4677,5.977,,1352590.0407,
688269.SH,20260313,1.3545,1.8231,,591697.008,
002885.SZ,20260313,8.3771,12.0851,,804623.395,
001388.SZ,20260313,6.3786,6.3786,,704652.0,
002289.SZ,20260313,0.5327,0.8883,,762570.4075,
600901.SH,20260313,0.4058,1.0261,,3758921.3137,
002353.SZ,20260313,3.4496,4.1479,,10774034.9307,
688110.SH,20260313,5.8467,8.9222,,5881921.7814,
002005.SZ,20260313,0.3562,0.557,,522222.6077,
002151.SZ,20260313,15.3406,16.5802,,2481102.8724,
300393.SZ,20260313,12.237,15.2878,,1178976.8014,
300675.SZ,20260313,3.9205,6.8608,,239066.721,
000557.SZ,20260313,1.723,3.2962,,752521.3633,
688500.SH,20260313,3.3914,5.1256,,390488.7381,
002255.SZ,20260313,15.9436,16.7695,,1121689.4243,
002059.SZ,20260313,1.0767,2.4512,,515329.3198,
301006.SZ,20260313,1.4508,2.2735,,259339.36,
002793.SZ,20260313,0.8707,1.404,,523130.0618,
688025.SH,20260313,5.3285,8.1984,,2138612.0175,
920252.BJ,20260313,4.5633,7.6147,,299739.9418,
002830.SZ,20260313,4.7398,7.0825,,302815.14,
601515.SH,20260313,1.521,3.025,,887180.9793,
002696.SZ,20260313,1.8085,3.2646,,260810.7833,
002900.SZ,20260313,1.575,2.6585,,376461.9145,
002741.SZ,20260313,3.4248,4.9714,,957945.9586,
603656.SH,20260313,0.9731,1.7221,,411261.1648,
600844.SH,20260313,30.2702,42.4295,,423890.6081,
600033.SH,20260313,1.7438,3.955,,1053849.6,
688398.SH,20260313,1.4055,2.6508,,413493.9449,
300498.SZ,20260313,0.8974,0.9936,,11597795.2194,
601168.SH,20260313,1.6906,2.4478,,7153766.0,
301388.SZ,20260313,32.1325,39.5352,,403541.0964,
688133.SH,20260313,1.8412,2.5649,,377382.8622,
002648.SZ,20260313,3.5584,7.1782,,9516424.0743,
920576.BJ,20260313,1.693,6.6189,,751755.0,
603151.SH,20260313,1.3732,2.9481,,328127.891,
002785.SZ,20260313,4.5094,5.4607,,1003925.2489,
300209.SZ,20260313,5.5017,5.921,,861774.3249,
600037.SH,20260313,1.0337,1.6671,,1091153.8611,
920262.BJ,20260313,1.8855,3.2208,,155230.4595,
002247.SZ,20260313,3.3585,4.1981,,258664.4949,
600063.SH,20260313,8.4864,12.7111,,1601488.3915,
002961.SZ,20260313,4.4499,15.0933,,1244796.2601,
002670.SZ,20260313,1.4596,4.0841,,2981965.4503,
920146.BJ,20260313,1.5982,2.1028,,100702.8705,
688076.SH,20260313,0.8175,1.3033,,1013894.4856,
300519.SZ,20260313,2.0566,3.1372,,259360.0,
300468.SZ,20260313,12.0242,15.0363,,1906622.8451,
300123.SZ,20260313,2.8057,3.2278,,721414.8908,
920924.BJ,20260313,3.1895,3.9349,,228863.4345,
300188.SZ,20260313,2.4779,4.214,,1194673.4609,
603118.SH,20260313,3.3011,5.7644,,987244.6131,
300781.SZ,20260313,3.5918,5.7252,,610403.9141,
002999.SZ,20260313,4.7109,7.3475,,271816.944,
603021.SH,20260313,4.4962,7.5966,,230042.6623,
000936.SZ,20260313,2.9031,4.7297,,695520.1163,
605287.SH,20260313,3.0244,5.9129,,660100.0,
002593.SZ,20260313,2.2785,3.2204,,459002.9346,
688589.SH,20260313,1.8102,2.2965,,340649.6547,
000032.SZ,20260313,2.3928,4.2898,,2155728.0977,
600518.SH,20260313,1.375,1.8429,,2599832.5777,
603036.SH,20260313,1.5521,2.0019,,391411.4475,
920018.BJ,20260313,16.0352,16.0352,,424007.4481,
600178.SH,20260313,0.752,1.5327,,545777.1084,
002474.SZ,20260313,8.1551,8.5885,,510826.2,
300238.SZ,20260313,3.7467,5.1015,,426900.6786,
002162.SZ,20260313,3.9048,8.152,,458011.0806,
920693.BJ,20260313,5.4164,8.8922,,215919.0,
002554.SZ,20260313,5.9785,9.3972,,538822.9091,
688790.SH,20260313,4.5125,4.5125,,1311529.0528,
300726.SZ,20260313,3.2906,5.5197,,1952944.545,
603124.SH,20260313,3.6229,3.6229,,1463281.798,
301382.SZ,20260313,3.8295,4.4116,,996722.7215,
301515.SZ,20260313,6.4744,7.8514,,243000.0,
300279.SZ,20260313,4.1894,5.6869,,503283.3752,
301529.SZ,20260313,4.7356,5.6127,,904788.8447,
601965.SH,20260313,0.5497,1.4692,,1857657.6507,
603729.SH,20260313,2.9506,4.2047,,167541.71,
000995.SZ,20260313,15.9514,23.5822,,274804.992,
002357.SZ,20260313,3.465,4.943,,492177.7865,
603701.SH,20260313,5.0418,9.9175,,611586.8483,
300864.SZ,20260313,0.9886,3.4883,,347719.324,
600403.SH,20260313,2.4821,16.01,,1640097.3078,
601966.SH,20260313,0.742,1.6318,,2168910.9762,
603444.SH,20260313,1.8926,3.205,,2746855.14,
000035.SZ,20260313,7.9348,13.1722,,1908038.1824,
600197.SH,20260313,0.6667,1.1761,,611341.7344,
603580.SH,20260313,1.0235,3.1371,,196793.8392,
600516.SH,20260313,5.0819,8.2395,,2721555.9688,
300436.SZ,20260313,10.4111,16.5286,,1770571.239,
603557.SH,20260313,3.7816,5.6232,,249998.1921,
603861.SH,20260313,5.2,11.4255,,1006463.0522,
920471.BJ,20260313,9.9892,16.6464,,123468.8,
601222.SH,20260313,2.5872,4.267,,1382373.5037,
301596.SZ,20260313,1.3781,1.638,,532672.0659,
600261.SH,20260313,2.0615,3.8645,,527345.9216,
688182.SH,20260313,0.7604,2.568,,1146800.0,
000629.SZ,20260313,2.7243,6.1151,,3623469.6596,
300433.SZ,20260313,0.7251,1.9199,,16633312.4814,
000813.SZ,20260313,1.191,2.0058,,748666.6778,
603004.SH,20260313,6.9538,6.9538,,569016.32,
600722.SH,20260313,26.1338,59.4514,,1152461.5311,
000600.SZ,20260313,11.8295,20.9452,,1837495.8291,
600322.SH,20260313,2.5998,3.416,,259839.5,
600448.SH,20260313,2.6609,3.2703,,217287.7834,
688253.SH,20260313,2.5416,5.0212,,535197.7226,
603377.SH,20260313,0.746,1.1747,,268111.2746,
002487.SZ,20260313,8.04,13.2576,,5143448.4997,
300263.SZ,20260313,3.3848,3.9437,,1149892.0015,
603421.SH,20260313,9.2228,21.0986,,611754.6993,
688006.SH,20260313,1.3688,3.9285,,1693300.3864,
002038.SZ,20260313,1.6052,2.1567,,630792.9,
000158.SZ,20260313,2.0299,3.0851,,3227607.1597,
002122.SZ,20260313,0.9275,1.3914,,604453.1737,
300223.SZ,20260313,3.9913,4.8819,,5749472.7145,
301183.SZ,20260313,4.8402,6.0943,,1173518.9093,
600177.SH,20260313,1.1066,2.5983,,3495322.0779,
002160.SZ,20260313,6.2286,10.5752,,577324.6724,
301439.SZ,20260313,5.7306,9.2033,,666920.5006,
002817.SZ,20260313,3.1844,5.3188,,254831.6408,
603876.SH,20260313,4.3913,8.0329,,1940309.9407,
603611.SH,20260313,1.2712,1.9714,,611286.677,
688053.SH,20260313,0.918,2.1215,,392000.0,
601229.SH,20260313,0.384,0.5937,,14024292.9391,
603160.SH,20260313,0.566,1.0178,,3331340.3739,
301217.SZ,20260313,2.3544,8.5228,,3409740.9325,
300419.SZ,20260313,3.4055,4.0066,,281699.3878,
301073.SZ,20260313,2.4343,5.9914,,571880.5263,
603991.SH,20260313,2.4886,3.4091,,1538855.7477,
000803.SZ,20260313,4.8102,6.9847,,455571.3415,
688105.SH,20260313,0.339,1.0385,,799844.168,
920101.BJ,20260313,1.2427,1.2427,,342863.8772,
601868.SH,20260313,11.7124,31.3094,,15592495.1999,
600779.SH,20260313,0.7018,1.911,,1775974.1503,
301687.SZ,20260313,19.0617,19.0617,,939635.872,
601456.SH,20260313,0.4661,0.7256,,5356799.0161,
002664.SZ,20260313,1.8049,3.6965,,881303.8,
603301.SH,20260313,1.2007,2.629,,2455788.6723,
300377.SZ,20260313,4.6545,5.4787,,1449435.9444,
301590.SZ,20260313,7.319,7.319,,817344.5958,
000517.SZ,20260313,1.0627,3.5979,,655888.0319,
002546.SZ,20260313,6.1601,9.9764,,889930.3854,
300899.SZ,20260313,2.3776,4.0123,,266232.1871,
301680.SZ,20260313,43.6882,43.6882,,972900.0,
600497.SH,20260313,2.8671,4.8231,,4979895.9172,
300435.SZ,20260313,5.8219,8.7949,,1087324.947,
300084.SZ,20260313,11.1385,12.0253,,549061.0909,
002365.SZ,20260313,2.1043,2.3298,,424637.4825,
300653.SZ,20260313,1.1999,2.1289,,365580.0,
002206.SZ,20260313,3.5446,4.0302,,799598.5674,
603045.SH,20260313,5.472,7.6279,,423672.4448,
002363.SZ,20260313,2.8021,4.8544,,370619.9226,
688535.SH,20260313,5.5261,5.5261,,1212660.8995,
600640.SH,20260313,0.7201,2.3517,,1006555.3641,
002695.SZ,20260313,0.5042,1.3792,,572456.2744,
301315.SZ,20260313,4.0282,4.0282,,455048.0,
000628.SZ,20260313,5.4102,6.2912,,1889982.2,
003029.SZ,20260313,2.7333,4.3245,,457911.8369,
300571.SZ,20260313,4.4675,5.7056,,422073.0894,
000338.SZ,20260313,2.8753,2.92,,21679390.2644,
688512.SH,20260313,3.3581,3.3581,,568615.4415,
002735.SZ,20260313,5.9204,6.8187,,652849.1991,
603096.SH,20260313,1.1258,2.8019,,286876.4006,
688596.SH,20260313,1.2512,1.5124,,904453.1725,
301491.SZ,20260313,2.9512,2.9512,,711822.0,
300547.SZ,20260313,3.176,3.649,,714272.031,
603391.SH,20260313,6.2531,6.2531,,684320.0,
003043.SZ,20260313,2.2964,3.2724,,659785.6567,
300062.SZ,20260313,10.0664,11.6079,,578912.443,
600761.SH,20260313,2.0029,3.1215,,1800090.07,
300070.SZ,20260313,2.0162,3.595,,1540288.9793,
300981.SZ,20260313,11.1611,36.6569,,676320.0403,
300407.SZ,20260313,2.3172,2.9582,,445176.3258,
301307.SZ,20260313,11.9068,13.4054,,877359.6,
601727.SH,20260313,1.655,3.7908,,14032729.8373,
600897.SH,20260313,0.9616,3.0047,,687107.232,
002131.SZ,20260313,9.3029,9.7799,,5234584.9374,
002008.SZ,20260313,2.7189,3.3744,,7073375.413,
002717.SZ,20260313,3.7388,3.9916,,316720.6391,
688232.SH,20260313,0.7261,2.0096,,783060.1632,
601689.SH,20260313,0.8504,2.0441,,10969218.181,
300705.SZ,20260313,1.3779,1.8979,,736428.5375,
002624.SZ,20260313,4.195,5.7006,,3734439.1777,
000987.SZ,20260313,1.4526,5.685,,4505384.9509,
002265.SZ,20260313,0.5184,2.3619,,2305746.1884,
603901.SH,20260313,1.1909,2.3957,,683403.0558,
001366.SZ,20260313,3.6951,10.6633,,253231.68,
601608.SH,20260313,1.0883,3.0554,,3251482.9403,
000886.SZ,20260313,1.5865,2.1738,,603185.263,
601968.SH,20260313,0.6858,1.4825,,718263.836,
000801.SZ,20260313,1.6869,3.3002,,1533634.0613,
601021.SH,20260313,0.7589,1.719,,4715567.0989,
000665.SZ,20260313,1.8791,3.1773,,579946.2425,
688545.SH,20260313,2.5055,2.9038,,1814400.0,
688295.SH,20260313,5.937,34.7756,,4051800.0,
688626.SH,20260313,4.6455,12.2917,,1156480.0,
688775.SH,20260313,4.4346,4.4346,,8416990.0,
300900.SZ,20260313,11.2495,11.7732,,1245822.7979,
603798.SH,20260313,1.2459,2.6496,,358260.1611,
600862.SH,20260313,2.3652,4.2634,,3415756.4104,
300159.SZ,20260313,0.915,1.0211,,1010159.2565,
000034.SZ,20260313,5.6901,6.0791,,2705681.8129,
600721.SH,20260313,2.0331,2.6957,,354552.9195,
002608.SZ,20260313,0.9442,5.3732,,3241592.386,
920509.BJ,20260313,1.7145,2.5018,,531092.7708,
600641.SH,20260313,3.1076,4.4474,,1710497.793,
600993.SH,20260313,0.5554,0.8484,,1132378.5717,
601139.SH,20260313,2.3974,9.8038,,2200707.9567,
300410.SZ,20260313,3.6457,4.6816,,330403.3173,
300301.SZ,20260313,3.7293,4.0317,,260578.7935,
300285.SZ,20260313,5.9956,6.2811,,3786789.4396,
300458.SZ,20260313,1.4857,1.7504,,3105257.8111,
605090.SH,20260313,2.8434,5.6049,,3026542.0357,
688686.SH,20260313,0.6193,2.2245,,1171626.8362,
300619.SZ,20260313,5.8003,7.1858,,741760.5421,
300562.SZ,20260313,3.1087,3.374,,302342.7305,
300958.SZ,20260313,3.3174,3.5406,,227894.9859,
603888.SH,20260313,1.3482,3.5688,,1402780.6513,
300802.SZ,20260313,2.6866,3.7166,,586905.6748,
000401.SZ,20260313,1.3406,3.7124,,1371639.8574,
600191.SH,20260313,1.2014,2.5741,,627986.94,
300355.SZ,20260313,3.9142,4.1889,,668968.9478,
920299.BJ,20260313,8.0775,11.6036,,255279.5789,
300476.SZ,20260313,3.4922,5.0664,,24277162.1196,
300416.SZ,20260313,2.6647,3.8177,,854360.3141,
600250.SH,20260313,2.3398,4.9412,,355331.0349,
605358.SH,20260313,1.2328,1.651,,2447841.9858,
603682.SH,20260313,1.6957,4.0374,,328860.0,
605289.SH,20260313,4.3699,8.8096,,1453069.975,
301518.SZ,20260313,11.1235,11.301,,662613.6408,
688298.SH,20260313,0.6075,1.181,,467308.8,
603505.SH,20260313,1.6839,3.7167,,1759087.8192,
600573.SH,20260313,4.4381,8.8901,,312000.0,
300249.SZ,20260313,9.5055,11.914,,768211.0615,
000059.SZ,20260313,5.587,10.5488,,969262.1774,
600830.SH,20260313,3.1016,4.5265,,436149.8371,
688061.SH,20260313,1.4126,1.4126,,392921.7172,
600868.SH,20260313,20.429,21.9994,,789629.8505,
605168.SH,20260313,1.0504,2.2777,,747978.6663,
920971.BJ,20260313,2.1364,4.1491,,301497.4777,
002202.SZ,20260313,11.7198,17.4025,,13275367.7175,
600052.SH,20260313,1.366,2.2367,,355405.986,
601577.SH,20260313,0.56,0.9586,,3941122.6789,
301035.SZ,20260313,0.7111,2.1873,,2309622.0321,
600125.SH,20260313,1.9368,2.7671,,876005.1775,
002535.SZ,20260313,1.3133,2.0226,,302234.5189,
002242.SZ,20260313,1.905,5.8685,,794300.697,
603217.SH,20260313,1.048,2.7806,,500450.678,
603258.SH,20260313,2.7553,5.1957,,464867.1102,
300146.SZ,20260313,0.8104,0.9631,,1965728.71,
920505.BJ,20260313,2.6001,5.2479,,287299.1762,
601801.SH,20260313,1.1443,5.2066,,1329435.3099,
920221.BJ,20260313,0.8519,1.4194,,178469.52,
300879.SZ,20260313,6.7022,12.913,,511461.851,
603190.SH,20260313,2.4436,2.4795,,323181.3,
688711.SH,20260313,2.3598,2.8684,,646310.4412,
920833.BJ,20260313,1.9958,3.4437,,151542.4,
601991.SH,20260313,8.0066,29.5518,,8772180.7789,
002129.SZ,20260313,3.5946,5.1302,,4107805.6254,
300645.SZ,20260313,2.169,3.0813,,268439.1218,
600572.SH,20260313,1.6285,2.3927,,1126283.7182,
300386.SZ,20260313,2.5839,3.1824,,652148.64,
600233.SH,20260313,0.9422,1.9636,,7084729.569,
603319.SH,20260313,1.7823,2.3298,,1210764.3505,
603110.SH,20260313,5.6976,7.0205,,341280.5375,
600667.SH,20260313,7.0943,10.6708,,2141739.1903,
920278.BJ,20260313,1.3408,1.4889,,154956.0,
688416.SH,20260313,3.5269,5.4261,,748711.3148,
002218.SZ,20260313,6.0507,9.8027,,847812.3294,
603178.SH,20260313,0.582,1.4916,,388424.7205,
920493.BJ,20260313,6.1802,8.4315,,994101.8838,
600731.SH,20260313,2.7136,3.5819,,439171.539,
603600.SH,20260313,0.9511,1.9701,,362154.7543,
301273.SZ,20260313,7.0727,12.994,,240071.645,
002771.SZ,20260313,7.635,7.7969,,317163.3192,
920427.BJ,20260313,2.3371,3.9493,,135260.64,
600594.SH,20260313,1.408,1.8386,,315979.0326,
603993.SH,20260313,2.0222,4.9726,,42275156.9078,
301037.SZ,20260313,2.8732,4.9374,,227038.7432,
600060.SH,20260313,0.8096,1.5517,,2912698.0709,
603156.SH,20260313,0.604,1.4929,,3856449.352,
601598.SH,20260313,0.3815,1.9072,,4318598.2387,
002917.SZ,20260313,1.4858,2.2002,,487702.7184,
002641.SZ,20260313,1.6499,4.0152,,545717.6787,
600127.SH,20260313,8.3215,10.5785,,471710.6652,
601011.SH,20260313,10.2116,14.8613,,727952.5248,
300129.SZ,20260313,22.4463,23.6311,,1724266.796,
600185.SH,20260313,1.0852,1.9713,,1217713.7436,
600738.SH,20260313,1.3771,2.8516,,385235.6294,
603999.SH,20260313,1.28,3.0359,,419904.0,
600751.SH,20260313,2.4877,4.9082,,1139439.7487,
920270.BJ,20260313,1.0991,3.1586,,190191.888,
002622.SZ,20260313,2.004,2.6303,,241080.0,
002916.SZ,20260313,1.5664,4.3695,,17044831.7067,
600576.SH,20260313,1.4794,2.2027,,671747.3563,
600775.SH,20260313,15.9798,24.4521,,1484073.7711,
300092.SZ,20260313,11.2465,14.695,,481009.2639,
600710.SH,20260313,1.6264,4.1136,,1761498.237,
688519.SH,20260313,3.4875,8.5677,,3122454.3266,
300818.SZ,20260313,1.741,2.1209,,681335.0023,
600798.SH,20260313,3.5453,6.4325,,468135.27,
300464.SZ,20260313,5.9847,8.7275,,346569.4849,
601528.SH,20260313,1.4627,1.5211,,1098810.3812,
601588.SH,20260313,1.5483,3.0466,,632999.76,
301201.SZ,20260313,2.4005,3.295,,655522.4723,
603967.SH,20260313,1.4079,4.145,,451013.3897,
000159.SZ,20260313,4.787,6.2027,,323982.3593,
001396.SZ,20260313,11.4897,11.4897,,527028.9109,
688030.SH,20260313,1.4772,2.5999,,306400.8736,
002418.SZ,20260313,4.7381,6.1241,,562518.0,
603660.SH,20260313,3.0047,3.8878,,546996.7437,
301189.SZ,20260313,1.1966,3.2783,,488050.3777,
600778.SH,20260313,1.8128,2.9464,,215240.5242,
688665.SH,20260313,0.3794,1.2201,,485925.6215,
300881.SZ,20260313,3.4611,6.5708,,512710.0,
002120.SZ,20260313,1.4008,3.1708,,2029440.7497,
601211.SH,20260313,0.512,0.6332,,31626292.9372,
300258.SZ,20260313,3.5144,5.5568,,832522.2268,
001255.SZ,20260313,5.2951,13.7287,,362166.9189,
300978.SZ,20260313,1.7168,2.1153,,514429.2334,
688786.SH,20260313,1.8243,2.9611,,488920.0102,
600711.SH,20260313,2.8915,3.5241,,4258862.7173,
603719.SH,20260313,0.627,1.4374,,425461.0,
300730.SZ,20260313,2.8334,3.6557,,306969.8795,
000100.SZ,20260313,2.0437,2.109,,10046816.5619,
300272.SZ,20260313,2.9493,3.6359,,475723.2492,
600239.SH,20260313,1.5115,2.5654,,369307.9891,
000759.SZ,20260313,2.8381,4.4582,,394165.8361,
000539.SZ,20260313,2.8942,9.0609,,2787900.7966,
002818.SZ,20260313,1.2991,2.6108,,889917.6797,
000548.SZ,20260313,1.4685,2.1696,,289045.9546,
301211.SZ,20260313,0.7085,2.2906,,512395.2,
920368.BJ,20260313,3.5636,5.7959,,986077.848,
002339.SZ,20260313,9.0372,10.8754,,601382.0829,
300522.SZ,20260313,2.6856,4.428,,390811.2265,
301096.SZ,20260313,3.9876,4.7377,,571154.697,
920961.BJ,20260313,1.9473,2.4384,,363243.4118,
688353.SH,20260313,5.1859,11.588,,1802509.5,
002989.SZ,20260313,1.4541,2.9865,,567524.6677,
301153.SZ,20260313,1.1607,2.7434,,760040.1493,
002880.SZ,20260313,4.2138,15.3231,,690606.0,
603031.SH,20260313,3.9343,5.4995,,1404629.4723,
002792.SZ,20260313,7.3845,8.8513,,2111583.0369,
603040.SH,20260313,1.2084,2.622,,1177887.2943,
300617.SZ,20260313,10.1229,15.8417,,1025730.4402,
600863.SH,20260313,1.1987,2.5632,,4207496.7937,
301159.SZ,20260313,4.7494,7.1706,,361224.5,
688659.SH,20260313,1.2372,2.2502,,172640.0,
301021.SZ,20260313,3.6592,6.1822,,857504.1407,
300102.SZ,20260313,4.7297,7.3853,,2994766.3902,
300088.SZ,20260313,4.6855,5.26,,1700956.5673,
002057.SZ,20260313,2.2576,3.3741,,820225.4721,
002233.SZ,20260313,0.7331,1.3331,,1131881.0897,
688332.SH,20260313,0.8967,2.3894,,1507477.5,
301376.SZ,20260313,1.132,1.5109,,691441.6991,
300488.SZ,20260313,5.5804,14.166,,552971.2435,
301185.SZ,20260313,2.6056,3.6351,,307602.288,
600029.SH,20260313,0.8844,2.9268,,11398061.3866,
000519.SZ,20260313,3.4589,5.9073,,2545597.8191,
002379.SZ,20260313,1.9768,2.5665,,41321675.8185,
920009.BJ,20260313,2.2795,2.2795,,415701.95,
300649.SZ,20260313,2.4883,3.0872,,199816.663,
920132.BJ,20260313,3.0154,3.4708,,135582.888,
688418.SH,20260313,2.8529,4.1758,,774839.8472,
605008.SH,20260313,0.3807,2.1765,,819080.341,
603777.SH,20260313,2.6785,6.8321,,431407.1741,
000596.SZ,20260313,0.7501,2.2338,,6009653.4,
600195.SH,20260313,1.9687,4.0178,,825087.7941,
600456.SH,20260313,2.3314,4.6074,,1771121.3371,
300680.SZ,20260313,3.4143,3.779,,963694.4421,
603213.SH,20260313,0.6679,2.7751,,605502.1264,
301567.SZ,20260313,4.6173,4.6173,,334080.0,
000895.SZ,20260313,0.3311,1.1163,,9676798.7679,
603882.SH,20260313,0.9246,1.5504,,1292953.8455,
000590.SZ,20260313,1.0747,1.9055,,288323.4055,
301380.SZ,20260313,2.4296,4.3412,,344734.2722,
600219.SH,20260313,2.5918,4.9752,,8463488.049,
000731.SZ,20260313,14.2277,16.3779,,446744.2826,
688046.SH,20260313,0.5245,1.0692,,619510.0,
000818.SZ,20260313,7.6318,10.4679,,1555620.0919,
603155.SH,20260313,4.1595,16.2995,,533363.9052,
301327.SZ,20260313,7.3258,11.6063,,1092847.9581,
002080.SZ,20260313,2.7196,6.8397,,7716012.2392,
300715.SZ,20260313,1.5662,2.5737,,519070.1054,
603968.SH,20260313,8.0072,15.5016,,298131.84,
688081.SH,20260313,1.118,2.267,,395776.64,
600308.SH,20260313,1.7223,2.8601,,637085.4739,
605188.SH,20260313,0.7269,4.1564,,856521.2425,
920005.BJ,20260313,2.9851,2.9851,,326605.0,
000656.SZ,20260313,1.2252,2.0252,,1467503.2652,
002931.SZ,20260313,3.9474,7.6719,,1782570.7732,
600391.SH,20260313,4.8167,7.5282,,1436062.7465,
300065.SZ,20260313,10.8134,11.1801,,1894761.8342,
600698.SH,20260313,0.9643,1.8521,,823919.6914,
002836.SZ,20260313,1.5482,3.9476,,329472.0,
300673.SZ,20260313,1.1301,1.4727,,409043.8842,
603009.SH,20260313,2.5439,4.2246,,1806422.8852,
600662.SH,20260313,0.6994,2.4675,,1253618.0989,
002562.SZ,20260313,6.9175,7.7439,,786261.4789,
300459.SZ,20260313,2.529,2.5906,,1648915.3304,
002180.SZ,20260313,0.5726,0.8276,,2734273.1689,
300833.SZ,20260313,1.164,2.5057,,461057.8725,
600218.SH,20260313,2.1885,3.3319,,471754.7123,
601106.SH,20260313,1.3438,3.3491,,3250589.1074,
002598.SZ,20260313,1.6403,2.554,,308926.6736,
688197.SH,20260313,2.2912,2.6297,,559333.449,
688478.SH,20260313,1.708,2.6186,,461866.0284,
600785.SH,20260313,3.5578,6.147,,435919.633,
603123.SH,20260313,6.2871,12.6402,,1051137.4511,
600633.SH,20260313,2.6191,5.1159,,1635816.0689,
003038.SZ,20260313,4.5196,5.4576,,397224.097,
301301.SZ,20260313,7.7962,7.7962,,2555677.41,
688292.SH,20260313,3.2912,5.7891,,429758.5564,
603912.SH,20260313,8.8946,15.7733,,525587.6285,
688276.SH,20260313,0.3103,0.9322,,778089.9418,
002901.SZ,20260313,0.3825,1.507,,1862673.7575,
002544.SZ,20260313,1.5784,2.4473,,1899370.087,
603330.SH,20260313,1.6048,2.4747,,318447.8057,
601375.SH,20260313,0.9247,1.2147,,1973225.9975,
301575.SZ,20260313,3.471,3.471,,426503.07,
300275.SZ,20260313,1.4535,1.5191,,371762.1171,
920608.BJ,20260313,1.0481,1.3801,,113650.24,
301630.SZ,20260313,9.0943,9.0943,,784520.0,
301500.SZ,20260313,12.2255,12.2255,,1317777.447,
300598.SZ,20260313,1.3765,1.8747,,873351.5075,
600577.SH,20260313,2.5046,2.9596,,3185212.2994,
688798.SH,20260313,1.661,2.0695,,1670366.6769,
920260.BJ,20260313,5.0025,11.6381,,120428.65,
601003.SH,20260313,1.6495,9.7095,,1411942.8693,
601001.SH,20260313,1.9741,4.6402,,3037765.5,
300832.SZ,20260313,0.498,0.9821,,4122666.4649,
600400.SH,20260313,1.2715,3.4111,,517850.0386,
688213.SH,20260313,1.6971,1.8512,,3409952.2249,
301393.SZ,20260313,1.7371,1.7371,,540648.0,
600111.SH,20260313,1.9752,3.1873,,18371764.609,
688410.SH,20260313,2.4819,4.6559,,509443.3915,
300621.SZ,20260313,1.6052,2.6377,,190787.9939,
300919.SZ,20260313,1.8609,4.1777,,5629213.0871,
301125.SZ,20260313,3.6766,7.1521,,347023.3882,
600776.SH,20260313,1.8293,4.2614,,2023416.1031,
600231.SH,20260313,2.9081,9.7437,,686759.4221,
301102.SZ,20260313,0.5533,2.2131,,463246.0,
600155.SH,20260313,1.1704,1.3077,,1505208.8844,
600110.SH,20260313,8.6287,12.3028,,1447140.8973,
300266.SZ,20260313,2.0826,3.5288,,435066.0479,
000705.SZ,20260313,2.7195,3.0581,,306391.0533,
603439.SH,20260313,0.5852,1.164,,476403.7016,
300204.SZ,20260313,5.0067,7.8674,,1217842.2427,
300328.SZ,20260313,7.5956,10.4277,,1346326.02,
688151.SH,20260313,0.7295,2.4602,,754455.0,
603768.SH,20260313,1.2263,2.8037,,277694.4851,
002155.SZ,20260313,4.5316,6.9785,,5153624.0402,
300027.SZ,20260313,2.7673,2.7913,,471666.0062,
688215.SH,20260313,0.7357,1.7633,,400819.8102,
688680.SH,20260313,2.6124,4.2148,,421967.9806,
600817.SH,20260313,0.5929,2.0274,,642631.7369,
920810.BJ,20260313,1.0773,1.8335,,117573.4,
002542.SZ,20260313,1.0703,1.8319,,592406.2901,
300608.SZ,20260313,2.8422,4.3491,,394837.6914,
300889.SZ,20260313,2.9084,3.3219,,600559.2472,
603108.SH,20260313,1.5374,2.1719,,879564.3199,
002850.SZ,20260313,2.0623,2.3673,,4494222.6587,
002777.SZ,20260313,1.3974,2.2782,,746654.5685,
600211.SH,20260313,2.5062,5.5417,,1412080.3977,
688345.SH,20260313,2.3621,8.3146,,418758.93,
002388.SZ,20260313,2.8128,3.1629,,264541.3568,
688788.SH,20260313,1.1935,2.7346,,942344.5689,
002256.SZ,20260313,7.4744,9.9539,,789602.1321,
002896.SZ,20260313,1.3594,2.577,,1511455.855,
000767.SZ,20260313,6.1079,11.7534,,1160007.2166,
600123.SH,20260313,6.9193,12.69,,1062206.0551,
000631.SZ,20260313,0.7894,2.7586,,908500.0336,
300602.SZ,20260313,5.4884,7.3144,,2032448.9645,
002097.SZ,20260313,1.3167,1.9427,,1171332.8178,
603669.SH,20260313,0.9055,2.0811,,330330.7303,
300826.SZ,20260313,1.2026,2.0914,,298358.309,
688598.SH,20260313,2.0963,2.3829,,553805.0735,
688266.SH,20260313,0.7655,1.1688,,2089871.1285,
603195.SH,20260313,0.1233,0.7308,,7918643.7764,
603200.SH,20260313,3.1997,6.5348,,1192387.2999,
920237.BJ,20260313,1.5263,4.2107,,191792.016,
601366.SH,20260313,1.5357,2.5548,,415212.0404,
600588.SH,20260313,1.2177,2.3277,,4513853.5773,
002855.SZ,20260313,1.5919,4.3734,,304574.727,
002865.SZ,20260313,4.5499,7.188,,2580084.305,
002012.SZ,20260313,3.5987,4.6108,,334352.2111,
000785.SZ,20260313,0.9147,2.8115,,1756027.7655,
001328.SZ,20260313,1.7642,1.7642,,592622.2196,
002261.SZ,20260313,18.7648,20.9127,,4648778.1391,
000719.SZ,20260313,2.3701,5.2107,,1317886.4287,
300568.SZ,20260313,9.8202,10.1766,,2081814.3585,
603068.SH,20260313,1.2847,2.1053,,513800.0748,
000882.SZ,20260313,2.2767,3.1712,,503672.7582,
001238.SZ,20260313,0.2636,0.8474,,550442.94,
600493.SH,20260313,1.6643,2.4848,,209984.0,
920489.BJ,20260313,2.5005,2.5005,,223383.7104,
301371.SZ,20260313,2.0368,2.0368,,1244608.872,
001278.SZ,20260313,4.6708,7.7634,,284834.2868,
300797.SZ,20260313,0.7457,2.0742,,616957.8745,
600537.SH,20260313,12.9716,12.9716,,409565.3962,
301631.SZ,20260313,2.5561,2.5561,,862130.904,
301333.SZ,20260313,1.1754,3.0098,,626232.8639,
688368.SH,20260313,1.0981,3.1791,,1113424.5515,
301200.SZ,20260313,0.8083,5.4685,,7224885.1182,
002372.SZ,20260313,1.2865,3.1485,,1865868.5219,
300002.SZ,20260313,2.5497,2.5904,,2079302.7764,
002063.SZ,20260313,9.0942,11.9204,,1384797.5245,
920100.BJ,20260313,2.0943,2.0943,,442634.3721,
300311.SZ,20260313,2.7585,3.1155,,373864.7333,
003009.SZ,20260313,2.9168,7.4183,,963064.5285,
002689.SZ,20260313,0.7395,1.5174,,400631.3184,
600578.SH,20260313,1.2843,6.2711,,3789155.4945,
300685.SZ,20260313,5.5896,7.2135,,826532.8,
600621.SH,20260313,1.0344,2.312,,1631663.1111,
688090.SH,20260313,3.2381,4.8346,,671199.801,
301636.SZ,20260313,16.7898,16.7898,,498360.6229,
300404.SZ,20260313,2.5875,2.8749,,391240.1569,
601155.SH,20260313,0.8138,2.4811,,3376667.4154,
603366.SH,20260313,10.2315,25.8867,,839065.6402,
300480.SZ,20260313,8.1306,9.2987,,1078952.9229,
603616.SH,20260313,5.9137,9.1842,,266878.876,
688789.SH,20260313,0.7926,1.4999,,1370847.6937,
301259.SZ,20260313,2.9266,3.4091,,543036.0,
600876.SH,20260313,2.0579,5.3474,,703785.7097,
300990.SZ,20260313,3.8515,5.9562,,1502802.3115,
603633.SH,20260313,1.036,1.5612,,356813.8438,
001323.SZ,20260313,0.2073,0.7775,,1148613.217,
000404.SZ,20260313,3.2706,4.7227,,510861.0486,
002052.SZ,20260313,1.9119,2.6576,,890136.158,
002034.SZ,20260313,2.8792,6.2598,,818932.0896,
300814.SZ,20260313,3.4533,9.0966,,1860700.883,
001280.SZ,20260313,11.6958,11.6958,,18613636.362,
000065.SZ,20260313,6.0078,11.392,,1600467.2951,
920249.BJ,20260313,2.1455,2.211,,524086.09,
300824.SZ,20260313,1.9614,4.9424,,353101.6999,
000766.SZ,20260313,1.009,1.2561,,2032538.3688,
000591.SZ,20260313,7.3205,11.1925,,2456701.0006,
002993.SZ,20260313,2.0937,4.3399,,1316434.76,
603259.SH,20260313,0.9183,1.1103,,27113401.2675,
000541.SZ,20260313,0.9893,1.9582,,941432.055,
688152.SH,20260313,1.1765,2.196,,382426.1051,
600222.SH,20260313,3.0763,3.9992,,420084.7592,
601318.SH,20260313,0.4297,0.4723,,110818769.0094,
300531.SZ,20260313,11.7836,17.2463,,583400.4794,
300696.SZ,20260313,2.3012,4.0439,,855420.4044,
600479.SH,20260313,1.6008,2.7048,,539462.1775,
688218.SH,20260313,3.006,3.6928,,259274.1024,
920122.BJ,20260313,1.2421,2.4653,,276265.1135,
603309.SH,20260313,1.5001,3.0171,,453860.055,
002381.SZ,20260313,1.8861,2.5169,,292220.2231,
600983.SH,20260313,0.4483,2.2123,,891368.557,
688759.SH,20260313,4.3912,4.3912,,1765043.7688,
600064.SH,20260313,1.2386,1.8979,,1538271.9435,
002355.SZ,20260313,8.5724,10.0401,,494675.94,
920950.BJ,20260313,0.5861,1.0372,,129043.2,
002609.SZ,20260313,2.1082,3.0093,,576521.2015,
000950.SZ,20260313,1.0173,2.2512,,998890.7543,
688333.SH,20260313,1.7852,2.5155,,2628555.0713,
688082.SH,20260313,0.4965,2.5952,,7369569.1816,
920015.BJ,20260313,4.1094,4.1094,,621030.9015,
002462.SZ,20260313,1.8814,2.6312,,448353.8434,
603659.SH,20260313,3.1654,6.7751,,6924069.4053,
300499.SZ,20260313,12.3442,12.858,,1168186.2544,
688026.SH,20260313,0.8463,1.5201,,249567.8054,
301181.SZ,20260313,3.9055,9.177,,507918.1173,
920679.BJ,20260313,0.7641,1.6098,,108907.5,
300943.SZ,20260313,14.2018,17.2238,,680554.98,
688179.SH,20260313,3.6476,6.7886,,593038.2382,
300858.SZ,20260313,1.5244,1.8607,,443989.2738,
002605.SZ,20260313,1.5828,2.5363,,963521.6575,
300887.SZ,20260313,5.9019,10.0687,,615045.8391,
600076.SH,20260313,1.4525,2.3872,,478657.4387,
300277.SZ,20260313,5.951,6.862,,3125722.4207,
002204.SZ,20260313,2.8536,6.4022,,1404106.0133,
300366.SZ,20260313,1.3293,1.4065,,376089.6369,
601390.SH,20260313,2.3808,5.4053,,14663615.8258,
603225.SH,20260313,2.3374,5.1359,,3002713.8662,
300551.SZ,20260313,4.1485,5.1135,,634897.3204,
000890.SZ,20260313,9.2968,15.597,,465229.9005,
920433.BJ,20260313,0.6315,1.12,,146130.1379,
003015.SZ,20260313,3.0174,3.4809,,480061.8672,
301082.SZ,20260313,4.7071,9.1949,,452392.0388,
603307.SH,20260313,0.7754,3.0559,,271831.461,
920729.BJ,20260313,1.7221,1.7587,,242734.8,
688028.SH,20260313,2.9676,4.8246,,1592813.848,
002319.SZ,20260313,3.1225,4.2196,,275665.8232,
603032.SH,20260313,2.4943,4.9147,,434735.8736,
600549.SH,20260313,6.2118,9.865,,9906535.5542,
600917.SH,20260313,1.4346,3.1853,,894475.7825,
000683.SZ,20260313,1.5963,2.115,,3460370.1824,
600874.SH,20260313,1.437,3.4341,,1033335.0999,
688372.SH,20260313,5.192,7.4867,,2032200.0955,
600800.SH,20260313,8.5847,13.8288,,583883.7836,
600716.SH,20260313,0.7971,1.6648,,432459.9926,
002701.SZ,20260313,0.7355,1.1068,,1377151.1323,
300979.SZ,20260313,0.1611,1.0382,,5501238.0,
600489.SH,20260313,1.3632,2.5168,,14915180.7594,
920014.BJ,20260313,15.0313,23.1431,,189609.0921,
003027.SZ,20260313,9.724,13.8841,,320533.2864,
600377.SH,20260313,0.2339,1.8903,,6231693.6575,
603163.SH,20260313,6.1899,23.0276,,1080000.0,
000739.SZ,20260313,0.3051,0.6241,,2085198.4368,
002314.SZ,20260313,2.8047,4.3927,,712146.8009,
301353.SZ,20260313,2.2111,2.2111,,287572.8783,
600744.SH,20260313,11.7025,26.0863,,1695988.7688,
002276.SZ,20260313,2.4963,3.3603,,1594465.9783,
688352.SH,20260313,2.7208,2.7208,,1611145.5252,
605077.SH,20260313,0.8711,1.3966,,485789.0426,
002517.SZ,20260313,5.5795,6.2128,,4116926.1119,
301220.SZ,20260313,8.1328,9.5128,,490327.6123,
301212.SZ,20260313,2.583,8.9689,,336096.0,
300042.SZ,20260313,9.6634,12.8656,,761520.0,
688450.SH,20260313,3.9318,5.7357,,232716.0,
601136.SH,20260313,0.2253,1.279,,4766934.1472,
002773.SZ,20260313,0.5106,1.1034,,2530868.6606,
600329.SH,20260313,0.3072,0.7223,,3203592.521,
920541.BJ,20260313,1.1497,1.7446,,188919.4,
600336.SH,20260313,6.5702,10.709,,652776.081,
603150.SH,20260313,4.3406,7.1622,,479730.596,
920547.BJ,20260313,1.2082,1.9008,,188781.84,
601199.SH,20260313,1.1911,3.3788,,563931.8061,
600936.SH,20260313,1.0118,1.541,,668410.4956,
301629.SZ,20260313,19.7461,19.7461,,1175791.1268,
003004.SZ,20260313,1.5833,3.1929,,253773.4586,
600161.SH,20260313,0.29,0.5814,,3171703.7994,
002185.SZ,20260313,3.2032,4.1219,,4458523.8625,
002142.SZ,20260313,0.3238,0.6486,,20570185.3171,
603823.SH,20260313,1.5314,4.8137,,702828.6844,
002371.SZ,20260313,0.8901,1.6609,,33188635.8214,
601669.SH,20260313,13.774,22.2617,,12385608.5611,
920212.BJ,20260313,0.8279,1.4512,,138778.8,
301310.SZ,20260313,1.3073,1.5236,,529285.0094,
002225.SZ,20260313,3.551,4.198,,687428.8142,
002644.SZ,20260313,0.9216,2.4529,,452952.759,
301296.SZ,20260313,0.7095,1.6877,,353846.7147,
002998.SZ,20260313,9.7646,14.9144,,318995.6791,
603227.SH,20260313,2.1908,3.7664,,975240.347,
603368.SH,20260313,0.8645,1.1594,,695517.0826,
002292.SZ,20260313,2.3067,2.7673,,1239150.3461,
000736.SZ,20260313,0.8345,1.7444,,401191.8413,
002480.SZ,20260313,4.6381,6.5841,,523034.6956,
603088.SH,20260313,3.6667,6.7743,,639037.4928,
002995.SZ,20260313,6.1867,8.3464,,399627.489,
300776.SZ,20260313,5.6745,7.2804,,2265731.3197,
600293.SH,20260313,3.8574,5.3867,,415331.9265,
301049.SZ,20260313,3.2562,5.4294,,229506.8683,
300228.SZ,20260313,8.5847,8.7362,,642232.4652,
002791.SZ,20260313,2.2834,2.9277,,795179.6242,
688388.SH,20260313,7.7842,9.8369,,1926910.0863,
300554.SZ,20260313,4.7804,5.4916,,292039.0024,
605133.SH,20260313,1.394,3.0499,,809285.313,
300091.SZ,20260313,0.6178,0.9645,,821351.0244,
601033.SH,20260313,3.1546,3.1546,,1463400.0,
301038.SZ,20260313,1.229,3.8719,,493676.04,
301239.SZ,20260313,1.2548,2.3958,,529052.9537,
300606.SZ,20260313,6.8889,10.0126,,469552.5214,
301031.SZ,20260313,3.445,4.4024,,1356358.6116,
300907.SZ,20260313,1.0445,2.7129,,281280.0,
000868.SZ,20260313,1.2953,1.935,,436874.3518,
300702.SZ,20260313,1.4174,2.0676,,786776.3565,
001319.SZ,20260313,2.3295,3.0711,,369761.0,
300452.SZ,20260313,1.846,2.2421,,358245.7028,
000571.SZ,20260313,3.0673,4.3255,,605851.138,
600581.SH,20260313,3.6272,7.2576,,456803.5653,
000721.SZ,20260313,1.9054,2.9477,,479792.3615,
002165.SZ,20260313,26.2772,32.8134,,938204.312,
300842.SZ,20260313,4.9054,5.4811,,1419383.0891,
002263.SZ,20260313,3.2366,4.4893,,683723.0764,
603885.SH,20260313,1.0163,2.4198,,2622990.3269,
603511.SH,20260313,0.2974,2.1223,,597186.8045,
300676.SZ,20260313,0.8199,1.3259,,1849379.7886,
000607.SZ,20260313,1.8651,3.491,,424380.237,
002870.SZ,20260313,1.2996,2.3181,,491585.5172,
600501.SH,20260313,1.7992,3.3405,,1035334.564,
300579.SZ,20260313,1.4627,3.045,,784350.0,
920121.BJ,20260313,1.6645,1.6645,,263612.0502,
688584.SH,20260313,2.3314,5.31,,1404782.5832,
300080.SZ,20260313,7.3954,17.4314,,1139015.3051,
002990.SZ,20260313,1.6325,2.5961,,689194.8272,
688593.SH,20260313,4.6056,6.1381,,1564697.6479,
300326.SZ,20260313,1.0454,1.276,,443830.8502,
002656.SZ,20260313,7.3043,9.1909,,216606.0326,
002589.SZ,20260313,2.3563,2.8789,,475488.5088,
002945.SZ,20260313,0.5228,5.228,,4398300.0,
600328.SH,20260313,5.6896,10.4739,,1486837.8665,
600970.SH,20260313,0.6978,1.6937,,2975765.1597,
002892.SZ,20260313,1.0096,1.2348,,879298.2915,
000400.SZ,20260313,3.9915,6.4568,,3157728.9719,
603359.SH,20260313,2.3473,4.3517,,288624.112,
301028.SZ,20260313,2.0665,4.5417,,576074.532,
002148.SZ,20260313,1.7016,1.8229,,447748.8513,
300220.SZ,20260313,1.3124,2.6136,,227858.4,
300655.SZ,20260313,2.7934,3.2881,,1731781.6339,
300013.SZ,20260313,3.8591,4.2316,,231160.5821,
688059.SH,20260313,4.9547,7.724,,1170945.04,
688062.SH,20260313,2.7461,2.7461,,1323075.6,
688003.SH,20260313,0.9056,2.1456,,1138523.8095,
605199.SH,20260313,0.7529,3.0526,,272874.1689,
302132.SZ,20260313,1.2561,2.7441,,19474201.9483,
002023.SZ,20260313,1.782,2.3311,,831986.0439,
603998.SH,20260313,1.15,1.8433,,522945.8998,
001206.SZ,20260313,3.0247,4.0866,,413052.7671,
000792.SZ,20260313,2.6498,4.4837,,20954627.2624,
601865.SH,20260313,1.2342,2.9289,,3793123.2494,
603558.SH,20260313,2.8517,5.8478,,445086.8257,
301377.SZ,20260313,3.4525,3.9781,,7412800.0,
688316.SH,20260313,12.194,16.2049,,366037.5018,
603126.SH,20260313,1.4082,2.8703,,485958.0,
920090.BJ,20260313,9.3945,9.3945,,152888.8298,
601878.SH,20260313,0.4396,0.8209,,4697289.1483,
688375.SH,20260313,0.6514,2.2921,,6674770.8651,
920158.BJ,20260313,17.9649,17.9649,,282023.24,
688255.SH,20260313,1.5499,2.815,,325401.9729,
300717.SZ,20260313,2.0339,4.315,,230216.0,
603196.SH,20260313,2.4936,5.1088,,1160182.8962,
600490.SH,20260313,2.7636,3.6045,,1918573.0975,
300302.SZ,20260313,4.6371,5.5978,,935522.9337,
002694.SZ,20260313,2.7533,4.5901,,238845.5424,
603130.SH,20260313,0.764,2.9237,,568346.1886,
688057.SH,20260313,0.6928,1.3658,,367080.0,
600310.SH,20260313,5.1021,10.4101,,637584.1641,
603587.SH,20260313,0.3364,1.5079,,604942.3962,
300187.SZ,20260313,2.4713,4.6602,,360902.7902,
300774.SZ,20260313,5.7777,8.4187,,905411.5069,
000933.SZ,20260313,2.7724,4.1204,,8294328.2235,
600396.SH,20260313,10.7436,23.9249,,571410.245,
920008.BJ,20260313,2.7889,3.0813,,191632.5,
300411.SZ,20260313,1.5338,1.6403,,455708.9278,
000419.SZ,20260313,1.0668,1.9163,,338108.4114,
300825.SZ,20260313,1.4833,1.6759,,463177.6473,
600067.SH,20260313,3.0993,4.924,,584500.8704,
002039.SZ,20260313,2.4721,4.1,,813643.1138,
920273.BJ,20260313,0.9819,1.7926,,270101.3795,
301186.SZ,20260313,1.1218,3.3068,,395498.4967,
688721.SH,20260313,1.2317,1.2317,,577387.5,
920579.BJ,20260313,8.2993,8.2993,,259089.48,
300409.SZ,20260313,9.6283,9.9054,,2366303.0828,
000930.SZ,20260313,6.4491,14.58,,1477728.1472,
002346.SZ,20260313,1.2018,2.4826,,909645.357,
600351.SH,20260313,1.594,1.8455,,460872.0306,
300723.SZ,20260313,1.7299,4.726,,1456709.1704,
002178.SZ,20260313,3.478,4.757,,465748.0627,
003035.SZ,20260313,5.5298,21.3134,,3776515.1506,
600803.SH,20260313,0.8485,3.1396,,7015049.0525,
605055.SH,20260313,0.8817,3.3935,,415800.0,
603338.SH,20260313,0.8495,1.9446,,2670985.0617,
605111.SH,20260313,2.5153,3.2546,,1716154.1668,
301029.SZ,20260313,1.6431,2.2297,,1780207.0126,
688611.SH,20260313,0.5271,1.2087,,928007.08,
003022.SZ,20260313,1.3181,5.0895,,2834075.296,
603257.SH,20260313,10.9633,10.9633,,783720.0,
000558.SZ,20260313,2.0774,2.9641,,612381.3758,
300334.SZ,20260313,3.4054,5.686,,246787.3959,
688518.SH,20260313,2.677,3.099,,876181.5189,
301016.SZ,20260313,1.5596,4.8838,,523068.0,
600661.SH,20260313,1.5389,2.4207,,289987.416,
920159.BJ,20260313,51.7276,51.7276,,387600.0,
603466.SH,20260313,6.1585,10.4747,,594786.019,
300294.SZ,20260313,0.8533,1.466,,1051358.6187,
002595.SZ,20260313,0.3745,0.7612,,7256800.0,
688285.SH,20260313,0.3539,1.4153,,344305.2704,
600973.SH,20260313,2.3122,4.1866,,1005211.4598,
600645.SH,20260313,3.8756,5.032,,1384660.7655,
600180.SH,20260313,1.5945,4.3505,,417264.9462,
002098.SZ,20260313,0.8796,2.0782,,339384.0,
002337.SZ,20260313,1.8275,2.9095,,397904.247,
002295.SZ,20260313,1.3,1.8582,,288459.016,
600080.SH,20260313,3.2369,4.3387,,321012.4451,
601908.SH,20260313,3.5939,6.6516,,1006889.393,
300074.SZ,20260313,2.632,3.1031,,255790.734,
600179.SH,20260313,1.0885,1.8201,,1912650.1945,
920123.BJ,20260313,1.5956,2.5348,,152698.26,
300937.SZ,20260313,1.9843,2.3882,,299149.7146,
603960.SH,20260313,5.1006,8.1909,,591780.6603,
603689.SH,20260313,2.2276,6.1063,,452711.1318,
603002.SH,20260313,3.8161,8.1403,,1212329.9261,
600584.SH,20260313,3.0349,3.9174,,8138257.4644,
688606.SH,20260313,0.4345,0.9197,,524680.6984,
688621.SH,20260313,1.6016,2.2117,,691264.0,
600535.SH,20260313,0.3826,0.7686,,2130372.7071,
920305.BJ,20260313,4.4305,7.186,,97958.3325,
301275.SZ,20260313,1.3841,2.0533,,2014848.0,
002779.SZ,20260313,2.3286,4.127,,1687224.0,
002962.SZ,20260313,2.0207,2.3434,,449456.3074,
603065.SH,20260313,3.1072,3.9555,,372043.2039,
300770.SZ,20260313,2.3081,4.2719,,944846.6369,
600925.SH,20260313,2.1645,2.8229,,3389333.3334,
688381.SH,20260313,0.9718,1.228,,564795.0,
002564.SZ,20260313,1.589,2.2358,,605527.6563,
688159.SH,20260313,1.8581,2.6289,,404153.367,
600889.SH,20260313,1.831,3.452,,587985.3461,
000593.SZ,20260313,9.8367,15.3609,,539022.4065,
688183.SH,20260313,1.7102,5.883,,6716124.167,
300533.SZ,20260313,9.5321,11.0751,,746761.3745,
603256.SH,20260313,2.0471,12.6985,,6384571.1288,
600316.SH,20260313,1.1776,2.2712,,2778818.734,
300502.SZ,20260313,4.605,4.7368,,39166948.9207,
601888.SH,20260313,0.9117,1.9522,,15162667.9335,
002402.SZ,20260313,2.463,2.5706,,2938500.4697,
000715.SZ,20260313,1.5634,2.7646,,328584.2502,
603535.SH,20260313,0.6401,1.8762,,463402.8391,
300001.SZ,20260313,4.8314,7.1712,,3256333.8446,
000887.SZ,20260313,1.129,1.8984,,2539508.722,
605577.SH,20260313,0.4654,2.2641,,592888.8896,
603106.SH,20260313,1.4445,3.2555,,512712.2,
688568.SH,20260313,3.1479,7.3358,,5541805.1785,
601101.SH,20260313,3.9379,10.7318,,1301758.1251,
000795.SZ,20260313,1.6794,3.3061,,1118946.2097,
603567.SH,20260313,1.5463,3.7856,,715157.3514,
301188.SZ,20260313,2.3162,3.7419,,476085.1971,
603939.SH,20260313,0.8666,1.7909,,2981271.8272,
300441.SZ,20260313,0.8504,1.627,,501999.9612,
301349.SZ,20260313,5.3228,12.8842,,541620.0,
603331.SH,20260313,4.7709,6.7398,,322470.1394,
301248.SZ,20260313,5.3896,6.1265,,794040.03,
002565.SZ,20260313,5.5152,7.2429,,1398125.3881,
603345.SH,20260313,1.2972,1.7296,,2892614.6408,
600375.SH,20260313,1.4337,1.6477,,900926.1083,
601699.SH,20260313,1.5058,4.0108,,4546941.984,
300667.SZ,20260313,3.0822,3.4808,,353406.4394,
688787.SH,20260313,9.2939,14.6648,,917123.7115,
300755.SZ,20260313,1.6333,5.4483,,594354.5184,
600163.SH,20260313,3.8913,11.4329,,1284522.3965,
301063.SZ,20260313,10.1416,16.7548,,288035.5982,
688757.SH,20260313,2.9412,2.9412,,1088941.0122,
688531.SH,20260313,2.2801,2.2801,,1233343.6577,
300318.SZ,20260313,0.8436,1.8169,,508929.0084,
300610.SZ,20260313,6.1671,6.6994,,276070.2463,
603915.SH,20260313,0.8716,2.4408,,1072937.4723,
300510.SZ,20260313,4.7607,6.9814,,401624.3709,
301226.SZ,20260313,4.6711,9.6822,,380147.2,
600337.SH,20260313,3.8791,7.2217,,366434.5249,
920179.BJ,20260313,2.4576,3.343,,324170.28,
688385.SH,20260313,1.8961,3.0906,,5764345.3235,
002481.SZ,20260313,1.0271,1.6963,,603277.5885,
603049.SH,20260313,2.0719,2.0719,,4500102.8873,
603866.SH,20260313,2.2671,6.0749,,855849.7479,
920837.BJ,20260313,0.9885,2.9491,,219073.2644,
002678.SZ,20260313,1.1178,6.7502,,717193.1305,
603233.SH,20260313,0.3048,0.7715,,2171783.2638,
300827.SZ,20260313,13.9448,17.5231,,2226766.316,
688455.SH,20260313,1.83,2.8305,,386134.4705,
301558.SZ,20260313,2.9275,2.9275,,671312.3908,
300912.SZ,20260313,5.795,7.8801,,305011.71,
301511.SZ,20260313,8.5647,11.0733,,2475904.816,
688355.SH,20260313,1.6184,5.1338,,271091.9295,
600019.SH,20260313,0.7222,1.9697,,15487062.2565,
603507.SH,20260313,19.6571,26.3231,,692420.0104,
600886.SH,20260313,0.769,2.465,,11830642.5192,
688171.SH,20260313,1.4384,2.9487,,469968.774,
002666.SZ,20260313,5.8635,7.6386,,475163.5785,
000409.SZ,20260313,2.1567,3.4286,,740103.5515,
600395.SH,20260313,2.2817,4.9018,,1315881.06,
300906.SZ,20260313,1.1322,2.2768,,265600.0,
601890.SH,20260313,3.8684,6.0163,,1094675.4,
301498.SZ,20260313,0.9959,1.9903,,2329550.5103,
300535.SZ,20260313,2.4235,3.024,,232875.2219,
000533.SZ,20260313,23.2292,38.1046,,1171623.936,
003031.SZ,20260313,4.6341,10.2361,,3779822.9584,
002009.SZ,20260313,8.8635,10.738,,1043795.1722,
600106.SH,20260313,0.8906,1.2215,,793427.962,
000586.SZ,20260313,4.684,7.0159,,306022.08,
688013.SH,20260313,0.7951,1.6443,,330303.292,
601800.SH,20260313,1.1155,5.4656,,13833447.5913,
603568.SH,20260313,0.6389,1.9931,,4930299.1941,
688425.SH,20260313,1.5438,5.571,,2954757.338,
688428.SH,20260313,2.7118,2.7118,,4104561.8324,
300470.SZ,20260313,2.4488,3.1926,,797325.2997,
002654.SZ,20260313,5.9326,7.7953,,1305147.1279,
688573.SH,20260313,3.026,3.026,,212322.5307,
603706.SH,20260313,1.1081,3.5556,,385961.9711,
600513.SH,20260313,4.0059,6.6649,,614016.4368,
300672.SZ,20260313,8.0172,11.2615,,3490790.3257,
603979.SH,20260313,1.6139,2.8009,,3889944.9987,
300603.SZ,20260313,8.5102,9.2292,,489432.5372,
600885.SH,20260313,1.8567,2.5021,,4631949.7788,
600071.SH,20260313,0.739,1.4574,,568216.108,
601599.SH,20260313,3.0035,3.9045,,475822.4057,
603043.SH,20260313,0.6163,1.9196,,947572.1611,
301227.SZ,20260313,2.6569,2.6655,,357114.375,
603188.SH,20260313,2.6683,3.7923,,305611.12,
300032.SZ,20260313,7.5381,9.0263,,472263.7295,
688755.SH,20260313,2.155,2.155,,353232.0,
603978.SH,20260313,14.2168,22.4363,,569321.3244,
002272.SZ,20260313,13.8222,14.9699,,906720.551,
601668.SH,20260313,0.936,2.213,,21280001.0787,
002297.SZ,20260313,5.1758,6.6852,,675690.5816,
601163.SH,20260313,0.5664,1.6078,,1199200.0,
688031.SH,20260313,4.228,6.2467,,2659175.628,
000417.SZ,20260313,1.6677,2.6918,,570875.2344,
688143.SH,20260313,7.6151,9.8589,,789426.3163,
003032.SZ,20260313,1.293,1.8295,,270444.72,
600020.SH,20260313,0.6142,1.9294,,941648.7976,
300782.SZ,20260313,2.0087,2.709,,4257612.9129,
000636.SZ,20260313,5.3746,8.3406,,2510718.6679,
000826.SZ,20260313,3.9666,5.0204,,336383.3665,
920392.BJ,20260313,1.4523,2.7006,,174661.86,
688290.SH,20260313,0.6364,1.3981,,515955.866,
688288.SH,20260313,1.3464,2.8229,,270295.5104,
605599.SH,20260313,0.5532,1.4848,,1869777.8312,
603082.SH,20260313,4.1204,4.1204,,608191.0587,
688758.SH,20260313,0.6698,1.131,,792114.6878,
689009.SH,20260313,3.2317,3.3222,,3569925.827,
002469.SZ,20260313,12.3893,16.0418,,655351.2563,
600999.SH,20260313,0.549,1.3509,,13897049.836,
002936.SZ,20260313,2.2961,3.3258,,1754773.6321,
300430.SZ,20260313,7.1553,9.9082,,570667.8036,
301062.SZ,20260313,1.9493,2.1855,,377810.2614,
300463.SZ,20260313,1.0113,1.0928,,692947.9511,
601177.SH,20260313,0.8904,1.6191,,647864.3,
600671.SH,20260313,1.9993,3.5249,,259754.3617,
603985.SH,20260313,5.3366,9.4311,,794866.9794,
000403.SZ,20260313,1.016,1.6353,,1355266.6724,
300620.SZ,20260313,5.568,10.9303,,4111478.9925,
601880.SH,20260313,1.2067,3.7217,,4195774.5639,
920670.BJ,20260313,4.4217,5.3687,,197605.4464,
300836.SZ,20260313,2.5803,2.9785,,512551.4233,
300348.SZ,20260313,4.6425,4.7684,,1095712.6082,
002210.SZ,20260313,2.3162,3.3068,,779741.2028,
300381.SZ,20260313,3.846,5.4255,,353073.1905,
002748.SZ,20260313,3.7583,8.0903,,304560.0,
300918.SZ,20260313,1.1382,2.1893,,776410.211,
002395.SZ,20260313,1.6058,4.5265,,503964.711,
300843.SZ,20260313,4.1535,9.6886,,952434.8929,
300684.SZ,20260313,3.8136,4.4129,,1610760.6013,
603667.SH,20260313,5.6984,8.9527,,2643617.7966,
688779.SH,20260313,2.1532,3.8216,,2295771.0194,
300267.SZ,20260313,7.0065,9.2616,,849793.2064,
300553.SZ,20260313,1.9052,2.2314,,426212.8476,
601933.SH,20260313,1.243,2.68,,3639089.8342,
920942.BJ,20260313,2.1405,2.7257,,176928.6835,
601658.SH,20260313,0.2468,1.6055,,61008287.1739,
002819.SZ,20260313,2.4654,4.9264,,809846.1003,
688718.SH,20260313,1.2992,3.5519,,281655.8646,
603306.SH,20260313,3.3401,4.5814,,2905151.3577,
002424.SZ,20260313,2.7078,3.3165,,723955.9712,
603328.SH,20260313,3.2146,7.8367,,1264028.3455,
920089.BJ,20260313,2.5786,2.9496,,301788.004,
000790.SZ,20260313,2.2407,2.7292,,260090.9748,
603229.SH,20260313,0.5415,1.1627,,785461.0992,
600818.SH,20260313,1.4964,1.6539,,298303.6605,
002317.SZ,20260313,1.7557,2.0705,,1540074.0243,
920895.BJ,20260313,1.7629,2.5599,,105812.928,
601137.SH,20260313,1.6197,2.7338,,1849364.0414,
603898.SH,20260313,1.4316,4.3472,,445534.7837,
600666.SH,20260313,10.9222,12.8924,,1144602.1159,
603909.SH,20260313,0.6806,1.1898,,304726.9007,
601066.SH,20260313,0.1464,0.9125,,17793857.8643,
603061.SH,20260313,2.7138,4.9462,,1410060.0,
605086.SH,20260313,0.8432,3.111,,640819.2,
688223.SH,20260313,2.9155,8.0137,,7894105.9631,
601399.SH,20260313,1.7796,5.4819,,3570710.1656,
002820.SZ,20260313,1.7983,2.7242,,233007.2222,
920167.BJ,20260313,3.6595,6.6778,,217082.2845,
002198.SZ,20260313,2.6549,3.4169,,399410.2504,
601866.SH,20260313,1.853,4.9802,,3774529.5645,
688599.SH,20260313,2.7246,4.3311,,4464934.0095,
600714.SH,20260313,20.7397,32.02,,716118.0384,
603665.SH,20260313,1.1964,2.0656,,517005.3819,
603121.SH,20260313,4.2868,8.9044,,666234.3511,
002937.SZ,20260313,2.9373,6.2999,,803406.9299,
300358.SZ,20260313,1.5595,2.3081,,730109.5242,
600369.SH,20260313,0.557,1.0591,,2897267.5781,
301015.SZ,20260313,0.7262,2.9165,,1174244.188,
300450.SZ,20260313,3.1889,4.6926,,8689209.2425,
600359.SH,20260313,3.858,6.4642,,293383.3586,
601949.SH,20260313,0.6336,2.7633,,1252810.9795,
603899.SH,20260313,0.2607,0.7163,,2395443.9506,
000862.SZ,20260313,12.4224,16.3353,,694891.7049,
300048.SZ,20260313,3.6872,4.5261,,898124.6962,
002976.SZ,20260313,3.2522,5.1406,,405239.7597,
688580.SH,20260313,4.4507,11.8045,,597708.6084,
300849.SZ,20260313,1.982,3.2011,,311550.0,
002633.SZ,20260313,3.3919,7.037,,287400.0,
301607.SZ,20260313,3.7872,4.7031,,745085.3928,
300543.SZ,20260313,1.3037,1.4458,,327817.3274,
920992.BJ,20260313,2.1342,3.3458,,151287.1808,
002309.SZ,20260313,5.9051,6.3013,,1043659.8886,
688309.SH,20260313,5.1813,10.1965,,433213.3237,
002800.SZ,20260313,6.3879,12.5971,,362819.0587,
000755.SZ,20260313,0.4057,1.789,,818759.0894,
002996.SZ,20260313,4.4726,6.2817,,536218.9056,
688486.SH,20260313,0.6273,1.3376,,896362.0061,
600012.SH,20260313,0.6527,3.1031,,2585099.5281,
002405.SZ,20260313,5.6068,6.2071,,2584007.2073,
600105.SH,20260313,7.0354,9.3647,,4036567.6483,
601999.SH,20260313,0.588,1.8105,,393904.0105,
603969.SH,20260313,1.2055,2.0156,,848770.56,
002216.SZ,20260313,1.8238,3.7189,,1070846.1705,
600547.SH,20260313,1.2297,2.7171,,21440782.2208,
001382.SZ,20260313,15.0137,15.0137,,919996.0,
002522.SZ,20260313,2.9937,3.9927,,558865.8818,
300861.SZ,20260313,3.1814,5.1261,,1183782.8553,
600561.SH,20260313,2.7995,4.6468,,200840.6208,
300368.SZ,20260313,2.3633,3.3757,,627855.9048,
000553.SZ,20260313,2.4648,15.3784,,1563303.695,
601600.SH,20260313,3.0033,5.1078,,24154199.6284,
300631.SZ,20260313,2.3385,3.1842,,354998.2807,
603199.SH,20260313,2.6984,4.8728,,471164.76,
301522.SZ,20260313,2.6253,3.9953,,1275130.8011,
688189.SH,20260313,1.3343,2.395,,217873.6,
002429.SZ,20260313,8.6766,18.8401,,5405167.0848,
000869.SZ,20260313,0.2873,1.1925,,1308565.0948,
001367.SZ,20260313,3.7524,3.7524,,348884.248,
603166.SH,20260313,0.7016,1.7183,,931673.8894,
600156.SH,20260313,3.7051,6.2076,,335762.4362,
002273.SZ,20260313,9.593,10.5516,,3840926.1944,
600487.SH,20260313,5.3486,7.4473,,12254737.776,
002881.SZ,20260313,3.8496,5.3842,,1352386.0026,
301092.SZ,20260313,10.9169,18.0784,,530741.6954,
920720.BJ,20260313,1.6665,1.7244,,346194.0367,
600673.SH,20260313,2.889,5.9113,,10479270.7154,
688733.SH,20260313,3.3638,4.6186,,637282.8561,
300143.SZ,20260313,9.5347,16.6912,,1002766.2462,
002298.SZ,20260313,22.8464,23.4821,,884432.5267,
300292.SZ,20260313,7.4648,7.9838,,662831.8972,
688258.SH,20260313,3.6052,5.7948,,1432022.3836,
688073.SH,20260313,3.0975,4.79,,525212.5565,
300855.SZ,20260313,3.0869,4.3732,,1591223.2245,
301215.SZ,20260313,0.6709,2.3008,,873774.0,
002839.SZ,20260313,1.3605,1.7195,,1126843.033,
601916.SH,20260313,1.0125,1.5231,,8514037.1485,
301632.SZ,20260313,2.1872,2.1872,,971477.76,
000949.SZ,20260313,8.191,13.3142,,1244331.8414,
002380.SZ,20260313,9.5106,12.1325,,903808.5501,
603013.SH,20260313,0.5648,2.7864,,1159248.8255,
603268.SH,20260313,2.3435,2.7914,,11957076.3581,
603739.SH,20260313,2.9285,7.0523,,405858.3011,
301178.SZ,20260313,3.1977,3.8048,,341016.1328,
002446.SZ,20260313,3.826,3.9297,,963017.3416,
600515.SH,20260313,1.0337,1.7239,,4444445.4352,
300148.SZ,20260313,3.1778,3.6174,,385150.1598,
603878.SH,20260313,3.3019,5.4374,,501656.9277,
002443.SZ,20260313,2.8788,3.6572,,498152.4926,
301141.SZ,20260313,6.3641,6.3641,,673000.9147,
300886.SZ,20260313,4.1779,5.3248,,224468.798,
600050.SH,20260313,1.0294,2.4358,,15851063.6408,
300149.SZ,20260313,1.5397,1.7505,,504935.4879,
002197.SZ,20260313,4.0262,4.6832,,511764.319,
688270.SH,20260313,5.8565,8.2183,,3179094.3632,
920943.BJ,20260313,1.834,2.9009,,231468.7418,
688331.SH,20260313,3.6544,3.6544,,6322147.8096,
920019.BJ,20260313,1.5446,4.6013,,423897.6672,
300569.SZ,20260313,20.0296,25.9071,,796696.7105,
603385.SH,20260313,1.1016,2.7464,,274078.777,
002812.SZ,20260313,6.2994,9.1743,,7169224.78,
000017.SZ,20260313,1.5148,2.7884,,492078.0422,
600965.SH,20260313,2.3906,6.2176,,487945.7692,
301577.SZ,20260313,12.5308,12.5308,,317998.329,
301565.SZ,20260313,2.4497,3.2325,,935223.38,
688559.SH,20260313,3.8609,5.2828,,1428083.1296,
600780.SH,20260313,2.9355,7.1292,,778475.2131,
603344.SH,20260313,3.0044,3.0044,,557720.3197,
601166.SH,20260313,0.3159,0.4419,,39849657.8386,
600629.SH,20260313,3.4223,6.9834,,2109516.2447,
600343.SH,20260313,5.5906,9.945,,2062682.9167,
920436.BJ,20260313,0.3722,0.9954,,151539.504,
001296.SZ,20260313,2.3758,3.1542,,386543.3662,
301052.SZ,20260313,5.8499,6.3231,,342003.4756,
002294.SZ,20260313,0.5752,1.3807,,5840523.8269,
000014.SZ,20260313,3.7946,5.7509,,347336.3314,
002055.SZ,20260313,3.533,3.7707,,371761.3605,
603586.SH,20260313,0.6118,1.5171,,352306.8457,
002054.SZ,20260313,6.7622,7.5548,,450295.8322,
600136.SH,20260313,0.6392,1.0303,,369389.4935,
002987.SZ,20260313,1.5008,3.5652,,1532802.0886,
603602.SH,20260313,1.6448,2.3743,,317472.9968,
001359.SZ,20260313,3.409,3.409,,1381998.5793,
688148.SH,20260313,4.3115,5.4091,,429565.7106,
001207.SZ,20260313,7.9767,16.1719,,669934.4142,
002106.SZ,20260313,4.8215,6.722,,892151.6262,
300895.SZ,20260313,6.0407,12.3125,,813546.1961,
600998.SH,20260313,0.5939,1.2834,,2677551.6943,
600158.SH,20260313,4.3336,6.0054,,1042031.1908,
300155.SZ,20260313,2.3479,3.3078,,289593.5159,
603989.SH,20260313,1.1312,3.3102,,726975.6848,
603194.SH,20260313,1.9929,1.9929,,1405906.0,
600884.SH,20260313,7.9051,8.6194,,3272895.7157,
688325.SH,20260313,4.9185,9.6059,,1052532.6243,
002237.SZ,20260313,2.5457,3.7195,,2400920.315,
300113.SZ,20260313,15.8043,17.6818,,1840159.8927,
601808.SH,20260313,1.1792,6.3516,,8440946.248,
603488.SH,20260313,2.8493,4.5262,,304838.0194,
603006.SH,20260313,0.8796,3.1199,,347311.3055,
600797.SH,20260313,4.458,4.7578,,1000810.6844,
300041.SZ,20260313,3.1944,3.8788,,678034.8249,
300678.SZ,20260313,2.745,4.0988,,927096.3245,
688180.SH,20260313,2.9301,4.5325,,3182738.6001,
920242.BJ,20260313,0.4242,0.5688,,172171.386,
688251.SH,20260313,3.542,8.22,,337219.4627,
603127.SH,20260313,1.4772,2.308,,2428637.581,
000929.SZ,20260313,1.6331,2.2219,,194311.236,
920130.BJ,20260313,2.7795,5.1815,,212436.1725,
002191.SZ,20260313,0.9324,1.3563,,572000.8606,
600582.SH,20260313,1.4617,3.7337,,2594895.2353,
300845.SZ,20260313,5.67,6.2919,,262192.4025,
603565.SH,20260313,0.7798,1.903,,2307969.3502,
002076.SZ,20260313,2.5625,2.8998,,239570.8901,
688409.SH,20260313,1.3892,2.3261,,2789273.913,
688503.SH,20260313,4.1728,4.5444,,2134252.664,
002270.SZ,20260313,2.7639,4.8945,,2845515.7434,
920124.BJ,20260313,1.4934,1.7057,,262365.5677,
301112.SZ,20260313,0.5366,1.6318,,392659.3626,
301109.SZ,20260313,9.9419,10.2615,,1419592.4148,
002908.SZ,20260313,1.7783,2.2564,,411154.7799,
300195.SZ,20260313,5.5374,5.9447,,375405.0718,
603165.SH,20260313,4.2683,8.0163,,441060.4721,
300085.SZ,20260313,3.7372,5.5334,,2783457.0674,
688112.SH,20260313,0.6243,2.0135,,681957.4811,
300030.SZ,20260313,2.0934,2.6995,,259717.3446,
920187.BJ,20260313,7.6346,7.6346,,238617.6,
300387.SZ,20260313,20.4155,33.5649,,300041.1847,
603687.SH,20260313,2.3351,4.6291,,545081.5772,
002722.SZ,20260313,1.4729,2.4491,,344898.9875,
301297.SZ,20260313,1.0832,2.4125,,2596697.4674,
002111.SZ,20260313,1.5711,2.2992,,559674.9313,
600229.SH,20260313,0.4738,1.2449,,412281.6572,
920351.BJ,20260313,6.7792,7.645,,186987.2724,
688099.SH,20260313,3.6192,4.4605,,3835976.4032,
300352.SZ,20260313,9.9455,10.3932,,1029375.1018,
600248.SH,20260313,1.1593,3.6263,,1398660.997,
605066.SH,20260313,3.9697,6.7749,,440646.8591,
301502.SZ,20260313,3.657,4.928,,258131.587,
003018.SZ,20260313,14.1355,18.3583,,729040.0,
301601.SZ,20260313,1.1432,1.4145,,381403.2,
603556.SH,20260313,0.8412,2.5776,,1928037.4341,
002727.SZ,20260313,1.672,2.1046,,772997.445,
002959.SZ,20260313,2.8037,3.4906,,701095.0155,
688435.SH,20260313,3.9876,4.5125,,412323.0,
001270.SZ,20260313,3.1768,6.0194,,2306631.8571,
002159.SZ,20260313,6.727,9.8023,,360098.9911,
688127.SH,20260313,5.1735,10.4259,,2375719.2381,
603192.SH,20260313,1.0726,3.568,,434303.0432,
603893.SH,20260313,0.8377,1.7548,,7038847.0785,
688257.SH,20260313,5.0288,6.8287,,1918052.2219,
300340.SZ,20260313,8.1526,11.5878,,340536.1877,
000880.SZ,20260313,8.6559,8.6559,,1357685.5547,
605286.SH,20260313,4.5758,16.639,,819840.0,
603291.SH,20260313,6.0187,9.3753,,486280.474,
000779.SZ,20260313,2.3034,4.2187,,439728.6616,
301024.SZ,20260313,1.8255,6.4585,,248617.35,
300063.SZ,20260313,7.1576,7.9444,,888235.2927,
002864.SZ,20260313,3.4723,3.9811,,355084.6874,
300055.SZ,20260313,5.6924,6.3766,,898669.0768,
002549.SZ,20260313,8.2633,14.9796,,1389305.1062,
002373.SZ,20260313,1.5597,2.1458,,1671839.1315,
603860.SH,20260313,1.208,2.247,,218843.76,
002003.SZ,20260313,0.8324,1.2292,,1196022.9909,
603230.SH,20260313,0.7628,2.6963,,417510.663,
301289.SZ,20260313,0.6289,2.5651,,448578.0,
000920.SZ,20260313,2.7925,5.9796,,660251.7018,
300019.SZ,20260313,3.6614,6.1546,,879402.0579,
300024.SZ,20260313,1.2053,1.6202,,2580141.6776,
920061.BJ,20260313,1.3739,2.668,,190000.36,
300772.SZ,20260313,4.8851,8.1745,,1650019.6374,
600392.SH,20260313,3.5253,4.7794,,4434651.2221,
600475.SH,20260313,2.0386,6.4804,,2069665.8033,
688543.SH,20260313,4.4152,4.4152,,1413442.8455,
000898.SZ,20260313,1.4766,5.7164,,2510951.2971,
600546.SH,20260313,2.3641,5.6166,,2456263.1575,
301231.SZ,20260313,6.3536,7.7129,,294724.8,
301551.SZ,20260313,2.0471,2.466,,1264431.61,
600961.SH,20260313,2.7057,4.358,,2167202.8601,
603596.SH,20260313,1.686,2.703,,2940371.1795,
301137.SZ,20260313,7.3372,21.1231,,1059063.055,
605122.SH,20260313,1.4405,4.3394,,238537.936,
301012.SZ,20260313,9.5748,15.0095,,617864.0282,
600828.SH,20260313,1.8622,12.4441,,1051313.4054,
600165.SH,20260313,0.7928,2.226,,593029.3454,
000682.SZ,20260313,3.212,5.4857,,1899810.1689,
920110.BJ,20260313,1.2935,1.9517,,142701.0,
688565.SH,20260313,1.5157,2.3285,,220252.83,
002721.SZ,20260313,1.9318,2.7634,,832385.5065,
603583.SH,20260313,0.6569,1.3753,,1309306.6213,
600108.SH,20260313,18.5444,25.7861,,1218768.8657,
600583.SH,20260313,3.0997,6.9481,,3165690.0368,
603308.SH,20260313,3.4755,5.3032,,4197803.2783,
688135.SH,20260313,3.8258,5.3925,,591031.6419,
300626.SZ,20260313,2.4875,4.2921,,350280.0,
300093.SZ,20260313,1.9917,2.465,,966060.0,
600026.SH,20260313,2.47,6.8188,,12083603.275,
002145.SZ,20260313,2.8574,4.3773,,2078443.0119,
300310.SZ,20260313,5.1962,5.2103,,588066.2402,
600338.SH,20260313,5.8504,6.3312,,1682146.7091,
300255.SZ,20260313,1.5155,2.1832,,3842593.5309,
002116.SZ,20260313,2.348,4.4345,,525881.4813,
000959.SZ,20260313,0.422,2.4311,,4141152.5756,
000027.SZ,20260313,1.1527,4.6149,,3453865.079,
688685.SH,20260313,1.8686,2.9392,,692258.7582,
688191.SH,20260313,1.7363,3.3405,,1180258.6352,
603976.SH,20260313,0.6559,2.2788,,304524.3525,
688063.SH,20260313,9.5578,14.0023,,1926070.1047,
002217.SZ,20260313,2.5904,3.6573,,1929684.9234,
920689.BJ,20260313,6.1555,7.7375,,243100.8,
000532.SZ,20260313,1.34,2.533,,501550.6347,
002326.SZ,20260313,4.9855,6.2634,,2230482.7304,
002808.SZ,20260313,3.9494,4.4516,,109401.6,
603903.SH,20260313,1.2595,2.2865,,304596.1396,
300086.SZ,20260313,3.3084,4.6714,,392317.2423,
600298.SH,20260313,0.5385,0.8767,,3653321.3844,
600509.SH,20260313,10.1865,15.5365,,1360653.4329,
920020.BJ,20260313,1.5768,1.5768,,380381.995,
002224.SZ,20260313,2.4552,3.0323,,433015.8355,
002613.SZ,20260313,1.9107,2.5146,,450132.595,
300711.SZ,20260313,1.9559,5.8438,,644604.3577,
003007.SZ,20260313,5.1291,9.902,,435280.5,
603337.SH,20260313,0.5625,1.6358,,2143852.6095,
300243.SZ,20260313,30.349,33.2297,,380648.9336,
688106.SH,20260313,9.5952,17.6717,,1282060.8336,
920300.BJ,20260313,1.8931,2.3511,,116666.2442,
001379.SZ,20260313,3.6347,3.7209,,459400.0,
000426.SZ,20260313,2.9732,4.0916,,8327731.6159,
688235.SH,20260313,2.6942,2.6942,,35255988.861,
002085.SZ,20260313,2.0368,3.3695,,3327207.2138,
002226.SZ,20260313,1.97,4.8164,,1668821.3987,
301005.SZ,20260313,7.418,13.6186,,1966923.8112,
002566.SZ,20260313,1.5075,1.7519,,277999.344,
301111.SZ,20260313,2.8184,5.9343,,318240.0,
000906.SZ,20260313,1.3095,2.4504,,432184.876,
600979.SH,20260313,10.4128,16.1029,,685079.7477,
002787.SZ,20260313,2.8164,3.5313,,427685.3403,
000768.SZ,20260313,0.9958,2.201,,7475728.7028,
688586.SH,20260313,0.7997,2.1116,,1089674.0178,
600436.SH,20260313,0.2006,0.4099,,9437087.7988,
601788.SH,20260313,0.3482,0.7594,,7437200.4617,
688795.SH,20260313,3.9275,3.9275,,25826640.4395,
300509.SZ,20260313,1.7857,3.3989,,390358.8,
600707.SH,20260313,1.0264,2.841,,2314511.3771,
920087.BJ,20260313,6.4731,14.3206,,297855.6,
600153.SH,20260313,0.7479,1.4055,,2740063.9307,
603839.SH,20260313,0.7192,2.677,,299945.5995,
002698.SZ,20260313,0.7446,1.1228,,1545090.4401,
300671.SZ,20260313,3.2046,4.659,,888866.6369,
000678.SZ,20260313,1.4421,2.6234,,567620.5693,
002321.SZ,20260313,2.4337,4.0681,,509760.727,
002872.SZ,20260313,1.1527,1.1615,,167904.0,
688696.SH,20260313,0.8753,1.139,,639282.6,
301190.SZ,20260313,1.4015,2.9064,,524356.9695,
002156.SZ,20260313,3.2009,4.2952,,6959699.4384,
920190.BJ,20260313,1.5016,2.8468,,247000.0025,
000062.SZ,20260313,4.7034,15.5018,,2741328.333,
300556.SZ,20260313,2.8285,2.9041,,233040.705,
600189.SH,20260313,1.2137,2.1289,,584316.6124,
688136.SH,20260313,0.6515,1.2901,,593507.6303,
601121.SH,20260313,3.448,7.7297,,776299.3151,
600995.SH,20260313,1.8375,8.4051,,4976181.0384,
300233.SZ,20260313,2.2577,2.9479,,584257.1214,
688579.SH,20260313,2.2128,2.9343,,479611.99,
300806.SZ,20260313,6.6182,7.3507,,2376654.5372,
605399.SH,20260313,2.7662,7.5526,,500777.3461,
600388.SH,20260313,0.9821,1.4682,,2439758.9289,
300364.SZ,20260313,8.1119,9.3141,,1964764.8182,
301626.SZ,20260313,4.2868,4.2868,,2827913.28,
000592.SZ,20260313,9.9972,12.0859,,2130754.3239,
600061.SH,20260313,0.4436,1.2294,,4667608.128,
688252.SH,20260313,1.8005,2.1555,,840129.8344,
002467.SZ,20260313,13.0537,14.9794,,940754.3611,
300164.SZ,20260313,26.8621,30.1897,,1167501.9199,
601236.SH,20260313,0.2899,1.2505,,3740412.6794,
300487.SZ,20260313,2.0662,2.5292,,3942732.2092,
605011.SH,20260313,1.9212,9.6126,,847011.7,
301291.SZ,20260313,15.0209,15.0209,,2014938.8,
600345.SH,20260313,6.7131,10.3416,,1388655.9121,
000931.SZ,20260313,1.1345,1.6548,,390872.9037,
605580.SH,20260313,2.4705,9.4592,,642040.0,
688084.SH,20260313,1.4566,2.9908,,578489.2186,
603235.SH,20260313,0.3708,3.969,,1237604.06,
603987.SH,20260313,0.9526,1.6153,,402284.4005,
688708.SH,20260313,1.3098,1.7106,,2280457.01,
603379.SH,20260313,1.1417,2.7841,,4187275.7148,
000762.SZ,20260313,6.0828,7.6879,,1539541.6734,
002724.SZ,20260313,1.6265,4.0086,,575537.5035,
300163.SZ,20260313,3.7267,3.963,,230364.0,
300205.SZ,20260313,2.3354,3.8417,,235240.632,
002828.SZ,20260313,16.378,19.1984,,278970.7888,
002362.SZ,20260313,1.837,2.3191,,497220.75,
001216.SZ,20260313,3.2487,10.5587,,516578.6017,
600703.SH,20260313,6.8266,11.5485,,9050079.9708,
002441.SZ,20260313,3.5618,5.2388,,590285.2722,
002607.SZ,20260313,4.5279,4.885,,1800880.6216,
600598.SH,20260313,1.9643,5.4781,,3107384.4809,
600281.SH,20260313,5.9923,10.6017,,308126.813,
603983.SH,20260313,0.5276,2.7474,,1100344.0,
688517.SH,20260313,5.3594,8.9734,,266122.4824,
300494.SZ,20260313,2.985,3.2277,,600384.333,
300010.SZ,20260313,2.348,2.384,,1386697.0942,
688286.SH,20260313,2.4696,3.0552,,396342.588,
603179.SH,20260313,1.3163,2.0372,,3865345.1233,
002414.SZ,20260313,1.056,2.2184,,6030279.3845,
002021.SZ,20260313,5.1919,6.4643,,411244.1991,
002755.SZ,20260313,0.5342,1.7648,,1360683.0746,
300278.SZ,20260313,1.3752,1.9608,,740876.5302,
688069.SH,20260313,0.9801,1.8677,,292331.0,
688695.SH,20260313,1.4708,1.8346,,229128.4123,
688601.SH,20260313,3.179,5.0675,,727288.288,
603315.SH,20260313,6.5108,14.7356,,523158.1091,
688299.SH,20260313,1.7544,2.1737,,522192.8884,
300975.SZ,20260313,7.2791,9.3856,,1128063.2018,
300941.SZ,20260313,3.3357,3.988,,442874.25,
920896.BJ,20260313,0.9866,1.703,,189289.3288,
600426.SH,20260313,2.0302,2.9914,,8792115.9673,
002942.SZ,20260313,2.041,6.124,,338055.8502,
002040.SZ,20260313,4.378,13.4286,,523567.1149,
688185.SH,20260313,1.2266,2.6931,,1729059.5632,
300006.SZ,20260313,1.7685,2.8072,,525843.7801,
300694.SZ,20260313,2.2279,3.3637,,280889.0665,
002822.SZ,20260313,0.8106,0.8106,,659418.4636,
688165.SH,20260313,1.1295,2.3354,,989294.88,
600791.SH,20260313,5.2642,9.6271,,382230.72,
301446.SZ,20260313,4.1371,4.1371,,431080.0,
920045.BJ,20260313,4.7093,6.5137,,2613947.4432,
000544.SZ,20260313,0.7653,3.0897,,893785.6755,
000681.SZ,20260313,4.2419,5.8523,,1548976.711,
600210.SH,20260313,1.5095,2.0598,,1129968.4377,
920363.BJ,20260313,1.5812,2.2511,,169137.4,
600137.SH,20260313,2.6968,6.1011,,222239.4062,
300250.SZ,20260313,3.8403,4.3567,,478585.0835,
688583.SH,20260313,3.6497,3.6497,,1175720.0,
600523.SH,20260313,1.1561,2.1537,,591103.1498,
603895.SH,20260313,1.3518,2.5802,,310838.08,
002602.SZ,20260313,1.6294,1.9994,,12382746.301,
002631.SZ,20260313,6.5523,13.8609,,633839.8904,
301091.SZ,20260313,1.1542,3.0859,,1296054.24,
600058.SH,20260313,1.4492,3.871,,1339888.3888,
002015.SZ,20260313,22.3622,43.0256,,3616767.24,
688200.SH,20260313,1.5999,2.5154,,3403781.4127,
301261.SZ,20260313,3.812,4.6346,,706725.066,
002643.SZ,20260313,1.4833,2.6936,,1534881.1912,
001211.SZ,20260313,1.4989,2.6231,,206784.0,
002466.SZ,20260313,3.0827,4.5917,,9239316.5829,
603005.SH,20260313,4.5379,5.3875,,1974775.9258,
002956.SZ,20260313,0.6158,1.3212,,563251.8909,
600975.SH,20260313,1.4384,2.3973,,721054.824,
000710.SZ,20260313,1.7286,2.2591,,401246.8628,
300147.SZ,20260313,0.9116,1.1797,,628215.0928,
603380.SH,20260313,0.5217,1.1716,,582401.556,
002753.SZ,20260313,5.893,7.3231,,351085.8045,
002655.SZ,20260313,4.5114,5.1825,,606893.0098,
600585.SH,20260313,0.7745,1.4958,,13428432.7352,
300451.SZ,20260313,1.3716,1.5955,,771464.0966,
301358.SZ,20260313,5.2911,9.3399,,6043056.0129,
605369.SH,20260313,0.5548,1.7298,,400194.7024,
002364.SZ,20260313,6.4397,10.8839,,1851874.4586,
300747.SZ,20260313,4.8698,8.3039,,1768478.4,
601065.SH,20260313,5.2969,6.8115,,579784.0233,
002501.SZ,20260313,2.0421,2.6369,,688700.0,
300540.SZ,20260313,4.4479,6.8051,,517655.7931,
603856.SH,20260313,3.0704,7.7826,,394596.4279,
301090.SZ,20260313,2.313,12.9491,,1256009.5964,
002152.SZ,20260313,1.3428,2.6876,,3208530.7042,
002369.SZ,20260313,1.4597,1.4597,,442225.8984,
600600.SH,20260313,0.8989,2.0968,,8651725.4574,
000568.SZ,20260313,0.891,1.8161,,15876366.0129,
605388.SH,20260313,0.5009,1.5296,,396919.924,
605255.SH,20260313,1.264,5.0561,,1535081.92,
603618.SH,20260313,11.7703,25.0797,,1312230.9192,
600790.SH,20260313,0.6752,1.1071,,571658.4619,
603817.SH,20260313,3.3317,6.4542,,438964.71,
002620.SZ,20260313,6.5157,9.2344,,268775.728,
603228.SH,20260313,2.7472,6.4469,,6119624.8315,
600100.SH,20260313,1.803,2.6383,,2998516.4531,
600162.SH,20260313,1.1636,3.6217,,617734.8051,
920195.BJ,20260313,1.0764,1.9465,,205176.79,
002889.SZ,20260313,0.5946,1.3395,,533644.1379,
000012.SZ,20260313,2.0998,3.4591,,1495427.0561,
301121.SZ,20260313,3.7747,4.6478,,393821.8371,
301056.SZ,20260313,1.3953,3.0544,,409517.5338,
600278.SH,20260313,0.8304,2.1852,,688813.29,
601098.SH,20260313,0.8119,2.2996,,1998948.0,
000897.SZ,20260313,2.4023,3.0377,,362268.9804,
600567.SH,20260313,2.2254,2.972,,1084881.9686,
920475.BJ,20260313,0.9869,1.9503,,146537.0,
301280.SZ,20260313,2.1221,2.2582,,768704.3868,
920023.BJ,20260313,2.1966,2.4533,,138122.288,
301139.SZ,20260313,3.7326,4.189,,225289.2224,
688785.SH,20260313,5.729,5.729,,2166454.016,
301218.SZ,20260313,9.8575,12.0844,,433808.16,
920866.BJ,20260313,6.7011,9.7736,,156598.9271,
002484.SZ,20260313,2.1924,3.425,,2600902.2116,
688051.SH,20260313,0.6634,1.5657,,271829.01,
601138.SH,20260313,0.4743,2.9149,,104235669.6545,
300813.SZ,20260313,2.2224,3.4763,,312330.3874,
600238.SH,20260313,0.7712,0.9479,,242924.4,
601975.SH,20260313,6.4744,9.3516,,2045310.6243,
300618.SZ,20260313,5.7352,7.2417,,1486546.0368,
002671.SZ,20260313,2.1616,3.6485,,328924.1861,
300053.SZ,20260313,3.1428,3.7882,,1220923.8139,
001258.SZ,20260313,7.266,18.6447,,875466.6673,
603628.SH,20260313,7.7351,14.0815,,411840.3132,
600459.SH,20260313,2.9921,4.8732,,1629786.2853,
600962.SH,20260313,1.785,3.2199,,535695.03,
601985.SH,20260313,1.9427,4.7803,,19004833.9164,
600642.SH,20260313,1.137,3.273,,4497658.9465,
600295.SH,20260313,1.1469,4.9713,,4452853.0201,
600444.SH,20260313,1.993,3.6019,,276298.1857,
605100.SH,20260313,2.3232,5.1384,,715358.7,
301399.SZ,20260313,16.3179,19.2913,,411854.52,
600606.SH,20260313,0.8597,3.099,,2304891.8035,
300320.SZ,20260313,2.2988,2.7789,,666167.4836,
003036.SZ,20260313,3.5614,11.3457,,397938.5609,
301233.SZ,20260313,2.5188,3.4617,,280974.73,
300313.SZ,20260313,3.4917,7.2449,,183670.7094,
605118.SH,20260313,0.5317,4.0539,,1715237.76,
300890.SZ,20260313,15.3549,16.0422,,391982.3387,
301309.SZ,20260313,9.9508,9.9508,,320604.2016,
002436.SZ,20260313,6.0008,6.2111,,4069018.5098,
301290.SZ,20260313,4.9519,4.9531,,292506.1353,
002173.SZ,20260313,23.0688,28.8284,,1399312.6802,
300936.SZ,20260313,26.3676,40.0261,,450974.4,
002268.SZ,20260313,2.8969,4.5609,,1621084.3711,
688507.SH,20260313,2.6493,2.6493,,828177.0385,
001316.SZ,20260313,1.2655,4.0647,,553820.2856,
603838.SH,20260313,0.9595,2.6407,,303375.168,
002519.SZ,20260313,6.3556,9.6201,,920294.0437,
603529.SH,20260313,0.6824,2.2709,,2498663.8952,
000900.SZ,20260313,1.1799,2.2077,,661773.1536,
600958.SH,20260313,0.5273,0.8234,,8292725.805,
601156.SH,20260313,0.7866,1.2346,,2921102.223,
600770.SH,20260313,1.6173,2.8954,,773500.0,
600097.SH,20260313,2.0318,3.5536,,284305.1396,
300701.SZ,20260313,1.2083,2.1596,,344371.3749,
300847.SZ,20260313,2.7826,7.339,,508545.18,
002153.SZ,20260313,1.1636,2.4058,,2958446.1236,
002410.SZ,20260313,1.8528,2.2074,,2064930.4275,
002929.SZ,20260313,9.3833,14.3678,,1426097.0817,
002489.SZ,20260313,2.7307,5.2123,,791690.9542,
002283.SZ,20260313,6.7976,8.6801,,1046021.6894,
600255.SH,20260313,2.6568,2.9677,,650212.9038,
002583.SZ,20260313,2.4919,2.7138,,2022304.7517,
300040.SZ,20260313,20.2817,21.6807,,499929.9088,
920445.BJ,20260313,2.4534,2.8477,,160676.9852,
688310.SH,20260313,0.9615,2.7859,,277420.6626,
000796.SZ,20260313,2.5178,2.9522,,851611.9144,
002948.SZ,20260313,1.0488,1.7533,,3113889.7773,
300611.SZ,20260313,6.5086,7.5777,,577500.3245,
300951.SZ,20260313,1.1273,3.1921,,643044.6662,
688011.SH,20260313,0.7444,1.5679,,657000.0,
688668.SH,20260313,4.8035,8.8742,,1867061.744,
000723.SZ,20260313,5.8714,9.3869,,2408711.0085,
688037.SH,20260313,2.2283,3.1126,,3478070.856,
603590.SH,20260313,1.3252,2.4275,,605670.9069,
002258.SZ,20260313,4.2209,7.155,,1331127.1102,
688369.SH,20260313,3.1238,3.9571,,273182.0463,
601107.SH,20260313,1.0665,8.2589,,1944926.16,
000980.SZ,20260313,1.75,2.3848,,1351402.7941,
920198.BJ,20260313,2.7823,2.8474,,159588.8694,
300994.SZ,20260313,2.1529,3.2558,,356158.464,
000521.SZ,20260313,1.419,1.9812,,658121.2539,
688509.SH,20260313,1.7882,1.7882,,369600.0,
300863.SZ,20260313,0.9507,2.1529,,988111.3148,
300427.SZ,20260313,9.5331,11.5726,,702266.5315,
300743.SZ,20260313,1.9832,2.8649,,293959.3998,
002449.SZ,20260313,10.4248,13.2758,,571472.9042,
002846.SZ,20260313,1.992,2.9449,,621170.5876,
003033.SZ,20260313,0.7393,2.2919,,487802.25,
600909.SH,20260313,1.2182,2.2336,,3084864.4967,
688610.SH,20260313,2.2362,3.9191,,504288.0,
603017.SH,20260313,7.6481,13.6293,,362637.8547,
300194.SZ,20260313,1.3495,1.4569,,508007.1871,
300350.SZ,20260313,5.8706,6.2607,,366994.0182,
000639.SZ,20260313,3.5098,4.3883,,307637.0071,
300152.SZ,20260313,5.0428,5.357,,176774.4,
600302.SH,20260313,2.7514,4.8077,,355006.0589,
300448.SZ,20260313,15.1116,24.8456,,581128.1709,
002383.SZ,20260313,5.4014,9.3679,,786262.6439,
603681.SH,20260313,9.235,14.8161,,371177.5225,
300426.SZ,20260313,1.9424,2.6109,,385527.6854,
688045.SH,20260313,2.3434,4.3846,,321533.3187,
920946.BJ,20260313,0.3735,1.35,,440579.7269,
300787.SZ,20260313,2.0847,2.6908,,391791.275,
002296.SZ,20260313,4.7764,4.9663,,507233.7068,
300406.SZ,20260313,0.6101,0.9861,,736403.6368,
300625.SZ,20260313,3.4412,5.4782,,363688.962,
688448.SH,20260313,2.7904,3.7832,,430487.0184,
688595.SH,20260313,1.4452,2.4818,,480550.4618,
600618.SH,20260313,3.4762,12.3514,,1729974.3641,
688778.SH,20260313,1.2981,3.7442,,3864924.3136,
605169.SH,20260313,1.5734,5.3639,,375381.76,
688366.SH,20260313,0.2928,0.6514,,962700.0265,
000670.SZ,20260313,1.9397,2.2844,,663954.0504,
301608.SZ,20260313,1.3406,1.8885,,774657.95,
000800.SZ,20260313,0.2612,1.1949,,3400605.1537,
002672.SZ,20260313,1.2118,2.5016,,553733.1568,
300628.SZ,20260313,0.926,1.2946,,4332219.6335,
603324.SH,20260313,0.7452,2.0699,,359009.059,
002975.SZ,20260313,3.2839,4.0779,,1203231.2631,
301456.SZ,20260313,15.2592,18.4634,,492716.5614,
605378.SH,20260313,1.0507,3.7772,,552747.636,
920304.BJ,20260313,8.6142,14.9114,,245151.948,
603090.SH,20260313,2.4376,4.9065,,674600.0,
688109.SH,20260313,2.4789,4.9215,,1043083.629,
600679.SH,20260313,0.7554,1.9131,,620414.2854,
603260.SH,20260313,0.8579,3.7353,,5796360.6317,
300970.SZ,20260313,3.7138,4.7461,,303702.7407,
601339.SH,20260313,0.9741,3.7894,,1130675.026,
002019.SZ,20260313,6.1997,7.5315,,1757683.6728,
301633.SZ,20260313,1.2442,1.4917,,367599.36,
600439.SH,20260313,1.1983,1.8075,,309032.0251,
002304.SZ,20260313,0.4621,1.1985,,7717518.1141,
300771.SZ,20260313,2.0124,2.3529,,350400.0,
688639.SH,20260313,6.5399,9.447,,903417.8831,
920478.BJ,20260313,1.4205,1.7679,,138842.1468,
002559.SZ,20260313,3.5774,3.9081,,563509.1496,
600421.SH,20260313,1.5444,2.5853,,156284.4,
002897.SZ,20260313,7.2853,12.5579,,1257704.075,
300150.SZ,20260313,2.1623,2.3702,,340531.7228,
603101.SH,20260313,0.6967,1.762,,406896.0,
002095.SZ,20260313,2.762,4.9451,,455401.44,
301237.SZ,20260313,2.0426,2.8255,,487040.0,
600879.SH,20260313,6.9191,9.2932,,7693966.0469,
300461.SZ,20260313,5.0987,9.0491,,931189.1269,
603836.SH,20260313,1.3042,3.1222,,285482.2147,
300316.SZ,20260313,2.2749,4.7286,,6182309.0556,
600808.SH,20260313,1.1138,2.9754,,3257388.1417,
605288.SH,20260313,0.6543,2.4737,,761925.7424,
301449.SZ,20260313,31.2488,31.2488,,542282.6145,
688391.SH,20260313,0.757,1.5203,,360403.1012,
002051.SZ,20260313,2.1615,5.9455,,1138416.222,
301369.SZ,20260313,1.7201,2.2997,,954179.381,
688363.SH,20260313,0.4796,1.1929,,2172368.8714,
600877.SH,20260313,1.3352,2.2749,,2067367.873,
300841.SZ,20260313,1.2612,1.8119,,799953.1102,
002801.SZ,20260313,2.7617,4.6912,,812438.016,
920806.BJ,20260313,0.5511,1.6968,,377725.2538,
300839.SZ,20260313,4.3481,7.8039,,401740.3892,
000923.SZ,20260313,2.1964,3.4894,,1352454.4072,
002427.SZ,20260313,4.186,10.5058,,688817.5111,
601799.SH,20260313,0.6727,1.4719,,3885240.0984,
300357.SZ,20260313,1.9004,3.434,,1319955.264,
002639.SZ,20260313,9.885,10.5129,,1600059.1106,
688630.SH,20260313,4.3895,6.8898,,2362111.0379,
301591.SZ,20260313,6.6659,6.6659,,391830.96,
002947.SZ,20260313,4.1894,4.9388,,1233904.1622,
603015.SH,20260313,1.3181,2.7461,,557822.22,
301176.SZ,20260313,9.6894,9.6894,,465440.5343,
301059.SZ,20260313,2.2668,7.2076,,346268.692,
600768.SH,20260313,2.7351,4.3587,,232586.3808,
300051.SZ,20260313,2.6367,3.2874,,344860.3986,
002028.SZ,20260313,1.4372,1.5854,,16512175.2057,
002965.SZ,20260313,1.6892,1.8452,,877082.0865,
300635.SZ,20260313,2.6286,3.0674,,191259.124,
300643.SZ,20260313,7.0668,12.5149,,525639.3101,
300207.SZ,20260313,5.8263,7.6157,,5002928.3038,
601995.SH,20260313,0.6043,1.7894,,16494736.718,
603019.SH,20260313,2.7604,3.3052,,13036361.6354,
601288.SH,20260313,0.0892,0.9944,,231688768.4239,
600612.SH,20260313,0.3058,1.0003,,2214357.495,
002248.SZ,20260313,12.3224,14.9371,,434798.7784,
300376.SZ,20260313,1.63,3.3775,,1743852.1165,
600686.SH,20260313,1.2894,2.3443,,1206790.8028,
000623.SZ,20260313,0.6766,0.9328,,2236324.3737,
300045.SZ,20260313,3.7362,4.0426,,1567889.6084,
000518.SZ,20260313,1.8008,2.7773,,299600.8606,
600167.SH,20260313,0.6166,2.0699,,1529680.153,
603299.SH,20260313,1.819,4.8888,,1167093.8365,
002108.SZ,20260313,4.0001,4.9859,,837487.8886,
300079.SZ,20260313,3.0293,3.1108,,825670.2479,
600025.SH,20260313,0.2023,2.0233,,19544017.8756,
688089.SH,20260313,3.5399,6.5813,,334766.8397,
603813.SH,20260313,0.2442,0.6965,,354635.655,
300174.SZ,20260313,2.4737,3.2033,,626806.0296,
688007.SH,20260313,1.1561,1.7436,,707348.4623,
002416.SZ,20260313,2.6533,5.1981,,1670551.8745,
000953.SZ,20260313,3.0496,4.6208,,269465.9355,
301428.SZ,20260313,10.8057,10.8057,,337637.3345,
600810.SH,20260313,2.929,6.9067,,971252.4613,
300073.SZ,20260313,3.5636,4.6407,,3028449.9688,
603477.SH,20260313,2.5875,4.8234,,969133.7809,
603376.SH,20260313,4.5252,4.5252,,1456003.64,
301119.SZ,20260313,1.5293,4.5388,,490256.0,
000858.SZ,20260313,0.3947,0.8787,,39961154.4115,
603162.SH,20260313,4.5606,4.5606,,1305620.4554,
300322.SZ,20260313,6.1712,7.5955,,1289026.9047,
300371.SZ,20260313,3.4697,5.0653,,285124.9084,
603180.SH,20260313,0.5419,1.8239,,310519.6228,
603001.SH,20260313,4.5262,8.6716,,368500.62,
603161.SH,20260313,1.2068,2.1691,,300359.9042,
688323.SH,20260313,3.5085,6.2565,,406440.5058,
301602.SZ,20260313,0.5052,1.4019,,899492.2398,
002742.SZ,20260313,1.2845,1.6583,,313318.7348,
920599.BJ,20260313,0.7093,1.0939,,922274.85,
688365.SH,20260313,2.2342,5.4216,,851649.368,
603173.SH,20260313,0.7813,2.498,,683200.0,
000570.SZ,20260313,3.6829,6.239,,430472.4293,
003021.SZ,20260313,2.0632,5.0587,,3055187.3994,
688206.SH,20260313,0.6481,1.2433,,1482215.7673,
600259.SH,20260313,3.2476,5.2768,,3028932.4977,
300647.SZ,20260313,2.0147,2.4461,,309149.0122,
300276.SZ,20260313,1.3908,1.6698,,1078803.1023,
300122.SZ,20260313,1.1378,1.4793,,3873151.8106,
301387.SZ,20260313,6.5436,8.5439,,641443.9488,
002419.SZ,20260313,2.8325,5.891,,659230.131,
002798.SZ,20260313,1.2747,1.845,,330083.5883,
002627.SZ,20260313,5.9493,8.9354,,673154.6802,
002384.SZ,20260313,7.4876,8.4988,,20318022.3525,
003020.SZ,20260313,0.8731,1.4325,,458339.0586,
603992.SH,20260313,3.0927,14.9179,,1386748.894,
001314.SZ,20260313,2.6855,5.7986,,657542.74,
300662.SZ,20260313,1.1773,1.6698,,495755.2183,
001308.SZ,20260313,0.4292,2.3025,,1456609.5353,
300749.SZ,20260313,7.9453,11.2483,,774104.1462,
002228.SZ,20260313,1.5764,2.731,,501128.2648,
000635.SZ,20260313,3.2267,5.5964,,363785.334,
603070.SH,20260313,2.0234,7.7855,,641199.0,
002923.SZ,20260313,3.3279,6.1539,,533819.8979,
603810.SH,20260313,2.0198,3.6718,,284711.2094,
300840.SZ,20260313,4.4208,5.0146,,440160.0,
003008.SZ,20260313,1.9394,3.0541,,250120.0,
688198.SH,20260313,0.2286,0.8545,,1396628.3205,
601126.SH,20260313,4.0462,6.7701,,3893401.0735,
688125.SH,20260313,1.0213,3.3424,,2221517.9298,
002306.SZ,20260313,2.1972,2.6706,,200915.1375,
920832.BJ,20260313,4.9936,5.2065,,103240.3156,
600718.SH,20260313,1.4644,1.8972,,1121063.2043,
300530.SZ,20260313,1.9425,5.969,,484043.0615,
688115.SH,20260313,1.542,3.7681,,284880.91,
600814.SH,20260313,1.5918,4.7373,,594678.5858,
601212.SH,20260313,2.2912,6.3063,,6708725.707,
603211.SH,20260313,1.7004,6.1384,,614557.888,
300317.SZ,20260313,10.6724,13.0568,,440830.0431,
300118.SZ,20260313,8.6864,9.4042,,2232147.1438,
603518.SH,20260313,1.9117,2.8776,,315306.3614,
600691.SH,20260313,2.9718,5.9848,,1052560.0047,
001269.SZ,20260313,3.7903,12.7874,,490649.5443,
000789.SZ,20260313,1.133,2.2363,,458509.2636,
600435.SH,20260313,2.207,3.5805,,2433383.6181,
600217.SH,20260313,1.2441,1.9803,,674665.0449,
002490.SZ,20260313,21.2012,37.5203,,893590.208,
300383.SZ,20260313,7.1901,9.3902,,2726948.3489,
688047.SH,20260313,1.6164,3.9585,,5820515.0,
605003.SH,20260313,1.2655,4.7485,,336930.0,
002550.SZ,20260313,1.1994,1.3766,,961129.8,
600834.SH,20260313,0.5427,1.3057,,411025.8202,
920665.BJ,20260313,1.9294,2.9843,,158587.8,
688676.SH,20260313,2.1978,4.238,,4321053.4529,
300613.SZ,20260313,1.0966,1.9235,,953385.4804,
601022.SH,20260313,1.3117,6.904,,1231423.9673,
600883.SH,20260313,2.1865,4.0202,,206577.0,
001390.SZ,20260313,2.2381,2.2381,,456000.0,
600368.SH,20260313,1.2622,2.6233,,653519.4663,
003023.SZ,20260313,4.3337,8.8234,,259561.7024,
920476.BJ,20260313,1.2508,1.6954,,189950.954,
300165.SZ,20260313,3.5978,4.2652,,278973.1012,
002868.SZ,20260313,0.9874,1.4777,,629589.5557,
002527.SZ,20260313,1.1978,1.4049,,983319.8946,
002133.SZ,20260313,1.8795,2.7766,,287207.4889,
920395.BJ,20260313,0.6031,0.9933,,167539.103,
001338.SZ,20260313,6.5107,13.429,,690381.6276,
002457.SZ,20260313,7.0675,9.6211,,408187.8432,
000510.SZ,20260313,11.2887,12.5857,,1091498.8603,
601231.SH,20260313,2.4949,8.6728,,9628093.4643,
600207.SH,20260313,3.2917,7.2334,,611104.3428,
600226.SH,20260313,6.0977,9.8765,,1790577.4968,
688161.SH,20260313,0.8578,4.4754,,1257600.0,
301381.SZ,20260313,1.111,1.8331,,812968.273,
000069.SZ,20260313,1.2981,2.6147,,1993363.9971,
601360.SH,20260313,2.6067,6.3321,,8399469.4548,
600109.SH,20260313,0.7257,1.1455,,3268131.8506,
001203.SZ,20260313,2.718,7.5742,,6055667.7183,
000955.SZ,20260313,2.1556,2.8542,,283734.165,
600527.SH,20260313,19.1897,27.3674,,450257.8345,
002731.SZ,20260313,7.9678,9.5012,,201594.772,
300883.SZ,20260313,3.5795,4.5278,,246352.0,
002102.SZ,20260313,11.263,14.4871,,918457.5391,
603131.SH,20260313,1.9899,3.9016,,759388.8739,
920570.BJ,20260313,3.5467,5.2993,,168821.4477,
000975.SZ,20260313,1.2218,1.8805,,9102095.5847,
002037.SZ,20260313,1.3948,2.5129,,425817.5381,
600289.SH,20260313,2.2242,3.2311,,502948.499,
300395.SZ,20260313,7.5223,9.3257,,5948628.7955,
601607.SH,20260313,0.3865,1.08,,6411757.5678,
002458.SZ,20260313,1.4788,1.7123,,1094242.3729,
600882.SH,20260313,0.6803,1.4472,,1056831.1566,
001283.SZ,20260313,2.3836,2.4476,,637636.7675,
000718.SZ,20260313,1.5483,2.3453,,688862.4592,
002141.SZ,20260313,2.631,3.7936,,421437.8056,
920174.BJ,20260313,1.137,2.0503,,922713.4063,
600500.SH,20260313,2.2229,4.8644,,1765446.7011,
300542.SZ,20260313,1.519,2.2559,,499490.711,
000423.SZ,20260313,0.5516,0.8327,,3353187.3226,
300015.SZ,20260313,0.5518,1.0411,,9474603.0167,
300699.SZ,20260313,6.0144,9.4687,,3176595.992,
600460.SH,20260313,1.5164,2.2177,,4752589.1893,
002389.SZ,20260313,4.6899,7.4478,,2359858.7863,
688625.SH,20260313,0.8639,2.1958,,1142731.5307,
000650.SZ,20260313,1.5047,2.0375,,828763.4345,
605058.SH,20260313,1.232,4.1021,,462787.7501,
300809.SZ,20260313,1.6013,2.063,,880288.1024,
002279.SZ,20260313,6.75,8.7442,,756155.4259,
002957.SZ,20260313,3.819,8.865,,1102453.9733,
301067.SZ,20260313,3.2136,4.2978,,318739.608,
000917.SZ,20260313,2.6344,3.161,,1413303.669,
600604.SH,20260313,0.4837,1.2091,,970371.8885,
688267.SH,20260313,2.2267,3.9069,,545339.0,
301150.SZ,20260313,8.0929,15.2708,,1190656.849,
688132.SH,20260313,1.6491,2.1632,,272026.4395,
688259.SH,20260313,1.9394,3.5679,,430156.7,
301316.SZ,20260313,2.4954,4.5226,,1911728.0,
601116.SH,20260313,1.9207,5.1697,,803991.8912,
605016.SH,20260313,0.7367,1.6965,,1020209.9253,
600148.SH,20260313,1.0421,2.123,,268881.255,
002352.SZ,20260313,0.8833,1.8246,,19180072.1367,
688312.SH,20260313,3.4916,6.5845,,722004.8328,
300577.SZ,20260313,0.6486,0.8948,,482550.529,
000912.SZ,20260313,14.2884,28.3175,,943936.0,
600094.SH,20260313,0.8906,1.385,,1018328.1197,
002778.SZ,20260313,2.8467,4.0511,,261732.4234,
300894.SZ,20260313,3.3573,6.124,,466411.8451,
000011.SZ,20260313,1.0029,2.8231,,511946.04,
600941.SH,20260313,1.919,2.0135,,211970282.4069,
002918.SZ,20260313,2.6864,4.0761,,533901.131,
002592.SZ,20260313,1.0316,1.6345,,283331.157,
002396.SZ,20260313,3.8083,5.1812,,1788712.8293,
300304.SZ,20260313,2.9818,5.1647,,1230279.3489,
300935.SZ,20260313,2.4889,3.5576,,258388.002,
920932.BJ,20260313,1.3367,1.8149,,179411.6461,
301107.SZ,20260313,2.5226,4.8742,,314935.719,
300877.SZ,20260313,2.9941,6.0409,,373320.0,
600822.SH,20260313,0.925,2.3256,,511348.0743,
000637.SZ,20260313,7.8177,9.8991,,262017.1794,
688513.SH,20260313,0.6815,1.2949,,1013295.1494,
688556.SH,20260313,5.5295,7.1345,,1364130.7996,
603277.SH,20260313,0.156,0.7328,,933436.6429,
001965.SZ,20260313,0.22,0.8299,,6863045.9419,
600120.SH,20260313,1.9069,3.804,,2103874.9991,
688175.SH,20260313,0.9681,1.9562,,465023.932,
603098.SH,20260313,3.729,10.8116,,912632.6628,
600603.SH,20260313,3.3083,7.7335,,960629.9666,
000925.SZ,20260313,1.5214,1.5214,,529597.5988,
688326.SH,20260313,1.1025,2.0781,,1487267.904,
300031.SZ,20260313,4.1669,4.3186,,910355.3149,
600893.SH,20260313,1.5959,3.2531,,14362221.7543,
688029.SH,20260313,0.5774,1.0133,,1390822.3125,
301116.SZ,20260313,0.9461,3.7026,,492081.6339,
300885.SZ,20260313,1.8563,3.4989,,572486.2026,
688199.SH,20260313,2.1017,2.8859,,432733.9417,
603087.SH,20260313,0.612,0.9964,,3711055.7724,
600579.SH,20260313,2.4146,6.5718,,438811.0748,
603559.SH,20260313,0.7243,1.0295,,297747.5184,
002658.SZ,20260313,3.0919,4.1577,,654197.9908,
603867.SH,20260313,4.3391,5.6675,,742499.7406,
688658.SH,20260313,2.0568,3.7156,,809100.0,
601279.SH,20260313,0.6729,3.1888,,681887.9736,
600908.SH,20260313,1.1229,1.4721,,1303640.9268,
001335.SZ,20260313,12.2924,12.2924,,427358.654,
301252.SZ,20260313,12.0142,12.0142,,704147.0558,
300180.SZ,20260313,5.2545,7.3415,,1193998.7851,
605339.SH,20260313,0.2644,1.6512,,732749.8938,
601000.SH,20260313,0.8015,1.7842,,2589630.8043,
002262.SZ,20260313,0.4678,0.7922,,2292630.3178,
600138.SH,20260313,1.6509,2.1493,,684752.64,
300324.SZ,20260313,7.3622,8.0663,,967450.7332,
920592.BJ,20260313,2.7278,4.2145,,264361.24,
603843.SH,20260313,0.5962,0.8373,,468747.5688,
300850.SZ,20260313,14.4865,15.5818,,2205421.1572,
300082.SZ,20260313,4.9494,10.5369,,727024.9758,
002708.SZ,20260313,1.56,2.2218,,714426.5161,
600733.SH,20260313,1.3477,2.0573,,4947278.6285,
600119.SH,20260313,1.1454,2.1146,,227563.4405,
301321.SZ,20260313,2.6241,4.1343,,402326.73,
688002.SH,20260313,1.3925,1.8064,,4770175.38,
000860.SZ,20260313,1.0013,1.6242,,1048116.7555,
300257.SZ,20260313,3.9774,9.8369,,3135912.1168,
301628.SZ,20260313,6.8225,7.9845,,845490.3486,
002184.SZ,20260313,2.0156,2.272,,438829.7374,
601988.SH,20260313,0.1129,1.9472,,173672489.9677,
920834.BJ,20260313,1.9648,3.7315,,163440.0068,
600236.SH,20260313,0.5511,4.2007,,7756259.7572,
688667.SH,20260313,2.8461,6.1773,,515888.524,
920978.BJ,20260313,1.5358,1.6385,,480315.9526,
002745.SZ,20260313,2.8122,3.3354,,1331297.2599,
603871.SH,20260313,0.9377,2.3132,,2113573.3766,
300363.SZ,20260313,1.1735,1.8349,,1144489.2227,
600620.SH,20260313,0.8127,2.0653,,454580.2488,
600056.SH,20260313,0.7616,1.6123,,1584136.6531,
002431.SZ,20260313,2.8077,4.6629,,490254.0961,
301246.SZ,20260313,9.387,9.79,,872014.824,
603699.SH,20260313,0.6549,1.7756,,4645495.1308,
002293.SZ,20260313,1.1251,2.1434,,850519.3306,
600098.SH,20260313,1.5213,5.734,,2759115.74,
688693.SH,20260313,7.3323,9.3344,,337105.2653,
300654.SZ,20260313,2.2501,4.2144,,410059.8342,
300288.SZ,20260313,1.5506,1.7718,,457910.5997,
002437.SZ,20260313,2.6718,2.8702,,754425.5066,
002783.SZ,20260313,4.9847,6.2818,,508845.4423,
002732.SZ,20260313,1.2955,3.0851,,275991.9,
002752.SZ,20260313,0.8124,2.2456,,611550.961,
603997.SH,20260313,0.5361,0.9252,,1665394.707,
301526.SZ,20260313,11.0671,14.4851,,4547678.9259,
000998.SZ,20260313,3.8039,4.6043,,1557614.9447,
300135.SZ,20260313,7.0551,10.6425,,418406.4,
600410.SH,20260313,25.9215,25.9215,,3134878.2987,
600654.SH,20260313,1.7391,2.6914,,1004267.334,
601566.SH,20260313,0.8072,2.8255,,626354.4935,
688023.SH,20260313,4.8195,6.433,,583225.0647,
603496.SH,20260313,5.0866,6.883,,941415.1744,
300177.SZ,20260313,2.1879,2.3672,,695053.9076,
603966.SH,20260313,2.5176,3.9307,,483189.235,
002719.SZ,20260313,4.071,5.0533,,164039.3685,
688772.SH,20260313,2.2998,3.8292,,1911129.4684,
301209.SZ,20260313,0.8657,2.4149,,1020880.0,
000008.SZ,20260313,4.2102,6.9147,,812196.9272,
300134.SZ,20260313,1.2469,2.5827,,853457.7827,
301138.SZ,20260313,1.4371,2.985,,447120.0,
603323.SH,20260313,1.5136,1.7507,,1023400.5086,
300528.SZ,20260313,2.6513,6.7054,,620019.8019,
000691.SZ,20260313,1.6771,1.9388,,407805.105,
002551.SZ,20260313,2.3204,2.7247,,321287.9396,
301361.SZ,20260313,36.2296,36.7988,,503269.536,
000096.SZ,20260313,3.5763,7.7831,,582912.0,
300698.SZ,20260313,1.7787,3.3081,,490976.0,
688602.SH,20260313,2.6474,2.6474,,427965.0,
600712.SH,20260313,1.298,1.8257,,349124.0858,
300167.SZ,20260313,3.4213,3.7125,,245305.62,
600773.SH,20260313,7.3886,12.5558,,1736646.0286,
920790.BJ,20260313,1.1533,2.5249,,240849.411,
605398.SH,20260313,3.031,9.7889,,480176.0344,
603855.SH,20260313,1.1872,2.0639,,683459.775,
002824.SZ,20260313,2.1358,3.0601,,621735.3183,
603278.SH,20260313,1.9552,3.9662,,388922.1881,
300246.SZ,20260313,14.0071,15.8165,,392674.0782,
300314.SZ,20260313,1.9569,2.9246,,396864.0,
688569.SH,20260313,0.4495,1.7981,,454197.4052,
603325.SH,20260313,1.3088,1.3088,,609550.476,
600805.SH,20260313,2.5599,3.9914,,479904.4946,
688246.SH,20260313,1.6028,2.7194,,307091.0547,
603766.SH,20260313,1.1868,1.9804,,3137811.9468,
603408.SH,20260313,0.4197,1.5839,,550514.79,
000004.SZ,20260313,18.6734,25.2503,,81546.2537,
601628.SH,20260313,0.062,0.8606,,118513908.065,
301042.SZ,20260313,1.836,2.7787,,657493.3311,
002350.SZ,20260313,14.5096,23.6086,,750044.2584,
600505.SH,20260313,5.1888,11.7519,,539924.4675,
600685.SH,20260313,1.5809,3.8183,,4742313.8982,
600099.SH,20260313,1.4603,2.5222,,247386.48,
920819.BJ,20260313,1.2123,3.1311,,487868.4,
688466.SH,20260313,0.7855,1.7974,,225007.948,
603815.SH,20260313,2.0804,4.1801,,410346.7678,
300443.SZ,20260313,15.9908,17.8812,,1052282.4236,
603938.SH,20260313,5.4159,16.1882,,1040738.6318,
688208.SH,20260313,1.2232,1.9559,,2280634.2497,
300422.SZ,20260313,1.741,2.8724,,278685.5631,
300127.SZ,20260313,3.8227,8.2584,,1071553.3298,
002653.SZ,20260313,0.4021,0.7589,,5189699.873,
600169.SH,20260313,0.7962,1.6399,,840122.8957,
002692.SZ,20260313,16.581,23.2517,,447404.958,
000688.SZ,20260313,2.0141,5.9559,,4313646.4498,
688066.SH,20260313,3.4885,4.9099,,578207.7072,
688628.SH,20260313,0.9005,1.8721,,459476.5543,
603696.SH,20260313,1.9795,4.9119,,392784.0,
300429.SZ,20260313,2.6375,2.9762,,748680.9801,
301556.SZ,20260313,3.802,4.4772,,795918.24,
688818.SH,20260313,15.0852,15.0852,,10796718.9002,
000425.SZ,20260313,1.091,1.1992,,13287684.4155,
600325.SH,20260313,2.0935,2.9125,,1111869.4549,
605376.SH,20260313,1.913,3.0369,,2445698.4,
600996.SH,20260313,1.2607,2.3799,,1013648.2813,
600132.SH,20260313,1.7591,4.3978,,2827843.7099,
002096.SZ,20260313,0.6638,1.7848,,1746540.6042,
600845.SH,20260313,1.3499,4.1326,,6516667.8805,
000153.SZ,20260313,1.3701,1.9291,,309945.2432,
002086.SZ,20260313,2.3688,2.3688,,444680.8555,
300020.SZ,20260313,1.1494,1.2346,,372703.9698,
605567.SH,20260313,1.8655,3.0188,,233800.0,
000506.SZ,20260313,4.5739,6.8268,,1685238.2185,
603527.SH,20260313,19.3212,31.3032,,393361.2592,
688655.SH,20260313,10.4201,18.8946,,358152.15,
605222.SH,20260313,4.8767,13.0447,,952154.544,
688536.SH,20260313,3.0249,4.7048,,2447695.5173,
000505.SZ,20260313,4.1998,9.2599,,531400.6335,
688203.SH,20260313,0.7799,1.3947,,263684.1665,
300722.SZ,20260313,1.131,3.312,,858775.3574,
688981.SH,20260313,1.7085,1.8983,,85663590.2485,
300584.SZ,20260313,10.3322,14.751,,538200.0,
003040.SZ,20260313,2.1834,4.176,,788542.5121,
688032.SH,20260313,3.3239,9.6266,,1488510.3194,
605128.SH,20260313,1.0286,1.6325,,738985.471,
000983.SZ,20260313,2.1792,5.1023,,4229440.289,
688338.SH,20260313,1.6367,2.7277,,345493.512,
002638.SZ,20260313,7.987,11.5929,,589003.6831,
301195.SZ,20260313,0.6439,1.3529,,448509.1766,
002081.SZ,20260313,1.0465,2.0678,,966537.8228,
300423.SZ,20260313,8.3059,9.8849,,511441.6061,
603102.SH,20260313,0.5956,1.0629,,274304.0,
300359.SZ,20260313,1.0095,1.5999,,337566.7139,
002452.SZ,20260313,7.4203,7.7929,,769832.1175,
688088.SH,20260313,0.9863,1.6705,,1792028.1768,
002853.SZ,20260313,1.717,2.5952,,496799.7148,
920086.BJ,20260313,10.136,10.136,,283926.24,
002044.SZ,20260313,1.9881,2.6265,,2422923.1783,
000151.SZ,20260313,1.0297,1.5611,,438244.5757,
600517.SH,20260313,0.9735,4.7719,,4117273.7357,
000572.SZ,20260313,2.2236,3.395,,1013096.0384,
001256.SZ,20260313,1.0011,7.8966,,322874.8313,
300493.SZ,20260313,1.9405,2.5487,,892299.1428,
002127.SZ,20260313,1.1457,1.2882,,738915.9913,
603333.SH,20260313,1.8772,3.4327,,536999.8343,
600821.SH,20260313,25.0416,33.095,,2027222.4048,
600653.SH,20260313,1.66,2.2587,,373705.0209,
002344.SZ,20260313,0.8914,1.8964,,605395.2051,
301162.SZ,20260313,5.811,6.6474,,1000476.7813,
920077.BJ,20260313,8.9679,11.9431,,1081334.5433,
300283.SZ,20260313,5.1577,6.0061,,413982.8589,
688156.SH,20260313,3.0454,4.2122,,227009.7099,
001369.SZ,20260313,41.1445,41.1445,,2096716.0,
002105.SZ,20260313,2.0943,4.156,,260031.7845,
601728.SH,20260313,0.5229,2.8268,,56551411.716,
002461.SZ,20260313,0.4667,2.9427,,2169061.9104,
300501.SZ,20260313,6.6656,8.763,,314499.4223,
002253.SZ,20260313,1.4202,1.7504,,232169.2518,
002360.SZ,20260313,17.253,18.376,,268786.9719,
300949.SZ,20260313,1.8562,3.7442,,244860.0,
301046.SZ,20260313,7.2364,12.4759,,468082.2633,
603988.SH,20260313,2.5176,5.3308,,639508.8,
688578.SH,20260313,0.9663,1.8786,,4252950.0,
001391.SZ,20260313,1.0302,1.1222,,6959062.2983,
300998.SZ,20260313,2.2806,3.5395,,328245.9674,
001218.SZ,20260313,1.4025,1.7562,,341067.0412,
603619.SH,20260313,7.9435,9.8083,,1687073.0442,
002439.SZ,20260313,5.0957,5.6093,,1791660.9032,
603037.SH,20260313,1.5433,2.3371,,395839.6431,
300078.SZ,20260313,2.315,2.7883,,486274.4201,
002946.SZ,20260313,1.6057,7.1936,,1541472.8598,
001267.SZ,20260313,11.2205,17.6527,,3391911.409,
300465.SZ,20260313,2.5207,3.471,,737511.4313,
002739.SZ,20260313,1.3829,1.9761,,2118114.0441,
300572.SZ,20260313,1.9158,2.0828,,606362.3742,
002125.SZ,20260313,4.4766,7.7486,,950525.1329,
003017.SZ,20260313,2.8345,3.4241,,272832.0,
600748.SH,20260313,0.7553,1.8072,,927815.1347,
000965.SZ,20260313,2.9808,6.1395,,445042.1889,
603275.SH,20260313,2.3208,2.3208,,666646.6643,
300838.SZ,20260313,2.1167,3.2776,,225869.986,
600323.SH,20260313,1.1347,2.0944,,2509638.5154,
002088.SZ,20260313,1.0521,2.9645,,574697.2963,
600103.SH,20260313,2.2183,3.0531,,815660.9359,
920663.BJ,20260313,0.8744,1.3608,,205937.9704,
600192.SH,20260313,4.6218,7.6427,,437330.52,
300815.SZ,20260313,2.1867,3.8922,,912377.088,
600363.SH,20260313,1.3452,1.6815,,2590354.1453,
600743.SH,20260313,1.1316,2.4838,,459835.7713,
688339.SH,20260313,5.4186,6.6579,,787261.5011,
002561.SZ,20260313,0.7734,1.2177,,352567.024,
002590.SZ,20260313,1.2549,2.3879,,706430.4212,
688275.SH,20260313,8.9202,10.2588,,1420093.8934,
000513.SZ,20260313,0.7302,1.2573,,3083701.6049,
603136.SH,20260313,1.7017,3.1779,,320100.1514,
688117.SH,20260313,0.5997,0.8997,,591299.1193,
600938.SH,20260313,4.013,5.155,,199625806.7328,
300496.SZ,20260313,3.72,4.0566,,3086705.8937,
600085.SH,20260313,0.2866,0.6028,,4107553.4347,
002953.SZ,20260313,3.7176,5.0748,,629221.9494,
920839.BJ,20260313,1.0869,2.1785,,422246.0164,
002138.SZ,20260313,2.8043,3.0273,,3086586.6591,
002840.SZ,20260313,1.8016,3.1185,,798155.561,
300370.SZ,20260313,2.652,3.3115,,446132.2241,
600088.SH,20260313,0.7517,1.7436,,599741.2512,
300380.SZ,20260313,1.421,2.3337,,509178.8259,
002409.SZ,20260313,3.6213,4.3354,,4243847.1047,
688172.SH,20260313,1.644,2.4116,,5790419.0014,
688449.SH,20260313,1.901,3.5138,,2116000.0,
300750.SZ,20260313,0.8359,1.4079,,181185597.5532,
920056.BJ,20260313,3.0838,3.0838,,205863.084,
300315.SZ,20260313,7.4692,7.5913,,1448571.8866,
000938.SZ,20260313,3.7069,5.1486,,7379006.0749,
001231.SZ,20260313,5.1249,7.6744,,253647.72,
600887.SH,20260313,0.7852,0.8586,,16895038.3416,
002354.SZ,20260313,3.7032,3.7032,,1010951.936,
300307.SZ,20260313,0.9055,1.3821,,560387.6432,
300637.SZ,20260313,2.56,4.1232,,287334.1591,
001311.SZ,20260313,3.4699,6.0665,,1061010.3943,
300762.SZ,20260313,3.7665,4.5798,,2290819.1363,
000625.SZ,20260313,0.5701,1.0208,,10725783.8892,
301136.SZ,20260313,1.9652,4.2273,,447758.2421,
002681.SZ,20260313,1.1351,1.1855,,1062434.1213,
301234.SZ,20260313,1.3844,1.9504,,258536.0,
000922.SZ,20260313,6.5472,10.2928,,1125875.9495,
688585.SH,20260313,0.9922,4.6839,,5002088.7889,
688226.SH,20260313,2.1411,4.0462,,830234.737,
600256.SH,20260313,6.3434,9.8594,,4800394.226,
600030.SH,20260313,0.6623,0.8987,,38162908.0847,
603057.SH,20260313,1.0663,4.568,,1251244.0,
000828.SZ,20260313,0.7454,2.4702,,1134113.0383,
002183.SZ,20260313,2.5416,3.7559,,1340056.691,
002617.SZ,20260313,4.754,5.2268,,1688399.1828,
301089.SZ,20260313,1.8113,2.5326,,358247.4795,
300688.SZ,20260313,8.5746,10.1004,,511009.5036,
688682.SH,20260313,0.9692,2.536,,458784.222,
688167.SH,20260313,6.4947,7.5337,,2960871.3158,
688689.SH,20260313,9.3212,26.6416,,478102.195,
300644.SZ,20260313,5.111,7.1484,,345541.5587,
300222.SZ,20260313,4.0909,4.2754,,981412.6361,
920184.BJ,20260313,1.3493,1.8501,,229952.1714,
600533.SH,20260313,1.6758,2.9646,,282450.0,
600988.SH,20260313,2.9592,3.4627,,7774582.1292,
002548.SZ,20260313,2.0909,3.0375,,527546.6201,
301131.SZ,20260313,3.1361,3.6003,,242318.5655,
000605.SZ,20260313,1.5071,2.5605,,258498.7538,
000913.SZ,20260313,1.1712,1.9742,,837810.2585,
601233.SH,20260313,2.3783,4.0197,,4841268.0322,
920357.BJ,20260313,2.2376,3.8016,,195715.52,
000967.SZ,20260313,1.6334,5.0745,,2850249.5127,
600062.SH,20260313,0.534,1.3548,,1892616.1814,
601111.SH,20260313,0.8196,2.5513,,12894383.119,
601216.SH,20260313,2.1736,5.7863,,5400331.1296,
002175.SZ,20260313,9.6811,11.9823,,443042.9123,
688576.SH,20260313,1.6285,1.6359,,343525.453,
301040.SZ,20260313,12.9784,20.5364,,409904.2261,
605186.SH,20260313,1.266,2.5451,,288728.0,
688603.SH,20260313,6.9258,6.945,,1043320.6433,
688321.SH,20260313,1.6283,2.3103,,1346541.3939,
605368.SH,20260313,1.5439,3.7239,,610299.0714,
688359.SH,20260313,2.4148,3.9556,,835904.5796,
603058.SH,20260313,3.1254,6.4274,,526621.7141,
002922.SZ,20260313,5.7061,7.6827,,1727104.192,
603786.SH,20260313,0.751,3.5902,,2415466.9227,
301585.SZ,20260313,0.9575,0.9575,,313976.0,
920271.BJ,20260313,1.0425,1.7934,,200290.013,
003003.SZ,20260313,3.1525,3.9168,,248645.04,
300424.SZ,20260313,4.094,4.8145,,436138.2136,
002533.SZ,20260313,3.0843,4.1186,,1125865.5891,
000761.SZ,20260313,0.7824,5.1692,,1511830.9411,
300712.SZ,20260313,3.7405,6.5708,,585143.6292,
688692.SH,20260313,1.4695,2.0779,,2733840.08,
000935.SZ,20260313,0.5207,1.4042,,2112439.4014,
002150.SZ,20260313,16.5316,32.3402,,1209993.0965,
301191.SZ,20260313,5.4162,8.6262,,828290.19,
688439.SH,20260313,1.6998,4.2408,,1141000.0,
000915.SZ,20260313,0.9912,1.4516,,775637.2154,
