ts_code,trade_date,turnover_rate,turnover_rate_f,volume_ratio,total_mv,float_mv
002605.SZ,20260306,1.6034,2.5692,,986492.4816,
300887.SZ,20260306,11.9185,20.3331,,639604.0136,
600076.SH,20260306,1.4526,2.3874,,497481.0458,
300277.SZ,20260306,8.6164,9.9354,,3780895.6791,
002204.SZ,20260306,1.583,3.5515,,1394449.1631,
300366.SZ,20260306,1.3771,1.457,,380342.6699,
601390.SH,20260306,1.2735,2.8913,,14638929.6039,
603225.SH,20260306,2.5141,5.7528,,3127605.971,
300551.SZ,20260306,2.8996,3.5741,,660402.0333,
000890.SZ,20260306,21.67,36.3552,,379651.091,
920433.BJ,20260306,0.6445,1.1432,,149713.0134,
003015.SZ,20260306,3.9102,4.5109,,485683.2006,
301082.SZ,20260306,6.757,13.1992,,454655.1306,
603307.SH,20260306,0.9827,3.8729,,271763.384,
920729.BJ,20260306,2.5956,2.6508,,248475.15,
688028.SH,20260306,5.0233,8.1667,,1720818.6,
002319.SZ,20260306,2.3278,3.1457,,297660.4367,
603032.SH,20260306,7.6171,15.0087,,431301.614,
600549.SH,20260306,5.6079,8.9059,,11748135.1124,
600917.SH,20260306,2.0295,4.5063,,894475.7825,
000683.SZ,20260306,1.9609,2.5981,,3568158.2976,
600874.SH,20260306,1.6654,3.98,,1027053.4276,
688372.SH,20260306,5.6338,8.1237,,2060818.4333,
300825.SZ,20260306,1.0797,1.2199,,472640.4165,
600067.SH,20260306,2.0286,3.2229,,592850.8828,
002039.SZ,20260306,5.8785,9.7494,,832883.2294,
920273.BJ,20260306,1.5223,2.7791,,278355.0504,
301186.SZ,20260306,1.0707,3.1563,,408305.8818,
688721.SH,20260306,2.0516,2.0516,,586866.0,
920579.BJ,20260306,1.5579,1.5579,,288999.36,
300409.SZ,20260306,4.588,4.72,,2220022.5286,
000930.SZ,20260306,4.9322,11.1505,,1362628.7187,
002346.SZ,20260306,2.0165,4.1656,,940997.2115,
600351.SH,20260306,2.023,2.3422,,462256.0307,
300723.SZ,20260306,1.6631,4.5436,,1441803.3091,
605011.SH,20260306,1.4021,7.0151,,852613.1,
301291.SZ,20260306,14.4278,14.4278,,1872575.6,
600345.SH,20260306,9.5723,14.7462,,1342839.8258,
000931.SZ,20260306,1.8059,2.634,,391626.0306,
605580.SH,20260306,1.3219,5.0615,,655200.0,
688084.SH,20260306,1.5156,3.1118,,569107.4945,
603235.SH,20260306,0.2367,2.5343,,1199079.42,
603987.SH,20260306,1.1082,1.8791,,400537.237,
688708.SH,20260306,0.994,1.2982,,2428060.7,
603379.SH,20260306,1.3927,3.396,,4681153.2557,
000762.SZ,20260306,3.7655,4.7591,,1502563.5074,
002724.SZ,20260306,2.5663,6.3248,,596367.9494,
300163.SZ,20260306,4.7964,5.1006,,241266.0,
300205.SZ,20260306,1.7183,2.8265,,211587.552,
002828.SZ,20260306,24.0845,28.2319,,297260.6604,
002362.SZ,20260306,1.493,1.8848,,504554.3893,
001216.SZ,20260306,6.148,19.9814,,528668.2033,
600703.SH,20260306,9.6582,16.3386,,8466364.7797,
002441.SZ,20260306,4.7659,7.0098,,607710.6676,
002607.SZ,20260306,3.4766,3.7508,,1770043.6246,
600598.SH,20260306,3.1731,8.8493,,3036277.2846,
600281.SH,20260306,2.6368,4.6652,,322530.0697,
600008.SH,20260306,1.2133,2.2626,,2341648.426,
000819.SZ,20260306,3.7754,5.7128,,603400.8583,
002661.SZ,20260306,1.6099,2.6654,,314148.8907,
300107.SZ,20260306,7.3304,9.1651,,483429.9682,
000001.SZ,20260306,0.2456,0.584,,20997203.4902,
002130.SZ,20260306,3.8516,4.4521,,3674704.3253,
603789.SH,20260306,1.0272,1.8,,148520.176,
002078.SZ,20260306,0.7464,1.3573,,4708791.6755,
002361.SZ,20260306,10.4791,11.6177,,1210667.5155,
600696.SH,20260306,1.1441,3.4655,,62545.7836,
688403.SH,20260306,2.4634,3.4832,,1463299.975,
601939.SH,20260306,0.8836,1.2766,,234655542.1687,
603727.SH,20260306,7.3323,13.6874,,565974.0275,
000035.SZ,20260306,12.1527,20.1743,,1867441.6254,
600197.SH,20260306,0.6091,1.0745,,609922.2102,
603580.SH,20260306,0.5807,1.7799,,207378.3684,
600516.SH,20260306,6.4794,10.5055,,2709478.0577,
300436.SZ,20260306,4.6572,7.3938,,1704316.167,
603557.SH,20260306,1.548,2.3018,,218826.3477,
603861.SH,20260306,8.7679,19.265,,1108082.3078,
920471.BJ,20260306,12.545,20.9056,,129875.2,
601222.SH,20260306,3.9237,6.4712,,1339109.9514,
301596.SZ,20260306,2.3807,2.8296,,546947.6464,
600261.SH,20260306,6.0993,11.4339,,524675.8156,
688182.SH,20260306,0.9238,3.1197,,1196000.0,
000629.SZ,20260306,1.9415,4.358,,3753542.9294,
300433.SZ,20260306,0.8237,2.1812,,17108399.1597,
000813.SZ,20260306,1.3691,2.3058,,765443.5221,
603004.SH,20260306,4.3038,4.3038,,581498.88,
600722.SH,20260306,24.7244,56.2453,,920472.5216,
000600.SZ,20260306,3.4228,6.0603,,1727498.5322,
600322.SH,20260306,2.209,2.9025,,255416.7,
600448.SH,20260306,3.9237,4.8223,,214138.6851,
688253.SH,20260306,0.9322,1.8416,,476705.4197,
603377.SH,20260306,1.1242,1.7701,,270253.3449,
002487.SZ,20260306,3.5153,5.7966,,4157488.0061,
300263.SZ,20260306,4.3114,5.0233,,1169557.1213,
603421.SH,20260306,3.7672,8.618,,548492.2198,
688006.SH,20260306,0.8357,2.3986,,1623274.4167,
603258.SH,20260306,1.0591,1.9972,,452184.4818,
300146.SZ,20260306,1.0209,1.2132,,1948811.9397,
920505.BJ,20260306,2.4437,4.9321,,300986.2672,
601801.SH,20260306,0.9486,4.3162,,1305940.1351,
920221.BJ,20260306,1.0273,1.7115,,184155.48,
300879.SZ,20260306,1.6003,3.0833,,477661.2459,
603190.SH,20260306,2.9938,3.0378,,328536.52,
688711.SH,20260306,3.3985,4.1309,,667406.6277,
920833.BJ,20260306,6.8499,11.8197,,170155.76,
603687.SH,20260306,2.3977,4.7532,,584133.8396,
002722.SZ,20260306,1.33,2.2114,,350680.6598,
301297.SZ,20260306,1.0392,2.3144,,2706689.2319,
002111.SZ,20260306,2.1457,3.14,,579359.3158,
600229.SH,20260306,0.7217,1.8961,,417567.3195,
920351.BJ,20260306,11.5018,12.9709,,203185.7932,
688099.SH,20260306,2.7041,3.3327,,3833449.4095,
300352.SZ,20260306,3.8418,4.0148,,987330.2032,
600248.SH,20260306,0.7827,2.4484,,1361263.6441,
605066.SH,20260306,5.7818,9.8674,,454779.8626,
301502.SZ,20260306,4.3257,5.8292,,264696.1895,
003018.SZ,20260306,15.8877,20.6341,,704600.0,
301601.SZ,20260306,0.8945,1.3571,,384915.2,
603556.SH,20260306,2.2362,6.8517,,2016051.2488,
002727.SZ,20260306,1.6728,2.1057,,767141.4038,
002959.SZ,20260306,0.4395,0.5472,,657149.9623,
688435.SH,20260306,4.9382,5.5882,,427937.5,
001270.SZ,20260306,2.8259,5.3546,,2481417.2931,
002159.SZ,20260306,4.5366,6.6105,,336163.3122,
688127.SH,20260306,3.1041,6.2556,,2289263.028,
603192.SH,20260306,1.8105,6.0227,,443005.8402,
603893.SH,20260306,0.671,1.4055,,7092729.7665,
688257.SH,20260306,3.3392,4.5344,,1935216.0002,
300340.SZ,20260306,1.7385,2.4732,,327586.9961,
000880.SZ,20260306,16.1135,16.1135,,1522815.7417,
605286.SH,20260306,2.9138,10.5953,,713832.0,
603291.SH,20260306,8.3584,13.0197,,499823.5333,
000779.SZ,20260306,2.898,5.3076,,458786.6691,
301024.SZ,20260306,2.0328,7.192,,253894.905,
300063.SZ,20260306,5.5784,6.1917,,958019.7905,
002864.SZ,20260306,3.3964,3.894,,363587.1642,
300055.SZ,20260306,9.2739,10.3885,,899505.8265,
603983.SH,20260306,0.4141,2.1568,,1138840.0,
688517.SH,20260306,5.4738,9.1649,,264483.1242,
300494.SZ,20260306,2.3755,2.5686,,603817.9036,
000887.SZ,20260306,0.9611,1.6161,,2644827.9017,
605577.SH,20260306,0.6212,3.0221,,577777.7785,
603106.SH,20260306,1.0851,2.4455,,525204.68,
688568.SH,20260306,3.2163,7.4952,,6309480.1449,
601101.SH,20260306,1.4153,3.8572,,1215358.2495,
000795.SZ,20260306,1.3655,2.6881,,1152956.7328,
603567.SH,20260306,1.4155,3.4654,,721744.327,
301188.SZ,20260306,3.3444,5.5443,,446135.6764,
603939.SH,20260306,0.4843,1.0008,,2881855.6865,
300441.SZ,20260306,1.0516,2.0118,,505866.4564,
301349.SZ,20260306,12.9619,15.0437,,492150.0,
603331.SH,20260306,6.3253,8.9357,,337026.7852,
301248.SZ,20260306,5.1487,5.8526,,790043.7,
002565.SZ,20260306,4.1494,5.4492,,1507304.2471,
603345.SH,20260306,1.3157,1.7543,,3070590.9305,
600375.SH,20260306,0.8694,0.9991,,881689.2519,
601699.SH,20260306,1.4911,3.9717,,4193955.6984,
300667.SZ,20260306,2.8088,3.1719,,370391.2306,
688787.SH,20260306,8.6177,13.5978,,904153.7978,
300755.SZ,20260306,0.813,2.7118,,591020.1312,
600163.SH,20260306,2.7421,8.0565,,1248365.4698,
301063.SZ,20260306,5.7865,9.5597,,290644.6163,
688757.SH,20260306,2.8272,2.8272,,1125642.3574,
688531.SH,20260306,4.313,4.313,,1254208.494,
300318.SZ,20260306,1.0805,2.3269,,506478.3069,
300610.SZ,20260306,5.5187,5.995,,273060.1346,
603915.SH,20260306,2.9274,8.1978,,1123498.1733,
300510.SZ,20260306,13.736,20.1434,,416468.8035,
301226.SZ,20260306,6.5064,13.4864,,432588.8,
600337.SH,20260306,1.9411,3.6138,,366434.5249,
920179.BJ,20260306,3.2325,4.3971,,351984.15,
688580.SH,20260306,2.6764,7.2189,,543118.9742,
300849.SZ,20260306,2.6494,4.279,,303900.0,
002633.SZ,20260306,4.31,8.9416,,287400.0,
301607.SZ,20260306,4.5036,5.5927,,712602.5294,
603815.SH,20260306,2.1503,4.3206,,418392.7829,
300443.SZ,20260306,2.1545,2.4092,,898297.682,
603938.SH,20260306,5.038,15.0586,,1082062.0775,
688208.SH,20260306,1.3118,2.0975,,2302080.1198,
300422.SZ,20260306,1.9152,3.1596,,279219.4434,
300127.SZ,20260306,2.7268,5.8909,,1161388.0178,
002653.SZ,20260306,1.7102,3.228,,5271453.8848,
600169.SH,20260306,0.5383,1.1087,,830081.5862,
002692.SZ,20260306,3.7069,5.1982,,421551.702,
000688.SZ,20260306,1.5142,4.4776,,4096779.0596,
688066.SH,20260306,4.0763,5.7372,,647185.0388,
688628.SH,20260306,1.2575,2.6142,,483953.656,
603696.SH,20260306,1.7603,4.3681,,417480.0,
300429.SZ,20260306,3.6924,4.1665,,764770.1129,
301556.SZ,20260306,4.7514,5.5951,,847171.52,
688818.SH,20260306,25.0659,25.0659,,10781086.5852,
000425.SZ,20260306,0.8809,0.9683,,14439048.7592,
600325.SH,20260306,1.447,2.013,,1136638.8239,
605376.SH,20260306,3.8743,6.1505,,2547460.8,
600996.SH,20260306,1.2449,2.3501,,1013648.2813,
600132.SH,20260306,1.022,2.5551,,2782350.4173,
002096.SZ,20260306,0.6172,1.6594,,1782513.3865,
600845.SH,20260306,0.8378,2.5647,,6631499.0326,
000153.SZ,20260306,1.8938,2.6665,,311803.9853,
002086.SZ,20260306,4.7064,4.7064,,454475.588,
300020.SZ,20260306,1.7388,1.8676,,369525.2579,
605567.SH,20260306,2.4458,3.958,,230200.0,
000506.SZ,20260306,3.5334,5.2738,,1857106.5042,
603527.SH,20260306,1.4786,2.3955,,346449.5216,
688655.SH,20260306,11.1283,20.1789,,348147.9,
600988.SH,20260306,2.9241,3.4216,,7590242.2449,
002548.SZ,20260306,3.8209,5.5506,,559017.2192,
301131.SZ,20260306,3.9782,4.5971,,243035.3547,
000605.SZ,20260306,2.1056,3.5774,,260262.0468,
600711.SH,20260306,2.7749,3.3821,,4580286.3186,
603719.SH,20260306,0.8946,2.0509,,430273.0,
300730.SZ,20260306,2.5886,3.3399,,311551.5195,
000100.SZ,20260306,3.3147,3.4205,,10067617.4243,
300272.SZ,20260306,4.7989,5.916,,473888.8408,
600239.SH,20260306,1.3647,2.3164,,370913.676,
000759.SZ,20260306,2.4364,3.8272,,426626.552,
000539.SZ,20260306,1.4727,4.6107,,2709146.5368,
002818.SZ,20260306,1.1718,2.3551,,871954.6651,
000548.SZ,20260306,1.9652,2.9035,,290044.3862,
301211.SZ,20260306,0.7556,2.4427,,509472.0,
920368.BJ,20260306,5.1231,8.4757,,1021764.4749,
002339.SZ,20260306,30.5196,36.7274,,659856.7867,
300522.SZ,20260306,1.2286,2.0257,,390488.775,
301096.SZ,20260306,2.7027,3.2111,,512826.7934,
920961.BJ,20260306,1.7245,2.1594,,369814.0752,
688353.SH,20260306,1.8214,4.0699,,1666456.0,
002989.SZ,20260306,1.6334,3.3545,,614902.3931,
301153.SZ,20260306,1.0993,2.5982,,765685.7586,
002880.SZ,20260306,1.2672,4.6078,,665884.8,
603031.SH,20260306,3.4437,4.8949,,1384261.3136,
002792.SZ,20260306,7.5135,9.0059,,2299640.1717,
603040.SH,20260306,1.2566,2.7264,,1266310.7149,
300617.SZ,20260306,20.6494,32.315,,1192598.0578,
600863.SH,20260306,1.2008,2.5675,,4191826.4146,
301159.SZ,20260306,5.1225,7.7339,,356970.25,
688659.SH,20260306,1.7777,3.2334,,172960.0,
301021.SZ,20260306,8.3847,14.1658,,923995.1035,
300102.SZ,20260306,8.6209,13.4611,,3246937.8687,
300088.SZ,20260306,4.0179,4.5106,,1658495.0965,
002261.SZ,20260306,17.8211,19.861,,4919641.906,
000719.SZ,20260306,1.0574,2.3248,,1325048.855,
300568.SZ,20260306,2.2694,2.3518,,1854389.2605,
603068.SH,20260306,1.7163,2.8127,,523818.0379,
002178.SZ,20260306,11.6181,15.8905,,487824.8057,
003035.SZ,20260306,4.7326,18.2409,,3299242.4235,
600803.SH,20260306,0.7285,2.6956,,6600213.8481,
605055.SH,20260306,0.5728,2.2045,,437360.0,
603338.SH,20260306,0.8473,1.9397,,2734278.5466,
605111.SH,20260306,2.3993,3.1046,,1735259.4649,
301029.SZ,20260306,1.6856,2.2873,,1787183.2424,
688611.SH,20260306,1.1085,2.542,,943346.04,
003022.SZ,20260306,0.7467,2.8833,,2723223.152,
603257.SH,20260306,12.863,12.863,,838320.0,
000558.SZ,20260306,2.0392,2.9095,,613670.5997,
300334.SZ,20260306,3.0579,5.1057,,244370.873,
688518.SH,20260306,3.8117,4.4125,,918847.1557,
301016.SZ,20260306,2.2674,7.1001,,554736.0,
600661.SH,20260306,1.6201,2.5484,,296004.9414,
920159.BJ,20260306,34.3859,34.3859,,359100.0,
603466.SH,20260306,8.7786,14.9311,,644748.0446,
300294.SZ,20260306,1.3895,2.3871,,1069511.5733,
002595.SZ,20260306,0.7576,1.5399,,7880000.0,
688285.SH,20260306,0.6579,2.631,,345810.43,
600973.SH,20260306,3.9579,7.1665,,1038124.2497,
600645.SH,20260306,9.2539,12.0149,,1445962.0701,
600180.SH,20260306,1.9722,5.381,,414005.0638,
689009.SH,20260306,1.1175,1.1488,,3483206.981,
002469.SZ,20260306,5.5772,7.2214,,615121.7732,
600999.SH,20260306,0.3471,0.8542,,14018801.2113,
002936.SZ,20260306,1.2815,1.8561,,1727497.358,
300430.SZ,20260306,4.7642,6.5972,,567664.2889,
301062.SZ,20260306,1.9157,2.1478,,381700.7561,
300463.SZ,20260306,1.2739,1.3765,,694761.951,
601177.SH,20260306,0.7957,1.447,,658063.675,
600671.SH,20260306,3.1622,5.5749,,256100.9952,
603985.SH,20260306,2.9375,5.1912,,771060.6472,
000403.SZ,20260306,0.7383,1.1883,,1333407.5326,
300620.SZ,20260306,5.5175,10.8312,,4040711.7177,
002066.SZ,20260306,1.1464,1.9147,,470048.907,
688313.SH,20260306,6.1631,9.6451,,3732955.083,
688336.SH,20260306,0.9986,6.2447,,3597263.4475,
301658.SZ,20260306,28.9395,28.9395,,1462268.0447,
002939.SZ,20260306,0.6347,1.8082,,3820602.3273,
603272.SH,20260306,2.3188,5.3204,,233782.512,
000815.SZ,20260306,13.8291,20.6935,,1133974.0101,
601128.SH,20260306,1.1331,1.3528,,2394527.4227,
001239.SZ,20260306,2.6086,2.9857,,384240.0,
000002.SZ,20260306,0.9653,1.4488,,5631294.8703,
300929.SZ,20260306,2.9102,3.642,,164901.9291,
301563.SZ,20260306,6.1483,6.1483,,968927.5531,
600182.SH,20260306,0.8489,0.8489,,485860.0,
603187.SH,20260306,2.2694,2.8398,,663476.4557,
301108.SZ,20260306,1.8512,3.2939,,348361.5999,
688511.SH,20260306,1.26,2.7952,,284733.8942,
002211.SZ,20260306,1.1342,1.8165,,163043.3687,
301366.SZ,20260306,2.5076,2.5076,,727090.6175,
688799.SH,20260306,2.148,4.6545,,577282.72,
002702.SZ,20260306,4.1293,5.4862,,345682.72,
300800.SZ,20260306,1.3342,2.6299,,304472.074,
920266.BJ,20260306,0.9551,1.7469,,110732.0063,
688393.SH,20260306,1.8636,3.1412,,242714.6112,
603168.SH,20260306,1.4798,2.6215,,268622.8306,
920010.BJ,20260306,13.0646,25.1963,,328534.5,
002407.SZ,20260306,2.4893,2.66,,3405827.5799,
002468.SZ,20260306,2.114,5.3977,,2100260.5718,
300168.SZ,20260306,0.9179,1.1528,,898952.2314,
001233.SZ,20260306,3.8808,3.8808,,1307950.458,
688816.SH,20260306,8.5546,8.5546,,674500.0,
688238.SH,20260306,3.066,4.0648,,500407.2957,
688607.SH,20260306,2.5247,3.3532,,497840.8735,
002716.SZ,20260306,6.9566,8.041,,4197932.8166,
002287.SZ,20260306,0.8123,4.2927,,1428579.1529,
688239.SH,20260306,6.7551,8.7663,,1433919.1684,
601991.SH,20260306,1.0155,3.7481,,7606258.0171,
002129.SZ,20260306,2.3989,3.4237,,3966296.5733,
300645.SZ,20260306,2.6336,3.7414,,265596.9924,
600572.SH,20260306,1.8514,2.7812,,1105906.2135,
300386.SZ,20260306,1.5034,1.8516,,673886.928,
600233.SH,20260306,0.5697,1.1873,,6636372.2871,
603319.SH,20260306,1.5952,2.0853,,1217547.344,
603110.SH,20260306,4.4313,5.4602,,350134.5137,
600667.SH,20260306,6.8912,10.3654,,2129189.9372,
920278.BJ,20260306,1.5726,1.7463,,159318.5,
688416.SH,20260306,4.7957,7.378,,749126.3432,
002218.SZ,20260306,7.6146,12.3363,,888789.9253,
603178.SH,20260306,0.6069,1.5554,,395753.4888,
920493.BJ,20260306,6.4965,8.863,,987056.1741,
600731.SH,20260306,4.9228,6.498,,446993.9328,
603600.SH,20260306,0.941,1.9493,,365459.086,
301273.SZ,20260306,2.2595,4.1511,,227104.4806,
002771.SZ,20260306,5.6402,5.7598,,338139.7292,
920427.BJ,20260306,1.5438,2.6088,,141652.53,
600594.SH,20260306,1.3706,1.7897,,317562.8874,
603993.SH,20260306,1.2671,3.1158,,47110271.0076,
301037.SZ,20260306,3.3667,5.7855,,227455.8383,
600060.SH,20260306,0.9064,1.7374,,2942712.4328,
603156.SH,20260306,0.5745,1.4199,,3939627.6713,
601598.SH,20260306,0.6532,3.2656,,4318598.2387,
300275.SZ,20260306,1.258,1.3148,,371762.1171,
920608.BJ,20260306,1.0401,1.3695,,117571.36,
301630.SZ,20260306,13.1179,13.1179,,787000.0,
301500.SZ,20260306,15.6891,15.6891,,1387459.4954,
300598.SZ,20260306,1.7422,2.3726,,896134.5903,
600577.SH,20260306,3.0471,3.6006,,3180913.7673,
688798.SH,20260306,1.2248,1.526,,1688317.5819,
920260.BJ,20260306,9.508,22.1199,,127884.25,
601003.SH,20260306,0.5669,3.337,,1399285.0872,
300010.SZ,20260306,2.1516,2.1846,,1452828.6993,
688286.SH,20260306,2.0229,2.5026,,410749.9494,
603179.SH,20260306,2.3247,3.598,,4056138.1912,
002414.SZ,20260306,1.4182,3.0545,,6243816.1899,
002021.SZ,20260306,4.9203,6.1261,,424394.4497,
002755.SZ,20260306,1.0802,3.5683,,1357898.5935,
300278.SZ,20260306,1.108,1.5799,,757843.1683,
688069.SH,20260306,2.8609,5.452,,319225.0,
688695.SH,20260306,1.9664,2.4782,,232870.673,
688601.SH,20260306,7.4798,11.9232,,719266.726,
603315.SH,20260306,4.0063,8.3059,,527963.6031,
688299.SH,20260306,2.0816,2.5791,,546621.2844,
300975.SZ,20260306,5.0001,6.4437,,1064171.6806,
300941.SZ,20260306,2.9808,3.5636,,455568.75,
920896.BJ,20260306,1.1782,2.0336,,196982.371,
600426.SH,20260306,1.4816,2.1832,,8683833.4476,
002942.SZ,20260306,2.4133,7.241,,339146.8557,
002040.SZ,20260306,8.8009,26.995,,545524.7292,
688185.SH,20260306,2.3332,5.1226,,1773280.4036,
300006.SZ,20260306,6.2872,9.9802,,554353.3826,
300694.SZ,20260306,1.9523,2.9476,,279369.5739,
002822.SZ,20260306,0.5031,0.5031,,661369.4058,
688165.SH,20260306,1.0538,2.179,,988251.32,
600791.SH,20260306,3.3459,6.1189,,373626.0,
301446.SZ,20260306,2.2621,2.2621,,449072.0,
920045.BJ,20260306,5.4727,7.5696,,2394757.0586,
000544.SZ,20260306,1.1732,4.7363,,885013.5151,
000681.SZ,20260306,3.2028,4.4289,,1639351.2002,
600210.SH,20260306,1.315,1.7943,,1120868.0208,
920363.BJ,20260306,2.4224,3.4487,,176868.85,
600137.SH,20260306,2.6699,6.0401,,215823.0454,
300250.SZ,20260306,3.1546,3.5788,,500387.5303,
600909.SH,20260306,1.8693,3.4878,,2940495.9899,
688610.SH,20260306,3.4086,5.9737,,525572.0,
603017.SH,20260306,2.9006,5.169,,346618.8177,
300479.SZ,20260306,3.456,4.7233,,412209.4896,
600319.SH,20260306,3.0831,5.353,,343510.5142,
002891.SZ,20260306,0.6083,1.2265,,1412312.4398,
301133.SZ,20260306,2.182,4.789,,469468.5018,
300982.SZ,20260306,5.8292,13.6997,,506029.782,
600081.SH,20260306,0.4546,1.8016,,635427.0693,
603662.SH,20260306,0.6558,1.4119,,1713623.8545,
300716.SZ,20260306,2.4422,3.1129,,241630.2,
601016.SH,20260306,3.5639,6.3756,,2196169.8153,
600769.SH,20260306,1.3102,1.6394,,487095.3828,
688015.SH,20260306,0.9211,1.9863,,470758.4513,
003041.SZ,20260306,1.8348,5.6703,,756720.0,
002174.SZ,20260306,2.4574,3.0144,,1057216.0334,
002214.SZ,20260306,1.1815,1.2894,,1095552.7172,
000697.SZ,20260306,2.071,2.7675,,1424010.066,
000026.SZ,20260306,0.9644,1.7442,,621630.4587,
603636.SH,20260306,1.2199,1.8307,,596610.6176,
920571.BJ,20260306,20.2312,26.4604,,660934.8691,
002640.SZ,20260306,4.1117,4.4697,,587381.5814,
600021.SH,20260306,2.3728,5.5491,,6136186.0054,
001226.SZ,20260306,4.3974,7.1841,,348021.4887,
300910.SZ,20260306,2.1848,3.0762,,1631195.2523,
000978.SZ,20260306,2.3656,4.6854,,333308.56,
603683.SH,20260306,11.3352,16.915,,726319.5642,
000037.SZ,20260306,4.0877,6.9222,,608790.222,
920175.BJ,20260306,2.1952,2.6346,,139468.0,
601606.SH,20260306,2.3563,5.7317,,3295239.22,
600084.SH,20260306,0.9964,2.2805,,807959.5908,
300170.SZ,20260306,5.9709,6.0532,,2324544.6778,
002323.SZ,20260306,8.8205,11.5258,,483554.9724,
920405.BJ,20260306,0.7111,1.3204,,322738.26,
600409.SH,20260306,3.2844,6.0283,,1793919.6703,
688260.SH,20260306,2.9896,4.943,,360600.0,
300761.SZ,20260306,2.6038,4.946,,1782547.0657,
000913.SZ,20260306,1.6032,2.7025,,815166.738,
601233.SH,20260306,2.6382,4.4591,,5407470.3868,
920357.BJ,20260306,1.3376,2.2725,,190029.84,
000967.SZ,20260306,0.6548,2.0343,,2609561.7761,
600062.SH,20260306,0.6123,1.5532,,1890538.6664,
601111.SH,20260306,1.0391,3.2344,,13417835.749,
601216.SH,20260306,2.6621,7.0869,,5341265.0079,
002175.SZ,20260306,3.4979,4.3293,,409846.6134,
688576.SH,20260306,1.504,1.5107,,349986.4615,
301040.SZ,20260306,4.9675,7.9946,,383403.9529,
605186.SH,20260306,1.5398,3.0954,,292400.0,
688603.SH,20260306,8.9687,8.9935,,1083232.4909,
688321.SH,20260306,2.1314,3.0241,,1348756.1002,
605368.SH,20260306,2.2527,5.4333,,607440.5278,
688359.SH,20260306,2.78,4.5538,,870615.1215,
603058.SH,20260306,4.7285,9.7242,,558550.7471,
002922.SZ,20260306,5.4689,7.3633,,2032235.8074,
603786.SH,20260306,0.3874,1.8522,,2541874.0698,
301585.SZ,20260306,1.2952,1.5311,,318032.0,
920271.BJ,20260306,0.5986,1.0299,,208924.331,
003003.SZ,20260306,3.7646,4.6773,,247231.28,
300424.SZ,20260306,5.7414,6.7517,,464608.6878,
002533.SZ,20260306,7.2774,9.7178,,1199993.6364,
000761.SZ,20260306,0.4499,2.9728,,1515939.1774,
300712.SZ,20260306,4.5203,7.9405,,579142.1561,
688692.SH,20260306,1.3369,1.8902,,2649136.56,
000935.SZ,20260306,0.6636,1.7894,,2168170.5457,
002150.SZ,20260306,4.803,9.396,,977232.7185,
301191.SZ,20260306,3.9233,6.2485,,774550.14,
688439.SH,20260306,1.0191,2.5426,,1172400.0,
000915.SZ,20260306,1.2466,1.8255,,758062.354,
600243.SH,20260306,2.1033,2.3332,,160180.25,
300759.SZ,20260306,1.1313,1.7159,,5024970.7226,
601059.SH,20260306,0.2986,1.4004,,5668764.0,
600054.SH,20260306,1.3774,3.2627,,921206.2327,
000882.SZ,20260306,1.8443,2.5689,,509147.4621,
001238.SZ,20260306,0.2742,0.8815,,568839.06,
600493.SH,20260306,1.9876,2.9675,,215152.0,
920489.BJ,20260306,2.3123,2.3123,,228842.0784,
301371.SZ,20260306,1.8261,1.8261,,1242008.352,
001278.SZ,20260306,9.6589,9.6589,,299929.7616,
300797.SZ,20260306,0.9935,2.7635,,648341.5877,
600537.SH,20260306,8.9135,8.9135,,411932.8263,
301631.SZ,20260306,2.5549,2.5549,,855731.8834,
301333.SZ,20260306,2.0824,5.3324,,639271.3335,
688368.SH,20260306,1.7371,5.0292,,1159356.3011,
301200.SZ,20260306,0.6018,4.0715,,7010904.823,
002372.SZ,20260306,0.4851,1.1872,,1859500.37,
300002.SZ,20260306,1.8517,1.8812,,2081269.9502,
002063.SZ,20260306,7.2189,9.4623,,1338955.9513,
920100.BJ,20260306,2.0287,2.0287,,441084.3768,
300311.SZ,20260306,1.7265,1.95,,369149.3222,
003009.SZ,20260306,5.1021,12.9762,,1117409.7637,
002689.SZ,20260306,0.8531,1.7507,,402717.9399,
600578.SH,20260306,0.605,2.9542,,3722209.2843,
300685.SZ,20260306,1.3548,1.7484,,785421.5049,
600621.SH,20260306,1.0824,2.4192,,1666672.7877,
688090.SH,20260306,1.2818,1.9138,,665203.6679,
301636.SZ,20260306,15.2261,15.2261,,506855.0433,
300404.SZ,20260306,3.8348,4.2606,,391625.9953,
601155.SH,20260306,0.7022,2.1409,,3554861.6211,
603366.SH,20260306,1.2766,3.2299,,757760.8301,
300480.SZ,20260306,18.7535,21.4477,,1154105.6281,
603616.SH,20260306,12.8593,19.971,,291531.91,
688789.SH,20260306,0.438,0.8288,,1489095.6999,
301259.SZ,20260306,3.3049,3.8407,,573300.0,
300452.SZ,20260306,3.287,3.9921,,361059.1508,
000571.SZ,20260306,2.3416,3.3022,,625151.105,
600581.SH,20260306,1.5487,3.0987,,447606.178,
000721.SZ,20260306,1.4115,2.1836,,483809.7616,
603618.SH,20260306,17.9156,38.1739,,1325367.0559,
600790.SH,20260306,0.653,1.0706,,571658.4619,
603817.SH,20260306,2.5254,4.8923,,408180.1719,
002620.SZ,20260306,3.4637,4.9089,,251788.498,
603228.SH,20260306,1.7963,4.2154,,6132427.3939,
600100.SH,20260306,1.2295,1.7992,,2985115.2623,
600162.SH,20260306,1.3612,4.2368,,614466.3669,
920195.BJ,20260306,2.3563,4.261,,210274.35,
002889.SZ,20260306,0.5805,1.3076,,544218.8272,
000012.SZ,20260306,2.0584,3.3909,,1486214.9798,
301121.SZ,20260306,5.1117,6.294,,405977.4422,
301056.SZ,20260306,1.0629,2.3268,,421522.9339,
600278.SH,20260306,0.6945,1.8276,,701892.0234,
601098.SH,20260306,0.5687,1.6106,,1932496.0,
000897.SZ,20260306,1.6141,2.0411,,359034.4359,
600567.SH,20260306,2.0339,2.7163,,1078574.5153,
920475.BJ,20260306,1.0134,1.5047,,159674.8,
301280.SZ,20260306,4.1314,4.3963,,773218.1314,
920023.BJ,20260306,1.9009,2.123,,144013.76,
301139.SZ,20260306,4.0295,4.5222,,225532.384,
688785.SH,20260306,9.2001,9.2001,,2167334.1379,
301218.SZ,20260306,16.91,20.5738,,439168.04,
920866.BJ,20260306,5.7311,7.9173,,162005.1041,
002484.SZ,20260306,2.1366,3.3378,,2713171.3718,
688051.SH,20260306,1.272,3.0022,,270746.334,
601138.SH,20260306,0.4378,2.6905,,107889577.6782,
300813.SZ,20260306,3.012,4.7116,,307724.817,
600238.SH,20260306,1.3678,1.6813,,246958.2,
601975.SH,20260306,13.9314,20.1226,,2166999.5859,
300618.SZ,20260306,3.6611,4.6228,,1493669.0699,
002671.SZ,20260306,2.1087,3.5591,,334556.4495,
000923.SZ,20260306,4.2904,6.8161,,1409241.8268,
002427.SZ,20260306,2.4658,6.1885,,722322.2255,
601799.SH,20260306,0.7623,1.6679,,4095500.1508,
002562.SZ,20260306,10.0465,11.2468,,798832.52,
300459.SZ,20260306,2.4818,2.5423,,1631336.2757,
002180.SZ,20260306,0.487,0.7038,,2751335.716,
300833.SZ,20260306,8.781,18.9021,,462196.287,
600218.SH,20260306,6.4502,9.8201,,486129.5096,
601106.SH,20260306,1.224,3.0505,,3367171.4172,
002598.SZ,20260306,2.4165,3.7625,,312359.1921,
688197.SH,20260306,3.7205,4.2701,,585508.0534,
688478.SH,20260306,1.3323,2.0427,,493275.1322,
600785.SH,20260306,2.9574,5.1096,,439304.1022,
603123.SH,20260306,8.086,16.2569,,1118231.331,
600633.SH,20260306,1.7789,3.4747,,1658641.4094,
003038.SZ,20260306,3.7407,4.5171,,411114.7556,
301301.SZ,20260306,2.4959,2.4959,,2428562.565,
688292.SH,20260306,2.2103,3.8879,,421999.4667,
603912.SH,20260306,4.1938,7.4372,,519085.5135,
688276.SH,20260306,0.3674,1.1035,,782640.1754,
002901.SZ,20260306,0.5406,2.1299,,1879648.5572,
002544.SZ,20260306,1.5845,2.4568,,2040240.6022,
603330.SH,20260306,1.7511,2.7004,,331860.6888,
601375.SH,20260306,1.344,1.7654,,1982511.7669,
301575.SZ,20260306,3.4322,3.4322,,429016.5,
688082.SH,20260306,0.3635,1.9,,7721049.8071,
920015.BJ,20260306,2.9889,2.9889,,630520.5682,
002462.SZ,20260306,1.5131,2.116,,447770.4292,
603659.SH,20260306,3.3457,7.1611,,5684957.9412,
300499.SZ,20260306,18.4999,19.27,,1153839.5719,
688026.SH,20260306,1.0289,1.8481,,248444.8907,
301181.SZ,20260306,1.5386,3.6153,,508842.4451,
920679.BJ,20260306,0.7535,1.5876,,114492.5,
300943.SZ,20260306,15.8289,19.1973,,733344.36,
688179.SH,20260306,4.022,7.4854,,608338.1591,
300858.SZ,20260306,1.6378,1.9991,,439509.8568,
601880.SH,20260306,0.9737,3.003,,4077915.7278,
920670.BJ,20260306,3.4409,4.1779,,196968.352,
300836.SZ,20260306,2.5856,2.9846,,554259.9478,
300348.SZ,20260306,2.6828,2.7556,,1091657.4172,
002210.SZ,20260306,1.4656,2.0923,,814337.2288,
300381.SZ,20260306,1.7209,2.4276,,338832.4081,
002748.SZ,20260306,8.0029,17.2904,,321360.0,
300918.SZ,20260306,1.738,3.343,,816394.8308,
002395.SZ,20260306,1.4304,4.0321,,517106.952,
300843.SZ,20260306,5.6901,13.2732,,895301.8957,
300684.SZ,20260306,4.4976,5.2044,,1589495.4465,
603667.SH,20260306,3.8679,6.0768,,2657533.5019,
688779.SH,20260306,2.2209,3.9417,,2180017.8587,
300267.SZ,20260306,4.3654,5.7705,,839480.1821,
300553.SZ,20260306,2.01,2.3542,,440756.7088,
601933.SH,20260306,1.2469,2.6884,,3775215.3891,
920942.BJ,20260306,4.7286,6.0214,,184410.5897,
601658.SH,20260306,0.1518,0.9876,,60047526.746,
002819.SZ,20260306,0.8629,1.7242,,838608.6699,
688718.SH,20260306,1.0813,2.9559,,275053.1978,
603306.SH,20260306,3.1644,4.3403,,2746005.6045,
002424.SZ,20260306,1.3276,1.626,,721160.7744,
603328.SH,20260306,1.9937,4.8604,,1224090.6411,
603989.SH,20260306,1.1939,3.4934,,751301.2562,
603194.SH,20260306,0.7475,0.7475,,1456833.0,
600884.SH,20260306,4.2344,4.6171,,3196415.6783,
688325.SH,20260306,1.6406,3.2041,,946667.7749,
002237.SZ,20260306,2.8834,4.2131,,2526757.7109,
300113.SZ,20260306,4.8227,5.3957,,1672686.2027,
601808.SH,20260306,2.4021,12.9387,,8941963.408,
603488.SH,20260306,3.2609,5.1801,,297830.2488,
603006.SH,20260306,1.2132,4.3031,,344260.2545,
600797.SH,20260306,3.4081,3.6373,,1021361.2118,
300041.SZ,20260306,3.1439,3.8175,,687545.2143,
300678.SZ,20260306,2.4513,3.6602,,933320.4367,
601001.SH,20260306,1.2635,2.9698,,2835247.8,
300832.SZ,20260306,1.1311,2.2307,,4280595.9407,
600400.SH,20260306,1.0903,2.9252,,517850.0386,
688213.SH,20260306,1.6521,1.8021,,3600645.6363,
301393.SZ,20260306,2.5132,2.5132,,523260.0,
600111.SH,20260306,2.4653,3.9781,,19629807.5221,
688410.SH,20260306,2.071,3.8851,,492824.1591,
300621.SZ,20260306,2.6534,4.3601,,188291.3135,
300919.SZ,20260306,1.1978,2.6891,,5370734.1303,
301125.SZ,20260306,2.1338,3.6761,,331430.017,
600776.SH,20260306,1.8009,4.1953,,2095008.1068,
600231.SH,20260306,0.9553,3.2008,,678210.5496,
301102.SZ,20260306,0.6762,2.7048,,466088.0,
600155.SH,20260306,1.048,1.171,,1469792.2047,
600110.SH,20260306,3.881,5.5335,,1341294.8604,
300266.SZ,20260306,4.3352,7.3456,,430404.626,
000705.SZ,20260306,1.9408,2.1825,,306725.1765,
603439.SH,20260306,0.4172,0.8297,,481719.7944,
300204.SZ,20260306,3.286,5.1635,,1235042.0547,
300328.SZ,20260306,3.1733,4.3565,,1242762.48,
688151.SH,20260306,0.8882,2.9952,,787182.5,
603768.SH,20260306,1.2025,2.7492,,278408.3527,
002155.SZ,20260306,8.0121,12.3384,,5781809.8692,
300027.SZ,20260306,3.3651,3.3943,,491087.5477,
688215.SH,20260306,0.9921,2.3781,,431532.0586,
600800.SH,20260306,15.2696,24.5971,,565013.0149,
600716.SH,20260306,2.1476,4.4856,,451181.2044,
002701.SZ,20260306,1.4092,2.1207,,1395069.4556,
300979.SZ,20260306,0.1357,0.8747,,5508240.0,
600489.SH,20260306,1.3457,2.4845,,15278729.2017,
920014.BJ,20260306,27.906,42.9656,,223607.1234,
003027.SZ,20260306,3.568,5.0944,,299094.6816,
600377.SH,20260306,0.2337,1.8884,,6141014.2025,
603163.SH,20260306,5.5641,20.6994,,1085200.0,
300194.SZ,20260306,1.3687,1.4776,,512766.0366,
300350.SZ,20260306,7.4597,7.9553,,370928.1041,
000639.SZ,20260306,2.8574,3.5726,,304398.7228,
300152.SZ,20260306,5.0914,5.4087,,170359.2,
600302.SH,20260306,2.0637,3.606,,416249.7942,
300448.SZ,20260306,8.1474,13.3955,,747551.3723,
002383.SZ,20260306,10.9719,19.0291,,926931.1019,
603681.SH,20260306,7.9746,12.794,,423356.4431,
300426.SZ,20260306,1.4237,1.9136,,368413.1386,
688045.SH,20260306,2.2915,4.2874,,321882.5078,
920946.BJ,20260306,0.554,2.0027,,449545.012,
300787.SZ,20260306,2.7751,3.5819,,397746.5024,
002296.SZ,20260306,4.185,4.3514,,537231.3992,
300406.SZ,20260306,0.7,1.1315,,737576.254,
300625.SZ,20260306,2.0875,3.3232,,356426.356,
688448.SH,20260306,2.2717,3.0799,,453200.7975,
688595.SH,20260306,1.7622,3.0262,,484008.696,
600618.SH,20260306,6.0139,21.3685,,1842145.1618,
688778.SH,20260306,0.9325,2.6898,,3812941.1321,
605169.SH,20260306,2.9042,9.9006,,393486.08,
688366.SH,20260306,0.3106,0.6912,,971817.1229,
000670.SZ,20260306,3.2765,3.8588,,685072.1818,
301608.SZ,20260306,1.4472,2.0387,,783556.95,
000800.SZ,20260306,0.4652,2.1281,,3307100.8152,
002672.SZ,20260306,1.8414,3.8013,,561469.9474,
300628.SZ,20260306,0.9133,1.2769,,4481693.8782,
603324.SH,20260306,0.6396,1.7766,,370971.105,
002975.SZ,20260306,3.3503,4.1604,,1242184.7932,
301456.SZ,20260306,1.5983,1.9339,,456909.9838,
605378.SH,20260306,0.6031,2.1681,,539418.9696,
920304.BJ,20260306,5.4279,9.3957,,229312.944,
603090.SH,20260306,1.8759,3.7759,,713300.0,
600217.SH,20260306,1.235,1.9659,,679638.0059,
002490.SZ,20260306,38.3301,67.8338,,1053159.888,
300383.SZ,20260306,4.9124,6.4155,,2674818.1563,
300385.SZ,20260306,8.6797,13.5598,,412767.8097,
601609.SH,20260306,1.8344,3.7628,,1927431.5852,
002177.SZ,20260306,19.1905,19.7094,,666042.3823,
605268.SH,20260306,1.2825,7.1625,,622145.685,
002486.SZ,20260306,3.6116,4.5951,,257176.3272,
300589.SZ,20260306,13.6433,15.7623,,736830.2602,
301331.SZ,20260306,1.0165,2.8144,,287685.7161,
600550.SH,20260306,11.1636,25.0154,,3445499.7861,
300270.SZ,20260306,2.1731,2.9904,,336114.6911,
000798.SZ,20260306,10.3944,21.9051,,415615.4968,
301282.SZ,20260306,6.8127,11.1046,,469289.6006,
603712.SH,20260306,1.0514,2.0341,,1527016.0,
688079.SH,20260306,6.4354,14.4522,,541378.6844,
601686.SH,20260306,0.5837,1.1512,,909145.8236,
002860.SZ,20260306,1.7836,2.8462,,479496.7838,
000751.SZ,20260306,6.4208,8.4031,,1076009.9763,
002580.SZ,20260306,2.2922,2.9829,,604553.4987,
605258.SH,20260306,2.8031,6.8394,,308000.0,
000028.SZ,20260306,0.6319,1.8167,,1422023.7717,
301004.SZ,20260306,0.6303,2.1498,,792748.516,
688268.SH,20260306,3.8299,8.3784,,818735.2803,
600742.SH,20260306,1.3891,2.4342,,789870.5264,
300642.SZ,20260306,2.1872,2.5637,,287702.9526,
688591.SH,20260306,1.5947,1.5952,,944196.1482,
600399.SH,20260306,6.1993,8.9849,,1459354.0,
600015.SH,20260306,0.3538,1.068,,10917640.929,
920274.BJ,20260306,1.7322,5.6332,,204634.6683,
688289.SH,20260306,0.5769,1.0986,,1062597.603,
300823.SZ,20260306,3.4544,4.6268,,232887.2886,
600586.SH,20260306,3.4803,5.1399,,901426.7772,
301592.SZ,20260306,4.6024,4.6024,,871430.0,
300545.SZ,20260306,10.6644,12.4124,,629826.8329,
920593.BJ,20260306,0.9419,1.8254,,578905.9605,
603980.SH,20260306,6.969,10.7552,,524545.854,
002342.SZ,20260306,7.2833,10.0703,,1370880.0,
300543.SZ,20260306,2.3165,2.569,,332106.5261,
920992.BJ,20260306,2.6232,4.1125,,158832.1936,
002309.SZ,20260306,6.1335,6.545,,1046667.554,
688309.SH,20260306,4.4918,8.8396,,388113.4029,
002800.SZ,20260306,15.5879,30.7396,,370736.2181,
000755.SZ,20260306,0.7237,3.1911,,815824.469,
002996.SZ,20260306,5.5299,7.7665,,546260.4582,
688486.SH,20260306,0.861,1.8359,,925560.7684,
600012.SH,20260306,0.3573,1.6986,,2496252.7498,
002405.SZ,20260306,2.9344,3.2486,,2501034.4988,
600105.SH,20260306,7.1592,9.5296,,3944461.9758,
601999.SH,20260306,1.0498,3.2326,,395556.7546,
603969.SH,20260306,0.8977,1.5008,,883064.32,
002216.SZ,20260306,3.1292,6.3808,,1107771.9005,
600547.SH,20260306,1.2373,2.7339,,21214895.6741,
001382.SZ,20260306,19.3212,19.3212,,910932.0,
002522.SZ,20260306,2.7116,3.6165,,543467.6322,
300861.SZ,20260306,2.4253,3.9078,,1187813.8979,
600561.SH,20260306,1.8949,3.1453,,201694.0512,
300368.SZ,20260306,2.6165,3.7375,,652187.3047,
000553.SZ,20260306,0.5956,3.7161,,1451472.7302,
601600.SH,20260306,2.85,4.8472,,23965494.9438,
300631.SZ,20260306,2.5871,3.5226,,361875.6691,
603199.SH,20260306,2.0971,3.787,,457772.48,
301522.SZ,20260306,3.0323,4.6147,,1466270.268,
688189.SH,20260306,1.6199,2.9075,,223636.0,
002429.SZ,20260306,8.0079,17.3881,,4798557.0434,
000869.SZ,20260306,0.3774,1.5665,,1297392.0127,
001367.SZ,20260306,4.7497,4.7497,,351169.516,
603166.SH,20260306,0.8092,1.982,,986554.1947,
600156.SH,20260306,2.2975,3.8493,,326513.89,
002549.SZ,20260306,5.4345,9.8517,,1433807.3719,
002373.SZ,20260306,1.4448,1.9878,,1700282.5193,
603860.SH,20260306,1.6146,3.0032,,217110.08,
002003.SZ,20260306,0.7856,1.1601,,1220989.6736,
002165.SZ,20260306,11.5096,14.3726,,897764.471,
300842.SZ,20260306,5.306,5.9287,,1518173.3144,
002263.SZ,20260306,3.8975,5.4061,,678087.9961,
603885.SH,20260306,0.6504,1.5486,,2812998.7852,
603511.SH,20260306,0.471,3.3613,,604863.7662,
300676.SZ,20260306,1.1062,1.789,,1886191.6912,
000607.SZ,20260306,1.6848,3.1535,,441681.1099,
002870.SZ,20260306,1.263,2.2528,,503076.0975,
600501.SH,20260306,1.6858,3.1298,,1110631.6232,
300579.SZ,20260306,1.2752,2.6546,,805410.0,
920121.BJ,20260306,1.9545,1.9545,,263215.6411,
688584.SH,20260306,0.8232,1.8748,,1446706.4594,
300080.SZ,20260306,3.2874,7.7487,,1049093.0442,
002990.SZ,20260306,1.3449,2.1387,,687361.8623,
688593.SH,20260306,6.3899,8.5162,,1562400.0008,
300326.SZ,20260306,0.6955,0.849,,443113.8375,
002656.SZ,20260306,1.8674,2.3497,,202355.6357,
002589.SZ,20260306,2.1452,2.621,,484516.7717,
002945.SZ,20260306,1.2643,12.6425,,4752000.0,
600328.SH,20260306,3.3182,6.1083,,1410589.7707,
600970.SH,20260306,0.6125,1.4866,,2902354.2131,
002892.SZ,20260306,1.0749,1.3147,,886743.6623,
000400.SZ,20260306,7.5312,12.1828,,3425626.6234,
603359.SH,20260306,2.4877,4.6119,,304237.472,
301028.SZ,20260306,1.5879,3.4899,,573386.1842,
002148.SZ,20260306,1.8358,1.9667,,455015.6866,
300220.SZ,20260306,1.849,3.6822,,230882.4,
300655.SZ,20260306,2.7922,3.2866,,1736073.5338,
300013.SZ,20260306,5.1968,5.6983,,235627.4533,
688059.SH,20260306,3.0106,4.6934,,1293128.8705,
688385.SH,20260306,2.0138,3.2824,,6578997.7278,
002481.SZ,20260306,0.7158,1.1822,,600810.1955,
603049.SH,20260306,3.1965,3.1965,,4638271.6118,
603866.SH,20260306,0.9272,2.4845,,831853.9606,
300357.SZ,20260306,1.6069,2.9036,,1285922.304,
002639.SZ,20260306,13.9063,14.7897,,1698179.5872,
688630.SH,20260306,3.7739,5.9236,,2483049.0152,
301591.SZ,20260306,2.9718,2.9718,,390569.16,
002947.SZ,20260306,3.0755,3.6257,,1209308.0659,
603015.SH,20260306,1.563,3.2563,,571161.447,
301176.SZ,20260306,7.152,7.152,,448026.6676,
301059.SZ,20260306,3.4814,11.0697,,353665.62,
600768.SH,20260306,3.1453,5.0125,,236063.808,
300051.SZ,20260306,2.9786,3.7136,,353416.8055,
002028.SZ,20260306,1.6963,1.8712,,18239158.147,
002965.SZ,20260306,1.5592,1.7032,,894862.5705,
300635.SZ,20260306,5.1543,6.0148,,196719.67,
300643.SZ,20260306,5.0907,9.0153,,501126.4342,
300207.SZ,20260306,2.0907,2.7328,,4618656.115,
601995.SH,20260306,0.4366,1.2929,,16605763.6259,
603019.SH,20260306,1.4795,1.7715,,12317971.7855,
601288.SH,20260306,0.0977,1.0903,,234488632.6949,
600612.SH,20260306,0.514,1.6816,,2195525.2555,
002248.SZ,20260306,5.0036,6.0653,,428033.8752,
300376.SZ,20260306,3.1463,6.5192,,1781103.9641,
600686.SH,20260306,2.0054,3.6461,,1216112.4192,
000623.SZ,20260306,0.852,1.1746,,2237520.2691,
300045.SZ,20260306,3.8687,4.1859,,1672592.2957,
000518.SZ,20260306,0.8898,1.3724,,289305.2984,
600167.SH,20260306,0.384,1.2892,,1554571.3981,
603299.SH,20260306,2.7783,7.4672,,1173779.3168,
002108.SZ,20260306,2.7364,3.4108,,829244.8976,
300079.SZ,20260306,2.9196,2.9983,,831374.3601,
600025.SH,20260306,0.3517,3.5165,,19190027.0847,
688132.SH,20260306,2.2372,2.9346,,279333.2493,
688259.SH,20260306,1.9739,3.6314,,441103.3,
301316.SZ,20260306,2.993,5.4243,,1872136.0,
688180.SH,20260306,1.7652,2.7306,,3204299.0874,
920242.BJ,20260306,0.8896,1.1928,,175396.3088,
688251.SH,20260306,4.3131,10.0097,,322833.3102,
603127.SH,20260306,2.505,3.9139,,2499825.6619,
000929.SZ,20260306,0.8322,1.1322,,191338.98,
920130.BJ,20260306,4.106,7.7297,,215387.9561,
002191.SZ,20260306,0.6476,0.9421,,567645.5241,
600582.SH,20260306,0.7471,1.9085,,2507984.8686,
300845.SZ,20260306,4.9073,5.4454,,258696.5038,
603565.SH,20260306,0.6787,1.6562,,2318469.6657,
002076.SZ,20260306,1.5884,1.7976,,237352.6411,
688409.SH,20260306,1.4748,2.4694,,2995047.5512,
688503.SH,20260306,4.1689,4.5401,,2164022.8021,
002270.SZ,20260306,3.9473,6.9902,,3306175.615,
920124.BJ,20260306,1.9566,2.2347,,263109.2342,
301112.SZ,20260306,0.6436,1.9574,,393762.0286,
301109.SZ,20260306,4.5035,4.6483,,1370668.1626,
002908.SZ,20260306,1.5033,1.9075,,421509.15,
300195.SZ,20260306,4.1136,4.4161,,392353.3821,
603165.SH,20260306,2.2763,4.3909,,397751.836,
300085.SZ,20260306,4.7457,7.0266,,2688767.2357,
688112.SH,20260306,1.4783,4.7677,,716270.8109,
300806.SZ,20260306,3.6786,4.0857,,2300500.0527,
605399.SH,20260306,4.3812,11.9623,,519509.6658,
600388.SH,20260306,1.0232,1.5298,,2535012.4008,
300364.SZ,20260306,11.2856,12.9582,,2110464.8418,
301626.SZ,20260306,9.7705,9.7705,,3064131.84,
000592.SZ,20260306,14.6554,17.7174,,2325864.194,
600061.SH,20260306,0.4704,1.3037,,4654820.1605,
688252.SH,20260306,1.6827,2.0144,,855263.624,
002467.SZ,20260306,5.6806,6.5186,,920123.783,
300164.SZ,20260306,31.3007,35.1782,,1194571.0169,
601236.SH,20260306,0.2702,1.1654,,3749846.2549,
300487.SZ,20260306,1.0952,1.3407,,3742133.4888,
000739.SZ,20260306,0.6655,1.3614,,2049286.6859,
002314.SZ,20260306,1.9088,2.9895,,709439.0184,
301353.SZ,20260306,3.6919,3.6919,,291107.4033,
600744.SH,20260306,22.2413,49.5787,,1844260.8408,
002276.SZ,20260306,3.0591,4.1178,,1686473.8439,
688352.SH,20260306,2.7785,2.7785,,1652761.8303,
605077.SH,20260306,2.6286,4.2144,,496092.7403,
002517.SZ,20260306,1.6005,1.7822,,4648900.4772,
301220.SZ,20260306,11.3725,13.3023,,455368.6519,
301212.SZ,20260306,4.1537,14.4225,,334800.0,
300042.SZ,20260306,16.618,22.1249,,773744.4,
688450.SH,20260306,3.0938,4.5132,,215160.0,
601136.SH,20260306,0.2439,1.3847,,4769667.481,
002773.SZ,20260306,0.8432,1.8222,,2574170.7455,
600329.SH,20260306,0.5348,1.2573,,3224385.0686,
920541.BJ,20260306,1.0885,1.6517,,190833.2,
600336.SH,20260306,0.7853,1.28,,596117.0324,
603150.SH,20260306,2.7437,4.5272,,479132.215,
920547.BJ,20260306,1.3383,2.1053,,187849.584,
601199.SH,20260306,0.9704,2.7528,,578895.1707,
600936.SH,20260306,0.9691,1.476,,671752.5481,
301629.SZ,20260306,8.015,8.015,,1179004.1269,
003004.SZ,20260306,0.959,1.9338,,245259.3549,
600161.SH,20260306,0.4314,0.8648,,3140065.8562,
002185.SZ,20260306,4.0613,5.2261,,4576111.305,
002142.SZ,20260306,0.2938,0.5885,,20933382.8106,
002098.SZ,20260306,1.0687,2.525,,344038.0,
002337.SZ,20260306,1.5678,2.4961,,400847.3258,
002295.SZ,20260306,1.2518,1.7892,,291717.024,
600080.SH,20260306,5.8008,7.7754,,321012.4451,
601908.SH,20260306,3.3766,6.2496,,980328.7616,
300074.SZ,20260306,2.7211,3.2082,,262391.7852,
600179.SH,20260306,1.8196,3.0425,,1988817.6801,
920123.BJ,20260306,1.0373,1.648,,156379.08,
300937.SZ,20260306,2.3297,2.8039,,305559.3823,
688047.SH,20260306,1.3836,3.3885,,6013396.0,
605003.SH,20260306,1.3745,5.1575,,377190.0,
002550.SZ,20260306,2.2098,2.5362,,976487.4,
600834.SH,20260306,0.5987,1.4403,,410071.0564,
920665.BJ,20260306,2.4712,3.8222,,167947.08,
688676.SH,20260306,4.4355,8.5527,,4692559.219,
300613.SZ,20260306,1.2759,2.2382,,979661.7144,
601022.SH,20260306,2.5849,13.6051,,1296855.634,
600883.SH,20260306,2.8309,5.2051,,206104.824,
001390.SZ,20260306,2.8391,2.8391,,453000.0,
600368.SH,20260306,0.8935,1.857,,650300.1586,
003023.SZ,20260306,12.2109,24.8614,,270201.204,
920476.BJ,20260306,1.309,1.7743,,194635.843,
300165.SZ,20260306,3.3383,3.9576,,273026.9605,
002868.SZ,20260306,1.6502,3.5535,,654611.5054,
002527.SZ,20260306,1.2044,1.4127,,1003874.7946,
002133.SZ,20260306,2.391,3.5322,,294174.7865,
920395.BJ,20260306,0.5849,0.9632,,173795.1169,
001338.SZ,20260306,2.0589,4.2466,,654758.7384,
002457.SZ,20260306,3.3995,4.6278,,452875.0744,
000510.SZ,20260306,10.3552,11.5449,,1308112.419,
601231.SH,20260306,2.5206,8.7623,,9420241.3226,
600207.SH,20260306,4.6149,10.1413,,626354.7186,
600226.SH,20260306,1.8067,2.9264,,1710269.2038,
688161.SH,20260306,0.2935,1.5314,,1181600.0,
301381.SZ,20260306,1.2574,2.0747,,805706.0254,
000069.SZ,20260306,0.5875,1.1834,,1977288.481,
601360.SH,20260306,1.1354,2.758,,8070490.2345,
600109.SH,20260306,0.5732,0.9048,,3275542.5804,
001203.SZ,20260306,1.523,4.2441,,5489961.0377,
000955.SZ,20260306,2.2755,3.013,,297194.04,
600527.SH,20260306,4.28,6.1039,,410427.3338,
002719.SZ,20260306,4.639,5.7584,,166825.5998,
688772.SH,20260306,1.7821,2.9673,,1881692.64,
301209.SZ,20260306,0.966,2.6948,,1057280.0,
000830.SZ,20260306,2.633,5.1556,,3848628.7212,
003030.SZ,20260306,2.2501,3.4041,,260041.52,
000156.SZ,20260306,0.7416,1.4145,,1473081.2914,
688657.SH,20260306,2.4203,2.8218,,313682.4109,
300098.SZ,20260306,2.1331,2.2481,,1013127.0663,
002181.SZ,20260306,2.6452,8.1097,,1171507.6976,
000927.SZ,20260306,1.5191,4.8479,,1790904.6777,
603657.SH,20260306,1.3076,4.015,,384345.3122,
603612.SH,20260306,2.7972,3.7699,,1602900.1491,
603779.SH,20260306,2.4715,3.704,,224820.0245,
300576.SZ,20260306,2.3692,2.7819,,1385235.7897,
600697.SH,20260306,3.219,4.2994,,210473.5232,
300179.SZ,20260306,15.4752,19.8645,,1262882.218,
301207.SZ,20260306,1.0938,4.6381,,1167195.405,
002629.SZ,20260306,9.4225,11.6654,,284633.464,
688557.SH,20260306,1.9533,3.602,,366258.2759,
002545.SZ,20260306,2.324,5.1546,,3604047.8545,
688629.SH,20260306,10.8413,10.8413,,5410211.8646,
002992.SZ,20260306,0.8113,1.4805,,962221.1382,
000422.SZ,20260306,9.155,13.7955,,1982788.6067,
300466.SZ,20260306,3.8405,6.3113,,546776.0361,
600173.SH,20260306,1.9657,4.908,,559704.489,
688484.SH,20260306,1.5226,1.5226,,1693546.1532,
300892.SZ,20260306,2.494,4.1684,,300200.0,
603321.SH,20260306,1.7011,3.8144,,274227.1226,
600303.SH,20260306,2.8608,3.4037,,231741.8275,
301525.SZ,20260306,5.1001,5.7199,,830132.1819,
000410.SZ,20260306,1.3567,1.9394,,2013295.4868,
300234.SZ,20260306,5.2552,6.197,,316494.6156,
603400.SH,20260306,9.6282,9.6282,,710000.0,
300599.SZ,20260306,3.5152,4.017,,364219.8036,
000554.SZ,20260306,22.2597,22.2597,,499063.4641,
002038.SZ,20260306,2.1552,2.8956,,643121.1,
000158.SZ,20260306,3.854,5.8577,,3368285.4311,
002122.SZ,20260306,0.734,1.1011,,604453.1737,
603230.SH,20260306,0.5068,1.7914,,414682.479,
301289.SZ,20260306,0.9113,3.7168,,451620.0,
000920.SZ,20260306,5.3295,11.4123,,647018.3105,
300019.SZ,20260306,2.6873,4.5171,,858566.8728,
300024.SZ,20260306,1.0438,1.403,,2575444.8178,
920061.BJ,20260306,1.6306,2.972,,200335.7,
300772.SZ,20260306,1.804,3.0188,,1554811.0651,
600392.SH,20260306,4.1186,5.5838,,4881621.9975,
600475.SH,20260306,3.0958,9.8412,,2098344.7752,
688543.SH,20260306,10.3242,10.3242,,1596388.462,
000898.SZ,20260306,0.708,2.7409,,2445366.7483,
600546.SH,20260306,1.4245,3.3844,,2323438.5961,
301231.SZ,20260306,11.2709,11.2709,,294978.0,
301551.SZ,20260306,2.0045,2.4147,,1308832.72,
600961.SH,20260306,2.9026,4.6751,,2384996.0188,
603596.SH,20260306,2.0182,3.2358,,3110194.5975,
301137.SZ,20260306,8.0774,23.254,,1066335.591,
605122.SH,20260306,1.3268,3.9968,,239744.414,
301012.SZ,20260306,5.3312,8.3573,,583002.0795,
600828.SH,20260306,3.838,25.6467,,1108468.8294,
600165.SH,20260306,0.6931,1.946,,607572.2994,
000682.SZ,20260306,2.9655,5.0647,,1969527.9733,
920110.BJ,20260306,5.3707,8.1039,,146874.0,
688565.SH,20260306,2.4113,3.7042,,213814.44,
002721.SZ,20260306,1.2561,1.7968,,869616.8071,
603583.SH,20260306,0.7843,1.6419,,1332838.6495,
600108.SH,20260306,25.3246,35.2139,,1074697.1468,
600583.SH,20260306,3.8762,8.6887,,3338122.874,
603308.SH,20260306,4.2574,6.4963,,4597076.7056,
688135.SH,20260306,3.0368,4.2803,,634570.6337,
300626.SZ,20260306,4.0877,7.0532,,353700.0,
688583.SH,20260306,6.6954,6.6954,,1247589.2,
600523.SH,20260306,1.2834,2.3908,,615361.829,
603895.SH,20260306,5.739,10.9542,,333318.72,
002602.SZ,20260306,1.4866,1.8242,,13429383.1907,
603579.SH,20260306,2.6516,5.2271,,447944.667,
002528.SZ,20260306,2.5056,5.3465,,382377.3512,
002271.SZ,20260306,2.1552,2.2482,,4087065.4707,
301152.SZ,20260306,3.299,3.6317,,340071.38,
688520.SH,20260306,1.0872,4.5716,,1776444.1631,
002823.SZ,20260306,2.2479,2.693,,533927.9111,
301070.SZ,20260306,1.5624,1.9123,,556357.1934,
000545.SZ,20260306,21.3688,25.0654,,370062.411,
920062.BJ,20260306,14.608,16.7785,,242864.9785,
600643.SH,20260306,0.798,1.5966,,753569.778,
600875.SH,20260306,8.2824,14.7181,,15292869.3616,
002299.SZ,20260306,1.8602,3.958,,2461361.2076,
603613.SH,20260306,0.7704,1.1778,,1886367.9944,
600688.SH,20260306,3.4121,13.3964,,3721543.9775,
688153.SH,20260306,0.8104,2.3849,,1530623.3695,
002806.SZ,20260306,4.0605,4.3815,,339116.7856,
000020.SZ,20260306,1.4471,4.2369,,411150.1016,
300927.SZ,20260306,13.7349,37.2203,,503816.4,
600257.SH,20260306,3.0455,4.2354,,329647.4738,
002061.SZ,20260306,1.0767,2.2277,,1101811.4064,
603816.SH,20260306,0.5816,1.0718,,2769113.0705,
002878.SZ,20260306,4.1798,7.2666,,447219.878,
605136.SH,20260306,1.9592,3.9208,,422884.176,
300291.SZ,20260306,1.2553,2.0128,,718661.8037,
002232.SZ,20260306,0.5973,1.3489,,730076.0891,
688279.SH,20260306,0.6319,1.3597,,1964536.8893,
000546.SZ,20260306,2.8359,4.2884,,481364.2742,
002169.SZ,20260306,5.747,7.3623,,1220235.6825,
002977.SZ,20260306,3.2245,4.3953,,360960.6,
688065.SH,20260306,0.7993,1.4302,,3816344.3001,
002563.SZ,20260306,0.739,2.311,,1438644.1454,
300044.SZ,20260306,4.0174,4.2049,,615678.5978,
603219.SH,20260306,0.3932,1.8718,,948766.0,
002264.SZ,20260306,2.5968,4.1901,,680221.6785,
601116.SH,20260306,2.6959,7.2564,,835757.2384,
605016.SH,20260306,1.55,3.5695,,1044570.6398,
600148.SH,20260306,1.4494,2.9923,,280061.0546,
002352.SZ,20260306,0.4908,1.0139,,18771878.2735,
688312.SH,20260306,5.2644,9.9275,,776085.954,
300577.SZ,20260306,1.0349,1.4276,,490465.1251,
000912.SZ,20260306,8.3951,16.6377,,868672.0,
600094.SH,20260306,0.6713,1.0439,,1062502.1706,
002778.SZ,20260306,1.8449,2.6255,,278199.859,
300894.SZ,20260306,0.8983,1.6386,,453004.5359,
000011.SZ,20260306,0.7766,2.1862,,510158.1028,
600941.SH,20260306,0.8589,0.9012,,207033187.2604,
002918.SZ,20260306,3.4942,5.3018,,569058.4796,
002592.SZ,20260306,3.1237,4.9496,,288997.7801,
002396.SZ,20260306,2.0323,2.7649,,1743614.3067,
300304.SZ,20260306,5.002,8.6638,,1333900.3076,
300935.SZ,20260306,2.5025,3.577,,278960.5482,
920932.BJ,20260306,0.953,1.2939,,186891.5209,
301107.SZ,20260306,3.4774,6.719,,317393.7539,
300877.SZ,20260306,3.5476,7.1577,,387360.0,
600822.SH,20260306,0.755,1.898,,527219.2076,
000637.SZ,20260306,12.5472,15.8878,,271894.8112,
688513.SH,20260306,1.4305,2.7181,,1023004.4235,
688556.SH,20260306,3.7976,4.9,,1310130.4939,
603277.SH,20260306,0.1781,0.8366,,955529.8179,
001965.SZ,20260306,0.2765,1.0429,,6693168.5671,
600120.SH,20260306,1.3505,2.694,,2172182.6289,
688175.SH,20260306,1.3319,2.6913,,472265.684,
603098.SH,20260306,0.7816,2.266,,814946.9668,
600603.SH,20260306,2.6448,6.1826,,875903.5968,
000925.SZ,20260306,1.5216,1.5216,,542448.6261,
688326.SH,20260306,1.5792,2.9766,,1535484.1699,
605222.SH,20260306,2.5829,6.9092,,903019.0753,
688536.SH,20260306,3.8339,5.9632,,2358199.4952,
000505.SZ,20260306,4.437,9.7829,,527765.8822,
603960.SH,20260306,10.7305,17.2317,,721044.225,
603689.SH,20260306,3.1148,8.5386,,455014.8437,
603002.SH,20260306,2.7913,5.9542,,1191916.513,
600584.SH,20260306,5.1428,6.6382,,8417406.1373,
688606.SH,20260306,0.3216,0.6807,,522540.1153,
688621.SH,20260306,1.0897,1.5049,,705376.0,
600535.SH,20260306,0.7225,1.4512,,2124396.9071,
920305.BJ,20260306,7.3596,11.937,,107621.7896,
301275.SZ,20260306,4.2022,4.2022,,2149593.6,
002779.SZ,20260306,1.142,2.024,,1709215.2,
002962.SZ,20260306,2.9775,3.453,,450622.9688,
603065.SH,20260306,8.575,10.9161,,389639.842,
300770.SZ,20260306,0.9777,1.8096,,966719.1416,
600925.SH,20260306,0.9526,1.2424,,3327333.3334,
688381.SH,20260306,1.0353,1.3084,,571972.5,
002564.SZ,20260306,1.3013,1.8309,,622705.7458,
688159.SH,20260306,1.5828,2.2394,,413351.3402,
600889.SH,20260306,0.9899,1.8662,,604470.9165,
000593.SZ,20260306,6.6462,10.3786,,536153.3585,
688183.SH,20260306,1.0053,3.4583,,6622960.1954,
300533.SZ,20260306,2.4149,2.8058,,729176.7267,
603256.SH,20260306,2.6287,16.3061,,6089473.755,
600316.SH,20260306,2.2712,4.3805,,3073552.7984,
300502.SZ,20260306,4.5664,4.697,,39959174.3424,
601888.SH,20260306,0.9073,1.9428,,15851597.9951,
002402.SZ,20260306,1.9743,2.0606,,3086442.5953,
920089.BJ,20260306,2.248,2.5714,,303445.352,
000790.SZ,20260306,3.3593,4.0916,,259467.2554,
603229.SH,20260306,0.7012,1.5056,,784630.802,
600818.SH,20260306,1.9682,2.1753,,303125.3791,
002317.SZ,20260306,2.6572,3.1337,,1530724.7891,
920895.BJ,20260306,2.6644,3.869,,109260.892,
601137.SH,20260306,2.9818,5.0326,,1905377.5501,
603898.SH,20260306,0.866,2.6295,,435571.7417,
600666.SH,20260306,11.672,13.7775,,1106081.8524,
000008.SZ,20260306,1.2066,1.9818,,795898.6611,
300134.SZ,20260306,1.1111,2.3014,,856527.7747,
301138.SZ,20260306,1.4937,3.1026,,462600.0,
603323.SH,20260306,1.1793,1.364,,999178.0113,
300528.SZ,20260306,2.4781,6.2671,,645729.7576,
000691.SZ,20260306,1.8184,2.1022,,407320.2,
002551.SZ,20260306,3.0295,3.5573,,321287.9396,
301361.SZ,20260306,22.5105,22.8642,,478024.624,
000096.SZ,20260306,5.8719,12.7792,,614592.0,
300698.SZ,20260306,1.8034,3.3539,,511210.0,
688602.SH,20260306,2.8203,2.8203,,431081.25,
600712.SH,20260306,1.2266,1.7253,,337686.3232,
300167.SZ,20260306,4.7551,5.1599,,265163.694,
600773.SH,20260306,4.7199,8.0209,,1532054.8527,
920790.BJ,20260306,1.6174,3.5409,,246377.1024,
605398.SH,20260306,3.497,11.2938,,510766.7137,
603855.SH,20260306,0.8054,1.4002,,686834.885,
002824.SZ,20260306,2.9183,4.1814,,635738.366,
603278.SH,20260306,2.0493,4.157,,402934.3232,
300246.SZ,20260306,4.3281,4.8872,,342663.7003,
300314.SZ,20260306,3.2304,4.8278,,410976.0,
688569.SH,20260306,0.5533,2.2132,,457568.0724,
603325.SH,20260306,1.6733,1.6733,,620431.02,
600805.SH,20260306,2.2607,3.5248,,473097.3387,
688246.SH,20260306,1.6225,2.7528,,316309.2898,
603766.SH,20260306,1.6762,2.797,,3203525.286,
603408.SH,20260306,0.4689,1.7694,,556333.239,
000004.SZ,20260306,9.5369,12.8959,,70691.0706,
601628.SH,20260306,0.0636,0.8825,,120662025.645,
301042.SZ,20260306,3.7048,5.607,,615659.1849,
002350.SZ,20260306,14.2443,23.177,,735943.6433,
600505.SH,20260306,4.9084,11.1166,,559611.1125,
688172.SH,20260306,2.7814,4.7141,,5681920.0261,
688449.SH,20260306,2.1976,4.0622,,2132100.0,
300750.SZ,20260306,0.4925,0.7456,,161912378.952,
300223.SZ,20260306,4.9333,6.1201,,6009079.6235,
301183.SZ,20260306,9.0701,11.4202,,1257118.6187,
600177.SH,20260306,0.4789,1.1245,,3245656.2152,
002160.SZ,20260306,4.1797,7.0964,,596947.5145,
301439.SZ,20260306,5.8699,9.427,,679760.8603,
002817.SZ,20260306,2.3619,3.9449,,251242.4628,
603876.SH,20260306,2.0642,3.7759,,1750739.4293,
603611.SH,20260306,1.5121,2.345,,616181.0921,
688053.SH,20260306,1.1028,2.5483,,401700.0,
601229.SH,20260306,0.2946,0.4555,,13825366.7981,
603160.SH,20260306,0.7851,1.4116,,3384388.6771,
301217.SZ,20260306,2.8237,10.2217,,3552331.606,
300419.SZ,20260306,1.1387,1.3397,,243085.242,
301073.SZ,20260306,2.1128,5.2001,,569547.1137,
603991.SH,20260306,3.7067,5.0777,,1509993.6125,
000803.SZ,20260306,6.8829,9.9943,,484947.9991,
688105.SH,20260306,0.2826,0.8658,,806207.9207,
920101.BJ,20260306,1.5362,1.5362,,348480.2122,
601868.SH,20260306,6.2516,16.7117,,12048746.2908,
600779.SH,20260306,0.6383,1.7379,,1774999.1439,
301687.SZ,20260306,5.5204,5.5204,,881330.864,
601456.SH,20260306,0.6272,0.9765,,5407924.3513,
002664.SZ,20260306,1.8994,3.89,,936002.6,
603301.SH,20260306,2.1871,4.7888,,2421495.8883,
300377.SZ,20260306,5.5036,6.4781,,1547066.3448,
301590.SZ,20260306,14.1622,14.1622,,827100.9215,
000517.SZ,20260306,0.8826,2.9883,,671807.6443,
002546.SZ,20260306,13.8682,22.8085,,949981.9203,
300899.SZ,20260306,3.451,5.8237,,259471.1397,
301680.SZ,20260306,77.0894,77.0894,,1049158.8,
600497.SH,20260306,2.1045,3.5402,,4954694.0148,
002917.SZ,20260306,2.0486,3.0336,,494655.0023,
002641.SZ,20260306,1.2319,2.9979,,545717.6787,
600127.SH,20260306,7.4688,9.4946,,456307.868,
002631.SZ,20260306,3.757,7.9477,,511058.3267,
301091.SZ,20260306,1.2418,3.3202,,1330854.72,
600058.SH,20260306,1.0822,2.8907,,1374189.5315,
002015.SZ,20260306,6.0714,11.6816,,2535633.0471,
688200.SH,20260306,1.213,1.907,,3601253.3215,
301261.SZ,20260306,3.5438,4.3084,,725621.4582,
002643.SZ,20260306,1.5158,2.7526,,1549648.5388,
001211.SZ,20260306,3.2796,5.7393,,205632.0,
002466.SZ,20260306,1.7272,2.5727,,8870767.6666,
603005.SH,20260306,5.6705,6.7322,,2063471.2778,
002956.SZ,20260306,1.2666,2.7175,,605892.0459,
600975.SH,20260306,2.284,3.8068,,718555.5005,
000710.SZ,20260306,3.7248,4.8681,,417862.3716,
300147.SZ,20260306,0.6761,0.8749,,624908.6975,
603380.SH,20260306,0.58,1.3025,,594274.2048,
002753.SZ,20260306,3.1709,3.9403,,338654.1948,
002655.SZ,20260306,11.6263,13.3557,,610150.0385,
600585.SH,20260306,0.6833,1.3198,,13428432.7352,
300451.SZ,20260306,1.6359,1.9029,,786955.3435,
301358.SZ,20260306,1.8948,3.3448,,4927719.2239,
605369.SH,20260306,0.5334,1.6628,,399974.2095,
002364.SZ,20260306,14.9032,25.1881,,2009672.6474,
300747.SZ,20260306,5.0447,8.6022,,1808352.0,
601065.SH,20260306,3.0455,3.9957,,571427.9342,
002501.SZ,20260306,1.7927,2.3149,,706450.0,
300540.SZ,20260306,4.8621,7.4387,,544514.2089,
603856.SH,20260306,1.288,3.2648,,392339.9795,
301090.SZ,20260306,1.3417,7.5116,,1160299.6037,
002152.SZ,20260306,0.7261,1.4534,,3255714.9793,
002369.SZ,20260306,1.8785,1.8785,,454698.9366,
688109.SH,20260306,0.4671,0.9274,,982453.9003,
600679.SH,20260306,0.7413,1.8772,,634327.2304,
603260.SH,20260306,0.6111,2.6606,,5764441.0443,
300970.SZ,20260306,3.8416,4.9094,,304683.6135,
688687.SH,20260306,2.4169,3.1974,,361547.4525,
300615.SZ,20260306,2.9605,3.7625,,277090.6728,
688459.SH,20260306,0.8408,1.17,,465120.0,
603688.SH,20260306,7.8892,16.5677,,2902853.9508,
688582.SH,20260306,4.4002,5.9429,,2592020.3893,
300489.SZ,20260306,3.6745,6.561,,610579.0232,
600000.SH,20260306,0.2184,0.5848,,32939474.0787,
301156.SZ,20260306,4.1119,6.9889,,288890.1531,
601901.SH,20260306,0.5554,1.1692,,6116451.3365,
002026.SZ,20260306,1.6202,2.5474,,625114.8214,
688249.SH,20260306,1.7179,2.5342,,6562817.2575,
002412.SZ,20260306,3.5087,6.1111,,351736.8,
601777.SH,20260306,0.4541,1.0926,,4738112.8744,
920699.BJ,20260306,0.5678,0.9388,,202028.8284,
301360.SZ,20260306,5.1724,5.8404,,411304.74,
000333.SZ,20260306,0.3016,0.4413,,58175335.4651,
605228.SH,20260306,1.1941,3.4526,,632964.1764,
300511.SZ,20260306,7.343,7.5319,,478071.8739,
301148.SZ,20260306,3.2798,5.1222,,648888.7356,
000610.SZ,20260306,4.2056,5.7383,,225147.2539,
300497.SZ,20260306,2.2318,2.4222,,824671.518,
002570.SZ,20260306,5.322,6.0671,,657746.3898,
600793.SH,20260306,1.346,2.9284,,350093.02,
920580.BJ,20260306,2.5928,3.9036,,133988.0,
002229.SZ,20260306,4.6411,4.6411,,807303.551,
000619.SZ,20260306,3.4151,5.1307,,285877.4025,
002790.SZ,20260306,1.3475,2.4664,,340565.9245,
300097.SZ,20260306,2.4982,2.9137,,235745.0796,
601918.SH,20260306,2.1197,3.9759,,2069842.8982,
002985.SZ,20260306,5.3787,5.6443,,1317790.6456,
002538.SZ,20260306,5.8209,8.6248,,698208.6141,
603053.SH,20260306,1.0606,5.5819,,916445.59,
603679.SH,20260306,2.8722,4.3229,,253698.2354,
600619.SH,20260306,1.6423,2.5094,,1966366.9518,
300679.SZ,20260306,1.8338,2.4489,,1627910.24,
920837.BJ,20260306,2.879,8.5894,,233334.2664,
002678.SZ,20260306,1.2599,7.6084,,797334.0296,
603233.SH,20260306,0.2902,0.7347,,2257196.8688,
300827.SZ,20260306,9.5128,11.9539,,2161633.4013,
688455.SH,20260306,3.5459,5.4845,,418060.297,
301558.SZ,20260306,4.343,4.343,,676045.4981,
300912.SZ,20260306,9.4619,12.8663,,331779.216,
301511.SZ,20260306,6.4379,8.3235,,2236382.456,
688355.SH,20260306,2.5555,8.1064,,263406.653,
600019.SH,20260306,0.6099,1.6635,,15465280.1718,
603507.SH,20260306,4.7504,6.3614,,604876.8896,
600886.SH,20260306,0.3716,1.1913,,11086224.5529,
688171.SH,20260306,1.8585,3.8098,,465361.237,
002666.SZ,20260306,3.7172,4.8426,,463343.589,
000409.SZ,20260306,1.1701,1.8601,,759080.5656,
600395.SH,20260306,1.8246,3.9198,,1300854.6858,
300906.SZ,20260306,1.9268,3.8746,,273280.0,
601890.SH,20260306,7.0062,10.8962,,1212681.6,
301498.SZ,20260306,1.3339,2.6658,,2391223.3276,
300535.SZ,20260306,5.3084,6.6237,,245610.5856,
000533.SZ,20260306,1.4529,2.3833,,1027934.208,
003031.SZ,20260306,2.9328,6.4782,,3646762.365,
002009.SZ,20260306,11.1084,13.4575,,1107348.0189,
600106.SH,20260306,0.7109,0.975,,813363.3379,
000586.SZ,20260306,3.9483,5.9139,,307376.16,
688013.SH,20260306,1.7198,3.5565,,338094.2296,
601800.SH,20260306,0.3317,1.6251,,13198736.4665,
603568.SH,20260306,0.3837,1.1971,,4899516.889,
688425.SH,20260306,0.7514,2.7117,,2858754.392,
688428.SH,20260306,2.8431,2.8431,,4002212.4831,
002273.SZ,20260306,3.3852,3.7235,,3850660.6199,
600487.SH,20260306,5.7463,8.001,,11946395.9439,
002881.SZ,20260306,3.4431,4.8156,,1211148.2509,
301092.SZ,20260306,3.4091,5.6455,,516480.9553,
601011.SH,20260306,4.5212,6.5798,,708795.8794,
300129.SZ,20260306,6.5223,6.8666,,1519128.9457,
600185.SH,20260306,1.2889,2.3413,,1268608.9,
600738.SH,20260306,1.4909,3.0873,,389042.3056,
603999.SH,20260306,1.9963,4.7348,,429120.0,
600751.SH,20260306,1.7215,3.3965,,1188728.491,
920270.BJ,20260306,7.4176,21.3173,,207976.608,
002622.SZ,20260306,2.2489,2.9517,,244440.0,
002916.SZ,20260306,0.8577,2.3925,,17967812.4429,
600576.SH,20260306,1.5762,2.3467,,675965.55,
600775.SH,20260306,14.4894,22.1715,,1357050.2156,
300092.SZ,20260306,11.5901,15.1439,,471969.7959,
600710.SH,20260306,4.8078,12.1599,,1960124.151,
688519.SH,20260306,1.7263,4.241,,2581307.167,
300818.SZ,20260306,1.7549,2.1378,,735004.6904,
600798.SH,20260306,7.5861,13.7642,,488646.3514,
300464.SZ,20260306,2.6972,3.9333,,329630.1574,
601528.SH,20260306,1.0129,1.0534,,1049756.3463,
601588.SH,20260306,1.2797,2.518,,636366.78,
301201.SZ,20260306,2.0311,2.788,,661401.5976,
603967.SH,20260306,1.1565,3.405,,459333.3908,
000159.SZ,20260306,7.4254,9.6214,,346093.915,
001396.SZ,20260306,20.3754,20.3754,,539536.4936,
688030.SH,20260306,0.9118,1.6046,,304958.9871,
002418.SZ,20260306,3.6111,4.6674,,564790.8,
603660.SH,20260306,2.1054,2.7242,,575210.26,
301189.SZ,20260306,1.2797,3.5061,,500155.6101,
600778.SH,20260306,3.3111,5.3816,,217732.455,
688665.SH,20260306,0.5365,1.7252,,499951.2115,
300881.SZ,20260306,6.4169,12.1825,,563090.0,
002120.SZ,20260306,1.0218,2.313,,1983053.5326,
688680.SH,20260306,3.3927,5.4737,,436252.0421,
600817.SH,20260306,0.6623,2.2648,,644764.9543,
920810.BJ,20260306,2.9292,4.9852,,121793.0,
601339.SH,20260306,0.6379,2.4816,,1052697.438,
002019.SZ,20260306,2.1442,2.6048,,1614149.6428,
301633.SZ,20260306,1.9043,2.2971,,368712.96,
600439.SH,20260306,1.1027,1.6633,,310164.0106,
002304.SZ,20260306,0.3847,0.9976,,7791333.9227,
300771.SZ,20260306,2.4484,2.8627,,357120.0,
688639.SH,20260306,1.7523,2.5313,,801120.5647,
920478.BJ,20260306,1.4203,1.7677,,142934.9992,
002559.SZ,20260306,6.8946,7.5318,,559660.7944,
600421.SH,20260306,1.1484,1.9224,,147678.0,
002897.SZ,20260306,9.8843,17.0378,,1357164.872,
300150.SZ,20260306,3.8711,4.2433,,346382.7834,
603101.SH,20260306,0.8024,2.0292,,414422.4,
002095.SZ,20260306,1.776,3.1797,,459950.4,
301237.SZ,20260306,0.9034,1.2497,,503920.0,
600879.SH,20260306,5.8394,7.843,,8624368.4591,
300461.SZ,20260306,5.5844,9.9111,,961972.2385,
603836.SH,20260306,1.4517,3.4754,,298412.0346,
300316.SZ,20260306,1.8582,3.8626,,6207190.1978,
600808.SH,20260306,1.026,2.7408,,3211184.0546,
605288.SH,20260306,1.324,5.0051,,832881.4464,
301449.SZ,20260306,4.5747,4.5747,,486913.0487,
688391.SH,20260306,0.9437,1.8954,,362706.7324,
002051.SZ,20260306,1.5157,4.1692,,1124804.7237,
301369.SZ,20260306,1.8634,2.4914,,934771.1465,
688363.SH,20260306,0.611,1.5196,,2174777.2626,
600877.SH,20260306,1.7607,2.9999,,2160908.5729,
300841.SZ,20260306,1.1912,1.7114,,808269.7118,
002801.SZ,20260306,1.2173,2.0679,,772482.048,
920806.BJ,20260306,0.5092,1.5676,,389754.7204,
300839.SZ,20260306,6.7896,12.1858,,410589.2964,
002731.SZ,20260306,6.7232,8.0171,,207742.516,
300883.SZ,20260306,2.7621,3.4939,,240470.0,
002102.SZ,20260306,2.561,3.2941,,876371.8837,
603131.SH,20260306,2.3035,4.5764,,800491.5547,
603757.SH,20260306,3.1046,7.1413,,803645.5918,
603516.SH,20260306,1.5429,2.2304,,3130331.4966,
600771.SH,20260306,0.7736,0.9119,,838008.8334,
000962.SZ,20260306,4.8184,8.1861,,2715160.0333,
002920.SZ,20260306,1.4793,2.9386,,6941876.6761,
605500.SH,20260306,0.5544,2.3437,,374617.6,
688039.SH,20260306,1.7318,3.2907,,528785.4081,
300852.SZ,20260306,4.5806,9.8733,,776280.3539,
002652.SZ,20260306,8.73,12.4707,,251423.424,
920662.BJ,20260306,7.5551,8.0867,,246978.5556,
600575.SH,20260306,1.358,3.6976,,2737714.6089,
000509.SZ,20260306,15.514,26.0943,,428178.0927,
603081.SH,20260306,0.9592,1.6433,,526433.9397,
601698.SH,20260306,1.4201,6.4553,,15756957.5868,
002847.SZ,20260306,1.7238,4.2629,,1692436.2679,
920504.BJ,20260306,1.3066,1.6129,,107769.4197,
301536.SZ,20260306,5.692,6.0975,,3365709.2666,
300977.SZ,20260306,2.3119,5.6473,,299277.7453,
300185.SZ,20260306,6.1485,7.4912,,1278264.7592,
002746.SZ,20260306,3.5896,5.5345,,556768.5564,
301003.SZ,20260306,2.2682,4.2988,,452835.5518,
600066.SH,20260306,0.7736,1.3259,,6741444.934,
301068.SZ,20260306,0.6679,1.0144,,411935.3879,
300870.SZ,20260306,6.888,14.4992,,3331641.7974,
920082.BJ,20260306,10.5234,10.5676,,255970.155,
600782.SH,20260306,1.9338,3.6283,,1321369.1918,
301018.SZ,20260306,6.2062,11.8181,,2837716.6476,
300259.SZ,20260306,3.2763,5.895,,586070.5595,
603676.SH,20260306,0.4198,1.7683,,474761.1965,
605303.SH,20260306,1.7268,4.0996,,282971.651,
301413.SZ,20260306,4.5177,4.5177,,1268007.9787,
688539.SH,20260306,2.1152,2.6703,,774170.88,
688479.SH,20260306,6.495,8.256,,475670.1504,
000552.SZ,20260306,2.3219,4.0901,,1428933.4398,
688719.SH,20260306,2.6156,2.7953,,487964.9327,
920720.BJ,20260306,1.4884,1.5401,,353484.7372,
688733.SH,20260306,2.0653,2.8357,,594930.5158,
300143.SZ,20260306,7.3796,12.9185,,882104.5379,
002298.SZ,20260306,5.459,5.6109,,812641.7693,
300292.SZ,20260306,2.6379,2.8213,,641363.6576,
688258.SH,20260306,4.0121,6.4489,,1599077.5284,
688073.SH,20260306,4.5276,7.0015,,523576.6634,
300855.SZ,20260306,3.1543,4.4687,,1778309.624,
301215.SZ,20260306,0.6851,2.3495,,909519.3,
002839.SZ,20260306,1.1053,1.3969,,1102399.5833,
601916.SH,20260306,0.5617,0.8449,,8294320.0608,
301632.SZ,20260306,2.1641,2.1641,,970222.08,
000949.SZ,20260306,5.1453,8.3635,,1229419.7421,
002380.SZ,20260306,16.4977,21.046,,917248.0825,
603013.SH,20260306,0.5385,2.6567,,1162298.1429,
603268.SH,20260306,4.4352,5.2829,,12202683.2687,
603739.SH,20260306,2.6563,6.3967,,394218.9732,
301178.SZ,20260306,6.3239,7.5246,,341952.072,
002446.SZ,20260306,3.8021,3.9052,,975833.1618,
600515.SH,20260306,0.8652,1.4429,,4638675.6984,
300148.SZ,20260306,4.013,4.5681,,397791.8499,
603878.SH,20260306,6.3983,10.5365,,529152.6653,
002443.SZ,20260306,2.9332,3.7264,,512206.9517,
301141.SZ,20260306,5.8904,5.8904,,730428.0108,
300886.SZ,20260306,3.6824,4.6932,,219980.918,
600050.SH,20260306,0.4996,1.182,,15538419.3875,
300149.SZ,20260306,2.9871,3.396,,518380.5157,
002197.SZ,20260306,2.2533,2.621,,525280.3034,
688270.SH,20260306,4.0957,5.7474,,3479408.758,
300093.SZ,20260306,1.0662,1.3196,,926640.0,
600026.SH,20260306,5.5476,15.3148,,13794217.3976,
002145.SZ,20260306,2.7914,4.2762,,2105089.7172,
300310.SZ,20260306,3.3915,3.4008,,570433.0696,
688203.SH,20260306,1.6844,3.0124,,270980.5769,
300722.SZ,20260306,2.0975,6.1427,,923259.6173,
688981.SH,20260306,1.7028,1.892,,85214039.714,
300584.SZ,20260306,3.2544,4.6462,,512160.0,
003040.SZ,20260306,1.1371,2.1748,,822205.4381,
688032.SH,20260306,1.2568,3.6398,,1331929.5056,
605128.SH,20260306,0.5417,0.8597,,758410.232,
000983.SZ,20260306,1.2834,3.0048,,4087512.7625,
688338.SH,20260306,2.1179,3.5298,,344007.5184,
002638.SZ,20260306,8.7628,12.7188,,514300.7769,
301195.SZ,20260306,0.8415,1.7682,,451678.8528,
002081.SZ,20260306,1.3421,2.6519,,961227.1754,
300423.SZ,20260306,32.3952,38.5541,,558207.6674,
603102.SH,20260306,1.088,1.9415,,279680.0,
300359.SZ,20260306,1.7187,2.7239,,343266.7147,
002452.SZ,20260306,15.9491,16.75,,749361.1587,
688088.SH,20260306,1.2873,2.1803,,1824121.8088,
002853.SZ,20260306,1.5587,2.3559,,527712.51,
920086.BJ,20260306,2.1898,2.1898,,264763.52,
002044.SZ,20260306,2.3159,3.0595,,2512951.0186,
000151.SZ,20260306,1.7632,2.673,,448703.0682,
002709.SZ,20260306,2.7563,3.2546,,8522005.7495,
920857.BJ,20260306,0.7328,2.4453,,202927.6108,
000068.SZ,20260306,1.3666,2.3994,,357368.3697,
301135.SZ,20260306,3.8355,5.2925,,308914.56,
603026.SH,20260306,1.5961,2.3471,,1461362.3679,
002079.SZ,20260306,2.7831,3.6207,,855193.1449,
688335.SH,20260306,1.732,3.2469,,555869.893,
002558.SZ,20260306,1.4679,2.4172,,6887712.1752,
603205.SH,20260306,1.2347,1.2347,,423696.0,
600458.SH,20260306,0.9013,1.6288,,1315154.7238,
002584.SZ,20260306,3.4693,3.5869,,510308.72,
002318.SZ,20260306,1.3069,2.0926,,3467001.7146,
000823.SZ,20260306,3.2148,4.625,,816242.2846,
920429.BJ,20260306,0.6283,1.2336,,173055.0,
000551.SZ,20260306,2.2046,3.4288,,706256.048,
600792.SH,20260306,5.4043,16.5727,,542752.6404,
603382.SH,20260306,3.063,3.063,,535960.2952,
300176.SZ,20260306,4.6786,6.2463,,304789.9896,
000016.SZ,20260306,2.082,3.0992,,852412.6744,
300339.SZ,20260306,3.7001,3.9091,,3703310.4107,
600287.SH,20260306,1.4528,3.1158,,260767.2562,
688387.SH,20260306,3.7645,6.7014,,5449487.5,
600151.SH,20260306,3.2206,5.1715,,2081100.0684,
000536.SZ,20260306,4.1107,7.0854,,1280673.1878,
688269.SH,20260306,2.0209,2.7201,,601891.92,
002885.SZ,20260306,16.5963,23.9423,,887253.0702,
001388.SZ,20260306,3.6787,3.6787,,698412.0,
002289.SZ,20260306,0.7545,1.2582,,788353.7509,
600901.SH,20260306,0.3608,0.9123,,3718378.2487,
002353.SZ,20260306,3.1539,3.7924,,12542233.9543,
300435.SZ,20260306,6.1218,9.248,,1139396.202,
300084.SZ,20260306,19.6122,21.1737,,603967.2,
002365.SZ,20260306,2.6276,2.9091,,427289.625,
300653.SZ,20260306,0.8858,1.5717,,361800.0,
002206.SZ,20260306,2.6536,3.0171,,841438.0273,
600338.SH,20260306,3.2268,3.492,,1624551.4685,
300255.SZ,20260306,1.5518,2.2354,,3942771.1666,
002116.SZ,20260306,2.013,3.8019,,519826.1587,
000959.SZ,20260306,0.2914,1.6786,,4210947.2819,
000027.SZ,20260306,0.784,3.1388,,3363474.6706,
688685.SH,20260306,2.0735,3.2615,,745419.0617,
688191.SH,20260306,4.6421,8.9311,,1164738.0604,
603976.SH,20260306,0.7823,2.718,,307246.02,
688063.SH,20260306,3.361,4.997,,1652739.9013,
002217.SZ,20260306,9.2995,13.1297,,2019437.7106,
920689.BJ,20260306,8.5448,10.7408,,254257.6,
000532.SZ,20260306,1.8533,3.5032,,511202.4682,
002326.SZ,20260306,3.3637,4.2258,,2108365.8824,
002808.SZ,20260306,1.1807,1.3308,,125260.8,
603903.SH,20260306,2.0748,3.7666,,318894.0305,
300086.SZ,20260306,4.3782,6.182,,414163.214,
600298.SH,20260306,1.0638,1.7321,,3753138.9086,
600509.SH,20260306,3.5911,5.4772,,1258948.0248,
920020.BJ,20260306,1.5497,1.5497,,376788.75,
002224.SZ,20260306,3.2026,3.9554,,430309.4865,
002613.SZ,20260306,2.4732,3.2549,,454534.8698,
300711.SZ,20260306,3.4128,10.1964,,691448.4317,
003007.SZ,20260306,5.1513,9.9448,,454626.3,
603337.SH,20260306,1.7019,4.9494,,2179583.4863,
300243.SZ,20260306,4.2447,4.6476,,303267.0122,
688106.SH,20260306,4.393,8.0908,,1201570.5482,
920300.BJ,20260306,2.8996,3.6011,,119756.7408,
001379.SZ,20260306,4.1679,4.2668,,473200.0,
000426.SZ,20260306,2.89,3.9772,,8910140.1383,
688235.SH,20260306,2.7332,2.7332,,36750734.1914,
002085.SZ,20260306,4.894,8.0961,,3556523.346,
600600.SH,20260306,0.7118,1.6605,,8520762.7258,
000568.SZ,20260306,0.5468,1.1145,,15599640.9239,
605388.SH,20260306,0.7882,2.4071,,402924.764,
605255.SH,20260306,1.9366,7.7464,,1557473.28,
688383.SH,20260306,2.2982,7.3435,,759299.355,
688093.SH,20260306,0.5549,1.9925,,979937.8545,
600508.SH,20260306,1.3939,3.7394,,956155.914,
603078.SH,20260306,2.8509,4.897,,916659.7385,
300455.SZ,20260306,1.6569,3.681,,1841792.5238,
603598.SH,20260306,4.4465,8.8677,,572821.1625,
002797.SZ,20260306,5.5267,7.0009,,3177014.4,
301120.SZ,20260306,26.9587,34.8652,,1018119.9318,
920371.BJ,20260306,1.1247,3.8925,,222292.07,
688256.SH,20260306,1.0813,2.2338,,48699576.913,
002476.SZ,20260306,4.1824,5.32,,405144.0,
300578.SZ,20260306,4.2487,5.8432,,451261.9282,
002495.SZ,20260306,5.3533,6.4968,,261039.5424,
688776.SH,20260306,3.562,8.4446,,1236979.961,
603023.SH,20260306,3.1245,6.0365,,289662.9342,
002327.SZ,20260306,1.2225,1.5913,,580065.913,
688305.SH,20260306,2.9496,5.3158,,839039.8582,
001872.SZ,20260306,0.1942,2.1741,,5231619.6124,
000877.SZ,20260306,0.2298,1.2184,,3797002.5646,
600664.SH,20260306,0.8338,1.561,,878959.9467,
603085.SH,20260306,2.4889,4.4264,,449914.3,
002978.SZ,20260306,1.7249,4.5583,,1854920.5349,
688098.SH,20260306,0.601,1.0607,,377792.48,
300432.SZ,20260306,1.4053,2.3406,,2836492.2415,
301221.SZ,20260306,2.8641,4.1065,,536283.117,
002246.SZ,20260306,10.3193,19.3129,,1362155.3239,
000952.SZ,20260306,2.3664,3.1749,,267344.5114,
603215.SH,20260306,0.5726,1.5092,,361595.6961,
301130.SZ,20260306,2.0239,2.4834,,243253.0983,
920344.BJ,20260306,1.5905,4.2129,,279553.95,
002832.SZ,20260306,3.6651,4.5206,,943949.5169,
605499.SH,20260306,0.2672,0.7932,,13272064.45,
600630.SH,20260306,1.4589,2.0866,,367505.2814,
688646.SH,20260306,1.4829,1.4907,,456688.6488,
600807.SH,20260306,2.8739,3.6571,,299891.1738,
603909.SH,20260306,1.4966,2.6162,,306551.6126,
601066.SH,20260306,0.1509,0.9401,,17956748.4551,
603061.SH,20260306,2.4033,4.3892,,1611300.0,
605086.SH,20260306,1.221,4.5049,,681139.2,
688223.SH,20260306,2.163,5.9455,,7343819.7426,
601399.SH,20260306,1.2176,3.7508,,3650059.2803,
002820.SZ,20260306,2.8889,4.3764,,235819.3783,
920167.BJ,20260306,5.4733,9.9875,,225554.325,
002198.SZ,20260306,3.8235,4.921,,381139.8958,
601866.SH,20260306,2.9003,7.7948,,3827320.1878,
688599.SH,20260306,1.7845,2.8368,,4214279.2671,
600714.SH,20260306,17.3418,26.774,,705167.34,
603665.SH,20260306,2.0874,3.6039,,541172.0405,
002937.SZ,20260306,2.9778,6.3868,,850158.1856,
300358.SZ,20260306,1.6513,2.4439,,744411.3758,
600369.SH,20260306,0.623,1.1847,,2903912.6872,
301015.SZ,20260306,0.4391,1.7636,,1164257.3306,
300450.SZ,20260306,1.8151,2.6711,,8392540.6701,
600359.SH,20260306,6.4067,10.7346,,302158.1534,
601949.SH,20260306,0.715,3.1185,,1235675.267,
603899.SH,20260306,0.5047,1.387,,2412021.4174,
000862.SZ,20260306,22.938,30.1633,,697645.569,
300048.SZ,20260306,4.4247,5.4313,,887970.02,
002976.SZ,20260306,2.4602,3.8887,,415419.4064,
300030.SZ,20260306,4.1435,5.3433,,262190.8431,
920187.BJ,20260306,33.1105,33.1105,,243859.2,
601328.SH,20260306,0.5368,0.6094,,59822281.919,
688712.SH,20260306,13.6912,13.6912,,1662579.0,
600559.SH,20260306,0.7842,1.0497,,1357485.2069,
300420.SZ,20260306,1.7751,2.0883,,454368.1093,
300639.SZ,20260306,3.0296,5.07,,426043.9442,
688382.SH,20260306,3.5206,4.8394,,1237087.4222,
301258.SZ,20260306,1.2335,3.2441,,310577.96,
688100.SH,20260306,1.4691,5.1173,,2178165.3253,
600596.SH,20260306,2.1055,3.0128,,1776069.7165,
300961.SZ,20260306,2.8232,3.5957,,254396.8,
603296.SH,20260306,1.3928,1.5971,,8754597.0729,
600519.SH,20260306,0.2328,0.5368,,175568284.143,
300296.SZ,20260306,17.1437,18.3004,,2318740.5248,
601567.SH,20260306,0.7605,1.5992,,4132720.8454,
605336.SH,20260306,2.6254,8.2154,,262279.8035,
002397.SZ,20260306,2.0919,3.1799,,320050.4576,
688496.SH,20260306,7.6858,16.3871,,297000.0,
300083.SZ,20260306,1.6748,1.7709,,1383500.8115,
300854.SZ,20260306,3.6935,5.8843,,253574.2125,
600560.SH,20260306,0.7516,1.3698,,365660.3925,
301180.SZ,20260306,10.6413,24.3638,,800020.0,
000903.SZ,20260306,1.4548,2.1995,,526277.6795,
301235.SZ,20260306,16.5472,22.6568,,591479.1991,
002547.SZ,20260306,2.2186,3.0297,,403844.4661,
601965.SH,20260306,0.5149,1.376,,1908813.45,
603729.SH,20260306,4.6492,6.6254,,170248.512,
000995.SZ,20260306,6.6124,9.7756,,272498.688,
002357.SZ,20260306,4.5821,6.5366,,506911.7712,
603701.SH,20260306,1.7522,3.4467,,539973.6875,
300864.SZ,20260306,1.3446,4.7442,,357825.6077,
600403.SH,20260306,2.0793,13.4123,,1666396.2442,
601966.SH,20260306,0.8725,1.9187,,2170374.4789,
603444.SH,20260306,1.4269,2.4163,,2800669.8425,
300387.SZ,20260306,6.8693,11.2937,,286744.5619,
920056.BJ,20260306,1.5652,1.5652,,207088.4595,
300315.SZ,20260306,2.4491,2.4891,,1413372.9436,
000938.SZ,20260306,1.0142,1.4087,,6901372.736,
001231.SZ,20260306,7.6329,11.6187,,255446.64,
600887.SH,20260306,0.8717,0.9533,,16578770.3082,
002354.SZ,20260306,3.1785,3.1785,,1035770.7233,
300307.SZ,20260306,0.8788,1.3415,,565991.5196,
300637.SZ,20260306,2.812,4.529,,289446.9103,
001311.SZ,20260306,2.9093,5.0865,,1097650.4957,
300762.SZ,20260306,4.7886,5.8227,,2452206.3397,
000625.SZ,20260306,0.4842,0.867,,10775348.5097,
301136.SZ,20260306,2.4929,5.3624,,464820.941,
002681.SZ,20260306,1.2109,1.2648,,1087559.2526,
301234.SZ,20260306,1.0266,1.4463,,270640.0,
000922.SZ,20260306,2.6756,4.2063,,1075837.0184,
688585.SH,20260306,1.78,8.403,,4956508.9137,
688226.SH,20260306,4.2272,7.9883,,866857.1878,
600256.SH,20260306,6.823,10.6048,,4346562.0155,
600030.SH,20260306,0.6379,0.8655,,39170705.269,
603057.SH,20260306,1.4008,6.0011,,1411322.4288,
000828.SZ,20260306,0.5522,1.83,,1115401.7324,
002183.SZ,20260306,2.0804,3.0743,,1319280.6182,
002617.SZ,20260306,3.6653,4.0298,,1686476.1769,
301089.SZ,20260306,2.8888,4.0392,,359512.9245,
300688.SZ,20260306,1.7306,2.0386,,473683.8831,
688682.SH,20260306,1.0702,2.8004,,493205.7685,
688167.SH,20260306,6.491,7.5293,,2751498.6249,
688689.SH,20260306,2.3816,6.8071,,438142.1841,
300644.SZ,20260306,3.0644,4.2859,,353507.9346,
300222.SZ,20260306,8.4125,8.792,,1008652.4793,
920184.BJ,20260306,2.1292,2.9194,,242815.7012,
600533.SH,20260306,1.455,2.574,,279300.0,
002736.SZ,20260306,0.2646,0.9632,,12535893.5054,
688220.SH,20260306,1.6059,2.436,,3465622.8654,
920418.BJ,20260306,0.7462,1.3461,,436284.576,
002542.SZ,20260306,1.0785,1.846,,599630.757,
300608.SZ,20260306,2.5167,3.851,,397818.8485,
300889.SZ,20260306,4.0361,5.0582,,601660.3826,
603108.SH,20260306,2.3363,3.3006,,902504.2267,
002850.SZ,20260306,1.6684,1.9151,,4313859.8749,
002777.SZ,20260306,1.4867,2.4238,,763392.0411,
600211.SH,20260306,1.0162,2.2471,,1367600.3486,
688345.SH,20260306,1.4647,5.1558,,369499.1235,
002388.SZ,20260306,2.9008,3.2618,,268116.24,
688788.SH,20260306,1.3471,3.0865,,978268.8083,
002256.SZ,20260306,4.7487,6.3239,,757699.0156,
002896.SZ,20260306,1.0728,2.0337,,1526588.1006,
000767.SZ,20260306,8.0986,15.5841,,1190776.6388,
600123.SH,20260306,2.9484,5.4073,,979704.614,
000631.SZ,20260306,0.9915,3.4647,,892400.033,
300602.SZ,20260306,8.3263,11.0965,,2131947.6112,
002097.SZ,20260306,1.7405,2.568,,1222914.4464,
603669.SH,20260306,1.3027,2.9938,,329609.4842,
300826.SZ,20260306,1.6957,2.9491,,300826.9948,
688598.SH,20260306,1.5559,1.7686,,535123.493,
688266.SH,20260306,1.7034,2.6008,,2174577.748,
603195.SH,20260306,0.0929,0.5505,,7781242.6516,
603200.SH,20260306,1.0602,2.1653,,1272230.7468,
920237.BJ,20260306,1.7752,4.9002,,188854.6608,
601366.SH,20260306,1.2907,2.1473,,427341.8304,
600588.SH,20260306,1.1753,2.2467,,4630031.4892,
002855.SZ,20260306,2.0164,5.5396,,327491.7574,
002865.SZ,20260306,12.8297,20.2686,,2863647.6784,
002012.SZ,20260306,2.1863,2.8013,,336222.7129,
000785.SZ,20260306,0.6694,2.0578,,1787163.0096,
001328.SZ,20260306,3.788,3.788,,606396.1236,
603823.SH,20260306,3.4099,10.5813,,760287.4275,
002371.SZ,20260306,0.6274,1.1707,,33732260.2834,
601669.SH,20260306,5.2436,8.4748,,10266790.9631,
300337.SZ,20260306,3.219,4.7869,,1138380.8489,
300871.SZ,20260306,3.147,5.8917,,527278.6435,
920407.BJ,20260306,1.6181,2.7519,,182550.992,
300500.SZ,20260306,2.1171,3.9373,,216598.7119,
603125.SH,20260306,4.6583,4.6583,,759068.2031,
688300.SH,20260306,5.2737,13.4846,,1811018.925,
603072.SH,20260306,1.9573,2.34,,1111033.12,
300664.SZ,20260306,4.3523,6.161,,450728.7739,
003006.SZ,20260306,0.895,2.2395,,813323.2665,
300066.SZ,20260306,7.0664,11.0053,,802905.6783,
002691.SZ,20260306,2.6541,7.3908,,282540.0,
600968.SH,20260306,2.0116,10.9636,,5123212.5163,
001277.SZ,20260306,4.0366,7.936,,317680.0,
000831.SZ,20260306,3.4067,5.4979,,6102019.6403,
603917.SH,20260306,2.5118,3.7335,,288637.44,
002788.SZ,20260306,3.5297,5.7474,,584329.1709,
000848.SZ,20260306,0.5603,0.992,,842520.0611,
600168.SH,20260306,1.3397,3.3559,,533454.4946,
601568.SH,20260306,1.4949,3.9661,,1779555.5564,
601086.SH,20260306,1.1466,4.4228,,612054.0,
002189.SZ,20260306,1.3095,2.2654,,571504.0093,
688613.SH,20260306,2.3769,3.1756,,308954.3569,
300933.SZ,20260306,7.6352,12.9188,,510435.3936,
600510.SH,20260306,1.3793,3.4475,,964943.8023,
002157.SZ,20260306,4.2963,4.2963,,3071053.9795,
301319.SZ,20260306,2.7151,5.2673,,594999.7386,
301283.SZ,20260306,1.2881,2.1591,,387050.9773,
300957.SZ,20260306,1.1415,2.6055,,1884172.8,
600623.SH,20260306,3.144,9.113,,2284166.4573,
301115.SZ,20260306,3.8712,5.672,,393293.7536,
002277.SZ,20260306,1.0695,1.5733,,991256.8608,
002219.SZ,20260306,5.5852,8.2302,,846845.4383,
600681.SH,20260306,4.2403,8.4828,,607407.2289,
000089.SZ,20260306,0.813,1.8893,,1451944.8124,
920212.BJ,20260306,1.0983,1.9253,,142280.1,
301310.SZ,20260306,3.0798,3.5893,,526417.3662,
002225.SZ,20260306,3.9652,4.6876,,758142.4021,
002644.SZ,20260306,1.3376,3.5602,,448867.503,
301296.SZ,20260306,1.075,2.5571,,355545.8586,
002998.SZ,20260306,4.8111,7.3485,,306320.3541,
603227.SH,20260306,1.9087,3.2814,,974168.6543,
603368.SH,20260306,1.2633,1.6942,,695914.294,
002292.SZ,20260306,2.6766,3.2111,,1265766.9406,
000736.SZ,20260306,1.0062,2.1033,,398950.5461,
002480.SZ,20260306,5.1555,7.3185,,500728.8042,
603088.SH,20260306,3.3261,6.145,,627984.9575,
002995.SZ,20260306,6.7452,9.0999,,414711.1198,
300776.SZ,20260306,4.6902,6.0176,,2358618.3577,
600293.SH,20260306,2.7803,3.8826,,414171.7814,
301049.SZ,20260306,4.0943,6.827,,238460.935,
300228.SZ,20260306,14.5675,14.8245,,669714.0404,
002791.SZ,20260306,2.7434,3.4307,,824552.0803,
688388.SH,20260306,6.1961,7.8301,,1994847.4058,
300554.SZ,20260306,9.2495,10.6257,,300947.5054,
605133.SH,20260306,1.0609,2.3212,,820030.5408,
300091.SZ,20260306,0.6211,0.9695,,838403.2948,
601033.SH,20260306,3.6742,3.6742,,1431000.0,
301038.SZ,20260306,1.2718,4.0068,,498583.8,
301239.SZ,20260306,0.6568,1.254,,481773.3346,
300606.SZ,20260306,10.4955,15.2547,,495561.9127,
301031.SZ,20260306,4.3997,5.6224,,1425774.2825,
300907.SZ,20260306,1.438,3.7351,,290016.0,
000868.SZ,20260306,1.6144,2.4117,,440632.4107,
300702.SZ,20260306,1.2919,1.8846,,810438.8033,
001319.SZ,20260306,2.6637,3.5116,,379376.2,
000715.SZ,20260306,1.586,2.8047,,337771.6388,
603535.SH,20260306,0.5109,1.4974,,474643.0403,
300001.SZ,20260306,7.4479,11.0548,,3496996.4432,
920570.BJ,20260306,2.7746,4.0531,,171931.9766,
000975.SZ,20260306,1.406,2.164,,8466226.186,
002037.SZ,20260306,1.5481,2.7892,,434527.4423,
600289.SH,20260306,2.1893,3.1804,,466347.479,
300395.SZ,20260306,4.736,5.8713,,5760090.1655,
601607.SH,20260306,0.2551,0.7128,,6356132.1406,
002458.SZ,20260306,2.3315,2.6996,,1098668.0246,
600882.SH,20260306,1.0909,2.3206,,1083353.9462,
001283.SZ,20260306,2.1912,2.25,,624244.3965,
000718.SZ,20260306,1.2552,1.9014,,691897.0956,
002141.SZ,20260306,3.0578,4.409,,422470.7414,
920174.BJ,20260306,0.9948,1.794,,956116.7595,
600500.SH,20260306,2.2909,5.0132,,1718902.801,
300542.SZ,20260306,0.9047,1.3435,,516210.0654,
000423.SZ,20260306,0.6739,1.0173,,3387318.0942,
300015.SZ,20260306,0.5676,1.071,,9623809.3634,
300699.SZ,20260306,2.7537,4.3353,,3215669.536,
600460.SH,20260306,1.8992,2.7777,,4805839.4884,
002389.SZ,20260306,14.0833,22.3651,,2719353.134,
688625.SH,20260306,0.828,2.1045,,1240093.4623,
000650.SZ,20260306,1.6475,2.2308,,827363.4963,
605058.SH,20260306,2.1247,7.0745,,463502.3699,
300809.SZ,20260306,1.395,1.7973,,892457.984,
002279.SZ,20260306,3.2689,4.2347,,760466.4602,
002957.SZ,20260306,5.5157,12.8035,,1192750.2034,
301067.SZ,20260306,4.796,6.4141,,335075.256,
000917.SZ,20260306,2.4661,2.959,,1457247.9155,
600604.SH,20260306,0.3889,0.9722,,977865.1077,
688267.SH,20260306,2.1589,3.7881,,532124.0,
301150.SZ,20260306,10.1762,19.2018,,1157537.6967,
600685.SH,20260306,2.7901,6.7389,,5138095.684,
600099.SH,20260306,3.2924,5.6867,,251111.52,
920819.BJ,20260306,0.6892,1.7801,,487868.4,
688466.SH,20260306,1.5224,3.4835,,229649.8058,
603045.SH,20260306,6.1236,8.5363,,458346.4045,
002363.SZ,20260306,1.4989,2.5966,,368952.3414,
688535.SH,20260306,4.4744,4.4744,,1176847.557,
600640.SH,20260306,0.8129,2.655,,1012125.2357,
002695.SZ,20260306,0.8078,2.2097,,589243.8485,
301315.SZ,20260306,3.9232,3.9232,,479160.0,
000628.SZ,20260306,7.3727,8.5734,,1920278.28,
003029.SZ,20260306,2.1733,3.4385,,468367.3291,
300571.SZ,20260306,5.3586,6.8436,,414678.0898,
000338.SZ,20260306,3.2336,3.2839,,24537444.9295,
688512.SH,20260306,2.3209,2.3209,,539671.1415,
002735.SZ,20260306,4.8067,5.536,,660871.3367,
603096.SH,20260306,1.1514,2.8658,,286413.6968,
688596.SH,20260306,1.5439,1.8661,,937689.9882,
301491.SZ,20260306,1.9434,1.9434,,706662.0,
300547.SZ,20260306,3.2786,3.7669,,764594.2634,
603391.SH,20260306,5.9832,5.9832,,662844.0,
003043.SZ,20260306,2.3172,3.3021,,722552.284,
300062.SZ,20260306,14.0361,16.1854,,590251.3157,
600761.SH,20260306,5.4958,8.5652,,2005840.0978,
300070.SZ,20260306,1.8648,3.3251,,1511295.3044,
300981.SZ,20260306,0.7157,2.3505,,539940.9834,
300407.SZ,20260306,4.6513,5.938,,458938.067,
301307.SZ,20260306,14.554,16.3857,,807019.2,
601727.SH,20260306,4.7329,10.8407,,14545553.8513,
600897.SH,20260306,0.8769,2.7399,,695028.978,
002131.SZ,20260306,8.984,9.4447,,5871132.1355,
002008.SZ,20260306,3.4295,4.2563,,7159862.0992,
002717.SZ,20260306,4.9544,5.2894,,322181.3398,
601211.SH,20260306,0.4217,0.5215,,32542997.0803,
300258.SZ,20260306,9.6407,15.2436,,897462.4708,
001255.SZ,20260306,5.2442,13.5967,,357810.8097,
300978.SZ,20260306,3.8135,4.6987,,524996.8018,
688786.SH,20260306,2.8434,4.6152,,491796.0103,
002465.SZ,20260306,4.0009,5.4846,,4236490.5492,
300732.SZ,20260306,1.8385,3.1684,,280143.4144,
002428.SZ,20260306,6.943,8.6796,,2820825.28,
600007.SH,20260306,0.1927,0.9956,,2003484.9601,
688701.SH,20260306,2.8237,5.6333,,138037.1384,
000756.SZ,20260306,1.1562,2.245,,1071499.123,
688118.SH,20260306,13.8558,17.3099,,326608.4955,
300068.SZ,20260306,4.3582,4.9935,,1378095.4367,
920491.BJ,20260306,1.4544,1.5654,,361467.684,
603829.SH,20260306,2.5954,6.6884,,470880.85,
002646.SZ,20260306,1.0532,1.8096,,409158.2098,
003025.SZ,20260306,3.4062,5.7148,,426782.1977,
300552.SZ,20260306,3.6741,4.5255,,656236.8518,
300801.SZ,20260306,2.8932,4.4228,,624928.23,
601369.SH,20260306,1.295,3.3996,,2057828.5434,
002518.SZ,20260306,1.9356,4.768,,3317518.5856,
600597.SH,20260306,0.5985,1.2376,,1086237.3252,
603515.SH,20260306,0.2363,1.5769,,1384596.409,
603105.SH,20260306,2.8855,4.8181,,517009.4115,
603132.SH,20260306,1.2449,7.6284,,1782894.0,
002913.SZ,20260306,6.7434,20.4083,,1685818.9972,
600956.SH,20260306,1.0212,8.2902,,3700408.3199,
601818.SH,20260306,0.3728,1.0986,,19143718.5438,
600926.SH,20260306,0.2698,0.3981,,11997099.2169,
002166.SZ,20260306,0.9406,1.5737,,664482.0448,
920047.BJ,20260306,1.216,1.3308,,639876.5153,
000529.SZ,20260306,1.3879,3.1324,,353776.94,
300559.SZ,20260306,1.4832,1.9987,,457444.1792,
603189.SH,20260306,1.4995,2.4761,,547722.2452,
688426.SH,20260306,2.8831,2.8831,,260422.9525,
001389.SZ,20260306,6.0063,6.0063,,4705123.9375,
600841.SH,20260306,3.3896,10.7816,,1450273.7643,
300968.SZ,20260306,0.8836,1.8871,,536567.24,
300634.SZ,20260306,2.4238,4.0638,,1182172.558,
300295.SZ,20260306,2.7662,2.9586,,199284.0134,
920694.BJ,20260306,5.2715,9.7266,,265894.1022,
600960.SH,20260306,5.2818,9.5612,,551299.0004,
601099.SH,20260306,1.5337,1.7217,,2753791.8135,
600526.SH,20260306,1.3308,2.4027,,528778.1898,
300938.SZ,20260306,3.59,5.8669,,960593.0929,
002968.SZ,20260306,1.6424,3.3478,,290766.9512,
300793.SZ,20260306,1.3735,1.9103,,612678.0393,
002378.SZ,20260306,11.6705,27.1574,,5370336.967,
600488.SH,20260306,0.8064,1.8375,,456408.6322,
001268.SZ,20260306,1.6661,2.3392,,347221.5355,
601198.SH,20260306,0.5127,0.9322,,4389661.0162,
600276.SH,20260306,0.9862,1.6181,,36876282.4999,
605333.SH,20260306,0.3441,1.4898,,1262653.9447,
002035.SZ,20260306,1.0866,1.3557,,519611.6678,
605081.SH,20260306,1.4174,1.9676,,112454.3425,
301317.SZ,20260306,18.8836,22.0014,,879006.48,
301306.SZ,20260306,4.9829,7.3981,,848473.2,
688348.SH,20260306,1.8261,4.9217,,795452.1442,
002114.SZ,20260306,4.479,6.1691,,327276.0102,
688590.SH,20260306,2.0337,2.8588,,407754.1032,
002301.SZ,20260306,1.3439,2.3389,,527276.099,
603639.SH,20260306,1.2547,3.6515,,508738.1834,
600130.SH,20260306,2.3824,2.8632,,352500.0,
605377.SH,20260306,3.5366,6.6169,,514919.9979,
300094.SZ,20260306,6.608,8.5871,,414037.3819,
300862.SZ,20260306,2.1419,2.4428,,441052.1679,
000692.SZ,20260306,5.4315,7.7582,,225388.3488,
600299.SH,20260306,1.4147,10.0374,,4157701.997,
688408.SH,20260306,1.6159,2.7287,,922267.3801,
300596.SZ,20260306,5.205,7.7531,,1244308.9755,
920092.BJ,20260306,9.6141,17.0807,,231495.2013,
920185.BJ,20260306,0.3347,1.2462,,3208558.732,
688529.SH,20260306,0.7523,1.3349,,308939.2257,
688616.SH,20260306,3.4142,7.5269,,263865.4278,
002603.SZ,20260306,0.9586,1.752,,2800102.2102,
002351.SZ,20260306,0.799,1.0228,,1044700.725,
300816.SZ,20260306,11.9723,15.9457,,552960.0,
001266.SZ,20260306,13.4896,21.8606,,374131.8341,
002190.SZ,20260306,1.0932,2.2349,,1265597.1221,
002728.SZ,20260306,4.18,4.3958,,584309.8429,
300963.SZ,20260306,4.4856,5.8542,,937918.8,
002444.SZ,20260306,0.751,1.2884,,4101838.077,
603648.SH,20260306,0.8647,1.7122,,373285.184,
601825.SH,20260306,0.2019,0.3399,,8265288.8894,
301232.SZ,20260306,10.6519,11.8895,,1386369.4904,
000753.SZ,20260306,1.5527,2.4949,,726755.625,
603569.SH,20260306,0.9248,3.1958,,444784.844,
002291.SZ,20260306,3.4618,4.1351,,653656.1167,
300721.SZ,20260306,11.734,17.387,,275294.0541,
002167.SZ,20260306,9.4941,12.7544,,1172855.3762,
920641.BJ,20260306,11.9228,18.7103,,154804.65,
001368.SZ,20260306,7.7204,7.7204,,309750.3246,
300169.SZ,20260306,4.1001,4.1883,,219387.4608,
603721.SH,20260306,0.7801,1.5722,,270010.0,
300171.SZ,20260306,1.133,1.7235,,1262084.6099,
301203.SZ,20260306,3.4361,3.9809,,383520.0,
301087.SZ,20260306,1.789,3.9169,,1233536.785,
300959.SZ,20260306,2.5599,3.5844,,666249.062,
688661.SH,20260306,2.7359,5.8609,,1435339.9557,
600166.SH,20260306,1.483,2.6765,,2438559.313,
002955.SZ,20260306,0.8429,1.5022,,614790.4914,
301097.SZ,20260306,4.0328,6.3635,,340833.6818,
601838.SH,20260306,0.6345,1.2229,,7179909.4931,
002456.SZ,20260306,4.2292,4.6358,,3207245.5786,
000802.SZ,20260306,1.3522,1.744,,304257.6084,
301225.SZ,20260306,3.7975,3.7975,,1255963.62,
301170.SZ,20260306,3.5849,3.5849,,303000.0,
002207.SZ,20260306,26.9335,38.5551,,344078.7113,
600784.SH,20260306,1.6756,2.6205,,499982.685,
688652.SH,20260306,2.7336,3.2807,,1853208.0,
688671.SH,20260306,2.2953,2.7801,,183498.6693,
603186.SH,20260306,10.4326,16.571,,1103334.8752,
688767.SH,20260306,1.505,3.3482,,551786.6691,
688522.SH,20260306,1.8884,1.921,,1180470.881,
300660.SZ,20260306,0.7501,2.0363,,2116297.2817,
301269.SZ,20260306,0.3711,1.0223,,5212747.2197,
301256.SZ,20260306,2.0925,8.0782,,724800.0,
920566.BJ,20260306,1.265,1.3914,,165391.8631,
301085.SZ,20260306,17.4872,28.5179,,568293.8956,
688261.SH,20260306,3.7244,7.3864,,1126709.1702,
920779.BJ,20260306,2.006,2.006,,257039.8512,
688508.SH,20260306,1.6477,2.1723,,826992.5591,
002903.SZ,20260306,7.168,8.3215,,393311.98,
300952.SZ,20260306,4.4612,6.1983,,692073.0239,
000948.SZ,20260306,0.9459,1.4694,,638637.8118,
603889.SH,20260306,0.6904,1.2569,,647724.1599,
002438.SZ,20260306,2.3984,3.0109,,920672.9543,
301155.SZ,20260306,2.1608,3.0411,,1666523.0703,
300786.SZ,20260306,2.748,2.969,,295529.5017,
601112.SH,20260306,3.853,3.853,,3414598.8121,
301166.SZ,20260306,2.0211,2.7876,,285133.3377,
920128.BJ,20260306,2.8394,4.4677,,225708.2,
920970.BJ,20260306,4.2807,5.5149,,89859.4488,
601997.SH,20260306,0.7125,0.9506,,2102313.8937,
600201.SH,20260306,2.2716,2.6148,,1662062.9999,
002399.SZ,20260306,0.3503,1.5692,,1678586.8574,
000630.SZ,20260306,2.8887,4.411,,10016875.218,
002899.SZ,20260306,2.3871,3.3808,,449598.401,
002780.SZ,20260306,2.8922,3.0851,,257302.8254,
000999.SZ,20260306,0.9786,2.665,,5019281.0597,
688160.SH,20260306,1.0184,2.5417,,1052472.7709,
600713.SH,20260306,0.7488,1.7031,,702896.5995,
002213.SZ,20260306,9.0045,11.1731,,664720.2911,
603071.SH,20260306,0.5158,1.7821,,796200.9887,
002677.SZ,20260306,1.1593,2.5228,,571109.6559,
688702.SH,20260306,5.0959,10.0703,,8337350.0,
603717.SH,20260306,2.869,4.1924,,220801.2886,
001202.SZ,20260306,2.1349,4.3957,,300544.0713,
603351.SH,20260306,0.5372,1.2356,,359861.7737,
600051.SH,20260306,2.4628,3.4729,,253988.96,
002988.SZ,20260306,1.1903,2.6535,,845226.5124,
600636.SH,20260306,0.6404,1.1054,,378543.5601,
605089.SH,20260306,0.5319,2.0183,,374808.0,
000530.SZ,20260306,2.2973,3.2123,,550617.7671,
300950.SZ,20260306,2.6377,3.3982,,362771.16,
002674.SZ,20260306,1.4126,2.858,,416726.831,
300777.SZ,20260306,3.0221,3.7031,,1820389.2032,
301519.SZ,20260306,2.9363,3.4952,,247475.2477,
301060.SZ,20260306,1.8603,3.6447,,424147.503,
688432.SH,20260306,1.2859,5.0665,,1986729.6524,
000990.SZ,20260306,2.5527,4.7806,,1085207.1188,
301198.SZ,20260306,3.0927,6.0489,,262626.0,
920718.BJ,20260306,1.004,1.6795,,132373.382,
600676.SH,20260306,2.41,4.4912,,869076.5377,
300686.SZ,20260306,5.6236,5.6309,,409961.8981,
688055.SH,20260306,2.9117,28.042,,1446666.6956,
002119.SZ,20260306,7.2999,9.7646,,825624.8,
000652.SZ,20260306,1.0742,1.6033,,612363.1486,
300231.SZ,20260306,1.7486,2.2596,,489609.5625,
688247.SH,20260306,0.3433,1.0384,,441553.16,
605488.SH,20260306,1.4557,3.2555,,1081894.9837,
300412.SZ,20260306,3.7532,4.9736,,287205.5795,
301622.SZ,20260306,2.4243,2.4243,,802480.4734,
301196.SZ,20260306,3.5233,6.2276,,1084339.7663,
300026.SZ,20260306,1.1286,1.746,,1078491.5865,
002973.SZ,20260306,2.6618,3.3658,,586435.2408,
688210.SH,20260306,1.4312,2.1452,,804923.9467,
300269.SZ,20260306,20.9261,24.8862,,459608.2715,
301588.SZ,20260306,6.889,8.5636,,319278.7872,
601828.SH,20260306,0.4561,1.3015,,1101747.3663,
001228.SZ,20260306,1.9457,2.6198,,343791.8558,
600507.SH,20260306,1.2154,2.2184,,1644676.5898,
601187.SH,20260306,0.5789,1.2895,,1971428.5323,
301172.SZ,20260306,4.854,6.2764,,473112.64,
600469.SH,20260306,1.4095,3.4391,,648835.3779,
603708.SH,20260306,0.5853,1.9769,,750686.2818,
600552.SH,20260306,2.4968,3.5305,,1261050.2035,
603139.SH,20260306,4.2896,8.479,,271373.96,
301222.SZ,20260306,2.572,6.8458,,326787.616,
600930.SH,20260306,2.7568,2.7568,,25320571.4284,
300891.SZ,20260306,6.8004,11.6152,,424808.667,
601616.SH,20260306,10.0117,14.0073,,525863.9965,
301022.SZ,20260306,1.9859,2.3422,,317951.2667,
003039.SZ,20260306,1.2328,5.8672,,1047311.7661,
002553.SZ,20260306,1.9487,2.2898,,928053.712,
920284.BJ,20260306,3.0299,3.9152,,370941.1833,
603286.SH,20260306,3.8807,6.0781,,711184.55,
600764.SH,20260306,1.2955,3.4698,,2030268.1558,
300632.SZ,20260306,4.8343,5.3499,,448922.163,
002093.SZ,20260306,0.887,1.873,,1076010.0,
300198.SZ,20260306,1.1945,1.5007,,276455.0087,
300183.SZ,20260306,1.8958,3.3327,,735548.5278,
003019.SZ,20260306,0.8887,1.2861,,546403.85,
601928.SH,20260306,0.2629,0.9665,,2476187.7,
002269.SZ,20260306,2.2985,3.573,,462300.0,
603887.SH,20260306,9.5124,11.2182,,993950.5741,
300591.SZ,20260306,2.4716,2.7078,,319670.9363,
300057.SZ,20260306,7.2513,8.1488,,562884.2208,
002769.SZ,20260306,1.8687,2.4891,,418116.2205,
600609.SH,20260306,1.2426,1.7402,,587051.3511,
920717.BJ,20260306,9.8544,12.0274,,125459.92,
688148.SH,20260306,2.2806,2.8612,,422933.4609,
001207.SZ,20260306,2.383,4.8452,,596748.3018,
002106.SZ,20260306,3.0213,4.2123,,862507.3475,
300895.SZ,20260306,17.3713,35.4074,,885072.9299,
600998.SH,20260306,0.5947,1.2852,,2652339.3431,
600158.SH,20260306,4.2398,5.8754,,998853.1027,
300155.SZ,20260306,3.8624,5.4414,,297450.7043,
002226.SZ,20260306,1.5779,3.8578,,1663523.5529,
301005.SZ,20260306,7.2239,13.2622,,2245246.887,
002566.SZ,20260306,2.288,2.659,,278330.2956,
301111.SZ,20260306,2.2686,4.7767,,338720.0,
000906.SZ,20260306,1.3648,2.5537,,436442.8551,
600979.SH,20260306,9.3688,14.4885,,686341.4047,
002787.SZ,20260306,2.8328,3.5518,,444108.9937,
000768.SZ,20260306,2.1348,4.7187,,8287824.2316,
688586.SH,20260306,1.417,3.7415,,1189382.7515,
600436.SH,20260306,0.2257,0.4609,,9552321.3859,
601788.SH,20260306,0.3732,0.8139,,7460254.3999,
688795.SH,20260306,5.0456,5.0456,,27308639.4077,
300509.SZ,20260306,1.6219,3.0871,,403104.0,
600707.SH,20260306,1.8871,5.2232,,2325276.5463,
920087.BJ,20260306,9.7706,21.6159,,319662.0,
600153.SH,20260306,0.4966,0.9333,,2716867.6223,
603839.SH,20260306,0.9823,3.6562,,308504.3585,
002698.SZ,20260306,0.6022,0.908,,1560428.8627,
300671.SZ,20260306,5.5498,8.0687,,945541.5707,
000678.SZ,20260306,1.6942,3.0821,,589681.9356,
002321.SZ,20260306,2.8651,4.7892,,503362.0568,
002872.SZ,20260306,2.777,2.7982,,174582.0,
688696.SH,20260306,1.4747,1.919,,664489.8,
301190.SZ,20260306,1.7224,3.572,,531439.974,
002156.SZ,20260306,4.3279,5.8075,,7273841.9992,
920190.BJ,20260306,1.0187,1.9313,,252400.0025,
000062.SZ,20260306,0.5667,1.8677,,2457886.9067,
688370.SH,20260306,0.6998,2.1931,,380063.0406,
301106.SZ,20260306,1.3448,4.2621,,337693.7593,
300126.SZ,20260306,2.1054,3.0921,,271130.1792,
920578.BJ,20260306,2.9251,2.9251,,170089.5117,
301093.SZ,20260306,5.2407,9.4197,,1428225.7256,
600827.SH,20260306,0.3917,0.8936,,1543305.4212,
300718.SZ,20260306,1.1657,1.7846,,2218434.2978,
600330.SH,20260306,10.1005,12.4538,,2008031.2292,
300378.SZ,20260306,3.6786,4.577,,1200530.6404,
000708.SZ,20260306,0.2451,1.5179,,8908233.8788,
603501.SH,20260306,0.6477,1.0286,,14508385.7379,
603399.SH,20260306,3.9013,5.5447,,566593.4578,
301616.SZ,20260306,3.0108,3.0108,,407360.0,
603288.SH,20260306,0.4151,1.5876,,21663455.9427,
300158.SZ,20260306,2.4527,3.5279,,591412.6214,
688017.SH,20260306,1.954,2.9874,,3894848.5056,
002626.SZ,20260306,1.027,2.2037,,1138138.2827,
600816.SH,20260306,0.8988,1.4299,,2726912.1664,
688670.SH,20260306,1.3075,3.6497,,235928.0,
301179.SZ,20260306,9.4243,18.4389,,811241.5834,
002909.SZ,20260306,2.8408,4.7323,,290940.0,
688638.SH,20260306,4.2849,4.2849,,228480.0,
002043.SZ,20260306,1.3455,2.1967,,1323458.3956,
688563.SH,20260306,3.5945,3.5945,,3126600.0,
000833.SZ,20260306,14.2425,17.4287,,2111080.4057,
600833.SH,20260306,1.3572,2.4653,,284881.2651,
603680.SH,20260306,1.2463,7.761,,1217115.2452,
002188.SZ,20260306,3.7172,4.8476,,231589.5357,
000778.SZ,20260306,1.1956,2.0024,,2009333.4185,
920027.BJ,20260306,1.4558,1.6066,,163159.21,
300593.SZ,20260306,3.2054,3.4037,,1670895.2845,
603530.SH,20260306,3.7133,17.6213,,3073594.174,
688357.SH,20260306,1.7069,2.7457,,362116.6876,
301389.SZ,20260306,5.9707,6.152,,1434510.0,
002107.SZ,20260306,1.5716,3.193,,400006.2528,
603289.SH,20260306,4.2601,11.6381,,335930.4531,
000029.SZ,20260306,0.5,1.6324,,2203395.48,
002016.SZ,20260306,1.7177,4.3245,,495975.6224,
300760.SZ,20260306,0.63,1.2982,,21990049.563,
301603.SZ,20260306,3.4002,3.8063,,856792.2,
301216.SZ,20260306,1.6427,2.5964,,1194608.4098,
601899.SH,20260306,1.2327,1.7493,,98647909.9494,
002887.SZ,20260306,1.7903,3.1773,,352803.4215,
002392.SZ,20260306,0.8118,1.084,,941678.2536,
300573.SZ,20260306,2.5181,2.7752,,1751621.0779,
002713.SZ,20260306,3.6095,4.8634,,972336.098,
000963.SZ,20260306,0.7205,1.72,,6135565.6259,
600715.SH,20260306,0.958,1.2788,,889107.9165,
300650.SZ,20260306,3.3915,4.0876,,378307.1864,
301370.SZ,20260306,0.773,1.4943,,527542.6,
688173.SH,20260306,1.618,2.9629,,631199.0614,
002511.SZ,20260306,1.5569,3.1786,,1130726.0976,
300061.SZ,20260306,1.0283,1.2721,,632633.9299,
603367.SH,20260306,1.5937,3.021,,768776.511,
002966.SZ,20260306,0.6933,0.8229,,3665942.849,
000758.SZ,20260306,2.9059,4.5157,,1584390.1843,
920106.BJ,20260306,1.7431,2.722,,408774.8505,
920225.BJ,20260306,2.3939,2.9035,,331385.2322,
688379.SH,20260306,3.3795,6.4312,,493488.4786,
000507.SZ,20260306,3.3912,4.8835,,515051.5412,
000757.SZ,20260306,3.1667,4.5656,,281274.0982,
000876.SZ,20260306,1.0666,2.351,,3993960.8094,
688087.SH,20260306,4.5896,8.2046,,847049.0929,
002747.SZ,20260306,1.6559,2.5924,,1936274.021,
600300.SH,20260306,3.3418,4.8372,,601576.891,
000609.SZ,20260306,5.6738,7.5094,,286397.1046,
002705.SZ,20260306,0.6385,1.9125,,1104151.0608,
601368.SH,20260306,1.3379,3.1037,,490050.0577,
603348.SH,20260306,0.3236,0.6186,,612601.57,
601996.SH,20260306,2.3249,3.9367,,283591.3472,
001212.SZ,20260306,5.057,6.9231,,1122560.4597,
688296.SH,20260306,1.8071,3.1022,,170264.0855,
002673.SZ,20260306,0.7055,1.3324,,3450517.0763,
603926.SH,20260306,1.96,3.8746,,487741.1177,
002448.SZ,20260306,6.5479,6.5479,,1053841.676,
300347.SZ,20260306,1.2112,1.3465,,4939706.4489,
600370.SH,20260306,1.9876,10.6209,,900133.2456,
603690.SH,20260306,1.8646,2.5708,,1034769.4035,
600783.SH,20260306,1.5542,4.7636,,1662154.3035,
920706.BJ,20260306,6.2121,9.0883,,249032.1353,
600511.SH,20260306,1.3337,2.4424,,2263508.994,
920066.BJ,20260306,2.1816,2.1816,,163292.9409,
002660.SZ,20260306,1.4106,2.5737,,337368.214,
600288.SH,20260306,2.1925,2.4163,,689270.4,
603122.SH,20260306,4.717,10.2548,,679873.8972,
600079.SH,20260306,0.7471,1.1756,,3217117.377,
920556.BJ,20260306,11.8188,16.2009,,182286.176,
300996.SZ,20260306,1.7579,2.2545,,470822.1199,
301202.SZ,20260306,2.9611,3.1063,,575471.6,
300384.SZ,20260306,2.6482,3.7891,,593353.5129,
603776.SH,20260306,2.1919,3.5342,,560398.1017,
603538.SH,20260306,7.1669,9.7548,,491824.3159,
002302.SZ,20260306,1.851,4.8846,,819267.9433,
688739.SH,20260306,0.3446,0.7601,,1051952.7,
688523.SH,20260306,16.6508,16.6508,,2927094.72,
301219.SZ,20260306,2.2641,3.0452,,2039737.6166,
920871.BJ,20260306,1.0589,1.7059,,124547.9141,
002356.SZ,20260306,6.4718,8.1493,,579574.4983,
300160.SZ,20260306,1.5793,2.508,,457584.2049,
600223.SH,20260306,0.5363,1.173,,721763.8303,
002685.SZ,20260306,1.4384,1.6389,,740652.6211,
688315.SH,20260306,0.6813,1.893,,600160.4,
301656.SZ,20260306,2.3754,2.3754,,6045644.3477,
000531.SZ,20260306,2.495,5.2367,,736270.7417,
920169.BJ,20260306,4.9833,8.021,,283850.7162,
301578.SZ,20260306,4.7536,4.7536,,290250.9627,
300111.SZ,20260306,3.4864,4.9792,,576670.3999,
300607.SZ,20260306,1.8556,2.0824,,1341246.4225,
002011.SZ,20260306,1.3038,2.3745,,1429320.5949,
601998.SH,20260306,0.0893,0.9348,,40454032.9659,
002413.SZ,20260306,15.8614,15.8614,,2063448.8939,
300145.SZ,20260306,11.216,16.4374,,994685.3746,
002690.SZ,20260306,0.8704,1.2611,,1670059.3077,
002244.SZ,20260306,0.7434,1.8065,,3307464.8551,
300753.SZ,20260306,15.8283,18.4064,,430453.92,
605155.SH,20260306,1.5977,4.1872,,342806.1952,
300037.SZ,20260306,2.0892,2.4446,,4111547.9924,
002403.SZ,20260306,0.8203,1.7761,,386624.7872,
001217.SZ,20260306,2.8092,7.6096,,446033.28,
000680.SZ,20260306,0.9861,1.4447,,1945684.9678,
605318.SH,20260306,1.699,5.9786,,875199.7639,
603231.SH,20260306,2.7492,3.4492,,354390.8034,
300967.SZ,20260306,15.5132,23.9662,,403278.123,
301328.SZ,20260306,4.3304,6.2696,,578479.8788,
301027.SZ,20260306,11.2115,12.0811,,313110.0,
300969.SZ,20260306,4.2259,7.2818,,1468690.0282,
301039.SZ,20260306,0.8899,2.0508,,1757928.706,
600371.SH,20260306,7.1895,14.0299,,283215.504,
300674.SZ,20260306,1.4932,1.9664,,1573567.5291,
600704.SH,20260306,1.2319,2.1714,,2911374.2781,
300539.SZ,20260306,4.7204,7.6056,,823069.0323,
000581.SZ,20260306,5.3685,9.1574,,2438233.5177,
003002.SZ,20260306,1.2378,2.3709,,538000.0,
603709.SH,20260306,1.9269,5.4753,,231477.7392,
002092.SZ,20260306,4.5987,6.537,,2051295.4575,
603661.SH,20260306,0.5147,1.8073,,465318.2857,
601992.SH,20260306,1.0777,2.9982,,2050132.0577,
300932.SZ,20260306,9.2175,14.6711,,475994.645,
688807.SH,20260306,17.1528,17.1528,,1936000.0,
300586.SZ,20260306,1.8997,2.8523,,710505.4284,
688107.SH,20260306,1.4504,4.2857,,1230206.7073,
002767.SZ,20260306,1.6389,3.539,,345150.0,
603863.SH,20260306,2.2297,3.135,,411960.45,
002139.SZ,20260306,0.9918,1.0435,,1579739.9298,
688297.SH,20260306,4.8431,11.6379,,4009500.0,
300503.SZ,20260306,2.664,3.5645,,1522640.3179,
920060.BJ,20260306,3.3359,4.5124,,507981.2191,
300817.SZ,20260306,1.9288,2.4506,,435941.5853,
300955.SZ,20260306,1.2229,2.7478,,343728.0,
002060.SZ,20260306,2.3333,3.273,,1486739.7238,
002877.SZ,20260306,42.7108,55.8958,,387869.6276,
301600.SZ,20260306,3.4437,3.4437,,1282816.9155,
002250.SZ,20260306,2.9008,3.9309,,1564879.5244,
000503.SZ,20260306,1.0896,1.5029,,859783.6704,
002492.SZ,20260306,2.1024,3.6387,,360045.0,
301086.SZ,20260306,2.9116,4.0569,,1102320.0,
688411.SH,20260306,3.2168,4.119,,4131321.7665,
688095.SH,20260306,2.2533,3.7464,,727221.811,
300860.SZ,20260306,1.8107,2.9912,,494494.6972,
301510.SZ,20260306,1.7664,1.9847,,1356033.9,
000537.SZ,20260306,1.9925,6.3476,,1919873.585,
600312.SH,20260306,5.2701,8.9968,,3395017.1151,
002786.SZ,20260306,1.309,2.0952,,399463.272,
000421.SZ,20260306,5.0307,10.9559,,403814.261,
605108.SH,20260306,0.9107,2.8999,,466960.0,
605178.SH,20260306,3.1402,5.4962,,682264.88,
600433.SH,20260306,1.8716,3.411,,621349.1277,
002368.SZ,20260306,0.9452,1.438,,1271391.8234,
603458.SH,20260306,3.194,3.5277,,332145.0977,
600990.SH,20260306,1.8507,3.4399,,711572.0378,
603517.SH,20260306,0.6583,1.2603,,719930.3,
600115.SH,20260306,1.1499,2.8372,,11308921.175,
600075.SH,20260306,5.0924,8.9622,,1227594.5614,
002377.SZ,20260306,3.15,3.9437,,340872.9748,
002911.SZ,20260306,1.6135,10.7734,,1967067.2388,
300349.SZ,20260306,1.8924,2.6739,,675051.1404,
300482.SZ,20260306,0.8733,1.3872,,910893.2329,
002557.SZ,20260306,0.8724,1.5214,,1168525.482,
603406.SH,20260306,2.1554,2.1554,,1471636.79,
300053.SZ,20260306,4.0363,4.8652,,1294792.4921,
001258.SZ,20260306,5.802,14.888,,794266.6672,
603628.SH,20260306,2.7929,5.0843,,392449.9537,
600459.SH,20260306,2.8913,4.7091,,1758193.6896,
600962.SH,20260306,0.9948,1.7946,,545134.59,
601985.SH,20260306,0.7881,1.9392,,18161545.8313,
600642.SH,20260306,0.5696,1.6396,,4424247.7559,
600295.SH,20260306,0.4551,1.9727,,4659962.4629,
600444.SH,20260306,1.7867,3.2291,,280690.8436,
605100.SH,20260306,0.9505,2.1022,,726456.15,
301399.SZ,20260306,4.4782,5.2943,,379846.06,
600606.SH,20260306,0.5599,2.0182,,2304891.8035,
300320.SZ,20260306,1.672,2.0212,,667971.1862,
003036.SZ,20260306,4.8261,15.3746,,389936.5355,
301233.SZ,20260306,2.9564,4.0631,,278040.94,
300313.SZ,20260306,1.2249,2.5415,,170962.4227,
605118.SH,20260306,0.5582,4.2674,,1820126.4,
300890.SZ,20260306,8.314,8.6861,,366366.4716,
301309.SZ,20260306,3.8086,3.8086,,305524.0416,
002436.SZ,20260306,5.2288,5.412,,4264480.9696,
301290.SZ,20260306,1.7709,1.7713,,280385.1619,
002173.SZ,20260306,17.665,22.0755,,1319881.4968,
300936.SZ,20260306,12.4682,18.9268,,376225.6,
002268.SZ,20260306,1.3078,2.0591,,1628695.0959,
688507.SH,20260306,2.0203,2.0203,,845107.7075,
001316.SZ,20260306,4.2032,13.501,,590311.8738,
603838.SH,20260306,1.4074,3.8737,,279053.952,
300556.SZ,20260306,3.6163,3.713,,232797.5744,
600189.SH,20260306,1.4059,2.466,,600766.1621,
688136.SH,20260306,1.4455,2.8624,,606991.866,
601121.SH,20260306,4.4501,4.7387,,759801.809,
600995.SH,20260306,1.515,6.9295,,4985769.0558,
300233.SZ,20260306,2.0694,2.7021,,581186.1247,
688579.SH,20260306,3.4263,4.5436,,500812.52,
300701.SZ,20260306,1.7381,3.1065,,349743.3422,
300847.SZ,20260306,1.8393,4.8511,,538146.18,
002153.SZ,20260306,0.9321,1.9272,,3010300.8066,
002410.SZ,20260306,1.498,1.7847,,2104577.0917,
002929.SZ,20260306,9.2213,14.1196,,1431494.6603,
002489.SZ,20260306,1.2086,2.307,,770000.7911,
002283.SZ,20260306,7.196,9.1889,,1163385.7787,
600255.SH,20260306,2.1468,2.398,,675498.9612,
002583.SZ,20260306,2.0356,2.2169,,2044128.1842,
300040.SZ,20260306,15.9293,17.0281,,498643.0879,
920445.BJ,20260306,7.2426,8.4067,,169258.2606,
688310.SH,20260306,1.0949,3.1725,,283903.2305,
000796.SZ,20260306,3.4579,4.0545,,878876.326,
002948.SZ,20260306,1.1082,1.8527,,3142991.551,
300611.SZ,20260306,4.2028,4.8932,,562302.9475,
300951.SZ,20260306,0.675,1.9116,,627968.0131,
688011.SH,20260306,1.0736,2.2615,,716800.0,
688668.SH,20260306,2.6537,4.9026,,2033350.8476,
000723.SZ,20260306,3.7109,5.9327,,2333851.617,
688037.SH,20260306,3.9943,5.5793,,3826684.4508,
603590.SH,20260306,1.315,2.409,,650193.8405,
002258.SZ,20260306,3.1343,5.3131,,1305513.1189,
688369.SH,20260306,3.546,4.4921,,270532.0307,
601107.SH,20260306,0.5332,4.1294,,1944926.16,
000980.SZ,20260306,2.1611,2.9449,,1432083.5579,
920198.BJ,20260306,12.5947,12.8891,,167657.063,
300994.SZ,20260306,2.1423,3.2396,,365948.16,
000521.SZ,20260306,1.4886,2.0784,,645762.1693,
603833.SH,20260306,0.3321,1.2936,,3350340.7685,
600545.SH,20260306,9.9723,18.4767,,741983.5721,
002676.SZ,20260306,1.499,2.4259,,536400.0,
600758.SH,20260306,2.8284,5.6445,,544671.1663,
000524.SZ,20260306,1.9336,6.3394,,863898.8815,
000566.SZ,20260306,2.1509,3.4797,,748579.6777,
920753.BJ,20260306,1.3397,1.9164,,175426.413,
920088.BJ,20260306,33.9831,36.2869,,645564.095,
002320.SZ,20260306,0.8053,2.9664,,2236901.8041,
600499.SH,20260306,1.319,2.2981,,3285287.9978,
002852.SZ,20260306,2.2148,3.2059,,372517.6743,
301586.SZ,20260306,4.2295,5.7884,,409318.1563,
600871.SH,20260306,4.4658,21.46,,6957235.8207,
002067.SZ,20260306,4.237,4.383,,808219.9114,
601225.SH,20260306,0.4302,1.238,,24189025.0,
688800.SH,20260306,3.8741,6.4728,,1905778.3881,
002398.SZ,20260306,2.3519,2.4786,,393693.1432,
003010.SZ,20260306,2.9883,3.9062,,903627.7778,
000958.SZ,20260306,1.0269,2.0977,,11813727.5344,
000050.SZ,20260306,1.6502,2.9212,,2307825.0537,
300837.SZ,20260306,2.7705,4.8785,,417007.5769,
601990.SH,20260306,0.4794,0.9001,,3365715.2632,
000048.SZ,20260306,1.794,3.9565,,973598.211,
002075.SZ,20260306,1.4929,2.0394,,1226348.4238,
300669.SZ,20260306,2.7697,4.7487,,702026.2312,
301265.SZ,20260306,22.0181,28.5614,,599886.9004,
600332.SH,20260306,0.6402,1.3363,,4090490.0277,
688485.SH,20260306,7.152,7.152,,378134.828,
600234.SH,20260306,0.8135,1.5363,,365166.6734,
603881.SH,20260306,4.7238,8.2838,,2618484.1614,
002025.SZ,20260306,3.0869,5.2434,,2367304.2856,
002915.SZ,20260306,1.6396,2.3992,,737936.5993,
000725.SZ,20260306,2.581,2.9721,,16188371.364,
600113.SH,20260306,0.8288,2.0513,,2404918.7286,
000543.SZ,20260306,2.0584,4.861,,1983505.4146,
920046.BJ,20260306,23.9227,39.23,,340774.35,
601919.SH,20260306,1.185,2.9049,,24178733.6983,
300052.SZ,20260306,1.6566,1.9916,,362674.3134,
301560.SZ,20260306,6.6073,6.6073,,473875.2,
688004.SH,20260306,1.8468,2.9829,,182120.112,
600624.SH,20260306,0.5845,0.8242,,345787.5935,
300923.SZ,20260306,1.7323,3.3538,,229512.0,
600720.SH,20260306,0.803,1.0723,,1649814.2112,
300555.SZ,20260306,0.9306,1.12,,270000.0,
600989.SH,20260306,2.9656,10.0353,,20995409.68,
600562.SH,20260306,0.915,2.6742,,3554197.1381,
001380.SZ,20260306,2.1728,2.1728,,608609.4054,
300388.SZ,20260306,1.3867,3.5895,,604765.5011,
601058.SH,20260306,0.5429,0.7347,,4895981.2857,
601798.SH,20260306,4.1713,6.5182,,355591.7826,
301055.SZ,20260306,1.1266,2.6414,,327756.0,
000009.SZ,20260306,1.3401,2.1613,,2354822.35,
002848.SZ,20260306,1.2858,1.6955,,198574.2,
002221.SZ,20260306,3.0867,4.9945,,1412210.4792,
603322.SH,20260306,2.0368,2.5616,,558802.7786,
603091.SH,20260306,1.3006,1.3006,,834064.0733,
688113.SH,20260306,1.4287,2.3023,,268215.8332,
300765.SZ,20260306,0.7753,3.0595,,4416040.2159,
301010.SZ,20260306,1.7471,4.8531,,231552.0,
688205.SH,20260306,7.357,11.175,,2675022.0601,
300375.SZ,20260306,2.8884,3.2525,,423934.2604,
002316.SZ,20260306,4.7226,5.0803,,226044.0,
603305.SH,20260306,1.6393,3.1931,,1804061.0559,
001325.SZ,20260306,13.4194,13.4194,,412776.0,
001230.SZ,20260306,6.9199,10.0766,,373685.3427,
600737.SH,20260306,1.3394,2.7186,,3372963.6556,
688390.SH,20260306,4.7014,7.0175,,2279923.5955,
300394.SZ,20260306,4.2811,7.7328,,25101204.2886,
920682.BJ,20260306,6.4475,9.4159,,318639.36,
688302.SH,20260306,1.4772,1.9545,,421806.4475,
603027.SH,20260306,0.8452,1.614,,1267802.2668,
603990.SH,20260306,1.3979,1.7735,,433696.3471,
603666.SH,20260306,1.0249,1.6094,,599737.7656,
001339.SZ,20260306,11.2232,16.1652,,1673153.2897,
002006.SZ,20260306,1.2146,1.6471,,1005280.513,
603353.SH,20260306,7.8466,23.8958,,703439.352,
002958.SZ,20260306,0.9128,1.2021,,1722242.9645,
603175.SH,20260306,14.8463,14.8463,,3508034.3597,
002982.SZ,20260306,17.6935,23.2104,,308042.054,
002300.SZ,20260306,18.3141,36.009,,759895.0524,
600657.SH,20260306,0.4698,1.7449,,926860.5434,
002867.SZ,20260306,0.5766,1.5903,,1298226.776,
300369.SZ,20260306,4.9171,6.5818,,717400.37,
600858.SH,20260306,1.7972,3.1472,,318800.8191,
920394.BJ,20260306,1.8875,5.6717,,757721.25,
301581.SZ,20260306,0.905,2.0376,,400800.0,
603095.SH,20260306,2.1418,6.9862,,541848.7816,
600150.SH,20260306,1.307,1.8492,,29297243.6742,
300536.SZ,20260306,3.2404,3.4859,,252814.3706,
605319.SH,20260306,1.7584,4.3186,,827253.9364,
300595.SZ,20260306,1.1922,1.6155,,1382326.4059,
603255.SH,20260306,1.6376,2.5894,,417772.5344,
000561.SZ,20260306,1.9509,3.1886,,963380.3354,
600428.SH,20260306,3.9016,8.3764,,2271966.0871,
300546.SZ,20260306,2.5839,2.8655,,456690.1949,
600531.SH,20260306,3.7261,5.0829,,1995283.4517,
002498.SZ,20260306,9.973,29.826,,3270240.468,
000599.SZ,20260306,2.7683,4.7203,,570097.7729,
688796.SH,20260306,7.062,7.062,,3463462.755,
688560.SH,20260306,2.4595,3.952,,345434.0913,
002863.SZ,20260306,2.0623,3.1136,,360289.616,
688727.SH,20260306,4.0162,4.0162,,2302313.6304,
002743.SZ,20260306,1.6727,2.5069,,250714.6433,
601700.SH,20260306,3.5979,7.2784,,704766.2139,
688550.SH,20260306,2.1158,3.5822,,788558.3708,
920396.BJ,20260306,9.4332,14.5406,,259057.2148,
001215.SZ,20260306,1.7973,3.057,,369889.8179,
300211.SZ,20260306,0.6835,1.2516,,266242.4373,
300071.SZ,20260306,3.8323,5.06,,531100.2691,
000608.SZ,20260306,3.3245,4.7597,,257970.1783,
002687.SZ,20260306,2.3503,3.2988,,265009.2328,
300785.SZ,20260306,4.904,6.049,,1035638.1055,
600831.SH,20260306,1.5103,2.1331,,304285.3126,
603800.SH,20260306,1.5922,3.0039,,815776.0,
300740.SZ,20260306,2.5638,4.4082,,886882.9742,
603822.SH,20260306,2.372,3.878,,906468.6289,
301418.SZ,20260306,2.691,2.691,,287246.6693,
300834.SZ,20260306,0.8188,2.2873,,479050.649,
002876.SZ,20260306,3.4907,3.9395,,478705.2178,
301313.SZ,20260306,3.9297,4.6017,,325878.21,
301163.SZ,20260306,3.4559,5.2759,,254592.0,
300172.SZ,20260306,7.1075,7.8208,,428357.43,
300666.SZ,20260306,4.5814,5.0685,,3936562.9737,
000514.SZ,20260306,1.0895,2.9596,,418510.3986,
600282.SH,20260306,0.4924,1.3222,,3575752.7864,
000166.SZ,20260306,0.2998,0.837,,12269572.8344,
688566.SH,20260306,1.489,5.1131,,583933.5727,
600741.SH,20260306,0.3539,0.8491,,5968106.5017,
688631.SH,20260306,4.8584,6.4137,,1118298.27,
001317.SZ,20260306,1.7247,4.2102,,432192.8457,
605305.SH,20260306,1.9821,2.7546,,808638.6,
300558.SZ,20260306,1.3407,2.283,,1851649.643,
000707.SZ,20260306,5.1215,6.4966,,385913.3474,
603138.SH,20260306,6.553,11.7934,,622128.5271,
600732.SH,20260306,2.7927,4.5552,,3197047.3837,
002599.SZ,20260306,2.6476,3.0021,,408565.3966,
920006.BJ,20260306,6.5574,8.9129,,247025.7792,
002423.SZ,20260306,0.6389,1.7165,,2550644.8715,
600589.SH,20260306,12.5154,14.8211,,1682130.9854,
603222.SH,20260306,2.704,4.316,,466805.5567,
000937.SZ,20260306,0.8997,3.1786,,2035322.9856,
002838.SZ,20260306,0.7093,1.4618,,1266320.5701,
688262.SH,20260306,4.1825,5.6274,,1279823.6686,
300733.SZ,20260306,1.2042,1.7045,,533405.1086,
002507.SZ,20260306,1.0143,1.5705,,1501248.6554,
002333.SZ,20260306,1.3358,4.1906,,402930.1056,
000534.SZ,20260306,4.1014,5.4401,,2101378.08,
003042.SZ,20260306,6.7943,13.1896,,268289.84,
002475.SZ,20260306,1.0077,1.6142,,34462706.9688,
600361.SH,20260306,1.4353,2.86,,1776622.1331,
603100.SH,20260306,0.7174,1.5637,,1213654.5612,
300865.SZ,20260306,2.3127,3.7652,,278333.12,
300096.SZ,20260306,0.9194,1.097,,332820.0,
600038.SH,20260306,2.1829,3.8741,,3100016.2384,
600128.SH,20260306,3.1151,4.2372,,289705.2037,
603698.SH,20260306,2.952,9.5789,,1895260.64,
920166.BJ,20260306,6.0681,6.0681,,225731.7658,
002730.SZ,20260306,3.7962,7.6055,,631105.2308,
002284.SZ,20260306,2.1197,3.6879,,1170734.9512,
002537.SZ,20260306,3.508,4.6876,,1075399.3384,
600593.SH,20260306,4.9683,10.7059,,516431.755,
000809.SZ,20260306,5.5891,8.5063,,294450.4916,
601882.SH,20260306,1.7531,7.5217,,1143702.0,
000564.SZ,20260306,1.0574,1.5009,,4008890.0646,
000617.SZ,20260306,0.7234,3.6213,,11516934.041,
002578.SZ,20260306,3.9677,6.7765,,417690.4314,
300396.SZ,20260306,0.7058,1.4741,,351237.8074,
002286.SZ,20260306,6.0413,7.3765,,401879.1533,
002574.SZ,20260306,2.1216,4.6229,,320496.0,
300131.SZ,20260306,4.095,4.1083,,1575407.0452,
600829.SH,20260306,1.1271,4.477,,612942.247,
001225.SZ,20260306,12.9791,15.3445,,395464.2672,
002519.SZ,20260306,6.0717,9.1904,,999144.2065,
603529.SH,20260306,0.4009,1.334,,2447464.3241,
000900.SZ,20260306,1.3623,2.549,,652666.1836,
600958.SH,20260306,0.4373,0.6827,,8386188.9032,
601156.SH,20260306,1.2294,1.9297,,3024293.3342,
600770.SH,20260306,2.134,3.8204,,803400.0,
600097.SH,20260306,2.1702,3.7956,,286714.5052,
688089.SH,20260306,1.722,3.2015,,327529.5475,
603813.SH,20260306,1.2511,3.5689,,398951.985,
300174.SZ,20260306,2.6147,3.3858,,616972.3498,
688007.SH,20260306,1.2007,1.8107,,711485.003,
002416.SZ,20260306,1.6382,3.2094,,1647005.5202,
000953.SZ,20260306,2.9851,4.5231,,270198.1799,
301428.SZ,20260306,4.8074,4.8074,,324120.0011,
600810.SH,20260306,1.6003,3.7735,,936803.0033,
300073.SZ,20260306,1.615,2.1031,,2858630.3443,
603477.SH,20260306,6.4343,11.9944,,946180.6124,
603376.SH,20260306,2.2294,2.2294,,1434003.585,
301119.SZ,20260306,0.9896,2.9371,,502632.0,
000858.SZ,20260306,0.2909,0.6477,,39747665.9712,
603162.SH,20260306,3.0474,3.0474,,1364081.0728,
300322.SZ,20260306,5.6509,6.9551,,1300987.8967,
300371.SZ,20260306,3.7428,5.4639,,281905.4317,
603180.SH,20260306,0.6778,2.2816,,314530.3085,
603001.SH,20260306,3.0292,5.8036,,384940.8,
603161.SH,20260306,1.5912,2.8599,,308913.8432,
688323.SH,20260306,2.662,4.7469,,401400.4995,
301602.SZ,20260306,0.603,1.6735,,904632.1955,
002742.SZ,20260306,1.5011,1.9379,,305793.6123,
920599.BJ,20260306,0.852,1.314,,964827.15,
688365.SH,20260306,1.9134,4.6431,,889547.7649,
603173.SH,20260306,1.4716,4.7054,,719520.0,
000570.SZ,20260306,14.4482,24.4758,,445997.6644,
003021.SZ,20260306,2.4454,5.9959,,2833925.3568,
688509.SH,20260306,2.2269,2.2269,,378070.0,
300863.SZ,20260306,0.699,1.5828,,1012762.3494,
300427.SZ,20260306,23.9464,29.0696,,802445.0302,
300743.SZ,20260306,1.7376,2.5101,,294413.0408,
002449.SZ,20260306,14.3243,18.2417,,545496.8631,
002846.SZ,20260306,2.2795,3.3699,,629570.4604,
003033.SZ,20260306,1.0097,3.1305,,504561.0,
002798.SZ,20260306,2.4913,3.6059,,332650.3347,
002627.SZ,20260306,2.8351,4.2581,,614461.9685,
002384.SZ,20260306,6.5001,7.378,,17482693.8929,
003020.SZ,20260306,0.9607,1.5762,,469369.6252,
603992.SH,20260306,0.8849,4.4868,,1304281.9137,
001314.SZ,20260306,7.1803,7.1803,,684072.664,
300662.SZ,20260306,1.8368,2.6053,,504808.3108,
001308.SZ,20260306,0.6659,3.5725,,1452387.4787,
300749.SZ,20260306,10.6209,15.0363,,646283.61,
002228.SZ,20260306,1.5561,2.6959,,520542.4348,
000635.SZ,20260306,6.2614,10.8597,,374821.0755,
603070.SH,20260306,3.2484,13.0229,,668868.0,
002923.SZ,20260306,4.8166,8.9067,,535829.2576,
603810.SH,20260306,2.9716,5.4021,,293474.098,
300840.SZ,20260306,4.7827,5.4252,,451200.0,
003008.SZ,20260306,2.8276,4.4551,,254176.0,
688198.SH,20260306,0.1574,0.5882,,1413158.0964,
601126.SH,20260306,4.2599,7.1277,,4411632.5025,
688125.SH,20260306,1.8004,5.8923,,2069337.7921,
002306.SZ,20260306,7.2661,8.8316,,203524.425,
920832.BJ,20260306,3.074,3.2051,,106431.8845,
600718.SH,20260306,1.1121,1.4418,,1138525.6546,
300530.SZ,20260306,0.9283,2.8524,,467363.7802,
688115.SH,20260306,0.8178,1.9985,,299281.63,
600814.SH,20260306,1.6562,4.9289,,604969.6862,
601212.SH,20260306,1.94,5.3397,,7441798.3836,
603211.SH,20260306,1.2273,4.4307,,576776.576,
603089.SH,20260306,1.2466,3.1083,,322844.7455,
601860.SH,20260306,1.0617,1.385,,1014098.2443,
600131.SH,20260306,6.1148,14.7044,,2583653.4749,
920263.BJ,20260306,0.8007,1.2793,,181638.3643,
002799.SZ,20260306,2.8055,5.2493,,293796.72,
603390.SH,20260306,1.0691,2.9099,,451521.1475,
688612.SH,20260306,0.9329,1.0463,,1198039.5841,
002628.SZ,20260306,6.652,8.3827,,417919.4291,
301584.SZ,20260306,3.9563,3.9563,,1177080.0941,
301132.SZ,20260306,9.55,18.8803,,595454.8072,
301314.SZ,20260306,8.8329,8.8329,,268515.0,
688662.SH,20260306,10.7613,19.2416,,580178.0,
002576.SZ,20260306,3.8686,5.4487,,316661.8,
600665.SH,20260306,1.589,3.7402,,308491.74,
300629.SZ,20260306,4.3633,4.8942,,621267.2807,
920690.BJ,20260306,1.3679,2.569,,198104.4,
600568.SH,20260306,1.0441,1.7023,,573946.4681,
002601.SZ,20260306,1.969,2.5921,,5116596.3282,
300382.SZ,20260306,2.4832,3.7705,,833842.3923,
600774.SH,20260306,2.1869,5.2505,,291787.0456,
301362.SZ,20260306,26.4157,26.4157,,1139646.96,
600318.SH,20260306,10.3944,13.6051,,510163.9938,
603318.SH,20260306,33.5155,58.5923,,561883.9698,
300110.SZ,20260306,1.9459,2.4331,,386583.6451,
301129.SZ,20260306,16.9923,30.1425,,393694.7678,
002171.SZ,20260306,2.3354,3.0954,,2078983.414,
002775.SZ,20260306,4.1326,6.526,,283766.8515,
001227.SZ,20260306,1.2988,1.4609,,1315706.0458,
301508.SZ,20260306,2.4516,2.4516,,732516.048,
000750.SZ,20260306,1.0224,1.4766,,2624717.71,
300190.SZ,20260306,2.0663,2.9729,,395067.3386,
301458.SZ,20260306,2.4276,2.797,,1007466.7926,
600678.SH,20260306,2.9239,3.678,,399942.54,
300973.SZ,20260306,1.1431,1.4847,,663137.4802,
603908.SH,20260306,1.9099,4.8467,,231606.8192,
300564.SZ,20260306,4.4215,7.1527,,265524.8192,
601009.SH,20260306,0.2656,0.6074,,13871922.4489,
603300.SH,20260306,2.9702,3.8815,,1451999.509,
002195.SZ,20260306,15.5042,17.2057,,6101516.8529,
301295.SZ,20260306,3.0433,3.0433,,330019.2,
002573.SZ,20260306,1.3207,2.7755,,574598.4341,
002374.SZ,20260306,2.4595,3.0279,,386334.5047,
300792.SZ,20260306,2.5111,4.4959,,905832.0568,
688155.SH,20260306,1.1862,2.5129,,1088234.7209,
603332.SH,20260306,1.7025,4.2608,,294881.2118,
301397.SZ,20260306,2.5757,2.5757,,477573.7711,
002645.SZ,20260306,2.7499,4.3003,,962738.9522,
300527.SZ,20260306,1.1599,2.6248,,866288.3569,
688716.SH,20260306,1.8999,1.9005,,453014.64,
000717.SZ,20260306,1.2567,2.6716,,664133.6917,
688793.SH,20260306,1.1125,2.0228,,184868.5963,
300908.SZ,20260306,0.8455,1.7318,,403106.0,
601089.SH,20260306,0.5051,1.8461,,1144800.0,
002168.SZ,20260306,0.8731,1.0655,,319154.4908,
300230.SZ,20260306,2.5684,2.8971,,431816.3372,
000782.SZ,20260306,3.0875,3.5235,,430486.6061,
300600.SZ,20260306,3.0864,5.9526,,424580.3546,
002774.SZ,20260306,3.135,7.7896,,377763.8238,
000972.SZ,20260306,1.1469,1.7819,,293087.76,
000856.SZ,20260306,3.7642,5.3774,,251289.0,
603896.SH,20260306,2.9403,5.0362,,414726.2618,
002430.SZ,20260306,1.1704,2.864,,3101383.4702,
920152.BJ,20260306,0.7134,0.8701,,227359.7514,
688376.SH,20260306,0.7683,1.7851,,797986.4696,
002971.SZ,20260306,2.0512,2.6741,,702391.335,
301299.SZ,20260306,5.6825,8.9988,,401289.2018,
301386.SZ,20260306,11.824,11.824,,396760.0,
301587.SZ,20260306,2.9532,3.2521,,357123.169,
688221.SH,20260306,3.9189,6.6506,,749906.4633,
603931.SH,20260306,1.0737,2.9743,,616236.2774,
603378.SH,20260306,1.9251,4.8686,,277730.624,
002919.SZ,20260306,1.6074,2.7174,,637263.8238,
601319.SH,20260306,0.1623,1.9297,,37988407.9108,
600610.SH,20260306,8.5778,13.5479,,1196613.7338,
002215.SZ,20260306,2.4849,2.9409,,1144277.9096,
600694.SH,20260306,0.6892,1.1343,,605036.7038,
600121.SH,20260306,4.1317,8.591,,577527.306,
920367.BJ,20260306,3.958,7.9956,,151288.7688,
000752.SZ,20260306,1.4523,1.7893,,276155.1401,
301272.SZ,20260306,3.8304,5.0323,,251852.4015,
603014.SH,20260306,1.834,1.834,,1618797.0058,
301606.SZ,20260306,1.0675,1.9762,,2796492.0924,
601162.SH,20260306,1.363,1.8144,,4019520.1084,
603216.SH,20260306,4.6623,17.3012,,848448.9,
920808.BJ,20260306,1.1267,3.8879,,1603600.008,
601881.SH,20260306,0.4004,1.3924,,15537785.6058,
002837.SZ,20260306,2.8194,4.1294,,9892510.9327,
600503.SH,20260306,1.7349,1.8678,,414993.11,
688008.SH,20260306,1.8397,1.9831,,18529774.5184,
603181.SH,20260306,1.9108,3.3433,,1016096.2,
688669.SH,20260306,1.9422,3.7326,,352716.0019,
300242.SZ,20260306,3.6412,4.6272,,335045.1583,
002366.SZ,20260306,5.1913,5.1913,,1681397.6131,
600031.SH,20260306,0.7785,1.1457,,20256594.7747,
603033.SH,20260306,1.2917,3.4045,,1118812.4561,
603499.SH,20260306,1.8948,4.701,,701111.2016,
603201.SH,20260306,0.6748,2.1306,,337593.966,
002541.SZ,20260306,1.5436,2.219,,1642240.798,
002478.SZ,20260306,7.3782,9.0243,,1249415.4642,
300638.SZ,20260306,2.336,2.8525,,2444204.564,
600660.SH,20260306,0.5065,0.715,,15402706.3259,
600016.SH,20260306,0.629,0.9174,,16987578.3788,
601619.SH,20260306,5.6181,10.4455,,1971942.5705,
300162.SZ,20260306,30.5518,35.7388,,396017.4683,
301079.SZ,20260306,12.0024,13.9445,,477776.7783,
600855.SH,20260306,2.7306,4.9166,,897727.8668,
600379.SH,20260306,3.4276,6.1417,,454357.3521,
301175.SZ,20260306,12.918,12.918,,1086247.44,
920985.BJ,20260306,1.6015,2.6024,,243867.2456,
600838.SH,20260306,2.0348,3.0188,,435357.8314,
300300.SZ,20260306,21.5224,28.5474,,946255.981,
002305.SZ,20260306,1.0382,1.7446,,374590.6063,
300769.SZ,20260306,9.4761,10.7666,,1185475.5549,
688768.SH,20260306,2.6474,4.0464,,439151.6666,
688349.SH,20260306,0.3284,1.2709,,3173934.1084,
920564.BJ,20260306,3.1284,5.014,,240668.8803,
002833.SZ,20260306,1.4209,1.9914,,778041.7906,
600320.SH,20260306,1.8169,3.3471,,2881789.365,
688552.SH,20260306,7.1705,7.1705,,1392834.24,
603116.SH,20260306,0.9171,2.0571,,343415.6768,
000060.SZ,20260306,2.6879,3.8432,,3353085.2058,
688120.SH,20260306,1.2642,1.7589,,6309858.8234,
300873.SZ,20260306,2.7708,4.3988,,601640.0414,
300641.SZ,20260306,5.4655,12.5406,,1071060.3228,
300232.SZ,20260306,20.0264,22.1024,,862345.5907,
002367.SZ,20260306,1.6711,3.1712,,658140.0012,
300913.SZ,20260306,2.6458,8.0495,,1827708.9318,
603858.SH,20260306,0.4803,1.1,,1763238.435,
002124.SZ,20260306,3.0761,3.2112,,553261.5242,
000582.SZ,20260306,2.1319,4.8484,,2856890.8848,
002422.SZ,20260306,1.8654,2.2461,,5222438.4197,
300505.SZ,20260306,31.9307,34.8296,,992821.4931,
002053.SZ,20260306,1.0778,4.0502,,1111320.463,
603237.SH,20260306,0.7699,1.8311,,342709.1418,
688729.SH,20260306,2.3065,2.3065,,7173144.12,
300440.SZ,20260306,1.7671,2.6991,,730916.1058,
301199.SZ,20260306,2.2381,2.6524,,450822.54,
000632.SZ,20260306,5.4587,6.9515,,240673.6177,
001386.SZ,20260306,3.0533,3.0533,,2722027.76,
000504.SZ,20260306,0.8035,1.3535,,298340.8806,
301379.SZ,20260306,2.9715,2.9724,,536448.1125,
300343.SZ,20260306,1.2533,1.4269,,705519.6185,
300683.SZ,20260306,3.7381,6.2247,,424228.7212,
301182.SZ,20260306,4.6373,9.5172,,483995.4067,
600530.SH,20260306,0.9033,2.0507,,468051.68,
603577.SH,20260306,5.3305,13.394,,405271.2245,
920016.BJ,20260306,2.0436,2.2826,,150576.6531,
300022.SZ,20260306,2.3418,3.235,,405771.352,
603073.SH,20260306,5.1129,5.5136,,244180.0,
301013.SZ,20260306,6.975,7.6569,,589499.9872,
920964.BJ,20260306,2.147,2.3608,,180233.52,
300354.SZ,20260306,3.6595,4.5546,,549546.1586,
600455.SH,20260306,2.7556,3.4707,,179254.46,
600525.SH,20260306,1.6351,2.3444,,730604.2042,
600380.SH,20260306,0.8565,1.6779,,2047158.3389,
603191.SH,20260306,8.4703,14.1,,884531.061,
300633.SZ,20260306,0.7255,0.8157,,1121157.8414,
002500.SZ,20260306,0.7973,1.5201,,2092836.8119,
002312.SZ,20260306,4.9984,9.0644,,2503102.4575,
688592.SH,20260306,2.7821,2.7821,,376716.5947,
920415.BJ,20260306,3.0991,4.2827,,203741.6562,
301320.SZ,20260306,5.6786,5.6786,,331622.22,
601330.SH,20260306,1.4136,4.4996,,1082952.4377,
603365.SH,20260306,1.0078,2.502,,550717.2374,
603281.SH,20260306,0.7018,1.019,,1178986.6688,
300005.SZ,20260306,4.2994,5.7885,,1301693.32,
002938.SZ,20260306,0.9258,3.3833,,12332031.4051,
002659.SZ,20260306,2.2654,3.2363,,349994.0246,
002883.SZ,20260306,2.9206,4.5789,,160685.7238,
300713.SZ,20260306,16.1249,22.5344,,306489.8841,
603610.SH,20260306,0.984,2.268,,669625.105,
301512.SZ,20260306,2.7626,3.9344,,266240.3328,
920748.BJ,20260306,3.257,8.4018,,316936.2,
688139.SH,20260306,0.6016,1.1339,,1001700.0981,
002521.SZ,20260306,0.9876,1.1576,,457569.8779,
688206.SH,20260306,0.7679,1.7855,,1495271.1029,
600259.SH,20260306,4.6503,7.5559,,3089154.5256,
300647.SZ,20260306,2.9618,3.596,,308691.6912,
300276.SZ,20260306,1.9595,2.3526,,1116631.263,
300122.SZ,20260306,1.1951,1.5538,,3868364.2312,
301387.SZ,20260306,3.6597,4.7785,,633758.1501,
002419.SZ,20260306,1.1223,2.3342,,647541.6535,
300031.SZ,20260306,1.5629,1.6198,,888580.4868,
600893.SH,20260306,2.5594,5.2172,,16308105.5481,
688029.SH,20260306,0.7718,1.3546,,1408855.665,
301116.SZ,20260306,1.3425,5.2537,,500612.2462,
300885.SZ,20260306,1.7595,3.3164,,594075.4092,
688199.SH,20260306,1.9079,2.6199,,441923.895,
603087.SH,20260306,0.9731,1.5843,,3802443.4327,
600579.SH,20260306,1.623,4.4173,,456580.7021,
603559.SH,20260306,1.0736,1.526,,301359.0112,
002658.SZ,20260306,4.2734,5.7465,,699337.0164,
603867.SH,20260306,4.119,5.38,,775775.2123,
688658.SH,20260306,2.5098,4.534,,853200.0,
601279.SH,20260306,0.6203,2.9392,,697745.8334,
600908.SH,20260306,0.7059,0.9254,,1266331.338,
001335.SZ,20260306,5.0806,5.0806,,410673.0124,
301252.SZ,20260306,8.5527,8.5527,,630872.4403,
300180.SZ,20260306,3.0273,4.2298,,1213370.4468,
605339.SH,20260306,0.2659,1.6608,,758631.6214,
601000.SH,20260306,0.6049,1.3465,,2506667.8037,
002262.SZ,20260306,0.7115,1.2047,,2356624.8726,
600138.SH,20260306,1.1286,1.4693,,687648.0,
300324.SZ,20260306,1.9643,2.1521,,917350.6059,
920592.BJ,20260306,3.08,4.8564,,292477.9,
603843.SH,20260306,3.0879,4.3366,,412777.7098,
300850.SZ,20260306,5.0601,5.4427,,1955313.3129,
300082.SZ,20260306,1.5134,3.2225,,685538.9856,
002708.SZ,20260306,1.3487,1.9207,,727916.8673,
300317.SZ,20260306,19.1651,25.2974,,474037.5793,
300118.SZ,20260306,7.3536,7.9613,,2181986.5338,
603518.SH,20260306,1.9803,2.9808,,320141.2892,
600691.SH,20260306,5.2093,10.4909,,860105.4666,
001269.SZ,20260306,3.2998,11.1329,,481606.1998,
000789.SZ,20260306,0.7044,1.3902,,456914.4488,
600435.SH,20260306,4.2222,6.8498,,2699558.582,
002184.SZ,20260306,2.0963,2.3629,,444812.1797,
601988.SH,20260306,0.0925,1.595,,173672489.9677,
920834.BJ,20260306,1.5499,2.9435,,174360.0073,
600236.SH,20260306,0.7642,5.8253,,8631203.6932,
688667.SH,20260306,2.0458,4.4403,,508247.6828,
920978.BJ,20260306,2.0757,2.2145,,509120.5075,
002745.SZ,20260306,5.9962,7.1115,,1277867.2695,
603871.SH,20260306,0.6496,1.6025,,2072533.1169,
300363.SZ,20260306,1.5638,2.4453,,1152640.8553,
600620.SH,20260306,0.7662,1.9472,,453893.5717,
600056.SH,20260306,0.6637,1.4051,,1569177.8557,
002431.SZ,20260306,1.6615,2.7593,,483044.477,
301246.SZ,20260306,2.8816,3.0053,,806413.7088,
603699.SH,20260306,0.9,2.44,,4225291.7996,
002293.SZ,20260306,0.9535,1.8164,,868030.0227,
600098.SH,20260306,0.8197,3.0898,,2681986.7105,
688693.SH,20260306,6.4869,8.2583,,313968.4231,
300654.SZ,20260306,2.247,4.2086,,418114.581,
300288.SZ,20260306,2.1382,2.4432,,463993.5449,
002437.SZ,20260306,3.1897,3.4266,,756657.5347,
002783.SZ,20260306,3.5479,4.4712,,516335.807,
002732.SZ,20260306,1.9679,4.6864,,275991.9,
002752.SZ,20260306,0.8905,2.4615,,624250.9011,
603997.SH,20260306,0.4021,0.6939,,1706107.1826,
301526.SZ,20260306,9.9718,13.0515,,4728681.0722,
000998.SZ,20260306,5.5494,6.7171,,1535573.2237,
300135.SZ,20260306,7.4895,11.2978,,409190.4,
300287.SZ,20260306,1.5238,1.5576,,694672.5231,
603169.SH,20260306,2.5282,4.6896,,1444758.7286,
920523.BJ,20260306,0.8817,1.1446,,256697.669,
002199.SZ,20260306,1.7637,2.7926,,200596.5071,
002758.SZ,20260306,2.8458,4.9857,,571201.5514,
688307.SH,20260306,8.7545,13.1896,,499797.62,
603341.SH,20260306,2.532,2.7739,,2242436.4534,
300784.SZ,20260306,4.0935,4.0935,,297384.4288,
688553.SH,20260306,1.4095,1.9484,,776035.2,
300109.SZ,20260306,4.3867,4.6473,,928355.5096,
000070.SZ,20260306,10.2201,16.4222,,1535988.1606,
300566.SZ,20260306,4.1668,4.6151,,528927.1292,
600227.SH,20260306,13.908,16.8361,,555591.4084,
688177.SH,20260306,0.6128,2.1022,,936648.96,
601186.SH,20260306,0.6673,1.6882,,9872326.6705,
600506.SH,20260306,5.6871,9.7131,,469486.2936,
600892.SH,20260306,0.7113,1.0918,,205323.357,
002290.SZ,20260306,1.0032,1.7897,,1593377.3833,
600787.SH,20260306,1.4778,2.8626,,1271666.6351,
600985.SH,20260306,0.8002,2.0757,,3608966.6701,
002581.SZ,20260306,1.3835,1.5991,,564073.926,
002803.SZ,20260306,1.7426,1.9315,,799469.3862,
603077.SH,20260306,5.4114,8.0582,,2561145.7961,
000919.SZ,20260306,1.6948,2.908,,462089.9243,
603629.SH,20260306,9.272,17.0191,,1472738.94,
300581.SZ,20260306,1.8932,3.6325,,852119.6868,
603733.SH,20260306,0.4274,2.0984,,1738170.3601,
688660.SH,20260306,1.3601,3.4875,,1909333.4288,
920021.BJ,20260306,7.5363,9.1091,,334028.9816,
300616.SZ,20260306,2.2403,2.5793,,299953.3493,
300561.SZ,20260306,2.4572,4.1648,,374699.3075,
688227.SH,20260306,1.0602,1.8207,,829599.608,
002826.SZ,20260306,4.1805,5.5857,,416821.5615,
002027.SZ,20260306,0.5171,0.7673,,9690716.0161,
688567.SH,20260306,0.6675,1.1433,,1665727.5953,
688530.SH,20260306,14.5491,14.5491,,531668.9053,
301363.SZ,20260306,3.7432,8.9434,,1678169.981,
920533.BJ,20260306,1.7378,2.4727,,340230.5675,
600301.SH,20260306,4.9153,6.7638,,4080060.2396,
600170.SH,20260306,2.5268,4.586,,2576922.5258,
603589.SH,20260306,0.5977,0.979,,1598773.3487,
002442.SZ,20260306,2.3613,3.7944,,335694.1352,
688169.SH,20260306,0.8849,1.1199,,3488349.0324,
600149.SH,20260306,17.9391,27.7276,,271054.08,
300478.SZ,20260306,2.3483,3.2605,,338850.275,
002209.SZ,20260306,3.1371,3.689,,309490.1728,
601019.SH,20260306,0.3209,1.5669,,1863601.7,
300237.SZ,20260306,1.6125,2.2108,,359036.8176,
002212.SZ,20260306,1.6942,1.6942,,969511.0885,
002347.SZ,20260306,2.304,3.2909,,466849.6053,
688322.SH,20260306,1.3233,2.0817,,3329497.192,
688225.SH,20260306,0.7472,1.4294,,794419.86,
300692.SZ,20260306,5.2633,6.444,,364118.3826,
300768.SZ,20260306,0.9892,1.9807,,1135714.4248,
600865.SH,20260306,2.0524,5.4011,,469924.1547,
601898.SH,20260306,0.6055,3.6039,,22977263.6722,
301075.SZ,20260306,2.9071,8.488,,670800.0,
603170.SH,20260306,0.6078,1.8097,,546413.66,
688010.SH,20260306,2.1669,4.4175,,505608.4091,
688119.SH,20260306,1.4005,3.2441,,663750.0,
301505.SZ,20260306,5.4627,5.4627,,295723.9767,
301323.SZ,20260306,2.0427,4.188,,616954.7157,
600502.SH,20260306,1.4021,2.1288,,825652.8242,
301580.SZ,20260306,7.362,8.4915,,872870.1226,
601010.SH,20260306,1.4777,2.0953,,449064.0,
301126.SZ,20260306,2.5815,3.3461,,253878.3552,
688581.SH,20260306,1.1176,1.5727,,471481.5231,
688019.SH,20260306,0.9811,1.4158,,4168549.3885,
300125.SZ,20260306,1.7268,2.1429,,593938.1884,
601595.SH,20260306,1.6346,5.3101,,1189522.8,
600398.SH,20260306,0.5857,1.4582,,3001731.435,
920885.BJ,20260306,3.2923,4.9175,,393227.4098,
000883.SZ,20260306,0.5872,1.9807,,3433503.0006,
600408.SH,20260306,6.4333,9.4008,,375536.4,
688096.SH,20260306,10.0687,12.3088,,234156.0488,
603269.SH,20260306,17.6793,23.7762,,523025.495,
301251.SZ,20260306,12.2487,12.2487,,880324.9053,
600055.SH,20260306,0.5682,1.0417,,1048967.0985,
001322.SZ,20260306,0.6008,2.8501,,864643.6862,
002669.SZ,20260306,2.4733,3.4776,,424760.0,
002510.SZ,20260306,3.4932,4.1635,,808050.4116,
002041.SZ,20260306,9.0174,22.8631,,1028720.0,
002370.SZ,20260306,2.1822,2.5556,,503325.5828,
603339.SH,20260306,0.7929,1.42,,421149.4392,
603508.SH,20260306,0.5585,1.3028,,999701.4165,
000878.SZ,20260306,2.7189,4.1071,,5287940.5784,
920768.BJ,20260306,1.192,1.5786,,140377.05,
000888.SZ,20260306,2.4746,4.0968,,719763.2973,
600725.SH,20260306,2.7162,3.8935,,653209.1,
002616.SZ,20260306,3.46,5.2913,,521544.3354,
002875.SZ,20260306,3.4093,4.4081,,398554.5675,
300034.SZ,20260306,6.3527,10.7349,,1785193.9011,
688636.SH,20260306,2.5049,4.254,,798056.488,
000620.SZ,20260306,3.1304,5.5506,,1743929.0669,
300130.SZ,20260306,2.0903,2.426,,1440372.4733,
600851.SH,20260306,1.0873,2.3107,,963231.2402,
920239.BJ,20260306,0.5765,1.515,,578631.8203,
301236.SZ,20260306,2.4682,3.1243,,4869530.3731,
600726.SH,20260306,1.0759,7.6832,,2229868.8112,
600933.SH,20260306,0.8762,1.7843,,1796551.2021,
603767.SH,20260306,0.7061,2.0811,,614176.685,
300940.SZ,20260306,4.0028,5.0513,,556610.93,
601778.SH,20260306,9.7967,12.8731,,1739077.3112,
002001.SZ,20260306,2.9931,6.0843,,11156520.6984,
688131.SH,20260306,1.1776,1.7343,,1330102.008,
300905.SZ,20260306,2.3758,3.8321,,607898.5664,
605366.SH,20260306,7.5231,14.3139,,788877.3777,
688558.SH,20260306,0.7213,2.226,,414480.0,
603007.SH,20260306,4.8885,4.8885,,589174.3033,
300189.SZ,20260306,33.9514,35.8066,,886784.0,
002266.SZ,20260306,2.6043,4.9599,,2656609.1436,
300623.SZ,20260306,1.7798,2.8544,,2584440.2284,
603062.SH,20260306,1.7463,2.0008,,539244.0,
300585.SZ,20260306,2.5234,4.2295,,271382.222,
601717.SH,20260306,0.903,1.4429,,4124273.8383,
603030.SH,20260306,1.4046,1.8501,,355572.0504,
300735.SZ,20260306,1.0731,2.1124,,1832696.1253,
603202.SH,20260306,1.8797,1.8797,,1462080.0,
600699.SH,20260306,1.2802,2.0663,,4100237.3686,
600538.SH,20260306,1.8601,2.065,,333914.3477,
301318.SZ,20260306,0.9022,1.8853,,391013.7777,
300474.SZ,20260306,1.4692,1.8021,,3528724.9937,
301501.SZ,20260306,1.8757,1.8757,,592487.4,
300473.SZ,20260306,4.3038,5.5588,,612260.8101,
600727.SH,20260306,7.2135,10.9688,,437138.2526,
002871.SZ,20260306,1.2145,1.6819,,530404.1976,
301373.SZ,20260306,44.7976,47.4758,,722424.1261,
600846.SH,20260306,0.6744,1.5346,,850925.1848,
600928.SH,20260306,0.5063,1.8964,,1640000.0002,
920974.BJ,20260306,9.2272,10.6173,,152661.6,
002902.SZ,20260306,4.5672,5.2556,,491403.9486,
301019.SZ,20260306,1.4852,1.9133,,370672.7396,
300640.SZ,20260306,3.6434,4.2538,,232312.09,
002460.SZ,20260306,2.8471,3.1894,,13815119.428,
002520.SZ,20260306,10.561,14.0567,,510166.7163,
688111.SH,20260306,1.0265,2.3736,,13250589.1721,
600905.SH,20260306,0.6778,1.4528,,12206926.6106,
603358.SH,20260306,1.3793,3.6319,,2327576.9416,
300731.SZ,20260306,10.1295,12.681,,905251.7166,
000910.SZ,20260306,0.6452,1.205,,407811.1375,
002933.SZ,20260306,3.284,5.3455,,412837.3,
600867.SH,20260306,2.4172,4.1359,,1770522.7174,
600389.SH,20260306,5.3861,7.5821,,1313482.5,
002172.SZ,20260306,4.3843,6.3314,,342282.3649,
300985.SZ,20260306,4.334,15.6691,,467959.8123,
600495.SH,20260306,1.2145,1.7709,,581139.8162,
301263.SZ,20260306,0.823,1.0261,,1256068.62,
301103.SZ,20260306,1.2533,1.7588,,330591.3773,
300201.SZ,20260306,5.4178,7.0835,,1023170.2175,
605218.SH,20260306,1.026,3.1346,,444350.9394,
002245.SZ,20260306,5.1788,5.9949,,2046859.8926,
000703.SZ,20260306,2.1643,6.5132,,4665395.1287,
688005.SH,20260306,1.4776,2.0212,,2092716.1762,
920039.BJ,20260306,0.8611,2.6279,,173047.5,
601398.SH,20260306,0.0802,0.6934,,253404848.7903,
002031.SZ,20260306,1.6916,1.8319,,1603359.4434,
920261.BJ,20260306,2.2082,3.3037,,478913.3705,
300341.SZ,20260306,1.1805,3.1114,,840791.796,
605123.SH,20260306,2.9175,6.7054,,1333243.3247,
600717.SH,20260306,0.8724,2.0393,,1374650.4931,
301262.SZ,20260306,5.1745,7.2005,,1068354.0,
605068.SH,20260306,0.8168,2.4191,,439071.326,
688033.SH,20260306,3.2386,4.332,,572318.1707,
301667.SZ,20260306,4.2097,4.2097,,713680.4136,
603280.SH,20260306,10.6565,10.6565,,401104.6679,
600481.SH,20260306,4.3838,7.4586,,1581147.9618,
002845.SZ,20260306,10.7315,12.6819,,512945.97,
002615.SZ,20260306,5.5678,7.087,,419640.9588,
301030.SZ,20260306,4.1818,5.9427,,249741.0292,
920223.BJ,20260306,2.0325,3.2202,,288775.26,
002056.SZ,20260306,1.2532,2.5089,,3489297.3987,
600733.SH,20260306,1.0851,1.6564,,4947278.6285,
600119.SH,20260306,1.3144,2.4266,,231946.685,
301321.SZ,20260306,5.6582,8.9146,,437376.51,
688002.SH,20260306,1.4647,1.9001,,4937315.695,
000860.SZ,20260306,0.798,1.2945,,1045149.6875,
300257.SZ,20260306,1.9659,4.862,,2513896.5955,
301628.SZ,20260306,6.0944,7.1324,,843530.5778,
600517.SH,20260306,1.2622,6.1871,,4311700.551,
000572.SZ,20260306,2.3009,3.513,,1075592.2226,
001256.SZ,20260306,1.3431,10.5939,,323160.0564,
300493.SZ,20260306,2.0215,2.6551,,922025.3636,
002127.SZ,20260306,1.1447,1.3197,,743825.7321,
603333.SH,20260306,2.9934,5.5759,,549430.386,
600821.SH,20260306,6.4774,8.5606,,1717646.5696,
600653.SH,20260306,1.0417,1.4173,,371758.6405,
002344.SZ,20260306,0.9917,2.1098,,614373.5238,
301162.SZ,20260306,5.4745,6.2625,,995040.8486,
920077.BJ,20260306,1.3284,1.7692,,1017277.2252,
300283.SZ,20260306,5.6344,6.5611,,413982.8589,
688156.SH,20260306,3.0159,4.1714,,226606.8533,
001369.SZ,20260306,7.0553,7.0553,,1727382.0,
002105.SZ,20260306,2.0615,4.0909,,276512.6723,
601728.SH,20260306,0.1546,0.836,,54629761.8033,
002461.SZ,20260306,0.4714,2.972,,2109302.0414,
300501.SZ,20260306,2.4894,3.2727,,299596.9881,
002253.SZ,20260306,1.8067,2.2268,,240291.7912,
002360.SZ,20260306,5.2154,5.5548,,233029.0638,
300949.SZ,20260306,3.1046,6.2624,,245940.0,
301046.SZ,20260306,6.58,11.3442,,446852.7799,
603988.SH,20260306,1.8648,3.9485,,638332.8,
688578.SH,20260306,1.3273,2.5805,,4379850.0,
001391.SZ,20260306,0.8866,0.9657,,7056733.3481,
300998.SZ,20260306,1.928,2.9922,,329068.9828,
001218.SZ,20260306,1.3956,1.7475,,341067.0412,
600410.SH,20260306,30.4243,30.4243,,3259878.6926,
600654.SH,20260306,1.6156,2.5003,,1018655.1182,
601566.SH,20260306,0.775,2.7127,,640720.4223,
688023.SH,20260306,2.5982,3.4778,,546379.0833,
603496.SH,20260306,5.6631,7.6632,,979840.2836,
300177.SZ,20260306,1.3267,1.4354,,701751.4292,
603966.SH,20260306,4.1542,6.4859,,503920.1263,
002739.SZ,20260306,1.5665,2.2383,,2170908.5118,
300572.SZ,20260306,2.2576,2.4544,,629261.2554,
002125.SZ,20260306,4.4488,7.7005,,934158.475,
003017.SZ,20260306,4.6244,5.5863,,288876.0,
600748.SH,20260306,0.677,1.6198,,933348.8234,
000965.SZ,20260306,2.157,4.4428,,442822.5271,
603275.SH,20260306,2.6931,2.6931,,661737.1932,
300838.SZ,20260306,2.4523,3.7972,,227249.766,
600323.SH,20260306,0.8238,1.5204,,2371844.8477,
002088.SZ,20260306,0.7003,1.9733,,575210.4189,
600103.SH,20260306,1.9496,2.6833,,838069.2034,
920663.BJ,20260306,1.0966,1.8293,,210345.2033,
600192.SH,20260306,4.4929,7.4294,,441306.252,
300815.SZ,20260306,3.1094,5.5346,,989703.936,
600363.SH,20260306,1.9668,2.4585,,2681433.6122,
600743.SH,20260306,0.8326,1.8274,,457489.6704,
688339.SH,20260306,5.2565,6.4588,,800971.8297,
002561.SZ,20260306,0.9743,1.5339,,355477.365,
002590.SZ,20260306,1.2909,2.4565,,712139.9984,
688275.SH,20260306,5.4869,6.3103,,1204431.3217,
000513.SZ,20260306,1.1542,1.9875,,3089029.0479,
603136.SH,20260306,1.1889,2.2203,,317939.1377,
688117.SH,20260306,1.9085,2.8632,,598066.7164,
600938.SH,20260306,4.1043,5.2723,,192448783.6812,
300496.SZ,20260306,2.4744,2.6983,,3065049.6499,
600085.SH,20260306,0.3531,0.7425,,4117153.7265,
002953.SZ,20260306,5.7466,7.8447,,646918.8168,
688092.SH,20260306,1.8608,3.9546,,260556.1085,
002121.SZ,20260306,6.7155,8.8838,,1594384.0205,
002282.SZ,20260306,1.8628,2.7425,,418309.6483,
001223.SZ,20260306,0.8709,3.4814,,525105.0,
300460.SZ,20260306,1.9168,2.3872,,271818.515,
000638.SZ,20260306,10.1287,14.3254,,64768.4026,
002069.SZ,20260306,2.2921,3.9653,,283022.6532,
300099.SZ,20260306,7.608,9.1844,,694503.8702,
301051.SZ,20260306,1.8276,2.638,,440807.343,
603109.SH,20260306,1.7906,4.4772,,542170.3426,
002873.SZ,20260306,2.398,3.362,,254356.1659,
688190.SH,20260306,3.4967,9.6439,,1429320.0,
920139.BJ,20260306,1.1743,2.1029,,537667.247,
002310.SZ,20260306,3.7639,5.9157,,1493831.2071,
300415.SZ,20260306,2.3377,3.3548,,1274957.4306,
002569.SZ,20260306,2.615,3.0853,,206942.37,
600279.SH,20260306,1.6158,4.6757,,646842.1242,
002682.SZ,20260306,11.5755,16.3275,,371725.6406,
600802.SH,20260306,2.707,3.917,,291904.2308,
300805.SZ,20260306,2.1055,2.9762,,512726.1196,
300520.SZ,20260306,9.3772,11.9108,,1262450.0908,
002330.SZ,20260306,3.7142,6.2933,,329728.6355,
688577.SH,20260306,1.0874,2.7834,,766272.2139,
301151.SZ,20260306,1.1627,3.5222,,341050.2738,
603599.SH,20260306,2.3255,3.9843,,1341737.0145,
000547.SZ,20260306,26.0473,33.1545,,5220597.3666,
002453.SZ,20260306,2.5053,3.2836,,508541.8209,
002493.SZ,20260306,0.703,2.5381,,15223909.9951,
002810.SZ,20260306,4.6359,7.3341,,663903.1933,
605080.SH,20260306,0.8498,2.5232,,348048.9256,
300590.SZ,20260306,1.3883,1.9605,,557879.9736,
300697.SZ,20260306,4.9053,6.311,,753658.88,
300400.SZ,20260306,3.2041,4.7987,,531107.8762,
600365.SH,20260306,1.2612,1.5781,,145743.63,
002524.SZ,20260306,4.7042,6.2961,,244267.1661,
603099.SH,20260306,1.207,2.9764,,1030866.9301,
600333.SH,20260306,6.2649,15.1879,,358110.0422,
002594.SZ,20260306,1.444,2.0493,,85355203.6035,
002950.SZ,20260306,1.2384,2.3529,,682660.1087,
300418.SZ,20260306,3.3487,5.1027,,6679754.3469,
002048.SZ,20260306,1.359,2.1918,,2352791.5557,
300438.SZ,20260306,5.1369,6.068,,2382827.4662,
601636.SH,20260306,1.779,2.8293,,2050347.0335,
002715.SZ,20260306,2.2055,3.4168,,228252.0,
002858.SZ,20260306,3.9311,4.5978,,257845.9052,
600900.SH,20260306,0.359,0.7587,,66406742.8812,
301017.SZ,20260306,1.9581,3.5846,,611248.9307,
600073.SH,20260306,1.6551,2.6605,,620776.9105,
603916.SH,20260306,2.795,5.3549,,495355.2234,
688328.SH,20260306,13.3191,20.4483,,375463.7726,
002579.SZ,20260306,4.1583,5.8281,,738205.4371,
605088.SH,20260306,1.1364,1.9533,,699404.8829,
002568.SZ,20260306,0.7833,1.1217,,2006921.9343,
001300.SZ,20260306,0.8913,3.2595,,394673.2048,
300462.SZ,20260306,3.3327,3.6896,,231420.4148,
603536.SH,20260306,1.856,4.299,,250621.7265,
600235.SH,20260306,2.249,3.5303,,252233.4,
300820.SZ,20260306,3.6695,5.4654,,1203055.5323,
003000.SZ,20260306,0.7942,1.0695,,485162.1151,
920402.BJ,20260306,2.1411,4.3123,,433877.7489,
001236.SZ,20260306,5.2725,14.5879,,1039018.8891,
688653.SH,20260306,2.0637,2.0637,,587055.84,
002179.SZ,20260306,1.1283,2.1031,,7472401.8628,
688222.SH,20260306,2.5985,4.7891,,1086644.16,
601702.SH,20260306,0.9718,3.2395,,2226723.238,
603373.SH,20260306,7.9722,11.7157,,476021.5066,
300421.SZ,20260306,2.7677,3.1404,,764479.2584,
600755.SH,20260306,0.8209,1.3456,,1423655.6506,
688317.SH,20260306,0.8803,1.5876,,386621.894,
600378.SH,20260306,0.6593,1.466,,4837498.575,
603697.SH,20260306,1.1666,3.5633,,486713.6075,
301270.SZ,20260306,2.8845,3.5397,,367500.0,
601900.SH,20260306,0.6807,1.8182,,1247105.7129,
600906.SH,20260306,1.3356,2.1497,,2180640.0,
000058.SZ,20260306,0.7039,2.4019,,1061294.9793,
600522.SH,20260306,4.7884,6.1931,,9344656.1472,
603185.SH,20260306,1.6832,3.0628,,1625722.7888,
300725.SZ,20260306,2.7626,2.9113,,875842.2994,
600753.SH,20260306,2.2976,3.9345,,237216.3903,
002972.SZ,20260306,2.7329,3.7001,,309725.0792,
300670.SZ,20260306,8.634,11.2279,,235788.8364,
000926.SZ,20260306,2.2165,2.8121,,358417.0742,
688651.SH,20260306,4.9956,4.9956,,336279.54,
603900.SH,20260306,2.4493,4.6835,,283680.7157,
688697.SH,20260306,0.6297,1.6025,,704750.7386,
920026.BJ,20260306,1.8643,2.9825,,291374.2233,
603797.SH,20260306,1.774,4.1815,,298104.8832,
603137.SH,20260306,3.7313,3.7313,,261594.6676,
688623.SH,20260306,3.2419,3.2419,,613309.799,
688067.SH,20260306,2.3078,4.4007,,193800.0,
301260.SZ,20260306,1.4297,2.6101,,785440.1165,
603738.SH,20260306,13.1895,18.3557,,901433.1813,
002497.SZ,20260306,4.1816,4.4835,,2752319.2978,
000711.SZ,20260306,20.5964,22.7724,,1188502.1088,
002073.SZ,20260306,1.7874,2.0864,,791307.7042,
300252.SZ,20260306,4.5399,4.8437,,964095.9823,
603928.SH,20260306,0.9619,2.912,,411727.68,
301257.SZ,20260306,1.1652,1.9923,,505788.5375,
600843.SH,20260306,2.4116,3.1102,,795893.7917,
600135.SH,20260306,1.5312,2.8191,,505722.6885,
002239.SZ,20260306,3.2243,4.2071,,1065185.9574,
603668.SH,20260306,1.8515,2.7913,,703966.7946,
300227.SZ,20260306,5.4851,6.1366,,736396.8703,
600346.SH,20260306,0.5776,2.3088,,17851157.0573,
920870.BJ,20260306,1.0445,1.8469,,222708.0,
600104.SH,20260306,0.3096,1.0191,,16277312.9457,
300319.SZ,20260306,5.3329,6.8735,,1239960.8886,
603220.SH,20260306,12.8756,17.8511,,1471197.6129,
301507.SZ,20260306,3.1646,3.1646,,528413.5171,
300695.SZ,20260306,1.8096,6.2185,,760996.0284,
300214.SZ,20260306,2.7905,4.712,,352861.084,
920522.BJ,20260306,2.177,2.8365,,1038003.2678,
300446.SZ,20260306,4.0917,4.7767,,1944443.2553,
688272.SH,20260306,7.2564,15.6328,,272688.0,
605001.SH,20260306,1.2645,2.534,,317844.774,
600796.SH,20260306,6.4382,9.5707,,609209.7935,
002979.SZ,20260306,2.2205,2.9025,,1190593.8101,
600760.SH,20260306,0.631,1.9223,,15751786.231,
002907.SZ,20260306,0.5395,1.4996,,589645.9954,
002951.SZ,20260306,1.5123,8.9484,,619650.0,
688101.SH,20260306,0.932,2.877,,575376.9104,
605589.SH,20260306,2.5116,3.3689,,2869257.0082,
920149.BJ,20260306,0.6302,0.9058,,89714.7701,
301486.SZ,20260306,4.8488,6.2911,,2385488.2853,
000589.SZ,20260306,1.8254,2.3452,,772648.3785,
603396.SH,20260306,4.3046,7.3201,,550508.1976,
301348.SZ,20260306,4.9652,4.9652,,635520.0,
301372.SZ,20260306,4.4982,5.058,,193165.7183,
688392.SH,20260306,1.0783,1.8767,,1411831.2586,
000676.SZ,20260306,1.5598,2.0788,,1041845.6808,
300989.SZ,20260306,2.6969,3.6432,,330573.5898,
920035.BJ,20260306,1.8247,1.8247,,215317.7,
300819.SZ,20260306,4.7522,11.8014,,828087.75,
001378.SZ,20260306,4.4515,4.4515,,345600.6912,
688505.SH,20260306,0.444,1.0219,,848952.5499,
605158.SH,20260306,0.5346,1.9438,,422944.34,
688193.SH,20260306,1.1919,2.1828,,211608.9835,
600188.SH,20260306,1.3162,5.1004,,19352262.4888,
002459.SZ,20260306,2.3823,4.538,,4041128.562,
688188.SH,20260306,0.4945,1.3967,,4324885.5765,
600416.SH,20260306,1.8346,3.0429,,2163496.9749,
300897.SZ,20260306,1.4016,2.493,,380696.7679,
300119.SZ,20260306,2.716,3.4192,,895117.5638,
603937.SH,20260306,1.538,4.1642,,271137.8908,
600580.SH,20260306,1.6496,2.7022,,6493722.4932,
600682.SH,20260306,2.3538,4.3199,,980601.3891,
603298.SH,20260306,0.6427,1.6697,,3634728.436,
300745.SZ,20260306,8.5113,9.5951,,435629.8022,
603936.SH,20260306,9.6587,12.5086,,868688.4495,
002090.SZ,20260306,3.6404,4.6165,,504326.5324,
920422.BJ,20260306,1.4173,3.084,,112461.5244,
920640.BJ,20260306,3.8239,8.2546,,799909.008,
688615.SH,20260306,2.1684,2.3423,,2780820.0,
603418.SH,20260306,1.4775,1.4775,,1050099.2669,
301678.SZ,20260306,3.2002,3.2002,,1630654.0639,
002536.SZ,20260306,9.6125,14.7521,,2096244.1335,
688273.SH,20260306,1.8095,4.5921,,434800.0,
301001.SZ,20260306,4.0481,6.8954,,253360.0,
601226.SH,20260306,6.2504,16.9247,,1329583.9128,
688265.SH,20260306,0.6145,1.9821,,352473.0423,
300112.SZ,20260306,3.6998,4.1438,,258301.0457,
002104.SZ,20260306,4.0599,4.2459,,1270760.4423,
002415.SZ,20260306,0.3012,0.7641,,28475255.9059,
300016.SZ,20260306,15.3455,19.5071,,610717.3819,
002516.SZ,20260306,0.7903,1.5982,,920745.0149,
002335.SZ,20260306,8.2695,10.9764,,3128563.2289,
301539.SZ,20260306,2.64,4.2271,,306212.0,
603811.SH,20260306,1.2817,1.7282,,375090.7507,
301268.SZ,20260306,1.9581,4.844,,930522.3491,
002586.SZ,20260306,0.9313,1.6209,,557236.9487,
301165.SZ,20260306,0.5301,4.4177,,6761363.6325,
603619.SH,20260306,12.1809,15.0404,,1870159.0747,
002439.SZ,20260306,1.5353,1.69,,1697171.6872,
603037.SH,20260306,1.638,2.4805,,407850.9607,
300078.SZ,20260306,2.3504,2.831,,499688.8868,
002946.SZ,20260306,1.5736,7.0499,,1712747.622,
001267.SZ,20260306,14.0875,22.1632,,3077060.3731,
300465.SZ,20260306,1.5296,2.1062,,769905.1344,
600689.SH,20260306,2.5943,3.9468,,280985.8975,
301550.SZ,20260306,2.6565,3.7994,,3449697.9,
603615.SH,20260306,1.1523,2.4633,,499358.3,
300346.SZ,20260306,3.7046,4.2537,,3563604.9919,
601857.SH,20260306,0.3152,4.4344,,225115802.7161,
603707.SH,20260306,1.0024,3.1637,,1565550.5631,
601500.SH,20260306,0.8208,1.0144,,708834.8178,
001205.SZ,20260306,4.5253,5.2384,,301933.6756,
300486.SZ,20260306,5.6178,7.8231,,1197166.6804,
920050.BJ,20260306,1.8631,1.9738,,241276.8257,
688389.SH,20260306,0.5489,0.8634,,567315.1065,
600977.SH,20260306,1.2713,3.8953,,2598864.0,
601218.SH,20260306,4.2453,5.8981,,559132.3364,
300926.SZ,20260306,1.0241,2.2001,,1268214.0934,
300046.SZ,20260306,1.7586,2.3868,,795455.0007,
600053.SH,20260306,0.7866,2.9715,,763465.3488,
300224.SZ,20260306,3.0208,5.0425,,1586844.211,
002514.SZ,20260306,2.3061,2.9056,,362177.2348,
600880.SH,20260306,1.8739,2.9099,,578372.6767,
300140.SZ,20260306,4.8022,6.0894,,2435866.6746,
301503.SZ,20260306,1.9821,2.5133,,305120.0,
300100.SZ,20260306,0.7548,1.4301,,1901843.2755,
920180.BJ,20260306,7.2588,7.2588,,221480.7113,
688196.SH,20260306,2.1563,8.6252,,1113936.9826,
300483.SZ,20260306,16.2478,19.9866,,786757.2614,
603370.SH,20260306,2.157,2.157,,808618.9,
600367.SH,20260306,15.6806,23.2762,,812573.8086,
301487.SZ,20260306,4.0313,4.4022,,1070906.3005,
920839.BJ,20260306,1.7492,3.506,,449434.3097,
002138.SZ,20260306,2.6007,2.8076,,3265589.3337,
002840.SZ,20260306,2.7885,4.8268,,794144.7291,
300370.SZ,20260306,2.6385,3.2946,,463351.3626,
600088.SH,20260306,1.0763,2.4965,,613660.9752,
300380.SZ,20260306,1.8106,2.9735,,527868.0977,
002409.SZ,20260306,2.8077,3.3614,,4386149.4804,
301538.SZ,20260306,2.3998,2.7837,,627200.0,
600558.SH,20260306,1.8679,2.8035,,569979.0677,
002208.SZ,20260306,7.8147,19.2285,,1270807.7763,
002254.SZ,20260306,2.4853,3.8993,,1042181.5345,
601068.SH,20260306,1.016,8.7883,,1897276.0295,
301057.SZ,20260306,14.2804,20.9454,,421089.9768,
300120.SZ,20260306,3.574,3.8577,,496850.7486,
603880.SH,20260306,7.1451,13.5442,,201173.232,
603595.SH,20260306,0.8677,1.7172,,390503.1077,
300218.SZ,20260306,2.5193,3.9853,,369962.835,
920119.BJ,20260306,5.3244,5.3244,,697648.3617,
000560.SZ,20260306,5.926,8.006,,774959.78,
301555.SZ,20260306,12.2642,15.021,,355134.5283,
688619.SH,20260306,1.5564,3.3055,,278157.063,
300182.SZ,20260306,9.4261,10.1206,,1728822.8352,
603956.SH,20260306,1.8086,3.2203,,357901.1476,
688287.SH,20260306,5.1585,10.463,,144871.5996,
001222.SZ,20260306,1.4206,1.9944,,402587.01,
300338.SZ,20260306,2.6433,2.933,,160244.6274,
002222.SZ,20260306,5.4958,6.7572,,2987028.0,
002240.SZ,20260306,2.5196,3.3546,,3589782.566,
603055.SH,20260306,0.9566,3.2219,,866255.2719,
600285.SH,20260306,0.9611,1.2247,,1219865.4104,
002062.SZ,20260306,0.8563,1.3503,,1118492.8837,
600854.SH,20260306,1.948,2.8732,,278949.2349,
688308.SH,20260306,5.4855,9.5328,,1219443.5174,
000626.SZ,20260306,1.4892,3.6459,,380476.7749,
603042.SH,20260306,11.5115,14.9464,,315719.6254,
603606.SH,20260306,1.5263,2.5791,,4177870.8606,
002140.SZ,20260306,3.1015,9.6831,,939534.4081,
002472.SZ,20260306,1.757,2.0336,,3327794.8403,
300751.SZ,20260306,2.9701,3.8018,,7306999.7169,
002200.SZ,20260306,0.9374,2.0129,,335637.4323,
002068.SZ,20260306,1.3583,2.5813,,636073.5945,
920496.BJ,20260306,12.0883,17.4044,,186603.025,
002128.SZ,20260306,1.5159,3.5521,,7457715.0112,
002236.SZ,20260306,1.0155,1.1664,,5972034.878,
688802.SH,20260306,6.953,6.953,,21354137.2,
300254.SZ,20260306,4.6954,4.8085,,317574.6181,
603486.SH,20260306,0.7049,2.1384,,3754304.6694,
301288.SZ,20260306,0.4521,0.871,,218072.19,
301118.SZ,20260306,4.7964,10.5512,,313949.5436,
300597.SZ,20260306,2.3896,2.9031,,270389.4698,
002161.SZ,20260306,2.9613,3.4886,,594025.1922,
688217.SH,20260306,1.7444,2.9425,,168517.2382,
601088.SH,20260306,0.1885,1.1605,,91057426.9538,
603638.SH,20260306,0.5105,1.8417,,1850834.7799,
600860.SH,20260306,15.266,34.1831,,864480.3751,
603317.SH,20260306,0.7018,2.5284,,1374546.7991,
600765.SH,20260306,2.4591,3.7972,,3094120.8469,
603282.SH,20260306,4.0265,4.0265,,297749.5,
600729.SH,20260306,1.6795,1.7623,,1021851.1386,
300467.SZ,20260306,2.6516,2.7241,,639892.2207,
002529.SZ,20260306,0.732,0.8541,,175760.0,
300928.SZ,20260306,4.8712,5.6594,,260160.0,
300773.SZ,20260306,11.0135,15.1144,,2166895.1882,
001301.SZ,20260306,1.1721,1.4739,,1978185.8248,
301050.SZ,20260306,3.1108,3.8936,,1292919.6543,
000829.SZ,20260306,2.7659,4.3677,,1055853.4511,
688498.SH,20260306,3.0371,4.2414,,7313292.0053,
920510.BJ,20260306,1.2952,1.896,,311874.1818,
603261.SH,20260306,0.7619,2.241,,224764.5638,
600415.SH,20260306,0.5339,1.3041,,7797621.2194,
600486.SH,20260306,2.2039,3.7701,,3467152.5563,
002513.SZ,20260306,15.0909,17.9078,,279066.3257,
300682.SZ,20260306,3.793,6.2337,,2009831.5703,
002714.SZ,20260306,2.3892,3.7567,,28304990.0041,
688419.SH,20260306,2.7027,5.2266,,545838.7028,
300225.SZ,20260306,0.8771,1.0295,,240091.943,
300988.SZ,20260306,6.8642,11.3068,,396620.6282,
002494.SZ,20260306,3.8076,4.2555,,215821.7307,
601512.SH,20260306,0.2161,1.1376,,1387972.14,
688571.SH,20260306,1.4262,4.015,,340609.0721,
002575.SZ,20260306,8.119,8.8849,,449428.5,
600650.SH,20260306,0.6749,1.5269,,800386.2653,
300157.SZ,20260306,22.0198,26.4939,,605411.9787,
600651.SH,20260306,0.6303,1.7695,,1890299.1233,
605033.SH,20260306,5.0012,18.3539,,319342.4,
000816.SZ,20260306,4.2307,5.697,,570123.2473,
300538.SZ,20260306,2.5502,3.156,,291615.4725,
300766.SZ,20260306,12.5352,13.5291,,1743609.6767,
688021.SH,20260306,1.9539,3.272,,185685.3323,
001210.SZ,20260306,3.3545,4.4911,,352828.521,
688468.SH,20260306,0.9236,1.4678,,303237.648,
600663.SH,20260306,0.2484,0.9765,,4078474.48,
002552.SZ,20260306,1.3377,3.6813,,761227.2194,
688401.SH,20260306,1.5013,2.4777,,1037314.4503,
300226.SZ,20260306,3.3992,4.618,,871703.0892,
300627.SZ,20260306,1.298,1.7444,,2784025.4916,
600082.SH,20260306,4.5306,6.4486,,248754.593,
603958.SH,20260306,4.6815,12.8269,,427752.0,
301429.SZ,20260306,3.0257,3.7884,,252990.8,
605180.SH,20260306,1.4418,5.015,,263471.0,
002103.SZ,20260306,3.0279,3.7569,,482448.4766,
300609.SZ,20260306,4.9568,5.8331,,464722.5633,
920003.BJ,20260306,2.1019,2.1019,,195696.0009,
002149.SZ,20260306,11.7872,17.3945,,2416172.442,
600543.SH,20260306,1.8263,2.8855,,169230.24,
000908.SZ,20260306,1.5066,2.0272,,561296.0359,
301326.SZ,20260306,9.9392,11.9544,,1119729.8112,
600339.SH,20260306,3.4706,12.4836,,2596163.574,
002307.SZ,20260306,3.1918,5.9486,,863960.2253,
301065.SZ,20260306,2.1219,3.6964,,259961.04,
300265.SZ,20260306,28.3344,46.5449,,963726.3514,
603172.SH,20260306,7.3597,8.4964,,303973.02,
600605.SH,20260306,1.1028,2.1571,,565626.4203,
688521.SH,20260306,3.0022,4.273,,12666669.3502,
688187.SH,20260306,0.5,1.6805,,7828572.5952,
300200.SZ,20260306,2.2705,3.193,,505962.5438,
002866.SZ,20260306,3.4774,4.3323,,552697.9867,
002647.SZ,20260306,1.5162,1.8378,,1092992.0323,
002890.SZ,20260306,1.4034,2.3815,,273329.1324,
600129.SH,20260306,1.0092,1.6575,,929691.0599,
603029.SH,20260306,1.8211,4.3771,,244868.156,
688166.SH,20260306,2.3427,3.8091,,1731340.9583,
000957.SZ,20260306,1.598,2.3866,,665238.2162,
002905.SZ,20260306,1.7756,6.5952,,386856.96,
300878.SZ,20260306,0.8461,3.036,,410190.9822,
688228.SH,20260306,3.0331,6.8319,,795342.6482,
001287.SZ,20260306,2.6096,3.0205,,1722693.5199,
600987.SH,20260306,2.5385,5.4597,,817675.9173,
603158.SH,20260306,5.486,8.852,,537884.0822,
603310.SH,20260306,1.3975,1.9885,,607453.06,
301177.SZ,20260306,0.4941,4.9402,,1245654.3996,
688469.SH,20260306,1.9088,1.9088,,6018769.3895,
603221.SH,20260306,1.169,4.0303,,301517.82,
600116.SH,20260306,1.0129,2.18,,1317466.4609,
605555.SH,20260306,0.8335,2.2697,,788548.4662,
002100.SZ,20260306,3.4174,4.7725,,993903.1029,
920807.BJ,20260306,1.7332,2.5169,,266999.84,
600172.SH,20260306,16.8811,22.9052,,1378728.3591,
300612.SZ,20260306,3.4287,4.3242,,295764.9189,
300235.SZ,20260306,2.5362,3.2329,,333060.7981,
600360.SH,20260306,1.3889,1.788,,875789.3172,
300161.SZ,20260306,1.3866,2.0631,,621523.922,
001282.SZ,20260306,17.7018,24.4097,,558130.2272,
300779.SZ,20260306,3.3212,4.0246,,1930969.0322,
300434.SZ,20260306,1.6619,2.8257,,415001.4198,
000695.SZ,20260306,5.2075,7.4281,,308230.3449,
920112.BJ,20260306,0.5821,0.5821,,317339.0,
000905.SZ,20260306,2.6791,5.5998,,943581.8074,
301332.SZ,20260306,0.9382,1.2702,,440792.1875,
301278.SZ,20260306,16.6295,20.248,,393729.0396,
920725.BJ,20260306,9.9036,15.576,,333975.225,
920068.BJ,20260306,4.4619,4.4619,,1387249.6317,
000573.SZ,20260306,2.7697,3.4943,,281481.7464,
300521.SZ,20260306,1.2443,1.6506,,462066.78,
600639.SH,20260306,0.511,1.4672,,1159452.5185,
301149.SZ,20260306,7.5877,9.6563,,546100.0229,
600835.SH,20260306,1.0858,2.7761,,2571166.6203,
000973.SZ,20260306,4.0509,4.0509,,3239956.0576,
000501.SZ,20260306,0.9119,1.5999,,702859.3561,
000822.SZ,20260306,8.6633,14.5203,,624774.1643,
688588.SH,20260306,0.7236,1.3597,,520413.0139,
300812.SZ,20260306,23.4483,31.1829,,603591.918,
301205.SZ,20260306,25.7839,30.5194,,3084274.368,
600386.SH,20260306,1.321,2.9355,,346752.0,
605116.SH,20260306,0.8194,3.0133,,1036579.6132,
002651.SZ,20260306,1.243,2.3663,,1070664.56,
300971.SZ,20260306,4.1267,4.6867,,294000.0,
300808.SZ,20260306,1.756,3.4017,,498240.0,
603809.SH,20260306,1.0058,1.4667,,1101585.702,
603010.SH,20260306,1.5502,3.0016,,703367.2614,
600107.SH,20260306,0.8283,1.0572,,212760.0,
603279.SH,20260306,1.3173,2.3926,,1115858.128,
002737.SZ,20260306,0.3772,0.8713,,794240.0,
000850.SZ,20260306,1.2438,2.3212,,518072.0899,
300241.SZ,20260306,32.2721,34.48,,481781.5267,
688378.SH,20260306,2.0706,3.0048,,947261.1766,
603193.SH,20260306,1.6155,1.6548,,912357.9231,
920000.BJ,20260306,0.5465,1.0188,,165757.44,
301383.SZ,20260306,1.8352,2.8343,,547103.3568,
300221.SZ,20260306,2.8298,2.8298,,511655.0598,
002426.SZ,20260306,5.3653,6.2421,,1429102.8847,
603919.SH,20260306,1.4347,3.6085,,1014012.734,
300778.SZ,20260306,2.7303,6.3049,,273718.5588,
600027.SH,20260306,1.4099,3.2896,,6072957.8982,
300353.SZ,20260306,3.3696,3.513,,1471438.6642,
603755.SH,20260306,2.4387,6.7031,,302448.1596,
301023.SZ,20260306,3.4803,4.3394,,347138.0927,
600959.SH,20260306,1.0055,2.1202,,1980284.2037,
002163.SZ,20260306,2.7484,3.8324,,1208289.7498,
002065.SZ,20260306,1.2758,1.8094,,2856084.7961,
688041.SH,20260306,0.6246,1.6377,,56225738.4213,
603016.SH,20260306,2.3375,5.1757,,491298.56,
920856.BJ,20260306,0.7385,1.2417,,146780.387,
002926.SZ,20260306,0.756,1.4042,,2310000.0,
000776.SZ,20260306,0.4574,0.9495,,15704464.9406,
600265.SH,20260306,0.2431,0.6812,,253759.0,
600702.SH,20260306,1.1438,1.6404,,1668785.7782,
002201.SZ,20260306,3.1501,4.8083,,806074.0301,
603722.SH,20260306,2.5874,4.4491,,390880.484,
301398.SZ,20260306,4.9298,5.4837,,652512.0,
600824.SH,20260306,1.3233,2.1933,,456393.7226,
600011.SH,20260306,1.0064,2.5294,,11946249.0462,
301208.SZ,20260306,1.5737,2.0743,,445320.2227,
600305.SH,20260306,0.6127,1.0512,,864154.2634,
600292.SH,20260306,3.5198,6.2563,,6868163.3232,
920781.BJ,20260306,7.8751,8.5799,,145602.1649,
600406.SH,20260306,2.0064,4.674,,24103300.2242,
000055.SZ,20260306,1.4553,1.9003,,424180.3197,
600251.SH,20260306,1.7456,3.148,,854692.9413,
002943.SZ,20260306,5.2461,5.8057,,1218537.1869,
688343.SH,20260306,6.9032,7.5975,,3519438.2801,
688314.SH,20260306,1.356,3.6789,,316345.3358,
002991.SZ,20260306,1.1542,1.6232,,504111.214,
300428.SZ,20260306,3.8837,9.2873,,1683102.7126,
600935.SH,20260306,1.9985,5.5576,,1078421.4168,
002591.SZ,20260306,3.9045,4.5464,,227551.2089,
600820.SH,20260306,0.815,1.3557,,2037374.2689,
301169.SZ,20260306,2.8633,7.383,,417186.744,
000690.SZ,20260306,5.6324,6.9177,,1042250.2859,
000733.SZ,20260306,2.7864,4.0389,,2964252.2864,
600551.SH,20260306,0.5856,1.5449,,563463.9036,
002020.SZ,20260306,1.3756,1.8297,,1354398.8372,
300757.SZ,20260306,4.3998,6.5849,,6568561.8701,
603011.SH,20260306,8.9428,13.763,,1325030.6912,
300484.SZ,20260306,1.5936,1.7304,,384289.0345,
920183.BJ,20260306,25.714,25.714,,221752.56,
605198.SH,20260306,0.3224,1.8653,,1331739.18,
605050.SH,20260306,0.775,2.1301,,648070.373,
300166.SZ,20260306,13.5731,14.4963,,1446207.1,
600571.SH,20260306,1.568,1.958,,692482.6889,
002091.SZ,20260306,1.6804,2.9712,,1484475.7973,
920914.BJ,20260306,1.6973,2.9266,,261843.142,
300321.SZ,20260306,1.3066,2.7378,,342412.8,
002861.SZ,20260306,3.9565,4.7394,,362694.874,
300668.SZ,20260306,1.8421,2.9758,,309379.8716,
920058.BJ,20260306,0.9973,1.9595,,170522.6866,
920634.BJ,20260306,2.0489,4.3784,,161305.7254,
688710.SH,20260306,1.4167,2.0019,,743103.5507,
301305.SZ,20260306,5.2622,5.2724,,673750.3738,
001260.SZ,20260306,1.3374,4.8441,,254265.0,
603273.SH,20260306,4.739,4.739,,405695.2662,
688158.SH,20260306,10.2508,11.5901,,1725745.8163,
600241.SH,20260306,1.739,3.3855,,257808.6527,
688377.SH,20260306,3.1503,4.9133,,953868.3,
002017.SZ,20260306,1.7097,3.066,,1255474.2192,
000525.SZ,20260306,12.1911,15.4983,,933061.5154,
300351.SZ,20260306,16.0564,21.9046,,741252.8747,
001331.SZ,20260306,4.1405,16.8267,,1627960.32,
688327.SH,20260306,2.2118,2.2118,,1532897.6155,
300139.SZ,20260306,17.5064,18.5532,,1975814.0,
600171.SH,20260306,0.9026,1.2056,,2092032.6672,
601579.SH,20260306,1.1704,2.8298,,849129.6973,
600476.SH,20260306,2.6756,4.4105,,208907.79,
300492.SZ,20260306,0.6415,1.8462,,1368113.4394,
600352.SH,20260306,1.9958,2.6632,,5153277.6662,
688230.SH,20260306,0.5247,2.0986,,764047.2,
600706.SH,20260306,2.1986,3.2837,,262711.5786,
300260.SZ,20260306,2.6943,4.308,,2174017.7949,
301517.SZ,20260306,3.3537,5.4648,,919674.5078,
301193.SZ,20260306,5.9706,13.5614,,563480.4017,
300101.SZ,20260306,1.8387,2.6008,,1410677.7588,
000669.SZ,20260306,7.5333,9.5007,,265359.4308,
605389.SH,20260306,0.6659,2.6731,,1047801.173,
600477.SH,20260306,2.1937,3.5952,,837433.7948,
000928.SZ,20260306,1.8238,3.552,,1028640.1933,
002969.SZ,20260306,7.2117,14.6108,,2735254.3179,
688337.SH,20260306,3.2045,8.8241,,947270.4015,
688091.SH,20260306,3.4137,6.3735,,1084573.9991,
002662.SZ,20260306,1.5451,2.665,,598500.0,
600482.SH,20260306,2.0773,4.1598,,8847636.8782,
603713.SH,20260306,1.4407,2.7201,,1055498.9933,
301210.SZ,20260306,4.6932,4.6932,,464761.1244,
300798.SZ,20260306,6.811,8.7179,,417750.1115,
688538.SH,20260306,1.3259,1.7263,,3493787.7191,
002888.SZ,20260306,2.311,3.4163,,306064.7931,
301173.SZ,20260306,2.1636,2.1636,,395959.1522,
000791.SZ,20260306,4.2697,10.7514,,2757263.7807,
002625.SZ,20260306,0.7512,1.0435,,9902485.8138,
688211.SH,20260306,0.2882,0.7365,,425622.5293,
002726.SZ,20260306,2.6903,4.4903,,420872.6687,
600143.SH,20260306,1.1355,1.4083,,4766400.2847,
600569.SH,20260306,1.474,4.5856,,752574.4031,
688805.SH,20260306,5.9396,5.9396,,759758.08,
002585.SZ,20260306,2.7775,3.6208,,845720.0555,
600809.SH,20260306,0.517,1.5431,,19606045.0118,
301228.SZ,20260306,1.4541,3.1982,,522600.0,
002700.SZ,20260306,6.8516,6.9411,,301121.3187,
688783.SH,20260306,2.322,2.322,,9670531.0,
688192.SH,20260306,0.6449,1.686,,2358014.2107,
300945.SZ,20260306,8.585,14.741,,513660.3928,
002110.SZ,20260306,1.1646,2.783,,1088226.1497,
002831.SZ,20260306,0.8962,1.2842,,2901458.552,
920007.BJ,20260306,2.3571,2.3571,,296764.3336,
300739.SZ,20260306,15.3153,26.862,,1127834.5741,
600894.SH,20260306,0.4333,1.0239,,795467.5901,
002623.SZ,20260306,4.0437,7.6804,,497457.1875,
688036.SH,20260306,2.4669,6.0487,,6849548.0428,
920346.BJ,20260306,1.2385,1.9652,,190421.9762,
300939.SZ,20260306,8.2355,14.9982,,455400.0,
603236.SH,20260306,2.4311,3.1896,,2354683.3908,
920033.BJ,20260306,0.702,1.5226,,202410.7898,
000576.SZ,20260306,2.4477,3.8327,,484860.6358,
301076.SZ,20260306,2.5128,2.7913,,714039.9396,
920957.BJ,20260306,1.4099,2.8519,,140242.8435,
000786.SZ,20260306,1.1869,2.1388,,4727109.4886,
301665.SZ,20260306,15.161,15.161,,1395450.0,
301468.SZ,20260306,11.8449,14.0838,,880090.264,
600467.SH,20260306,4.1254,6.5439,,388624.4849,
603336.SH,20260306,1.6497,2.9253,,592283.5335,
301595.SZ,20260306,11.5873,11.5873,,706310.44,
300962.SZ,20260306,3.8105,8.3207,,484707.4829,
001979.SZ,20260306,0.3505,0.9042,,8745551.2059,
002479.SZ,20260306,2.2794,3.5103,,484400.0,
688627.SH,20260306,3.8888,3.8888,,2423811.0416,
601921.SH,20260306,0.36,1.895,,1755555.5562,
002925.SZ,20260306,1.6341,4.8664,,1709246.9524,
002123.SZ,20260306,1.6851,1.754,,891601.7001,
603799.SH,20260306,2.4434,3.0837,,13100696.8218,
001360.SZ,20260306,3.717,3.8393,,510204.0,
002049.SZ,20260306,1.2722,1.7193,,6385778.922,
301300.SZ,20260306,3.84,6.4476,,307763.784,
000565.SZ,20260306,5.4638,9.1901,,375057.2703,
605138.SH,20260306,0.5476,2.2766,,411122.8338,
605365.SH,20260306,2.345,13.9821,,1064267.2971,
002434.SZ,20260306,1.2445,2.5225,,1173464.4,
000523.SZ,20260306,2.6402,3.6573,,684629.736,
002530.SZ,20260306,1.7202,2.2139,,751147.0407,
688219.SH,20260306,1.3744,2.3446,,644680.8,
688575.SH,20260306,0.7003,1.2509,,809657.2211,
301638.SZ,20260306,31.775,31.775,,9023847.3527,
688186.SH,20260306,15.6143,19.6676,,792382.4307,
603226.SH,20260306,1.0145,3.5946,,1165302.0221,
300986.SZ,20260306,4.566,7.9626,,1124688.9518,
603312.SH,20260306,6.1323,6.1323,,756477.636,
000430.SZ,20260306,0.8842,1.4188,,592653.0923,
601238.SH,20260306,0.1815,0.7526,,7984302.5997,
301613.SZ,20260306,2.6961,3.6295,,765954.6403,
600929.SH,20260306,1.2612,3.416,,1069353.8429,
300008.SZ,20260306,10.0541,11.5714,,1588058.7732,
600028.SH,20260306,0.607,4.1001,,83196753.7847,
002348.SZ,20260306,2.3981,3.401,,779545.6,
300331.SZ,20260306,8.0034,8.686,,1191849.8927,
603389.SH,20260306,0.4129,1.0444,,1132723.872,
002825.SZ,20260306,1.7494,2.7059,,375347.1046,
605018.SH,20260306,1.0784,4.9117,,566899.3464,
002132.SZ,20260306,2.3453,3.0602,,545200.8875,
688020.SH,20260306,1.4765,3.104,,739297.675,
920163.BJ,20260306,2.3125,3.9983,,204914.5347,
605300.SH,20260306,0.7112,2.4334,,513470.4146,
920207.BJ,20260306,15.7425,23.4888,,339461.99,
002074.SZ,20260306,1.2819,2.1214,,6585233.1085,
301419.SZ,20260306,7.3027,14.2277,,444720.0,
002693.SZ,20260306,0.7471,1.4668,,302723.5175,
600215.SH,20260306,1.3898,1.9812,,334438.2682,
301287.SZ,20260306,4.1149,4.1149,,291881.26,
603718.SH,20260306,2.9269,4.727,,316825.6842,
600273.SH,20260306,2.3644,3.9066,,1519705.0646,
920230.BJ,20260306,1.5421,2.6244,,128616.2411,
300481.SZ,20260306,5.586,8.6717,,529133.9091,
920765.BJ,20260306,1.8267,3.9189,,154543.8969,
920030.BJ,20260306,1.2002,1.8689,,115888.1133,
603206.SH,20260306,0.6291,1.9931,,485267.9809,
601077.SH,20260306,0.6611,1.1129,,7563762.0,
300738.SZ,20260306,5.8884,8.1342,,2247193.2648,
603977.SH,20260306,3.5621,6.9297,,951121.2387,
600801.SH,20260306,0.6725,1.6808,,4856533.8361,
603335.SH,20260306,2.3374,4.479,,258599.3384,
603759.SH,20260306,1.0736,2.696,,488080.32,
002004.SZ,20260306,2.0887,2.7545,,1100835.0702,
301355.SZ,20260306,3.87,3.87,,251091.0333,
300244.SZ,20260306,3.5148,3.9192,,1316206.6922,
920786.BJ,20260306,3.9478,5.409,,209889.212,
300896.SZ,20260306,0.8642,1.3605,,4256259.93,
300687.SZ,20260306,2.6148,2.9406,,852355.0301,
603203.SH,20260306,2.2133,6.1994,,1028595.8335,
600850.SH,20260306,1.7631,3.0492,,1831095.0108,
603703.SH,20260306,1.9988,2.8123,,580559.9859,
605151.SH,20260306,2.2464,6.8841,,276643.4804,
300281.SZ,20260306,1.1704,2.2682,,317125.1501,
300677.SZ,20260306,2.1149,2.4154,,2992877.1652,
300058.SZ,20260306,5.6584,5.6584,,5927455.2458,
002032.SZ,20260306,0.1255,0.7478,,3464100.0832,
002193.SZ,20260306,2.8287,3.8562,,170900.2542,
603393.SH,20260306,6.525,11.5731,,1605813.9867,
301009.SZ,20260306,1.9905,2.8208,,341184.3,
002313.SZ,20260306,1.3214,2.3352,,350438.4,
002385.SZ,20260306,6.5622,6.8889,,1823233.3116,
300652.SZ,20260306,1.5446,2.8593,,627202.4695,
603609.SH,20260306,0.9116,1.9577,,673043.7296,
002238.SZ,20260306,1.2563,3.658,,632416.6181,
605183.SH,20260306,0.6078,1.88,,907457.0224,
001400.SZ,20260306,14.7773,14.7773,,755400.0,
688038.SH,20260306,2.2888,3.9859,,256370.6002,
603128.SH,20260306,1.1849,2.1864,,780191.7104,
688163.SH,20260306,1.0151,2.4757,,262649.94,
300920.SZ,20260306,3.8322,5.2231,,418800.0,
600536.SH,20260306,1.1701,1.8411,,3878949.4699,
600268.SH,20260306,8.3032,18.0636,,1508568.1053,
300588.SZ,20260306,1.374,1.8857,,462019.5954,
600009.SH,20260306,0.4118,0.8203,,7387801.4158,
920419.BJ,20260306,2.6844,4.9322,,157025.728,
603028.SH,20260306,2.2433,3.1685,,279864.0,
688691.SH,20260306,7.6481,7.6481,,1519200.0,
603112.SH,20260306,2.0231,4.9884,,964744.6255,
002421.SZ,20260306,2.7009,3.1613,,612848.0937,
600736.SH,20260306,1.4164,2.5201,,755248.147,
688311.SH,20260306,2.426,3.7987,,776128.3939,
601007.SH,20260306,1.8541,3.2818,,312000.0,
600059.SH,20260306,0.9324,1.5164,,863230.6651,
000932.SZ,20260306,0.6592,1.3957,,4385669.8624,
002841.SZ,20260306,0.9653,1.3882,,2464594.5858,
688475.SH,20260306,0.3955,2.0487,,2146725.0,
300987.SZ,20260306,2.3146,4.2076,,315876.496,
688138.SH,20260306,1.2865,3.1812,,909457.2,
688018.SH,20260306,0.871,1.4293,,2586203.7937,
603920.SH,20260306,4.8421,9.4355,,4142685.2304,
601377.SH,20260306,1.0457,1.4774,,5699751.614,
000997.SZ,20260306,0.9376,1.3522,,2345321.6732,
000049.SZ,20260306,0.8284,1.5201,,976981.8764,
301213.SZ,20260306,9.2717,17.6598,,684639.9914,
002440.SZ,20260306,6.7794,10.1586,,1576971.8667,
920892.BJ,20260306,0.554,1.7225,,275287.7864,
605196.SH,20260306,4.1197,6.3421,,2622977.2749,
002534.SZ,20260306,2.6022,7.8288,,1655987.5856,
600881.SH,20260306,1.4077,1.6629,,568858.5739,
688231.SH,20260306,3.1019,7.757,,830180.5719,
003037.SZ,20260306,0.8176,2.4759,,462485.6514,
688386.SH,20260306,1.2401,1.805,,887017.771,
603111.SH,20260306,0.7279,0.9774,,606869.5931,
002984.SZ,20260306,1.1541,1.4897,,2023279.5409,
600372.SH,20260306,2.1755,4.8626,,7529323.1563,
301098.SZ,20260306,3.4011,3.633,,173267.3154,
603120.SH,20260306,9.1365,9.1365,,399568.0,
301469.SZ,20260306,4.2958,8.5906,,314880.12,
688012.SH,20260306,1.0747,1.5041,,21057266.6744,
600971.SH,20260306,1.5914,3.5334,,913203.7167,
300992.SZ,20260306,2.1682,3.2814,,290117.0821,
002192.SZ,20260306,3.7241,5.0391,,1423949.1333,
688373.SH,20260306,2.5835,3.8837,,388487.201,
300736.SZ,20260306,7.3106,9.6923,,244866.2961,
688212.SH,20260306,2.2136,3.0829,,538795.6653,
002022.SZ,20260306,1.4807,1.8199,,307066.6861,
300236.SZ,20260306,1.918,2.561,,2344719.6498,
300909.SZ,20260306,2.6953,4.1261,,795329.7574,
600622.SH,20260306,1.3008,2.2923,,422911.2834,
603588.SH,20260306,3.9931,4.8688,,2041134.1724,
002432.SZ,20260306,6.0665,9.2796,,2280241.2742,
688050.SH,20260306,0.7573,1.04,,1101624.4848,
300592.SZ,20260306,2.1317,3.6005,,543057.4529,
600684.SH,20260306,1.9679,2.8561,,562991.81,
920378.BJ,20260306,0.7629,1.2042,,159569.676,
601766.SH,20260306,0.5366,1.3401,,18108983.2395,
688420.SH,20260306,1.9047,1.9047,,235842.81,
300960.SZ,20260306,1.2897,4.5688,,379743.9727,
688048.SH,20260306,8.542,13.3209,,2776409.1023,
601169.SH,20260306,0.4364,0.6307,,11438354.4912,
001358.SZ,20260306,1.9495,2.1191,,371078.4,
001896.SZ,20260306,15.4943,40.6146,,2422940.752,
603787.SH,20260306,1.1084,3.1452,,312995.5544,
300323.SZ,20260306,39.7241,46.5676,,1937860.5636,
688499.SH,20260306,1.9599,3.0327,,907253.1983,
601963.SH,20260306,1.0093,2.7536,,3825524.5853,
301459.SZ,20260306,3.1517,3.1517,,415862.5491,
002454.SZ,20260306,1.5116,2.6963,,563209.1136,
603949.SH,20260306,1.2838,4.2689,,380590.491,
300513.SZ,20260306,3.6293,3.6604,,304594.1115,
600258.SH,20260306,0.9301,1.6771,,1833462.3329,
300848.SZ,20260306,2.7703,5.0447,,719279.101,
300972.SZ,20260306,0.8515,1.6587,,3860491.8027,
600446.SH,20260306,1.397,1.8532,,1364837.8446,
300197.SZ,20260306,2.2467,3.4615,,560441.3371,
300401.SZ,20260306,4.5354,6.4902,,870638.7878,
002532.SZ,20260306,2.0692,2.8991,,8465960.732,
002807.SZ,20260306,1.3645,1.4481,,1119933.719,
601688.SH,20260306,0.8166,1.1384,,18387721.5321,
300251.SZ,20260306,2.6045,5.2767,,5127912.5791,
300454.SZ,20260306,2.864,3.4602,,4940278.6788,
688229.SH,20260306,3.6674,7.0775,,381618.0,
000056.SZ,20260306,5.6012,7.0052,,238870.7004,
920145.BJ,20260306,2.2974,3.7188,,125720.1,
600309.SH,20260306,1.2153,2.0898,,29113386.1218,
300106.SZ,20260306,4.3867,7.5399,,232254.2087,
600271.SH,20260306,0.9338,1.7626,,1799150.9835,
600095.SH,20260306,0.9682,3.1393,,2936385.8121,
301083.SZ,20260306,3.8695,5.8487,,348796.534,
600373.SH,20260306,0.6843,1.558,,1230138.5104,
300507.SZ,20260306,1.2897,1.9995,,736595.1544,
605338.SH,20260306,1.1467,3.263,,635570.3543,
603489.SH,20260306,2.3847,8.8921,,783624.0499,
301303.SZ,20260306,9.9313,9.9465,,684331.2,
002158.SZ,20260306,1.3537,3.5129,,1314351.9337,
688356.SH,20260306,1.7634,3.1957,,626946.2859,
002637.SZ,20260306,2.6692,4.2314,,685844.658,
601005.SH,20260306,2.4696,3.8757,,1389726.9114,
920171.BJ,20260306,2.7982,4.6796,,215100.5223,
688443.SH,20260306,3.5177,3.5177,,984169.12,
301390.SZ,20260306,6.1334,6.9284,,251520.0,
300029.SZ,20260306,1.4797,1.6964,,102258.315,
002910.SZ,20260306,5.2775,9.3905,,238949.082,
603357.SH,20260306,1.0412,1.9923,,466961.3982,
688233.SH,20260306,1.9673,3.4091,,1405022.322,
600563.SH,20260306,3.0169,5.2548,,2651625.0,
688016.SH,20260306,1.8054,3.0251,,1323588.6123,
603630.SH,20260306,1.0126,2.4564,,403791.8119,
300709.SZ,20260306,3.5612,4.0472,,792686.6611,
600981.SH,20260306,1.8301,5.6154,,742245.3866,
300888.SZ,20260306,0.5737,1.9059,,1995061.9222,
600176.SH,20260306,2.1434,4.0734,,10548265.2783,
600637.SH,20260306,0.9454,1.7736,,3580423.3051,
300857.SZ,20260306,2.0436,3.2473,,8549182.9943,
600032.SH,20260306,0.7539,3.4033,,2031950.6488,
300138.SZ,20260306,2.8271,3.148,,681171.1311,
300868.SZ,20260306,9.9426,13.6384,,511808.0,
688078.SH,20260306,1.1303,2.1525,,200237.071,
920017.BJ,20260306,0.9206,1.6166,,229566.5629,
920627.BJ,20260306,1.6178,2.6982,,207790.0,
301395.SZ,20260306,1.9012,1.9012,,364275.657,
002230.SZ,20260306,1.4205,1.6648,,12144134.8807,
300984.SZ,20260306,2.2385,3.7336,,783865.0401,
688472.SH,20260306,3.224,3.224,,5114968.7172,
603626.SH,20260306,4.2056,5.9727,,1320613.6622,
688347.SH,20260306,2.9885,3.5516,,20467569.6013,
688283.SH,20260306,0.6417,1.2781,,572947.2,
002635.SZ,20260306,2.7697,3.56,,968420.1872,
002463.SZ,20260306,2.338,3.42,,14511625.4325,
603959.SH,20260306,7.1237,9.3341,,305946.571,
688361.SH,20260306,2.0786,2.5329,,5952775.029,
300624.SZ,20260306,4.0758,5.0993,,1479602.8876,
000839.SZ,20260306,2.4274,3.8192,,1297462.5225,
300274.SZ,20260306,2.2932,2.5461,,31056707.1315,
301356.SZ,20260306,2.7981,2.8343,,514080.0,
600152.SH,20260306,8.9073,13.6745,,496805.5331,
300049.SZ,20260306,1.9168,2.0631,,1510097.6541,
600540.SH,20260306,8.5609,16.1503,,310455.2966,
300741.SZ,20260306,0.3388,1.793,,1059929.48,
002686.SZ,20260306,2.0657,3.6182,,397499.8714,
300810.SZ,20260306,3.6476,6.5769,,471845.85,
920876.BJ,20260306,12.066,19.5844,,174763.9345,
600927.SH,20260306,0.8668,5.6546,,2235733.334,
688157.SH,20260306,0.9884,2.0952,,611958.385,
002587.SZ,20260306,11.3474,12.5392,,451520.1001,
920199.BJ,20260306,13.0177,27.486,,293008.3596,
603327.SH,20260306,1.4784,5.0208,,1053823.0349,
601311.SH,20260306,1.455,2.4103,,1113315.666,
002512.SZ,20260306,0.0435,0.0602,,546235.8463,
600966.SH,20260306,1.6447,3.2147,,1094875.4719,
600358.SH,20260306,1.3506,1.9102,,332248.3223,
002893.SZ,20260306,3.7329,4.7194,,306876.96,
300648.SZ,20260306,3.7454,4.0417,,1107035.4528,
002382.SZ,20260306,3.2051,4.4913,,665718.255,
002243.SZ,20260306,0.9498,1.9141,,1215446.6359,
688147.SH,20260306,1.1034,3.5607,,3567973.8986,
002898.SZ,20260306,1.5005,2.3893,,194480.0,
300659.SZ,20260306,2.5042,2.8535,,386682.6813,
600118.SH,20260306,4.0761,8.398,,11052725.9448,
300036.SZ,20260306,1.693,1.7083,,860863.2799,
000837.SZ,20260306,1.0749,1.9659,,1213450.9627,
688699.SH,20260306,2.354,4.8768,,519395.0362,
300413.SZ,20260306,1.0919,1.8699,,4237182.646,
920855.BJ,20260306,0.8409,2.7706,,134221.0661,
002324.SZ,20260306,2.6346,3.328,,1897645.6391,
300004.SZ,20260306,3.5482,4.7764,,695030.7299,
300756.SZ,20260306,2.6272,2.6454,,714234.9336,
300915.SZ,20260306,4.0889,6.7445,,333474.0602,
001318.SZ,20260306,1.1557,3.819,,415510.2,
300373.SZ,20260306,1.8665,3.5848,,4333198.6013,
002303.SZ,20260306,2.4984,2.6467,,592622.2661,
603119.SH,20260306,2.7832,2.7832,,3139094.7545,
605117.SH,20260306,1.5342,3.8648,,10537547.0564,
688162.SH,20260306,1.153,2.7631,,450101.8443,
301276.SZ,20260306,2.6895,2.6974,,333720.0,
920204.BJ,20260306,4.4706,6.3251,,171698.0783,
600595.SH,20260306,2.3236,3.9039,,3482869.5441,
603398.SH,20260306,1.0305,1.6515,,414994.9385,
002588.SZ,20260306,3.7393,5.8801,,1291270.9096,
002649.SZ,20260306,1.7434,1.783,,741631.522,
000672.SZ,20260306,1.4562,3.4714,,1410470.3798,
688083.SH,20260306,0.7433,1.2868,,1013805.9661,
000892.SZ,20260306,4.6503,6.3998,,650390.0536,
600839.SH,20260306,2.2835,2.9743,,4565465.5356,
603063.SH,20260306,10.7503,13.2727,,1460675.7352,
688548.SH,20260306,3.3826,3.3826,,3404048.1842,
000659.SZ,20260306,2.5452,3.0195,,547709.2735,
300076.SZ,20260306,2.9036,4.1312,,329872.0,
600658.SH,20260306,0.9872,1.8842,,577189.8832,
002697.SZ,20260306,1.9971,3.0427,,776560.0,
002376.SZ,20260306,1.2715,1.794,,617648.6562,
002614.SZ,20260306,2.0717,2.3978,,416657.7883,
002816.SZ,20260306,3.4482,4.105,,245000.0,
000713.SZ,20260306,6.2707,8.862,,575516.2408,
600420.SH,20260306,1.3601,3.1004,,1452490.0254,
301286.SZ,20260306,1.213,4.4696,,2338984.6,
600423.SH,20260306,3.1682,4.4052,,322672.7905,
600491.SH,20260306,1.4842,2.1861,,497171.3354,
300746.SZ,20260306,1.1269,2.3612,,297523.1163,
688282.SH,20260306,2.2733,6.6732,,729344.0,
601133.SH,20260306,7.4399,7.4399,,843773.4416,
301033.SZ,20260306,1.1758,2.0399,,462240.0803,
002278.SZ,20260306,10.5221,14.3622,,539812.473,
301128.SZ,20260306,3.1248,5.8644,,1061307.4302,
300869.SZ,20260306,1.1095,1.5345,,581409.2261,
601633.SH,20260306,0.1489,0.8452,,17278344.0526,
603922.SH,20260306,2.1235,3.8603,,385638.4,
600789.SH,20260306,2.0008,2.6262,,927083.3331,
600916.SH,20260306,2.96,6.1802,,1797600.0,
003016.SZ,20260306,0.9844,3.191,,358284.4134,
605189.SH,20260306,1.8386,5.6656,,297326.8878,
301421.SZ,20260306,6.1977,6.2166,,1070622.936,
300213.SZ,20260306,1.4599,1.4965,,521257.8068,
001285.SZ,20260306,4.7802,4.7802,,984313.4192,
002491.SZ,20260306,14.4615,21.9544,,1409573.697,
688234.SH,20260306,1.1187,2.5548,,3933648.7216,
301255.SZ,20260306,2.3637,2.3637,,403343.36,
002766.SZ,20260306,1.6419,3.1506,,474090.6651,
002115.SZ,20260306,5.983,6.626,,1102948.2115,
300904.SZ,20260306,3.4981,3.4981,,445953.0924,
688700.SH,20260306,2.1105,3.1788,,1197186.2563,
002408.SZ,20260306,3.3633,7.467,,1813739.3789,
301488.SZ,20260306,3.0493,3.1096,,1269508.0,
603208.SH,20260306,1.436,3.5477,,257963.4133,
688122.SH,20260306,2.2454,3.3438,,5581917.3582,
920227.BJ,20260306,2.5693,4.2088,,261764.763,
300916.SZ,20260306,1.5024,2.3851,,441887.4414,
300039.SZ,20260306,2.9738,4.2778,,675716.0,
003026.SZ,20260306,4.5553,5.8558,,425798.415,
688351.SH,20260306,0.587,1.9726,,1085203.6,
301099.SZ,20260306,2.8423,3.6932,,640636.1139,
300132.SZ,20260306,2.6041,2.872,,492818.1652,
605166.SH,20260306,2.7179,3.9956,,348409.0391,
600326.SH,20260306,1.9596,2.5468,,1483723.7566,
001373.SZ,20260306,4.0013,4.6805,,288828.364,
920029.BJ,20260306,2.1656,2.1656,,1216647.2029,
301337.SZ,20260306,5.8228,6.8266,,328230.0,
300390.SZ,20260306,2.0062,2.449,,3763301.0696,
301100.SZ,20260306,4.0928,7.1624,,435800.0,
300706.SZ,20260306,7.8398,11.0413,,602474.8911,
300069.SZ,20260306,4.994,8.7947,,231075.0,
600730.SH,20260306,1.1283,1.4108,,579616.13,
301520.SZ,20260306,3.4911,3.4911,,288000.0014,
300604.SZ,20260306,2.6462,2.9457,,8180621.7075,
920675.BJ,20260306,11.2809,18.1559,,213311.196,
301127.SZ,20260306,2.2241,4.0221,,1135809.7631,
601298.SH,20260306,0.4751,3.8678,,6049705.2,
601117.SH,20260306,2.7142,4.7889,,5697519.5291,
688209.SH,20260306,1.2036,3.1503,,926128.9446,
000722.SZ,20260306,6.8315,14.0947,,646572.4868,
300710.SZ,20260306,3.5181,3.6888,,307126.5561,
600734.SH,20260306,1.9997,2.7362,,910530.6983,
301618.SZ,20260306,1.8955,1.9993,,451981.4586,
603607.SH,20260306,1.2766,2.5022,,404162.0352,
300144.SZ,20260306,3.0104,4.5887,,2183734.0429,
000402.SZ,20260306,0.4934,1.0064,,818966.7945,
605162.SH,20260306,2.449,9.6594,,401384.168,
301322.SZ,20260306,4.5108,5.9662,,488290.9064,
603392.SH,20260306,0.2723,1.029,,4956419.7917,
600362.SH,20260306,1.907,4.5501,,18556766.8814,
603041.SH,20260306,2.1443,3.6268,,245601.055,
002815.SZ,20260306,4.1584,5.1016,,1863568.4992,
688068.SH,20260306,3.1627,4.5385,,1242286.396,
002862.SZ,20260306,8.8833,10.7291,,281736.0,
300408.SZ,20260306,1.2993,2.0061,,11288169.5152,
600819.SH,20260306,1.058,2.8294,,800940.7999,
300580.SZ,20260306,0.7933,1.8519,,1115658.8544,
603086.SH,20260306,3.3964,5.1725,,364808.227,
300103.SZ,20260306,2.9636,4.2237,,251222.391,
603982.SH,20260306,2.1045,3.5222,,301961.6789,
603022.SH,20260306,2.7781,4.651,,228200.0,
300009.SZ,20260306,1.1751,1.3258,,1611153.1625,
603079.SH,20260306,1.1915,2.2796,,332692.1382,
300681.SZ,20260306,2.1155,2.2323,,721984.5471,
002560.SZ,20260306,9.9084,11.0385,,594084.5841,
300299.SZ,20260306,2.1165,2.975,,454217.4559,
002879.SZ,20260306,5.6102,6.4058,,449361.4783,
920267.BJ,20260306,1.4531,2.0102,,110312.3508,
603352.SH,20260306,3.3091,3.3091,,905760.0013,
920057.BJ,20260306,1.7679,1.9903,,127428.0978,
300399.SZ,20260306,3.1909,5.8017,,517712.0,
920076.BJ,20260306,3.0445,3.0445,,193697.4812,
688201.SH,20260306,4.4781,7.656,,524572.4117,
603387.SH,20260306,1.3909,2.4812,,424994.6472,
300767.SZ,20260306,2.5022,3.3745,,569159.5177,
300758.SZ,20260306,4.0065,5.9717,,639104.7501,
000528.SZ,20260306,1.659,2.2419,,2245670.305,
300133.SZ,20260306,3.8368,4.8219,,1520058.1397,
300956.SZ,20260306,2.6811,5.2427,,352008.7964,
600348.SH,20260306,1.4939,3.3588,,3556995.0,
002471.SZ,20260306,22.1976,26.702,,1249677.88,
300193.SZ,20260306,5.8015,6.8667,,471487.307,
300783.SZ,20260306,2.4595,2.9571,,794904.7321,
300700.SZ,20260306,2.365,2.404,,567354.1881,
600873.SH,20260306,2.8175,4.2078,,3323026.3553,
603075.SH,20260306,2.8086,2.8086,,936175.7162,
002033.SZ,20260306,2.2346,4.0798,,514872.7962,
688195.SH,20260306,7.8422,12.015,,2841431.45,
002856.SZ,20260306,3.6371,5.667,,185243.2342,
002600.SZ,20260306,1.0327,2.4302,,10581039.875,
600754.SH,20260306,0.7458,1.5936,,2853414.6361,
002789.SZ,20260306,1.3238,2.7798,,158346.5259,
688072.SH,20260306,1.4467,2.3032,,10650049.7034,
300240.SZ,20260306,4.5085,7.682,,296135.6712,
301329.SZ,20260306,3.9052,3.9052,,408480.0,
300405.SZ,20260306,5.5978,6.6898,,206738.9318,
002393.SZ,20260306,1.9308,4.0577,,571842.7915,
920826.BJ,20260306,2.1975,2.3201,,173818.0619,
300724.SZ,20260306,3.9129,4.2893,,3967742.5324,
001288.SZ,20260306,1.1433,2.0102,,843220.6181,
603214.SH,20260306,6.4209,9.9299,,242999.2231,
688677.SH,20260306,1.3169,1.9951,,490177.053,
300780.SZ,20260306,5.3646,6.086,,334994.28,
300365.SZ,20260306,15.4102,16.3456,,413300.4181,
300948.SZ,20260306,4.834,7.4472,,346547.4259,
920454.BJ,20260306,0.8916,1.4445,,161013.2,
605299.SH,20260306,1.3612,4.5571,,504167.0763,
300663.SZ,20260306,1.5413,1.6319,,743513.3218,
688597.SH,20260306,4.8911,6.6896,,350174.5242,
301489.SZ,20260306,6.4391,6.6981,,1574296.6372,
920022.BJ,20260306,1.2469,1.2469,,176740.53,
600035.SH,20260306,0.7785,1.691,,644046.3604,
300293.SZ,20260306,0.8734,1.4324,,651154.9159,
002970.SZ,20260306,3.2468,4.7585,,1406983.9297,
600183.SH,20260306,1.6477,3.264,,15546363.072,
688216.SH,20260306,1.8692,4.0688,,358457.331,
600470.SH,20260306,19.6559,26.3812,,436579.2,
603248.SH,20260306,5.5946,5.5946,,1071340.0,
301368.SZ,20260306,2.2833,2.2833,,696099.6,
600847.SH,20260306,1.8677,3.4061,,214295.7852,
002387.SZ,20260306,1.5984,2.6675,,1191467.0247,
603918.SH,20260306,2.1915,2.9209,,542914.8912,
001229.SZ,20260306,3.0251,5.4193,,383885.7705,
002540.SZ,20260306,2.0209,2.8716,,929597.7355,
600186.SH,20260306,10.4253,12.9508,,1118685.136,
300737.SZ,20260306,2.7031,4.1873,,756999.7166,
600708.SH,20260306,1.017,2.1436,,915969.7014,
003012.SZ,20260306,0.6772,1.6192,,807572.8483,
002941.SZ,20260306,2.1444,3.6052,,1207738.1897,
000063.SZ,20260306,1.9383,2.544,,17890420.4774,
600918.SH,20260306,0.9676,1.3989,,4948963.1225,
600520.SH,20260306,2.0935,2.6888,,428870.01,
600483.SH,20260306,1.1456,3.3161,,2902463.8632,
688480.SH,20260306,3.0346,6.7801,,1251728.0564,
920701.BJ,20260306,0.902,2.4653,,242295.2,
301533.SZ,20260306,4.4836,4.5553,,347415.8778,
600528.SH,20260306,1.0222,2.3434,,1899426.6077,
600903.SH,20260306,3.0186,8.8824,,800406.548,
301298.SZ,20260306,1.9127,2.369,,247798.4,
605056.SH,20260306,1.3699,4.7249,,1004241.5196,
001337.SZ,20260306,9.1765,22.7958,,2413740.0,
300284.SZ,20260306,1.5609,2.8395,,928178.4139,
603677.SH,20260306,0.8359,3.1872,,331466.0887,
002567.SZ,20260306,2.5159,2.8349,,624810.4073,
601618.SH,20260306,1.1353,3.1502,,6548663.6577,
002203.SZ,20260306,0.8126,1.3544,,3224499.6705,
300398.SZ,20260306,5.2308,6.6188,,1610694.8645,
301020.SZ,20260306,1.1272,3.5245,,331742.4,
002331.SZ,20260306,1.2696,1.6433,,382589.5519,
688318.SH,20260306,1.0448,3.3723,,2998646.7782,
603869.SH,20260306,0.1775,0.4871,,482751.9065,
000807.SZ,20260306,2.1807,3.7665,,11645400.966,
603135.SH,20260306,0.9505,1.3406,,728127.1278,
002760.SZ,20260306,8.6284,11.247,,249885.8657,
002963.SZ,20260306,2.3353,3.8658,,233659.3312,
688728.SH,20260306,1.0353,3.0677,,3838465.9205,
301668.SZ,20260306,20.8759,20.8759,,629860.0,
300059.SZ,20260306,1.748,1.9097,,34073505.2273,
600616.SH,20260306,1.6627,2.619,,359924.6631,
300831.SZ,20260306,30.9301,30.9301,,672960.0,
688126.SH,20260306,0.6785,1.1573,,6467930.7801,
301011.SZ,20260306,0.8912,1.7114,,365583.6526,
000661.SZ,20260306,1.4918,2.0503,,3709375.9512,
301157.SZ,20260306,8.4584,8.4584,,349560.0,
301279.SZ,20260306,1.0244,2.7065,,389995.3528,
000889.SZ,20260306,1.9206,2.5951,,337064.8018,
688679.SH,20260306,1.8947,3.8807,,574298.6727,
603177.SH,20260306,4.7727,11.4844,,263203.488,
002967.SZ,20260306,0.8437,1.6052,,1442164.5314,
688709.SH,20260306,2.8197,3.5188,,2960701.8239,
688367.SH,20260306,1.8691,2.7154,,312819.822,
600017.SH,20260306,1.5882,2.8595,,978057.9364,
688570.SH,20260306,0.269,0.4052,,807978.0,
300570.SZ,20260306,8.4665,10.4877,,2900410.0916,
601038.SH,20260306,1.2599,5.0315,,1651758.5543,
600313.SH,20260306,17.071,28.3492,,1004588.4832,
301081.SZ,20260306,3.4433,7.8069,,307850.393,
688608.SH,20260306,1.35,2.197,,3189998.5289,
601519.SH,20260306,1.2017,2.4012,,2291512.32,
002094.SZ,20260306,2.5339,3.2247,,507809.6985,
301535.SZ,20260306,6.3764,6.3764,,1152547.0598,
603067.SH,20260306,5.7727,9.2007,,3320672.0141,
601677.SH,20260306,3.1145,3.6616,,2087876.1697,
001289.SZ,20260306,0.2778,10.5042,,14796874.6103,
000685.SZ,20260306,1.1962,2.369,,1752432.285,
002986.SZ,20260306,11.1483,13.0237,,629481.0252,
301325.SZ,20260306,2.9624,2.9624,,748961.2953,
300661.SZ,20260306,3.1336,4.7369,,4063654.4554,
002515.SZ,20260306,1.2677,1.4062,,700945.601,
002906.SZ,20260306,1.9388,4.4956,,1675541.5789,
600939.SH,20260306,1.084,3.6238,,618304.3568,
603103.SH,20260306,1.3595,11.6201,,1577255.4,
301048.SZ,20260306,0.6833,2.7333,,605866.7424,
603686.SH,20260306,2.2511,2.7118,,871572.9876,
603879.SH,20260306,5.0668,7.5997,,227824.375,
300196.SZ,20260306,6.1149,7.803,,779014.3809,
002768.SZ,20260306,1.5984,2.3892,,1617712.5,
301566.SZ,20260306,5.8458,5.8458,,956023.9,
688306.SH,20260306,0.4278,1.0546,,1235652.4968,
002135.SZ,20260306,5.3298,9.3374,,757436.9047,
003013.SZ,20260306,0.4518,2.0315,,654864.9732,
000526.SZ,20260306,1.2322,1.9488,,428707.3815,
600353.SH,20260306,3.8995,6.7172,,1444988.6321,
600750.SH,20260306,0.816,1.446,,1580770.2497,
002921.SZ,20260306,6.1698,7.9933,,402517.2832,
002328.SZ,20260306,3.1525,3.5666,,537923.69,
002024.SZ,20260306,0.2179,0.6069,,1408244.6779,
603806.SH,20260306,0.9971,2.6193,,4463552.7558,
000563.SZ,20260306,1.2529,2.22,,1820573.4474,
600078.SH,20260306,10.2231,17.5645,,887301.6608,
603210.SH,20260306,1.2861,1.2861,,635867.2,
301080.SZ,20260306,2.3868,3.0898,,752299.6275,
603663.SH,20260306,2.1354,5.0179,,2239255.6775,
600815.SH,20260306,1.9882,3.8461,,576580.706,
002050.SZ,20260306,1.517,2.7109,,20076434.4839,
300788.SZ,20260306,4.9762,18.7781,,769733.3327,
603788.SH,20260306,0.5756,1.1797,,356457.9787,
605259.SH,20260306,1.9609,4.499,,370659.52,
002117.SZ,20260306,0.7505,1.0853,,587091.1906,
920925.BJ,20260306,2.1301,3.1188,,200170.4872,
002634.SZ,20260306,2.3944,3.118,,327518.3418,
688681.SH,20260306,4.273,6.5736,,216352.89,
002935.SZ,20260306,1.491,2.6158,,854990.6561,
600496.SH,20260306,1.0162,1.4455,,875654.9846,
300966.SZ,20260306,2.7924,3.7224,,239208.3095,
920685.BJ,20260306,1.2978,1.6415,,129220.5087,
300504.SZ,20260306,3.3528,6.0971,,427947.8118,
002223.SZ,20260306,0.9202,1.514,,3699139.868,
002036.SZ,20260306,5.0183,5.4961,,1144058.7739,
688207.SH,20260306,1.5736,2.1259,,413839.0889,
002401.SZ,20260306,1.5416,3.023,,598014.52,
688137.SH,20260306,1.8415,2.6677,,296070.1771,
600644.SH,20260306,11.8353,23.2842,,766275.0839,
301160.SZ,20260306,2.8291,3.2996,,729141.9074,
600160.SH,20260306,1.0513,2.2651,,11546813.9884,
002843.SZ,20260306,32.8393,57.2316,,703103.0107,
603803.SH,20260306,1.6895,2.9973,,433806.1117,
600617.SH,20260306,4.1647,10.5987,,663641.9709,
001395.SZ,20260306,1.3327,1.5874,,373736.16,
600382.SH,20260306,4.2738,7.0099,,639549.85,
603725.SH,20260306,2.0106,3.3357,,311259.6913,
300689.SZ,20260306,2.1266,4.3554,,552683.6,
002046.SZ,20260306,4.1387,8.2171,,2791805.143,
000598.SZ,20260306,1.0847,2.5327,,2109694.1657,
920374.BJ,20260306,1.1641,1.3365,,186024.076,
002706.SZ,20260306,5.2851,5.8756,,1320795.0235,
000488.SZ,20260306,2.773,3.8043,,729481.1376,
603608.SH,20260306,6.4412,9.4797,,524646.3375,
002064.SZ,20260306,1.0602,3.1959,,5984827.9398,
002045.SZ,20260306,1.1254,1.5007,,733478.0041,
603223.SH,20260306,1.6715,4.3373,,691333.0605,
920976.BJ,20260306,2.8302,4.4477,,221587.4682,
600267.SH,20260306,1.3961,2.2453,,1243205.5793,
001914.SZ,20260306,1.1695,3.1499,,1126426.5282,
920247.BJ,20260306,1.1822,2.9172,,373222.1293,
603171.SH,20260306,1.7135,6.7082,,2360458.105,
002835.SZ,20260306,2.2348,2.9395,,368749.8041,
920770.BJ,20260306,2.9056,3.4066,,234237.915,
688080.SH,20260306,1.694,2.3474,,428678.6882,
688077.SH,20260306,1.9272,3.1838,,389112.4351,
688178.SH,20260306,2.9852,6.1786,,224054.3168,
688396.SH,20260306,1.0335,3.0589,,6790312.8708,
002531.SZ,20260306,3.0364,6.166,,1917269.5281,
603533.SH,20260306,6.4581,11.1288,,1199943.9469,
300298.SZ,20260306,0.7309,1.1304,,960858.4298,
001220.SZ,20260306,6.6429,6.6429,,382080.6,
600452.SH,20260306,7.3355,12.5711,,2389322.272,
688516.SH,20260306,2.7387,4.9591,,2490790.7458,
920821.BJ,20260306,1.6951,3.146,,322383.2247,
600206.SH,20260306,3.5635,5.3256,,1986014.1169,
000559.SZ,20260306,2.1151,5.8367,,5931176.2563,
002981.SZ,20260306,1.7721,4.7763,,400497.053,
301053.SZ,20260306,1.9209,5.7078,,288531.9815,
603093.SH,20260306,2.8792,12.5048,,1601244.2363,
600269.SH,20260306,0.879,1.9263,,1158361.8789,
300875.SZ,20260306,13.7822,24.4641,,511453.4294,
300557.SZ,20260306,4.7012,8.9717,,493261.8101,
300691.SZ,20260306,7.1887,9.5715,,481059.1936,
300563.SZ,20260306,2.5432,2.9177,,630192.38,
301357.SZ,20260306,11.1595,11.1595,,1257116.0,
002725.SZ,20260306,7.9525,11.3051,,424704.0,
000010.SZ,20260306,8.6442,10.3651,,506996.6608,
603218.SH,20260306,1.6102,3.9577,,1487812.765,
301312.SZ,20260306,15.6059,25.7089,,1096684.5386,
600036.SH,20260306,0.2259,0.3976,,98861794.7559,
603790.SH,20260306,1.7575,4.5125,,500980.48,
600853.SH,20260306,2.1854,3.9071,,420823.1746,
002596.SZ,20260306,3.364,4.6745,,478541.076,
603658.SH,20260306,0.3334,1.1522,,1999986.688,
002912.SZ,20260306,1.6304,2.4616,,520622.848,
002227.SZ,20260306,3.7103,7.9836,,266887.2451,
002932.SZ,20260306,1.4269,1.7619,,429931.2495,
002597.SZ,20260306,2.3877,4.3014,,1517414.0743,
920751.BJ,20260306,0.6641,1.0565,,213392.02,
601869.SH,20260306,3.3818,12.7622,,17650936.9026,
920091.BJ,20260306,5.2386,5.2386,,369344.3868,
600777.SH,20260306,0.6516,2.5994,,3284639.4835,
600759.SH,20260306,23.5763,26.8731,,3418783.6467,
603059.SH,20260306,1.3076,4.6516,,331782.0561,
600096.SH,20260306,5.7127,9.2675,,7778701.4492,
601811.SH,20260306,0.3458,2.3775,,1668153.032,
600355.SH,20260306,7.7636,9.0996,,52161.4552,
300534.SZ,20260306,3.1355,5.0286,,296671.41,
300525.SZ,20260306,2.103,2.2155,,870704.5927,
300763.SZ,20260306,4.8168,7.2527,,3539135.8563,
000088.SZ,20260306,1.2959,2.9592,,2402161.3059,
300548.SZ,20260306,8.4269,10.4205,,4372712.5803,
001336.SZ,20260306,3.7786,7.0782,,223277.583,
002072.SZ,20260306,1.8187,3.5035,,281642.88,
000155.SZ,20260306,1.7627,2.9116,,2621559.0456,
600327.SH,20260306,1.4487,2.6201,,367183.5,
600859.SH,20260306,1.1118,1.6636,,1492580.9311,
601718.SH,20260306,2.0147,4.1078,,1482763.631,
002311.SZ,20260306,0.6143,1.3582,,9233812.3335,
688001.SH,20260306,2.1274,10.7683,,1460593.6241,
600266.SH,20260306,1.6885,3.0987,,1114674.2633,
688750.SH,20260306,2.4651,3.5541,,954137.5,
603655.SH,20260306,1.6551,5.1149,,416474.0,
603267.SH,20260306,4.0872,6.4985,,1385561.0284,
603008.SH,20260306,1.205,1.8935,,704911.7206,
920118.BJ,20260306,4.5062,5.3395,,125204.16,
301359.SZ,20260306,3.1886,5.535,,264988.08,
603153.SH,20260306,1.1252,1.9374,,672582.0749,
002555.SZ,20260306,1.8434,2.0962,,5103632.3301,
300830.SZ,20260306,23.6297,28.6028,,644491.346,
300414.SZ,20260306,4.0674,7.1206,,525543.3792,
000415.SZ,20260306,1.3342,2.0376,,3116998.7261,
000429.SZ,20260306,0.424,1.1099,,2577963.9534,
601952.SH,20260306,1.8847,5.8611,,1383512.0,
300192.SZ,20260306,1.6001,2.4258,,650716.3614,
300693.SZ,20260306,9.4529,9.9339,,1445429.4981,
301292.SZ,20260306,5.7466,5.7466,,1195967.7363,
688110.SH,20260306,6.5801,10.0414,,6382990.7572,
002005.SZ,20260306,0.4486,0.7015,,529232.3071,
002151.SZ,20260306,3.928,4.2454,,2270453.4382,
300393.SZ,20260306,10.2462,12.8008,,1319538.7305,
300675.SZ,20260306,2.1792,3.8136,,231586.7193,
000557.SZ,20260306,0.8706,1.6655,,735020.8664,
688500.SH,20260306,3.609,5.4545,,390789.9249,
002255.SZ,20260306,6.2507,6.5745,,1089285.0631,
002059.SZ,20260306,1.1895,2.7079,,517354.1894,
301006.SZ,20260306,2.1518,3.3722,,260035.76,
002793.SZ,20260306,1.303,2.1011,,522042.4733,
688025.SH,20260306,6.4137,9.8682,,2441059.2815,
920252.BJ,20260306,2.3274,3.8836,,296557.7712,
002830.SZ,20260306,5.1075,7.6319,,304681.9,
601515.SH,20260306,1.2654,2.5167,,877558.626,
002696.SZ,20260306,3.2237,5.8192,,268777.1153,
002900.SZ,20260306,1.983,3.3473,,376778.2691,
002741.SZ,20260306,2.4755,3.5933,,973291.6948,
603656.SH,20260306,1.2934,2.2888,,409248.7658,
600844.SH,20260306,14.9604,20.9699,,355783.484,
600033.SH,20260306,1.3444,3.0491,,1045616.4,
688398.SH,20260306,1.2368,2.3427,,407284.8231,
300498.SZ,20260306,1.8344,2.0311,,11165289.9473,
601168.SH,20260306,1.8679,2.7045,,7527897.0,
301388.SZ,20260306,47.2882,47.2884,,402619.068,
688133.SH,20260306,1.3093,1.8239,,375409.6185,
002648.SZ,20260306,3.1036,6.2606,,9065025.5518,
603012.SH,20260306,3.301,4.2454,,535948.5,
002488.SZ,20260306,4.3916,6.1682,,1307011.4923,
002345.SZ,20260306,1.645,2.6481,,966701.8252,
300087.SZ,20260306,4.4632,7.7664,,867755.8839,
688620.SH,20260306,1.9403,1.9403,,441000.0,
688683.SH,20260306,0.8054,1.8019,,602022.4786,
600283.SH,20260306,1.0697,2.5544,,532783.6531,
600063.SH,20260306,1.9792,2.9645,,1466996.4723,
002961.SZ,20260306,5.3498,18.1458,,1296305.0709,
002670.SZ,20260306,3.2191,9.3189,,3109681.0374,
920146.BJ,20260306,1.1481,1.5106,,107722.3735,
688076.SH,20260306,1.6911,2.6961,,1065726.9967,
300519.SZ,20260306,2.0137,3.0717,,256480.0,
300468.SZ,20260306,11.3037,14.1353,,1966586.2132,
300123.SZ,20260306,4.3675,5.0246,,771484.7629,
920924.BJ,20260306,2.9587,3.6501,,238412.823,
300188.SZ,20260306,1.3598,2.3125,,1174046.0055,
603118.SH,20260306,5.7764,10.0868,,971499.085,
300781.SZ,20260306,4.2986,6.8519,,647179.1903,
002999.SZ,20260306,4.1276,6.4378,,270774.168,
603021.SH,20260306,3.2552,5.4999,,229722.7143,
000936.SZ,20260306,1.458,2.3754,,697292.1421,
605287.SH,20260306,6.3261,12.3678,,618800.0,
002593.SZ,20260306,2.469,3.4897,,468649.2309,
688589.SH,20260306,1.7854,2.2651,,345881.4754,
000032.SZ,20260306,1.7464,3.131,,2303979.9737,
600518.SH,20260306,1.0075,1.3503,,2599832.5777,
603036.SH,20260306,2.1021,2.7112,,427050.4898,
920018.BJ,20260306,8.6074,8.6074,,418532.2769,
600178.SH,20260306,1.4573,2.9701,,570966.8211,
002474.SZ,20260306,2.8162,2.9659,,523270.2,
300238.SZ,20260306,4.6214,6.2925,,420006.6304,
002162.SZ,20260306,7.9929,16.6868,,538944.7655,
920693.BJ,20260306,3.5007,5.7472,,243908.5,
002554.SZ,20260306,8.1276,12.7753,,600174.0324,
300268.SZ,20260306,0.6033,0.8615,,250499.6,
600202.SH,20260306,2.9342,4.4477,,248404.7555,
600675.SH,20260306,0.5421,1.9378,,1674779.4867,
603018.SH,20260306,1.2895,1.2895,,542250.5476,
301187.SZ,20260306,0.5629,1.9586,,578699.1018,
002795.SZ,20260306,6.7386,9.4291,,347608.005,
300575.SZ,20260306,8.263,9.3754,,341526.5584,
300247.SZ,20260306,2.1958,2.5698,,397195.9146,
603038.SH,20260306,0.8844,1.5199,,443854.5791,
002030.SZ,20260306,1.1611,1.6982,,863119.3097,
600157.SH,20260306,5.5652,6.825,,4058104.131,
001208.SZ,20260306,11.1206,11.3015,,1430543.3181,
002772.SZ,20260306,2.9919,4.6904,,716878.9975,
603212.SH,20260306,3.7739,5.9422,,631736.4784,
920099.BJ,20260306,5.6991,7.5685,,279574.3929,
002394.SZ,20260306,3.6096,6.0667,,508532.7,
002723.SZ,20260306,5.271,7.6099,,323708.7792,
300050.SZ,20260306,2.0208,2.4519,,332356.498,
603819.SH,20260306,1.6874,3.3783,,276299.6073,
920656.BJ,20260306,1.3892,1.7991,,172600.0,
000612.SZ,20260306,4.7556,6.302,,1735842.3177,
301101.SZ,20260306,1.0212,2.5491,,782471.4843,
605337.SH,20260306,1.3733,3.534,,449397.8185,
300239.SZ,20260306,2.0822,2.8511,,350822.2884,
601333.SH,20260306,1.1838,2.2135,,2210063.544,
688678.SH,20260306,3.3359,5.0035,,693343.1817,
301391.SZ,20260306,1.5494,4.3911,,771615.2801,
300583.SZ,20260306,1.4392,2.688,,277344.5082,
300636.SZ,20260306,1.477,1.856,,343940.2744,
002952.SZ,20260306,18.6092,46.5153,,429420.42,
601969.SH,20260306,2.8245,12.5126,,2455847.1005,
000411.SZ,20260306,1.2349,2.4959,,661045.3504,
603238.SH,20260306,0.9269,2.3228,,314723.457,
603386.SH,20260306,2.5974,6.1054,,479367.8406,
000859.SZ,20260306,4.0594,5.7266,,953318.7523,
688360.SH,20260306,0.5511,1.0707,,485819.5186,
688737.SH,20260306,1.7946,2.8562,,330954.5609,
300286.SZ,20260306,6.499,9.0989,,802761.6807,
603883.SH,20260306,0.7633,1.4597,,1083695.257,
300517.SZ,20260306,3.3,4.1317,,247711.0526,
600638.SH,20260306,1.4916,2.3829,,460603.4016,
300417.SZ,20260306,4.1841,5.0415,,192290.8128,
002756.SZ,20260306,3.6834,4.2039,,3713331.4075,
920245.BJ,20260306,0.605,1.2591,,138748.44,
688022.SH,20260306,2.1239,2.8792,,283515.8583,
002404.SZ,20260306,2.8205,4.3018,,399316.7487,
600057.SH,20260306,0.6157,1.4057,,2371892.0981,
000921.SZ,20260306,0.5527,1.3582,,3205953.6109,
002496.SZ,20260306,3.2968,3.6525,,313578.6528,
601018.SH,20260306,0.3162,2.0051,,8268115.0696,
600749.SH,20260306,2.7084,4.9303,,370861.6548,
002657.SZ,20260306,1.8938,2.0688,,862031.8073,
001259.SZ,20260306,3.5394,6.9799,,256162.9191,
000981.SZ,20260306,3.0924,5.3702,,4568844.1958,
301032.SZ,20260306,15.1982,27.5536,,364834.8342,
000408.SZ,20260306,0.9471,2.1278,,12624614.9898,
600117.SH,20260306,0.7516,2.0647,,957003.768,
000601.SZ,20260306,5.4328,7.7211,,653506.8009,
600919.SH,20260306,0.4461,0.6179,,19360647.3085,
300980.SZ,20260306,6.8987,8.1294,,512636.0802,
605266.SH,20260306,1.1596,2.3032,,310631.2853,
603326.SH,20260306,1.0186,3.1864,,312793.3914,
688236.SH,20260306,0.6335,3.4461,,792068.9525,
002241.SZ,20260306,1.442,1.848,,8991755.5476,
603092.SH,20260306,2.6318,2.6318,,2684000.671,
300775.SZ,20260306,7.6564,10.8978,,2250423.3568,
300043.SZ,20260306,2.0236,2.9648,,734077.0566,
603685.SH,20260306,1.9747,3.9109,,731019.0046,
000735.SZ,20260306,4.2229,5.3752,,893574.5365,
603303.SH,20260306,0.6007,2.497,,732109.9226,
002099.SZ,20260306,2.1524,3.5745,,1214036.4398,
920726.BJ,20260306,2.8669,5.8207,,209440.2,
300997.SZ,20260306,1.4275,5.2409,,941442.9182,
600548.SH,20260306,0.2342,1.455,,2278994.802,
920080.BJ,20260306,1.5632,1.5632,,220946.0,
600381.SH,20260306,0.6174,1.0608,,174944.1008,
600602.SH,20260306,6.8127,12.1573,,2768171.0729,
002707.SZ,20260306,1.8538,2.4135,,685935.093,
000603.SZ,20260306,3.1745,5.3584,,3288393.903,
301002.SZ,20260306,5.494,6.9313,,569837.5912,
000042.SZ,20260306,0.8372,1.7956,,578403.0909,
601069.SH,20260306,2.6645,8.8642,,3371607.7542,
002205.SZ,20260306,2.6564,3.8061,,275977.1936,
301066.SZ,20260306,2.3488,4.6874,,365775.2838,
301238.SZ,20260306,0.6653,2.287,,1448333.2675,
600980.SH,20260306,2.0811,3.9358,,469562.808,
600252.SH,20260306,1.5582,2.2344,,818329.909,
002136.SZ,20260306,9.922,14.6301,,309198.76,
300199.SZ,20260306,4.0502,4.3155,,1519175.0979,
603080.SH,20260306,4.1386,7.7999,,345401.5,
002827.SZ,20260306,1.2611,2.9866,,1010109.716,
688433.SH,20260306,1.5729,2.6653,,4159911.4272,
603868.SH,20260306,0.148,1.4782,,1575129.6,
603506.SH,20260306,1.2828,3.3121,,250307.7794,
688358.SH,20260306,1.3839,4.6862,,362502.1068,
605277.SH,20260306,2.1598,4.6916,,749059.9069,
605167.SH,20260306,1.8238,4.8816,,837066.48,
603650.SH,20260306,1.1052,2.8328,,3463759.0186,
920469.BJ,20260306,1.2528,1.6877,,141368.838,
300804.SZ,20260306,13.5124,13.5124,,338254.0,
601696.SH,20260306,1.508,2.8857,,3819750.0,
001356.SZ,20260306,1.3226,1.9472,,708951.96,
002582.SZ,20260306,4.3652,4.9096,,513520.951,
300822.SZ,20260306,1.3313,4.1348,,495965.6304,
601188.SH,20260306,1.9458,3.9226,,471274.6393,
300983.SZ,20260306,1.2606,2.7255,,496108.8,
301122.SZ,20260306,2.3147,3.9571,,403288.4257,
002010.SZ,20260306,0.9921,2.4138,,1785563.9666,
601611.SH,20260306,4.1502,12.4816,,4990909.4551,
600693.SH,20260306,2.6977,6.7547,,1126450.8886,
002940.SZ,20260306,2.3946,4.0631,,619910.7156,
000039.SZ,20260306,3.4316,4.4458,,7225977.3159,
002508.SZ,20260306,0.6746,1.421,,1931455.1443,
603020.SH,20260306,0.8874,1.3447,,403549.376,
688809.SH,20260306,12.8036,12.8036,,4872595.7137,
300515.SZ,20260306,1.1683,2.3043,,403278.82,
688562.SH,20260306,2.4272,2.4272,,837600.0,
301338.SZ,20260306,10.3768,16.867,,2053520.0,
000911.SZ,20260306,4.8102,10.2802,,276220.6744,
002980.SZ,20260306,26.7014,42.7799,,651539.9904,
600425.SH,20260306,1.8215,2.9905,,741373.1126,
002606.SZ,20260306,19.4447,26.9877,,612068.0687,
920703.BJ,20260306,2.2885,3.5666,,228045.412,
002543.SZ,20260306,0.618,1.6926,,669240.0,
002642.SZ,20260306,1.8587,2.3537,,547126.9189,
688123.SH,20260306,3.543,4.6446,,2084429.6495,
688777.SH,20260306,1.9595,2.5332,,5874582.238,
301339.SZ,20260306,1.9443,1.9443,,800859.9816,
603808.SH,20260306,1.7832,4.0243,,368723.7851,
688280.SH,20260306,4.8586,5.8263,,628586.0754,
920160.BJ,20260306,3.6153,3.6153,,282973.44,
600048.SH,20260306,1.29,2.1762,,7816699.552,
000881.SZ,20260306,1.4711,2.5097,,812120.7751,
300335.SZ,20260306,23.1664,25.444,,342971.907,
300811.SZ,20260306,3.2823,5.0294,,2423889.5754,
603262.SH,20260306,1.1917,1.1917,,1062826.57,
002811.SZ,20260306,3.763,8.0063,,474273.8077,
301499.SZ,20260306,18.1568,18.1568,,468683.9957,
002667.SZ,20260306,15.1022,19.1673,,695518.7135,
002523.SZ,20260306,2.8207,4.1498,,645988.2048,
600272.SH,20260306,1.7848,3.2191,,347751.1752,
600969.SH,20260306,3.5954,5.6551,,390033.2101,
300439.SZ,20260306,1.2808,1.6867,,392389.5101,
600022.SH,20260306,1.4526,3.5169,,1818804.4242,
688146.SH,20260306,3.3767,3.3767,,2410411.766,
688698.SH,20260306,2.3812,5.5619,,1622506.6497,
603363.SH,20260306,5.8016,8.9822,,1132288.3943,
300007.SZ,20260306,3.6104,4.0122,,1602846.305,
000595.SZ,20260306,0.6979,1.3108,,705966.9469,
300856.SZ,20260306,0.917,2.3128,,639323.6277,
603283.SH,20260306,3.9338,6.4206,,1260959.2535,
603381.SH,20260306,7.4491,10.469,,618052.7292,
002340.SZ,20260306,3.4595,3.782,,4623620.1573,
688330.SH,20260306,6.1144,11.9149,,718760.0,
002927.SZ,20260306,12.9791,26.6746,,492361.9491,
301392.SZ,20260306,15.7976,15.7976,,1155500.0,
002014.SZ,20260306,0.5673,1.3411,,730090.3043,
300902.SZ,20260306,2.4171,3.6834,,360334.2774,
001213.SZ,20260306,0.5965,3.4682,,1888888.8887,
002851.SZ,20260306,3.4848,4.0163,,7464075.1084,
300447.SZ,20260306,8.0009,10.2326,,667094.961,
002761.SZ,20260306,1.6159,2.8414,,1103617.7179,
600072.SH,20260306,3.0904,4.2956,,1998865.4124,
002343.SZ,20260306,2.1004,2.8725,,323997.3156,
002334.SZ,20260306,9.8121,10.0482,,838372.6714,
600745.SH,20260306,4.9425,6.8793,,4065032.2595,
000777.SZ,20260306,3.9753,5.4641,,971196.7631,
920651.BJ,20260306,2.6058,2.6058,,214110.0,
600740.SH,20260306,3.3614,7.808,,1232380.2751,
000811.SZ,20260306,3.6044,5.7156,,2098098.4603,
920576.BJ,20260306,2.2389,8.7533,,795335.0,
603151.SH,20260306,2.0936,4.4947,,324708.111,
002785.SZ,20260306,5.1036,6.1802,,1020241.8669,
300209.SZ,20260306,10.335,11.1227,,808842.0657,
600037.SH,20260306,1.0523,1.6972,,1066101.8591,
920262.BJ,20260306,0.9368,1.6003,,162625.6773,
002247.SZ,20260306,4.0793,5.099,,258664.4949,
688232.SH,20260306,0.8698,2.4072,,791109.7126,
601689.SH,20260306,0.8075,1.941,,11141263.9034,
300705.SZ,20260306,1.2824,1.7664,,750936.9801,
002624.SZ,20260306,2.1441,2.9136,,3918736.1761,
000987.SZ,20260306,0.7427,2.9068,,4635830.3949,
002265.SZ,20260306,0.7547,3.4383,,2452437.9262,
603901.SH,20260306,0.9025,1.8155,,699125.5187,
001366.SZ,20260306,6.764,6.764,,232986.0,
601608.SH,20260306,1.0842,3.0437,,3343074.009,
000886.SZ,20260306,1.641,2.2485,,624939.4856,
601968.SH,20260306,0.6186,1.3373,,751434.1019,
000801.SZ,20260306,1.6483,3.2247,,1675919.5276,
601021.SH,20260306,0.669,1.5153,,4926887.1182,
000665.SZ,20260306,1.4142,2.3913,,603826.3818,
688545.SH,20260306,4.033,4.6742,,1956600.0,
688295.SH,20260306,0.4252,2.4904,,2730600.0,
688626.SH,20260306,1.9941,5.2763,,1023680.0,
688775.SH,20260306,2.0003,2.0003,,8489170.0,
300900.SZ,20260306,13.1129,13.7233,,1274248.3377,
603798.SH,20260306,1.9553,4.1582,,391342.1659,
600862.SH,20260306,2.5212,4.5445,,3702724.5264,
300159.SZ,20260306,0.9461,1.0558,,1033192.2037,
000034.SZ,20260306,4.4535,4.7579,,2796112.3548,
600721.SH,20260306,2.4441,3.2407,,345708.3239,
002608.SZ,20260306,0.552,3.1413,,3128249.9949,
920509.BJ,20260306,1.2241,1.7888,,540550.8069,
600641.SH,20260306,2.1728,3.1095,,1671411.3363,
600993.SH,20260306,0.7739,1.1822,,1137120.1645,
688790.SH,20260306,3.0869,3.0869,,1419620.4659,
300726.SZ,20260306,2.9744,4.9892,,2065788.6625,
603124.SH,20260306,8.404,8.404,,1518810.7188,
301382.SZ,20260306,4.7666,5.4912,,1005576.1325,
301515.SZ,20260306,2.5092,3.0429,,251700.0,
300279.SZ,20260306,4.8215,6.545,,504750.6737,
301529.SZ,20260306,4.5046,5.3389,,994292.1012,
300619.SZ,20260306,3.6274,4.4939,,746806.5321,
300562.SZ,20260306,3.0846,3.3478,,308682.5275,
300958.SZ,20260306,3.8959,4.158,,225387.2006,
603888.SH,20260306,1.3499,3.5734,,1443264.9414,
300802.SZ,20260306,3.108,4.2996,,600257.3528,
000401.SZ,20260306,0.7223,2.0001,,1355690.5568,
600191.SH,20260306,2.9621,6.3467,,647869.152,
300355.SZ,20260306,3.802,4.0689,,689824.0948,
920299.BJ,20260306,19.6418,28.2162,,268075.0961,
300476.SZ,20260306,3.4006,4.9335,,24291123.0366,
300416.SZ,20260306,2.1125,3.0266,,896061.2342,
600250.SH,20260306,2.2807,4.8162,,350326.3725,
605358.SH,20260306,1.7408,2.3314,,2517665.235,
603682.SH,20260306,2.364,5.6285,,346342.5,
605289.SH,20260306,4.5143,9.1007,,1429633.3625,
301518.SZ,20260306,8.1485,8.2785,,682542.9644,
688298.SH,20260306,0.6473,1.2583,,469123.2,
603505.SH,20260306,1.2494,2.7576,,1767504.5073,
600573.SH,20260306,2.8582,5.7253,,302750.0,
300249.SZ,20260306,17.5018,21.9363,,787592.5333,
000059.SZ,20260306,3.4088,6.4361,,977259.3901,
600830.SH,20260306,1.2202,1.7807,,438421.4509,
688061.SH,20260306,1.4993,1.4993,,398206.6292,
600868.SH,20260306,3.7553,4.0439,,734583.5388,
605168.SH,20260306,1.3226,2.868,,745238.0455,
920971.BJ,20260306,1.3108,2.5457,,298344.8377,
002202.SZ,20260306,7.3293,10.8831,,12025126.278,
300456.SZ,20260306,4.6645,5.0423,,3647885.8336,
000657.SZ,20260306,5.016,8.1493,,14961316.4904,
603395.SH,20260306,9.4178,9.4178,,827320.0,
688027.SH,20260306,4.0124,5.2632,,7199035.738,
603429.SH,20260306,1.2567,2.1318,,471512.433,
300917.SZ,20260306,2.6622,5.9824,,628680.0,
301266.SZ,20260306,3.6728,8.338,,538019.3618,
688399.SH,20260306,1.2515,2.0881,,500881.9178,
603737.SH,20260306,0.3658,1.1091,,3637440.1419,
601158.SH,20260306,0.2114,1.8484,,2208010.6154,
603897.SH,20260306,5.653,13.5707,,709932.307,
600539.SH,20260306,6.3768,10.6221,,273010.0,
001299.SZ,20260306,4.4386,14.8454,,333385.4446,
002406.SZ,20260306,2.0312,2.2489,,591482.3164,
300121.SZ,20260306,3.1075,4.498,,621101.4049,
003011.SZ,20260306,5.5565,7.2819,,281126.888,
688334.SH,20260306,5.8311,9.1505,,807277.6383,
000021.SZ,20260306,7.618,11.5901,,5089101.5173,
688371.SH,20260306,0.2668,0.6614,,687382.8574,
603360.SH,20260306,1.1551,2.6127,,1930109.2464,
002928.SZ,20260306,1.8997,3.4588,,1247563.7528,
688515.SH,20260306,4.0857,4.6004,,1039600.0,
000875.SZ,20260306,3.9371,5.5878,,2876425.6064,
600521.SH,20260306,1.5474,2.563,,2394106.1655,
300215.SZ,20260306,14.3798,23.7912,,800032.5917,
001306.SZ,20260306,2.7118,2.7118,,470122.488,
300884.SZ,20260306,3.431,4.2518,,379524.9159,
688488.SH,20260306,2.0816,3.7692,,712806.0768,
002663.SZ,20260306,4.4107,5.3372,,404986.992,
600221.SH,20260306,1.1393,1.9688,,6784854.308,
002572.SZ,20260306,1.3142,1.5631,,1249072.1717,
002112.SZ,20260306,34.531,47.3008,,738857.7804,
600187.SH,20260306,2.8367,3.6046,,340507.8127,
002759.SZ,20260306,5.8405,7.1612,,1698182.8831,
000716.SZ,20260306,1.4081,2.1986,,441942.9374,
688526.SH,20260306,0.4602,1.6921,,746737.1457,
000301.SZ,20260306,0.6029,1.8375,,8548320.7999,
920002.BJ,20260306,1.282,2.0788,,419673.8739,
002164.SZ,20260306,1.6015,2.5312,,692357.9694,
301077.SZ,20260306,1.8678,3.1046,,490677.7448,
300248.SZ,20260306,1.8569,1.9443,,576857.9039,
605298.SH,20260306,3.4106,12.1925,,960477.05,
603948.SH,20260306,1.6983,6.2238,,473980.9001,
002796.SZ,20260306,10.235,14.8989,,1509154.349,
600655.SH,20260306,0.3653,0.7882,,1926766.8451,
600307.SH,20260306,1.167,2.8322,,1183774.5531,
601006.SH,20260306,0.6865,1.345,,10456385.2346,
603828.SH,20260306,0.3342,0.6717,,408828.6684,
603955.SH,20260306,0.7801,1.283,,392773.68,
002763.SZ,20260306,1.3486,2.4915,,326709.428,
603711.SH,20260306,0.504,2.7242,,534671.9595,
600982.SH,20260306,2.4598,5.0097,,566637.1349,
300921.SZ,20260306,6.9039,8.2671,,486144.3531,
920275.BJ,20260306,1.0378,2.8112,,138817.8896,
300953.SZ,20260306,3.7977,5.0756,,2580307.7709,
600246.SH,20260306,2.3366,3.1826,,2113970.3739,
600739.SH,20260306,0.7719,1.3791,,1854008.297,
300790.SZ,20260306,6.7557,6.9521,,1027330.7218,
300054.SZ,20260306,1.7243,1.9033,,4046134.0581,
688049.SH,20260306,2.0796,2.7416,,883195.2913,
301069.SZ,20260306,1.9015,3.1089,,1044566.5978,
688130.SH,20260306,2.4052,3.791,,283610.5065,
688319.SH,20260306,1.9284,2.8616,,1157893.2006,
688395.SH,20260306,0.9752,2.4368,,231475.7056,
600963.SH,20260306,2.9853,5.2938,,1077389.0945,
600599.SH,20260306,0.6023,1.505,,73206.0,
688720.SH,20260306,3.1833,3.1833,,612967.338,
600284.SH,20260306,0.6697,1.063,,746126.864,
000651.SZ,20260306,0.4835,0.6427,,20949257.4713,
001298.SZ,20260306,2.212,2.3448,,901040.8873,
688510.SH,20260306,4.2358,5.6922,,1043540.4068,
301528.SZ,20260306,1.4279,2.1639,,396531.4,
301167.SZ,20260306,3.7612,3.7612,,201712.0,
001286.SZ,20260306,1.7652,2.7138,,4091250.0,
600203.SH,20260306,2.2292,3.0137,,714550.6388,
000852.SZ,20260306,6.0195,12.6116,,831691.8894,
002390.SZ,20260306,1.6619,2.8968,,647302.672,
300708.SZ,20260306,33.321,36.7633,,1105103.1245,
301171.SZ,20260306,4.6696,5.6655,,2426437.3235,
301662.SZ,20260306,6.5416,6.5416,,1452640.0,
001309.SZ,20260306,10.8222,12.0393,,6150239.4797,
603416.SH,20260306,1.0479,2.0217,,825449.2391,
000550.SZ,20260306,0.5113,1.6135,,1560690.912,
300173.SZ,20260306,1.3114,1.6552,,344586.3524,
002455.SZ,20260306,19.6707,20.2611,,770158.9136,
600512.SH,20260306,2.7189,3.3224,,401640.3667,
601877.SH,20260306,2.7675,5.8915,,7628839.8648,
600126.SH,20260306,4.5711,12.0906,,3063110.4983,
300151.SZ,20260306,2.7353,3.1713,,939345.5708,
000726.SZ,20260306,1.3915,1.8267,,618701.3384,
002813.SZ,20260306,1.0837,3.1783,,324480.0,
002274.SZ,20260306,3.1062,5.179,,639989.0421,
601228.SH,20260306,0.58,3.2399,,2693397.6923,
601326.SH,20260306,0.6488,2.7969,,1989118.672,
300587.SZ,20260306,1.9328,2.3143,,839979.9117,
688070.SH,20260306,3.4663,7.8933,,541244.4,
002997.SZ,20260306,0.8612,1.4695,,688876.4806,
002170.SZ,20260306,7.0672,7.7554,,1404089.1076,
300075.SZ,20260306,1.1899,1.2432,,857159.618,
000820.SZ,20260306,0.936,0.9616,,220475.316,
000901.SZ,20260306,2.9713,4.5646,,2034615.3839,
300264.SZ,20260306,8.6183,9.1118,,446368.3886,
688456.SH,20260306,2.4428,3.8354,,638545.6,
300796.SZ,20260306,3.6162,5.1005,,361504.0149,
601020.SH,20260306,4.6042,6.0615,,2859216.9019,
603578.SH,20260306,3.0552,7.0415,,280094.4707,
000838.SZ,20260306,3.3664,5.0566,,282818.7777,
603052.SH,20260306,3.7846,11.4517,,1102957.0453,
920168.BJ,20260306,22.3978,22.3978,,182220.3216,
300748.SZ,20260306,2.4801,4.2757,,4947994.7013,
001326.SZ,20260306,7.955,9.1526,,481290.0,
001279.SZ,20260306,1.5668,1.5668,,527680.0,
002126.SZ,20260306,5.1121,5.4262,,4593047.8817,
301479.SZ,20260306,14.4981,14.4981,,834672.7542,
920735.BJ,20260306,3.4912,5.0981,,411779.1249,
600366.SH,20260306,2.6183,3.9626,,1485903.501,
600350.SH,20260306,0.1741,1.3168,,4646022.5628,
688320.SH,20260306,1.2644,1.8323,,506499.8425,
688819.SH,20260306,0.3141,2.2638,,3027119.4,
688170.SH,20260306,9.1081,12.861,,559901.12,
600601.SH,20260306,1.6749,2.6895,,4572904.8891,
603778.SH,20260306,14.6811,20.1878,,1123514.6673,
603927.SH,20260306,1.0028,1.5071,,1504182.4,
920111.BJ,20260306,7.0556,11.2116,,408832.1075,
603107.SH,20260306,0.8875,1.34,,501954.48,
000006.SZ,20260306,2.9561,4.6916,,1232545.477,
600635.SH,20260306,7.7632,10.6099,,1972226.3629,
000797.SZ,20260306,1.4277,3.1649,,485363.0531,
002251.SZ,20260306,2.3907,3.1055,,1252934.0551,
605005.SH,20260306,0.7409,4.735,,801198.0,
002842.SZ,20260306,22.4167,27.0358,,1407168.587,
301408.SZ,20260306,6.2176,8.2794,,769619.24,
600390.SH,20260306,0.9862,1.8631,,2545905.0498,
688617.SH,20260306,0.5541,0.9761,,3256524.8615,
603369.SH,20260306,0.4251,0.7872,,3680553.7092,
300657.SZ,20260306,6.2819,7.6487,,1533079.6368,
603409.SH,20260306,1.6329,1.6329,,452321.67,
600992.SH,20260306,2.3635,3.0878,,343371.09,
603500.SH,20260306,1.676,3.5681,,396685.9732,
600354.SH,20260306,31.6808,44.3446,,402712.987,
605006.SH,20260306,3.5497,11.0093,,559816.682,
300512.SZ,20260306,1.1986,3.186,,426834.5821,
300191.SZ,20260306,16.0162,20.6946,,1461440.0,
300807.SZ,20260306,1.534,2.3309,,357616.0693,
300582.SZ,20260306,3.6265,4.0079,,497361.789,
600895.SH,20260306,1.0194,1.9892,,5971746.9048,
603933.SH,20260306,1.4336,3.9039,,461371.5902,
605566.SH,20260306,1.0783,2.4597,,376418.82,
300219.SZ,20260306,12.7254,19.7886,,585469.2795,
002338.SZ,20260306,1.159,1.9778,,1283280.0,
301396.SZ,20260306,11.7614,11.8945,,1462101.1176,
000783.SZ,20260306,0.7102,1.2358,,4236035.8782,
600193.SH,20260306,2.4906,2.9216,,189290.985,
600690.SH,20260306,0.3941,0.6816,,23312787.3099,
002029.SZ,20260306,1.3862,2.3464,,752260.114,
301197.SZ,20260306,5.4885,7.5955,,273746.34,
300821.SZ,20260306,3.4134,8.2463,,1658400.0,
920425.BJ,20260306,3.1601,4.7192,,162941.2508,
300457.SZ,20260306,1.2843,2.1844,,1603916.058,
920339.BJ,20260306,6.3113,17.4331,,210735.0366,
688291.SH,20260306,1.639,4.998,,477092.1549,
920809.BJ,20260306,2.2912,2.2912,,428320.75,
000960.SZ,20260306,3.1122,5.5367,,6631090.7666,
300651.SZ,20260306,7.7906,9.9975,,423629.064,
601872.SH,20260306,3.0575,9.7154,,13823609.9154,
002526.SZ,20260306,2.884,3.6601,,693506.8022,
300442.SZ,20260306,3.5761,8.8066,,15225544.7261,
688278.SH,20260306,0.4266,1.0819,,2918554.782,
920414.BJ,20260306,5.2673,6.0029,,118426.0339,
000686.SZ,20260306,0.9561,1.666,,2036194.0361,
000893.SZ,20260306,2.3217,3.4461,,5914851.648,
600208.SH,20260306,1.0568,2.4611,,2901548.8128,
000036.SZ,20260306,2.7807,3.9657,,732793.3745,
601139.SH,20260306,2.3186,9.4816,,2028103.411,
300410.SZ,20260306,3.5009,4.4956,,332973.1209,
300301.SZ,20260306,4.6713,5.0502,,262238.531,
300285.SZ,20260306,3.8246,4.0068,,3540518.5097,
300458.SZ,20260306,2.0005,2.3569,,3228246.491,
605090.SH,20260306,2.7919,5.5033,,3255825.5232,
688686.SH,20260306,0.9632,3.4602,,1205486.0572,
002057.SZ,20260306,2.4636,3.682,,853396.3552,
002233.SZ,20260306,0.5388,0.9798,,1127184.4877,
688332.SH,20260306,0.9534,2.5407,,1561987.8864,
301376.SZ,20260306,1.2865,1.7172,,702710.8304,
300488.SZ,20260306,2.8663,7.8495,,641548.8895,
301185.SZ,20260306,1.893,2.641,,312818.4864,
600029.SH,20260306,0.6646,2.1993,,12014172.8129,
000519.SZ,20260306,3.9087,6.6755,,2783725.405,
002379.SZ,20260306,2.2723,2.9501,,39757941.6343,
920009.BJ,20260306,2.7765,2.7765,,410716.85,
300649.SZ,20260306,3.007,3.7307,,196373.8311,
920132.BJ,20260306,8.6529,9.9594,,138481.728,
688418.SH,20260306,4.3949,6.4329,,795250.6384,
605008.SH,20260306,0.367,2.0984,,826185.9275,
603777.SH,20260306,2.4836,6.3351,,418030.2075,
000596.SZ,20260306,0.6068,1.8072,,6024982.8,
600195.SH,20260306,1.9267,3.932,,817939.7563,
600456.SH,20260306,3.0507,6.029,,1926876.8148,
300680.SZ,20260306,3.0252,3.3484,,1028593.5243,
603213.SH,20260306,0.6266,2.6033,,609037.9052,
301567.SZ,20260306,6.13,6.13,,355680.0,
000895.SZ,20260306,0.3221,1.086,,9434272.483,
603882.SH,20260306,1.0697,1.7938,,1322602.3751,
000590.SZ,20260306,2.98,5.2836,,295507.5435,
301380.SZ,20260306,2.1018,3.7555,,353251.2366,
600219.SH,20260306,2.724,5.2288,,8543873.9599,
000731.SZ,20260306,10.2879,11.8427,,430279.5056,
688046.SH,20260306,1.0713,2.184,,630170.0,
600052.SH,20260306,1.1839,1.9385,,366380.5176,
601577.SH,20260306,0.3289,0.563,,3848626.9426,
301035.SZ,20260306,0.7014,2.1575,,2278737.225,
600125.SH,20260306,2.3991,3.4276,,865561.0025,
002535.SZ,20260306,1.4175,2.183,,305441.2512,
002242.SZ,20260306,0.8108,2.4978,,760727.949,
603217.SH,20260306,1.3918,3.6931,,517721.9488,
600308.SH,20260306,2.1324,3.5411,,653771.0459,
605188.SH,20260306,0.6886,3.9373,,878625.0165,
920005.BJ,20260306,0.8015,0.8015,,316313.0,
000656.SZ,20260306,0.9503,1.5708,,1488771.4285,
002931.SZ,20260306,6.5359,12.7028,,1761594.2111,
600391.SH,20260306,11.2381,17.5646,,1672105.2439,
300065.SZ,20260306,17.004,17.5807,,2002992.7082,
600698.SH,20260306,0.8938,1.7167,,862390.6497,
002836.SZ,20260306,1.4045,3.5811,,329241.6,
300673.SZ,20260306,1.6229,2.1148,,415968.4481,
603009.SH,20260306,4.0513,6.728,,1906875.9316,
600662.SH,20260306,0.6501,2.2939,,1283303.0448,
603519.SH,20260306,1.349,2.836,,364602.8116,
300925.SZ,20260306,2.0373,2.3379,,861276.2705,
300153.SZ,20260306,16.8771,26.801,,1262080.0,
688035.SH,20260306,5.6331,13.189,,974912.96,
301025.SZ,20260306,3.8087,9.387,,467161.0698,
002083.SZ,20260306,2.6117,4.3286,,1064022.2495,
301311.SZ,20260306,2.1566,5.9328,,458880.0,
600335.SH,20260306,1.0329,3.3,,969271.0724,
301293.SZ,20260306,14.8962,18.3377,,1590631.5136,
300537.SZ,20260306,3.9871,4.5348,,507255.7178,
300658.SZ,20260306,22.1633,31.7292,,1006944.1817,
002733.SZ,20260306,15.9497,25.455,,924805.2956,
688071.SH,20260306,2.5001,3.4272,,296594.4546,
601665.SH,20260306,0.6831,1.1168,,3495382.5542,
300523.SZ,20260306,0.8877,1.8521,,535299.205,
603197.SH,20260306,0.8839,1.2548,,743108.9374,
000977.SZ,20260306,1.6962,2.5147,,8727156.7607,
300795.SZ,20260306,1.0602,1.3917,,384078.623,
600196.SH,20260306,0.7312,1.2608,,6919082.3811,
002329.SZ,20260306,5.4012,5.8886,,323805.1502,
600757.SH,20260306,0.453,1.037,,1082576.0435,
301598.SZ,20260306,2.6368,2.6368,,377354.5078,
002949.SZ,20260306,2.1583,3.7466,,292889.5328,
601816.SH,20260306,0.2514,0.5009,,24707468.0819,
688329.SH,20260306,1.5291,2.5136,,199870.8,
603050.SH,20260306,2.8179,7.4152,,954656.5298,
603311.SH,20260306,2.7847,5.7278,,381188.3937,
603355.SH,20260306,0.6261,3.2669,,1922597.2239,
000615.SZ,20260306,0.6109,0.7503,,580935.1252,
002420.SZ,20260306,2.0963,2.8359,,338902.96,
300154.SZ,20260306,1.6327,3.4515,,401902.3497,
300719.SZ,20260306,14.6549,17.5586,,472354.0447,
301308.SZ,20260306,6.2251,10.995,,12825845.1702,
688549.SH,20260306,4.2677,4.938,,1474321.448,
300931.SZ,20260306,4.7744,6.7321,,314591.26,
002809.SZ,20260306,10.5602,13.8447,,289485.781,
688103.SH,20260306,1.3805,2.1303,,584474.9587,
600826.SH,20260306,0.7122,1.9181,,825268.642,
002182.SZ,20260306,3.6247,5.2077,,1989533.8553,
001209.SZ,20260306,10.192,23.7507,,279354.2573,
601200.SH,20260306,2.4273,5.5797,,1188721.3116,
300866.SZ,20260306,1.0388,1.493,,5174469.2833,
000729.SZ,20260306,0.8063,1.7624,,3681012.3793,
000538.SZ,20260306,0.3084,0.7042,,10018634.5158,
002134.SZ,20260306,2.8093,3.9812,,555703.6845,
300727.SZ,20260306,2.6855,5.3769,,627955.3231,
000993.SZ,20260306,8.7483,17.6894,,662197.8039,
600315.SH,20260306,1.4259,2.9778,,1386129.9708,
301026.SZ,20260306,5.2375,5.9419,,518822.1294,
000810.SZ,20260306,0.808,1.773,,1273266.506,
301078.SZ,20260306,3.9768,5.8761,,1239762.1715,
000066.SZ,20260306,1.9301,3.2236,,5061278.7691,
300930.SZ,20260306,3.5089,5.6053,,331300.0,
605060.SH,20260306,5.0859,14.2682,,1463521.136,
300903.SZ,20260306,23.3365,28.0298,,1633570.3844,
002042.SZ,20260306,3.826,6.5859,,772109.3352,
002650.SZ,20260306,0.2364,0.4215,,710747.815,
300289.SZ,20260306,1.0499,1.9595,,374279.9031,
600566.SH,20260306,0.2837,0.7346,,2556730.3215,
601886.SH,20260306,0.4322,1.3167,,985711.7922,
001234.SZ,20260306,2.7832,8.4567,,324521.0342,
600529.SH,20260306,0.9794,1.2166,,1315946.7861,
300729.SZ,20260306,0.9559,1.7391,,467667.7959,
601388.SH,20260306,3.446,6.4297,,917909.8309,
600449.SH,20260306,1.8508,3.6316,,641718.9584,
920526.BJ,20260306,0.9886,2.0353,,183263.2,
301365.SZ,20260306,2.0988,4.5907,,456300.0,
600608.SH,20260306,0.5941,0.7329,,103591.3539,
688102.SH,20260306,2.4325,5.3544,,3367038.1063,
688506.SH,20260306,0.3629,1.9583,,10672788.1695,
605007.SH,20260306,4.4653,20.9077,,798750.675,
601678.SH,20260306,11.9826,14.9579,,1203249.2215,
002235.SZ,20260306,13.8401,16.7179,,618403.627,
002688.SZ,20260306,1.9814,2.9597,,473783.5204,
300506.SZ,20260306,1.4113,1.5707,,761268.5678,
688129.SH,20260306,3.5677,12.3381,,298064.5512,
300018.SZ,20260306,8.8793,10.3297,,689661.7967,
001221.SZ,20260306,3.461,3.461,,2658066.45,
601858.SH,20260306,0.8038,4.3829,,1529617.5,
001313.SZ,20260306,1.4152,4.4765,,527100.0,
000702.SZ,20260306,3.302,4.4106,,246103.7131,
001387.SZ,20260306,3.7746,5.0412,,259720.1376,
301007.SZ,20260306,2.1349,2.6057,,554324.1,
300622.SZ,20260306,2.6169,3.0426,,684701.7508,
002829.SZ,20260306,3.8625,4.2847,,563371.2671,
300229.SZ,20260306,3.1717,4.1361,,1812763.4339,
920455.BJ,20260306,2.1589,3.7279,,160237.35,
300360.SZ,20260306,5.4418,8.2757,,956902.2415,
601789.SH,20260306,10.4966,14.3529,,836891.1405,
300115.SZ,20260306,1.853,2.7548,,4824340.6928,
300859.SZ,20260306,2.5939,4.2945,,594115.0,
688551.SH,20260306,5.2804,10.4883,,370583.6853,
688380.SH,20260306,1.9661,4.7557,,1947775.725,
688722.SH,20260306,1.386,2.5331,,421025.3958,
601336.SH,20260306,0.7429,2.2055,,22897472.044,
601615.SH,20260306,1.9132,2.5398,,4575007.8362,
000727.SZ,20260306,7.3003,13.5518,,1222983.0846,
600114.SH,20260306,1.7693,2.3212,,2038105.8638,
002285.SZ,20260306,3.6058,6.8248,,573934.7629,
002882.SZ,20260306,1.3346,2.8714,,1332466.2,
600611.SH,20260306,0.7157,1.0264,,1307359.9438,
002506.SZ,20260306,18.6832,26.3989,,3252775.9334,
002109.SZ,20260306,7.5392,17.6279,,592189.2109,
300035.SZ,20260306,2.2704,2.4121,,1368111.6353,
300012.SZ,20260306,1.3032,1.3804,,2636991.8113,
601601.SH,20260306,0.4233,0.9555,,37750219.8694,
002539.SZ,20260306,4.9065,5.7501,,1871971.8311,
300261.SZ,20260306,3.689,5.6862,,697436.057,
920982.BJ,20260306,0.8383,1.0528,,2135037.3837,
001332.SZ,20260306,10.458,18.0886,,670674.3,
002886.SZ,20260306,2.9499,3.9893,,614053.9171,
300437.SZ,20260306,26.2329,31.2059,,506865.2053,
603356.SH,20260306,4.965,7.0441,,258679.6,
002869.SZ,20260306,1.0033,1.2924,,384259.3605,
601518.SH,20260306,1.0862,3.4373,,565275.3975,
300308.SZ,20260306,1.987,2.6385,,60609282.883,
300425.SZ,20260306,2.2012,3.5276,,362943.6218,
603182.SH,20260306,1.928,2.9489,,263609.1,
300003.SZ,20260306,2.0464,2.8263,,3183545.8315,
002252.SZ,20260306,0.3655,0.6376,,4142102.5383,
300946.SZ,20260306,1.5976,2.5438,,788619.429,
000812.SZ,20260306,1.8823,2.2678,,333612.5945,
002612.SZ,20260306,2.2652,3.1103,,780473.6415,
301548.SZ,20260306,10.7415,10.7415,,749070.0,
920953.BJ,20260306,1.809,3.0285,,440462.7736,
300047.SZ,20260306,2.3133,2.3599,,832256.797,
002802.SZ,20260306,2.7003,4.8058,,255769.692,
300942.SZ,20260306,1.2656,2.8993,,381169.7069,
000157.SZ,20260306,0.7754,1.1646,,8518807.2075,
300305.SZ,20260306,2.9116,3.9931,,258275.4559,
601096.SH,20260306,9.6837,19.715,,1795029.064,
688501.SH,20260306,2.364,3.9386,,339882.336,
688141.SH,20260306,1.5403,2.4119,,2426783.1509,
300203.SZ,20260306,1.0926,1.4398,,666824.0736,
603825.SH,20260306,0.7231,1.1448,,230536.2623,
600668.SH,20260306,0.8524,1.0166,,459145.4605,
603848.SH,20260306,0.5167,3.0201,,666787.5887,
300290.SZ,20260306,2.1506,2.6888,,1042124.3549,
600872.SH,20260306,1.5914,2.0694,,1467489.8948,
601008.SH,20260306,3.2461,7.8977,,652575.5912,
603383.SH,20260306,1.0898,1.8713,,674670.2088,
300565.SZ,20260306,9.8762,10.1964,,346839.7061,
920375.BJ,20260306,41.3678,48.2198,,183451.5851,
688277.SH,20260306,1.5963,2.2599,,1085717.033,
600615.SH,20260306,1.63,2.3298,,279097.6426,
002482.SZ,20260306,1.8941,4.0437,,675173.2253,
300541.SZ,20260306,3.1052,3.1052,,672589.5855,
688663.SH,20260306,5.6696,9.1206,,848564.6508,
600141.SH,20260306,2.5591,3.833,,4814169.8671,
600280.SH,20260306,2.7721,6.4472,,396045.5106,
688400.SH,20260306,2.4447,4.751,,2005709.7653,
920037.BJ,20260306,7.6099,7.6099,,781093.2343,
301559.SZ,20260306,5.7846,5.7846,,1099200.0,
300271.SZ,20260306,1.2205,1.6109,,593470.152,
603728.SH,20260306,0.6843,1.6045,,2628068.805,
600613.SH,20260306,1.8979,3.6422,,342339.9135,
300518.SZ,20260306,3.0565,4.2415,,386858.4574,
600018.SH,20260306,0.2365,1.9488,,11942619.7386,
301557.SZ,20260306,13.9518,13.9518,,436343.9136,
600199.SH,20260306,1.5366,2.1077,,579519.0019,
000597.SZ,20260306,0.9659,2.2308,,742085.8978,
002857.SZ,20260306,14.3192,20.9517,,323449.784,
002275.SZ,20260306,0.4807,1.7776,,819658.197,
600869.SH,20260306,4.037,8.7393,,2971713.3269,
002234.SZ,20260306,3.6758,5.0727,,331512.2014,
600570.SH,20260306,1.0445,1.3186,,5277048.7069,
600628.SH,20260306,2.7236,4.885,,506503.4257,
300021.SZ,20260306,5.0824,6.9094,,504027.1622,
603167.SH,20260306,1.8996,3.1753,,457415.8904,
600159.SH,20260306,3.173,6.067,,262281.0213,
688618.SH,20260306,1.0118,2.7082,,357993.1119,
301117.SZ,20260306,10.7003,13.2532,,720631.731,
000818.SZ,20260306,6.5735,9.0163,,1568160.0927,
603155.SH,20260306,7.6005,29.7836,,605994.8692,
301327.SZ,20260306,3.7294,5.9085,,1030593.814,
002080.SZ,20260306,2.5186,6.3342,,7549878.0044,
300715.SZ,20260306,3.0344,4.9863,,531167.8792,
603968.SH,20260306,8.2102,15.8946,,301608.0,
688081.SH,20260306,1.9583,3.9711,,412469.12,
600876.SH,20260306,0.6762,1.757,,677958.7112,
300990.SZ,20260306,6.0813,9.4044,,1552270.265,
603633.SH,20260306,1.6645,2.5083,,368337.7359,
001323.SZ,20260306,0.3402,1.2757,,1148178.1362,
000404.SZ,20260306,1.782,2.5732,,507381.0687,
002052.SZ,20260306,1.2789,1.7776,,888631.2786,
002034.SZ,20260306,1.5538,3.3783,,771193.6,
300814.SZ,20260306,5.4091,14.4277,,2071465.4584,
001280.SZ,20260306,10.5165,10.5165,,19242363.6347,
000065.SZ,20260306,2.4185,4.586,,1562139.7039,
920249.BJ,20260306,2.3684,2.4406,,549805.52,
300824.SZ,20260306,1.2241,3.0844,,348206.5747,
000766.SZ,20260306,1.2097,1.5059,,2052834.7577,
000591.SZ,20260306,7.1527,10.9359,,2452776.5581,
002993.SZ,20260306,2.69,5.576,,1328304.48,
603259.SH,20260306,1.0858,1.3129,,27838454.2562,
000541.SZ,20260306,1.574,3.1157,,944503.6115,
688152.SH,20260306,1.2903,2.4084,,379752.5158,
600222.SH,20260306,4.6421,6.0348,,422954.1906,
601318.SH,20260306,0.5391,0.5926,,113480592.3827,
300531.SZ,20260306,1.5065,2.2049,,529138.1343,
300696.SZ,20260306,2.2365,3.9302,,896461.822,
600479.SH,20260306,1.7822,3.0113,,551275.2179,
688218.SH,20260306,1.3613,1.6655,,248470.6139,
920122.BJ,20260306,1.2981,2.5764,,288164.3454,
603309.SH,20260306,2.8156,5.663,,436347.7699,
002381.SZ,20260306,2.7317,3.6455,,294689.6898,
600228.SH,20260306,1.1617,1.6588,,230003.1797,
605598.SH,20260306,1.0574,3.4254,,1244692.093,
001201.SZ,20260306,3.4192,5.6374,,386933.7855,
600376.SH,20260306,0.9909,2.093,,1323316.9691,
600463.SH,20260306,1.2644,3.0536,,336600.0,
002249.SZ,20260306,1.6021,1.8189,,2503487.691,
300898.SZ,20260306,2.1884,4.0302,,320664.0,
603402.SH,20260306,4.9898,4.9898,,1072072.0092,
688726.SH,20260306,5.7558,5.7558,,2565309.4502,
300690.SZ,20260306,1.6691,2.0825,,501668.6202,
300851.SZ,20260306,1.9514,2.4488,,274535.6772,
601061.SH,20260306,2.6254,2.6254,,7085400.0,
301206.SZ,20260306,1.6072,2.2275,,553765.4409,
688085.SH,20260306,1.2287,2.0053,,690600.8334,
603726.SH,20260306,1.9303,4.304,,474153.1648,
920799.BJ,20260306,2.3455,3.6396,,863664.4659,
603066.SH,20260306,0.8293,1.7479,,316831.9397,
301302.SZ,20260306,18.2031,30.0338,,514354.5,
300397.SZ,20260306,6.4346,7.0697,,767655.2928,
603297.SH,20260306,1.3264,4.2471,,1324473.2613,
600133.SH,20260306,1.9161,2.3108,,1018259.0806,
300011.SZ,20260306,3.946,5.2751,,566799.8422,
300872.SZ,20260306,1.9962,2.3385,,860069.3482,
301110.SZ,20260306,2.1405,3.0192,,589912.7479,
301036.SZ,20260306,2.1988,3.3289,,307400.0,
001219.SZ,20260306,2.3582,4.5293,,291305.7225,
603950.SH,20260306,5.6343,15.3338,,1777533.3072,
301088.SZ,20260306,0.7718,2.515,,353472.9,
688097.SH,20260306,2.4182,7.8149,,2131849.7823,
000951.SZ,20260306,1.7972,3.7143,,2428454.9671,
300529.SZ,20260306,0.6194,0.7734,,1515752.812,
920098.BJ,20260306,2.2167,3.3195,,239732.4478,
003005.SZ,20260306,1.6284,2.0749,,463702.9368,
688525.SH,20260306,11.7957,16.5649,,9778468.0854,
603716.SH,20260306,10.0111,11.7611,,487241.5741,
300081.SZ,20260306,2.8924,3.232,,319331.9802,
603051.SH,20260306,2.8085,4.4234,,368199.7371,
000966.SZ,20260306,2.2107,5.2841,,1688301.9828,
600101.SH,20260306,9.2655,13.5113,,616893.1423,
605296.SH,20260306,0.8607,6.9907,,1528113.9852,
002144.SZ,20260306,4.698,5.092,,290067.3084,
300485.SZ,20260306,2.37,3.0761,,522608.044,
688181.SH,20260306,3.1899,4.0106,,465978.5569,
301609.SZ,20260306,23.9438,23.9438,,903169.6,
301345.SZ,20260306,3.7862,3.7862,,2202791.2342,
600461.SH,20260306,0.4597,0.8383,,1276450.4497,
603117.SH,20260306,3.7006,5.2564,,342741.1084,
600405.SH,20260306,9.4281,10.4972,,348700.0356,
920906.BJ,20260306,1.0077,1.5033,,173080.08,
601956.SH,20260306,1.2844,2.431,,446320.7116,
300389.SZ,20260306,15.8963,30.5542,,708672.6086,
301123.SZ,20260306,2.1544,3.2521,,1343548.64,
000663.SZ,20260306,2.8449,4.0482,,267663.7236,
605588.SH,20260306,1.6928,4.9464,,402209.1152,
688248.SH,20260306,2.7192,9.3137,,3279212.9,
601113.SH,20260306,1.679,2.2382,,516743.2418,
688429.SH,20260306,2.5049,3.4348,,612001.224,
000793.SZ,20260306,1.6336,2.1109,,575206.6916,
300444.SZ,20260306,25.138,27.5317,,1409573.2839,
000709.SZ,20260306,1.0449,2.9668,,2666977.2417,
002391.SZ,20260306,2.7433,3.0782,,432628.6383,
003028.SZ,20260306,1.6122,2.9856,,441802.683,
001376.SZ,20260306,7.3523,7.3523,,974803.5,
600356.SH,20260306,1.9608,2.7985,,289470.7053,
002349.SZ,20260306,1.9668,2.9978,,635530.9795,
300206.SZ,20260306,3.2428,4.2539,,859640.7421,
688150.SH,20260306,2.6863,6.0491,,1408933.9851,
688717.SH,20260306,7.2993,7.3216,,1824000.0,
002470.SZ,20260306,12.7571,18.1993,,939803.9342,
688128.SH,20260306,0.5322,2.5011,,1185185.0,
300137.SZ,20260306,6.1031,7.2274,,653557.1318,
603890.SH,20260306,2.1204,3.1327,,645190.7636,
601827.SH,20260306,0.6017,2.1351,,1496380.3035,
301267.SZ,20260306,0.4897,1.8881,,1479240.0,
300514.SZ,20260306,4.1257,5.4623,,297400.0,
600825.SH,20260306,5.3555,11.0401,,689625.981,
688202.SH,20260306,1.3388,2.2606,,909832.99,
000633.SZ,20260306,2.0485,2.5846,,296531.9072,
002757.SZ,20260306,6.3717,10.0621,,629616.5506,
920719.BJ,20260306,1.4479,1.5872,,112922.2942,
002007.SZ,20260306,0.6355,1.0232,,2792353.7856,
301367.SZ,20260306,1.3085,2.1236,,658112.0,
002084.SZ,20260306,2.5622,4.3607,,257130.3039,
920438.BJ,20260306,2.5583,4.1654,,622633.0,
300072.SZ,20260306,10.4813,16.7733,,1301745.0473,
000825.SZ,20260306,0.9777,2.6651,,2922175.1193,
300332.SZ,20260306,15.2065,18.3464,,545027.3678,
301045.SZ,20260306,13.8624,15.0085,,542325.0479,
688116.SH,20260306,2.7554,3.1644,,1539434.4882,
300181.SZ,20260306,1.0017,1.0587,,1139053.032,
603637.SH,20260306,2.5925,3.2907,,307666.0955,
000968.SZ,20260306,8.4999,19.6734,,945250.0988,
605179.SH,20260306,0.661,3.1743,,748667.0,
600089.SH,20260306,8.2636,10.0824,,16285150.4563,
600756.SH,20260306,1.6614,2.0534,,562552.6636,
300327.SZ,20260306,2.0559,2.6901,,916237.5416,
002679.SZ,20260306,2.5028,6.8813,,284793.248,
603313.SH,20260306,1.0386,1.9067,,523228.1735,
688605.SH,20260306,1.4151,1.7467,,1279040.6899,
301047.SZ,20260306,0.5579,1.471,,867269.9705,
002176.SZ,20260306,2.6519,3.1973,,1702912.9298,
300829.SZ,20260306,9.4782,9.8517,,464323.0436,
000970.SZ,20260306,2.6628,3.5296,,1682564.4698,
603877.SH,20260306,0.3311,1.1239,,724985.5562,
920639.BJ,20260306,11.4455,14.7043,,182044.8,
000909.SZ,20260306,0.9126,1.5584,,273133.6889,
688060.SH,20260306,0.8942,2.9171,,286989.3911,
600331.SH,20260306,4.0946,5.9614,,5085080.0,
688281.SH,20260306,0.9607,1.8598,,2457497.2058,
002675.SZ,20260306,1.4437,1.8108,,1046411.9496,
920001.BJ,20260306,14.5123,29.1658,,303624.6591,
603818.SH,20260306,1.9901,3.4333,,264319.3842,
002485.SZ,20260306,2.1515,8.749,,280160.0,
600480.SH,20260306,0.7602,1.3756,,1343290.5853,
002577.SZ,20260306,0.4212,1.0112,,474082.032,
002281.SZ,20260306,8.565,14.1735,,6462279.4493,
603276.SH,20260306,2.9374,2.9374,,373769.0946,
002556.SZ,20260306,4.45,7.1519,,661616.1379,
300245.SZ,20260306,1.962,2.4288,,378261.9616,
002630.SZ,20260306,1.5825,1.5825,,301104.0,
002703.SZ,20260306,6.7276,12.7681,,1952106.6472,
688350.SH,20260306,1.6518,2.8233,,445920.527,
300876.SZ,20260306,1.3633,2.1005,,318440.5988,
603048.SH,20260306,1.6464,5.7724,,335327.04,
601015.SH,20260306,7.0065,18.8144,,996738.8478,
603270.SH,20260306,2.752,2.752,,560474.8542,
301071.SZ,20260306,7.3281,10.252,,1225622.3219,
601666.SH,20260306,1.3709,2.8444,,2158221.2763,
300789.SZ,20260306,1.3477,1.7638,,322078.0386,
301192.SZ,20260306,1.8344,3.0764,,296403.3,
003001.SZ,20260306,1.4179,1.8787,,332133.843,
603730.SH,20260306,0.8879,4.6199,,2021818.7504,
688707.SH,20260306,0.9968,1.4302,,716814.9488,
300752.SZ,20260306,8.5374,10.297,,431177.53,
920873.BJ,20260306,1.5681,1.8115,,121789.2796,
300445.SZ,20260306,2.1906,3.044,,455449.9479,
000025.SZ,20260306,0.9717,2.1064,,752196.7684,
002805.SZ,20260306,20.739,29.7881,,499071.3893,
688168.SH,20260306,1.0745,1.6425,,545003.3132,
300550.SZ,20260306,1.4409,2.8716,,345004.0253,
920792.BJ,20260306,1.2827,1.9902,,213049.98,
002186.SZ,20260306,1.268,2.2619,,345286.7865,
605020.SH,20260306,2.3061,3.9079,,1531434.5316,
300490.SZ,20260306,15.9755,20.413,,767042.3768,
688176.SH,20260306,14.0187,16.1234,,958424.0755,
300306.SZ,20260306,2.0286,2.6819,,365783.9381,
600794.SH,20260306,2.5634,4.0077,,486061.6236,
300844.SZ,20260306,0.9016,3.186,,367716.9216,
300665.SZ,20260306,3.4518,4.2503,,179316.5529,
002196.SZ,20260306,5.6691,6.4633,,748270.7424,
000090.SZ,20260306,0.9471,1.5674,,732469.8101,
600429.SH,20260306,1.528,5.3485,,799111.3826,
300077.SZ,20260306,3.1477,3.1477,,1190161.5947,
301509.SZ,20260306,5.9423,5.9423,,444448.2086,
300105.SZ,20260306,3.4729,5.966,,416262.2369,
603239.SH,20260306,0.8818,2.1012,,613451.52,
603906.SH,20260306,1.3391,2.3147,,1196147.7646,
002765.SZ,20260306,1.292,1.7091,,720601.5395,
603929.SH,20260306,1.1743,2.8958,,2885694.0,
300374.SZ,20260306,2.6892,4.0402,,381410.0347,
002718.SZ,20260306,1.6963,4.6424,,823935.4316,
603350.SH,20260306,1.5447,2.1239,,424038.16,
300835.SZ,20260306,5.4008,6.2216,,1073227.86,
920575.BJ,20260306,1.5525,1.5531,,256217.28,
300124.SZ,20260306,1.1228,1.3935,,19348562.89,
603700.SH,20260306,1.3596,1.9549,,283146.0985,
002960.SZ,20260306,0.8354,1.5313,,962873.3257,
920802.BJ,20260306,2.6701,2.7963,,129655.1065,
300594.SZ,20260306,8.3403,13.5737,,287380.1516,
002734.SZ,20260306,16.9509,20.3917,,1035902.8614,
002729.SZ,20260306,4.9022,7.2786,,332456.3446,
600983.SH,20260306,0.5865,2.8947,,931223.385,
688759.SH,20260306,12.1639,12.1639,,1832099.2306,
600064.SH,20260306,0.9321,1.4283,,1507125.8299,
002355.SZ,20260306,12.0347,14.0952,,489328.092,
920950.BJ,20260306,0.9488,1.6789,,132635.88,
002609.SZ,20260306,1.8158,2.5919,,594537.4891,
000950.SZ,20260306,0.9513,2.105,,1000618.939,
688333.SH,20260306,1.9993,2.8172,,2802201.0074,
688062.SH,20260306,3.6516,3.6516,,1366232.4,
688003.SH,20260306,2.1187,5.0196,,1204981.4205,
605199.SH,20260306,0.8473,3.4353,,282076.6702,
302132.SZ,20260306,1.3472,2.9431,,20417450.204,
002023.SZ,20260306,1.8573,2.4296,,879401.0989,
603998.SH,20260306,1.3449,2.1557,,531727.527,
001206.SZ,20260306,2.3563,3.1836,,419708.9442,
000792.SZ,20260306,1.231,2.083,,19467695.3783,
601865.SH,20260306,1.0922,2.5919,,3619750.1052,
603558.SH,20260306,1.0091,2.0696,,407054.0022,
301377.SZ,20260306,4.29,4.943,,7859700.0,
688316.SH,20260306,12.2354,16.26,,357320.0423,
603126.SH,20260306,1.6777,3.4196,,485347.5,
920090.BJ,20260306,16.7217,16.7217,,146111.4892,
601878.SH,20260306,0.4713,0.8803,,4724731.9281,
688375.SH,20260306,0.7178,2.5258,,6776093.3981,
920158.BJ,20260306,29.6058,29.6058,,293572.22,
688255.SH,20260306,1.1826,2.1478,,338585.0373,
300717.SZ,20260306,2.1916,4.6495,,228879.925,
603196.SH,20260306,0.9873,2.0228,,1091936.8435,
600490.SH,20260306,3.1142,4.0619,,2046920.5481,
300302.SZ,20260306,8.482,10.2392,,924020.6025,
002694.SZ,20260306,2.0671,3.4462,,241897.8816,
603130.SH,20260306,0.9453,3.6175,,604237.3948,
688057.SH,20260306,0.9459,1.8647,,361560.0,
600310.SH,20260306,3.3974,6.9319,,627324.189,
603587.SH,20260306,0.3554,1.593,,600201.4683,
300549.SZ,20260306,2.5055,3.4385,,247879.06,
002259.SZ,20260306,8.2651,11.5318,,446130.6623,
688108.SH,20260306,3.6904,4.8118,,909463.552,
301113.SZ,20260306,3.042,6.8999,,252889.0,
001333.SZ,20260306,3.7616,3.7616,,340096.0,
300999.SZ,20260306,2.2548,2.2548,,15841890.4682,
300329.SZ,20260306,1.5483,2.7907,,356826.0686,
600249.SH,20260306,1.705,2.659,,322300.0,
300707.SZ,20260306,3.7209,4.4694,,304533.2009,
603826.SH,20260306,3.3757,12.4635,,1565928.0,
600397.SH,20260306,10.2138,16.8388,,1978929.8041,
000428.SZ,20260306,1.8758,4.1867,,396362.214,
600866.SH,20260306,3.3436,4.5202,,1300933.0583,
002146.SZ,20260306,2.5375,3.6768,,691358.0523,
300976.SZ,20260306,1.1628,2.1245,,776061.098,
600648.SH,20260306,0.2301,0.6423,,1400709.5845,
300911.SZ,20260306,7.1333,15.3966,,790543.353,
920879.BJ,20260306,1.1272,2.2346,,382152.9202,
688114.SH,20260306,0.828,1.5602,,2347485.0496,
600967.SH,20260306,1.4815,3.3447,,2894752.7286,
920403.BJ,20260306,9.2424,12.1217,,251383.5324,
688765.SH,20260306,3.0161,3.0161,,2567565.0,
600039.SH,20260306,0.2969,2.5606,,9199934.9024,
000031.SZ,20260306,0.6517,2.1213,,1431628.6552,
000738.SZ,20260306,4.5953,9.1704,,3454988.3706,
600888.SH,20260306,4.0958,7.0108,,1350051.2233,
600340.SH,20260306,2.5451,4.1877,,626195.2547,
688489.SH,20260306,0.7006,1.6686,,488949.8649,
603209.SH,20260306,3.7475,6.2526,,527475.0,
603159.SH,20260306,0.6087,1.3767,,354200.0,
600812.SH,20260306,0.7603,1.6897,,947083.1642,
688561.SH,20260306,0.938,2.492,,2263714.5416,
600955.SH,20260306,1.5329,3.342,,1108250.0,
002712.SZ,20260306,2.4864,3.9985,,305338.9471,
603566.SH,20260306,1.3886,2.0296,,478950.1858,
600498.SH,20260306,10.7926,17.651,,7165691.635,
603334.SH,20260306,8.4567,8.4567,,792120.0,
300656.SZ,20260306,3.0717,3.9097,,401459.4189,
300477.SZ,20260306,3.1342,3.1839,,304453.3071,
301161.SZ,20260306,1.4519,1.7903,,411600.0,
300893.SZ,20260306,0.7995,1.2006,,1122905.0055,
300853.SZ,20260306,2.3037,2.5835,,333427.3105,
301516.SZ,20260306,8.7278,8.7278,,490385.966,
688301.SH,20260306,1.4761,2.3739,,2676311.7523,
603886.SH,20260306,1.3881,2.7485,,311280.0,
001324.SZ,20260306,3.5295,4.6828,,276276.0,
605099.SH,20260306,0.65,6.2367,,1771139.7176,
000019.SZ,20260306,6.182,9.5046,,858638.7642,
605177.SH,20260306,2.8224,5.7585,,263296.4431,
002315.SZ,20260306,2.1905,2.6276,,1380927.7378,
603097.SH,20260306,4.5143,15.0469,,677953.808,
600763.SH,20260306,2.0432,3.0906,,2130885.3534,
603000.SH,20260306,2.4341,5.6027,,2338536.5834,
603801.SH,20260306,0.8453,1.5723,,406118.5562,
300095.SZ,20260306,3.257,3.5581,,456217.9181,
603060.SH,20260306,1.0205,3.2308,,555536.832,
600422.SH,20260306,0.7515,1.1737,,911398.8114,
603320.SH,20260306,2.6451,6.5119,,374804.4081,
002451.SZ,20260306,7.4899,12.1259,,486499.68,
300471.SZ,20260306,9.084,13.4431,,737208.8902,
000677.SZ,20260306,6.7689,9.5268,,380150.2971,
002483.SZ,20260306,1.9112,2.8533,,718925.8829,
300516.SZ,20260306,2.3759,7.4251,,1202400.0,
002267.SZ,20260306,2.4535,6.8981,,909677.714,
000698.SZ,20260306,1.5079,2.7399,,335181.3876,
300184.SZ,20260306,3.8645,3.9573,,1250020.8845,
301330.SZ,20260306,3.3438,8.1222,,884921.828,
601002.SH,20260306,2.3206,4.2191,,525896.8367,
688121.SH,20260306,1.3884,1.9875,,280570.4176,
600692.SH,20260306,2.3686,2.5441,,284928.8918,
603113.SH,20260306,1.8809,3.7328,,630428.5277,
688237.SH,20260306,1.2184,2.7318,,427872.593,
000821.SZ,20260306,3.1409,4.0839,,873893.3135,
002782.SZ,20260306,4.7806,11.5283,,1262228.4131,
920116.BJ,20260306,1.7864,6.1925,,1681791.65,
000567.SZ,20260306,0.7125,2.9038,,1094571.6068,
300402.SZ,20260306,2.3957,5.2778,,560954.7997,
002849.SZ,20260306,5.2246,7.2259,,432222.0373,
002358.SZ,20260306,15.7767,20.0946,,853516.9049,
300141.SZ,20260306,8.1197,16.9413,,407910.1572,
600010.SH,20260306,4.1779,6.5741,,13858317.5205,
600861.SH,20260306,0.6949,1.1305,,974279.9877,
300560.SZ,20260306,2.515,3.1525,,367360.0516,
601958.SH,20260306,2.0993,7.5944,,7930993.6152,
000701.SZ,20260306,3.42,5.7396,,423710.5092,
601208.SH,20260306,3.9538,5.1414,,3098231.0862,
601026.SH,20260306,9.2587,9.2587,,1413753.6,
002425.SZ,20260306,1.1737,1.4615,,339616.0984,
688271.SH,20260306,0.5743,1.1263,,10204724.2074,
600592.SH,20260306,1.3069,2.1028,,900593.749,
600997.SH,20260306,1.3392,4.3592,,1030482.1033,
603176.SH,20260306,1.4504,4.6147,,273261.3061,
600216.SH,20260306,6.5888,10.5696,,1767490.1845,
600419.SH,20260306,1.4514,2.3183,,305731.0127,
603758.SH,20260306,0.7855,2.2289,,614754.6656,
688648.SH,20260306,3.8828,4.4113,,843336.0,
300403.SZ,20260306,1.5325,1.8121,,783900.0,
301105.SZ,20260306,5.7752,5.7752,,276100.0,
301611.SZ,20260306,3.1148,3.2835,,5100764.0,
000885.SZ,20260306,1.1951,4.2447,,905972.4178,
605098.SH,20260306,3.059,7.4484,,614023.9139,
301568.SZ,20260306,10.0812,10.0812,,584958.836,
301095.SZ,20260306,2.4448,3.8909,,1602248.704,
300017.SZ,20260306,9.0915,10.3235,,4390117.8519,
300867.SZ,20260306,1.9322,2.4007,,528808.0891,
300803.SZ,20260306,2.6373,4.3717,,6852841.5408,
002077.SZ,20260306,1.8976,3.7361,,937843.197,
300256.SZ,20260306,0.8847,1.809,,857452.6999,
002187.SZ,20260306,1.7275,4.0614,,486420.8753,
002895.SZ,20260306,2.3242,4.347,,2549769.4019,
603129.SH,20260306,1.1916,1.8654,,3724420.7538,
300469.SZ,20260306,2.0392,2.5114,,1591459.1007,
300532.SZ,20260306,1.3825,2.1311,,531213.6796,
002154.SZ,20260306,1.1515,1.5056,,570599.488,
600198.SH,20260306,1.0068,2.1255,,1191493.6365,
600556.SH,20260306,2.3182,3.7935,,1194921.1914,
603995.SH,20260306,1.0923,2.1126,,706373.7731,
301617.SZ,20260306,2.3539,3.0559,,863448.04,
300475.SZ,20260306,12.4476,14.8148,,7207588.9316,
920926.BJ,20260306,0.7047,2.3965,,144029.6313,
300253.SZ,20260306,2.8201,3.1608,,2144632.0246,
000985.SZ,20260306,4.7637,13.051,,277558.1695,
002137.SZ,20260306,3.422,4.0365,,505894.2521,
603183.SH,20260306,2.4854,3.2509,,238633.5605,
000498.SZ,20260306,0.8919,2.2441,,950093.9336,
603115.SH,20260306,4.1652,11.8266,,700272.708,
000555.SZ,20260306,9.2203,15.1148,,1788594.543,
603986.SH,20260306,3.1231,3.4247,,19980718.751,
301058.SZ,20260306,2.3671,4.1451,,572722.6059,
600587.SH,20260306,1.6195,2.2986,,923919.6481,
688058.SH,20260306,1.569,2.9749,,230543.0938,
000737.SZ,20260306,2.6256,5.3563,,3156115.1328,
605208.SH,20260306,1.5485,2.8704,,425622.6,
300345.SZ,20260306,9.4277,12.6202,,434012.0722,
301168.SZ,20260306,1.2929,2.4991,,491880.0,
688293.SH,20260306,1.9947,4.1641,,636786.4193,
300342.SZ,20260306,5.5192,7.2767,,1811499.6516,
000045.SZ,20260306,5.1851,10.6288,,647334.923,
688622.SH,20260306,8.0061,17.2091,,605933.0151,
000899.SZ,20260306,8.374,28.8719,,1417659.7853,
600719.SH,20260306,3.3618,5.0105,,275936.9272,
688656.SH,20260306,0.4682,1.4395,,883003.1834,
603693.SH,20260306,1.324,8.312,,1223104.9074,
600857.SH,20260306,1.0471,1.7156,,288699.7358,
301448.SZ,20260306,1.886,2.2494,,450616.8,
301000.SZ,20260306,0.9062,2.2405,,854685.2961,
301061.SZ,20260306,0.3401,0.8859,,1847709.4688,
300601.SZ,20260306,0.9035,1.3069,,1572637.095,
600418.SH,20260306,1.0171,1.4173,,11536884.002,
000030.SZ,20260306,0.646,2.3303,,920098.8021,
600557.SH,20260306,0.6184,1.0637,,793754.646,
920075.BJ,20260306,2.3282,3.2609,,163333.8,
000520.SZ,20260306,5.729,7.7944,,469606.7231,
002884.SZ,20260306,0.852,1.2515,,645616.9287,
601012.SH,20260306,1.5878,2.0154,,13640515.6302,
300472.SZ,20260306,1.0893,1.2798,,210022.3278,
605069.SH,20260306,3.8435,9.953,,299552.3559,
603678.SH,20260306,2.0338,3.4079,,1836162.7623,
300136.SZ,20260306,6.1229,6.494,,6699445.2495,
300449.SZ,20260306,5.9909,7.7918,,329288.6986,
600383.SH,20260306,1.3728,2.201,,1417579.2416,
002636.SZ,20260306,3.2119,9.3937,,1892800.0,
300303.SZ,20260306,35.3123,39.0496,,1532983.5802,
000863.SZ,20260306,2.3043,4.3242,,687167.1439,
301589.SZ,20260306,2.2022,2.3603,,1629488.448,
600683.SH,20260306,2.7792,6.2852,,519285.0955,
603859.SH,20260306,2.0412,2.7867,,1064679.6971,
000728.SZ,20260306,0.5704,0.9721,,3477930.9791,
603375.SH,20260306,1.3346,2.1914,,380016.6679,
920642.BJ,20260306,1.8963,3.506,,154261.3737,
688244.SH,20260306,1.2781,2.9528,,333172.0724,
300187.SZ,20260306,3.3252,6.9269,,369295.8784,
300774.SZ,20260306,4.5741,6.6649,,951193.0368,
000933.SZ,20260306,2.5225,3.7491,,7898503.4493,
600396.SH,20260306,6.6372,14.7805,,539010.695,
920008.BJ,20260306,6.5085,7.1907,,199473.75,
300411.SZ,20260306,2.6492,2.8332,,482539.2483,
000419.SZ,20260306,1.6917,3.0389,,341369.9073,
300470.SZ,20260306,1.8717,2.4403,,821240.8994,
002654.SZ,20260306,8.3305,10.9462,,1247666.5549,
688573.SH,20260306,4.3253,4.3253,,212322.5307,
603706.SH,20260306,1.8748,6.0155,,397893.0821,
600513.SH,20260306,5.5695,9.2664,,646843.9078,
300672.SZ,20260306,3.4836,4.8932,,3043559.2746,
603979.SH,20260306,1.6211,2.8134,,4299774.034,
300603.SZ,20260306,4.8533,5.2726,,490826.9319,
600885.SH,20260306,2.5625,3.4533,,5111704.0158,
600071.SH,20260306,0.9723,1.9175,,575255.4552,
601599.SH,20260306,2.5037,3.2548,,479304.0331,
603043.SH,20260306,0.5238,1.6315,,978854.5554,
301227.SZ,20260306,7.9081,7.9337,,352448.0805,
603188.SH,20260306,3.4958,4.9685,,314163.67,
300032.SZ,20260306,8.1519,9.7613,,449774.9805,
688755.SH,20260306,1.666,1.666,,349360.0,
603978.SH,20260306,2.1373,3.3729,,510003.8264,
002272.SZ,20260306,28.12,30.4549,,1007090.1521,
601668.SH,20260306,0.7028,1.6617,,20866797.1742,
002297.SZ,20260306,6.0322,7.7913,,707211.3466,
601163.SH,20260306,0.5129,1.456,,1198400.0,
688031.SH,20260306,9.8666,14.5775,,3064738.6748,
000417.SZ,20260306,2.1436,3.46,,584133.2658,
688143.SH,20260306,8.7124,11.2795,,767533.5799,
003032.SZ,20260306,0.8089,1.1446,,270444.72,
600020.SH,20260306,0.6893,2.1654,,916927.7075,
300782.SZ,20260306,2.1208,2.8601,,4398302.974,
000636.SZ,20260306,6.0757,9.4286,,2747906.3761,
600230.SH,20260306,7.5914,14.0611,,1043595.7188,
301552.SZ,20260306,3.4212,3.4212,,375468.8,
688528.SH,20260306,1.4469,4.2931,,198744.0,
605028.SH,20260306,2.3059,9.2238,,458240.0,
600237.SH,20260306,4.1867,5.4771,,650255.9838,
920208.BJ,20260306,0.4777,0.5554,,328490.1801,
000061.SZ,20260306,1.3376,3.7126,,1844028.9529,
605507.SH,20260306,0.397,0.8668,,1489823.451,
002082.SZ,20260306,1.125,2.0547,,1037424.6373,
601108.SH,20260306,0.7199,1.0651,,3891473.8272,
920519.BJ,20260306,4.3344,4.9797,,118266.9878,
301229.SZ,20260306,1.4499,1.8946,,352108.8304,
301378.SZ,20260306,6.9185,8.8789,,343316.4,
920981.BJ,20260306,2.0367,3.093,,244315.26,
601100.SH,20260306,0.6812,1.9104,,14342762.1514,
688075.SH,20260306,0.4881,1.8815,,497656.2644,
600478.SH,20260306,2.9576,4.1523,,1287463.1281,
688600.SH,20260306,0.8079,1.4614,,357246.9155,
301336.SZ,20260306,4.1125,5.1842,,224160.0,
301285.SZ,20260306,5.8609,5.8624,,1806295.8,
603266.SH,20260306,4.4502,9.9304,,419253.269,
603076.SH,20260306,1.1916,2.4131,,317927.3401,
300880.SZ,20260306,19.6379,43.6037,,492721.632,
300175.SZ,20260306,1.1552,1.519,,311669.6,
301281.SZ,20260306,5.7999,8.3526,,474093.62,
300508.SZ,20260306,2.3447,3.9225,,456614.0,
002058.SZ,20260306,2.2692,4.2758,,311426.3288,
688303.SH,20260306,0.3545,1.4176,,4936118.3709,
600262.SH,20260306,1.9243,3.1302,,494700.0,
002375.SZ,20260306,1.1129,2.4006,,561458.5327,
000799.SZ,20260306,1.6471,2.3872,,1530415.4958,
300333.SZ,20260306,1.162,1.3568,,344400.0,
301230.SZ,20260306,4.5421,7.4537,,572305.0805,
002386.SZ,20260306,3.2557,4.856,,829149.1855,
300720.SZ,20260306,6.3849,14.0211,,766062.4933,
600006.SH,20260306,0.4894,1.2269,,1356000.0,
603520.SH,20260306,1.5746,2.0275,,432272.1427,
300703.SZ,20260306,2.3105,3.4544,,415442.4075,
002983.SZ,20260306,6.8056,13.6271,,564524.4579,
002668.SZ,20260306,1.2134,2.4361,,1055924.5309,
002047.SZ,20260306,1.9009,2.8763,,770254.336,
300210.SZ,20260306,1.1845,1.5799,,450808.7762,
002611.SZ,20260306,1.7305,2.0584,,2045041.0512,
603528.SH,20260306,0.7854,1.6929,,631807.4672,
688609.SH,20260306,0.9517,1.1536,,431000.0,
301041.SZ,20260306,3.3154,3.8576,,305638.2,
300067.SZ,20260306,4.9895,6.1598,,582959.1599,
920527.BJ,20260306,1.1011,1.3244,,108737.3297,
603329.SH,20260306,1.3753,2.4997,,284058.1348,
000700.SZ,20260306,4.7983,7.5941,,1178731.7595,
603069.SH,20260306,0.9454,2.2045,,637688.0,
600976.SH,20260306,0.9556,1.3176,,489801.7298,
300947.SZ,20260306,1.7195,2.7913,,282476.3538,
300846.SZ,20260306,21.2761,23.0781,,1655533.6847,
000007.SZ,20260306,1.6275,2.4507,,459736.5544,
003816.SZ,20260306,0.4525,2.6449,,20956977.5814,
000788.SZ,20260306,2.3435,3.4951,,374876.0903,
920931.BJ,20260306,5.3837,5.3837,,132817.02,
002632.SZ,20260306,2.8815,6.3072,,807606.6234,
301277.SZ,20260306,0.7842,3.0436,,485785.1376,
300142.SZ,20260306,1.6976,1.6976,,1868039.0959,
920508.BJ,20260306,13.24,21.0367,,143880.0,
002332.SZ,20260306,0.9487,1.211,,902154.8378,
002762.SZ,20260306,0.8264,1.0636,,239320.9,
603232.SH,20260306,16.4179,23.0468,,604400.2275,
300025.SZ,20260306,2.1984,2.6139,,301205.4098,
300605.SZ,20260306,2.6548,2.8698,,255800.3792,
300033.SZ,20260306,2.5601,4.0287,,17265024.0,
301223.SZ,20260306,1.1638,2.4762,,384710.0995,
000655.SZ,20260306,1.4673,3.528,,632846.6645,
605009.SH,20260306,0.5595,1.6775,,639176.0331,
688458.SH,20260306,1.4994,1.4994,,436777.4392,
603271.SH,20260306,4.2661,4.2661,,901371.04,
600674.SH,20260306,0.8139,2.4177,,7472772.2673,
603198.SH,20260306,0.2905,1.0458,,2909600.0,
002400.SZ,20260306,3.61,4.4606,,1671860.3058,
600984.SH,20260306,2.155,3.5394,,595838.8205,
603605.SH,20260306,0.7347,1.4575,,2699368.3784,
600986.SH,20260306,5.6459,6.515,,1624212.4757,
600848.SH,20260306,0.272,0.7219,,2721763.4773,
603456.SH,20260306,1.4145,2.5418,,1496048.2191,
000988.SZ,20260306,12.905,15.934,,11541160.0709,
603025.SH,20260306,0.4591,2.5923,,1839130.4111,
600023.SH,20260306,0.6144,2.2913,,7347985.5465,
002683.SZ,20260306,2.825,4.2085,,3725531.0148,
600212.SH,20260306,3.3568,3.9047,,543603.9644,
000720.SZ,20260306,4.625,7.9326,,552873.8912,
000969.SZ,20260306,3.1442,4.8911,,2535953.8244,
603585.SH,20260306,2.697,8.5508,,409292.8821,
600728.SH,20260306,1.3031,1.5484,,1354200.5307,
688362.SH,20260306,2.6659,4.3839,,1732648.8696,
300791.SZ,20260306,0.5775,1.3699,,646648.0616,
002821.SZ,20260306,1.2663,2.0242,,3583849.3271,
601127.SH,20260306,1.0793,2.2766,,17463400.4872,
000516.SZ,20260306,3.0562,4.4092,,1121687.2733,
000902.SZ,20260306,2.4465,5.0191,,2417871.7917,
600746.SH,20260306,1.6866,6.7952,,966973.908,
603773.SH,20260306,10.423,16.8597,,902678.3874,
301072.SZ,20260306,1.9158,3.7851,,256312.2034,
600004.SH,20260306,0.4111,0.9605,,2355601.5626,
300901.SZ,20260306,0.916,2.2296,,398400.0,
600590.SH,20260306,3.6694,5.6791,,1379943.2555,
601083.SH,20260306,9.6245,9.6245,,1598238.2,
920370.BJ,20260306,1.8011,3.4921,,121014.1872,
688766.SH,20260306,4.0191,6.5029,,3750083.7537,
000099.SZ,20260306,5.451,8.8821,,1668681.5647,
300014.SZ,20260306,1.3867,2.1836,,12506948.2371,
301335.SZ,20260306,4.8605,4.8605,,349617.214,
920108.BJ,20260306,1.3991,2.3742,,210945.0,
300964.SZ,20260306,4.1553,6.3606,,468659.4959,
688184.SH,20260306,1.2709,1.5612,,175270.3604,
301043.SZ,20260306,1.3148,3.8647,,377400.0,
300828.SZ,20260306,4.8797,7.2086,,377278.674,
603316.SH,20260306,7.7091,12.4721,,447663.216,
301571.SZ,20260306,3.935,4.3922,,1135765.9976,
600468.SH,20260306,16.9589,38.4748,,949592.9352,
300217.SZ,20260306,4.2021,5.2766,,814365.2939,
600864.SH,20260306,1.7914,3.3084,,1344048.5559,
688056.SH,20260306,0.9141,2.1497,,261310.83,
600626.SH,20260306,1.2634,2.3828,,616787.7595,
002930.SZ,20260306,2.496,5.1454,,610291.4919,
688052.SH,20260306,2.7555,3.9014,,2672390.8745,
000407.SZ,20260306,9.0244,12.0779,,467324.9523,
000668.SZ,20260306,0.7892,1.3356,,215270.2107,
603551.SH,20260306,1.8981,6.7743,,489777.3935,
603617.SH,20260306,1.3356,2.3383,,297929.6301,
603601.SH,20260306,10.0753,15.5925,,1343392.9819,
600724.SH,20260306,0.636,2.7616,,946632.9015,
300993.SZ,20260306,0.9456,1.8393,,410738.8896,
600232.SH,20260306,2.0549,4.1305,,299069.2061,
603083.SH,20260306,12.4013,14.3773,,4047720.9813,
002749.SZ,20260306,0.9545,2.0909,,663161.8581,
001330.SZ,20260306,4.5597,6.2813,,1094117.1113,
603035.SH,20260306,1.0427,1.5387,,550619.6612,
600649.SH,20260306,1.8535,3.9379,,1209673.8709,
002571.SZ,20260306,3.4164,4.9406,,507184.2058,
600184.SH,20260306,1.7781,3.6157,,1083873.0905,
300212.SZ,20260306,2.5961,4.0027,,832915.5323,
000078.SZ,20260306,2.1585,4.0207,,884057.4144,
603970.SH,20260306,1.9647,4.8751,,375513.7872,
300882.SZ,20260306,6.7751,20.891,,710923.751,
300128.SZ,20260306,1.443,1.9913,,900286.9805,
300491.SZ,20260306,12.4206,16.0617,,515425.0192,
002738.SZ,20260306,2.6513,3.1063,,5704836.2714,
688009.SH,20260306,0.5067,2.1768,,6237403.391,
000420.SZ,20260306,2.3412,2.9455,,1086819.8076,
920553.BJ,20260306,1.3908,2.2375,,144696.2932,
688690.SH,20260306,0.6106,1.0484,,1044668.7971,
603284.SH,20260306,9.8992,9.8992,,364404.3136,
300995.SZ,20260306,1.8146,3.2106,,324806.8796,
688533.SH,20260306,1.3656,4.9426,,523831.6771,
301158.SZ,20260306,14.5988,26.6917,,446750.7852,
601118.SH,20260306,1.5798,4.4321,,3179614.8532,
603285.SH,20260306,5.6876,5.6876,,604160.0,
000989.SZ,20260306,1.0028,1.5246,,743813.6084,
601179.SH,20260306,10.7622,22.3618,,9892952.9394,
300453.SZ,20260306,3.0237,3.4774,,511120.5052,
300991.SZ,20260306,4.402,5.932,,840528.0,
301008.SZ,20260306,0.8534,1.664,,427071.1061,
002194.SZ,20260306,2.2494,2.8905,,830192.2543,
002322.SZ,20260306,2.1113,3.0812,,513932.3258,
300056.SZ,20260306,5.9972,6.5891,,402066.532,
300567.SZ,20260306,3.5,4.2498,,4023020.6107,
688502.SH,20260306,5.3943,5.3943,,1783478.4,
600795.SH,20260306,1.1422,2.5786,,9060494.4937,
300965.SZ,20260306,1.3063,4.4148,,352260.0,
300922.SZ,20260306,2.8071,3.3447,,347848.3308,
300614.SZ,20260306,5.0518,8.8444,,262801.8322,
001696.SZ,20260306,17.3885,21.9874,,2924398.7537,
000712.SZ,20260306,1.7338,2.5836,,1120896.0,
000679.SZ,20260306,1.8149,2.5227,,260884.8,
603290.SH,20260306,1.5598,3.3175,,2394734.66,
603207.SH,20260306,2.0479,2.0479,,456567.98,
603039.SH,20260306,2.6078,5.5047,,1106731.8277,
601929.SH,20260306,1.7307,2.5227,,1172568.8244,
002101.SZ,20260306,0.638,1.2984,,787285.8432,
688633.SH,20260306,2.6393,7.8853,,395223.3149,
000826.SZ,20260306,7.8881,9.9838,,357763.6652,
920392.BJ,20260306,1.1668,2.1698,,181139.285,
688290.SH,20260306,0.7055,1.5498,,543751.4682,
688288.SH,20260306,1.2633,2.6712,,279578.1849,
605599.SH,20260306,0.8324,2.2343,,1877555.6092,
603082.SH,20260306,7.4529,7.4529,,646801.2139,
688758.SH,20260306,0.7929,1.3389,,776705.5167,
920943.BJ,20260306,3.7191,5.8827,,248219.7692,
688331.SH,20260306,6.2177,6.2177,,5977816.545,
920019.BJ,20260306,1.854,5.523,,452493.9384,
300569.SZ,20260306,3.1792,4.1121,,676016.0791,
603385.SH,20260306,1.1929,2.9739,,272556.1171,
002812.SZ,20260306,1.8762,2.7324,,6016098.3391,
000017.SZ,20260306,1.5143,2.7874,,518956.2545,
600965.SH,20260306,2.2218,5.7785,,488764.4701,
301577.SZ,20260306,18.0273,18.0273,,304129.243,
301565.SZ,20260306,7.7838,10.2712,,948823.72,
688559.SH,20260306,3.0647,4.1934,,1403802.7433,
600780.SH,20260306,2.4659,5.9888,,773889.203,
603344.SH,20260306,2.4891,2.4891,,575033.5769,
601166.SH,20260306,0.2782,0.3893,,39193609.3027,
600629.SH,20260306,6.0513,12.3481,,2175499.2735,
600343.SH,20260306,8.5223,15.1603,,2243295.3132,
920436.BJ,20260306,0.6997,1.8713,,154657.212,
001296.SZ,20260306,2.9519,3.9191,,406738.1628,
301052.SZ,20260306,4.0913,4.4223,,368128.7411,
002294.SZ,20260306,0.9518,2.2848,,5664382.8143,
000014.SZ,20260306,4.0155,6.0856,,318774.877,
002055.SZ,20260306,2.0021,2.1368,,382037.6907,
603586.SH,20260306,0.7927,1.9657,,350346.3179,
002054.SZ,20260306,9.438,10.5442,,478740.6438,
600136.SH,20260306,1.238,1.9953,,383675.275,
002987.SZ,20260306,0.8496,2.0183,,1580512.3969,
603602.SH,20260306,1.8016,2.6007,,326253.1815,
001359.SZ,20260306,2.4329,2.4329,,1446739.1838,
