ts_code,trade_date,turnover_rate,turnover_rate_f,volume_ratio,total_mv,float_mv
600133.SH,20260303,3.7997,4.5824,,993735.5635,
300011.SZ,20260303,3.7945,5.0726,,529255.4082,
300872.SZ,20260303,2.9351,3.4383,,841032.626,
301110.SZ,20260303,3.4283,4.8356,,598703.6045,
301036.SZ,20260303,3.7106,5.6177,,306800.0,
001219.SZ,20260303,2.0003,3.842,,282921.4213,
603950.SH,20260303,8.8366,24.0489,,1622598.7848,
301088.SZ,20260303,1.1585,3.7751,,352105.5,
688097.SH,20260303,3.3596,10.8574,,2009914.9425,
000951.SZ,20260303,2.4227,5.007,,2272197.3422,
300529.SZ,20260303,1.1078,1.3832,,1518148.6278,
920098.BJ,20260303,4.0135,6.0101,,239244.5256,
003005.SZ,20260303,2.7718,3.5317,,453753.2231,
688525.SH,20260303,6.6133,9.2871,,6850953.6589,
603716.SH,20260303,4.3414,5.1003,,430908.2083,
300549.SZ,20260303,4.1393,5.6808,,234678.4,
002259.SZ,20260303,12.6092,17.5928,,433341.0818,
688108.SH,20260303,3.0241,3.943,,854711.84,
301113.SZ,20260303,3.3131,7.5149,,234234.0,
001333.SZ,20260303,4.8559,4.8559,,332928.0,
300999.SZ,20260303,2.9072,2.9072,,15793096.1444,
300329.SZ,20260303,3.324,5.9914,,343928.7408,
600249.SH,20260303,2.1923,3.419,,314600.0,
300707.SZ,20260303,9.2022,11.0532,,295353.0696,
603826.SH,20260303,1.741,6.4279,,1303192.8,
600397.SH,20260303,12.7135,20.9599,,1915572.3717,
000428.SZ,20260303,2.2395,4.9984,,378021.546,
600866.SH,20260303,4.0611,5.4901,,1279333.9143,
002146.SZ,20260303,5.0864,7.3701,,669617.2331,
300976.SZ,20260303,2.9925,5.4678,,761309.6342,
600648.SH,20260303,0.2871,0.8014,,1395269.9357,
300911.SZ,20260303,7.4953,16.178,,825193.7922,
920879.BJ,20260303,2.1471,4.2565,,372946.4328,
688114.SH,20260303,1.3662,2.5744,,2414960.6667,
600967.SH,20260303,2.8646,6.4674,,2945806.5686,
000782.SZ,20260303,6.0275,6.8786,,406456.2533,
300600.SZ,20260303,3.6706,7.0794,,414870.6168,
002774.SZ,20260303,2.4376,6.0567,,357899.2377,
000972.SZ,20260303,1.6956,2.6345,,286146.2078,
000856.SZ,20260303,4.2525,6.075,,237669.0,
603896.SH,20260303,3.6541,6.2588,,414528.0179,
002430.SZ,20260303,1.5923,3.8963,,3190413.7212,
920152.BJ,20260303,2.509,3.0599,,224910.234,
688376.SH,20260303,2.0093,4.6685,,811646.9159,
002971.SZ,20260303,5.4382,7.0896,,717849.45,
301299.SZ,20260303,3.8726,6.1327,,372849.958,
301386.SZ,20260303,8.9301,8.9301,,368480.0,
301587.SZ,20260303,3.9499,4.3498,,340622.4285,
688221.SH,20260303,3.7678,6.3941,,692970.5081,
603931.SH,20260303,2.288,6.3383,,607854.8255,
688567.SH,20260303,1.5135,2.5924,,1671838.1147,
688530.SH,20260303,23.6445,23.6445,,591045.535,
301363.SZ,20260303,3.8773,9.2638,,1619007.3783,
920533.BJ,20260303,3.5699,5.0795,,336307.8476,
600301.SH,20260303,10.4718,14.41,,4490596.5334,
600170.SH,20260303,3.8652,7.0152,,2514720.9476,
603589.SH,20260303,1.1287,1.8488,,1622100.0081,
002442.SZ,20260303,2.3754,3.8171,,319085.5798,
688169.SH,20260303,1.6118,2.0399,,3501563.4572,
600149.SH,20260303,19.1621,29.6179,,241021.44,
300478.SZ,20260303,6.1286,8.5092,,333656.682,
002209.SZ,20260303,4.7019,5.5989,,293368.8197,
601019.SH,20260303,0.5132,2.5058,,1857341.0,
300237.SZ,20260303,2.7574,3.7806,,347501.4981,
002212.SZ,20260303,3.4214,3.4214,,935306.926,
002347.SZ,20260303,5.8452,8.3491,,455746.1552,
688322.SH,20260303,2.9685,4.67,,3300213.6625,
688225.SH,20260303,1.6505,3.1573,,806420.16,
300692.SZ,20260303,4.1303,5.0569,,372553.5575,
300768.SZ,20260303,1.9617,3.9279,,1110605.0923,
300462.SZ,20260303,2.4903,2.757,,214566.7746,
603536.SH,20260303,2.0417,4.7292,,246743.634,
600235.SH,20260303,2.6471,4.1552,,246963.9,
300820.SZ,20260303,5.8589,8.7264,,1174384.8943,
003000.SZ,20260303,1.6845,2.2683,,487416.5859,
920402.BJ,20260303,2.5704,5.1769,,419949.7667,
001236.SZ,20260303,1.8855,5.2167,,990645.5558,
688653.SH,20260303,3.4527,3.4527,,562011.52,
002179.SZ,20260303,2.2164,4.1295,,7399120.7777,
688222.SH,20260303,3.4782,6.4104,,1063004.04,
601702.SH,20260303,1.5381,5.1272,,2227721.7686,
603373.SH,20260303,5.5307,8.1277,,440322.5818,
300421.SZ,20260303,7.0714,8.0234,,733017.9966,
600755.SH,20260303,3.8326,6.2817,,1462132.8303,
600415.SH,20260303,1.3159,3.2142,,7726334.9494,
600486.SH,20260303,1.6074,2.7497,,3242197.0187,
002513.SZ,20260303,5.1673,6.1318,,258408.6569,
300682.SZ,20260303,3.4424,5.6576,,1876130.3285,
002714.SZ,20260303,1.1806,1.8564,,26692970.9046,
688419.SH,20260303,6.2516,12.0895,,513306.0288,
300225.SZ,20260303,2.0938,2.4578,,235337.6471,
300988.SZ,20260303,4.6285,7.6241,,363229.8573,
002494.SZ,20260303,4.1992,4.6931,,208275.5163,
601512.SH,20260303,0.366,1.9264,,1378978.8,
688571.SH,20260303,1.3392,3.7703,,325763.0976,
002575.SZ,20260303,11.1044,12.1519,,427234.5,
600650.SH,20260303,1.4041,3.1769,,793215.3339,
300157.SZ,20260303,36.7911,44.2665,,759215.2709,
600651.SH,20260303,1.1593,3.2543,,1862721.8151,
605033.SH,20260303,6.4859,23.8026,,310689.6,
000816.SZ,20260303,6.909,9.3035,,562888.1807,
300538.SZ,20260303,4.871,6.0282,,285612.1596,
300766.SZ,20260303,13.5946,14.6726,,1620053.0027,
688021.SH,20260303,3.5013,5.8634,,183087.2659,
001210.SZ,20260303,3.6159,4.841,,351260.3942,
003013.SZ,20260303,0.6456,2.903,,642219.3048,
000526.SZ,20260303,1.2979,2.0526,,426513.8815,
600353.SH,20260303,5.575,9.6036,,1474037.8005,
600750.SH,20260303,1.1156,1.9769,,1603652.3281,
002921.SZ,20260303,10.1993,13.2138,,391493.4938,
002328.SZ,20260303,4.4872,5.0766,,510139.97,
002024.SZ,20260303,0.2588,0.7209,,1408244.6779,
603806.SH,20260303,2.0044,5.2652,,4601815.9329,
000563.SZ,20260303,1.5694,2.7808,,1795003.5957,
600078.SH,20260303,10.7752,18.5132,,825034.8776,
603210.SH,20260303,3.6627,3.6627,,636548.0,
301080.SZ,20260303,3.4099,4.4143,,734077.2587,
603663.SH,20260303,6.0284,14.1659,,2229096.4835,
600815.SH,20260303,3.2355,6.259,,560613.8557,
002050.SZ,20260303,4.003,7.1537,,19600928.9092,
300788.SZ,20260303,6.5362,24.6648,,767831.8176,
603788.SH,20260303,1.2506,2.563,,351104.417,
605259.SH,20260303,3.9419,9.044,,381870.72,
002117.SZ,20260303,2.2219,3.213,,571903.2829,
920925.BJ,20260303,5.8609,8.5812,,193179.7816,
002634.SZ,20260303,3.1752,4.1346,,316034.5289,
000859.SZ,20260303,7.4213,10.4693,,954214.7286,
688360.SH,20260303,1.7724,3.4435,,474742.2006,
688737.SH,20260303,3.2101,5.1091,,320432.8841,
300286.SZ,20260303,7.2258,10.1165,,746335.1333,
603883.SH,20260303,1.0514,2.0106,,1099631.952,
300517.SZ,20260303,6.1376,7.6844,,238492.0329,
600638.SH,20260303,1.6565,2.6463,,443095.0852,
300417.SZ,20260303,5.0689,6.1077,,182871.3888,
002756.SZ,20260303,8.8552,10.1068,,3547827.2347,
920245.BJ,20260303,1.2962,2.6976,,138698.745,
688022.SH,20260303,3.8739,5.2515,,286681.6681,
002404.SZ,20260303,2.4405,3.7222,,381955.151,
600057.SH,20260303,1.2315,2.8115,,2434385.0635,
000921.SZ,20260303,0.9778,2.4027,,3189335.2768,
920403.BJ,20260303,17.6254,23.1164,,268175.5549,
688765.SH,20260303,4.6969,4.6969,,2533245.0,
600039.SH,20260303,0.3084,2.6593,,8756459.7795,
000031.SZ,20260303,0.8712,2.8357,,1465919.1619,
000738.SZ,20260303,5.1168,10.211,,3348458.4665,
600888.SH,20260303,3.5617,6.2679,,1312983.3867,
600340.SH,20260303,4.0086,6.5957,,602712.9327,
688489.SH,20260303,1.0991,2.6178,,470631.5265,
603209.SH,20260303,10.4395,17.4179,,567125.0,
603159.SH,20260303,1.0224,2.3123,,349580.0,
600812.SH,20260303,1.2613,2.8031,,957377.5465,
688561.SH,20260303,1.8774,4.9876,,2251433.9925,
600955.SH,20260303,1.3619,2.9692,,1046650.0,
002712.SZ,20260303,4.673,7.5147,,293909.1469,
603566.SH,20260303,1.8501,2.7041,,467530.1308,
920208.BJ,20260303,1.2707,1.4774,,323137.9979,
000061.SZ,20260303,1.4319,3.9742,,1832119.1858,
605507.SH,20260303,0.8523,1.8607,,1480882.275,
002082.SZ,20260303,2.6479,4.8358,,1027637.6124,
601108.SH,20260303,1.3012,1.9249,,3910048.8813,
920519.BJ,20260303,13.0622,15.007,,122908.4092,
301229.SZ,20260303,4.0482,5.2897,,342656.2444,
301378.SZ,20260303,8.7499,11.2292,,330565.2,
920981.BJ,20260303,3.9557,6.0073,,246226.96,
601100.SH,20260303,0.8334,2.3374,,14326672.2995,
688075.SH,20260303,0.3817,1.4891,,492827.1178,
600478.SH,20260303,6.9842,9.8054,,1282466.5053,
688600.SH,20260303,1.9391,3.5075,,347278.4872,
301336.SZ,20260303,4.624,5.8289,,219320.0,
301285.SZ,20260303,6.1241,6.1256,,1669480.26,
603266.SH,20260303,2.0391,4.5501,,384050.3143,
603076.SH,20260303,2.533,5.1295,,308391.9339,
300880.SZ,20260303,2.1856,4.8528,,377590.6368,
300175.SZ,20260303,2.0259,2.6639,,301782.8,
301281.SZ,20260303,6.8276,9.8325,,448970.34,
688468.SH,20260303,1.4571,2.3156,,299627.676,
600663.SH,20260303,0.3627,1.4259,,4083509.6337,
002552.SZ,20260303,2.9696,8.1723,,779850.5153,
688401.SH,20260303,2.1649,3.573,,993811.0484,
300226.SZ,20260303,6.4292,8.7344,,864691.2179,
300627.SZ,20260303,4.2367,5.6936,,2760418.7181,
600082.SH,20260303,12.4846,17.7699,,230017.2341,
603958.SH,20260303,5.9593,16.3279,,429506.88,
301429.SZ,20260303,4.1809,5.2347,,243533.2,
605180.SH,20260303,1.6433,5.7158,,253500.0,
002103.SZ,20260303,3.3011,4.0959,,474968.6552,
300609.SZ,20260303,4.0564,4.7735,,438057.1694,
920003.BJ,20260303,2.169,2.169,,198672.858,
002479.SZ,20260303,2.6639,4.1024,,468830.0,
688627.SH,20260303,7.1166,7.1166,,2500712.6564,
601921.SH,20260303,0.641,3.3739,,1748888.8895,
002925.SZ,20260303,3.3046,9.8415,,1762492.1171,
002123.SZ,20260303,3.5239,3.668,,881936.6411,
603799.SH,20260303,4.1368,5.2207,,13603329.6085,
001360.SZ,20260303,9.3253,9.6322,,533868.0,
002049.SZ,20260303,3.2925,4.4495,,6383230.048,
301300.SZ,20260303,4.7293,7.9408,,295954.168,
000565.SZ,20260303,5.3793,9.048,,349908.9215,
605138.SH,20260303,0.7696,3.1997,,393344.5491,
605365.SH,20260303,1.5376,9.1679,,1011053.9323,
002434.SZ,20260303,2.4675,5.0015,,1141962.0,
000523.SZ,20260303,4.9752,6.8918,,660768.646,
002530.SZ,20260303,3.8659,4.9753,,737900.6717,
688219.SH,20260303,2.8884,4.9272,,640833.6,
688575.SH,20260303,1.1989,2.1414,,793086.9604,
301638.SZ,20260303,27.5773,27.5773,,7411764.6861,
688186.SH,20260303,11.2061,14.115,,716650.3046,
603226.SH,20260303,2.0266,7.1809,,1047634.2462,
300986.SZ,20260303,7.2758,12.6881,,1157234.8958,
002496.SZ,20260303,2.3883,2.646,,284934.449,
601018.SH,20260303,0.5607,3.5552,,8209751.9044,
600749.SH,20260303,2.2019,4.0083,,358151.5858,
002657.SZ,20260303,3.8792,4.2378,,854890.7154,
001259.SZ,20260303,9.1018,17.949,,231216.2861,
000981.SZ,20260303,6.3247,10.9835,,4628829.0211,
301032.SZ,20260303,2.71,4.913,,311303.2194,
000408.SZ,20260303,1.6338,3.6703,,12569657.0887,
600117.SH,20260303,1.1406,3.1334,,943983.3085,
000601.SZ,20260303,8.2133,11.6728,,590710.5448,
600919.SH,20260303,0.7602,1.0531,,19213836.7128,
300980.SZ,20260303,3.4313,4.0434,,441532.5032,
605266.SH,20260303,1.2192,2.4176,,307849.5126,
603326.SH,20260303,1.3275,4.1525,,305133.1451,
688236.SH,20260303,1.0974,5.9696,,781712.603,
002241.SZ,20260303,3.2482,4.1628,,8949207.8084,
603092.SH,20260303,9.8123,9.8123,,2655600.6639,
300775.SZ,20260303,12.1425,17.2831,,2141461.2527,
300043.SZ,20260303,4.301,6.3015,,719146.6758,
603685.SH,20260303,3.0949,6.1297,,707429.6512,
688526.SH,20260303,0.912,3.3533,,735550.0724,
000301.SZ,20260303,1.3215,4.0273,,9639173.8022,
920002.BJ,20260303,3.2733,5.3076,,414441.0325,
002164.SZ,20260303,3.4485,5.4504,,684375.3641,
301077.SZ,20260303,3.5176,5.847,,479622.6136,
300248.SZ,20260303,3.2979,3.4532,,560185.7102,
605298.SH,20260303,1.7583,6.2858,,836683.9,
603948.SH,20260303,2.0429,7.4866,,455132.1568,
002796.SZ,20260303,9.1217,13.2784,,1327450.1465,
600655.SH,20260303,0.5955,1.2848,,1965691.4279,
600307.SH,20260303,1.9154,4.6484,,1171247.8383,
601006.SH,20260303,1.8077,3.5416,,10476532.4123,
603828.SH,20260303,0.8432,1.6947,,401081.1863,
603955.SH,20260303,1.432,2.355,,387616.32,
920415.BJ,20260303,2.1838,3.0178,,195170.4554,
301320.SZ,20260303,4.7119,4.7119,,311055.09,
601330.SH,20260303,1.8847,5.9989,,1052910.0816,
603365.SH,20260303,0.7819,1.9412,,528930.0445,
603281.SH,20260303,1.047,1.5201,,1204746.6688,
300005.SZ,20260303,3.3816,4.5529,,1219509.0167,
002938.SZ,20260303,1.6028,5.8572,,12408527.0886,
002659.SZ,20260303,3.9174,5.5963,,337430.1366,
002883.SZ,20260303,3.1637,4.9599,,156469.4803,
300713.SZ,20260303,9.5996,13.4154,,290141.6407,
603610.SH,20260303,2.0821,4.7989,,662212.281,
301512.SZ,20260303,5.3165,7.5714,,261386.9934,
920748.BJ,20260303,8.5806,22.1347,,323842.8,
688139.SH,20260303,1.1099,2.0922,,992205.3105,
002521.SZ,20260303,1.2998,1.5236,,454209.5116,
603358.SH,20260303,1.1135,2.9321,,2343548.2062,
300731.SZ,20260303,14.6077,18.2874,,945583.4621,
000910.SZ,20260303,0.9856,1.8408,,402337.1625,
002933.SZ,20260303,5.9516,9.6876,,396173.6,
600867.SH,20260303,2.6268,4.4945,,1739186.0322,
600389.SH,20260303,3.7515,5.281,,1226491.2,
002172.SZ,20260303,3.1228,4.5096,,321607.5912,
300985.SZ,20260303,6.5973,23.8522,,484186.3981,
600495.SH,20260303,1.8036,2.6299,,577515.2435,
301263.SZ,20260303,1.3774,1.7173,,1254366.63,
301103.SZ,20260303,1.0678,1.4985,,321109.7891,
300201.SZ,20260303,5.4717,7.154,,922265.8568,
605218.SH,20260303,1.5224,4.6514,,386718.3968,
002245.SZ,20260303,7.8039,9.0336,,1994938.4185,
000703.SZ,20260303,1.7198,5.1755,,4571726.9639,
688005.SH,20260303,3.2848,4.4934,,2086998.3724,
920039.BJ,20260303,1.3424,4.0968,,171970.76,
601398.SH,20260303,0.2117,1.8296,,253761255.0474,
002031.SZ,20260303,3.1773,3.4408,,1554972.7387,
920261.BJ,20260303,1.7864,2.6727,,462901.0693,
600230.SH,20260303,9.0776,16.8139,,1021655.785,
301552.SZ,20260303,4.6568,4.6568,,366710.4,
688528.SH,20260303,1.7634,5.2324,,189840.0,
605028.SH,20260303,2.7927,11.1707,,445280.0,
600237.SH,20260303,7.7889,10.1895,,628181.3384,
002465.SZ,20260303,10.0063,13.717,,4199263.04,
300732.SZ,20260303,2.3565,4.0611,,269767.7324,
002428.SZ,20260303,19.4796,24.3519,,2867196.8,
600007.SH,20260303,0.2993,1.5464,,2018594.1981,
688701.SH,20260303,2.7232,5.4327,,131054.7151,
000756.SZ,20260303,2.1289,4.1336,,1052688.6703,
688118.SH,20260303,12.9734,16.2076,,309438.2203,
300068.SZ,20260303,3.9433,4.5181,,1346652.5812,
920491.BJ,20260303,3.3262,3.5801,,359915.109,
603829.SH,20260303,3.8164,9.8349,,448715.177,
002646.SZ,20260303,1.6245,2.791,,407720.8859,
003025.SZ,20260303,2.479,4.1592,,397534.9812,
300552.SZ,20260303,6.1496,7.5746,,651761.0565,
300801.SZ,20260303,6.9551,10.6324,,604832.67,
601369.SH,20260303,1.3957,3.6642,,1971654.8188,
002518.SZ,20260303,2.2907,5.6427,,3284913.9803,
600597.SH,20260303,0.9551,1.9752,,1090372.7465,
603515.SH,20260303,0.238,1.5888,,1354124.8831,
300508.SZ,20260303,7.0955,11.87,,451935.8008,
002058.SZ,20260303,1.9087,3.5966,,329931.1636,
688303.SH,20260303,0.7165,2.8652,,5084137.5659,
600262.SH,20260303,4.0188,6.5372,,500990.0,
002375.SZ,20260303,2.0508,4.4237,,548058.5677,
000799.SZ,20260303,4.7049,6.819,,1601250.0134,
300333.SZ,20260303,2.9576,3.4534,,332976.0,
301230.SZ,20260303,6.1769,10.1365,,549412.8773,
002386.SZ,20260303,3.5914,5.3568,,794004.7145,
300720.SZ,20260303,5.524,12.1307,,746769.645,
600006.SH,20260303,1.133,2.8402,,1338000.0,
603520.SH,20260303,2.7003,3.4769,,422627.1253,
300703.SZ,20260303,2.8468,4.2562,,409128.6931,
002983.SZ,20260303,3.6977,7.4058,,522257.824,
002668.SZ,20260303,1.3894,2.7893,,1045083.4166,
920694.BJ,20260303,16.7539,30.9133,,317936.9617,
600960.SH,20260303,5.3515,9.6872,,517080.4418,
601099.SH,20260303,2.797,3.1397,,2746975.4971,
600526.SH,20260303,1.6426,2.9656,,515447.6472,
300938.SZ,20260303,5.0676,8.2816,,908241.378,
002968.SZ,20260303,1.8101,3.6897,,283526.0621,
300793.SZ,20260303,2.7343,3.803,,590986.9534,
002378.SZ,20260303,12.1231,28.2105,,5001501.7436,
600488.SH,20260303,0.7834,1.7852,,453132.9722,
001268.SZ,20260303,1.9131,2.686,,347653.2688,
601198.SH,20260303,1.0756,1.9557,,4467239.7086,
600276.SH,20260303,0.9428,1.5468,,35582028.5245,
605333.SH,20260303,0.9259,4.0094,,1249660.8134,
002035.SZ,20260303,1.6731,2.0874,,523002.2823,
605081.SH,20260303,2.7959,3.8814,,112341.0954,
301317.SZ,20260303,18.1109,21.1011,,817545.19,
301306.SZ,20260303,9.3841,13.9325,,845856.8,
688348.SH,20260303,4.7099,12.6944,,845148.3685,
002114.SZ,20260303,10.6684,14.6941,,323718.6623,
603312.SH,20260303,5.8874,5.8874,,738237.693,
000430.SZ,20260303,1.3587,2.1802,,585366.374,
601238.SH,20260303,0.44,1.8242,,7974105.5338,
301613.SZ,20260303,7.0675,9.5142,,769550.6715,
600929.SH,20260303,1.8033,4.8846,,1049672.4838,
300008.SZ,20260303,17.9379,20.6449,,1593242.8606,
600028.SH,20260303,1.5856,10.7099,,94563752.1216,
002348.SZ,20260303,5.6743,8.0472,,746393.6,
300331.SZ,20260303,9.7077,10.5356,,1234953.8322,
603389.SH,20260303,0.7634,1.931,,1143233.952,
002825.SZ,20260303,2.4551,3.7975,,357928.8131,
605018.SH,20260303,2.0385,9.284,,551857.241,
002132.SZ,20260303,3.6591,4.7744,,528382.3511,
688020.SH,20260303,2.7404,5.7611,,751241.76,
300659.SZ,20260303,5.744,6.5452,,376527.3786,
600118.SH,20260303,7.5366,15.5274,,10882447.5094,
300036.SZ,20260303,4.5945,4.6359,,847558.5812,
000837.SZ,20260303,2.9851,5.4595,,1177640.8584,
688699.SH,20260303,4.6851,9.7059,,505196.6976,
300413.SZ,20260303,2.4362,4.1723,,4233441.2043,
920855.BJ,20260303,1.7588,5.7953,,134744.1994,
002324.SZ,20260303,4.2894,5.4183,,1853152.1892,
300004.SZ,20260303,5.5712,7.4997,,683990.8772,
300756.SZ,20260303,2.4186,2.4354,,695795.947,
300915.SZ,20260303,2.8063,4.6289,,325672.0256,
001318.SZ,20260303,1.5356,5.0741,,406465.08,
300373.SZ,20260303,3.8472,7.3892,,4292447.5173,
300341.SZ,20260303,1.7217,4.5377,,804573.0725,
605123.SH,20260303,5.5905,12.849,,1245515.5989,
600717.SH,20260303,2.548,5.9562,,1403590.5034,
301262.SZ,20260303,7.845,10.9165,,1032075.0,
605068.SH,20260303,1.2027,3.5622,,441179.9064,
688033.SH,20260303,8.1345,10.8809,,542521.6451,
301667.SZ,20260303,8.811,8.811,,690006.4584,
603280.SH,20260303,7.0751,7.0751,,388854.7145,
600481.SH,20260303,13.9557,23.7445,,1568762.9908,
002845.SZ,20260303,4.1644,4.9212,,471674.4552,
002615.SZ,20260303,6.8117,8.6704,,431297.6521,
301030.SZ,20260303,6.7436,9.5833,,240633.7794,
920223.BJ,20260303,4.9071,7.7746,,284371.28,
002056.SZ,20260303,2.5415,5.0883,,3484417.2625,
600188.SH,20260303,3.2525,12.6034,,20576835.1152,
002459.SZ,20260303,3.5741,6.8081,,3928599.1836,
688188.SH,20260303,0.8455,2.3879,,4301787.1824,
600416.SH,20260303,3.0087,4.9904,,2057240.6433,
300897.SZ,20260303,2.0303,3.6111,,363730.1716,
300119.SZ,20260303,1.831,2.305,,869556.0549,
603937.SH,20260303,2.3158,6.2698,,262782.3318,
600580.SH,20260303,3.398,5.5664,,6339072.8596,
600682.SH,20260303,1.9677,3.6113,,945627.9514,
603298.SH,20260303,0.8025,2.0849,,3666163.9252,
300745.SZ,20260303,6.4888,7.3151,,443004.8354,
603936.SH,20260303,9.127,11.82,,823299.7932,
002090.SZ,20260303,5.3332,6.7632,,469075.7501,
920422.BJ,20260303,4.5552,9.9119,,112461.5244,
920640.BJ,20260303,6.5519,14.1434,,810046.32,
002029.SZ,20260303,3.2728,5.5397,,743799.8315,
301197.SZ,20260303,5.7534,7.9621,,291345.18,
300821.SZ,20260303,3.997,9.6562,,1609200.0,
920425.BJ,20260303,4.9839,7.4428,,162373.7584,
300457.SZ,20260303,2.5594,4.3533,,1643272.0031,
920339.BJ,20260303,0.7874,2.175,,197522.8086,
688291.SH,20260303,3.3354,10.1712,,493826.827,
920809.BJ,20260303,4.7598,4.7598,,418735.95,
000960.SZ,20260303,6.8118,12.1164,,7228362.1732,
300651.SZ,20260303,10.4705,13.4365,,407107.5305,
601872.SH,20260303,4.7005,14.9363,,15866468.1564,
002526.SZ,20260303,5.353,6.7935,,654285.3378,
300442.SZ,20260303,6.5921,16.2337,,15769781.1359,
688278.SH,20260303,0.4632,1.1746,,2989987.941,
920414.BJ,20260303,12.9569,14.7664,,119702.0047,
000686.SZ,20260303,1.1617,2.0242,,2054917.6594,
000893.SZ,20260303,1.8892,2.8042,,5338243.7073,
600208.SH,20260303,1.1157,2.5982,,2969620.3392,
000036.SZ,20260303,4.1635,5.9377,,718755.1872,
600872.SH,20260303,1.3423,1.7456,,1443356.1087,
601008.SH,20260303,13.0285,31.6976,,764233.0117,
603383.SH,20260303,2.4317,4.1755,,674670.2088,
300565.SZ,20260303,16.8278,17.3734,,339098.8631,
920375.BJ,20260303,3.1923,3.7211,,150412.911,
688277.SH,20260303,4.7676,6.7496,,1110796.5948,
600615.SH,20260303,2.3013,3.2894,,265560.166,
002482.SZ,20260303,1.995,4.259,,645165.5264,
300541.SZ,20260303,7.1324,7.1324,,640336.2486,
688663.SH,20260303,7.3183,11.7727,,793813.9806,
600141.SH,20260303,3.9549,6.1566,,4396938.0289,
600280.SH,20260303,2.744,6.3819,,383633.8279,
688400.SH,20260303,3.4777,6.7585,,1984965.8123,
920037.BJ,20260303,5.4441,5.4441,,728776.4509,
301559.SZ,20260303,9.9426,9.9426,,1095600.0,
300271.SZ,20260303,2.3001,3.0359,,583727.8239,
603728.SH,20260303,1.8042,4.2305,,2622623.3325,
600613.SH,20260303,1.8968,3.6399,,331658.481,
300518.SZ,20260303,2.9185,4.0501,,361333.7757,
600018.SH,20260303,0.764,6.2952,,12082299.5016,
301557.SZ,20260303,7.8412,7.8412,,409360.4202,
600199.SH,20260303,4.0654,5.5766,,591359.3448,
000597.SZ,20260303,1.2168,2.8102,,740658.8095,
002857.SZ,20260303,2.8009,4.0982,,276029.642,
002275.SZ,20260303,0.7229,2.6733,,817307.9226,
600869.SH,20260303,4.9496,10.7149,,2993906.8544,
002234.SZ,20260303,2.46,3.3949,,317902.7531,
600570.SH,20260303,2.2662,2.8609,,5242954.3506,
600628.SH,20260303,1.2836,2.3022,,485156.538,
300021.SZ,20260303,6.0032,8.1613,,494825.855,
603167.SH,20260303,4.7715,7.9759,,466798.7805,
600159.SH,20260303,1.9866,3.7985,,244020.9502,
688618.SH,20260303,2.3771,6.3626,,345982.8782,
301117.SZ,20260303,15.9517,19.7574,,661730.8403,
002805.SZ,20260303,12.4225,17.8429,,466584.1383,
688168.SH,20260303,1.5286,2.3367,,527791.0574,
300550.SZ,20260303,2.4959,4.9743,,336076.9805,
920792.BJ,20260303,3.0677,4.7597,,214043.22,
002186.SZ,20260303,1.8256,3.2568,,338534.5116,
605020.SH,20260303,3.4514,5.8489,,1495677.2209,
300490.SZ,20260303,8.3135,10.6228,,624716.9462,
688176.SH,20260303,2.9729,3.4193,,650563.1836,
300306.SZ,20260303,3.8631,5.1073,,351529.1228,
600794.SH,20260303,6.6257,10.3589,,493262.5365,
300844.SZ,20260303,0.8851,3.1277,,371818.2003,
300665.SZ,20260303,4.277,5.2663,,172310.2895,
002196.SZ,20260303,10.8937,12.4198,,721989.5301,
000090.SZ,20260303,1.5612,2.5838,,719389.9921,
600429.SH,20260303,2.9256,10.2407,,794605.1154,
300077.SZ,20260303,6.4788,6.4788,,1142928.332,
301509.SZ,20260303,5.0374,5.0374,,427826.5683,
300105.SZ,20260303,2.5761,4.4255,,392534.7736,
603239.SH,20260303,1.6763,3.9944,,606412.8,
603906.SH,20260303,2.8129,4.8624,,1192037.2912,
002765.SZ,20260303,3.0702,4.0615,,708211.1057,
603105.SH,20260303,4.01,6.6957,,500009.102,
603132.SH,20260303,1.9222,11.779,,1689984.0,
002913.SZ,20260303,3.4664,10.4906,,1397655.6596,
600956.SH,20260303,2.622,21.2853,,3926042.9735,
601818.SH,20260303,1.0276,3.0284,,19261889.6459,
600926.SH,20260303,0.9017,1.3302,,11946356.1991,
002166.SZ,20260303,1.8492,3.0937,,645941.8092,
920047.BJ,20260303,1.3567,1.4848,,581182.3129,
000529.SZ,20260303,1.4851,3.3516,,349690.4077,
300559.SZ,20260303,2.6953,3.632,,451451.4607,
603189.SH,20260303,3.1242,5.1587,,532088.4409,
688426.SH,20260303,3.3871,3.3871,,258060.5845,
001389.SZ,20260303,6.4589,6.4589,,4585931.4375,
600841.SH,20260303,3.6812,11.7091,,1380882.6751,
300968.SZ,20260303,1.9705,4.2085,,524992.6,
300634.SZ,20260303,5.1297,8.6006,,1178111.6599,
300295.SZ,20260303,4.3536,4.6565,,192078.6923,
688370.SH,20260303,1.0372,3.2505,,377457.9909,
301106.SZ,20260303,1.9753,6.2605,,315432.7253,
300126.SZ,20260303,2.5742,3.7805,,259579.7904,
920578.BJ,20260303,5.0464,5.0464,,168406.9716,
301093.SZ,20260303,2.8945,5.2026,,1314269.7985,
600827.SH,20260303,0.6828,1.5574,,1561147.1024,
300718.SZ,20260303,3.3438,5.1191,,2219031.8558,
600330.SH,20260303,17.1739,21.1754,,2214014.7767,
300378.SZ,20260303,4.7332,5.8892,,1189397.0154,
000708.SZ,20260303,0.5578,3.4541,,8943563.9849,
603501.SH,20260303,1.449,2.3013,,14671389.3823,
603399.SH,20260303,6.899,9.8053,,576839.2708,
301616.SZ,20260303,6.5971,6.5971,,397440.0,
603288.SH,20260303,0.3963,1.5159,,21101680.7481,
300158.SZ,20260303,2.9482,4.2406,,562635.8328,
688017.SH,20260303,5.6901,8.6995,,3842232.7598,
002626.SZ,20260303,1.4439,3.0983,,1163145.6083,
600816.SH,20260303,1.6121,2.5647,,2736756.6146,
688590.SH,20260303,3.8032,5.3462,,400918.7668,
002301.SZ,20260303,2.0831,3.6254,,513571.2483,
603639.SH,20260303,1.2752,3.7111,,495451.5504,
600130.SH,20260303,2.7585,3.3153,,333000.0,
605377.SH,20260303,2.7897,5.2195,,494879.8683,
300094.SZ,20260303,8.3992,10.9149,,403883.8766,
300862.SZ,20260303,3.8983,4.4459,,421298.0524,
000692.SZ,20260303,3.5686,5.0973,,212600.3574,
600299.SH,20260303,2.153,15.2759,,3671096.8743,
688408.SH,20260303,3.0616,5.1699,,983386.7623,
300596.SZ,20260303,2.6455,3.9406,,1097582.0083,
920092.BJ,20260303,4.4547,7.9144,,212871.2913,
920185.BJ,20260303,0.651,2.4239,,3160754.7352,
688529.SH,20260303,1.593,2.8265,,314489.0321,
688616.SH,20260303,2.7768,6.1219,,242698.7925,
603289.SH,20260303,1.7911,4.893,,305711.3818,
000029.SZ,20260303,0.8293,2.7074,,2210477.1,
002016.SZ,20260303,1.5199,3.8265,,474130.0404,
300760.SZ,20260303,0.7066,1.4561,,21872442.7478,
301603.SZ,20260303,6.2153,6.9575,,839885.8,
301216.SZ,20260303,1.9649,3.1058,,1189386.712,
601899.SH,20260303,2.0101,2.8524,,103327702.982,
002887.SZ,20260303,5.4453,9.6638,,346071.6996,
002392.SZ,20260303,1.7519,2.3392,,948821.1987,
300573.SZ,20260303,3.9286,4.3298,,1697160.1524,
002713.SZ,20260303,4.1755,5.626,,917154.5974,
000963.SZ,20260303,0.5421,1.2941,,5968933.6263,
600715.SH,20260303,1.913,2.5537,,885048.063,
300650.SZ,20260303,6.819,8.2185,,364554.5304,
301370.SZ,20260303,1.3282,2.5675,,518601.2,
688173.SH,20260303,2.9909,5.5437,,623202.8814,
002511.SZ,20260303,2.9826,6.0892,,1129439.7198,
300061.SZ,20260303,3.2085,3.9691,,612864.1196,
603367.SH,20260303,1.7623,3.3406,,750666.3459,
600795.SH,20260303,1.9688,4.445,,8846467.0647,
300965.SZ,20260303,3.7635,12.7193,,356160.0,
300922.SZ,20260303,11.0928,13.2209,,343402.9847,
300614.SZ,20260303,5.6689,9.9247,,239217.0524,
001696.SZ,20260303,6.0298,7.6246,,2488143.4972,
000712.SZ,20260303,2.2785,3.3952,,1100288.0,
000679.SZ,20260303,1.6191,2.2506,,250905.6,
603290.SH,20260303,3.2467,6.9053,,2356418.9054,
603207.SH,20260303,2.0935,2.0935,,452708.3,
603039.SH,20260303,2.6781,5.6529,,1108782.7554,
601929.SH,20260303,4.0757,5.941,,1141160.7309,
002101.SZ,20260303,1.6143,3.2851,,782635.2095,
688633.SH,20260303,3.1932,9.5401,,388609.9018,
300269.SZ,20260303,10.1362,12.0544,,390969.0434,
301588.SZ,20260303,4.6677,5.8024,,298952.4013,
601828.SH,20260303,0.8482,2.4204,,1106102.0989,
001228.SZ,20260303,4.8073,6.4728,,338183.1669,
600507.SH,20260303,2.0042,3.6582,,1646989.7777,
601187.SH,20260303,1.3331,2.9694,,1992541.5554,
301172.SZ,20260303,7.9058,10.2225,,465696.0,
600469.SH,20260303,2.1389,5.2186,,654175.5868,
603708.SH,20260303,0.891,3.0096,,753877.9752,
600552.SH,20260303,6.0614,8.5709,,1247825.707,
603139.SH,20260303,6.7526,13.3473,,280962.44,
301222.SZ,20260303,4.592,12.2225,,319269.496,
600930.SH,20260303,3.5701,3.5701,,24945142.857,
300891.SZ,20260303,13.5507,23.145,,424408.6588,
601616.SH,20260303,7.7411,10.8306,,439642.7893,
301022.SZ,20260303,4.7244,5.5719,,310887.8938,
003039.SZ,20260303,1.2483,5.9412,,1015818.3109,
002553.SZ,20260303,5.3799,6.3216,,918511.6518,
920284.BJ,20260303,3.3947,4.3867,,362663.1173,
603286.SH,20260303,3.279,5.1357,,713415.0727,
600764.SH,20260303,2.1983,5.8878,,2028136.2676,
300632.SZ,20260303,4.1923,4.6394,,419014.3643,
002093.SZ,20260303,2.5618,5.4094,,1057875.0,
300198.SZ,20260303,1.9589,2.4609,,270265.7175,
300183.SZ,20260303,2.1474,3.7749,,699002.406,
003019.SZ,20260303,2.0207,2.9243,,535620.7265,
601928.SH,20260303,0.6411,2.3571,,2516906.1,
002269.SZ,20260303,3.5812,5.5669,,454762.5,
603887.SH,20260303,6.8085,8.0295,,903044.1315,
300591.SZ,20260303,7.2898,7.9862,,312774.4821,
300057.SZ,20260303,6.7227,7.5549,,541338.4133,
002769.SZ,20260303,3.8497,5.1277,,406543.3608,
600609.SH,20260303,1.7994,2.52,,571396.6484,
920717.BJ,20260303,37.7294,46.049,,151262.92,
600075.SH,20260303,2.8473,5.011,,1135396.917,
002377.SZ,20260303,7.1317,8.9286,,328960.7472,
002911.SZ,20260303,2.9621,19.7784,,2307246.5236,
300349.SZ,20260303,4.7138,6.6604,,655442.1147,
601156.SH,20260303,1.5648,2.4561,,2889351.1119,
600770.SH,20260303,6.1447,11.0005,,752700.0,
600097.SH,20260303,3.4697,6.0684,,281654.8375,
688089.SH,20260303,1.7129,3.1845,,317262.6912,
603813.SH,20260303,0.878,2.5046,,347494.635,
300174.SZ,20260303,3.1321,4.0559,,598397.6215,
688007.SH,20260303,1.8951,2.858,,717000.3906,
002416.SZ,20260303,3.0735,6.0214,,1666834.0291,
000953.SZ,20260303,5.0094,7.5904,,263241.8582,
301428.SZ,20260303,8.3926,8.3926,,316029.3344,
600810.SH,20260303,1.8537,4.371,,900130.9996,
300073.SZ,20260303,3.2602,4.2457,,2888566.4961,
603477.SH,20260303,3.4904,6.5065,,917106.599,
603376.SH,20260303,6.122,6.122,,1414403.536,
301119.SZ,20260303,2.1566,6.4006,,503776.0,
000858.SZ,20260303,0.5941,1.3227,,39805890.0913,
603162.SH,20260303,15.8711,15.8711,,1410404.6682,
300322.SZ,20260303,7.9187,9.7463,,1227841.8304,
300371.SZ,20260303,3.2221,4.7037,,267820.221,
603180.SH,20260303,1.1076,3.728,,307742.9943,
603001.SH,20260303,1.8281,3.5024,,355268.28,
603161.SH,20260303,2.6249,4.7178,,299387.8657,
688323.SH,20260303,4.4969,8.019,,401940.5002,
301602.SZ,20260303,1.0288,2.8552,,888783.9989,
002742.SZ,20260303,0.9713,1.2539,,288006.9593,
920599.BJ,20260303,1.381,2.1298,,938000.7,
688365.SH,20260303,3.5029,8.5002,,891251.0636,
603173.SH,20260303,2.2577,7.2188,,737600.0,
000570.SZ,20260303,2.4272,4.1117,,410713.0391,
003021.SZ,20260303,2.9837,7.3156,,2695503.0768,
688206.SH,20260303,1.419,3.2997,,1463938.2975,
600259.SH,20260303,6.2448,10.1465,,3400021.3065,
300647.SZ,20260303,3.8223,4.6408,,302746.5179,
300276.SZ,20260303,3.1203,3.7462,,1088610.4032,
300122.SZ,20260303,1.9358,2.5168,,3825276.0157,
301387.SZ,20260303,8.3522,10.9053,,598958.5616,
002419.SZ,20260303,1.4795,3.077,,637022.0238,
300031.SZ,20260303,3.7448,3.8811,,886486.7533,
600893.SH,20260303,2.4986,5.0931,,15020623.5311,
688029.SH,20260303,2.7009,4.7404,,1358136.8611,
301116.SZ,20260303,0.9551,3.7376,,492081.6339,
300885.SZ,20260303,4.6201,8.7084,,586630.8552,
688199.SH,20260303,4.6658,6.4068,,435152.3504,
603087.SH,20260303,1.2947,2.108,,3741518.3258,
600579.SH,20260303,4.9906,13.5826,,458061.5044,
603559.SH,20260303,2.127,3.0232,,290123.2558,
002658.SZ,20260303,8.5895,11.5504,,685986.037,
603867.SH,20260303,8.8303,11.5335,,778820.0267,
688658.SH,20260303,1.7236,3.1136,,822600.0,
601279.SH,20260303,0.8684,4.1147,,680302.1876,
600908.SH,20260303,1.2397,1.6252,,1288278.155,
300482.SZ,20260303,1.3807,2.1931,,914169.8273,
002557.SZ,20260303,1.2393,2.1612,,1151832.2608,
603406.SH,20260303,4.7064,4.7064,,1470036.75,
300053.SZ,20260303,8.8051,10.6131,,1292701.8692,
001258.SZ,20260303,2.1419,5.4962,,732666.6672,
603628.SH,20260303,5.4641,9.9473,,387260.9842,
600459.SH,20260303,8.0413,13.0968,,1806821.3456,
600962.SH,20260303,1.4359,2.5902,,539365.97,
601985.SH,20260303,1.263,3.1077,,17894161.8044,
600642.SH,20260303,1.5135,4.3567,,4394883.2796,
600295.SH,20260303,0.8625,3.7385,,4808297.6044,
600444.SH,20260303,3.1858,5.7577,,272344.7935,
605100.SH,20260303,1.7484,3.867,,672505.47,
301399.SZ,20260303,6.7663,7.9993,,365969.56,
600606.SH,20260303,0.9038,3.2578,,2276783.3669,
300320.SZ,20260303,5.4254,6.5583,,680597.1042,
003036.SZ,20260303,3.1783,10.1252,,353819.2857,
301233.SZ,20260303,5.1543,7.0838,,264710.21,
300313.SZ,20260303,1.1946,2.4787,,171202.2017,
605118.SH,20260303,1.5372,11.7521,,1809843.2,
300890.SZ,20260303,5.9487,6.215,,356000.9812,
301309.SZ,20260303,5.4812,5.4812,,296174.3424,
002436.SZ,20260303,8.4018,8.6963,,4174398.2707,
301290.SZ,20260303,2.6057,2.6063,,272972.3352,
002173.SZ,20260303,15.1694,18.9568,,1211325.5462,
300936.SZ,20260303,19.2728,29.6449,,356899.2,
002268.SZ,20260303,4.3235,6.807,,1605017.2855,
688507.SH,20260303,6.1085,6.1085,,829513.6703,
001316.SZ,20260303,4.2168,13.5445,,549215.6688,
603838.SH,20260303,0.9362,2.5768,,257612.88,
002519.SZ,20260303,13.5291,20.4784,,1016040.67,
603529.SH,20260303,0.7199,2.3957,,2483967.6982,
000900.SZ,20260303,1.7555,3.2847,,655701.8403,
600958.SH,20260303,0.8951,1.3977,,8386188.9032,
688670.SH,20260303,1.5401,4.299,,226441.6,
301179.SZ,20260303,11.4828,22.4664,,763521.4903,
002909.SZ,20260303,3.8525,6.4176,,276510.0,
688638.SH,20260303,4.3226,4.3226,,218624.0,
002043.SZ,20260303,1.3419,2.1908,,1403114.8257,
688563.SH,20260303,8.9542,8.9542,,2933100.0,
000833.SZ,20260303,20.6111,25.2221,,2050924.2391,
600833.SH,20260303,1.8465,3.3541,,279527.1928,
603680.SH,20260303,0.5752,3.5819,,1124636.4306,
002188.SZ,20260303,5.2925,6.902,,219159.5889,
000778.SZ,20260303,2.5443,4.2612,,2029149.3299,
920027.BJ,20260303,3.1074,3.4291,,163238.4135,
300593.SZ,20260303,5.2794,5.6061,,1668725.2906,
603530.SH,20260303,2.9686,14.0874,,2637592.7533,
688357.SH,20260303,2.6605,4.2796,,342204.7725,
301389.SZ,20260303,15.4284,15.8969,,1545358.5,
002107.SZ,20260303,1.8469,3.7522,,397120.2048,
603833.SH,20260303,0.4284,1.6689,,3441713.6986,
600545.SH,20260303,6.5184,12.0773,,557828.6133,
002676.SZ,20260303,2.2236,3.5985,,521280.0,
600758.SH,20260303,6.3078,12.588,,553925.2881,
000524.SZ,20260303,2.4652,8.0819,,847143.6666,
000566.SZ,20260303,3.2184,5.2068,,727821.8357,
920753.BJ,20260303,1.9479,2.7864,,173635.5169,
920088.BJ,20260303,33.4844,35.7544,,785421.637,
002320.SZ,20260303,2.0126,7.4134,,2292768.4826,
600499.SH,20260303,2.2414,3.9052,,3145284.4812,
002852.SZ,20260303,2.5204,3.6484,,367014.1814,
301586.SZ,20260303,12.8573,17.5964,,428236.571,
600871.SH,20260303,0.3384,1.626,,7355333.7832,
002067.SZ,20260303,5.4358,5.6231,,784622.2498,
601225.SH,20260303,0.8862,2.5503,,24518655.0,
688800.SH,20260303,5.9963,10.0184,,1929225.2623,
002398.SZ,20260303,3.3723,3.5539,,377638.281,
003010.SZ,20260303,3.2463,4.2435,,894607.053,
002966.SZ,20260303,0.8846,1.05,,3665942.849,
000758.SZ,20260303,7.688,11.9468,,1624198.9829,
920106.BJ,20260303,2.3465,3.6642,,404869.899,
920225.BJ,20260303,9.3404,11.3285,,400048.3539,
688379.SH,20260303,7.1746,13.6534,,510154.2998,
000507.SZ,20260303,9.0805,13.0765,,538964.6485,
000757.SZ,20260303,3.0602,4.412,,269021.628,
000876.SZ,20260303,1.1477,2.5299,,3921916.4205,
688087.SH,20260303,6.04,10.7974,,733527.0495,
002747.SZ,20260303,2.8665,4.4876,,1893594.1168,
600300.SH,20260303,3.8027,5.5043,,587022.6113,
000609.SZ,20260303,0.2935,0.3885,,291185.3529,
002705.SZ,20260303,1.1505,3.4464,,1133378.5889,
601368.SH,20260303,1.6635,3.859,,472390.5962,
603348.SH,20260303,0.9028,1.7262,,606626.5034,
920046.BJ,20260303,15.6997,25.7454,,289289.0,
601919.SH,20260303,4.5104,11.0573,,25985524.5707,
300052.SZ,20260303,4.048,4.8666,,352985.5411,
301560.SZ,20260303,12.7311,12.7311,,469984.0,
688004.SH,20260303,3.302,5.3332,,178115.712,
600624.SH,20260303,1.3654,1.9253,,347146.2874,
300923.SZ,20260303,2.622,5.0761,,219529.8,
600720.SH,20260303,1.3207,1.7636,,1665876.3802,
300555.SZ,20260303,1.3358,1.6076,,263000.0,
600989.SH,20260303,4.4252,14.9742,,20907409.36,
600562.SH,20260303,1.7584,5.1392,,3632434.182,
001380.SZ,20260303,3.3904,3.3904,,586670.2145,
300388.SZ,20260303,1.8238,4.7207,,585696.3187,
601058.SH,20260303,1.4831,2.0071,,4830219.2805,
601798.SH,20260303,7.8985,12.3424,,349919.3314,
301055.SZ,20260303,1.8731,4.3916,,324012.0,
000009.SZ,20260303,1.7151,2.7662,,2308396.4987,
002848.SZ,20260303,2.3614,3.1137,,194061.15,
002221.SZ,20260303,9.7792,15.8232,,1577703.8948,
603322.SH,20260303,3.935,4.9489,,543674.4462,
688615.SH,20260303,3.4576,3.735,,2852920.0,
603418.SH,20260303,3.1335,3.1335,,1058594.2785,
301678.SZ,20260303,5.9388,5.9388,,1624904.7327,
002536.SZ,20260303,16.384,25.1442,,1965767.737,
688273.SH,20260303,1.9015,4.8256,,415600.0,
301001.SZ,20260303,4.8497,8.2607,,245600.0,
601226.SH,20260303,5.0143,13.5778,,1257526.0434,
688265.SH,20260303,1.0575,3.4108,,340544.6248,
300112.SZ,20260303,4.5969,5.1486,,244370.2027,
002104.SZ,20260303,6.8105,7.1226,,1258010.3375,
002415.SZ,20260303,0.8195,2.0793,,27778725.6681,
300016.SZ,20260303,5.1385,6.532,,533040.8854,
002516.SZ,20260303,2.2653,4.581,,908978.3055,
002335.SZ,20260303,8.2172,10.907,,2916728.058,
301539.SZ,20260303,3.5491,5.6828,,295704.0,
603811.SH,20260303,1.7528,2.3635,,365926.2298,
301268.SZ,20260303,3.9398,9.7464,,946938.6212,
002586.SZ,20260303,1.5468,2.6922,,558381.1724,
301165.SZ,20260303,0.9702,8.0853,,6778863.6325,
000850.SZ,20260303,2.2772,4.2496,,507691.7748,
300241.SZ,20260303,8.0895,8.643,,431362.5298,
688378.SH,20260303,3.4268,4.9727,,953991.7165,
603193.SH,20260303,2.137,2.1891,,903052.2768,
920000.BJ,20260303,2.0839,3.8852,,163648.8,
301383.SZ,20260303,3.2581,5.0319,,547103.3568,
300221.SZ,20260303,6.9476,6.9476,,494126.1365,
002426.SZ,20260303,7.9558,9.2558,,1330426.7332,
603919.SH,20260303,2.1022,5.2872,,1016549.034,
300778.SZ,20260303,8.5714,19.793,,274736.8571,
600027.SH,20260303,2.4256,5.6596,,5991675.4789,
300353.SZ,20260303,5.7118,5.9549,,1405030.2331,
603755.SH,20260303,2.9738,8.1738,,294164.6104,
301023.SZ,20260303,6.0158,7.5008,,336429.2616,
600959.SH,20260303,2.1367,4.5055,,1945279.1799,
002163.SZ,20260303,5.9474,8.293,,1198150.2554,
002065.SZ,20260303,2.5799,3.6587,,2836851.9019,
688041.SH,20260303,1.3753,3.6058,,56016547.9931,
603016.SH,20260303,2.2578,4.9992,,457518.08,
920856.BJ,20260303,1.6912,2.8436,,146114.5006,
002926.SZ,20260303,1.2866,2.3897,,2323125.0,
000776.SZ,20260303,0.9079,1.8844,,16064407.8341,
600265.SH,20260303,0.3393,0.9505,,251812.0,
600702.SH,20260303,2.7659,3.9668,,1710713.3969,
002201.SZ,20260303,8.2873,12.6495,,787176.5791,
603722.SH,20260303,1.5028,2.5842,,367623.0952,
301398.SZ,20260303,6.8143,7.5798,,664272.0,
600824.SH,20260303,1.4319,2.3733,,450069.5602,
600011.SH,20260303,1.6616,4.1761,,11663683.3657,
301208.SZ,20260303,3.3325,4.3923,,441360.2207,
600305.SH,20260303,0.9911,1.7005,,865260.7349,
600292.SH,20260303,2.6424,4.6968,,6530887.4457,
920781.BJ,20260303,21.9097,23.8705,,164613.9125,
600406.SH,20260303,1.4285,3.3279,,22247964.5521,
000055.SZ,20260303,1.5701,2.0502,,416663.2001,
000997.SZ,20260303,1.931,2.7848,,2311889.442,
000049.SZ,20260303,1.8395,3.3755,,979674.3461,
301213.SZ,20260303,24.9388,47.5009,,743999.9907,
002440.SZ,20260303,9.4604,14.176,,1509531.8724,
920892.BJ,20260303,0.7563,2.3514,,272562.1648,
605196.SH,20260303,3.0866,4.7517,,2524353.7381,
002534.SZ,20260303,3.2242,9.7003,,1599979.9288,
600881.SH,20260303,1.4892,1.7592,,562394.2719,
688231.SH,20260303,4.8692,12.1766,,797595.429,
003037.SZ,20260303,1.1948,3.6184,,451103.2325,
688386.SH,20260303,3.2481,4.7275,,806260.0,
603111.SH,20260303,1.2737,1.7103,,601697.4091,
002984.SZ,20260303,3.1361,4.0478,,1977696.1821,
600372.SH,20260303,2.7194,6.0785,,7180922.5989,
301098.SZ,20260303,3.9883,4.2602,,164070.5365,
603120.SH,20260303,12.1749,12.1749,,377872.0,
301469.SZ,20260303,8.6034,17.205,,315059.08,
688012.SH,20260303,1.7726,2.4809,,20881945.9885,
600971.SH,20260303,4.483,9.9537,,924003.7607,
300992.SZ,20260303,2.8284,4.2807,,282775.9664,
002192.SZ,20260303,6.3794,8.632,,1429921.2029,
688373.SH,20260303,2.1071,3.1676,,380612.4604,
300736.SZ,20260303,5.692,7.5463,,268534.1461,
688212.SH,20260303,1.245,1.7339,,563439.406,
002022.SZ,20260303,1.8984,2.3334,,295750.9959,
300236.SZ,20260303,3.8949,5.2006,,2320589.2818,
300909.SZ,20260303,7.7792,11.9088,,792908.1357,
600622.SH,20260303,2.5878,4.5601,,418412.2272,
603588.SH,20260303,8.2377,10.0443,,1894903.6645,
002432.SZ,20260303,14.2048,21.7281,,2348127.7395,
688050.SH,20260303,2.7526,3.78,,1105685.9515,
300592.SZ,20260303,2.7699,4.6785,,542653.0914,
600684.SH,20260303,4.267,6.1929,,559673.5872,
920378.BJ,20260303,1.329,2.0977,,156770.208,
002815.SZ,20260303,5.9021,7.2407,,1809265.841,
688068.SH,20260303,2.0723,2.9738,,1156716.9674,
002862.SZ,20260303,4.0906,4.9406,,281904.0,
300408.SZ,20260303,1.9813,3.059,,11454904.7865,
600819.SH,20260303,2.1724,5.8096,,780428.9013,
300580.SZ,20260303,2.0938,4.888,,1090542.7163,
603086.SH,20260303,3.2052,4.8813,,353937.8984,
300103.SZ,20260303,4.7683,6.7959,,234707.139,
603982.SH,20260303,2.9595,4.9532,,298310.3889,
603022.SH,20260303,3.2749,5.4829,,217000.0,
300009.SZ,20260303,1.8332,2.0682,,1584412.0312,
603079.SH,20260303,3.3726,6.4524,,328911.5458,
300681.SZ,20260303,4.4387,4.6838,,709436.2781,
002560.SZ,20260303,8.0472,8.965,,546768.1128,
300299.SZ,20260303,4.6112,6.4814,,439030.8541,
002879.SZ,20260303,8.0846,9.2311,,422133.301,
920267.BJ,20260303,2.702,3.738,,109362.6749,
603352.SH,20260303,7.1111,7.1111,,908253.3347,
920057.BJ,20260303,4.549,5.1214,,126703.0446,
300399.SZ,20260303,3.8298,6.9632,,497556.8,
920076.BJ,20260303,6.6097,6.6097,,197544.6677,
688201.SH,20260303,4.4883,7.6734,,468119.0324,
603387.SH,20260303,1.804,3.218,,420430.2656,
300767.SZ,20260303,3.6211,4.8834,,530755.0648,
300758.SZ,20260303,6.6406,9.8976,,623269.2449,
000528.SZ,20260303,2.6957,3.6429,,2274173.8265,
300133.SZ,20260303,5.2067,6.5434,,1487957.533,
300956.SZ,20260303,4.6577,9.1076,,347700.2432,
600348.SH,20260303,2.9464,6.6246,,3719332.5,
002471.SZ,20260303,15.8977,19.1237,,1100483.04,
300193.SZ,20260303,3.4818,4.1212,,432434.8229,
300783.SZ,20260303,3.9092,4.7002,,792093.0428,
300700.SZ,20260303,4.1314,4.1995,,559413.6116,
600873.SH,20260303,1.3393,2.0002,,3174401.5478,
002932.SZ,20260303,1.2117,1.4962,,419235.2855,
002597.SZ,20260303,3.2063,5.7763,,1481041.6021,
920751.BJ,20260303,2.5554,4.0656,,209573.7,
601869.SH,20260303,4.5283,17.0888,,19538560.5488,
920091.BJ,20260303,11.6661,11.6661,,373093.764,
600777.SH,20260303,0.0695,0.2771,,3332242.9543,
600759.SH,20260303,0.7361,0.839,,3115905.9693,
603059.SH,20260303,2.4313,8.6493,,340922.8878,
600096.SH,20260303,7.1836,11.6536,,7507075.8303,
601811.SH,20260303,0.5822,4.0026,,1676789.919,
600355.SH,20260303,0.5723,0.6707,,58066.5256,
300534.SZ,20260303,3.7972,6.0897,,290604.51,
300525.SZ,20260303,4.0936,4.3127,,863120.058,
300763.SZ,20260303,15.5951,23.482,,3702339.7367,
000088.SZ,20260303,2.6495,6.0501,,2412560.2725,
300548.SZ,20260303,10.8405,13.4052,,4564720.9139,
000958.SZ,20260303,0.8383,1.7123,,11448891.8311,
000050.SZ,20260303,1.7469,3.0922,,2307825.0537,
300837.SZ,20260303,6.5823,11.5907,,405707.3716,
601990.SH,20260303,0.7122,1.3373,,3365715.2632,
000048.SZ,20260303,1.9243,4.2438,,923221.3973,
002075.SZ,20260303,2.9291,4.0013,,1226348.4238,
300669.SZ,20260303,2.1932,3.7602,,649417.6226,
301265.SZ,20260303,6.9555,9.0225,,478091.6812,
600332.SH,20260303,1.117,2.3314,,4106747.9372,
688485.SH,20260303,4.3734,4.3734,,377834.2439,
600234.SH,20260303,1.3225,2.4977,,351515.5828,
603881.SH,20260303,9.7768,17.1451,,2575381.5414,
002025.SZ,20260303,5.1137,8.6862,,2271209.4022,
002915.SZ,20260303,3.1177,4.562,,721508.2062,
000725.SZ,20260303,2.5657,2.9544,,16003149.7236,
600113.SH,20260303,0.8791,2.1756,,2411657.5552,
000543.SZ,20260303,3.8898,9.1858,,1958569.918,
603089.SH,20260303,1.6993,4.2371,,312043.2484,
601860.SH,20260303,1.3869,1.8092,,1025081.2578,
600131.SH,20260303,2.1579,5.1891,,2260097.613,
920263.BJ,20260303,6.8277,10.909,,197881.2973,
002799.SZ,20260303,3.1257,5.8486,,278434.8,
603390.SH,20260303,1.7582,4.7858,,431828.6364,
688612.SH,20260303,1.8013,2.0203,,1218998.989,
002628.SZ,20260303,15.0016,18.9047,,417162.3287,
301584.SZ,20260303,4.8293,4.8293,,1148011.187,
301132.SZ,20260303,12.0629,23.8484,,575759.3361,
301314.SZ,20260303,15.6284,15.6284,,261498.25,
688662.SH,20260303,5.7236,10.2339,,488761.36,
002576.SZ,20260303,6.8661,9.6705,,302298.1,
600665.SH,20260303,1.2989,3.0573,,298122.2697,
300629.SZ,20260303,13.2908,14.908,,630821.3708,
920690.BJ,20260303,1.8522,3.4785,,199894.5,
600568.SH,20260303,1.8246,2.9747,,544053.4229,
002601.SZ,20260303,2.4308,3.2514,,5226271.7388,
603091.SH,20260303,2.8406,2.8406,,814331.9862,
688113.SH,20260303,3.4966,5.6347,,263128.4261,
300765.SZ,20260303,0.6715,2.6496,,4217992.6108,
301010.SZ,20260303,2.6439,7.3441,,223992.0,
688205.SH,20260303,7.1528,10.8648,,2801650.3233,
300375.SZ,20260303,6.4407,7.2527,,408739.4841,
002316.SZ,20260303,6.3064,6.784,,210319.2,
603305.SH,20260303,3.7715,7.3464,,1831798.0613,
001325.SZ,20260303,12.5198,12.5198,,397331.2,
001230.SZ,20260303,5.9958,8.731,,357578.2158,
600737.SH,20260303,2.4943,5.0625,,3518405.3351,
688390.SH,20260303,9.4686,14.1332,,2389627.3155,
300394.SZ,20260303,5.7394,10.3668,,26009226.0493,
920682.BJ,20260303,2.7836,4.0652,,298197.12,
688302.SH,20260303,1.9706,2.6073,,397547.626,
300564.SZ,20260303,2.7296,4.4157,,249554.6144,
601009.SH,20260303,0.5619,1.2851,,14057375.9576,
603300.SH,20260303,4.6369,6.0575,,1409796.2139,
002195.SZ,20260303,13.4632,14.9408,,5494767.5004,
301295.SZ,20260303,4.4781,4.4781,,322257.6,
002573.SZ,20260303,2.4564,5.1624,,570352.6328,
002374.SZ,20260303,4.3588,5.3661,,370056.3655,
300792.SZ,20260303,6.1601,11.029,,901567.0877,
688155.SH,20260303,2.4866,5.2675,,1101004.7577,
603332.SH,20260303,2.3155,5.795,,281034.992,
301397.SZ,20260303,4.0422,4.0422,,471658.5809,
002645.SZ,20260303,5.5421,8.6668,,989725.7677,
300527.SZ,20260303,2.7739,6.2772,,846969.7199,
688716.SH,20260303,3.9425,3.9436,,448390.8,
000717.SZ,20260303,1.6778,3.5668,,656862.1549,
688793.SH,20260303,2.5598,4.6542,,180571.3253,
300908.SZ,20260303,1.1029,2.2591,,400770.0,
601089.SH,20260303,0.7214,2.6366,,1126080.0,
002168.SZ,20260303,1.4391,1.7561,,301118.7333,
300230.SZ,20260303,3.7994,4.2856,,421244.5624,
001336.SZ,20260303,5.0425,9.446,,217249.5705,
002072.SZ,20260303,2.7811,5.3575,,273921.6,
000155.SZ,20260303,3.4806,5.7493,,2560635.4904,
600327.SH,20260303,1.8716,3.3848,,357450.9253,
600859.SH,20260303,1.8996,2.8425,,1495952.7253,
601718.SH,20260303,2.2034,4.4925,,1460958.2835,
002311.SZ,20260303,0.6431,1.4218,,8992568.5879,
688001.SH,20260303,1.3117,6.6398,,1373029.125,
600266.SH,20260303,3.1663,5.8108,,1095992.5717,
688750.SH,20260303,6.5816,9.4891,,947200.0,
603655.SH,20260303,1.9787,6.1149,,402376.0,
603267.SH,20260303,9.0557,14.3983,,1379321.8443,
603008.SH,20260303,2.4487,3.8477,,708594.6449,
920118.BJ,20260303,2.1888,2.6004,,119910.976,
301359.SZ,20260303,3.2047,5.563,,246841.504,
603153.SH,20260303,1.8984,3.2687,,664794.7139,
002555.SZ,20260303,3.583,4.0744,,5037265.1996,
300830.SZ,20260303,17.0702,20.6628,,600682.1935,
002811.SZ,20260303,5.3761,11.4385,,453331.8474,
301499.SZ,20260303,11.7715,11.7715,,433014.2403,
002667.SZ,20260303,19.2858,24.477,,597275.718,
002523.SZ,20260303,3.8931,5.7274,,602072.34,
600272.SH,20260303,2.4219,4.3682,,336719.7935,
600969.SH,20260303,3.2976,5.1867,,373380.9384,
300439.SZ,20260303,2.0884,2.7501,,383165.8586,
600022.SH,20260303,2.2437,5.4323,,1829503.2737,
688146.SH,20260303,6.395,6.395,,2473941.1778,
688698.SH,20260303,2.8945,6.7609,,1645407.0865,
603363.SH,20260303,4.6317,7.171,,1098449.8906,
300007.SZ,20260303,5.3021,5.8923,,1561260.7114,
000595.SZ,20260303,1.5117,2.8392,,694580.3833,
300856.SZ,20260303,1.3878,3.5001,,630285.5705,
603283.SH,20260303,7.3758,12.0382,,1240078.8529,
603381.SH,20260303,8.2744,11.6289,,607376.1946,
002340.SZ,20260303,7.6792,8.3951,,4659343.4919,
688330.SH,20260303,3.5739,6.9643,,604800.0,
002927.SZ,20260303,4.8564,9.9809,,429644.9465,
301392.SZ,20260303,5.706,5.706,,1039600.0,
002014.SZ,20260303,0.4572,1.0808,,735602.7311,
300902.SZ,20260303,4.5544,6.9404,,352516.7325,
001213.SZ,20260303,0.7577,4.4052,,1879999.9998,
002851.SZ,20260303,4.6729,5.3857,,7382665.7508,
300447.SZ,20260303,14.6829,18.7785,,620248.4048,
002761.SZ,20260303,1.474,2.5919,,1083744.6498,
600072.SH,20260303,3.3295,4.6279,,1928334.8761,
002343.SZ,20260303,3.3644,4.6013,,317839.4719,
002334.SZ,20260303,7.0239,7.1929,,770907.9422,
600745.SH,20260303,2.9703,4.1343,,3862154.042,
000777.SZ,20260303,6.6527,9.1443,,919818.8056,
920651.BJ,20260303,2.3154,2.3154,,214537.0,
600740.SH,20260303,10.3781,24.1069,,1324616.6366,
000811.SZ,20260303,4.2975,6.8147,,1989918.3599,
603500.SH,20260303,5.9091,12.58,,403008.9879,
600354.SH,20260303,19.002,26.5977,,381073.1018,
605006.SH,20260303,8.0229,24.8828,,559216.6642,
300512.SZ,20260303,2.8336,7.5322,,415375.9356,
300191.SZ,20260303,19.4385,25.1165,,1698560.0,
300807.SZ,20260303,3.1093,4.7243,,347001.8937,
300582.SZ,20260303,3.6673,4.053,,459447.655,
600895.SH,20260303,1.9849,3.8733,,5864887.3259,
603933.SH,20260303,2.3072,6.2829,,445183.1134,
605566.SH,20260303,2.6614,6.0709,,372551.96,
300219.SZ,20260303,5.233,8.7574,,544408.5561,
002338.SZ,20260303,2.2925,3.912,,1282800.0,
301396.SZ,20260303,15.8851,16.0649,,1535175.47,
000783.SZ,20260303,1.3863,2.4123,,4258156.17,
600193.SH,20260303,1.74,2.0411,,180783.525,
600690.SH,20260303,0.784,1.3558,,23519095.1622,
002763.SZ,20260303,1.7694,3.269,,316871.252,
603711.SH,20260303,0.6092,3.2926,,544993.812,
600982.SH,20260303,3.3624,6.848,,546519.8402,
300921.SZ,20260303,12.1463,14.5447,,464456.2496,
920275.BJ,20260303,1.5116,4.0945,,143121.0848,
300953.SZ,20260303,3.8441,5.1376,,2532948.3503,
600246.SH,20260303,5.2722,7.1809,,2127571.2862,
600739.SH,20260303,1.4929,2.6672,,1867775.6853,
300790.SZ,20260303,3.4975,3.5992,,927815.0729,
300054.SZ,20260303,3.6512,4.0302,,4016766.1921,
688049.SH,20260303,4.2852,5.6494,,865678.5263,
301069.SZ,20260303,3.9781,6.5042,,1076288.7939,
688130.SH,20260303,2.6637,4.1983,,270433.3773,
688319.SH,20260303,1.7123,2.541,,1099876.8279,
688395.SH,20260303,1.5096,3.7722,,222209.7495,
600963.SH,20260303,5.3364,9.4629,,1072116.3909,
600599.SH,20260303,3.1176,7.7903,,85324.0,
688720.SH,20260303,7.4073,7.4073,,619401.0714,
600284.SH,20260303,1.6529,2.6237,,740305.328,
000651.SZ,20260303,0.8288,1.1018,,20775613.8934,
300931.SZ,20260303,7.1547,10.0883,,310989.07,
002809.SZ,20260303,12.7068,16.659,,265573.5783,
688103.SH,20260303,2.2926,3.5379,,555975.609,
600826.SH,20260303,1.0782,2.9039,,826004.1755,
002182.SZ,20260303,8.0316,11.5392,,2092680.1768,
001209.SZ,20260303,28.6138,68.2497,,346430.8445,
601200.SH,20260303,1.3994,3.2167,,1159104.2461,
300866.SZ,20260303,2.9066,4.1775,,5206102.6568,
000729.SZ,20260303,2.3912,5.2269,,3734564.6268,
000538.SZ,20260303,0.4899,1.1187,,9982949.2638,
002134.SZ,20260303,4.9139,6.9637,,565565.3293,
300727.SZ,20260303,4.6085,9.2269,,608680.7334,
000993.SZ,20260303,13.0395,26.3665,,642963.8428,
600315.SH,20260303,1.2588,2.629,,1404952.2982,
301026.SZ,20260303,10.2385,11.6156,,537815.0078,
000810.SZ,20260303,1.8527,4.0656,,1253713.1811,
301078.SZ,20260303,6.7669,9.9987,,1367143.6357,
000066.SZ,20260303,4.5489,7.5974,,4932246.8056,
300930.SZ,20260303,6.3013,10.0661,,320700.0,
605060.SH,20260303,5.041,14.1422,,1395433.6,
300903.SZ,20260303,10.7675,12.933,,1298322.7309,
002042.SZ,20260303,3.0684,5.2818,,729592.3013,
002650.SZ,20260303,0.5623,1.0027,,716283.2341,
300289.SZ,20260303,1.4921,2.7848,,359591.5929,
600566.SH,20260303,1.2124,3.1392,,2612932.3214,
601886.SH,20260303,0.5556,1.6925,,1019701.854,
001234.SZ,20260303,2.2974,6.9806,,315986.7656,
600529.SH,20260303,1.3031,1.6186,,1327891.8401,
300729.SZ,20260303,1.4781,2.6893,,460835.5417,
601388.SH,20260303,5.1635,9.6342,,884891.4916,
600449.SH,20260303,1.7495,3.4326,,608246.2854,
920526.BJ,20260303,1.6643,3.4263,,181691.9,
301365.SZ,20260303,4.6381,10.145,,441180.0,
600608.SH,20260303,1.481,1.8269,,103262.4925,
688102.SH,20260303,3.812,8.391,,3290267.7764,
300081.SZ,20260303,5.9768,6.6786,,307236.0718,
603051.SH,20260303,4.8068,7.5708,,370947.4963,
000966.SZ,20260303,2.3866,5.7044,,1632605.4225,
600101.SH,20260303,10.9633,15.9871,,604840.168,
605296.SH,20260303,0.5492,4.4604,,1499251.9422,
002144.SZ,20260303,9.3431,10.1266,,289183.4958,
300485.SZ,20260303,2.5584,3.3206,,502378.0552,
688181.SH,20260303,3.7466,4.7106,,452799.3654,
301609.SZ,20260303,12.7553,12.7553,,806907.52,
301345.SZ,20260303,4.2377,4.2377,,2222201.9688,
600461.SH,20260303,0.7977,1.4548,,1275166.2943,
603117.SH,20260303,4.4757,6.3573,,344538.7017,
600405.SH,20260303,2.2299,2.4827,,321122.7041,
920906.BJ,20260303,3.2869,4.9033,,170871.1,
601956.SH,20260303,1.8487,3.499,,430780.2969,
300382.SZ,20260303,2.4902,3.7812,,794289.9927,
600774.SH,20260303,3.7447,8.9909,,286476.4623,
301362.SZ,20260303,35.66,35.66,,1191772.62,
600318.SH,20260303,12.7278,16.6592,,481451.2464,
603318.SH,20260303,3.0382,5.3114,,445298.7963,
300110.SZ,20260303,2.3011,3.0865,,372397.0893,
301129.SZ,20260303,3.6322,6.4432,,331046.0664,
002171.SZ,20260303,4.9506,6.5617,,2085475.1655,
002775.SZ,20260303,3.0791,4.8624,,265951.8922,
001227.SZ,20260303,2.3164,2.6056,,1321401.743,
301508.SZ,20260303,4.208,4.208,,721890.0436,
000750.SZ,20260303,1.3949,2.0145,,2624717.71,
300190.SZ,20260303,3.9723,5.8232,,368945.0478,
301458.SZ,20260303,5.3332,6.1448,,998666.7915,
600678.SH,20260303,6.4883,8.1617,,388425.87,
300973.SZ,20260303,1.6534,2.1475,,677362.084,
603908.SH,20260303,1.6838,4.273,,221362.8505,
300287.SZ,20260303,2.8665,2.9301,,674578.6898,
603169.SH,20260303,8.7841,16.2939,,1498316.6923,
920523.BJ,20260303,1.8912,2.4551,,256292.4636,
002199.SZ,20260303,1.3748,2.1769,,190371.9279,
002758.SZ,20260303,2.6704,4.6785,,554081.0689,
688307.SH,20260303,17.3115,26.0815,,577208.548,
603341.SH,20260303,4.4503,4.8756,,2228326.506,
300784.SZ,20260303,6.9167,6.9167,,289511.1648,
688553.SH,20260303,1.3156,1.8187,,762903.6,
300109.SZ,20260303,4.1745,4.4225,,957032.4598,
000070.SZ,20260303,18.6837,30.022,,1662036.427,
300566.SZ,20260303,4.639,5.1381,,506124.027,
600227.SH,20260303,28.9889,35.092,,560657.5914,
688177.SH,20260303,0.6139,2.1059,,882404.48,
601186.SH,20260303,1.0227,2.5874,,9845167.5875,
600506.SH,20260303,19.3534,33.0539,,535732.8259,
600892.SH,20260303,1.5896,2.4399,,205323.357,
600865.SH,20260303,2.6332,6.9295,,460518.1468,
601898.SH,20260303,1.6294,9.6979,,23202660.95,
301075.SZ,20260303,1.9171,5.5973,,604720.0,
603170.SH,20260303,0.9116,2.7145,,551213.78,
688010.SH,20260303,3.0228,6.1624,,508980.2023,
688119.SH,20260303,3.2185,7.5791,,642375.0,
301505.SZ,20260303,7.9002,7.9002,,279021.578,
301323.SZ,20260303,3.5746,7.3287,,603967.3068,
600502.SH,20260303,1.4403,2.1869,,818786.6884,
301580.SZ,20260303,14.2015,16.3803,,910061.146,
601010.SH,20260303,2.2698,3.2185,,441672.0,
301126.SZ,20260303,4.532,5.8743,,246894.6464,
688581.SH,20260303,1.3033,1.834,,467263.175,
688019.SH,20260303,2.767,3.993,,4202767.5659,
300125.SZ,20260303,2.3418,2.9062,,567304.1889,
002524.SZ,20260303,5.5543,7.434,,233960.5346,
603099.SH,20260303,1.8189,4.4855,,1027326.3039,
600333.SH,20260303,16.6706,40.4144,,396478.9753,
002594.SZ,20260303,2.4826,3.5234,,86804838.0164,
002950.SZ,20260303,1.5015,2.8526,,659229.2887,
300418.SZ,20260303,8.5122,12.9706,,6565516.8642,
002048.SZ,20260303,2.5915,4.1795,,2401621.543,
300438.SZ,20260303,18.464,21.8107,,2473429.271,
601636.SH,20260303,2.0197,3.212,,2112478.7618,
002715.SZ,20260303,3.5746,5.538,,220662.0,
002858.SZ,20260303,4.7293,5.5315,,253256.1497,
600900.SH,20260303,0.8769,1.8533,,65990783.1801,
301017.SZ,20260303,3.2322,5.917,,589346.182,
600073.SH,20260303,1.9864,3.193,,623590.0989,
603916.SH,20260303,4.3548,8.3436,,484697.8391,
688328.SH,20260303,3.9415,6.0512,,301315.5811,
002579.SZ,20260303,5.438,7.6216,,704511.413,
605088.SH,20260303,1.4688,2.5247,,681159.5381,
002568.SZ,20260303,1.3315,1.9066,,1952397.4094,
001300.SZ,20260303,2.3268,8.5096,,389797.6865,
300389.SZ,20260303,3.5529,6.8291,,644449.1535,
301123.SZ,20260303,3.6406,5.4955,,1357157.76,
000663.SZ,20260303,4.4094,6.2744,,262950.1485,
605588.SH,20260303,3.2075,9.3727,,406019.4402,
688248.SH,20260303,0.7373,2.5252,,2825758.8,
601113.SH,20260303,3.5803,4.7728,,500180.9584,
688429.SH,20260303,4.3268,5.933,,627201.2544,
000793.SZ,20260303,3.3644,4.3473,,549242.5007,
300444.SZ,20260303,17.6137,19.291,,1210715.6364,
000709.SZ,20260303,1.6604,4.7143,,2697988.605,
002391.SZ,20260303,2.4904,2.7945,,419636.7873,
003028.SZ,20260303,2.7454,5.0843,,429646.959,
001376.SZ,20260303,11.9064,11.9064,,986326.0,
600356.SH,20260303,2.7714,3.9554,,290068.168,
002349.SZ,20260303,2.1444,3.2683,,618107.8065,
300206.SZ,20260303,2.3681,3.1064,,816745.6545,
688150.SH,20260303,4.6046,10.3687,,1362653.6628,
688717.SH,20260303,16.2582,16.3077,,2006240.0,
002470.SZ,20260303,24.0873,34.3629,,916801.74,
600498.SH,20260303,19.1501,31.3195,,7623394.0765,
603334.SH,20260303,9.2633,9.2633,,752370.5,
300656.SZ,20260303,7.1026,9.0404,,405224.1705,
300477.SZ,20260303,5.1336,5.2151,,290517.0642,
301161.SZ,20260303,4.1518,5.1195,,411120.0,
300893.SZ,20260303,1.2357,1.8555,,1090267.9181,
300853.SZ,20260303,3.1736,3.559,,308886.8253,
301516.SZ,20260303,5.3046,5.3046,,453614.0361,
688301.SH,20260303,1.6836,2.7076,,2638673.8056,
603886.SH,20260303,1.8393,3.6418,,309600.0,
001324.SZ,20260303,4.7616,6.3175,,273240.0,
605099.SH,20260303,1.0107,9.6977,,1825481.5044,
000019.SZ,20260303,5.7694,8.8703,,845960.8764,
605177.SH,20260303,2.5639,5.2312,,246775.882,
002315.SZ,20260303,3.8677,4.6395,,1361576.3497,
603097.SH,20260303,4.9681,16.5597,,589596.8562,
600763.SH,20260303,3.1473,4.7608,,2167115.7719,
603000.SH,20260303,4.5491,10.471,,2357333.3314,
603801.SH,20260303,1.2318,2.2913,,403078.0964,
300095.SZ,20260303,7.4131,8.0985,,433953.1394,
603060.SH,20260303,1.0321,3.2673,,536241.7756,
600422.SH,20260303,0.8866,1.3847,,912155.7872,
603320.SH,20260303,3.1809,7.831,,356161.1328,
002451.SZ,20260303,7.3834,11.9535,,457415.46,
300471.SZ,20260303,19.6496,29.0787,,778582.8585,
000677.SZ,20260303,3.3385,4.7296,,333495.4879,
002483.SZ,20260303,2.0129,3.0052,,688785.9569,
300516.SZ,20260303,5.3836,16.8248,,1234260.0,
002267.SZ,20260303,8.5444,24.0225,,1005316.2023,
000698.SZ,20260303,3.2506,5.9067,,324527.7004,
300184.SZ,20260303,6.0396,6.1847,,1180958.9572,
301330.SZ,20260303,3.0255,7.3491,,839498.9789,
601002.SH,20260303,2.1736,3.9517,,501081.378,
688121.SH,20260303,2.6159,3.7446,,276832.5936,
002047.SZ,20260303,2.3827,3.6054,,720218.1292,
300210.SZ,20260303,2.7991,3.7334,,437250.6176,
002611.SZ,20260303,4.3073,5.1235,,2008522.461,
603528.SH,20260303,1.5721,3.7979,,615571.0742,
688609.SH,20260303,2.056,2.4919,,420500.0,
301041.SZ,20260303,6.4262,7.4773,,293370.0,
300067.SZ,20260303,11.6399,14.37,,552945.4209,
920527.BJ,20260303,2.7783,3.3417,,109337.7567,
603329.SH,20260303,2.0071,3.648,,278306.9578,
000700.SZ,20260303,5.3253,8.4281,,1169551.6056,
603069.SH,20260303,1.7138,3.9961,,641796.0,
600976.SH,20260303,1.1714,1.6151,,489341.534,
300947.SZ,20260303,2.6536,4.3078,,277488.8099,
300846.SZ,20260303,21.6395,23.4723,,1604238.291,
000007.SZ,20260303,3.7762,5.6862,,436524.5354,
003816.SZ,20260303,0.6331,3.7005,,20300489.8122,
000788.SZ,20260303,3.0445,4.5406,,361764.367,
920931.BJ,20260303,24.9821,24.9821,,144276.48,
002632.SZ,20260303,5.2624,11.5188,,807606.6234,
301277.SZ,20260303,0.6892,2.6751,,470494.08,
300142.SZ,20260303,2.5875,2.5875,,1828055.3824,
920508.BJ,20260303,3.0827,4.898,,130800.0,
002332.SZ,20260303,2.37,3.0251,,907100.8621,
002762.SZ,20260303,1.5936,2.0508,,231178.325,
603232.SH,20260303,15.1886,21.3212,,568351.5695,
300025.SZ,20260303,2.9046,3.4535,,292047.1372,
300605.SZ,20260303,5.4607,5.903,,244901.2023,
300033.SZ,20260303,3.0988,4.8766,,16908057.6,
301223.SZ,20260303,2.2469,4.7809,,378723.1452,
000655.SZ,20260303,3.1691,7.6199,,645348.8093,
605009.SH,20260303,0.747,2.2396,,643477.3523,
688458.SH,20260303,4.2105,4.2105,,428189.1187,
603271.SH,20260303,7.0619,7.0619,,894092.4,
600674.SH,20260303,1.3697,4.0687,,7311910.242,
603198.SH,20260303,0.5233,1.8836,,2939200.0,
002603.SZ,20260303,1.9235,3.5153,,2754993.165,
002351.SZ,20260303,2.2025,2.8194,,1043811.618,
300816.SZ,20260303,11.988,15.9665,,529600.0,
001266.SZ,20260303,6.3139,10.232,,331353.1942,
002190.SZ,20260303,3.4904,7.1354,,1281022.4839,
002728.SZ,20260303,7.232,7.6055,,569945.7731,
300963.SZ,20260303,8.0383,10.4909,,917280.0,
002444.SZ,20260303,0.8808,1.5113,,4056447.9061,
603648.SH,20260303,1.1671,2.3111,,361325.5616,
601825.SH,20260303,0.2786,0.4691,,8149555.556,
301232.SZ,20260303,16.6116,18.5415,,1416058.6175,
000753.SZ,20260303,3.1797,5.1092,,709900.4468,
603569.SH,20260303,1.0903,3.7676,,449009.3947,
002291.SZ,20260303,6.5318,7.8022,,648045.3346,
300721.SZ,20260303,10.1185,14.9934,,260787.5411,
002167.SZ,20260303,14.6284,19.6519,,1131797.6913,
920641.BJ,20260303,3.8242,6.0013,,141891.75,
001368.SZ,20260303,7.1748,7.1748,,296886.75,
300169.SZ,20260303,3.8628,3.9459,,207326.0402,
603721.SH,20260303,1.7871,3.6016,,271570.0,
300171.SZ,20260303,2.2414,3.4095,,1278932.8268,
301203.SZ,20260303,4.609,5.3397,,367440.0,
301087.SZ,20260303,2.2447,4.9146,,1217869.51,
300959.SZ,20260303,5.4987,7.6992,,648005.5714,
688661.SH,20260303,3.8877,8.3282,,1417872.8557,
600166.SH,20260303,2.4015,4.3342,,2398972.3112,
002955.SZ,20260303,1.4342,2.5561,,606981.3743,
301097.SZ,20260303,2.1865,3.4501,,326627.3661,
601838.SH,20260303,0.9475,1.826,,7103617.6567,
002456.SZ,20260303,3.3435,3.6651,,3022341.4834,
000802.SZ,20260303,2.7787,3.5836,,297814.5061,
301225.SZ,20260303,4.419,4.419,,1334429.04,
301170.SZ,20260303,5.3267,5.3267,,290700.0,
002207.SZ,20260303,1.3608,1.948,,357967.6463,
600784.SH,20260303,1.8676,2.9207,,485118.3349,
601996.SH,20260303,2.1376,3.6196,,271261.2887,
001212.SZ,20260303,3.7234,5.0975,,1055038.026,
688296.SH,20260303,2.7938,4.796,,161847.99,
002673.SZ,20260303,1.0495,1.9819,,3459456.2397,
603926.SH,20260303,3.1924,6.3108,,498068.6485,
002448.SZ,20260303,7.4991,7.4991,,929687.2407,
300347.SZ,20260303,1.6957,1.8851,,4897516.1724,
600370.SH,20260303,1.8642,9.9613,,853373.077,
603690.SH,20260303,4.0623,5.6008,,1036301.2605,
600783.SH,20260303,3.975,12.1833,,1629402.4946,
920706.BJ,20260303,12.7766,18.6921,,255408.0972,
600511.SH,20260303,2.1977,4.0247,,2259736.479,
920066.BJ,20260303,4.443,4.443,,162538.701,
002660.SZ,20260303,2.6398,4.8162,,319180.287,
600288.SH,20260303,2.206,2.4312,,657820.8,
603122.SH,20260303,5.688,12.3659,,655194.6339,
002290.SZ,20260303,2.2864,4.0787,,1545739.8159,
600787.SH,20260303,2.0096,3.8928,,1280346.9534,
600985.SH,20260303,1.8951,4.9156,,3719390.2771,
002581.SZ,20260303,4.6907,5.4216,,559455.7769,
002803.SZ,20260303,3.0759,3.4095,,776048.3112,
603077.SH,20260303,7.0008,10.425,,2481661.9611,
000919.SZ,20260303,1.5052,2.5826,,449029.5092,
603629.SH,20260303,15.7191,28.8531,,1524427.8,
300581.SZ,20260303,5.0676,9.7231,,867522.754,
603733.SH,20260303,0.9736,4.7804,,1713400.017,
688660.SH,20260303,1.4913,3.8238,,1806666.757,
920021.BJ,20260303,16.4773,18.8922,,324140.9822,
300616.SZ,20260303,2.6713,3.0754,,294789.4817,
300561.SZ,20260303,3.8909,6.5948,,371090.1197,
688227.SH,20260303,2.2773,3.9109,,812867.4273,
002826.SZ,20260303,6.1215,8.1792,,398516.4975,
002027.SZ,20260303,1.1265,1.6715,,9791811.4142,
688092.SH,20260303,2.4227,5.1486,,243279.3868,
002121.SZ,20260303,4.9224,6.5118,,1519647.2695,
002282.SZ,20260303,1.9729,2.9045,,399870.3061,
001223.SZ,20260303,1.4237,5.6913,,509235.16,
300460.SZ,20260303,2.3917,2.9786,,252443.0216,
000638.SZ,20260303,0.1597,0.2259,,68193.6547,
002069.SZ,20260303,2.0166,3.4886,,273067.0825,
300099.SZ,20260303,7.9951,9.6517,,637734.4456,
301051.SZ,20260303,2.9399,4.2435,,435325.1697,
603109.SH,20260303,1.6376,4.0945,,520241.2648,
002873.SZ,20260303,2.6432,3.7058,,244592.0136,
688190.SH,20260303,1.6423,4.5296,,1270320.0,
920139.BJ,20260303,2.4747,4.4315,,527695.4735,
002310.SZ,20260303,2.4967,3.924,,1367845.4427,
300415.SZ,20260303,6.0547,8.6889,,1283860.1102,
002569.SZ,20260303,1.8839,2.2228,,186492.95,
600279.SH,20260303,4.4465,12.8673,,681261.2464,
002303.SZ,20260303,3.6089,3.823,,594153.5898,
603119.SH,20260303,4.9068,4.9068,,3171467.8059,
605117.SH,20260303,2.9349,7.393,,11084692.4184,
688162.SH,20260303,2.1229,5.0874,,443383.9064,
301276.SZ,20260303,3.2383,3.2478,,326592.0,
920204.BJ,20260303,9.0233,12.7663,,174903.8634,
600595.SH,20260303,2.2464,3.7743,,3462830.0185,
603398.SH,20260303,2.423,3.8831,,403286.6173,
002588.SZ,20260303,2.7343,4.2997,,1227916.8507,
002649.SZ,20260303,3.8127,3.8994,,736948.7658,
000672.SZ,20260303,2.8128,6.7052,,1393990.6571,
688083.SH,20260303,2.0562,3.5594,,1012788.0886,
000892.SZ,20260303,7.0183,9.6588,,640580.2489,
600839.SH,20260303,4.1617,5.4206,,4482373.1396,
603063.SH,20260303,4.1986,5.1837,,1324681.7874,
688548.SH,20260303,7.4838,7.4838,,3578208.789,
000659.SZ,20260303,3.3376,3.9596,,564423.4063,
300076.SZ,20260303,2.7897,3.9692,,308248.0,
600658.SH,20260303,1.4042,2.6803,,549225.2571,
002697.SZ,20260303,3.2907,5.0136,,771120.0,
002376.SZ,20260303,2.8215,3.9809,,597384.5927,
300661.SZ,20260303,4.1607,6.2895,,3875150.3324,
002515.SZ,20260303,2.1443,2.3785,,686418.231,
002906.SZ,20260303,2.2946,5.3207,,1687614.7168,
600939.SH,20260303,1.1735,3.9229,,603084.5572,
603103.SH,20260303,2.4204,20.6877,,1546813.8,
301048.SZ,20260303,1.0256,4.1025,,598933.4082,
603686.SH,20260303,6.6951,8.0652,,872403.8484,
603879.SH,20260303,4.594,6.8906,,213809.9418,
300196.SZ,20260303,11.124,14.1949,,788823.5861,
002768.SZ,20260303,2.8605,4.2756,,1657176.25,
301566.SZ,20260303,13.0288,13.0288,,946423.66,
688306.SH,20260303,1.3845,3.4127,,1223369.6688,
002135.SZ,20260303,4.2978,7.5295,,730664.4662,
600150.SH,20260303,1.7514,2.4779,,28273759.179,
300536.SZ,20260303,2.7483,2.9565,,234923.7945,
605319.SH,20260303,1.7074,4.1934,,808349.2759,
300595.SZ,20260303,2.9265,3.9657,,1389488.7189,
603255.SH,20260303,3.0797,4.8697,,408620.301,
000561.SZ,20260303,5.8868,9.6214,,974612.5725,
600428.SH,20260303,8.9969,19.3157,,2551845.9674,
300546.SZ,20260303,4.6481,5.1548,,446985.2949,
600531.SH,20260303,10.818,14.7574,,2102907.8318,
002498.SZ,20260303,8.0178,23.9788,,2458502.244,
000599.SZ,20260303,3.1468,5.3657,,548045.2803,
688796.SH,20260303,4.3712,4.3712,,3127842.0416,
688560.SH,20260303,3.8848,6.2423,,359323.9236,
002863.SZ,20260303,2.7541,4.1582,,343504.0764,
688727.SH,20260303,12.1503,12.1503,,2244351.402,
002743.SZ,20260303,2.3427,3.5111,,242444.5422,
601700.SH,20260303,3.2828,6.6408,,654507.3591,
603378.SH,20260303,2.7481,6.9499,,272158.8677,
002919.SZ,20260303,4.1579,7.0294,,647658.3404,
601319.SH,20260303,0.276,3.2821,,38253751.8543,
600610.SH,20260303,9.7942,15.4692,,1138764.9051,
002215.SZ,20260303,3.3962,4.0194,,1120166.6982,
600694.SH,20260303,1.1655,1.9182,,604692.346,
600121.SH,20260303,11.9909,24.9326,,597021.8986,
920367.BJ,20260303,2.9485,5.9564,,146399.3425,
000752.SZ,20260303,1.6514,2.0347,,261912.1816,
301272.SZ,20260303,5.0175,6.5919,,243369.568,
603014.SH,20260303,3.8685,3.8685,,1611695.1866,
301606.SZ,20260303,3.1686,5.866,,2896900.2655,
601162.SH,20260303,1.9868,2.6448,,3999372.1379,
603216.SH,20260303,2.3101,8.5724,,848671.59,
920808.BJ,20260303,1.8157,6.2658,,1600400.008,
601881.SH,20260303,0.7156,2.4887,,15723670.4441,
002837.SZ,20260303,6.0931,8.9242,,9999932.0781,
600503.SH,20260303,2.3388,2.518,,398970.21,
688008.SH,20260303,4.5541,4.9091,,18075116.1106,
603181.SH,20260303,2.3532,4.1173,,982540.3,
688669.SH,20260303,3.1184,5.9929,,345436.0019,
300242.SZ,20260303,6.1244,7.7829,,310932.0598,
002366.SZ,20260303,4.8741,4.8741,,1589836.357,
600031.SH,20260303,1.0289,1.5141,,20403714.8457,
603033.SH,20260303,0.8993,2.3701,,1061067.2971,
603499.SH,20260303,2.1496,5.3331,,616384.7724,
603201.SH,20260303,0.9705,3.0642,,328664.9191,
002541.SZ,20260303,1.6572,2.3823,,1644310.8494,
002478.SZ,20260303,13.3233,16.2956,,1105286.7878,
300638.SZ,20260303,5.9028,7.2078,,2393845.6767,
600660.SH,20260303,0.7845,1.1075,,15616705.2955,
600016.SH,20260303,0.9886,1.4418,,17162708.0528,
601619.SH,20260303,6.2754,11.6676,,1945727.6766,
300162.SZ,20260303,5.91,6.9134,,331832.4337,
301079.SZ,20260303,22.1811,25.7701,,459476.163,
601595.SH,20260303,2.9014,9.4251,,1185040.8,
600398.SH,20260303,1.6212,4.0359,,3059364.6786,
920885.BJ,20260303,8.3215,12.4292,,389469.372,
000883.SZ,20260303,0.9141,3.0834,,3391026.6748,
600408.SH,20260303,18.1573,26.5327,,412788.0,
688096.SH,20260303,3.0797,3.7649,,201581.921,
603269.SH,20260303,8.8957,11.9634,,425459.9363,
301251.SZ,20260303,15.9795,15.9795,,871435.4555,
600055.SH,20260303,1.0408,1.9081,,1032093.6331,
001322.SZ,20260303,0.5602,2.6574,,851103.4048,
002669.SZ,20260303,5.7482,8.0823,,417175.0,
002510.SZ,20260303,6.3537,7.5729,,779626.5277,
002041.SZ,20260303,9.1449,23.1863,,1012000.0,
002370.SZ,20260303,2.7519,3.2228,,482446.8919,
603339.SH,20260303,1.7685,3.1673,,410009.5569,
603508.SH,20260303,1.5829,3.6924,,991313.3802,
000878.SZ,20260303,5.9536,8.9932,,5570416.0367,
920768.BJ,20260303,2.1519,2.8497,,139378.32,
000888.SZ,20260303,3.2896,5.4461,,693417.6422,
600725.SH,20260303,4.4903,6.4365,,627327.23,
002616.SZ,20260303,2.7756,4.2446,,503500.7916,
002875.SZ,20260303,4.3776,5.66,,385347.5214,
300034.SZ,20260303,7.5836,12.815,,1698325.0908,
688636.SH,20260303,6.3756,10.8277,,795100.0791,
000620.SZ,20260303,3.623,6.424,,1673467.2864,
300130.SZ,20260303,3.2554,3.7782,,1421084.3031,
600851.SH,20260303,1.3118,2.7879,,929433.6528,
920239.BJ,20260303,1.3242,3.4798,,575354.4846,
301236.SZ,20260303,3.5229,4.4593,,4787750.42,
600726.SH,20260303,1.1729,8.376,,2150795.4491,
600933.SH,20260303,1.4579,2.969,,1771828.0204,
603767.SH,20260303,1.6537,4.8737,,603683.214,
300940.SZ,20260303,3.0115,3.8003,,534346.4928,
601778.SH,20260303,6.3506,8.3448,,1617663.2895,
688317.SH,20260303,1.5188,2.7391,,380857.154,
600378.SH,20260303,1.3202,2.9356,,4744618.6024,
603697.SH,20260303,2.1005,6.4157,,482864.3786,
301270.SZ,20260303,4.555,5.5897,,371800.0,
601900.SH,20260303,1.3656,3.6478,,1250633.5933,
600906.SH,20260303,1.6266,2.618,,2193620.0,
000058.SZ,20260303,1.0617,3.6229,,1036670.9658,
600522.SH,20260303,5.1416,6.6499,,9825882.0481,
603185.SH,20260303,2.9085,5.2923,,1625039.712,
300725.SZ,20260303,4.5472,4.7919,,857839.1341,
600753.SH,20260303,6.0805,10.4126,,237677.0046,
002972.SZ,20260303,2.5391,3.4377,,291520.428,
300670.SZ,20260303,4.0526,5.2701,,215189.0052,
000926.SZ,20260303,2.2628,2.8709,,347266.3207,
688651.SH,20260303,7.3797,7.3797,,324140.301,
603900.SH,20260303,6.2738,11.9967,,279907.4534,
688697.SH,20260303,1.0015,2.5487,,692402.7373,
920026.BJ,20260303,3.279,5.2457,,283576.8849,
603797.SH,20260303,1.5244,3.5934,,287149.3846,
603137.SH,20260303,3.6547,3.6547,,257753.0676,
688623.SH,20260303,6.8648,6.8648,,591427.0,
688067.SH,20260303,3.6662,6.9911,,185504.0,
301260.SZ,20260303,1.7212,3.1423,,769519.033,
603738.SH,20260303,24.3711,33.9169,,887541.2316,
002497.SZ,20260303,4.2149,4.5192,,2955170.3013,
002073.SZ,20260303,5.3144,6.2032,,784169.6193,
300252.SZ,20260303,10.1212,10.7985,,981311.982,
603928.SH,20260303,2.6463,8.0109,,407272.32,
301257.SZ,20260303,1.7698,3.0263,,505472.5185,
600843.SH,20260303,2.6642,3.436,,772359.2978,
600135.SH,20260303,3.0462,5.6083,,484697.0187,
002239.SZ,20260303,3.6098,4.71,,1008774.2401,
603668.SH,20260303,1.654,2.4935,,709529.7506,
300227.SZ,20260303,7.6587,8.5682,,667933.6692,
002149.SZ,20260303,16.5403,24.4088,,2420078.1562,
600543.SH,20260303,2.626,4.1491,,165055.68,
000908.SZ,20260303,2.1376,2.8762,,522585.9645,
301326.SZ,20260303,8.324,10.0117,,1003394.2464,
600339.SH,20260303,2.1352,7.6801,,2864154.6526,
002307.SZ,20260303,4.353,8.1127,,842526.0976,
301065.SZ,20260303,2.5478,4.4383,,248510.88,
300265.SZ,20260303,14.6815,24.1173,,696725.9892,
603172.SH,20260303,10.5742,12.2074,,301572.18,
600605.SH,20260303,1.0828,2.1181,,538603.4221,
688521.SH,20260303,5.2615,7.5641,,12506265.1919,
688187.SH,20260303,0.7604,2.5558,,7604511.1072,
300200.SZ,20260303,4.8859,6.8711,,495188.2137,
002866.SZ,20260303,5.2431,6.5319,,537642.8294,
002647.SZ,20260303,3.0816,3.7352,,1117858.4488,
002890.SZ,20260303,2.4195,4.1057,,263476.3732,
600129.SH,20260303,1.6025,2.6319,,931345.3145,
002682.SZ,20260303,20.4997,28.9154,,431336.7116,
600802.SH,20260303,3.1362,4.5379,,288238.2436,
300805.SZ,20260303,4.1191,5.8226,,498719.5286,
300520.SZ,20260303,9.6266,12.2276,,1188566.2433,
002330.SZ,20260303,2.5466,4.315,,316387.0144,
688577.SH,20260303,1.441,3.6887,,755589.3599,
301151.SZ,20260303,2.9004,8.7862,,337163.1795,
603599.SH,20260303,3.2823,5.6234,,1299864.6247,
000547.SZ,20260303,15.2387,19.3967,,4638754.9166,
002453.SZ,20260303,2.8314,3.711,,487420.2756,
002493.SZ,20260303,1.062,3.8343,,15423698.8402,
002810.SZ,20260303,5.7005,9.0183,,612967.8984,
605080.SH,20260303,1.3607,4.0403,,339839.5568,
300590.SZ,20260303,3.1718,4.479,,540863.0247,
300697.SZ,20260303,8.349,10.7416,,766638.08,
300400.SZ,20260303,3.601,5.3933,,509756.8058,
600365.SH,20260303,1.5408,1.9279,,139841.24,
603606.SH,20260303,2.1053,3.5575,,4091218.7242,
002140.SZ,20260303,3.6199,11.3014,,903425.7007,
002472.SZ,20260303,3.4245,3.9635,,3255580.7577,
300751.SZ,20260303,4.6255,5.9207,,7330749.1424,
002200.SZ,20260303,1.598,3.4316,,324810.4183,
002068.SZ,20260303,3.7343,7.0965,,631661.5234,
920496.BJ,20260303,2.1125,3.0416,,164747.125,
002128.SZ,20260303,1.3005,3.0473,,7296321.7197,
002236.SZ,20260303,2.6196,3.0089,,5945740.8334,
688802.SH,20260303,6.5299,6.5299,,19970591.4,
300254.SZ,20260303,10.1714,10.4163,,308098.6013,
603486.SH,20260303,1.2548,3.8062,,3844037.4718,
301288.SZ,20260303,0.9676,1.8644,,210727.51,
301118.SZ,20260303,6.7493,14.8471,,306786.7776,
300597.SZ,20260303,3.2359,3.9312,,258123.8184,
002161.SZ,20260303,6.7139,7.9094,,577010.772,
688217.SH,20260303,1.5536,2.6207,,160641.5569,
600079.SH,20260303,1.8763,2.9524,,3181208.4058,
920556.BJ,20260303,4.3225,5.9251,,170348.8512,
300996.SZ,20260303,2.9049,3.7255,,456117.7654,
301202.SZ,20260303,8.8453,9.2789,,569742.8,
300384.SZ,20260303,5.0191,7.1814,,580912.2296,
603776.SH,20260303,2.2762,3.6702,,534006.6079,
603538.SH,20260303,3.6368,4.95,,461402.1933,
002302.SZ,20260303,2.4291,6.4103,,812956.1718,
688739.SH,20260303,0.6769,1.4932,,1049870.45,
688523.SH,20260303,11.0444,11.0444,,2475864.8,
301219.SZ,20260303,4.1673,5.605,,2136404.8523,
920871.BJ,20260303,2.58,4.1563,,126418.2582,
002356.SZ,20260303,20.1435,25.3647,,588753.2799,
300160.SZ,20260303,1.9529,3.1012,,438260.5476,
600223.SH,20260303,0.919,2.01,,723796.9678,
002685.SZ,20260303,2.8608,3.2596,,717475.7364,
688315.SH,20260303,1.1123,3.0903,,586842.0,
301656.SZ,20260303,3.9039,3.9039,,5959071.875,
603027.SH,20260303,1.4619,2.7915,,1285132.8972,
603990.SH,20260303,3.5602,4.5169,,428795.8234,
603666.SH,20260303,2.667,4.188,,573018.811,
001339.SZ,20260303,18.9602,27.3091,,1637838.7321,
002006.SZ,20260303,3.2792,4.4471,,989686.7098,
603353.SH,20260303,11.4634,34.9101,,876204.882,
002958.SZ,20260303,1.5294,2.014,,1738909.8319,
603175.SH,20260303,10.6494,10.6494,,3164092.284,
002982.SZ,20260303,5.4488,7.1478,,298695.1315,
002300.SZ,20260303,5.9105,11.7427,,678271.3443,
600657.SH,20260303,0.7908,2.9371,,935416.1792,
002867.SZ,20260303,1.2966,3.5763,,1312337.9366,
300369.SZ,20260303,7.3642,9.8574,,700377.3104,
600858.SH,20260303,2.3629,4.1377,,313600.1532,
920394.BJ,20260303,1.9327,5.8075,,715308.75,
301581.SZ,20260303,1.5796,3.5563,,392800.0,
603095.SH,20260303,5.8612,19.1187,,560185.8948,
603977.SH,20260303,7.1632,13.9352,,920059.1473,
600801.SH,20260303,0.8661,2.1645,,4927219.6881,
603335.SH,20260303,2.9313,5.617,,245755.0004,
603759.SH,20260303,1.679,4.2164,,479306.88,
002004.SZ,20260303,2.4968,3.2926,,1073116.2015,
301355.SZ,20260303,5.3868,5.3868,,243482.2141,
300244.SZ,20260303,6.1315,6.8371,,1309956.8979,
920786.BJ,20260303,7.1538,9.8016,,209889.212,
300896.SZ,20260303,1.548,2.4369,,4175770.4418,
300687.SZ,20260303,5.4304,6.107,,846228.8559,
603203.SH,20260303,1.7609,4.9323,,963151.265,
600850.SH,20260303,2.457,4.2492,,1770557.3228,
603703.SH,20260303,4.7685,6.7092,,566865.5759,
605151.SH,20260303,1.8352,5.6241,,271261.3116,
300281.SZ,20260303,1.9187,3.7183,,304557.4427,
300677.SZ,20260303,4.2313,4.8325,,2973133.0657,
300058.SZ,20260303,12.2357,12.2357,,5884372.5911,
002032.SZ,20260303,0.2182,1.3027,,3490722.9969,
002614.SZ,20260303,3.7492,4.3394,,408549.1786,
002816.SZ,20260303,3.2665,3.8887,,230800.0,
000713.SZ,20260303,6.2386,8.8167,,567534.046,
600420.SH,20260303,1.7637,4.0203,,1452490.0254,
301286.SZ,20260303,2.8315,10.433,,2372192.9,
600423.SH,20260303,2.7622,3.8407,,310692.3651,
600491.SH,20260303,2.2139,3.261,,474224.9661,
300746.SZ,20260303,1.8187,3.8109,,286913.4149,
688282.SH,20260303,1.9029,5.5857,,693440.0,
601133.SH,20260303,19.863,19.863,,858557.9574,
301033.SZ,20260303,1.8844,3.2691,,460027.4428,
002278.SZ,20260303,30.9093,42.1898,,593637.7051,
301128.SZ,20260303,5.761,10.812,,1071444.6747,
300869.SZ,20260303,1.5979,2.2099,,571765.9493,
601633.SH,20260303,0.3358,1.9056,,17261228.3081,
603922.SH,20260303,3.801,6.9097,,384921.6,
600789.SH,20260303,2.6067,3.4214,,919767.0046,
600916.SH,20260303,11.5646,24.146,,1898400.0,
003016.SZ,20260303,1.6025,5.1949,,349453.4596,
605189.SH,20260303,2.0453,6.3022,,283935.5332,
301421.SZ,20260303,8.8191,8.846,,1041114.846,
300213.SZ,20260303,4.0074,4.1079,,506993.055,
001285.SZ,20260303,12.466,12.466,,977646.8264,
002491.SZ,20260303,26.6572,40.4688,,1504283.2735,
688234.SH,20260303,1.653,3.7751,,4121196.0982,
301255.SZ,20260303,4.7883,4.7883,,396336.64,
002766.SZ,20260303,3.342,6.4129,,456819.6026,
002115.SZ,20260303,16.3889,18.1502,,1103759.2029,
300904.SZ,20260303,4.2348,4.2348,,426988.6856,
688700.SH,20260303,3.5794,5.3912,,1225534.3855,
002408.SZ,20260303,2.6271,5.8327,,1731296.6798,
301488.SZ,20260303,7.5315,7.6804,,1274292.0,
603208.SH,20260303,2.6411,6.5247,,257431.8953,
688122.SH,20260303,4.1281,6.1475,,5462379.0908,
920227.BJ,20260303,4.4722,7.3597,,262154.178,
688681.SH,20260303,3.0963,4.7633,,205153.2,
002935.SZ,20260303,3.7087,6.5063,,839722.9658,
600496.SH,20260303,1.2389,1.7622,,881625.3595,
300966.SZ,20260303,2.7203,3.6263,,229870.5393,
920685.BJ,20260303,3.6274,4.5879,,127939.2855,
300504.SZ,20260303,6.0572,11.0152,,417106.8286,
002223.SZ,20260303,1.224,2.014,,3682097.7602,
002036.SZ,20260303,13.8837,15.2057,,1184164.1553,
688207.SH,20260303,4.0139,5.4229,,402962.2167,
002401.SZ,20260303,4.5965,9.0135,,624402.9792,
688137.SH,20260303,2.2702,3.2888,,290245.6157,
600644.SH,20260303,16.3275,32.1219,,765118.4422,
301160.SZ,20260303,3.392,3.9562,,722328.5583,
600160.SH,20260303,1.2326,2.6557,,11379429.7314,
002843.SZ,20260303,40.1793,70.0235,,729787.1922,
603803.SH,20260303,2.9406,5.217,,418085.4201,
600617.SH,20260303,3.3619,8.5556,,713800.9571,
001395.SZ,20260303,2.8114,3.3486,,364052.52,
600382.SH,20260303,2.9639,4.8613,,592330.0999,
603725.SH,20260303,2.7301,4.5293,,296321.665,
300689.SZ,20260303,3.1585,6.4686,,521124.8,
002046.SZ,20260303,5.6499,11.2174,,2659347.2348,
000598.SZ,20260303,2.1003,4.9042,,2082838.0873,
920374.BJ,20260303,3.2565,3.7387,,180399.334,
002706.SZ,20260303,3.9457,4.3866,,1227575.6469,
000488.SZ,20260303,2.6016,3.5691,,667710.5574,
603608.SH,20260303,4.5131,6.6421,,467984.5331,
002064.SZ,20260303,1.1032,3.3255,,5781363.64,
002045.SZ,20260303,3.2235,4.2984,,734040.4873,
603223.SH,20260303,6.7356,17.4778,,764894.3263,
920976.BJ,20260303,5.0853,7.9916,,220736.0274,
600267.SH,20260303,1.1277,1.8136,,1203643.5888,
001914.SZ,20260303,0.8435,2.2717,,1200186.9183,
920247.BJ,20260303,2.0997,5.1815,,359043.1543,
603171.SH,20260303,1.0952,4.2878,,2318604.57,
000735.SZ,20260303,3.6004,4.5829,,872847.2921,
603303.SH,20260303,0.4716,1.9602,,713986.0288,
002099.SZ,20260303,4.5048,7.4811,,1205942.8635,
920726.BJ,20260303,6.8254,13.8579,,207813.48,
300997.SZ,20260303,2.0179,7.4082,,931818.5018,
600548.SH,20260303,0.3973,2.4682,,2284070.5143,
920080.BJ,20260303,3.958,3.958,,221859.0,
600381.SH,20260303,0.5909,1.0153,,177292.3438,
600602.SH,20260303,6.9284,12.3638,,2645080.462,
002707.SZ,20260303,3.0163,3.9268,,682986.9479,
000603.SZ,20260303,6.6428,11.2128,,3512633.9405,
301002.SZ,20260303,9.7738,12.3307,,558907.7203,
000042.SZ,20260303,1.3683,2.9347,,573084.4418,
601069.SH,20260303,8.5176,28.3365,,3730541.4087,
002205.SZ,20260303,2.5464,3.6486,,264454.9134,
301066.SZ,20260303,4.8149,9.6088,,364130.8221,
301238.SZ,20260303,1.4151,4.8645,,1457866.6004,
600980.SH,20260303,4.8434,9.16,,472401.7609,
600252.SH,20260303,1.6993,2.4367,,805593.2567,
002136.SZ,20260303,16.5296,24.3732,,300597.96,
300199.SZ,20260303,3.7463,3.9917,,1456464.9631,
603080.SH,20260303,17.7668,33.4848,,390115.5,
002827.SZ,20260303,1.5743,3.7283,,976033.058,
688433.SH,20260303,3.5517,6.0184,,3893186.72,
603868.SH,20260303,0.2432,2.4298,,1550736.0,
603506.SH,20260303,1.7635,4.5533,,245613.3349,
688358.SH,20260303,1.6982,5.7506,,356559.4493,
605277.SH,20260303,4.389,9.5336,,756511.6274,
605167.SH,20260303,1.3283,3.5554,,790363.2,
603650.SH,20260303,3.1409,8.0504,,3498261.065,
920469.BJ,20260303,2.393,3.2236,,144751.542,
300804.SZ,20260303,23.7977,23.7977,,320864.0,
601696.SH,20260303,2.2263,4.2604,,3758634.0,
001356.SZ,20260303,2.3539,3.4657,,703648.08,
002582.SZ,20260303,6.4422,7.2455,,500985.13,
001298.SZ,20260303,4.1534,4.4026,,864239.4808,
688510.SH,20260303,10.8918,14.6366,,987483.5234,
301528.SZ,20260303,4.3802,6.6773,,391393.7,
301167.SZ,20260303,3.8624,3.8624,,193424.0,
001286.SZ,20260303,5.6006,8.6101,,4128750.0,
600203.SH,20260303,3.7455,5.0636,,696760.9964,
000852.SZ,20260303,15.1075,31.652,,858458.9847,
002390.SZ,20260303,1.9161,3.3399,,639527.2646,
300708.SZ,20260303,13.878,15.3117,,993372.2224,
301171.SZ,20260303,9.6161,11.6669,,2398596.0551,
301662.SZ,20260303,9.0749,9.0749,,1482240.0,
001309.SZ,20260303,6.399,7.1187,,5187960.1985,
603416.SH,20260303,2.2072,4.2581,,808163.9895,
000550.SZ,20260303,1.1804,3.7251,,1552058.772,
300173.SZ,20260303,3.381,4.2676,,330626.5641,
002455.SZ,20260303,22.4787,23.1533,,741040.251,
600512.SH,20260303,2.3132,2.8266,,392077.5008,
601088.SH,20260303,0.5169,3.1829,,91017689.9139,
603638.SH,20260303,1.6207,5.8465,,1856652.4015,
600860.SH,20260303,6.6633,14.9204,,748960.8316,
603317.SH,20260303,0.6893,2.4834,,1413941.2464,
600765.SH,20260303,4.9061,7.5758,,3067681.4762,
603282.SH,20260303,7.8172,7.8172,,303771.4,
600729.SH,20260303,2.1232,2.2279,,1026696.1225,
300467.SZ,20260303,3.84,3.9449,,624651.8534,
002529.SZ,20260303,1.6242,1.8952,,170820.0,
300928.SZ,20260303,3.7422,4.3477,,244640.0,
300773.SZ,20260303,10.6357,14.596,,2096995.3434,
001301.SZ,20260303,2.6069,3.2783,,1917940.4819,
301050.SZ,20260303,8.2461,10.321,,1336676.2086,
000829.SZ,20260303,3.3481,5.2871,,1082506.0625,
688498.SH,20260303,5.4301,7.5833,,7520426.025,
920510.BJ,20260303,2.0164,2.9519,,304874.0525,
603261.SH,20260303,1.1601,3.4122,,220734.3027,
688211.SH,20260303,0.5796,1.4809,,420753.0075,
002726.SZ,20260303,1.7194,2.8699,,429505.9542,
600143.SH,20260303,3.1076,3.8541,,4682085.8518,
600569.SH,20260303,2.0335,6.3261,,746829.5604,
688805.SH,20260303,8.2336,8.2336,,739636.48,
002585.SZ,20260303,6.2067,8.0913,,835448.152,
600809.SH,20260303,0.6313,1.8843,,19724381.5413,
301228.SZ,20260303,2.8198,6.202,,505200.0,
002700.SZ,20260303,24.687,25.0093,,338347.8553,
688783.SH,20260303,7.4751,7.4751,,9448452.0,
688192.SH,20260303,0.6006,1.5703,,2208402.2745,
300945.SZ,20260303,23.6367,40.586,,573674.7959,
002110.SZ,20260303,1.7058,4.0763,,1112516.912,
002831.SZ,20260303,1.4912,2.1369,,2916186.768,
920007.BJ,20260303,4.6964,4.6964,,297386.3879,
300739.SZ,20260303,18.1736,31.8753,,1055384.2737,
600894.SH,20260303,0.7645,1.8066,,804836.0521,
603029.SH,20260303,2.137,5.1363,,233219.324,
688166.SH,20260303,1.8908,3.0744,,1760112.0202,
000957.SZ,20260303,4.777,7.1347,,655751.7532,
002905.SZ,20260303,3.4135,12.6785,,375567.36,
300878.SZ,20260303,1.7085,6.1301,,405412.9016,
688228.SH,20260303,4.8438,10.9103,,797842.0264,
001287.SZ,20260303,5.9768,6.9178,,1676339.614,
600987.SH,20260303,3.0938,6.654,,836050.657,
603158.SH,20260303,3.7294,6.0175,,484390.1361,
603310.SH,20260303,2.0407,2.9036,,592948.78,
301177.SZ,20260303,1.9074,19.0701,,1302893.6603,
688469.SH,20260303,4.543,4.543,,5901411.7691,
603221.SH,20260303,1.3136,4.529,,291491.68,
600116.SH,20260303,1.2169,2.6191,,1307905.7463,
605555.SH,20260303,2.212,6.0232,,776446.7402,
002100.SZ,20260303,2.6984,3.7684,,977520.0847,
920807.BJ,20260303,4.5613,6.6234,,267363.6,
600172.SH,20260303,18.3075,24.8405,,1349884.6695,
920163.BJ,20260303,5.588,9.6617,,207874.9834,
605300.SH,20260303,0.7032,2.4063,,504382.4427,
920207.BJ,20260303,19.7198,29.4322,,349234.66,
002074.SZ,20260303,2.5234,4.1759,,6574348.4257,
301419.SZ,20260303,4.6732,9.1046,,419400.0,
002693.SZ,20260303,1.4294,2.8063,,296917.861,
600215.SH,20260303,2.3036,3.284,,326671.2592,
301287.SZ,20260303,5.9727,5.9727,,285880.96,
603718.SH,20260303,3.1517,5.0901,,305743.3043,
600273.SH,20260303,3.6515,6.0333,,1481712.438,
920230.BJ,20260303,2.028,3.4513,,126702.6087,
300481.SZ,20260303,3.9051,6.0623,,490317.1358,
920765.BJ,20260303,2.6282,5.6383,,157499.1795,
920030.BJ,20260303,3.1405,4.8902,,115530.4339,
603206.SH,20260303,1.461,4.6288,,477332.7812,
601077.SH,20260303,1.2082,2.0338,,7620547.0,
300738.SZ,20260303,9.7155,13.421,,2290541.1401,
920455.BJ,20260303,4.2046,7.2605,,158817.75,
300360.SZ,20260303,2.8748,4.3718,,884916.0438,
601789.SH,20260303,3.895,5.3259,,757622.7629,
300115.SZ,20260303,4.3877,6.5231,,4772627.0267,
300859.SZ,20260303,4.1103,6.8051,,576600.0,
688551.SH,20260303,3.3936,6.7406,,345530.614,
688380.SH,20260303,3.6566,9.2947,,1873708.2,
688722.SH,20260303,4.0155,7.3387,,406422.0603,
601336.SH,20260303,1.4573,4.3262,,23976835.1676,
601615.SH,20260303,5.6276,7.4707,,4452887.0141,
000727.SZ,20260303,2.8311,5.2554,,1145980.4459,
600114.SH,20260303,3.6116,4.7381,,2032423.4125,
002285.SZ,20260303,2.2365,4.2331,,534078.1822,
002882.SZ,20260303,2.2649,4.8728,,1296535.5,
600611.SH,20260303,1.575,2.2587,,1290811.0837,
002506.SZ,20260303,12.5709,17.7624,,3018763.2763,
002109.SZ,20260303,14.1665,33.1238,,608780.7189,
300035.SZ,20260303,4.6457,4.9357,,1377707.6087,
688128.SH,20260303,1.0499,4.9342,,1141499.0,
300137.SZ,20260303,4.2576,5.042,,583801.4445,
603890.SH,20260303,3.3683,4.9764,,633573.7553,
601827.SH,20260303,0.515,1.8273,,1471301.304,
301267.SZ,20260303,0.9218,3.5541,,1487640.0,
300514.SZ,20260303,3.8069,5.0402,,278200.0,
600825.SH,20260303,1.5885,3.2746,,625887.8222,
688202.SH,20260303,2.194,3.7044,,868989.9261,
000633.SZ,20260303,4.6832,5.9088,,286904.2479,
002757.SZ,20260303,8.769,13.848,,600070.9593,
920719.BJ,20260303,4.1378,4.5359,,116087.4698,
002007.SZ,20260303,0.9683,1.559,,2774079.219,
301367.SZ,20260303,3.5081,5.752,,659814.4,
002084.SZ,20260303,3.5532,6.0474,,245501.2952,
920438.BJ,20260303,4.431,7.2146,,610995.0,
300072.SZ,20260303,8.2863,13.2606,,1219504.8367,
000825.SZ,20260303,2.2447,6.1185,,3013315.0841,
300332.SZ,20260303,21.3037,25.7026,,626348.9115,
301045.SZ,20260303,6.6187,7.1659,,435757.5141,
688116.SH,20260303,4.1435,4.7586,,1502781.2861,
300181.SZ,20260303,1.6288,1.7215,,1134844.708,
603637.SH,20260303,3.7336,4.7391,,302415.0062,
000968.SZ,20260303,9.2171,21.3335,,1007170.2691,
605179.SH,20260303,0.8916,4.2816,,745860.0,
600089.SH,20260303,7.4789,9.125,,14996688.3507,
600756.SH,20260303,4.1028,5.071,,553112.6872,
300327.SZ,20260303,7.3976,9.6788,,910092.8786,
002679.SZ,20260303,3.2528,8.9432,,276070.276,
603313.SH,20260303,1.6739,3.0731,,507822.3277,
688605.SH,20260303,4.0012,4.9388,,1244028.9748,
301047.SZ,20260303,0.9817,2.5885,,845253.7202,
002176.SZ,20260303,6.0924,7.3453,,1696087.6275,
300829.SZ,20260303,11.0987,11.5361,,440913.7076,
000970.SZ,20260303,4.0411,5.3568,,1738487.8554,
600692.SH,20260303,3.3885,3.6395,,274375.9699,
603113.SH,20260303,2.7051,5.3687,,613458.7154,
688237.SH,20260303,1.6282,3.6507,,428410.6847,
000821.SZ,20260303,6.4092,8.3335,,862681.5675,
002782.SZ,20260303,4.2401,10.2249,,1172954.8907,
920116.BJ,20260303,3.052,10.5794,,1632261.4,
000567.SZ,20260303,1.0546,4.298,,1084798.646,
300402.SZ,20260303,5.2031,11.4626,,549355.6463,
002849.SZ,20260303,5.9096,8.1733,,392066.6464,
002358.SZ,20260303,11.0569,14.083,,750313.8804,
300141.SZ,20260303,4.2986,9.1244,,371038.3794,
600010.SH,20260303,9.0265,14.2036,,13631874.4237,
600861.SH,20260303,1.1633,1.8924,,986734.4675,
300560.SZ,20260303,5.7237,7.1745,,359089.2812,
601958.SH,20260303,3.4489,12.4764,,8176215.5496,
000701.SZ,20260303,2.5436,4.2688,,398314.6112,
601208.SH,20260303,9.8471,12.8049,,3200259.5634,
601026.SH,20260303,14.1793,14.1793,,1388037.0,
002425.SZ,20260303,2.5384,3.1606,,331006.1128,
688271.SH,20260303,0.7462,1.4634,,10369555.805,
600592.SH,20260303,3.0603,4.9241,,881814.7312,
600997.SH,20260303,4.4679,14.5437,,1074940.4991,
603176.SH,20260303,1.3758,4.3774,,259954.6685,
600216.SH,20260303,5.0141,8.0435,,1612666.5068,
600419.SH,20260303,1.7136,2.7372,,300998.3345,
603758.SH,20260303,1.45,4.1144,,613438.2745,
688648.SH,20260303,4.6636,5.2983,,818992.0,
300403.SZ,20260303,3.9109,4.6246,,774855.0,
301105.SZ,20260303,5.1218,5.1218,,256500.0,
301611.SZ,20260303,5.3723,5.6633,,5137388.0,
000885.SZ,20260303,1.3621,4.8381,,900835.7918,
605098.SH,20260303,1.7397,4.236,,566919.7294,
301568.SZ,20260303,17.0756,17.0756,,561725.696,
301095.SZ,20260303,5.0405,8.022,,1657526.2843,
002400.SZ,20260303,8.8688,10.9584,,1624790.2033,
600984.SH,20260303,4.5313,7.4424,,594581.7765,
603605.SH,20260303,1.1031,2.1882,,2689864.9544,
600986.SH,20260303,10.8012,12.4637,,1627187.2238,
600848.SH,20260303,0.6214,1.6491,,2739420.8863,
603456.SH,20260303,1.9103,3.4329,,1466696.5002,
000988.SZ,20260303,13.1417,16.2263,,9635732.4412,
603025.SH,20260303,0.7068,3.9915,,1815680.6609,
600023.SH,20260303,1.2453,4.644,,7240715.6845,
002683.SZ,20260303,1.9306,2.8761,,3548450.4912,
600212.SH,20260303,2.8996,3.3729,,510508.9044,
000720.SZ,20260303,2.7788,4.7659,,469942.8076,
000969.SZ,20260303,8.8091,13.7034,,2523347.5916,
603585.SH,20260303,3.4649,10.9855,,403686.1303,
600728.SH,20260303,3.1279,3.7165,,1328609.3396,
688362.SH,20260303,3.5046,5.7631,,1820902.7211,
300791.SZ,20260303,1.0585,2.5111,,641725.907,
002821.SZ,20260303,1.5853,2.5343,,3338093.4725,
601127.SH,20260303,1.7543,3.7003,,17837927.2806,
000516.SZ,20260303,1.6183,2.3346,,1011981.3324,
000902.SZ,20260303,1.7293,3.5476,,2245973.2783,
600746.SH,20260303,2.0031,8.0703,,959966.8506,
603773.SH,20260303,5.3332,8.6266,,823149.2313,
301072.SZ,20260303,2.6086,5.1538,,244547.0531,
600004.SH,20260303,0.9938,2.3219,,2355601.5626,
300901.SZ,20260303,1.4739,3.5877,,394560.0,
600590.SH,20260303,11.3011,17.4903,,1115553.633,
601083.SH,20260303,30.8248,30.8248,,1776826.76,
920370.BJ,20260303,5.2227,10.1196,,121014.1872,
688766.SH,20260303,5.4547,8.8257,,3365452.1867,
000099.SZ,20260303,3.8044,6.199,,1611274.5745,
300014.SZ,20260303,3.3079,5.2088,,12770361.5747,
301335.SZ,20260303,4.2202,4.2202,,346825.3524,
920108.BJ,20260303,2.4609,2.4609,,221104.8,
688652.SH,20260303,4.9779,5.9742,,1915200.0,
688671.SH,20260303,3.3293,4.0326,,177609.7518,
603186.SH,20260303,11.2537,17.8752,,1250874.7526,
688767.SH,20260303,1.8152,4.0382,,502058.6689,
688522.SH,20260303,7.6649,7.7971,,1181682.8634,
300660.SZ,20260303,1.7082,4.6374,,2107354.5507,
301269.SZ,20260303,1.0851,2.9893,,5127113.5152,
301256.SZ,20260303,4.7948,18.5101,,706080.0,
920566.BJ,20260303,1.8402,2.0242,,162918.9856,
301085.SZ,20260303,11.46,18.6887,,501129.5231,
688261.SH,20260303,6.1042,12.1061,,1108322.924,
920779.BJ,20260303,3.669,3.669,,256239.104,
688508.SH,20260303,5.5588,7.3287,,809003.0417,
002903.SZ,20260303,18.5375,21.5205,,381873.026,
300952.SZ,20260303,4.8352,6.7179,,674986.9318,
000948.SZ,20260303,1.9241,2.9889,,624991.7047,
603889.SH,20260303,1.35,2.4578,,650645.1257,
002438.SZ,20260303,4.8503,6.089,,881085.0323,
002623.SZ,20260303,6.4952,12.3365,,504424.375,
688036.SH,20260303,1.1448,2.807,,6225606.0194,
920346.BJ,20260303,1.4369,2.28,,188002.3831,
300939.SZ,20260303,3.602,6.5599,,402000.0,
603236.SH,20260303,3.3688,4.4199,,2292225.7089,
920033.BJ,20260303,1.2442,2.6984,,201576.843,
000576.SZ,20260303,5.1039,7.9919,,475259.435,
301076.SZ,20260303,4.131,4.5888,,704771.236,
920957.BJ,20260303,3.6124,7.307,,142066.9662,
000786.SZ,20260303,1.7021,3.0672,,4936484.5218,
301665.SZ,20260303,11.3431,11.3431,,1331550.0,
301468.SZ,20260303,12.2615,14.5792,,875666.3922,
600467.SH,20260303,4.4,6.9795,,375475.5361,
603336.SH,20260303,2.1361,3.7878,,578891.7167,
301595.SZ,20260303,11.9003,11.9003,,653469.8,
300962.SZ,20260303,7.2343,15.7968,,487083.5,
001979.SZ,20260303,0.8,2.0634,,8907839.7849,
688472.SH,20260303,4.5032,4.5032,,5056678.4755,
603626.SH,20260303,7.0563,10.0211,,1369443.0749,
688347.SH,20260303,4.1662,4.9511,,20034899.1853,
688283.SH,20260303,0.7318,1.4576,,576114.0,
002635.SZ,20260303,3.4624,4.4502,,921582.4261,
002463.SZ,20260303,4.767,6.9731,,14667498.879,
603959.SH,20260303,5.4767,7.176,,290747.3023,
688361.SH,20260303,4.3142,5.2572,,5945771.7643,
300624.SZ,20260303,8.1908,10.2475,,1478442.8696,
000839.SZ,20260303,4.729,7.4405,,1234745.3009,
300274.SZ,20260303,4.8403,5.3739,,31199758.7198,
301356.SZ,20260303,5.4051,5.475,,514512.0,
600152.SH,20260303,12.4016,19.0389,,483049.4694,
300049.SZ,20260303,4.6265,4.9795,,1460282.1849,
600540.SH,20260303,13.0126,24.5486,,311618.0506,
300741.SZ,20260303,0.7001,3.705,,1056234.2,
002686.SZ,20260303,2.5159,4.4068,,377681.5017,
601877.SH,20260303,2.3256,4.9507,,6945467.7304,
600126.SH,20260303,5.5022,14.5534,,3107013.9564,
300151.SZ,20260303,6.061,7.0273,,917512.7089,
000726.SZ,20260303,2.2077,2.8982,,608893.6554,
002813.SZ,20260303,2.0433,5.9925,,315480.0,
002274.SZ,20260303,4.524,7.5429,,637131.9482,
601228.SH,20260303,0.9741,5.4408,,2693397.6923,
601326.SH,20260303,1.2309,5.3063,,2044992.792,
300587.SZ,20260303,3.132,3.7501,,804926.6541,
688070.SH,20260303,7.0886,16.1419,,521538.9,
002997.SZ,20260303,1.7001,2.901,,688248.5166,
002170.SZ,20260303,9.0131,9.8909,,1364414.6394,
300075.SZ,20260303,3.0843,3.2226,,845358.145,
000820.SZ,20260303,2.026,2.0815,,219828.7609,
000901.SZ,20260303,6.1625,9.467,,2025835.1684,
300264.SZ,20260303,10.0736,10.6505,,436458.6657,
688456.SH,20260303,5.0265,7.892,,655960.48,
300796.SZ,20260303,4.974,7.0156,,343808.0141,
688506.SH,20260303,0.5717,3.0848,,10211608.1159,
605007.SH,20260303,7.0615,33.0635,,784954.505,
601678.SH,20260303,5.8741,7.3326,,1131259.9518,
002235.SZ,20260303,8.3641,10.1033,,556968.9649,
002688.SZ,20260303,2.178,3.2534,,461437.37,
300506.SZ,20260303,1.7492,1.9468,,742735.8124,
688129.SH,20260303,1.8702,6.4675,,276016.9308,
300018.SZ,20260303,5.1425,5.9826,,607154.7555,
001221.SZ,20260303,4.6829,4.6829,,2700467.51,
601858.SH,20260303,1.2626,6.8847,,1616572.5,
001313.SZ,20260303,1.3265,4.1962,,508900.0,
000702.SZ,20260303,2.6359,3.5209,,235704.9646,
001387.SZ,20260303,4.5134,6.0279,,250385.5872,
301007.SZ,20260303,2.9523,3.6033,,526109.54,
300622.SZ,20260303,5.3999,6.2785,,674904.0219,
002829.SZ,20260303,8.6175,9.5594,,555890.129,
300229.SZ,20260303,8.4998,11.0841,,1849455.513,
603231.SH,20260303,3.1482,4.0679,,351710.3759,
300967.SZ,20260303,16.2097,25.0422,,390335.7088,
301328.SZ,20260303,4.889,7.0784,,570347.7529,
301027.SZ,20260303,16.5632,17.848,,324870.0,
300969.SZ,20260303,4.6306,7.9791,,1518979.1934,
301039.SZ,20260303,2.321,5.3486,,1750432.2083,
600371.SH,20260303,7.9294,15.4738,,280289.724,
300674.SZ,20260303,3.3023,4.3489,,1577791.8715,
600704.SH,20260303,1.6606,2.9271,,2942401.3574,
300539.SZ,20260303,5.0503,8.1372,,804570.0867,
000581.SZ,20260303,4.363,7.4423,,2306750.6635,
003002.SZ,20260303,2.1198,4.0602,,525000.0,
603709.SH,20260303,1.6276,4.6248,,222904.4896,
002092.SZ,20260303,3.6916,5.2475,,2007265.1257,
603661.SH,20260303,0.7014,2.4625,,468655.8945,
601992.SH,20260303,1.8006,5.0091,,2028776.5155,
688550.SH,20260303,2.2141,3.7486,,764220.1494,
920396.BJ,20260303,7.4259,11.4465,,245551.8624,
001215.SZ,20260303,2.7685,4.7089,,367363.6463,
300211.SZ,20260303,1.2958,2.3727,,260771.7023,
300071.SZ,20260303,6.3297,8.3575,,514714.2354,
000608.SZ,20260303,4.1997,6.0128,,251220.9585,
002687.SZ,20260303,3.0797,4.3226,,252389.7455,
300785.SZ,20260303,8.7598,10.805,,1049955.683,
600831.SH,20260303,1.7352,2.4508,,296464.8957,
603800.SH,20260303,3.83,7.2258,,831376.0,
300740.SZ,20260303,5.0703,8.7179,,903653.4087,
603822.SH,20260303,2.7197,4.4464,,866595.9941,
301418.SZ,20260303,4.9663,4.9663,,278886.6692,
300834.SZ,20260303,1.3056,3.647,,455030.3172,
002876.SZ,20260303,5.6874,6.4186,,472793.1301,
301313.SZ,20260303,5.5806,6.5349,,312429.268,
301163.SZ,20260303,4.5026,6.8739,,241780.8,
300172.SZ,20260303,16.4041,18.0503,,425650.59,
300666.SZ,20260303,9.1141,10.0832,,4101327.1178,
000514.SZ,20260303,1.842,5.0036,,407541.3761,
600282.SH,20260303,0.8901,2.3901,,3594248.0594,
000166.SZ,20260303,0.5477,1.5291,,12394772.5572,
688566.SH,20260303,1.2141,4.1689,,567779.6727,
600741.SH,20260303,0.4117,0.9877,,6024855.5334,
688631.SH,20260303,4.0126,5.2971,,1048660.05,
001317.SZ,20260303,3.2997,8.0548,,441519.5177,
605305.SH,20260303,3.8215,5.311,,794612.28,
300558.SZ,20260303,1.4818,2.5233,,1786015.1635,
000707.SZ,20260303,4.0159,5.0942,,377142.5895,
603138.SH,20260303,11.1931,20.1443,,607728.7643,
600732.SH,20260303,5.6439,9.2059,,3084833.1378,
002599.SZ,20260303,5.0258,5.6987,,396846.4413,
920006.BJ,20260303,8.4422,11.4748,,245400.6096,
002423.SZ,20260303,1.0439,2.8047,,2550644.8715,
600855.SH,20260303,8.02,14.4404,,898196.4096,
600379.SH,20260303,2.489,4.4599,,416053.9706,
301175.SZ,20260303,16.5968,16.5968,,1036203.52,
920985.BJ,20260303,3.4717,5.6415,,241081.9598,
600838.SH,20260303,3.4277,5.0853,,420124.3161,
300300.SZ,20260303,28.1152,37.2922,,926250.5691,
002305.SZ,20260303,2.045,3.4366,,364185.3117,
300769.SZ,20260303,6.9769,7.9271,,1160538.8203,
688768.SH,20260303,6.0034,9.1758,,425513.4161,
688349.SH,20260303,0.4412,1.7074,,3207047.0222,
920564.BJ,20260303,7.3666,11.8068,,235233.5594,
002833.SZ,20260303,2.7632,3.8726,,762345.2005,
600320.SH,20260303,2.4487,4.5111,,2829105.83,
688552.SH,20260303,14.9457,14.9457,,1445782.176,
603116.SH,20260303,1.5193,3.4081,,336501.2672,
000060.SZ,20260303,6.8708,9.824,,3433026.31,
688120.SH,20260303,1.4306,1.9903,,6400747.3851,
300873.SZ,20260303,5.7062,9.0587,,587342.7311,
300641.SZ,20260303,2.3034,5.2852,,975411.1674,
300232.SZ,20260303,5.5379,6.2825,,818847.7047,
002367.SZ,20260303,1.3228,2.5102,,631814.4012,
300913.SZ,20260303,4.1895,12.7461,,1849989.7046,
603858.SH,20260303,0.6361,1.4568,,1755856.4559,
002124.SZ,20260303,2.203,2.2997,,548817.6565,
000582.SZ,20260303,4.3995,10.0055,,2766275.8435,
002422.SZ,20260303,1.0259,1.2353,,4717453.5541,
300505.SZ,20260303,20.5662,22.4334,,893319.4498,
002053.SZ,20260303,2.0175,7.5814,,1116844.8398,
603237.SH,20260303,1.0868,2.5848,,336994.0383,
688729.SH,20260303,7.5346,7.5346,,6972166.04,
300440.SZ,20260303,4.9473,7.5565,,736190.305,
301199.SZ,20260303,4.1009,4.8601,,434395.052,
000632.SZ,20260303,4.7784,6.0852,,229501.148,
001386.SZ,20260303,6.8484,6.8484,,2689764.92,
000504.SZ,20260303,0.9368,1.5781,,285469.9798,
002001.SZ,20260303,4.0373,8.2068,,10415826.0735,
688131.SH,20260303,2.4619,3.6258,,1325647.8313,
300905.SZ,20260303,3.751,6.0502,,598601.2942,
605366.SH,20260303,12.9767,26.5996,,667193.5236,
688558.SH,20260303,1.5333,4.732,,406956.0,
603007.SH,20260303,3.5565,3.5565,,560865.628,
300189.SZ,20260303,41.378,43.639,,860160.0,
002266.SZ,20260303,3.6961,7.0393,,2599197.1582,
300623.SZ,20260303,4.6527,7.4618,,2519537.9947,
603062.SH,20260303,3.1817,3.6454,,531468.0,
300585.SZ,20260303,3.1766,5.4072,,266248.8887,
601717.SH,20260303,2.9668,4.7409,,4240324.8338,
603030.SH,20260303,2.7716,3.6505,,343719.6487,
300735.SZ,20260303,2.0723,4.0796,,1854185.0246,
603202.SH,20260303,2.7901,2.7901,,1456000.0,
600699.SH,20260303,2.4855,4.0115,,4078526.5807,
600538.SH,20260303,2.5,2.7754,,329196.5625,
301318.SZ,20260303,2.2397,4.6803,,382219.3501,
300474.SZ,20260303,4.8278,5.9217,,3798396.5128,
301501.SZ,20260303,2.9428,2.9428,,593522.7,
300473.SZ,20260303,4.6195,5.9664,,573239.1116,
600727.SH,20260303,14.4125,21.9158,,440309.7515,
002871.SZ,20260303,2.5076,3.4728,,539219.0821,
301373.SZ,20260303,27.5636,29.2115,,448423.6242,
600846.SH,20260303,1.2124,2.706,,813439.4938,
600928.SH,20260303,1.0264,3.8442,,1653333.3335,
920974.BJ,20260303,9.5402,10.9775,,147747.6,
002902.SZ,20260303,8.4357,9.7074,,486938.7765,
301019.SZ,20260303,3.1408,4.046,,359290.2656,
300640.SZ,20260303,6.4908,7.5781,,224848.2477,
002460.SZ,20260303,5.0608,5.6693,,14104463.2557,
002520.SZ,20260303,7.8835,10.4929,,446395.8767,
688111.SH,20260303,1.866,4.3145,,13363651.9696,
600905.SH,20260303,0.903,1.9354,,11978225.4095,
600346.SH,20260303,1.0979,4.3886,,18315737.6432,
920870.BJ,20260303,2.0182,3.5686,,220966.0,
600104.SH,20260303,0.5425,1.7859,,16185350.7256,
300319.SZ,20260303,17.0635,21.993,,1263038.1851,
603220.SH,20260303,9.8807,13.6988,,1369828.182,
301507.SZ,20260303,5.0797,5.0797,,518786.5502,
300695.SZ,20260303,0.9605,3.3007,,746271.0314,
300214.SZ,20260303,2.5515,4.3084,,338449.103,
920522.BJ,20260303,2.3918,3.1163,,1048662.3168,
300446.SZ,20260303,8.3953,9.8007,,1957124.407,
688272.SH,20260303,6.0268,12.9838,,247152.0,
605001.SH,20260303,1.6089,3.2242,,302915.106,
600796.SH,20260303,5.724,8.5089,,593611.2497,
002979.SZ,20260303,2.9013,3.7925,,1144100.9648,
600760.SH,20260303,1.2674,3.8611,,15802817.9358,
002907.SZ,20260303,0.8349,2.3204,,587975.6101,
300810.SZ,20260303,4.5791,8.2566,,479283.0,
920876.BJ,20260303,3.3252,5.3972,,159681.4796,
600927.SH,20260303,0.6146,4.0092,,2161500.0007,
688157.SH,20260303,2.8888,6.1235,,626037.1822,
002587.SZ,20260303,5.2028,5.7492,,415685.1715,
920199.BJ,20260303,6.7227,14.1945,,258953.4596,
603327.SH,20260303,1.9735,6.7025,,1031868.3883,
601311.SH,20260303,2.1778,3.6076,,1106276.7893,
002512.SZ,20260303,0.0784,0.1086,,637460.5701,
600966.SH,20260303,2.0197,3.9475,,1102896.5376,
600358.SH,20260303,2.3394,3.3087,,318110.0958,
002893.SZ,20260303,4.792,6.0584,,300549.6,
300648.SZ,20260303,4.1357,4.4628,,1035405.7974,
002382.SZ,20260303,1.4012,1.9635,,600254.2814,
002243.SZ,20260303,1.9991,4.0288,,1225131.4696,
688147.SH,20260303,1.7641,5.6929,,3756587.2273,
002898.SZ,20260303,1.2927,2.0584,,196240.0,
002760.SZ,20260303,5.5859,7.2811,,259280.8831,
002963.SZ,20260303,5.0701,8.393,,222683.0563,
688728.SH,20260303,0.9931,2.9427,,4137533.3872,
301668.SZ,20260303,10.934,10.934,,578270.0,
300059.SZ,20260303,2.1737,2.3747,,34199937.5287,
600616.SH,20260303,1.788,2.8164,,352565.6087,
300831.SZ,20260303,17.9778,17.9778,,520640.0,
688126.SH,20260303,1.6306,2.7811,,6520811.1544,
301011.SZ,20260303,1.8837,3.6175,,365737.5826,
000661.SZ,20260303,2.3413,3.2177,,3668582.1983,
301157.SZ,20260303,10.2933,10.2933,,325560.0,
301279.SZ,20260303,2.1795,5.758,,379097.2791,
000889.SZ,20260303,3.2163,4.3459,,324893.0173,
688679.SH,20260303,3.2044,6.5632,,566002.2232,
603177.SH,20260303,6.3381,15.2512,,252381.312,
002967.SZ,20260303,2.5018,4.7599,,1417947.8932,
688709.SH,20260303,4.7709,5.9538,,2794484.7501,
688367.SH,20260303,3.7605,5.463,,306686.1,
301155.SZ,20260303,2.6651,3.7509,,1635218.6975,
300786.SZ,20260303,4.6605,5.0353,,289456.9777,
601112.SH,20260303,8.8603,8.8603,,3393714.4157,
301166.SZ,20260303,2.6113,3.6016,,273866.6709,
920128.BJ,20260303,1.9671,3.0951,,218482.29,
920970.BJ,20260303,3.9958,5.1479,,86978.628,
601997.SH,20260303,1.3371,1.784,,2116938.686,
600201.SH,20260303,3.2189,3.7053,,1655392.5129,
002399.SZ,20260303,0.4539,2.0336,,1709400.0777,
000630.SZ,20260303,5.8899,8.9939,,10405749.8918,
002899.SZ,20260303,2.5963,3.6769,,432897.3427,
002780.SZ,20260303,5.2207,5.5689,,250688.3569,
000999.SZ,20260303,1.5174,4.1322,,4917763.7704,
688160.SH,20260303,2.2515,5.6194,,1046841.1742,
600713.SH,20260303,1.2311,2.8001,,704205.5317,
002213.SZ,20260303,7.9847,9.9057,,617935.7618,
603071.SH,20260303,1.0122,3.497,,804570.3054,
000531.SZ,20260303,2.6867,5.6391,,705028.7018,
920169.BJ,20260303,11.0391,17.7684,,296455.5302,
301578.SZ,20260303,6.1361,6.1361,,281450.5405,
300111.SZ,20260303,5.9138,8.4459,,544490.132,
300607.SZ,20260303,4.0542,4.5496,,1321213.5812,
002011.SZ,20260303,2.1335,3.8855,,1408901.7292,
601998.SH,20260303,0.2343,2.4523,,40509678.1282,
002413.SZ,20260303,39.8883,39.8883,,2128096.5894,
300145.SZ,20260303,4.9607,7.2701,,902513.7569,
002690.SZ,20260303,2.3337,3.3811,,1661237.0187,
002244.SZ,20260303,0.9096,2.2102,,3453702.7179,
300753.SZ,20260303,9.8365,11.4387,,394530.24,
605155.SH,20260303,1.8844,4.9386,,341275.8104,
300037.SZ,20260303,3.4604,4.0491,,4162669.8179,
002403.SZ,20260303,1.5208,3.2927,,381855.8471,
001217.SZ,20260303,4.2755,11.5817,,433090.35,
000680.SZ,20260303,2.1919,3.2111,,1935183.9695,
605318.SH,20260303,2.3664,8.3274,,900848.4856,
002951.SZ,20260303,3.6369,21.5195,,607500.0,
688101.SH,20260303,1.5263,4.7114,,559108.3191,
605589.SH,20260303,4.0638,5.4508,,2909037.2676,
920149.BJ,20260303,2.1994,3.161,,89332.3542,
301486.SZ,20260303,9.7074,12.5949,,2435931.2354,
000589.SZ,20260303,3.2448,4.1687,,780421.501,
603396.SH,20260303,8.485,14.429,,545105.6259,
301348.SZ,20260303,11.1093,11.1093,,621120.0,
301372.SZ,20260303,4.802,5.3996,,184731.4324,
688392.SH,20260303,3.5077,6.1049,,1432663.2634,
000676.SZ,20260303,3.1775,4.2346,,1030507.5779,
300989.SZ,20260303,2.7501,3.715,,312852.9889,
920035.BJ,20260303,4.7097,4.7097,,213003.7,
300819.SZ,20260303,8.5748,21.2942,,878519.04,
001378.SZ,20260303,4.6147,4.6147,,327733.9888,
688505.SH,20260303,1.0551,2.4284,,841696.5452,
605158.SH,20260303,0.8641,3.1422,,414250.2,
688193.SH,20260303,1.6527,3.0266,,203635.0793,
300612.SZ,20260303,7.551,9.523,,287644.4666,
300235.SZ,20260303,3.7436,4.7719,,329536.3452,
600360.SH,20260303,4.0347,5.194,,860424.5924,
300161.SZ,20260303,3.1311,4.6588,,598077.6871,
001282.SZ,20260303,14.6872,20.2528,,511026.88,
300779.SZ,20260303,2.9437,3.5671,,1958295.9613,
300434.SZ,20260303,2.2269,3.7863,,402949.1036,
000695.SZ,20260303,4.9839,7.1091,,292239.4473,
920112.BJ,20260303,1.2543,1.2543,,317593.55,
000905.SZ,20260303,10.5546,22.0612,,1022955.4343,
301332.SZ,20260303,1.4381,1.947,,430176.25,
301278.SZ,20260303,16.2695,19.8097,,365919.5153,
920725.BJ,20260303,10.8444,17.0555,,327768.525,
920068.BJ,20260303,8.3663,8.3663,,1321034.0302,
000573.SZ,20260303,3.3511,4.228,,265524.7313,
300521.SZ,20260303,4.6277,6.1386,,446195.4,
600639.SH,20260303,0.8233,2.3637,,1161697.3443,
301149.SZ,20260303,4.8356,6.1539,,512990.0215,
600835.SH,20260303,2.3957,6.1255,,2520029.6549,
000973.SZ,20260303,5.4081,5.4081,,3212915.4532,
000501.SZ,20260303,1.6754,2.9393,,704397.3416,
000822.SZ,20260303,16.3858,27.4638,,648046.5544,
688588.SH,20260303,1.6106,3.0264,,508012.7038,
300812.SZ,20260303,24.322,32.3448,,612977.0789,
301205.SZ,20260303,17.0825,20.2198,,2484986.832,
600386.SH,20260303,1.7778,3.9506,,338688.0,
605116.SH,20260303,1.0509,3.8645,,1015458.085,
002651.SZ,20260303,4.5042,8.5744,,1080999.16,
300971.SZ,20260303,5.9708,6.7809,,289648.8,
300808.SZ,20260303,2.3262,4.5062,,480960.0,
603809.SH,20260303,2.5072,3.6562,,1099745.1244,
603010.SH,20260303,2.6932,5.2146,,679194.5391,
600107.SH,20260303,1.1223,1.4325,,207360.0,
603279.SH,20260303,3.7184,6.7534,,1167731.698,
002737.SZ,20260303,0.6228,1.4387,,797160.0,
002193.SZ,20260303,6.1781,8.4221,,163833.9343,
603393.SH,20260303,15.3599,27.2433,,1738077.4407,
301009.SZ,20260303,2.4378,3.4548,,333300.36,
002313.SZ,20260303,2.5374,4.484,,338832.0,
002385.SZ,20260303,9.3191,9.783,,1823233.3116,
300652.SZ,20260303,3.0331,5.6148,,613596.6312,
603609.SH,20260303,0.5419,1.1639,,664869.1094,
002238.SZ,20260303,2.2455,6.5386,,617167.994,
605183.SH,20260303,1.2102,3.7434,,896644.0606,
001400.SZ,20260303,19.0656,19.0656,,720660.0,
688038.SH,20260303,4.3763,7.6214,,256021.48,
603128.SH,20260303,4.4019,8.1228,,805063.5938,
688163.SH,20260303,1.3382,3.2637,,259944.44,
300920.SZ,20260303,14.9029,20.3118,,395700.0,
600536.SH,20260303,2.9074,4.5746,,3800511.3969,
600268.SH,20260303,4.3007,9.3561,,1378536.6457,
300588.SZ,20260303,2.3495,3.2244,,460296.3561,
600009.SH,20260303,0.5987,1.1925,,7445032.6157,
920419.BJ,20260303,1.1792,2.1666,,152067.0208,
603028.SH,20260303,4.4723,6.3167,,271826.88,
688691.SH,20260303,11.2314,11.2314,,1444560.0,
603112.SH,20260303,1.5641,3.8565,,932874.5623,
002421.SZ,20260303,2.8368,3.3204,,583159.9507,
600736.SH,20260303,3.5971,6.3998,,729919.703,
688311.SH,20260303,3.7329,5.8451,,743887.6644,
601007.SH,20260303,2.0598,3.646,,304980.0,
600059.SH,20260303,1.7516,2.8489,,862319.1227,
000932.SZ,20260303,1.3153,2.7598,,4545880.1843,
002841.SZ,20260303,1.2555,1.8055,,2501483.4627,
688475.SH,20260303,0.7978,4.1322,,2153025.0,
300987.SZ,20260303,4.5484,8.2685,,312062.4,
688138.SH,20260303,2.5125,6.213,,898124.4,
688018.SH,20260303,2.343,3.8448,,2646208.1343,
603920.SH,20260303,6.2575,12.1935,,4137641.0842,
601377.SH,20260303,1.3138,1.8561,,5622027.7284,
300916.SZ,20260303,2.7679,4.3939,,428146.2607,
300039.SZ,20260303,3.4051,4.8983,,656888.0,
003026.SZ,20260303,4.236,5.4453,,411540.325,
688351.SH,20260303,0.9466,3.1813,,1099792.2,
301099.SZ,20260303,4.7405,6.1597,,618489.5816,
300132.SZ,20260303,4.9569,5.4669,,473704.6725,
605166.SH,20260303,4.0821,6.0011,,335819.7333,
600326.SH,20260303,3.0505,3.9647,,1448299.6816,
001373.SZ,20260303,6.4917,7.5936,,288690.9903,
920029.BJ,20260303,2.5595,2.5595,,1182619.9695,
301337.SZ,20260303,5.7392,6.7285,,304993.4,
300390.SZ,20260303,4.2135,5.1434,,3795700.3504,
301100.SZ,20260303,6.398,11.1964,,418200.0,
300706.SZ,20260303,12.7981,18.0244,,640033.7583,
300069.SZ,20260303,3.1141,5.4841,,212355.0,
600730.SH,20260303,2.6817,3.3532,,559669.8259,
301520.SZ,20260303,3.7129,3.7129,,280333.3347,
300604.SZ,20260303,5.0905,5.6666,,8177449.6945,
920675.BJ,20260303,27.9287,44.9496,,273224.268,
301127.SZ,20260303,3.283,5.9372,,1046832.381,
601298.SH,20260303,0.3341,2.72,,6095142.9,
601117.SH,20260303,3.254,5.7412,,5587599.5382,
688209.SH,20260303,2.8234,7.3896,,895330.2771,
000722.SZ,20260303,3.7902,7.82,,609903.9825,
300710.SZ,20260303,4.9148,5.1533,,294491.288,
600734.SH,20260303,5.3294,7.2921,,882212.7579,
301618.SZ,20260303,2.535,2.6416,,440524.0444,
603607.SH,20260303,2.9057,5.6955,,404697.5856,
300144.SZ,20260303,2.6043,3.9697,,2133865.1164,
000402.SZ,20260303,0.826,1.6848,,815977.8646,
605162.SH,20260303,3.5708,14.084,,391770.176,
301322.SZ,20260303,5.3092,7.1241,,454664.3914,
603392.SH,20260303,0.3508,1.3254,,4893200.1515,
600362.SH,20260303,3.0034,7.1661,,19328955.5387,
603041.SH,20260303,2.1035,3.5578,,236993.1134,
002835.SZ,20260303,2.5296,3.3272,,353165.735,
920770.BJ,20260303,10.254,12.0221,,239443.202,
688080.SH,20260303,4.4601,6.1805,,411443.1534,
688077.SH,20260303,5.6827,9.3882,,390829.6127,
688178.SH,20260303,2.4983,5.1708,,216829.5,
688396.SH,20260303,1.3804,4.0853,,6950943.9279,
002531.SZ,20260303,5.3351,10.834,,1854378.7751,
603533.SH,20260303,10.676,18.3973,,1167026.6843,
300298.SZ,20260303,1.4061,2.1744,,956936.5586,
001220.SZ,20260303,10.4999,10.4999,,376543.2,
600452.SH,20260303,10.0808,17.2759,,2092769.7327,
688516.SH,20260303,5.0262,9.1011,,2633004.5231,
920821.BJ,20260303,3.0727,5.7028,,324181.9294,
600206.SH,20260303,8.0411,12.0172,,2043579.7434,
000559.SZ,20260303,4.5893,12.6645,,5702416.5237,
002981.SZ,20260303,5.1398,13.8536,,403384.2614,
600017.SH,20260303,2.5594,4.6082,,993436.2058,
688570.SH,20260303,0.8973,1.3516,,799751.0,
300570.SZ,20260303,11.6492,14.4303,,3083247.2195,
601038.SH,20260303,1.4857,5.9335,,1602318.1622,
600313.SH,20260303,18.2639,30.3302,,975554.134,
301081.SZ,20260303,2.0313,4.6056,,283994.8275,
688608.SH,20260303,2.4035,3.9114,,3184600.3293,
601519.SH,20260303,1.8622,3.7207,,2281566.52,
002094.SZ,20260303,7.1972,9.1592,,516791.3667,
301535.SZ,20260303,7.3109,7.3109,,1126178.8245,
603067.SH,20260303,5.6243,8.9641,,2981639.362,
601677.SH,20260303,3.9691,4.6664,,2067979.7917,
001289.SZ,20260303,0.2947,11.1441,,14278566.0081,
000685.SZ,20260303,2.2426,4.4413,,1767183.3985,
002986.SZ,20260303,9.4789,11.0735,,560298.9318,
301325.SZ,20260303,6.3439,6.3439,,751839.1485,
300268.SZ,20260303,1.3747,1.9629,,240744.4,
600202.SH,20260303,3.0171,4.5735,,236137.854,
600675.SH,20260303,0.8367,2.991,,1674779.4867,
603018.SH,20260303,2.978,2.978,,525155.6375,
301187.SZ,20260303,0.7787,2.7092,,580738.57,
002795.SZ,20260303,7.8915,11.0422,,365275.5021,
300575.SZ,20260303,3.7623,4.2688,,314337.9916,
300247.SZ,20260303,4.0266,4.7125,,381919.1487,
603038.SH,20260303,1.5493,2.6623,,439287.0683,
002030.SZ,20260303,1.9169,2.8038,,836453.8351,
600157.SH,20260303,11.0937,13.605,,4014468.6027,
001208.SZ,20260303,12.949,13.1597,,1307980.0352,
002772.SZ,20260303,4.7172,7.3951,,713339.8252,
603212.SH,20260303,6.3662,10.0239,,617299.2874,
920099.BJ,20260303,17.2057,22.8494,,315638.3919,
002394.SZ,20260303,4.9005,8.2363,,481341.9,
002723.SZ,20260303,5.8388,8.4296,,297120.7891,
300050.SZ,20260303,4.1104,4.9873,,317645.6366,
301053.SZ,20260303,1.6503,4.904,,272783.1547,
603093.SH,20260303,5.5256,23.9987,,1518705.8736,
600269.SH,20260303,1.4115,3.0933,,1160697.286,
300875.SZ,20260303,22.7237,40.3358,,539706.6639,
300557.SZ,20260303,9.7785,18.8091,,502447.7688,
300691.SZ,20260303,2.5239,3.3605,,448235.2442,
300563.SZ,20260303,5.2189,5.9873,,629645.9704,
301357.SZ,20260303,24.5042,24.5042,,1340035.2,
002725.SZ,20260303,23.3238,33.1568,,421632.0,
000010.SZ,20260303,10.2086,12.2409,,462160.2214,
603218.SH,20260303,1.2866,3.1622,,1417749.56,
301312.SZ,20260303,12.6848,20.8967,,1047000.4877,
600036.SH,20260303,0.6712,1.1816,,98811355.0647,
603790.SH,20260303,2.8054,7.2031,,474190.08,
600853.SH,20260303,2.0174,3.6067,,420823.1746,
002596.SZ,20260303,3.7144,5.1614,,461327.3682,
603658.SH,20260303,0.4835,1.671,,2016558.0063,
002912.SZ,20260303,3.1085,4.6933,,510719.232,
002227.SZ,20260303,2.6474,5.6965,,234672.443,
300822.SZ,20260303,1.0016,3.1109,,471042.7344,
601188.SH,20260303,3.8277,7.7162,,476496.519,
300983.SZ,20260303,0.9108,1.9691,,468460.8,
301122.SZ,20260303,4.7455,8.1127,,405611.0932,
002010.SZ,20260303,1.4135,3.439,,1757923.6575,
601611.SH,20260303,4.0088,12.0564,,4665415.3602,
600693.SH,20260303,5.3322,13.351,,1104704.7324,
002940.SZ,20260303,3.2971,5.5945,,603369.0043,
000039.SZ,20260303,4.6931,6.0801,,6902426.0928,
002508.SZ,20260303,0.7117,1.4991,,1932400.0832,
603020.SH,20260303,1.4784,2.2404,,394734.9072,
688809.SH,20260303,10.9543,10.9543,,4205883.5559,
300515.SZ,20260303,1.4454,2.8509,,397106.185,
688562.SH,20260303,7.5729,7.5729,,812000.0,
301338.SZ,20260303,16.4185,26.6876,,1833378.4,
000911.SZ,20260303,8.6947,18.5822,,279022.9131,
002980.SZ,20260303,42.7732,68.5294,,664040.467,
600425.SH,20260303,2.422,3.9764,,738163.7052,
002606.SZ,20260303,8.244,11.442,,539620.9874,
920703.BJ,20260303,8.9904,14.0115,,244775.776,
002543.SZ,20260303,0.9673,2.6494,,666265.6,
002642.SZ,20260303,3.0913,3.9146,,528602.6701,
688123.SH,20260303,5.4064,7.0875,,2018747.1662,
688777.SH,20260303,5.3497,6.916,,5581842.113,
301339.SZ,20260303,4.3799,4.3799,,800279.6483,
603808.SH,20260303,1.7849,4.0281,,360972.8347,
688280.SH,20260303,8.8414,10.6022,,600845.657,
920160.BJ,20260303,6.6945,6.6945,,280028.16,
600048.SH,20260303,1.2095,2.0405,,7996256.2032,
000881.SZ,20260303,3.1736,5.4141,,801721.0911,
300335.SZ,20260303,27.8737,30.6141,,329138.5477,
300811.SZ,20260303,4.6541,7.1313,,2456347.2072,
603262.SH,20260303,2.8568,2.8568,,1060426.51,
601020.SH,20260303,8.9173,11.7398,,3085527.1586,
603578.SH,20260303,4.7498,10.9471,,270535.548,
000838.SZ,20260303,2.7754,4.1688,,269613.2317,
603052.SH,20260303,3.939,11.9191,,1075148.2476,
920168.BJ,20260303,18.198,18.198,,187783.1532,
300748.SZ,20260303,5.4649,9.4216,,5093807.1668,
001326.SZ,20260303,5.8405,6.7198,,431074.8,
001279.SZ,20260303,2.8382,2.8382,,526720.0,
002126.SZ,20260303,4.8885,5.1888,,4127061.9891,
301479.SZ,20260303,6.6972,6.6972,,766703.2398,
920735.BJ,20260303,1.8101,2.5967,,407321.1173,
600366.SH,20260303,4.8071,7.275,,1522171.8556,
600350.SH,20260303,0.2132,1.6123,,4684699.1294,
688320.SH,20260303,2.4405,3.5366,,494871.79,
688819.SH,20260303,0.3787,2.7288,,3086417.5,
688170.SH,20260303,10.4308,14.7287,,541606.4,
600601.SH,20260303,2.7922,4.4835,,4491703.7742,
603778.SH,20260303,18.7335,25.7603,,1018451.9281,
603927.SH,20260303,2.1051,3.1636,,1490054.72,
920111.BJ,20260303,2.325,3.6945,,378887.289,
603107.SH,20260303,1.9909,3.0059,,494533.11,
000006.SZ,20260303,2.2099,3.5073,,1155595.7594,
600635.SH,20260303,12.0147,16.4204,,2040132.3604,
000797.SZ,20260303,2.3978,5.3153,,472797.0193,
002251.SZ,20260303,4.3358,5.6323,,1242179.2563,
605005.SH,20260303,0.7363,4.7053,,773128.0,
002842.SZ,20260303,31.9851,38.5758,,1429089.1393,
301408.SZ,20260303,4.0044,5.3322,,727218.18,
600390.SH,20260303,1.2681,2.3956,,2509920.5261,
688617.SH,20260303,0.9413,1.6582,,3331129.7574,
603369.SH,20260303,0.8274,1.5322,,3742893.7111,
300657.SZ,20260303,8.4161,10.2472,,1464556.7195,
603409.SH,20260303,6.7863,6.7863,,446524.29,
600992.SH,20260303,2.8059,3.6658,,336018.39,
300012.SZ,20260303,2.6525,2.8095,,2650454.4371,
601601.SH,20260303,0.7738,1.7466,,38433264.1127,
002539.SZ,20260303,5.136,6.0191,,1839363.2895,
300261.SZ,20260303,3.4992,5.3937,,657940.3687,
920982.BJ,20260303,2.0805,2.613,,2137338.6905,
001332.SZ,20260303,3.7538,6.4927,,594657.18,
002886.SZ,20260303,6.7215,9.0901,,621160.4134,
300437.SZ,20260303,31.8352,37.8703,,484147.1433,
603356.SH,20260303,12.2961,18.4252,,282280.78,
002869.SZ,20260303,2.6154,3.369,,370990.7361,
601518.SH,20260303,1.6524,5.229,,559603.738,
300308.SZ,20260303,3.5559,4.7217,,62644851.6709,
300425.SZ,20260303,2.3216,3.7206,,350663.5744,
603182.SH,20260303,1.6806,2.5704,,254229.75,
300003.SZ,20260303,2.4434,3.3746,,3135617.5213,
002252.SZ,20260303,0.7205,1.2568,,4181930.4473,
300946.SZ,20260303,2.9387,4.6792,,781911.0936,
603819.SH,20260303,2.9259,5.8579,,262147.1451,
920656.BJ,20260303,1.667,2.1589,,172000.0,
000612.SZ,20260303,6.2309,8.2571,,1729881.3207,
301101.SZ,20260303,1.6818,4.1981,,780456.3633,
605337.SH,20260303,2.0666,5.3181,,443936.3867,
300239.SZ,20260303,2.1698,2.971,,338356.5218,
601333.SH,20260303,1.651,3.0871,,2224230.618,
688678.SH,20260303,4.4811,6.7211,,685281.0517,
301391.SZ,20260303,2.3109,6.5492,,763919.0804,
300583.SZ,20260303,1.9266,3.5982,,266531.487,
300636.SZ,20260303,2.0448,2.5696,,333021.5355,
002952.SZ,20260303,6.817,17.0397,,401482.62,
601969.SH,20260303,5.6519,25.0382,,2727608.8626,
000411.SZ,20260303,2.2525,4.5528,,646355.4537,
603238.SH,20260303,1.3049,3.27,,311528.295,
603386.SH,20260303,3.7759,8.8754,,459135.8419,
300456.SZ,20260303,9.3908,10.1515,,3700605.1792,
000657.SZ,20260303,7.7229,12.5472,,14797256.9736,
603395.SH,20260303,6.2972,6.2972,,787540.0,
688027.SH,20260303,4.5743,6.0002,,6458333.6698,
603429.SH,20260303,4.6043,7.8107,,467841.0348,
300917.SZ,20260303,3.9892,8.9644,,635440.0,
301266.SZ,20260303,5.7168,12.9783,,523832.0156,
688399.SH,20260303,2.7085,4.5192,,481675.2937,
603737.SH,20260303,0.8308,2.5187,,3763606.9298,
601158.SH,20260303,0.4837,4.2288,,2203210.5923,
603897.SH,20260303,14.6861,35.2558,,690320.9173,
600539.SH,20260303,3.6937,6.1526,,246560.0,
001299.SZ,20260303,6.0388,20.1976,,375361.9235,
002406.SZ,20260303,3.8608,4.2744,,575417.3646,
300121.SZ,20260303,6.3345,9.1689,,614422.8952,
003011.SZ,20260303,4.6637,6.1119,,259256.9,
688334.SH,20260303,4.656,7.3065,,747127.5398,
000021.SZ,20260303,8.9694,13.6462,,4821915.8292,
688371.SH,20260303,0.9628,2.3868,,686711.9127,
000812.SZ,20260303,2.4948,3.0056,,323619.5905,
002612.SZ,20260303,3.7465,5.1442,,774721.8516,
301548.SZ,20260303,9.2492,9.2492,,708267.0,
920953.BJ,20260303,2.7801,4.6542,,431366.5383,
300047.SZ,20260303,5.408,5.5168,,815037.6908,
002802.SZ,20260303,2.4072,3.7787,,243555.4586,
300942.SZ,20260303,1.6207,3.7128,,373473.4004,
000157.SZ,20260303,1.6432,2.4678,,8267999.6856,
300305.SZ,20260303,3.0738,4.2156,,244385.6422,
601096.SH,20260303,6.4425,13.1162,,1527513.5552,
688501.SH,20260303,3.079,5.1297,,318515.464,
688141.SH,20260303,3.1056,4.8628,,2441193.4424,
300203.SZ,20260303,2.5115,3.3095,,678042.5136,
603825.SH,20260303,2.1065,3.3351,,222682.8292,
600668.SH,20260303,1.601,1.9093,,454603.554,
603848.SH,20260303,0.7481,4.3729,,661153.8976,
300290.SZ,20260303,4.0307,5.0392,,1010137.7265,
603877.SH,20260303,0.4504,1.5286,,709440.0569,
920639.BJ,20260303,3.6829,4.748,,170553.6,
000909.SZ,20260303,3.4251,5.8484,,267005.6895,
688060.SH,20260303,1.412,4.6062,,275553.1528,
600331.SH,20260303,6.3692,9.273,,5457545.6,
688281.SH,20260303,2.7359,5.2966,,2467037.1794,
002675.SZ,20260303,1.4565,1.8269,,1038990.5883,
920001.BJ,20260303,2.1511,4.4791,,255222.9548,
603818.SH,20260303,2.3539,4.0609,,254021.2264,
002485.SZ,20260303,3.6529,14.8543,,304096.0,
600480.SH,20260303,2.0127,3.6419,,1340846.0164,
002577.SZ,20260303,1.1026,2.6468,,463415.888,
002281.SZ,20260303,9.259,15.3218,,6163809.421,
603276.SH,20260303,2.8465,2.8465,,365047.8157,
002556.SZ,20260303,3.4241,5.5032,,625648.4509,
300245.SZ,20260303,2.9692,3.6756,,363009.4631,
002630.SZ,20260303,3.2368,3.2368,,291657.6,
002703.SZ,20260303,8.9319,16.9516,,1924959.7786,
688350.SH,20260303,3.1942,5.4597,,449788.1319,
300876.SZ,20260303,2.6279,4.0487,,308981.9672,
603048.SH,20260303,2.9059,10.1885,,324751.68,
601015.SH,20260303,10.6392,28.5695,,1162181.1566,
603270.SH,20260303,5.9211,5.9211,,561570.3875,
301071.SZ,20260303,9.2735,12.9737,,1162376.1499,
601666.SH,20260303,3.6756,7.6262,,2219955.2945,
300789.SZ,20260303,2.2911,2.9985,,316036.3782,
301192.SZ,20260303,3.9775,6.8538,,294005.7,
003001.SZ,20260303,3.1281,4.1448,,323939.4647,
603730.SH,20260303,1.5795,8.2186,,2120653.6733,
688707.SH,20260303,1.761,2.5266,,706640.1447,
300752.SZ,20260303,3.5325,4.2606,,408327.6344,
920873.BJ,20260303,2.8172,3.2545,,121635.8926,
300445.SZ,20260303,3.7233,5.1738,,444616.0172,
000025.SZ,20260303,1.9052,4.1302,,756076.2933,
300017.SZ,20260303,15.3073,17.3817,,4446685.1968,
300867.SZ,20260303,2.7827,3.4575,,520384.1165,
300803.SZ,20260303,4.1596,6.8952,,6892478.0152,
002077.SZ,20260303,5.0175,9.8786,,898379.4981,
300256.SZ,20260303,1.7275,3.5323,,827963.5859,
002187.SZ,20260303,2.9158,6.8549,,469599.4041,
002895.SZ,20260303,3.3148,6.1999,,2499940.7339,
603129.SH,20260303,1.1032,1.727,,3576267.8431,
300469.SZ,20260303,3.6972,4.5535,,1531385.3053,
300532.SZ,20260303,2.3079,3.5576,,520771.0175,
002154.SZ,20260303,2.2555,2.9492,,567680.8206,
600198.SH,20260303,3.4442,7.2713,,1160207.1515,
600556.SH,20260303,5.2132,8.5309,,1158766.2385,
603995.SH,20260303,2.2742,4.3988,,713320.5131,
301617.SZ,20260303,3.4089,4.4254,,890844.24,
300475.SZ,20260303,4.813,5.7283,,6284325.7983,
920926.BJ,20260303,1.5009,5.1044,,142615.8435,
300253.SZ,20260303,6.1302,6.8709,,2126907.793,
000985.SZ,20260303,11.9935,32.8585,,320209.565,
002137.SZ,20260303,5.8959,6.9545,,491456.6308,
603183.SH,20260303,2.7534,3.6014,,227696.189,
000498.SZ,20260303,1.4118,3.5523,,964065.9032,
603115.SH,20260303,6.4608,18.3449,,703417.2832,
000555.SZ,20260303,4.3331,7.1032,,1611979.3699,
603986.SH,20260303,4.9906,5.4725,,19132384.7853,
301058.SZ,20260303,3.9136,6.8532,,572210.3317,
600587.SH,20260303,1.8014,2.5569,,906326.9562,
688058.SH,20260303,3.2506,6.1636,,223262.7855,
000737.SZ,20260303,6.8733,14.0215,,3251350.9545,
605208.SH,20260303,3.0799,5.7092,,409785.48,
300345.SZ,20260303,12.3169,16.4877,,438073.6825,
301168.SZ,20260303,2.3315,4.5067,,493680.0,
688293.SH,20260303,2.5039,5.2271,,592964.2786,
300342.SZ,20260303,13.7264,18.0973,,1764745.7892,
300964.SZ,20260303,7.5535,11.5622,,449412.2232,
688184.SH,20260303,1.6342,2.0076,,171771.3151,
301043.SZ,20260303,3.1106,9.1434,,372436.0,
300828.SZ,20260303,13.2292,19.5431,,370621.794,
603316.SH,20260303,3.3432,5.4087,,349092.744,
301571.SZ,20260303,5.6992,6.3614,,1071710.9485,
600468.SH,20260303,7.094,16.0941,,811450.5495,
300217.SZ,20260303,8.3088,10.4334,,784805.7551,
600864.SH,20260303,2.1999,4.0629,,1344048.5559,
688056.SH,20260303,1.2666,2.9788,,249776.4594,
600626.SH,20260303,1.5619,2.9457,,603580.3128,
002930.SZ,20260303,2.7037,5.5736,,615323.8805,
688052.SH,20260303,3.3227,4.7044,,2530745.8643,
000407.SZ,20260303,3.2537,4.3546,,515729.6084,
000668.SZ,20260303,1.6819,2.8463,,213948.6337,
603551.SH,20260303,1.7407,6.2125,,469386.033,
603617.SH,20260303,2.5188,4.4097,,287386.904,
603601.SH,20260303,14.5303,22.487,,1313692.1167,
603360.SH,20260303,1.6576,3.7493,,1880673.5906,
002928.SZ,20260303,2.9247,5.3251,,1234781.3373,
688515.SH,20260303,6.9315,7.8047,,1039840.0,
000875.SZ,20260303,4.2055,5.9688,,2720452.9695,
600521.SH,20260303,1.3752,2.2778,,2293790.2724,
300215.SZ,20260303,10.8807,18.0021,,701901.2532,
001306.SZ,20260303,6.0704,6.0704,,474522.03,
300884.SZ,20260303,5.117,6.3411,,364800.8723,
688488.SH,20260303,2.8457,5.1526,,697237.1129,
002663.SZ,20260303,3.0449,3.6846,,367073.3161,
600221.SH,20260303,1.938,3.349,,6741638.6755,
002572.SZ,20260303,2.1608,2.5699,,1282778.8224,
002112.SZ,20260303,21.7813,29.8362,,636205.963,
600187.SH,20260303,3.115,3.9582,,327597.5639,
002759.SZ,20260303,9.6679,11.8541,,1743808.7002,
000716.SZ,20260303,2.8592,4.5095,,430649.6766,
603519.SH,20260303,1.4343,3.0153,,353683.3702,
300925.SZ,20260303,4.1991,4.8188,,848843.7111,
300153.SZ,20260303,10.7092,17.0064,,1122560.0,
688035.SH,20260303,7.8797,18.449,,971783.68,
301025.SZ,20260303,6.5824,16.2232,,468361.998,
002083.SZ,20260303,4.1889,6.9425,,1030889.8841,
301311.SZ,20260303,2.4207,6.6592,,446640.0,
600335.SH,20260303,1.5553,4.9689,,967775.2837,
301293.SZ,20260303,9.7748,12.0331,,1456327.9981,
300537.SZ,20260303,8.7727,9.9778,,510788.4286,
300658.SZ,20260303,24.4388,34.9869,,928744.6171,
002733.SZ,20260303,7.4755,11.9307,,858720.3306,
688071.SH,20260303,3.9217,5.3761,,305836.5345,
601665.SH,20260303,1.2434,2.0329,,3513844.0818,
300523.SZ,20260303,1.8405,3.8399,,520177.7586,
603197.SH,20260303,2.2561,3.2027,,742895.2776,
000977.SZ,20260303,3.4711,5.1461,,8624363.3948,
300795.SZ,20260303,1.8928,2.4845,,378698.5333,
600196.SH,20260303,0.9322,1.6075,,6809594.7788,
600724.SH,20260303,1.2597,5.4694,,950968.6247,
300993.SZ,20260303,2.1926,4.2648,,400570.56,
600232.SH,20260303,2.7129,5.4532,,296151.4577,
603083.SH,20260303,14.0287,16.264,,3893612.7683,
002749.SZ,20260303,0.9843,2.156,,652435.6115,
001330.SZ,20260303,10.7869,14.8597,,1102364.2252,
603035.SH,20260303,1.9676,2.9036,,540361.943,
600649.SH,20260303,2.9236,6.2113,,1199655.8679,
002571.SZ,20260303,2.8273,4.0886,,477395.9526,
600184.SH,20260303,3.3573,6.8269,,1079793.9982,
300212.SZ,20260303,3.8362,5.9148,,803399.943,
000078.SZ,20260303,3.1139,5.8004,,849852.812,
603970.SH,20260303,1.8434,4.5743,,367180.983,
300882.SZ,20260303,3.4255,10.5627,,641376.8623,
300128.SZ,20260303,4.0836,5.6354,,876902.9031,
300491.SZ,20260303,8.3309,10.7732,,455520.4754,
002677.SZ,20260303,2.3642,5.1452,,564649.1395,
688702.SH,20260303,5.2205,10.3165,,7904800.0,
603717.SH,20260303,3.5517,5.19,,210356.024,
001202.SZ,20260303,3.088,6.358,,292209.5158,
603351.SH,20260303,0.6143,1.413,,354850.5258,
600051.SH,20260303,2.2371,3.1547,,245595.2,
002988.SZ,20260303,1.2244,2.7296,,820499.141,
600636.SH,20260303,1.6209,2.798,,365823.0929,
605089.SH,20260303,1.1778,4.4689,,378534.0,
000530.SZ,20260303,7.5739,10.5906,,522791.7543,
300950.SZ,20260303,3.4016,4.3824,,351137.992,
002674.SZ,20260303,2.2647,4.5819,,407269.2008,
300777.SZ,20260303,6.258,7.6681,,1770702.2515,
301519.SZ,20260303,4.8953,5.8271,,235675.3176,
301060.SZ,20260303,2.1578,4.2277,,410129.408,
688432.SH,20260303,2.158,8.503,,1909210.9372,
000990.SZ,20260303,3.8451,7.2008,,1083991.8812,
301198.SZ,20260303,6.2186,12.1629,,270738.0,
920718.BJ,20260303,1.7343,2.9011,,132010.7152,
600676.SH,20260303,1.8975,3.5361,,793996.5528,
300686.SZ,20260303,3.4296,3.434,,385723.8456,
688055.SH,20260303,0.342,3.2934,,1213333.3576,
002119.SZ,20260303,12.3293,16.4921,,833881.048,
000652.SZ,20260303,1.8984,2.8334,,615314.2963,
300231.SZ,20260303,3.9002,5.0401,,471393.5987,
688247.SH,20260303,0.9288,2.809,,435206.4,
605488.SH,20260303,3.6332,8.1252,,1013834.8782,
300412.SZ,20260303,5.0001,6.626,,273766.1504,
301622.SZ,20260303,4.2211,4.2211,,774424.9584,
301196.SZ,20260303,6.7648,11.9573,,1077823.4519,
300026.SZ,20260303,1.6886,2.6124,,1072483.2768,
002973.SZ,20260303,3.5398,4.4761,,587252.5721,
688210.SH,20260303,4.3545,6.5271,,797964.0171,
300932.SZ,20260303,8.7311,13.8969,,432780.6053,
688807.SH,20260303,17.3137,17.3137,,1784480.0,
300586.SZ,20260303,3.6447,5.4722,,711216.645,
688107.SH,20260303,2.6594,7.858,,1224193.9668,
002767.SZ,20260303,2.885,6.2299,,332700.0,
603863.SH,20260303,4.7553,6.6861,,403160.5,
002139.SZ,20260303,2.1406,2.252,,1562284.24,
688297.SH,20260303,6.2445,14.6367,,3726000.0,
300503.SZ,20260303,6.925,9.2659,,1493050.5465,
920060.BJ,20260303,6.1217,8.2807,,502203.5219,
300817.SZ,20260303,4.2359,5.3818,,423061.9891,
300955.SZ,20260303,2.7305,6.1352,,344232.0,
002060.SZ,20260303,2.2882,3.2098,,1456704.5779,
002877.SZ,20260303,4.9889,6.5289,,320259.3255,
301600.SZ,20260303,4.1686,4.1686,,1244979.4085,
002250.SZ,20260303,6.3332,8.5822,,1494689.4134,
000503.SZ,20260303,1.8984,2.6185,,843136.3784,
002492.SZ,20260303,5.1277,8.8747,,359640.0,
301086.SZ,20260303,7.9221,11.0383,,1037070.0,
688411.SH,20260303,4.1072,5.2591,,4137625.0037,
688095.SH,20260303,3.569,5.9339,,721009.3634,
300860.SZ,20260303,2.5681,4.2423,,491856.387,
301510.SZ,20260303,4.094,4.5999,,1347233.68,
000537.SZ,20260303,1.9718,6.2818,,1849609.105,
600312.SH,20260303,3.384,5.777,,3030005.283,
002786.SZ,20260303,2.6041,4.1681,,391037.868,
000421.SZ,20260303,10.7516,23.4147,,444023.3624,
605108.SH,20260303,1.1725,3.7333,,472420.0,
605178.SH,20260303,4.0256,7.0458,,658485.68,
600433.SH,20260303,2.7626,5.0349,,612597.7316,
002368.SZ,20260303,2.6672,4.0577,,1265159.5106,
603458.SH,20260303,3.0203,3.3359,,311022.5062,
600990.SH,20260303,4.5461,8.4499,,704795.1612,
603517.SH,20260303,1.6718,3.2008,,727808.3251,
600115.SH,20260303,1.3095,3.231,,11971553.2751,
600589.SH,20260303,22.0323,26.0912,,1633136.879,
603222.SH,20260303,3.0555,4.877,,450002.6571,
000937.SZ,20260303,2.4992,8.8298,,2102460.3758,
002838.SZ,20260303,1.3819,2.848,,1259622.9925,
688262.SH,20260303,6.7329,9.0588,,1204895.688,
300733.SZ,20260303,2.7258,3.8581,,515064.5318,
002507.SZ,20260303,1.7851,2.7639,,1516249.6028,
002333.SZ,20260303,1.5807,4.9589,,388756.6848,
000534.SZ,20260303,5.27,6.9901,,1815011.814,
003042.SZ,20260303,5.3176,10.323,,256179.04,
002475.SZ,20260303,1.8713,2.9977,,34528280.8298,
600361.SH,20260303,2.083,4.1506,,1742817.4836,
603100.SH,20260303,2.0216,4.4066,,1195693.5001,
300865.SZ,20260303,2.8422,4.6274,,268860.8,
300096.SZ,20260303,1.2271,1.4641,,329380.0,
600038.SH,20260303,2.7217,4.8303,,3039344.1406,
600128.SH,20260303,5.2742,7.1739,,279888.9544,
603698.SH,20260303,4.4612,14.4761,,1843805.6,
920166.BJ,20260303,16.9919,16.9919,,243877.6482,
002329.SZ,20260303,3.722,4.0578,,307989.4745,
600757.SH,20260303,1.0145,2.3222,,1091071.5954,
301598.SZ,20260303,7.0693,7.0693,,381712.9023,
002949.SZ,20260303,7.1837,12.4704,,290144.9187,
601816.SH,20260303,0.7534,1.5011,,24952096.4787,
688329.SH,20260303,2.5387,4.1732,,193617.6,
603050.SH,20260303,1.4319,3.7679,,843340.4326,
603311.SH,20260303,2.4741,5.089,,359958.8421,
603355.SH,20260303,0.5392,2.8133,,1823399.6934,
000615.SZ,20260303,0.8911,1.0946,,564847.691,
002420.SZ,20260303,3.6105,4.8842,,334378.77,
300154.SZ,20260303,2.587,5.4689,,385718.3625,
300719.SZ,20260303,18.992,22.755,,444134.8311,
301308.SZ,20260303,4.4167,7.8009,,11019329.0694,
688549.SH,20260303,6.0671,7.02,,1461025.964,
600228.SH,20260303,1.45,2.0705,,223336.4209,
605598.SH,20260303,2.179,7.059,,1247871.6955,
001201.SZ,20260303,1.6424,2.7078,,377911.3455,
600376.SH,20260303,2.4126,5.096,,1302680.4472,
600463.SH,20260303,1.5749,3.8033,,334500.0,
002249.SZ,20260303,4.1905,4.7577,,2473918.9388,
300898.SZ,20260303,3.3476,6.1649,,314712.0,
603402.SH,20260303,6.2066,6.2066,,1046320.009,
688726.SH,20260303,10.2581,10.2581,,2725413.2948,
300690.SZ,20260303,4.2448,5.2964,,489763.4981,
300851.SZ,20260303,3.6235,4.5471,,264712.203,
601061.SH,20260303,5.3177,5.3177,,7389200.0,
301206.SZ,20260303,2.5164,3.4874,,554979.3951,
688085.SH,20260303,1.7936,2.9273,,693601.9958,
603726.SH,20260303,2.7418,6.1135,,458001.5104,
920799.BJ,20260303,2.133,3.3098,,843525.5811,
603066.SH,20260303,1.7399,3.6673,,308594.8976,
301302.SZ,20260303,19.084,31.4872,,555814.59,
300397.SZ,20260303,11.0864,12.1807,,749538.0068,
603297.SH,20260303,1.6179,5.1804,,1327801.3623,
002730.SZ,20260303,7.0565,14.1371,,628570.6717,
002284.SZ,20260303,2.6367,4.5872,,1152996.5429,
002537.SZ,20260303,4.9241,6.5798,,1044874.9031,
600593.SH,20260303,4.4077,9.4979,,484603.175,
000809.SZ,20260303,2.4676,3.7555,,273830.7093,
601882.SH,20260303,1.0115,4.3396,,1088892.0,
000564.SZ,20260303,1.9403,2.7541,,4045006.1913,
000617.SZ,20260303,2.5047,12.5376,,11972048.8878,
002578.SZ,20260303,5.0005,8.5406,,415813.1711,
300396.SZ,20260303,1.0406,2.1733,,346329.2045,
002286.SZ,20260303,6.7823,8.4113,,386275.8907,
002574.SZ,20260303,3.5146,7.6582,,316272.0,
300131.SZ,20260303,6.9061,6.9285,,1558381.7529,
600829.SH,20260303,1.5479,6.1483,,597865.1435,
001225.SZ,20260303,13.1053,15.7805,,463043.604,
301379.SZ,20260303,5.2876,5.289,,517614.9378,
300343.SZ,20260303,3.7777,4.301,,679864.3597,
300683.SZ,20260303,5.3471,8.9041,,410092.127,
301182.SZ,20260303,5.8536,12.0135,,473455.0197,
600530.SH,20260303,0.9064,2.0576,,460302.48,
603577.SH,20260303,3.6551,9.1842,,370339.8972,
920016.BJ,20260303,3.0648,3.4233,,147035.4844,
300022.SZ,20260303,3.6565,5.0511,,411702.2365,
603073.SH,20260303,4.5619,4.9195,,237800.0,
301013.SZ,20260303,5.683,6.2385,,563087.0219,
920964.BJ,20260303,6.9983,7.6952,,185196.472,
300354.SZ,20260303,4.5394,5.6497,,545811.5131,
600455.SH,20260303,3.0536,3.8459,,172696.37,
600525.SH,20260303,4.8703,6.9828,,692359.5798,
600380.SH,20260303,0.9411,1.8437,,2030693.2585,
603191.SH,20260303,6.9155,11.5119,,778533.5372,
300633.SZ,20260303,0.849,0.9546,,1125917.6778,
002500.SZ,20260303,1.1325,2.1591,,2128734.5274,
002312.SZ,20260303,6.3814,11.5725,,2414380.1231,
688592.SH,20260303,6.8683,6.8683,,361268.1569,
603929.SH,20260303,2.3879,5.8884,,2818912.32,
300374.SZ,20260303,2.7448,4.1238,,373294.9276,
002718.SZ,20260303,1.7404,4.7629,,856167.941,
603350.SH,20260303,3.1395,4.3169,,416349.556,
300835.SZ,20260303,8.3039,9.566,,1085510.3566,
920575.BJ,20260303,2.818,2.8191,,245541.56,
300124.SZ,20260303,1.3889,1.7239,,18682584.6514,
603700.SH,20260303,2.5408,3.6533,,271348.3444,
002960.SZ,20260303,1.9826,3.6342,,954995.2712,
920802.BJ,20260303,8.6854,9.096,,130885.2308,
300594.SZ,20260303,5.8673,9.5489,,272588.5262,
002734.SZ,20260303,13.8639,16.6781,,996884.0123,
002729.SZ,20260303,4.3313,6.4308,,324771.608,
000045.SZ,20260303,2.2915,4.6972,,619982.7432,
688622.SH,20260303,1.8188,3.9094,,777093.7656,
000899.SZ,20260303,12.9992,44.8186,,1339605.5645,
600719.SH,20260303,3.1379,4.6768,,261775.9412,
688656.SH,20260303,0.7031,2.1616,,882368.386,
603693.SH,20260303,1.4023,8.8035,,1178531.1134,
600857.SH,20260303,1.9466,3.1894,,282643.0979,
301448.SZ,20260303,1.787,2.1313,,440052.2,
301000.SZ,20260303,1.412,3.4913,,854199.5415,
301061.SZ,20260303,0.6043,1.5741,,1872648.9526,
300601.SZ,20260303,1.8169,2.628,,1545830.7809,
600418.SH,20260303,2.382,3.319,,11559425.784,
000030.SZ,20260303,1.0088,3.639,,930417.6671,
600557.SH,20260303,1.4097,2.4248,,785828.4227,
920075.BJ,20260303,2.9862,4.1826,,163333.8,
000520.SZ,20260303,15.1964,20.6751,,518186.729,
002884.SZ,20260303,1.327,1.949,,635959.501,
601012.SH,20260303,3.0052,3.8146,,13632937.566,
300472.SZ,20260303,1.8956,2.2271,,208370.7761,
605069.SH,20260303,4.5267,11.7221,,282828.2314,
603678.SH,20260303,5.3577,8.9773,,1846625.2282,
300136.SZ,20260303,14.4973,15.376,,6627845.1703,
300449.SZ,20260303,9.8278,12.782,,330060.7706,
600383.SH,20260303,1.8792,3.0129,,1408550.0745,
002636.SZ,20260303,7.1242,20.836,,1962688.0,
300303.SZ,20260303,26.3487,29.1374,,1334630.8064,
000863.SZ,20260303,3.059,5.7405,,654107.5562,
301589.SZ,20260303,2.6094,2.7967,,1588718.88,
600683.SH,20260303,6.9338,15.6812,,518544.3179,
603859.SH,20260303,6.2219,8.4943,,1073733.512,
000728.SZ,20260303,0.8808,1.5011,,3543387.6475,
603375.SH,20260303,3.0915,5.0763,,365118.0012,
920642.BJ,20260303,4.6804,8.6532,,152809.9898,
688244.SH,20260303,1.8039,4.1675,,321246.1124,
002738.SZ,20260303,4.7133,5.5222,,5858514.0412,
688009.SH,20260303,0.6885,2.9579,,6152684.839,
000420.SZ,20260303,5.3985,6.7919,,1049936.7825,
920553.BJ,20260303,3.4122,5.4894,,146851.6501,
688690.SH,20260303,2.4374,4.1849,,1058802.3138,
603284.SH,20260303,20.9921,20.9921,,359728.596,
300995.SZ,20260303,3.0995,5.4841,,316308.0467,
688533.SH,20260303,2.2215,8.0402,,527956.336,
301158.SZ,20260303,26.4448,48.3502,,562987.1894,
601118.SH,20260303,2.774,7.7823,,3171055.9976,
603285.SH,20260303,8.3122,8.3122,,534560.0,
000989.SZ,20260303,1.7278,2.6269,,736110.1303,
601179.SH,20260303,4.6769,9.7177,,7929739.9985,
300453.SZ,20260303,5.5113,6.3383,,494413.8084,
300991.SZ,20260303,5.7473,7.7449,,839232.0,
301008.SZ,20260303,2.4917,4.8588,,424189.9149,
002194.SZ,20260303,4.2352,5.4423,,819259.6814,
002322.SZ,20260303,2.8202,4.1158,,487614.312,
300056.SZ,20260303,6.3608,6.9886,,371998.2775,
300567.SZ,20260303,7.978,9.687,,3912241.3769,
688502.SH,20260303,6.2476,6.2476,,1744987.2,
601021.SH,20260303,1.0185,2.3071,,5022763.7937,
000665.SZ,20260303,1.8542,3.1354,,597003.4849,
688545.SH,20260303,4.6653,5.407,,1976400.0,
688295.SH,20260303,0.7239,4.2402,,2689200.0,
688626.SH,20260303,2.4399,7.5266,,987360.0,
688775.SH,20260303,9.5725,9.5725,,8435035.0,
300900.SZ,20260303,13.9715,15.6196,,1153307.1108,
603798.SH,20260303,7.4053,15.7485,,415704.8827,
600862.SH,20260303,3.4664,6.2483,,3560633.5175,
300159.SZ,20260303,2.2133,2.4699,,1033192.2037,
000034.SZ,20260303,5.2997,5.662,,2728108.5873,
600721.SH,20260303,3.1844,4.2223,,333018.2519,
002608.SZ,20260303,0.8755,4.9819,,3090469.1979,
920509.BJ,20260303,3.1752,4.64,,531573.6879,
600641.SH,20260303,3.0977,4.4333,,1697468.9741,
600993.SH,20260303,0.9773,1.4928,,1142292.8112,
601139.SH,20260303,6.0318,24.6664,,2263996.29,
300410.SZ,20260303,6.6783,8.5758,,321592.5622,
300301.SZ,20260303,3.3394,3.6103,,232363.2553,
300285.SZ,20260303,9.8681,10.3381,,3619285.3254,
300458.SZ,20260303,3.5686,4.2044,,3149830.8897,
605090.SH,20260303,8.0511,15.8702,,3668535.8008,
688686.SH,20260303,1.5171,5.4498,,1246679.4055,
002057.SZ,20260303,4.2064,6.2868,,840580.3322,
002233.SZ,20260303,0.9681,1.7605,,1129532.7887,
688332.SH,20260303,1.7073,4.5494,,1531597.14,
301376.SZ,20260303,1.5163,2.024,,711565.1478,
300488.SZ,20260303,5.3464,14.6417,,643973.0958,
301185.SZ,20260303,3.471,4.8424,,303766.848,
600029.SH,20260303,0.9266,3.0665,,12285985.4692,
000519.SZ,20260303,8.0063,13.6736,,2761444.4613,
002379.SZ,20260303,2.2815,2.9621,,39536412.6249,
920009.BJ,20260303,5.0463,5.0463,,405399.41,
300649.SZ,20260303,3.0578,3.7937,,187104.6685,
920132.BJ,20260303,9.9879,11.496,,148172.136,
600250.SH,20260303,3.26,6.8844,,337189.1335,
605358.SH,20260303,4.6214,6.189,,2474697.0817,
603682.SH,20260303,5.6636,13.4847,,358627.5,
605289.SH,20260303,6.087,12.2713,,1381125.025,
301518.SZ,20260303,7.8381,7.9632,,656212.9822,
688298.SH,20260303,1.1475,2.2307,,461260.8,
603505.SH,20260303,3.5174,7.7638,,1823054.649,
600573.SH,20260303,3.5207,7.0524,,294750.0,
300249.SZ,20260303,23.9734,30.0476,,829879.3807,
000059.SZ,20260303,7.8866,14.8906,,1066828.1722,
600830.SH,20260303,1.7908,2.6135,,427063.3822,
688061.SH,20260303,4.2464,4.2464,,398321.5186,
600868.SH,20260303,9.9708,10.7373,,702315.0112,
605168.SH,20260303,2.6047,5.6482,,745238.0455,
920971.BJ,20260303,2.4571,4.7719,,298134.6617,
002202.SZ,20260303,7.7355,11.5208,,11121235.5076,
600052.SH,20260303,1.6657,2.7274,,359626.9597,
601577.SH,20260303,0.529,0.9055,,3921014.9102,
301035.SZ,20260303,0.8129,2.5007,,2169798.0871,
600125.SH,20260303,4.7691,6.8136,,878616.2212,
002535.SZ,20260303,2.949,4.5416,,295019.3712,
002242.SZ,20260303,1.1944,3.6794,,750045.711,
603217.SH,20260303,3.4344,9.1126,,514808.7224,
600308.SH,20260303,1.9574,3.2506,,631017.9932,
605188.SH,20260303,1.6,9.1481,,857525.9595,
920005.BJ,20260303,2.3289,2.3289,,317060.0,
000656.SZ,20260303,1.455,2.4049,,1467503.2652,
002931.SZ,20260303,8.739,16.9848,,1740180.6372,
600391.SH,20260303,7.2068,11.2639,,1547976.6019,
300065.SZ,20260303,22.7764,23.5488,,1909914.1565,
600698.SH,20260303,3.7651,7.2314,,873077.027,
002836.SZ,20260303,1.845,4.7042,,318412.8,
300673.SZ,20260303,3.4533,4.5001,,404592.3788,
603009.SH,20260303,2.8278,4.6961,,1772823.0732,
600662.SH,20260303,0.8717,3.0757,,1281019.5874,
600248.SH,20260303,1.4127,4.419,,1379962.3205,
605066.SH,20260303,5.0629,8.6404,,420961.6043,
301502.SZ,20260303,5.7065,7.816,,255505.746,
003018.SZ,20260303,25.6425,33.303,,709020.0,
301601.SZ,20260303,2.3175,3.5162,,388005.76,
603556.SH,20260303,1.0676,3.2711,,1839537.3551,
002727.SZ,20260303,2.2368,2.8157,,763627.779,
002959.SZ,20260303,0.8475,1.0552,,656214.9611,
688435.SH,20260303,7.8782,8.9152,,417416.5,
001270.SZ,20260303,1.7926,3.3967,,2682585.4365,
002159.SZ,20260303,8.4207,12.2702,,346092.1864,
688127.SH,20260303,3.1042,6.2558,,2132180.6181,
603192.SH,20260303,2.1049,7.0023,,365726.3959,
603893.SH,20260303,2.174,4.5539,,6966021.258,
688257.SH,20260303,4.4776,6.0802,,1790081.1104,
300340.SZ,20260303,2.5886,3.6825,,320423.6135,
000880.SZ,20260303,17.9436,17.9436,,1451846.8692,
605286.SH,20260303,1.0214,3.714,,657048.0,
603291.SH,20260303,6.6521,10.362,,470621.3116,
000779.SZ,20260303,6.913,12.6611,,444841.7856,
301024.SZ,20260303,2.0363,7.2043,,250206.975,
300063.SZ,20260303,11.6938,12.9793,,928437.2316,
002864.SZ,20260303,6.2071,7.1166,,356997.7446,
300055.SZ,20260303,14.5363,16.2833,,832565.858,
603983.SH,20260303,0.6135,3.1951,,1164504.0,
688517.SH,20260303,4.5906,7.6861,,243581.3071,
300494.SZ,20260303,4.8443,5.2382,,589593.1114,
300010.SZ,20260303,4.5966,4.667,,1401163.3828,
688286.SH,20260303,4.8047,5.9439,,405760.6297,
603179.SH,20260303,2.4954,3.8622,,3976556.0559,
002414.SZ,20260303,3.8137,8.2138,,6299335.7593,
002021.SZ,20260303,5.9598,7.4203,,401680.3805,
002755.SZ,20260303,0.9261,3.0593,,1336550.9054,
300278.SZ,20260303,2.5573,3.6464,,735220.9842,
688069.SH,20260303,1.5307,2.9171,,283291.0,
600475.SH,20260303,2.1485,6.8298,,1970245.3675,
688543.SH,20260303,15.1309,15.1309,,1600774.1446,
000898.SZ,20260303,0.9945,3.8501,,2473474.4121,
600546.SH,20260303,5.4015,12.8327,,2454280.7013,
301231.SZ,20260303,12.9121,12.9121,,293121.2,
301551.SZ,20260303,3.7848,4.5594,,1297232.43,
600961.SH,20260303,7.2154,11.6215,,2511594.9977,
603596.SH,20260303,2.854,4.5757,,3210875.6239,
301137.SZ,20260303,6.8754,19.7935,,993246.6042,
605122.SH,20260303,1.676,5.0489,,231299.068,
301012.SZ,20260303,4.5016,7.0567,,538489.0829,
600828.SH,20260303,2.5223,16.8547,,1025333.6672,
600165.SH,20260303,1.1027,3.0959,,605956.4156,
000682.SZ,20260303,2.3562,4.0241,,1823388.7295,
920110.BJ,20260303,1.5359,2.3175,,142857.0,
688565.SH,20260303,5.2192,8.0178,,206627.4,
002721.SZ,20260303,2.7193,3.8897,,853660.5354,
603583.SH,20260303,1.5198,3.1816,,1334381.7333,
600108.SH,20260303,24.0914,33.4992,,936466.1732,
600583.SH,20260303,8.8004,19.7265,,3855421.3856,
603308.SH,20260303,4.6618,7.1134,,4277929.5783,
688135.SH,20260303,6.4773,9.1298,,635180.9934,
300626.SZ,20260303,3.8879,6.7084,,333360.0,
688583.SH,20260303,9.6917,9.6917,,1303900.0,
600523.SH,20260303,2.938,5.473,,603232.4894,
603895.SH,20260303,2.4103,4.6005,,308028.0,
002602.SZ,20260303,1.9876,2.4389,,12824987.2403,
002631.SZ,20260303,3.5453,7.4999,,462424.071,
301091.SZ,20260303,1.1643,3.1129,,1291836.0,
600058.SH,20260303,2.4623,6.5768,,1355967.0494,
002015.SZ,20260303,10.5264,20.2533,,2293757.6796,
688200.SH,20260303,2.5882,4.0693,,3640151.3571,
301261.SZ,20260303,4.9093,5.9686,,712086.368,
002643.SZ,20260303,3.3561,6.0946,,1554263.3349,
001211.SZ,20260303,3.063,5.3603,,195480.0,
920689.BJ,20260303,5.6863,7.1477,,234146.0,
000532.SZ,20260303,6.2929,11.8951,,497069.4263,
002326.SZ,20260303,6.5656,8.2484,,2090788.4574,
002808.SZ,20260303,2.1852,2.463,,130905.6,
603903.SH,20260303,2.1372,3.8798,,305106.7786,
300086.SZ,20260303,5.7318,8.0933,,400964.6061,
600298.SH,20260303,0.8742,1.4234,,3671548.9323,
600509.SH,20260303,5.5715,8.4976,,1230085.6793,
920020.BJ,20260303,4.6295,4.6295,,383426.25,
002224.SZ,20260303,3.285,4.0571,,409560.8111,
002613.SZ,20260303,2.7932,3.6761,,435825.202,
300711.SZ,20260303,7.6953,22.9915,,642860.1635,
003007.SZ,20260303,9.4226,18.1907,,449535.3,
603337.SH,20260303,0.7116,2.0694,,1974250.0475,
300243.SZ,20260303,5.2268,5.7229,,290996.0927,
688106.SH,20260303,7.5385,13.8838,,1167832.1052,
920300.BJ,20260303,2.3721,2.946,,119327.5051,
001379.SZ,20260303,10.0865,10.3259,,448800.0,
000426.SZ,20260303,5.6581,7.7865,,9623945.7054,
688235.SH,20260303,4.7617,4.7617,,36211392.6271,
002085.SZ,20260303,2.8016,4.6347,,3388782.8419,
600600.SH,20260303,0.9543,2.2261,,8471651.7014,
000568.SZ,20260303,0.845,1.7222,,15823376.1023,
605388.SH,20260303,1.0555,3.2234,,392716.536,
605255.SH,20260303,1.9933,7.9733,,1561361.6,
603618.SH,20260303,18.2479,38.8819,,1294255.1532,
600790.SH,20260303,1.1507,1.8866,,570192.671,
603817.SH,20260303,3.1147,6.0338,,398488.7433,
002620.SZ,20260303,4.2526,6.0271,,240841.172,
603228.SH,20260303,3.0347,7.1214,,6256513.768,
600100.SH,20260303,3.62,5.2971,,2894657.224,
600162.SH,20260303,1.3525,4.2095,,594855.7382,
920195.BJ,20260303,2.1191,3.832,,206451.18,
002889.SZ,20260303,1.258,2.8339,,544596.4946,
000012.SZ,20260303,2.8488,4.693,,1483144.2877,
688418.SH,20260303,6.0474,8.8517,,737869.3575,
605008.SH,20260303,0.4922,2.8139,,811974.7544,
603777.SH,20260303,1.7484,4.4598,,405656.5134,
000596.SZ,20260303,1.1001,3.2764,,6114844.8,
600195.SH,20260303,1.5956,3.2562,,805685.9771,
600456.SH,20260303,6.8394,13.5165,,1940732.3634,
300680.SZ,20260303,4.8308,5.3469,,1021078.8938,
603213.SH,20260303,0.8933,3.7113,,609921.8499,
301567.SZ,20260303,11.3378,11.3378,,341712.0,
000895.SZ,20260303,0.4108,1.3851,,9274898.0672,
603882.SH,20260303,2.0474,3.4333,,1329551.2493,
000590.SZ,20260303,2.903,5.1471,,270363.0604,
301380.SZ,20260303,4.5514,8.1324,,340374.3976,
600219.SH,20260303,3.6179,6.9448,,8268265.1225,
000731.SZ,20260303,21.576,24.8367,,424791.2466,
688046.SH,20260303,2.3401,4.7706,,615000.0,
000818.SZ,20260303,6.7338,9.2362,,1407780.0832,
603155.SH,20260303,5.3709,21.0467,,658099.6912,
301327.SZ,20260303,8.2174,13.0189,,1022223.5089,
002080.SZ,20260303,3.4966,8.794,,7858652.7439,
300715.SZ,20260303,7.4854,12.3006,,556497.593,
603968.SH,20260303,7.4905,14.5012,,291997.44,
688081.SH,20260303,4.2579,8.6342,,431943.68,
600876.SH,20260303,1.4455,3.756,,680541.411,
300990.SZ,20260303,7.2606,11.2281,,1509454.8984,
603633.SH,20260303,2.8927,4.3591,,355106.6006,
001323.SZ,20260303,0.4974,1.8653,,1172107.5782,
000404.SZ,20260303,2.0014,2.89,,496941.129,
002052.SZ,20260303,2.3939,3.3275,,872077.6053,
002034.SZ,20260303,1.1213,2.4378,,739946.5886,
300814.SZ,20260303,8.1338,22.4184,,1977281.8334,
001280.SZ,20260303,18.0052,18.0052,,19244431.8165,
000065.SZ,20260303,4.394,8.3319,,1509874.8067,
920249.BJ,20260303,4.2189,4.3476,,527037.5,
002562.SZ,20260303,15.3487,17.1823,,777118.9036,
300459.SZ,20260303,4.0761,4.1754,,1571567.4897,
002180.SZ,20260303,1.688,2.4395,,2744226.3214,
300833.SZ,20260303,1.2514,2.6938,,519496.4835,
600218.SH,20260303,3.4973,5.3244,,452152.7159,
601106.SH,20260303,3.125,7.7886,,3223157.9757,
002598.SZ,20260303,3.0086,4.6845,,296444.7878,
688197.SH,20260303,2.455,2.8177,,534794.7574,
688478.SH,20260303,3.7637,5.7703,,494382.061,
600785.SH,20260303,5.8219,10.0589,,435919.633,
603123.SH,20260303,14.6299,29.4134,,1093470.4944,
600633.SH,20260303,3.4398,6.7188,,1662445.6328,
003038.SZ,20260303,5.809,6.9947,,407703.0148,
301301.SZ,20260303,3.341,3.341,,2412951.97,
688292.SH,20260303,5.4879,9.6532,,411706.7968,
603912.SH,20260303,10.9244,19.3729,,516918.1419,
688276.SH,20260303,0.5995,1.8008,,771471.4203,
002901.SZ,20260303,0.5664,2.2314,,1948789.8147,
002544.SZ,20260303,3.6204,5.6135,,1970826.1454,
603330.SH,20260303,3.8588,5.9506,,326668.605,
601375.SH,20260303,1.8955,2.4898,,2005726.1904,
301575.SZ,20260303,4.8531,4.8531,,412895.88,
688082.SH,20260303,0.8255,4.3146,,7741696.893,
920015.BJ,20260303,3.9991,3.9991,,632147.3682,
002462.SZ,20260303,1.9198,2.6849,,439019.2156,
603659.SH,20260303,1.9019,4.0709,,6001145.0045,
300499.SZ,20260303,21.619,22.519,,1126367.2012,
688026.SH,20260303,1.6274,2.9232,,242128.4951,
301181.SZ,20260303,2.1134,4.9658,,478108.5463,
920679.BJ,20260303,2.3929,5.0418,,114380.8,
300943.SZ,20260303,13.9437,16.9109,,695841.48,
688179.SH,20260303,7.2347,13.4645,,553790.615,
300858.SZ,20260303,1.8847,2.3005,,438982.8666,
002605.SZ,20260303,2.1369,3.4241,,982733.6195,
688695.SH,20260303,2.425,3.0561,,225811.4086,
688601.SH,20260303,6.0041,9.571,,653222.5322,
603315.SH,20260303,6.8727,14.2487,,508741.6272,
688299.SH,20260303,5.7802,7.1617,,532251.6397,
300975.SZ,20260303,7.956,10.253,,989975.0754,
300941.SZ,20260303,5.0674,6.0583,,437960.25,
920896.BJ,20260303,2.1243,3.6667,,196375.0256,
600426.SH,20260303,2.1504,3.1686,,8607398.7277,
002942.SZ,20260303,2.4296,7.29,,327769.2268,
002040.SZ,20260303,21.503,65.956,,642626.1792,
688185.SH,20260303,2.7471,6.0314,,1703861.0955,
300006.SZ,20260303,3.6469,5.789,,503669.6448,
300694.SZ,20260303,3.0274,4.5707,,270686.7589,
002822.SZ,20260303,1.2889,1.2889,,651614.6948,
688165.SH,20260303,1.8955,3.9194,,989294.88,
600791.SH,20260303,5.1367,9.394,,369550.08,
301446.SZ,20260303,6.0276,6.0276,,432432.0,
920045.BJ,20260303,10.5645,14.6123,,2416539.954,
000544.SZ,20260303,2.2107,8.9251,,896709.729,
000681.SZ,20260303,7.6675,10.6028,,1635848.3131,
600210.SH,20260303,2.3779,3.2448,,1131485.1739,
920363.BJ,20260303,4.3816,6.2382,,174482.6,
600137.SH,20260303,2.9326,6.6344,,201434.8423,
300250.SZ,20260303,8.8396,10.0281,,492478.7996,
600909.SH,20260303,2.0364,3.7996,,2959528.3264,
688610.SH,20260303,4.6546,8.1572,,522240.0,
603017.SH,20260303,7.4622,13.298,,338609.2992,
300194.SZ,20260303,2.1399,2.3102,,504438.05,
300350.SZ,20260303,15.4312,16.4565,,366432.0059,
000639.SZ,20260303,4.3494,5.4381,,295763.298,
300152.SZ,20260303,5.9957,6.3693,,157528.8,
600302.SH,20260303,3.7441,6.5423,,420055.9021,
300448.SZ,20260303,10.6751,17.5514,,725226.3087,
002383.SZ,20260303,12.86,22.3038,,915825.6973,
603681.SH,20260303,3.7139,5.9584,,410358.8453,
002466.SZ,20260303,3.7536,5.5909,,8800811.6223,
603005.SH,20260303,8.3296,9.8891,,2026297.4905,
002956.SZ,20260303,1.119,2.4008,,572628.26,
600975.SH,20260303,1.7309,2.8848,,711057.5301,
000710.SZ,20260303,2.9405,3.8431,,403367.9916,
300147.SZ,20260303,1.5218,1.9693,,612344.3957,
603380.SH,20260303,1.1699,2.6275,,588337.8804,
002753.SZ,20260303,4.6031,5.7202,,328365.9661,
002655.SZ,20260303,13.321,15.3025,,611235.7147,
600585.SH,20260303,0.98,1.8927,,13375439.7094,
300451.SZ,20260303,2.6651,3.1002,,769914.9719,
301358.SZ,20260303,3.6392,6.424,,5095856.6253,
605369.SH,20260303,0.7527,2.3466,,397989.7729,
002364.SZ,20260303,9.0764,15.3402,,1808479.9566,
300747.SZ,20260303,7.269,12.3951,,1673568.0,
601065.SH,20260303,2.7563,3.6162,,560500.7409,
002501.SZ,20260303,3.293,4.2523,,695800.0,
300540.SZ,20260303,10.7689,16.476,,567011.0017,
603856.SH,20260303,1.7796,4.5107,,375416.6159,
301090.SZ,20260303,0.6619,3.7055,,1099928.6852,
002152.SZ,20260303,1.5633,3.1292,,3248264.8306,
002369.SZ,20260303,3.2407,3.2407,,442792.8547,
688109.SH,20260303,1.1126,2.2089,,997276.2527,
600679.SH,20260303,1.369,3.4669,,625051.9337,
603260.SH,20260303,0.9474,4.2723,,5789267.3901,
300970.SZ,20260303,11.3431,14.4962,,314124.5142,
601339.SH,20260303,1.8779,7.3051,,1103682.784,
002019.SZ,20260303,4.0499,4.9198,,1620231.5932,
301633.SZ,20260303,1.8446,2.2626,,360973.44,
600439.SH,20260303,1.8747,2.8279,,304504.0834,
002304.SZ,20260303,0.6263,1.6242,,7711492.3338,
300771.SZ,20260303,4.544,5.3128,,342480.0,
688639.SH,20260303,3.3081,4.7787,,798869.5234,
920478.BJ,20260303,1.713,2.1319,,139944.0686,
301121.SZ,20260303,5.0439,6.2105,,393624.185,
301056.SZ,20260303,2.5411,5.5626,,395644.6272,
600278.SH,20260303,1.1866,3.1227,,710611.179,
601098.SH,20260303,0.6753,1.9125,,1959436.0,
000897.SZ,20260303,2.6989,3.4128,,355799.8915,
600567.SH,20260303,2.6374,3.5222,,1065959.6087,
920475.BJ,20260303,2.168,3.2192,,160887.52,
301280.SZ,20260303,4.3619,4.6416,,752153.9899,
920023.BJ,20260303,3.4729,3.8787,,143031.848,
301139.SZ,20260303,5.8417,6.556,,216778.5664,
688785.SH,20260303,13.2765,13.2765,,2105522.4968,
301218.SZ,20260303,7.5562,9.1934,,358541.76,
920866.BJ,20260303,9.3269,12.8846,,161104.0746,
002484.SZ,20260303,4.4053,6.9763,,2765903.8561,
688051.SH,20260303,1.6177,4.329,,255588.87,
601138.SH,20260303,0.973,5.9801,,108981778.4461,
300813.SZ,20260303,6.5052,10.1757,,316451.1608,
600238.SH,20260303,1.6318,2.0059,,239787.0,
601975.SH,20260303,7.3048,10.5511,,2326131.305,
300618.SZ,20260303,8.1914,10.3431,,1533619.9946,
002671.SZ,20260303,2.9057,4.9044,,319349.3382,
000923.SZ,20260303,3.014,4.7884,,1528691.2267,
002427.SZ,20260303,3.1657,7.945,,689802.9439,
601799.SH,20260303,1.1878,2.5988,,4256623.3431,
300357.SZ,20260303,2.3048,4.1647,,1288540.224,
002639.SZ,20260303,27.958,29.7341,,1757669.955,
688630.SH,20260303,4.7169,7.4036,,2458281.7606,
301591.SZ,20260303,7.6008,7.6008,,378708.24,
002947.SZ,20260303,4.6964,5.5365,,1205464.9259,
603015.SH,20260303,3.3437,6.966,,544887.212,
301176.SZ,20260303,9.909,9.909,,437037.3342,
301059.SZ,20260303,4.3791,13.9243,,337715.994,
600768.SH,20260303,4.9147,7.8322,,227771.4816,
300051.SZ,20260303,4.7112,5.8738,,355276.894,
300824.SZ,20260303,1.8416,4.6405,,336131.9325,
000766.SZ,20260303,2.9429,3.6635,,2027705.8953,
000591.SZ,20260303,4.1472,6.3407,,2221234.451,
002993.SZ,20260303,1.713,3.5507,,1231414.44,
603259.SH,20260303,1.4666,1.7733,,27972723.3281,
000541.SZ,20260303,1.4209,2.8126,,939896.2768,
688152.SH,20260303,1.6448,3.0701,,368749.6674,
600222.SH,20260303,3.9945,5.1929,,394833.7627,
601318.SH,20260303,1.0277,1.1297,,113299515.9627,
300531.SZ,20260303,3.5925,5.258,,511478.7912,
300696.SZ,20260303,4.1526,7.2974,,891185.0683,
600479.SH,20260303,2.9236,4.94,,540938.8076,
688218.SH,20260303,2.8086,3.4363,,247640.4018,
920122.BJ,20260303,1.961,3.8921,,284935.8716,
603309.SH,20260303,1.7867,3.5936,,411538.6994,
002381.SZ,20260303,2.4112,3.2178,,281107.6231,
600983.SH,20260303,1.1369,5.6109,,922026.117,
688759.SH,20260303,7.0808,7.0808,,1643983.908,
600064.SH,20260303,1.2296,1.8841,,1512316.8489,
002355.SZ,20260303,7.8193,9.158,,442534.422,
920950.BJ,20260303,1.5928,2.8185,,132269.28,
002609.SZ,20260303,3.0664,4.377,,581668.7123,
000950.SZ,20260303,1.2223,2.7048,,986793.4614,
688333.SH,20260303,4.1529,5.8519,,2839234.5009,
688062.SH,20260303,3.974,3.974,,1264734.0,
688003.SH,20260303,2.0123,4.7675,,1327209.015,
605199.SH,20260303,1.4817,6.0078,,278475.6914,
302132.SZ,20260303,3.0244,6.6072,,20901098.7431,
002023.SZ,20260303,3.658,4.7852,,856434.4317,
603998.SH,20260303,1.8577,2.9777,,522067.737,
001206.SZ,20260303,4.4446,6.005,,414347.0237,
000792.SZ,20260303,2.7407,4.6375,,18964995.9869,
601865.SH,20260303,1.5432,3.6622,,3779065.8158,
603558.SH,20260303,1.4102,2.8924,,399515.9651,
301377.SZ,20260303,6.2422,7.1923,,7906850.0,
300887.SZ,20260303,5.8818,10.0344,,578481.4458,
600076.SH,20260303,3.2173,5.288,,485380.1555,
300277.SZ,20260303,10.0708,11.6116,,3195486.2399,
002204.SZ,20260303,3.1369,7.0379,,1351959.0224,
300366.SZ,20260303,3.0501,3.2271,,374874.4846,
601390.SH,20260303,2.487,5.6464,,14836419.3793,
603225.SH,20260303,2.3687,5.4776,,3313482.508,
300551.SZ,20260303,6.3266,7.7984,,635577.4461,
000890.SZ,20260303,33.4109,56.0528,,338120.1982,
920433.BJ,20260303,1.0496,1.8616,,147921.5756,
003015.SZ,20260303,7.1246,8.2192,,478375.4672,
301082.SZ,20260303,3.7286,7.2834,,418671.9719,
603307.SH,20260303,1.1722,4.62,,265772.608,
920729.BJ,20260303,3.4113,3.4838,,243554.85,
688028.SH,20260303,7.3649,11.9735,,1734404.01,
002319.SZ,20260303,5.5412,7.488,,292214.1515,
603032.SH,20260303,2.5545,5.0334,,406315.5432,
600549.SH,20260303,7.4781,11.8761,,11998973.6729,
600917.SH,20260303,7.6043,16.8841,,1002187.5259,
000683.SZ,20260303,2.5545,3.3845,,3445502.8561,
600874.SH,20260303,1.2875,3.077,,997215.484,
688372.SH,20260303,7.5916,10.9469,,1972727.6121,
300825.SZ,20260303,2.4399,2.7566,,464173.7283,
600067.SH,20260303,2.3744,3.7723,,562234.1706,
002039.SZ,20260303,3.5673,5.9163,,778583.3474,
920273.BJ,20260303,2.2732,4.1498,,279386.7593,
301186.SZ,20260303,2.8009,8.2567,,406533.7908,
688721.SH,20260303,6.2877,6.2877,,578856.0,
920579.BJ,20260303,3.628,3.628,,284726.52,
300409.SZ,20260303,7.3146,7.5252,,2116765.6668,
000930.SZ,20260303,5.0269,11.3646,,1338494.9675,
002346.SZ,20260303,2.077,4.2906,,882267.6812,
600351.SH,20260303,1.6998,1.968,,453260.0301,
300723.SZ,20260303,2.3235,6.3478,,1393472.1831,
002178.SZ,20260303,3.0357,4.152,,432276.8716,
300426.SZ,20260303,2.5406,3.4148,,357153.5683,
688045.SH,20260303,3.5254,6.5961,,314340.0233,
920946.BJ,20260303,0.8368,3.025,,446556.5836,
300787.SZ,20260303,4.486,5.7903,,382701.7174,
002296.SZ,20260303,8.8669,9.2194,,532946.0146,
300406.SZ,20260303,1.4374,2.3234,,734644.7109,
300625.SZ,20260303,1.9911,3.1698,,342180.475,
688448.SH,20260303,4.0609,5.5057,,458646.3723,
688595.SH,20260303,4.4246,7.5985,,475507.2036,
600618.SH,20260303,4.3062,15.3006,,1653651.9657,
688778.SH,20260303,1.547,4.4623,,3902776.1448,
605169.SH,20260303,3.783,13.3518,,434786.56,
688366.SH,20260303,0.5523,1.2291,,975275.5469,
000670.SZ,20260303,5.8632,6.9052,,648748.9958,
301608.SZ,20260303,2.6495,3.7325,,769318.55,
000800.SZ,20260303,0.3838,1.7558,,3356313.625,
002672.SZ,20260303,1.5339,3.1664,,538259.5756,
300628.SZ,20260303,2.1954,3.0693,,4414557.1412,
603324.SH,20260303,1.4367,3.9904,,361962.6506,
002975.SZ,20260303,6.4827,8.0501,,1276008.6403,
301456.SZ,20260303,3.5292,4.2744,,434192.3652,
605378.SH,20260303,1.1616,4.1761,,527135.6888,
920304.BJ,20260303,9.2443,16.002,,236778.192,
603090.SH,20260303,3.4242,6.8924,,739000.0,
600217.SH,20260303,2.0148,3.2073,,668034.4302,
002490.SZ,20260303,0.7777,1.3764,,849708.546,
300383.SZ,20260303,8.8968,11.6192,,2692794.0848,
688047.SH,20260303,2.0365,4.9875,,5793247.0,
605003.SH,20260303,3.3741,12.6606,,372020.0,
002550.SZ,20260303,1.9624,2.2523,,944492.4,
600834.SH,20260303,0.8555,2.058,,403865.0916,
920665.BJ,20260303,5.3603,8.291,,168987.0,
688676.SH,20260303,3.8369,7.3984,,4280132.6445,
300613.SZ,20260303,2.8433,4.9874,,969197.7274,
601022.SH,20260303,5.9782,31.4652,,1470903.8674,
002559.SZ,20260303,5.8559,6.3972,,527224.658,
600421.SH,20260303,2.0125,3.3689,,147678.0,
002897.SZ,20260303,12.5596,21.6495,,1256346.9101,
300150.SZ,20260303,3.6408,3.9908,,325904.0715,
603101.SH,20260303,1.3474,3.4075,,406896.0,
002095.SZ,20260303,5.5425,9.9232,,475113.6,
301237.SZ,20260303,1.5576,2.1547,,469360.0,
600879.SH,20260303,7.6097,10.2207,,8169065.151,
300461.SZ,20260303,3.6123,6.411,,816694.7984,
603836.SH,20260303,5.9996,14.3631,,317088.4412,
300316.SZ,20260303,4.9029,10.1915,,6661598.4253,
600808.SH,20260303,1.8883,5.0441,,3257388.1417,
605288.SH,20260303,1.0024,3.7896,,820372.3233,
301449.SZ,20260303,10.2361,10.2361,,476869.5703,
688391.SH,20260303,1.3651,2.7417,,347963.4928,
002051.SZ,20260303,2.0716,5.6981,,1098819.1361,
301369.SZ,20260303,2.3763,3.1771,,891367.2767,
688363.SH,20260303,0.9189,2.2856,,2141541.4639,
600877.SH,20260303,3.711,6.3229,,2106441.8363,
300841.SZ,20260303,2.5358,3.6431,,805410.88,
002801.SZ,20260303,2.4835,4.2187,,749059.584,
920806.BJ,20260303,1.0707,3.2964,,381033.3571,
300839.SZ,20260303,17.842,32.0224,,507337.349,
002731.SZ,20260303,16.9883,20.2577,,206717.892,
300883.SZ,20260303,3.3026,4.1776,,229398.0,
002102.SZ,20260303,2.5279,3.2515,,841713.1086,
603131.SH,20260303,4.539,9.0178,,795437.9464,
920570.BJ,20260303,3.141,4.5884,,166011.9377,
000975.SZ,20260303,3.4533,5.3151,,8804986.3023,
002037.SZ,20260303,2.1005,3.7844,,421946.4696,
600289.SH,20260303,1.6223,2.3568,,441736.4483,
300395.SZ,20260303,12.6502,15.6828,,5871855.4475,
601607.SH,20260303,0.5695,1.5913,,6382090.6733,
002458.SZ,20260303,2.0269,2.347,,1082071.8309,
002028.SZ,20260303,1.5637,1.7249,,17137044.6553,
002965.SZ,20260303,3.4166,3.7321,,879205.1294,
300635.SZ,20260303,5.0655,5.9111,,184398.438,
300643.SZ,20260303,5.1263,9.0783,,462275.8385,
300207.SZ,20260303,4.307,5.6298,,4674079.9884,
601995.SH,20260303,1.3411,3.9708,,16707136.0201,
603019.SH,20260303,5.1397,6.1542,,12184828.2492,
601288.SH,20260303,0.2658,2.9643,,235538581.7965,
600612.SH,20260303,1.0143,3.3179,,2277654.7445,
002248.SZ,20260303,12.8218,15.5424,,405894.192,
300376.SZ,20260303,1.8142,3.8193,,1604157.688,
600686.SH,20260303,3.6271,6.5947,,1163767.9578,
000623.SZ,20260303,2.0047,2.7636,,2231540.7921,
300045.SZ,20260303,9.2075,9.9625,,1736871.7936,
000518.SZ,20260303,1.6081,2.4802,,281068.8486,
600167.SH,20260303,0.9371,3.1459,,1590776.8455,
603299.SH,20260303,3.2228,8.6619,,1131756.2981,
002108.SZ,20260303,4.6452,5.79,,829244.8976,
300079.SZ,20260303,5.304,5.4468,,808557.9112,
600025.SH,20260303,0.3336,3.3359,,18277103.4661,
688132.SH,20260303,5.1449,6.7485,,289075.6624,
688259.SH,20260303,5.0977,9.3786,,432390.7,
301316.SZ,20260303,3.3472,6.0663,,1793760.0,
601116.SH,20260303,3.852,10.3682,,811659.3888,
605016.SH,20260303,1.356,3.1226,,1010549.6419,
600148.SH,20260303,2.7715,5.7218,,271287.0347,
002352.SZ,20260303,0.6104,1.2609,,18661010.8045,
688312.SH,20260303,10.7743,20.3183,,834977.5252,
300577.SZ,20260303,1.0567,1.4577,,483749.7102,
000912.SZ,20260303,11.4051,22.6032,,846720.0,
600094.SH,20260303,1.2643,1.966,,1064827.1206,
002778.SZ,20260303,3.2346,4.6031,,276328.5595,
300894.SZ,20260303,1.9754,3.6033,,440816.0731,
000011.SZ,20260303,1.3162,3.7052,,498238.5209,
600941.SH,20260303,1.509,1.5833,,207049670.735,
688316.SH,20260303,12.7376,16.9274,,335095.3105,
603126.SH,20260303,2.0775,4.2346,,458485.5,
920090.BJ,20260303,16.0053,16.0053,,135945.4784,
601878.SH,20260303,0.855,1.5968,,4752174.7079,
688375.SH,20260303,1.6541,5.8207,,6640202.0009,
920158.BJ,20260303,58.8583,58.8583,,339197.82,
688255.SH,20260303,2.6094,4.7393,,338475.1785,
300717.SZ,20260303,3.0884,6.552,,220041.275,
603196.SH,20260303,1.3021,2.6677,,1072677.2213,
600490.SH,20260303,6.2533,8.1561,,2177480.8857,
300302.SZ,20260303,5.6407,6.8543,,829605.6343,
002694.SZ,20260303,3.5498,5.918,,232740.864,
603130.SH,20260303,1.479,5.6601,,596124.057,
688057.SH,20260303,0.8695,1.714,,351900.0,
600310.SH,20260303,2.6723,5.4526,,603872.8175,
603587.SH,20260303,0.6723,3.0132,,595460.5405,
300187.SZ,20260303,5.3867,11.4593,,367359.0119,
300774.SZ,20260303,13.4497,19.5974,,972857.5108,
000933.SZ,20260303,2.5612,3.8065,,7592638.851,
600396.SH,20260303,3.0449,6.7806,,483047.836,
920008.BJ,20260303,20.2877,22.5625,,221021.25,
300411.SZ,20260303,2.9596,3.1652,,459774.1279,
000419.SZ,20260303,2.0092,3.6092,,334303.3328,
300470.SZ,20260303,3.228,4.2085,,796701.4144,
002654.SZ,20260303,7.1563,9.4033,,1131014.8039,
688573.SH,20260303,7.2846,7.2846,,205284.2148,
603706.SH,20260303,5.5412,17.7799,,453760.9827,
600513.SH,20260303,7.8175,13.0066,,602312.7297,
300672.SZ,20260303,6.7986,9.5497,,3011862.3166,
603979.SH,20260303,1.6171,2.8064,,4634124.6625,
300603.SZ,20260303,5.6173,6.1026,,462474.2398,
600885.SH,20260303,1.6327,2.2003,,4720162.6547,
600071.SH,20260303,1.8226,3.5945,,565118.7952,
601599.SH,20260303,4.5702,5.9412,,471180.2359,
603043.SH,20260303,0.9108,2.8367,,997055.2212,
003035.SZ,20260303,5.7977,22.3458,,3049242.4235,
600803.SH,20260303,2.1145,7.8238,,7445363.1823,
605055.SH,20260303,1.1573,4.4541,,433400.0,
603338.SH,20260303,1.0754,2.4618,,2860865.5164,
605111.SH,20260303,5.7978,7.5021,,1784268.7078,
301029.SZ,20260303,3.3897,4.5998,,1737715.4309,
688611.SH,20260303,0.8947,2.0518,,880149.5248,
003022.SZ,20260303,1.3064,5.0445,,2794008.256,
603257.SH,20260303,31.4508,31.4508,,839520.0,
000558.SZ,20260303,2.8682,4.0923,,609802.9279,
300334.SZ,20260303,3.0379,5.0724,,232590.3241,
688518.SH,20260303,3.8413,4.4468,,932158.8344,
301016.SZ,20260303,1.8538,5.805,,517608.0,
600661.SH,20260303,2.7309,4.2958,,285689.1835,
920159.BJ,20260303,30.1792,30.1792,,334400.0,
603466.SH,20260303,11.3212,19.2558,,627499.25,
300294.SZ,20260303,1.0636,1.8273,,1079092.2993,
002595.SZ,20260303,0.6367,1.2941,,7567200.0,
688285.SH,20260303,1.2788,5.1136,,331511.4134,
600973.SH,20260303,3.9604,7.171,,968184.5711,
600645.SH,20260303,2.4015,3.118,,1251763.2808,
600180.SH,20260303,1.6395,4.4735,,402052.1617,
689009.SH,20260303,1.9047,1.958,,3418908.2355,
002469.SZ,20260303,5.2278,6.769,,597602.4822,
600999.SH,20260303,0.6917,1.702,,14210124.801,
002936.SZ,20260303,1.7929,2.5969,,1745681.5407,
300430.SZ,20260303,5.5607,7.7002,,540086.5625,
301062.SZ,20260303,4.8257,5.4104,,379539.3702,
300463.SZ,20260303,1.9197,2.0744,,679645.2854,
601177.SH,20260303,2.1316,3.8761,,647864.3,
600671.SH,20260303,2.9187,5.1458,,250255.6087,
603985.SH,20260303,4.0213,7.1067,,730942.569,
000403.SZ,20260303,1.7789,2.8632,,1349564.2881,
300620.SZ,20260303,9.5521,18.7512,,4224606.9599,
601880.SH,20260303,2.3816,7.3455,,4195774.5639,
600883.SH,20260303,2.526,4.6444,,198313.92,
001390.SZ,20260303,3.8001,3.8001,,453800.0,
600368.SH,20260303,1.7904,3.7211,,650300.1586,
003023.SZ,20260303,2.4602,5.0089,,238282.6992,
920476.BJ,20260303,2.1385,2.8987,,194124.7642,
300165.SZ,20260303,6.1074,7.2404,,268071.8432,
002868.SZ,20260303,1.6503,3.5537,,645131.1394,
002527.SZ,20260303,3.4471,4.0432,,974037.0365,
002133.SZ,20260303,2.6105,3.8566,,280240.1914,
920395.BJ,20260303,1.3845,2.2801,,172269.2598,
001338.SZ,20260303,2.5043,5.1653,,638201.6208,
002457.SZ,20260303,7.7421,10.5394,,445204.878,
000510.SZ,20260303,19.7492,22.0182,,1357401.7318,
601231.SH,20260303,2.4316,8.4528,,10411719.9299,
600207.SH,20260303,3.904,8.579,,600211.2173,
600226.SH,20260303,3.7247,6.0329,,1618063.3859,
688161.SH,20260303,0.431,2.2488,,1162400.0,
301381.SZ,20260303,2.5421,4.1944,,808126.7746,
000069.SZ,20260303,0.852,1.7161,,2001401.7552,
601360.SH,20260303,2.5458,6.184,,7958497.3084,
600109.SH,20260303,0.9812,1.5489,,3282953.3103,
001203.SZ,20260303,3.3702,9.3918,,5468497.9116,
000955.SZ,20260303,3.7628,4.9823,,287502.93,
600527.SH,20260303,3.4456,4.914,,393109.7248,
002719.SZ,20260303,5.0849,6.3118,,157596.2086,
688772.SH,20260303,4.0025,6.6645,,1863577.6688,
301209.SZ,20260303,1.0046,2.8026,,1038912.0,
000008.SZ,20260303,2.8297,4.6475,,779600.395,
300134.SZ,20260303,2.1483,4.4497,,852690.2847,
301138.SZ,20260303,3.5013,7.2726,,454200.0,
603323.SH,20260303,2.1722,2.5124,,1013307.8014,
300528.SZ,20260303,5.3262,13.4703,,643494.1093,
000691.SZ,20260303,3.1705,3.6653,,401016.435,
002551.SZ,20260303,2.3394,2.747,,306069.0372,
301361.SZ,20260303,16.954,17.2203,,445915.888,
600882.SH,20260303,1.1819,2.5143,,1074172.9806,
001283.SZ,20260303,3.5497,3.645,,620446.5599,
000718.SZ,20260303,2.141,3.2432,,682793.1864,
002141.SZ,20260303,5.9919,8.6398,,400779.0896,
920174.BJ,20260303,3.777,6.811,,976939.6291,
600500.SH,20260303,1.9316,4.2269,,1636366.7584,
300542.SZ,20260303,2.5694,3.8158,,508746.0679,
000423.SZ,20260303,1.3647,2.0601,,3393757.8625,
300015.SZ,20260303,1.0273,1.9382,,9642460.1568,
300699.SZ,20260303,5.0203,7.9036,,3016145.056,
600460.SH,20260303,4.7837,6.9962,,4780878.4107,
002389.SZ,20260303,15.9758,25.3705,,2575555.3949,
688625.SH,20260303,2.505,6.367,,1298284.6362,
000650.SZ,20260303,1.8533,2.5095,,817563.9287,
605058.SH,20260303,2.3338,7.7707,,433774.1883,
300809.SZ,20260303,3.2136,4.1404,,884851.808,
002279.SZ,20260303,6.6624,8.6307,,733738.0472,
002957.SZ,20260303,12.5329,29.0922,,1330084.4698,
301067.SZ,20260303,3.4801,4.6542,,312127.56,
000917.SZ,20260303,5.2456,6.2942,,1509697.5,
600604.SH,20260303,0.7602,1.9005,,975991.8029,
688267.SH,20260303,2.342,4.0819,,515913.6,
301150.SZ,20260303,4.0565,7.6544,,1013865.881,
600685.SH,20260303,3.8765,9.363,,4968474.9187,
600099.SH,20260303,2.1365,3.6902,,237306.96,
920819.BJ,20260303,1.0275,2.6537,,480513.6,
688466.SH,20260303,2.5615,5.8613,,217678.6989,
603815.SH,20260303,2.5755,5.175,,406633.2224,
300443.SZ,20260303,3.7314,4.1725,,889654.0478,
603938.SH,20260303,9.8263,29.3709,,1077853.208,
688208.SH,20260303,2.3815,3.8079,,2306101.2205,
300422.SZ,20260303,2.6902,4.4383,,271211.2376,
300127.SZ,20260303,5.5707,12.0345,,1166558.3596,
002653.SZ,20260303,1.0499,1.9817,,5037391.0291,
002918.SZ,20260303,2.3645,3.5877,,578461.0263,
002592.SZ,20260303,2.2696,3.5963,,266897.9499,
002396.SZ,20260303,3.1005,4.2182,,1672159.5048,
300304.SZ,20260303,6.5573,11.3577,,1264526.9539,
300935.SZ,20260303,5.6948,8.1401,,259738.3236,
920932.BJ,20260303,2.367,3.2138,,188471.7762,
301107.SZ,20260303,2.7441,5.3022,,297217.3842,
300877.SZ,20260303,4.9321,9.951,,371880.0,
600822.SH,20260303,1.1777,2.9608,,519283.641,
000637.SZ,20260303,29.272,37.0654,,296328.9529,
688513.SH,20260303,1.5917,3.0245,,973928.4564,
688556.SH,20260303,8.5989,11.095,,1344192.2252,
603277.SH,20260303,0.2789,1.3106,,959212.0137,
001965.SZ,20260303,0.3005,1.1335,,6598037.2372,
600120.SH,20260303,2.5501,5.0871,,2107290.3806,
688175.SH,20260303,1.4696,2.9695,,472136.367,
603098.SH,20260303,1.9443,5.6372,,812248.4669,
600603.SH,20260303,2.2749,5.3179,,842490.3806,
000925.SZ,20260303,4.0877,4.0877,,522157.5304,
688326.SH,20260303,2.6296,4.9566,,1542440.7456,
605222.SH,20260303,1.5233,4.0747,,862554.5717,
688536.SH,20260303,3.8077,5.9223,,2196720.5403,
000505.SZ,20260303,6.3054,13.9025,,532127.5837,
688203.SH,20260303,1.9697,3.5226,,264494.8787,
300722.SZ,20260303,4.3363,12.699,,924089.8867,
688981.SH,20260303,2.7055,3.0061,,86653638.467,
300584.SZ,20260303,3.966,5.6621,,502200.0,
003040.SZ,20260303,2.2692,4.3402,,815288.3985,
688032.SH,20260303,3.7459,10.8487,,1427590.2088,
605128.SH,20260303,1.5762,2.5017,,755032.0127,
000983.SZ,20260303,3.8074,8.9142,,4291888.4006,
688338.SH,20260303,4.5533,7.5887,,338063.544,
002638.SZ,20260303,5.9949,8.7014,,456837.003,
301195.SZ,20260303,1.4492,3.045,,444415.0116,
301227.SZ,20260303,3.4461,3.4584,,329402.2995,
603188.SH,20260303,5.296,7.5271,,300479.59,
300032.SZ,20260303,6.8833,8.2423,,409616.5001,
688755.SH,20260303,2.5995,2.5995,,344608.0,
603978.SH,20260303,4.2362,6.6854,,507048.5062,
002272.SZ,20260303,33.0721,35.8182,,928540.0295,
601668.SH,20260303,0.9781,2.3126,,20825476.7838,
002297.SZ,20260303,12.4352,16.0615,,692883.7262,
601163.SH,20260303,0.8844,2.5103,,1230400.0,
688031.SH,20260303,8.622,12.7386,,2350036.7704,
000417.SZ,20260303,2.8717,4.6352,,572435.0028,
688143.SH,20260303,8.1675,10.5741,,732505.2018,
003032.SZ,20260303,1.8116,2.5634,,262395.77,
600020.SH,20260303,0.9221,2.8968,,930411.9384,
300782.SZ,20260303,2.3681,3.1937,,4172556.9444,
000636.SZ,20260303,14.0625,21.8229,,2759476.5082,
000826.SZ,20260303,20.8197,26.351,,347786.1925,
920392.BJ,20260303,3.0122,5.6013,,179157.955,
688290.SH,20260303,1.3459,2.9568,,526379.2168,
688288.SH,20260303,2.3329,4.9328,,279278.7438,
605599.SH,20260303,2.0151,5.4085,,1879111.1648,
603082.SH,20260303,7.9555,7.9555,,614842.388,
688758.SH,20260303,2.2712,3.8354,,766710.3786,
920943.BJ,20260303,14.9834,23.7002,,276138.1482,
688331.SH,20260303,3.6807,3.6807,,5163840.0145,
920019.BJ,20260303,5.5333,16.4838,,474571.9419,
300569.SZ,20260303,3.4784,4.4991,,647379.9971,
603385.SH,20260303,1.1959,2.9815,,263800.8228,
002812.SZ,20260303,4.5908,6.686,,6049493.8238,
000017.SZ,20260303,2.3977,4.4136,,509996.8504,
600965.SH,20260303,2.0059,5.2171,,478121.3577,
301577.SZ,20260303,31.7568,31.7568,,300887.119,
301565.SZ,20260303,8.8309,11.6528,,1017225.43,
688559.SH,20260303,3.8086,5.2113,,1384725.2969,
600780.SH,20260303,2.1067,5.1164,,747519.645,
920670.BJ,20260303,7.7378,9.395,,191977.7792,
300836.SZ,20260303,5.2407,6.0495,,533220.3143,
300348.SZ,20260303,3.1357,3.2208,,1063271.0802,
002210.SZ,20260303,2.885,4.1188,,801031.065,
300381.SZ,20260303,1.3516,1.9066,,323118.4413,
002748.SZ,20260303,4.5271,9.7809,,304320.0,
300918.SZ,20260303,1.8717,3.6002,,774385.6733,
002395.SZ,20260303,2.6316,7.4179,,512010.981,
300843.SZ,20260303,5.8389,13.6202,,899558.2222,
300684.SZ,20260303,7.3454,8.4997,,1617649.3134,
603667.SH,20260303,8.5537,13.4386,,2620180.8194,
688779.SH,20260303,3.9577,7.0242,,2093202.9882,
300267.SZ,20260303,9.2127,12.178,,812666.3188,
300553.SZ,20260303,4.4452,5.2063,,437204.0099,
601933.SH,20260303,2.6709,5.7587,,3793365.4631,
920942.BJ,20260303,20.4861,26.0871,,211946.4576,
601658.SH,20260303,0.3473,2.2596,,60527906.96,
002819.SZ,20260303,1.7608,3.5183,,813741.0316,
688718.SH,20260303,1.2724,3.4784,,261152.8467,
603306.SH,20260303,8.0057,10.9807,,2893289.5625,
002424.SZ,20260303,3.0316,3.7132,,696004.0032,
603328.SH,20260303,3.1714,7.7314,,1206118.6741,
603989.SH,20260303,4.0436,11.8321,,760074.4132,
603194.SH,20260303,1.3831,1.3831,,1467660.0,
600884.SH,20260303,8.3417,9.0954,,3216660.3941,
688325.SH,20260303,2.5627,5.005,,898946.7605,
002237.SZ,20260303,8.7338,12.7612,,2671184.7221,
300113.SZ,20260303,14.5593,16.2889,,1648761.3898,
601808.SH,20260303,3.9155,21.0906,,9743590.864,
603488.SH,20260303,11.6652,18.5305,,303378.0672,
603006.SH,20260303,1.4793,5.2467,,346802.797,
600797.SH,20260303,12.1121,12.9267,,985397.7888,
300041.SZ,20260303,4.6328,5.6254,,671321.6088,
300678.SZ,20260303,3.8239,5.7098,,893901.0597,
688180.SH,20260303,2.1537,3.3315,,3078016.2333,
000096.SZ,20260303,19.2126,41.8128,,700656.0,
300698.SZ,20260303,3.4353,6.389,,512148.0,
688602.SH,20260303,4.9592,4.9592,,420693.75,
600712.SH,20260303,1.7035,2.3962,,331695.1142,
300167.SZ,20260303,3.9433,4.279,,228951.912,
600773.SH,20260303,3.6851,6.2624,,1408348.5602,
920790.BJ,20260303,2.1527,4.7131,,236901.06,
605398.SH,20260303,4.5118,14.5714,,509953.1318,
603855.SH,20260303,1.2472,2.1681,,677384.577,
002824.SZ,20260303,5.5362,8.1802,,640406.0486,
603278.SH,20260303,4.1207,8.3589,,398149.6917,
300246.SZ,20260303,4.2852,4.8389,,330726.5413,
300314.SZ,20260303,4.1295,6.1717,,399744.0,
688569.SH,20260303,0.9402,3.761,,452722.7383,
603325.SH,20260303,3.4404,3.4404,,618430.92,
600805.SH,20260303,2.8231,4.4016,,467991.9717,
688246.SH,20260303,2.7312,4.6339,,305577.6132,
603766.SH,20260303,1.2727,2.1237,,3070045.0658,
603408.SH,20260303,0.9908,3.7389,,557675.958,
000004.SZ,20260303,0.5803,0.7846,,82472.9157,
601628.SH,20260303,0.1421,1.9732,,124703878.46,
301042.SZ,20260303,1.6039,2.4273,,589164.2257,
002350.SZ,20260303,15.6868,25.524,,709369.4071,
600505.SH,20260303,6.9353,15.7074,,545028.4125,
688172.SH,20260303,3.1351,5.3135,,5190819.4007,
688449.SH,20260303,2.5378,4.6909,,2048840.0,
300750.SZ,20260303,0.9399,1.423,,157028694.1357,
920056.BJ,20260303,3.8586,3.8586,,203575.7164,
300315.SZ,20260303,5.476,5.5655,,1402542.4996,
000938.SZ,20260303,2.6771,3.7183,,6824150.5794,
001231.SZ,20260303,5.7909,8.8149,,243853.6,
600887.SH,20260303,0.8785,0.9606,,16401660.2095,
002354.SZ,20260303,6.1819,6.1819,,1005988.1786,
300307.SZ,20260303,2.1068,3.2158,,554783.7668,
300637.SZ,20260303,4.8316,7.7818,,285690.9082,
600169.SH,20260303,1.0239,2.1089,,820040.2767,
002692.SZ,20260303,2.1667,3.0384,,389235.132,
000688.SZ,20260303,2.5453,7.5265,,4174993.5282,
688066.SH,20260303,8.619,12.1309,,632292.2058,
688628.SH,20260303,2.0634,4.2895,,456347.0618,
603696.SH,20260303,3.3272,8.4664,,413246.4,
300429.SZ,20260303,6.9676,7.8622,,771742.0705,
301556.SZ,20260303,7.1816,8.4569,,835232.32,
688818.SH,20260303,36.5025,36.5025,,10296484.8199,
000425.SZ,20260303,1.1599,1.275,,14074841.6709,
600325.SH,20260303,2.8795,4.0059,,1139390.976,
605376.SH,20260303,5.835,9.2632,,2654193.6,
600996.SH,20260303,2.2218,4.1942,,982478.285,
600132.SH,20260303,1.3812,3.4529,,2743148.7503,
002096.SZ,20260303,1.0351,2.783,,1753983.2488,
600845.SH,20260303,1.5736,4.8172,,6430544.5165,
000153.SZ,20260303,2.0899,2.9427,,302045.5893,
002086.SZ,20260303,4.3248,4.3248,,438804.016,
300020.SZ,20260303,3.6359,4.0706,,357605.0883,
605567.SH,20260303,2.7469,4.4453,,222200.0,
000506.SZ,20260303,11.3457,16.9341,,2006678.3638,
603527.SH,20260303,2.7879,4.5168,,338842.2128,
688655.SH,20260303,8.5069,15.4255,,303995.81,
600988.SH,20260303,8.1394,9.5242,,8114755.7301,
002548.SZ,20260303,6.8725,9.9838,,515124.0153,
301131.SZ,20260303,5.7923,6.6934,,236387.3024,
000605.SZ,20260303,2.1042,3.575,,252503.5576,
000913.SZ,20260303,1.3338,2.2485,,799895.5265,
601233.SH,20260303,2.2708,3.8147,,5760545.6712,
920357.BJ,20260303,2.1312,3.6208,,187467.28,
000967.SZ,20260303,1.6427,5.1035,,2571558.4492,
600062.SH,20260303,0.938,2.3796,,1884306.1213,
601111.SH,20260303,1.1622,3.6176,,13819149.432,
601216.SH,20260303,2.0329,5.4119,,5029058.3644,
002175.SZ,20260303,4.5888,5.6796,,394525.2446,
002081.SZ,20260303,1.4185,2.8028,,937329.2622,
300423.SZ,20260303,11.5526,13.749,,464675.5449,
603102.SH,20260303,1.4342,2.5593,,272320.0,
300359.SZ,20260303,2.5545,4.0484,,331866.7131,
002452.SZ,20260303,7.1311,7.4892,,669958.6518,
688088.SH,20260303,2.3921,4.0513,,1795237.54,
002853.SZ,20260303,3.416,5.1632,,507408.8398,
920086.BJ,20260303,6.5645,6.5645,,266855.52,
002044.SZ,20260303,6.7098,8.8643,,2505122.5107,
000151.SZ,20260303,2.0796,3.1527,,433184.0148,
603344.SH,20260303,4.5443,4.5443,,564528.904,
601166.SH,20260303,0.5685,0.7954,,39024306.4548,
600629.SH,20260303,3.5634,7.2713,,1995986.6216,
600343.SH,20260303,10.2264,18.1918,,2123950.7261,
920436.BJ,20260303,1.2235,3.2722,,151917.408,
001296.SZ,20260303,10.5109,13.9548,,416461.5834,
301052.SZ,20260303,9.7376,10.5253,,372977.7487,
002294.SZ,20260303,0.5877,1.4123,,5343315.6523,
000014.SZ,20260303,4.0056,6.0706,,304736.196,
002055.SZ,20260303,4.0541,4.3269,,370552.3804,
603586.SH,20260303,1.2109,3.0026,,345444.9984,
002054.SZ,20260303,12.6623,14.1464,,498025.2619,
600136.SH,20260303,1.6417,2.646,,377552.7972,
002987.SZ,20260303,1.6373,3.8895,,1561428.2736,
603602.SH,20260303,3.4811,5.0251,,317010.8818,
001359.SZ,20260303,4.53,4.53,,1396838.8325,
688148.SH,20260303,2.943,3.6922,,419362.2496,
001207.SZ,20260303,2.6981,5.4859,,577693.9293,
002106.SZ,20260303,3.3135,4.6196,,839215.4142,
300895.SZ,20260303,6.6552,13.5651,,727235.3934,
600998.SH,20260303,0.8752,1.8914,,2657381.8133,
600158.SH,20260303,5.7165,7.9219,,992136.5113,
300155.SZ,20260303,3.5779,5.0406,,283981.2385,
002226.SZ,20260303,1.5792,3.861,,1623789.7101,
301005.SZ,20260303,8.3313,15.2953,,2107763.6117,
002566.SZ,20260303,2.328,2.7054,,269063.6508,
301111.SZ,20260303,6.5548,13.8014,,335200.0,
000906.SZ,20260303,1.6427,3.0737,,436442.8551,
600979.SH,20260303,14.6578,22.6677,,663631.5788,
002787.SZ,20260303,4.8463,6.0764,,429026.0467,
000768.SZ,20260303,2.8896,6.3871,,7987460.1319,
688586.SH,20260303,3.2475,8.5748,,1179095.3424,
600436.SH,20260303,0.3902,0.7971,,9580677.2948,
601788.SH,20260303,0.693,1.5113,,7474086.7628,
688795.SH,20260303,9.4268,9.4268,,25729344.5986,
920242.BJ,20260303,1.3387,1.7948,,173421.8663,
688251.SH,20260303,4.7764,11.0848,,302712.8172,
603127.SH,20260303,4.1057,6.4149,,2384426.036,
000929.SZ,20260303,2.0486,2.7872,,186323.298,
920130.BJ,20260303,2.4417,4.5965,,205702.4163,
002191.SZ,20260303,1.6906,2.4594,,557483.0723,
600582.SH,20260303,1.8238,4.6587,,2516262.0463,
300845.SZ,20260303,12.4222,13.7844,,253144.1941,
603565.SH,20260303,1.7946,4.4865,,2352070.6754,
002076.SZ,20260303,3.6844,4.1695,,228479.6451,
688409.SH,20260303,2.2845,3.8252,,3045878.5391,
688503.SH,20260303,7.0878,7.7189,,2233970.5249,
002270.SZ,20260303,2.2863,4.0488,,3027449.5059,
920124.BJ,20260303,3.3794,3.8597,,262514.301,
301112.SZ,20260303,1.2564,3.821,,389020.5648,
301109.SZ,20260303,11.7681,12.1464,,1390395.6836,
002908.SZ,20260303,3.6344,4.6116,,406409.0269,
300195.SZ,20260303,6.6093,7.0953,,372439.1175,
603165.SH,20260303,3.1964,6.1658,,387508.0433,
300085.SZ,20260303,4.8342,7.1577,,2543199.2855,
688112.SH,20260303,1.4768,4.7631,,662805.8551,
300806.SZ,20260303,6.9121,7.6771,,2349003.2065,
605399.SH,20260303,3.1026,8.4713,,479235.1785,
600388.SH,20260303,2.3416,3.5008,,2512151.5676,
300364.SZ,20260303,11.3122,12.9887,,2080596.337,
301626.SZ,20260303,14.7837,14.7837,,2786499.84,
000592.SZ,20260303,27.2977,33.0011,,2343250.222,
600061.SH,20260303,0.8846,2.4516,,4705972.0304,
688252.SH,20260303,4.1127,4.9235,,851582.432,
002467.SZ,20260303,13.8782,15.9255,,892616.3456,
300164.SZ,20260303,24.7777,27.8471,,1276955.2249,
601236.SH,20260303,0.4565,1.969,,3801730.9201,
300487.SZ,20260303,2.5896,3.1699,,3843960.2504,
605011.SH,20260303,1.6661,8.3362,,842210.5,
001311.SZ,20260303,6.9927,6.9928,,1125285.8264,
300762.SZ,20260303,9.5906,11.6617,,2479208.8679,
000625.SZ,20260303,1.3272,2.6182,,10884390.675,
301136.SZ,20260303,4.5576,9.8039,,449959.8807,
002681.SZ,20260303,2.626,2.7428,,1080380.6437,
301234.SZ,20260303,1.4912,2.1008,,269008.0,
000922.SZ,20260303,4.541,7.1388,,995218.7405,
688585.SH,20260303,0.8716,4.1146,,4408743.687,
688226.SH,20260303,3.5678,6.7423,,821362.2875,
600256.SH,20260303,15.3634,23.8788,,4551106.1104,
600030.SH,20260303,1.3199,1.791,,39719065.5017,
603057.SH,20260303,1.9282,8.2604,,1385271.0625,
000828.SZ,20260303,0.914,3.0289,,1132034.0043,
002183.SZ,20260303,3.3354,4.9289,,1272534.4546,
002617.SZ,20260303,6.9114,7.5988,,1648016.0589,
301089.SZ,20260303,2.3842,3.3336,,341543.6055,
300688.SZ,20260303,4.678,5.5104,,462134.7001,
688682.SH,20260303,3.227,8.4439,,469579.1448,
688167.SH,20260303,9.0427,10.4893,,3002386.4159,
688689.SH,20260303,5.6413,16.124,,415326.3069,
300644.SZ,20260303,5.5394,7.7475,,350741.8319,
300222.SZ,20260303,4.0954,4.2801,,893466.8566,
920184.BJ,20260303,2.7904,3.826,,235787.1746,
600533.SH,20260303,1.9712,3.487,,270900.0,
002736.SZ,20260303,0.4652,1.6933,,12648552.6791,
688220.SH,20260303,4.0241,6.1042,,3482773.2018,
920418.BJ,20260303,1.7537,3.1635,,428160.096,
300337.SZ,20260303,8.7854,13.0645,,1125229.8788,
300871.SZ,20260303,4.7403,8.8745,,512103.7018,
920407.BJ,20260303,2.6991,4.5904,,182038.688,
300500.SZ,20260303,3.2601,6.063,,204594.4459,
603125.SH,20260303,9.1363,9.1363,,742065.0754,
688300.SH,20260303,2.8094,7.1837,,1616636.2271,
603072.SH,20260303,4.0339,4.8227,,1114204.48,
688576.SH,20260303,3.7371,3.7539,,342888.4522,
301040.SZ,20260303,9.1224,14.6813,,359103.7023,
605186.SH,20260303,2.5213,5.0685,,281792.0,
688603.SH,20260303,10.1848,10.213,,1016504.8706,
688321.SH,20260303,4.1277,5.8564,,1215268.1738,
605368.SH,20260303,8.5175,20.5435,,672472.396,
688359.SH,20260303,4.0691,6.6655,,814173.6172,
603058.SH,20260303,3.8402,7.8973,,529939.0162,
002922.SZ,20260303,4.7704,6.4228,,1821902.3638,
603786.SH,20260303,0.6078,2.9055,,2561663.0481,
301585.SZ,20260303,1.9951,2.3585,,309712.0,
920271.BJ,20260303,1.3132,2.2591,,206700.34,
003003.SZ,20260303,6.0589,7.5279,,238218.56,
300424.SZ,20260303,7.6409,8.9855,,443501.2673,
002533.SZ,20260303,4.9702,6.6369,,1080361.2433,
000761.SZ,20260303,0.5451,3.6017,,1520047.4136,
300712.SZ,20260303,3.0432,5.4418,,532630.7394,
688692.SH,20260303,1.9541,2.763,,2698509.2,
000935.SZ,20260303,1.1231,3.0286,,2095643.7141,
002150.SZ,20260303,6.6973,13.1018,,981202.2754,
301191.SZ,20260303,7.0427,11.2167,,791746.956,
688439.SH,20260303,2.8456,7.0997,,1169600.0,
000915.SZ,20260303,2.028,2.9697,,755953.3706,
600243.SH,20260303,3.0692,3.4046,,162374.5,
300759.SZ,20260303,1.7685,2.6825,,4956991.2283,
601059.SH,20260303,0.6181,2.8982,,5694708.0,
600054.SH,20260303,2.4307,5.7575,,907348.0234,
603579.SH,20260303,2.0678,4.0762,,450357.2954,
002528.SZ,20260303,4.1206,8.7924,,351211.799,
002271.SZ,20260303,3.6353,3.7921,,4251885.7615,
301152.SZ,20260303,5.2833,5.8162,,335796.7398,
688520.SH,20260303,0.6204,2.6086,,1647742.1418,
002823.SZ,20260303,3.7959,4.5476,,524405.2116,
301070.SZ,20260303,4.1613,5.0934,,570252.5888,
000545.SZ,20260303,19.876,23.3143,,342431.0843,
300509.SZ,20260303,3.9457,7.5102,,395101.2,
600707.SH,20260303,1.1906,3.2955,,2386279.1718,
920087.BJ,20260303,16.2917,36.0427,,336677.6,
600153.SH,20260303,0.7562,1.4212,,2789356.0861,
603839.SH,20260303,1.1342,4.222,,297611.3925,
002698.SZ,20260303,1.4882,2.2995,,1557361.1782,
300671.SZ,20260303,5.1294,7.4574,,891080.5015,
000678.SZ,20260303,3.1829,5.7902,,568539.7929,
002321.SZ,20260303,2.5609,4.2808,,492697.6064,
002872.SZ,20260303,1.9948,2.01,,161862.0,
688696.SH,20260303,3.0696,3.9945,,675412.92,
301190.SZ,20260303,4.2472,8.8077,,523498.4235,
002156.SZ,20260303,8.0936,10.8606,,7290535.5652,
920190.BJ,20260303,1.8102,3.4319,,244800.0024,
000062.SZ,20260303,1.2472,4.1106,,2433830.9923,
300556.SZ,20260303,6.9494,7.1352,,225382.0903,
600189.SH,20260303,2.2211,3.896,,596474.9752,
688136.SH,20260303,1.5011,2.9727,,576199.5068,
601121.SH,20260303,8.469,9.0183,,783631.54,
600995.SH,20260303,1.3327,6.0957,,4640600.4289,
300233.SZ,20260303,3.4807,4.5448,,562760.1445,
688579.SH,20260303,2.5477,3.3785,,452411.31,
300701.SZ,20260303,2.8251,5.0492,,341826.7589,
300847.SZ,20260303,2.4734,6.5235,,525417.75,
002153.SZ,20260303,1.9326,3.9958,,2993925.6436,
002410.SZ,20260303,2.995,3.5682,,2101273.203,
002929.SZ,20260303,21.0969,32.3036,,1413313.3429,
002489.SZ,20260303,1.9556,3.7328,,763493.7422,
002283.SZ,20260303,11.5271,14.7194,,1115528.5773,
600255.SH,20260303,4.5881,5.125,,666468.2264,
002583.SZ,20260303,4.0418,4.4016,,1987750.9834,
300040.SZ,20260303,14.1347,15.1097,,465829.1557,
920445.BJ,20260303,2.1795,2.5298,,163192.1866,
688310.SH,20260303,2.3112,6.6969,,272267.8522,
301291.SZ,20260303,9.2546,9.2546,,1742076.0,
600345.SH,20260303,10.0888,15.5419,,1436449.6713,
000931.SZ,20260303,1.6683,2.4333,,375057.237,
605580.SH,20260303,2.3529,9.0088,,657160.0,
688084.SH,20260303,2.2086,4.5347,,563887.0189,
603235.SH,20260303,0.3941,4.219,,1204770.56,
603987.SH,20260303,1.6929,2.8704,,389617.465,
688708.SH,20260303,1.6515,2.1569,,2480062.0,
603379.SH,20260303,1.454,3.5456,,4488241.88,
000762.SZ,20260303,6.8638,8.675,,1519750.5423,
002724.SZ,20260303,4.3727,10.777,,584795.4795,
300163.SZ,20260303,10.2517,10.9019,,232734.0,
300205.SZ,20260303,1.182,1.9444,,195245.424,
002828.SZ,20260303,12.7273,14.9189,,329016.7012,
002362.SZ,20260303,3.8048,4.8033,,501376.4789,
001216.SZ,20260303,5.9517,19.3436,,475020.5962,
600703.SH,20260303,4.225,7.1474,,7333857.5287,
002441.SZ,20260303,5.4089,7.9555,,577760.7691,
002607.SZ,20260303,5.8937,6.3584,,1683700.0332,
600598.SH,20260303,4.5256,12.6213,,2986502.2471,
600281.SH,20260303,4.7965,8.4861,,321501.2656,
600008.SH,20260303,1.7794,3.3182,,2312286.0633,
000819.SZ,20260303,12.2309,18.5073,,669542.1649,
002661.SZ,20260303,1.7468,2.892,,309151.8246,
300107.SZ,20260303,12.2617,15.3307,,465983.7179,
000001.SZ,20260303,0.5301,1.2606,,21113638.9994,
002130.SZ,20260303,9.0592,10.4717,,3578112.0973,
603789.SH,20260303,1.8855,3.3042,,144541.957,
002078.SZ,20260303,1.2713,2.312,,4736737.0267,
002361.SZ,20260303,18.3117,20.3015,,1176430.2567,
600696.SH,20260303,2.0366,6.169,,63883.6613,
688403.SH,20260303,5.0101,7.0842,,1461562.089,
601939.SH,20260303,2.1494,3.1053,,232824339.4985,
603727.SH,20260303,15.2905,28.543,,613866.3046,
002066.SZ,20260303,2.3967,4.0031,,453370.51,
300664.SZ,20260303,4.2482,6.0136,,442409.9542,
003006.SZ,20260303,1.2499,3.1276,,871325.7181,
300066.SZ,20260303,9.1161,14.1976,,768584.5806,
002691.SZ,20260303,3.2726,9.1133,,277100.0,
600968.SH,20260303,2.5684,13.9982,,5631467.7262,
001277.SZ,20260303,2.6154,5.1419,,307192.0,
000831.SZ,20260303,7.0347,11.3529,,6097774.757,
603917.SH,20260303,4.2898,6.3762,,280076.16,
002788.SZ,20260303,5.189,8.4492,,570342.5684,
000848.SZ,20260303,0.8788,1.556,,849660.0616,
600168.SH,20260303,2.2255,5.5747,,524513.9164,
601568.SH,20260303,1.431,3.7967,,1704083.3341,
601086.SH,20260303,2.6274,10.1345,,624042.0,
002189.SZ,20260303,2.4857,4.3004,,556615.6508,
688613.SH,20260303,4.6454,6.2064,,304433.0736,
300933.SZ,20260303,4.0718,6.8894,,448614.1723,
600510.SH,20260303,1.5112,3.7772,,964943.8023,
002157.SZ,20260303,2.2976,2.2976,,2913801.2155,
301319.SZ,20260303,5.0637,9.8236,,578696.6711,
301283.SZ,20260303,2.5415,4.2599,,376837.9139,
300957.SZ,20260303,1.3954,3.1849,,1866381.6,
600623.SH,20260303,4.1578,12.0513,,2233218.5066,
301115.SZ,20260303,4.6706,6.8433,,370720.197,
002277.SZ,20260303,2.2008,3.2376,,977315.1328,
002219.SZ,20260303,4.584,6.7549,,785872.5667,
600681.SH,20260303,6.7472,13.4979,,638246.8896,
000089.SZ,20260303,0.7903,1.8365,,1458097.1209,
300479.SZ,20260303,4.1924,5.7298,,399992.956,
600319.SH,20260303,2.1722,3.7716,,319084.823,
002891.SZ,20260303,1.4069,2.8367,,1413834.3282,
301133.SZ,20260303,2.6962,5.9175,,451005.5749,
300982.SZ,20260303,4.0999,9.6356,,467741.23,
600081.SH,20260303,0.669,2.6511,,624919.5721,
603662.SH,20260303,1.9891,4.2821,,1694808.2534,
920062.BJ,20260303,6.8252,7.8404,,214559.0369,
600643.SH,20260303,1.0011,2.003,,744010.7533,
600875.SH,20260303,6.2652,11.1334,,12166511.6269,
002299.SZ,20260303,1.8359,3.9064,,2379315.834,
603613.SH,20260303,1.6352,2.4999,,1874118.8516,
600688.SH,20260303,7.5169,29.5128,,4048365.12,
688153.SH,20260303,1.5106,4.4452,,1526750.5524,
002806.SZ,20260303,6.309,6.8077,,331892.4932,
000020.SZ,20260303,2.2759,6.6637,,395009.9117,
300927.SZ,20260303,9.5714,25.9374,,453146.04,
600257.SH,20260303,4.1274,5.74,,331091.1853,
002061.SZ,20260303,1.3868,2.8692,,1096462.8073,
603816.SH,20260303,0.6819,1.2567,,2855365.48,
002878.SZ,20260303,4.3747,7.6056,,438050.1675,
605136.SH,20260303,2.7059,5.4152,,412472.255,
300291.SZ,20260303,2.97,4.7622,,695114.5624,
002232.SZ,20260303,2.0101,4.5395,,714551.2478,
688279.SH,20260303,1.4692,3.1614,,1963731.0907,
000546.SZ,20260303,7.5862,11.4719,,474365.4398,
002169.SZ,20260303,8.1449,10.4343,,1138834.4568,
002977.SZ,20260303,11.8257,16.1192,,356876.52,
688065.SH,20260303,1.5202,2.7201,,3894964.8876,
002563.SZ,20260303,1.1781,3.6841,,1444032.3258,
300044.SZ,20260303,8.281,8.6675,,549985.8442,
603219.SH,20260303,0.713,3.394,,926871.4,
002264.SZ,20260303,6.536,10.5462,,670144.3203,
688687.SH,20260303,2.5469,3.3694,,352487.3982,
300615.SZ,20260303,8.0051,10.1737,,271873.4844,
688459.SH,20260303,2.0357,2.8326,,462240.0,
603688.SH,20260303,5.5606,11.6774,,2630931.4497,
688582.SH,20260303,3.1961,4.3167,,2397980.4253,
300489.SZ,20260303,2.1586,3.8543,,572994.3393,
600000.SH,20260303,0.3391,0.9081,,32406580.6659,
301156.SZ,20260303,4.0333,6.8554,,273685.4082,
601901.SH,20260303,1.0584,2.2279,,6108219.2351,
000796.SZ,20260303,4.9834,5.8303,,843592.9698,
002948.SZ,20260303,2.0901,3.4942,,3090608.3584,
300611.SZ,20260303,3.4877,4.0606,,527686.7,
300951.SZ,20260303,1.714,4.8536,,612891.3599,
688011.SH,20260303,3.4139,7.191,,696000.0,
688668.SH,20260303,4.8467,8.954,,2026387.3173,
000723.SZ,20260303,9.9502,15.9077,,2426324.983,
688037.SH,20260303,2.6322,3.6767,,4193847.7568,
603590.SH,20260303,1.6631,3.0467,,628409.4051,
002258.SZ,20260303,3.459,5.8634,,1264690.8202,
688369.SH,20260303,4.9685,6.294,,271453.7753,
601107.SH,20260303,0.7311,5.6615,,1935751.98,
000980.SZ,20260303,3.0835,4.2018,,1401828.2714,
920198.BJ,20260303,3.0754,3.1474,,160234.3249,
300994.SZ,20260303,2.82,4.2646,,373873.152,
000521.SZ,20260303,2.748,3.8368,,645762.1693,
688509.SH,20260303,3.8107,3.8107,,363440.0,
300863.SZ,20260303,1.7107,3.8739,,1002789.03,
300427.SZ,20260303,12.7017,15.4193,,663618.9889,
300743.SZ,20260303,3.1538,4.556,,282467.1598,
002449.SZ,20260303,3.3774,4.3011,,501584.9841,
002846.SZ,20260303,4.731,6.9941,,633770.3967,
003033.SZ,20260303,1.7795,5.517,,485595.0,
002798.SZ,20260303,2.5598,3.7049,,316736.507,
002627.SZ,20260303,2.3487,3.5275,,620983.3809,
002384.SZ,20260303,8.4326,9.5715,,17378292.2636,
003020.SZ,20260303,1.2195,2.0007,,461762.3379,
603992.SH,20260303,2.1858,11.1095,,1373581.2479,
001314.SZ,20260303,6.5133,6.5133,,644705.68,
300662.SZ,20260303,2.6439,3.7501,,494377.5738,
001308.SZ,20260303,0.756,4.0561,,1440424.9849,
300749.SZ,20260303,11.7395,16.6199,,655721.4024,
002228.SZ,20260303,2.9178,5.0711,,508408.5786,
000635.SZ,20260303,8.9848,15.5833,,354326.1271,
688313.SH,20260303,9.9929,15.6386,,3902449.956,
688336.SH,20260303,0.7047,4.4066,,3479208.9254,
301658.SZ,20260303,49.7343,49.7343,,1488247.4262,
002939.SZ,20260303,1.0258,2.9223,,3852877.743,
603272.SH,20260303,4.0086,9.1977,,226114.114,
000815.SZ,20260303,12.4524,18.6335,,901060.8934,
601128.SH,20260303,1.4255,1.7019,,2377944.8228,
001239.SZ,20260303,3.7311,4.2706,,374400.0,
000002.SZ,20260303,1.6434,2.4667,,5571641.323,
300929.SZ,20260303,3.5021,4.3828,,157106.0847,
301563.SZ,20260303,8.8222,8.8222,,946788.0795,
600182.SH,20260303,2.1345,2.1345,,482460.0,
603187.SH,20260303,3.5671,4.4639,,639518.6571,
301108.SZ,20260303,2.4343,4.3313,,341045.4436,
688511.SH,20260303,2.5394,5.6335,,271468.9349,
002211.SZ,20260303,2.6452,4.2366,,154826.3289,
301366.SZ,20260303,5.0892,5.0892,,720594.9952,
688799.SH,20260303,1.7229,3.7334,,542351.6,
002702.SZ,20260303,6.7748,9.0009,,339569.36,
300800.SZ,20260303,1.7855,3.5194,,289082.739,
920266.BJ,20260303,1.878,3.4352,,112468.0063,
688393.SH,20260303,2.8136,4.7425,,234480.6537,
603168.SH,20260303,2.1496,3.808,,260017.921,
920010.BJ,20260303,21.8313,42.1037,,411078.5,
002407.SZ,20260303,4.7389,5.0638,,3395113.6868,
002468.SZ,20260303,2.4245,6.1904,,2055867.3089,
300168.SZ,20260303,2.054,2.5797,,875902.1742,
001233.SZ,20260303,5.5331,5.5331,,1313901.6047,
688816.SH,20260303,15.1101,15.1101,,670000.0,
688238.SH,20260303,2.1598,2.8633,,446537.2496,
688607.SH,20260303,2.6565,3.5283,,459064.1016,
002716.SZ,20260303,17.6194,20.3659,,4423779.9083,
002287.SZ,20260303,1.485,7.8478,,1420569.498,
688239.SH,20260303,5.4804,7.1121,,1332885.2467,
688383.SH,20260303,1.213,3.8357,,683273.784,
300716.SZ,20260303,4.5181,5.7587,,230588.82,
601016.SH,20260303,2.455,4.3918,,2073802.5822,
600769.SH,20260303,1.9879,2.4873,,478470.9072,
688015.SH,20260303,1.2515,2.6988,,469060.3246,
003041.SZ,20260303,3.2915,10.1721,,745488.0,
002174.SZ,20260303,2.8517,3.4981,,1013124.5399,
002214.SZ,20260303,0.8404,0.9172,,1068612.8963,
000697.SZ,20260303,6.3018,8.4211,,1359790.0042,
000026.SZ,20260303,1.6324,2.9522,,604994.1344,
603636.SH,20260303,2.4801,3.7218,,585003.4072,
920571.BJ,20260303,39.4592,51.6088,,901426.2962,
002640.SZ,20260303,4.5284,4.9227,,568685.0855,
600021.SH,20260303,2.6119,6.1084,,5913308.4447,
001226.SZ,20260303,3.2497,5.309,,320544.1431,
300910.SZ,20260303,2.0924,2.9461,,1640073.3107,
000978.SZ,20260303,1.8137,3.5922,,320669.05,
603683.SH,20260303,2.626,3.9186,,679563.2867,
000037.SZ,20260303,4.6534,7.88,,577446.567,
920175.BJ,20260303,3.2099,3.8526,,140063.0,
601606.SH,20260303,5.5134,13.4114,,3403873.48,
600084.SH,20260303,1.6488,3.7737,,774247.7859,
300170.SZ,20260303,9.2889,9.417,,2295922.3159,
002323.SZ,20260303,14.9663,19.5568,,455983.8555,
920405.BJ,20260303,1.7022,3.1608,,321475.92,
600409.SH,20260303,4.1166,7.5556,,1816627.5142,
688260.SH,20260303,5.987,9.8988,,359520.0,
300761.SZ,20260303,2.0589,3.911,,1724775.4605,
300385.SZ,20260303,5.2467,8.1966,,373123.4438,
601609.SH,20260303,3.4521,7.0811,,1968918.9018,
002177.SZ,20260303,26.4331,27.1479,,687355.7385,
605268.SH,20260303,1.5115,8.6963,,467278.7175,
002486.SZ,20260303,5.2728,6.7088,,243987.7976,
300589.SZ,20260303,19.7823,22.8548,,722101.2084,
301331.SZ,20260303,1.4373,3.9795,,278631.23,
600550.SH,20260303,7.6701,17.187,,2974068.4952,
002026.SZ,20260303,2.7638,4.3455,,607053.0119,
688249.SH,20260303,3.3083,4.8802,,6329936.6206,
002412.SZ,20260303,3.9998,6.9665,,350730.4,
601777.SH,20260303,1.5704,3.7784,,4634127.5728,
920699.BJ,20260303,1.2968,2.1442,,202120.079,
301360.SZ,20260303,7.8406,8.8531,,435894.48,
000333.SZ,20260303,0.4205,0.6155,,58184770.5719,
605228.SH,20260303,1.9328,5.5882,,630159.2658,
300511.SZ,20260303,5.9023,6.0542,,454360.5343,
301148.SZ,20260303,2.9715,4.6407,,604619.8452,
000610.SZ,20260303,4.3338,5.9131,,217334.5731,
300497.SZ,20260303,4.3429,4.7134,,819823.6775,
002570.SZ,20260303,9.2982,10.5999,,680427.2998,
600793.SH,20260303,2.7274,5.9339,,342309.2439,
920580.BJ,20260303,3.7849,5.6984,,131580.0,
002229.SZ,20260303,9.1051,9.1051,,814746.4233,
000619.SZ,20260303,2.7542,4.1378,,273083.5064,
002790.SZ,20260303,2.7132,4.9663,,333462.0954,
300097.SZ,20260303,4.2098,4.91,,227954.2385,
601918.SH,20260303,5.9085,11.0827,,2111291.567,
002985.SZ,20260303,11.5346,12.1042,,1270335.5808,
002538.SZ,20260303,4.9718,7.3666,,664066.3836,
603053.SH,20260303,4.5331,23.8585,,1007112.37,
603679.SH,20260303,4.829,7.268,,247673.7391,
600619.SH,20260303,3.2211,4.9218,,1916993.1091,
300679.SZ,20260303,4.4734,5.9739,,1648726.42,
603757.SH,20260303,7.1436,16.432,,816890.4472,
603516.SH,20260303,3.3434,4.8333,,3161838.0798,
600771.SH,20260303,1.3754,1.6213,,843882.7271,
000962.SZ,20260303,7.3525,12.4912,,2635896.3432,
002920.SZ,20260303,2.1271,4.2254,,7096458.9183,
605500.SH,20260303,1.0612,4.486,,363014.4,
688039.SH,20260303,3.4525,6.5604,,522038.7213,
300852.SZ,20260303,8.2066,17.689,,780132.8619,
002652.SZ,20260303,6.4592,9.2269,,225308.16,
603070.SH,20260303,4.2761,17.1427,,657640.0,
002923.SZ,20260303,3.749,6.9326,,483585.905,
603810.SH,20260303,3.3743,6.1341,,283884.5218,
300840.SZ,20260303,4.0315,4.573,,429840.0,
003008.SZ,20260303,2.9194,4.5998,,241800.0,
688198.SH,20260303,0.3779,1.4127,,1428861.3836,
601126.SH,20260303,3.3136,5.5443,,3855973.238,
688125.SH,20260303,1.7036,5.5755,,1948119.2907,
002306.SZ,20260303,5.6118,6.8209,,210482.525,
920832.BJ,20260303,10.1939,10.6286,,109623.4534,
600718.SH,20260303,3.0564,3.9627,,1139719.0777,
300530.SZ,20260303,1.3494,4.1464,,452232.061,
688115.SH,20260303,1.2274,2.9994,,298348.25,
600814.SH,20260303,3.1204,9.2866,,599824.136,
601212.SH,20260303,5.0513,13.903,,7863870.5307,
603211.SH,20260303,2.1686,7.8287,,578407.424,
300317.SZ,20260303,31.6561,41.7852,,444980.9851,
300118.SZ,20260303,12.0853,13.084,,2110165.6604,
603518.SH,20260303,2.2649,3.4091,,322904.105,
600691.SH,20260303,10.0209,20.1808,,862481.4486,
001269.SZ,20260303,3.2885,11.0947,,500847.3584,
000789.SZ,20260303,1.0061,1.9856,,452130.0043,
600435.SH,20260303,9.0552,14.6905,,2679897.9312,
002184.SZ,20260303,3.4846,3.9279,,427920.5779,
601988.SH,20260303,0.2351,4.0546,,174639127.2032,
920834.BJ,20260303,3.0526,5.7974,,174960.0073,
600236.SH,20260303,0.4379,3.3384,,7772024.5128,
688667.SH,20260303,5.6832,12.3351,,514413.0512,
920978.BJ,20260303,2.8468,3.0371,,500299.1126,
002745.SZ,20260303,6.0384,7.1616,,1230373.9448,
603871.SH,20260303,2.1612,5.3316,,2120413.4199,
300363.SZ,20260303,3.0318,4.7408,,1136881.0322,
600620.SH,20260303,1.1334,2.8802,,436726.6439,
600056.SH,20260303,1.1779,2.4936,,1576657.2544,
688093.SH,20260303,1.4964,5.3728,,1003209.6262,
600508.SH,20260303,4.3682,11.7188,,1004578.02,
603078.SH,20260303,5.5979,9.6157,,915888.464,
300455.SZ,20260303,3.5883,7.972,,1899213.9587,
603598.SH,20260303,8.0677,16.0895,,580368.9237,
002797.SZ,20260303,7.2546,9.1897,,3147597.6,
301120.SZ,20260303,23.5565,30.4652,,883286.8288,
920371.BJ,20260303,2.2591,7.8185,,227017.3173,
688256.SH,20260303,1.8016,3.722,,47779038.1869,
002476.SZ,20260303,11.2112,14.2604,,433296.0,
300578.SZ,20260303,5.9896,8.2375,,430443.6055,
002495.SZ,20260303,3.9877,4.8395,,247940.784,
688776.SH,20260303,3.3427,7.9246,,1175309.7956,
603023.SH,20260303,3.6628,7.0764,,272919.412,
002327.SZ,20260303,2.3916,3.1131,,572521.7031,
688305.SH,20260303,3.194,5.7562,,809800.3891,
001872.SZ,20260303,0.9164,10.257,,5616297.5251,
000877.SZ,20260303,0.3235,1.715,,3789892.0729,
600664.SH,20260303,1.2511,2.3423,,878959.9467,
603085.SH,20260303,2.58,4.5885,,433633.2,
002978.SZ,20260303,3.0142,7.9654,,1897399.6312,
688098.SH,20260303,1.0773,1.9013,,366294.448,
300432.SZ,20260303,2.9706,4.9475,,2800587.2764,
301221.SZ,20260303,5.8259,8.3532,,526928.2647,
002246.SZ,20260303,9.6474,18.0555,,1207327.512,
000952.SZ,20260303,2.7462,3.6844,,257635.5019,
603215.SH,20260303,1.5623,4.118,,354829.8723,
301130.SZ,20260303,3.2776,4.0217,,234303.2202,
920344.BJ,20260303,1.046,2.7708,,264936.75,
002832.SZ,20260303,5.0146,6.185,,915984.8698,
605499.SH,20260303,0.5627,1.6705,,13180096.3442,
600630.SH,20260303,2.9092,4.1609,,359432.9111,
688646.SH,20260303,2.4554,2.4682,,423731.736,
600807.SH,20260303,3.8677,4.9218,,283083.1139,
601328.SH,20260303,1.4114,1.6022,,59557190.5663,
300270.SZ,20260303,4.7761,6.5723,,320368.7776,
000798.SZ,20260303,12.9871,27.3691,,432810.8563,
301282.SZ,20260303,6.3326,10.322,,438305.9072,
603712.SH,20260303,2.8368,5.4879,,1529332.0,
688079.SH,20260303,2.1234,4.7685,,483373.8253,
601686.SH,20260303,1.1002,2.1697,,919443.5919,
002860.SZ,20260303,3.078,4.9119,,468345.6958,
000751.SZ,20260303,17.5171,22.9254,,1122863.2635,
002580.SZ,20260303,2.9739,3.87,,585491.001,
605258.SH,20260303,4.3055,10.5052,,289520.0,
000028.SZ,20260303,1.1052,3.1772,,1430372.2479,
301004.SZ,20260303,0.5471,1.8659,,842322.6369,
688268.SH,20260303,8.9037,19.4783,,833854.8238,
600742.SH,20260303,2.5767,4.5153,,803988.6262,
300642.SZ,20260303,3.0911,3.6232,,279088.1184,
688591.SH,20260303,4.9684,4.9701,,936973.8421,
600399.SH,20260303,9.3287,13.5204,,1417939.9,
600015.SH,20260303,0.651,1.9649,,10806236.4298,
920274.BJ,20260303,1.703,5.5385,,201462.6683,
688289.SH,20260303,1.108,2.11,,1047533.5148,
300823.SZ,20260303,4.2203,5.6527,,222539.6532,
600586.SH,20260303,5.2103,7.6949,,874497.3609,
301592.SZ,20260303,6.9346,6.9346,,859600.0,
300545.SZ,20260303,6.4384,7.4938,,605716.854,
920593.BJ,20260303,2.3422,4.5393,,571864.698,
603980.SH,20260303,10.4953,16.1974,,492734.6861,
002342.SZ,20260303,17.6146,24.3551,,1328640.0,
000830.SZ,20260303,3.2427,6.3495,,3793403.4699,
003030.SZ,20260303,3.812,5.7669,,255799.0,
000156.SZ,20260303,2.0037,3.8219,,1443434.3723,
688657.SH,20260303,5.7584,6.7136,,305624.1535,
300098.SZ,20260303,4.5745,4.8212,,990535.8968,
002181.SZ,20260303,3.6191,11.0957,,1132031.7197,
000927.SZ,20260303,1.5068,4.8086,,1754602.5559,
603657.SH,20260303,1.3718,4.2124,,370015.1669,
920662.BJ,20260303,14.704,14.704,,249342.4057,
600575.SH,20260303,2.0321,5.533,,2666046.6872,
000509.SZ,20260303,2.1519,3.6195,,351986.0011,
603081.SH,20260303,1.7464,2.992,,528968.9345,
601698.SH,20260303,2.6628,12.1045,,15216236.254,
002847.SZ,20260303,1.5232,3.7668,,1704435.4938,
920504.BJ,20260303,2.9949,3.6967,,109546.0768,
301536.SZ,20260303,8.2744,8.8638,,3218108.9354,
300977.SZ,20260303,3.4001,8.3054,,287860.7408,
300185.SZ,20260303,4.2751,5.2087,,1196424.6374,
002746.SZ,20260303,2.6846,4.1391,,549023.7078,
301003.SZ,20260303,4.2695,8.0916,,448270.2856,
600066.SH,20260303,0.4938,0.8464,,6555474.0393,
301068.SZ,20260303,1.0678,1.6217,,399782.2341,
300870.SZ,20260303,6.472,13.6235,,2972245.0892,
920082.BJ,20260303,34.24,34.3839,,291872.84,
600782.SH,20260303,3.4127,6.4032,,1337289.3026,
301018.SZ,20260303,8.7273,16.619,,2628067.2272,
300259.SZ,20260303,2.4936,4.4868,,539278.4989,
603676.SH,20260303,0.4904,2.066,,469539.2585,
605303.SH,20260303,2.6492,6.2894,,273136.1692,
301413.SZ,20260303,5.2256,5.2256,,1291526.0531,
688539.SH,20260303,4.5369,5.7276,,765990.4,
688479.SH,20260303,10.3869,13.203,,437281.722,
000552.SZ,20260303,5.3082,9.3504,,1428933.4398,
688719.SH,20260303,3.3249,3.5534,,498118.8495,
002709.SZ,20260303,3.4474,4.0707,,8261667.6264,
920857.BJ,20260303,1.2605,4.2061,,189532.3163,
000068.SZ,20260303,1.651,2.8988,,344281.6407,
301135.SZ,20260303,3.0856,4.2577,,288116.352,
603026.SH,20260303,4.6951,6.9042,,1490217.2937,
002079.SZ,20260303,6.3106,8.2098,,843844.6103,
688335.SH,20260303,2.8516,5.3458,,538845.9149,
002558.SZ,20260303,2.461,4.0523,,6965102.1996,
603205.SH,20260303,2.5795,2.5795,,419640.0,
001335.SZ,20260303,9.596,9.596,,419672.0101,
301252.SZ,20260303,8.8951,8.8951,,642210.5448,
300180.SZ,20260303,2.9432,4.1123,,1157016.5218,
605339.SH,20260303,0.3617,2.2593,,744630.0311,
601000.SH,20260303,0.7713,1.7168,,2518519.661,
002262.SZ,20260303,0.6824,1.1554,,2346467.0067,
600138.SH,20260303,2.4656,3.21,,686200.32,
300324.SZ,20260303,4.7462,5.2001,,901802.2906,
920592.BJ,20260303,3.1995,5.0447,,287468.61,
603843.SH,20260303,3.0772,4.3215,,426770.1746,
300850.SZ,20260303,9.3697,10.0781,,1945789.3387,
300082.SZ,20260303,2.3153,4.9301,,661055.4504,
002708.SZ,20260303,3.7308,5.3133,,703184.5567,
600733.SH,20260303,3.045,4.6481,,4934544.3206,
600119.SH,20260303,2.068,3.818,,227928.7109,
301321.SZ,20260303,3.909,6.1587,,376971.57,
688002.SH,20260303,2.9011,3.7635,,5082354.8113,
000860.SZ,20260303,1.5069,2.4446,,1049600.2894,
300257.SZ,20260303,1.9289,4.7705,,2372800.423,
301628.SZ,20260303,15.0847,17.654,,818656.5638,
600517.SH,20260303,1.1743,5.7561,,4060089.3782,
000572.SZ,20260303,3.7893,5.7855,,1049278.0398,
001256.SZ,20260303,1.4765,11.6467,,308470.963,
300493.SZ,20260303,6.8415,8.9855,,911774.9426,
002127.SZ,20260303,2.4663,2.8433,,736461.1209,
603333.SH,20260303,3.4268,6.383,,527055.3929,
600821.SH,20260303,13.9,18.3702,,1428043.3689,
600653.SH,20260303,2.4818,3.3769,,363973.1193,
002344.SZ,20260303,1.3543,2.8812,,592569.0355,
301162.SZ,20260303,4.6485,5.3176,,873726.7412,
920077.BJ,20260303,3.2202,4.2886,,979665.5889,
002431.SZ,20260303,2.2735,3.7757,,450601.1913,
301246.SZ,20260303,7.1109,7.4161,,798413.5728,
603699.SH,20260303,1.2515,3.4193,,4571067.9725,
002293.SZ,20260303,1.0286,1.9597,,848851.6457,
600098.SH,20260303,1.9179,7.2291,,2688998.4404,
688693.SH,20260303,5.1121,6.508,,286115.7913,
300654.SZ,20260303,6.3602,11.9123,,417382.3313,
300288.SZ,20260303,3.0303,3.4626,,446420.592,
002437.SZ,20260303,2.9411,3.1595,,727641.1691,
002783.SZ,20260303,4.0366,5.0948,,497859.5741,
002732.SZ,20260303,1.6334,3.89,,270327.3,
002752.SZ,20260303,1.6034,4.4323,,607643.2871,
603997.SH,20260303,0.9997,1.7251,,1748091.9231,
301526.SZ,20260303,13.8846,18.1727,,4830494.7795,
000998.SZ,20260303,6.6709,8.0745,,1515000.9509,
300135.SZ,20260303,23.0062,34.7045,,475545.6,
600410.SH,20260303,35.837,35.837,,3053737.6922,
600654.SH,20260303,2.9693,4.5954,,992757.1067,
601566.SH,20260303,1.509,5.2821,,632100.865,
688023.SH,20260303,5.4797,7.3348,,543529.1179,
603496.SH,20260303,9.4823,12.8312,,958066.0551,
300177.SZ,20260303,3.6584,3.9581,,695798.0767,
603966.SH,20260303,12.4386,19.4201,,506312.1522,
002739.SZ,20260303,3.596,5.1383,,2166684.9544,
300572.SZ,20260303,3.6246,3.9406,,615063.949,
002125.SZ,20260303,4.1761,7.2284,,917162.3303,
003017.SZ,20260303,7.4245,8.9689,,285348.0,
600748.SH,20260303,1.0923,2.6136,,911214.0686,
000965.SZ,20260303,3.305,6.8073,,436163.5417,
603275.SH,20260303,5.76,5.76,,641057.906,
300838.SZ,20260303,3.469,5.3715,,220764.8,
600323.SH,20260303,1.0857,2.0038,,2326185.4075,
002088.SZ,20260303,1.226,3.4545,,575210.4189,
600103.SH,20260303,3.7549,5.168,,824624.2429,
688712.SH,20260303,13.1378,13.1378,,1590855.0,
600559.SH,20260303,2.0129,2.6942,,1389501.3674,
300420.SZ,20260303,4.2199,4.9647,,438738.7395,
300639.SZ,20260303,3.3366,5.5839,,405355.9226,
688382.SH,20260303,2.5448,3.4981,,1152648.5426,
301258.SZ,20260303,1.2394,3.2597,,301594.3,
688100.SH,20260303,1.0334,3.5998,,2020826.0693,
600596.SH,20260303,2.8106,4.0217,,1759874.5519,
300961.SZ,20260303,3.5174,4.4799,,243937.28,
603296.SH,20260303,1.6456,1.887,,8781006.1139,
600519.SH,20260303,0.3665,0.8449,,178597525.7931,
300296.SZ,20260303,12.2978,13.1276,,2115342.2332,
601567.SH,20260303,1.3605,2.8609,,3541127.688,
605336.SH,20260303,1.7893,5.5993,,246689.7453,
002397.SZ,20260303,3.9765,6.0447,,311824.8617,
688496.SH,20260303,2.752,5.8677,,273150.0,
300083.SZ,20260303,4.1073,4.3429,,1373511.6359,
300854.SZ,20260303,6.8711,10.9467,,228957.3,
600560.SH,20260303,1.9549,3.5626,,351347.0805,
301180.SZ,20260303,7.6268,17.4619,,720818.02,
000903.SZ,20260303,2.1913,3.313,,508864.0798,
301235.SZ,20260303,11.5643,15.8341,,520562.0503,
002547.SZ,20260303,4.3299,5.9129,,390307.7801,
601965.SH,20260303,1.4707,3.9305,,1892764.5718,
603729.SH,20260303,4.8564,6.9206,,162408.12,
000995.SZ,20260303,18.9362,27.9948,,274095.36,
002357.SZ,20260303,5.9046,8.4232,,457067.0145,
603701.SH,20260303,1.6861,3.3167,,502076.2118,
300864.SZ,20260303,1.9316,6.8154,,344561.1103,
600403.SH,20260303,6.6761,43.0631,,1883960.1728,
601966.SH,20260303,1.4289,3.1425,,2168910.9762,
603444.SH,20260303,2.7448,4.6481,,2789647.554,
000035.SZ,20260303,14.7563,24.4963,,1759980.1508,
603612.SH,20260303,4.9175,6.6276,,1653706.8039,
603779.SH,20260303,2.4729,3.7061,,215853.7901,
300576.SZ,20260303,7.314,8.5882,,1379740.2762,
600697.SH,20260303,3.4441,4.6001,,204269.0883,
300179.SZ,20260303,16.6762,21.4062,,1200709.555,
301207.SZ,20260303,1.2122,5.1403,,1144957.3875,
002629.SZ,20260303,30.251,37.4519,,345565.478,
688557.SH,20260303,4.9482,9.1249,,355682.273,
002545.SZ,20260303,3.0123,6.6811,,3669983.1449,
688629.SH,20260303,17.3804,17.3804,,5390850.1657,
002992.SZ,20260303,1.8237,3.3282,,965476.7736,
000422.SZ,20260303,9.8579,14.8547,,1907699.4662,
300466.SZ,20260303,2.8543,4.6906,,488938.806,
600173.SH,20260303,2.6066,6.5079,,537288.2891,
688484.SH,20260303,4.3454,4.3454,,1642226.5728,
300892.SZ,20260303,3.5361,5.9101,,292200.0,
603321.SH,20260303,1.9466,4.3649,,263062.6596,
600303.SH,20260303,2.9563,3.5174,,222171.3686,
301525.SZ,20260303,6.2148,6.97,,805705.434,
000410.SZ,20260303,2.8018,4.0052,,1928525.1506,
300234.SZ,20260303,4.8429,5.7109,,293851.9166,
603400.SH,20260303,14.087,14.087,,691900.0,
300599.SZ,20260303,9.5663,10.932,,370308.0403,
000554.SZ,20260303,6.0987,6.0987,,521660.75,
002038.SZ,20260303,2.5252,3.3928,,629765.55,
000158.SZ,20260303,3.3895,5.1516,,3257980.8774,
002122.SZ,20260303,2.554,3.8313,,590442.6696,
300223.SZ,20260303,6.7048,8.3177,,5712317.0789,
301183.SZ,20260303,11.1172,13.9976,,1305484.7341,
600177.SH,20260303,0.721,1.6929,,3338125.0532,
002160.SZ,20260303,6.1544,10.4491,,596947.5145,
301439.SZ,20260303,4.7836,7.6824,,646687.2066,
002817.SZ,20260303,3.3194,5.5443,,242867.714,
603876.SH,20260303,4.561,8.3433,,1719144.3441,
600458.SH,20260303,1.8902,3.4161,,1309570.2026,
002584.SZ,20260303,5.1205,5.2942,,495093.093,
002318.SZ,20260303,1.4687,2.3518,,3284270.7899,
000823.SZ,20260303,5.7658,8.295,,802817.247,
920429.BJ,20260303,1.5798,3.1017,,169569.0,
000551.SZ,20260303,4.4145,6.8658,,678626.2644,
600792.SH,20260303,11.8068,36.2063,,601578.5912,
603382.SH,20260303,3.4961,3.4961,,527260.2295,
300176.SZ,20260303,6.9856,9.3263,,286587.792,
000016.SZ,20260303,2.7401,4.0788,,842780.8928,
300339.SZ,20260303,5.188,5.4811,,3970108.0424,
600287.SH,20260303,1.7054,3.6174,,252468.1308,
688387.SH,20260303,5.0972,9.0736,,5247781.25,
600151.SH,20260303,6.3692,10.2274,,2002216.1927,
000536.SZ,20260303,2.2098,3.8089,,1211522.3677,
688269.SH,20260303,2.6284,3.5379,,566993.952,
002885.SZ,20260303,7.9864,11.5215,,786201.0411,
001388.SZ,20260303,4.1228,4.1228,,666900.0,
002289.SZ,20260303,0.5419,0.9037,,771258.2732,
600901.SH,20260303,0.5983,1.5129,,3718378.2487,
002353.SZ,20260303,5.1731,6.2204,,12590355.1784,
300435.SZ,20260303,18.0808,27.3142,,1346909.796,
300084.SZ,20260303,47.8233,51.6311,,720896.8768,
002365.SZ,20260303,3.1004,3.4326,,414912.96,
300653.SZ,20260303,1.4754,2.6178,,352260.0,
002206.SZ,20260303,3.3933,3.8583,,801922.9818,
603045.SH,20260303,4.7953,6.6846,,399021.4266,
002363.SZ,20260303,2.5986,4.5019,,354361.0059,
688535.SH,20260303,8.4227,8.4227,,1147851.2315,
600640.SH,20260303,1.7605,5.7499,,1006555.3641,
002695.SZ,20260303,1.0337,2.8276,,584207.5762,
301315.SZ,20260303,7.0075,7.0075,,469744.0,
000628.SZ,20260303,8.1188,9.441,,1915346.36,
003029.SZ,20260303,4.193,6.634,,456169.2548,
300571.SZ,20260303,5.2553,6.7117,,399748.5623,
300283.SZ,20260303,6.5131,7.5844,,381182.2963,
688156.SH,20260303,3.5177,4.8654,,216233.2951,
001369.SZ,20260303,7.3193,7.3193,,1666591.0,
002105.SZ,20260303,2.7315,5.4204,,265525.4138,
601728.SH,20260303,0.2944,1.5914,,53806197.555,
002461.SZ,20260303,0.835,5.2647,,2115942.0269,
300501.SZ,20260303,3.6949,4.8575,,288565.316,
002253.SZ,20260303,2.6445,3.2594,,231717.9996,
002360.SZ,20260303,5.6517,6.0196,,220172.2879,
300949.SZ,20260303,3.4624,6.9842,,236400.0,
301046.SZ,20260303,3.9853,6.8707,,426221.0637,
603988.SH,20260303,4.7193,9.9926,,611990.4,
688578.SH,20260303,0.9449,1.8371,,4050000.0,
001391.SZ,20260303,1.6604,1.8086,,7105568.873,
300998.SZ,20260303,2.4223,3.8043,,320427.3213,
001218.SZ,20260303,2.4557,3.075,,325836.1848,
603619.SH,20260303,3.2995,4.0741,,2033826.8899,
002439.SZ,20260303,3.1489,3.4663,,1652349.8796,
603037.SH,20260303,3.2824,4.9708,,401178.0065,
300078.SZ,20260303,5.3429,6.4353,,479567.1867,
002946.SZ,20260303,0.6636,2.973,,1633565.3199,
001267.SZ,20260303,17.8007,28.0051,,2744150.5496,
300465.SZ,20260303,3.4634,4.7691,,771680.1318,
600689.SH,20260303,4.3263,6.5818,,275157.1486,
301550.SZ,20260303,4.3249,6.1856,,3466812.25,
603615.SH,20260303,1.3877,2.9664,,504678.34,
300346.SZ,20260303,8.1366,9.3427,,3534576.4019,
601857.SH,20260303,0.5666,7.9712,,240672585.8307,
603707.SH,20260303,0.8812,2.7813,,1531622.2227,
601500.SH,20260303,1.6411,2.0282,,700888.2391,
001205.SZ,20260303,16.9613,19.6343,,338030.3541,
300486.SZ,20260303,3.4584,4.816,,1074062.2549,
920050.BJ,20260303,5.8133,6.1587,,242765.7711,
688389.SH,20260303,1.3737,2.1608,,566886.6208,
600977.SH,20260303,2.85,8.7325,,2580194.0,
920663.BJ,20260303,1.9879,3.316,,212081.3859,
600192.SH,20260303,3.341,5.5247,,413917.876,
300815.SZ,20260303,2.9479,5.2471,,957816.576,
600363.SH,20260303,4.2506,5.3132,,2662496.2973,
600743.SH,20260303,1.0984,2.411,,448105.2669,
688339.SH,20260303,5.1579,6.3376,,748295.304,
002561.SZ,20260303,1.5038,2.3674,,348409.394,
002590.SZ,20260303,2.3802,4.5294,,700201.7915,
688275.SH,20260303,7.0388,8.0951,,1141372.0902,
000513.SZ,20260303,1.2942,2.2287,,3052624.8539,
603136.SH,20260303,1.8332,3.4235,,313887.237,
688117.SH,20260303,1.7345,2.6022,,568792.9245,
600938.SH,20260303,8.4709,10.8816,,206327530.2445,
300496.SZ,20260303,5.1972,5.6675,,3027266.4161,
600085.SH,20260303,0.5281,1.1105,,4166526.656,
002953.SZ,20260303,4.838,6.6043,,609558.7635,
920839.BJ,20260303,1.7752,3.5581,,432293.8639,
002138.SZ,20260303,5.1561,5.5661,,3373635.9931,
002840.SZ,20260303,1.8126,3.1375,,782914.3996,
300370.SZ,20260303,10.4324,13.0266,,469612.8675,
600088.SH,20260303,2.0053,4.6511,,605309.1408,
300380.SZ,20260303,2.95,4.8446,,507794.4354,
002409.SZ,20260303,4.9911,5.9754,,4306193.6305,
301538.SZ,20260303,4.1431,4.8059,,614499.2,
600558.SH,20260303,3.4669,5.2034,,553822.1807,
002208.SZ,20260303,5.2658,12.9567,,1181642.3761,
002254.SZ,20260303,4.647,7.2909,,1018183.9334,
601068.SH,20260303,1.1089,9.5923,,1849470.6493,
300120.SZ,20260303,3.3088,3.5714,,471003.0218,
603880.SH,20260303,2.3182,4.3943,,182674.544,
603595.SH,20260303,2.0791,4.1146,,388178.6844,
300218.SZ,20260303,3.9938,6.3177,,363887.199,
920119.BJ,20260303,8.9464,8.9464,,717265.8903,
000560.SZ,20260303,7.5128,10.1497,,756115.7732,
600197.SH,20260303,1.2774,2.2532,,621278.4034,
603580.SH,20260303,1.463,4.4842,,209991.8324,
600516.SH,20260303,3.5717,5.7911,,2508179.5393,
300436.SZ,20260303,7.1975,11.4267,,1715942.658,
603557.SH,20260303,3.1894,4.7425,,211345.105,
603861.SH,20260303,9.5317,20.9432,,1070245.3509,
920471.BJ,20260303,6.7459,11.2417,,128960.0,
601222.SH,20260303,2.2115,3.6473,,1256703.1852,
301596.SZ,20260303,3.3139,3.9388,,528813.8009,
600261.SH,20260303,1.7555,3.2909,,488629.3856,
688182.SH,20260303,2.0417,6.8952,,1209200.0,
000629.SZ,20260303,3.612,8.1079,,3772124.8251,
300433.SZ,20260303,1.5887,4.2067,,17161186.5684,
000813.SZ,20260303,2.0893,3.5187,,750763.7833,
603004.SH,20260303,6.8143,6.8143,,573726.72,
600722.SH,20260303,1.4877,3.3842,,772162.8323,
000600.SZ,20260303,4.9651,8.7912,,1667991.7978,
600322.SH,20260303,2.6577,3.4921,,247676.8,
600448.SH,20260303,3.3815,4.1559,,202801.9312,
688253.SH,20260303,1.3814,2.7291,,474102.7177,
603377.SH,20260303,1.0506,1.6616,,253795.3046,
002487.SZ,20260303,2.653,4.3969,,4418965.2392,
300263.SZ,20260303,8.6802,10.1135,,1138506.9322,
603421.SH,20260303,4.3577,9.9689,,508056.4081,
688006.SH,20260303,1.681,4.8245,,1687263.6648,
603258.SH,20260303,1.5641,2.9494,,447550.4445,
300146.SZ,20260303,1.822,2.1652,,1979262.1263,
920505.BJ,20260303,7.2187,14.5697,,302932.2991,
601801.SH,20260303,1.1787,5.3629,,1350972.5535,
920221.BJ,20260303,1.4962,2.4927,,182646.96,
300879.SZ,20260303,2.1905,4.2204,,466731.7089,
603190.SH,20260303,5.5453,5.6269,,322558.6,
688711.SH,20260303,6.7447,8.1984,,643540.2349,
920833.BJ,20260303,5.3972,9.3131,,168096.76,
601991.SH,20260303,1.7462,6.4449,,7402684.2016,
603611.SH,20260303,2.3038,3.5727,,600467.4438,
688053.SH,20260303,1.7213,3.9776,,421800.0,
601229.SH,20260303,0.4938,0.7634,,14010083.929,
603160.SH,20260303,1.5668,2.8173,,3399279.4289,
301217.SZ,20260303,4.0645,14.7131,,3869844.5594,
300419.SZ,20260303,2.5083,2.9511,,234259.1515,
301073.SZ,20260303,2.254,5.5477,,548157.4987,
603991.SH,20260303,4.2918,5.8792,,1429362.8856,
000803.SZ,20260303,7.5695,10.9913,,453706.1569,
688105.SH,20260303,0.3955,1.2116,,786321.1935,
920101.BJ,20260303,4.4251,4.4251,,350263.1756,
601868.SH,20260303,2.2472,6.0073,,10506173.2363,
600779.SH,20260303,1.498,4.0789,,1787674.2271,
301687.SZ,20260303,13.2682,13.2682,,850342.56,
601456.SH,20260303,0.8168,1.2715,,5470410.8722,
002664.SZ,20260303,3.1548,6.461,,940492.8,
603301.SH,20260303,1.4679,3.2141,,2367797.1102,
300377.SZ,20260303,8.2937,9.7623,,1492243.12,
301590.SZ,20260303,11.7571,11.7571,,771674.8988,
000517.SZ,20260303,1.1459,3.8797,,659071.9544,
002546.SZ,20260303,16.1701,27.0521,,899104.9255,
300899.SZ,20260303,2.7562,4.6513,,232554.517,
600497.SH,20260303,5.7733,9.712,,5141188.0927,
002917.SZ,20260303,3.1369,4.6451,,473102.9221,
002641.SZ,20260303,1.6607,4.0412,,535884.9278,
600127.SH,20260303,10.9814,13.9599,,455666.0848,
601011.SH,20260303,14.0735,20.4818,,764350.1511,
300129.SZ,20260303,10.7017,11.2665,,1429311.8328,
600185.SH,20260303,2.326,4.2253,,1238448.8073,
600738.SH,20260303,2.1722,4.4981,,380667.618,
603999.SH,20260303,3.0887,7.3257,,417024.0,
600751.SH,20260303,3.9223,7.7389,,1206124.5177,
920270.BJ,20260303,1.9409,5.5779,,201908.88,
002622.SZ,20260303,2.8661,3.7617,,233520.0,
000338.SZ,20260303,3.7834,3.8422,,23056136.1092,
688512.SH,20260303,4.423,4.423,,535002.706,
002735.SZ,20260303,9.2898,10.6993,,661253.3432,
603096.SH,20260303,2.1015,5.2303,,279164.6694,
688596.SH,20260303,3.5345,4.2723,,950337.6261,
301491.SZ,20260303,7.0357,7.0357,,718401.0,
300547.SZ,20260303,7.1606,8.2269,,768715.4807,
603391.SH,20260303,7.069,7.069,,642460.0,
003043.SZ,20260303,2.9758,4.2405,,689897.5781,
300062.SZ,20260303,8.7607,10.1022,,542376.0756,
600761.SH,20260303,2.5195,3.9266,,1830373.6239,
300070.SZ,20260303,1.6689,2.9758,,1467804.792,
300981.SZ,20260303,0.9867,3.2405,,528361.6295,
300407.SZ,20260303,4.5095,5.7569,,413492.317,
301307.SZ,20260303,4.9517,5.5626,,702772.2,
601727.SH,20260303,1.8832,4.3136,,13209103.3906,
600897.SH,20260303,1.3049,4.0775,,704618.46,
002131.SZ,20260303,16.1232,16.95,,5559630.3152,
002008.SZ,20260303,7.5721,9.3977,,7253556.0094,
002717.SZ,20260303,5.7186,6.1053,,305799.2377,
601211.SH,20260303,0.7563,0.9353,,33230525.1877,
300258.SZ,20260303,4.7792,7.5568,,831937.1795,
001255.SZ,20260303,4.2367,10.9846,,335246.164,
300978.SZ,20260303,4.4372,5.4671,,503861.6649,
688786.SH,20260303,6.4622,10.489,,488776.2102,
600711.SH,20260303,5.0126,6.1093,,4740998.1192,
603719.SH,20260303,1.0769,2.4688,,427466.0,
300730.SZ,20260303,3.8491,4.9661,,299735.7111,
000100.SZ,20260303,2.6044,2.6875,,9880409.6623,
300272.SZ,20260303,3.5345,4.3573,,444538.3061,
600239.SH,20260303,1.8471,3.1351,,364490.9283,
000759.SZ,20260303,6.8414,10.7468,,438550.8966,
000539.SZ,20260303,1.4605,4.5722,,2635642.561,
002818.SZ,20260303,1.0553,2.1209,,853243.1916,
601218.SH,20260303,4.785,6.6481,,530061.3311,
300926.SZ,20260303,1.9661,4.2239,,1256921.7761,
300046.SZ,20260303,3.8795,5.2655,,771565.3322,
600053.SH,20260303,1.4542,5.4933,,751326.2064,
300224.SZ,20260303,4.7905,7.9966,,1603596.8185,
002514.SZ,20260303,3.0378,3.8276,,345616.4467,
600880.SH,20260303,3.565,5.5358,,565252.6916,
300140.SZ,20260303,4.0928,5.1899,,2265417.9887,
301503.SZ,20260303,3.0979,3.928,,294400.0,
300100.SZ,20260303,2.1205,4.0175,,1888687.6679,
920180.BJ,20260303,20.6986,20.6986,,230458.0627,
688196.SH,20260303,2.6583,10.6332,,1084937.4814,
300483.SZ,20260303,32.5112,40.78,,878110.7825,
603370.SH,20260303,3.6327,3.6327,,803020.5,
600367.SH,20260303,32.4411,48.1553,,883870.1671,
301487.SZ,20260303,6.0667,6.6248,,1064012.054,
600251.SH,20260303,2.5692,4.6331,,842261.044,
002943.SZ,20260303,9.8353,10.8845,,1253681.3696,
688343.SH,20260303,10.1674,11.1901,,3556117.8248,
688314.SH,20260303,2.2084,5.9914,,308465.1361,
002991.SZ,20260303,3.2237,4.5336,,510729.538,
300428.SZ,20260303,5.131,12.2701,,1658421.7767,
600935.SH,20260303,1.2834,3.5692,,1013716.1318,
002591.SZ,20260303,5.6939,6.6301,,216143.6285,
600820.SH,20260303,1.1358,1.8892,,2049950.6533,
301169.SZ,20260303,2.2357,5.7647,,385849.1108,
000690.SZ,20260303,4.8682,5.9792,,1005260.1922,
000733.SZ,20260303,5.6437,8.1807,,2911052.021,
600551.SH,20260303,1.3711,3.6169,,556683.3512,
002020.SZ,20260303,1.5484,2.0595,,1340622.371,
300757.SZ,20260303,8.0141,11.9941,,7292628.9096,
603011.SH,20260303,13.575,20.892,,1310692.6725,
300484.SZ,20260303,3.2862,3.5682,,372895.02,
605198.SH,20260303,0.8356,4.8353,,1350787.896,
301555.SZ,20260303,8.9103,10.9132,,322472.1165,
688619.SH,20260303,3.2708,6.9465,,270554.1033,
300182.SZ,20260303,11.8236,12.6948,,1694193.102,
603956.SH,20260303,3.4964,6.2254,,342513.6779,
688287.SH,20260303,2.5754,5.2238,,167102.5356,
001222.SZ,20260303,1.4277,2.0044,,395524.08,
300338.SZ,20260303,2.4142,2.6788,,153400.0077,
002222.SZ,20260303,4.7671,5.8613,,3200521.5,
002240.SZ,20260303,5.3861,7.171,,3605342.5618,
603055.SH,20260303,1.3046,4.394,,855571.7537,
600285.SH,20260303,1.6489,2.1012,,1234610.413,
002062.SZ,20260303,2.7289,4.3031,,1107357.4457,
600854.SH,20260303,2.3848,3.5175,,268040.6056,
688308.SH,20260303,7.6013,13.2098,,1228176.5114,
000626.SZ,20260303,2.0961,5.1316,,368824.357,
603042.SH,20260303,22.313,28.9707,,317325.5238,
688377.SH,20260303,4.512,7.0369,,957177.639,
002017.SZ,20260303,4.1012,7.3549,,1243285.1491,
000525.SZ,20260303,5.6541,7.1879,,809261.454,
300351.SZ,20260303,8.0325,10.9582,,734641.4902,
001331.SZ,20260303,7.5613,30.7287,,1595220.48,
688327.SH,20260303,6.6777,6.6777,,1521473.5818,
300139.SZ,20260303,40.5487,42.9734,,2245704.0,
600171.SH,20260303,2.4633,3.2904,,2074309.5846,
601579.SH,20260303,2.4693,5.9703,,834266.3317,
600476.SH,20260303,3.4887,5.7509,,204719.97,
300492.SZ,20260303,0.8603,2.476,,1364966.5425,
600352.SH,20260303,3.7611,5.019,,5172797.6574,
688230.SH,20260303,1.3517,5.4067,,748524.0,
600706.SH,20260303,3.0828,4.6042,,257100.2633,
300260.SZ,20260303,5.1641,8.257,,2191145.6785,
301517.SZ,20260303,8.7326,14.2298,,895779.0017,
301193.SZ,20260303,4.8451,11.005,,501023.2737,
300101.SZ,20260303,6.5256,9.2303,,1396480.1163,
000669.SZ,20260303,15.1317,19.0835,,285091.2859,
002129.SZ,20260303,5.0127,7.154,,3986512.1522,
300645.SZ,20260303,5.2804,7.5016,,256217.9654,
600572.SH,20260303,2.3309,3.5014,,1121125.1063,
300386.SZ,20260303,2.4938,3.0714,,657583.212,
600233.SH,20260303,0.662,1.3797,,6478933.8522,
603319.SH,20260303,2.8947,3.7841,,1203642.2072,
603110.SH,20260303,8.8205,10.8685,,341481.7642,
600667.SH,20260303,8.6597,13.0255,,2045528.2501,
920278.BJ,20260303,3.1858,3.5376,,158271.5,
688416.SH,20260303,7.2282,11.1204,,692018.4292,
002218.SZ,20260303,11.0464,17.8962,,869007.6376,
603178.SH,20260303,1.3442,3.4447,,388897.5442,
920493.BJ,20260303,6.6588,9.0845,,915345.1787,
600731.SH,20260303,2.3627,3.1187,,422968.0089,
603600.SH,20260303,1.1475,2.3769,,364467.7865,
301273.SZ,20260303,3.1625,5.8102,,221014.9283,
002771.SZ,20260303,4.0048,4.0897,,320519.5448,
920427.BJ,20260303,4.6743,7.8987,,140724.675,
600594.SH,20260303,2.0629,2.6938,,307267.8312,
603993.SH,20260303,1.9684,4.8402,,50233840.2932,
301037.SZ,20260303,4.1794,7.182,,217028.4618,
600060.SH,20260303,1.3264,2.5424,,2910088.1264,
603156.SH,20260303,0.517,1.2778,,3775791.5877,
601598.SH,20260303,0.8964,4.4816,,4440552.0095,
300275.SZ,20260303,3.275,3.4229,,361597.9498,
920608.BJ,20260303,2.2053,2.9039,,119500.8,
301630.SZ,20260303,20.2278,20.2278,,809640.0,
301500.SZ,20260303,39.5382,39.5382,,1444778.5997,
300598.SZ,20260303,3.0704,4.1815,,885936.4485,
600577.SH,20260303,4.6369,5.4792,,3000375.4184,
688798.SH,20260303,3.3504,4.1742,,1678992.4365,
920260.BJ,20260303,24.8928,57.9116,,159467.0,
601003.SH,20260303,1.4603,8.5956,,1435164.192,
601001.SH,20260303,3.8054,8.9446,,2845290.0,
002916.SZ,20260303,1.4995,4.183,,18456208.8915,
600576.SH,20260303,2.3225,3.4578,,654874.5812,
600775.SH,20260303,5.9111,9.045,,1238251.2068,
300092.SZ,20260303,7.8606,10.2708,,432524.8449,
600710.SH,20260303,2.8688,7.2558,,1710535.0091,
688519.SH,20260303,2.6887,6.6506,,2595862.9691,
300818.SZ,20260303,3.2989,4.0188,,710363.8902,
600798.SH,20260303,12.402,22.5021,,559831.8693,
300464.SZ,20260303,4.5824,6.6826,,317269.0265,
601528.SH,20260303,1.5948,1.6585,,1069377.9603,
601588.SH,20260303,1.3367,2.6301,,616164.66,
301201.SZ,20260303,3.2039,4.3977,,645311.3599,
603967.SH,20260303,3.6356,10.7038,,466613.3917,
000159.SZ,20260303,26.3256,34.1111,,375415.7605,
001396.SZ,20260303,16.9382,16.9382,,532694.7389,
688030.SH,20260303,1.9252,3.3883,,292883.188,
002418.SZ,20260303,4.8834,6.3118,,542062.8,
603660.SH,20260303,3.0218,3.9099,,568876.6134,
301189.SZ,20260303,1.721,4.7152,,484325.6909,
600778.SH,20260303,3.7769,6.1387,,211502.628,
688665.SH,20260303,1.245,4.0036,,498744.5714,
300881.SZ,20260303,7.5239,14.284,,561000.0,
002120.SZ,20260303,1.3109,2.9672,,1991751.1358,
688680.SH,20260303,6.6346,10.704,,452132.5575,
600817.SH,20260303,1.3141,4.4935,,630899.0413,
920810.BJ,20260303,2.2789,3.8785,,122752.0,
002542.SZ,20260303,1.5074,2.5801,,585181.8231,
300608.SZ,20260303,3.7991,5.8133,,386225.4599,
300889.SZ,20260303,7.0848,8.8788,,585583.8057,
603108.SH,20260303,3.9234,5.5428,,886204.8193,
002850.SZ,20260303,2.7981,3.2118,,4451606.4522,
002777.SZ,20260303,3.2071,5.2286,,740122.8719,
600211.SH,20260303,1.0835,2.3957,,1349872.7928,
688345.SH,20260303,1.8097,6.37,,371218.665,
000548.SZ,20260303,2.0682,3.0556,,279560.8542,
301211.SZ,20260303,1.3976,4.5637,,497779.2,
920368.BJ,20260303,8.1825,13.5374,,1111215.8225,
002339.SZ,20260303,9.5456,11.4872,,528792.7954,
300522.SZ,20260303,2.4826,4.0933,,381137.6813,
301096.SZ,20260303,3.8156,4.5334,,479402.9385,
920961.BJ,20260303,5.306,6.6444,,357244.1105,
688353.SH,20260303,3.182,7.1101,,1664063.5,
002989.SZ,20260303,2.744,5.6354,,599983.4498,
301153.SZ,20260303,2.061,4.8713,,740280.5168,
002880.SZ,20260303,1.7353,6.3102,,668379.6,
603031.SH,20260303,4.9259,7.0017,,1436857.5714,
002792.SZ,20260303,13.7703,16.5056,,2331594.1695,
603040.SH,20260303,1.5859,3.441,,1288416.57,
300617.SZ,20260303,8.7077,13.6271,,894987.0933,
600863.SH,20260303,1.319,2.8202,,4027287.4338,
301159.SZ,20260303,6.5827,9.9385,,334925.5,
688659.SH,20260303,2.3511,4.2763,,166880.0,
301021.SZ,20260303,8.2114,13.8731,,887004.7288,
300102.SZ,20260303,9.6968,15.141,,2946909.0293,
300088.SZ,20260303,3.9261,4.4075,,1586060.8227,
002261.SZ,20260303,21.4549,23.9107,,4725627.859,
000719.SZ,20260303,1.8509,4.0692,,1319932.8362,
300568.SZ,20260303,4.2894,4.4451,,1840932.1542,
603068.SH,20260303,3.4661,5.7132,,518050.1197,
000882.SZ,20260303,2.623,3.6535,,509147.4621,
001238.SZ,20260303,0.4421,1.4209,,574823.34,
600493.SH,20260303,3.8268,5.7133,,209984.0,
920489.BJ,20260303,3.1383,3.1383,,225430.5984,
301371.SZ,20260303,2.6131,2.6131,,1224844.92,
001278.SZ,20260303,16.5206,16.5206,,317004.9708,
300797.SZ,20260303,3.199,8.8984,,633415.1876,
600537.SH,20260303,19.1705,19.1705,,379972.5208,
301631.SZ,20260303,4.2771,4.2771,,873374.8973,
301333.SZ,20260303,1.6306,4.1755,,649702.1091,
605050.SH,20260303,2.1074,5.7921,,657434.1275,
300166.SZ,20260303,10.3433,11.0468,,1372188.6263,
600571.SH,20260303,2.7115,3.386,,679892.0945,
002091.SZ,20260303,1.7337,3.0654,,1461687.7916,
920914.BJ,20260303,1.6993,2.9299,,266623.846,
300321.SZ,20260303,1.625,3.405,,344100.0,
002861.SZ,20260303,5.8807,7.0444,,355802.3674,
300668.SZ,20260303,3.618,5.8447,,301314.3263,
920058.BJ,20260303,1.0932,2.1479,,173437.6043,
920634.BJ,20260303,7.6194,16.2826,,159899.7325,
688710.SH,20260303,4.2241,5.9689,,700527.7069,
301305.SZ,20260303,9.4343,9.4525,,673026.6892,
001260.SZ,20260303,1.8088,6.5515,,247480.0,
603273.SH,20260303,3.7599,3.7599,,388335.8808,
688158.SH,20260303,12.9704,14.6651,,1597067.7835,
600241.SH,20260303,1.9422,3.7811,,246036.5681,
601766.SH,20260303,0.9662,2.4133,,17994187.7832,
688420.SH,20260303,2.6938,2.6938,,226380.8,
300960.SZ,20260303,1.8628,6.5992,,363855.1035,
688048.SH,20260303,11.3586,17.8325,,2943698.7682,
601169.SH,20260303,0.8218,1.1876,,11438354.4912,
001358.SZ,20260303,4.1291,4.4883,,350996.8,
001896.SZ,20260303,17.3859,45.5728,,2026237.6062,
603787.SH,20260303,1.7644,5.0066,,302869.2276,
300323.SZ,20260303,4.2339,4.9633,,1317875.0232,
688499.SH,20260303,4.1912,6.4853,,895948.3881,
601963.SH,20260303,2.1267,5.8024,,3596201.5856,
301459.SZ,20260303,5.2295,5.2295,,408678.1435,
002454.SZ,20260303,2.0327,3.6256,,553151.808,
603949.SH,20260303,2.1245,7.0645,,374689.8633,
300513.SZ,20260303,3.5766,3.6074,,285458.9511,
600258.SH,20260303,1.5201,2.741,,1904924.933,
300848.SZ,20260303,6.035,10.9899,,690610.63,
300972.SZ,20260303,0.874,1.7024,,3784548.3288,
600446.SH,20260303,2.4285,3.2216,,1330952.2153,
605389.SH,20260303,1.2145,4.8755,,1007889.0547,
600477.SH,20260303,5.0077,8.2071,,825638.9526,
000928.SZ,20260303,4.002,7.7941,,1014293.747,
002969.SZ,20260303,8.2834,16.782,,2284871.0768,
688337.SH,20260303,2.2608,6.2253,,842965.9651,
688091.SH,20260303,1.9546,3.6492,,960551.8151,
002662.SZ,20260303,2.6537,4.5774,,586500.0,
600482.SH,20260303,1.8721,3.7488,,7312934.7096,
603713.SH,20260303,1.458,2.7528,,1075264.892,
301210.SZ,20260303,7.3809,7.3809,,452726.6193,
300798.SZ,20260303,11.9965,15.3552,,394307.3443,
688538.SH,20260303,1.7515,2.2806,,3424740.531,
002888.SZ,20260303,4.8057,7.1041,,297649.1186,
301173.SZ,20260303,3.3074,3.3074,,390864.7354,
000791.SZ,20260303,5.4588,13.7457,,2582096.4346,
002625.SZ,20260303,1.7584,2.4426,,9814147.7114,
600373.SH,20260303,1.1961,2.7231,,1242264.7389,
300507.SZ,20260303,3.4279,5.3146,,722984.157,
605338.SH,20260303,0.9431,2.6835,,654256.5539,
603489.SH,20260303,4.2488,15.8425,,746085.1732,
301303.SZ,20260303,5.3954,5.4036,,649174.4,
002158.SZ,20260303,1.7483,4.537,,1371567.4165,
688356.SH,20260303,1.9153,3.471,,589524.804,
002637.SZ,20260303,4.0055,6.3498,,641156.563,
601005.SH,20260303,2.6547,4.1663,,1380875.1477,
920171.BJ,20260303,3.0764,5.1449,,208886.0617,
688443.SH,20260303,3.2421,3.2421,,942000.92,
301390.SZ,20260303,5.3902,6.0889,,231840.0,
300029.SZ,20260303,2.8185,3.2313,,100253.25,
002910.SZ,20260303,4.4667,7.9479,,224283.631,
603357.SH,20260303,1.1735,2.2454,,460234.4633,
688233.SH,20260303,4.8442,8.3942,,1353930.6012,
600563.SH,20260303,2.771,4.8264,,2586375.0,
688016.SH,20260303,4.1855,7.0129,,1348241.0357,
300832.SZ,20260303,1.1013,2.172,,4105380.6516,
600400.SH,20260303,1.5916,4.27,,510975.923,
688213.SH,20260303,3.1829,3.472,,3702831.5571,
301393.SZ,20260303,2.5365,2.5365,,514728.0,
600111.SH,20260303,6.0893,9.8261,,20106996.2132,
688410.SH,20260303,1.7998,3.3763,,507206.1871,
300621.SZ,20260303,2.6308,4.3231,,178096.5352,
300919.SZ,20260303,2.0351,4.5688,,5521860.9397,
301125.SZ,20260303,3.538,6.0954,,321790.4784,
600776.SH,20260303,5.381,12.5352,,2101288.1071,
600231.SH,20260303,1.6073,5.3855,,672511.3013,
301102.SZ,20260303,2.5974,10.3895,,462434.0,
600155.SH,20260303,1.7173,1.9188,,1494141.172,
600110.SH,20260303,7.845,11.1854,,1384674.3837,
300266.SZ,20260303,2.3494,3.9808,,399328.4797,
000705.SZ,20260303,3.0504,3.4303,,299040.341,
603439.SH,20260303,0.7631,1.5176,,473132.2599,
300204.SZ,20260303,2.9425,4.6238,,1172931.6225,
300328.SZ,20260303,7.7518,10.6422,,1231025.2788,
688151.SH,20260303,2.2741,7.6691,,782704.0,
603768.SH,20260303,1.2393,2.8335,,271269.677,
002155.SZ,20260303,17.3896,26.7794,,6356865.5535,
300027.SZ,20260303,5.7679,5.818,,463342.4885,
688215.SH,20260303,1.6086,3.8558,,429909.0536,
600800.SH,20260303,11.1748,18.001,,533931.7489,
600716.SH,20260303,2.0595,4.3015,,428715.7502,
002701.SZ,20260303,1.7759,2.6726,,1392509.6951,
300979.SZ,20260303,0.2055,1.3245,,5511741.0,
600489.SH,20260303,3.3382,6.1631,,16316054.0904,
920014.BJ,20260303,31.9827,49.2423,,217026.8593,
003027.SZ,20260303,3.0247,4.3188,,283407.8976,
600377.SH,20260303,0.3559,2.8759,,6146051.95,
603163.SH,20260303,4.0265,14.9794,,1274400.0,
000739.SZ,20260303,0.7869,1.6097,,2024959.3708,
002388.SZ,20260303,5.4287,6.1043,,261477.1712,
688788.SH,20260303,4.4585,10.2151,,916146.5427,
002256.SZ,20260303,4.4021,5.8624,,715826.1753,
002896.SZ,20260303,3.0326,5.7489,,1528356.8046,
000767.SZ,20260303,6.6035,12.707,,1083083.6611,
600123.SH,20260303,9.1049,16.6984,,1028321.5347,
000631.SZ,20260303,0.7658,2.4345,,874276.8657,
300602.SZ,20260303,11.6008,15.4605,,2154058.4216,
002097.SZ,20260303,3.1962,4.7159,,1173482.0523,
603669.SH,20260303,1.3818,3.1756,,315184.5614,
300826.SZ,20260303,3.1439,5.4677,,297123.9661,
688598.SH,20260303,2.9971,3.4068,,546124.8682,
688266.SH,20260303,1.8173,2.7747,,2026605.872,
603195.SH,20260303,0.2569,1.5224,,7774011.0134,
603200.SH,20260303,2.4388,4.9807,,1268370.1845,
920237.BJ,20260303,1.4586,4.0264,,193174.3008,
601366.SH,20260303,1.9207,3.1954,,421743.4658,
600588.SH,20260303,2.1289,4.0698,,4493351.5928,
002855.SZ,20260303,9.9533,27.3442,,327738.1771,
002865.SZ,20260303,9.8438,15.5514,,2584130.7637,
002012.SZ,20260303,4.5843,5.8736,,329675.9564,
000785.SZ,20260303,1.0486,3.2232,,1762254.8144,
001328.SZ,20260303,4.0257,4.0257,,610528.2948,
603823.SH,20260303,2.4445,7.5857,,708657.8322,
002371.SZ,20260303,1.0899,2.0335,,32339131.9955,
601669.SH,20260303,2.227,3.5992,,9629423.0677,
920212.BJ,20260303,1.7693,3.1014,,139945.9,
301310.SZ,20260303,3.2299,3.7643,,508801.8434,
002225.SZ,20260303,4.9645,5.869,,724524.4669,
002644.SZ,20260303,1.834,4.8813,,440186.334,
301296.SZ,20260303,1.7135,2.887,,352122.9802,
002998.SZ,20260303,6.8043,10.3929,,293997.1214,
603227.SH,20260303,3.1521,5.4191,,963451.7274,
603368.SH,20260303,1.764,2.3657,,697900.3507,
688368.SH,20260303,2.3487,6.7998,,1117053.0712,
301200.SZ,20260303,1.0663,7.2141,,6859073.2793,
002372.SZ,20260303,0.8133,1.9905,,1905669.4716,
300002.SZ,20260303,3.7305,3.79,,2026189.082,
002063.SZ,20260303,4.9794,6.5269,,1178510.445,
920100.BJ,20260303,6.2292,6.2292,,435474.87,
300311.SZ,20260303,4.0584,4.5837,,353655.8288,
003009.SZ,20260303,11.3825,28.949,,1102799.0365,
002689.SZ,20260303,2.4295,4.9854,,388111.5897,
600578.SH,20260303,0.9746,4.7589,,3668652.3162,
300685.SZ,20260303,1.8522,2.3903,,775241.5651,
600621.SH,20260303,1.9807,4.4267,,1677281.7807,
688090.SH,20260303,4.0185,5.9997,,628982.129,
301636.SZ,20260303,24.7417,24.7417,,537447.7305,
300404.SZ,20260303,3.5077,3.8972,,373491.5896,
601155.SH,20260303,0.9198,2.8043,,3699221.4838,
603366.SH,20260303,2.273,5.751,,765891.3111,
300480.SZ,20260303,12.5594,14.3638,,913828.6692,
603616.SH,20260303,6.4509,10.0186,,319706.806,
688789.SH,20260303,1.3698,2.5922,,1538125.361,
301259.SZ,20260303,3.5818,4.1625,,528996.0,
300452.SZ,20260303,4.173,5.0682,,349570.9051,
000571.SZ,20260303,3.8643,5.4495,,622633.718,
600581.SH,20260303,4.0436,8.0909,,436875.893,
000721.SZ,20260303,2.2186,3.4321,,476348.8756,
002165.SZ,20260303,18.7106,23.3647,,818355.3286,
300842.SZ,20260303,11.787,13.1702,,1539238.8771,
002263.SZ,20260303,2.8998,4.0223,,638642.434,
603885.SH,20260303,1.2249,2.9165,,2795526.743,
603511.SH,20260303,0.6875,4.9063,,600419.2094,
300676.SZ,20260303,2.2824,3.6912,,1873223.8619,
000607.SZ,20260303,2.7533,5.1534,,433539.5227,
002870.SZ,20260303,3.4805,6.2083,,473887.382,
600501.SH,20260303,3.9995,7.4255,,1102502.9634,
300197.SZ,20260303,2.9178,4.4955,,527823.0582,
300401.SZ,20260303,5.1385,7.3533,,887486.3549,
002532.SZ,20260303,2.3432,3.283,,8415044.6205,
002807.SZ,20260303,2.1555,2.2875,,1127317.8974,
601688.SH,20260303,1.2011,1.6744,,18884199.0403,
300251.SZ,20260303,5.3914,10.9228,,5233521.7627,
300454.SZ,20260303,4.4565,5.3843,,4984024.0158,
688229.SH,20260303,5.6111,10.8284,,367099.2,
000056.SZ,20260303,11.8995,14.8822,,228227.9465,
920145.BJ,20260303,7.9703,12.9015,,129459.25,
600309.SH,20260303,1.5821,2.7206,,28515466.0412,
300106.SZ,20260303,3.8465,6.6112,,228027.5625,
600271.SH,20260303,1.8493,3.4907,,1752828.8675,
600095.SH,20260303,1.051,3.4077,,2947822.563,
301083.SZ,20260303,3.4202,5.1696,,327630.4006,
603075.SH,20260303,5.6876,5.6876,,924906.1891,
002033.SZ,20260303,2.6691,4.8731,,499487.0563,
688195.SH,20260303,7.2374,11.0884,,2849451.15,
002856.SZ,20260303,5.0643,7.8908,,179830.7218,
002600.SZ,20260303,2.0107,4.7314,,10376434.1316,
600754.SH,20260303,1.1513,2.4599,,2942983.7054,
002789.SZ,20260303,2.698,5.6654,,157548.4083,
688072.SH,20260303,3.0372,4.8353,,10729106.276,
300240.SZ,20260303,9.193,15.664,,301709.1154,
301329.SZ,20260303,8.9508,8.9508,,394523.6,
300405.SZ,20260303,6.6921,7.9975,,195079.6523,
002393.SZ,20260303,2.2366,4.7003,,567978.9888,
920826.BJ,20260303,5.5196,5.8275,,173677.5461,
300724.SZ,20260303,7.2259,7.921,,4028693.6334,
001288.SZ,20260303,2.6306,4.6252,,826309.2296,
603214.SH,20260303,5.89,9.109,,257407.3869,
688677.SH,20260303,1.9703,2.9849,,504682.17,
300780.SZ,20260303,13.2953,15.0833,,324874.05,
300365.SZ,20260303,3.8943,4.1307,,362312.7033,
603630.SH,20260303,1.9294,4.6804,,400638.9478,
300709.SZ,20260303,10.9778,12.476,,778916.9867,
600981.SH,20260303,1.6424,5.0392,,699639.1559,
300888.SZ,20260303,0.8267,2.7468,,1999138.2309,
600176.SH,20260303,3.3119,6.2356,,10588296.6456,
600637.SH,20260303,2.5565,4.796,,3536718.6075,
300857.SZ,20260303,2.7552,4.378,,8495534.2751,
600032.SH,20260303,0.9414,4.25,,1998285.1942,
300138.SZ,20260303,2.9191,3.2504,,666678.1283,
300868.SZ,20260303,4.1264,5.6603,,415204.24,
688078.SH,20260303,1.6762,3.1922,,194405.631,
920017.BJ,20260303,1.0461,1.8371,,226820.2528,
920627.BJ,20260303,3.8976,6.6896,,203067.5,
301395.SZ,20260303,3.7467,3.7467,,366704.1614,
002230.SZ,20260303,2.9788,3.491,,12056284.676,
300984.SZ,20260303,2.9451,4.9121,,802108.7932,
002387.SZ,20260303,2.3812,3.9739,,1183086.2484,
603918.SH,20260303,4.8257,6.432,,533787.203,
001229.SZ,20260303,3.1652,5.6703,,361756.2465,
002540.SZ,20260303,2.5126,3.5702,,928346.5945,
600186.SH,20260303,7.9087,9.8246,,1020083.0807,
300737.SZ,20260303,5.3042,8.2165,,794738.7054,
600708.SH,20260303,2.4666,5.1991,,915969.7014,
003012.SZ,20260303,0.6792,1.6241,,811043.7918,
002941.SZ,20260303,2.7125,4.5603,,1159574.6123,
000063.SZ,20260303,3.579,4.6974,,17579490.7097,
600918.SH,20260303,0.7863,1.1368,,4996473.1685,
600520.SH,20260303,3.2808,4.2136,,419047.35,
600483.SH,20260303,1.2681,3.6709,,2810719.3158,
688480.SH,20260303,6.5217,14.5712,,1170224.1734,
920701.BJ,20260303,0.9221,2.52,,236807.2,
301533.SZ,20260303,5.2684,5.3526,,336405.5274,
600528.SH,20260303,1.0922,2.5037,,1866103.3339,
600903.SH,20260303,10.5225,30.9633,,885507.2442,
002314.SZ,20260303,2.2554,3.5324,,687776.7583,
301353.SZ,20260303,4.7238,4.7238,,276576.5784,
600744.SH,20260303,20.1404,44.8956,,1704113.2659,
002276.SZ,20260303,5.1213,6.8938,,1619742.8645,
688352.SH,20260303,5.1422,5.1422,,1624224.9354,
605077.SH,20260303,1.5237,2.443,,477000.5945,
002517.SZ,20260303,2.7561,3.069,,4548487.6452,
301220.SZ,20260303,2.3202,2.7139,,404621.7739,
301212.SZ,20260303,3.7778,13.1173,,315900.0,
300042.SZ,20260303,8.9583,11.927,,633264.0,
688450.SH,20260303,5.8413,8.5212,,220572.0,
601136.SH,20260303,0.589,3.3438,,4832534.1584,
002773.SZ,20260303,1.1007,2.3786,,2505071.6739,
600329.SH,20260303,0.8303,1.952,,3180489.6903,
920541.BJ,20260303,1.8282,2.7742,,187415.7,
600336.SH,20260303,1.3397,2.1836,,586540.8552,
603150.SH,20260303,3.5835,5.913,,499391.686,
920547.BJ,20260303,1.5955,2.51,,189791.784,
601199.SH,20260303,1.495,4.2409,,567672.6472,
600936.SH,20260303,1.9767,3.0107,,648358.1807,
301629.SZ,20260303,16.2208,16.2208,,1199826.0366,
003004.SZ,20260303,1.3446,2.7115,,228723.1768,
600161.SH,20260303,0.8824,1.7691,,3153907.4564,
002185.SZ,20260303,7.2016,9.267,,4615307.1192,
002142.SZ,20260303,0.4436,0.8885,,21223940.8055,
002098.SZ,20260303,1.4228,3.3615,,339026.0,
002337.SZ,20260303,3.4394,5.4756,,382011.6218,
002295.SZ,20260303,2.7337,3.9074,,283196.08,
600080.SH,20260303,3.4347,4.6038,,318399.5531,
601908.SH,20260303,4.0096,7.4212,,951353.5272,
300074.SZ,20260303,4.2184,4.9736,,246439.2448,
600179.SH,20260303,7.1101,11.889,,2238477.7719,
920123.BJ,20260303,2.4963,3.9658,,156156.0,
300937.SZ,20260303,4.8096,5.7886,,293983.7138,
603960.SH,20260303,9.1063,14.6235,,685647.5085,
002292.SZ,20260303,5.4506,6.5391,,1255416.0428,
000736.SZ,20260303,1.3166,2.752,,391479.5621,
002480.SZ,20260303,1.8483,2.6237,,460732.0333,
603088.SH,20260303,6.5238,12.2315,,620449.138,
002995.SZ,20260303,11.2212,15.1384,,412759.1205,
300776.SZ,20260303,6.9818,8.9577,,2340260.1525,
600293.SH,20260303,5.2439,7.3229,,403730.476,
301049.SZ,20260303,5.7408,9.5724,,225736.7349,
300228.SZ,20260303,36.0472,36.683,,765302.1283,
002791.SZ,20260303,4.2705,5.4918,,823490.4253,
688388.SH,20260303,7.9291,10.02,,2027301.5393,
300554.SZ,20260303,6.1618,7.0787,,271480.9185,
605133.SH,20260303,1.9387,4.2416,,808154.2364,
300091.SZ,20260303,1.7206,2.6859,,818508.9793,
601033.SH,20260303,2.7702,2.7702,,1385100.0,
301038.SZ,20260303,1.5902,5.01,,480514.32,
301239.SZ,20260303,1.0396,1.9849,,467260.2869,
300606.SZ,20260303,17.3811,25.2626,,498328.8693,
301031.SZ,20260303,3.8115,4.8708,,1386838.5804,
300907.SZ,20260303,1.8015,4.6791,,278400.0,
000868.SZ,20260303,2.0072,2.9983,,436874.3518,
300702.SZ,20260303,2.1429,3.1259,,827837.6613,
001319.SZ,20260303,5.3239,7.0186,,374003.0,
000715.SZ,20260303,2.9605,5.2353,,324801.2078,
603535.SH,20260303,1.0211,2.9928,,475664.8768,
300001.SZ,20260303,5.9902,8.8912,,3139169.1585,
000887.SZ,20260303,2.2828,3.8384,,2657992.7992,
605577.SH,20260303,0.8944,4.3509,,573777.7785,
603106.SH,20260303,2.0625,4.6485,,512712.2,
688568.SH,20260303,4.7138,10.9848,,5798774.2725,
601101.SH,20260303,4.1313,11.259,,1244158.2081,
000795.SZ,20260303,2.73,5.3741,,1165427.2579,
603567.SH,20260303,1.2621,3.0897,,720803.3305,
301188.SZ,20260303,2.2252,3.7267,,428760.282,
300579.SZ,20260303,2.1158,4.4046,,780030.0,
920121.BJ,20260303,4.6628,4.6628,,268236.823,
688584.SH,20260303,2.2064,5.0251,,1458019.2514,
300080.SZ,20260303,5.4536,12.8545,,1022865.7181,
002990.SZ,20260303,2.5822,4.1064,,672959.9947,
688593.SH,20260303,7.111,9.4772,,1661198.8244,
300326.SZ,20260303,1.7536,2.1406,,430207.6092,
002656.SZ,20260303,1.8893,2.3773,,193092.8777,
002589.SZ,20260303,3.1594,3.8601,,466460.246,
002945.SZ,20260303,1.9345,19.3447,,4911300.0,
600328.SH,20260303,2.9884,5.5013,,1381263.5801,
600970.SH,20260303,0.8266,2.0063,,2855161.4616,
002892.SZ,20260303,2.7828,3.4036,,867385.6982,
000400.SZ,20260303,4.7745,7.7234,,3151617.2384,
603359.SH,20260303,3.1668,5.871,,292638.976,
301028.SZ,20260303,2.4587,5.4037,,550343.2029,
002148.SZ,20260303,3.6151,3.8729,,443276.9527,
300220.SZ,20260303,2.4643,4.9075,,220147.2,
300655.SZ,20260303,6.6316,7.8061,,1751095.1837,
300013.SZ,20260303,9.707,10.6439,,230602.2232,
688059.SH,20260303,4.4053,6.8676,,1209739.906,
688385.SH,20260303,2.5657,4.1819,,6820345.71,
002481.SZ,20260303,1.4445,2.3856,,590940.6235,
603049.SH,20260303,4.7574,4.7574,,4553446.5088,
603866.SH,20260303,0.9151,2.4522,,841452.2755,
920837.BJ,20260303,1.1456,3.4179,,222259.233,
002678.SZ,20260303,1.7186,10.3781,,790542.428,
603233.SH,20260303,0.5678,1.4373,,2252641.4765,
300827.SZ,20260303,9.6463,12.1216,,2048625.0107,
688455.SH,20260303,3.6544,5.6523,,403273.5984,
301558.SZ,20260303,7.1741,7.1741,,650013.4078,
300912.SZ,20260303,16.3079,22.1755,,344646.0,
301511.SZ,20260303,11.6614,15.0769,,2360555.89,
688355.SH,20260303,4.6398,14.7181,,261671.268,
300948.SZ,20260303,4.0949,6.3087,,336819.2193,
920454.BJ,20260303,2.5106,4.0672,,158701.0,
605299.SH,20260303,2.5954,8.6891,,484933.4298,
300663.SZ,20260303,3.8241,4.0488,,728202.8801,
688597.SH,20260303,1.8521,2.5331,,317576.7038,
301489.SZ,20260303,15.5147,16.1388,,1631551.1289,
920022.BJ,20260303,3.1552,3.1552,,174146.727,
600035.SH,20260303,1.1932,2.592,,645656.4763,
300293.SZ,20260303,1.8821,3.0868,,648108.973,
002970.SZ,20260303,5.2676,7.7202,,1362185.8793,
600183.SH,20260303,2.7421,5.4319,,16430562.4717,
688216.SH,20260303,3.6754,8.0006,,355128.7167,
600470.SH,20260303,18.341,24.6164,,395894.4,
603248.SH,20260303,11.0154,11.0154,,1028100.0,
301368.SZ,20260303,4.2456,4.2456,,675802.7,
600847.SH,20260303,2.394,4.3658,,207857.7144,
300414.SZ,20260303,9.5762,16.7644,,517718.912,
000415.SZ,20260303,1.824,2.7856,,3253058.1943,
000429.SZ,20260303,0.6168,1.6147,,2557055.8921,
601952.SH,20260303,3.3114,10.2979,,1366976.0,
300192.SZ,20260303,4.1704,6.3226,,621751.7485,
300693.SZ,20260303,10.4998,11.0341,,1392567.004,
301292.SZ,20260303,10.3001,10.3001,,1212009.0323,
688110.SH,20260303,5.1532,7.8639,,5395447.0476,
002005.SZ,20260303,0.9453,1.4784,,522222.6077,
002151.SZ,20260303,12.9476,13.9939,,2230820.9415,
300393.SZ,20260303,21.2407,26.5363,,1267236.6174,
300675.SZ,20260303,2.4543,4.2951,,222933.384,
000557.SZ,20260303,1.6808,3.2156,,742312.7401,
688500.SH,20260303,3.5526,5.3692,,374224.6487,
002255.SZ,20260303,7.0645,7.4305,,1027799.865,
002059.SZ,20260303,1.8995,4.3245,,504192.5369,
301006.SZ,20260303,2.6985,4.2289,,247222.0,
002793.SZ,20260303,1.4587,2.3522,,505728.646,
301298.SZ,20260303,3.0925,3.8302,,240164.8,
605056.SH,20260303,1.8591,6.4122,,971080.6704,
001337.SZ,20260303,18.8896,32.2277,,2385180.0,
300284.SZ,20260303,0.9499,1.728,,896607.7195,
603677.SH,20260303,1.397,5.3266,,323762.0541,
002567.SZ,20260303,2.154,2.4271,,620511.2532,
601618.SH,20260303,1.917,5.3192,,6465769.181,
002203.SZ,20260303,1.7525,2.9209,,3288668.8182,
300398.SZ,20260303,10.8211,13.6924,,1632805.776,
301020.SZ,20260303,1.4194,4.4382,,323251.2,
002331.SZ,20260303,2.4316,3.1474,,370165.0311,
688318.SH,20260303,1.5568,5.0247,,2996597.8224,
603869.SH,20260303,0.2052,0.563,,473857.8079,
000807.SZ,20260303,3.7576,6.4902,,11256989.7366,
603135.SH,20260303,2.4475,3.452,,709733.6725,
603012.SH,20260303,5.9052,7.5947,,504270.0,
002488.SZ,20260303,3.4336,4.8227,,1201494.9515,
002345.SZ,20260303,2.8071,4.5186,,980918.0285,
300087.SZ,20260303,8.1884,14.2485,,883860.5237,
688620.SH,20260303,4.5459,4.5459,,430808.0,
688683.SH,20260303,1.1218,2.5098,,588973.5568,
600283.SH,20260303,1.6096,3.8435,,524932.1045,
600063.SH,20260303,2.8805,4.3144,,1448374.5143,
002961.SZ,20260303,3.0601,10.3794,,1211410.9198,
002670.SZ,20260303,2.848,8.2447,,3055498.6671,
920146.BJ,20260303,3.5748,4.7035,,108127.3448,
688076.SH,20260303,2.7017,4.3073,,1009153.7071,
300519.SZ,20260303,3.228,4.9239,,248000.0,
300468.SZ,20260303,10.8867,13.6138,,1873722.59,
300123.SZ,20260303,9.5816,11.0233,,768419.2605,
920924.BJ,20260303,5.1774,6.3873,,232189.626,
300188.SZ,20260303,3.1758,5.4009,,1148261.6862,
603118.SH,20260303,4.4792,7.8217,,902218.7613,
603689.SH,20260303,10.6411,29.1699,,502883.3177,
603002.SH,20260303,5.8527,12.4848,,1225938.8682,
600584.SH,20260303,8.7044,11.2356,,8512245.1095,
688606.SH,20260303,0.7543,1.5966,,527772.6517,
688621.SH,20260303,2.5755,3.5566,,655984.0,
600535.SH,20260303,0.7581,1.5227,,2106469.5071,
920305.BJ,20260303,8.3114,13.4807,,107489.4135,
301275.SZ,20260303,7.952,7.952,,2175360.0,
002779.SZ,20260303,1.8847,3.3404,,1688517.6,
002962.SZ,20260303,3.1857,3.6944,,430498.0596,
603065.SH,20260303,6.0446,7.6949,,363244.8849,
300770.SZ,20260303,2.6003,4.8127,,968314.0118,
600925.SH,20260303,2.6581,3.4667,,3341111.1112,
688381.SH,20260303,2.0278,2.5626,,567270.0,
002564.SZ,20260303,2.4187,3.4032,,597797.516,
688159.SH,20260303,3.4661,4.9041,,405825.7258,
600889.SH,20260303,2.2324,4.2087,,603005.5325,
000593.SZ,20260303,18.4054,28.7416,,596044.737,
688183.SH,20260303,1.9862,6.8323,,6726106.0211,
300533.SZ,20260303,4.9797,5.7858,,720736.0958,
603256.SH,20260303,3.3166,20.5729,,6649860.1725,
600316.SH,20260303,3.0747,5.9303,,2851964.4142,
300502.SZ,20260303,5.7765,5.9417,,37991035.9046,
601888.SH,20260303,2.3825,5.1015,,15667469.5402,
002402.SZ,20260303,4.9032,5.1175,,3095688.9782,
920089.BJ,20260303,2.8543,3.2649,,308417.396,
000790.SZ,20260303,3.2531,3.9622,,248240.3069,
603229.SH,20260303,0.919,1.9731,,769685.4534,
600818.SH,20260303,2.7884,3.0819,,294767.7335,
002317.SZ,20260303,3.8294,4.516,,1492477.9176,
920895.BJ,20260303,4.3675,6.3421,,113500.192,
601137.SH,20260303,3.7034,6.2505,,1872320.3974,
603898.SH,20260303,1.7774,5.3971,,436817.122,
600666.SH,20260303,6.6235,7.8183,,1001526.8514,
603909.SH,20260303,1.7395,3.0408,,294560.6482,
603939.SH,20260303,0.7414,1.5321,,2897616.782,
300441.SZ,20260303,1.5203,2.9084,,488467.2279,
301349.SZ,20260303,5.0984,5.9172,,449718.0,
603331.SH,20260303,13.2186,18.6737,,328535.4085,
301248.SZ,20260303,10.4232,11.8483,,806951.25,
002565.SZ,20260303,10.1416,13.3185,,1517904.1363,
603345.SH,20260303,1.4932,1.9909,,3144914.3624,
600375.SH,20260303,2.6243,3.0159,,868864.6809,
601699.SH,20260303,3.0795,8.2027,,4466173.9356,
300667.SZ,20260303,8.4625,9.5566,,358317.7043,
688787.SH,20260303,4.51,7.1163,,814389.93,
300755.SZ,20260303,1.7227,5.7462,,586435.3488,
600163.SH,20260303,3.2711,9.6106,,1185566.5971,
301063.SZ,20260303,13.7155,22.6591,,311829.8433,
688757.SH,20260303,4.9309,4.9309,,1113946.3243,
688531.SH,20260303,4.3375,4.3375,,1157501.6336,
300318.SZ,20260303,1.37,2.9504,,493407.899,
300610.SZ,20260303,4.8083,5.2233,,260589.6718,
603915.SH,20260303,1.3948,3.9058,,1047985.4381,
300510.SZ,20260303,3.481,5.1048,,371110.815,
301226.SZ,20260303,13.9273,28.8684,,466425.6,
600337.SH,20260303,3.9077,7.275,,357812.5361,
920179.BJ,20260303,8.9793,12.2143,,365478.75,
688580.SH,20260303,2.5987,7.0093,,515249.5294,
300849.SZ,20260303,3.358,5.4236,,295950.0,
002633.SZ,20260303,5.5134,11.4382,,259500.0,
301607.SZ,20260303,4.1696,5.1779,,730631.2957,
300543.SZ,20260303,3.3778,3.746,,318626.1874,
920992.BJ,20260303,2.1817,3.4203,,153608.7232,
002309.SZ,20260303,11.0293,11.7977,,1019598.5655,
688309.SH,20260303,5.6339,11.0873,,345395.5202,
002800.SZ,20260303,7.0722,13.9464,,325060.298,
000755.SZ,20260303,1.1793,5.2004,,796749.4364,
002996.SZ,20260303,4.5273,6.3584,,522830.1689,
688486.SH,20260303,2.5625,5.464,,943293.3502,
600019.SH,20260303,0.9327,2.5438,,15639536.8498,
603507.SH,20260303,5.0391,6.7479,,572992.7635,
600886.SH,20260303,0.7001,2.2443,,10886112.1963,
688171.SH,20260303,2.1061,4.3174,,444585.4338,
002666.SZ,20260303,3.4647,4.5137,,435763.6135,
000409.SZ,20260303,2.6931,4.281,,744433.5745,
600395.SH,20260303,3.7979,8.1592,,1300854.6858,
300906.SZ,20260303,2.0929,4.2086,,265520.0,
601890.SH,20260303,13.4737,20.9546,,1194453.0,
301498.SZ,20260303,1.1832,2.3647,,2373202.0498,
300535.SZ,20260303,3.672,4.5818,,226025.9507,
000533.SZ,20260303,13.8135,22.6593,,772332.288,
003031.SZ,20260303,3.4023,7.5152,,3513701.7716,
002009.SZ,20260303,15.1668,18.3742,,1112979.2838,
600106.SH,20260303,1.3259,1.8185,,798744.0623,
000586.SZ,20260303,6.2098,9.3013,,294028.8,
688013.SH,20260303,1.8968,3.9226,,327787.4684,
601800.SH,20260303,0.3286,1.6099,,13149912.5338,
603568.SH,20260303,0.5705,1.7796,,4721663.5709,
688425.SH,20260303,0.7233,2.6103,,2805419.422,
688428.SH,20260303,3.2514,3.2514,,3781631.9891,
002273.SZ,20260303,5.0641,5.5701,,3693519.179,
600487.SH,20260303,6.6501,9.2595,,11721923.0901,
002881.SZ,20260303,5.8134,8.1309,,1163770.2882,
301092.SZ,20260303,5.7441,9.5122,,508005.2324,
920720.BJ,20260303,2.2997,2.3796,,353748.5318,
688733.SH,20260303,3.3941,4.6602,,596928.2677,
300143.SZ,20260303,1.6273,2.8486,,795168.1518,
002298.SZ,20260303,5.9157,6.0803,,752692.7863,
300292.SZ,20260303,5.8339,6.2395,,627946.0078,
688258.SH,20260303,3.652,5.8701,,1520335.0744,
688073.SH,20260303,2.9161,4.5094,,475317.818,
300855.SZ,20260303,4.2436,6.0119,,1724912.8715,
301215.SZ,20260303,1.3129,4.5024,,890984.7,
688025.SH,20260303,8.3763,12.8878,,2599221.5214,
920252.BJ,20260303,4.9982,8.3403,,299739.9418,
002830.SZ,20260303,7.6889,11.489,,299881.66,
601515.SH,20260303,2.2425,4.46,,866011.802,
002696.SZ,20260303,3.8337,6.9205,,258386.2475,
002900.SZ,20260303,2.3454,3.9589,,366022.2144,
002741.SZ,20260303,5.2975,7.6897,,964456.2709,
603656.SH,20260303,2.6084,4.6161,,401748.0062,
600844.SH,20260303,11.0095,15.432,,350700.8628,
600033.SH,20260303,2.2641,5.1351,,1042872.0,
688398.SH,20260303,2.2496,4.2612,,419703.0666,
300498.SZ,20260303,1.2088,1.3385,,10712822.8934,
601168.SH,20260303,3.7085,5.3693,,7921092.0,
301388.SZ,20260303,28.9679,28.968,,369016.2552,
688133.SH,20260303,2.7115,3.7772,,372943.0638,
002648.SZ,20260303,2.6204,5.2859,,8017376.7422,
920576.BJ,20260303,5.5365,21.6461,,782043.1,
603151.SH,20260303,1.8462,3.9634,,310345.035,
002785.SZ,20260303,6.6896,8.1008,,1084601.8603,
300209.SZ,20260303,5.3244,5.7302,,663046.194,
600037.SH,20260303,1.9042,3.0709,,1056359.414,
920262.BJ,20260303,1.8443,3.1504,,160759.5943,
002247.SZ,20260303,4.1403,5.1752,,246752.3142,
688232.SH,20260303,1.1238,3.11,,791431.6946,
601689.SH,20260303,1.6711,4.0167,,11120409.8764,
300705.SZ,20260303,1.9435,2.6769,,742432.031,
002624.SZ,20260303,4.3123,5.8599,,3965295.4178,
000987.SZ,20260303,1.5513,6.0714,,4540504.8781,
002265.SZ,20260303,1.8607,8.4775,,2472065.694,
603901.SH,20260303,2.112,4.2484,,686036.5563,
001366.SZ,20260303,6.6861,6.6861,,222863.16,
601608.SH,20260303,2.006,5.6315,,3365971.7762,
000886.SZ,20260303,2.5339,3.4719,,613073.546,
601968.SH,20260303,1.1429,2.4706,,729745.8511,
000801.SZ,20260303,2.7127,5.307,,1656609.3572,
300781.SZ,20260303,7.4982,11.952,,631582.533,
002999.SZ,20260303,4.3643,6.8069,,266603.064,
603021.SH,20260303,3.3705,5.6946,,222683.8567,
000936.SZ,20260303,3.2984,5.3738,,681343.9101,
605287.SH,20260303,7.9961,15.6328,,709100.0,
002593.SZ,20260303,5.6072,7.9252,,454179.7864,
688589.SH,20260303,4.7566,6.0344,,332656.5954,
000032.SZ,20260303,2.9679,5.3208,,2237145.1116,
600518.SH,20260303,2.0186,2.7056,,2599832.5777,
603036.SH,20260303,5.8697,7.5706,,432200.6405,
920018.BJ,20260303,8.8087,8.8087,,387718.5224,
600178.SH,20260303,1.9086,3.8898,,546243.5845,
002474.SZ,20260303,4.8634,5.1219,,502115.4,
300238.SZ,20260303,2.4765,3.372,,389513.7248,
002162.SZ,20260303,8.5139,17.7745,,508594.6336,
920693.BJ,20260303,2.0019,3.2865,,243181.5,
002554.SZ,20260303,21.6295,33.998,,684198.3969,
688790.SH,20260303,8.0391,8.0391,,1457143.9123,
300726.SZ,20260303,6.9469,11.6526,,2004012.6858,
603124.SH,20260303,10.8346,10.8346,,1668782.5286,
301382.SZ,20260303,6.3672,7.3352,,965878.5799,
301515.SZ,20260303,3.4926,4.2354,,243200.0,
300279.SZ,20260303,9.4022,12.763,,490566.7885,
301529.SZ,20260303,5.5189,6.5411,,995564.6594,
300619.SZ,20260303,5.7031,7.0654,,765598.4952,
300562.SZ,20260303,4.5421,4.9298,,297533.2294,
300958.SZ,20260303,4.7733,5.0945,,215356.0595,
603888.SH,20260303,3.54,9.3705,,1434493.3452,
300802.SZ,20260303,5.2948,7.3249,,581224.1097,
000401.SZ,20260303,0.8381,2.321,,1353032.34,
600191.SH,20260303,2.2082,4.7314,,605680.068,
300355.SZ,20260303,6.2234,6.6602,,673781.674,
920299.BJ,20260303,23.7075,34.0566,,258613.6221,
300476.SZ,20260303,5.1765,7.5098,,24780627.6892,
300416.SZ,20260303,5.8663,8.4361,,858428.6965,
601066.SH,20260303,0.2575,1.6045,,18228232.773,
603061.SH,20260303,3.1596,5.7704,,1557600.0,
605086.SH,20260303,1.4724,5.4321,,663756.8,
688223.SH,20260303,2.4768,6.8078,,7253772.9065,
601399.SH,20260303,2.4029,7.4021,,3498574.6067,
002820.SZ,20260303,3.4083,5.1633,,228387.2514,
920167.BJ,20260303,8.867,16.1802,,217962.4965,
002198.SZ,20260303,3.401,4.3772,,358301.9527,
601866.SH,20260303,7.9429,21.3476,,4289238.1415,
688599.SH,20260303,3.0833,5.365,,4197881.2933,
600714.SH,20260303,9.2488,14.2792,,626495.2175,
603665.SH,20260303,2.2148,3.8238,,531344.266,
002937.SZ,20260303,2.9403,6.3063,,787326.8802,
300358.SZ,20260303,3.8459,5.6918,,734400.0797,
600369.SH,20260303,0.9238,1.7567,,2950428.4511,
301015.SZ,20260303,0.7817,3.1396,,1164257.3306,
300450.SZ,20260303,3.9128,5.7579,,8394214.4915,
600359.SH,20260303,9.3228,15.6206,,308643.8714,
601949.SH,20260303,1.3275,5.7899,,1256618.9156,
603899.SH,20260303,0.6255,1.7189,,2457148.9658,
000862.SZ,20260303,7.7088,10.1371,,612275.7822,
300048.SZ,20260303,9.4654,11.6187,,878943.6411,
002976.SZ,20260303,4.6627,7.3702,,397305.6233,
300030.SZ,20260303,3.2895,4.242,,243639.6042,
300387.SZ,20260303,5.9331,9.7544,,270557.3688,
603687.SH,20260303,3.0998,6.1449,,577533.4572,
002722.SZ,20260303,2.7467,4.5669,,345121.3595,
301297.SZ,20260303,2.5132,6.0771,,2679934.4784,
002111.SZ,20260303,2.6958,3.9451,,560206.9417,
600229.SH,20260303,1.12,2.9426,,412281.6572,
920351.BJ,20260303,35.1442,39.6332,,281185.1922,
688099.SH,20260303,3.0286,3.7327,,3645609.5461,
300352.SZ,20260303,6.1751,6.4531,,948184.9529,
600012.SH,20260303,0.6236,2.9647,,2503087.1174,
002405.SZ,20260303,6.0685,6.7182,,2384872.7069,
600105.SH,20260303,14.1387,18.8199,,4023409.6951,
601999.SH,20260303,1.0278,3.1649,,390047.6076,
603969.SH,20260303,2.1564,3.6053,,879634.944,
002216.SZ,20260303,6.6026,13.4633,,1131509.8698,
600547.SH,20260303,3.2543,7.1904,,23174115.7222,
001382.SZ,20260303,7.1406,7.1406,,860668.0,
002522.SZ,20260303,5.3018,7.0711,,509953.7949,
300861.SZ,20260303,4.8607,7.8319,,1217374.8773,
600561.SH,20260303,2.6845,4.4558,,196857.9456,
300368.SZ,20260303,3.5811,5.1153,,632087.4526,
000553.SZ,20260303,0.5152,3.2143,,1390897.6243,
601600.SH,20260303,3.4238,5.8229,,23965494.9438,
300631.SZ,20260303,6.5502,8.9189,,353622.8031,
603199.SH,20260303,3.3054,5.9689,,451795.76,
301522.SZ,20260303,5.1065,7.7714,,1420530.6679,
688189.SH,20260303,2.5178,4.5192,,216776.0,
002429.SZ,20260303,3.6625,7.9526,,4250797.23,
000869.SZ,20260303,0.3124,1.2967,,1313823.0159,
001367.SZ,20260303,4.4923,4.4923,,338676.7176,
603166.SH,20260303,1.5175,3.7167,,972995.5311,
600156.SH,20260303,1.9131,3.2052,,304799.9121,
002549.SZ,20260303,10.9025,19.7638,,1526288.6427,
002373.SZ,20260303,2.8405,3.9079,,1690801.3901,
603860.SH,20260303,2.0781,3.8655,,211042.2,
002003.SZ,20260303,1.5374,2.2704,,1212667.4461,
603230.SH,20260303,1.6395,5.7955,,409733.157,
301289.SZ,20260303,2.009,8.1942,,435396.0,
000920.SZ,20260303,1.4934,3.198,,599283.5776,
300019.SZ,20260303,4.8641,8.1762,,833800.5207,
300024.SZ,20260303,2.5971,3.4908,,2525344.9794,
920061.BJ,20260303,3.7477,6.8306,,198849.11,
300772.SZ,20260303,1.5688,2.6251,,1487142.1625,
600392.SH,20260303,9.2106,12.4873,,5074432.9202,
002839.SZ,20260303,1.7551,2.2182,,1109732.6182,
601916.SH,20260303,0.8138,1.2242,,8239390.7889,
301632.SZ,20260303,4.2151,4.2151,,948038.4,
000949.SZ,20260303,4.5841,7.4513,,1136633.3465,
002380.SZ,20260303,13.5043,17.2273,,814771.6484,
603013.SH,20260303,0.8749,4.3163,,1151625.532,
603268.SH,20260303,7.8737,9.3786,,11222197.1827,
603739.SH,20260303,2.259,5.44,,378531.1835,
301178.SZ,20260303,2.8353,3.3736,,318553.592,
002446.SZ,20260303,11.621,11.9359,,947455.2743,
600515.SH,20260303,1.4397,2.4009,,4604399.7696,
300148.SZ,20260303,7.0755,8.0542,,381779.0424,
603878.SH,20260303,4.3174,7.1097,,499973.5152,
002443.SZ,20260303,5.9438,7.551,,506481.061,
301141.SZ,20260303,16.8388,16.8388,,737001.7389,
300886.SZ,20260303,4.4026,5.6111,,205844.096,
600050.SH,20260303,0.961,2.2739,,15288303.9849,
300149.SZ,20260303,2.2581,2.5672,,495972.136,
002197.SZ,20260303,4.7568,5.533,,506849.4156,
688270.SH,20260303,8.3987,11.7857,,3450297.7404,
300093.SZ,20260303,0.9519,1.1781,,884520.0,
600026.SH,20260303,3.8332,10.5818,,13608399.8891,
002145.SZ,20260303,4.5152,6.9169,,2086056.3563,
300310.SZ,20260303,7.0222,7.0412,,558089.8501,
600338.SH,20260303,8.0595,8.7219,,1654720.4041,
300255.SZ,20260303,2.5355,3.6525,,4091659.0289,
002116.SZ,20260303,1.6614,3.1379,,504920.7491,
000959.SZ,20260303,0.5787,3.3334,,4335026.7598,
000027.SZ,20260303,1.5841,6.3417,,3358717.2807,
688685.SH,20260303,5.4138,8.5154,,749824.6117,
688191.SH,20260303,5.0971,9.8064,,1209446.5818,
603976.SH,20260303,0.8848,3.0739,,298627.4063,
688063.SH,20260303,9.4628,14.069,,1709172.5285,
002217.SZ,20260303,3.793,6.0575,,2094231.6998,
