ts_code,trade_date,turnover_rate,turnover_rate_f,volume_ratio,total_mv,float_mv
600127.SH,20260402,8.892,11.3038,,479412.0638,
601011.SH,20260402,2.0739,3.0182,,658988.6014,
300129.SZ,20260402,5.2745,5.5529,,1364998.3446,
600185.SH,20260402,0.9529,1.7311,,1065028.2742,
600738.SH,20260402,0.8579,1.7765,,362395.5723,
603999.SH,20260402,1.1317,2.6842,,392832.0,
600751.SH,20260402,1.7016,3.3574,,1156835.7754,
920270.BJ,20260402,1.7012,4.889,,162677.88,
002622.SZ,20260402,3.0197,3.9634,,224280.0,
002916.SZ,20260402,1.378,3.8439,,14917548.4305,
600576.SH,20260402,2.3829,3.5478,,615856.289,
600775.SH,20260402,5.2176,7.9839,,1206266.8583,
300092.SZ,20260402,1.6395,2.1423,,421293.9908,
600710.SH,20260402,1.1797,2.9837,,1651731.2846,
688519.SH,20260402,4.7281,11.7585,,2797766.0308,
300818.SZ,20260402,1.6526,2.0132,,582096.7112,
600798.SH,20260402,2.7529,4.9948,,475374.4752,
300464.SZ,20260402,8.1559,11.8939,,374954.304,
601528.SH,20260402,1.1222,1.167,,1045832.0235,
601588.SH,20260402,1.2304,2.4442,,575760.42,
301201.SZ,20260402,25.3262,34.7638,,914358.6998,
603967.SH,20260402,1.4161,4.1694,,462106.7244,
000159.SZ,20260402,2.4676,3.1974,,313407.2674,
001396.SZ,20260402,5.0215,5.0215,,477319.2874,
688030.SH,20260402,1.1629,2.0105,,261702.4803,
002418.SZ,20260402,6.0142,7.7734,,518198.4,
603660.SH,20260402,2.645,3.4224,,532026.3065,
301189.SZ,20260402,2.7857,7.6321,,525064.4536,
600778.SH,20260402,2.8734,4.6702,,195928.0604,
688665.SH,20260402,0.4243,1.3454,,443526.0306,
300881.SZ,20260402,2.4109,4.577,,459140.0,
002120.SZ,20260402,0.5651,1.2792,,1956960.8951,
688680.SH,20260402,3.939,5.908,,457473.8124,
600817.SH,20260402,0.7871,2.6917,,594101.0414,
920810.BJ,20260402,0.8986,1.5293,,106928.5,
600711.SH,20260402,5.5072,6.7121,,4184688.0401,
603719.SH,20260402,0.5488,1.2581,,407015.0,
300730.SZ,20260402,14.16,18.2692,,341211.61,
000100.SZ,20260402,1.884,1.9441,,8736362.2277,
300272.SZ,20260402,5.7731,7.117,,496513.2113,
600239.SH,20260402,1.4074,2.3888,,332377.1902,
000759.SZ,20260402,1.6343,2.5673,,367667.2925,
000539.SZ,20260402,4.7664,14.922,,2945409.3161,
002818.SZ,20260402,0.8958,1.8005,,806838.7373,
000548.SZ,20260402,1.8712,2.7646,,273570.2644,
301211.SZ,20260402,1.8948,6.126,,520329.6,
920368.BJ,20260402,6.4489,10.3518,,821731.54,
300522.SZ,20260402,1.0173,1.6773,,355019.1092,
002339.SZ,20260402,7.3405,8.8336,,515182.304,
301096.SZ,20260402,4.4172,5.2482,,580002.188,
920961.BJ,20260402,2.2038,2.8196,,320676.9405,
688353.SH,20260402,4.6534,10.2543,,1910810.0,
002989.SZ,20260402,1.2432,2.5531,,502827.4135,
301153.SZ,20260402,2.3951,5.6611,,847899.9437,
002880.SZ,20260402,0.6941,2.524,,621205.2,
603031.SH,20260402,3.3598,4.6479,,1247871.9981,
603040.SH,20260402,1.0154,2.2031,,1099152.2423,
002792.SZ,20260402,10.3839,12.4466,,2159252.1157,
300617.SZ,20260402,4.0317,6.3094,,903603.8918,
600863.SH,20260402,0.687,1.469,,3980276.2965,
301159.SZ,20260402,5.4013,8.1549,,313190.15,
688659.SH,20260402,1.7384,3.1619,,153440.0,
301021.SZ,20260402,1.7589,2.9716,,798808.6701,
300102.SZ,20260402,4.556,7.1156,,2834628.298,
300088.SZ,20260402,1.6149,1.8129,,1473662.8116,
002261.SZ,20260402,7.6695,8.5474,,4212876.4491,
000719.SZ,20260402,0.8224,1.808,,1344489.7262,
300568.SZ,20260402,4.9687,5.149,,1935131.8989,
000882.SZ,20260402,1.9382,2.6997,,440713.6635,
300879.SZ,20260402,2.899,5.5855,,527248.96,
920221.BJ,20260402,1.2525,2.0866,,162456.0,
688711.SH,20260402,1.8928,2.3007,,550205.6819,
603190.SH,20260402,2.9052,2.948,,306243.86,
920833.BJ,20260402,1.873,3.2319,,125187.2,
601991.SH,20260402,1.4954,5.5193,,7106576.8335,
002129.SZ,20260402,2.4257,3.4621,,3473036.449,
300645.SZ,20260402,2.3145,3.2881,,234475.7498,
600572.SH,20260402,2.0283,2.98,,1141602.8135,
300386.SZ,20260402,1.5685,1.9318,,577736.808,
600233.SH,20260402,0.46,0.9586,,7043931.4958,
603319.SH,20260402,1.5795,2.0647,,1066625.7373,
603110.SH,20260402,3.5619,4.3889,,305663.4059,
600667.SH,20260402,5.9116,8.8919,,1840557.1166,
920278.BJ,20260402,7.7916,8.6522,,141519.5,
688416.SH,20260402,3.2496,4.9994,,585190.1075,
002218.SZ,20260402,16.3819,26.5963,,921028.2974,
603178.SH,20260402,0.5531,1.4174,,358400.4116,
920493.BJ,20260402,3.9373,5.3717,,834737.4819,
600731.SH,20260402,1.843,2.4327,,395589.6305,
603600.SH,20260402,0.9248,1.9157,,336380.9671,
301273.SZ,20260402,2.003,3.6799,,208334.3311,
002771.SZ,20260402,9.7976,10.0053,,345481.4727,
920427.BJ,20260402,2.2992,3.8851,,122476.86,
600594.SH,20260402,20.2474,26.4391,,380125.152,
603993.SH,20260402,1.4859,3.6539,,37889323.3217,
301037.SZ,20260402,3.8984,6.6991,,200900.7863,
600060.SH,20260402,0.7564,1.4498,,2984471.5449,
603156.SH,20260402,0.3658,0.9041,,3840065.7436,
601598.SH,20260402,0.5521,2.7602,,4519463.273,
300275.SZ,20260402,1.4911,1.5584,,335109.514,
920608.BJ,20260402,0.7522,0.9904,,103629.6,
301500.SZ,20260402,6.3768,6.3768,,1115474.726,
301630.SZ,20260402,5.3797,5.3797,,682080.0,
002542.SZ,20260402,4.5778,7.8353,,559896.1888,
300608.SZ,20260402,2.6409,4.0411,,356082.9753,
300889.SZ,20260402,2.2127,2.5273,,549026.1104,
603108.SH,20260402,1.6354,2.3103,,769721.7598,
002850.SZ,20260402,4.1779,4.7928,,5071043.7505,
002777.SZ,20260402,1.5724,2.5635,,657251.9712,
600211.SH,20260402,1.5824,3.499,,1385005.5852,
688345.SH,20260402,2.179,7.6698,,393269.256,
002388.SZ,20260402,2.8119,3.1618,,247177.6384,
688788.SH,20260402,1.129,2.5867,,867358.6018,
002256.SZ,20260402,9.3895,12.5042,,745735.347,
002896.SZ,20260402,2.6106,4.9489,,1423806.7442,
000767.SZ,20260402,9.8371,18.9294,,1150776.3899,
600123.SH,20260402,2.7051,4.9612,,962025.7337,
000631.SZ,20260402,5.2575,18.3725,,818800.0303,
300602.SZ,20260402,3.7444,4.9902,,1707187.3066,
002097.SZ,20260402,1.9177,2.8294,,1060647.2396,
603669.SH,20260402,5.0091,11.5117,,349804.376,
300826.SZ,20260402,1.15,1.9999,,286014.8802,
688598.SH,20260402,2.1418,2.4345,,456660.8552,
688266.SH,20260402,1.488,2.2719,,2705317.6609,
603195.SH,20260402,0.1004,0.5952,,7567909.3261,
603200.SH,20260402,2.1587,4.4086,,1007431.2713,
920237.BJ,20260402,0.7566,2.0872,,160431.4296,
601366.SH,20260402,0.9368,1.5303,,391574.3741,
600588.SH,20260402,1.3406,2.5627,,4014971.9556,
002855.SZ,20260402,1.5893,4.3663,,285846.8311,
002865.SZ,20260402,3.8865,5.6133,,2228976.1984,
002012.SZ,20260402,2.224,2.8481,,300215.5517,
000785.SZ,20260402,0.838,2.5757,,1500718.7642,
001328.SZ,20260402,2.1381,2.1381,,553022.2456,
603823.SH,20260402,0.7476,2.35,,632462.5424,
002371.SZ,20260402,1.0344,1.93,,31747668.5808,
601669.SH,20260402,1.9784,3.1974,,9767232.3424,
603068.SH,20260402,1.3621,2.2322,,464772.7708,
001238.SZ,20260402,0.2959,0.9512,,531492.72,
600493.SH,20260402,2.9921,4.4672,,199376.0,
920489.BJ,20260402,2.2264,2.2264,,190497.0432,
301371.SZ,20260402,1.1633,1.1633,,1184796.912,
001278.SZ,20260402,2.329,3.8711,,256128.138,
300797.SZ,20260402,0.5542,1.5415,,556104.0891,
600537.SH,20260402,15.2486,15.2486,,448627.9918,
301631.SZ,20260402,2.7077,2.7077,,765597.1075,
301333.SZ,20260402,4.0003,10.2437,,670949.9854,
688368.SH,20260402,1.6135,4.6712,,1617876.5981,
301200.SZ,20260402,0.6101,4.1278,,7593817.4797,
002372.SZ,20260402,0.4113,1.0067,,1799002.9264,
300002.SZ,20260402,1.4811,1.5048,,1829471.6954,
002063.SZ,20260402,3.8932,5.1031,,1220531.8871,
920100.BJ,20260402,3.1114,3.1114,,359746.5282,
300311.SZ,20260402,1.7004,1.9205,,338835.9655,
003009.SZ,20260402,1.7378,4.066,,930488.6943,
002689.SZ,20260402,0.8312,1.7057,,378721.7932,
600578.SH,20260402,0.5011,2.4468,,3434340.5807,
300685.SZ,20260402,3.591,4.6342,,905231.5649,
600621.SH,20260402,0.8998,2.0111,,1469345.5194,
688090.SH,20260402,8.9501,13.3626,,749761.3821,
301636.SZ,20260402,13.6727,13.6727,,421527.6318,
300404.SZ,20260402,7.6576,8.5078,,398210.6562,
601155.SH,20260402,0.6384,1.9465,,3164638.867,
603366.SH,20260402,4.0216,10.1751,,732556.339,
300480.SZ,20260402,5.3454,6.0477,,1012981.3969,
603616.SH,20260402,4.0639,6.3113,,242617.16,
688789.SH,20260402,3.1227,5.9093,,1294419.1044,
301259.SZ,20260402,1.5038,1.7517,,490932.0,
300452.SZ,20260402,3.7168,4.5141,,360590.2428,
000571.SZ,20260402,1.5302,2.1579,,469073.111,
600581.SH,20260402,4.4896,8.9831,,426145.6079,
000721.SZ,20260402,1.5717,2.4314,,442487.9315,
300598.SZ,20260402,1.4155,1.9278,,789162.592,
600577.SH,20260402,2.2942,2.7106,,2555499.7207,
688798.SH,20260402,1.1959,1.4899,,1517900.549,
920260.BJ,20260402,3.3044,7.6812,,106656.5,
601003.SH,20260402,0.3875,2.2807,,1219644.68,
601001.SH,20260402,0.7893,1.8552,,2773320.9,
300832.SZ,20260402,0.4715,0.9298,,3848450.6089,
600400.SH,20260402,0.8456,2.2685,,485770.8326,
688213.SH,20260402,2.5016,2.7311,,3380986.1371,
301393.SZ,20260402,8.2485,8.2485,,576180.0,
600111.SH,20260402,1.2365,1.9953,,17200483.2762,
688410.SH,20260402,1.6536,3.0499,,513598.1996,
300621.SZ,20260402,2.8398,4.6665,,166653.4167,
300919.SZ,20260402,1.627,3.6526,,4991353.726,
301125.SZ,20260402,3.1632,6.0238,,267780.7109,
600776.SH,20260402,1.2127,2.825,,1868928.0952,
600231.SH,20260402,0.5785,1.9232,,579695.2055,
301102.SZ,20260402,0.5445,2.1779,,432796.0,
600155.SH,20260402,0.818,0.9139,,1372396.3357,
600110.SH,20260402,15.8773,22.6378,,1620658.9905,
300266.SZ,20260402,1.7091,2.8959,,396220.8651,
000705.SZ,20260402,4.463,5.0188,,303049.8204,
603439.SH,20260402,0.8647,1.7197,,464135.7952,
300204.SZ,20260402,19.3918,30.4719,,1573305.0236,
300328.SZ,20260402,5.1924,7.1284,,1156459.53,
688151.SH,20260402,0.891,3.0046,,711048.0,
603768.SH,20260402,1.0376,2.3722,,260799.6193,
002155.SZ,20260402,5.0512,7.7787,,4583256.3098,
300027.SZ,20260402,2.8382,2.8628,,427273.9115,
688215.SH,20260402,1.5755,3.7765,,455315.3241,
600800.SH,20260402,3.2589,5.2497,,518391.1159,
600716.SH,20260402,0.7105,1.4839,,417483.0231,
002701.SZ,20260402,0.57,0.8578,,1302918.0787,
300979.SZ,20260402,0.0963,0.6205,,5179146.0,
920212.BJ,20260402,1.3115,2.2966,,122227.2,
301310.SZ,20260402,6.6402,7.7388,,549631.621,
002225.SZ,20260402,3.9085,4.6206,,627148.3785,
002644.SZ,20260402,2.3689,6.3052,,455506.044,
301296.SZ,20260402,0.6074,1.4448,,328784.3423,
002998.SZ,20260402,1.7707,2.6903,,284915.4429,
603227.SH,20260402,3.6093,6.5547,,1078122.8451,
603368.SH,20260402,1.1366,1.5243,,684395.1647,
002292.SZ,20260402,1.9515,2.3412,,1126769.1691,
000736.SZ,20260402,0.7601,1.5889,,369813.7085,
002480.SZ,20260402,2.2835,3.2415,,473038.7321,
603088.SH,20260402,4.1109,7.5951,,612913.3185,
002995.SZ,20260402,16.0145,21.6049,,413114.0294,
300776.SZ,20260402,2.0867,2.6773,,1982138.1505,
600293.SH,20260402,2.2274,3.1105,,370086.2697,
301049.SZ,20260402,3.2258,5.3788,,203304.4414,
300228.SZ,20260402,4.5311,4.611,,555008.335,
002791.SZ,20260402,1.6679,2.1065,,702815.6358,
688388.SH,20260402,3.8637,4.8311,,1878580.2082,
300554.SZ,20260402,4.7073,5.4081,,245669.1021,
605133.SH,20260402,2.3318,5.1016,,732372.1037,
300091.SZ,20260402,0.8713,1.3601,,829877.1596,
601033.SH,20260402,2.2274,2.2274,,1322100.0,
301038.SZ,20260402,1.0052,3.167,,457537.08,
301239.SZ,20260402,2.2225,4.2433,,538628.5728,
300606.SZ,20260402,10.5572,15.3443,,483387.304,
301031.SZ,20260402,3.2513,4.1549,,1308475.5638,
000868.SZ,20260402,1.1114,1.6602,,424660.6602,
300907.SZ,20260402,1.6519,4.2906,,273504.0,
300702.SZ,20260402,3.0031,4.3807,,812178.6891,
001319.SZ,20260402,1.9587,2.5822,,344591.8,
000715.SZ,20260402,1.5326,2.9578,,316154.2539,
603535.SH,20260402,0.4255,1.2472,,427127.6445,
300001.SZ,20260402,2.1285,3.1593,,2857340.5891,
002165.SZ,20260402,7.7582,9.688,,706594.3134,
300842.SZ,20260402,2.7635,3.0915,,1170083.0501,
002263.SZ,20260402,30.1096,41.764,,888464.3273,
603885.SH,20260402,0.9507,2.2271,,2660118.4164,
603511.SH,20260402,0.2438,1.7402,,558801.9964,
300676.SZ,20260402,1.2389,2.0035,,1696275.7391,
000607.SZ,20260402,1.5151,2.8358,,422344.8402,
002870.SZ,20260402,1.4003,2.4978,,462925.1042,
600501.SH,20260402,1.1857,2.2014,,942068.8884,
300579.SZ,20260402,1.1517,2.4157,,710370.0,
920121.BJ,20260402,1.8184,1.8184,,238770.4134,
688584.SH,20260402,0.7473,1.702,,1256385.3705,
300080.SZ,20260402,2.8102,6.6239,,891729.0875,
002990.SZ,20260402,13.1584,20.9256,,815407.5577,
688593.SH,20260402,2.1999,2.932,,1320687.5301,
300326.SZ,20260402,1.3894,1.696,,461756.1672,
002656.SZ,20260402,1.41,1.7742,,217318.5524,
002945.SZ,20260402,0.5756,5.7557,,4268700.0,
002589.SZ,20260402,8.4917,10.3748,,498059.1659,
600328.SH,20260402,1.5641,2.8794,,1255160.9602,
600970.SH,20260402,1.0392,2.5223,,2758154.1392,
002892.SZ,20260402,1.0024,1.226,,803355.5093,
000400.SZ,20260402,1.9269,3.117,,2791024.9623,
603359.SH,20260402,1.6473,3.054,,264088.832,
301028.SZ,20260402,0.7137,1.5686,,531908.8179,
002148.SZ,20260402,1.2703,1.3608,,415886.5735,
300220.SZ,20260402,1.8519,3.6879,,206841.6,
300655.SZ,20260402,2.0205,2.3782,,1506456.886,
300013.SZ,20260402,2.6583,2.9149,,211618.0208,
688059.SH,20260402,3.0463,4.749,,1134949.8036,
688385.SH,20260402,2.4739,4.0324,,5155621.2318,
002481.SZ,20260402,0.5861,0.968,,562565.604,
603049.SH,20260402,2.287,2.287,,4301594.6566,
603866.SH,20260402,0.5063,1.3239,,803059.0158,
600489.SH,20260402,1.532,2.8284,,12796905.169,
920014.BJ,20260402,8.1863,12.6041,,162556.8952,
003027.SZ,20260402,2.7245,3.8901,,273080.7648,
600377.SH,20260402,0.2799,2.2619,,6030183.7575,
603163.SH,20260402,3.7847,13.8551,,997200.0,
000739.SZ,20260402,1.0655,2.02,,2135011.5106,
002314.SZ,20260402,1.6801,2.6314,,655283.3681,
301353.SZ,20260402,2.6663,2.6663,,263125.7473,
600744.SH,20260402,6.2414,13.9128,,1541623.324,
002276.SZ,20260402,1.4582,1.9628,,1409439.1717,
688352.SH,20260402,2.5318,2.5318,,1422088.5964,
605077.SH,20260402,0.7501,1.2026,,454574.991,
002517.SZ,20260402,2.8136,3.1523,,4005831.0638,
301220.SZ,20260402,4.6635,5.4548,,437550.8592,
301212.SZ,20260402,0.9517,3.3044,,288360.0,
300042.SZ,20260402,10.7636,14.3305,,845888.4,
688450.SH,20260402,2.2464,3.277,,228756.0,
601136.SH,20260402,0.298,1.6917,,4444400.7588,
002773.SZ,20260402,2.4308,5.2528,,2763962.862,
600329.SH,20260402,0.6681,1.5705,,3171248.558,
920541.BJ,20260402,2.1144,3.2085,,166500.6,
600336.SH,20260402,1.2055,1.9649,,558610.3383,
603150.SH,20260402,4.8272,7.965,,442374.525,
920547.BJ,20260402,3.5832,5.637,,181479.168,
601199.SH,20260402,0.7691,2.1817,,533069.8664,
600936.SH,20260402,2.4382,3.7136,,670081.5218,
301629.SZ,20260402,3.5163,3.5163,,973121.757,
003004.SZ,20260402,0.5781,1.1658,,237728.5345,
600161.SH,20260402,0.4235,0.849,,3015491.4552,
002185.SZ,20260402,2.0737,2.6684,,3772597.1144,
002142.SZ,20260402,0.2289,0.4585,,20107933.9616,
002098.SZ,20260402,0.6102,1.4417,,320052.0,
002337.SZ,20260402,1.0873,1.731,,356701.1445,
002295.SZ,20260402,1.3872,1.9828,,263648.032,
600080.SH,20260402,2.6369,3.5344,,328104.5805,
000887.SZ,20260402,1.1671,1.9625,,2349934.1984,
605577.SH,20260402,1.0332,5.026,,592888.8896,
603106.SH,20260402,0.7608,1.7148,,459098.64,
688568.SH,20260402,0.9629,2.2438,,4799180.6584,
601101.SH,20260402,1.0262,2.7967,,1232638.2247,
000795.SZ,20260402,0.7576,1.4605,,989706.2219,
603567.SH,20260402,0.8788,2.312,,675635.4978,
301188.SZ,20260402,22.9176,36.9798,,631118.8748,
603939.SH,20260402,0.6134,1.2675,,2913377.8775,
300441.SZ,20260402,0.6491,1.2419,,452379.9393,
301349.SZ,20260402,6.6374,16.066,,552738.0,
603331.SH,20260402,2.5998,3.6727,,300635.1707,
301248.SZ,20260402,4.4303,5.036,,709655.985,
002565.SZ,20260402,16.0085,21.0233,,1717182.0536,
603345.SH,20260402,1.8846,2.5127,,3211905.4377,
600375.SH,20260402,0.8916,1.0246,,804741.8262,
601699.SH,20260402,0.7339,1.9549,,4095239.1948,
300667.SZ,20260402,13.9905,15.7994,,363842.8773,
688787.SH,20260402,5.9944,9.4586,,742542.6406,
300755.SZ,20260402,0.8702,2.9026,,540170.7264,
600163.SH,20260402,6.0942,17.9051,,1231238.5045,
301063.SZ,20260402,2.7769,4.5876,,247126.1944,
688757.SH,20260402,1.0604,1.4529,,968754.1894,
300318.SZ,20260402,1.5096,3.251,,493407.899,
688531.SH,20260402,1.7315,1.8581,,1081328.4217,
300610.SZ,20260402,1.8297,1.9811,,238658.8578,
603915.SH,20260402,0.9433,2.6415,,995454.8397,
300510.SZ,20260402,3.0773,4.5128,,346370.094,
301226.SZ,20260402,10.7813,22.3475,,458809.6,
600337.SH,20260402,1.604,2.9862,,356375.538,
920179.BJ,20260402,3.2196,4.3796,,310300.83,
688580.SH,20260402,1.4874,3.9451,,507492.0551,
300849.SZ,20260402,1.6802,2.7138,,285900.0,
002633.SZ,20260402,1.7919,3.7176,,267600.0,
301607.SZ,20260402,2.7258,3.385,,708561.599,
920837.BJ,20260402,0.957,2.8551,,190247.8349,
002678.SZ,20260402,1.7502,10.5688,,749792.8183,
603233.SH,20260402,0.4528,1.1461,,2044232.2803,
300827.SZ,20260402,12.6601,15.7326,,2090376.8791,
301558.SZ,20260402,2.3277,2.3277,,635025.2345,
688455.SH,20260402,4.1476,8.9734,,458219.6262,
300912.SZ,20260402,4.4215,6.0123,,282035.31,
301511.SZ,20260402,5.5298,7.1495,,2405308.752,
688355.SH,20260402,1.3159,4.1742,,267621.1594,
600019.SH,20260402,0.2702,0.7369,,14027662.5784,
603507.SH,20260402,6.9762,9.3419,,751027.826,
600886.SH,20260402,0.2809,0.9006,,11326359.3807,
688171.SH,20260402,0.8061,1.4997,,384352.3592,
002666.SZ,20260402,1.8165,2.3665,,426307.6218,
000409.SZ,20260402,0.702,1.116,,693338.7666,
600395.SH,20260402,1.3575,2.9164,,1212843.0651,
300906.SZ,20260402,3.3769,6.7905,,250160.0,
601890.SH,20260402,2.6403,4.1062,,974750.4,
301498.SZ,20260402,2.2056,4.4079,,2080055.931,
300535.SZ,20260402,3.1425,3.885,,203016.6801,
000533.SZ,20260402,9.4534,15.255,,975432.192,
003031.SZ,20260402,3.5702,7.886,,3631877.6207,
600106.SH,20260402,0.7247,0.994,,709699.3831,
002009.SZ,20260402,7.1745,8.6918,,988689.2228,
000586.SZ,20260402,7.0576,10.5711,,331749.6,
688013.SH,20260402,2.5676,5.3098,,304982.7448,
601800.SH,20260402,0.163,0.7988,,12319905.6783,
603568.SH,20260402,0.2537,0.7915,,4278740.4036,
688425.SH,20260402,0.8417,3.0374,,2677415.494,
688428.SH,20260402,9.477,9.477,,5285108.6362,
002273.SZ,20260402,9.549,10.5032,,3454330.437,
600487.SH,20260402,6.0113,8.37,,13168068.2601,
002881.SZ,20260402,2.4673,3.4508,,1110780.6426,
301092.SZ,20260402,1.715,2.84,,435759.7849,
601908.SH,20260402,11.8796,21.9872,,1183155.4019,
300074.SZ,20260402,2.2877,2.6972,,228286.354,
600179.SH,20260402,1.4092,2.37,,1899955.6136,
920123.BJ,20260402,4.4581,7.0823,,142548.12,
300937.SZ,20260402,10.8204,13.0228,,298384.3812,
603960.SH,20260402,1.9339,3.1057,,535145.9139,
603689.SH,20260402,1.0655,2.8987,,435898.7764,
603002.SH,20260402,2.618,5.5845,,1101190.2322,
600584.SH,20260402,1.8381,2.3726,,6885667.2654,
688606.SH,20260402,0.3636,0.7696,,500182.9142,
688621.SH,20260402,3.3859,4.6759,,770448.0,
600535.SH,20260402,0.6893,1.3846,,2169215.4073,
920305.BJ,20260402,9.9388,16.1204,,93854.6726,
301275.SZ,20260402,1.5668,2.3243,,1696780.8,
002962.SZ,20260402,1.5253,1.7689,,393748.2252,
002779.SZ,20260402,1.1823,1.8677,,1601661.6,
603065.SH,20260402,0.8215,1.7965,,341458.5712,
300770.SZ,20260402,0.7835,1.4502,,886747.7962,
600925.SH,20260402,0.7155,0.9332,,3203333.3334,
688381.SH,20260402,0.7878,0.9956,,515047.5,
002564.SZ,20260402,1.2819,1.8037,,512765.9728,
688159.SH,20260402,2.3066,3.2635,,364574.2097,
600889.SH,20260402,1.0683,1.8406,,773412.8357,
000593.SZ,20260402,10.3822,16.2127,,608955.4533,
688183.SH,20260402,1.5006,5.1621,,6759378.8681,
300533.SZ,20260402,3.5247,4.0953,,661182.7554,
603256.SH,20260402,2.8641,17.7663,,6183752.938,
600316.SH,20260402,0.7048,1.3594,,2758022.4132,
300502.SZ,20260402,2.4636,2.5341,,44480922.7027,
601888.SH,20260402,0.8772,1.8782,,14544576.508,
002402.SZ,20260402,3.1291,3.193,,2773914.855,
920089.BJ,20260402,1.2712,1.454,,273161.084,
000790.SZ,20260402,3.6804,4.4827,,264457.0103,
603229.SH,20260402,1.7713,3.8032,,845242.4936,
300543.SZ,20260402,2.7668,3.0683,,287376.3113,
920992.BJ,20260402,4.2804,6.7105,,147611.4053,
002309.SZ,20260402,30.0415,32.0571,,1497817.3617,
688309.SH,20260402,2.9167,5.7398,,474740.1874,
002800.SZ,20260402,5.5553,11.0652,,315011.5956,
000755.SZ,20260402,0.3387,1.4935,,758599.3713,
002996.SZ,20260402,2.443,3.3963,,477308.4641,
688486.SH,20260402,1.1067,2.3068,,764367.6009,
600012.SH,20260402,0.26,1.2359,,2620979.9577,
002405.SZ,20260402,2.9394,3.2541,,2143066.5279,
600105.SH,20260402,15.041,20.021,,4428382.2553,
601999.SH,20260402,2.4639,7.5868,,418144.2573,
603969.SH,20260402,1.2606,2.1077,,777459.172,
002216.SZ,20260402,1.3878,2.8281,,1131509.8698,
600547.SH,20260402,1.2446,2.75,,18453547.8886,
001382.SZ,20260402,12.064,12.064,,896100.0,
002522.SZ,20260402,2.9977,3.9981,,522634.7063,
300861.SZ,20260402,1.6476,2.6547,,1054789.4908,
600561.SH,20260402,2.4542,4.0736,,184909.92,
300368.SZ,20260402,3.7991,5.4267,,574432.6139,
000553.SZ,20260402,0.6024,3.7582,,1470111.2243,
601600.SH,20260402,2.612,4.3096,,20037006.5099,
300631.SZ,20260402,2.5928,3.5304,,329489.4222,
603199.SH,20260402,1.5397,2.7803,,446925.84,
301522.SZ,20260402,1.5008,2.2839,,1139027.601,
688189.SH,20260402,6.5839,11.8173,,224733.6,
002429.SZ,20260402,2.1049,4.5704,,4309647.4579,
000869.SZ,20260402,0.1976,0.8205,,1273731.3681,
001367.SZ,20260402,15.5214,15.5214,,392304.34,
600156.SH,20260402,2.5193,4.2209,,292334.4804,
603166.SH,20260402,0.8175,2.0022,,845156.7022,
002549.SZ,20260402,4.2568,7.7167,,1259970.3966,
002373.SZ,20260402,1.0855,1.4934,,1499598.616,
603860.SH,20260402,2.4483,4.554,,209975.32,
002003.SZ,20260402,0.4518,0.6672,,1175811.8668,
920720.BJ,20260402,2.8341,2.9326,,316015.3686,
600673.SH,20260402,1.455,2.9771,,8989540.9612,
688733.SH,20260402,1.121,1.5391,,514820.6646,
300143.SZ,20260402,4.4178,7.7346,,989276.1173,
002298.SZ,20260402,10.4564,10.7474,,740110.901,
300292.SZ,20260402,4.3298,4.6309,,603794.2383,
688258.SH,20260402,2.6066,4.1898,,1320813.81,
688073.SH,20260402,5.685,8.7912,,563019.8629,
300855.SZ,20260402,1.9134,2.7106,,1450809.542,
301215.SZ,20260402,0.73,2.5034,,800959.5,
002839.SZ,20260402,1.1613,1.4678,,1109732.6182,
601916.SH,20260402,0.4577,0.6885,,8156996.881,
301632.SZ,20260402,1.8657,1.8657,,852188.16,
000949.SZ,20260402,3.3588,5.4597,,1057102.1502,
002380.SZ,20260402,2.4202,3.0874,,739414.2706,
603013.SH,20260402,0.5553,2.7396,,964600.7325,
603268.SH,20260402,2.0327,2.4212,,11357135.3668,
603739.SH,20260402,1.8827,4.5339,,380808.4433,
301178.SZ,20260402,3.6375,4.3281,,329918.568,
002446.SZ,20260402,2.0733,2.1295,,898022.8252,
600515.SH,20260402,0.7235,1.2065,,4124536.7663,
300148.SZ,20260402,3.1671,3.6052,,354810.1034,
603878.SH,20260402,1.965,3.2358,,414119.9422,
002443.SZ,20260402,5.9943,7.6152,,444537.3341,
301141.SZ,20260402,3.3636,3.3636,,599697.6452,
300886.SZ,20260402,2.7883,3.5537,,209509.198,
600050.SH,20260402,0.3916,0.9175,,13850140.4199,
300149.SZ,20260402,27.134,30.8486,,634406.1258,
002197.SZ,20260402,3.4641,4.0294,,463229.6477,
688270.SH,20260402,4.8241,6.7696,,2997150.5032,
300093.SZ,20260402,1.3808,1.7089,,1009260.0,
600026.SH,20260402,3.4754,9.5943,,13264090.9763,
002145.SZ,20260402,1.2671,1.9412,,1728229.1711,
300310.SZ,20260402,3.3397,3.3488,,521060.1918,
600338.SH,20260402,5.9395,6.4276,,1568784.6483,
600818.SH,20260402,1.281,1.4158,,279016.7859,
002317.SZ,20260402,6.553,7.7281,,1632716.4463,
920895.BJ,20260402,2.8464,4.1333,,94734.224,
601137.SH,20260402,1.2666,2.1505,,1655114.3849,
603898.SH,20260402,1.3466,4.0892,,422183.9041,
600666.SH,20260402,30.8438,36.4075,,1697643.0421,
603909.SH,20260402,1.5634,2.733,,289086.5123,
601066.SH,20260402,0.0919,0.5729,,16645867.0344,
603061.SH,20260402,2.5075,4.5702,,1632000.0,
605086.SH,20260402,0.618,2.2801,,621824.0,
688223.SH,20260402,1.1962,3.1465,,6849693.9908,
601399.SH,20260402,1.0245,3.156,,3231673.0387,
002820.SZ,20260402,2.7276,4.1321,,216937.7586,
920167.BJ,20260402,2.2021,4.0184,,187485.156,
002198.SZ,20260402,2.122,2.7311,,393827.642,
601866.SH,20260402,1.5349,4.1253,,3642553.0063,
688599.SH,20260402,1.9015,3.0227,,3745765.7299,
600714.SH,20260402,5.1444,7.9425,,503732.1252,
603665.SH,20260402,1.7305,2.9877,,489777.6133,
603121.SH,20260402,4.4351,9.2126,,614100.159,
002937.SZ,20260402,1.5438,3.3111,,797749.1346,
300358.SZ,20260402,2.1273,3.1483,,692924.71,
600369.SH,20260402,0.4877,0.9274,,2764365.3956,
301015.SZ,20260402,4.4933,18.0456,,1366622.6002,
300450.SZ,20260402,2.2181,3.2641,,7900650.947,
600359.SH,20260402,4.131,6.9216,,276215.2817,
601949.SH,20260402,0.3833,1.6716,,1188076.0657,
603899.SH,20260402,0.5442,1.4954,,2394522.9802,
000862.SZ,20260402,8.3167,10.9363,,595752.5977,
300048.SZ,20260402,2.4822,3.0469,,753702.6345,
002976.SZ,20260402,2.0345,3.2158,,388622.9835,
300030.SZ,20260402,2.8344,3.6552,,242402.855,
920187.BJ,20260402,4.7413,4.7413,,226387.2,
300387.SZ,20260402,2.503,4.1151,,250323.3776,
301289.SZ,20260402,0.4889,1.9943,,405522.0,
603230.SH,20260402,1.4262,5.0417,,425641.692,
000920.SZ,20260402,1.5506,3.3205,,529335.6522,
300019.SZ,20260402,1.0771,1.9746,,738273.1626,
300024.SZ,20260402,0.8809,1.1841,,2282673.8871,
920061.BJ,20260402,1.8165,3.5275,,158640.39,
300772.SZ,20260402,3.6613,6.1263,,1496584.3349,
600392.SH,20260402,2.299,3.1169,,3921073.0371,
600475.SH,20260402,1.0159,3.2294,,1648084.9168,
688543.SH,20260402,3.9768,3.9768,,1387755.2761,
000898.SZ,20260402,0.4075,1.5775,,2183028.5531,
600546.SH,20260402,1.1727,2.7861,,2240175.4382,
301231.SZ,20260402,3.8294,4.6486,,254212.8,
301551.SZ,20260402,1.8757,2.2596,,1112827.82,
600961.SH,20260402,1.6722,2.6934,,1849632.54,
603596.SH,20260402,1.6491,2.6439,,2662589.5897,
301137.SZ,20260402,2.858,8.4506,,850523.0852,
605122.SH,20260402,1.1325,3.4114,,223543.138,
301012.SZ,20260402,5.2511,8.2316,,588516.9641,
600828.SH,20260402,1.1889,7.7123,,890239.0286,
600165.SH,20260402,0.7128,2.0014,,531625.762,
000682.SZ,20260402,1.0737,1.8338,,1614235.3164,
920110.BJ,20260402,0.7888,1.1903,,131937.0,
688565.SH,20260402,1.8149,2.7881,,192702.51,
002721.SZ,20260402,1.0058,1.4388,,749944.7694,
603583.SH,20260402,1.3492,2.8245,,1275358.7772,
600108.SH,20260402,4.1127,5.7188,,885846.3801,
600583.SH,20260402,2.8835,6.4636,,3050734.812,
603308.SH,20260402,2.5305,3.8612,,4313946.2151,
688135.SH,20260402,3.029,4.0579,,586023.3077,
300626.SZ,20260402,5.0419,8.6996,,368820.0,
688583.SH,20260402,3.3611,3.3611,,1051783.2,
600523.SH,20260402,0.771,1.4363,,556736.6876,
603895.SH,20260402,1.4185,2.7075,,277225.2,
002602.SZ,20260402,1.0649,1.3067,,12508047.9004,
300255.SZ,20260402,6.9804,10.0555,,3935418.6796,
002116.SZ,20260402,0.9881,1.8661,,478836.2824,
000027.SZ,20260402,1.2473,4.9921,,3225510.363,
688685.SH,20260402,1.782,2.8029,,597979.988,
688191.SH,20260402,1.5493,2.9808,,963433.8888,
603976.SH,20260402,1.6056,5.5782,,309816.5842,
688063.SH,20260402,5.2473,7.5205,,1688316.9924,
002217.SZ,20260402,3.0364,4.287,,1660426.562,
920689.BJ,20260402,3.5043,4.4048,,207134.8,
000532.SZ,20260402,1.264,2.3894,,452946.7588,
002326.SZ,20260402,3.2438,4.0752,,2097264.3508,
002808.SZ,20260402,1.4164,1.5965,,128486.4,
603903.SH,20260402,1.3905,2.5243,,287489.7345,
300086.SZ,20260402,27.8425,39.3137,,450573.1669,
600298.SH,20260402,0.6765,1.1014,,3534205.5483,
600509.SH,20260402,2.1812,3.3268,,1120133.8867,
920020.BJ,20260402,1.4554,1.4554,,347090.135,
002224.SZ,20260402,4.898,6.0493,,406854.4621,
002613.SZ,20260402,1.9284,2.5379,,405009.2787,
300711.SZ,20260402,1.301,3.8872,,674162.4513,
003007.SZ,20260402,2.4534,4.7364,,407789.1,
603337.SH,20260402,0.3865,1.1241,,1828944.4817,
300243.SZ,20260402,8.1644,8.9364,,327621.9282,
688106.SH,20260402,6.1943,11.0401,,1323897.6528,
920300.BJ,20260402,4.851,6.0246,,103445.7868,
001379.SZ,20260402,2.8519,2.9142,,419000.0,
000426.SZ,20260402,3.0102,4.1425,,7095440.413,
688235.SH,20260402,3.8943,3.8943,,38427301.1352,
002085.SZ,20260402,1.0356,1.7132,,2928027.2801,
600600.SH,20260402,1.1791,2.7506,,8729484.5793,
000568.SZ,20260402,0.3047,0.6211,,15596697.0399,
605388.SH,20260402,1.8048,5.5115,,406527.668,
605255.SH,20260402,1.9104,7.6418,,1235815.36,
603618.SH,20260402,10.8509,23.1208,,1927555.2174,
603687.SH,20260402,19.1636,37.9895,,889401.5241,
002722.SZ,20260402,0.9542,1.5865,,316212.9982,
301297.SZ,20260402,1.0777,2.4003,,2448803.1354,
002111.SZ,20260402,1.6612,2.4139,,516050.0793,
600229.SH,20260402,0.3678,0.9664,,391139.0081,
920351.BJ,20260402,5.1204,5.7814,,160488.6053,
688099.SH,20260402,2.5323,3.121,,3229497.9205,
300352.SZ,20260402,4.5529,4.7579,,959783.5456,
600248.SH,20260402,0.4081,1.2765,,1290208.6737,
605066.SH,20260402,1.5722,2.6833,,402285.8496,
301502.SZ,20260402,3.0774,4.147,,239636.533,
003018.SZ,20260402,10.1687,13.2065,,793260.0,
301601.SZ,20260402,0.9162,1.1045,,320715.84,
603556.SH,20260402,0.5389,1.6511,,1615855.8369,
002727.SZ,20260402,1.5384,1.9365,,756014.9254,
002959.SZ,20260402,1.0918,1.3592,,706860.8558,
688435.SH,20260402,2.7002,3.0556,,347944.5,
001270.SZ,20260402,3.7828,7.1677,,2339610.2413,
002159.SZ,20260402,3.467,5.0519,,347333.2957,
688127.SH,20260402,2.4589,4.9554,,2375313.3404,
603192.SH,20260402,0.7459,2.4812,,396479.3485,
603893.SH,20260402,0.7881,1.6507,,6285870.3726,
688257.SH,20260402,5.7073,7.7501,,1636111.9229,
300340.SZ,20260402,1.9855,2.7441,,295076.2598,
000880.SZ,20260402,4.4924,4.4924,,1232446.3679,
605286.SH,20260402,1.8191,6.6148,,724080.0,
603291.SH,20260402,1.118,5.0329,,504478.96,
000779.SZ,20260402,1.2667,2.32,,408120.2589,
301024.SZ,20260402,1.3242,4.6851,,207668.61,
300063.SZ,20260402,7.6391,8.4789,,836655.4465,
002864.SZ,20260402,4.67,5.3543,,363268.3213,
300055.SZ,20260402,11.5022,12.8846,,1020834.5193,
603983.SH,20260402,0.7495,3.903,,1017738.0,
688517.SH,20260402,3.5672,5.9726,,254646.975,
002631.SZ,20260402,1.5311,3.2389,,524612.1357,
301091.SZ,20260402,0.5086,1.3597,,1098851.52,
600058.SH,20260402,0.6711,1.7926,,1173742.2285,
002015.SZ,20260402,10.5093,20.2203,,2660629.0423,
688200.SH,20260402,1.4712,2.3131,,3605183.785,
301261.SZ,20260402,2.6636,3.1792,,659967.4818,
002643.SZ,20260402,1.1431,2.117,,1457352.6163,
001211.SZ,20260402,2.4864,4.3512,,195840.0,
002466.SZ,20260402,3.5622,5.3063,,9583978.0695,
603005.SH,20260402,3.4654,4.1142,,1700211.6375,
002956.SZ,20260402,1.3801,2.961,,613705.6869,
600975.SH,20260402,1.6591,2.7652,,681065.6483,
000710.SZ,20260402,6.7786,8.8592,,382156.7037,
300147.SZ,20260402,2.1787,2.8195,,642101.9527,
603380.SH,20260402,0.466,1.0465,,532023.0192,
002753.SZ,20260402,2.2763,2.8287,,318506.5221,
002655.SZ,20260402,8.9911,10.3285,,663348.1735,
600585.SH,20260402,0.4051,0.7958,,12283783.3781,
300451.SZ,20260402,2.6864,3.1248,,743579.8522,
301358.SZ,20260402,2.5522,4.5051,,5388004.8701,
605369.SH,20260402,0.5933,1.8497,,394241.3928,
002364.SZ,20260402,3.9125,6.6127,,1444980.5574,
300747.SZ,20260402,1.8576,3.1676,,1512388.8,
601065.SH,20260402,1.1188,1.4388,,535432.4738,
002501.SZ,20260402,3.0395,3.9248,,674500.0,
300540.SZ,20260402,2.763,4.2272,,459118.22,
603856.SH,20260402,1.1931,3.0241,,359339.4204,
301090.SZ,20260402,0.6963,3.8985,,1133795.298,
002152.SZ,20260402,0.6216,1.2441,,2808706.0576,
002369.SZ,20260402,1.701,1.701,,390065.9206,
688109.SH,20260402,0.8261,1.6401,,985528.75,
600679.SH,20260402,0.8218,2.0812,,612169.5773,
603260.SH,20260402,0.5218,2.2719,,4698090.3835,
300970.SZ,20260402,12.6454,16.1603,,346738.5348,
600790.SH,20260402,0.4171,0.6923,,555534.7617,
603817.SH,20260402,3.5045,6.789,,405329.7517,
002620.SZ,20260402,13.9094,19.7133,,354844.36,
603228.SH,20260402,1.9018,4.4628,,5334759.3931,
600100.SH,20260402,1.1606,1.6983,,2606531.6207,
600162.SH,20260402,1.0741,3.3433,,565439.7951,
920195.BJ,20260402,0.9053,1.637,,186551.09,
002889.SZ,20260402,0.5302,1.1944,,494366.7208,
000012.SZ,20260402,0.9907,1.6321,,1353898.6209,
301121.SZ,20260402,2.5731,3.1683,,337886.2889,
301056.SZ,20260402,2.8339,6.2036,,398312.4938,
600278.SH,20260402,0.6785,1.7855,,638242.1877,
601098.SH,20260402,0.4002,1.1334,,1998948.0,
000897.SZ,20260402,1.5231,1.9259,,333158.0802,
600567.SH,20260402,0.9951,1.3289,,965040.3558,
920475.BJ,20260402,2.001,3.9545,,133298.14,
301280.SZ,20260402,3.1106,3.2095,,712487.7493,
920023.BJ,20260402,1.5814,1.7662,,121429.784,
301139.SZ,20260402,3.2798,3.6809,,211550.592,
301218.SZ,20260402,4.3847,5.3752,,376902.2,
688785.SH,20260402,4.4878,4.4878,,1958000.5186,
920866.BJ,20260402,1.8919,2.7593,,134613.8073,
002484.SZ,20260402,2.0579,3.2149,,2411235.3727,
688051.SH,20260402,1.1717,2.7654,,230609.988,
601138.SH,20260402,0.792,4.8859,,103189279.8768,
300813.SZ,20260402,10.4887,20.1721,,347356.9617,
600238.SH,20260402,1.9056,2.3424,,205723.8,
601975.SH,20260402,12.9071,18.6431,,2246565.4454,
300618.SZ,20260402,2.5388,3.2057,,1285862.3218,
002671.SZ,20260402,7.5353,12.7186,,274854.4568,
000923.SZ,20260402,1.5835,2.5158,,1175564.8588,
002427.SZ,20260402,1.9442,4.8793,,584361.6368,
601799.SH,20260402,1.1955,2.6157,,3461863.1994,
300357.SZ,20260402,3.3163,5.9924,,1384356.096,
002639.SZ,20260402,26.4115,28.0894,,1486486.5905,
002836.SZ,20260402,0.8611,2.1956,,313113.6,
300673.SZ,20260402,2.3933,3.1188,,373431.8411,
603009.SH,20260402,1.6975,2.819,,1628724.9101,
600662.SH,20260402,0.4326,1.5263,,1155429.4318,
920069.BJ,20260402,28.2836,28.2836,,200808.63,
002562.SZ,20260402,3.1048,3.4757,,689121.616,
300459.SZ,20260402,1.8614,1.9067,,1437966.6741,
002180.SZ,20260402,0.6187,0.8942,,2321928.2813,
300833.SZ,20260402,1.0071,2.1679,,413623.935,
600218.SH,20260402,1.7769,2.7052,,389426.3276,
601106.SH,20260402,0.6354,1.5837,,2907699.961,
002598.SZ,20260402,1.8526,2.8563,,281159.271,
688197.SH,20260402,5.1316,5.8897,,633395.6818,
688478.SH,20260402,1.4608,2.2396,,395173.5702,
600785.SH,20260402,1.5212,2.6282,,383347.5447,
603123.SH,20260402,1.6833,3.3843,,868226.7549,
600633.SH,20260402,1.5094,2.9482,,1541978.558,
003038.SZ,20260402,1.9362,2.3381,,344778.5675,
301301.SZ,20260402,2.7544,2.7544,,2444173.16,
688292.SH,20260402,2.4325,4.2788,,364677.3071,
603912.SH,20260402,10.0914,17.6756,,514756.3496,
688276.SH,20260402,0.5482,1.6466,,754925.1164,
002901.SZ,20260402,0.6037,2.3785,,1809679.2607,
002544.SZ,20260402,1.2206,1.8926,,1706778.9961,
603330.SH,20260402,1.1063,1.7061,,290324.0185,
601375.SH,20260402,0.8135,1.0686,,1857153.88,
301575.SZ,20260402,3.8741,3.8741,,385334.82,
688082.SH,20260402,0.4963,1.9307,,6727108.6939,
920015.BJ,20260402,3.7624,3.7624,,516509.0013,
002462.SZ,20260402,1.2074,1.6886,,426475.8094,
603659.SH,20260402,2.5769,5.5157,,6665565.1171,
300499.SZ,20260402,8.9702,9.3436,,1044255.3374,
688026.SH,20260402,1.0925,1.9623,,230478.3891,
301181.SZ,20260402,1.2691,2.9819,,456386.8434,
300494.SZ,20260402,2.1876,2.3655,,552314.3456,
300010.SZ,20260402,1.3963,1.4177,,1244100.8207,
688286.SH,20260402,1.6639,2.0584,,362034.0076,
603179.SH,20260402,1.7107,2.6476,,3382750.8925,
002414.SZ,20260402,1.4586,3.0642,,5522061.7876,
002021.SZ,20260402,3.0802,3.8351,,368207.0155,
002755.SZ,20260402,4.4945,14.8477,,1576944.4363,
300278.SZ,20260402,1.1015,1.5706,,643318.3611,
688069.SH,20260402,2.1507,4.0986,,328378.0,
688695.SH,20260402,1.4455,1.803,,204548.5641,
688601.SH,20260402,3.9193,6.2476,,703089.9093,
603315.SH,20260402,1.7308,3.9172,,438261.0492,
688299.SH,20260402,1.4475,1.7934,,462702.5593,
300975.SZ,20260402,8.3877,10.6669,,1197450.7678,
300941.SZ,20260402,2.1608,2.5834,,402538.5,
920896.BJ,20260402,1.7352,2.995,,167526.1172,
600426.SH,20260402,1.0561,1.5549,,7564914.0767,
002942.SZ,20260402,1.0569,3.1711,,297844.5042,
002040.SZ,20260402,2.8394,8.7093,,506976.9174,
688185.SH,20260402,2.3276,5.1103,,1689285.5112,
300006.SZ,20260402,8.6303,13.6996,,573359.7843,
300694.SZ,20260402,1.8977,2.8651,,252669.9177,
002822.SZ,20260402,0.9959,0.9959,,591135.4866,
688165.SH,20260402,1.0237,2.1168,,855719.2,
600791.SH,20260402,6.6809,12.218,,484581.6,
301446.SZ,20260402,1.9577,1.9577,,388128.0,
920045.BJ,20260402,3.7048,5.1243,,2222059.5414,
000544.SZ,20260402,0.6452,2.605,,822633.7079,
000681.SZ,20260402,3.0134,4.1037,,1392047.3653,
600210.SH,20260402,0.8508,1.161,,1038964.2682,
920363.BJ,20260402,1.5746,2.2417,,152433.65,
600137.SH,20260402,4.9019,11.0896,,209017.8142,
300250.SZ,20260402,2.4105,2.7346,,439255.1793,
600909.SH,20260402,0.8203,1.4383,,2783411.94,
688610.SH,20260402,5.1453,9.0173,,612680.0,
601339.SH,20260402,0.4094,1.5925,,1091686.232,
002019.SZ,20260402,2.743,3.3323,,1620231.5932,
301633.SZ,20260402,1.4739,1.7671,,334970.88,
600439.SH,20260402,0.9301,1.403,,287524.3018,
002304.SZ,20260402,0.3828,0.9929,,7810917.7087,
300771.SZ,20260402,2.013,2.3537,,326400.0,
688639.SH,20260402,1.5843,2.2886,,716581.4604,
920478.BJ,20260402,20.1164,25.0364,,150097.4909,
002559.SZ,20260402,2.543,2.778,,500835.9369,
600421.SH,20260402,2.5421,4.2555,,122641.2,
002897.SZ,20260402,4.1383,7.1333,,1157467.7551,
300150.SZ,20260402,1.9921,2.1837,,307765.7839,
603101.SH,20260402,1.0906,2.7581,,380083.2,
002095.SZ,20260402,0.8351,1.4952,,414208.08,
301237.SZ,20260402,1.1439,1.6658,,413280.0,
600879.SH,20260402,3.0909,4.1514,,6945025.0981,
300461.SZ,20260402,8.5093,15.1022,,1035160.657,
603836.SH,20260402,1.1299,2.7049,,263316.8091,
300316.SZ,20260402,1.032,2.1452,,5425398.521,
600808.SH,20260402,0.5704,1.5237,,2887755.4448,
605288.SH,20260402,0.6752,2.5526,,617682.1249,
301449.SZ,20260402,9.6198,9.6198,,483000.0052,
688391.SH,20260402,0.762,1.5304,,336214.9736,
002051.SZ,20260402,7.3107,20.109,,1226272.2566,
301369.SZ,20260402,2.1597,2.8875,,909716.8802,
688363.SH,20260402,0.4398,1.0939,,2007634.9127,
600877.SH,20260402,1.1269,1.92,,1866077.7594,
300841.SZ,20260402,1.4504,2.0837,,759149.784,
002801.SZ,20260402,1.2734,2.1631,,695555.328,
920806.BJ,20260402,0.7917,2.4373,,338328.7504,
300839.SZ,20260402,7.8181,14.0317,,492294.2067,
002731.SZ,20260402,9.4913,11.3179,,179309.2,
002102.SZ,20260402,7.6533,9.8441,,742688.037,
300883.SZ,20260402,1.8549,2.3464,,223862.0,
603131.SH,20260402,1.4532,2.7859,,682237.1205,
688630.SH,20260402,2.4418,3.7988,,2472773.2393,
301591.SZ,20260402,4.698,4.698,,345817.32,
300391.SZ,20260402,10.8424,13.7512,,10860.4195,
002947.SZ,20260402,2.6635,3.1399,,1297956.4962,
603015.SH,20260402,0.9971,1.9942,,490317.647,
301176.SZ,20260402,5.5909,16.2755,,430443.7342,
301059.SZ,20260402,1.0963,3.4859,,312057.9,
600768.SH,20260402,3.4297,5.4656,,228172.7232,
300051.SZ,20260402,8.4059,10.4804,,453489.5641,
002028.SZ,20260402,1.3676,1.5086,,16371579.5795,
002965.SZ,20260402,1.9899,2.1736,,757926.3053,
300635.SZ,20260402,4.1139,4.8006,,191399.138,
300643.SZ,20260402,1.6395,2.9035,,383880.8864,
300207.SZ,20260402,4.3944,5.7441,,4572469.5539,
601995.SH,20260402,0.2865,0.8482,,15635484.9955,
603019.SH,20260402,1.6619,1.9899,,11424008.0415,
601288.SH,20260402,0.1762,1.9658,,242188259.4401,
600612.SH,20260402,0.3139,1.027,,2178785.4871,
002248.SZ,20260402,3.6281,4.3979,,364074.7904,
300376.SZ,20260402,1.1431,2.3686,,1448165.5761,
600686.SH,20260402,1.9301,3.5092,,1292119.4454,
000623.SZ,20260402,0.6306,0.8693,,2117930.7304,
300045.SZ,20260402,2.6845,2.9046,,1420113.0307,
000518.SZ,20260402,0.7611,1.1738,,298571.3044,
600167.SH,20260402,0.7176,2.4089,,1520628.7911,
603299.SH,20260402,0.7218,1.9399,,1097373.8283,
002108.SZ,20260402,4.7972,5.9796,,799570.1299,
300079.SZ,20260402,1.7529,1.8001,,738682.5361,
600025.SH,20260402,0.1056,1.056,,18407521.1259,
688132.SH,20260402,0.6497,1.1895,,249953.785,
688259.SH,20260402,1.1567,2.1019,,387599.0,
301316.SZ,20260402,1.3517,2.4498,,1597416.0,
601116.SH,20260402,2.3633,6.3611,,745937.9808,
605016.SH,20260402,0.7848,1.8072,,1055070.9478,
600148.SH,20260402,0.9763,1.9142,,254588.0936,
920679.BJ,20260402,0.7289,1.5357,,98296.0,
300943.SZ,20260402,5.4893,6.6575,,551536.92,
688179.SH,20260402,3.2995,6.0259,,558604.1083,
300858.SZ,20260402,8.9937,10.9775,,492999.3658,
002605.SZ,20260402,1.7669,2.8311,,861643.1157,
300887.SZ,20260402,2.9899,4.6252,,545191.4758,
600076.SH,20260402,1.1157,1.8337,,465212.005,
300277.SZ,20260402,3.2527,3.7517,,2796619.1867,
002204.SZ,20260402,1.5159,3.401,,1272772.8511,
300366.SZ,20260402,1.5677,1.6587,,335989.611,
601390.SH,20260402,0.9178,2.0837,,13207128.732,
603225.SH,20260402,1.5723,3.4548,,2908774.2145,
300551.SZ,20260402,2.7931,3.4429,,458064.6441,
000890.SZ,20260402,23.3321,39.1438,,667011.3091,
920433.BJ,20260402,3.9111,6.9369,,138964.3868,
003015.SZ,20260402,2.5712,2.9663,,397147.2005,
301082.SZ,20260402,1.9122,3.7353,,389704.3976,
603307.SH,20260402,0.6054,2.3859,,259645.678,
920729.BJ,20260402,3.8508,3.9326,,228247.25,
688028.SH,20260402,5.4633,8.882,,1335143.905,
002319.SZ,20260402,2.7472,3.7124,,224345.0582,
603032.SH,20260402,1.6099,3.1722,,406282.1308,
600549.SH,20260402,3.1298,4.9704,,8472945.5534,
000683.SZ,20260402,0.9747,1.2915,,3077536.5317,
600917.SH,20260402,0.6801,1.51,,852327.709,
600874.SH,20260402,1.003,2.3969,,951673.3595,
688372.SH,20260402,2.8948,3.9799,,2172092.906,
300825.SZ,20260402,2.7708,3.1306,,459193.3235,
600067.SH,20260402,1.5333,2.3978,,541359.1395,
002039.SZ,20260402,3.8342,6.359,,802099.0444,
920273.BJ,20260402,2.432,4.4397,,229555.2214,
301186.SZ,20260402,2.9801,8.3769,,451400.8158,
688721.SH,20260402,1.6644,1.6644,,502227.0,
300409.SZ,20260402,2.5422,2.6154,,1915727.6859,
920579.BJ,20260402,2.5768,2.5768,,228402.72,
603017.SH,20260402,17.1952,30.6426,,446323.5135,
300194.SZ,20260402,3.4271,3.6998,,510386.6119,
000639.SZ,20260402,9.2073,11.5121,,259062.7428,
300350.SZ,20260402,3.1905,3.4025,,294494.4342,
300152.SZ,20260402,2.3653,2.5126,,166082.4,
600302.SH,20260402,2.0324,3.5513,,385800.9315,
300448.SZ,20260402,5.9632,9.8044,,456649.0283,
002383.SZ,20260402,1.4083,2.4425,,704082.6501,
603681.SH,20260402,2.7111,4.0867,,362971.1925,
300426.SZ,20260402,1.6126,2.1675,,343642.084,
688045.SH,20260402,2.3645,4.8549,,300512.1352,
920946.BJ,20260402,2.5965,9.3862,,444421.9919,
300787.SZ,20260402,1.8262,2.3379,,359194.2409,
002296.SZ,20260402,3.758,3.9074,,435940.49,
300406.SZ,20260402,0.7795,1.2602,,712364.983,
300625.SZ,20260402,1.31,2.0855,,318158.009,
688595.SH,20260402,1.554,2.6686,,419168.0148,
688448.SH,20260402,1.4755,2.9878,,374383.2675,
600618.SH,20260402,1.1111,3.9478,,1431623.1703,
688778.SH,20260402,0.7212,2.0804,,3563119.046,
605169.SH,20260402,1.4201,4.8413,,344264.96,
688366.SH,20260402,0.1862,0.4144,,917163.8093,
000670.SZ,20260402,12.5108,14.7343,,658885.6989,
301608.SZ,20260402,1.7751,2.5006,,725980.42,
000800.SZ,20260402,0.3151,1.4414,,3297258.2533,
002672.SZ,20260402,3.0959,6.3909,,489628.3203,
300628.SZ,20260402,0.6435,0.8996,,4165011.1565,
603324.SH,20260402,1.8771,5.2136,,368312.8725,
002975.SZ,20260402,2.3761,2.8878,,1113141.2058,
301456.SZ,20260402,4.0744,4.93,,426669.975,
605378.SH,20260402,0.5404,1.9427,,511193.5584,
920304.BJ,20260402,1.5529,2.6881,,208362.202,
600217.SH,20260402,0.7087,1.1282,,624935.4347,
603090.SH,20260402,2.8179,5.672,,591200.0,
002490.SZ,20260402,19.9053,35.2269,,794657.0064,
920570.BJ,20260402,2.1321,3.1132,,144990.7827,
000975.SZ,20260402,1.2142,1.8687,,8269078.9052,
002037.SZ,20260402,0.9321,1.6794,,386622.9692,
600289.SH,20260402,0.6996,1.0163,,451833.2814,
300395.SZ,20260402,3.2568,4.0376,,4769870.6575,
601607.SH,20260402,0.7134,1.9934,,6426591.015,
002458.SZ,20260402,2.0445,2.2828,,1032283.2497,
600882.SH,20260402,1.3721,2.9655,,916056.35,
001283.SZ,20260402,4.9675,5.1008,,673916.1008,
000718.SZ,20260402,1.445,2.1889,,625135.0951,
002141.SZ,20260402,1.4629,2.1094,,382186.2453,
920174.BJ,20260402,2.019,3.6408,,843326.2162,
600500.SH,20260402,0.7314,1.6005,,1560913.2418,
300542.SZ,20260402,1.3272,1.9711,,446347.049,
000423.SZ,20260402,1.0479,1.5818,,3675819.7114,
300015.SZ,20260402,0.7113,1.3421,,8989682.3899,
300699.SZ,20260402,1.5895,2.5023,,2822440.04,
600460.SH,20260402,1.2718,1.8601,,4191796.9776,
002389.SZ,20260402,1.9941,3.1667,,2109690.117,
688625.SH,20260402,0.7765,1.9737,,990191.5604,
000650.SZ,20260402,1.7773,2.4066,,824563.6198,
605058.SH,20260402,1.7278,5.7532,,471363.1871,
300809.SZ,20260402,2.5029,3.2248,,815128.528,
002957.SZ,20260402,7.791,18.085,,1225508.8358,
002279.SZ,20260402,2.3355,3.0255,,688903.2899,
301067.SZ,20260402,2.3129,3.0933,,296083.62,
000917.SZ,20260402,3.9319,4.7179,,1316909.838,
600604.SH,20260402,1.6656,4.1639,,934779.0972,
688267.SH,20260402,1.4759,2.5896,,503227.2,
301150.SZ,20260402,3.1837,6.0075,,1274854.1306,
600685.SH,20260402,1.6631,4.017,,3942269.2882,
600099.SH,20260402,2.9502,5.0956,,245633.52,
688466.SH,20260402,0.9028,2.0658,,209005.7541,
920819.BJ,20260402,0.409,1.0565,,440062.2,
002352.SZ,20260402,0.5435,1.0766,,19220387.5799,
688312.SH,20260402,3.844,7.249,,728710.3088,
300577.SZ,20260402,0.7537,1.0397,,442258.0395,
000912.SZ,20260402,3.9464,7.8212,,815360.0,
600094.SH,20260402,1.3262,2.0623,,971829.1188,
002778.SZ,20260402,2.7959,3.9788,,251627.4061,
300894.SZ,20260402,1.409,2.5702,,409938.6339,
000011.SZ,20260402,1.492,4.1998,,500622.4373,
600941.SH,20260402,0.6757,0.709,,201987822.4836,
002918.SZ,20260402,2.4243,3.6686,,452548.7723,
002592.SZ,20260402,1.7004,2.6944,,245081.4508,
002396.SZ,20260402,2.567,3.4924,,1503479.3166,
300304.SZ,20260402,1.5453,2.6766,,1138074.2585,
300935.SZ,20260402,2.8872,4.1269,,225583.1312,
301107.SZ,20260402,1.6945,3.3192,,272189.9656,
920932.BJ,20260402,1.6955,2.2943,,160027.1817,
300877.SZ,20260402,1.5697,3.167,,315120.0,
600822.SH,20260402,0.6734,1.6931,,497956.8057,
000637.SZ,20260402,4.055,5.1346,,239142.6638,
688513.SH,20260402,4.4125,8.3843,,1364417.8066,
688556.SH,20260402,3.8669,4.9893,,1133175.646,
603277.SH,20260402,0.2019,0.9488,,872066.7124,
001965.SZ,20260402,0.1808,0.6819,,6767914.612,
600120.SH,20260402,0.9402,1.8755,,1888705.9651,
688175.SH,20260402,2.3787,4.8064,,413814.4,
603098.SH,20260402,2.855,8.2777,,816026.3667,
600603.SH,20260402,0.8811,2.0598,,816237.1393,
000925.SZ,20260402,2.2368,2.2368,,476840.7499,
688326.SH,20260402,1.0486,1.9765,,1378841.2762,
605222.SH,20260402,2.7551,7.3696,,946787.3288,
688536.SH,20260402,3.0784,4.788,,2279626.2243,
000505.SZ,20260402,1.7564,3.8227,,500868.7229,
688203.SH,20260402,0.8202,1.4669,,239970.8325,
300722.SZ,20260402,0.8293,2.4288,,801486.7661,
688981.SH,20260402,1.4695,1.6327,,74573571.9331,
000930.SZ,20260402,1.9988,4.5187,,1277232.3684,
002346.SZ,20260402,0.9151,1.8903,,833252.81,
600351.SH,20260402,3.2798,3.7972,,465716.031,
300723.SZ,20260402,8.7674,23.8024,,1689330.9448,
002178.SZ,20260402,1.8158,2.4836,,440110.5546,
003035.SZ,20260402,1.6922,6.3105,,2833333.3327,
600803.SH,20260402,0.444,1.6429,,7018144.8376,
605055.SH,20260402,3.3987,13.0804,,468600.0,
603338.SH,20260402,0.4366,0.9995,,2459837.9962,
605111.SH,20260402,1.9165,2.4799,,1546283.1469,
301029.SZ,20260402,2.0926,2.8396,,1497352.603,
688611.SH,20260402,0.6267,1.4372,,781059.8432,
003022.SZ,20260402,0.665,2.5679,,2620384.416,
603257.SH,20260402,3.7208,3.7208,,646560.0,
000558.SZ,20260402,1.4963,2.1349,,582729.2249,
300334.SZ,20260402,2.1481,3.5867,,217789.1217,
688518.SH,20260402,1.8007,2.0845,,810647.1006,
301016.SZ,20260402,2.0739,6.4942,,474583.2,
600661.SH,20260402,1.0647,1.6747,,274800.328,
920159.BJ,20260402,8.7491,8.7491,,316236.0,
603466.SH,20260402,1.9628,3.3244,,546637.4994,
300294.SZ,20260402,1.0271,1.7646,,963619.3383,
002595.SZ,20260402,0.4786,0.973,,6304000.0,
688285.SH,20260402,2.2645,9.0555,,320222.716,
600973.SH,20260402,1.8547,3.0794,,907844.4562,
600645.SH,20260402,6.3822,8.2863,,1477782.5946,
600180.SH,20260402,1.1894,3.2453,,367280.0828,
689009.SH,20260402,2.0203,2.0769,,3142112.8534,
002469.SZ,20260402,2.7247,3.528,,583976.367,
600999.SH,20260402,0.282,0.6939,,13610064.4514,
002936.SZ,20260402,1.0503,1.3728,,1672944.8099,
300430.SZ,20260402,2.6252,3.6352,,478651.0334,
301062.SZ,20260402,2.0166,2.2595,,342734.0867,
300463.SZ,20260402,1.5047,1.6259,,666947.2863,
300383.SZ,20260402,11.5066,15.0275,,2926481.1549,
605003.SH,20260402,0.5728,2.1494,,313060.0,
688047.SH,20260402,0.9851,2.4125,,5147236.0,
002550.SZ,20260402,6.9125,7.9335,,1032798.6,
600834.SH,20260402,0.8587,2.0658,,399091.2726,
920665.BJ,20260402,3.826,5.9179,,144028.92,
688676.SH,20260402,2.3023,3.8504,,3356425.8572,
300613.SZ,20260402,1.324,2.3177,,920044.6447,
601022.SH,20260402,0.7799,4.1048,,1193473.6006,
600883.SH,20260402,2.5574,4.7023,,190523.016,
001390.SZ,20260402,4.162,4.162,,429200.0,
600368.SH,20260402,0.5325,1.1066,,624545.6969,
003023.SZ,20260402,4.1851,8.5208,,257244.1872,
920476.BJ,20260402,2.7421,3.729,,173766.792,
300165.SZ,20260402,4.4453,5.27,,235863.5811,
002868.SZ,20260402,0.4705,0.7041,,581721.4779,
002527.SZ,20260402,1.1371,1.3337,,877893.1493,
002133.SZ,20260402,1.6319,2.4108,,260886.587,
920395.BJ,20260402,0.8111,1.3489,,146482.2758,
001338.SZ,20260402,1.6887,3.4831,,672821.0484,
002457.SZ,20260402,1.6316,2.2212,,361499.6912,
000510.SZ,20260402,7.0663,7.8781,,915743.5477,
601231.SH,20260402,1.7798,6.1871,,8046505.9027,
600207.SH,20260402,10.7852,23.7005,,773411.9133,
600226.SH,20260402,1.222,1.9793,,1383087.2692,
688161.SH,20260402,0.6989,3.6462,,1248000.0,
301381.SZ,20260402,0.83,1.3694,,781498.5334,
000069.SZ,20260402,0.5039,1.015,,1752231.2556,
601360.SH,20260402,0.9857,2.3943,,7356535.3308,
600109.SH,20260402,0.5652,0.8922,,3086568.97,
001203.SZ,20260402,2.254,6.1858,,6241170.4509,
000955.SZ,20260402,1.8858,2.497,,263275.155,
600527.SH,20260402,4.1545,5.9249,,432940.2255,
002719.SZ,20260402,5.6806,7.0512,,148366.8174,
603815.SH,20260402,1.4301,2.8735,,364546.3744,
300443.SZ,20260402,6.2591,6.999,,893175.5284,
603938.SH,20260402,6.5779,19.6615,,962300.61,
688208.SH,20260402,1.2967,2.0789,,2276613.3019,
300422.SZ,20260402,1.782,2.9399,,258398.1083,
300127.SZ,20260402,1.6125,3.4834,,918058.8088,
002653.SZ,20260402,0.9825,2.329,,6478725.4565,
600169.SH,20260402,0.5946,1.2248,,803304.7608,
002692.SZ,20260402,5.7523,8.0665,,428733.162,
000688.SZ,20260402,2.5552,7.5556,,4703533.7251,
688066.SH,20260402,4.757,6.6952,,474742.7729,
688628.SH,20260402,2.7408,5.6978,,511448.4827,
603696.SH,20260402,3.2463,8.0555,,379612.8,
300429.SZ,20260402,2.2434,2.5299,,655433.7227,
301556.SZ,20260402,5.0164,5.9072,,707482.88,
688818.SH,20260402,11.3429,11.3429,,9935204.6508,
000425.SZ,20260402,0.9183,1.0106,,12101074.2246,
600325.SH,20260402,1.3926,1.9373,,963253.2406,
605376.SH,20260402,2.2261,3.5339,,2474212.8,
600996.SH,20260402,7.041,13.2916,,1199421.4595,
600132.SH,20260402,0.9938,2.4844,,2806548.9772,
002096.SZ,20260402,0.6274,1.687,,1428987.767,
600845.SH,20260402,0.6296,1.9274,,6539634.111,
000153.SZ,20260402,3.4643,4.8779,,314127.4129,
002086.SZ,20260402,2.4833,2.4833,,411378.765,
300020.SZ,20260402,2.2338,2.3993,,326612.6473,
605567.SH,20260402,2.0393,3.3002,,216800.0,
000506.SZ,20260402,3.5834,5.3485,,1559820.8207,
603527.SH,20260402,2.9037,4.7045,,344864.6656,
688655.SH,20260402,5.9244,10.7427,,309864.97,
600988.SH,20260402,5.3673,6.2805,,8551850.301,
002548.SZ,20260402,2.2853,3.3199,,448870.1226,
301131.SZ,20260402,2.3946,2.749,,225209.224,
000605.SZ,20260402,1.8382,3.1231,,238749.8722,
300584.SZ,20260402,14.0156,20.0096,,555120.0,
003040.SZ,20260402,0.7473,1.4294,,730439.3796,
688032.SH,20260402,2.3555,6.3965,,1484291.8188,
605128.SH,20260402,0.8237,1.3074,,670998.8077,
000983.SZ,20260402,1.2939,3.0294,,3786626.4064,
688338.SH,20260402,0.7493,1.2487,,313969.2192,
002638.SZ,20260402,3.8051,5.523,,610552.5983,
301195.SZ,20260402,0.8261,1.7358,,402813.012,
002081.SZ,20260402,0.6035,1.1925,,894844.0832,
300423.SZ,20260402,4.1847,4.9803,,400496.5885,
603102.SH,20260402,1.2683,2.2632,,268736.0,
300359.SZ,20260402,1.2447,1.9727,,307800.0431,
002452.SZ,20260402,3.6235,3.8054,,633359.0588,
688088.SH,20260402,1.0006,1.6946,,1538889.6544,
002853.SZ,20260402,1.7713,2.671,,447046.5769,
920086.BJ,20260402,7.4202,7.4202,,262336.8,
002044.SZ,20260402,1.9204,2.537,,2203724.9586,
000151.SZ,20260402,2.6842,4.0693,,409507.6358,
601177.SH,20260402,0.7982,1.4515,,583030.305,
600671.SH,20260402,1.5356,2.7073,,264503.7382,
603985.SH,20260402,8.3925,14.8316,,876866.568,
000403.SZ,20260402,0.7528,1.2116,,1240268.5887,
300620.SZ,20260402,10.0158,19.6619,,4985355.1638,
601880.SH,20260402,0.6969,2.1493,,3865769.8229,
920670.BJ,20260402,4.4916,5.4539,,177749.3376,
300836.SZ,20260402,1.7899,2.0718,,491233.733,
300348.SZ,20260402,2.4307,2.4966,,1023530.2084,
002210.SZ,20260402,2.2173,3.1655,,689259.2885,
300381.SZ,20260402,1.8668,2.6334,,321645.257,
002748.SZ,20260402,1.6566,3.5661,,277440.0,
300918.SZ,20260402,1.1993,2.3069,,702008.4502,
002395.SZ,20260402,2.3102,6.5121,,481703.364,
300843.SZ,20260402,5.5972,12.6967,,894653.1916,
300684.SZ,20260402,3.0252,3.5006,,1414881.5695,
603667.SH,20260402,3.8432,6.0379,,2437811.8399,
688779.SH,20260402,1.1673,2.0717,,1990954.6272,
300267.SZ,20260402,6.6111,8.739,,829167.1577,
300553.SZ,20260402,3.2127,3.7579,,432989.2632,
601933.SH,20260402,0.8076,1.7412,,3403138.8724,
920942.BJ,20260402,5.1371,6.5399,,161719.5627,
601658.SH,20260402,0.265,1.8632,,62209237.7089,
002819.SZ,20260402,0.7646,1.5279,,719064.24,
688718.SH,20260402,1.4974,4.0935,,259415.3028,
603306.SH,20260402,2.9987,4.113,,2726569.8424,
002424.SZ,20260402,1.0993,1.3465,,721160.7744,
603328.SH,20260402,3.3663,8.2065,,1123247.9374,
603989.SH,20260402,0.8599,2.5162,,675931.8627,
603194.SH,20260402,0.4877,0.4877,,1307661.0,
600884.SH,20260402,2.6114,2.8474,,2955728.502,
688325.SH,20260402,1.7288,3.3763,,1012047.2872,
002237.SZ,20260402,1.7064,2.5284,,2109206.3518,
300113.SZ,20260402,12.3836,13.8547,,1819652.9103,
601808.SH,20260402,1.4389,7.7504,,7706121.08,
688772.SH,20260402,2.4685,4.1102,,1703939.4845,
301209.SZ,20260402,1.252,3.4924,,972832.0,
000008.SZ,20260402,16.6232,27.3016,,847509.8371,
300134.SZ,20260402,0.9354,1.9375,,763660.516,
301138.SZ,20260402,1.6695,3.4677,,433080.0,
603323.SH,20260402,1.1721,1.3557,,989085.3041,
300528.SZ,20260402,1.8517,4.6831,,593564.63,
000691.SZ,20260402,1.5974,1.8875,,379195.71,
002551.SZ,20260402,2.659,3.1223,,308605.521,
301361.SZ,20260402,6.926,7.0348,,412178.448,
000096.SZ,20260402,1.9436,4.2299,,539088.0,
300698.SZ,20260402,1.1974,2.227,,455332.0,
688602.SH,20260402,1.722,1.722,,389531.25,
600712.SH,20260402,0.9524,1.3397,,334963.0464,
300167.SZ,20260402,2.9054,3.1528,,228951.912,
600773.SH,20260402,3.5686,6.0643,,1733791.268,
920790.BJ,20260402,1.2928,2.8303,,205945.9882,
605398.SH,20260402,3.0748,9.9303,,442425.8345,
603855.SH,20260402,0.4385,0.7623,,649033.653,
002824.SZ,20260402,4.4471,6.0073,,614578.2051,
603278.SH,20260402,1.4192,2.879,,369441.9028,
300246.SZ,20260402,5.9984,6.7731,,377063.8022,
300314.SZ,20260402,2.9865,4.4634,,372096.0,
688569.SH,20260402,1.2156,4.8626,,428917.4012,
603325.SH,20260402,1.6288,1.6288,,575388.768,
600805.SH,20260402,1.4651,2.2844,,438210.6644,
688246.SH,20260402,2.2664,3.8452,,265677.7897,
603766.SH,20260402,2.3983,4.0019,,2868797.9645,
603408.SH,20260402,0.5182,1.9557,,527240.994,
000004.SZ,20260402,0.5363,0.7252,,54540.6762,
601628.SH,20260402,0.0863,1.1978,,102770467.38,
301042.SZ,20260402,1.7204,2.6037,,648708.1604,
002350.SZ,20260402,4.2357,6.8919,,741909.2882,
600505.SH,20260402,7.9713,18.0536,,497270.07,
688172.SH,20260402,1.1966,1.7172,,5275048.8684,
000913.SZ,20260402,3.2077,6.0859,,806214.6485,
601233.SH,20260402,1.1564,1.9545,,4327403.7103,
920357.BJ,20260402,1.4742,2.5046,,174254.08,
000967.SZ,20260402,4.4391,12.9202,,2948425.3062,
600062.SH,20260402,1.3629,3.4575,,1961882.3633,
601111.SH,20260402,0.6891,2.145,,12004513.648,
601216.SH,20260402,1.1712,3.1178,,4489025.2515,
002175.SZ,20260402,3.2458,4.0174,,388141.341,
688576.SH,20260402,1.8251,1.8333,,324460.9279,
301040.SZ,20260402,7.1294,10.9066,,284002.9706,
605186.SH,20260402,0.9544,1.9186,,264248.0,
688603.SH,20260402,6.3002,6.3176,,959131.5896,
688321.SH,20260402,3.5525,4.259,,1371346.2246,
605368.SH,20260402,1.0856,2.6183,,591003.9017,
688359.SH,20260402,2.2214,3.6388,,735509.4996,
603058.SH,20260402,2.0088,4.1308,,486428.5607,
002922.SZ,20260402,4.5581,6.1349,,1454559.4482,
603786.SH,20260402,0.5029,2.4042,,2189307.1707,
301585.SZ,20260402,0.71,0.71,,285584.0,
920271.BJ,20260402,1.6512,2.8324,,181451.501,
003003.SZ,20260402,4.0797,5.0688,,232563.52,
300424.SZ,20260402,1.9344,2.2748,,397604.8993,
002533.SZ,20260402,2.1488,2.8693,,979811.3178,
000761.SZ,20260402,0.6044,3.9936,,1273554.555,
300712.SZ,20260402,1.9582,3.4398,,534506.1998,
688692.SH,20260402,1.125,1.5906,,2379851.84,
000935.SZ,20260402,0.5768,1.5553,,1969676.0591,
002150.SZ,20260402,8.0508,15.7495,,1091628.1291,
301191.SZ,20260402,7.4985,11.8486,,936879.762,
000915.SZ,20260402,1.1128,1.6296,,750563.7465,
688439.SH,20260402,1.4576,3.6365,,967800.0,
600243.SH,20260402,1.0,1.1092,,131216.15,
300759.SZ,20260402,4.7666,7.1422,,5625762.4689,
601059.SH,20260402,0.1711,0.8021,,5337978.0,
600054.SH,20260402,2.2478,5.3242,,961322.1019,
603488.SH,20260402,1.8046,2.8667,,295494.3253,
603006.SH,20260402,0.8689,3.0819,,326462.457,
600797.SH,20260402,2.0246,2.1608,,909360.8375,
300041.SZ,20260402,3.1252,3.7948,,591322.4504,
300678.SZ,20260402,1.1129,1.6146,,835512.96,
688180.SH,20260402,4.1911,6.5129,,3989716.8387,
920242.BJ,20260402,1.254,1.6791,,154342.3473,
688251.SH,20260402,3.6483,8.4668,,357440.5581,
603127.SH,20260402,7.7033,12.0359,,2731374.2619,
000929.SZ,20260402,1.2629,1.7181,,171462.018,
920130.BJ,20260402,1.3922,2.5953,,179966.5534,
002191.SZ,20260402,0.5192,0.7553,,531351.0532,
600582.SH,20260402,0.6134,1.5669,,2363134.2573,
300845.SZ,20260402,3.8343,4.2548,,230729.3142,
603565.SH,20260402,0.7227,1.7635,,2436073.1995,
002076.SZ,20260402,2.4338,2.7542,,228479.6451,
688409.SH,20260402,1.0988,1.7935,,2719457.8573,
688503.SH,20260402,3.2941,3.6418,,2009363.3042,
002270.SZ,20260402,0.9747,1.726,,2428770.918,
920124.BJ,20260402,1.8277,2.0875,,234998.6377,
002908.SZ,20260402,1.219,1.5468,,382248.83,
301109.SZ,20260402,3.7714,3.8712,,1225473.6076,
301112.SZ,20260402,0.7474,2.2729,,353294.1864,
300195.SZ,20260402,2.826,3.0339,,313120.0317,
603165.SH,20260402,6.172,11.0189,,494767.046,
300085.SZ,20260402,5.2847,7.8248,,2502920.775,
688112.SH,20260402,1.0805,3.4848,,629928.8972,
300806.SZ,20260402,5.5471,6.161,,2081102.6093,
605399.SH,20260402,0.899,2.4546,,437711.8699,
600388.SH,20260402,1.064,1.5179,,2292433.5589,
300364.SZ,20260402,6.2876,7.2195,,1911584.3096,
301626.SZ,20260402,3.792,3.792,,2810908.32,
000592.SZ,20260402,26.0126,31.4475,,2428248.5812,
600061.SH,20260402,0.2788,0.7726,,4443820.024,
688449.SH,20260402,1.98,3.66,,1933840.0,
300750.SZ,20260402,0.524,0.8826,,183088730.9079,
920056.BJ,20260402,2.1202,2.1202,,178332.9811,
300315.SZ,20260402,2.2149,2.2511,,1294238.0594,
000938.SZ,20260402,2.9777,4.1359,,6921393.2951,
001231.SZ,20260402,2.9418,4.3652,,232960.14,
600887.SH,20260402,0.3931,0.4299,,16717928.2429,
002354.SZ,20260402,2.4569,2.4569,,921604.3017,
300307.SZ,20260402,0.7094,1.0842,,512354.4166,
300637.SZ,20260402,1.6261,2.619,,260572.6443,
001311.SZ,20260402,1.5068,2.6344,,962578.9354,
300762.SZ,20260402,4.5604,5.5452,,2288307.2732,
000625.SZ,20260402,0.5273,0.9442,,9893098.2638,
301136.SZ,20260402,3.5836,7.7087,,429319.5192,
002681.SZ,20260402,1.571,1.6408,,927835.2039,
301234.SZ,20260402,1.1245,1.5842,,252008.0,
000922.SZ,20260402,1.0994,1.7282,,935450.0173,
688585.SH,20260402,0.8475,5.1751,,4758861.6669,
688226.SH,20260402,3.0101,5.6883,,790969.4288,
600256.SH,20260402,3.2166,4.9994,,4269857.98,
600030.SH,20260402,0.6477,0.8789,,35761979.4984,
603057.SH,20260402,1.679,7.1929,,1109516.0,
000828.SZ,20260402,0.5728,1.8981,,1030161.3391,
002183.SZ,20260402,4.4332,6.5512,,1397190.891,
002617.SZ,20260402,2.7492,3.0248,,1365059.3764,
301089.SZ,20260402,4.3361,6.0765,,366979.05,
300688.SZ,20260402,4.1603,4.9006,,399702.16,
688682.SH,20260402,0.9848,2.577,,438925.6375,
688167.SH,20260402,7.6941,8.9249,,3366497.2071,
688689.SH,20260402,3.9441,11.273,,423836.0199,
300644.SZ,20260402,2.3614,3.2819,,318771.1894,
300222.SZ,20260402,2.0671,2.1603,,826534.6705,
920184.BJ,20260402,1.7258,2.3662,,198920.5635,
600533.SH,20260402,1.2321,2.1796,,257250.0,
002736.SZ,20260402,0.2291,0.8244,,11511719.1994,
603579.SH,20260402,1.3379,2.6374,,403512.0945,
002528.SZ,20260402,7.3334,15.6477,,497450.159,
002271.SZ,20260402,1.2998,1.3559,,3716816.9915,
301152.SZ,20260402,4.6745,5.146,,330690.9195,
688520.SH,20260402,1.3504,5.6785,,1932311.663,
002823.SZ,20260402,1.476,1.7683,,480075.4034,
301070.SZ,20260402,3.5073,4.0954,,590464.073,
000545.SZ,20260402,6.1906,7.2615,,299997.2612,
920062.BJ,20260402,3.4496,3.9621,,199462.5348,
600643.SH,20260402,6.0796,12.1634,,822076.1214,
600875.SH,20260402,3.777,6.7119,,12903142.3763,
002299.SZ,20260402,1.2006,2.5545,,2278623.7846,
603613.SH,20260402,0.7515,1.1489,,1791977.5409,
600688.SH,20260402,0.7358,2.8888,,3110072.1625,
688153.SH,20260402,0.7696,2.2581,,1389911.0158,
002806.SZ,20260402,7.1746,7.7418,,274523.1122,
000020.SZ,20260402,6.4906,19.0038,,438050.4182,
300927.SZ,20260402,3.7388,9.8629,,380388.6,
600257.SH,20260402,4.2753,5.9457,,334941.0828,
002061.SZ,20260402,0.666,1.3779,,1048325.4158,
603816.SH,20260402,0.5785,1.0436,,2792935.1646,
002878.SZ,20260402,3.1194,5.4231,,449315.8118,
605136.SH,20260402,1.2503,2.5022,,398856.666,
002232.SZ,20260402,0.8739,1.9736,,719045.2808,
300291.SZ,20260402,1.8312,2.9361,,615053.9421,
688279.SH,20260402,1.6776,3.4216,,1692061.8619,
000546.SZ,20260402,10.8743,16.4441,,499250.1842,
002169.SZ,20260402,3.293,4.2186,,1111439.8135,
002977.SZ,20260402,2.2919,3.124,,331411.08,
688065.SH,20260402,0.5705,1.0208,,3581925.117,
002563.SZ,20260402,0.7422,1.8437,,1479055.4978,
300044.SZ,20260402,5.0238,5.2583,,616442.467,
603219.SH,20260402,0.8443,4.0193,,892626.0,
002264.SZ,20260402,1.8075,2.9165,,585206.5869,
688252.SH,20260402,0.6999,1.8445,,837675.7064,
002467.SZ,20260402,10.5134,12.0644,,991643.1204,
300164.SZ,20260402,33.5531,37.7096,,925056.9648,
601236.SH,20260402,0.3045,1.3134,,3542307.5942,
300487.SZ,20260402,0.5905,0.7228,,3398987.0892,
605011.SH,20260402,1.772,8.8658,,818204.5,
301291.SZ,20260402,3.9701,3.9701,,1540707.0,
600345.SH,20260402,10.379,15.989,,1413047.2099,
000931.SZ,20260402,3.1608,4.6102,,401416.6814,
605580.SH,20260402,0.8985,3.4404,,596400.0,
688084.SH,20260402,1.2055,2.4751,,482704.8411,
603235.SH,20260402,0.306,3.2761,,1203895.0,
603987.SH,20260402,1.2794,2.1693,,386996.7197,
688708.SH,20260402,0.4357,0.569,,2054051.35,
603379.SH,20260402,0.7694,1.8761,,3753835.5985,
000762.SZ,20260402,12.4215,15.6992,,1628080.9442,
002724.SZ,20260402,1.0789,2.659,,533105.1139,
300163.SZ,20260402,2.9807,3.1697,,216144.0,
300205.SZ,20260402,2.0823,3.4253,,234380.52,
002828.SZ,20260402,14.4892,16.9843,,277161.9004,
002362.SZ,20260402,1.1266,1.4222,,448574.2754,
001216.SZ,20260402,5.5464,18.0261,,489628.8648,
600703.SH,20260402,2.9323,4.9606,,5687481.3488,
002441.SZ,20260402,1.4695,2.1613,,540731.8037,
002607.SZ,20260402,1.6116,1.9231,,1609691.2405,
600598.SH,20260402,2.4615,6.8648,,2956281.6887,
600281.SH,20260402,1.4188,2.5102,,270575.4652,
600008.SH,20260402,0.9067,1.6908,,2275583.1099,
000819.SZ,20260402,0.761,1.146,,538368.0652,
002661.SZ,20260402,0.9008,1.4914,,303155.3452,
300107.SZ,20260402,2.1708,2.7141,,397324.2812,
000001.SZ,20260402,0.592,1.4079,,21870469.8091,
002130.SZ,20260402,2.4055,2.7796,,3244938.9051,
603789.SH,20260402,0.9932,1.7404,,148520.176,
002078.SZ,20260402,0.4376,0.7957,,4230926.1702,
688220.SH,20260402,1.513,2.2642,,2794668.2394,
300337.SZ,20260402,5.1196,7.6132,,1034009.5222,
920418.BJ,20260402,1.2599,2.2728,,386237.7792,
300871.SZ,20260402,12.4045,23.2783,,534324.9773,
920407.BJ,20260402,6.8924,11.4645,,159155.776,
300500.SZ,20260402,3.0301,5.6353,,183717.4617,
603125.SH,20260402,1.5412,1.5412,,693079.874,
688300.SH,20260402,1.7993,4.6007,,2018682.4284,
603072.SH,20260402,1.156,1.382,,944536.72,
300664.SZ,20260402,2.3718,3.3575,,417453.4953,
003006.SZ,20260402,0.7392,1.8496,,740712.79,
002691.SZ,20260402,1.4883,4.1445,,250580.0,
300066.SZ,20260402,1.6048,2.4993,,637540.3896,
600968.SH,20260402,1.0836,5.906,,4675947.9315,
000831.SZ,20260402,1.8957,3.0594,,5014268.3131,
001277.SZ,20260402,1.4506,2.8322,,264632.0,
603917.SH,20260402,1.4044,2.0875,,263157.44,
002788.SZ,20260402,25.6861,41.8244,,662032.5181,
000848.SZ,20260402,0.6112,1.0822,,814980.0591,
600168.SH,20260402,1.0097,2.5293,,506632.7602,
601568.SH,20260402,0.605,1.605,,1688194.4452,
601086.SH,20260402,0.4439,1.7122,,587412.0,
002189.SZ,20260402,1.329,2.2992,,494189.0245,
688613.SH,20260402,1.5585,2.0822,,289910.1637,
300933.SZ,20260402,1.6848,2.7265,,423448.0114,
600510.SH,20260402,0.9995,2.4983,,846260.8747,
002157.SZ,20260402,2.3345,2.3345,,2849050.0774,
301319.SZ,20260402,2.5438,4.935,,518960.2405,
301283.SZ,20260402,1.1731,1.9663,,360673.9317,
300957.SZ,20260402,0.805,1.8374,,1618152.0,
600623.SH,20260402,0.915,2.6409,,2033672.3662,
301115.SZ,20260402,1.842,2.6828,,368150.8491,
002277.SZ,20260402,1.6888,2.4844,,805831.8784,
002219.SZ,20260402,2.9497,4.3466,,843458.0565,
688687.SH,20260402,4.5714,6.0475,,366675.7852,
300615.SZ,20260402,5.0098,7.5947,,265496.9208,
688459.SH,20260402,1.2715,1.7692,,437760.0,
603688.SH,20260402,3.4111,7.1634,,2296715.9454,
688582.SH,20260402,0.8725,1.1785,,2302366.5299,
300489.SZ,20260402,4.3413,7.7518,,657525.46,
600000.SH,20260402,0.125,0.3467,,34138484.2575,
301156.SZ,20260402,2.0051,3.4081,,262704.2036,
601901.SH,20260402,0.4893,1.0299,,5589596.8472,
002026.SZ,20260402,1.0227,1.608,,563440.35,
688249.SH,20260402,3.6668,5.4091,,5820008.3296,
002412.SZ,20260402,3.4639,6.033,,349724.0,
601777.SH,20260402,0.4206,1.0121,,4611522.0724,
920699.BJ,20260402,2.3677,3.9148,,178988.0519,
301360.SZ,20260402,3.0825,3.4805,,353857.56,
000333.SZ,20260402,0.4762,0.6968,,58828756.1843,
605228.SH,20260402,2.0868,6.0335,,670338.2913,
300511.SZ,20260402,3.9042,4.0047,,452437.9933,
301148.SZ,20260402,1.2682,1.9805,,581786.4175,
000610.SZ,20260402,5.0016,6.8243,,202419.4554,
300497.SZ,20260402,15.259,16.5609,,998655.1236,
002570.SZ,20260402,1.8145,2.0685,,545421.8832,
600793.SH,20260402,0.9168,1.9791,,323026.7077,
920580.BJ,20260402,1.9017,2.6272,,110338.0,
002229.SZ,20260402,10.5134,10.5134,,859403.6572,
000619.SZ,20260402,2.2045,3.312,,259848.4415,
002790.SZ,20260402,3.7879,6.9334,,335551.4569,
300097.SZ,20260402,5.5218,6.3489,,215835.1524,
601918.SH,20260402,1.5737,2.9518,,1968811.768,
002985.SZ,20260402,1.2199,2.2763,,1194672.96,
002538.SZ,20260402,3.6861,5.4616,,559932.5805,
603053.SH,20260402,0.5754,3.0287,,907556.69,
603679.SH,20260402,10.2561,14.9955,,248405.3314,
600619.SH,20260402,2.1358,3.2635,,1714131.0164,
300679.SZ,20260402,1.973,2.6347,,1442688.72,
002361.SZ,20260402,42.4386,47.0501,,1644339.4614,
600696.SH,20260402,1.4332,4.3411,,52511.7007,
688403.SH,20260402,3.9315,5.2619,,1291439.3991,
601939.SH,20260402,0.9008,1.3014,,250613165.4377,
603727.SH,20260402,8.9743,16.7525,,591892.201,
002066.SZ,20260402,1.1891,1.9861,,471458.349,
688313.SH,20260402,12.9199,20.2191,,4194433.1238,
688336.SH,20260402,3.2537,20.3455,,5586265.8141,
301658.SZ,20260402,16.6061,16.6061,,1793402.0661,
002939.SZ,20260402,0.3888,1.1077,,3558364.5752,
603272.SH,20260402,6.8068,15.6181,,329533.86,
000815.SZ,20260402,15.7541,23.574,,1366887.1268,
601128.SH,20260402,0.7696,0.9188,,2354730.2629,
001239.SZ,20260402,4.1925,4.7986,,363120.0,
000002.SZ,20260402,1.2675,1.9024,,4676838.1126,
300929.SZ,20260402,4.2208,5.237,,164373.3973,
301563.SZ,20260402,7.0495,7.0495,,893197.53,
600182.SH,20260402,0.8284,0.8284,,463080.0,
603187.SH,20260402,0.9107,1.1397,,554893.5297,
301108.SZ,20260402,1.8629,3.3147,,329789.8184,
688511.SH,20260402,1.0647,2.362,,277638.6834,
002211.SZ,20260402,1.0553,1.6902,,153528.9015,
301366.SZ,20260402,1.2583,1.7089,,636570.9786,
688799.SH,20260402,7.4949,16.2405,,835326.52,
002702.SZ,20260402,4.7999,6.3771,,310114.08,
300800.SZ,20260402,1.1461,2.259,,274877.199,
920266.BJ,20260402,3.0666,5.6093,,102176.0058,
688393.SH,20260402,1.627,2.7424,,223533.2329,
603168.SH,20260402,1.9391,3.435,,264507.439,
920010.BJ,20260402,11.0668,21.3435,,298049.5,
002407.SZ,20260402,4.8008,5.1204,,3305831.2441,
002468.SZ,20260402,1.221,3.1177,,2317634.4793,
300168.SZ,20260402,1.2833,1.6117,,786583.2025,
001233.SZ,20260402,2.4903,2.4903,,1176839.2576,
688816.SH,20260402,7.5152,7.5152,,636900.0,
600681.SH,20260402,3.5843,7.1705,,596680.3905,
000089.SZ,20260402,0.4105,0.954,,1429386.3478,
300479.SZ,20260402,1.4621,1.9982,,353688.3527,
600319.SH,20260402,1.2595,2.1868,,287292.6535,
002891.SZ,20260402,3.5102,6.7502,,1235062.8123,
301133.SZ,20260402,2.349,5.1555,,469347.0351,
300982.SZ,20260402,3.967,9.3233,,450977.0531,
600081.SH,20260402,0.2557,1.0132,,616071.1534,
603662.SH,20260402,0.7659,1.6488,,1523221.204,
300716.SZ,20260402,3.1135,3.8165,,219547.44,
601016.SH,20260402,9.3628,16.525,,2637404.7798,
600769.SH,20260402,2.5213,3.1547,,523843.1484,
688015.SH,20260402,1.1897,2.5656,,406229.6375,
003041.SZ,20260402,3.2801,10.1368,,753120.0,
002174.SZ,20260402,1.2429,1.5247,,939638.7174,
002214.SZ,20260402,0.2968,0.3239,,1074000.8605,
000697.SZ,20260402,0.6403,0.9654,,1305342.5605,
000026.SZ,20260402,1.8554,3.3555,,584705.9341,
603636.SH,20260402,1.0773,1.6166,,522904.8312,
920571.BJ,20260402,13.5201,17.5157,,578179.1586,
002640.SZ,20260402,2.134,2.3198,,542198.3828,
600021.SH,20260402,1.5053,3.5203,,5010513.2623,
001226.SZ,20260402,6.3657,10.3996,,326592.1458,
300910.SZ,20260402,1.4159,1.9959,,1529393.5167,
000978.SZ,20260402,5.3311,10.5587,,350629.37,
603683.SH,20260402,4.2768,6.3727,,771600.1211,
000037.SZ,20260402,18.008,30.4946,,652791.8915,
920175.BJ,20260402,1.3937,1.6727,,116144.0,
601606.SH,20260402,3.7127,9.0313,,2938194.6188,
600084.SH,20260402,0.4113,0.9414,,778742.6932,
300170.SZ,20260402,4.7504,4.8158,,1921787.1567,
002323.SZ,20260402,14.004,17.8482,,481434.1172,
920405.BJ,20260402,1.168,2.1688,,292722.62,
600409.SH,20260402,1.2637,2.3194,,1463623.7586,
688260.SH,20260402,2.1816,3.607,,312000.0,
603757.SH,20260402,5.2901,12.1685,,769507.4434,
603516.SH,20260402,2.5733,3.7201,,2701232.1596,
600771.SH,20260402,1.4747,1.7383,,845840.6916,
000962.SZ,20260402,4.3791,7.4398,,2219024.9184,
002920.SZ,20260402,1.0634,2.1125,,6260529.4941,
605500.SH,20260402,0.8752,3.6997,,372960.0,
688039.SH,20260402,1.6877,3.2069,,441631.486,
300852.SZ,20260402,3.8349,8.2661,,616722.3159,
002652.SZ,20260402,4.5441,6.4912,,226844.352,
920662.BJ,20260402,3.694,3.9539,,207843.7047,
600575.SH,20260402,1.5034,4.0936,,2759214.9855,
000509.SZ,20260402,5.3339,8.9716,,395984.2512,
603081.SH,20260402,1.3328,2.2833,,499393.9941,
601698.SH,20260402,0.7206,3.2758,,13492687.0059,
002847.SZ,20260402,0.7801,1.9291,,1635712.6546,
920504.BJ,20260402,4.5574,5.6255,,96632.813,
301536.SZ,20260402,2.0565,2.203,,2866398.4319,
300977.SZ,20260402,1.5386,3.7584,,285577.3399,
300185.SZ,20260402,5.9306,7.169,,1307724.2154,
002746.SZ,20260402,2.0243,3.1211,,528370.7784,
301003.SZ,20260402,1.8032,3.4174,,489551.9479,
600066.SH,20260402,2.3488,4.0255,,8468317.528,
300870.SZ,20260402,6.4245,13.7559,,2902396.7282,
301068.SZ,20260402,1.0387,1.5775,,416457.4917,
920082.BJ,20260402,3.3776,3.3918,,219776.76,
600782.SH,20260402,1.2841,2.4093,,1130327.8629,
301018.SZ,20260402,2.9743,5.6638,,2423738.858,
300259.SZ,20260402,1.6892,3.0394,,534599.2928,
603676.SH,20260402,0.5323,2.2423,,476066.681,
605303.SH,20260402,2.1574,5.1218,,260398.4139,
301413.SZ,20260402,3.082,3.082,,1128670.768,
688539.SH,20260402,1.9575,2.4713,,645328.32,
688479.SH,20260402,6.8868,8.7539,,520697.1792,
688719.SH,20260402,2.2546,2.2546,,489464.9432,
688238.SH,20260402,2.3786,3.1534,,466008.3506,
688607.SH,20260402,3.1335,4.1618,,556887.3216,
002716.SZ,20260402,6.8775,7.9496,,3260667.3861,
002287.SZ,20260402,0.5158,2.7257,,1358208.6139,
688239.SH,20260402,1.7052,2.2129,,1075543.7242,
688383.SH,20260402,2.9864,9.5424,,872533.556,
688093.SH,20260402,0.3862,1.1913,,855728.2781,
600508.SH,20260402,1.3898,3.7339,,969164.838,
603078.SH,20260402,1.5334,2.634,,830276.9949,
300455.SZ,20260402,1.2259,2.7235,,1706852.1518,
603598.SH,20260402,3.8938,7.7619,,521027.3628,
002797.SZ,20260402,3.6423,4.6138,,2954287.2,
301120.SZ,20260402,5.8953,7.6243,,781883.4208,
920371.BJ,20260402,1.3656,4.6961,,193324.2494,
688256.SH,20260402,1.6951,3.5019,,42125926.7978,
002476.SZ,20260402,1.5937,2.0272,,356796.0,
300578.SZ,20260402,2.5801,3.5484,,388608.6904,
002495.SZ,20260402,3.0581,3.7113,,244198.2816,
688776.SH,20260402,2.3481,5.5666,,879423.0618,
603023.SH,20260402,10.6654,20.6055,,269570.7076,
002327.SZ,20260402,0.8984,1.1695,,583418.8951,
688305.SH,20260402,0.8969,1.6165,,736037.1828,
001872.SZ,20260402,0.101,1.1303,,5464908.153,
000877.SZ,20260402,0.1259,0.6672,,3541024.8636,
600664.SH,20260402,2.1161,3.9616,,906663.5554,
603085.SH,20260402,1.6093,2.8621,,435618.7,
002978.SZ,20260402,0.7724,2.0476,,1546711.0924,
688098.SH,20260402,1.9247,3.3969,,388058.58,
300432.SZ,20260402,3.3469,5.5742,,3918770.4747,
301221.SZ,20260402,2.1931,3.1445,,444031.3062,
002246.SZ,20260402,3.8075,7.1258,,1340193.9322,
000952.SZ,20260402,2.3784,3.1908,,253821.2481,
603215.SH,20260402,1.5516,4.0897,,372684.1296,
301130.SZ,20260402,7.085,8.6936,,248454.7369,
920344.BJ,20260402,2.2907,5.9636,,264327.7,
300761.SZ,20260402,1.8883,3.4978,,1713053.6855,
300385.SZ,20260402,17.107,26.7252,,591000.8834,
601609.SH,20260402,1.2166,2.4986,,1700979.9819,
002177.SZ,20260402,7.0307,7.2208,,548818.923,
605268.SH,20260402,1.2205,6.8163,,538687.1175,
002486.SZ,20260402,2.9096,3.702,,235744.9666,
300589.SZ,20260402,6.3231,7.3052,,600492.1136,
301331.SZ,20260402,0.921,2.5499,,271531.6898,
600550.SH,20260402,3.8255,8.5722,,2743877.4352,
300270.SZ,20260402,2.7899,3.8392,,313707.045,
000798.SZ,20260402,2.5228,5.2205,,376102.7559,
301282.SZ,20260402,11.7847,19.2088,,536395.7464,
603712.SH,20260402,1.1738,2.2708,,1222848.0,
688079.SH,20260402,1.997,4.4198,,505286.6066,
601686.SH,20260402,0.3701,0.7297,,859383.4714,
002860.SZ,20260402,1.528,2.4383,,459352.8829,
000751.SZ,20260402,2.4847,3.2519,,840127.9094,
002580.SZ,20260402,29.6413,38.5729,,775208.24,
605258.SH,20260402,5.3441,13.0394,,301840.0,
000028.SZ,20260402,3.4777,9.5984,,1502725.7079,
301004.SZ,20260402,0.4937,1.6771,,701182.1985,
688268.SH,20260402,8.1456,17.8198,,1145965.4004,
600742.SH,20260402,1.7109,2.9982,,739342.5906,
300642.SZ,20260402,3.5284,4.1358,,276324.8697,
688591.SH,20260402,1.5396,1.5401,,845250.5549,
600399.SH,20260402,1.9833,2.8745,,1159594.8,
600015.SH,20260402,0.6151,1.8566,,11920281.4225,
920274.BJ,20260402,2.3314,7.582,,176493.3348,
688289.SH,20260402,0.6446,1.2276,,1056803.7229,
300823.SZ,20260402,3.3692,4.5128,,207607.6223,
600586.SH,20260402,3.7356,5.5169,,789457.0989,
301592.SZ,20260402,2.5665,2.5665,,797370.0,
300545.SZ,20260402,4.4607,5.1919,,559351.51,
920593.BJ,20260402,1.0317,1.9994,,480518.5898,
603980.SH,20260402,2.1198,3.2714,,435880.6838,
002709.SZ,20260402,4.8485,5.708,,9134795.1749,
920857.BJ,20260402,0.9955,3.3218,,176729.079,
000068.SZ,20260402,1.328,2.3317,,332201.5831,
301135.SZ,20260402,1.7075,2.3561,,273333.312,
002079.SZ,20260402,2.8725,3.7358,,770137.2402,
603026.SH,20260402,8.4872,12.4805,,2007511.6478,
688335.SH,20260402,1.1124,2.0854,,496211.9524,
002558.SZ,20260402,3.2443,5.405,,6471413.5113,
603205.SH,20260402,1.7436,1.7436,,406224.0,
600458.SH,20260402,1.8769,3.3921,,1070366.548,
002584.SZ,20260402,1.5795,1.6331,,453542.7271,
002318.SZ,20260402,1.2479,1.9986,,3001868.4518,
000823.SZ,20260402,3.512,5.0526,,683603.0266,
920429.BJ,20260402,1.1957,2.292,,159453.756,
000551.SZ,20260402,1.3299,2.0647,,633546.0911,
600792.SH,20260402,5.7177,17.5337,,491696.1548,
603382.SH,20260402,1.8595,1.8595,,486841.1744,
300176.SZ,20260402,3.1317,4.181,,274969.368,
000016.SZ,20260402,5.2483,7.8125,,784990.203,
300339.SZ,20260402,1.7851,1.886,,3051049.9319,
600287.SH,20260402,1.2496,2.6801,,252468.1308,
688387.SH,20260402,1.7778,3.1647,,4940093.75,
600151.SH,20260402,2.0974,3.3679,,1878870.496,
000536.SZ,20260402,1.481,2.5526,,1175563.9413,
002885.SZ,20260402,4.5332,6.5397,,630965.6185,
688269.SH,20260402,0.5253,0.7071,,489355.776,
001388.SZ,20260402,4.8341,4.8341,,603564.0,
002289.SZ,20260402,0.2531,0.422,,740710.6163,
600901.SH,20260402,0.4447,1.1245,,3886342.3752,
002353.SZ,20260402,5.7779,6.9477,,11057642.9964,
300435.SZ,20260402,2.4958,3.7704,,1001310.948,
300084.SZ,20260402,5.8482,6.3138,,554144.9899,
002365.SZ,20260402,3.047,3.3735,,417565.1025,
300653.SZ,20260402,1.5639,2.7748,,358560.0,
002206.SZ,20260402,1.482,1.685,,711270.8186,
002832.SZ,20260402,2.3068,2.8453,,990176.7907,
605499.SH,20260402,0.9308,2.7667,,11683934.8656,
600630.SH,20260402,0.9127,1.3055,,332666.6305,
688646.SH,20260402,0.7273,0.7312,,474014.5687,
600807.SH,20260402,2.6483,3.3701,,283967.7487,
601328.SH,20260402,0.5632,0.6394,,62649923.0141,
688712.SH,20260402,11.603,11.603,,1709700.0,
600559.SH,20260402,0.7616,1.0193,,1244971.2713,
300420.SZ,20260402,1.4293,1.6816,,395199.7806,
300639.SZ,20260402,13.5094,22.6084,,459015.4785,
688382.SH,20260402,8.0769,11.1025,,1353335.4689,
301258.SZ,20260402,1.1392,2.996,,296460.78,
688100.SH,20260402,0.3719,1.2955,,1780883.7039,
600596.SH,20260402,0.9911,1.4182,,1453516.0218,
300961.SZ,20260402,5.8023,7.3747,,235073.28,
603296.SH,20260402,4.8401,5.5533,,9059316.7761,
600519.SH,20260402,0.1682,0.3878,,182816424.1474,
300296.SZ,20260402,3.9039,4.1673,,1966183.486,
601567.SH,20260402,1.9283,4.0551,,3527075.594,
605336.SH,20260402,1.2575,3.9349,,277869.8618,
002445.SZ,20260402,12.034,19.1244,,831812.6359,
002397.SZ,20260402,2.5758,3.9155,,289391.4184,
688496.SH,20260402,2.538,5.4114,,269550.0,
300083.SZ,20260402,1.6378,1.7317,,1228668.5907,
300854.SZ,20260402,6.5358,10.4126,,287697.6563,
600560.SH,20260402,1.078,1.9646,,319589.4195,
301180.SZ,20260402,4.7497,10.8747,,785219.63,
000903.SZ,20260402,1.0048,1.5191,,501124.7022,
301235.SZ,20260402,6.038,8.1508,,474325.7936,
002547.SZ,20260402,1.7306,2.3632,,373386.9226,
601965.SH,20260402,0.6494,1.7357,,1721242.1861,
603729.SH,20260402,3.0768,4.3846,,156807.84,
000995.SZ,20260402,14.0769,20.811,,240033.024,
002357.SZ,20260402,9.9024,14.1264,,407849.2358,
603701.SH,20260402,2.2893,4.5032,,608973.2293,
002342.SZ,20260402,20.8019,28.7621,,1324800.0,
000830.SZ,20260402,1.5493,3.0337,,3018345.6324,
003030.SZ,20260402,2.0788,3.1448,,256422.9,
000156.SZ,20260402,0.5414,1.0326,,1363758.2773,
688657.SH,20260402,1.7532,2.044,,295010.8389,
300098.SZ,20260402,1.8816,1.983,,894957.8716,
002181.SZ,20260402,5.6867,17.4347,,1377014.9944,
000927.SZ,20260402,5.1579,16.2465,,1917962.1042,
603657.SH,20260402,2.6537,8.1486,,386508.353,
603612.SH,20260402,3.2545,4.3864,,1245261.1475,
603779.SH,20260402,2.2114,3.3142,,204230.8937,
300576.SZ,20260402,2.1563,2.5319,,1211211.193,
600697.SH,20260402,2.5469,3.4017,,189473.8973,
300179.SZ,20260402,13.1854,16.93,,1018077.3573,
301207.SZ,20260402,1.6429,6.9665,,1213474.5225,
002629.SZ,20260402,5.2661,6.5197,,284633.464,
688557.SH,20260402,0.9518,1.7552,,323543.5456,
002545.SZ,20260402,0.9966,2.2105,,2743156.893,
688629.SH,20260402,7.7665,7.7665,,4942304.1412,
002992.SZ,20260402,1.4037,2.5616,,891682.3706,
000422.SZ,20260402,4.4144,6.6521,,1718344.2425,
300466.SZ,20260402,0.9437,1.5509,,451451.7124,
600173.SH,20260402,2.1475,5.3618,,476344.2459,
688484.SH,20260402,1.2197,1.2197,,1462180.3782,
300892.SZ,20260402,2.13,3.5601,,272100.0,
603321.SH,20260402,1.1681,2.6192,,252247.0861,
600303.SH,20260402,6.1668,7.337,,218069.7433,
301525.SZ,20260402,2.1732,2.4373,,649619.458,
000410.SZ,20260402,0.9517,1.3605,,1732493.7479,
300234.SZ,20260402,3.0707,3.6211,,305424.8516,
603400.SH,20260402,3.6906,3.6906,,668900.0,
300599.SZ,20260402,2.2762,2.6012,,335211.1467,
000554.SZ,20260402,16.7507,16.7507,,411078.2869,
002038.SZ,20260402,21.9353,29.4714,,878384.25,
002122.SZ,20260402,1.0879,1.632,,580435.1668,
603045.SH,20260402,3.5952,4.8105,,386966.8078,
002363.SZ,20260402,1.3809,2.3923,,329347.2878,
688535.SH,20260402,3.7098,3.7124,,994708.3863,
600640.SH,20260402,0.5085,1.6606,,935738.4254,
002695.SZ,20260402,1.0416,2.849,,600995.1503,
301315.SZ,20260402,2.4389,2.4389,,419144.0,
000628.SZ,20260402,2.5593,2.9761,,1762809.12,
003029.SZ,20260402,1.3476,2.132,,406408.8565,
300571.SZ,20260402,8.6751,11.0792,,445374.3144,
000338.SZ,20260402,1.6584,1.6842,,22085926.6384,
688512.SH,20260402,3.2647,3.2647,,546206.9512,
002735.SZ,20260402,2.7649,3.1766,,539991.014,
603096.SH,20260402,0.7139,1.7769,,265746.2572,
688596.SH,20260402,1.0872,1.3142,,813272.5993,
301491.SZ,20260402,1.7333,1.7333,,632487.0,
300547.SZ,20260402,16.9121,19.4306,,765461.888,
603391.SH,20260402,5.6396,5.6396,,615706.0,
003043.SZ,20260402,3.5359,5.0388,,752935.5239,
300062.SZ,20260402,6.7094,7.7367,,493870.8981,
600761.SH,20260402,1.7454,2.7203,,1586323.8073,
300070.SZ,20260402,0.8047,1.4348,,1406193.2328,
300981.SZ,20260402,4.1332,13.5749,,599124.3477,
300407.SZ,20260402,3.2265,4.1191,,414132.3979,
301307.SZ,20260402,4.8779,5.4918,,787012.2,
601727.SH,20260402,0.7888,1.8069,,12323316.4573,
600897.SH,20260402,0.7172,2.241,,683771.76,
002131.SZ,20260402,6.0031,6.3109,,5044975.1337,
002008.SZ,20260402,2.4193,2.9998,,6353682.6308,
002717.SZ,20260402,4.3985,4.6959,,307619.4713,
601211.SH,20260402,0.4811,0.5949,,29175872.247,
300258.SZ,20260402,1.9313,3.0538,,693280.983,
001255.SZ,20260402,2.2092,5.7279,,313552.7402,
300978.SZ,20260402,1.7025,2.0977,,448064.9033,
688786.SH,20260402,1.6032,2.6023,,433700.809,
300864.SZ,20260402,0.957,3.3768,,322137.7933,
600403.SH,20260402,0.7638,4.9265,,1377107.9436,
601966.SH,20260402,0.5105,1.1227,,2060611.7777,
603444.SH,20260402,2.1592,3.6564,,2626258.337,
000035.SZ,20260402,2.4122,3.896,,1597593.9225,
600197.SH,20260402,0.6878,1.2132,,573960.9317,
603580.SH,20260402,1.0826,3.3184,,219530.976,
600516.SH,20260402,1.4913,2.4179,,2214283.7024,
300436.SZ,20260402,16.9238,26.8682,,2024920.638,
603557.SH,20260402,1.5157,2.2538,,240646.6388,
603861.SH,20260402,2.3689,5.2049,,858358.3925,
601222.SH,20260402,1.6041,2.6456,,1240221.8319,
920471.BJ,20260402,3.5503,5.9164,,105580.8,
301596.SZ,20260402,5.1037,6.0662,,540388.5959,
600261.SH,20260402,0.8725,1.6357,,489964.4385,
688182.SH,20260402,0.7583,2.5608,,1070000.0,
000629.SZ,20260402,1.0146,2.2774,,3056721.841,
300433.SZ,20260402,1.0615,2.8108,,14505979.9108,
000813.SZ,20260402,1.8447,3.1068,,761249.311,
603004.SH,20260402,2.6794,2.6794,,512727.04,
600722.SH,20260402,14.3112,32.5564,,974898.0957,
000600.SZ,20260402,3.6464,6.4563,,1612091.5321,
600322.SH,20260402,1.9479,2.5594,,252099.6,
600448.SH,20260402,3.3692,4.1408,,205321.2098,
688253.SH,20260402,0.7572,1.496,,494102.4278,
603377.SH,20260402,1.0496,1.6521,,261129.1705,
002487.SZ,20260402,3.5081,5.7846,,4609014.5452,
300263.SZ,20260402,2.6232,3.0564,,968765.8987,
603421.SH,20260402,7.602,15.3103,,581101.7453,
688006.SH,20260402,1.2398,3.5585,,1664927.7952,
603258.SH,20260402,1.5569,2.9359,,411453.7329,
300146.SZ,20260402,1.0355,1.2305,,1850694.6719,
920505.BJ,20260402,1.6035,3.2365,,244162.1357,
601801.SH,20260402,0.485,2.2069,,1213917.3669,
000158.SZ,20260402,1.0454,1.5888,,2744824.91,
300223.SZ,20260402,3.6547,4.4084,,5120722.1525,
301183.SZ,20260402,12.9277,16.2773,,1282182.5162,
600177.SH,20260402,0.4148,0.9739,,3546179.9388,
002160.SZ,20260402,7.9384,13.4782,,536013.4257,
301439.SZ,20260402,2.7031,4.3412,,610111.6365,
002817.SZ,20260402,2.9426,4.915,,240774.0269,
603876.SH,20260402,3.6981,6.7462,,2088992.6948,
603611.SH,20260402,1.3024,2.0197,,517777.5899,
688053.SH,20260402,0.9351,2.1608,,359200.0,
601229.SH,20260402,0.1834,0.2835,,14109554.739,
603160.SH,20260402,1.1436,2.0548,,2979565.4321,
301217.SZ,20260402,3.5185,12.7366,,3049948.1864,
300419.SZ,20260402,1.812,2.1318,,263679.4531,
301073.SZ,20260402,2.3082,5.6811,,524823.3732,
603991.SH,20260402,1.2597,1.7256,,1546949.3623,
000803.SZ,20260402,2.0439,2.9679,,396818.0262,
688105.SH,20260402,0.4055,1.2421,,806207.9207,
920101.BJ,20260402,1.9114,1.9114,,307917.793,
601868.SH,20260402,1.9805,5.2943,,11881981.6363,
600779.SH,20260402,0.5425,1.4771,,1620460.6302,
301687.SZ,20260402,8.3229,8.3229,,747684.624,
601456.SH,20260402,0.3526,0.5489,,5135255.8966,
603301.SH,20260402,1.2529,2.7432,,2611302.4603,
002664.SZ,20260402,1.1961,2.4495,,800072.0,
300377.SZ,20260402,3.2328,3.8053,,1314255.39,
301590.SZ,20260402,5.348,5.348,,686307.049,
000517.SZ,20260402,0.8201,2.7766,,614497.0396,
002546.SZ,20260402,2.8578,4.6282,,740635.5972,
300899.SZ,20260402,0.9517,1.1522,,233192.3517,
301680.SZ,20260402,18.2497,18.2497,,816987.6,
600497.SH,20260402,1.4581,2.4528,,3946617.9182,
002917.SZ,20260402,1.2725,1.8843,,465107.7956,
002641.SZ,20260402,0.9071,2.2075,,506386.6749,
603159.SH,20260402,0.6877,1.5554,,339360.0,
600812.SH,20260402,2.7327,6.073,,977966.3109,
688561.SH,20260402,0.6231,1.6555,,1988766.6934,
600955.SH,20260402,1.7523,3.8204,,941050.0,
002712.SZ,20260402,2.3947,3.8509,,278125.1372,
603566.SH,20260402,1.1379,1.6632,,441575.4603,
920208.BJ,20260402,0.9118,0.9348,,305341.9922,
000061.SZ,20260402,0.6368,1.6121,,1470856.2477,
605507.SH,20260402,0.6874,1.5007,,1426117.572,
002082.SZ,20260402,14.3218,26.1557,,2112773.996,
601108.SH,20260402,0.6086,0.9004,,3580342.1496,
920519.BJ,20260402,1.1741,1.3489,,102914.5939,
301229.SZ,20260402,1.4855,1.9411,,321933.2673,
301378.SZ,20260402,3.418,4.3865,,298107.6,
920981.BJ,20260402,6.0795,9.2325,,222139.54,
601100.SH,20260402,1.0437,2.9272,,13743415.168,
688075.SH,20260402,0.4855,1.8715,,486091.7291,
600478.SH,20260402,2.7453,3.8542,,1200855.0004,
688600.SH,20260402,0.9765,1.7663,,314005.4902,
301336.SZ,20260402,2.985,3.6594,,200840.0,
301285.SZ,20260402,1.0404,2.5388,,1719081.06,
920036.BJ,20260402,12.8669,12.8669,,234558.0744,
603266.SH,20260402,0.7699,1.718,,362570.5453,
603076.SH,20260402,3.7598,7.614,,338567.2699,
300880.SZ,20260402,5.3553,11.8908,,407836.9152,
300175.SZ,20260402,0.7527,0.9898,,286246.4,
301281.SZ,20260402,4.502,6.4834,,388761.1,
300508.SZ,20260402,3.0631,5.0011,,395221.0242,
002058.SZ,20260402,0.6082,1.146,,302389.0839,
688303.SH,20260402,0.5256,2.1019,,4427704.6143,
600262.SH,20260402,1.7261,2.8078,,413440.0,
002375.SZ,20260402,0.6246,1.3472,,522598.6342,
000799.SZ,20260402,1.6783,2.4324,,1401093.7618,
300333.SZ,20260402,1.5752,1.8392,,293664.0,
301230.SZ,20260402,17.1053,28.0704,,619066.5932,
300471.SZ,20260402,2.931,3.7077,,595691.1122,
002483.SZ,20260402,0.7781,1.1617,,609003.7997,
300516.SZ,20260402,1.8157,5.6744,,1043460.0,
002267.SZ,20260402,1.0335,2.9056,,885212.0542,
000698.SZ,20260402,0.6017,1.0934,,312234.9845,
300184.SZ,20260402,7.0658,7.2356,,1208583.7281,
301330.SZ,20260402,1.1,2.672,,780896.4429,
601002.SH,20260402,5.3881,9.7959,,523033.5146,
688121.SH,20260402,1.0765,1.541,,249266.1412,
002047.SZ,20260402,1.0907,1.6504,,753575.6004,
300210.SZ,20260402,1.1214,1.4958,,401902.561,
002611.SZ,20260402,3.5158,4.1823,,2131468.3813,
603528.SH,20260402,1.0311,2.2225,,571097.476,
688609.SH,20260402,0.9554,1.158,,400000.0,
301041.SZ,20260402,5.3264,6.1976,,268726.92,
300067.SZ,20260402,2.5971,3.2063,,483682.9465,
920527.BJ,20260402,1.4179,1.7049,,97449.3021,
603329.SH,20260402,0.8664,1.5748,,259303.0685,
000700.SZ,20260402,2.5107,3.9736,,1099782.436,
603069.SH,20260402,1.0491,2.4463,,551420.0,
600976.SH,20260402,3.4352,4.7363,,538582.4846,
300947.SZ,20260402,2.1493,3.489,,242727.1398,
300846.SZ,20260402,13.8643,15.04,,1377935.0838,
000007.SZ,20260402,1.5299,2.3037,,445878.6326,
003816.SZ,20260402,0.5597,3.2711,,22976927.2278,
000788.SZ,20260402,23.1393,34.5101,,430302.9209,
920931.BJ,20260402,4.1749,4.1749,,116097.48,
002632.SZ,20260402,4.6521,10.0556,,723910.3453,
301277.SZ,20260402,1.5826,6.1426,,485785.1376,
300142.SZ,20260402,2.8672,2.8672,,2029573.2985,
920508.BJ,20260402,2.0448,3.2489,,118740.0,
002332.SZ,20260402,1.4809,1.8902,,907100.8621,
002762.SZ,20260402,1.5049,1.9367,,254543.975,
603232.SH,20260402,2.9893,4.1963,,448501.4856,
300025.SZ,20260402,2.0567,2.4455,,263045.9407,
600419.SH,20260402,1.6096,2.571,,302576.126,
603758.SH,20260402,0.7285,2.0672,,541036.7614,
688648.SH,20260402,2.7518,3.1263,,696592.0,
300403.SZ,20260402,1.3921,1.6462,,691641.0,
301105.SZ,20260402,3.2475,3.2475,,300500.0,
301611.SZ,20260402,5.9224,6.2432,,3989400.0,
000885.SZ,20260402,0.4803,1.706,,878363.0528,
605098.SH,20260402,0.8269,2.0135,,640497.6581,
301568.SZ,20260402,6.7095,6.7095,,504314.0256,
301095.SZ,20260402,2.0793,3.3092,,1300825.6666,
002400.SZ,20260402,9.6133,11.8784,,1453943.1648,
600984.SH,20260402,1.508,2.4768,,476419.6476,
603605.SH,20260402,0.5434,1.078,,2417433.5288,
600986.SH,20260402,3.9872,4.6009,,1392182.122,
600848.SH,20260402,0.3911,1.0378,,2519964.517,
603456.SH,20260402,2.1911,3.9374,,1570761.6854,
000988.SZ,20260402,5.9147,7.303,,10089214.162,
603025.SH,20260402,0.6908,3.6086,,1533167.0033,
600023.SH,20260402,0.5541,2.0663,,7388211.7447,
002683.SZ,20260402,0.7529,1.1526,,2940755.1938,
600212.SH,20260402,1.8043,2.0988,,500650.8014,
000720.SZ,20260402,20.5188,35.1925,,678527.0483,
000969.SZ,20260402,1.644,2.5573,,2148312.1669,
603585.SH,20260402,5.3862,17.0763,,416399.9479,
600728.SH,20260402,0.8749,1.0395,,1183592.5899,
688362.SH,20260402,2.8222,4.6409,,1565610.7327,
300791.SZ,20260402,0.6002,1.4225,,637419.0217,
002821.SZ,20260402,9.6183,15.1041,,4570481.4951,
601127.SH,20260402,1.2588,2.6731,,15517603.1461,
000516.SZ,20260402,2.7535,3.9724,,1137359.5505,
000902.SZ,20260402,0.7641,1.5676,,1963658.7507,
600746.SH,20260402,5.2219,21.0386,,1180689.1557,
603773.SH,20260402,2.2994,3.7185,,739158.7859,
301072.SZ,20260402,2.7084,5.3509,,222172.2583,
000498.SZ,20260402,0.9934,2.4995,,897310.9373,
603115.SH,20260402,6.1885,17.5717,,1058270.5,
000555.SZ,20260402,4.1238,6.7227,,1378769.2795,
603986.SH,20260402,3.7879,4.1537,,17316529.4372,
301058.SZ,20260402,0.959,1.6794,,507151.5026,
600587.SH,20260402,0.7914,1.1233,,879027.9515,
000737.SZ,20260402,1.4556,2.9695,,2506606.8285,
688058.SH,20260402,2.22,4.2093,,208095.4767,
605208.SH,20260402,1.5338,2.8432,,431561.52,
300345.SZ,20260402,11.7239,15.694,,420086.5511,
301168.SZ,20260402,1.9096,3.6911,,493080.0,
688293.SH,20260402,1.3699,2.8597,,600246.296,
300342.SZ,20260402,15.0341,19.8214,,2380196.6328,
300964.SZ,20260402,18.7797,28.725,,524604.2959,
688184.SH,20260402,0.3343,0.4107,,158888.4665,
301043.SZ,20260402,2.4933,7.1745,,342924.0,
300828.SZ,20260402,5.6726,5.6726,,335340.33,
603316.SH,20260402,6.2287,10.077,,358870.512,
600468.SH,20260402,5.0406,11.4357,,889767.4926,
301571.SZ,20260402,2.8466,3.1773,,1187081.8073,
300217.SZ,20260402,2.3386,2.9366,,755246.2163,
600864.SH,20260402,2.868,5.2967,,1346129.1264,
688056.SH,20260402,1.0711,2.519,,229136.0066,
600626.SH,20260402,1.122,2.1161,,515090.4201,
002930.SZ,20260402,2.0788,4.2788,,626761.3055,
688052.SH,20260402,1.0437,1.4778,,2457077.4492,
000407.SZ,20260402,2.225,2.9779,,413639.7883,
000668.SZ,20260402,1.1161,1.8887,,211452.3216,
603551.SH,20260402,1.2355,4.4047,,480928.3125,
603617.SH,20260402,1.052,1.8418,,279104.9173,
603601.SH,20260402,25.9961,40.2313,,1610700.7691,
600724.SH,20260402,2.9473,12.7969,,950968.6247,
300993.SZ,20260402,0.8237,1.6022,,374071.2768,
600232.SH,20260402,2.1592,4.3402,,293963.1465,
603083.SH,20260402,7.1109,8.0459,,3605144.7632,
002636.SZ,20260402,6.4344,18.8184,,2113384.0,
300303.SZ,20260402,5.445,6.0213,,1243955.2527,
000863.SZ,20260402,3.0366,5.6984,,630493.565,
301589.SZ,20260402,1.4812,1.5876,,1459569.024,
600683.SH,20260402,2.4607,5.5651,,696330.9412,
603859.SH,20260402,1.5269,2.0846,,885316.2822,
000728.SZ,20260402,0.4509,0.7684,,3333926.3087,
603375.SH,20260402,2.4689,4.054,,375084.0012,
920642.BJ,20260402,1.7612,3.2562,,125337.3661,
688244.SH,20260402,1.0772,2.4886,,275504.7722,
002738.SZ,20260402,3.6694,4.2992,,5318116.6254,
688009.SH,20260402,0.4809,2.0659,,5718502.26,
000420.SZ,20260402,3.9522,4.9723,,1150750.3845,
920553.BJ,20260402,1.3571,2.1958,,126447.6048,
688690.SH,20260402,1.1733,2.0146,,1047495.5004,
603284.SH,20260402,26.3358,26.3358,,376169.0224,
300995.SZ,20260402,3.5326,6.2503,,290306.667,
688533.SH,20260402,0.6867,2.4852,,421211.9157,
301158.SZ,20260402,6.1363,11.2192,,373670.7174,
601118.SH,20260402,0.8281,2.3231,,2803025.207,
603285.SH,20260402,4.1828,4.1828,,493600.0,
000989.SZ,20260402,4.7919,7.2854,,831119.6937,
601179.SH,20260402,3.0404,6.3173,,7857977.6456,
300453.SZ,20260402,2.66,3.0592,,517385.5165,
300991.SZ,20260402,3.0242,4.0754,,687312.0,
301008.SZ,20260402,21.1919,41.3234,,536425.4065,
002194.SZ,20260402,1.5498,1.9915,,700367.9512,
002322.SZ,20260402,3.3647,4.9105,,493097.2315,
300056.SZ,20260402,3.7586,4.1296,,335376.6854,
300567.SZ,20260402,5.0279,6.105,,3294844.0537,
688502.SH,20260402,1.9582,5.8085,,1588646.4,
600795.SH,20260402,0.7972,1.7998,,8578932.7784,
300965.SZ,20260402,0.9564,3.1384,,314520.0,
300922.SZ,20260402,3.8217,4.5536,,315302.047,
300614.SZ,20260402,2.2816,3.9945,,206968.4759,
601668.SH,20260402,0.4144,0.9798,,20784156.3933,
002297.SZ,20260402,2.6235,3.3886,,624684.2527,
601163.SH,20260402,0.4632,1.3149,,1151200.0,
688031.SH,20260402,9.1046,13.4516,,1566287.3939,
000417.SZ,20260402,1.0957,1.7686,,510044.2668,
688143.SH,20260402,17.1124,22.1548,,794577.5483,
003032.SZ,20260402,0.9929,1.4049,,249115.0025,
600020.SH,20260402,0.4954,1.5563,,862990.7835,
300782.SZ,20260402,4.6905,6.181,,4525619.4551,
000636.SZ,20260402,3.3282,5.1649,,2154358.5989,
000826.SZ,20260402,1.9362,2.4507,,289346.7093,
920392.BJ,20260402,1.8926,3.5194,,149438.005,
688290.SH,20260402,0.6212,1.3647,,479780.7072,
688288.SH,20260402,8.1353,17.0571,,258018.4248,
605599.SH,20260402,0.6971,1.871,,1729000.0494,
603082.SH,20260402,4.4456,4.4456,,577692.2806,
688758.SH,20260402,1.3905,2.3481,,833344.6321,
920943.BJ,20260402,1.6911,2.6749,,201926.0208,
688331.SH,20260402,11.1893,11.1893,,8463210.9026,
920019.BJ,20260402,1.0193,3.0366,,377008.1931,
300569.SZ,20260402,5.0371,6.5152,,678061.5135,
603385.SH,20260402,1.1049,2.7546,,250858.2139,
002812.SZ,20260402,3.3109,4.8218,,6472249.2012,
000017.SZ,20260402,1.328,2.4445,,470024.1243,
600965.SH,20260402,1.2672,3.2957,,464203.4415,
301577.SZ,20260402,5.8383,5.8383,,274995.1565,
301565.SZ,20260402,1.5914,2.1,,836820.92,
688559.SH,20260402,2.0879,2.7971,,1195437.3873,
600780.SH,20260402,4.0447,9.8229,,750959.1526,
601166.SH,20260402,0.2408,0.3369,,39997800.2838,
603344.SH,20260402,2.1761,2.1761,,526400.8319,
600629.SH,20260402,1.4324,2.9229,,1962995.1072,
600343.SH,20260402,6.233,11.0878,,2065235.7421,
920436.BJ,20260402,1.2681,3.3914,,132644.304,
001296.SZ,20260402,1.4202,1.8855,,362010.4281,
600230.SH,20260402,2.5778,4.7747,,785698.0065,
301552.SZ,20260402,2.1953,2.1953,,353287.2,
688528.SH,20260402,1.026,3.0444,,179592.0,
605028.SH,20260402,2.5219,10.0875,,433280.0,
600237.SH,20260402,4.5948,6.0682,,543036.2775,
002465.SZ,20260402,1.9629,2.6295,,3611068.3943,
300732.SZ,20260402,1.3082,2.2545,,254204.2094,
002428.SZ,20260402,10.6982,13.374,,3102320.0,
600007.SH,20260402,0.4397,2.2724,,2139468.1022,
000756.SZ,20260402,1.5733,3.0549,,1054082.0372,
688701.SH,20260402,1.3342,2.6617,,122058.1311,
688118.SH,20260402,3.6564,4.5679,,250835.3245,
300068.SZ,20260402,6.6769,7.6502,,1104991.7778,
920491.BJ,20260402,2.3011,2.4767,,328299.0367,
603829.SH,20260402,2.6138,6.6933,,531789.8839,
002646.SZ,20260402,0.7395,1.2706,,387598.351,
003025.SZ,20260402,1.209,2.0285,,384473.1175,
300552.SZ,20260402,4.8926,6.0541,,544128.8349,
300801.SZ,20260402,3.2988,5.043,,574470.9,
601369.SH,20260402,0.4812,1.2633,,1742432.7114,
002518.SZ,20260402,1.128,2.7787,,2592648.3436,
600597.SH,20260402,0.5493,1.1359,,1037990.7435,
603515.SH,20260402,0.2016,1.345,,1444053.0449,
603105.SH,20260402,7.5312,12.5753,,542011.8199,
603132.SH,20260402,0.5814,3.5626,,1670424.0,
002913.SZ,20260402,1.535,4.6456,,1489055.4848,
600956.SH,20260402,1.1605,9.4205,,3754560.6367,
601818.SH,20260402,0.3902,1.1499,,18848290.7885,
600926.SH,20260402,0.2365,0.349,,12207320.2908,
002166.SZ,20260402,2.9293,4.9062,,697112.8595,
920047.BJ,20260402,6.9865,7.6459,,780029.4941,
000529.SZ,20260402,0.8813,1.9889,,338014.6011,
300559.SZ,20260402,5.8628,7.9003,,557322.821,
603189.SH,20260402,5.2585,8.6828,,441789.744,
688426.SH,20260402,3.7303,3.7303,,227349.8,
002386.SZ,20260402,6.1506,9.1741,,788798.1262,
300720.SZ,20260402,6.226,11.9237,,1137108.7888,
600006.SH,20260402,0.4617,1.1573,,1258000.0,
603520.SH,20260402,7.549,9.7202,,478305.1802,
300703.SZ,20260402,2.3052,3.4464,,355011.1411,
002983.SZ,20260402,1.3984,2.8001,,491386.7805,
002668.SZ,20260402,0.6454,1.2958,,982204.9538,
920694.BJ,20260402,2.492,4.598,,236570.4605,
600960.SH,20260402,1.4592,2.6415,,480010.3366,
601099.SH,20260402,1.2408,1.3928,,2522037.0569,
600526.SH,20260402,0.829,1.4967,,476344.7222,
300938.SZ,20260402,2.0023,2.9091,,957914.633,
002968.SZ,20260402,1.5089,3.0758,,258409.2282,
300793.SZ,20260402,1.1563,1.6082,,524772.4169,
002378.SZ,20260402,3.0477,7.092,,3653511.1223,
600488.SH,20260402,1.3627,3.1054,,692256.1551,
001268.SZ,20260402,2.2648,3.1797,,324447.602,
601198.SH,20260402,0.4335,0.7882,,4021162.2269,
600276.SH,20260402,1.1995,1.968,,38077615.6771,
605333.SH,20260402,0.2872,1.2435,,1181910.9141,
002035.SZ,20260402,9.4209,11.7536,,578099.7675,
605081.SH,20260402,3.16,4.3868,,73723.8439,
301317.SZ,20260402,9.7952,11.4124,,771016.95,
301306.SZ,20260402,13.3227,19.7801,,1306512.0,
688348.SH,20260402,3.5072,9.4527,,840772.6003,
002114.SZ,20260402,2.5113,3.4589,,272298.8148,
688590.SH,20260402,2.1511,2.9448,,367661.4423,
002301.SZ,20260402,1.2722,2.2141,,499145.0896,
603639.SH,20260402,1.248,3.6321,,467829.3398,
600130.SH,20260402,1.7481,2.1008,,321750.0,
605377.SH,20260402,1.6174,3.0262,,531063.4357,
300094.SZ,20260402,2.1409,2.7821,,357629.0192,
300862.SZ,20260402,2.0275,2.3124,,393605.3671,
000692.SZ,20260402,11.1735,15.9599,,226986.8478,
300605.SZ,20260402,3.0413,3.2732,,227898.0921,
300033.SZ,20260402,1.7601,2.7699,,16025856.0,
301223.SZ,20260402,1.1519,2.451,,371770.553,
000655.SZ,20260402,1.0175,2.4464,,520327.361,
605009.SH,20260402,0.3383,1.0142,,608851.7328,
688458.SH,20260402,1.7057,1.7057,,366620.8995,
603271.SH,20260402,4.0606,4.7426,,937370.8,
600674.SH,20260402,1.0053,2.9861,,7404527.7717,
603198.SH,20260402,1.8893,6.8012,,2908000.0,
002603.SZ,20260402,1.5908,2.9073,,2895332.4166,
002351.SZ,20260402,0.8624,1.0845,,991354.305,
300816.SZ,20260402,4.0497,5.3937,,519920.0,
001266.SZ,20260402,2.5646,4.156,,316334.0591,
002190.SZ,20260402,0.8114,1.6625,,1105962.5645,
002728.SZ,20260402,12.281,13.006,,585686.4955,
300963.SZ,20260402,2.0456,2.5403,,763635.6,
002444.SZ,20260402,0.6092,1.0452,,3641963.9769,
603648.SH,20260402,0.6655,1.3179,,361687.9744,
601825.SH,20260402,0.1953,0.3289,,8921111.1116,
301232.SZ,20260402,13.0726,14.4495,,1325713.4764,
000753.SZ,20260402,7.7277,12.4168,,725764.144,
603569.SH,20260402,0.6215,2.1477,,410988.4379,
002291.SZ,20260402,3.1134,3.7189,,594742.9045,
300721.SZ,20260402,3.5657,5.2835,,225675.1857,
002167.SZ,20260402,2.2295,2.9951,,926509.2668,
001368.SZ,20260402,5.3988,5.3988,,280608.067,
920641.BJ,20260402,6.0454,9.487,,136561.425,
300169.SZ,20260402,3.2553,3.3253,,193634.698,
603721.SH,20260402,0.721,1.4531,,251550.0,
300171.SZ,20260402,1.3073,1.9886,,1125001.3908,
301203.SZ,20260402,3.1707,3.6734,,318240.0,
301087.SZ,20260402,1.0421,2.2845,,1177970.183,
300959.SZ,20260402,3.6352,5.09,,588292.296,
688661.SH,20260402,2.6104,5.9201,,1124729.3515,
600166.SH,20260402,1.3987,2.5243,,2335633.1083,
600004.SH,20260402,0.3477,0.8125,,2324674.6274,
300901.SZ,20260402,1.9442,4.7324,,378240.0,
600590.SH,20260402,6.1713,9.551,,1165872.9483,
601083.SH,20260402,28.0239,28.0239,,1703061.92,
920370.BJ,20260402,1.2816,2.4843,,102696.9033,
688766.SH,20260402,4.2327,6.8485,,3317780.3758,
000099.SZ,20260402,1.017,1.6572,,1307172.6808,
300014.SZ,20260402,3.1784,4.931,,13068805.7135,
301335.SZ,20260402,2.1775,2.1775,,315353.458,
920108.BJ,20260402,1.4661,2.488,,186148.2,
688652.SH,20260402,3.121,3.7457,,1609440.0,
688671.SH,20260402,2.1677,2.6255,,167873.4082,
603186.SH,20260402,4.2128,6.6916,,938704.8313,
688767.SH,20260402,0.6035,1.3426,,470101.3354,
688522.SH,20260402,2.645,2.6906,,931105.4972,
300660.SZ,20260402,0.8105,2.2004,,1870372.1803,
301269.SZ,20260402,0.486,1.339,,4426226.1889,
301256.SZ,20260402,1.0529,4.0647,,619200.0,
920566.BJ,20260402,6.3584,6.9942,,156373.1335,
301085.SZ,20260402,8.1986,13.3701,,479262.053,
688261.SH,20260402,2.6057,5.1677,,830813.1806,
920779.BJ,20260402,4.526,4.526,,257840.5984,
688508.SH,20260402,1.436,1.8933,,746761.9377,
002903.SZ,20260402,12.728,14.7762,,430449.406,
300952.SZ,20260402,2.6903,3.7379,,619241.3989,
000948.SZ,20260402,0.7607,1.1817,,581714.0508,
603889.SH,20260402,1.1292,2.0558,,554919.6567,
002438.SZ,20260402,1.6034,2.0128,,823733.2992,
301155.SZ,20260402,5.0274,7.0756,,1419348.9599,
300786.SZ,20260402,2.4158,2.6101,,256334.1194,
601112.SH,20260402,11.8436,11.8436,,3350205.2565,
301166.SZ,20260402,4.468,6.1624,,269100.0041,
920128.BJ,20260402,1.0725,1.6875,,198103.6,
920970.BJ,20260402,10.6411,13.7091,,78779.3688,
601997.SH,20260402,0.6328,0.8443,,2116938.686,
002749.SZ,20260402,0.3492,0.7649,,608131.5492,
001330.SZ,20260402,2.5411,3.5663,,944294.542,
603035.SH,20260402,0.7351,1.0848,,515450.3416,
600649.SH,20260402,1.8578,3.9471,,1089457.8341,
002571.SZ,20260402,2.6891,3.8888,,452703.0585,
600184.SH,20260402,13.584,27.6225,,1075714.9059,
300212.SZ,20260402,3.5194,5.4263,,773164.4612,
000078.SZ,20260402,16.5499,30.828,,949835.4958,
603970.SH,20260402,0.513,1.2729,,341913.7704,
300882.SZ,20260402,2.0149,6.2129,,619625.572,
300128.SZ,20260402,1.289,1.7788,,763879.8623,
300491.SZ,20260402,3.3434,4.2881,,406507.6668,
002677.SZ,20260402,0.6538,1.4229,,514903.1627,
688702.SH,20260402,2.1756,4.1343,,6915470.0,
603717.SH,20260402,2.2946,3.3531,,194688.127,
001202.SZ,20260402,1.2468,2.567,,280041.0648,
603351.SH,20260402,1.1007,2.5316,,358371.9433,
600051.SH,20260402,1.8684,2.6347,,237201.44,
002988.SZ,20260402,1.1077,2.4685,,754062.3563,
600636.SH,20260402,0.9696,1.6737,,337750.3375,
605089.SH,20260402,1.1432,4.3376,,337686.0,
000530.SZ,20260402,1.7478,2.444,,497495.3791,
300950.SZ,20260402,1.9312,2.488,,322514.276,
300777.SZ,20260402,1.4911,1.827,,1553486.7282,
002674.SZ,20260402,0.7541,1.5256,,370916.4347,
301519.SZ,20260402,3.3997,4.0468,,226300.0306,
301060.SZ,20260402,2.0077,3.9335,,409728.891,
688432.SH,20260402,0.603,2.3759,,1671653.5841,
000990.SZ,20260402,4.0668,7.616,,1170273.7462,
301198.SZ,20260402,1.8497,3.6178,,233220.0,
920718.BJ,20260402,1.1234,1.8514,,117050.7097,
600676.SH,20260402,1.0187,1.8985,,772398.2009,
300686.SZ,20260402,1.9251,1.9276,,356273.3087,
002119.SZ,20260402,3.4771,4.6511,,738558.912,
001696.SZ,20260402,3.3795,4.2734,,2190436.498,
000712.SZ,20260402,0.9822,1.4062,,906752.0,
000679.SZ,20260402,1.2351,1.7168,,230947.2,
603290.SH,20260402,2.4561,5.2239,,2328879.4569,
603039.SH,20260402,4.3208,9.1204,,1134162.9849,
603207.SH,20260402,1.8464,1.8464,,452386.66,
601929.SH,20260402,1.819,2.6515,,1019018.1451,
002101.SZ,20260402,0.6943,1.4129,,733471.3679,
688633.SH,20260402,0.8171,2.4411,,346197.7964,
300269.SZ,20260402,4.7055,5.5959,,387674.3605,
301588.SZ,20260402,4.6993,5.8416,,247720.3993,
601828.SH,20260402,0.3901,1.0902,,1027716.9108,
001228.SZ,20260402,1.1756,1.5829,,319279.8081,
600507.SH,20260402,0.756,1.3799,,1325456.661,
601187.SH,20260402,0.5947,1.3246,,2058519.7526,
301172.SZ,20260402,3.8725,5.0073,,424645.76,
600469.SH,20260402,1.2006,2.9293,,602553.5677,
603708.SH,20260402,1.1141,3.7632,,741749.5404,
600552.SH,20260402,2.0765,2.9362,,1108023.8867,
603139.SH,20260402,1.9191,3.7933,,261186.2,
301222.SZ,20260402,2.2207,5.9108,,337814.192,
600930.SH,20260402,6.3413,6.3413,,25570857.1427,
300891.SZ,20260402,2.5017,4.273,,325206.7105,
601616.SH,20260402,3.441,4.8144,,403788.4259,
301022.SZ,20260402,2.459,2.8459,,283728.7274,
003039.SZ,20260402,0.5025,2.3916,,908370.0518,
002553.SZ,20260402,4.3894,5.1578,,877516.1336,
920284.BJ,20260402,3.1732,4.1004,,308593.7245,
603286.SH,20260402,3.0012,4.7005,,698505.7895,
600764.SH,20260402,0.4647,1.2445,,1693429.8268,
300632.SZ,20260402,18.7442,20.7435,,455636.1587,
002093.SZ,20260402,0.8342,1.7616,,943020.0,
300198.SZ,20260402,1.1634,1.4616,,270265.7175,
003019.SZ,20260402,1.2278,1.7768,,547305.1029,
300183.SZ,20260402,1.0597,1.8629,,637012.7816,
301052.SZ,20260402,4.2915,4.6387,,322013.6891,
002294.SZ,20260402,1.7349,4.1648,,7614196.9341,
000014.SZ,20260402,5.3521,8.1113,,321195.3392,
002055.SZ,20260402,3.4262,3.6567,,340932.3696,
603586.SH,20260402,0.8775,2.1759,,358384.4818,
002054.SZ,20260402,2.7847,3.1114,,405941.2106,
600136.SH,20260402,2.5008,4.0305,,369389.4935,
002987.SZ,20260402,0.528,1.2543,,1398345.765,
603602.SH,20260402,1.2434,1.7949,,297370.9948,
001359.SZ,20260402,3.4817,3.4817,,1331727.2215,
002106.SZ,20260402,1.7672,2.4627,,720638.2994,
001207.SZ,20260402,2.0239,3.8796,,651746.1496,
688148.SH,20260402,2.5476,3.1961,,401506.1927,
300895.SZ,20260402,11.238,22.9061,,926186.7217,
600998.SH,20260402,1.5305,3.3075,,2712848.9859,
600158.SH,20260402,10.4236,14.4449,,1112075.6447,
300155.SZ,20260402,3.0533,4.3015,,259287.2177,
002226.SZ,20260402,0.5875,1.4363,,1433067.2646,
301005.SZ,20260402,8.4146,15.4481,,2025327.3509,
002566.SZ,20260402,2.8957,3.3652,,272704.1184,
301111.SZ,20260402,3.1839,6.7039,,314720.0,
000906.SZ,20260402,0.6718,1.2571,,410894.9806,
600979.SH,20260402,7.9075,12.2287,,614426.9561,
002787.SZ,20260402,2.8734,3.6027,,399530.506,
000768.SZ,20260402,0.6267,1.3853,,6777660.286,
688586.SH,20260402,0.7072,1.8297,,1084134.6437,
600436.SH,20260402,0.2698,0.5512,,9171024.9092,
601788.SH,20260402,0.3033,0.6615,,7045283.5124,
688795.SH,20260402,5.413,5.413,,25942737.4091,
300509.SZ,20260402,2.0975,3.9924,,337896.0,
600707.SH,20260402,0.4499,1.2451,,1991556.3013,
920087.BJ,20260402,3.3543,7.4208,,250278.0,
600153.SH,20260402,0.4207,0.7906,,2589287.926,
603839.SH,20260402,0.7028,2.6536,,288714.0852,
001389.SZ,20260402,4.3373,4.3373,,5470457.8151,
600841.SH,20260402,2.0121,6.4001,,1156055.5461,
300968.SZ,20260402,0.8085,1.7266,,469186.3,
300634.SZ,20260402,2.1836,3.6628,,1069369.833,
300295.SZ,20260402,2.9545,3.1601,,181270.7106,
688370.SH,20260402,0.8401,2.6328,,338108.0296,
301106.SZ,20260402,1.1065,3.507,,287963.8347,
300126.SZ,20260402,1.9592,2.8773,,232527.564,
920578.BJ,20260402,3.1291,3.1291,,142098.1622,
301093.SZ,20260402,1.1329,2.0362,,1377323.2221,
600827.SH,20260402,0.3085,0.7037,,1520111.2357,
300718.SZ,20260402,1.921,2.9409,,2089660.5358,
600330.SH,20260402,10.82,13.341,,1984595.9753,
300378.SZ,20260402,4.2639,5.3054,,1044116.7864,
000708.SZ,20260402,0.1918,1.1879,,8257150.7841,
603501.SH,20260402,2.0261,3.2202,,11519911.6751,
603399.SH,20260402,8.2493,11.7245,,585035.9212,
301616.SZ,20260402,1.5974,2.2685,,371040.0,
603288.SH,20260402,0.4574,1.7497,,24706404.9136,
300158.SZ,20260402,6.3254,9.0982,,641027.7742,
688017.SH,20260402,2.4908,3.8081,,3547437.9188,
002626.SZ,20260402,0.6625,1.4215,,1079585.4014,
600816.SH,20260402,0.6029,0.9592,,2480800.96,
688670.SH,20260402,1.272,3.5506,,218187.2,
301179.SZ,20260402,14.5269,28.4224,,1046202.381,
002909.SZ,20260402,2.0432,3.4036,,251160.0,
688638.SH,20260402,5.0678,5.0678,,211120.0,
002043.SZ,20260402,0.9525,1.5551,,1252929.2648,
688563.SH,20260402,1.8488,1.8488,,2653200.0,
000833.SZ,20260402,9.4412,11.5533,,2018840.9503,
600833.SH,20260402,1.3819,2.5102,,269934.4799,
603680.SH,20260402,0.442,2.7526,,1008646.0531,
002188.SZ,20260402,4.9541,6.4607,,205421.2266,
000778.SZ,20260402,1.1472,1.9214,,1830990.2157,
920027.BJ,20260402,9.1663,10.1155,,154922.046,
688408.SH,20260402,1.8676,3.1537,,780093.62,
600299.SH,20260402,0.6235,4.3807,,4102265.9703,
300596.SZ,20260402,3.1928,4.7559,,1001830.6071,
920092.BJ,20260402,2.2641,4.0225,,184997.506,
920185.BJ,20260402,0.4956,1.8454,,3292784.8214,
688529.SH,20260402,0.5997,1.0641,,289935.343,
688616.SH,20260402,1.1735,2.5872,,236420.5533,
603289.SH,20260402,1.9959,5.4524,,332704.6989,
000029.SZ,20260402,0.537,1.7533,,1974760.32,
002016.SZ,20260402,2.0575,5.1799,,467657.2753,
300760.SZ,20260402,0.7561,1.5593,,19690048.2386,
301603.SZ,20260402,4.7748,5.345,,847735.2,
301216.SZ,20260402,2.3472,3.71,,1552028.687,
601899.SH,20260402,1.2569,1.7836,,88068176.9597,
002887.SZ,20260402,2.1448,3.8064,,339951.9525,
002392.SZ,20260402,0.6687,0.8929,,828581.6239,
300573.SZ,20260402,2.5516,2.8122,,1663399.3073,
002713.SZ,20260402,7.0074,9.4416,,1210187.394,
000963.SZ,20260402,1.1056,2.6402,,6467781.4954,
600715.SH,20260402,0.9455,1.2621,,799791.1395,
300650.SZ,20260402,2.8419,3.4252,,349309.6664,
301370.SZ,20260402,1.2614,2.4384,,497894.8,
688173.SH,20260402,1.3601,2.4804,,551823.8595,
002511.SZ,20260402,1.0597,2.1634,,1112716.8082,
300061.SZ,20260402,2.1103,2.6106,,514674.0617,
603367.SH,20260402,4.0746,7.7238,,798205.5294,
002966.SZ,20260402,0.5839,0.6931,,3768768.0753,
000758.SZ,20260402,1.609,2.5003,,1293785.9545,
920225.BJ,20260402,4.2567,5.1626,,298259.4009,
920106.BJ,20260402,2.6931,4.2054,,376176.9945,
688379.SH,20260402,1.0186,1.9384,,423604.3821,
000507.SZ,20260402,2.6868,3.8691,,507693.662,
000757.SZ,20260402,2.0805,2.9995,,250376.5647,
000876.SZ,20260402,0.7785,1.7163,,3755314.5477,
002955.SZ,20260402,0.66,1.1733,,622126.3286,
301097.SZ,20260402,2.975,4.6943,,318079.9977,
601838.SH,20260402,0.5296,1.0207,,7340970.0366,
002456.SZ,20260402,2.5323,2.7758,,2958465.5232,
000802.SZ,20260402,1.2256,1.5807,,277769.2989,
301225.SZ,20260402,19.0318,19.0318,,1139454.36,
301170.SZ,20260402,2.7392,2.7392,,282100.0,
002207.SZ,20260402,16.4318,23.522,,256814.2704,
600784.SH,20260402,0.6544,1.0234,,474983.5507,
601996.SH,20260402,3.4848,5.9009,,280228.604,
001212.SZ,20260402,2.3934,3.2766,,1008214.4336,
688296.SH,20260402,1.6174,2.7765,,146202.6843,
002673.SZ,20260402,1.0602,2.0021,,3191281.3374,
603926.SH,20260402,1.4909,2.9473,,423663.4829,
002448.SZ,20260402,3.7065,3.7065,,846721.4806,
300347.SZ,20260402,2.349,2.6113,,4847576.6615,
600370.SH,20260402,2.0069,9.4788,,964375.6978,
603690.SH,20260402,2.2641,3.1216,,904561.5585,
600783.SH,20260402,1.0896,3.3396,,1511793.7261,
920706.BJ,20260402,7.8768,12.6706,,229165.0076,
600511.SH,20260402,1.1094,2.0318,,2210693.7841,
920066.BJ,20260402,1.7749,1.7749,,135386.0642,
002660.SZ,20260402,1.7244,3.1462,,295642.9698,
600288.SH,20260402,1.0747,1.1844,,615014.4,
603122.SH,20260402,17.9878,39.1059,,743960.3711,
600079.SH,20260402,0.812,1.2776,,3093068.2037,
920556.BJ,20260402,1.6733,2.2937,,153733.3856,
300996.SZ,20260402,1.5461,1.9899,,439716.7546,
301202.SZ,20260402,3.0998,3.2517,,495541.2,
603776.SH,20260402,0.6471,1.0433,,515757.1708,
300384.SZ,20260402,1.1637,1.6651,,476596.8539,
603538.SH,20260402,43.7975,59.6087,,933104.5727,
002302.SZ,20260402,0.8465,2.2339,,756150.2281,
688739.SH,20260402,0.4312,0.9512,,1037376.95,
688523.SH,20260402,5.9137,5.9137,,2466099.68,
600201.SH,20260402,1.5605,1.7963,,1643163.2868,
002399.SZ,20260402,0.4274,1.4598,,1713801.9663,
000630.SZ,20260402,1.7258,2.6353,,7817721.8903,
002899.SZ,20260402,1.492,2.1131,,420630.1937,
002780.SZ,20260402,4.3712,4.6627,,247546.4844,
000999.SZ,20260402,1.1359,3.0935,,4796275.8668,
688160.SH,20260402,1.6653,4.1562,,929213.4674,
600713.SH,20260402,1.8047,4.105,,718582.2285,
002213.SZ,20260402,9.7524,12.101,,696780.7553,
603071.SH,20260402,0.724,2.5012,,765513.4944,
000531.SZ,20260402,2.6658,5.5953,,702945.8991,
920169.BJ,20260402,3.5878,5.7749,,229957.0561,
301578.SZ,20260402,3.1816,3.1816,,265397.9185,
300111.SZ,20260402,3.8946,5.5621,,529043.6035,
300607.SZ,20260402,1.8642,2.0879,,1198631.6714,
002011.SZ,20260402,0.6654,1.2117,,1262745.6383,
601998.SH,20260402,0.0874,0.7254,,46575000.815,
002413.SZ,20260402,16.8024,16.8024,,1791664.7046,
300145.SZ,20260402,3.5208,5.1599,,812262.3812,
002690.SZ,20260402,1.2743,1.8462,,1533313.8282,
002244.SZ,20260402,1.0694,2.5673,,3002543.3539,
300753.SZ,20260402,9.9419,11.5612,,350161.344,
605155.SH,20260402,1.1835,3.1017,,297277.2474,
002403.SZ,20260402,1.2534,2.7137,,344385.6034,
300037.SZ,20260402,2.7097,3.1306,,4174699.9654,
001217.SZ,20260402,1.0033,2.7179,,392934.08,
000680.SZ,20260402,2.1156,3.0994,,1684660.1533,
605318.SH,20260402,1.6641,5.8559,,936681.2586,
603231.SH,20260402,1.7845,2.2388,,334096.1382,
300967.SZ,20260402,7.771,12.0015,,348694.898,
301328.SZ,20260402,0.7152,2.2524,,498367.4488,
301027.SZ,20260402,6.2227,6.7053,,308112.0,
300969.SZ,20260402,2.9702,5.0871,,1338349.3103,
301039.SZ,20260402,1.2253,2.4582,,1714823.8443,
688055.SH,20260402,0.5423,5.223,,1276666.6922,
000652.SZ,20260402,0.6781,0.9829,,581376.0977,
300231.SZ,20260402,8.0624,10.4186,,469175.4038,
688247.SH,20260402,0.5827,1.7622,,444273.2,
605488.SH,20260402,1.3398,2.9962,,971150.9808,
300412.SZ,20260402,2.362,3.13,,260824.4778,
301622.SZ,20260402,2.1772,2.1772,,715647.4952,
301196.SZ,20260402,6.028,10.6549,,1284089.863,
300026.SZ,20260402,3.2642,5.0499,,1108533.1349,
002973.SZ,20260402,0.834,1.0493,,524318.0931,
688210.SH,20260402,1.4862,2.2277,,671714.1321,
300932.SZ,20260402,4.5777,7.2861,,410053.2214,
688807.SH,20260402,8.327,8.327,,1729600.0,
300586.SZ,20260402,1.1026,1.5473,,640094.9805,
688107.SH,20260402,3.7991,11.4866,,1091512.8263,
002767.SZ,20260402,1.7794,3.8424,,306000.0,
603863.SH,20260402,7.1137,10.002,,353021.25,
002139.SZ,20260402,1.0659,1.1213,,1506176.6655,
688297.SH,20260402,1.2216,3.1197,,3306825.0,
300503.SZ,20260402,8.3032,11.11,,1673671.4426,
920060.BJ,20260402,2.9435,3.9816,,475139.5719,
300817.SZ,20260402,1.1688,1.485,,383550.0077,
300955.SZ,20260402,4.9598,11.1443,,393120.0,
002060.SZ,20260402,2.5933,3.6377,,1464213.3644,
002877.SZ,20260402,3.3789,4.4219,,302111.2971,
002250.SZ,20260402,1.6911,2.2917,,1453295.2455,
301600.SZ,20260402,2.318,2.318,,1037082.167,
000503.SZ,20260402,0.8977,1.2383,,781443.4727,
002492.SZ,20260402,1.2876,2.2285,,303345.0,
301086.SZ,20260402,3.0546,4.2561,,1206450.0,
688411.SH,20260402,3.3947,4.2822,,4041275.5205,
688095.SH,20260402,1.5964,2.6543,,642257.4537,
300860.SZ,20260402,1.6634,2.7479,,444743.7063,
301510.SZ,20260402,1.3903,1.5447,,1194829.87,
000537.SZ,20260402,2.5248,8.1376,,2047495.0274,
601928.SH,20260402,0.2386,0.8772,,2509271.4,
002269.SZ,20260402,7.8483,12.2001,,439687.5,
603887.SH,20260402,4.0656,4.7947,,927727.3378,
300591.SZ,20260402,2.3912,2.6197,,281131.9275,
300057.SZ,20260402,6.0959,6.8423,,587190.2888,
002769.SZ,20260402,3.5399,4.715,,369211.5554,
600609.SH,20260402,1.3078,1.8316,,525737.0989,
920717.BJ,20260402,3.831,4.6758,,102523.92,
600075.SH,20260402,5.6988,10.0275,,1086157.9762,
002377.SZ,20260402,2.0576,2.5761,,296889.3651,
002911.SZ,20260402,0.4702,3.1394,,1869373.1952,
300349.SZ,20260402,1.5222,2.1508,,572833.8787,
300482.SZ,20260402,0.9741,1.548,,874384.4649,
002557.SZ,20260402,0.5516,0.9619,,1098717.5031,
603406.SH,20260402,3.0859,3.0859,,1377234.43,
300053.SZ,20260402,3.3693,4.0612,,1142177.0154,
001258.SZ,20260402,5.0165,12.8723,,817600.0006,
603628.SH,20260402,9.2836,16.9005,,386715.761,
600459.SH,20260402,1.8733,3.051,,1464908.1389,
600962.SH,20260402,0.6716,1.2116,,494265.85,
601985.SH,20260402,0.6207,1.5273,,18531769.8687,
600642.SH,20260402,0.4193,1.2071,,4345942.4859,
600295.SH,20260402,0.2084,0.9032,,4184170.4997,
600444.SH,20260402,1.3687,2.4737,,250235.0818,
605100.SH,20260402,1.1923,2.637,,714505.05,
301399.SZ,20260402,21.7112,25.6674,,419440.34,
600606.SH,20260402,0.4978,1.7945,,2108132.7471,
300320.SZ,20260402,1.9187,2.3198,,583798.3995,
003036.SZ,20260402,7.7465,24.675,,539412.3858,
301233.SZ,20260402,3.8173,5.2463,,265996.96,
300313.SZ,20260402,2.6039,5.4027,,187027.6153,
605118.SH,20260402,0.8605,6.5606,,1686444.8,
300890.SZ,20260402,5.3025,5.5398,,361013.8829,
002698.SZ,20260402,0.6164,0.9296,,1357961.7716,
300671.SZ,20260402,4.1019,5.9636,,854108.9627,
000678.SZ,20260402,6.3029,11.466,,600253.0069,
002321.SZ,20260402,1.3753,2.2988,,458571.3653,
002872.SZ,20260402,1.5717,1.5837,,162180.0,
688696.SH,20260402,0.8291,1.0789,,648525.24,
301190.SZ,20260402,0.9544,1.9792,,477780.849,
002156.SZ,20260402,2.5333,3.3994,,6187242.6102,
920190.BJ,20260402,1.1351,2.1597,,218500.0022,
000062.SZ,20260402,3.8457,12.6759,,2544697.3804,
300556.SZ,20260402,2.5458,2.6128,,208606.0771,
600189.SH,20260402,1.5801,2.7716,,533537.5678,
688136.SH,20260402,7.1939,14.2458,,658513.722,
601121.SH,20260402,1.3312,2.9843,,732276.6045,
600995.SH,20260402,0.8468,3.8734,,4352959.9064,
688579.SH,20260402,1.0935,1.45,,406810.17,
300233.SZ,20260402,4.7896,6.2239,,571973.1346,
300701.SZ,20260402,2.1414,3.8273,,324297.1815,
300847.SZ,20260402,1.035,2.7297,,455855.4,
002153.SZ,20260402,1.5344,3.1725,,2576358.9859,
002929.SZ,20260402,7.6581,11.7261,,1328088.4177,
002410.SZ,20260402,1.8604,2.2213,,1818790.7205,
002489.SZ,20260402,0.9117,1.7402,,743972.5954,
002283.SZ,20260402,5.5701,7.3835,,1089321.0622,
600255.SH,20260402,1.6065,1.7944,,594222.3482,
002583.SZ,20260402,1.1503,1.2527,,1793158.7097,
300040.SZ,20260402,13.6782,14.6217,,478697.3644,
920445.BJ,20260402,1.9373,2.2472,,144935.1645,
688310.SH,20260402,0.8083,2.3421,,254482.3454,
000796.SZ,20260402,2.704,3.1797,,833970.2363,
002948.SZ,20260402,1.5542,2.5984,,3102249.0679,
300611.SZ,20260402,4.8954,5.6995,,559981.126,
920028.BJ,20260402,11.2371,11.2371,,268564.24,
300951.SZ,20260402,1.0822,3.0647,,613738.3629,
688011.SH,20260402,1.2432,2.6186,,674400.0,
300593.SZ,20260402,3.3123,3.5173,,1254798.9588,
603530.SH,20260402,0.7282,3.4554,,2379445.3774,
688357.SH,20260402,1.0174,1.6277,,332699.0844,
301389.SZ,20260402,8.3136,8.566,,1348042.5,
002107.SZ,20260402,2.6681,5.4206,,393079.7376,
603833.SH,20260402,0.4328,1.686,,3399072.9979,
600545.SH,20260402,8.4657,15.6853,,677618.7321,
002676.SZ,20260402,4.9014,7.9321,,502560.0,
600758.SH,20260402,12.6131,25.1708,,579043.6186,
000524.SZ,20260402,2.5379,8.2449,,729857.1621,
000566.SZ,20260402,6.181,9.9998,,738200.7567,
920753.BJ,20260402,1.4247,2.0379,,149865.4415,
920088.BJ,20260402,38.9498,41.5651,,545867.157,
002320.SZ,20260402,0.7709,2.7914,,1917884.6003,
600499.SH,20260402,0.8675,1.5114,,3093502.3587,
002852.SZ,20260402,1.8789,2.7175,,336401.0023,
301586.SZ,20260402,0.972,1.3303,,347252.4801,
600871.SH,20260402,2.2808,10.9604,,5592328.5207,
002067.SZ,20260402,2.317,2.3968,,709404.7033,
601225.SH,20260402,0.265,0.7625,,24964625.0,
688800.SH,20260402,2.1152,3.5341,,1686940.8957,
002398.SZ,20260402,1.7611,1.8494,,362979.6981,
003010.SZ,20260402,4.4584,5.8279,,1020586.1408,
000958.SZ,20260402,0.525,1.0724,,10788712.9395,
000050.SZ,20260402,0.7905,1.3994,,1939162.9045,
300837.SZ,20260402,1.69,2.9758,,356019.0068,
601990.SH,20260402,0.3031,0.569,,3202929.0348,
000048.SZ,20260402,2.5888,5.7091,,1016020.791,
002075.SZ,20260402,1.1997,1.6389,,1024516.4828,
300669.SZ,20260402,0.7809,1.3226,,603746.413,
301265.SZ,20260402,5.0786,6.5879,,598069.0613,
600332.SH,20260402,1.0423,2.1755,,3765331.8379,
688485.SH,20260402,8.8699,8.8699,,391961.6977,
600234.SH,20260402,0.8112,1.5321,,393781.4595,
002025.SZ,20260402,5.7494,9.1979,,2760792.3393,
688087.SH,20260402,2.0228,3.616,,713345.3529,
002747.SZ,20260402,1.1874,1.859,,1914305.34,
600300.SH,20260402,1.6452,2.3814,,577319.7583,
000609.SZ,20260402,3.1478,4.1662,,253178.6316,
002705.SZ,20260402,2.1645,6.4839,,1219437.4216,
601368.SH,20260402,1.5239,3.5352,,424710.05,
603348.SH,20260402,0.7017,1.3416,,620463.4998,
920046.BJ,20260402,6.5286,10.706,,262079.65,
601919.SH,20260402,0.5105,1.2515,,23275285.1307,
300052.SZ,20260402,2.6088,3.1363,,318158.3327,
301560.SZ,20260402,11.2603,11.2603,,465728.0,
688004.SH,20260402,2.2038,3.5594,,170907.792,
600624.SH,20260402,0.6074,0.8564,,318613.7158,
300923.SZ,20260402,2.2064,4.2715,,213870.6,
600720.SH,20260402,0.7401,0.9983,,1615395.2778,
300555.SZ,20260402,1.3928,1.6763,,260400.0,
600989.SH,20260402,1.342,4.5413,,21530744.96,
600562.SH,20260402,0.364,1.0638,,3071114.4383,
001380.SZ,20260402,2.7397,2.7397,,571231.5247,
300388.SZ,20260402,0.6977,1.8008,,541428.5736,
601058.SH,20260402,0.9429,1.276,,4415918.6478,
601798.SH,20260402,1.5353,2.5935,,322620.6602,
301055.SZ,20260402,4.1561,9.7441,,320580.0,
000009.SZ,20260402,0.7037,1.1357,,2233599.2937,
002848.SZ,20260402,1.0282,1.3557,,224315.3,
002221.SZ,20260402,1.739,2.8138,,1331827.9631,
688781.SH,20260402,13.7146,13.7146,,3541000.0,
603322.SH,20260402,2.2657,2.8495,,479379.0334,
603091.SH,20260402,0.6882,0.6882,,740208.8613,
688113.SH,20260402,1.3329,2.148,,240524.8829,
301010.SZ,20260402,1.9319,5.3663,,222912.0,
300765.SZ,20260402,1.1117,4.387,,4730669.0354,
688205.SH,20260402,7.8294,11.6276,,3260836.0627,
300375.SZ,20260402,2.5662,3.0025,,360116.1997,
002316.SZ,20260402,6.8666,7.3866,,212284.8,
301219.SZ,20260402,1.3547,1.822,,1790406.8807,
920871.BJ,20260402,1.5548,2.6101,,114176.0059,
300160.SZ,20260402,2.9068,4.6161,,428212.2458,
002356.SZ,20260402,2.853,3.5926,,445826.5371,
600223.SH,20260402,0.7092,1.5511,,709565.005,
002685.SZ,20260402,4.1657,4.7463,,712437.2832,
688315.SH,20260402,0.8498,2.3612,,594749.8,
301656.SZ,20260402,6.0936,6.0936,,4985131.5564,
603027.SH,20260402,0.9259,1.7679,,1279800.3955,
603990.SH,20260402,3.8263,4.8545,,469531.4266,
603666.SH,20260402,1.0223,1.6053,,533762.5007,
001339.SZ,20260402,4.454,6.4147,,1487893.5559,
002006.SZ,20260402,1.5518,2.1044,,887287.4021,
603353.SH,20260402,3.7192,11.3262,,627456.9,
002958.SZ,20260402,0.9074,1.1949,,1694465.1038,
603175.SH,20260402,9.876,9.876,,3387851.2964,
002982.SZ,20260402,4.2991,5.6366,,283049.196,
002300.SZ,20260402,8.065,21.0601,,692718.0183,
600657.SH,20260402,0.5501,2.043,,855563.5785,
002867.SZ,20260402,0.4958,1.3673,,1299312.2499,
300369.SZ,20260402,5.3946,7.221,,641201.9126,
600858.SH,20260402,1.1139,1.9506,,299558.3553,
920394.BJ,20260402,0.7628,2.2922,,675675.0,
301581.SZ,20260402,0.8163,1.8379,,356800.0,
603095.SH,20260402,0.78,2.5442,,451971.1,
600150.SH,20260402,0.6371,0.9013,,23254169.7799,
300536.SZ,20260402,1.9945,2.1338,,231404.3369,
605319.SH,20260402,1.8455,4.9573,,885746.7281,
300595.SZ,20260402,1.1103,1.5046,,1269519.9764,
603255.SH,20260402,0.9961,1.5751,,370261.6759,
000561.SZ,20260402,0.9577,1.5652,,822545.3626,
600428.SH,20260402,3.9348,8.4477,,2634163.5792,
600531.SH,20260402,3.2751,4.4677,,1564785.9312,
300546.SZ,20260402,1.7666,1.9591,,387262.8338,
600371.SH,20260402,1.9568,3.8368,,251909.658,
300674.SZ,20260402,1.1139,1.467,,1394032.9788,
600704.SH,20260402,0.6946,1.2245,,2683842.3629,
300539.SZ,20260402,1.6864,2.7171,,726016.5927,
000581.SZ,20260402,1.0834,1.848,,1976109.9565,
003002.SZ,20260402,1.144,2.1912,,529600.0,
603709.SH,20260402,1.6639,4.7279,,209540.3064,
002092.SZ,20260402,2.6514,3.769,,1722362.9788,
603661.SH,20260402,0.5618,1.9724,,428465.5225,
601992.SH,20260402,0.7781,2.1645,,1879287.7196,
688550.SH,20260402,1.4852,2.5147,,673647.1973,
920396.BJ,20260402,3.2221,4.9667,,222585.5412,
001215.SZ,20260402,2.8633,4.8701,,387475.8586,
300211.SZ,20260402,0.8461,1.5493,,238584.8326,
300071.SZ,20260402,3.304,4.3625,,464592.25,
000608.SZ,20260402,2.7225,3.8978,,296965.6704,
002687.SZ,20260402,2.8574,4.0107,,242798.9352,
600831.SH,20260402,2.4199,3.4179,,263050.387,
300785.SZ,20260402,5.5233,6.8129,,940187.5889,
300740.SZ,20260402,1.7492,3.0061,,803918.4011,
603800.SH,20260402,1.3685,2.5818,,812240.0,
603822.SH,20260402,1.5528,2.5387,,676067.7968,
301418.SZ,20260402,2.2085,2.2085,,270013.3358,
300834.SZ,20260402,11.652,32.5491,,842455.0232,
002876.SZ,20260402,2.5882,2.921,,457491.2561,
301313.SZ,20260402,1.8616,2.1799,,294428.3764,
300172.SZ,20260402,5.0551,5.563,,360009.72,
301163.SZ,20260402,2.7329,4.0081,,235416.0,
300666.SZ,20260402,3.3057,3.6572,,3595095.2547,
000514.SZ,20260402,0.9548,2.5937,,393197.2697,
600282.SH,20260402,0.5759,1.5465,,3390800.0561,
000166.SZ,20260402,0.318,0.7384,,11693654.1095,
688566.SH,20260402,4.7738,16.3926,,651341.2051,
600741.SH,20260402,0.9172,2.2006,,6283378.9001,
600312.SH,20260402,1.1038,1.8844,,2753193.336,
000421.SZ,20260402,1.5981,3.4804,,380263.2159,
002786.SZ,20260402,1.9177,3.0696,,352380.132,
605108.SH,20260402,0.6892,2.1944,,430560.0,
605178.SH,20260402,3.1907,5.5503,,662052.56,
600433.SH,20260402,2.0726,3.462,,624849.6862,
002368.SZ,20260402,0.9836,1.4964,,1209691.9261,
600990.SH,20260402,1.0055,1.8689,,602547.1088,
603458.SH,20260402,6.0641,6.6977,,316226.623,
603517.SH,20260402,2.5979,4.9738,,760532.4297,
600115.SH,20260402,1.4103,3.1365,,9652340.9248,
600589.SH,20260402,9.6977,11.4843,,1520301.9674,
603222.SH,20260402,9.1635,14.6263,,532966.9742,
000937.SZ,20260402,0.7851,2.7739,,1996453.9703,
002838.SZ,20260402,0.5819,1.1994,,1184036.045,
688262.SH,20260402,3.7205,5.0058,,1050671.728,
300733.SZ,20260402,3.8232,5.213,,551440.0091,
002507.SZ,20260402,0.7527,1.1644,,1432013.5137,
002333.SZ,20260402,1.4786,4.6384,,368508.9408,
000534.SZ,20260402,4.6948,6.2272,,1955137.6559,
003042.SZ,20260402,8.4788,16.4597,,258601.2,
002475.SZ,20260402,1.1826,1.8945,,36349778.2221,
600361.SH,20260402,1.3466,2.6999,,1526659.1314,
603100.SH,20260402,0.8962,1.9535,,985805.6711,
300865.SZ,20260402,1.6563,2.6966,,250394.56,
300096.SZ,20260402,1.5738,1.8778,,354750.0,
600038.SH,20260402,0.7963,1.4131,,2755661.0889,
600128.SH,20260402,2.1192,2.8826,,272589.6921,
603698.SH,20260402,1.3939,4.5229,,1603682.08,
920166.BJ,20260402,9.6692,9.6692,,213985.8834,
002730.SZ,20260402,15.3315,30.7156,,1067773.5661,
002284.SZ,20260402,2.045,3.559,,997785.4698,
002537.SZ,20260402,1.717,2.2944,,900470.8434,
600593.SH,20260402,3.2821,7.0723,,473384.905,
000809.SZ,20260402,4.1872,6.3726,,291976.1177,
002436.SZ,20260402,3.3949,3.5138,,3356855.2869,
301290.SZ,20260402,1.954,1.9545,,270668.3485,
002173.SZ,20260402,9.54,11.8897,,1142926.4717,
300936.SZ,20260402,10.5929,16.08,,468496.0,
002268.SZ,20260402,1.0331,1.6265,,1383460.6318,
688507.SH,20260402,2.9032,2.9032,,732117.7693,
001316.SZ,20260402,2.2143,5.9794,,547834.2838,
603838.SH,20260402,0.2406,0.6622,,278733.936,
002519.SZ,20260402,7.0942,10.7381,,896638.9948,
603529.SH,20260402,2.0186,6.7175,,2734730.7863,
000900.SZ,20260402,1.1433,2.1393,,634452.2436,
600958.SH,20260402,0.4568,0.7132,,7663974.0534,
601156.SH,20260402,0.8123,1.2749,,2730595.5563,
600770.SH,20260402,1.1871,2.1252,,712400.0,
600097.SH,20260402,1.3383,2.3407,,260452.4203,
688089.SH,20260402,0.9371,1.7422,,305985.9802,
603813.SH,20260402,0.0745,0.2124,,240064.29,
300174.SZ,20260402,1.4027,1.8165,,584193.4174,
688007.SH,20260402,0.9216,1.3899,,619102.2603,
002416.SZ,20260402,1.0738,2.1038,,1573887.8936,
000953.SZ,20260402,2.3284,3.5281,,258482.2697,
301428.SZ,20260402,13.691,13.691,,329645.3344,
600810.SH,20260402,2.8727,6.7739,,912355.2028,
300073.SZ,20260402,2.1134,2.7522,,2822706.9622,
603477.SH,20260402,6.7936,12.6642,,868649.9099,
603376.SH,20260402,3.7306,3.7306,,1328403.321,
301119.SZ,20260402,1.5067,4.4717,,432016.0,
000858.SZ,20260402,0.391,0.8706,,40756884.0525,
603162.SH,20260402,4.6137,4.6137,,1272428.2643,
300322.SZ,20260402,3.4347,4.2275,,1076949.3162,
300371.SZ,20260402,2.309,3.3707,,246692.4049,
603180.SH,20260402,0.3648,1.2278,,289386.3946,
603001.SH,20260402,1.0942,2.0964,,358877.1,
603161.SH,20260402,0.9849,1.7701,,278003.0182,
688668.SH,20260402,5.7058,10.5413,,2037250.4246,
000723.SZ,20260402,1.7625,2.8179,,2038819.5944,
688037.SH,20260402,1.7086,2.3866,,3356287.9692,
603590.SH,20260402,1.9869,3.6397,,619822.8393,
002258.SZ,20260402,0.9483,1.6076,,1164636.1667,
688369.SH,20260402,3.0331,3.8423,,247027.5442,
601107.SH,20260402,1.455,6.8065,,1792023.16,
000980.SZ,20260402,4.3619,5.9439,,1099275.4071,
920198.BJ,20260402,2.4386,2.4956,,139095.6577,
300994.SZ,20260402,6.422,9.7115,,355459.2,
000521.SZ,20260402,1.1069,1.5454,,647822.0167,
688509.SH,20260402,1.7336,1.7336,,334180.0,
300863.SZ,20260402,1.481,3.3536,,939750.125,
300427.SZ,20260402,5.3454,6.489,,600562.4719,
300743.SZ,20260402,1.7959,2.5943,,261297.2442,
002449.SZ,20260402,2.1358,2.72,,468187.2169,
002846.SZ,20260402,1.5425,2.2803,,598490.9313,
003033.SZ,20260402,5.4465,16.8858,,502762.5,
002798.SZ,20260402,1.3053,1.8243,,328456.0194,
002627.SZ,20260402,2.2998,3.4542,,600694.5424,
002384.SZ,20260402,3.1946,3.626,,19460830.0275,
003020.SZ,20260402,2.7758,4.554,,481921.6492,
603992.SH,20260402,1.7362,7.7203,,1553747.6627,
001314.SZ,20260402,1.1361,2.4532,,559267.914,
300662.SZ,20260402,2.0378,2.8904,,468792.7471,
001308.SZ,20260402,0.304,1.6309,,1417203.6735,
300749.SZ,20260402,9.3555,13.2448,,584732.79,
002228.SZ,20260402,1.5668,2.7144,,478073.9378,
000635.SZ,20260402,1.1854,2.056,,333042.9114,
603070.SH,20260402,0.6348,2.4424,,579846.0,
603810.SH,20260402,1.2846,2.3353,,256939.4835,
002923.SZ,20260402,22.7093,40.9388,,581039.8512,
300840.SZ,20260402,2.9384,3.2899,,411600.0,
003008.SZ,20260402,1.3964,2.199,,234624.0,
603881.SH,20260402,7.2955,12.766,,2619202.5384,
002915.SZ,20260402,1.2511,1.8307,,675911.0333,
000725.SZ,20260402,1.0742,1.237,,14632509.5853,
600113.SH,20260402,1.4236,3.1233,,1987953.8352,
000543.SZ,20260402,2.0222,4.7755,,1863361.6581,
603089.SH,20260402,0.8988,2.241,,333620.2695,
601860.SH,20260402,1.1202,1.4613,,999454.5288,
600131.SH,20260402,1.6188,3.8927,,2146253.8838,
920263.BJ,20260402,1.2561,2.007,,155367.1856,
002799.SZ,20260402,1.7908,3.3509,,266593.32,
603390.SH,20260402,1.5433,4.2007,,414597.6891,
688612.SH,20260402,1.5439,1.7316,,1252953.2249,
002628.SZ,20260402,3.2267,4.0662,,389906.7137,
301584.SZ,20260402,16.8353,16.8353,,1193089.0575,
301132.SZ,20260402,6.1133,12.0859,,569835.8862,
301314.SZ,20260402,4.4221,4.9684,,245089.0,
688662.SH,20260402,3.955,6.0774,,514350.96,
002576.SZ,20260402,3.7338,5.2589,,291566.6,
600665.SH,20260402,1.158,2.7256,,283432.1869,
300629.SZ,20260402,3.2652,3.6625,,553131.5328,
600568.SH,20260402,1.2973,2.112,,534089.0745,
920690.BJ,20260402,1.946,3.6547,,159120.0,
002601.SZ,20260402,1.6541,2.1776,,4069911.4316,
300382.SZ,20260402,1.3063,1.9835,,743066.3931,
600774.SH,20260402,2.8624,6.8712,,269954.6478,
301362.SZ,20260402,5.4324,5.4324,,1039896.45,
600318.SH,20260402,3.0674,4.0149,,375316.6266,
603318.SH,20260402,5.3333,9.3237,,439855.8619,
300110.SZ,20260402,8.6718,10.8428,,409045.6918,
301129.SZ,20260402,2.4637,4.3703,,331589.656,
002171.SZ,20260402,1.587,2.1034,,1781985.7835,
002775.SZ,20260402,1.7996,3.4428,,253237.8146,
001227.SZ,20260402,1.2865,1.4471,,1281531.8628,
301508.SZ,20260402,2.3951,2.3951,,656099.2504,
000750.SZ,20260402,0.7159,0.9481,,2413973.9523,
603305.SH,20260402,1.9392,3.7773,,1682711.6575,
001325.SZ,20260402,19.5062,19.5062,,453779.2,
001230.SZ,20260402,4.1298,6.0137,,340665.7327,
600737.SH,20260402,0.7213,1.4639,,2994387.5192,
688390.SH,20260402,4.9367,7.3678,,2090335.0662,
300394.SZ,20260402,3.6337,6.5634,,25094984.9615,
920682.BJ,20260402,4.0889,5.9714,,286840.32,
688302.SH,20260402,2.4026,3.1789,,437153.8652,
300564.SZ,20260402,3.1669,5.0797,,238101.2352,
601009.SH,20260402,0.2725,0.6232,,13958467.4196,
603300.SH,20260402,2.9025,3.8145,,1320362.1908,
002195.SZ,20260402,2.7967,3.1036,,5018440.906,
301295.SZ,20260402,5.3617,5.3617,,364593.6,
002573.SZ,20260402,0.9587,2.0148,,525064.0863,
002374.SZ,20260402,1.4895,1.8337,,347266.9706,
300792.SZ,20260402,2.3224,4.1581,,793047.3173,
688155.SH,20260402,1.3099,2.7749,,926775.9386,
603332.SH,20260402,2.7203,6.808,,269135.8969,
301397.SZ,20260402,1.7432,1.7432,,456559.2798,
002645.SZ,20260402,10.5878,16.5575,,1130308.2484,
300527.SZ,20260402,0.6327,1.4319,,818500.1495,
688716.SH,20260402,1.7241,1.7246,,388280.88,
000717.SZ,20260402,1.0877,2.3122,,588994.4784,
688793.SH,20260402,3.335,6.0636,,198190.1362,
300908.SZ,20260402,1.1082,2.265,,408216.0,
601089.SH,20260402,1.1291,4.1272,,1180800.0,
002168.SZ,20260402,1.899,2.3174,,315233.6739,
300230.SZ,20260402,1.6355,1.8448,,382210.3173,
000782.SZ,20260402,1.684,1.9218,,370067.4334,
002774.SZ,20260402,1.1628,2.8893,,357899.2377,
300600.SZ,20260402,1.0238,1.8497,,366027.6931,
000972.SZ,20260402,1.2764,1.9832,,296944.1779,
000856.SZ,20260402,7.9338,11.334,,246068.0,
603896.SH,20260402,0.9374,1.6057,,378447.6261,
002430.SZ,20260402,0.9972,2.4402,,2704171.5809,
002498.SZ,20260402,4.3339,12.9613,,2701358.352,
000599.SZ,20260402,3.5377,6.0323,,441866.612,
688796.SH,20260402,11.9088,11.9088,,4625398.647,
688560.SH,20260402,2.1851,3.5111,,284439.6101,
002863.SZ,20260402,2.4593,3.7131,,329116.4711,
688727.SH,20260402,4.8984,4.8984,,2052491.9328,
002743.SZ,20260402,1.4747,2.2102,,233739.1727,
601700.SH,20260402,1.6907,3.431,,586460.0095,
603378.SH,20260402,1.6364,4.1383,,230584.9934,
002919.SZ,20260402,1.2101,2.0458,,522924.1415,
601319.SH,20260402,0.1453,1.7276,,32858425.0032,
600610.SH,20260402,2.7461,4.3372,,956648.2223,
600694.SH,20260402,0.621,1.0222,,572322.7101,
002215.SZ,20260402,0.9918,1.1738,,1031758.9229,
600121.SH,20260402,7.3069,15.1932,,560469.5375,
920367.BJ,20260402,15.3112,30.9301,,151076.185,
000752.SZ,20260402,0.6446,0.7942,,255054.4608,
301272.SZ,20260402,2.0728,2.7232,,226754.9148,
603014.SH,20260402,2.5424,2.5424,,1545272.2901,
301606.SZ,20260402,2.0867,3.6945,,2847525.9986,
601162.SH,20260402,1.0394,1.3836,,3666930.6252,
603216.SH,20260402,0.709,2.6309,,711271.86,
920808.BJ,20260402,0.8829,3.0466,,1342400.0067,
601881.SH,20260402,0.5542,1.9275,,13810150.0493,
002837.SZ,20260402,3.9999,5.8584,,8082952.9112,
600503.SH,20260402,1.2139,1.3069,,384549.6,
688008.SH,20260402,2.6676,2.8756,,15766380.2709,
603181.SH,20260402,0.5651,0.9887,,843607.1,
688669.SH,20260402,0.874,1.6796,,306973.335,
300242.SZ,20260402,2.5854,3.2856,,291260.8478,
002366.SZ,20260402,2.4861,2.4861,,1514922.6019,
600031.SH,20260402,0.8103,1.1925,,18454373.9051,
603033.SH,20260402,1.1968,3.1542,,1010540.2829,
603499.SH,20260402,0.9986,2.4776,,646946.8058,
603201.SH,20260402,0.7327,2.3135,,308337.0888,
688631.SH,20260402,2.9625,3.9109,,832062.3,
001317.SZ,20260402,2.0195,4.9297,,403528.3034,
605305.SH,20260402,2.5214,3.5042,,855605.52,
300558.SZ,20260402,2.655,4.5211,,1924015.864,
000707.SZ,20260402,1.6642,2.111,,351415.033,
603138.SH,20260402,5.6199,10.1141,,558945.8944,
600732.SH,20260402,2.1993,2.9898,,2983205.1415,
002599.SZ,20260402,1.5708,1.7812,,372875.8509,
920006.BJ,20260402,2.3131,3.1441,,197728.968,
002423.SZ,20260402,0.6529,1.7543,,2345579.4754,
600855.SH,20260402,1.3818,2.488,,789963.0394,
600379.SH,20260402,1.6897,3.0276,,386996.233,
301175.SZ,20260402,4.5571,4.5571,,903734.32,
920985.BJ,20260402,2.1806,3.5434,,214157.5304,
600838.SH,20260402,1.7361,2.5756,,402084.6269,
300300.SZ,20260402,22.9244,30.4071,,950257.0634,
002305.SZ,20260402,1.1704,1.9669,,374590.6063,
300769.SZ,20260402,6.6445,7.5494,,1169224.6492,
688768.SH,20260402,1.6373,2.5025,,385038.6081,
688349.SH,20260402,0.5018,1.942,,2828088.1198,
920564.BJ,20260402,3.3219,5.3241,,210551.8564,
002833.SZ,20260402,0.9614,1.348,,758527.2773,
600320.SH,20260402,2.2219,4.0933,,2676323.5785,
688552.SH,20260402,4.3819,4.3819,,1374960.096,
603116.SH,20260402,0.8627,1.9352,,318639.0424,
000060.SZ,20260402,1.5243,2.1794,,2704674.0269,
688120.SH,20260402,0.8047,1.1195,,6079277.7253,
300873.SZ,20260402,1.086,1.724,,500867.064,
300641.SZ,20260402,4.0441,9.2791,,1009046.0352,
300232.SZ,20260402,2.9508,3.2567,,732939.3798,
002367.SZ,20260402,3.1655,6.0071,,511354.8373,
300913.SZ,20260402,2.4968,7.5963,,1680313.0502,
002124.SZ,20260402,2.1645,2.2596,,528820.252,
603858.SH,20260402,0.5389,1.2341,,1773784.1194,
601882.SH,20260402,0.5249,2.2522,,960480.0,
000564.SZ,20260402,1.132,1.5899,,3358799.7838,
000617.SZ,20260402,1.9974,9.9982,,12540942.4464,
002578.SZ,20260402,17.0963,29.1994,,397979.1976,
300396.SZ,20260402,0.8844,1.8471,,319331.8885,
002286.SZ,20260402,1.49,1.7988,,370672.6281,
002574.SZ,20260402,1.2689,2.7648,,297264.0,
300131.SZ,20260402,4.1908,4.2044,,1271221.8232,
600829.SH,20260402,7.4944,29.5389,,655274.1146,
001225.SZ,20260402,6.9169,8.1775,,314118.7692,
301379.SZ,20260402,2.7219,2.7226,,463692.585,
300343.SZ,20260402,0.956,1.0884,,676281.2984,
300683.SZ,20260402,22.1839,36.9412,,620701.2021,
301182.SZ,20260402,2.7982,5.7429,,561706.8054,
600530.SH,20260402,0.6639,1.5072,,417681.88,
603577.SH,20260402,2.3157,5.8186,,354400.3595,
920016.BJ,20260402,1.584,1.7693,,126481.3093,
300022.SZ,20260402,8.1312,11.2327,,504125.1876,
603073.SH,20260402,4.3656,4.7078,,229100.0,
301013.SZ,20260402,3.0896,3.3709,,495301.5357,
920964.BJ,20260402,1.038,1.1414,,156463.592,
300354.SZ,20260402,1.9701,2.4521,,470288.6834,
600525.SH,20260402,1.077,1.5441,,694997.1401,
600455.SH,20260402,3.3539,4.2242,,161828.678,
600380.SH,20260402,1.0036,1.9663,,2096553.5804,
603191.SH,20260402,3.0527,5.0817,,692265.8126,
300633.SZ,20260402,1.352,1.646,,1118128.8545,
002500.SZ,20260402,0.449,0.8561,,2003092.5232,
002312.SZ,20260402,1.3565,2.46,,2133111.4457,
920415.BJ,20260402,1.2845,1.775,,172407.5945,
688592.SH,20260402,1.9158,1.9158,,328842.5294,
301320.SZ,20260402,2.3991,2.3991,,300862.53,
601330.SH,20260402,4.039,12.8561,,1163065.3497,
603365.SH,20260402,0.8773,2.178,,555179.6745,
603281.SH,20260402,0.4985,0.7237,,1220426.6688,
688323.SH,20260402,3.4918,6.2267,,375123.7012,
301602.SZ,20260402,0.608,1.6874,,856659.276,
002742.SZ,20260402,0.8492,0.9836,,303057.2042,
920599.BJ,20260402,0.9783,1.5087,,847345.8,
688365.SH,20260402,2.1473,5.2106,,749877.2685,
603173.SH,20260402,0.7834,2.5048,,640640.0,
000570.SZ,20260402,1.9665,3.3313,,393070.7264,
003021.SZ,20260402,1.32,3.0462,,2561146.8525,
688206.SH,20260402,0.5073,1.0702,,1316413.0053,
600259.SH,20260402,2.4062,3.9095,,2641021.8935,
300647.SZ,20260402,2.2733,2.7602,,270276.7252,
300276.SZ,20260402,1.4089,1.6915,,959714.4482,
300122.SZ,20260402,1.584,2.0595,,3753462.3233,
301387.SZ,20260402,2.7183,3.5492,,544624.2348,
002419.SZ,20260402,1.8308,3.691,,667412.0653,
300031.SZ,20260402,1.7248,1.7876,,856336.9913,
600893.SH,20260402,2.0298,4.1376,,13274659.3052,
688029.SH,20260402,1.027,1.8026,,1412800.4609,
301116.SZ,20260402,0.6145,2.4047,,447632.6542,
300885.SZ,20260402,4.5598,8.5946,,578441.8458,
688199.SH,20260402,1.2592,1.729,,384849.4481,
603087.SH,20260402,1.3937,2.2691,,3854408.965,
600579.SH,20260402,0.8722,2.3737,,382046.9875,
603559.SH,20260402,0.6431,0.9141,,288518.1479,
002658.SZ,20260402,3.0535,4.106,,526410.0451,
603867.SH,20260402,2.2398,2.9254,,637018.6702,
688658.SH,20260402,5.7215,10.336,,895500.0,
601279.SH,20260402,0.5294,2.5084,,654929.6118,
600908.SH,20260402,0.7579,0.9936,,1250968.5662,
001335.SZ,20260402,3.2019,3.2019,,378895.3015,
301252.SZ,20260402,5.1881,5.1881,,619872.7867,
300180.SZ,20260402,1.5172,2.1198,,1007326.4087,
605339.SH,20260402,0.204,1.2739,,690745.1228,
601000.SH,20260402,1.3146,3.0495,,2797038.3058,
688198.SH,20260402,0.2934,1.0968,,1365497.2424,
601126.SH,20260402,3.2447,5.477,,3465151.9505,
002306.SZ,20260402,4.8604,5.9076,,211352.2875,
688125.SH,20260402,0.6564,2.1484,,1782388.3043,
920832.BJ,20260402,1.6371,1.707,,91029.0954,
600718.SH,20260402,1.5532,2.0123,,1076794.9668,
300530.SZ,20260402,1.091,3.6327,,428674.7255,
688115.SH,20260402,0.7527,1.8393,,263879.86,
600814.SH,20260402,1.0139,3.0175,,563805.2847,
601212.SH,20260402,1.5993,4.4019,,5842367.0892,
603211.SH,20260402,1.8704,6.7523,,672724.8,
300317.SZ,20260402,12.2702,15.0115,,409282.8837,
300118.SZ,20260402,5.0584,5.4764,,1835422.3194,
603518.SH,20260402,0.8093,1.2182,,306672.5618,
600691.SH,20260402,2.7847,5.6081,,767442.1705,
001269.SZ,20260402,1.6785,5.4179,,405796.0349,
000789.SZ,20260402,1.0092,1.9919,,421829.0182,
600435.SH,20260402,1.235,2.0036,,2191406.3783,
002184.SZ,20260402,1.2799,1.4427,,395545.0079,
601988.SH,20260402,0.139,2.3966,,191394172.6175,
920834.BJ,20260402,2.0727,3.8276,,143880.006,
600236.SH,20260402,0.1823,1.3895,,7535553.1787,
688667.SH,20260402,2.7903,6.0562,,539232.6115,
920978.BJ,20260402,3.2945,3.5618,,494898.2585,
002745.SZ,20260402,2.4983,2.963,,1254120.6072,
603871.SH,20260402,1.0449,2.5777,,1829027.5757,
300363.SZ,20260402,3.3593,5.2528,,1214593.2634,
600620.SH,20260402,0.6096,1.5492,,429859.8727,
600056.SH,20260402,1.5531,3.2877,,1576657.2544,
002431.SZ,20260402,6.1483,10.2109,,488451.6913,
301246.SZ,20260402,9.7816,10.8832,,920015.64,
603699.SH,20260402,1.3151,3.5655,,4050853.1473,
002293.SZ,20260402,0.8357,1.5921,,844682.4333,
600098.SH,20260402,0.8506,3.2062,,2510199.3264,
300190.SZ,20260402,2.4095,3.3825,,369603.7649,
301458.SZ,20260402,2.7489,3.1672,,892800.1116,
600678.SH,20260402,2.2058,2.7747,,360506.67,
300973.SZ,20260402,1.6753,2.1514,,551880.7905,
603908.SH,20260402,1.7041,4.3244,,210466.9929,
300287.SZ,20260402,1.1656,1.1915,,607120.8208,
603169.SH,20260402,1.732,3.2127,,1290616.2964,
002199.SZ,20260402,0.6838,1.0827,,199379.2953,
920523.BJ,20260402,1.5322,1.9847,,232587.9432,
002758.SZ,20260402,1.2623,2.2115,,507907.6465,
688307.SH,20260402,9.5137,14.3333,,683204.704,
603341.SH,20260402,1.9087,2.0911,,1945082.377,
300784.SZ,20260402,3.8337,3.8337,,265891.3728,
688553.SH,20260402,9.134,12.6264,,923871.6,
300109.SZ,20260402,1.0387,1.1008,,826580.8346,
000070.SZ,20260402,22.75,36.556,,1743967.8001,
300566.SZ,20260402,1.8002,1.9939,,462876.7642,
600227.SH,20260402,15.8749,19.2172,,640027.7926,
688177.SH,20260402,0.8409,2.8848,,961079.68,
601186.SH,20260402,0.475,1.2018,,9464940.4255,
600506.SH,20260402,4.0231,6.8257,,421865.598,
600892.SH,20260402,0.7886,1.2104,,202526.0361,
002290.SZ,20260402,1.3288,2.372,,1554919.9721,
600787.SH,20260402,1.1168,2.1633,,1182693.3722,
600985.SH,20260402,0.6766,1.7549,,3716697.0184,
002581.SZ,20260402,0.7436,0.8594,,480947.2422,
002803.SZ,20260402,3.2118,3.5816,,725152.5137,
603077.SH,20260402,2.0286,3.0208,,2428710.0002,
000919.SZ,20260402,2.0151,3.4575,,461467.9998,
603629.SH,20260402,12.2104,22.4126,,1580740.32,
300581.SZ,20260402,1.1602,2.2238,,704140.2189,
603733.SH,20260402,0.5256,2.5809,,1549208.2563,
688660.SH,20260402,1.0103,2.5262,,1633333.415,
920021.BJ,20260402,8.719,10.5387,,298184.9836,
920152.BJ,20260402,1.6916,2.063,,172579.635,
688376.SH,20260402,1.1609,2.6972,,816651.2379,
002971.SZ,20260402,0.9779,1.2748,,601384.2,
301299.SZ,20260402,5.9835,7.7391,,393862.3929,
301386.SZ,20260402,4.0193,4.0193,,344400.0,
301587.SZ,20260402,9.8654,10.8641,,384526.1844,
688221.SH,20260402,6.2215,10.5581,,785116.8567,
603931.SH,20260402,0.6965,1.8774,,529029.2654,
688567.SH,20260402,1.2176,2.0856,,1548405.6223,
688530.SH,20260402,8.0251,8.0251,,447965.4624,
301363.SZ,20260402,3.0684,7.3311,,1459154.5767,
920533.BJ,20260402,2.4255,3.4504,,289758.2388,
600301.SH,20260402,3.3561,4.6183,,2966741.4765,
600170.SH,20260402,1.5115,2.7433,,2408089.6706,
603589.SH,20260402,0.7033,1.152,,1506662.95,
002442.SZ,20260402,1.8204,2.9248,,292411.4331,
688169.SH,20260402,0.8264,1.0459,,3075592.5882,
600149.SH,20260402,12.5615,19.4158,,232657.92,
300478.SZ,20260402,2.1718,3.0155,,297808.223,
002209.SZ,20260402,3.8803,4.5629,,304713.4756,
601019.SH,20260402,0.3413,1.6664,,1844819.6,
300237.SZ,20260402,1.3093,1.7951,,334524.2638,
002212.SZ,20260402,1.5615,1.5615,,859821.8778,
002347.SZ,20260402,1.8422,2.6314,,408808.8436,
688322.SH,20260402,1.3953,2.1951,,3029842.4447,
688225.SH,20260402,0.7437,1.4227,,652016.3,
300692.SZ,20260402,7.1087,8.3888,,477107.9327,
300768.SZ,20260402,0.8824,1.7347,,977332.4812,
600865.SH,20260402,1.0135,2.6673,,420636.6733,
601898.SH,20260402,0.5027,2.994,,23746266.1494,
301075.SZ,20260402,1.5258,4.4551,,498640.0,
603170.SH,20260402,0.5669,1.6731,,510412.76,
688010.SH,20260402,1.2921,2.7093,,464022.9604,
688119.SH,20260402,0.8225,1.9051,,569250.0,
301505.SZ,20260402,3.0677,3.0677,,247675.9805,
002541.SZ,20260402,1.3023,1.8721,,1399357.2199,
002478.SZ,20260402,4.203,5.1407,,956654.0901,
300638.SZ,20260402,2.9402,3.5903,,2160036.5573,
600660.SH,20260402,0.5097,0.7196,,15225243.7657,
600016.SH,20260402,0.5544,0.8086,,16462189.3568,
601619.SH,20260402,2.8529,5.3043,,1488427.4547,
300162.SZ,20260402,8.7865,10.2782,,350290.8751,
301079.SZ,20260402,30.5021,35.4375,,476033.8626,
601595.SH,20260402,1.2137,3.9426,,1091815.2,
600398.SH,20260402,1.1189,2.7855,,3160222.8548,
920885.BJ,20260402,2.9155,4.3547,,325753.5493,
000883.SZ,20260402,0.6032,2.0347,,3348550.349,
600408.SH,20260402,5.2062,7.6076,,343318.8,
688096.SH,20260402,4.5799,5.5988,,190724.1119,
603269.SH,20260402,2.5285,3.4005,,411566.1067,
301251.SZ,20260402,5.5801,5.5801,,739171.2179,
600055.SH,20260402,0.4505,0.826,,1048967.0985,
001322.SZ,20260402,0.3869,1.8355,,709897.6126,
002669.SZ,20260402,2.1014,2.9547,,378036.4,
002510.SZ,20260402,1.8862,2.2482,,707551.6795,
002041.SZ,20260402,1.5189,3.8512,,912560.0,
002370.SZ,20260402,14.8068,17.3403,,567452.9903,
603339.SH,20260402,1.0492,1.8791,,400107.4393,
603508.SH,20260402,0.5494,1.2815,,984450.4414,
000878.SZ,20260402,2.0657,3.1203,,4328953.5114,
920768.BJ,20260402,1.595,2.1123,,120402.45,
000888.SZ,20260402,2.1719,3.5957,,670233.4657,
600725.SH,20260402,1.5053,2.1578,,538589.39,
002616.SZ,20260402,7.5313,11.5175,,503500.7916,
002875.SZ,20260402,2.5318,3.2735,,405797.1412,
300034.SZ,20260402,1.4603,2.4667,,1424170.3131,
688636.SH,20260402,1.6121,2.7379,,695103.8968,
000620.SZ,20260402,3.3605,5.9587,,1591261.8758,
300130.SZ,20260402,1.2149,1.41,,1284365.2145,
600851.SH,20260402,6.0842,12.9308,,1040482.8685,
000582.SZ,20260402,1.0963,2.4931,,2650489.9574,
002422.SZ,20260402,1.7948,2.1611,,5808924.0072,
300505.SZ,20260402,9.0961,9.9219,,795741.4791,
002053.SZ,20260402,2.0813,7.821,,1082777.8497,
603237.SH,20260402,0.5658,1.3457,,338373.546,
688729.SH,20260402,1.8917,1.8917,,6437209.68,
300440.SZ,20260402,2.195,3.3526,,720367.7074,
301199.SZ,20260402,1.5962,1.8916,,414420.72,
000632.SZ,20260402,17.9345,22.8391,,227639.0697,
001386.SZ,20260402,2.7728,2.7728,,2352797.48,
000504.SZ,20260402,0.7155,1.2053,,334313.3983,
002001.SZ,20260402,1.3005,2.6436,,10630965.5911,
688131.SH,20260402,2.3276,3.4279,,1534359.9598,
300905.SZ,20260402,1.6102,2.5904,,547609.0141,
605366.SH,20260402,3.2978,5.9061,,853685.47,
688558.SH,20260402,0.6986,2.156,,373296.0,
603007.SH,20260402,1.6761,1.6761,,552903.8131,
300189.SZ,20260402,10.3218,10.8858,,678912.0,
002266.SZ,20260402,0.9176,1.7475,,2165997.6318,
300623.SZ,20260402,1.0699,1.7159,,2221653.3837,
603062.SH,20260402,2.4554,2.8133,,500256.0,
300585.SZ,20260402,2.5657,4.3004,,275831.1109,
601717.SH,20260402,1.1071,1.7691,,3606507.8586,
603030.SH,20260402,1.3389,1.7635,,312113.2442,
300735.SZ,20260402,1.0816,2.1292,,1600922.9973,
603202.SH,20260402,2.02,2.02,,1499200.0,
600699.SH,20260402,2.412,3.893,,3912594.1304,
600538.SH,20260402,2.3472,2.6058,,340728.9262,
301318.SZ,20260402,1.0455,2.1848,,350559.411,
300474.SZ,20260402,1.8894,2.3175,,2928235.5065,
301501.SZ,20260402,1.8393,1.8393,,550335.9,
300473.SZ,20260402,1.9623,2.5345,,520922.4095,
600727.SH,20260402,4.4512,6.7689,,393265.8524,
002871.SZ,20260402,1.7583,2.4351,,407751.3751,
300005.SZ,20260402,3.8938,5.2564,,1265461.5304,
002938.SZ,20260402,1.1287,4.0553,,11810469.9265,
002659.SZ,20260402,2.2925,3.275,,302131.5939,
002883.SZ,20260402,2.7477,4.3078,,148193.1505,
300713.SZ,20260402,4.5015,6.2908,,250778.8798,
603610.SH,20260402,1.1325,2.6104,,546078.0377,
301512.SZ,20260402,3.4745,4.9482,,237546.9636,
920748.BJ,20260402,4.0213,10.3735,,283938.0,
688139.SH,20260402,0.9733,1.8346,,996003.2255,
002521.SZ,20260402,0.8053,0.944,,449729.0232,
603358.SH,20260402,3.4945,9.3373,,1687317.129,
300731.SZ,20260402,9.4161,11.788,,772833.8998,
000910.SZ,20260402,0.64,1.1954,,380988.66,
002933.SZ,20260402,1.4944,2.4068,,379040.5,
600867.SH,20260402,5.3302,9.1202,,1909579.2583,
600389.SH,20260402,1.7276,2.4319,,1245439.8,
002172.SZ,20260402,2.0327,3.034,,308590.1411,
300985.SZ,20260402,1.3159,4.7575,,383469.6589,
600495.SH,20260402,9.973,14.5418,,607720.0157,
301263.SZ,20260402,2.5741,3.2093,,1189691.01,
301103.SZ,20260402,1.5673,2.1993,,312102.2802,
300201.SZ,20260402,3.4091,4.5344,,1051423.4385,
605218.SH,20260402,0.9433,2.882,,407685.9166,
002245.SZ,20260402,5.0814,5.8821,,1960324.1024,
000703.SZ,20260402,0.8458,2.2818,,4864238.8054,
688005.SH,20260402,2.1218,2.9025,,1983363.1793,
920039.BJ,20260402,0.6489,1.9803,,144436.98,
601398.SH,20260402,0.1023,0.884,,271937974.1589,
002031.SZ,20260402,1.6802,1.8195,,1354827.7327,
920261.BJ,20260402,0.7727,1.1525,,407876.9799,
300341.SZ,20260402,0.6948,1.8312,,733170.4461,
605123.SH,20260402,1.689,3.882,,1141187.4609,
600717.SH,20260402,0.9592,2.2421,,1339922.4806,
301262.SZ,20260402,2.4891,3.4637,,942837.0,
605068.SH,20260402,0.7385,2.1874,,427555.2328,
002262.SZ,20260402,1.1626,1.9686,,2332245.9946,
600138.SH,20260402,0.8555,1.1139,,665208.96,
300324.SZ,20260402,2.3592,2.5848,,784326.1301,
920592.BJ,20260402,4.8027,7.4204,,253857.89,
300850.SZ,20260402,7.5013,8.0685,,1686985.6918,
300082.SZ,20260402,4.42,9.4098,,736546.3506,
002708.SZ,20260402,1.1926,1.6984,,652595.7397,
600119.SH,20260402,1.69,3.1201,,219162.222,
600733.SH,20260402,1.0783,1.646,,4539780.7749,
301321.SZ,20260402,2.3559,3.7118,,354226.5,
688813.SH,20260402,40.0911,40.0911,,709440.0,
688002.SH,20260402,1.3598,1.7597,,4711752.9298,
000860.SZ,20260402,0.676,1.0967,,956879.4158,
300257.SZ,20260402,0.9256,2.2892,,2907376.0627,
301628.SZ,20260402,3.6229,4.2399,,741773.2478,
600517.SH,20260402,0.4102,2.0109,,3625488.2617,
000572.SZ,20260402,5.9541,9.0908,,935798.1264,
001256.SZ,20260402,3.9799,31.3928,,319452.1299,
300493.SZ,20260402,1.9988,2.6252,,761093.7548,
002127.SZ,20260402,1.2186,1.3702,,670179.62,
603333.SH,20260402,4.1,7.4974,,505923.455,
600821.SH,20260402,16.8961,22.4377,,1628945.0611,
600653.SH,20260402,1.1855,1.613,,340616.5555,
002344.SZ,20260402,0.6141,1.3064,,570764.5472,
301162.SZ,20260402,2.1318,2.4386,,847872.915,
920077.BJ,20260402,2.009,2.6755,,995532.998,
300283.SZ,20260402,3.8092,4.4357,,384164.1656,
688156.SH,20260402,4.1994,5.8082,,223484.7144,
001369.SZ,20260402,12.0734,12.0734,,1730823.0,
002105.SZ,20260402,2.0366,4.0416,,232197.3963,
601728.SH,20260402,0.1175,0.6354,,51976054.781,
002461.SZ,20260402,0.2847,1.7948,,2078315.4427,
300501.SZ,20260402,6.1449,6.1449,,336369.2647,
688693.SH,20260402,20.5608,26.1753,,414178.95,
300654.SZ,20260402,2.4683,4.6229,,387726.2183,
300288.SZ,20260402,1.2251,1.3998,,421750.8697,
002437.SZ,20260402,23.6512,25.4194,,851809.6241,
002783.SZ,20260402,1.6165,2.0372,,456912.247,
002732.SZ,20260402,1.0861,2.5849,,255221.7,
002752.SZ,20260402,0.8565,2.373,,605689.4502,
603997.SH,20260402,0.9595,1.6558,,1562341.253,
301526.SZ,20260402,8.1048,10.6079,,4272404.8284,
000998.SZ,20260402,1.4371,1.7395,,1448875.7881,
300135.SZ,20260402,3.1083,4.6889,,361267.2,
600410.SH,20260402,14.3827,14.3827,,2756587.6331,
600654.SH,20260402,1.4816,2.2929,,952483.5766,
601566.SH,20260402,0.6956,2.435,,614287.1134,
688023.SH,20260402,2.3235,3.1014,,489379.775,
603496.SH,20260402,4.7753,6.4619,,865205.3746,
300177.SZ,20260402,1.6923,1.8309,,602032.7744,
603966.SH,20260402,2.4759,3.8656,,495946.7066,
002739.SZ,20260402,1.1054,1.5795,,2046313.5681,
300572.SZ,20260402,2.8655,3.1153,,621017.6581,
002125.SZ,20260402,2.1302,3.6871,,817104.7212,
003017.SZ,20260402,2.7758,3.3532,,251916.0,
600748.SH,20260402,1.1172,2.6518,,900146.6913,
000965.SZ,20260402,2.7192,5.6008,,405088.2767,
300838.SZ,20260402,2.3702,3.6702,,202551.704,
603275.SH,20260402,1.8666,1.8666,,658315.4407,
600323.SH,20260402,0.4641,0.8565,,2409350.8164,
002088.SZ,20260402,0.3956,1.1148,,512609.4634,
600103.SH,20260402,1.926,2.6508,,786530.1882,
920663.BJ,20260402,1.5851,2.4668,,196455.7422,
600192.SH,20260402,2.0538,3.3962,,373277.06,
300815.SZ,20260402,0.7633,1.3587,,818309.376,
600363.SH,20260402,1.3293,1.6617,,2239112.0427,
600743.SH,20260402,0.5154,1.1313,,436374.7626,
300616.SZ,20260402,1.6038,1.8464,,266949.5002,
300561.SZ,20260402,4.2619,7.2236,,450820.3577,
688227.SH,20260402,1.3458,2.3112,,685114.9665,
002826.SZ,20260402,2.3274,3.1097,,393177.5205,
002027.SZ,20260402,0.4686,0.6953,,9387429.8219,
688092.SH,20260402,1.194,2.5375,,236996.9426,
002121.SZ,20260402,2.0179,2.6695,,1267203.1329,
002282.SZ,20260402,0.9708,1.4292,,362464.7834,
001223.SZ,20260402,2.2857,9.1372,,476095.2,
300460.SZ,20260402,0.8069,1.0048,,244861.3069,
000638.SZ,20260402,1.6415,2.3216,,37677.7727,
002069.SZ,20260402,1.4678,2.5392,,263822.624,
300099.SZ,20260402,3.3784,4.0654,,633310.854,
301051.SZ,20260402,1.8129,2.5556,,424969.9534,
603109.SH,20260402,1.2854,3.2141,,432316.1052,
002873.SZ,20260402,4.8433,6.7879,,254600.2697,
688190.SH,20260402,2.9562,8.1531,,1017600.0,
920139.BJ,20260402,1.0991,1.9586,,450616.3594,
002310.SZ,20260402,10.152,15.9557,,1817794.6015,
300415.SZ,20260402,0.8088,1.1606,,1119394.8187,
002569.SZ,20260402,1.1441,1.3499,,205934.3,
600279.SH,20260402,0.4196,1.2142,,620731.066,
002682.SZ,20260402,4.0222,5.6735,,330110.3647,
600802.SH,20260402,3.8464,5.5656,,279531.524,
300805.SZ,20260402,2.1248,3.0035,,426139.9206,
300520.SZ,20260402,3.6294,4.61,,989109.058,
002330.SZ,20260402,1.707,2.8923,,301774.7628,
688577.SH,20260402,0.8827,2.2595,,698836.6981,
603599.SH,20260402,1.5527,2.6601,,1312608.3955,
301151.SZ,20260402,0.7305,2.213,,307418.4579,
000547.SZ,20260402,7.7866,9.9112,,4320659.7311,
002453.SZ,20260402,1.5879,2.0812,,418369.0699,
002493.SZ,20260402,0.3803,1.3731,,12167140.6654,
002810.SZ,20260402,7.3596,11.6324,,804540.4255,
301323.SZ,20260402,4.6662,9.5667,,627619.1734,
600502.SH,20260402,13.2412,20.1041,,968125.141,
301580.SZ,20260402,4.1097,4.6122,,743181.081,
601010.SH,20260402,1.2357,1.7522,,404712.0,
301126.SZ,20260402,8.3894,10.8743,,240116.3408,
688581.SH,20260402,0.8846,1.2447,,442926.5513,
688019.SH,20260402,1.1042,1.5679,,4379409.7543,
300125.SZ,20260402,1.3589,1.6865,,565972.489,
002524.SZ,20260402,2.8962,3.8764,,227261.2241,
603099.SH,20260402,1.5193,4.5815,,955152.001,
600333.SH,20260402,1.8897,4.5813,,335575.9069,
002594.SZ,20260402,1.7333,2.4602,,92676313.2482,
002950.SZ,20260402,2.7393,5.2044,,754852.3651,
300418.SZ,20260402,5.1961,7.9177,,5999350.8784,
002048.SZ,20260402,1.4669,2.3658,,2068763.7961,
300438.SZ,20260402,9.0215,10.6567,,2626948.9958,
601636.SH,20260402,1.2689,2.0181,,1716019.1622,
002715.SZ,20260402,3.0814,4.7739,,199272.0,
002858.SZ,20260402,8.1603,9.5444,,240470.4023,
600900.SH,20260402,0.3024,0.6391,,66088656.0509,
301017.SZ,20260402,10.276,17.9423,,631529.2535,
600073.SH,20260402,0.8248,1.3258,,555135.8474,
603916.SH,20260402,1.0986,2.1048,,450596.7651,
688328.SH,20260402,18.066,27.736,,371024.3268,
002579.SZ,20260402,12.0269,16.8564,,745556.8605,
605088.SH,20260402,0.8415,1.4465,,677105.017,
002568.SZ,20260402,0.7489,1.0485,,1794717.6368,
001300.SZ,20260402,0.8669,2.9284,,391260.342,
300462.SZ,20260402,3.0075,3.3296,,234319.9658,
603536.SH,20260402,1.7796,4.0118,,241653.6377,
600235.SH,20260402,1.8637,2.9255,,231858.0,
300820.SZ,20260402,1.8396,2.7399,,993026.4397,
003000.SZ,20260402,0.7757,1.0446,,473438.867,
920402.BJ,20260402,1.3971,2.8138,,373523.1593,
920239.BJ,20260402,0.6978,1.8337,,539303.7922,
301236.SZ,20260402,1.6576,2.0964,,3823989.2003,
600726.SH,20260402,5.5313,39.5012,,4206702.8637,
600933.SH,20260402,0.6325,1.2879,,1734743.4365,
603767.SH,20260402,0.8401,2.4758,,573745.9585,
300940.SZ,20260402,1.7706,2.2345,,479353.3329,
601778.SH,20260402,6.2355,8.1925,,1682689.7675,
688317.SH,20260402,4.707,8.4891,,401033.7439,
600378.SH,20260402,0.3957,0.8799,,3938368.8399,
603697.SH,20260402,1.0563,3.2012,,431969.019,
301270.SZ,20260402,1.4486,1.7776,,313400.0,
601900.SH,20260402,0.7437,1.9864,,1143033.2418,
600906.SH,20260402,0.6413,1.0323,,2054085.0,
000058.SZ,20260402,0.53,1.8086,,978804.5342,
600522.SH,20260402,4.1815,5.4081,,10006768.3797,
603185.SH,20260402,2.1778,3.9627,,1533507.4205,
300725.SZ,20260402,5.9925,6.3149,,894313.0793,
600753.SH,20260402,2.2634,3.876,,282126.2894,
002972.SZ,20260402,5.2422,7.0973,,314153.2376,
300670.SZ,20260402,5.633,7.3253,,194589.1741,
000926.SZ,20260402,1.2686,1.6095,,324964.8139,
688651.SH,20260402,3.4569,3.4569,,275583.345,
603900.SH,20260402,1.4559,2.7839,,257908.8077,
688697.SH,20260402,0.3479,0.8853,,653072.0666,
920026.BJ,20260402,1.8066,2.8902,,264370.8094,
603797.SH,20260402,1.1411,2.6897,,268698.0185,
603137.SH,20260402,2.9296,2.9296,,244947.7342,
688623.SH,20260402,1.6681,1.6681,,508863.7908,
688067.SH,20260402,2.3007,4.3872,,180132.0,
301260.SZ,20260402,0.8271,1.5099,,719343.4973,
603738.SH,20260402,11.933,16.607,,957386.8677,
002497.SZ,20260402,4.5033,4.8285,,2619774.608,
000711.SZ,20260402,6.6111,7.2899,,1146419.6248,
002073.SZ,20260402,6.6777,7.7946,,772952.6286,
301373.SZ,20260402,17.0501,18.0695,,732728.9747,
600846.SH,20260402,0.3082,0.7014,,756586.1959,
600928.SH,20260402,0.3037,1.1375,,1613333.3335,
920974.BJ,20260402,1.5406,1.7728,,123669.0,
002902.SZ,20260402,33.0314,38.0108,,649565.0474,
301019.SZ,20260402,0.9906,1.2761,,337350.1346,
300640.SZ,20260402,3.5056,4.0929,,218939.3726,
002460.SZ,20260402,7.503,8.4053,,16758878.3712,
002520.SZ,20260402,3.0536,4.0644,,414885.5796,
688111.SH,20260402,1.0998,2.5429,,10777572.1623,
600905.SH,20260402,0.6883,1.4752,,11949637.7594,
600346.SH,20260402,0.2842,1.1361,,15676075.2234,
920870.BJ,20260402,1.6802,2.971,,190414.0,
600104.SH,20260402,0.9342,3.0754,,16449742.1082,
300319.SZ,20260402,2.887,3.721,,973684.3914,
603220.SH,20260402,7.9134,10.9713,,1324776.8949,
301507.SZ,20260402,5.3554,5.3554,,516290.6698,
300695.SZ,20260402,0.7147,2.4558,,696369.6524,
300214.SZ,20260402,2.4773,4.1831,,325431.8298,
920522.BJ,20260402,1.9123,2.4916,,736571.6333,
300446.SZ,20260402,2.3898,2.7899,,1670530.3793,
688272.SH,20260402,5.5846,12.0312,,335312.0,
605001.SH,20260402,2.1101,4.2285,,292700.07,
600796.SH,20260402,3.109,4.6216,,572813.1913,
002979.SZ,20260402,1.5567,2.0355,,1144729.2465,
600760.SH,20260402,0.4683,1.4267,,13693507.4686,
002907.SZ,20260402,2.5121,10.1129,,613031.389,
002951.SZ,20260402,1.6035,9.4881,,585630.0,
688101.SH,20260402,0.4866,1.5019,,530223.2694,
605589.SH,20260402,1.4875,1.9953,,2495153.2921,
920149.BJ,20260402,2.3491,3.3758,,77936.3604,
301486.SZ,20260402,9.9019,12.8473,,1948230.2643,
000589.SZ,20260402,1.3266,1.7019,,727564.2679,
688033.SH,20260402,1.895,2.5348,,454256.4656,
301667.SZ,20260402,23.3549,23.3549,,929984.4288,
603280.SH,20260402,6.0422,6.0422,,382458.7212,
600481.SH,20260402,2.9892,5.0859,,1316947.8366,
002845.SZ,20260402,2.0693,2.4454,,430730.4921,
002615.SZ,20260402,3.2646,4.1566,,378143.1307,
301030.SZ,20260402,4.2326,6.0149,,210883.4299,
920223.BJ,20260402,2.19,3.4697,,245521.885,
002056.SZ,20260402,1.9818,3.9676,,2988270.0799,
600188.SH,20260402,0.7983,3.0384,,19432562.3332,
002459.SZ,20260402,2.0512,3.9072,,3617488.549,
688188.SH,20260402,0.3096,0.8743,,3798530.9196,
600416.SH,20260402,1.1223,1.7444,,1840300.6328,
300897.SZ,20260402,1.4619,2.6002,,342136.3218,
300119.SZ,20260402,1.7531,2.2092,,842135.5273,
603937.SH,20260402,10.3639,28.0594,,308531.301,
600580.SH,20260402,1.9694,3.2261,,5689231.9751,
600682.SH,20260402,4.8425,8.8876,,984636.7858,
603298.SH,20260402,0.353,0.9171,,3239165.1972,
300745.SZ,20260402,2.3846,2.6859,,454286.7714,
603936.SH,20260402,4.329,5.6063,,799344.6691,
002090.SZ,20260402,1.9766,2.5066,,429018.043,
920422.BJ,20260402,2.2125,4.8143,,99012.1525,
920640.BJ,20260402,1.9634,3.8165,,628325.616,
688615.SH,20260402,2.7814,3.0045,,2350460.0,
603418.SH,20260402,1.8125,1.8125,,957812.5507,
301678.SZ,20260402,2.6091,2.6091,,1408586.146,
002536.SZ,20260402,3.2302,4.9449,,1589282.9803,
688273.SH,20260402,1.588,4.03,,386500.0,
301001.SZ,20260402,2.7019,4.6126,,220720.0,
601226.SH,20260402,2.0208,5.4718,,1043676.8826,
688265.SH,20260402,1.7947,5.7886,,342883.5302,
002104.SZ,20260402,2.1141,2.211,,1082342.2273,
300112.SZ,20260402,2.5931,2.9043,,222893.4866,
002253.SZ,20260402,1.5309,1.8869,,254054.983,
002360.SZ,20260402,3.1237,3.327,,253519.5505,
300949.SZ,20260402,3.1844,6.4235,,221520.0,
301046.SZ,20260402,1.6217,2.7959,,419183.1796,
603988.SH,20260402,1.5449,3.271,,576240.0,
688578.SH,20260402,1.3385,2.6024,,4469850.0,
001391.SZ,20260402,1.4543,1.5841,,6446289.2868,
300998.SZ,20260402,1.6266,2.5244,,295599.6907,
001218.SZ,20260402,1.46,1.8281,,315552.1022,
603619.SH,20260402,8.3473,10.3968,,1620958.6443,
002439.SZ,20260402,1.4422,1.5875,,1543323.8612,
603037.SH,20260402,1.5394,2.3312,,347264.6113,
300078.SZ,20260402,1.7376,2.0929,,446031.0198,
002946.SZ,20260402,0.4814,2.1569,,1556965.0494,
001267.SZ,20260402,8.4368,13.2732,,3120244.4304,
300465.SZ,20260402,2.2559,3.1064,,636336.5779,
600689.SH,20260402,1.6295,2.4791,,261288.7459,
301550.SZ,20260402,3.2956,4.7135,,3666865.125,
603615.SH,20260402,1.3602,2.9078,,438903.3,
300346.SZ,20260402,2.6047,2.9908,,3076339.3753,
601857.SH,20260402,0.1598,2.2497,,226030907.6052,
603707.SH,20260402,0.7179,2.2659,,1607565.6198,
601500.SH,20260402,0.6825,0.8435,,681816.4503,
001205.SZ,20260402,2.1876,2.5157,,274673.1632,
300486.SZ,20260402,3.8066,5.3009,,1210049.7017,
920050.BJ,20260402,4.7045,4.984,,223003.4055,
688389.SH,20260402,0.5359,0.8429,,534750.191,
600977.SH,20260402,0.9736,2.9831,,2520450.0,
601218.SH,20260402,12.2697,16.8523,,608553.0455,
300926.SZ,20260402,2.7972,6.0094,,1064952.3825,
300046.SZ,20260402,2.1619,2.9342,,708647.9875,
600053.SH,20260402,1.2167,4.5961,,649010.5776,
300224.SZ,20260402,1.8229,3.0388,,1308564.7863,
002514.SZ,20260402,5.6993,7.181,,316095.0419,
600880.SH,20260402,1.4896,2.313,,519332.7437,
688339.SH,20260402,3.949,4.8522,,591949.4513,
002561.SZ,20260402,0.5807,0.9142,,335520.741,
002590.SZ,20260402,1.2406,2.3608,,627534.4447,
688275.SH,20260402,4.1378,6.9699,,1327522.9415,
000513.SZ,20260402,1.2567,2.164,,3113890.4487,
603136.SH,20260402,1.6838,3.1446,,303892.5488,
688117.SH,20260402,3.1234,4.6858,,582013.3466,
600938.SH,20260402,2.4293,3.1206,,186935309.0191,
300496.SZ,20260402,2.3972,2.6141,,2653581.0183,
600085.SH,20260402,0.5615,1.1808,,3870289.0794,
002953.SZ,20260402,2.2756,3.1064,,556468.1615,
920839.BJ,20260402,1.3391,2.684,,380281.4767,
002138.SZ,20260402,2.2616,2.4414,,2637467.3359,
002840.SZ,20260402,10.1465,17.5637,,925700.0175,
300370.SZ,20260402,1.2448,1.5543,,396040.1849,
600088.SH,20260402,0.7736,1.7944,,568322.4456,
300380.SZ,20260402,2.0247,3.3251,,466954.9157,
002409.SZ,20260402,2.7606,3.305,,3675589.4572,
301538.SZ,20260402,2.1892,2.5394,,587686.4,
600558.SH,20260402,1.3281,1.9934,,501761.1005,
002208.SZ,20260402,3.4219,8.4197,,923785.6781,
002254.SZ,20260402,1.5372,2.4118,,887911.2416,
601068.SH,20260402,1.2249,10.5953,,1709042.3447,
301057.SZ,20260402,1.99,2.9188,,373249.4767,
300120.SZ,20260402,1.9564,2.1117,,425625.9014,
603880.SH,20260402,2.2702,4.3033,,196548.56,
300218.SZ,20260402,0.9406,1.4879,,333942.993,
603595.SH,20260402,1.2805,2.5342,,345874.1811,
920119.BJ,20260402,1.8371,1.8371,,608648.2502,
000560.SZ,20260402,3.7251,5.0326,,676028.7442,
301555.SZ,20260402,3.6022,4.4119,,298390.5078,
688619.SH,20260402,1.7121,3.6361,,263692.8957,
300182.SZ,20260402,3.8539,4.1379,,1486414.7027,
603956.SH,20260402,0.9644,1.7172,,322566.9579,
688287.SH,20260402,3.9672,8.0467,,91887.8688,
605080.SH,20260402,0.4636,1.3767,,322854.656,
300590.SZ,20260402,0.8233,1.1627,,518327.0653,
300697.SZ,20260402,2.6526,3.4128,,634250.24,
300400.SZ,20260402,7.2218,10.8161,,599528.3518,
600365.SH,20260402,0.9986,1.2496,,137571.09,
603606.SH,20260402,1.4197,2.3991,,4183372.5835,
002140.SZ,20260402,1.3065,4.0791,,902717.6868,
002472.SZ,20260402,1.1116,1.2865,,3049983.0168,
300751.SZ,20260402,4.0527,5.1875,,6410109.6477,
002200.SZ,20260402,0.7214,0.9226,,325712.6695,
002068.SZ,20260402,2.3564,4.4782,,633132.2138,
920496.BJ,20260402,2.3708,3.4134,,152329.0,
002128.SZ,20260402,0.7324,1.7163,,6897321.638,
002236.SZ,20260402,0.7527,0.8645,,5521749.3643,
688802.SH,20260402,9.82,9.82,,23098173.1,
300254.SZ,20260402,5.408,5.5382,,299076.4016,
603486.SH,20260402,0.6513,1.9756,,3505951.4079,
301288.SZ,20260402,0.9853,1.8985,,183292.97,
301118.SZ,20260402,2.0147,4.3364,,258079.9688,
300597.SZ,20260402,1.529,1.8575,,242314.7567,
002161.SZ,20260402,2.2678,2.6716,,548160.2334,
688217.SH,20260402,1.8182,3.0671,,157178.4913,
601088.SH,20260402,0.1955,1.2036,,101254303.5044,
603638.SH,20260402,0.4318,1.5577,,1625609.7124,
600860.SH,20260402,3.1929,7.1494,,612636.8206,
603317.SH,20260402,0.9258,3.1753,,1371352.6547,
600765.SH,20260402,1.127,1.7402,,2504173.0688,
603282.SH,20260402,1.2047,2.5118,,277542.68,
600729.SH,20260402,1.0612,1.1136,,966354.0509,
300467.SZ,20260402,1.2942,1.3295,,562674.3598,
300928.SZ,20260402,1.4618,1.6984,,231360.0,
002529.SZ,20260402,1.0065,1.1745,,176280.0,
300773.SZ,20260402,3.8574,5.2937,,1752156.1092,
001301.SZ,20260402,3.3443,4.2056,,1913246.0396,
001236.SZ,20260402,2.2724,6.2421,,918085.5558,
688653.SH,20260402,1.1179,1.1179,,521685.92,
002179.SZ,20260402,0.7283,1.3575,,7042564.0679,
688222.SH,20260402,8.6069,15.8629,,1114291.08,
601702.SH,20260402,0.8474,2.8245,,1903199.3236,
603373.SH,20260402,4.4928,6.6025,,459354.8399,
300421.SZ,20260402,7.5051,8.5155,,684502.9668,
600755.SH,20260402,1.1408,1.8698,,1370215.1232,
600415.SH,20260402,0.6508,1.5895,,7161528.3492,
600486.SH,20260402,1.2158,2.0799,,3043992.9504,
002513.SZ,20260402,2.2393,2.6573,,228736.7326,
300682.SZ,20260402,2.0401,3.088,,1679891.4091,
002714.SZ,20260402,1.515,2.3821,,25199121.5861,
688419.SH,20260402,2.0389,3.9429,,472067.4279,
300225.SZ,20260402,1.4865,1.7449,,240091.943,
300988.SZ,20260402,5.6085,9.2384,,363089.5599,
002494.SZ,20260402,5.2603,5.8791,,195824.2626,
601512.SH,20260402,0.2697,1.4194,,1308530.97,
688571.SH,20260402,1.7497,4.9259,,332973.9995,
002575.SZ,20260402,17.1922,18.814,,495049.5,
600650.SH,20260402,0.9028,2.0428,,712128.6481,
300157.SZ,20260402,10.0867,12.1361,,494583.1358,
600651.SH,20260402,0.5462,1.5333,,1734863.3864,
605033.SH,20260402,2.0652,7.579,,312312.0,
000816.SZ,20260402,1.8608,2.5058,,467385.3017,
300538.SZ,20260402,1.9352,2.395,,259052.048,
300766.SZ,20260402,9.6784,10.4342,,1453073.8555,
688021.SH,20260402,6.1078,10.2284,,187213.6067,
001210.SZ,20260402,1.7757,2.3703,,330874.7464,
688468.SH,20260402,0.8206,1.304,,294814.38,
600663.SH,20260402,0.2619,1.0296,,3927419.8696,
002552.SZ,20260402,1.0828,2.9799,,623104.4416,
300344.SZ,20260402,11.9551,21.6542,,25668.2566,
688401.SH,20260402,1.148,1.8946,,954175.8098,
300252.SZ,20260402,2.7924,2.9793,,866097.2149,
603928.SH,20260402,0.7809,2.3638,,372677.76,
301257.SZ,20260402,5.0199,8.5835,,472922.5532,
600843.SH,20260402,1.4627,1.8864,,664671.1594,
600135.SH,20260402,4.8822,8.9886,,580419.1469,
002239.SZ,20260402,1.6537,2.1577,,998819.2311,
603668.SH,20260402,3.3495,5.0494,,685860.3686,
300227.SZ,20260402,4.0844,4.5695,,622291.5351,
002149.SZ,20260402,10.3163,15.2239,,2399573.1567,
600543.SH,20260402,1.9023,3.0057,,153816.48,
000908.SZ,20260402,4.7539,6.3966,,1323180.6239,
301326.SZ,20260402,1.8962,5.9486,,938464.4593,
600339.SH,20260402,3.8536,13.8614,,2490083.7721,
002307.SZ,20260402,8.7191,16.25,,793062.7259,
300265.SZ,20260402,16.0427,25.7976,,865530.0711,
301065.SZ,20260402,1.7095,2.9779,,243739.98,
603172.SH,20260402,3.2276,3.7261,,280631.52,
600605.SH,20260402,1.5449,2.7047,,549742.6733,
688521.SH,20260402,3.0579,4.0186,,11517544.4787,
688187.SH,20260402,0.3954,1.3289,,6905167.675,
300200.SZ,20260402,2.1025,2.9566,,397357.2959,
002866.SZ,20260402,11.0281,13.7401,,607707.2153,
002647.SZ,20260402,0.8452,0.8978,,959617.6168,
600129.SH,20260402,1.8867,3.0985,,930793.8963,
002890.SZ,20260402,5.8835,9.984,,279784.3885,
603029.SH,20260402,2.1191,5.0934,,222419.886,
688166.SH,20260402,5.2304,8.5043,,2301265.1253,
000957.SZ,20260402,2.6056,3.8915,,667609.8319,
002905.SZ,20260402,5.5792,20.7226,,383846.4,
300878.SZ,20260402,1.0492,3.7647,,404109.7887,
688228.SH,20260402,2.6132,5.886,,686991.2292,
001287.SZ,20260402,5.6218,6.5069,,1750049.9234,
600987.SH,20260402,0.8536,1.8359,,772759.8869,
603158.SH,20260402,8.3964,13.5481,,590396.488,
603396.SH,20260402,4.9881,8.4824,,469192.568,
301348.SZ,20260402,5.2572,5.2572,,564000.0,
301372.SZ,20260402,3.3607,3.7789,,178834.2894,
688392.SH,20260402,2.5529,4.1088,,1245175.2202,
000676.SZ,20260402,1.0378,1.383,,953660.4358,
300989.SZ,20260402,1.6638,2.2476,,300195.4169,
920035.BJ,20260402,3.3405,3.3405,,185929.9,
300819.SZ,20260402,4.1786,10.3769,,626661.0,
001378.SZ,20260402,2.1403,2.1403,,309200.6184,
688505.SH,20260402,1.0515,2.4201,,854135.4104,
605158.SH,20260402,0.4029,1.4651,,382030.74,
688193.SH,20260402,0.9855,1.8047,,204115.9178,
300612.SZ,20260402,2.5832,3.2578,,263644.0187,
300235.SZ,20260402,2.8318,3.6096,,319214.7332,
600360.SH,20260402,0.876,1.1277,,864265.7736,
300161.SZ,20260402,1.0659,1.586,,542641.2503,
001282.SZ,20260402,3.4627,4.7748,,436594.704,
300779.SZ,20260402,3.9609,4.8005,,1845655.5754,
300434.SZ,20260402,3.9565,6.727,,418617.1146,
000695.SZ,20260402,13.2552,18.9076,,298265.0029,
920112.BJ,20260402,1.2777,1.2777,,280005.0,
000905.SZ,20260402,3.2933,6.8837,,1804500.2582,
301332.SZ,20260402,0.9642,1.3054,,421868.125,
301278.SZ,20260402,4.182,5.092,,336674.6607,
920725.BJ,20260402,4.0269,6.3333,,265245.15,
920068.BJ,20260402,4.9324,4.9324,,1306610.8299,
000573.SZ,20260402,1.8582,2.3444,,262971.6088,
300521.SZ,20260402,1.7009,2.2563,,384506.64,
600639.SH,20260402,0.7078,2.032,,1222307.6405,
301149.SZ,20260402,4.9352,6.2806,,508260.0213,
600835.SH,20260402,0.555,1.4191,,2234685.388,
000973.SZ,20260402,5.2783,5.2783,,4324038.4714,
000501.SZ,20260402,0.7189,1.2612,,649798.8577,
000822.SZ,20260402,7.9758,13.3679,,570173.5569,
688588.SH,20260402,0.6623,1.2446,,462011.5535,
002415.SZ,20260402,0.2677,0.6793,,27861209.512,
300016.SZ,20260402,6.3917,8.1251,,586513.8358,
002516.SZ,20260402,0.9261,1.7493,,803077.9204,
002335.SZ,20260402,5.2086,6.9136,,2765196.33,
301539.SZ,20260402,1.6672,2.6695,,277796.0,
603811.SH,20260402,2.412,3.2523,,400947.792,
301268.SZ,20260402,0.759,1.8776,,814006.9628,
002586.SZ,20260402,0.7741,1.3474,,526342.9084,
301165.SZ,20260402,0.8671,7.2259,,6390681.8145,
000850.SZ,20260402,0.6908,1.289,,460508.5244,
300241.SZ,20260402,5.8972,6.3007,,443967.279,
688378.SH,20260402,2.4822,3.602,,873682.8981,
603193.SH,20260402,9.8663,10.1068,,954435.6277,
920000.BJ,20260402,1.0469,1.9519,,146046.24,
301383.SZ,20260402,1.4682,2.2676,,438630.192,
300221.SZ,20260402,2.4063,2.4063,,454804.4976,
002426.SZ,20260402,3.7741,4.3908,,1167100.6892,
603919.SH,20260402,1.8802,4.7289,,928285.7945,
300778.SZ,20260402,1.6586,3.83,,244187.9108,
600027.SH,20260402,1.2128,2.8298,,5422698.5439,
300353.SZ,20260402,1.5195,1.5841,,1170756.0454,
603755.SH,20260402,1.4477,3.979,,275329.3974,
301023.SZ,20260402,2.2502,2.7784,,297502.2699,
600959.SH,20260402,1.1307,2.3841,,1910274.1561,
002163.SZ,20260402,2.4169,3.3702,,1082391.0276,
002065.SZ,20260402,0.8299,1.177,,2545153.0058,
688041.SH,20260402,0.5596,1.467,,49508401.3383,
603016.SH,20260402,8.8912,19.6865,,757097.6,
920856.BJ,20260402,2.4819,4.1732,,124235.3762,
002926.SZ,20260402,0.3391,0.63,,2176125.0,
000776.SZ,20260402,0.7704,1.558,,14076897.0743,
600265.SH,20260402,0.2893,0.8105,,272320.4,
600702.SH,20260402,1.1028,1.5816,,1514052.8995,
002201.SZ,20260402,5.8993,9.0046,,753943.1308,
300140.SZ,20260402,4.2459,4.2459,,2070176.7667,
300100.SZ,20260402,1.165,2.2095,,1696501.4,
301503.SZ,20260402,2.9304,3.7156,,275120.0,
920180.BJ,20260402,5.9644,6.238,,201990.4087,
688196.SH,20260402,1.6822,6.1995,,828775.2202,
300483.SZ,20260402,14.4353,17.7406,,816280.4466,
603370.SH,20260402,2.1345,2.1345,,751410.25,
600367.SH,20260402,6.8652,10.1906,,703753.0508,
600251.SH,20260402,2.012,3.6284,,888103.6654,
301487.SZ,20260402,3.3865,3.698,,919692.4924,
002943.SZ,20260402,3.6338,4.0215,,924435.8689,
688343.SH,20260402,3.8731,4.2627,,2691271.6959,
688314.SH,20260402,5.7679,15.6481,,432598.5909,
002991.SZ,20260402,1.7986,2.5294,,469341.7091,
300428.SZ,20260402,1.1159,2.6685,,1399957.5312,
600935.SH,20260402,1.2842,3.5712,,1002931.9176,
002591.SZ,20260402,4.6876,5.4583,,204435.8486,
600820.SH,20260402,0.7388,1.229,,1921042.7134,
301169.SZ,20260402,1.7079,4.4038,,383904.0163,
000690.SZ,20260402,5.6902,6.9888,,1035722.6223,
000733.SZ,20260402,1.512,2.1917,,2487112.4063,
600551.SH,20260402,0.393,1.0367,,541088.0807,
002020.SZ,20260402,2.8602,3.8043,,1459444.3923,
300757.SZ,20260402,4.3281,6.4775,,6545096.7346,
603011.SH,20260402,3.9911,6.1424,,1013055.1814,
300484.SZ,20260402,1.2665,1.3752,,341820.435,
920183.BJ,20260402,7.4462,7.4462,,184646.944,
605198.SH,20260402,0.6901,3.9932,,1254207.564,
605050.SH,20260402,2.7962,7.685,,681089.9281,
300166.SZ,20260402,13.7925,14.7306,,1585134.0812,
600571.SH,20260402,1.4237,1.7778,,607146.4383,
002091.SZ,20260402,1.0523,1.8594,,1468199.3539,
920914.BJ,20260402,1.2808,2.2084,,229672.988,
300321.SZ,20260402,1.4956,3.1338,,293750.4,
002861.SZ,20260402,6.0867,7.2912,,281847.6345,
001222.SZ,20260402,1.4169,1.9893,,364218.12,
300338.SZ,20260402,2.0139,2.2346,,146958.0126,
002222.SZ,20260402,10.0291,12.331,,3225915.0,
002240.SZ,20260402,5.4043,7.2864,,3632801.378,
603055.SH,20260402,1.884,6.3455,,803934.8038,
600285.SH,20260402,0.9858,1.2563,,1276009.8435,
002062.SZ,20260402,0.8474,1.3362,,905682.2907,
600854.SH,20260402,1.4776,2.1794,,259729.269,
688308.SH,20260402,6.6694,10.3252,,1321698.9374,
000626.SZ,20260402,1.9518,4.7782,,409861.133,
603042.SH,20260402,19.4554,25.2605,,349443.4918,
688377.SH,20260402,1.4532,2.2667,,715506.6461,
002017.SZ,20260402,1.1365,2.0381,,1096435.8761,
000525.SZ,20260402,1.6662,2.1182,,759741.4294,
300351.SZ,20260402,3.3283,4.5406,,595025.464,
001331.SZ,20260402,3.4083,13.8513,,1564174.08,
688327.SH,20260402,2.0966,2.0966,,1305455.4896,
300139.SZ,20260402,17.3887,18.4284,,1507548.0,
600171.SH,20260402,1.2722,1.6994,,1870848.5966,
601579.SH,20260402,4.228,10.2224,,871185.0142,
600476.SH,20260402,3.5047,5.7772,,172022.76,
300492.SZ,20260402,0.5172,1.4886,,1136029.791,
600352.SH,20260402,1.0595,1.4138,,4300904.7189,
688230.SH,20260402,0.4874,1.9497,,707128.8,
600706.SH,20260402,3.1102,4.6452,,240266.3175,
300260.SZ,20260402,2.7405,4.382,,1849403.6203,
301517.SZ,20260402,3.3709,5.4928,,820009.0744,
301193.SZ,20260402,1.7407,3.9538,,433881.8611,
300101.SZ,20260402,1.9595,2.7716,,1126724.9088,
000669.SZ,20260402,3.7994,4.7917,,328637.449,
605389.SH,20260402,0.5049,2.0267,,1029646.2022,
600477.SH,20260402,2.4446,4.0064,,745434.0258,
000928.SZ,20260402,4.5899,8.9391,,995643.367,
002969.SZ,20260402,6.1076,12.3739,,2365061.2636,
688337.SH,20260402,2.2691,5.7446,,851690.3139,
301050.SZ,20260402,2.1021,2.631,,1112454.7695,
000829.SZ,20260402,1.421,2.2439,,1037401.6433,
688498.SH,20260402,2.7533,3.8309,,8886994.8684,
920510.BJ,20260402,1.7119,2.506,,268583.9085,
603261.SH,20260402,1.0421,3.0653,,274987.8181,
688211.SH,20260402,0.2438,0.6266,,405994.5936,
002726.SZ,20260402,2.2965,3.833,,345331.4205,
600143.SH,20260402,2.0197,2.505,,4281592.2955,
600569.SH,20260402,1.215,3.7798,,629060.2835,
688805.SH,20260402,25.8578,25.8578,,834543.36,
002585.SZ,20260402,2.9383,3.8305,,771534.0857,
600809.SH,20260402,0.3368,1.0054,,17574804.5821,
301228.SZ,20260402,1.3518,2.9607,,529200.0,
002700.SZ,20260402,2.0457,2.0724,,277544.5121,
688783.SH,20260402,1.745,1.745,,8576287.2,
688192.SH,20260402,1.0978,2.904,,2721357.4841,
300945.SZ,20260402,2.8753,4.9372,,405948.9533,
002110.SZ,20260402,0.6487,1.5503,,930336.1949,
002831.SZ,20260402,1.5344,2.1987,,2953007.308,
920007.BJ,20260402,2.8111,2.8111,,246777.8273,
300739.SZ,20260402,5.1902,9.0963,,922434.2378,
600894.SH,20260402,3.4779,8.219,,826128.0111,
002623.SZ,20260402,2.3323,4.4298,,435747.8125,
688036.SH,20260402,0.7443,1.8251,,6096673.3503,
920346.BJ,20260402,1.2412,1.9694,,159773.797,
300939.SZ,20260402,5.7849,10.5353,,436560.0,
603236.SH,20260402,1.8134,2.3792,,2081826.7896,
920033.BJ,20260402,0.9468,2.0534,,178583.7398,
000576.SZ,20260402,1.4611,2.2879,,398013.4112,
301076.SZ,20260402,2.1189,2.3537,,648809.252,
001257.SZ,20260402,56.6967,56.6967,,4549486.1245,
920957.BJ,20260402,1.3464,2.7234,,117816.8647,
000786.SZ,20260402,0.5525,0.9957,,4454751.7219,
301665.SZ,20260402,4.7129,4.7129,,1178100.0,
300226.SZ,20260402,2.7054,3.6754,,768756.0699,
300627.SZ,20260402,1.0073,1.3537,,2591236.8411,
600082.SH,20260402,2.579,3.6709,,224202.1916,
603958.SH,20260402,2.8598,7.8356,,439816.8,
301429.SZ,20260402,3.3174,4.1535,,227809.94,
605180.SH,20260402,0.9779,3.4013,,246740.0,
002103.SZ,20260402,1.0618,1.3175,,445049.3698,
300609.SZ,20260402,2.4894,2.9295,,408388.9158,
920003.BJ,20260402,1.1658,1.1658,,177123.0008,
002479.SZ,20260402,7.5579,11.6391,,515540.0,
688627.SH,20260402,6.4873,6.4873,,2177876.2932,
601921.SH,20260402,0.3282,1.7272,,1751111.1117,
002925.SZ,20260402,1.3588,4.0467,,1517101.3582,
002123.SZ,20260402,1.7556,1.8274,,782064.3639,
603799.SH,20260402,2.3916,3.0183,,11186898.7773,
001360.SZ,20260402,2.0153,2.0817,,421260.0,
002049.SZ,20260402,1.337,1.8068,,5599050.4443,
301300.SZ,20260402,2.0922,3.5129,,271037.176,
000565.SZ,20260402,1.9051,3.2044,,318256.6895,
605138.SH,20260402,0.3836,1.595,,375010.7564,
605365.SH,20260402,2.3925,14.2653,,1012057.958,
002434.SZ,20260402,1.2497,2.5331,,1029078.4,
000523.SZ,20260402,1.6169,2.2311,,609375.5291,
002530.SZ,20260402,1.6894,2.1742,,656864.0615,
688219.SH,20260402,0.7477,1.2754,,570484.8,
688575.SH,20260402,0.9409,1.6806,,843369.1308,
301638.SZ,20260402,10.1898,10.1898,,8076311.5842,
688186.SH,20260402,2.349,2.9588,,638674.2636,
603226.SH,20260402,1.2797,4.5344,,1316386.0243,
300986.SZ,20260402,4.7103,8.2143,,978438.1906,
603312.SH,20260402,4.136,4.136,,614238.0805,
000430.SZ,20260402,0.6683,1.0724,,595081.9984,
601238.SH,20260402,0.2011,0.8336,,7280705.0526,
301613.SZ,20260402,0.7367,0.9917,,644408.7866,
600929.SH,20260402,0.777,2.1047,,980787.7271,
603310.SH,20260402,0.6328,0.9004,,560832.16,
301177.SZ,20260402,0.2146,2.1452,,1103957.2089,
688469.SH,20260402,1.364,1.364,,5314623.667,
603221.SH,20260402,0.7504,2.587,,277063.82,
600116.SH,20260402,1.476,3.1766,,1288784.3173,
605555.SH,20260402,4.7998,13.07,,735300.8718,
002100.SZ,20260402,3.3402,4.6648,,1041686.9059,
920807.BJ,20260402,1.6683,2.4086,,204069.36,
600172.SH,20260402,7.5701,10.2715,,1110482.0465,
605300.SH,20260402,0.338,1.1566,,489841.6876,
920163.BJ,20260402,1.0742,1.8498,,160893.95,
920207.BJ,20260402,4.2631,6.3608,,253720.64,
002074.SZ,20260402,1.8961,3.1379,,6313116.0379,
301419.SZ,20260402,8.7733,17.0926,,464280.0,
002693.SZ,20260402,1.9231,3.7754,,329263.6615,
600215.SH,20260402,0.8328,1.1872,,300172.0522,
301287.SZ,20260402,6.1537,6.1537,,275013.75,
603718.SH,20260402,1.6177,2.6125,,302483.7808,
600273.SH,20260402,0.8055,1.3308,,1246972.2807,
920230.BJ,20260402,25.0964,42.7105,,147148.2602,
300481.SZ,20260402,1.7776,2.7596,,431362.3374,
920765.BJ,20260402,3.5633,7.6445,,128380.9537,
920030.BJ,20260402,2.193,3.4074,,99256.023,
603206.SH,20260402,0.4498,1.4251,,467261.1816,
601077.SH,20260402,0.4567,0.7687,,8142969.0,
300738.SZ,20260402,7.5505,10.4303,,2082675.1497,
603977.SH,20260402,3.4906,6.7906,,981562.0882,
600801.SH,20260402,1.6816,4.2029,,4760900.0362,
603335.SH,20260402,3.0478,5.8401,,257314.9046,
603759.SH,20260402,1.731,4.3468,,435439.68,
002004.SZ,20260402,1.3522,1.7832,,1053317.0096,
301355.SZ,20260402,3.7708,3.7708,,233922.4157,
300244.SZ,20260402,3.9362,4.3891,,1175586.3191,
920786.BJ,20260402,3.655,5.0079,,168496.718,
300896.SZ,20260402,1.745,2.7401,,3479203.5174,
300812.SZ,20260402,11.411,15.175,,472759.9729,
301205.SZ,20260402,9.4791,13.7703,,2834646.912,
600386.SH,20260402,0.886,1.9688,,324979.2,
605116.SH,20260402,4.1051,14.5684,,1242920.696,
002651.SZ,20260402,1.2918,2.4591,,967318.56,
300971.SZ,20260402,2.6185,2.9738,,262836.0,
300808.SZ,20260402,1.4404,2.7903,,409600.0,
603809.SH,20260402,1.1191,1.632,,968143.825,
603010.SH,20260402,1.4683,2.8429,,684500.7465,
600107.SH,20260402,2.3689,3.0235,,223560.0,
603279.SH,20260402,0.5882,1.0683,,979834.1,
002737.SZ,20260402,0.6229,1.4389,,740512.0,
002193.SZ,20260402,4.3656,5.9513,,148131.0013,
603393.SH,20260402,3.4809,6.17,,1512975.2161,
301009.SZ,20260402,1.5181,2.1514,,317532.48,
002313.SZ,20260402,1.2285,2.171,,316368.0,
002385.SZ,20260402,2.0661,2.1689,,1707131.1903,
300652.SZ,20260402,1.2351,2.2865,,544900.4866,
603609.SH,20260402,0.4532,0.9734,,629445.7552,
002238.SZ,20260402,0.5639,1.6421,,591486.1009,
605183.SH,20260402,0.5387,1.6662,,777285.598,
001400.SZ,20260402,19.4083,19.4083,,1011600.0,
688038.SH,20260402,2.5339,4.4128,,227742.7438,
688163.SH,20260402,2.5612,6.2465,,305180.4,
603128.SH,20260402,0.9257,1.7082,,727829.8507,
300920.SZ,20260402,2.3259,2.9995,,398800.0,
600536.SH,20260402,1.1706,1.8419,,3330816.7451,
600268.SH,20260402,4.8958,10.6507,,1542091.841,
300588.SZ,20260402,1.3693,1.8792,,445361.6158,
600009.SH,20260402,0.2979,0.5933,,6937416.7555,
920419.BJ,20260402,0.8767,1.6097,,138843.8016,
603028.SH,20260402,1.7243,2.4355,,239965.44,
688691.SH,20260402,5.9336,5.9336,,1081080.0,
603112.SH,20260402,0.9849,2.4092,,911454.8449,
002421.SZ,20260402,1.7745,2.077,,540748.3179,
603722.SH,20260402,0.5966,1.0258,,321303.7578,
301398.SZ,20260402,2.5733,2.8624,,537264.0,
600824.SH,20260402,0.6382,1.0578,,421610.8292,
600011.SH,20260402,0.6338,1.5929,,11035759.6314,
301208.SZ,20260402,1.721,2.2684,,391800.1959,
600305.SH,20260402,0.4249,0.7289,,843131.3043,
600292.SH,20260402,3.9914,7.0946,,6263694.8674,
920781.BJ,20260402,1.4919,1.6254,,118552.9304,
600406.SH,20260402,0.674,1.5701,,20954851.811,
000055.SZ,20260402,0.9903,1.2932,,385520.8475,
000997.SZ,20260402,1.2385,1.7861,,2004920.7738,
000049.SZ,20260402,2.5105,4.6068,,987367.1168,
301213.SZ,20260402,1.9859,3.7826,,533439.9933,
002440.SZ,20260402,2.5666,3.846,,1263375.8932,
920892.BJ,20260402,0.547,1.6836,,244794.8943,
605196.SH,20260402,2.4282,3.7381,,2506468.6408,
002534.SZ,20260402,0.8747,2.6317,,1340840.0239,
600881.SH,20260402,1.0032,1.1851,,526840.611,
688231.SH,20260402,1.2509,3.1283,,714898.2861,
003037.SZ,20260402,0.3842,1.1635,,429536.5441,
688386.SH,20260402,1.3727,1.998,,775256.5201,
603111.SH,20260402,0.7958,1.0687,,571526.3355,
002984.SZ,20260402,1.9469,2.5129,,1797434.7176,
600372.SH,20260402,0.5939,1.3275,,6247015.5493,
301098.SZ,20260402,3.6022,3.8478,,153586.2085,
603120.SH,20260402,4.5949,4.5949,,351475.2,
301469.SZ,20260402,1.9791,3.9578,,279088.12,
688012.SH,20260402,1.3869,1.8459,,18733641.4401,
600971.SH,20260402,1.3834,3.0716,,883203.5946,
300992.SZ,20260402,13.4361,20.2251,,330377.1852,
002192.SZ,20260402,17.3703,23.5043,,1877826.4281,
688373.SH,20260402,3.134,4.7112,,425235.9902,
300736.SZ,20260402,22.5241,29.8622,,278896.8263,
688212.SH,20260402,1.2028,1.6751,,503917.3655,
300668.SZ,20260402,9.4797,15.3141,,506805.1593,
920058.BJ,20260402,7.2209,14.1877,,171531.6966,
920634.BJ,20260402,1.74,3.7112,,129223.5249,
688710.SH,20260402,3.7659,5.2481,,922288.6413,
301305.SZ,20260402,2.3101,2.3146,,577500.3204,
001260.SZ,20260402,1.7085,6.1882,,236210.0,
688158.SH,20260402,11.8003,13.3422,,1856249.0695,
603273.SH,20260402,3.8388,3.8388,,388764.5076,
600241.SH,20260402,4.9367,9.6111,,269580.7373,
601766.SH,20260402,0.4281,1.0693,,17994187.7832,
688420.SH,20260402,2.3592,2.3592,,208694.8,
300960.SZ,20260402,4.4221,15.6656,,348399.5672,
601169.SH,20260402,0.4676,0.6758,,11628641.3496,
688048.SH,20260402,6.5473,10.2102,,3817342.1657,
001358.SZ,20260402,2.2467,2.4476,,321552.0,
001896.SZ,20260402,9.4387,24.7413,,1931639.1638,
603787.SH,20260402,8.9198,25.3109,,370761.6457,
300323.SZ,20260402,6.0828,6.0828,,1535356.862,
688499.SH,20260402,2.8905,4.4726,,764846.3358,
601963.SH,20260402,0.6251,1.5114,,3774405.5939,
301459.SZ,20260402,2.5246,2.5246,,390456.825,
002454.SZ,20260402,5.2049,9.2843,,582066.5616,
603949.SH,20260402,7.3036,24.286,,375532.8101,
300513.SZ,20260402,2.4616,2.4828,,265382.7171,
600258.SH,20260402,1.9697,3.5135,,1738551.0672,
300848.SZ,20260402,1.4974,2.7269,,627711.1488,
300972.SZ,20260402,1.0736,2.0911,,3818789.8448,
600446.SH,20260402,1.3652,1.811,,1169995.4764,
300197.SZ,20260402,2.2211,3.4221,,504100.6736,
300401.SZ,20260402,1.8743,2.6815,,766595.8655,
002532.SZ,20260402,2.9696,4.1607,,8317841.1348,
002807.SZ,20260402,1.2278,1.303,,1117472.3262,
601688.SH,20260402,0.9727,1.356,,15995602.6288,
300251.SZ,20260402,1.9756,4.0026,,4376913.9405,
300454.SZ,20260402,3.9659,4.7538,,4229278.739,
688091.SH,20260402,3.958,7.3898,,1266473.2023,
002662.SZ,20260402,1.7148,2.9578,,597000.0,
600482.SH,20260402,1.7549,3.4917,,7317362.7832,
603713.SH,20260402,0.6021,1.1368,,932320.4475,
301210.SZ,20260402,2.7836,2.7836,,438629.0562,
300798.SZ,20260402,7.6588,9.803,,443546.3591,
688538.SH,20260402,0.7652,0.9964,,3148551.7785,
002888.SZ,20260402,2.3751,3.511,,264724.6377,
301173.SZ,20260402,2.0662,2.0662,,368115.5295,
000791.SZ,20260402,2.9136,7.176,,2358271.4924,
002625.SZ,20260402,0.8386,1.1648,,8142187.5305,
600373.SH,20260402,0.4662,1.0614,,1147949.6286,
300507.SZ,20260402,5.3162,8.2422,,702967.9843,
605338.SH,20260402,0.9186,2.6139,,629820.7544,
603489.SH,20260402,1.4344,5.3483,,753358.3306,
301303.SZ,20260402,2.1342,2.1374,,598892.0,
002158.SZ,20260402,0.7433,1.929,,1172115.3127,
688356.SH,20260402,1.64,2.8709,,592436.0376,
002637.SZ,20260402,2.1918,3.4746,,544724.358,
601005.SH,20260402,1.1781,1.8489,,1248098.6911,
920171.BJ,20260402,1.8215,3.0421,,169494.4004,
688443.SH,20260402,2.976,2.976,,1007636.64,
301390.SZ,20260402,3.6193,4.0885,,220860.0,
300029.SZ,20260402,1.2204,1.3991,,99050.211,
002910.SZ,20260402,2.6921,4.7902,,210400.3374,
603357.SH,20260402,0.6241,1.1942,,452386.3726,
688233.SH,20260402,3.0886,5.352,,1141048.4312,
600563.SH,20260402,3.7435,6.5203,,2782350.0,
688016.SH,20260402,1.3631,2.2839,,1264422.7962,
603630.SH,20260402,1.1591,2.8118,,362354.1692,
300888.SZ,20260402,0.4372,1.4526,,1923435.3558,
600981.SH,20260402,0.7867,2.4137,,683942.1236,
300709.SZ,20260402,3.6266,4.1216,,731839.5864,
600176.SH,20260402,1.4472,2.7504,,10260039.4339,
301468.SZ,20260402,6.6216,7.7954,,612706.2468,
600467.SH,20260402,2.0525,3.2557,,359404.5988,
603336.SH,20260402,1.2336,2.1875,,546629.6126,
301595.SZ,20260402,6.9321,6.9321,,587743.84,
300962.SZ,20260402,0.91,1.987,,426363.0637,
001979.SZ,20260402,0.7393,1.9071,,7339050.1872,
688472.SH,20260402,2.9752,2.9752,,4674148.7637,
603626.SH,20260402,6.624,9.4073,,1255137.8588,
688347.SH,20260402,2.5598,2.9041,,18938453.2715,
688283.SH,20260402,0.589,1.1732,,472218.6,
002635.SZ,20260402,3.022,3.8837,,888598.0873,
002463.SZ,20260402,2.7422,4.0113,,14677120.6967,
603959.SH,20260402,2.2507,2.949,,302514.4781,
688361.SH,20260402,1.8721,2.2812,,5265754.758,
300624.SZ,20260402,3.739,4.6779,,1286073.2272,
000839.SZ,20260402,2.9912,4.7063,,1270023.738,
300274.SZ,20260402,7.18,7.9715,,26381615.3704,
301356.SZ,20260402,2.257,2.2862,,475200.0,
600152.SH,20260402,10.374,14.6696,,528550.2956,
300049.SZ,20260402,2.2654,2.4382,,1544279.5452,
600540.SH,20260402,3.0655,5.5734,,273828.5482,
300741.SZ,20260402,0.3368,1.7822,,982944.48,
300810.SZ,20260402,1.4963,2.6979,,370913.1,
920876.BJ,20260402,2.5362,4.1765,,148064.7803,
600927.SH,20260402,0.4233,2.7614,,1962088.8895,
688157.SH,20260402,0.7203,1.5268,,601477.5026,
002587.SZ,20260402,5.7265,6.3279,,424806.7897,
920199.BJ,20260402,6.3295,13.1409,,245331.4996,
603327.SH,20260402,0.714,2.4249,,943004.3427,
601311.SH,20260402,1.8475,3.0605,,1100411.0587,
002512.SZ,20260402,7.5458,10.4519,,420523.7269,
600966.SH,20260402,0.9553,1.8672,,852906.6557,
600358.SH,20260402,1.5593,2.2054,,305991.616,
300008.SZ,20260402,3.1263,3.598,,1285653.675,
600028.SH,20260402,0.2165,1.4624,,71950680.9621,
300331.SZ,20260402,3.0181,3.2582,,1095774.8469,
002348.SZ,20260402,1.4302,2.0283,,710400.0,
603389.SH,20260402,0.3445,0.8715,,1109338.944,
002825.SZ,20260402,1.9056,2.9475,,350073.5052,
605018.SH,20260402,2.1807,9.9316,,516132.2407,
002132.SZ,20260402,1.6344,2.1326,,533988.5299,
688020.SH,20260402,1.9447,4.0883,,657666.032,
300659.SZ,20260402,3.9683,4.5255,,331739.8896,
600118.SH,20260402,1.9671,4.0527,,9257707.4379,
300036.SZ,20260402,1.6278,1.6425,,743092.0584,
000837.SZ,20260402,1.0872,1.9883,,1065094.8163,
688699.SH,20260402,1.8546,3.8421,,464362.7162,
300413.SZ,20260402,0.9565,1.6381,,3885487.1328,
920855.BJ,20260402,0.6121,2.0168,,116434.5328,
002324.SZ,20260402,1.9123,2.3923,,1662942.6908,
300004.SZ,20260402,2.1631,2.9119,,611511.8439,
300756.SZ,20260402,2.4717,2.4889,,643630.9508,
300915.SZ,20260402,1.3042,2.1512,,283390.0315,
001318.SZ,20260402,0.6031,1.9929,,383004.3,
300373.SZ,20260402,2.7761,5.332,,3897977.0239,
002303.SZ,20260402,2.1562,2.2842,,555870.4977,
603119.SH,20260402,3.8009,3.8009,,2590207.8502,
605117.SH,20260402,1.9043,4.7934,,11184790.2666,
688162.SH,20260402,0.7468,1.7897,,407326.4025,
301276.SZ,20260402,1.577,2.4813,,302745.6,
920204.BJ,20260402,2.6922,3.8088,,144260.3294,
600595.SH,20260402,1.7708,2.9752,,3005928.8355,
603398.SH,20260402,1.4785,2.3696,,483076.6577,
002588.SZ,20260402,1.5434,2.427,,1193360.0913,
002649.SZ,20260402,1.3618,1.3927,,669634.1446,
000672.SZ,20260402,0.7873,1.8769,,1255367.1078,
688083.SH,20260402,1.7037,2.9493,,814132.3346,
300687.SZ,20260402,1.694,1.9051,,747801.6579,
603203.SH,20260402,0.9297,2.6042,,911911.7192,
600850.SH,20260402,1.0162,1.7575,,1520244.1861,
603703.SH,20260402,3.013,4.2392,,527027.2924,
605151.SH,20260402,1.2889,3.8609,,245561.4552,
300281.SZ,20260402,1.0357,2.0071,,276070.6392,
300677.SZ,20260402,3.6606,4.1807,,3794949.9123,
300058.SZ,20260402,8.4098,8.4098,,4976046.6206,
002032.SZ,20260402,0.2414,1.438,,3608404.1829,
002614.SZ,20260402,1.3757,1.5923,,389213.2633,
002816.SZ,20260402,3.3733,4.0158,,226300.0,
000713.SZ,20260402,1.2655,1.7884,,518044.4386,
600420.SH,20260402,1.0383,2.3669,,1436395.9531,
301286.SZ,20260402,0.65,2.3951,,1801250.2,
600423.SH,20260402,3.0236,4.2041,,288328.9044,
600491.SH,20260402,1.0085,1.4854,,431391.7433,
300746.SZ,20260402,1.7095,3.5821,,297974.593,
688282.SH,20260402,1.6868,4.7611,,604560.0,
601133.SH,20260402,22.4655,22.4655,,999010.8582,
301033.SZ,20260402,2.4598,3.8211,,412355.163,
002278.SZ,20260402,4.3292,5.9081,,457124.4352,
301128.SZ,20260402,7.7709,14.5841,,1556791.1135,
300869.SZ,20260402,1.9856,2.3044,,542836.1191,
601633.SH,20260402,0.2691,1.527,,17860279.4171,
603922.SH,20260402,2.0087,3.6515,,369152.0,
600789.SH,20260402,2.2898,3.0055,,885275.742,
600916.SH,20260402,1.3174,2.7506,,1574160.0,
003016.SZ,20260402,0.7133,2.3123,,339360.9409,
605189.SH,20260402,2.3032,7.0969,,281218.567,
301421.SZ,20260402,8.9473,8.9745,,1034171.766,
300213.SZ,20260402,1.5556,1.5946,,455877.6942,
001285.SZ,20260402,3.645,3.645,,913683.5711,
002491.SZ,20260402,17.0156,25.8317,,1475993.4,
688234.SH,20260402,1.9805,4.1703,,4145911.6439,
301255.SZ,20260402,17.7452,17.7452,,434873.6,
600736.SH,20260402,1.0029,1.7843,,690775.7442,
688311.SH,20260402,1.5879,2.4398,,647200.7414,
601007.SH,20260402,4.7104,8.3377,,323310.0,
600059.SH,20260402,0.6931,1.1273,,821299.7141,
000932.SZ,20260402,0.8174,1.6193,,3453715.0166,
002841.SZ,20260402,0.6563,0.9454,,2279454.1849,
688475.SH,20260402,0.3276,1.6969,,2064825.0,
300987.SZ,20260402,2.0883,3.7964,,289004.456,
688138.SH,20260402,0.9341,2.3098,,809350.8,
688018.SH,20260402,1.2576,2.0636,,2378277.8893,
603920.SH,20260402,2.7711,5.3997,,3552520.1228,
601377.SH,20260402,0.9205,1.3004,,5017508.6178,
300916.SZ,20260402,1.7169,2.7256,,422360.5004,
300039.SZ,20260402,2.3946,3.4447,,635968.0,
003026.SZ,20260402,6.3922,8.2172,,447444.788,
688351.SH,20260402,2.0528,6.8988,,1158146.6,
301099.SZ,20260402,9.9089,12.8755,,667182.6196,
300132.SZ,20260402,2.4128,2.661,,449425.3708,
605166.SH,20260402,0.9559,1.4052,,315991.671,
600326.SH,20260402,0.9829,1.2774,,1275266.6999,
001373.SZ,20260402,3.575,4.1682,,232230.3683,
920029.BJ,20260402,2.9297,2.9297,,1191508.7162,
301337.SZ,20260402,3.5565,4.1695,,284257.6,
300390.SZ,20260402,5.8661,7.1614,,4930505.9268,
301100.SZ,20260402,1.6381,2.8666,,365000.0,
300706.SZ,20260402,5.8456,8.2328,,488571.8773,
300069.SZ,20260402,15.4932,27.2843,,248040.0,
600730.SH,20260402,1.8284,2.2863,,521537.1858,
301520.SZ,20260402,10.2049,10.2049,,299933.3348,
300604.SZ,20260402,4.3293,4.8193,,7346567.5501,
920675.BJ,20260402,4.9226,7.8392,,174918.624,
301127.SZ,20260402,0.8686,1.5708,,1054247.1629,
601298.SH,20260402,0.1707,1.3899,,5705676.9,
601117.SH,20260402,1.2758,2.251,,5410506.2195,
688209.SH,20260402,0.9403,2.461,,848915.3839,
002022.SZ,20260402,1.3833,1.7003,,307067.3494,
300236.SZ,20260402,2.4879,3.3226,,2277656.0297,
300909.SZ,20260402,1.1591,1.7743,,643632.4549,
600622.SH,20260402,0.9426,1.6465,,376421.0359,
603588.SH,20260402,5.3361,6.5056,,2356443.705,
002432.SZ,20260402,11.9484,18.2766,,3773278.5359,
688050.SH,20260402,0.6772,0.93,,998927.3989,
300592.SZ,20260402,5.1734,8.6422,,509495.4509,
600684.SH,20260402,6.2331,9.0463,,526491.3587,
920378.BJ,20260402,1.4521,2.292,,137951.562,
002815.SZ,20260402,2.8463,3.4918,,1677211.6493,
688068.SH,20260402,4.4723,6.4178,,1262404.019,
002862.SZ,20260402,4.3984,5.3123,,276864.0,
300408.SZ,20260402,0.6424,0.9919,,10191933.019,
600819.SH,20260402,0.8288,2.2163,,692520.7648,
300580.SZ,20260402,1.2053,2.8139,,1135249.4421,
603086.SH,20260402,1.7264,2.6291,,324370.6047,
300103.SZ,20260402,2.2967,3.0534,,219779.892,
603982.SH,20260402,2.3843,3.9905,,279688.8102,
603022.SH,20260402,2.7791,4.6527,,203800.0,
300009.SZ,20260402,3.0876,3.4834,,1657950.1423,
603079.SH,20260402,1.4503,2.7364,,325698.0422,
300681.SZ,20260402,2.282,2.4069,,654346.3169,
002560.SZ,20260402,46.5842,51.6975,,686614.5724,
300299.SZ,20260402,2.0636,2.9005,,410038.2505,
002879.SZ,20260402,5.8282,6.6548,,401663.8912,
920267.BJ,20260402,1.8545,2.5623,,96017.2297,
603352.SH,20260402,4.1191,4.1191,,840706.6679,
920057.BJ,20260402,1.3629,1.5343,,108576.7149,
300399.SZ,20260402,1.7432,3.1694,,397373.6,
920076.BJ,20260402,4.1336,4.1336,,174879.7207,
688201.SH,20260402,1.5861,2.7116,,421814.5753,
300767.SZ,20260402,1.958,2.6405,,506717.7454,
603387.SH,20260402,12.9109,23.031,,540118.4956,
688229.SH,20260402,5.4333,10.4853,,353157.6,
000056.SZ,20260402,6.872,8.5946,,227045.4182,
920145.BJ,20260402,1.6526,2.675,,105472.25,
600309.SH,20260402,0.7002,1.204,,25892130.8186,
300106.SZ,20260402,2.4766,4.2567,,207105.6638,
600271.SH,20260402,0.8461,1.5972,,1554570.2113,
600095.SH,20260402,0.5495,1.7817,,2639030.2868,
301083.SZ,20260402,7.7037,11.6442,,295080.8006,
603075.SH,20260402,3.5993,3.5993,,887877.7429,
002033.SZ,20260402,1.8476,3.3733,,503882.982,
688195.SH,20260402,5.3187,8.1488,,3677161.8,
002856.SZ,20260402,3.3355,5.1971,,148167.5248,
002600.SZ,20260402,1.0299,2.4232,,9164269.8457,
600754.SH,20260402,1.9855,4.2425,,3001630.1199,
002789.SZ,20260402,1.083,2.2741,,184684.4057,
688072.SH,20260402,1.6271,2.5781,,10079713.0014,
300240.SZ,20260402,1.7406,2.9658,,258236.2503,
301683.SZ,20260402,50.5065,50.5065,,789712.3968,
301329.SZ,20260402,3.655,3.655,,374440.0,
300405.SZ,20260402,4.4854,5.3603,,176311.056,
002393.SZ,20260402,3.2431,6.8155,,622329.8127,
920826.BJ,20260402,3.3937,3.5831,,142904.5828,
300724.SZ,20260402,4.6533,5.1009,,3736476.6404,
001288.SZ,20260402,1.2525,2.2003,,677397.2049,
603214.SH,20260402,2.0998,3.2474,,225127.5585,
688677.SH,20260402,8.0765,12.2357,,742278.384,
300780.SZ,20260402,8.8031,9.987,,314167.14,
300365.SZ,20260402,7.9415,8.4236,,365911.8361,
300948.SZ,20260402,2.2847,3.5199,,307794.0782,
920454.BJ,20260402,1.3828,2.2403,,142200.3,
605299.SH,20260402,14.8744,49.2652,,938765.6438,
300663.SZ,20260402,1.9907,2.1071,,609547.1307,
688597.SH,20260402,1.1899,1.6274,,290692.1387,
301489.SZ,20260402,7.1924,7.4817,,1339383.6381,
920022.BJ,20260402,2.05,2.05,,156171.069,
600637.SH,20260402,0.9715,1.8225,,3126566.8298,
300857.SZ,20260402,2.3007,3.663,,7211772.3429,
600032.SH,20260402,3.3715,14.5626,,2253180.7786,
300138.SZ,20260402,2.1778,2.425,,590831.4137,
300868.SZ,20260402,5.8072,7.9658,,669188.96,
688078.SH,20260402,0.9904,1.8861,,175526.344,
920017.BJ,20260402,4.8449,8.508,,228193.4078,
920627.BJ,20260402,1.7328,2.7866,,181721.8,
301395.SZ,20260402,2.0892,2.0892,,381760.8885,
002230.SZ,20260402,1.1481,1.3454,,10606756.2979,
300984.SZ,20260402,2.2052,3.3935,,652213.0514,
002387.SZ,20260402,0.9814,1.6378,,1075532.9531,
603918.SH,20260402,1.3461,1.7913,,488513.8698,
001229.SZ,20260402,3.106,5.5644,,360731.7315,
002540.SZ,20260402,1.1518,1.6348,,823252.4197,
600186.SH,20260402,11.3551,14.1059,,1269277.3658,
300737.SZ,20260402,1.3658,2.1156,,692622.2435,
600708.SH,20260402,1.2198,2.5711,,739907.3987,
003012.SZ,20260402,0.6394,1.529,,724270.2049,
002941.SZ,20260402,1.7229,2.8966,,1134033.3213,
000063.SZ,20260402,1.3181,1.73,,15331229.3128,
600918.SH,20260402,0.5305,0.7531,,4751004.5976,
600520.SH,20260402,1.9054,2.4472,,367557.6,
600483.SH,20260402,0.8957,2.5927,,2866322.0718,
688480.SH,20260402,5.1274,11.456,,761656.1702,
920701.BJ,20260402,0.7496,2.0486,,207995.2,
301533.SZ,20260402,5.828,5.9212,,310550.8653,
600528.SH,20260402,4.5523,10.5001,,1923863.6752,
600903.SH,20260402,0.8441,2.484,,736006.0211,
301298.SZ,20260402,2.364,2.9281,,227833.6,
605056.SH,20260402,2.8874,7.8487,,1026348.7524,
001337.SZ,20260402,3.536,8.784,,2008440.0,
300284.SZ,20260402,1.8796,3.4194,,847357.4364,
603677.SH,20260402,0.6634,2.5294,,295257.126,
002567.SZ,20260402,2.6539,2.9905,,591850.2253,
002893.SZ,20260402,12.1321,15.3383,,325595.4,
300648.SZ,20260402,1.7583,1.8974,,884826.6678,
002382.SZ,20260402,7.3581,10.3129,,825860.1316,
002243.SZ,20260402,0.9751,1.9652,,1030224.1904,
688147.SH,20260402,1.5191,4.9023,,2851804.8628,
002898.SZ,20260402,1.9907,3.1699,,213488.0,
002760.SZ,20260402,2.4591,3.2054,,228504.1019,
002963.SZ,20260402,2.8302,4.685,,215315.4198,
688728.SH,20260402,0.4339,1.2856,,3346955.0404,
301668.SZ,20260402,6.4145,6.4145,,534380.0,
300059.SZ,20260402,1.3476,1.4481,,29632570.6406,
600616.SH,20260402,0.8039,1.2663,,339854.5146,
300831.SZ,20260402,13.8577,13.8577,,563520.0,
920055.BJ,20260402,27.5798,27.5798,,233172.0,
688126.SH,20260402,0.7278,1.2413,,5585489.5342,
000661.SZ,20260402,1.1909,1.6368,,3542937.4394,
301011.SZ,20260402,1.0536,1.9443,,370447.1016,
301157.SZ,20260402,11.2125,11.2125,,357780.0,
301279.SZ,20260402,2.1042,5.281,,341213.499,
000889.SZ,20260402,2.4567,3.3196,,308976.0683,
688679.SH,20260402,2.8053,5.7459,,649230.0978,
002967.SZ,20260402,0.7991,1.5233,,1281569.9835,
603177.SH,20260402,1.2309,2.9619,,227061.504,
688709.SH,20260402,2.1456,2.6776,,2623809.7471,
688367.SH,20260402,1.6199,2.3533,,311330.2038,
600017.SH,20260402,1.6581,2.9854,,956528.3592,
688570.SH,20260402,0.2416,0.3638,,757317.0,
300570.SZ,20260402,11.4915,14.1787,,2544275.1641,
601038.SH,20260402,0.7635,3.0491,,1422534.9182,
600313.SH,20260402,7.2259,11.9998,,902387.5739,
301081.SZ,20260402,4.3084,9.7373,,328180.6805,
688608.SH,20260402,2.0695,3.1332,,2805714.2005,
601519.SH,20260402,1.185,2.3677,,2044856.48,
002094.SZ,20260402,1.7912,2.2795,,452537.8946,
301535.SZ,20260402,1.4762,3.9292,,844634.1183,
000892.SZ,20260402,3.817,5.2531,,597417.1081,
600839.SH,20260402,0.9708,1.2644,,3969970.0309,
603063.SH,20260402,4.2546,5.2504,,1401637.0306,
688548.SH,20260402,3.2257,3.2257,,3020103.2146,
300076.SZ,20260402,2.5641,3.6483,,258216.0,
600658.SH,20260402,0.7645,1.4593,,510074.7805,
002697.SZ,20260402,1.4359,2.1877,,761600.0,
002376.SZ,20260402,1.0896,1.5373,,559288.1533,
300661.SZ,20260402,3.1024,4.6799,,4185322.4332,
002515.SZ,20260402,1.5266,1.6933,,669469.6327,
002906.SZ,20260402,1.1363,2.6356,,1466623.8006,
600939.SH,20260402,1.1661,3.8982,,578352.383,
603103.SH,20260402,0.8395,7.1753,,1430755.2,
301048.SZ,20260402,6.2592,25.0366,,633066.7458,
603686.SH,20260402,2.0933,2.5216,,760237.6393,
603879.SH,20260402,2.6788,3.9601,,196561.4087,
300196.SZ,20260402,4.7929,6.116,,715665.7713,
002768.SZ,20260402,1.5199,2.2718,,1385750.0,
301566.SZ,20260402,3.661,3.661,,765619.14,
688306.SH,20260402,0.5486,1.3319,,1094399.9748,
002135.SZ,20260402,4.2123,7.3795,,730666.4515,
003013.SZ,20260402,0.5783,2.6002,,605896.5083,
000526.SZ,20260402,1.562,2.4702,,376550.8268,
600353.SH,20260402,2.0005,3.446,,1160306.7821,
600750.SH,20260402,1.0142,1.7972,,1716155.8803,
002921.SZ,20260402,2.7562,3.3899,,346355.5453,
002328.SZ,20260402,8.3398,9.4351,,571109.8,
002024.SZ,20260402,0.4044,1.1267,,1260008.396,
603806.SH,20260402,1.0238,2.6893,,4609652.2118,
000563.SZ,20260402,0.7539,1.3358,,1723408.0106,
600078.SH,20260402,2.0509,3.5237,,751939.0886,
603210.SH,20260402,2.4754,2.4754,,588211.2,
301080.SZ,20260402,6.7469,8.7342,,810978.9984,
002766.SZ,20260402,1.5382,2.9483,,421622.3493,
002115.SZ,20260402,3.2687,3.62,,964268.6937,
300904.SZ,20260402,4.8714,4.8714,,425830.5539,
688700.SH,20260402,4.773,7.189,,1539751.0176,
002408.SZ,20260402,3.344,7.4243,,1790997.2684,
301488.SZ,20260402,4.4464,4.5343,,1168952.0,
603208.SH,20260402,0.716,1.7188,,239891.8006,
688122.SH,20260402,1.4289,2.1279,,4521664.8991,
920227.BJ,20260402,4.2428,6.9504,,229053.903,
688681.SH,20260402,1.7809,2.7397,,189871.38,
600496.SH,20260402,1.1231,1.5975,,794059.944,
002935.SZ,20260402,1.0116,1.7746,,773138.8721,
300966.SZ,20260402,3.9359,5.2467,,246471.0196,
920685.BJ,20260402,3.68,4.6544,,117048.8885,
300504.SZ,20260402,3.7116,6.7496,,400032.2801,
002223.SZ,20260402,0.6873,1.1308,,3388372.02,
002036.SZ,20260402,2.068,2.2645,,917995.1126,
688207.SH,20260402,1.9556,2.6421,,352721.4262,
002401.SZ,20260402,0.8012,1.5711,,570139.387,
688137.SH,20260402,1.0405,3.2374,,299438.5982,
600644.SH,20260402,16.3245,32.1159,,730997.514,
301160.SZ,20260402,1.7264,2.0366,,605252.5099,
600160.SH,20260402,0.802,1.7279,,9071146.8322,
002843.SZ,20260402,4.7309,8.245,,517068.9523,
603803.SH,20260402,21.4716,38.0927,,563395.5966,
600617.SH,20260402,4.5461,11.5694,,698367.4229,
001395.SZ,20260402,0.7633,0.9092,,336659.16,
600382.SH,20260402,1.4944,2.4511,,590941.2837,
603725.SH,20260402,1.2966,2.1511,,267360.1854,
300689.SZ,20260402,1.5722,3.2199,,525402.0,
002046.SZ,20260402,1.4131,2.8056,,2294896.8551,
000598.SZ,20260402,0.6679,1.5594,,2008237.8692,
920374.BJ,20260402,2.3808,2.7335,,160182.87,
002706.SZ,20260402,5.1661,5.7432,,1082692.5193,
000488.SZ,20260402,1.53,2.0931,,794193.174,
000722.SZ,20260402,9.4555,19.5086,,634504.3715,
600734.SH,20260402,1.5209,2.081,,816863.6648,
300710.SZ,20260402,2.7706,2.905,,272006.4802,
301618.SZ,20260402,1.3042,1.3756,,430510.0839,
603607.SH,20260402,1.3725,2.6903,,384168.1536,
300144.SZ,20260402,0.8456,1.2889,,2044625.9849,
000402.SZ,20260402,0.4623,0.943,,750221.4067,
605162.SH,20260402,11.5626,45.6024,,562831.7558,
301322.SZ,20260402,1.2566,1.6602,,414962.4977,
600362.SH,20260402,1.1191,2.6702,,14979767.406,
603392.SH,20260402,0.2051,0.7751,,5037340.9311,
603041.SH,20260402,1.349,2.2817,,230033.5012,
002835.SZ,20260402,1.824,2.3991,,339118.1234,
920770.BJ,20260402,3.0612,3.511,,206129.3652,
688080.SH,20260402,1.2073,1.6729,,376235.5223,
688077.SH,20260402,3.667,6.0327,,319738.4617,
688178.SH,20260402,5.2319,10.8287,,278537.9348,
688396.SH,20260402,0.7636,2.2577,,5901240.0512,
002531.SZ,20260402,3.2168,6.5079,,2028676.0049,
603533.SH,20260402,4.2402,7.3068,,1088903.0476,
300298.SZ,20260402,0.9583,1.482,,902590.63,
001220.SZ,20260402,8.1268,8.1268,,368790.84,
600452.SH,20260402,2.8804,4.9363,,1700951.611,
688516.SH,20260402,3.9187,7.0958,,2520118.4869,
920821.BJ,20260402,3.6709,6.813,,291666.8831,
600206.SH,20260402,2.1339,3.189,,1700725.644,
000559.SZ,20260402,1.4995,4.1379,,5052606.2687,
002981.SZ,20260402,1.5466,4.0548,,321992.4813,
301053.SZ,20260402,11.7997,29.7255,,383402.3268,
603093.SH,20260402,1.3123,5.6998,,1365112.7465,
600269.SH,20260402,0.6864,1.5043,,1081293.4475,
300875.SZ,20260402,9.4829,16.8326,,440371.0867,
300557.SZ,20260402,1.9641,3.7482,,385447.6629,
300691.SZ,20260402,1.6705,2.2242,,412451.7583,
300758.SZ,20260402,1.8229,2.9917,,532819.3687,
000528.SZ,20260402,1.7589,2.3767,,1912392.8779,
300133.SZ,20260402,2.4814,3.1185,,1350113.7514,
300956.SZ,20260402,1.5936,3.116,,309354.1198,
600348.SH,20260402,0.8844,1.9885,,3246750.0,
002471.SZ,20260402,33.893,40.7718,,1281159.36,
300193.SZ,20260402,1.3142,1.5555,,402907.335,
300783.SZ,20260402,1.2103,1.4552,,739072.616,
300700.SZ,20260402,2.8457,2.8926,,534400.7958,
600873.SH,20260402,1.1521,1.7206,,3174401.5478,
002932.SZ,20260402,5.7843,7.1421,,392495.3754,
002597.SZ,20260402,4.4301,7.9809,,1388405.462,
920751.BJ,20260402,0.6976,1.1099,,176510.52,
601869.SH,20260402,4.7286,17.8449,,27527016.9359,
920091.BJ,20260402,7.0874,7.0874,,367684.8264,
600777.SH,20260402,0.6502,2.5937,,3651866.258,
600759.SH,20260402,15.3619,17.5101,,2443766.4659,
603059.SH,20260402,1.5487,5.5092,,323545.2627,
600096.SH,20260402,2.5481,4.1337,,5955710.7182,
601811.SH,20260402,0.3065,2.1073,,1694063.693,
600355.SH,20260402,0.3915,0.4589,,30017.4412,
300534.SZ,20260402,3.1977,5.1284,,293941.305,
300525.SZ,20260402,1.8041,1.9007,,762245.7454,
300763.SZ,20260402,7.3109,11.0082,,3642232.9418,
000088.SZ,20260402,0.7089,1.6187,,2386562.8558,
300548.SZ,20260402,7.1383,8.9039,,4603350.2297,
001336.SZ,20260402,3.6805,5.4514,,205515.0395,
002072.SZ,20260402,4.6564,8.9701,,282378.24,
000155.SZ,20260402,4.8599,8.0278,,3132947.6764,
600327.SH,20260402,1.0188,1.8425,,348603.1301,
600859.SH,20260402,0.7095,1.0617,,1367824.543,
601718.SH,20260402,0.6975,1.4222,,1317042.9899,
002311.SZ,20260402,0.7304,1.6149,,8821202.3409,
688001.SH,20260402,1.7869,9.0452,,1452148.3171,
600035.SH,20260402,0.4823,1.0476,,624724.9696,
300293.SZ,20260402,0.8453,1.6738,,562484.1322,
002970.SZ,20260402,2.808,4.0974,,1156389.3237,
600183.SH,20260402,2.6144,5.0946,,12541542.5845,
688216.SH,20260402,2.1305,4.6376,,306002.9601,
600470.SH,20260402,5.5343,7.4279,,360425.6,
603248.SH,20260402,32.3915,32.3915,,1352860.0,
301368.SZ,20260402,2.5398,2.5398,,613831.1,
600847.SH,20260402,2.7687,5.0491,,192988.8366,
300414.SZ,20260402,1.9274,3.3742,,444038.5127,
000415.SZ,20260402,0.949,1.4493,,2696451.279,
000429.SZ,20260402,0.4706,1.2319,,2745228.4434,
601952.SH,20260402,2.3054,7.1695,,1411072.0,
300192.SZ,20260402,1.7144,2.4845,,609244.302,
300693.SZ,20260402,7.2612,7.6307,,1393505.3915,
301292.SZ,20260402,23.2141,23.2141,,1975752.9593,
688110.SH,20260402,3.751,5.7241,,4656005.4522,
002151.SZ,20260402,3.1876,3.4452,,1990311.4071,
002005.SZ,20260402,0.2891,0.4521,,476659.5614,
300393.SZ,20260402,9.8647,12.3241,,1143019.0985,
300675.SZ,20260402,1.5493,2.7113,,216920.0493,
002859.SZ,20260402,1.1929,2.5595,,1716281.5934,
000557.SZ,20260402,0.4687,0.8966,,679602.6265,
688500.SH,20260402,1.5913,2.405,,374074.0553,
002255.SZ,20260402,3.0073,3.1631,,882395.6804,
002059.SZ,20260402,1.1494,2.6168,,509254.7109,
301006.SZ,20260402,2.5021,3.9212,,235243.92,
002793.SZ,20260402,3.1794,5.127,,556845.3048,
688025.SH,20260402,6.8082,10.4752,,2213701.0617,
920252.BJ,20260402,4.6328,7.7306,,279312.4595,
002830.SZ,20260402,2.7082,4.0467,,278547.26,
601515.SH,20260402,9.7397,19.3711,,916048.0394,
002696.SZ,20260402,1.6236,2.9309,,237950.874,
002900.SZ,20260402,7.3128,12.3437,,389432.4511,
002741.SZ,20260402,4.037,5.8601,,799373.3509,
002203.SZ,20260402,1.2161,2.0268,,3364296.7422,
601618.SH,20260402,0.632,1.7536,,6196362.1318,
300398.SZ,20260402,3.4317,4.3423,,1451382.912,
301020.SZ,20260402,0.7318,2.2882,,307147.2,
002331.SZ,20260402,1.4651,1.8963,,343602.2627,
688318.SH,20260402,0.7372,2.3793,,2670813.854,
603869.SH,20260402,0.2447,0.6714,,469410.7586,
000807.SZ,20260402,2.0188,3.4869,,11329816.8421,
603135.SH,20260402,0.8973,1.2656,,639331.1366,
600438.SH,20260402,1.1491,2.0982,,7297725.9343,
603012.SH,20260402,2.6678,3.4311,,497158.5,
002488.SZ,20260402,2.7383,3.846,,1148736.681,
002345.SZ,20260402,1.7738,2.82,,937380.9059,
300087.SZ,20260402,1.15,2.0011,,763549.3913,
688620.SH,20260402,1.3937,1.3937,,402192.0,
688683.SH,20260402,0.7672,1.7163,,515512.96,
600283.SH,20260402,0.8245,1.9689,,510911.4821,
600063.SH,20260402,1.2549,1.8796,,1388370.4273,
002961.SZ,20260402,1.9484,6.6085,,1020637.5466,
002670.SZ,20260402,0.6215,1.7391,,2738144.784,
920146.BJ,20260402,3.331,4.3827,,95168.2623,
688076.SH,20260402,1.2051,1.9212,,944047.0163,
300519.SZ,20260402,2.7543,4.2014,,249440.0,
300468.SZ,20260402,5.3758,6.7489,,1508635.8888,
300123.SZ,20260402,1.9428,2.2351,,628427.9856,
920924.BJ,20260402,3.4029,4.1981,,212017.884,
300188.SZ,20260402,0.8847,1.5046,,1042545.977,
603118.SH,20260402,7.1615,12.5055,,1028182.9862,
300781.SZ,20260402,2.6233,4.1815,,561479.6628,
002999.SZ,20260402,2.1806,3.401,,242966.808,
603021.SH,20260402,2.3148,3.911,,231642.4027,
000936.SZ,20260402,2.1684,3.5328,,638815.2915,
605287.SH,20260402,9.1898,17.9665,,579460.0,
002593.SZ,20260402,1.8767,2.6525,,434887.1937,
603067.SH,20260402,2.105,3.3551,,2241027.1534,
601677.SH,20260402,1.6686,1.9618,,1872746.5823,
001289.SZ,20260402,0.3816,14.4301,,13584701.2665,
000685.SZ,20260402,1.0642,2.1077,,1603446.0385,
002986.SZ,20260402,1.3995,1.635,,560298.9318,
301325.SZ,20260402,2.5545,2.5545,,603773.6014,
300268.SZ,20260402,0.8668,1.2377,,230118.2,
600202.SH,20260402,2.0649,3.13,,223104.2711,
600675.SH,20260402,0.4449,1.5903,,1559902.9154,
603018.SH,20260402,0.7914,0.7914,,495752.3922,
301187.SZ,20260402,0.509,1.7709,,510886.7841,
002795.SZ,20260402,4.3279,6.0558,,356000.0662,
300575.SZ,20260402,2.9236,3.3172,,294304.3108,
300247.SZ,20260402,1.3978,1.6359,,373074.7052,
603038.SH,20260402,0.7664,1.3171,,393611.9603,
002030.SZ,20260402,1.1969,1.7507,,851891.7414,
600157.SH,20260402,3.626,4.4469,,3861744.2537,
001208.SZ,20260402,18.6451,18.9487,,1269040.6588,
002772.SZ,20260402,2.587,4.1736,,627693.7428,
603212.SH,20260402,2.8889,4.5487,,570487.7893,
002394.SZ,20260402,1.3228,2.2232,,441526.8,
920099.BJ,20260402,2.4733,3.2846,,248449.5937,
002723.SZ,20260402,2.9677,4.2846,,295126.6899,
300050.SZ,20260402,5.8409,7.0871,,365592.1478,
603819.SH,20260402,9.3937,18.8069,,296330.7845,
920656.BJ,20260402,7.3486,9.5168,,165700.0,
000612.SZ,20260402,2.7376,3.627,,1409179.6837,
301101.SZ,20260402,0.795,1.9845,,672244.3656,
605337.SH,20260402,0.4492,1.156,,422480.8201,
300239.SZ,20260402,1.8439,2.5248,,327077.9711,
601333.SH,20260402,1.0559,1.9744,,2238397.692,
688678.SH,20260402,4.4088,6.6126,,719833.0375,
301391.SZ,20260402,0.9083,2.5006,,614365.7679,
300583.SZ,20260402,1.5667,2.926,,276585.6997,
603663.SH,20260402,2.1476,5.0465,,1723676.582,
600815.SH,20260402,5.9497,11.5096,,654640.8631,
002050.SZ,20260402,1.5726,2.7972,,18014507.6557,
300788.SZ,20260402,1.344,5.0716,,562468.1814,
603788.SH,20260402,0.3945,0.8084,,334597.602,
605259.SH,20260402,0.9623,2.2078,,365657.6,
002117.SZ,20260402,1.4206,2.0543,,513246.5359,
920925.BJ,20260402,7.8486,11.4529,,171570.8582,
002634.SZ,20260402,8.2114,10.6928,,423063.6645,
000859.SZ,20260402,3.475,4.9022,,869096.9829,
688360.SH,20260402,1.164,2.2614,,503490.4783,
688737.SH,20260402,1.3684,2.2313,,285878.741,
300286.SZ,20260402,2.7051,3.8171,,619688.8825,
603883.SH,20260402,2.3471,4.4882,,1063964.1109,
300517.SZ,20260402,2.5142,3.1034,,219653.1664,
600638.SH,20260402,0.7642,1.2209,,395283.9134,
300417.SZ,20260402,5.0475,6.3185,,163763.4144,
002756.SZ,20260402,4.642,5.2981,,3982882.1775,
920245.BJ,20260402,0.8461,1.7609,,118280.937,
688022.SH,20260402,1.4049,1.9045,,247284.9235,
002404.SZ,20260402,2.038,3.1093,,390915.9756,
600057.SH,20260402,0.6121,1.3973,,2300877.3646,
000921.SZ,20260402,1.276,2.9188,,3021767.0751,
002496.SZ,20260402,2.5173,2.7889,,301517.9354,
601018.SH,20260402,0.2515,1.5946,,7937390.4668,
600749.SH,20260402,1.3159,2.3955,,364733.5858,
002657.SZ,20260402,2.0886,2.2817,,729751.5813,
001259.SZ,20260402,1.9689,3.8827,,229082.2083,
000981.SZ,20260402,2.8984,5.0333,,4128955.4767,
301032.SZ,20260402,2.551,4.6248,,290083.4802,
000408.SZ,20260402,0.7903,1.7755,,12915106.7526,
600117.SH,20260402,0.3776,1.0374,,846329.8628,
000601.SZ,20260402,12.5498,17.732,,702466.5938,
600919.SH,20260402,0.3077,0.4262,,19966241.0157,
300980.SZ,20260402,3.1456,3.7068,,503247.6467,
603608.SH,20260402,1.8717,2.5797,,403366.4699,
002064.SZ,20260402,0.476,1.4329,,5170970.7407,
002045.SZ,20260402,1.0515,1.4021,,650230.5006,
603223.SH,20260402,0.6945,1.8367,,593596.4643,
920976.BJ,20260402,1.9469,3.0596,,213427.8272,
600267.SH,20260402,1.1598,1.8653,,1287562.9625,
001914.SZ,20260402,0.5584,1.504,,1030538.0211,
920247.BJ,20260402,1.431,3.5304,,312882.7137,
603171.SH,20260402,0.6443,2.5225,,2003687.195,
000735.SZ,20260402,2.0284,2.582,,776120.1516,
603303.SH,20260402,0.2471,1.0272,,701108.5253,
002099.SZ,20260402,1.8459,3.0655,,1180043.4194,
920726.BJ,20260402,3.6165,7.3427,,174872.4,
300997.SZ,20260402,1.29,3.7751,,860072.8519,
600548.SH,20260402,0.6285,3.9049,,2418576.889,
920080.BJ,20260402,3.2778,3.2778,,191730.0,
600381.SH,20260402,2.2352,3.8404,,189033.5586,
600602.SH,20260402,6.9408,12.3858,,3032132.0497,
002707.SZ,20260402,1.3914,1.8114,,639747.4865,
000603.SZ,20260402,3.3264,5.6149,,2666731.5223,
301002.SZ,20260402,2.3634,2.9817,,482533.5605,
000042.SZ,20260402,0.6461,1.3857,,576408.5975,
601069.SH,20260402,1.6017,5.3284,,2828652.2769,
002205.SZ,20260402,1.3973,2.0021,,239737.7641,
301066.SZ,20260402,1.4663,2.9262,,323019.2776,
301238.SZ,20260402,0.8445,2.9028,,1415333.269,
600980.SH,20260402,1.1713,2.2325,,401806.4657,
600252.SH,20260402,2.3475,3.3662,,831066.5613,
002136.SZ,20260402,3.1179,4.5397,,265119.66,
300199.SZ,20260402,11.4247,12.1731,,1780614.5334,
603080.SH,20260402,1.2015,2.2644,,304791.0,
002827.SZ,20260402,1.3325,3.1557,,943618.676,
688433.SH,20260402,1.2026,1.9415,,3066505.7952,
603868.SH,20260402,0.4261,4.2571,,1423540.8,
603506.SH,20260402,1.4141,3.6513,,227774.4459,
300563.SZ,20260402,2.0426,2.3434,,549688.0355,
301357.SZ,20260402,19.3152,19.3152,,1128024.8,
002725.SZ,20260402,2.956,4.2023,,386560.0,
000010.SZ,20260402,4.4604,5.3483,,444915.437,
603218.SH,20260402,2.0804,5.1134,,1432174.3375,
301312.SZ,20260402,18.526,30.5193,,1251916.9026,
600036.SH,20260402,0.2592,0.505,,100274106.1096,
603790.SH,20260402,1.4319,3.6763,,403769.6,
600853.SH,20260402,1.299,2.3224,,396355.154,
002596.SZ,20260402,1.785,2.4804,,428047.5332,
603658.SH,20260402,0.5467,1.8894,,1970844.0248,
002912.SZ,20260402,2.5504,3.8289,,449931.52,
002227.SZ,20260402,1.5695,3.3772,,224512.39,
300822.SZ,20260402,0.7729,2.4422,,427427.6664,
601188.SH,20260402,1.4996,3.0231,,432110.5419,
300983.SZ,20260402,0.4378,0.9464,,495417.6,
301122.SZ,20260402,1.8687,3.1947,,352923.2146,
002010.SZ,20260402,0.8354,2.0326,,1589317.7721,
601611.SH,20260402,1.6295,4.9006,,4261561.5758,
600693.SH,20260402,2.9746,6.6185,,970748.4105,
002940.SZ,20260402,23.9802,40.6895,,736106.1507,
000039.SZ,20260402,2.1368,2.7684,,5716071.6081,
002508.SZ,20260402,0.4532,0.9546,,1971142.5788,
603020.SH,20260402,2.9469,4.4657,,439956.9646,
688809.SH,20260402,6.025,6.025,,4125168.112,
300515.SZ,20260402,0.7797,1.5379,,362127.92,
688562.SH,20260402,2.742,2.742,,747200.0,
301338.SZ,20260402,12.6763,20.6048,,1698995.2,
000911.SZ,20260402,1.4839,3.1713,,259407.2421,
601555.SH,20260402,0.8335,1.1629,,3950118.7554,
002980.SZ,20260402,17.9468,28.7537,,793590.8604,
600425.SH,20260402,1.4076,2.311,,661137.9273,
002606.SZ,20260402,3.2431,4.5012,,488249.4206,
920703.BJ,20260402,0.8231,1.2723,,205135.364,
002543.SZ,20260402,1.5744,4.3122,,655855.2,
600266.SH,20260402,1.3357,2.4512,,1031644.523,
688750.SH,20260402,1.249,1.8007,,811687.5,
603655.SH,20260402,1.0997,3.3985,,384674.0,
603267.SH,20260402,2.6059,4.1433,,1103873.4211,
603008.SH,20260402,4.446,6.9861,,503824.0511,
920118.BJ,20260402,1.4326,1.6975,,106219.952,
301359.SZ,20260402,2.3159,4.0201,,239630.944,
603153.SH,20260402,0.3013,1.2911,,650449.5752,
002555.SZ,20260402,2.1487,2.4433,,4911167.6518,
300830.SZ,20260402,6.4684,7.8297,,476932.6288,
002811.SZ,20260402,1.6706,3.5544,,408984.1666,
301499.SZ,20260402,4.1551,4.1551,,409096.1485,
002667.SZ,20260402,6.9827,8.8623,,624637.8255,
002523.SZ,20260402,1.1543,1.6982,,572322.8832,
600969.SH,20260402,2.2439,3.5294,,352288.0608,
600272.SH,20260402,3.2837,5.4963,,339346.3129,
300439.SZ,20260402,1.9456,2.5621,,383165.8586,
600022.SH,20260402,1.1384,2.7564,,1615526.2827,
688146.SH,20260402,2.4451,2.4451,,2259529.413,
688698.SH,20260402,2.37,5.5358,,1383657.2339,
603363.SH,20260402,3.2693,5.044,,1038581.7686,
300007.SZ,20260402,2.4016,2.6689,,1369705.0243,
000595.SZ,20260402,1.1553,2.17,,718492.1669,
300856.SZ,20260402,0.514,1.2962,,588900.7821,
603283.SH,20260402,1.9789,3.1855,,1133236.2839,
603381.SH,20260402,4.7334,6.5108,,542842.4739,
002340.SZ,20260402,2.2001,2.4052,,3975496.802,
688330.SH,20260402,1.387,2.7028,,659120.0,
002927.SZ,20260402,2.4309,4.9961,,376078.8233,
301392.SZ,20260402,17.4807,17.4807,,1186600.0,
002014.SZ,20260402,0.3836,0.9067,,728865.3205,
300902.SZ,20260402,2.1265,3.2406,,315792.452,
001213.SZ,20260402,0.4064,2.3628,,1831111.1109,
002851.SZ,20260402,3.8646,4.4541,,5605615.7717,
603656.SH,20260402,0.9427,1.6683,,378513.9457,
600844.SH,20260402,23.3197,32.687,,452353.2868,
600033.SH,20260402,1.1105,2.5186,,1034638.8,
688398.SH,20260402,0.9386,1.7703,,396544.9664,
300498.SZ,20260402,0.9627,1.066,,11185251.8417,
601168.SH,20260402,1.7034,2.4663,,6076650.0,
301388.SZ,20260402,8.2324,10.129,,319431.6168,
688133.SH,20260402,2.056,2.8641,,334958.1221,
002648.SZ,20260402,1.1675,2.3552,,9132398.4656,
920576.BJ,20260402,5.7296,22.4009,,849047.35,
603151.SH,20260402,1.2757,2.7364,,282335.79,
002785.SZ,20260402,2.915,3.53,,884723.2893,
300209.SZ,20260402,12.1333,13.0274,,870132.0501,
600037.SH,20260402,0.7588,1.2238,,1020173.189,
920262.BJ,20260402,2.9087,4.9687,,138159.2558,
002247.SZ,20260402,3.854,4.8174,,239094.4838,
688232.SH,20260402,0.7136,1.9748,,689041.4265,
601689.SH,20260402,1.7566,4.2223,,10194143.5123,
300705.SZ,20260402,3.2641,4.4959,,728924.1706,
002624.SZ,20260402,5.7806,7.8552,,3800398.1034,
000987.SZ,20260402,1.6218,6.3472,,4098997.2215,
002265.SZ,20260402,3.2239,14.6884,,2434876.2393,
603901.SH,20260402,1.1383,2.2897,,607939.6614,
001366.SZ,20260402,2.3748,6.8532,,219488.88,
601608.SH,20260402,0.5601,1.5724,,2807266.2569,
000886.SZ,20260402,1.0949,1.5002,,553743.848,
601968.SH,20260402,0.4233,0.9151,,668508.437,
000801.SZ,20260402,1.4767,2.8899,,1381185.3475,
601021.SH,20260402,0.5941,1.3457,,4625560.4239,
000665.SZ,20260402,1.2076,2.0419,,548106.0566,
688545.SH,20260402,1.8798,2.1787,,1605240.0,
688295.SH,20260402,2.2593,13.0334,,4680000.0,
688626.SH,20260402,1.7148,4.5371,,912960.0,
688775.SH,20260402,3.7211,3.7211,,7371583.0,
300900.SZ,20260402,14.7381,15.4212,,1317435.7427,
688589.SH,20260402,1.3025,1.6524,,307805.8011,
000032.SZ,20260402,2.1488,3.8524,,2126563.7943,
600518.SH,20260402,3.2385,4.3405,,2530688.0943,
603036.SH,20260402,0.9891,1.2758,,374106.9414,
920018.BJ,20260402,4.2748,4.2748,,357286.7566,
600178.SH,20260402,0.7757,1.5809,,520587.3957,
002474.SZ,20260402,1.9521,2.0559,,470383.2,
300238.SZ,20260402,4.3907,5.9784,,408870.0909,
002162.SZ,20260402,1.539,3.213,,434098.8555,
920693.BJ,20260402,2.7084,4.4464,,196435.4,
002554.SZ,20260402,4.9334,7.1011,,498811.3069,
688790.SH,20260402,3.2698,3.2698,,1275996.2402,
300726.SZ,20260402,1.753,2.9406,,1694720.9622,
603124.SH,20260402,2.4664,2.4664,,1488349.9722,
301382.SZ,20260402,4.3705,5.0349,,909330.9872,
301515.SZ,20260402,3.2871,3.9862,,223500.0,
300279.SZ,20260402,3.8526,5.2297,,425027.4568,
301529.SZ,20260402,6.7543,8.0053,,943304.938,
300619.SZ,20260402,2.3617,2.9258,,692518.6388,
300562.SZ,20260402,2.6759,2.9043,,286821.1587,
300958.SZ,20260402,2.9235,3.1202,,203287.343,
603888.SH,20260402,1.0379,2.7475,,1327884.7146,
300802.SZ,20260402,1.7459,2.4153,,507931.9199,
000401.SZ,20260402,0.71,1.9661,,1281260.7073,
600191.SH,20260402,1.2309,2.6374,,572219.76,
300355.SZ,20260402,1.3602,1.4557,,590361.0858,
920299.BJ,20260402,5.8222,8.2829,,213288.6563,
300476.SZ,20260402,3.2008,4.6436,,22431703.4026,
300416.SZ,20260402,4.6458,6.6572,,903689.4513,
600250.SH,20260402,16.628,35.1146,,429775.3891,
605358.SH,20260402,1.4433,1.9328,,2161836.5482,
603682.SH,20260402,1.5117,3.5992,,300037.5,
605289.SH,20260402,9.5382,19.2289,,1165508.19,
301518.SZ,20260402,2.6887,2.7316,,564712.6572,
688298.SH,20260402,0.8797,1.7102,,473356.8,
300636.SZ,20260402,3.0309,3.8087,,347719.8379,
002952.SZ,20260402,4.2309,10.5756,,376174.26,
601969.SH,20260402,1.6133,7.2265,,2260842.5374,
000411.SZ,20260402,1.2393,2.5049,,635455.2893,
603238.SH,20260402,1.8485,4.632,,272121.297,
603386.SH,20260402,1.364,3.2061,,429114.1664,
300456.SZ,20260402,9.8176,10.6129,,3479476.8128,
000657.SZ,20260402,3.7257,6.0531,,10520316.5148,
603395.SH,20260402,4.4937,4.4937,,754000.0,
688027.SH,20260402,2.4869,3.2621,,5381687.5723,
603429.SH,20260402,2.8332,4.8062,,570115.7005,
300917.SZ,20260402,2.2712,5.1039,,529646.0,
301266.SZ,20260402,3.6397,8.2628,,420673.3814,
688399.SH,20260402,0.7392,1.2333,,441752.3545,
603737.SH,20260402,0.3443,1.0439,,3771722.922,
603897.SH,20260402,4.1709,10.0128,,656671.9013,
601158.SH,20260402,0.7107,6.2129,,2107211.1304,
600539.SH,20260402,12.1688,20.2699,,324070.0,
001299.SZ,20260402,2.695,9.0139,,337752.9396,
002406.SZ,20260402,2.0867,2.3103,,522841.1587,
300121.SZ,20260402,1.6709,2.4186,,516917.5273,
003011.SZ,20260402,2.9106,3.8144,,247141.132,
688334.SH,20260402,1.6598,2.6046,,667982.6733,
000021.SZ,20260402,4.0152,6.1088,,4031360.5287,
688371.SH,20260402,0.4223,1.0468,,626662.361,
603360.SH,20260402,1.0502,2.3755,,1891266.9454,
002928.SZ,20260402,2.7241,4.9598,,1028984.4478,
688515.SH,20260402,2.9785,3.3537,,935040.0,
000875.SZ,20260402,2.1918,3.1108,,2263416.8706,
600521.SH,20260402,1.9965,3.3069,,2470466.0244,
300215.SZ,20260402,3.4551,5.7164,,593282.5961,
001306.SZ,20260402,2.8606,2.8606,,421476.1236,
300884.SZ,20260402,2.064,2.5577,,333575.7455,
688488.SH,20260402,7.6962,13.9353,,764562.3621,
002663.SZ,20260402,2.4619,2.9791,,377413.4095,
605266.SH,20260402,0.7956,1.5802,,299658.7374,
603326.SH,20260402,1.8262,5.7125,,271938.7444,
688236.SH,20260402,0.9465,5.149,,777109.781,
002241.SZ,20260402,1.6345,2.0947,,7998974.9666,
603092.SH,20260402,5.615,5.615,,2628000.657,
300775.SZ,20260402,3.3004,4.6975,,1984872.2481,
300043.SZ,20260402,2.5607,3.7517,,688041.7158,
603685.SH,20260402,2.2919,4.5391,,809064.6312,
688526.SH,20260402,0.5471,2.0117,,697327.5718,
000301.SZ,20260402,0.358,1.0913,,7298798.727,
920002.BJ,20260402,2.6937,4.4261,,384500.0796,
002164.SZ,20260402,1.15,1.8175,,639140.6005,
301077.SZ,20260402,1.0135,1.6847,,444586.3518,
300248.SZ,20260402,1.3848,1.45,,480635.5285,
605298.SH,20260402,0.7445,2.6617,,862795.05,
603948.SH,20260402,0.5801,2.1259,,428808.9117,
002796.SZ,20260402,5.0157,7.3013,,1160635.5939,
600655.SH,20260402,0.277,0.5976,,1798315.7221,
600307.SH,20260402,2.6013,6.313,,1183774.5531,
601006.SH,20260402,0.4354,0.853,,10738445.7226,
603828.SH,20260402,0.2818,0.5664,,359959.9354,
603955.SH,20260402,0.9838,1.618,,332921.16,
002763.SZ,20260402,3.5154,6.4943,,315231.556,
603711.SH,20260402,0.3274,1.7598,,513615.3804,
600982.SH,20260402,13.9822,28.4764,,639282.9214,
300921.SZ,20260402,6.9308,8.2994,,441665.3613,
920275.BJ,20260402,1.8776,5.086,,119214.4448,
300953.SZ,20260402,3.2386,4.3283,,3152957.7609,
600246.SH,20260402,2.7921,3.4262,,1779776.528,
600739.SH,20260402,0.5934,1.0601,,1730101.8019,
300790.SZ,20260402,1.844,1.8976,,878057.2484,
300054.SZ,20260402,5.1217,5.6525,,4506168.2592,
688049.SH,20260402,2.1412,2.8229,,765132.2952,
301069.SZ,20260402,1.3917,2.2755,,928100.821,
688358.SH,20260402,0.7699,2.6071,,328191.6693,
605277.SH,20260402,1.4994,3.257,,718929.0369,
605167.SH,20260402,0.9424,2.5221,,765265.214,
603650.SH,20260402,0.8614,2.2078,,3007717.0595,
920469.BJ,20260402,2.2474,3.0275,,128824.644,
300804.SZ,20260402,10.271,10.271,,341140.0,
601696.SH,20260402,0.6652,1.2729,,3372492.0,
001356.SZ,20260402,1.0246,1.5085,,653555.88,
002582.SZ,20260402,3.3245,3.7391,,504566.7932,
001298.SZ,20260402,3.1456,3.3343,,817600.6542,
688510.SH,20260402,1.8113,2.3817,,804260.5622,
301528.SZ,20260402,1.035,1.5684,,376042.5,
301167.SZ,20260402,4.5036,4.5036,,181888.0,
001286.SZ,20260402,1.74,2.675,,4125000.0,
600203.SH,20260402,1.2473,1.6863,,645764.0213,
000852.SZ,20260402,4.612,9.6612,,682560.9299,
002390.SZ,20260402,2.3729,4.1362,,658965.7833,
300708.SZ,20260402,4.6623,5.144,,853473.8659,
301171.SZ,20260402,9.296,11.182,,2000796.2372,
301662.SZ,20260402,5.1584,5.1584,,1064640.0,
001309.SZ,20260402,11.7933,13.1196,,8169846.3729,
603416.SH,20260402,1.1344,2.1885,,754736.8543,
000550.SZ,20260402,1.8847,5.9479,,1635790.53,
300173.SZ,20260402,1.3468,1.7,,312258.4217,
002455.SZ,20260402,17.7299,18.0371,,960152.6625,
600512.SH,20260402,3.0495,3.7264,,393671.3118,
601877.SH,20260402,1.3345,2.8409,,6822976.4988,
600126.SH,20260402,3.3731,7.9284,,2944908.8804,
300151.SZ,20260402,1.9412,2.2505,,807815.9467,
000726.SZ,20260402,0.9716,1.2754,,570616.9837,
002813.SZ,20260402,1.2375,3.6293,,287760.0,
002274.SZ,20260402,2.0084,3.3487,,601894.4563,
601228.SH,20260402,0.3409,1.9043,,2542507.0653,
601326.SH,20260402,2.037,8.7817,,2106454.324,
002642.SZ,20260402,1.4718,1.8638,,518678.9654,
688123.SH,20260402,3.6361,4.7667,,1634939.8845,
688777.SH,20260402,1.407,1.819,,5125325.7559,
920078.BJ,20260402,26.1713,26.1713,,310800.0,
301339.SZ,20260402,0.5807,1.9688,,746308.6495,
603808.SH,20260402,2.5965,5.8597,,383118.4074,
688280.SH,20260402,3.1749,3.8072,,568973.687,
920160.BJ,20260402,2.4962,2.4962,,251934.72,
600048.SH,20260402,1.0514,1.7738,,6823152.7483,
000881.SZ,20260402,1.2418,2.1185,,714741.9161,
300335.SZ,20260402,15.7785,17.3298,,359667.3406,
300811.SZ,20260402,2.2097,3.3859,,2176689.9331,
603262.SH,20260402,1.1438,1.1438,,998824.97,
601020.SH,20260402,2.905,3.8245,,2283601.6839,
603578.SH,20260402,1.7075,3.9354,,290703.2205,
000838.SZ,20260402,2.1834,3.2796,,229996.5935,
603052.SH,20260402,3.6799,11.135,,1166654.2239,
920168.BJ,20260402,3.074,3.074,,164103.5322,
300748.SZ,20260402,1.8158,3.1316,,4213430.0167,
001326.SZ,20260402,3.6514,4.2011,,378370.8,
001279.SZ,20260402,1.5643,1.5643,,497920.0,
002126.SZ,20260402,2.3533,2.4976,,3551503.0848,
301479.SZ,20260402,6.2228,7.3494,,755938.4345,
920735.BJ,20260402,6.3569,9.2826,,401103.3698,
600366.SH,20260402,1.4097,2.1334,,1302363.6454,
600350.SH,20260402,0.1132,0.8557,,5134314.2162,
688320.SH,20260402,1.1627,1.6545,,449114.6486,
688819.SH,20260402,0.4729,2.6106,,3091278.0,
688170.SH,20260402,5.1225,7.2331,,499022.08,
600601.SH,20260402,1.3289,2.1339,,4145530.6004,
603778.SH,20260402,23.9727,32.9647,,1924682.8219,
603927.SH,20260402,0.7703,1.1577,,1357919.36,
920111.BJ,20260402,1.8119,2.8791,,357631.1225,
603107.SH,20260402,0.7936,1.1982,,481714.38,
000006.SZ,20260402,2.4497,3.8879,,1204195.581,
300447.SZ,20260402,4.6263,5.9154,,579648.056,
002761.SZ,20260402,1.3912,2.4462,,1107592.7445,
600072.SH,20260402,1.8165,2.5249,,1868308.8877,
002343.SZ,20260402,1.445,1.9762,,300313.3013,
002334.SZ,20260402,2.9655,3.0368,,659015.2206,
600745.SH,20260402,1.2893,1.7945,,3836019.307,
000777.SZ,20260402,2.2959,3.1558,,836233.7703,
920651.BJ,20260402,7.0518,7.0518,,175070.0,
600740.SH,20260402,1.9441,4.5159,,1122209.0655,
000811.SZ,20260402,2.4072,3.8171,,1671332.9267,
603500.SH,20260402,1.1846,2.522,,367400.4316,
600354.SH,20260402,5.7048,7.9852,,345710.3624,
605006.SH,20260402,9.0498,28.0648,,568845.8586,
300512.SZ,20260402,0.9905,2.6794,,364221.2638,
300191.SZ,20260402,11.4425,14.7849,,1234880.0,
300807.SZ,20260402,1.8771,2.8521,,352853.2982,
300582.SZ,20260402,2.2146,2.4475,,407203.7696,
600895.SH,20260402,1.3008,2.5383,,5298066.9506,
605566.SH,20260402,1.1275,2.5719,,384285.88,
300219.SZ,20260402,2.6006,4.044,,502639.8893,
002338.SZ,20260402,0.9643,1.6455,,1121040.0,
000783.SZ,20260402,0.6413,1.116,,3821280.4071,
301396.SZ,20260402,13.6197,13.7738,,2643418.6418,
600193.SH,20260402,1.6993,1.9934,,165470.097,
600690.SH,20260402,0.9356,1.618,,20049372.1917,
002029.SZ,20260402,2.2933,3.8818,,733929.502,
301197.SZ,20260402,5.32,7.3623,,259040.46,
300821.SZ,20260402,1.4791,3.0922,,1320000.0,
920425.BJ,20260402,1.8238,2.7236,,133289.7737,
300457.SZ,20260402,2.0598,3.5311,,1700047.7928,
920339.BJ,20260402,0.5178,1.4302,,178365.078,
688291.SH,20260402,0.9789,2.9851,,391673.4605,
920809.BJ,20260402,3.9835,3.9835,,445094.15,
000960.SZ,20260402,2.7828,4.9507,,5074512.14,
603798.SH,20260402,4.5576,9.6925,,400574.3533,
600862.SH,20260402,1.0048,1.8113,,2936547.5176,
300159.SZ,20260402,0.791,0.8827,,1003578.4145,
000034.SZ,20260402,3.7706,4.0277,,2338821.6919,
002608.SZ,20260402,0.5357,3.0484,,3052688.4008,
920509.BJ,20260402,1.7562,2.5626,,450619.3115,
600641.SH,20260402,3.654,5.2294,,1657451.8875,
601139.SH,20260402,1.1329,4.6329,,2085638.749,
600993.SH,20260402,0.8365,1.2779,,1107808.4999,
300410.SZ,20260402,2.1477,2.7579,,286716.6565,
300301.SZ,20260402,6.1294,6.6266,,262238.531,
300285.SZ,20260402,2.8603,2.9965,,3005103.5732,
300458.SZ,20260402,2.476,2.8493,,2740418.9082,
605090.SH,20260402,1.3961,2.7125,,2703428.7974,
688686.SH,20260402,1.2332,4.4298,,1121632.5351,
002057.SZ,20260402,1.0462,1.5637,,693573.0095,
002233.SZ,20260402,0.451,0.7475,,1099004.8755,
688332.SH,20260402,0.9648,2.5709,,1434636.1872,
301376.SZ,20260402,1.3091,1.7473,,638315.7944,
300488.SZ,20260402,2.6557,6.0927,,520120.5678,
301185.SZ,20260402,1.7922,2.5003,,280140.5376,
600029.SH,20260402,0.9553,3.1613,,10401410.5499,
000519.SZ,20260402,1.4323,2.4461,,2349247.0026,
002379.SZ,20260402,1.8353,2.3828,,36356819.7836,
920009.BJ,20260402,6.493,6.493,,370503.71,
300649.SZ,20260402,2.6097,3.2378,,186310.1689,
920132.BJ,20260402,1.7084,1.9663,,109079.208,
688418.SH,20260402,2.2949,3.359,,763864.2331,
605008.SH,20260402,0.374,2.138,,793887.8068,
603777.SH,20260402,2.1919,5.5909,,435754.6883,
000596.SZ,20260402,1.3012,3.8753,,5824643.4,
600195.SH,20260402,5.3388,10.8954,,829172.3871,
600456.SH,20260402,1.3193,2.6073,,1590043.6498,
603505.SH,20260402,0.9442,2.0841,,1489753.799,
600573.SH,20260402,2.3763,4.76,,304000.0,
300249.SZ,20260402,8.617,10.8002,,680994.4387,
000059.SZ,20260402,1.6054,3.0312,,852502.8722,
600830.SH,20260402,0.8421,1.229,,392989.1762,
600868.SH,20260402,4.5561,4.9063,,677639.0784,
688061.SH,20260402,2.4435,2.4435,,338119.4777,
605168.SH,20260402,1.8021,3.9078,,767163.0121,
920971.BJ,20260402,1.8166,3.5281,,262299.653,
002202.SZ,20260402,6.9744,10.2313,,10141316.5414,
600052.SH,20260402,0.9422,1.5427,,332612.728,
601577.SH,20260402,0.2954,0.5056,,3876777.8189,
301035.SZ,20260402,0.4228,1.3006,,2177098.1324,
600125.SH,20260402,1.5866,2.2668,,892976.9618,
002535.SZ,20260402,1.4955,2.3032,,288605.9066,
002242.SZ,20260402,0.6429,1.9805,,737837.439,
603217.SH,20260402,2.415,6.4079,,540819.6724,
600308.SH,20260402,0.7969,1.3234,,579444.4072,
605188.SH,20260402,0.3892,2.2254,,842957.563,
920005.BJ,20260402,3.4375,3.4375,,322040.0,
000656.SZ,20260402,0.6953,1.1493,,1446235.102,
002931.SZ,20260402,6.4517,12.5392,,1451534.4014,
600391.SH,20260402,2.9439,4.6012,,1304671.2584,
300065.SZ,20260402,5.9545,6.1564,,1643666.2065,
600698.SH,20260402,5.2291,10.0432,,820713.7782,
600221.SH,20260402,0.5896,1.019,,6223051.085,
002572.SZ,20260402,0.8307,0.988,,1231737.3228,
002112.SZ,20260402,9.987,13.6803,,602969.1281,
600187.SH,20260402,1.4782,1.8783,,300163.2852,
002759.SZ,20260402,13.8635,16.9985,,1813500.8823,
000716.SZ,20260402,0.9188,1.4345,,393758.3582,
603519.SH,20260402,1.0104,2.1241,,361673.2054,
300925.SZ,20260402,1.5496,1.7783,,737808.0943,
300153.SZ,20260402,3.9829,6.3249,,788480.0,
688035.SH,20260402,2.3859,5.4605,,764255.52,
301025.SZ,20260402,1.8341,4.5205,,418723.6324,
002083.SZ,20260402,8.802,14.5881,,1177618.9309,
301311.SZ,20260402,0.6787,1.8672,,391440.0,
600335.SH,20260402,0.5657,1.8072,,888498.483,
301293.SZ,20260402,10.1147,12.4515,,1415748.5617,
300537.SZ,20260402,2.2487,2.5577,,434523.4354,
300658.SZ,20260402,16.9442,24.2575,,858198.6268,
002733.SZ,20260402,4.1526,6.6274,,941710.7518,
688071.SH,20260402,1.5237,2.0888,,259795.7143,
601665.SH,20260402,0.6672,1.0907,,3587690.1921,
300523.SZ,20260402,0.7804,1.6283,,485747.3881,
603197.SH,20260402,0.6612,0.9387,,685634.5196,
000977.SZ,20260402,2.0521,3.0423,,8318920.2506,
300795.SZ,20260402,1.7401,2.2812,,350303.6156,
600196.SH,20260402,1.5146,2.6117,,7226181.7535,
002329.SZ,20260402,6.1183,6.6704,,330464.382,
600757.SH,20260402,0.5641,1.2912,,1074080.4916,
301598.SZ,20260402,2.4168,2.4168,,347081.3351,
002949.SZ,20260402,1.8088,3.14,,263683.6696,
601816.SH,20260402,0.2386,0.4754,,25001022.1581,
688329.SH,20260402,1.5833,2.6026,,185357.2,
603050.SH,20260402,0.8889,2.0069,,797362.0446,
603311.SH,20260402,2.4404,5.0197,,388029.027,
603355.SH,20260402,0.3296,1.7198,,1628446.7927,
688130.SH,20260402,1.5817,2.493,,245288.0297,
688319.SH,20260402,1.8608,2.7614,,1229297.967,
688395.SH,20260402,1.4611,3.6512,,217446.8749,
600963.SH,20260402,1.3017,2.3082,,829572.0271,
600599.SH,20260402,0.1647,0.4116,,88478.0,
688720.SH,20260402,2.6536,2.6536,,580622.4044,
600284.SH,20260402,0.9025,1.4326,,690822.272,
000651.SZ,20260402,0.3562,0.4735,,21201320.7297,
300931.SZ,20260402,2.2144,3.1224,,309788.34,
002809.SZ,20260402,4.638,5.9021,,245255.9539,
688103.SH,20260402,1.2431,1.9183,,504314.6597,
600826.SH,20260402,0.5595,1.5067,,720087.3445,
002182.SZ,20260402,3.2294,4.6398,,1589841.8595,
001209.SZ,20260402,2.3765,5.5381,,267122.6443,
601200.SH,20260402,1.348,3.0987,,1102562.5756,
300866.SZ,20260402,2.1615,3.1067,,5592137.0454,
000729.SZ,20260402,0.9184,2.0076,,3644371.3679,
000538.SZ,20260402,0.768,1.7536,,10131043.0598,
002134.SZ,20260402,1.7833,2.5273,,494561.4867,
300727.SZ,20260402,1.0248,2.0518,,539148.1015,
000993.SZ,20260402,11.1373,22.5201,,666319.367,
600315.SH,20260402,1.0844,2.2646,,1467469.3143,
301026.SZ,20260402,2.0911,2.3723,,437627.5741,
000810.SZ,20260402,0.9158,2.0097,,1218057.1182,
301078.SZ,20260402,1.2784,1.8889,,1045536.9687,
000066.SZ,20260402,1.5834,2.6445,,4654828.084,
300930.SZ,20260402,4.4352,7.0851,,283000.0,
605060.SH,20260402,3.5005,9.2951,,1179141.392,
300903.SZ,20260402,6.1155,7.3455,,1406733.9851,
002042.SZ,20260402,2.1654,3.7274,,726190.9386,
920188.BJ,20260402,38.3686,38.3686,,210968.7093,
002650.SZ,20260402,0.4202,0.7493,,741746.1621,
300289.SZ,20260402,1.2334,2.302,,368839.7882,
600566.SH,20260402,0.6344,1.6416,,2502313.0359,
300587.SZ,20260402,2.2381,2.6797,,681591.1184,
688070.SH,20260402,2.34,5.3286,,395949.18,
002997.SZ,20260402,2.3471,4.0051,,617288.5874,
002170.SZ,20260402,2.3174,2.5431,,1229908.5153,
300075.SZ,20260402,1.68,1.7554,,762126.7039,
000820.SZ,20260402,3.0842,3.1686,,220475.316,
000901.SZ,20260402,2.1386,3.2854,,1744868.2735,
300264.SZ,20260402,5.6865,6.0121,,392511.1989,
688456.SH,20260402,1.4961,2.349,,531672.14,
300796.SZ,20260402,1.7785,2.5085,,327917.7278,
688506.SH,20260402,0.7517,3.4364,,13203291.7938,
605007.SH,20260402,0.8638,4.0444,,644614.1541,
601678.SH,20260402,1.8007,2.2482,,1003736.1027,
002235.SZ,20260402,5.1897,6.2689,,592322.8742,
002688.SZ,20260402,7.2503,10.8299,,472475.7004,
300506.SZ,20260402,0.9763,1.0865,,662902.4046,
688129.SH,20260402,0.8554,2.9584,,275173.5792,
300018.SZ,20260402,4.8398,5.6304,,629965.5257,
001221.SZ,20260402,7.7003,7.7003,,2550063.75,
601858.SH,20260402,1.2906,7.0372,,1753329.0,
001313.SZ,20260402,2.6983,8.2494,,555800.0,
000702.SZ,20260402,2.8869,3.8561,,228079.2158,
001387.SZ,20260402,2.3084,3.0414,,239769.824,
301007.SZ,20260402,1.7876,2.1817,,518289.2,
002829.SZ,20260402,2.3237,2.5776,,460713.4265,
300622.SZ,20260402,3.4218,3.9786,,526570.9638,
300229.SZ,20260402,2.0103,2.6215,,1534078.3566,
920455.BJ,20260402,1.4496,2.5004,,136991.4,
300360.SZ,20260402,1.0545,1.6037,,832983.1441,
601789.SH,20260402,14.4202,19.718,,846037.4917,
300115.SZ,20260402,2.4405,3.6283,,4258212.1376,
300859.SZ,20260402,2.4809,4.0176,,503285.0,
688551.SH,20260402,3.9422,7.8303,,353769.5435,
688380.SH,20260402,1.2796,3.0953,,1632288.105,
688722.SH,20260402,1.0875,2.0205,,365982.0543,
600635.SH,20260402,1.8611,2.5436,,1644506.114,
000797.SZ,20260402,2.3978,5.3152,,447664.9518,
002251.SZ,20260402,1.5208,1.9755,,1131942.5691,
605005.SH,20260402,0.5913,3.7785,,819644.0,
002842.SZ,20260402,12.1108,14.6063,,1014234.5082,
301408.SZ,20260402,20.6111,27.4458,,752418.81,
600390.SH,20260402,0.5374,1.0151,,2361484.366,
688617.SH,20260402,0.9432,1.6615,,3614600.1559,
603369.SH,20260402,0.8716,1.614,,3428700.1018,
300657.SZ,20260402,4.7569,5.7989,,1362487.0756,
603409.SH,20260402,4.1726,4.1726,,490382.73,
301682.SZ,20260402,22.0513,22.0513,,1316987.2939,
600992.SH,20260402,2.1363,2.7909,,294108.0,
300012.SZ,20260402,1.8057,1.9127,,2433369.5974,
601601.SH,20260402,0.3368,0.7602,,36932490.8457,
002539.SZ,20260402,2.0367,2.3869,,1678736.0292,
300261.SZ,20260402,1.6516,2.5459,,615554.752,
920982.BJ,20260402,5.1583,6.4785,,2071176.12,
001332.SZ,20260402,4.2495,7.3501,,580624.95,
002886.SZ,20260402,2.2601,3.0566,,529565.5728,
300437.SZ,20260402,7.5439,8.9943,,369030.661,
603356.SH,20260402,3.305,4.689,,225077.92,
002869.SZ,20260402,7.1495,9.2097,,430788.0031,
601518.SH,20260402,0.5872,1.8583,,557713.1849,
300308.SZ,20260402,1.6039,2.1012,,64667087.0388,
300425.SZ,20260402,1.2865,2.0617,,328150.1543,
300003.SZ,20260402,1.561,2.1559,,3071145.5769,
002252.SZ,20260402,0.452,0.7884,,3916411.0538,
300946.SZ,20260402,0.8665,1.3797,,697198.8582,
000812.SZ,20260402,1.2764,1.5378,,321313.5127,
002612.SZ,20260402,1.5321,2.1037,,738883.7763,
301548.SZ,20260402,4.3031,4.5169,,575940.0,
920953.BJ,20260402,1.4907,2.4956,,366796.0794,
300651.SZ,20260402,24.8461,31.8843,,403012.4496,
601872.SH,20260402,4.0868,12.986,,15721126.4634,
002526.SZ,20260402,1.9428,2.4656,,620412.2549,
300442.SZ,20260402,2.4682,6.0782,,13118875.8605,
688278.SH,20260402,0.8583,2.1775,,2710378.1472,
000686.SZ,20260402,0.4481,0.7808,,1884064.5966,
920414.BJ,20260402,6.6317,7.5579,,101599.1699,
000893.SZ,20260402,0.99,1.4694,,5694003.4143,
000036.SZ,20260402,2.1014,2.9969,,672429.1693,
600208.SH,20260402,1.0074,2.3331,,2714352.1152,
600872.SH,20260402,1.4781,1.9222,,1507193.8654,
601008.SH,20260402,0.7796,1.8904,,616597.089,
603383.SH,20260402,1.1765,2.0203,,579579.7045,
300565.SZ,20260402,20.0395,20.6893,,366816.075,
920375.BJ,20260402,7.2628,8.4658,,153201.9285,
688277.SH,20260402,1.5157,2.1458,,1040573.8216,
600615.SH,20260402,1.4418,2.0608,,250443.3171,
002482.SZ,20260402,1.2518,2.6723,,626410.7146,
300541.SZ,20260402,2.1796,2.1796,,578839.8862,
688663.SH,20260402,1.614,2.5964,,792257.76,
600141.SH,20260402,1.6563,2.4808,,3946513.6904,
600280.SH,20260402,1.075,2.5001,,358810.4626,
688400.SH,20260402,1.7117,3.0262,,1894876.9818,
301559.SZ,20260402,2.5347,2.5347,,945000.0,
920037.BJ,20260402,3.2887,3.2887,,679112.0919,
300271.SZ,20260402,1.3816,1.8235,,530145.0195,
603728.SH,20260402,0.778,1.8242,,2367523.89,
600613.SH,20260402,12.6138,23.0663,,355157.6326,
300518.SZ,20260402,2.8109,3.9008,,389849.6311,
600018.SH,20260402,0.2345,1.9321,,11826219.936,
301557.SZ,20260402,3.5668,3.5668,,428014.0339,
600199.SH,20260402,1.1785,1.6166,,540051.1925,
000597.SZ,20260402,2.6306,6.0757,,783471.4575,
002857.SZ,20260402,3.6285,5.3092,,274853.936,
300680.SZ,20260402,5.6202,6.2206,,932952.7716,
603213.SH,20260402,0.7948,3.3021,,598872.541,
301567.SZ,20260402,3.6539,3.6539,,293400.0,
000895.SZ,20260402,0.3081,1.0387,,9926254.3752,
603882.SH,20260402,1.0354,1.7364,,1238289.3691,
000590.SZ,20260402,1.7047,3.0474,,286647.1066,
301380.SZ,20260402,2.9502,5.2526,,338549.3338,
600219.SH,20260402,2.0141,3.7961,,7096927.5635,
000731.SZ,20260402,3.1515,3.6278,,398996.4293,
688046.SH,20260402,1.7676,3.6035,,644110.0,
000818.SZ,20260402,5.1455,7.0576,,1312080.0775,
603155.SH,20260402,0.8449,3.3108,,488837.9664,
301327.SZ,20260402,3.4181,12.3793,,1159810.3988,
002080.SZ,20260402,1.5887,3.9956,,6631944.404,
300715.SZ,20260402,3.1084,5.3187,,502813.7219,
603968.SH,20260402,5.9463,11.5117,,277683.84,
688081.SH,20260402,1.7085,3.4646,,429470.72,
600876.SH,20260402,2.725,7.0808,,611454.19,
300990.SZ,20260402,3.3953,5.2506,,1310218.4512,
603633.SH,20260402,1.7254,2.6001,,317974.0594,
001323.SZ,20260402,0.1241,0.4654,,1061597.0642,
000404.SZ,20260402,1.1515,1.6628,,496245.133,
002052.SZ,20260402,2.3354,3.2462,,759211.6512,
002034.SZ,20260402,0.8012,1.7419,,737777.0211,
300814.SZ,20260402,2.7906,7.351,,1589061.5257,
001280.SZ,20260402,3.901,3.901,,16783295.4531,
000065.SZ,20260402,10.6794,20.2505,,1761907.7552,
920249.BJ,20260402,5.2092,5.3681,,322968.58,
300824.SZ,20260402,1.4593,3.6764,,328952.4155,
000766.SZ,20260402,1.9794,2.4641,,1910760.0357,
000591.SZ,20260402,3.0974,4.7352,,2112080.6755,
002993.SZ,20260402,2.022,4.1912,,1250185.16,
603259.SH,20260402,1.9138,2.2794,,30789390.0824,
000541.SZ,20260402,0.495,0.9799,,855428.4741,
000615.SZ,20260402,1.2224,1.5015,,605960.0229,
002420.SZ,20260402,2.456,3.3224,,296951.38,
300719.SZ,20260402,2.6002,3.1154,,394814.764,
300154.SZ,20260402,0.998,2.1097,,357396.3848,
301308.SZ,20260402,4.2716,7.5447,,12131740.608,
688549.SH,20260402,3.497,4.0463,,1245343.668,
600228.SH,20260402,1.0546,1.506,,223336.4209,
605598.SH,20260402,0.9098,2.9472,,1116419.2205,
001201.SZ,20260402,3.4763,5.7315,,339501.5293,
600376.SH,20260402,2.4334,5.1398,,1269146.0991,
600463.SH,20260402,2.2187,5.3583,,299100.0,
002249.SZ,20260402,2.2291,2.5292,,2217656.4192,
300898.SZ,20260402,1.5812,2.6484,,287928.0,
603402.SH,20260402,6.3238,6.3238,,1049413.3424,
688726.SH,20260402,18.2656,18.2656,,2629350.988,
300851.SZ,20260402,2.9188,3.6628,,245934.5886,
300690.SZ,20260402,9.1177,11.3766,,486125.8219,
601061.SH,20260402,2.0704,2.0704,,5664400.0,
301206.SZ,20260402,1.4468,2.0051,,537984.0363,
688085.SH,20260402,1.4622,2.3324,,615238.3088,
603726.SH,20260402,1.151,2.5665,,411588.7104,
920799.BJ,20260402,1.8848,2.9248,,703812.0678,
603066.SH,20260402,0.7597,1.6014,,292120.8135,
301302.SZ,20260402,10.7013,17.6564,,335577.345,
300397.SZ,20260402,3.8429,4.2222,,590105.8893,
603297.SH,20260402,0.7452,2.386,,1120349.7333,
600133.SH,20260402,1.2013,1.4488,,924429.9716,
300011.SZ,20260402,2.6933,3.6004,,456588.7618,
300872.SZ,20260402,1.3581,1.591,,769278.8268,
301110.SZ,20260402,2.3133,3.263,,517272.5115,
301036.SZ,20260402,1.3785,2.0869,,280000.0,
001219.SZ,20260402,2.0863,4.0072,,287601.0313,
301088.SZ,20260402,0.7759,2.5283,,322022.7,
688097.SH,20260402,1.546,4.2486,,2457456.003,
601886.SH,20260402,0.8661,2.6384,,1033297.8787,
001234.SZ,20260402,1.4762,4.489,,272330.6993,
600529.SH,20260402,0.7041,0.8746,,1235649.4784,
300729.SZ,20260402,0.7252,1.2883,,415059.4755,
601388.SH,20260402,6.0883,11.3596,,818854.8132,
600449.SH,20260402,1.3821,2.7119,,597726.3025,
920526.BJ,20260402,1.8669,3.8432,,153822.0,
301365.SZ,20260402,7.7654,16.9855,,556560.0,
600608.SH,20260402,1.2393,1.5287,,98658.4323,
688102.SH,20260402,1.4158,3.1055,,2736352.6068,
300081.SZ,20260402,2.6376,2.9473,,275786.7102,
603051.SH,20260402,2.6549,4.1815,,338459.2842,
000966.SZ,20260402,3.1281,7.4768,,1573427.8272,
600101.SH,20260402,12.8026,18.6692,,545671.0211,
605296.SH,20260402,1.2782,10.3815,,1499776.7066,
002144.SZ,20260402,2.5461,2.7596,,257189.4782,
300485.SZ,20260402,11.6248,15.0884,,564513.0208,
688181.SH,20260402,1.8085,2.2738,,406268.7505,
301609.SZ,20260402,10.9298,10.9298,,758043.52,
301345.SZ,20260402,6.1698,7.4378,,2344445.9774,
600461.SH,20260402,0.6236,1.1373,,1248199.2296,
603117.SH,20260402,1.2435,1.7663,,284019.7297,
600405.SH,20260402,2.6688,2.9714,,324799.6816,
920906.BJ,20260402,1.6946,2.528,,152094.77,
601956.SH,20260402,0.9681,1.8323,,404672.4001,
300389.SZ,20260402,7.0827,12.8767,,644818.2538,
301123.SZ,20260402,1.4054,2.1215,,1195256.16,
000663.SZ,20260402,2.2402,3.1878,,225914.9164,
605588.SH,20260402,1.5205,4.6157,,372166.168,
688248.SH,20260402,0.7174,2.4571,,3167967.0,
601113.SH,20260402,0.7586,1.0113,,474785.4572,
000793.SZ,20260402,0.4595,0.5937,,521281.0643,
688429.SH,20260402,4.1855,5.7393,,566401.1328,
300444.SZ,20260402,5.7812,6.3317,,1058178.2443,
000709.SZ,20260402,0.7861,2.232,,2387874.9723,
601336.SH,20260402,0.8919,2.6478,,18920050.129,
601615.SH,20260402,2.8236,3.7483,,3713377.5913,
000727.SZ,20260402,2.5095,4.5736,,1159569.1469,
600114.SH,20260402,1.8325,2.4041,,1736935.9452,
002285.SZ,20260402,2.8361,5.368,,579913.2501,
002882.SZ,20260402,1.0765,2.3156,,1158873.3,
600611.SH,20260402,0.7576,1.0864,,1120594.2375,
002506.SZ,20260402,11.3053,14.9174,,2644343.025,
002109.SZ,20260402,5.9694,13.9574,,574321.433,
300035.SZ,20260402,7.491,7.9586,,1441452.2891,
688128.SH,20260402,0.4438,2.0856,,1002351.0,
603890.SH,20260402,3.3321,4.9229,,612574.3178,
300137.SZ,20260402,4.3642,5.1682,,684142.3178,
601827.SH,20260402,0.8024,2.847,,1350922.1064,
301267.SZ,20260402,0.3668,1.4142,,1428000.0,
300514.SZ,20260402,1.8747,2.482,,256200.0,
600825.SH,20260402,0.9509,1.9602,,601855.4016,
688202.SH,20260402,3.2831,5.5435,,884037.3707,
000633.SZ,20260402,2.4315,3.0678,,254555.3126,
002757.SZ,20260402,5.0745,8.0137,,574366.2949,
002007.SZ,20260402,0.6893,1.11,,2715600.6057,
920719.BJ,20260402,2.1889,2.3995,,97654.9766,
301367.SZ,20260402,1.7703,2.873,,621913.6,
002084.SZ,20260402,2.2194,3.7773,,246793.4073,
920438.BJ,20260402,1.7321,2.8202,,547422.425,
300072.SZ,20260402,3.0316,4.8515,,1221854.557,
000825.SZ,20260402,0.4273,1.1646,,2483564.0391,
300332.SZ,20260402,10.7118,12.9233,,551149.0327,
301045.SZ,20260402,3.9043,4.2271,,428476.5025,
688116.SH,20260402,2.5204,2.8945,,1390989.0576,
300181.SZ,20260402,1.6121,1.7039,,1122921.1233,
603637.SH,20260402,1.9508,2.4762,,281649.3349,
000968.SZ,20260402,3.9182,9.0689,,1055545.4021,
605179.SH,20260402,0.3663,1.759,,686111.0,
300047.SZ,20260402,2.055,2.0944,,740421.5642,
002802.SZ,20260402,2.5194,4.5083,,231269.7556,
300942.SZ,20260402,1.7294,3.9618,,340662.9247,
000157.SZ,20260402,1.4218,2.1354,,7377200.5563,
300305.SZ,20260402,2.4031,3.2487,,230495.8284,
601096.SH,20260402,1.6668,3.3934,,1500762.0044,
688501.SH,20260402,0.8888,1.4807,,296651.688,
688141.SH,20260402,2.0283,3.1759,,2327262.0753,
300203.SZ,20260402,1.3255,1.7466,,596821.008,
603825.SH,20260402,0.9269,1.4675,,208242.6457,
600668.SH,20260402,1.0646,1.2696,,433958.5243,
603848.SH,20260402,0.3347,1.9561,,613669.9293,
300290.SZ,20260402,1.7931,2.2417,,892426.9338,
603877.SH,20260402,0.2988,1.0142,,663745.7106,
920639.BJ,20260402,2.8909,3.714,,156240.0,
000909.SZ,20260402,1.0513,1.7951,,256062.8333,
688060.SH,20260402,0.6182,2.0168,,260023.945,
600331.SH,20260402,2.4818,3.6133,,3809187.2,
688281.SH,20260402,1.6471,3.1886,,1908812.437,
002675.SZ,20260402,9.2532,11.6063,,1274000.3642,
920001.BJ,20260402,1.4715,2.936,,238167.1162,
603818.SH,20260402,1.5657,2.7011,,239603.8054,
002485.SZ,20260402,0.9392,3.8193,,270368.0,
600480.SH,20260402,0.7529,1.3544,,1188060.463,
002577.SZ,20260402,0.501,1.2028,,426084.384,
002281.SZ,20260402,5.5215,9.137,,6768009.5593,
603276.SH,20260402,1.9774,1.9774,,341583.4226,
002556.SZ,20260402,1.3085,2.103,,577376.0288,
300245.SZ,20260402,10.5008,12.999,,406021.5087,
002630.SZ,20260402,4.5484,4.5484,,234979.2,
002703.SZ,20260402,7.3963,14.0372,,1604955.7812,
688350.SH,20260402,1.8367,3.1393,,406671.4989,
300876.SZ,20260402,1.6052,2.4731,,272452.0794,
603048.SH,20260402,1.7847,6.2573,,319317.12,
002275.SZ,20260402,0.6495,2.4021,,859612.8618,
600869.SH,20260402,4.3485,8.3133,,3149261.5466,
002234.SZ,20260402,2.1137,2.9169,,289985.9362,
600570.SH,20260402,0.7399,0.9341,,4802291.1809,
600628.SH,20260402,1.1876,2.13,,466397.1519,
300021.SZ,20260402,1.1003,1.4959,,441662.7466,
603167.SH,20260402,0.8908,1.489,,439119.2548,
600159.SH,20260402,2.1399,4.0916,,245680.9567,
688618.SH,20260402,6.2376,16.6955,,401516.4357,
301117.SZ,20260402,5.0036,5.5867,,536695.6161,
002805.SZ,20260402,4.9961,7.176,,476386.3261,
688168.SH,20260402,0.8873,1.3564,,523314.3271,
300550.SZ,20260402,1.1769,2.3454,,315859.8496,
920792.BJ,20260402,0.7702,1.195,,181928.46,
002186.SZ,20260402,0.9648,1.7211,,319198.4515,
605020.SH,20260402,1.482,2.5115,,1261722.2458,
300490.SZ,20260402,6.7258,8.594,,671361.415,
688176.SH,20260402,4.9584,5.7028,,816773.795,
300306.SZ,20260402,1.6641,2.2001,,326515.9565,
600794.SH,20260402,0.9318,1.4568,,438055.5373,
300844.SZ,20260402,0.7049,2.491,,304799.5776,
300665.SZ,20260402,3.0687,3.7786,,164647.189,
002196.SZ,20260402,3.4755,3.9624,,681328.0318,
000090.SZ,20260402,0.796,1.3174,,668939.2654,
600429.SH,20260402,2.2422,7.8486,,898249.2609,
300077.SZ,20260402,4.4124,4.4124,,1323703.3184,
301509.SZ,20260402,22.3362,22.3362,,525388.3702,
300105.SZ,20260402,1.8846,3.2374,,346627.2902,
603239.SH,20260402,1.9069,4.5439,,652164.48,
603906.SH,20260402,9.5972,16.5899,,1517449.7701,
002765.SZ,20260402,1.4522,1.9211,,644302.5529,
603929.SH,20260402,1.9219,4.8287,,3811036.32,
300374.SZ,20260402,2.145,4.1272,,354359.6776,
600222.SH,20260402,8.2004,10.6606,,428693.0534,
688152.SH,20260402,1.3958,2.6055,,339957.1669,
601318.SH,20260402,0.4313,0.4741,,103684358.0634,
300531.SZ,20260402,5.1507,7.5386,,615508.3759,
300696.SZ,20260402,1.1991,2.1072,,780373.2407,
600479.SH,20260402,1.7154,2.8986,,535032.2874,
688218.SH,20260402,3.2191,3.9546,,283733.9234,
920122.BJ,20260402,1.9446,3.8595,,241951.0493,
603309.SH,20260402,4.0372,8.1199,,439266.4841,
002381.SZ,20260402,1.8728,2.4993,,269171.9597,
600983.SH,20260402,0.3797,1.8739,,778702.024,
688759.SH,20260402,9.8043,9.8043,,1890153.9594,
600064.SH,20260402,0.5841,0.895,,1441372.9235,
002355.SZ,20260402,4.3113,5.0495,,423816.954,
920950.BJ,20260402,0.7152,1.2656,,114085.92,
002609.SZ,20260402,1.384,1.9756,,532123.9215,
000950.SZ,20260402,4.3343,9.5911,,1121591.8677,
688333.SH,20260402,1.706,2.404,,2479598.1308,
688062.SH,20260402,5.6128,5.6128,,1555642.8,
688003.SH,20260402,0.7698,1.8237,,1127253.2205,
605199.SH,20260402,2.7534,11.1636,,285277.5402,
302132.SZ,20260402,0.5681,1.2411,,17777423.9245,
002023.SZ,20260402,1.1879,1.554,,748268.8374,
603998.SH,20260402,2.0557,3.2951,,496161.9368,
000792.SZ,20260402,1.6378,2.5017,,19409488.0804,
001206.SZ,20260402,2.0329,2.7466,,389571.2535,
601865.SH,20260402,1.3166,3.1244,,3251917.8939,
603558.SH,20260402,3.2522,6.6691,,472840.5076,
301377.SZ,20260402,3.6087,4.1341,,7593610.0,
688316.SH,20260402,8.9335,11.8719,,322641.7969,
603126.SH,20260402,1.5018,3.0438,,448717.5,
920090.BJ,20260402,5.407,5.407,,121792.7966,
601878.SH,20260402,0.5997,1.12,,4349680.6037,
688375.SH,20260402,0.6072,2.1366,,6317161.9251,
920158.BJ,20260402,14.5763,14.5763,,236397.64,
000951.SZ,20260402,1.5669,3.1978,,2760942.996,
300529.SZ,20260402,0.6898,0.8612,,1421517.3895,
920098.BJ,20260402,1.2769,1.9121,,205821.8539,
003005.SZ,20260402,1.6897,2.153,,417425.1986,
688525.SH,20260402,6.3443,8.3042,,9926179.5202,
603716.SH,20260402,19.8338,23.1546,,538228.9353,
300549.SZ,20260402,1.53,2.0997,,222411.12,
002259.SZ,20260402,2.0679,2.8852,,393467.6836,
688108.SH,20260402,5.4783,7.151,,931197.056,
301113.SZ,20260402,2.2942,5.2039,,226135.0,
300999.SZ,20260402,1.8059,1.8059,,15467800.6522,
001333.SZ,20260402,9.2984,9.2984,,318720.0,
300329.SZ,20260402,1.7097,3.0817,,364665.6208,
600249.SH,20260402,23.2848,36.3137,,392700.0,
300707.SZ,20260402,3.3286,3.9843,,273638.7949,
603826.SH,20260402,2.6973,9.9589,,1775592.0,
600397.SH,20260402,3.2539,5.3645,,1408712.9121,
000428.SZ,20260402,2.1759,4.8566,,409608.252,
600866.SH,20260402,1.8256,2.468,,1182968.5026,
002146.SZ,20260402,2.6388,3.8235,,604394.7753,
300976.SZ,20260402,1.1539,2.1084,,723492.2453,
600648.SH,20260402,0.1978,0.552,,1396629.8479,
300911.SZ,20260402,5.3579,10.1977,,515175.0339,
920879.BJ,20260402,0.5256,1.042,,333107.4512,
688114.SH,20260402,0.6582,1.2402,,2078415.6135,
600967.SH,20260402,1.2284,2.7735,,2501638.1605,
920403.BJ,20260402,2.8298,3.7114,,217402.043,
688765.SH,20260402,3.6269,3.6269,,2409907.5,
600039.SH,20260402,0.2643,2.2793,,8347767.0192,
000031.SZ,20260402,0.4577,1.49,,1225885.615,
000738.SZ,20260402,1.4834,2.9603,,2813178.5781,
600888.SH,20260402,1.8485,3.0753,,1244021.8451,
600340.SH,20260402,3.4158,5.6202,,516611.0851,
688489.SH,20260402,0.5516,1.3137,,429040.8334,
603209.SH,20260402,3.1755,5.6427,,502775.0,
002391.SZ,20260402,1.2379,1.389,,402747.381,
003028.SZ,20260402,2.7446,5.0827,,374512.068,
001376.SZ,20260402,7.0627,7.0627,,701950.7,
600356.SH,20260402,1.4006,1.999,,281094.6379,
002349.SZ,20260402,2.9382,4.4783,,633041.9548,
300206.SZ,20260402,2.615,3.4304,,780226.8637,
688150.SH,20260402,2.9351,6.6094,,1602908.9011,
688717.SH,20260402,8.6111,8.6373,,1752480.0,
002470.SZ,20260402,10.9699,15.6496,,985808.3226,
600498.SH,20260402,7.5754,12.3893,,6494756.8989,
603334.SH,20260402,3.178,3.178,,718361.0,
300656.SZ,20260402,1.9825,2.5234,,347383.8962,
300477.SZ,20260402,1.7592,1.7871,,275508.8026,
301161.SZ,20260402,1.5367,1.8948,,347760.0,
300893.SZ,20260402,0.8407,1.2624,,1011276.7067,
300853.SZ,20260402,2.7446,3.078,,266859.4076,
301516.SZ,20260402,26.6858,26.6858,,559719.2995,
688301.SH,20260402,1.1962,1.6136,,2285131.0181,
603886.SH,20260402,2.0695,4.0977,,310320.0,
001324.SZ,20260402,4.635,6.1495,,272688.0,
605099.SH,20260402,1.336,12.817,,1607742.0521,
000019.SZ,20260402,3.1133,4.7866,,879384.3988,
605177.SH,20260402,1.6806,3.429,,241945.2498,
002315.SZ,20260402,3.6697,4.4024,,1228337.2848,
603097.SH,20260402,1.4139,4.7122,,525056.0286,
600763.SH,20260402,1.7873,2.7035,,1858486.2811,
603000.SH,20260402,1.5245,3.5092,,2120715.4454,
603801.SH,20260402,0.5809,1.0805,,396128.4741,
300095.SZ,20260402,1.7968,1.9605,,389843.6722,
603060.SH,20260402,0.4472,1.4158,,504083.3482,
600422.SH,20260402,1.1985,1.8718,,890203.4902,
603320.SH,20260402,1.0336,2.5447,,297099.2364,
002451.SZ,20260402,3.5458,5.7404,,418195.83,
000677.SZ,20260402,9.5539,12.4317,,424213.1725,
600089.SH,20260402,2.8514,3.4789,,13223158.1583,
600756.SH,20260402,8.5965,10.6252,,590872.5926,
300327.SZ,20260402,2.0313,2.6578,,793344.2797,
002679.SZ,20260402,2.2138,6.0867,,257681.308,
603313.SH,20260402,0.8124,1.4916,,458751.8555,
688605.SH,20260402,2.3736,2.9298,,1212660.0972,
301047.SZ,20260402,1.1149,2.9398,,890016.0412,
002176.SZ,20260402,9.7804,11.7917,,1786522.8833,
300829.SZ,20260402,3.5282,3.6673,,443413.7338,
000970.SZ,20260402,1.1514,1.4966,,1398084.639,
600692.SH,20260402,2.6095,2.8028,,287039.4762,
603113.SH,20260402,1.9309,3.8321,,604125.3186,
688237.SH,20260402,1.4481,3.2467,,466884.2421,
000821.SZ,20260402,3.3836,4.3995,,723157.6173,
002782.SZ,20260402,2.4092,5.8098,,1022677.7948,
920116.BJ,20260402,1.3068,4.5074,,1417683.575,
000567.SZ,20260402,0.4048,1.6499,,1008569.552,
300402.SZ,20260402,1.6571,3.6506,,470629.4778,
002849.SZ,20260402,2.5131,3.2223,,366252.4666,
002358.SZ,20260402,3.5184,4.4814,,673144.0513,
300141.SZ,20260402,1.8766,3.9154,,328494.0204,
600010.SH,20260402,3.5181,5.5359,,11865618.2692,
600861.SH,20260402,0.5294,0.8612,,915404.265,
300560.SZ,20260402,5.1546,6.4612,,349210.3054,
601958.SH,20260402,0.9138,3.3058,,6027297.0192,
000701.SZ,20260402,1.5112,2.5362,,392968.1063,
601208.SH,20260402,2.8345,3.6859,,2969937.8524,
601026.SH,20260402,3.6665,3.6665,,1252860.0,
002425.SZ,20260402,1.0147,1.2634,,313786.1416,
688271.SH,20260402,0.5172,1.0144,,9453916.2803,
600592.SH,20260402,1.1365,1.8287,,785122.767,
600997.SH,20260402,0.933,3.0369,,965382.3094,
603176.SH,20260402,0.8537,2.7161,,257578.5689,
600216.SH,20260402,2.5509,4.092,,1532850.5735,
601015.SH,20260402,4.7167,12.6656,,919123.9376,
603270.SH,20260402,3.8184,3.8184,,542946.3208,
301071.SZ,20260402,3.8175,5.3407,,1008294.9406,
601666.SH,20260402,0.7987,1.6601,,2032286.502,
300789.SZ,20260402,2.4177,3.1642,,299925.2838,
301192.SZ,20260402,2.7859,3.9872,,262237.5,
003001.SZ,20260402,1.2578,1.6666,,305109.8295,
603730.SH,20260402,0.5788,3.0116,,1968104.7375,
688707.SH,20260402,1.1764,1.6879,,657292.3449,
300752.SZ,20260402,2.5059,3.0224,,360114.3547,
920873.BJ,20260402,1.6049,1.854,,105530.2574,
300445.SZ,20260402,1.9443,2.6045,,416362.8255,
000025.SZ,20260402,0.8256,1.7897,,686675.9038,
300017.SZ,20260402,9.6505,10.8866,,4070389.3809,
300867.SZ,20260402,5.1504,6.3993,,541308.1776,
300803.SZ,20260402,1.7988,2.9817,,5975960.767,
002077.SZ,20260402,5.7161,11.254,,906504.3773,
300256.SZ,20260402,0.955,1.9527,,762180.1777,
002187.SZ,20260402,1.3162,3.0942,,446469.8812,
002895.SZ,20260402,1.4023,2.6293,,2363034.8937,
603129.SH,20260402,1.2853,2.0055,,3711520.1749,
300469.SZ,20260402,6.4932,7.9971,,1378221.9508,
300532.SZ,20260402,2.2576,3.48,,503517.9237,
002154.SZ,20260402,0.8155,1.0664,,531197.4774,
600198.SH,20260402,0.7221,1.5245,,1062436.8859,
600556.SH,20260402,2.4128,3.9483,,1064763.3611,
603995.SH,20260402,0.5297,1.0246,,642025.0236,
301617.SZ,20260402,3.3285,4.321,,723126.04,
300475.SZ,20260402,4.0596,4.8316,,5834316.3759,
920926.BJ,20260402,1.9218,6.536,,129449.9447,
300253.SZ,20260402,2.6499,2.9701,,1865475.3767,
000985.SZ,20260402,1.3978,3.8295,,250982.072,
002137.SZ,20260402,2.256,2.6611,,455651.3298,
603183.SH,20260402,2.6062,3.4088,,225210.4227,
603350.SH,20260402,1.0849,1.4917,,405399.12,
300835.SZ,20260402,5.9661,6.862,,974729.392,
920575.BJ,20260402,7.405,7.4078,,234023.02,
300124.SZ,20260402,0.8064,1.0009,,18103237.7284,
603700.SH,20260402,1.3716,1.9722,,267549.0677,
002960.SZ,20260402,1.4387,2.5729,,1036414.8477,
920802.BJ,20260402,3.1151,3.2624,,114319.5563,
300594.SZ,20260402,5.8299,9.4881,,266800.4988,
002734.SZ,20260402,2.9687,3.5713,,838429.4175,
002729.SZ,20260402,8.5696,12.7237,,369233.2986,
000045.SZ,20260402,4.6522,9.5365,,646828.4012,
688622.SH,20260402,3.6572,7.8611,,633625.9648,
000899.SZ,20260402,3.6305,12.5172,,1260575.6659,
600719.SH,20260402,5.1434,7.6658,,269867.9332,
688656.SH,20260402,1.7716,5.4465,,819586.9231,
603693.SH,20260402,2.218,13.924,,1261438.3702,
600857.SH,20260402,1.053,1.7254,,264921.8243,
301448.SZ,20260402,1.2369,1.4752,,393505.2,
301000.SZ,20260402,1.559,3.8546,,690014.4718,
301061.SZ,20260402,0.4421,1.1516,,1615816.0238,
300601.SZ,20260402,1.3409,1.9395,,1589391.0414,
600418.SH,20260402,1.099,1.5314,,10238477.3617,
000030.SZ,20260402,2.9097,10.4966,,880543.1526,
600557.SH,20260402,1.0811,1.8596,,801114.7105,
920075.BJ,20260402,1.8613,2.607,,135009.645,
000520.SZ,20260402,1.6286,2.2157,,423050.8842,
002884.SZ,20260402,0.9982,1.4662,,654558.9915,
601012.SH,20260402,1.7791,2.2583,,13155522.6871,
300472.SZ,20260402,4.342,5.1014,,221583.1899,
605069.SH,20260402,1.0985,2.8446,,242605.6536,
603678.SH,20260402,3.0501,5.1107,,1505643.9537,
300136.SZ,20260402,7.0115,7.4365,,5952482.261,
300449.SZ,20260402,2.8996,3.7713,,269453.1203,
600383.SH,20260402,1.4305,2.2936,,1200879.2302,
688255.SH,20260402,1.2212,2.2181,,295520.3603,
300717.SZ,20260402,1.9139,4.0604,,208119.375,
603196.SH,20260402,3.3884,6.942,,1199539.5156,
600490.SH,20260402,2.6067,3.3998,,1732690.5829,
300302.SZ,20260402,8.9586,10.7317,,924979.1301,
002694.SZ,20260402,1.7627,2.9386,,229688.5248,
603130.SH,20260402,1.7684,6.7705,,508389.9974,
688057.SH,20260402,0.5175,1.0201,,331752.0,
600310.SH,20260402,20.5801,41.9912,,753375.3111,
603587.SH,20260402,0.2921,1.3091,,583608.2208,
300187.SZ,20260402,1.4137,2.6658,,333141.0371,
300774.SZ,20260402,3.6055,5.2535,,680182.7302,
000933.SZ,20260402,2.1818,3.2428,,7097857.8832,
600396.SH,20260402,20.2385,45.0692,,1080966.8037,
920008.BJ,20260402,2.7272,2.7272,,160968.75,
300411.SZ,20260402,4.2701,4.5667,,441887.2476,
000419.SZ,20260402,1.0901,1.9582,,319083.0185,
002654.SZ,20260402,5.8402,7.674,,1094666.7945,
300470.SZ,20260402,2.2392,2.9193,,753861.2966,
688573.SH,20260402,3.6453,3.6453,,185146.8109,
600513.SH,20260402,20.0816,33.4112,,877778.0303,
603706.SH,20260402,0.4983,1.5989,,372137.033,
300672.SZ,20260402,3.3294,4.6767,,3410028.2136,
603979.SH,20260402,1.6605,2.8817,,3631699.0224,
300603.SZ,20260402,11.4677,12.3863,,528940.3869,
600885.SH,20260402,4.4331,5.9742,,3923151.5835,
600071.SH,20260402,0.8034,1.5845,,537524.5541,
601599.SH,20260402,1.7783,2.3118,,443327.217,
603043.SH,20260402,0.631,1.9653,,882163.5186,
301227.SZ,20260402,3.8074,6.0333,,325212.1575,
603188.SH,20260402,1.9156,2.7226,,275962.28,
300032.SZ,20260402,7.1151,8.5199,,457003.507,
688755.SH,20260402,1.5409,1.5409,,329208.0,
603978.SH,20260402,3.4456,5.4376,,519080.8812,
002272.SZ,20260402,12.625,13.6733,,830594.8149,
