ts_code,trade_date,turnover_rate,turnover_rate_f,volume_ratio,total_mv,float_mv
601919.SH,20260320,1.1838,2.9021,,24239984.4486,
300052.SZ,20260320,2.9652,3.5649,,334917.2901,
301560.SZ,20260320,9.2003,9.2003,,438246.4,
688004.SH,20260320,2.9746,4.8045,,176273.688,
600624.SH,20260320,1.0196,1.4376,,324727.8383,
300923.SZ,20260320,3.3224,6.4321,,208525.8,
600720.SH,20260320,0.8624,1.1515,,1619984.4689,
300555.SZ,20260320,0.764,0.9195,,247600.0,
600989.SH,20260320,2.2889,7.7452,,23371418.32,
600562.SH,20260320,0.8682,2.5375,,3138174.7617,
001380.SZ,20260320,2.4798,2.4798,,567439.5658,
300388.SZ,20260320,0.9034,2.3382,,564584.0095,
601058.SH,20260320,0.6879,0.931,,4363309.0437,
601798.SH,20260320,2.4658,3.853,,310212.1733,
301055.SZ,20260320,1.2439,2.9164,,299676.0,
000009.SZ,20260320,1.134,1.829,,2292921.2149,
002848.SZ,20260320,2.0756,2.7369,,213617.7,
002221.SZ,20260320,3.4539,5.5886,,1440580.779,
603322.SH,20260320,8.0998,10.1868,,497186.3414,
603091.SH,20260320,3.4701,3.4701,,753806.6208,
688113.SH,20260320,1.3164,2.1213,,251021.685,
300765.SZ,20260320,0.6378,2.5169,,4236252.3191,
301010.SZ,20260320,4.144,11.5111,,243000.0,
688205.SH,20260320,11.9847,17.7986,,2795793.7661,
300375.SZ,20260320,3.9198,4.5864,,376830.4537,
002316.SZ,20260320,8.2457,8.8701,,206781.12,
603305.SH,20260320,1.5474,3.0141,,1652663.2351,
001325.SZ,20260320,27.6844,27.6844,,445939.2,
001230.SZ,20260320,2.7231,3.9653,,316102.3642,
600737.SH,20260320,1.4527,2.9483,,3206133.4938,
688390.SH,20260320,9.381,14.0006,,2479963.8001,
300394.SZ,20260320,5.1659,9.3308,,24255375.7992,
920682.BJ,20260320,1.4034,2.0495,,287164.8,
688302.SH,20260320,1.0724,1.419,,384576.5826,
300564.SZ,20260320,3.8806,6.2776,,234874.9312,
688720.SH,20260320,2.9025,2.9025,,566521.071,
600284.SH,20260320,1.4634,2.3229,,689852.016,
000651.SZ,20260320,0.8116,1.0789,,21408572.7421,
300931.SZ,20260320,2.8532,4.0231,,291777.39,
002809.SZ,20260320,15.7839,20.6931,,237852.3522,
688103.SH,20260320,0.839,1.2947,,562457.0665,
600826.SH,20260320,0.6004,1.6169,,737004.6161,
002182.SZ,20260320,3.6388,5.228,,1585874.6932,
001209.SZ,20260320,3.8016,8.8589,,262124.781,
601200.SH,20260320,1.2934,2.9732,,1152373.0949,
300866.SZ,20260320,5.3039,7.623,,5714381.2684,
000729.SZ,20260320,0.7338,1.604,,3602093.2778,
000538.SZ,20260320,0.4862,1.1104,,10123906.0094,
002134.SZ,20260320,2.6713,3.7857,,511572.824,
300727.SZ,20260320,2.7979,5.6017,,581840.417,
000993.SZ,20260320,8.0632,16.3042,,650291.0661,
600315.SH,20260320,1.5317,3.1989,,1478897.156,
301026.SZ,20260320,3.6168,4.1032,,432721.0805,
000810.SZ,20260320,1.054,2.3129,,1242211.2253,
301078.SZ,20260320,2.3135,3.4184,,1059410.1974,
000066.SZ,20260320,2.9837,4.9833,,5051601.3718,
300930.SZ,20260320,4.1341,6.6041,,289900.0,
605060.SH,20260320,2.1775,6.1089,,1291497.856,
300903.SZ,20260320,9.4877,11.3959,,1582194.7699,
002042.SZ,20260320,3.794,6.5308,,719388.2132,
002650.SZ,20260320,0.4329,0.772,,729568.24,
300289.SZ,20260320,1.0607,1.9796,,353607.4666,
600566.SH,20260320,1.4517,3.7589,,2615696.3541,
601886.SH,20260320,2.3387,7.1248,,906401.648,
001234.SZ,20260320,1.4186,4.3104,,298699.401,
600529.SH,20260320,0.763,0.9478,,1267502.9558,
300729.SZ,20260320,1.0136,1.8442,,434531.3633,
601388.SH,20260320,2.402,4.4816,,777031.5834,
600449.SH,20260320,1.5183,2.9791,,637893.51,
920526.BJ,20260320,2.4266,4.9956,,172429.5,
301365.SZ,20260320,15.1623,33.1649,,539640.0,
600608.SH,20260320,1.35,1.6652,,94383.2336,
603803.SH,20260320,28.928,51.3211,,564245.3637,
600617.SH,20260320,9.982,25.4031,,769747.5186,
001395.SZ,20260320,1.6498,1.9651,,345644.88,
600382.SH,20260320,1.823,2.99,,552748.8388,
603725.SH,20260320,1.4426,2.3933,,278030.2042,
300689.SZ,20260320,1.9068,3.9051,,525402.0,
002046.SZ,20260320,1.8723,3.7172,,2463260.7833,
000598.SZ,20260320,0.9349,2.183,,2067918.0437,
920374.BJ,20260320,2.5834,2.966,,161324.122,
002706.SZ,20260320,4.7201,5.2474,,1230945.0219,
000488.SZ,20260320,4.2254,5.7968,,864788.1228,
603608.SH,20260320,3.0546,4.2099,,436086.0357,
002064.SZ,20260320,1.0857,3.2729,,4838480.2996,
002045.SZ,20260320,1.8533,2.4714,,676104.7247,
603223.SH,20260320,0.6601,1.7129,,618485.9818,
920976.BJ,20260320,2.4411,3.8363,,207042.0212,
600267.SH,20260320,0.8184,1.3162,,1236012.4901,
001914.SZ,20260320,0.9455,2.5465,,1058988.4573,
920247.BJ,20260320,1.2314,3.0388,,319657.1128,
603171.SH,20260320,0.861,3.371,,2119089.175,
000735.SZ,20260320,2.1511,2.7381,,810665.5589,
603303.SH,20260320,0.346,1.4384,,680122.964,
002099.SZ,20260320,1.2176,2.022,,1089395.3653,
920726.BJ,20260320,2.4037,4.8804,,175889.1,
300997.SZ,20260320,0.9085,2.8144,,854385.6967,
600548.SH,20260320,0.5581,3.4674,,2350054.7736,
920080.BJ,20260320,2.1069,2.1069,,205923.0,
600381.SH,20260320,0.3775,0.6486,,195491.2268,
600602.SH,20260320,7.4693,13.3289,,2970586.7443,
002707.SZ,20260320,2.3935,3.116,,646626.4917,
000603.SZ,20260320,4.804,8.109,,2690190.4801,
301002.SZ,20260320,3.8768,4.891,,468095.336,
000042.SZ,20260320,1.4256,3.0576,,593694.2071,
601069.SH,20260320,1.6886,5.6176,,2878757.2287,
002205.SZ,20260320,1.6305,2.3362,,238436.8615,
301066.SZ,20260320,2.6553,5.299,,329362.2016,
301238.SZ,20260320,1.6226,5.5777,,1430733.2683,
600980.SH,20260320,1.9013,3.6238,,398967.5128,
600252.SH,20260320,1.4405,2.0657,,789672.4414,
002136.SZ,20260320,6.2982,9.2868,,267054.84,
300199.SZ,20260320,4.8358,5.1526,,1595133.8528,
603080.SH,20260320,3.8738,7.3009,,321771.0,
002827.SZ,20260320,1.1786,2.7912,,890148.798,
688433.SH,20260320,1.473,2.3781,,3358908.968,
603868.SH,20260320,0.2073,2.0709,,1514581.2,
603506.SH,20260320,1.6989,4.3866,,231905.5571,
688358.SH,20260320,0.7781,2.635,,332564.5682,
605277.SH,20260320,5.6909,12.3616,,733832.478,
605167.SH,20260320,3.0521,8.1694,,782729.01,
603650.SH,20260320,1.2067,3.0929,,3110602.9155,
920469.BJ,20260320,1.8169,2.4476,,131220.726,
300804.SZ,20260320,10.6078,10.6078,,344100.0,
601696.SH,20260320,1.3625,2.6074,,3530838.0,
001356.SZ,20260320,1.669,2.4573,,671824.8,
002582.SZ,20260320,3.3682,3.7883,,477704.3197,
001298.SZ,20260320,4.4728,4.7413,,881156.2564,
688510.SH,20260320,3.5965,4.8331,,873812.6211,
301528.SZ,20260320,1.4971,2.2687,,366571.8,
301167.SZ,20260320,6.0642,6.0642,,185584.0,
001286.SZ,20260320,4.0012,6.1513,,4252500.0,
600203.SH,20260320,2.1216,2.8683,,652286.8902,
000852.SZ,20260320,3.2426,6.7937,,685428.833,
002390.SZ,20260320,2.1903,3.818,,618144.894,
300708.SZ,20260320,8.7581,9.6629,,963326.9377,
301171.SZ,20260320,4.3996,5.3378,,2145193.3241,
301662.SZ,20260320,6.7893,6.7893,,1136000.0,
001309.SZ,20260320,9.8709,10.9811,,7520387.254,
603416.SH,20260320,0.8189,1.5799,,781293.2833,
000550.SZ,20260320,0.7298,2.303,,1502855.574,
300173.SZ,20260320,1.6037,2.0242,,324748.7585,
002455.SZ,20260320,22.4822,23.157,,718458.431,
600512.SH,20260320,3.0458,3.7218,,380920.824,
601877.SH,20260320,2.7592,5.8737,,7532136.2609,
600126.SH,20260320,5.232,13.8387,,2850347.5861,
300151.SZ,20260320,3.4997,4.0576,,868521.8968,
000726.SZ,20260320,1.3149,1.7261,,584374.4478,
002813.SZ,20260320,1.4419,4.2288,,297480.0,
002274.SZ,20260320,4.6648,7.7776,,617132.2906,
601228.SH,20260320,0.4129,2.3064,,2602863.3161,
601326.SH,20260320,0.8891,3.8329,,2044992.792,
300587.SZ,20260320,2.2701,2.718,,771171.6654,
688070.SH,20260320,1.9257,4.3851,,443154.8,
002997.SZ,20260320,0.9562,1.6317,,653291.8553,
002170.SZ,20260320,4.221,4.6321,,1228940.8454,
300075.SZ,20260320,2.9626,3.0954,,824860.8498,
000820.SZ,20260320,1.5274,1.5692,,226940.8678,
000901.SZ,20260320,2.3405,3.5955,,1772805.3227,
300264.SZ,20260320,10.9885,11.6177,,431719.233,
688456.SH,20260320,1.7325,2.7201,,571270.26,
300796.SZ,20260320,1.8604,2.624,,325028.5848,
688506.SH,20260320,0.3978,2.1464,,11208698.3839,
605007.SH,20260320,1.8527,8.6748,,667449.1942,
601678.SH,20260320,3.2908,4.1086,,997565.5939,
002235.SZ,20260320,7.8023,9.4247,,610869.1873,
002688.SZ,20260320,3.2477,4.8511,,448319.5852,
300506.SZ,20260320,0.9564,1.0645,,711372.6879,
688129.SH,20260320,0.9241,3.1957,,276257.8884,
300018.SZ,20260320,5.5616,6.4701,,636760.2232,
001221.SZ,20260320,3.6248,3.6248,,2700067.5,
601858.SH,20260320,2.7562,15.0291,,1857675.0,
001313.SZ,20260320,1.5736,4.9778,,487200.0,
000702.SZ,20260320,3.9886,5.3277,,224266.3414,
001387.SZ,20260320,3.6363,4.791,,239769.824,
301007.SZ,20260320,1.406,1.716,,507555.4,
300622.SZ,20260320,3.6149,4.203,,562116.2127,
601996.SH,20260320,2.8021,4.7448,,264535.8022,
001212.SZ,20260320,2.7783,3.8035,,1006807.7162,
688296.SH,20260320,2.6573,4.5617,,152784.5026,
002673.SZ,20260320,0.7373,1.3925,,3338777.5336,
603926.SH,20260320,1.7211,3.4023,,434225.7304,
002448.SZ,20260320,4.2345,4.2345,,835541.6973,
300347.SZ,20260320,2.0371,2.2646,,4323211.7971,
600370.SH,20260320,9.8351,52.5546,,1153417.4922,
603690.SH,20260320,2.506,3.4551,,973112.1593,
600783.SH,20260320,2.0545,6.2969,,1532635.7863,
920706.BJ,20260320,4.8717,7.1273,,210868.7691,
600511.SH,20260320,1.1249,2.0601,,2218993.3171,
920066.BJ,20260320,2.5027,2.5027,,141671.3968,
002660.SZ,20260320,2.1729,3.9644,,305628.4983,
600288.SH,20260320,2.2332,2.4612,,636854.4,
603122.SH,20260320,3.7512,8.1553,,618971.8443,
600079.SH,20260320,0.9821,1.5453,,3048998.1026,
920556.BJ,20260320,3.1689,4.3438,,163573.6128,
300996.SZ,20260320,2.7682,3.5501,,463469.9427,
301202.SZ,20260320,5.8008,6.0852,,515592.0,
300384.SZ,20260320,2.5454,3.642,,514239.7112,
603776.SH,20260320,0.9847,1.5878,,529233.6782,
603538.SH,20260320,14.2199,19.3546,,613733.2566,
002302.SZ,20260320,1.9848,5.2376,,734690.2049,
688739.SH,20260320,0.446,0.9839,,1031963.1,
688523.SH,20260320,5.9789,5.9789,,2493360.64,
301219.SZ,20260320,2.0144,2.7094,,1804553.3054,
920871.BJ,20260320,3.8492,6.4616,,116981.522,
002356.SZ,20260320,6.566,8.2679,,481230.4092,
300160.SZ,20260320,3.6975,5.8716,,459130.0974,
600223.SH,20260320,0.5759,1.2596,,693299.9046,
002685.SZ,20260320,2.7546,3.1386,,671121.9669,
688315.SH,20260320,0.6965,1.9352,,572275.0,
301656.SZ,20260320,4.1004,4.1004,,5913380.8477,
603027.SH,20260320,0.976,1.8636,,1221142.8774,
603990.SH,20260320,5.3737,6.8178,,473513.1021,
603666.SH,20260320,1.6474,2.5869,,568702.6721,
001339.SZ,20260320,9.3254,13.4318,,1665333.6377,
002006.SZ,20260320,2.3573,3.1968,,931989.6379,
603353.SH,20260320,7.3726,22.4522,,690890.214,
002958.SZ,20260320,1.0299,1.3563,,1727798.5869,
603175.SH,20260320,18.3648,18.3648,,3811332.7084,
002982.SZ,20260320,4.4109,5.7862,,284268.3598,
002300.SZ,20260320,5.0195,9.6839,,685494.6813,
600657.SH,20260320,0.63,2.3398,,892638.0002,
002867.SZ,20260320,0.5049,1.3926,,1291713.9327,
300369.SZ,20260320,7.7173,10.3301,,732802.1858,
600858.SH,20260320,1.7856,3.1268,,300078.4219,
920394.BJ,20260320,1.0995,3.3039,,661927.5,
301581.SZ,20260320,1.2198,2.7462,,378000.0,
603095.SH,20260320,1.2372,4.0355,,436991.4864,
600150.SH,20260320,1.2899,1.8249,,24947434.5697,
300536.SZ,20260320,3.2874,3.5171,,248121.7605,
605319.SH,20260320,1.7891,5.0804,,831454.972,
300595.SZ,20260320,1.4686,1.9901,,1322342.0347,
603255.SH,20260320,1.9685,3.1127,,373491.8759,
000561.SZ,20260320,1.9242,3.1449,,837233.6726,
600428.SH,20260320,1.702,3.6542,,2192392.3956,
300546.SZ,20260320,4.0599,4.5025,,413951.3086,
600531.SH,20260320,3.6523,4.9823,,1621621.278,
002498.SZ,20260320,7.2988,21.8283,,2774547.864,
000599.SZ,20260320,1.978,3.3727,,503123.536,
688796.SH,20260320,4.692,4.692,,3458993.7708,
688560.SH,20260320,3.92,6.2988,,324498.6918,
002863.SZ,20260320,2.5478,3.8467,,323721.1192,
688727.SH,20260320,6.2879,6.2879,,2224581.3396,
002743.SZ,20260320,4.0104,6.0106,,230692.2933,
601700.SH,20260320,2.7634,5.6078,,635426.5734,
603378.SH,20260320,2.185,5.5258,,244300.0859,
002919.SZ,20260320,2.2485,3.8013,,544512.7528,
601319.SH,20260320,0.1729,2.0554,,36484792.231,
600610.SH,20260320,7.84,12.3826,,1047706.5637,
002215.SZ,20260320,1.4393,1.7035,,1004633.81,
600694.SH,20260320,0.9066,1.4921,,589196.2437,
600121.SH,20260320,17.1246,35.6072,,620171.7273,
920367.BJ,20260320,1.9028,3.8439,,136833.0738,
000752.SZ,20260320,0.6898,0.8499,,274045.0721,
301272.SZ,20260320,3.8265,5.0272,,232429.6379,
603014.SH,20260320,2.2847,2.2847,,1592478.4996,
301606.SZ,20260320,2.608,4.8282,,2823046.32,
601162.SH,20260320,1.26,1.6774,,3908706.2708,
603216.SH,20260320,1.0519,3.9035,,748683.78,
920808.BJ,20260320,0.9488,3.2742,,1529200.0076,
601881.SH,20260320,0.4019,1.3977,,15034803.102,
002837.SZ,20260320,5.8452,8.5611,,10253836.6035,
600503.SH,20260320,1.81,1.9486,,390958.76,
688008.SH,20260320,3.0595,3.2981,,17709678.3043,
603181.SH,20260320,0.9105,1.5931,,864800.3,
688669.SH,20260320,1.2269,2.3578,,315466.6684,
300242.SZ,20260320,3.8944,4.9491,,307124.7284,
002366.SZ,20260320,5.5752,5.5752,,1616888.5463,
600031.SH,20260320,0.7345,1.0809,,17865893.6211,
603033.SH,20260320,0.5326,1.4037,,1031163.554,
603499.SH,20260320,1.553,3.853,,731068.0462,
603201.SH,20260320,1.0673,3.3698,,329044.8785,
002541.SZ,20260320,2.7507,3.9542,,1417985.2268,
002478.SZ,20260320,4.9054,5.9998,,962959.7197,
300638.SZ,20260320,3.5694,4.3586,,2380356.6891,
600660.SH,20260320,0.9526,1.3448,,14865099.1583,
600016.SH,20260320,0.5692,0.8301,,16768666.2863,
601619.SH,20260320,3.7105,6.8988,,1639888.9892,
300162.SZ,20260320,10.4412,12.2138,,383432.1674,
301079.SZ,20260320,7.647,8.8843,,396949.0607,
601595.SH,20260320,1.9995,6.4952,,1067164.2,
600398.SH,20260320,0.471,1.1726,,2929689.8806,
920885.BJ,20260320,2.6482,3.9555,,332927.9851,
000883.SZ,20260320,0.9341,3.1506,,3490138.1016,
600408.SH,20260320,18.3295,26.7843,,425876.4,
688096.SH,20260320,5.4395,6.6497,,200873.7878,
603269.SH,20260320,5.2622,7.0769,,447690.0636,
301251.SZ,20260320,9.944,9.944,,800723.9232,
600055.SH,20260320,0.5051,0.9261,,1029984.45,
001322.SZ,20260320,0.5498,2.608,,773730.368,
002669.SZ,20260320,4.7305,6.6513,,387138.4,
002510.SZ,20260320,2.7125,3.233,,717703.0666,
002041.SZ,20260320,3.0471,7.7256,,953040.0,
002370.SZ,20260320,2.0394,2.3883,,459331.1985,
603339.SH,20260320,1.0907,1.9533,,395465.8217,
603508.SH,20260320,0.9078,2.1177,,970343.2895,
000878.SZ,20260320,2.9841,4.5076,,4535094.1548,
920768.BJ,20260320,1.4313,1.8955,,123287.67,
000888.SZ,20260320,2.526,4.182,,712386.5139,
600725.SH,20260320,1.8742,2.6865,,563238.79,
002616.SZ,20260320,6.1895,9.4654,,531854.9318,
002875.SZ,20260320,3.4759,4.4942,,408353.3436,
300034.SZ,20260320,2.9958,5.0605,,1483145.4687,
688636.SH,20260320,1.7518,2.9752,,731276.4288,
000620.SZ,20260320,4.7263,8.3802,,1720441.8067,
300130.SZ,20260320,2.41,2.797,,1338825.9303,
600851.SH,20260320,1.6033,3.4075,,958403.0134,
920239.BJ,20260320,1.1346,2.9817,,565886.626,
301236.SZ,20260320,3.2131,4.0672,,4096243.981,
600726.SH,20260320,7.3588,52.5521,,4364849.5879,
600933.SH,20260320,0.9883,2.0126,,1740924.0433,
603767.SH,20260320,0.9103,2.6829,,566338.8025,
300940.SZ,20260320,2.3003,2.9028,,512082.0556,
601778.SH,20260320,9.9885,13.1251,,1906914.3412,
688317.SH,20260320,0.816,1.4717,,366637.4621,
600378.SH,20260320,0.7105,1.5798,,4063498.803,
603697.SH,20260320,1.0679,3.2618,,458913.6212,
301270.SZ,20260320,2.6967,3.3092,,331700.0,
601900.SH,20260320,0.8246,2.2025,,1195951.4475,
600906.SH,20260320,0.9644,1.5522,,2128720.0,
000058.SZ,20260320,0.6655,2.2708,,1016971.7551,
600522.SH,20260320,3.8486,4.9776,,8771280.6056,
603185.SH,20260320,5.8676,10.6766,,1741845.8451,
300725.SZ,20260320,3.3755,3.5571,,827911.7945,
600753.SH,20260320,2.0534,3.5164,,269459.3948,
002972.SZ,20260320,2.3677,3.2056,,283402.1376,
300670.SZ,20260320,5.2921,6.8819,,204730.6294,
000926.SZ,20260320,2.691,3.4141,,337708.5321,
688651.SH,20260320,4.5879,4.5879,,315921.81,
603900.SH,20260320,2.2554,4.3126,,255851.0246,
688697.SH,20260320,0.7979,2.0305,,673194.7354,
920026.BJ,20260320,1.3211,2.1135,,268720.9034,
603797.SH,20260320,1.6937,3.9922,,267544.8082,
603137.SH,20260320,3.0264,3.0264,,243118.4009,
688623.SH,20260320,3.9638,3.9638,,537193.1441,
688067.SH,20260320,2.4693,4.7087,,179792.0,
301260.SZ,20260320,2.1879,3.9942,,732852.2954,
603738.SH,20260320,9.5087,13.2331,,890628.3315,
002497.SZ,20260320,2.9442,3.1568,,2535637.544,
000711.SZ,20260320,12.6309,13.9277,,1420626.8633,
002073.SZ,20260320,1.757,2.0509,,738281.9303,
300252.SZ,20260320,3.7284,3.9779,,870732.2917,
603928.SH,20260320,1.5246,4.6154,,383947.2,
301257.SZ,20260320,2.1331,3.6473,,407664.6132,
600843.SH,20260320,2.6841,3.4617,,691058.3191,
600135.SH,20260320,6.4004,11.7837,,592591.903,
002239.SZ,20260320,2.4736,3.2275,,1002137.5674,
603668.SH,20260320,1.3236,1.9954,,645808.6183,
300227.SZ,20260320,6.2912,7.0384,,625074.5921,
002149.SZ,20260320,7.1943,10.6167,,2110550.3065,
600543.SH,20260320,2.5436,4.0189,,153816.48,
000908.SZ,20260320,0.0949,0.1277,,1134908.9128,
301326.SZ,20260320,5.1441,6.1164,,919050.9619,
600339.SH,20260320,1.9662,7.0723,,2238842.1359,
002307.SZ,20260320,2.1832,4.0688,,746896.9124,
301065.SZ,20260320,3.8105,6.6378,,243846.0,
300265.SZ,20260320,8.3002,13.6348,,777153.4188,
603172.SH,20260320,5.5038,6.3539,,276096.6,
600605.SH,20260320,1.9692,3.4476,,585429.5335,
688521.SH,20260320,3.675,5.1685,,10492009.6964,
688187.SH,20260320,0.3891,1.3079,,7146882.4924,
300200.SZ,20260320,4.6573,6.5494,,450797.9735,
002866.SZ,20260320,7.6753,9.5621,,587151.1352,
002647.SZ,20260320,1.918,2.0374,,1069255.9075,
002890.SZ,20260320,1.1497,1.951,,257870.4929,
600129.SH,20260320,0.9139,1.501,,887231.8597,
603029.SH,20260320,4.3392,10.4293,,224604.042,
688166.SH,20260320,2.8738,4.6726,,2021593.0812,
000957.SZ,20260320,2.8912,4.3182,,648044.002,
002905.SZ,20260320,2.1637,8.0368,,379706.88,
300878.SZ,20260320,0.9049,3.2468,,390065.1275,
688228.SH,20260320,2.7534,6.202,,727048.8299,
001287.SZ,20260320,19.1585,22.175,,1900510.1426,
600987.SH,20260320,0.8318,1.789,,754385.1471,
603158.SH,20260320,6.9129,11.1543,,570274.912,
603310.SH,20260320,1.5692,2.2328,,558760.12,
301177.SZ,20260320,0.3715,3.714,,1137980.5457,
688469.SH,20260320,1.9562,1.9562,,5499042.7848,
603221.SH,20260320,1.0481,3.6136,,287334.5,
600116.SH,20260320,1.9741,4.2486,,1321290.7467,
605555.SH,20260320,1.0339,2.8153,,741109.7002,
002100.SZ,20260320,2.3952,3.3449,,1043052.1575,
920807.BJ,20260320,1.4892,2.1501,,223712.4,
600172.SH,20260320,9.1391,12.4004,,1166727.2411,
920163.BJ,20260320,1.5549,2.6884,,173250.6054,
605300.SH,20260320,0.3968,1.3577,,490750.4848,
920207.BJ,20260320,7.5657,11.2886,,261649.41,
002074.SZ,20260320,3.8883,6.4346,,6839209.0411,
301419.SZ,20260320,12.5714,24.4925,,451200.0,
002693.SZ,20260320,4.0727,7.9957,,328848.9718,
600215.SH,20260320,1.4416,2.0551,,307939.0611,
301287.SZ,20260320,4.3355,4.3355,,274413.72,
603718.SH,20260320,2.3288,3.7611,,293357.115,
600273.SH,20260320,2.0146,3.3287,,1237474.1241,
920230.BJ,20260320,1.203,2.0473,,110789.2445,
300481.SZ,20260320,2.7025,4.1954,,472805.8096,
920765.BJ,20260320,1.4404,3.0901,,130467.0356,
920030.BJ,20260320,1.8102,2.8126,,99613.7023,
603206.SH,20260320,1.1611,3.6788,,476722.3813,
601077.SH,20260320,0.8711,1.4664,,8040756.0,
300738.SZ,20260320,9.3975,12.9817,,2196949.1366,
603977.SH,20260320,4.215,8.1998,,946772.5459,
600801.SH,20260320,0.7317,1.8287,,4234914.137,
603335.SH,20260320,3.457,6.6243,,239332.8314,
603759.SH,20260320,1.0915,2.7409,,446060.16,
002004.SZ,20260320,1.8028,2.3774,,1011738.7066,
301355.SZ,20260320,4.5966,4.5966,,237239.0804,
300244.SZ,20260320,3.5554,3.9645,,1162461.751,
920786.BJ,20260320,2.8472,3.901,,176231.679,
300896.SZ,20260320,2.6372,4.1411,,3899806.4822,
300687.SZ,20260320,2.8351,3.1883,,812739.1039,
603203.SH,20260320,1.2223,3.4236,,933219.2531,
600850.SH,20260320,2.0406,3.5291,,1626355.1897,
603703.SH,20260320,2.5988,3.6565,,507523.1328,
605151.SH,20260320,1.4898,4.4626,,249867.1903,
300281.SZ,20260320,1.638,3.1744,,287381.5759,
300677.SZ,20260320,5.992,6.8433,,3675130.0652,
300058.SZ,20260320,5.4855,5.4855,,5209411.0004,
002032.SZ,20260320,0.1991,1.1861,,3573129.8475,
002614.SZ,20260320,2.202,2.5486,,389837.0025,
002816.SZ,20260320,4.2752,5.0895,,221900.0,
000713.SZ,20260320,2.6398,3.7307,,533210.6086,
600420.SH,20260320,0.6628,1.511,,1397501.9451,
301286.SZ,20260320,1.0001,3.6849,,1779244.7,
600423.SH,20260320,4.8626,6.7612,,293121.0745,
600491.SH,20260320,1.203,1.7719,,448219.0808,
300746.SZ,20260320,1.6792,3.5185,,276077.9751,
688282.SH,20260320,1.2747,3.7419,,606232.0,
601133.SH,20260320,34.3034,34.3034,,911359.7998,
301033.SZ,20260320,1.2947,2.2461,,407058.243,
002278.SZ,20260320,8.3514,11.3971,,455564.2836,
301128.SZ,20260320,13.9799,26.2368,,1371631.2402,
300869.SZ,20260320,1.6893,2.3364,,548461.3639,
601633.SH,20260320,0.4883,2.771,,18219709.999,
603922.SH,20260320,1.8671,3.3941,,351948.8,
600789.SH,20260320,1.5828,2.0776,,877959.4135,
600916.SH,20260320,2.3619,4.9315,,1564080.0,
003016.SZ,20260320,0.8737,2.8321,,335576.2464,
605189.SH,20260320,1.5679,4.8314,,257929.1344,
301421.SZ,20260320,8.3496,8.375,,996563.416,
300213.SZ,20260320,2.4267,2.4875,,478463.5513,
001285.SZ,20260320,5.0092,5.0092,,937827.4477,
002491.SZ,20260320,8.7428,13.2726,,1221384.5385,
688234.SH,20260320,1.1209,2.5598,,3786324.6843,
301255.SZ,20260320,3.0034,3.0034,,380343.04,
002766.SZ,20260320,2.3037,4.4204,,433503.6682,
002115.SZ,20260320,5.4589,6.0455,,982921.4944,
300904.SZ,20260320,10.4605,10.4605,,469767.1757,
688700.SH,20260320,7.0907,10.6797,,1523935.7455,
002408.SZ,20260320,1.675,3.7189,,1620425.4639,
301488.SZ,20260320,3.9466,4.0246,,1186524.0,
603208.SH,20260320,1.5973,3.8342,,238297.2465,
688122.SH,20260320,2.1054,3.1353,,4624311.8896,
920227.BJ,20260320,2.8473,4.6642,,230066.382,
688681.SH,20260320,2.7398,4.2149,,197826.3,
002935.SZ,20260320,1.1828,2.0751,,775683.4871,
600496.SH,20260320,0.91,1.2944,,806000.6108,
300966.SZ,20260320,2.6887,3.5842,,230446.9449,
920685.BJ,20260320,0.9671,1.2231,,114211.8944,
300504.SZ,20260320,8.9201,16.2214,,425508.5906,
002223.SZ,20260320,0.6878,1.1317,,3508669.2515,
002036.SZ,20260320,2.4439,2.6761,,1027985.3104,
688207.SH,20260320,2.8644,3.8699,,387682.8011,
002401.SZ,20260320,1.2292,2.4104,,562706.0182,
688137.SH,20260320,1.5597,2.2595,,277543.8612,
600644.SH,20260320,11.7804,23.1762,,743142.2511,
301160.SZ,20260320,4.5987,5.4251,,667708.2098,
600160.SH,20260320,0.8588,1.8503,,9559800.8728,
002843.SZ,20260320,11.0505,19.2585,,565402.5643,
688530.SH,20260320,8.6014,8.6014,,445244.7004,
301363.SZ,20260320,2.0373,4.8676,,1451759.2514,
920533.BJ,20260320,1.8124,2.5782,,307410.4781,
600301.SH,20260320,2.6907,3.7026,,3135636.9934,
600170.SH,20260320,2.0707,3.7583,,2496949.0681,
603589.SH,20260320,0.7633,1.2503,,1535970.8041,
002442.SZ,20260320,5.6831,9.1323,,288384.9167,
688169.SH,20260320,0.9685,1.2258,,3256448.833,
600149.SH,20260320,6.7569,10.4439,,219732.48,
300478.SZ,20260320,2.2437,3.1152,,296794.839,
002209.SZ,20260320,3.5366,4.1588,,288592.1225,
601019.SH,20260320,0.3104,1.5154,,1853167.2,
300237.SZ,20260320,2.8736,3.9398,,348943.4131,
002212.SZ,20260320,2.6628,2.6628,,931768.5644,
002347.SZ,20260320,2.756,3.9365,,418398.1868,
688322.SH,20260320,1.5349,2.4147,,2962450.2124,
688225.SH,20260320,1.1081,2.1197,,727618.19,
300692.SZ,20260320,3.9423,4.8267,,375365.2824,
300768.SZ,20260320,1.5615,3.0697,,1059098.7692,
600865.SH,20260320,1.8698,4.9205,,421765.3942,
601898.SH,20260320,0.548,3.2614,,24608079.2704,
301075.SZ,20260320,0.9315,2.7198,,625680.0,
603170.SH,20260320,0.5112,1.5087,,521213.03,
688010.SH,20260320,1.6318,3.3538,,452783.65,
688119.SH,20260320,1.2779,2.96,,583875.0,
301505.SZ,20260320,3.9763,3.9763,,260259.9795,
301323.SZ,20260320,2.0202,4.142,,533222.8845,
600502.SH,20260320,1.3635,2.0702,,810204.0187,
301580.SZ,20260320,6.8695,7.7856,,770035.3444,
601010.SH,20260320,1.5247,2.162,,412104.0,
301126.SZ,20260320,3.4175,4.4297,,231078.6,
688581.SH,20260320,1.3595,1.9131,,446820.4111,
688019.SH,20260320,1.5092,2.1778,,3915368.5886,
300125.SZ,20260320,1.6387,2.0336,,553321.3392,
002524.SZ,20260320,3.3923,4.5403,,223653.9031,
603099.SH,20260320,1.497,3.6916,,1003903.7,
600333.SH,20260320,3.6435,8.833,,340448.1524,
002594.SZ,20260320,1.8031,2.559,,93934486.5122,
002950.SZ,20260320,5.2211,9.9196,,738387.4646,
300418.SZ,20260320,8.4608,12.8924,,6731223.982,
002048.SZ,20260320,1.7936,2.8927,,2118407.6166,
300438.SZ,20260320,17.2941,20.4287,,3050764.105,
601636.SH,20260320,2.0265,3.223,,1801820.1204,
002715.SZ,20260320,3.0582,4.7379,,208932.0,
002858.SZ,20260320,3.6752,4.2986,,242601.3602,
600900.SH,20260320,0.3456,0.7304,,66504615.7521,
301017.SZ,20260320,1.5942,2.9184,,560548.1236,
600073.SH,20260320,1.3169,2.1168,,556073.5769,
603916.SH,20260320,1.5141,2.9008,,455283.4584,
688328.SH,20260320,14.838,22.7801,,366018.1431,
002579.SZ,20260320,12.057,16.8985,,752295.6654,
605088.SH,20260320,1.859,3.1953,,701634.8694,
002568.SZ,20260320,0.733,1.054,,1845757.1982,
001300.SZ,20260320,1.1082,3.7436,,417100.5889,
300462.SZ,20260320,2.8472,3.1521,,241025.1775,
603536.SH,20260320,2.2171,4.9982,,230746.5026,
600235.SH,20260320,2.2725,3.5672,,230804.1,
300820.SZ,20260320,3.2759,4.8792,,1067258.9444,
003000.SZ,20260320,1.142,1.5378,,458559.3597,
920402.BJ,20260320,1.6829,3.3894,,401801.1838,
001236.SZ,20260320,4.3238,11.963,,1000723.3336,
688653.SH,20260320,2.0336,2.0336,,548003.68,
002179.SZ,20260320,1.551,2.891,,7099734.612,
688222.SH,20260320,1.8234,3.3606,,975655.8,
601702.SH,20260320,0.6887,2.2955,,1955122.9148,
603373.SH,20260320,5.8798,8.6408,,444623.6571,
300421.SZ,20260320,3.5425,4.0195,,685973.1192,
600755.SH,20260320,1.2716,2.0843,,1329600.3223,
600415.SH,20260320,0.7066,1.7259,,7315068.0075,
600486.SH,20260320,1.1951,2.0443,,2873756.3274,
002513.SZ,20260320,5.4531,6.4709,,236624.2061,
300682.SZ,20260320,3.7153,5.6214,,1880443.2718,
002714.SZ,20260320,1.2402,1.95,,28547458.475,
688419.SH,20260320,2.4128,4.6659,,513191.4771,
300225.SZ,20260320,2.2566,2.6489,,261961.7041,
300988.SZ,20260320,5.8415,9.6222,,377399.8903,
002494.SZ,20260320,7.3721,8.2392,,192428.4662,
601512.SH,20260320,0.1923,1.0124,,1326517.65,
688571.SH,20260320,1.1919,3.3555,,316855.5129,
002575.SZ,20260320,14.2459,15.5897,,493200.0,
600650.SH,20260320,1.3972,3.1614,,738054.3232,
300157.SZ,20260320,16.7391,20.1402,,516447.3293,
600651.SH,20260320,0.8643,2.4263,,1785003.9467,
605033.SH,20260320,2.5325,9.2939,,300279.2,
000816.SZ,20260320,2.6644,3.5879,,487643.4882,
300538.SZ,20260320,3.4617,4.284,,267602.2209,
300766.SZ,20260320,6.0796,6.5543,,1358728.6636,
688021.SH,20260320,11.3443,18.9977,,205552.8987,
001210.SZ,20260320,3.6804,4.9128,,328052.1182,
688468.SH,20260320,0.8182,1.3003,,291605.516,
600663.SH,20260320,0.2726,1.0716,,3902244.1012,
002552.SZ,20260320,1.3829,3.8058,,659187.0774,
688401.SH,20260320,1.3142,2.1689,,909511.1229,
300226.SZ,20260320,6.0138,8.17,,835050.1256,
300627.SZ,20260320,1.6599,2.2307,,2594384.4109,
600082.SH,20260320,2.5706,3.6589,,234540.0448,
603958.SH,20260320,4.3398,11.8905,,427093.92,
301429.SZ,20260320,5.8632,7.341,,229465.02,
605180.SH,20260320,1.508,5.2451,,246064.0,
002103.SZ,20260320,2.2949,2.8474,,450392.0994,
300609.SZ,20260320,3.9032,4.5933,,425204.93,
920003.BJ,20260320,4.2709,4.2709,,185535.858,
002479.SZ,20260320,2.3568,3.6294,,460180.0,
688627.SH,20260320,7.7365,7.7365,,2334311.8518,
601921.SH,20260320,0.4335,2.2817,,1724444.445,
002925.SZ,20260320,1.0182,3.0324,,1559543.1561,
002123.SZ,20260320,3.0843,3.2105,,861801.1013,
603799.SH,20260320,3.6569,4.615,,10889112.5603,
001360.SZ,20260320,4.1181,4.2536,,427176.0,
002049.SZ,20260320,1.7072,2.3072,,5977959.0867,
301300.SZ,20260320,3.7758,6.3397,,274151.8,
000565.SZ,20260320,3.0004,5.0468,,318256.6895,
605138.SH,20260320,0.696,2.8936,,373899.5502,
605365.SH,20260320,0.728,4.3408,,919185.576,
002434.SZ,20260320,1.0991,2.2278,,1050080.0,
000523.SZ,20260320,2.5387,3.5167,,633236.619,
002530.SZ,20260320,2.9195,3.7573,,698161.5648,
688219.SH,20260320,1.5925,2.7167,,578179.2,
688575.SH,20260320,1.1474,2.0494,,845083.2957,
301638.SZ,20260320,20.0026,20.0026,,9306836.2232,
688186.SH,20260320,3.9387,4.9612,,688040.3903,
603226.SH,20260320,1.9259,6.8243,,1339848.4811,
300986.SZ,20260320,8.4991,14.8214,,1002744.6552,
603312.SH,20260320,6.0205,6.0205,,724477.736,
000430.SZ,20260320,0.8972,1.4396,,592653.0923,
601238.SH,20260320,0.2739,1.1358,,7647799.425,
301613.SZ,20260320,1.2162,1.6372,,668142.5923,
600929.SH,20260320,0.9491,2.5709,,956186.0282,
300008.SZ,20260320,4.5592,5.2473,,1335766.5198,
600028.SH,20260320,0.3058,2.0656,,73522712.647,
002348.SZ,20260320,3.5413,5.0223,,717030.4,
300331.SZ,20260320,6.6443,7.173,,1083051.3949,
600230.SH,20260320,5.3484,9.9064,,708701.2577,
301552.SZ,20260320,6.1777,6.1777,,356904.8,
688528.SH,20260320,1.6781,4.9793,,182448.0,
605028.SH,20260320,2.1976,8.7905,,434720.0,
600237.SH,20260320,3.9425,5.2067,,544297.6858,
002465.SZ,20260320,2.912,3.9919,,3697932.5825,
300732.SZ,20260320,1.9688,3.393,,262727.091,
002428.SZ,20260320,2.9618,3.7026,,2838459.52,
600007.SH,20260320,0.1638,0.8467,,2042768.979,
688701.SH,20260320,3.0183,6.0214,,122729.518,
000756.SZ,20260320,1.277,2.4795,,1026214.6998,
688118.SH,20260320,6.5069,8.1291,,266885.7992,
300068.SZ,20260320,7.2404,8.2959,,1374501.9675,
920491.BJ,20260320,1.6812,1.8095,,324770.4572,
603829.SH,20260320,2.9716,7.6093,,505712.6217,
002646.SZ,20260320,1.2117,2.0819,,390952.1068,
003025.SZ,20260320,2.2398,3.7579,,419115.4516,
300552.SZ,20260320,3.584,4.4146,,590165.5871,
300801.SZ,20260320,2.4632,3.7655,,551317.32,
601369.SH,20260320,0.8482,2.2267,,1795860.4207,
002518.SZ,20260320,2.1617,5.3249,,2661350.9047,
600597.SH,20260320,0.5396,1.1158,,1055910.9025,
603515.SH,20260320,0.2149,1.4338,,1413581.519,
603105.SH,20260320,14.3395,23.9436,,579010.5401,
603132.SH,20260320,0.4866,2.9821,,1533504.0,
002913.SZ,20260320,3.3592,10.1664,,1531264.4318,
600956.SH,20260320,2.5474,20.6796,,4300596.4986,
601818.SH,20260320,0.7023,2.0698,,19380060.748,
600926.SH,20260320,0.4008,0.5913,,12120332.2603,
002166.SZ,20260320,1.1382,1.9042,,662257.2165,
920047.BJ,20260320,1.2358,1.3524,,666480.8968,
000529.SZ,20260320,2.0629,4.6557,,335095.6494,
300559.SZ,20260320,5.4742,7.3765,,502988.8399,
603189.SH,20260320,8.5536,14.1238,,544757.2133,
688426.SH,20260320,4.1494,4.1494,,237136.7533,
001389.SZ,20260320,7.2864,7.2864,,4692190.6414,
600841.SH,20260320,1.4129,4.4943,,1146340.7936,
300968.SZ,20260320,1.3287,2.8378,,504736.98,
300634.SZ,20260320,3.8573,6.4702,,1112686.0794,
300295.SZ,20260320,3.2538,3.4802,,187907.1906,
688370.SH,20260320,0.369,1.1565,,324123.026,
301106.SZ,20260320,1.4729,4.6683,,311858.7061,
300126.SZ,20260320,3.1743,4.6618,,239518.5888,
920578.BJ,20260320,2.7752,2.7752,,147375.2199,
301093.SZ,20260320,2.3179,4.1662,,1440048.2425,
600827.SH,20260320,0.4375,0.998,,1507622.0589,
300718.SZ,20260320,2.0855,3.1927,,2052611.9361,
600330.SH,20260320,13.7978,17.0126,,2027766.1799,
300378.SZ,20260320,3.2372,4.0278,,1090823.7011,
000708.SZ,20260320,0.3169,1.9621,,8030028.596,
603501.SH,20260320,0.9656,1.5335,,13058177.6893,
603399.SH,20260320,3.8774,5.5108,,510753.7771,
301616.SZ,20260320,4.3925,4.3925,,382400.0,
603288.SH,20260320,0.2308,0.8827,,22149157.413,
300158.SZ,20260320,2.1465,3.0875,,577520.3786,
688017.SH,20260320,1.972,3.015,,3410306.9853,
002626.SZ,20260320,1.1284,2.4212,,1089343.501,
600816.SH,20260320,0.8617,1.3709,,2598934.3391,
688670.SH,20260320,1.6221,4.5281,,213752.0,
301179.SZ,20260320,11.8449,23.1749,,956828.3083,
002909.SZ,20260320,2.6706,4.4487,,256230.0,
688638.SH,20260320,5.9102,5.9102,,224056.0,
002043.SZ,20260320,1.8018,2.9416,,1227206.8759,
688563.SH,20260320,1.7975,1.7975,,2669400.0,
000833.SZ,20260320,10.9512,13.4012,,1986757.6614,
600833.SH,20260320,1.5992,2.9049,,265472.7529,
603680.SH,20260320,0.4575,2.849,,1023536.7097,
002188.SZ,20260320,8.487,11.0678,,206075.4343,
000778.SZ,20260320,1.481,2.4804,,1787395.2105,
920027.BJ,20260320,1.4511,1.6014,,149060.987,
300593.SZ,20260320,3.0252,3.2124,,1326408.7567,
603530.SH,20260320,1.0291,4.8837,,2578020.2819,
688357.SH,20260320,1.7687,2.8296,,329697.2881,
301389.SZ,20260320,10.4599,10.7775,,1505101.5,
002107.SZ,20260320,1.2243,2.4874,,369991.3536,
603833.SH,20260320,0.4609,1.7953,,3295517.0105,
600545.SH,20260320,11.7957,21.8551,,677618.7321,
002676.SZ,20260320,1.754,2.8386,,480240.0,
600758.SH,20260320,11.0384,22.0282,,568467.4794,
000524.SZ,20260320,1.5989,5.2419,,865239.2987,
000566.SZ,20260320,1.7619,2.8505,,679819.326,
920753.BJ,20260320,1.0336,1.4786,,157517.4521,
920088.BJ,20260320,23.6869,25.2774,,644154.951,
002320.SZ,20260320,0.7471,2.7518,,2033547.0947,
600499.SH,20260320,1.5376,2.6789,,2980348.8316,
002852.SZ,20260320,8.5423,12.355,,345688.1465,
301586.SZ,20260320,1.3235,1.8114,,365921.9682,
600871.SH,20260320,2.1479,10.3217,,5649199.6582,
002067.SZ,20260320,3.9516,4.0877,,755125.1727,
601225.SH,20260320,0.6559,1.8873,,26331620.0,
688800.SH,20260320,6.6335,11.0832,,1894260.6254,
002398.SZ,20260320,2.9515,3.1105,,356697.1564,
003010.SZ,20260320,3.4677,4.5329,,924157.7032,
000958.SZ,20260320,0.7191,1.4689,,11362026.1875,
000050.SZ,20260320,1.2554,2.2222,,2059592.5399,
300837.SZ,20260320,2.5451,4.4816,,359106.5248,
601990.SH,20260320,0.5615,1.0543,,3260124.1961,
000048.SZ,20260320,3.5901,7.9175,,1082306.0723,
002075.SZ,20260320,1.3727,1.8752,,1092525.0716,
300669.SZ,20260320,0.8637,1.4628,,622824.26,
301265.SZ,20260320,7.5644,9.8124,,643515.0386,
600332.SH,20260320,0.7295,1.5225,,4083986.8639,
688485.SH,20260320,4.7307,4.7307,,369868.7646,
600234.SH,20260320,1.9104,3.6081,,364116.5896,
603881.SH,20260320,10.9339,19.1327,,2658713.2733,
002025.SZ,20260320,10.6874,18.1535,,2889222.4679,
002915.SZ,20260320,1.7736,2.5953,,664176.4667,
000725.SZ,20260320,1.3326,1.5345,,15114085.8501,
600113.SH,20260320,1.532,3.3611,,2348902.2328,
000543.SZ,20260320,2.3924,5.6498,,1913232.6514,
603089.SH,20260320,1.3494,3.3644,,295000.8864,
601860.SH,20260320,1.4363,1.8737,,1025081.2578,
600131.SH,20260320,3.6515,8.7809,,2460222.9053,
920263.BJ,20260320,2.247,3.5902,,156638.3717,
002799.SZ,20260320,2.3999,4.4905,,268833.6,
603390.SH,20260320,1.0207,2.7783,,409674.5614,
688612.SH,20260320,1.8812,2.11,,1193847.7031,
002628.SZ,20260320,3.009,3.7919,,372493.4042,
301584.SZ,20260320,8.128,8.128,,1168233.0355,
301132.SZ,20260320,8.8497,17.4958,,584940.6836,
301314.SZ,20260320,9.3803,9.3803,,246857.0,
688662.SH,20260320,7.2155,11.0875,,505968.16,
002576.SZ,20260320,6.4583,9.0962,,302793.4,
600665.SH,20260320,1.265,2.9775,,288616.922,
300629.SZ,20260320,5.9731,6.6999,,594616.3978,
920690.BJ,20260320,1.4054,2.6394,,169462.8,
600568.SH,20260320,1.2687,2.0654,,567967.8591,
002601.SZ,20260320,1.3754,1.8107,,4260651.2761,
300382.SZ,20260320,1.393,2.1152,,747605.1931,
600774.SH,20260320,1.5981,3.8363,,257563.2869,
301362.SZ,20260320,8.9602,8.9602,,995097.69,
600318.SH,20260320,6.8422,8.9556,,413771.199,
603318.SH,20260320,11.3965,19.9236,,439301.1887,
300110.SZ,20260320,2.5406,3.1766,,362939.3855,
301129.SZ,20260320,5.094,9.0363,,341510.1662,
002171.SZ,20260320,1.8792,2.4907,,1796592.2243,
002775.SZ,20260320,1.9337,3.7013,,262778.862,
001227.SZ,20260320,1.7427,1.9603,,1310010.3486,
301508.SZ,20260320,3.1912,3.1912,,675994.748,
000750.SZ,20260320,0.9202,1.3289,,2535311.2674,
300190.SZ,20260320,6.1215,8.6513,,402744.8816,
301458.SZ,20260320,4.5453,5.237,,920800.1151,
600678.SH,20260320,3.7873,4.7641,,366788.49,
300973.SZ,20260320,2.5445,3.3048,,571693.5989,
603908.SH,20260320,2.725,6.9153,,209070.0881,
300287.SZ,20260320,2.27,2.3204,,632955.7493,
603169.SH,20260320,5.0825,9.4277,,1470884.5645,
920523.BJ,20260320,1.8164,2.3581,,239780.3404,
002199.SZ,20260320,1.702,2.695,,178199.8097,
002758.SZ,20260320,1.9275,3.377,,506351.239,
688307.SH,20260320,17.6481,26.5887,,585553.304,
603341.SH,20260320,2.149,2.3544,,2047510.1432,
300784.SZ,20260320,4.6926,4.6926,,275901.6656,
688553.SH,20260320,1.6206,2.2403,,684537.6,
300109.SZ,20260320,2.7417,2.9046,,845727.0087,
000070.SZ,20260320,5.4047,8.6846,,1318104.7286,
300566.SZ,20260320,3.1805,3.5227,,502192.4577,
600227.SH,20260320,24.184,29.2755,,719397.9938,
688177.SH,20260320,0.3596,1.2336,,914288.64,
601186.SH,20260320,0.592,1.4976,,9722951.714,
600506.SH,20260320,4.0325,6.8872,,399591.4017,
600892.SH,20260320,1.4293,2.1939,,204763.8928,
002290.SZ,20260320,1.7718,3.1607,,1511748.4267,
600787.SH,20260320,1.4265,2.7632,,1217414.6455,
600985.SH,20260320,1.1133,2.8878,,3678991.3965,
002581.SZ,20260320,1.2701,1.468,,498760.103,
002803.SZ,20260320,2.5237,2.7974,,791812.4963,
603077.SH,20260320,3.1053,4.6241,,2446335.8122,
000919.SZ,20260320,1.1146,1.9125,,441566.4149,
603629.SH,20260320,17.2814,31.7208,,1607339.88,
300581.SZ,20260320,1.7164,3.2901,,708541.0952,
603733.SH,20260320,0.3913,1.9212,,1573270.6476,
688660.SH,20260320,1.2743,3.2675,,1780000.089,
920021.BJ,20260320,6.6462,8.0333,,274700.9849,
300616.SZ,20260320,1.885,2.1702,,278399.8152,
300561.SZ,20260320,3.6151,6.1274,,384870.6547,
688227.SH,20260320,1.9356,3.3241,,694611.6096,
002826.SZ,20260320,3.8269,5.1133,,372584.3235,
002027.SZ,20260320,0.531,0.7879,,9604062.8178,
688092.SH,20260320,1.4904,3.1674,,239724.846,
002121.SZ,20260320,4.8317,6.3917,,1483109.3024,
002282.SZ,20260320,2.0241,2.9799,,368786.8436,
001223.SZ,20260320,0.6196,2.477,,461345.584,
300460.SZ,20260320,2.5988,3.2365,,248230.9579,
000638.SZ,20260320,7.4672,10.5612,,43905.5037,
002069.SZ,20260320,2.5205,4.3604,,256711.502,
300099.SZ,20260320,3.9117,4.7222,,681233.0956,
301051.SZ,20260320,2.86,4.0316,,440604.2995,
603109.SH,20260320,0.7993,1.9985,,480768.9247,
002873.SZ,20260320,2.616,3.6677,,238245.3147,
688190.SH,20260320,0.8283,2.2843,,1190400.0,
920139.BJ,20260320,1.3332,2.3757,,504248.3304,
002310.SZ,20260320,18.2825,28.7344,,2087764.0967,
300415.SZ,20260320,1.5788,2.2657,,1171405.21,
600279.SH,20260320,0.6306,1.8247,,605301.8043,
002682.SZ,20260320,4.871,6.8707,,322237.2044,
600802.SH,20260320,2.0561,2.9751,,260285.0912,
300805.SZ,20260320,2.2904,3.2376,,471979.673,
300520.SZ,20260320,4.5798,5.8172,,1104169.2791,
002330.SZ,20260320,2.4221,4.1039,,303045.3933,
688577.SH,20260320,0.6634,1.6982,,708072.9156,
301151.SZ,20260320,0.9528,2.8862,,310967.544,
603599.SH,20260320,1.4933,2.5584,,1206106.8821,
000547.SZ,20260320,12.9994,16.5464,,4475711.1532,
002453.SZ,20260320,2.2047,2.8896,,458175.0591,
002493.SZ,20260320,0.908,3.2783,,11298059.1893,
002810.SZ,20260320,7.3012,11.5508,,712047.5132,
605080.SH,20260320,0.7428,2.2056,,327383.9629,
300590.SZ,20260320,1.6878,2.3834,,522466.3232,
300697.SZ,20260320,3.36,4.3229,,638144.0,
300400.SZ,20260320,9.1262,13.6683,,571383.759,
600365.SH,20260320,1.9343,2.4203,,141657.36,
603606.SH,20260320,2.0317,3.4331,,4420634.3855,
002140.SZ,20260320,2.4509,7.652,,911921.8671,
002472.SZ,20260320,1.7022,1.9701,,3268324.4194,
300751.SZ,20260320,10.2903,13.1716,,7644520.9642,
002200.SZ,20260320,1.6451,3.5326,,332930.6788,
002068.SZ,20260320,4.2429,8.0631,,645633.0821,
920496.BJ,20260320,2.8727,4.136,,165740.575,
002128.SZ,20260320,0.7885,1.8477,,6558844.0405,
002236.SZ,20260320,1.3492,1.5498,,5689373.8986,
688802.SH,20260320,12.7626,12.7626,,22957337.9,
300254.SZ,20260320,3.2715,3.3503,,292732.0875,
603486.SH,20260320,0.545,1.6531,,3545314.0779,
301288.SZ,20260320,1.3883,2.675,,185669.19,
301118.SZ,20260320,3.9818,8.5703,,264030.5744,
300597.SZ,20260320,4.6168,5.6088,,250491.8576,
002161.SZ,20260320,3.5505,4.1826,,551119.263,
688217.SH,20260320,2.315,3.905,,152654.1638,
601088.SH,20260320,0.2652,1.6332,,105203412.427,
603638.SH,20260320,0.5726,2.0655,,1672981.7745,
600860.SH,20260320,5.4505,12.2045,,660268.1015,
603317.SH,20260320,0.4706,1.6141,,1311728.6262,
600765.SH,20260320,1.5952,2.4633,,2588007.7531,
603282.SH,20260320,1.3226,2.7575,,271654.6,
600729.SH,20260320,1.3712,1.4388,,997626.2194,
300467.SZ,20260320,2.6297,2.7015,,585636.5132,
002529.SZ,20260320,1.6677,1.946,,183300.0,
300928.SZ,20260320,2.8518,3.3133,,241840.0,
300773.SZ,20260320,7.0366,9.6568,,1900499.1131,
001301.SZ,20260320,5.7114,7.1823,,2045733.6334,
301050.SZ,20260320,2.6867,3.3627,,1158930.6576,
000829.SZ,20260320,2.386,3.7678,,1072255.0581,
688498.SH,20260320,7.2626,10.1028,,9583085.5013,
920510.BJ,20260320,1.5679,2.2953,,272636.6149,
603261.SH,20260320,1.1055,3.2516,,232282.5509,
688211.SH,20260320,0.351,0.9024,,413991.2582,
002726.SZ,20260320,4.9173,8.2074,,380943.7232,
600143.SH,20260320,1.5234,1.8893,,4207817.1667,
600569.SH,20260320,3.5859,11.1556,,669274.1829,
688805.SH,20260320,6.5083,6.5083,,762944.0,
002585.SZ,20260320,5.1256,6.682,,805773.7641,
600809.SH,20260320,0.4327,1.2915,,18770369.5197,
301228.SZ,20260320,1.7667,3.8857,,493680.0,
002700.SZ,20260320,3.9002,3.9511,,278785.3967,
688783.SH,20260320,4.4298,4.4298,,9218297.4,
688192.SH,20260320,0.367,0.9595,,2259976.5755,
300945.SZ,20260320,4.0057,6.878,,406211.025,
002110.SZ,20260320,1.423,3.4005,,959485.1097,
002831.SZ,20260320,2.8562,4.093,,3173930.548,
920007.BJ,20260320,4.7666,4.7666,,282590.382,
300739.SZ,20260320,5.5343,9.6993,,950443.3746,
600894.SH,20260320,0.6769,1.5996,,763103.8124,
002623.SZ,20260320,7.2076,13.6897,,475958.4375,
688036.SH,20260320,0.8181,2.0058,,6139267.1785,
920346.BJ,20260320,1.4026,2.2256,,168323.026,
300939.SZ,20260320,13.2475,24.1258,,492120.0,
603236.SH,20260320,1.713,2.2475,,2202136.9788,
920033.BJ,20260320,0.7232,1.5684,,187280.613,
000576.SZ,20260320,9.128,14.2932,,410669.5394,
301076.SZ,20260320,2.5157,2.7945,,641814.004,
920957.BJ,20260320,1.7041,3.4469,,121679.7128,
000786.SZ,20260320,0.8571,1.5446,,4332190.7269,
301665.SZ,20260320,11.0118,11.0118,,1230750.0,
301468.SZ,20260320,7.5097,8.8409,,636386.9724,
600467.SH,20260320,5.2023,8.2521,,355021.6159,
603336.SH,20260320,0.9441,1.6741,,529585.4822,
301595.SZ,20260320,4.5705,4.5705,,642966.64,
300962.SZ,20260320,2.1312,4.6538,,437187.1414,
001979.SZ,20260320,0.4136,1.0669,,8141477.0504,
688472.SH,20260320,10.8585,10.8585,,5475639.5883,
603626.SH,20260320,4.5157,6.413,,1180783.9803,
688347.SH,20260320,4.2281,5.0247,,20156533.4388,
688283.SH,20260320,0.5957,1.1865,,509733.0,
002635.SZ,20260320,2.3987,3.0831,,938074.5955,
002463.SZ,20260320,4.7523,6.9515,,16222384.6169,
603959.SH,20260320,2.6187,3.4313,,292218.1992,
688361.SH,20260320,2.0149,2.4553,,5757033.7795,
300624.SZ,20260320,4.4261,5.5375,,1363987.7658,
000839.SZ,20260320,4.6473,7.3119,,1344500.4387,
300274.SZ,20260320,7.4451,8.2659,,35990950.3206,
301356.SZ,20260320,3.229,3.2707,,458568.0,
600152.SH,20260320,20.2415,28.623,,480404.0725,
300049.SZ,20260320,1.4837,1.5969,,1371250.2825,
600540.SH,20260320,4.0262,7.3201,,276735.433,
300741.SZ,20260320,0.3607,1.9089,,1025440.2,
002686.SZ,20260320,3.6448,6.3841,,395234.9148,
300810.SZ,20260320,2.6325,4.7466,,391807.95,
920876.BJ,20260320,3.3555,5.5256,,160772.5508,
600927.SH,20260320,0.4955,3.2325,,2090177.7784,
688157.SH,20260320,0.8122,1.7218,,552201.7124,
002587.SZ,20260320,4.3383,4.7939,,451520.1001,
920199.BJ,20260320,4.255,8.8339,,263108.1574,
603327.SH,20260320,1.2393,4.2088,,980640.8797,
601311.SH,20260320,3.2323,5.3543,,1109796.2276,
002512.SZ,20260320,9.4567,13.0987,,441661.1629,
600966.SH,20260320,2.7365,5.3486,,921085.7144,
600358.SH,20260320,1.4728,2.083,,304476.806,
002893.SZ,20260320,14.3221,18.107,,312149.76,
300648.SZ,20260320,2.0872,2.2523,,941293.8414,
002382.SZ,20260320,8.0926,11.34,,785567.6837,
002243.SZ,20260320,1.1371,2.2917,,1176707.3009,
688147.SH,20260320,3.4115,11.0089,,3209193.5324,
002898.SZ,20260320,1.4417,2.2957,,211552.0,
002760.SZ,20260320,3.9752,5.1817,,234335.492,
002963.SZ,20260320,2.8591,4.7328,,219224.7779,
688728.SH,20260320,0.5382,1.5947,,3515993.1738,
301668.SZ,20260320,16.9936,16.9936,,599500.0,
300059.SZ,20260320,3.5798,3.8467,,31939960.1412,
600616.SH,20260320,1.5681,2.4701,,337847.4998,
300831.SZ,20260320,11.8223,11.8223,,542400.0,
688126.SH,20260320,0.9752,1.6634,,6021752.622,
301011.SZ,20260320,1.3219,2.5387,,350652.4466,
000661.SZ,20260320,0.9653,1.3267,,3584139.1298,
301157.SZ,20260320,14.5791,14.5791,,354240.0,
301279.SZ,20260320,1.429,3.7752,,351203.3999,
000889.SZ,20260320,1.916,2.5889,,303358.3216,
688679.SH,20260320,2.8141,5.7638,,615912.61,
603177.SH,20260320,2.079,5.0027,,228695.04,
002967.SZ,20260320,0.9603,1.827,,1351033.4982,
688709.SH,20260320,3.1518,3.9333,,2932680.5547,
688367.SH,20260320,3.0493,4.4299,,331483.8618,
600017.SH,20260320,1.8101,3.2591,,984209.2442,
688570.SH,20260320,0.5796,0.873,,764678.0,
300570.SZ,20260320,14.6202,18.1106,,2706443.7472,
601038.SH,20260320,1.4799,5.9103,,1479840.8272,
600313.SH,20260320,8.4339,14.0059,,918646.8095,
301081.SZ,20260320,3.7465,8.4942,,291492.2909,
688608.SH,20260320,1.5631,2.5438,,2834054.748,
601519.SH,20260320,1.3292,2.6558,,2128401.2,
002094.SZ,20260320,2.6411,3.3611,,457374.1774,
301535.SZ,20260320,15.5993,15.5993,,933520.589,
603067.SH,20260320,3.9457,6.2887,,2286515.8111,
601677.SH,20260320,2.017,2.3714,,1849119.6333,
001289.SZ,20260320,0.1573,5.9487,,15231585.0508,
000685.SZ,20260320,1.5678,3.105,,1632948.2656,
002986.SZ,20260320,3.4926,4.0801,,555357.3537,
301325.SZ,20260320,4.2082,4.2082,,659891.7388,
300268.SZ,20260320,0.8344,1.1914,,243183.2,
600202.SH,20260320,4.1957,6.36,,224637.6338,
600675.SH,20260320,0.5796,2.0721,,1644548.81,
603018.SH,20260320,1.4282,1.4282,,516266.2843,
301187.SZ,20260320,0.5991,2.0844,,525927.8621,
002795.SZ,20260320,3.4292,4.7983,,321106.7594,
300575.SZ,20260320,3.808,4.3206,,295735.288,
300247.SZ,20260320,1.9169,2.2435,,361818.1409,
603038.SH,20260320,1.1262,1.9353,,401134.9193,
002030.SZ,20260320,0.8957,1.3101,,839260.7271,
600157.SH,20260320,5.5877,6.8526,,4036286.3668,
001208.SZ,20260320,5.7852,5.8793,,1219249.3251,
002772.SZ,20260320,5.3395,8.3706,,756989.6161,
603212.SH,20260320,5.2079,8.2001,,612486.8904,
920099.BJ,20260320,3.653,4.8513,,243039.9938,
002394.SZ,20260320,4.1711,7.0104,,461596.2,
002723.SZ,20260320,3.9371,5.6842,,311079.4839,
300050.SZ,20260320,11.9008,14.4398,,359598.8339,
603819.SH,20260320,2.1879,4.3804,,256703.8905,
920656.BJ,20260320,1.3679,1.7716,,155800.0,
000612.SZ,20260320,3.1572,4.183,,1374605.9013,
301101.SZ,20260320,1.1406,2.8472,,681513.9222,
605337.SH,20260320,1.2268,3.1569,,421310.4548,
300239.SZ,20260320,1.4045,1.9231,,328265.1869,
601333.SH,20260320,1.1307,2.1142,,2181729.396,
688678.SH,20260320,4.1255,6.1877,,744595.294,
301391.SZ,20260320,1.5439,4.2504,,637834.4262,
300583.SZ,20260320,2.0366,3.8037,,265203.5721,
300636.SZ,20260320,1.7676,2.2212,,328822.0206,
002952.SZ,20260320,6.8014,17.0006,,417259.26,
601969.SH,20260320,2.5903,11.6027,,2316616.6264,
000411.SZ,20260320,1.0587,2.1399,,619639.5132,
603238.SH,20260320,1.6672,4.1778,,283304.364,
603386.SH,20260320,2.4693,5.8043,,439882.8109,
300456.SZ,20260320,7.6528,8.2727,,3342552.9567,
000657.SZ,20260320,3.6663,5.9565,,11413529.4396,
603395.SH,20260320,10.1696,10.1696,,790140.0,
688027.SH,20260320,2.4801,3.2532,,6613962.3643,
603429.SH,20260320,3.5519,6.0253,,446861.6162,
300917.SZ,20260320,2.3734,5.3336,,561249.0,
301266.SZ,20260320,7.4946,17.0143,,595098.6849,
688399.SH,20260320,0.7555,1.2605,,492243.1305,
603737.SH,20260320,0.5316,1.6118,,3588006.3712,
601158.SH,20260320,0.2759,2.4121,,2212810.6385,
603897.SH,20260320,7.1139,17.0777,,660800.6149,
600539.SH,20260320,5.1451,8.5703,,263350.0,
001299.SZ,20260320,3.2992,11.0344,,324650.4548,
002406.SZ,20260320,2.2225,2.4607,,537445.6604,
300121.SZ,20260320,5.7137,8.2703,,573461.3688,
003011.SZ,20260320,3.0465,3.9925,,242623.388,
688334.SH,20260320,2.3753,3.7275,,680012.693,
000021.SZ,20260320,7.9694,12.1248,,4792053.8994,
688371.SH,20260320,0.5202,1.2896,,636726.5317,
603360.SH,20260320,0.7642,1.7284,,1711179.9136,
002928.SZ,20260320,2.783,5.0671,,1064775.2112,
688515.SH,20260320,3.0834,3.4719,,973440.0,
000875.SZ,20260320,3.0747,4.3638,,2618889.392,
600521.SH,20260320,0.8876,1.4702,,2290795.7681,
300215.SZ,20260320,5.8435,9.6681,,638228.2473,
001306.SZ,20260320,2.7013,2.7013,,422858.8368,
300884.SZ,20260320,3.2143,3.9832,,356677.2621,
688488.SH,20260320,0.9534,1.7264,,654317.2664,
002663.SZ,20260320,4.0306,4.8773,,379136.7584,
600221.SH,20260320,0.7537,1.3025,,6352697.9826,
002572.SZ,20260320,1.3942,1.6581,,1259665.6905,
002112.SZ,20260320,11.3763,15.5834,,666501.485,
600187.SH,20260320,3.1846,4.0467,,300163.2852,
002759.SZ,20260320,9.3867,11.5094,,1632000.3793,
000716.SZ,20260320,1.5882,2.4797,,398275.6625,
603519.SH,20260320,1.1449,2.4068,,352351.731,
300925.SZ,20260320,3.1426,3.6063,,794397.6751,
300153.SZ,20260320,4.6364,7.3627,,946880.0,
688035.SH,20260320,3.6469,8.5386,,842203.04,
301025.SZ,20260320,3.6332,8.9546,,427530.4392,
002083.SZ,20260320,3.8416,6.3669,,965571.7922,
301311.SZ,20260320,1.8704,5.1455,,398640.0,
600335.SH,20260320,0.8778,2.8046,,898969.0039,
301293.SZ,20260320,6.9184,8.5168,,1434699.3645,
300537.SZ,20260320,2.8076,3.1933,,453433.8288,
300658.SZ,20260320,13.4212,19.214,,784324.9955,
002733.SZ,20260320,10.4105,16.6147,,974369.0194,
688071.SH,20260320,1.9773,2.7107,,266748.4717,
601665.SH,20260320,0.7325,1.1976,,3538459.4519,
300523.SZ,20260320,1.4759,3.0792,,504823.6745,
603197.SH,20260320,0.7118,1.0105,,702299.9072,
000977.SZ,20260320,2.7414,4.0643,,8737436.0973,
300795.SZ,20260320,1.5757,2.0683,,364052.7337,
600196.SH,20260320,0.5877,1.0134,,6638687.302,
002329.SZ,20260320,2.9248,3.1887,,311319.0904,
600757.SH,20260320,0.5619,1.2863,,1092285.2457,
301598.SZ,20260320,3.3714,3.3714,,354737.9741,
002949.SZ,20260320,2.5669,4.456,,269364.2691,
601816.SH,20260320,0.2466,0.4913,,24805319.4406,
688329.SH,20260320,2.186,3.5934,,186901.2,
603050.SH,20260320,1.5771,4.15,,903838.3115,
603311.SH,20260320,3.1875,6.5564,,385670.1879,
603355.SH,20260320,0.3433,1.791,,1706426.8829,
000615.SZ,20260320,0.4806,0.5903,,563060.1983,
002420.SZ,20260320,2.5107,3.3965,,305588.47,
300154.SZ,20260320,1.3029,2.7543,,372231.7064,
300719.SZ,20260320,4.6773,5.6041,,419729.0247,
301308.SZ,20260320,7.9524,14.0458,,13835985.2637,
688549.SH,20260320,3.6014,4.1671,,1347275.712,
600228.SH,20260320,0.9928,1.4177,,226253.1279,
605598.SH,20260320,1.2279,3.9778,,1157130.7314,
001201.SZ,20260320,2.098,3.459,,366053.2814,
600376.SH,20260320,4.8919,10.3326,,1377487.8392,
600463.SH,20260320,1.3154,3.1766,,299700.0,
002249.SZ,20260320,1.8215,2.068,,2308826.7387,
300898.SZ,20260320,2.1504,3.9602,,290284.0,
603402.SH,20260320,4.7741,4.7741,,1047866.6757,
688726.SH,20260320,13.6014,13.6014,,2620028.4857,
300690.SZ,20260320,20.5145,25.5968,,606169.1371,
300851.SZ,20260320,2.4275,3.0462,,257148.9972,
601061.SH,20260320,2.7544,2.7544,,5943700.0,
301206.SZ,20260320,0.9326,1.2925,,525035.1915,
688085.SH,20260320,0.7141,1.1391,,621907.5588,
603726.SH,20260320,1.1697,2.6082,,440921.6,
920799.BJ,20260320,1.531,2.3757,,788353.4279,
603066.SH,20260320,1.0989,2.3162,,295945.1544,
301302.SZ,20260320,13.2785,21.9086,,446397.36,
300397.SZ,20260320,3.3967,3.732,,627893.3717,
603297.SH,20260320,0.7591,2.4305,,1216975.599,
600133.SH,20260320,2.3053,2.7801,,947887.2489,
300011.SZ,20260320,3.1303,4.1846,,483838.7542,
300872.SZ,20260320,5.528,6.4759,,822972.1459,
301110.SZ,20260320,2.3955,3.3789,,522732.0961,
301036.SZ,20260320,1.4752,2.2334,,283500.0,
001219.SZ,20260320,2.7633,5.3074,,276486.9575,
603950.SH,20260320,2.1858,5.9488,,1296199.0692,
301088.SZ,20260320,0.8797,2.8664,,323618.0,
688097.SH,20260320,3.5026,9.6254,,2568671.2965,
000951.SZ,20260320,1.8993,3.9254,,2562390.0742,
300529.SZ,20260320,0.8425,1.052,,1457454.6269,
920098.BJ,20260320,0.9559,1.4315,,218426.5111,
003005.SZ,20260320,3.4223,4.3605,,442183.7885,
688525.SH,20260320,8.3128,10.8808,,11158842.2885,
603716.SH,20260320,5.4281,6.3704,,446163.1862,
300549.SZ,20260320,2.7057,3.7132,,226944.68,
002259.SZ,20260320,3.0811,4.2989,,399486.3098,
688108.SH,20260320,1.6346,2.3187,,849278.464,
301113.SZ,20260320,3.5772,8.1138,,225680.0,
001333.SZ,20260320,7.9042,7.9042,,337280.0,
300999.SZ,20260320,2.615,2.615,,16161764.3688,
300329.SZ,20260320,9.7631,17.5976,,391977.609,
600249.SH,20260320,2.1797,3.3993,,323400.0,
300707.SZ,20260320,3.5457,4.2589,,278052.053,
603826.SH,20260320,1.013,3.7403,,1504994.4,
600397.SH,20260320,6.7419,11.115,,1535427.777,
000428.SZ,20260320,1.8037,4.0257,,385154.028,
600866.SH,20260320,2.3506,3.1778,,1237797.0989,
002146.SZ,20260320,3.3528,4.8581,,639180.0861,
300976.SZ,20260320,2.4381,4.4548,,756884.1951,
600648.SH,20260320,0.4532,1.265,,1419748.3556,
300911.SZ,20260320,10.2884,19.5819,,561557.2583,
920879.BJ,20260320,0.8319,1.6491,,343318.2826,
688114.SH,20260320,0.578,1.0891,,2147973.8113,
600967.SH,20260320,1.0092,2.2784,,2503339.9552,
920403.BJ,20260320,7.3057,9.5817,,231809.3996,
688765.SH,20260320,1.9665,1.9665,,2456382.5,
600039.SH,20260320,0.215,1.8538,,8478200.8789,
000031.SZ,20260320,0.5802,1.8887,,1273035.0617,
000738.SZ,20260320,1.6097,3.2122,,2884198.5142,
600888.SH,20260320,4.0991,6.8197,,1250234.1889,
600340.SH,20260320,3.3841,5.568,,571403.1699,
688489.SH,20260320,0.6453,1.537,,459686.6072,
603209.SH,20260320,2.0834,3.4761,,475150.0,
603159.SH,20260320,0.6552,1.4818,,350000.0,
600812.SH,20260320,1.5054,3.3455,,931641.5909,
688561.SH,20260320,1.0679,2.837,,2153189.6001,
600955.SH,20260320,1.1574,2.5234,,855800.0,
002712.SZ,20260320,2.4721,3.9755,,285200.7278,
603566.SH,20260320,1.1942,1.7455,,445036.0831,
920208.BJ,20260320,1.8908,2.1984,,325145.0662,
000061.SZ,20260320,0.643,1.7846,,1683247.0959,
605507.SH,20260320,0.6389,1.3949,,1465235.217,
002082.SZ,20260320,2.7625,5.0451,,1147528.6672,
601108.SH,20260320,0.8359,1.2366,,3719654.5771,
920519.BJ,20260320,1.8194,2.0903,,106217.1438,
301229.SZ,20260320,2.7663,3.6146,,323932.8528,
301378.SZ,20260320,5.006,6.4245,,312307.8,
920981.BJ,20260320,2.4797,3.7657,,219386.692,
601100.SH,20260320,0.8589,2.4089,,13363962.8273,
688075.SH,20260320,0.4024,1.551,,481643.831,
600478.SH,20260320,3.281,4.6064,,1185865.1322,
688600.SH,20260320,1.2621,2.2829,,325186.2949,
301336.SZ,20260320,6.1756,7.7848,,203200.0,
301285.SZ,20260320,5.0981,5.0994,,1611819.33,
920036.BJ,20260320,26.7197,26.7197,,279347.238,
603266.SH,20260320,1.766,3.9407,,366946.0538,
603076.SH,20260320,1.6331,3.3072,,301029.1519,
300880.SZ,20260320,11.3037,25.0987,,482574.4934,
300175.SZ,20260320,1.1441,1.5044,,288129.6,
301281.SZ,20260320,8.7547,12.6078,,530079.55,
300508.SZ,20260320,3.4567,5.6378,,401534.1114,
002058.SZ,20260320,0.7863,1.4817,,292060.804,
688303.SH,20260320,0.7786,3.1133,,4788099.176,
600262.SH,20260320,2.0795,3.3826,,419900.0,
002375.SZ,20260320,1.0761,2.3211,,527958.6202,
000799.SZ,20260320,1.8284,2.65,,1418314.9977,
300333.SZ,20260320,2.3439,2.7368,,317520.0,
301230.SZ,20260320,3.0865,5.0651,,504047.2307,
002386.SZ,20260320,2.5095,3.743,,736732.2433,
300720.SZ,20260320,7.5886,14.5333,,1126975.1714,
600006.SH,20260320,0.7342,1.8404,,1318000.0,
603520.SH,20260320,1.5293,1.9692,,418681.4364,
300703.SZ,20260320,3.0033,4.4902,,353026.8309,
002983.SZ,20260320,2.5148,5.0355,,535671.9797,
002668.SZ,20260320,0.8228,1.6518,,977868.5081,
920694.BJ,20260320,1.2461,2.2993,,240533.1148,
600960.SH,20260320,1.727,3.1263,,485713.4297,
601099.SH,20260320,1.5759,1.769,,2624281.8025,
600526.SH,20260320,1.1992,2.1651,,480788.2364,
300938.SZ,20260320,4.5082,7.3674,,907510.889,
002968.SZ,20260320,1.3962,2.846,,269044.284,
300793.SZ,20260320,1.5637,2.1748,,565870.9592,
002378.SZ,20260320,4.1679,9.6987,,4052381.7874,
600488.SH,20260320,0.8354,1.9037,,436754.672,
001268.SZ,20260320,2.4631,3.4581,,333729.8687,
601198.SH,20260320,0.5697,1.0359,,4247433.4133,
600276.SH,20260320,0.5446,0.8935,,36597520.1052,
605333.SH,20260320,0.52,2.2516,,1170309.9039,
002035.SZ,20260320,1.0635,1.3268,,515373.3997,
605081.SH,20260320,0.9954,1.3819,,102262.106,
301317.SZ,20260320,8.2541,9.6169,,790665.7,
301306.SZ,20260320,20.5136,30.4564,,1112138.8,
688348.SH,20260320,9.9914,26.929,,1024398.5864,
002114.SZ,20260320,3.3595,4.6272,,275856.1628,
688590.SH,20260320,4.2736,5.9748,,365085.6077,
002301.SZ,20260320,1.618,2.816,,508522.0928,
603639.SH,20260320,1.0987,3.1974,,462934.2645,
600130.SH,20260320,2.6747,3.2145,,331500.0,
605377.SH,20260320,1.5147,2.834,,534403.4573,
300094.SZ,20260320,3.9375,5.1169,,368910.6917,
300862.SZ,20260320,3.041,3.4682,,409482.5066,
000692.SZ,20260320,4.3324,6.1883,,215797.3553,
600299.SH,20260320,1.2057,8.4708,,4259334.7124,
688408.SH,20260320,4.8745,8.2311,,955127.263,
300596.SZ,20260320,2.2452,3.3444,,966698.7981,
920092.BJ,20260320,2.8097,4.9917,,193564.5046,
920185.BJ,20260320,0.9678,3.6036,,3351970.7221,
688529.SH,20260320,0.7636,1.3549,,291448.9265,
688616.SH,20260320,1.7901,3.9466,,242878.1708,
603289.SH,20260320,1.9865,5.4268,,324488.2805,
000029.SZ,20260320,0.6399,2.0892,,1986900.24,
002016.SZ,20260320,1.5381,3.8724,,463611.7971,
300760.SZ,20260320,0.5474,1.128,,20553306.5111,
301603.SZ,20260320,3.3048,3.6994,,812231.76,
301216.SZ,20260320,4.9745,7.8628,,1485282.9184,
601899.SH,20260320,1.869,2.6522,,84156505.3881,
002887.SZ,20260320,2.4973,4.4319,,331690.2939,
002392.SZ,20260320,0.919,1.227,,834534.0781,
300573.SZ,20260320,2.0448,2.2535,,1671531.4816,
002713.SZ,20260320,5.5022,7.4136,,1010392.3054,
000963.SZ,20260320,0.4863,1.1614,,6132817.7575,
600715.SH,20260320,1.6091,2.148,,820090.407,
300650.SZ,20260320,4.1381,4.9874,,394210.5634,
301370.SZ,20260320,1.0186,1.9691,,498365.4,
688173.SH,20260320,1.6366,2.9969,,600650.513,
002511.SZ,20260320,1.3202,2.6952,,1099853.0301,
300061.SZ,20260320,2.1421,2.65,,566075.5685,
603367.SH,20260320,1.5267,2.894,,729839.6559,
002966.SZ,20260320,0.6579,0.7808,,3683825.4971,
000758.SZ,20260320,2.3318,3.6236,,1295776.3944,
920106.BJ,20260320,0.9966,1.5562,,365311.0425,
920225.BJ,20260320,2.2167,2.6885,,304859.1834,
688379.SH,20260320,1.758,3.3454,,418447.2404,
000507.SZ,20260320,3.0362,4.3723,,518730.4808,
000757.SZ,20260320,2.4933,3.5946,,258367.3061,
000876.SZ,20260320,0.9359,2.063,,3813849.8372,
688087.SH,20260320,2.4197,4.3255,,779518.0312,
002747.SZ,20260320,1.5013,2.3504,,1976244.441,
600300.SH,20260320,3.6686,5.3102,,559531.1943,
000609.SZ,20260320,3.6264,4.7995,,281010.3252,
002705.SZ,20260320,0.5843,1.7503,,1082230.4147,
601368.SH,20260320,1.5458,3.586,,470624.65,
603348.SH,20260320,0.8333,1.5933,,615746.3419,
920046.BJ,20260320,9.5788,15.7079,,300213.2,
601009.SH,20260320,0.2715,0.621,,14057375.9576,
603300.SH,20260320,5.1732,6.7986,,1388175.3547,
002195.SZ,20260320,4.6952,5.2105,,5301968.6408,
301295.SZ,20260320,5.9286,5.9286,,321451.2,
002573.SZ,20260320,0.8967,1.8845,,553369.4279,
002374.SZ,20260320,2.5394,3.1263,,358119.0634,
300792.SZ,20260320,3.5775,6.4051,,843753.0615,
688155.SH,20260320,1.9791,4.1926,,964327.433,
603332.SH,20260320,5.1856,12.9778,,286443.6716,
301397.SZ,20260320,3.4577,3.4577,,454691.3251,
002645.SZ,20260320,4.31,6.7401,,979684.162,
300527.SZ,20260320,1.0638,2.4072,,812399.5272,
688716.SH,20260320,1.8944,1.895,,406654.56,
000717.SZ,20260320,2.9039,6.1732,,615656.7799,
688793.SH,20260320,8.2761,15.0474,,195525.8282,
300908.SZ,20260320,0.7536,1.5436,,387046.0,
601089.SH,20260320,0.5287,1.9325,,1059840.0,
002168.SZ,20260320,2.0839,2.543,,314449.5106,
300230.SZ,20260320,2.6581,2.9982,,394408.5189,
000782.SZ,20260320,4.3185,4.9283,,368694.2703,
300600.SZ,20260320,1.9443,3.7498,,361908.4104,
002774.SZ,20260320,1.7748,4.41,,349818.7281,
000972.SZ,20260320,0.9083,1.4112,,276890.8049,
000856.SZ,20260320,17.203,24.5757,,276713.0,
603896.SH,20260320,0.9106,1.5597,,380231.8213,
002430.SZ,20260320,1.3416,3.2831,,2715911.8338,
920152.BJ,20260320,1.3372,1.6307,,207986.2956,
688376.SH,20260320,2.6767,6.2192,,875485.8335,
002971.SZ,20260320,2.4959,3.2539,,605831.055,
301299.SZ,20260320,4.9491,7.8375,,398270.1738,
301386.SZ,20260320,6.5022,6.5022,,350140.0,
301587.SZ,20260320,3.8808,4.2737,,356239.2007,
688221.SH,20260320,1.957,3.3212,,684729.7777,
603931.SH,20260320,0.8296,2.2363,,566546.2408,
688567.SH,20260320,1.6034,2.7462,,1669393.9069,
603389.SH,20260320,0.4284,1.0836,,1142445.696,
002825.SZ,20260320,2.0199,3.1244,,350756.5754,
605018.SH,20260320,1.0412,4.7421,,503440.4643,
002132.SZ,20260320,3.5698,4.6579,,521374.6277,
688020.SH,20260320,2.6153,5.498,,697040.326,
300659.SZ,20260320,4.032,4.5944,,366632.4682,
600118.SH,20260320,2.2661,4.6688,,9655023.7873,
300036.SZ,20260320,3.0523,3.0798,,792368.7201,
000837.SZ,20260320,1.8811,3.4403,,1110113.2331,
688699.SH,20260320,2.9861,6.1863,,506407.4086,
300413.SZ,20260320,1.5895,2.7222,,3988376.7776,
920855.BJ,20260320,0.6022,1.9843,,116210.3328,
002324.SZ,20260320,2.3337,2.9479,,1671841.3807,
300004.SZ,20260320,7.6626,10.315,,607671.8951,
300756.SZ,20260320,1.5539,1.5647,,610850.5302,
300915.SZ,20260320,2.2294,3.6773,,301636.7254,
001318.SZ,20260320,0.8669,2.8647,,384417.6,
300373.SZ,20260320,1.5891,3.052,,3993606.2345,
002303.SZ,20260320,2.3749,2.5158,,563527.1161,
603119.SH,20260320,4.1056,4.1056,,2705150.3696,
605117.SH,20260320,3.7266,9.3873,,12787932.2997,
688162.SH,20260320,1.0128,2.4271,,423092.9917,
301276.SZ,20260320,2.4413,3.8413,,301320.0,
920204.BJ,20260320,1.3737,1.9434,,146617.5243,
600595.SH,20260320,2.1174,3.5574,,2821565.2003,
603398.SH,20260320,3.4239,5.4872,,488713.9975,
002588.SZ,20260320,4.1113,6.4651,,1197967.6592,
002649.SZ,20260320,2.4091,2.4638,,696559.9931,
000672.SZ,20260320,1.6031,3.8215,,1250520.1305,
688083.SH,20260320,1.373,2.3767,,915580.7897,
000892.SZ,20260320,3.553,4.8897,,588588.2838,
600839.SH,20260320,1.6112,2.0986,,4159236.044,
603063.SH,20260320,8.8515,10.9259,,1507458.8223,
688548.SH,20260320,3.7403,3.7403,,3064962.7643,
000659.SZ,20260320,5.3764,6.3783,,485995.5526,
300076.SZ,20260320,3.4388,4.8928,,305704.0,
600658.SH,20260320,0.9781,1.8669,,531327.8964,
002697.SZ,20260320,2.3878,3.638,,735760.0,
002376.SZ,20260320,1.732,2.4438,,582794.467,
300661.SZ,20260320,3.9477,5.9675,,4406670.1547,
002515.SZ,20260320,2.0188,2.2394,,714262.3568,
002906.SZ,20260320,1.4132,3.277,,1480271.6956,
600939.SH,20260320,1.002,3.3495,,572644.9581,
603103.SH,20260320,0.9249,7.905,,1463099.4,
301048.SZ,20260320,0.6866,2.7466,,549866.7354,
603686.SH,20260320,4.0687,4.9013,,768546.2474,
603879.SH,20260320,3.7544,5.6312,,201592.2308,
300196.SZ,20260320,4.0156,5.1241,,700949.4561,
002768.SZ,20260320,2.0647,3.0861,,1482150.0,
301566.SZ,20260320,7.1031,7.1031,,880822.02,
688306.SH,20260320,0.5215,1.2855,,1115280.7824,
002135.SZ,20260320,6.8301,11.9659,,748514.434,
003013.SZ,20260320,0.5497,2.4718,,622799.1711,
000526.SZ,20260320,1.0446,1.652,,406163.0763,
600353.SH,20260320,2.8127,4.8451,,1225044.9288,
600750.SH,20260320,2.2514,3.9896,,1725690.0796,
002921.SZ,20260320,3.273,4.2404,,353059.201,
002328.SZ,20260320,16.3842,18.5362,,533293.07,
002024.SZ,20260320,0.4582,1.2762,,1260008.396,
603806.SH,20260320,4.3746,11.4911,,5029649.1602,
000563.SZ,20260320,1.6959,3.0049,,1759205.8032,
600078.SH,20260320,4.1888,7.1969,,764121.7201,
603210.SH,20260320,2.7646,2.7646,,625655.2,
301080.SZ,20260320,2.1265,2.7529,,694623.3227,
603663.SH,20260320,1.6313,3.8334,,1824845.2223,
600815.SH,20260320,10.7253,20.7479,,640448.1073,
002050.SZ,20260320,1.5649,2.7966,,18612045.6345,
300788.SZ,20260320,2.985,11.2643,,604871.9692,
603788.SH,20260320,0.9225,1.8905,,339281.9684,
605259.SH,20260320,1.7531,4.0223,,384802.88,
002117.SZ,20260320,1.493,2.159,,561428.8638,
920925.BJ,20260320,2.2614,3.2999,,172404.5859,
002634.SZ,20260320,1.7651,2.2985,,291688.8458,
000859.SZ,20260320,4.7958,6.7655,,868201.0066,
688360.SH,20260320,1.2236,2.3772,,472104.7439,
688737.SH,20260320,2.2878,3.6412,,298552.579,
300286.SZ,20260320,2.7305,3.853,,695676.633,
603883.SH,20260320,0.9531,1.8226,,1038161.8428,
300517.SZ,20260320,5.8213,7.2885,,224463.0898,
600638.SH,20260320,0.9984,1.595,,420199.5945,
300417.SZ,20260320,7.1595,8.6267,,171298.9536,
002756.SZ,20260320,7.0181,8.01,,3320865.4864,
920245.BJ,20260320,0.7231,1.5049,,121752.75,
688022.SH,20260320,2.2237,3.0146,,257485.8663,
002404.SZ,20260320,1.6812,2.5642,,374674.4809,
600057.SH,20260320,0.9589,2.189,,2246906.1671,
000921.SZ,20260320,0.7906,1.9427,,3088240.4113,
002496.SZ,20260320,2.2769,2.5226,,303025.5251,
601018.SH,20260320,0.1828,1.1589,,8015208.0204,
600749.SH,20260320,1.7322,3.1533,,365868.4134,
002657.SZ,20260320,3.8144,4.167,,780759.3805,
001259.SZ,20260320,2.231,4.3995,,239752.5971,
000981.SZ,20260320,3.5128,6.1003,,4188940.3021,
301032.SZ,20260320,4.4628,8.0909,,303104.6838,
000408.SZ,20260320,1.3636,3.0634,,11443805.2296,
600117.SH,20260320,0.8832,2.4264,,856095.2074,
000601.SZ,20260320,11.9505,16.9842,,866375.4657,
600919.SH,20260320,0.4067,0.5633,,19947889.6913,
300980.SZ,20260320,2.0921,2.4653,,450782.8715,
605266.SH,20260320,0.9578,1.9025,,299040.5657,
603326.SH,20260320,1.3691,4.2825,,291408.5371,
688236.SH,20260320,0.6083,3.3093,,730314.424,
002241.SZ,20260320,2.3116,2.9625,,8307446.0757,
603092.SH,20260320,11.9469,11.9469,,2844400.7111,
300775.SZ,20260320,5.7502,8.1846,,1954199.7471,
300043.SZ,20260320,2.5236,3.6974,,696751.1046,
603685.SH,20260320,1.9203,3.8032,,679323.1876,
688526.SH,20260320,0.4934,1.814,,712243.6696,
000301.SZ,20260320,0.3597,1.0961,,7040960.2876,
920002.BJ,20260320,1.7602,2.8923,,380313.8065,
002164.SZ,20260320,2.1119,3.3378,,639672.7742,
301077.SZ,20260320,1.6352,2.7181,,460913.9301,
300248.SZ,20260320,2.5832,2.7049,,530652.1098,
605298.SH,20260320,0.6988,2.498,,840628.75,
603948.SH,20260320,1.0211,3.7418,,426046.5959,
002796.SZ,20260320,8.9938,13.0922,,1392560.8191,
600655.SH,20260320,0.2986,0.6443,,1868379.971,
600307.SH,20260320,7.5201,18.2502,,1334095.1313,
601006.SH,20260320,0.894,1.7515,,10698151.3672,
603828.SH,20260320,2.2845,4.5917,,360555.8956,
603955.SH,20260320,0.7244,1.1913,,346493.16,
002763.SZ,20260320,1.5846,2.9275,,308262.848,
603711.SH,20260320,0.466,2.5047,,519808.4919,
600982.SH,20260320,5.3779,10.9526,,587872.0571,
300921.SZ,20260320,11.6614,13.9642,,475851.6938,
920275.BJ,20260320,1.0365,2.8075,,117301.9136,
300953.SZ,20260320,3.0956,4.1372,,2724988.1985,
600246.SH,20260320,1.5244,2.0764,,2007106.0627,
600739.SH,20260320,0.7619,1.3612,,1774463.3866,
300790.SZ,20260320,2.5599,2.6343,,904619.6961,
300054.SZ,20260320,5.5809,6.1596,,4320343.037,
688049.SH,20260320,2.2563,2.9746,,813478.5666,
301069.SZ,20260320,1.7406,2.846,,939883.3509,
688130.SH,20260320,2.4768,3.9038,,268499.1198,
688319.SH,20260320,2.0081,2.9799,,1194001.2927,
688395.SH,20260320,1.8055,4.5118,,221083.9792,
600963.SH,20260320,1.6425,2.9127,,852420.4092,
688102.SH,20260320,1.4489,3.1784,,2935190.1214,
300081.SZ,20260320,4.9454,5.5261,,290906.5956,
603051.SH,20260320,3.5962,5.6641,,346864.1948,
000966.SZ,20260320,8.6215,20.607,,1792733.0332,
600101.SH,20260320,6.467,9.4304,,576899.182,
605296.SH,20260320,0.8972,7.2875,,1603680.0614,
002144.SZ,20260320,2.7551,2.9862,,258426.8159,
300485.SZ,20260320,1.9533,2.5353,,509603.0512,
688181.SH,20260320,2.4223,3.0455,,438140.8769,
301609.SZ,20260320,18.685,18.685,,862123.84,
301345.SZ,20260320,4.2118,4.2118,,2181526.6654,
600461.SH,20260320,0.7495,1.367,,1295712.7804,
603117.SH,20260320,2.0289,2.8818,,302594.8597,
600405.SH,20260320,3.4496,3.8408,,352377.0131,
920906.BJ,20260320,1.8139,2.706,,153978.9,
601956.SH,20260320,1.1802,2.2338,,405915.6333,
300389.SZ,20260320,8.8641,17.0375,,743368.0384,
301123.SZ,20260320,2.1831,3.2954,,1255324.0,
000663.SZ,20260320,2.7806,3.9567,,229955.1235,
605588.SH,20260320,1.9257,5.6271,,388360.0493,
688248.SH,20260320,1.0045,3.4405,,3530504.4,
601113.SH,20260320,1.5315,2.0417,,481410.3705,
688429.SH,20260320,9.1711,12.5756,,656001.312,
000793.SZ,20260320,0.7456,0.9634,,543250.7643,
300444.SZ,20260320,9.4418,10.3408,,1136443.5031,
000709.SZ,20260320,1.1518,3.2701,,2460234.8199,
002391.SZ,20260320,2.2138,2.4841,,392353.9002,
003028.SZ,20260320,1.7274,3.199,,415320.57,
001376.SZ,20260320,7.2338,7.2338,,760485.0,
600356.SH,20260320,1.6827,2.4016,,288014.9045,
002349.SZ,20260320,1.3961,2.1278,,612300.0821,
300206.SZ,20260320,3.074,4.0324,,827759.2581,
688150.SH,20260320,4.3351,9.7618,,1522421.3841,
688717.SH,20260320,14.8296,14.8747,,2304000.0,
002470.SZ,20260320,17.337,24.733,,992380.3781,
600498.SH,20260320,6.3317,10.3554,,6011249.2753,
603334.SH,20260320,10.0786,10.0786,,703867.5,
300656.SZ,20260320,2.3506,2.992,,370143.5307,
300477.SZ,20260320,3.1609,3.2111,,286228.9894,
301161.SZ,20260320,1.6107,1.9861,,365160.0,
300893.SZ,20260320,0.9828,1.4758,,1035872.7725,
300853.SZ,20260320,2.5944,2.9095,,291105.9948,
301516.SZ,20260320,12.873,12.873,,510877.1941,
688301.SH,20260320,0.8115,1.305,,2391489.7621,
603886.SH,20260320,1.5663,3.1013,,290880.0,
001324.SZ,20260320,4.6117,6.1185,,263304.0,
605099.SH,20260320,1.7128,16.4347,,1709552.3592,
000019.SZ,20260320,3.4724,5.3387,,858638.7642,
605177.SH,20260320,2.2845,4.6611,,234156.0089,
002315.SZ,20260320,5.6351,6.7601,,1285122.5053,
603097.SH,20260320,1.9354,6.451,,559869.2836,
600763.SH,20260320,1.4013,2.1197,,1900531.4581,
603000.SH,20260320,2.7939,6.4309,,2178211.3803,
603801.SH,20260320,1.1972,2.2269,,402209.3936,
300095.SZ,20260320,2.674,2.9212,,402866.4673,
603060.SH,20260320,1.1185,3.5411,,511318.9944,
600422.SH,20260320,1.2759,1.9927,,886418.6114,
603320.SH,20260320,2.1273,5.2371,,298143.2598,
002451.SZ,20260320,3.584,5.8023,,438907.32,
300471.SZ,20260320,4.9602,6.765,,623430.4773,
000677.SZ,20260320,6.798,9.4613,,430261.0181,
002483.SZ,20260320,1.9074,2.8477,,627619.6364,
300516.SZ,20260320,1.6896,5.2805,,1068480.0,
002267.SZ,20260320,2.6955,7.5784,,896332.8087,
000698.SZ,20260320,1.3903,2.5263,,314693.5277,
300184.SZ,20260320,8.6916,8.9004,,1274192.5591,
301330.SZ,20260320,2.0316,4.9348,,826789.9952,
601002.SH,20260320,3.0178,5.4867,,501081.378,
688121.SH,20260320,3.6308,5.1974,,259311.5433,
002047.SZ,20260320,1.148,1.7371,,876391.7446,
300210.SZ,20260320,1.9221,2.5637,,414976.4997,
002611.SZ,20260320,5.5542,6.6067,,2065734.919,
603528.SH,20260320,1.3536,2.9175,,578156.7773,
688609.SH,20260320,1.3326,1.6151,,414000.0,
301041.SZ,20260320,8.2054,9.5475,,299984.16,
300067.SZ,20260320,5.564,6.869,,522931.682,
920527.BJ,20260320,4.5178,5.4339,,101111.9068,
603329.SH,20260320,1.5813,2.874,,261553.5291,
000700.SZ,20260320,7.2923,11.5411,,1113552.6669,
603069.SH,20260320,1.2538,2.9236,,571012.0,
600976.SH,20260320,0.7083,0.9766,,479063.8278,
300947.SZ,20260320,2.0088,3.261,,255876.1193,
300846.SZ,20260320,16.7058,18.1225,,1514219.9042,
000007.SZ,20260320,2.1791,3.2813,,485720.1577,
003816.SZ,20260320,0.4707,2.751,,20754982.6168,
000788.SZ,20260320,1.9944,2.9744,,340904.8071,
920931.BJ,20260320,2.8699,2.8699,,117224.64,
002632.SZ,20260320,5.9601,13.046,,809480.4206,
301277.SZ,20260320,0.7767,3.0146,,462652.512,
300142.SZ,20260320,4.4512,4.4512,,2000785.0248,
920508.BJ,20260320,1.7363,2.7588,,123480.0,
002332.SZ,20260320,1.0442,1.3328,,886327.5599,
002762.SZ,20260320,1.1794,1.5178,,237550.775,
603232.SH,20260320,4.1943,5.8878,,500467.7329,
300025.SZ,20260320,3.0795,3.6615,,281362.4859,
300605.SZ,20260320,5.0846,5.4965,,231359.8006,
300033.SZ,20260320,2.9008,4.5649,,16993536.0,
301223.SZ,20260320,3.2198,6.851,,382199.4412,
000655.SZ,20260320,1.3391,3.2197,,536401.5472,
605009.SH,20260320,0.4792,1.4367,,616163.9754,
688458.SH,20260320,1.6174,1.6174,,393278.1539,
603271.SH,20260320,1.7065,1.9931,,811666.72,
600674.SH,20260320,0.6793,2.0178,,7604386.6517,
603198.SH,20260320,0.4039,1.4541,,2680000.0,
002603.SZ,20260320,0.6219,1.1367,,2736615.4059,
002351.SZ,20260320,1.0764,1.3779,,985130.556,
300816.SZ,20260320,5.7079,7.6023,,507920.0,
001266.SZ,20260320,9.5672,15.5042,,362220.1063,
002190.SZ,20260320,1.8406,3.7712,,1101299.083,
002728.SZ,20260320,3.2502,3.4181,,550451.6782,
300963.SZ,20260320,3.9589,4.9162,,816379.2,
002444.SZ,20260320,1.0146,1.7407,,3571489.7642,
603648.SH,20260320,0.8502,1.6836,,359875.9104,
601825.SH,20260320,0.1553,0.2615,,8477466.6672,
301232.SZ,20260320,6.2608,6.9202,,1231986.0297,
000753.SZ,20260320,1.4562,2.3399,,634547.8854,
603569.SH,20260320,0.8225,2.8421,,412798.9597,
002291.SZ,20260320,3.7051,4.4257,,603159.0777,
300721.SZ,20260320,5.9058,8.751,,226993.9596,
002167.SZ,20260320,3.5928,4.8267,,969890.9716,
920641.BJ,20260320,23.328,36.6083,,155255.1,
001368.SZ,20260320,5.5351,5.5351,,288007.4683,
300169.SZ,20260320,4.8117,4.9152,,201784.3065,
603721.SH,20260320,0.8839,1.7814,,256490.0,
300171.SZ,20260320,1.5326,2.3314,,1115045.6262,
301203.SZ,20260320,2.1504,2.4914,,339840.0,
301087.SZ,20260320,1.3988,3.0664,,1158960.556,
300959.SZ,20260320,6.2186,8.7072,,643022.7678,
688661.SH,20260320,2.227,4.7708,,1342080.8305,
600166.SH,20260320,1.6791,3.0303,,2232706.9035,
002955.SZ,20260320,1.3186,2.3442,,583790.6629,
301097.SZ,20260320,7.5739,11.9511,,302989.4715,
601838.SH,20260320,0.4277,0.8243,,7243486.0234,
002456.SZ,20260320,2.5826,2.831,,3035789.0539,
000802.SZ,20260320,1.6355,2.1094,,281348.8002,
301225.SZ,20260320,3.4598,3.4598,,1016225.4,
301170.SZ,20260320,5.2454,5.2454,,284400.0,
002207.SZ,20260320,15.8545,22.6957,,265200.0425,
600784.SH,20260320,1.0583,1.6551,,460794.8529,
301357.SZ,20260320,6.0835,6.0835,,1057576.8,
002725.SZ,20260320,10.6872,15.1927,,398080.0,
000010.SZ,20260320,6.8575,8.2227,,529989.7066,
603218.SH,20260320,3.1446,7.7289,,1535208.4625,
301312.SZ,20260320,17.136,28.2294,,1021916.101,
600036.SH,20260320,0.2985,0.5255,,100248886.264,
603790.SH,20260320,1.5279,3.9228,,413911.68,
600853.SH,20260320,1.2962,2.3173,,399528.5079,
002596.SZ,20260320,2.1797,3.0288,,436080.5968,
603658.SH,20260320,0.2851,0.9852,,1957129.8304,
002912.SZ,20260320,2.0448,3.0698,,477934.848,
002227.SZ,20260320,2.5544,5.4964,,227238.2579,
300822.SZ,20260320,0.886,2.7995,,457958.214,
601188.SH,20260320,1.9417,3.9143,,446470.7109,
300983.SZ,20260320,1.084,2.3436,,518745.6,
301122.SZ,20260320,1.9828,3.3898,,376394.381,
002010.SZ,20260320,0.8038,1.9556,,1619722.1121,
601611.SH,20260320,2.8275,8.5036,,4445405.4627,
600693.SH,20260320,2.988,6.6485,,954221.3319,
002940.SZ,20260320,1.633,2.7708,,585213.4676,
000039.SZ,20260320,1.8065,2.3404,,5791566.8935,
002508.SZ,20260320,0.4369,0.9204,,1933345.0221,
603020.SH,20260320,1.0456,1.5845,,396651.0961,
688809.SH,20260320,5.9917,5.9917,,4473423.5104,
300515.SZ,20260320,1.0263,2.0243,,373444.4175,
688562.SH,20260320,3.0774,3.0774,,758000.0,
301338.SZ,20260320,6.9091,11.2305,,1830080.0,
000911.SZ,20260320,2.5526,5.4554,,265412.0393,
601555.SH,20260320,0.9922,1.3844,,4069367.6235,
002980.SZ,20260320,15.9039,25.4806,,704951.1175,
600425.SH,20260320,1.4851,2.4382,,680394.3718,
002606.SZ,20260320,4.896,6.7953,,509324.9352,
920703.BJ,20260320,1.0464,1.6176,,213274.46,
002543.SZ,20260320,3.3927,9.2927,,689317.2,
002642.SZ,20260320,3.027,3.8333,,515371.0638,
603035.SH,20260320,1.2702,1.8744,,519113.8124,
600649.SH,20260320,1.3721,2.9151,,1137043.3487,
002571.SZ,20260320,1.5792,2.2838,,461325.9739,
600184.SH,20260320,1.5945,3.2423,,900896.6655,
300212.SZ,20260320,7.1606,11.0404,,827876.2853,
000078.SZ,20260320,1.7255,3.2141,,802492.5934,
603970.SH,20260320,1.5981,3.9654,,337344.1682,
300882.SZ,20260320,2.0951,6.4601,,621056.578,
300128.SZ,20260320,1.6091,2.2206,,815844.4787,
300491.SZ,20260320,4.934,6.3804,,442696.3355,
002677.SZ,20260320,1.1458,2.4936,,525239.989,
688702.SH,20260320,3.5931,6.828,,6917520.0,
603717.SH,20260320,4.3116,6.3004,,194397.9808,
001202.SZ,20260320,2.1143,4.3531,,276540.5515,
603351.SH,20260320,0.5308,1.2208,,336159.9256,
600051.SH,20260320,2.7274,3.8459,,233470.88,
002988.SZ,20260320,1.241,2.7667,,750812.9126,
600636.SH,20260320,2.7853,4.8078,,346084.4368,
605089.SH,20260320,0.6471,2.455,,336720.0,
000530.SZ,20260320,2.1892,3.0612,,510986.7792,
300950.SZ,20260320,2.4871,3.2043,,325116.432,
002674.SZ,20260320,1.2009,2.4296,,375645.2498,
300777.SZ,20260320,2.7016,3.3104,,1606691.3402,
301519.SZ,20260320,5.1164,6.0903,,227754.8165,
301060.SZ,20260320,1.3382,2.6219,,402920.102,
688432.SH,20260320,1.0533,4.1502,,1812937.6941,
000990.SZ,20260320,9.1617,17.1575,,1130170.9076,
301198.SZ,20260320,2.5969,5.0793,,251810.0,
920718.BJ,20260320,1.1086,1.8544,,117866.71,
600676.SH,20260320,1.2645,2.3564,,766227.2433,
300686.SZ,20260320,2.4928,2.496,,375038.2526,
688055.SH,20260320,0.799,7.6945,,1386666.6944,
002119.SZ,20260320,7.1321,9.5402,,800480.772,
000652.SZ,20260320,0.8158,1.2177,,572522.6546,
600824.SH,20260320,1.1352,1.8816,,427934.9916,
600011.SH,20260320,1.1969,3.008,,11836362.3927,
301208.SZ,20260320,4.3931,5.7904,,416400.2082,
600305.SH,20260320,0.756,1.2971,,847557.1904,
600292.SH,20260320,1.5104,2.6847,,6219892.8054,
920781.BJ,20260320,3.1121,3.3905,,122880.8079,
600406.SH,20260320,1.0633,2.477,,22007011.8674,
000055.SZ,20260320,2.0878,2.7264,,385520.8475,
000997.SZ,20260320,1.0248,1.478,,2128518.7194,
000049.SZ,20260320,6.1943,11.3666,,1067371.9319,
301213.SZ,20260320,5.2237,9.9496,,540319.9932,
002440.SZ,20260320,4.1669,6.2439,,1264499.8931,
920892.BJ,20260320,0.4202,1.2933,,257741.5971,
605196.SH,20260320,3.0802,4.7419,,2165629.7859,
002534.SZ,20260320,1.4499,4.3623,,1438644.4396,
600881.SH,20260320,1.2391,1.4638,,536537.064,
688231.SH,20260320,2.4446,6.1132,,764516.5719,
003037.SZ,20260320,0.7266,2.2004,,425942.0961,
688386.SH,20260320,1.3685,1.9918,,759119.8689,
603111.SH,20260320,0.7129,0.9573,,568940.2435,
002984.SZ,20260320,1.3732,1.7724,,1892745.377,
600372.SH,20260320,0.7523,1.6815,,6382504.655,
301098.SZ,20260320,5.8341,6.2319,,155241.6287,
603120.SH,20260320,5.0168,5.0168,,353283.2,
301469.SZ,20260320,2.7182,5.4357,,283651.6,
688012.SH,20260320,1.3738,1.9227,,19366674.3455,
600971.SH,20260320,1.7151,3.808,,901203.6679,
300992.SZ,20260320,7.9861,12.0864,,313379.8386,
002192.SZ,20260320,5.9903,8.1057,,1378249.8175,
688373.SH,20260320,1.5083,2.2674,,395705.7131,
300736.SZ,20260320,3.5859,4.7542,,253565.8302,
688212.SH,20260320,0.8742,1.2175,,505668.0138,
002022.SZ,20260320,1.6916,2.0792,,295750.9959,
300236.SZ,20260320,4.2146,5.6286,,2447508.7496,
000863.SZ,20260320,3.142,5.8963,,628132.1659,
301589.SZ,20260320,2.5912,2.7772,,1570599.072,
600683.SH,20260320,6.6849,15.1183,,804484.4703,
603859.SH,20260320,1.5817,2.1594,,950650.5684,
000728.SZ,20260320,0.6815,1.1614,,3381927.8655,
603375.SH,20260320,2.722,4.4695,,374480.0012,
920642.BJ,20260320,1.3943,2.5779,,128654.815,
688244.SH,20260320,2.5601,5.9145,,292261.5008,
002738.SZ,20260320,4.3352,5.0792,,4891714.9261,
688009.SH,20260320,0.5271,2.2646,,5983247.735,
000420.SZ,20260320,10.1336,12.7491,,1096655.281,
920553.BJ,20260320,0.7881,1.2679,,129465.1045,
688690.SH,20260320,1.1578,1.9879,,969559.2508,
603284.SH,20260320,16.1531,16.1531,,356938.2484,
300995.SZ,20260320,2.3695,4.1923,,281134.6593,
688533.SH,20260320,0.9796,3.5454,,431276.1252,
301158.SZ,20260320,10.1125,18.4891,,375625.534,
601118.SH,20260320,1.333,3.7397,,2854378.3406,
603285.SH,20260320,2.9791,2.9791,,501280.0,
000989.SZ,20260320,1.3239,2.0128,,758364.6226,
601179.SH,20260320,4.9012,10.1838,,8355188.2338,
300453.SZ,20260320,4.799,5.5191,,494413.8084,
300991.SZ,20260320,4.5424,6.1213,,773856.0,
301008.SZ,20260320,1.5031,2.9311,,384377.0918,
002194.SZ,20260320,2.8258,3.6313,,785778.6769,
002322.SZ,20260320,2.7348,3.9912,,519049.7174,
300056.SZ,20260320,3.2558,3.5771,,342701.0038,
300567.SZ,20260320,3.6062,4.3788,,3621026.2698,
688502.SH,20260320,1.3134,3.8959,,1620960.0,
600795.SH,20260320,1.2863,2.904,,8864302.6838,
300965.SZ,20260320,1.098,3.711,,312000.0,
300922.SZ,20260320,2.6662,3.1768,,303394.87,
300614.SZ,20260320,2.2504,3.9398,,221087.2557,
001696.SZ,20260320,4.2537,5.3787,,2295778.9746,
000056.SZ,20260320,5.2501,6.5661,,219950.2489,
920145.BJ,20260320,1.0025,1.6227,,113444.4,
600309.SH,20260320,1.3497,2.3209,,24104631.5202,
300106.SZ,20260320,3.513,6.0382,,211543.6423,
600271.SH,20260320,0.9834,1.8563,,1650920.2125,
600095.SH,20260320,0.7414,2.4037,,2744820.2333,
301083.SZ,20260320,2.6822,4.0542,,326029.6006,
603075.SH,20260320,9.3016,9.3016,,864533.7224,
002033.SZ,20260320,1.9939,3.6403,,511026.3612,
688195.SH,20260320,12.2557,18.7768,,3028212.85,
002856.SZ,20260320,12.9891,20.2387,,152091.5962,
002600.SZ,20260320,1.0106,2.3782,,9791846.2932,
600754.SH,20260320,1.3014,2.7807,,2994166.0308,
002789.SZ,20260320,3.6259,7.6139,,184524.7822,
688072.SH,20260320,2.2509,3.5665,,9821932.1059,
300240.SZ,20260320,2.5216,4.2966,,262695.0057,
301329.SZ,20260320,4.5785,4.5785,,376993.0,
300405.SZ,20260320,7.4022,8.8462,,178870.4101,
002393.SZ,20260320,3.5119,7.3804,,561281.7309,
920826.BJ,20260320,2.4074,2.5417,,147682.1205,
300724.SZ,20260320,18.8903,20.7075,,4496449.7975,
001288.SZ,20260320,1.5983,2.8101,,718029.3675,
603214.SH,20260320,4.3657,6.7515,,217784.9366,
688677.SH,20260320,0.7766,1.1765,,464883.006,
300780.SZ,20260320,4.623,5.2447,,300820.17,
300365.SZ,20260320,5.2175,5.5342,,406702.008,
300948.SZ,20260320,4.1245,6.3543,,327728.9278,
920454.BJ,20260320,1.425,2.3086,,142620.7,
605299.SH,20260320,9.0021,29.8156,,625707.3537,
300663.SZ,20260320,3.1621,3.3479,,680836.2013,
688597.SH,20260320,2.2387,3.0619,,307830.9637,
301489.SZ,20260320,5.798,6.0313,,1423125.3981,
920022.BJ,20260320,5.5847,5.5847,,170346.504,
600035.SH,20260320,0.7816,1.6979,,631165.4332,
300293.SZ,20260320,1.1883,2.3529,,587866.9901,
603888.SH,20260320,1.8411,4.8736,,1360946.8849,
300802.SZ,20260320,3.0956,4.2825,,549407.3452,
000401.SZ,20260320,1.3296,3.682,,1353032.34,
600191.SH,20260320,1.1681,2.5028,,580948.536,
300355.SZ,20260320,2.9903,3.2002,,625654.4116,
920299.BJ,20260320,5.6415,8.1043,,233923.6805,
300476.SZ,20260320,3.8684,5.6122,,24319917.4279,
300416.SZ,20260320,2.8635,4.1025,,848257.7404,
600250.SH,20260320,5.3282,11.2519,,362838.0286,
605358.SH,20260320,1.8664,2.4995,,2325651.2997,
603682.SH,20260320,3.0547,7.273,,314212.5,
605289.SH,20260320,6.1101,12.3179,,1231784.75,
301518.SZ,20260320,4.8421,4.9194,,608498.9812,
688298.SH,20260320,0.9875,1.9198,,451584.0,
603505.SH,20260320,1.1665,2.5747,,1517528.8698,
600573.SH,20260320,2.9547,5.9186,,298500.0,
300249.SZ,20260320,8.9078,11.1647,,778782.7734,
000059.SZ,20260320,1.9021,3.5914,,890889.4931,
600830.SH,20260320,2.033,2.9669,,408890.4723,
688061.SH,20260320,7.4596,7.4596,,405674.4396,
600868.SH,20260320,7.4349,8.0065,,692824.2678,
605168.SH,20260320,1.2543,2.7197,,711718.1447,
920971.BJ,20260320,1.7271,3.3543,,273123.7172,
002202.SZ,20260320,7.173,10.6511,,12333462.8492,
600052.SH,20260320,1.2206,1.9986,,339366.2859,
601577.SH,20260320,0.3596,0.6155,,3937101.1252,
301035.SZ,20260320,0.3892,1.1971,,2069282.0784,
600125.SH,20260320,1.6819,2.403,,839450.565,
002535.SZ,20260320,1.6775,2.5834,,280589.0759,
002242.SZ,20260320,0.8366,2.5773,,785144.493,
603217.SH,20260320,1.1822,3.1368,,484844.108,
600308.SH,20260320,1.315,2.1838,,577927.5371,
605188.SH,20260320,0.5945,3.3993,,834919.827,
920005.BJ,20260320,1.9054,1.9054,,299796.0,
300146.SZ,20260320,1.1498,1.3664,,1923436.7842,
920505.BJ,20260320,2.238,4.5171,,258043.8299,
601801.SH,20260320,0.5903,2.6859,,1280487.029,
920221.BJ,20260320,0.9745,1.6236,,164312.64,
300879.SZ,20260320,7.5697,14.5844,,526844.1623,
603190.SH,20260320,3.3002,3.3488,,308610.12,
688711.SH,20260320,2.4727,3.0056,,587283.7375,
920833.BJ,20260320,2.9833,5.1477,,137211.76,
601991.SH,20260320,2.6584,9.8119,,7772818.4117,
002129.SZ,20260320,4.8132,6.8694,,3986512.1522,
300645.SZ,20260320,4.2312,6.011,,248544.216,
600572.SH,20260320,1.181,1.7352,,1095843.6177,
300386.SZ,20260320,2.3768,2.9273,,620377.296,
600233.SH,20260320,0.5899,1.2294,,6797233.2966,
603319.SH,20260320,2.2117,2.8913,,1189397.9207,
603110.SH,20260320,9.4299,11.6194,,324377.492,
600667.SH,20260320,9.6588,14.5283,,2233767.0461,
920278.BJ,20260320,1.9696,2.1871,,143613.5,
688416.SH,20260320,8.839,13.5985,,693927.56,
002218.SZ,20260320,7.8616,12.7365,,846399.3089,
603178.SH,20260320,0.9338,2.3929,,364310.7086,
920493.BJ,20260320,6.7789,9.2483,,926092.8716,
600731.SH,20260320,1.8996,2.5074,,393913.4033,
603600.SH,20260320,0.6689,1.3856,,347285.2617,
301273.SZ,20260320,2.9584,5.4351,,213635.8237,
002771.SZ,20260320,6.1846,6.3157,,325763.6473,
920427.BJ,20260320,2.333,3.9424,,123920.19,
600594.SH,20260320,2.3211,3.0309,,291429.2832,
603993.SH,20260320,1.7447,4.2902,,37547014.3589,
301037.SZ,20260320,5.4867,9.4287,,203959.4834,
600060.SH,20260320,0.6483,1.2427,,2870938.9588,
603156.SH,20260320,0.7375,1.8227,,3880394.6257,
601598.SH,20260320,0.278,1.3901,,4146428.2092,
300275.SZ,20260320,2.459,2.5701,,337573.5545,
000026.SZ,20260320,0.8875,1.6049,,565229.2618,
603636.SH,20260320,2.2018,3.3041,,549021.0548,
920571.BJ,20260320,11.8633,15.512,,585954.8629,
002640.SZ,20260320,2.9765,3.2357,,545314.4655,
600021.SH,20260320,1.6586,3.8788,,5473195.7933,
001226.SZ,20260320,2.0718,3.3847,,318602.8089,
300910.SZ,20260320,1.4377,2.0243,,1441500.7391,
000978.SZ,20260320,2.2221,4.4011,,333776.69,
603683.SH,20260320,3.981,5.932,,808255.9378,
000037.SZ,20260320,18.662,31.6021,,626873.0998,
920175.BJ,20260320,1.2308,1.4772,,123522.0,
601606.SH,20260320,2.4684,6.0045,,2794073.1672,
600084.SH,20260320,0.6215,1.4225,,783237.6005,
300170.SZ,20260320,8.6341,8.7531,,2152810.5064,
002323.SZ,20260320,22.9029,29.9276,,540818.0612,
920405.BJ,20260320,4.4266,8.2194,,335361.66,
600409.SH,20260320,2.2247,4.0832,,1449173.3125,
688260.SH,20260320,2.3683,3.9157,,324600.0,
300761.SZ,20260320,1.1748,2.1761,,1775011.6389,
601609.SH,20260320,1.2761,2.6176,,1687150.8764,
002177.SZ,20260320,17.2866,17.754,,589923.2529,
605268.SH,20260320,4.0365,22.5436,,544489.05,
002486.SZ,20260320,4.5846,5.8332,,232447.8342,
300589.SZ,20260320,6.8027,7.8593,,592561.0857,
301331.SZ,20260320,0.9441,2.6141,,271223.0141,
600550.SH,20260320,4.0004,8.964,,2867259.8434,
300270.SZ,20260320,2.0967,2.8852,,318551.9415,
000798.SZ,20260320,4.9923,10.5207,,365126.9946,
301282.SZ,20260320,13.342,21.7472,,497703.9146,
603712.SH,20260320,1.4922,2.8867,,1316260.0,
688079.SH,20260320,4.5547,10.2287,,531916.8988,
601686.SH,20260320,0.6444,1.2709,,851772.5435,
002860.SZ,20260320,2.6733,4.2659,,461870.8705,
000333.SZ,20260320,0.3198,0.4679,,57115810.7092,
605228.SH,20260320,4.7917,13.8539,,668900.8253,
300511.SZ,20260320,2.9877,3.0646,,433212.5828,
301148.SZ,20260320,3.5466,5.5389,,587727.7686,
000610.SZ,20260320,2.8223,3.8509,,213073.1109,
300497.SZ,20260320,5.0129,5.4406,,805818.8053,
002570.SZ,20260320,5.5942,6.3774,,624265.0465,
600793.SH,20260320,1.6625,3.617,,325503.3637,
920580.BJ,20260320,2.5807,3.8854,,117304.0,
002229.SZ,20260320,10.444,10.444,,854441.7423,
000619.SZ,20260320,2.7266,4.0964,,258966.1038,
002790.SZ,20260320,1.5782,2.8887,,324268.9048,
300097.SZ,20260320,2.5316,2.9109,,230839.7352,
601918.SH,20260320,2.5308,4.747,,2012850.9786,
002985.SZ,20260320,2.487,4.6406,,1197991.496,
002538.SZ,20260320,2.2155,3.2827,,600049.7014,
603053.SH,20260320,1.0354,5.4494,,911112.25,
603679.SH,20260320,4.4661,6.7219,,250183.9459,
600619.SH,20260320,3.4998,5.3477,,1824685.4902,
300679.SZ,20260320,2.4181,3.2292,,1453309.22,
603757.SH,20260320,8.6299,19.8508,,879570.3262,
603516.SH,20260320,2.4727,3.5747,,3019143.748,
600771.SH,20260320,0.9716,1.1453,,802765.4712,
000962.SZ,20260320,3.0936,5.2558,,2249170.3139,
002920.SZ,20260320,1.1078,2.2007,,6612646.9775,
605500.SH,20260320,0.8824,3.73,,372960.0,
688039.SH,20260320,2.0333,3.8637,,483328.2229,
300852.SZ,20260320,3.544,7.6391,,731013.3854,
002652.SZ,20260320,11.1554,15.9354,,237085.632,
920662.BJ,20260320,9.6231,10.3003,,230431.6053,
600575.SH,20260320,2.6643,7.2543,,2938384.7897,
000509.SZ,20260320,7.359,12.3777,,487200.1356,
603081.SH,20260320,1.2361,2.1177,,503196.4865,
601698.SH,20260320,0.8819,4.0091,,13906676.7763,
300989.SZ,20260320,2.0948,2.8298,,312009.1508,
920035.BJ,20260320,5.3859,5.3859,,203342.75,
300819.SZ,20260320,4.5012,11.1781,,638448.195,
001378.SZ,20260320,3.784,3.784,,322400.6448,
688505.SH,20260320,0.5336,1.2281,,810599.3822,
605158.SH,20260320,0.6198,2.254,,383565.0,
688193.SH,20260320,1.9596,3.5886,,195941.6643,
300612.SZ,20260320,5.2766,6.6547,,269238.108,
300235.SZ,20260320,3.8033,4.848,,318207.7466,
600360.SH,20260320,1.3473,1.7344,,855623.1159,
300161.SZ,20260320,2.1216,3.1568,,573041.8769,
001282.SZ,20260320,5.0527,6.9673,,454591.7376,
300779.SZ,20260320,4.1243,4.9977,,1813021.1839,
300434.SZ,20260320,1.6245,2.762,,391700.2752,
000695.SZ,20260320,6.6393,9.4705,,303131.7978,
920112.BJ,20260320,0.805,0.805,,296975.0,
000905.SZ,20260320,1.694,3.5409,,811539.6991,
301332.SZ,20260320,1.0514,1.4234,,420021.875,
301278.SZ,20260320,10.1,12.2977,,383681.7276,
920725.BJ,20260320,8.5016,13.3709,,281127.0,
920068.BJ,20260320,7.8567,7.8567,,1490834.4341,
000573.SZ,20260320,3.2774,4.1349,,261695.0476,
300521.SZ,20260320,1.665,2.2086,,415949.94,
600639.SH,20260320,1.5293,4.3905,,1244755.8983,
301149.SZ,20260320,3.6242,4.6122,,507400.0212,
600835.SH,20260320,0.9547,2.4409,,2310368.0968,
000973.SZ,20260320,8.9984,8.9984,,3866806.4329,
000501.SZ,20260320,0.7828,1.3734,,659026.7705,
000822.SZ,20260320,5.2055,8.7248,,517363.1332,
688588.SH,20260320,1.0213,1.9192,,491212.2837,
688123.SH,20260320,5.2201,6.8432,,1972373.7503,
688777.SH,20260320,2.2699,2.9345,,5300969.8309,
920078.BJ,20260320,63.6049,63.6049,,348960.0,
301339.SZ,20260320,0.8734,2.9611,,790413.9818,
603808.SH,20260320,1.2536,2.829,,349900.0483,
688280.SH,20260320,5.2508,6.2965,,597894.5487,
920160.BJ,20260320,4.0503,4.0503,,260770.56,
600048.SH,20260320,0.6439,1.0863,,7373793.1455,
000881.SZ,20260320,1.3229,2.2568,,711905.6387,
300335.SZ,20260320,18.5918,20.4197,,360144.3529,
300811.SZ,20260320,5.9435,9.1071,,2266817.8214,
603262.SH,20260320,2.2735,2.2735,,1058026.45,
601020.SH,20260320,3.7162,4.8925,,2295901.1544,
603578.SH,20260320,3.1762,7.3203,,308959.9445,
000838.SZ,20260320,3.4556,5.1906,,241001.2152,
603052.SH,20260320,7.1522,21.6417,,1150119.2631,
920168.BJ,20260320,7.3676,7.3676,,171921.5658,
300748.SZ,20260320,1.9423,3.3485,,4228561.499,
001326.SZ,20260320,6.7962,7.8194,,404722.8,
001279.SZ,20260320,2.2478,2.2478,,505440.0,
002126.SZ,20260320,2.2452,2.3831,,3640779.0703,
301479.SZ,20260320,4.9022,5.7897,,867411.9968,
920735.BJ,20260320,1.1346,1.6568,,374003.3761,
600366.SH,20260320,1.7054,2.5809,,1296868.4402,
600350.SH,20260320,0.1103,0.8339,,4994111.6622,
688320.SH,20260320,1.2081,1.719,,453192.0177,
688819.SH,20260320,0.5466,3.9389,,3086417.5,
688170.SH,20260320,7.2371,10.219,,498401.92,
600601.SH,20260320,1.9013,3.053,,4273742.887,
603778.SH,20260320,23.4226,32.2082,,1589730.5725,
603927.SH,20260320,1.1035,1.6584,,1446009.6,
920111.BJ,20260320,1.8488,2.9378,,375163.581,
603107.SH,20260320,1.2466,1.882,,488798.415,
000006.SZ,20260320,1.9519,3.0978,,1185295.6504,
600635.SH,20260320,3.331,4.5525,,1736031.5889,
300231.SZ,20260320,9.0684,11.7186,,528262.949,
688247.SH,20260320,0.407,1.2309,,427499.62,
605488.SH,20260320,1.5672,3.5048,,985900.9533,
300412.SZ,20260320,4.2142,5.5846,,265304.2875,
301622.SZ,20260320,2.617,2.617,,704286.171,
301196.SZ,20260320,13.2773,23.4685,,1158901.4398,
300026.SZ,20260320,1.3246,2.0492,,1027420.9543,
002973.SZ,20260320,0.9857,1.2464,,548837.9988,
688210.SH,20260320,1.5295,2.2926,,645331.1432,
300932.SZ,20260320,7.0281,11.1863,,448145.5972,
688807.SH,20260320,17.5844,17.5844,,1761520.0,
300586.SZ,20260320,1.8523,2.7811,,655741.7467,
688107.SH,20260320,2.9184,8.6233,,1192927.7162,
002767.SZ,20260320,2.4767,5.3482,,312900.0,
603863.SH,20260320,3.0953,4.3521,,400500.05,
002139.SZ,20260320,1.1534,1.2135,,1556050.065,
688297.SH,20260320,1.9737,5.0406,,3462750.0,
300503.SZ,20260320,4.9118,6.5722,,1532811.8018,
920060.BJ,20260320,9.1109,12.3242,,541431.0449,
300817.SZ,20260320,1.5021,1.9084,,395556.4109,
300955.SZ,20260320,1.5611,3.5077,,338688.0,
002060.SZ,20260320,3.1108,4.3637,,1482985.3306,
002877.SZ,20260320,7.7775,10.1784,,317056.7322,
301600.SZ,20260320,3.2547,3.2547,,1087776.0645,
002250.SZ,20260320,2.5266,3.4238,,1357908.6845,
000503.SZ,20260320,1.4588,2.0122,,802987.027,
002492.SZ,20260320,2.3729,4.1069,,309015.0,
301086.SZ,20260320,3.745,5.218,,1097100.0,
688411.SH,20260320,7.7083,9.7539,,4880506.5332,
688095.SH,20260320,2.1472,3.57,,661260.2347,
300860.SZ,20260320,2.0994,3.4681,,483941.4567,
301510.SZ,20260320,1.6347,1.8162,,1264031.6,
000537.SZ,20260320,7.0335,22.4072,,2293928.6107,
600312.SH,20260320,1.8637,3.1816,,2853605.5128,
300909.SZ,20260320,2.069,3.1674,,665772.9962,
600622.SH,20260320,1.455,2.5415,,395916.9461,
603588.SH,20260320,4.6701,5.6936,,2126435.302,
002432.SZ,20260320,16.5459,25.3091,,2899589.0264,
688050.SH,20260320,1.5059,2.068,,1002021.8497,
300592.SZ,20260320,2.8308,4.7812,,484020.6784,
600684.SH,20260320,3.6821,5.344,,568522.1815,
920378.BJ,20260320,0.7433,1.1732,,140284.452,
002815.SZ,20260320,6.1087,7.4943,,1826543.9595,
688068.SH,20260320,2.6096,3.7449,,1051678.8714,
002862.SZ,20260320,2.5757,3.1108,,271152.0,
300408.SZ,20260320,1.244,1.9206,,10444910.672,
600819.SH,20260320,0.9413,2.5172,,725730.5052,
300580.SZ,20260320,1.3409,3.1304,,1088533.4253,
603086.SH,20260320,2.9838,4.5441,,324805.4178,
300103.SZ,20260320,2.4714,3.2856,,226767.114,
603982.SH,20260320,2.0511,3.4328,,283705.2291,
603022.SH,20260320,3.7781,6.3252,,206600.0,
300009.SZ,20260320,1.1004,1.2415,,1537615.0514,
603079.SH,20260320,2.2535,4.2519,,315490.4425,
300681.SZ,20260320,2.0965,2.2112,,662303.7558,
002560.SZ,20260320,4.684,5.1981,,505760.5043,
300299.SZ,20260320,2.6872,3.7771,,421773.3519,
002879.SZ,20260320,3.851,4.3972,,396643.0926,
920267.BJ,20260320,2.2123,3.0565,,95317.4685,
603352.SH,20260320,16.1329,16.1329,,930240.0014,
920057.BJ,20260320,0.9322,1.0494,,114739.667,
300399.SZ,20260320,3.2842,5.9712,,427211.2,
920076.BJ,20260320,7.2303,7.2303,,189181.2186,
688201.SH,20260320,2.9865,5.1059,,465898.9557,
603387.SH,20260320,16.6574,29.7143,,489403.1439,
300767.SZ,20260320,2.9425,3.9683,,550095.4367,
300758.SZ,20260320,3.25,5.3339,,547985.7627,
000528.SZ,20260320,1.7597,2.3776,,1934795.7764,
000712.SZ,20260320,1.7643,2.5838,,947968.0,
000679.SZ,20260320,1.8346,2.5501,,232372.8,
603290.SH,20260320,3.3258,7.0735,,2604752.8897,
603207.SH,20260320,1.811,1.811,,439521.06,
603039.SH,20260320,1.5682,3.3103,,1038538.4837,
601929.SH,20260320,2.7762,4.0468,,1053916.0267,
002101.SZ,20260320,1.0111,2.0577,,749416.3976,
688633.SH,20260320,1.3816,4.1278,,345622.717,
300269.SZ,20260320,16.5491,19.6809,,457960.9301,
301588.SZ,20260320,5.854,7.277,,289324.1132,
601828.SH,20260320,0.6115,1.7449,,1075618.9702,
001228.SZ,20260320,1.6202,2.1816,,321668.6941,
600507.SH,20260320,1.1232,2.0501,,1380973.1703,
601187.SH,20260320,0.918,2.0447,,2042684.9853,
301172.SZ,20260320,9.4967,12.2796,,446723.2,
600469.SH,20260320,1.5076,3.6783,,602553.5677,
603708.SH,20260320,0.9731,3.2871,,702172.5425,
600552.SH,20260320,2.4744,3.4988,,1170367.9417,
603139.SH,20260320,3.8384,7.587,,263283.68,
301222.SZ,20260320,3.9052,10.3944,,327389.0656,
600930.SH,20260320,21.7321,21.7321,,28991428.5712,
300891.SZ,20260320,4.9154,8.3956,,365207.451,
601616.SH,20260320,8.135,11.3817,,426837.6595,
301022.SZ,20260320,11.5923,13.4164,,298651.3463,
003039.SZ,20260320,1.4239,6.7767,,964564.2563,
002553.SZ,20260320,3.0585,3.5938,,827331.9649,
920284.BJ,20260320,4.0655,5.2534,,333113.5655,
603286.SH,20260320,1.7831,2.7928,,649551.6862,
600764.SH,20260320,0.7947,2.1286,,1795049.829,
300632.SZ,20260320,5.6639,6.268,,445565.1652,
002093.SZ,20260320,1.5413,3.2546,,997425.0,
300198.SZ,20260320,2.4936,3.1326,,278518.1058,
300183.SZ,20260320,1.5814,2.7799,,693913.7055,
003019.SZ,20260320,2.3245,3.364,,555967.2314,
002970.SZ,20260320,2.6524,3.8874,,1192206.18,
600183.SH,20260320,2.2033,4.2935,,14628156.0031,
688216.SH,20260320,1.8871,4.1079,,324826.8482,
600470.SH,20260320,14.1753,19.0255,,354688.0,
603248.SH,20260320,47.5074,47.5074,,1324800.0,
301368.SZ,20260320,2.3699,2.3699,,631846.1,
600847.SH,20260320,4.483,8.1754,,209084.0136,
300414.SZ,20260320,2.605,4.5604,,440452.2986,
000415.SZ,20260320,2.0334,3.1054,,2504731.1192,
000429.SZ,20260320,0.4891,1.2804,,2667868.6168,
601952.SH,20260320,1.4129,4.3939,,1401426.0,
300192.SZ,20260320,2.5076,3.8017,,602003.1487,
300693.SZ,20260320,9.5791,10.0666,,1454500.577,
301292.SZ,20260320,30.0154,30.0154,,1420545.8805,
688110.SH,20260320,3.4735,5.3007,,5793471.8298,
002005.SZ,20260320,0.6198,0.9694,,494183.81,
002151.SZ,20260320,9.1681,9.909,,2235707.1397,
300393.SZ,20260320,7.812,9.7596,,1095075.4948,
300675.SZ,20260320,2.7146,4.7505,,221613.3837,
002859.SZ,20260320,2.9583,6.3475,,1696013.8009,
000557.SZ,20260320,1.0764,2.0593,,714603.6202,
688500.SH,20260320,2.4146,3.6494,,399825.5301,
002255.SZ,20260320,4.813,5.0623,,943880.8785,
002059.SZ,20260320,1.0336,2.3531,,504192.5369,
301006.SZ,20260320,4.1686,6.5328,,236358.16,
002793.SZ,20260320,1.0756,1.7345,,505728.646,
688025.SH,20260320,5.6362,8.6719,,2015998.2618,
920252.BJ,20260320,3.8158,6.3673,,277567.3982,
002830.SZ,20260320,3.9755,5.9403,,285347.6,
601515.SH,20260320,1.4564,2.8967,,804428.7405,
002696.SZ,20260320,2.8879,5.2132,,238297.2363,
002900.SZ,20260320,1.9897,3.3585,,361276.8961,
002741.SZ,20260320,2.8722,4.1693,,860756.2958,
603656.SH,20260320,1.4718,2.6046,,399918.5526,
600844.SH,20260320,13.5581,19.0043,,372047.8718,
603590.SH,20260320,0.8106,1.485,,579116.1572,
002258.SZ,20260320,1.5891,2.6937,,1147026.5477,
688369.SH,20260320,3.8045,4.8195,,259471.0959,
601107.SH,20260320,0.6237,4.8301,,1929635.86,
000980.SZ,20260320,3.1927,4.3507,,1255594.387,
920198.BJ,20260320,2.3771,2.4327,,145711.5764,
300994.SZ,20260320,1.8585,2.8105,,339376.128,
000521.SZ,20260320,0.9,1.2566,,631343.2373,
688509.SH,20260320,2.7292,2.7292,,346500.0,
300863.SZ,20260320,1.2654,2.8655,,947088.9826,
300427.SZ,20260320,6.3423,7.6992,,631073.6898,
300743.SZ,20260320,2.388,3.4497,,273696.7662,
002449.SZ,20260320,5.4306,6.9158,,515191.4818,
002846.SZ,20260320,2.3697,3.5032,,588411.084,
003033.SZ,20260320,1.1146,3.4556,,456328.5,
002798.SZ,20260320,1.7951,2.5982,,319816.6027,
002627.SZ,20260320,2.4639,3.7006,,646344.4292,
000656.SZ,20260320,0.7962,1.3161,,1435601.0203,
002931.SZ,20260320,5.788,11.2493,,1449130.837,
600391.SH,20260320,3.0263,4.7299,,1304341.129,
300065.SZ,20260320,7.8944,8.1622,,1692009.3302,
600698.SH,20260320,1.0092,1.9384,,759801.4275,
002836.SZ,20260320,1.0293,2.6243,,314265.6,
300673.SZ,20260320,3.5572,4.6356,,380356.405,
603009.SH,20260320,1.5238,2.5306,,1621104.3342,
600662.SH,20260320,0.4829,1.7039,,1196531.6645,
002562.SZ,20260320,6.4351,7.2039,,699407.0132,
300459.SZ,20260320,2.4619,2.5218,,1536409.3803,
002180.SZ,20260320,0.5774,0.8345,,2508194.4202,
300833.SZ,20260320,0.8828,1.9003,,438795.5445,
600218.SH,20260320,2.7874,4.2437,,416869.1225,
601106.SH,20260320,1.0715,2.6705,,2962562.2245,
002598.SZ,20260320,2.3766,3.7004,,285523.1377,
688197.SH,20260320,3.907,4.4842,,544610.2341,
688478.SH,20260320,1.5483,2.3737,,429349.9959,
600785.SH,20260320,2.2132,3.8238,,400495.522,
603123.SH,20260320,4.6004,9.249,,908962.3248,
600633.SH,20260320,4.015,7.8424,,1604114.2071,
003038.SZ,20260320,3.8591,4.66,,358963.8618,
301301.SZ,20260320,2.878,2.878,,2448633.33,
688292.SH,20260320,2.2086,3.885,,380353.7407,
603912.SH,20260320,9.0886,16.1174,,545093.9735,
688276.SH,20260320,0.3785,1.137,,756993.4043,
002901.SZ,20260320,0.4172,1.6438,,1765793.1931,
002544.SZ,20260320,2.4062,3.7309,,1767346.5123,
603330.SH,20260320,1.775,2.7373,,298544.8178,
601375.SH,20260320,1.265,1.6617,,1917511.3811,
301575.SZ,20260320,4.7651,4.7651,,407782.35,
688082.SH,20260320,0.533,2.786,,7202951.9998,
920015.BJ,20260320,4.4357,4.4357,,544706.868,
002462.SZ,20260320,1.1941,1.6699,,418891.4243,
920608.BJ,20260320,0.8427,1.1096,,103069.44,
301630.SZ,20260320,9.72,9.72,,714640.0,
301500.SZ,20260320,13.1175,13.1175,,1123904.006,
300598.SZ,20260320,2.4415,3.3249,,852955.2239,
600577.SH,20260320,3.7796,4.4662,,2716672.2986,
688798.SH,20260320,1.421,1.7704,,1623974.0784,
920260.BJ,20260320,4.8027,11.1733,,113283.7,
601003.SH,20260320,1.1863,6.9827,,1219644.68,
601001.SH,20260320,1.3686,3.2168,,2994249.3,
300832.SZ,20260320,0.6665,1.3145,,3917593.862,
600400.SH,20260320,1.5976,4.2862,,485770.8326,
688213.SH,20260320,1.8692,2.039,,3190292.7258,
301393.SZ,20260320,2.8417,2.8417,,549936.0,
600111.SH,20260320,1.8865,3.0441,,16629302.8732,
688410.SH,20260320,0.9433,1.7696,,475246.1249,
300621.SZ,20260320,5.0402,8.2822,,169150.0971,
300919.SZ,20260320,1.548,3.4754,,5018452.3263,
301125.SZ,20260320,6.0069,11.4392,,285500.4509,
600776.SH,20260320,1.7024,3.9659,,1900328.0968,
600231.SH,20260320,1.8153,6.0824,,578473.7041,
301102.SZ,20260320,1.0637,4.2547,,453502.0,
600155.SH,20260320,1.1088,1.2389,,1449870.3224,
600110.SH,20260320,7.2124,10.2834,,1349970.7651,
300266.SZ,20260320,3.0547,5.176,,417974.1675,
000705.SZ,20260320,2.5207,2.8347,,291689.6287,
603439.SH,20260320,0.6112,1.2157,,451867.8887,
300204.SZ,20260320,1.9963,3.137,,1149042.9948,
300328.SZ,20260320,5.5403,7.6062,,1207550.8764,
688151.SH,20260320,0.7925,2.6727,,696234.5,
603768.SH,20260320,2.3231,5.3112,,261751.4427,
002155.SZ,20260320,4.4085,6.789,,4594194.869,
300027.SZ,20260320,4.8702,4.9125,,430048.4174,
688215.SH,20260320,1.6463,3.9462,,415551.7017,
600800.SH,20260320,4.0724,6.5601,,463998.9003,
000751.SZ,20260320,3.6608,4.7911,,864362.3683,
002580.SZ,20260320,14.1367,18.3964,,636324.3282,
605258.SH,20260320,3.4877,8.5099,,301840.0,
000028.SZ,20260320,0.926,2.662,,1442616.6796,
301004.SZ,20260320,0.3225,1.1001,,714887.9849,
688268.SH,20260320,8.5346,18.6707,,960810.9906,
600742.SH,20260320,1.6977,2.9751,,770551.0216,
300642.SZ,20260320,2.1121,2.4757,,266897.3153,
688591.SH,20260320,1.9526,1.9533,,866676.7296,
600399.SH,20260320,3.1356,4.5446,,1193120.5,
600015.SH,20260320,0.4659,1.4063,,11426918.64,
920274.BJ,20260320,1.1988,3.8985,,178120.0015,
688289.SH,20260320,0.6482,1.2345,,1076502.9151,
300823.SZ,20260320,4.4463,5.9554,,211406.1214,
600586.SH,20260320,5.5797,8.2404,,843315.9315,
301592.SZ,20260320,1.6422,1.6422,,787500.0,
300545.SZ,20260320,8.1465,9.4819,,599967.5514,
920593.BJ,20260320,1.4179,2.7479,,510967.2925,
603980.SH,20260320,5.0167,7.7423,,436557.5172,
002342.SZ,20260320,11.0723,15.3093,,1145280.0,
000830.SZ,20260320,3.244,6.352,,2913608.0868,
003030.SZ,20260320,3.0232,4.5736,,241449.3,
000156.SZ,20260320,1.0591,2.0202,,1426757.9803,
688657.SH,20260320,1.4441,1.6837,,301038.1534,
300098.SZ,20260320,3.041,3.2049,,938402.4285,
002181.SZ,20260320,5.7091,17.5035,,1231882.7226,
000927.SZ,20260320,1.6789,5.3579,,1712250.0804,
603657.SH,20260320,1.1737,3.6039,,345816.1479,
603612.SH,20260320,3.9175,5.2799,,1336414.2635,
603779.SH,20260320,3.9584,5.9324,,201242.1489,
300576.SZ,20260320,2.7365,3.2132,,1297307.5725,
600697.SH,20260320,4.0638,5.4277,,189792.0735,
300179.SZ,20260320,7.1019,9.1162,,1005934.259,
301207.SZ,20260320,0.7656,3.2466,,1149164.58,
002629.SZ,20260320,8.1278,10.0626,,272276.622,
002847.SZ,20260320,0.8912,2.2038,,1607896.2674,
920504.BJ,20260320,2.1715,2.6804,,95549.4855,
301536.SZ,20260320,5.3717,5.7544,,3213048.3526,
300977.SZ,20260320,2.3099,5.6422,,285272.8864,
300185.SZ,20260320,16.6356,20.2684,,1558859.4624,
002746.SZ,20260320,1.9325,2.9796,,526649.7009,
301003.SZ,20260320,5.364,10.1659,,469736.75,
600066.SH,20260320,0.6232,1.0681,,6750300.6909,
301068.SZ,20260320,4.4214,6.7149,,477081.945,
300870.SZ,20260320,5.1139,10.9497,,2765126.5175,
920082.BJ,20260320,4.8136,4.8339,,227771.285,
600782.SH,20260320,1.995,3.7432,,1190824.2837,
301018.SZ,20260320,5.0173,9.5542,,2450078.0619,
300259.SZ,20260320,1.7399,3.1306,,559165.1246,
603676.SH,20260320,0.3976,1.6749,,452567.96,
605303.SH,20260320,2.6549,6.303,,285390.2122,
301413.SZ,20260320,3.5931,3.5931,,1121782.629,
688539.SH,20260320,1.9156,2.4184,,678793.92,
688479.SH,20260320,3.9718,5.0487,,470186.0892,
000552.SZ,20260320,2.2154,3.9025,,1466396.1143,
688719.SH,20260320,6.1172,6.1172,,442733.8489,
002709.SZ,20260320,7.6391,8.998,,8705055.9924,
920857.BJ,20260320,0.5598,1.8681,,186498.023,
000068.SZ,20260320,1.6143,2.8344,,338241.6119,
301135.SZ,20260320,2.5766,3.5553,,288728.064,
603026.SH,20260320,8.0927,11.9003,,1754798.3466,
002079.SZ,20260320,2.8014,3.6444,,797639.8621,
688335.SH,20260320,1.3644,2.5578,,530852.0469,
002558.SZ,20260320,1.7819,2.9687,,6104605.0509,
603205.SH,20260320,1.8323,1.8323,,413088.0,
600458.SH,20260320,2.1135,3.8196,,1277924.583,
002584.SZ,20260320,3.0542,3.1578,,457639.242,
002318.SZ,20260320,0.9122,1.4606,,2990142.4032,
000823.SZ,20260320,7.0265,10.1087,,803891.25,
920429.BJ,20260320,1.1251,2.209,,167826.0,
300812.SZ,20260320,9.019,11.994,,484386.3663,
301205.SZ,20260320,15.9225,23.1305,,2854238.256,
600386.SH,20260320,1.2794,2.8432,,319334.4,
605116.SH,20260320,0.9813,3.5161,,1053639.309,
002651.SZ,20260320,1.4828,2.8228,,961117.8,
300971.SZ,20260320,3.4936,3.9677,,263541.6,
300808.SZ,20260320,1.8103,3.5068,,437600.0,
603809.SH,20260320,1.5113,2.2039,,1007716.2437,
603010.SH,20260320,1.5781,3.0556,,658559.2884,
600107.SH,20260320,1.072,1.3682,,191520.0,
603279.SH,20260320,2.061,3.7431,,953897.315,
002737.SZ,20260320,0.7998,1.8475,,724160.0,
002193.SZ,20260320,5.8637,7.9935,,161478.4944,
603393.SH,20260320,6.049,10.7289,,1801665.6398,
301009.SZ,20260320,1.4479,2.0519,,312367.14,
002313.SZ,20260320,1.9227,3.3978,,323856.0,
002385.SZ,20260320,3.5596,3.7368,,1754432.0545,
300652.SZ,20260320,1.5261,2.8251,,567576.8839,
603609.SH,20260320,0.4978,1.0691,,641253.5399,
002238.SZ,20260320,0.9129,2.6583,,596301.4559,
605183.SH,20260320,1.1573,3.5798,,844242.7844,
001400.SZ,20260320,22.5855,22.5855,,865680.0,
688038.SH,20260320,2.6947,4.6928,,230070.2118,
603128.SH,20260320,0.9723,1.7942,,752701.7341,
688163.SH,20260320,1.5061,3.6733,,245767.62,
300920.SZ,20260320,4.7316,6.449,,365200.0,
600536.SH,20260320,1.7124,2.6943,,3584806.696,
600268.SH,20260320,3.2291,7.0249,,1403933.4152,
300588.SZ,20260320,2.1659,2.9725,,468338.1394,
600009.SH,20260320,0.6121,1.2191,,7126528.5466,
920419.BJ,20260320,0.6158,1.1314,,139670.2528,
603028.SH,20260320,1.8472,2.609,,250585.92,
688691.SH,20260320,7.0986,7.0986,,1175040.0,
603112.SH,20260320,1.2753,3.1196,,928733.6097,
002421.SZ,20260320,3.3403,3.9098,,570436.4609,
000797.SZ,20260320,1.7563,3.8934,,439811.1808,
002251.SZ,20260320,2.5185,3.2716,,1161518.2656,
605005.SH,20260320,0.6552,4.1873,,780346.0,
002842.SZ,20260320,8.4641,10.2082,,1037136.5777,
301408.SZ,20260320,2.1475,2.8596,,686017.15,
600390.SH,20260320,1.2279,2.3197,,2469437.937,
688617.SH,20260320,0.5131,0.9039,,3266114.9048,
603369.SH,20260320,0.4474,0.8285,,3512235.7042,
300657.SZ,20260320,6.7938,8.282,,1456019.4509,
603409.SH,20260320,5.1852,5.1852,,462530.1,
600992.SH,20260320,1.9187,2.5067,,311509.39,
300012.SZ,20260320,1.6823,1.7819,,2525925.1492,
601601.SH,20260320,0.4182,0.944,,37673257.1378,
002539.SZ,20260320,2.9842,3.4974,,1669074.2391,
300261.SZ,20260320,3.2327,4.983,,634820.9414,
920982.BJ,20260320,1.5715,1.9737,,1960943.5243,
001332.SZ,20260320,4.2167,7.2934,,594878.16,
002886.SZ,20260320,3.6813,4.9786,,564308.4434,
300437.SZ,20260320,13.3106,15.8696,,396003.0017,
603356.SH,20260320,5.8769,8.3378,,222944.48,
002869.SZ,20260320,4.5327,5.8389,,407435.2243,
601518.SH,20260320,0.9698,3.0691,,561494.2912,
300308.SZ,20260320,4.8715,6.4686,,68000442.0408,
300425.SZ,20260320,2.6446,4.2383,,333607.9531,
603182.SH,20260320,1.2332,1.8862,,243863.1,
300003.SZ,20260320,2.114,2.9196,,3089532.6077,
002252.SZ,20260320,0.5368,0.9364,,3996066.8719,
300946.SZ,20260320,1.0298,1.6397,,694390.7178,
000812.SZ,20260320,1.6194,1.951,,308245.7382,
002612.SZ,20260320,2.0548,2.8214,,741538.4485,
301548.SZ,20260320,4.3243,4.5391,,618570.0,
920953.BJ,20260320,1.8564,3.1079,,398440.7289,
300047.SZ,20260320,5.2735,5.3797,,781874.9679,
002802.SZ,20260320,3.7484,6.7077,,223657.4283,
300942.SZ,20260320,1.4421,3.3036,,356055.4436,
002786.SZ,20260320,1.2595,2.0159,,369726.552,
000421.SZ,20260320,2.3084,5.0272,,385432.9575,
605108.SH,20260320,0.8381,2.6685,,436280.0,
605178.SH,20260320,3.2922,5.7622,,671762.4,
600433.SH,20260320,3.7809,6.3154,,610847.4523,
002368.SZ,20260320,1.956,2.9757,,1270145.3609,
603458.SH,20260320,2.5612,2.8288,,303063.2689,
600990.SH,20260320,1.4401,2.6767,,631875.9695,
603517.SH,20260320,0.6637,1.2706,,716900.2903,
600115.SH,20260320,1.1055,2.7489,,9563989.9781,
600589.SH,20260320,15.823,18.738,,1545541.3555,
603222.SH,20260320,2.7834,4.4427,,456303.7444,
000937.SZ,20260320,1.0367,3.6626,,2031789.4388,
002838.SZ,20260320,0.6752,1.3914,,1196952.8018,
688262.SH,20260320,3.4616,4.6575,,1177007.6952,
300733.SZ,20260320,1.9319,2.7344,,529431.317,
002507.SZ,20260320,1.5924,2.4656,,1478170.2749,
002333.SZ,20260320,1.2197,3.8262,,368508.9408,
000534.SZ,20260320,3.6538,4.8464,,2111059.5018,
003042.SZ,20260320,3.9461,7.6604,,235376.96,
002475.SZ,20260320,1.3823,2.2144,,35133017.5483,
600361.SH,20260320,1.8685,3.7465,,1590114.4009,
603100.SH,20260320,1.3617,2.9683,,1056110.3962,
300865.SZ,20260320,2.3237,3.7831,,249916.16,
300096.SZ,20260320,2.4617,2.9372,,361630.0,
600038.SH,20260320,1.5051,2.6711,,2764679.9142,
600128.SH,20260320,2.3713,3.2254,,269821.0064,
603698.SH,20260320,2.3023,7.4705,,1579026.54,
920166.BJ,20260320,5.6099,5.6099,,210070.5892,
002730.SZ,20260320,10.4357,20.9071,,831335.4045,
002284.SZ,20260320,1.562,2.7176,,1079086.5081,
002537.SZ,20260320,6.0715,8.113,,933343.3123,
600593.SH,20260320,3.1012,6.6825,,464905.98,
000809.SZ,20260320,3.89,5.9204,,305997.5697,
601882.SH,20260320,0.7882,3.3817,,1058616.0,
300133.SZ,20260320,3.6075,4.5337,,1402985.3389,
300956.SZ,20260320,2.1751,4.2531,,328096.3262,
600348.SH,20260320,1.4867,3.3427,,3391050.0,
002471.SZ,20260320,7.2891,8.7683,,1069001.56,
300193.SZ,20260320,2.9881,3.5368,,418147.3288,
300783.SZ,20260320,2.2447,2.6989,,736260.9267,
300700.SZ,20260320,3.2459,3.2995,,533209.7093,
600873.SH,20260320,2.46,3.6738,,3213660.9309,
002932.SZ,20260320,1.6716,2.0641,,429233.6866,
002597.SZ,20260320,1.1296,2.035,,1257691.89,
920751.BJ,20260320,0.7188,1.1435,,189006.84,
601869.SH,20260320,5.0454,19.0404,,17955605.9823,
920091.BJ,20260320,13.1926,13.1926,,394668.0492,
600777.SH,20260320,1.4348,5.7236,,3998691.5451,
600759.SH,20260320,11.754,13.3976,,2775687.2083,
603059.SH,20260320,0.9262,3.2949,,323043.0192,
600096.SH,20260320,3.3626,5.455,,6783348.5101,
601811.SH,20260320,0.3559,2.4468,,1680491.442,
600355.SH,20260320,13.2413,15.52,,38382.9576,
300534.SZ,20260320,2.177,3.4914,,279987.435,
300525.SZ,20260320,2.3903,2.5183,,818371.3028,
300763.SZ,20260320,17.055,25.6802,,4756796.0278,
000088.SZ,20260320,1.8376,4.1962,,2417759.7559,
300548.SZ,20260320,10.6663,13.1898,,4264160.7565,
001336.SZ,20260320,5.2282,7.7438,,205273.919,
002072.SZ,20260320,1.7095,3.2932,,265097.28,
000155.SZ,20260320,2.857,4.7193,,2540327.6386,
600327.SH,20260320,1.6336,2.9544,,345948.7915,
600859.SH,20260320,1.3102,1.9605,,1416153.5942,
601718.SH,20260320,1.1265,2.2968,,1334487.2679,
002311.SZ,20260320,0.4021,0.8891,,9128996.0854,
688001.SH,20260320,0.9302,4.7083,,1352582.5922,
600266.SH,20260320,1.7732,3.2541,,1056553.4451,
688750.SH,20260320,1.7062,2.46,,838512.5,
601928.SH,20260320,0.313,1.1508,,2488912.2,
002269.SZ,20260320,2.7292,4.2425,,422100.0,
603887.SH,20260320,6.5979,7.781,,987328.2504,
300591.SZ,20260320,3.3321,3.6504,,287217.0341,
300057.SZ,20260320,4.3673,4.9078,,521588.0898,
002769.SZ,20260320,3.0316,4.038,,426329.2177,
600609.SH,20260320,1.1698,1.6382,,551828.27,
920717.BJ,20260320,7.1933,8.7795,,106652.4,
600075.SH,20260320,2.518,4.4314,,1142226.3722,
002377.SZ,20260320,2.7664,3.4634,,310634.2431,
002911.SZ,20260320,0.7249,4.8404,,1913833.0759,
300349.SZ,20260320,1.8896,2.67,,579926.5051,
300482.SZ,20260320,1.5112,2.4004,,923999.6104,
002557.SZ,20260320,0.8016,1.3979,,1083035.9554,
603406.SH,20260320,7.7864,7.7864,,1514037.85,
300053.SZ,20260320,6.9901,8.4255,,1242526.9179,
001258.SZ,20260320,11.9041,30.5462,,900666.6673,
603628.SH,20260320,13.645,24.8403,,418121.6973,
600459.SH,20260320,2.6794,4.3639,,1493021.0026,
600962.SH,20260320,0.9042,1.6312,,509736.24,
601985.SH,20260320,1.0087,2.4821,,18223249.8376,
600642.SH,20260320,0.5707,1.6428,,4448718.1528,
600295.SH,20260320,0.6259,2.713,,4178572.9472,
600444.SH,20260320,2.1606,3.9048,,254774.1617,
605100.SH,20260320,1.5374,3.4004,,685651.68,
301399.SZ,20260320,13.41,15.8536,,397607.98,
600606.SH,20260320,1.0211,3.6809,,2248674.9302,
300320.SZ,20260320,1.9827,2.3967,,641516.8818,
003036.SZ,20260320,5.7975,18.4693,,439030.0427,
301233.SZ,20260320,2.9843,4.1015,,257916.17,
300313.SZ,20260320,1.4957,3.1035,,171681.7597,
605118.SH,20260320,0.4143,3.1584,,1714003.776,
300890.SZ,20260320,8.4423,8.8202,,367677.0508,
301309.SZ,20260320,5.1059,12.1394,,329250.16,
600033.SH,20260320,1.1727,2.6598,,1018172.4,
688398.SH,20260320,1.075,2.0275,,393020.6245,
300498.SZ,20260320,0.8876,0.9828,,11458062.7469,
601168.SH,20260320,2.6283,3.8053,,6157672.0,
301388.SZ,20260320,13.2676,16.3242,,366455.0652,
688133.SH,20260320,1.8934,2.6376,,338740.1726,
002648.SZ,20260320,1.9168,3.8665,,8640576.1949,
920576.BJ,20260320,2.0137,7.8728,,699459.0,
603151.SH,20260320,1.1326,2.4315,,299059.761,
002785.SZ,20260320,2.8003,3.3911,,901946.3861,
300209.SZ,20260320,10.5986,11.4064,,964852.9349,
600037.SH,20260320,1.6952,2.7339,,1053575.8582,
920262.BJ,20260320,1.4655,2.5035,,138297.4842,
002247.SZ,20260320,6.4329,8.041,,238243.6137,
688232.SH,20260320,0.7547,2.0887,,743778.3623,
601689.SH,20260320,1.3002,3.1251,,10122892.2535,
300705.SZ,20260320,1.9138,2.636,,707911.9433,
002624.SZ,20260320,2.3365,3.1751,,3458963.6643,
000987.SZ,20260320,0.746,2.9198,,4289648.255,
002265.SZ,20260320,0.5726,2.6088,,2156988.3698,
603901.SH,20260320,2.1274,4.2794,,628898.5176,
001366.SZ,20260320,5.2321,15.0988,,214668.48,
601608.SH,20260320,0.8473,2.3786,,2848482.2378,
000886.SZ,20260320,1.5013,2.0571,,580442.2121,
601968.SH,20260320,0.6728,1.4545,,669784.2165,
000801.SZ,20260320,1.3353,2.6124,,1489932.0967,
601021.SH,20260320,0.6096,1.3809,,4563925.4183,
000665.SZ,20260320,1.7373,2.9377,,575397.6445,
688545.SH,20260320,2.7433,3.1794,,1683360.0,
688295.SH,20260320,3.4482,20.1974,,4852800.0,
688626.SH,20260320,1.9755,5.2271,,908480.0,
688775.SH,20260320,3.3285,3.3285,,7809475.0,
300900.SZ,20260320,12.3971,12.9717,,1278437.0229,
603798.SH,20260320,1.6076,3.4189,,333128.0954,
600862.SH,20260320,1.2733,2.2952,,3041026.2006,
002384.SZ,20260320,6.6984,7.6031,,21257637.0164,
003020.SZ,20260320,1.3316,2.1846,,446167.399,
603992.SH,20260320,2.5977,12.5303,,1439602.179,
001314.SZ,20260320,1.7337,3.7434,,619744.73,
300662.SZ,20260320,2.3851,3.3829,,480207.516,
001308.SZ,20260320,0.4007,2.15,,1404537.5036,
300749.SZ,20260320,8.426,11.9289,,647309.457,
002228.SZ,20260320,1.9692,3.4115,,472007.0097,
000635.SZ,20260320,2.4884,4.3159,,328707.4416,
603070.SH,20260320,1.1257,4.3314,,594683.0,
002923.SZ,20260320,1.7884,3.2241,,508368.0081,
603810.SH,20260320,1.8346,3.3352,,258257.2062,
300840.SZ,20260320,6.738,7.5439,,420240.0,
003008.SZ,20260320,3.9285,6.1863,,234000.0,
688198.SH,20260320,0.2452,0.9164,,1343182.0449,
601126.SH,20260320,2.9179,4.8823,,3850076.2595,
688125.SH,20260320,1.016,3.3252,,1899336.2352,
002306.SZ,20260320,1.9863,2.4143,,183519.8875,
920832.BJ,20260320,1.5072,1.5714,,92833.0257,
600718.SH,20260320,1.9474,2.5229,,1101920.1827,
300530.SZ,20260320,1.4576,4.4706,,453435.7205,
688115.SH,20260320,1.0426,2.5477,,269346.8,
600814.SH,20260320,1.5108,4.4964,,561600.0489,
601212.SH,20260320,1.7487,4.8131,,6020081.6774,
603211.SH,20260320,2.49,8.9891,,644456.768,
300317.SZ,20260320,40.9046,50.0432,,510565.8691,
300118.SZ,20260320,10.9035,11.8046,,2099905.5356,
603518.SH,20260320,1.874,2.8208,,297348.0582,
600691.SH,20260320,7.2528,14.6062,,914753.0515,
001269.SZ,20260320,3.9537,12.7803,,472947.6784,
000789.SZ,20260320,0.863,1.7032,,445750.745,
600435.SH,20260320,1.9483,3.1608,,2212579.3868,
002184.SZ,20260320,2.4817,2.7974,,409973.2511,
601988.SH,20260320,0.1231,2.1221,,177539038.9095,
603659.SH,20260320,5.6386,12.0689,,6751021.0802,
300499.SZ,20260320,18.5275,19.2987,,1197795.3651,
688026.SH,20260320,1.3533,2.4308,,228934.2467,
301181.SZ,20260320,5.9484,13.9771,,521089.7882,
920679.BJ,20260320,0.7554,1.5915,,100083.2,
300943.SZ,20260320,6.5998,8.0042,,597600.24,
688179.SH,20260320,1.8071,3.3591,,551577.2243,
300858.SZ,20260320,1.8064,2.2049,,406572.9671,
002605.SZ,20260320,2.8362,4.5447,,890015.0205,
300887.SZ,20260320,8.8106,13.6296,,577935.7086,
600076.SH,20260320,1.5444,2.5384,,451766.5713,
300277.SZ,20260320,5.3696,6.1934,,2893681.8916,
002204.SZ,20260320,1.452,3.2577,,1268910.111,
300366.SZ,20260320,2.1349,2.2589,,351786.5909,
601390.SH,20260320,1.1347,2.5762,,13700853.1706,
603225.SH,20260320,2.1687,4.7652,,2583340.4212,
300551.SZ,20260320,11.586,14.2813,,509414.1328,
000890.SZ,20260320,21.0714,35.3511,,550808.71,
920433.BJ,20260320,0.8614,1.5278,,133078.2341,
003015.SZ,20260320,2.3915,2.7588,,448301.3339,
301082.SZ,20260320,5.8685,11.4635,,402604.0205,
603307.SH,20260320,0.9448,3.7235,,259169.139,
920729.BJ,20260320,1.9842,2.0263,,219500.05,
688028.SH,20260320,2.9085,4.7285,,1366088.45,
002319.SZ,20260320,2.8357,3.832,,251785.957,
603032.SH,20260320,2.5552,5.0347,,410480.224,
600549.SH,20260320,3.4634,5.5004,,8623766.2068,
600917.SH,20260320,1.637,3.6347,,880426.4246,
000683.SZ,20260320,1.6214,2.1482,,3047801.8792,
600874.SH,20260320,1.1241,2.6864,,986222.5574,
688372.SH,20260320,5.1085,7.3662,,1967510.7276,
300825.SZ,20260320,1.581,1.7862,,433793.259,
600067.SH,20260320,1.8736,2.9298,,548317.4832,
002039.SZ,20260320,5.0195,8.3249,,831600.5551,
920273.BJ,20260320,1.361,2.4846,,235539.1327,
600716.SH,20260320,0.9663,2.0182,,409994.5384,
002701.SZ,20260320,0.9065,1.3642,,1331075.4439,
300979.SZ,20260320,0.2937,1.8926,,5259669.0,
600489.SH,20260320,1.8111,3.3438,,12641791.1669,
920014.BJ,20260320,16.6304,25.6051,,187293.814,
003027.SZ,20260320,4.534,6.4737,,268766.8992,
600377.SH,20260320,0.2233,1.8043,,6211542.6675,
603163.SH,20260320,4.1179,15.3194,,1099200.0,
000739.SZ,20260320,2.259,4.2827,,1913748.7876,
002314.SZ,20260320,2.0606,3.2272,,679653.4108,
301353.SZ,20260320,5.1416,5.1416,,267151.1785,
600744.SH,20260320,10.4716,23.3425,,1685833.1474,
002276.SZ,20260320,2.0367,2.7415,,1440782.5106,
688352.SH,20260320,2.7665,2.7665,,1518400.6168,
605077.SH,20260320,1.0482,1.6805,,456999.299,
002517.SZ,20260320,2.3763,2.646,,3901145.3453,
301220.SZ,20260320,8.7195,10.1991,,472509.8196,
301212.SZ,20260320,2.9477,10.2351,,291924.0,
300042.SZ,20260320,19.3069,25.7049,,1043683.2,
688450.SH,20260320,3.4093,4.9735,,206976.0,
601136.SH,20260320,0.2217,1.2588,,4717734.1388,
002773.SZ,20260320,0.798,1.7244,,2396355.8014,
600329.SH,20260320,0.5599,1.3161,,3251338.371,
920541.BJ,20260320,0.9449,1.4338,,171695.2,
600336.SH,20260320,1.6195,2.6397,,581752.7666,
603150.SH,20260320,2.5741,4.2473,,442716.457,
920547.BJ,20260320,0.6015,0.9462,,173321.928,
601199.SH,20260320,1.2044,3.4166,,557385.334,
600936.SH,20260320,1.187,1.8079,,655042.2857,
301629.SZ,20260320,17.9191,17.9191,,1209673.6733,
003004.SZ,20260320,0.9933,2.003,,243949.9699,
600161.SH,20260320,0.4319,0.8659,,3066903.1127,
002185.SZ,20260320,3.7434,4.817,,4246213.2024,
002142.SZ,20260320,0.3807,0.7627,,20193780.6419,
002098.SZ,20260320,0.8248,1.9485,,322558.0,
688557.SH,20260320,1.1292,2.0823,,327137.333,
002545.SZ,20260320,2.3669,5.2497,,2707079.0926,
688629.SH,20260320,13.583,13.583,,5068155.184,
002992.SZ,20260320,1.0763,1.9642,,942687.3256,
000422.SZ,20260320,5.6823,8.5626,,1720520.7394,
300466.SZ,20260320,2.5365,4.1683,,470195.2592,
600173.SH,20260320,2.4783,6.1877,,537288.2891,
688484.SH,20260320,2.4269,2.4269,,1554127.9598,
300892.SZ,20260320,2.4398,4.0778,,271700.0,
603321.SH,20260320,2.934,6.5791,,251200.4177,
600303.SH,20260320,5.9242,7.0485,,211233.7012,
301525.SZ,20260320,2.7222,3.053,,733462.6197,
000410.SZ,20260320,1.5266,2.1822,,1766931.697,
300234.SZ,20260320,5.5212,6.5107,,305424.8516,
603400.SH,20260320,7.7211,7.7211,,675000.0,
300599.SZ,20260320,4.6911,5.3608,,333062.3573,
000554.SZ,20260320,13.7055,13.7055,,413001.4602,
002038.SZ,20260320,2.224,2.9881,,598945.05,
000158.SZ,20260320,3.9618,6.0215,,2952645.0837,
002122.SZ,20260320,0.92,1.3801,,578433.6662,
300223.SZ,20260320,7.0178,8.4651,,5780837.8615,
301183.SZ,20260320,13.5957,17.1184,,1175040.3599,
600177.SH,20260320,0.9713,2.2806,,3638648.7769,
002160.SZ,20260320,2.8307,4.8061,,494702.179,
301439.SZ,20260320,4.8438,7.7791,,628399.4215,
002817.SZ,20260320,4.4456,7.4253,,232997.4744,
603876.SH,20260320,4.9482,9.0268,,1841807.6162,
603611.SH,20260320,1.5984,2.4787,,556417.7086,
688053.SH,20260320,1.4452,3.3396,,370100.0,
601229.SH,20260320,0.2284,0.3532,,14052710.9592,
603160.SH,20260320,0.7791,1.4009,,3231758.4714,
301217.SZ,20260320,2.888,10.4542,,3136165.803,
300419.SZ,20260320,3.4849,4.1001,,268092.4983,
301073.SZ,20260320,1.8056,4.444,,534934.8275,
603991.SH,20260320,3.3209,4.5491,,1525570.0029,
000551.SZ,20260320,1.6194,2.5142,,646149.1503,
600792.SH,20260320,3.5717,10.9527,,496135.8492,
603382.SH,20260320,4.9979,4.9979,,521641.4371,
300176.SZ,20260320,3.5977,4.8031,,277680.3336,
000016.SZ,20260320,2.3657,3.5216,,772950.476,
300339.SZ,20260320,3.2985,3.4849,,3295548.0601,
600287.SH,20260320,1.4505,3.1109,,245042.5975,
688387.SH,20260320,3.3402,5.9459,,5124706.25,
600151.SH,20260320,1.9285,3.0968,,1891778.7666,
000536.SZ,20260320,1.914,3.2991,,1233650.6301,
688269.SH,20260320,1.1807,1.5893,,529481.904,
002885.SZ,20260320,6.2447,9.0087,,681085.2576,
001388.SZ,20260320,11.0008,11.0008,,708864.0,
002289.SZ,20260320,0.491,0.8187,,728659.7058,
600901.SH,20260320,0.6507,1.6454,,3845799.3102,
002353.SZ,20260320,2.29,2.7536,,9845397.6901,
300435.SZ,20260320,3.9709,5.9987,,998610.957,
300084.SZ,20260320,14.4465,15.5968,,534826.1737,
002365.SZ,20260320,2.3876,2.6434,,399884.1525,
300653.SZ,20260320,1.1463,2.0339,,347220.0,
002206.SZ,20260320,2.0668,2.35,,725217.3053,
603045.SH,20260320,3.1882,4.4443,,405658.2392,
002363.SZ,20260320,1.8625,3.2267,,333099.3455,
688535.SH,20260320,10.5214,10.5286,,1180976.1729,
600640.SH,20260320,0.9978,3.2586,,966770.5671,
002695.SZ,20260320,0.751,2.0543,,559026.2152,
301315.SZ,20260320,4.7634,4.7634,,438152.0,
000628.SZ,20260320,4.9567,5.7639,,1764218.24,
003029.SZ,20260320,3.1465,4.9782,,426738.9803,
300571.SZ,20260320,18.0739,23.0827,,458908.559,
000338.SZ,20260320,2.1793,2.2132,,20352159.6163,
688512.SH,20260320,4.4533,4.4533,,549474.856,
002735.SZ,20260320,3.3269,3.8223,,569636.1079,
603096.SH,20260320,1.8472,4.5976,,271144.469,
688596.SH,20260320,1.5482,1.8713,,865333.7344,
600736.SH,20260320,1.0912,1.9414,,712650.3094,
688311.SH,20260320,2.6718,4.1836,,640784.4983,
601007.SH,20260320,1.9102,3.3812,,310830.0,
600059.SH,20260320,0.9133,1.4853,,820388.1717,
000932.SZ,20260320,1.209,2.597,,3590767.1998,
002841.SZ,20260320,0.6865,0.9873,,2376896.5012,
688475.SH,20260320,0.3802,1.9694,,2110500.0,
300987.SZ,20260320,2.3738,4.3152,,303220.632,
688138.SH,20260320,1.1326,2.8007,,869792.4,
688018.SH,20260320,1.3952,2.2895,,2389977.9,
603920.SH,20260320,2.2926,4.4674,,3726903.4635,
601377.SH,20260320,0.6935,0.9797,,5414764.0333,
300916.SZ,20260320,2.1318,3.3842,,418165.8242,
300039.SZ,20260320,1.8022,2.5924,,630738.0,
003026.SZ,20260320,5.3096,6.8254,,435260.602,
688351.SH,20260320,0.604,2.0298,,1012731.2,
301099.SZ,20260320,11.5171,14.9651,,717928.9784,
300132.SZ,20260320,2.7878,3.0746,,451491.6944,
605166.SH,20260320,1.6348,2.4033,,317250.5072,
600326.SH,20260320,2.0567,2.673,,1291616.273,
001373.SZ,20260320,6.2529,7.2904,,251325.3232,
920029.BJ,20260320,1.7399,1.7399,,1182342.1962,
301337.SZ,20260320,5.0786,5.954,,297907.8,
300390.SZ,20260320,6.4088,7.8239,,3968496.5143,
301100.SZ,20260320,3.3275,5.8232,,376000.0,
300706.SZ,20260320,4.689,6.6039,,514633.1321,
300069.SZ,20260320,4.4591,7.8528,,206973.0,
600730.SH,20260320,2.5468,3.1845,,522123.8418,
301520.SZ,20260320,2.8047,2.8047,,269133.3347,
300604.SZ,20260320,3.6114,4.0201,,7842485.1143,
920675.BJ,20260320,6.107,9.7288,,177328.92,
301127.SZ,20260320,1.8871,3.4127,,1133113.4788,
601298.SH,20260320,0.1767,1.4383,,5738132.4,
601117.SH,20260320,2.3223,4.0975,,5379972.8887,
688209.SH,20260320,1.263,3.3055,,891860.0047,
000157.SZ,20260320,0.9183,1.3792,,7359903.4858,
300305.SZ,20260320,3.3684,4.6196,,232748.2306,
601096.SH,20260320,2.625,5.3442,,1572991.1917,
688501.SH,20260320,1.3837,2.3052,,313670.65,
688141.SH,20260320,1.8545,2.9038,,2026897.5621,
300203.SZ,20260320,1.3781,1.816,,610731.8736,
603825.SH,20260320,0.7132,1.1292,,224709.5216,
600668.SH,20260320,1.07,1.2761,,427352.1148,
603848.SH,20260320,0.5783,3.3803,,630571.0027,
300290.SZ,20260320,3.0261,3.7833,,927612.2251,
603877.SH,20260320,0.478,1.6224,,672225.0738,
920639.BJ,20260320,2.4712,3.1748,,157651.2,
000909.SZ,20260320,0.7337,1.2528,,240742.8348,
688060.SH,20260320,0.9486,3.0947,,269654.4614,
600331.SH,20260320,3.7094,5.4005,,4057497.6,
688281.SH,20260320,1.0737,2.0787,,2079714.2503,
002675.SZ,20260320,1.094,1.3721,,1067026.8423,
920001.BJ,20260320,4.039,8.0588,,260600.922,
603818.SH,20260320,1.8848,3.2517,,244409.6124,
002485.SZ,20260320,1.9234,7.8214,,267104.0,
600480.SH,20260320,0.9724,1.7595,,1224728.9959,
002577.SZ,20260320,0.7442,1.7865,,442644.976,
002281.SZ,20260320,7.6002,12.5769,,6701862.1476,
603276.SH,20260320,2.3864,2.3864,,342621.6701,
002556.SZ,20260320,2.9963,4.8155,,574536.4746,
300245.SZ,20260320,3.2187,3.9845,,348672.1146,
002630.SZ,20260320,3.1988,3.1988,,257414.4,
002703.SZ,20260320,8.8136,16.727,,1754674.8751,
688350.SH,20260320,1.4283,2.4413,,383895.603,
300876.SZ,20260320,1.9373,2.9847,,285715.9077,
603048.SH,20260320,1.2207,4.2798,,304922.88,
601015.SH,20260320,16.4328,44.1268,,1102948.7251,
603270.SH,20260320,2.7458,2.7458,,515996.2008,
301071.SZ,20260320,5.0628,7.083,,1103554.6071,
000564.SZ,20260320,1.5213,2.1593,,3719961.0509,
000617.SZ,20260320,4.2053,21.0501,,12540942.4464,
002578.SZ,20260320,3.8285,6.5388,,351047.6884,
300396.SZ,20260320,1.023,2.1366,,323695.0911,
002286.SZ,20260320,2.6534,3.2032,,374858.8693,
002574.SZ,20260320,1.8616,4.0562,,300432.0,
300131.SZ,20260320,7.9466,7.9723,,1566326.8893,
600829.SH,20260320,1.0123,3.9899,,565971.2707,
001225.SZ,20260320,7.0494,8.3341,,314711.5704,
301379.SZ,20260320,5.1769,5.1783,,511469.3755,
300343.SZ,20260320,1.7123,1.9495,,673450.545,
300683.SZ,20260320,4.0081,6.6744,,428286.4474,
301182.SZ,20260320,3.2018,6.5711,,525677.8462,
600530.SH,20260320,0.9212,2.0912,,411482.52,
603577.SH,20260320,3.1738,7.9748,,375766.1228,
920016.BJ,20260320,1.0646,1.1891,,137797.6529,
300022.SZ,20260320,3.2486,4.4877,,415161.9192,
603073.SH,20260320,7.1742,7.7364,,223880.0,
301013.SZ,20260320,3.4759,3.8058,,519143.3274,
920964.BJ,20260320,1.0564,1.1616,,161426.544,
300354.SZ,20260320,2.2501,2.8004,,503485.5316,
600455.SH,20260320,3.9108,4.9256,,162765.548,
600525.SH,20260320,1.1156,1.5995,,704228.6012,
600380.SH,20260320,0.5117,1.0024,,2005080.9111,
603191.SH,20260320,3.206,5.3368,,719322.913,
300633.SZ,20260320,1.0706,1.3034,,1077453.8885,
002500.SZ,20260320,0.6801,1.2967,,2038990.2387,
002312.SZ,20260320,3.2799,5.9479,,2144437.7012,
688592.SH,20260320,3.3106,3.3106,,340509.3184,
920415.BJ,20260320,1.3647,1.8859,,183929.5365,
301320.SZ,20260320,4.9189,4.9189,,306686.85,
601330.SH,20260320,7.7084,24.5357,,1401972.7728,
603365.SH,20260320,0.4223,1.0483,,540742.378,
603281.SH,20260320,0.7179,1.0423,,1124480.002,
300005.SZ,20260320,1.8533,2.5019,,1152347.6505,
603655.SH,20260320,3.7756,11.6679,,425060.0,
603267.SH,20260320,2.8842,4.5859,,1215485.4919,
603008.SH,20260320,2.4257,3.8116,,749106.8128,
920118.BJ,20260320,1.5785,1.8704,,110291.632,
301359.SZ,20260320,3.5488,6.1602,,248283.616,
603153.SH,20260320,0.452,1.8465,,653318.603,
002555.SZ,20260320,2.1985,2.5,,4959836.8808,
300830.SZ,20260320,6.8954,8.3466,,499514.6662,
002811.SZ,20260320,2.3527,5.0058,,424690.6369,
301499.SZ,20260320,10.2444,10.2444,,438682.6898,
002667.SZ,20260320,11.0436,14.0162,,732783.298,
002523.SZ,20260320,1.6884,2.4839,,575156.1648,
600272.SH,20260320,1.5323,2.7636,,332780.0143,
600969.SH,20260320,2.4529,3.858,,373750.9888,
300439.SZ,20260320,2.7022,3.5584,,379706.9892,
600022.SH,20260320,2.0957,5.074,,1647622.8313,
688146.SH,20260320,5.7639,5.7639,,2205529.413,
688698.SH,20260320,1.7568,4.1035,,1427317.8798,
603363.SH,20260320,2.8899,4.4743,,1088038.0433,
300007.SZ,20260320,3.0622,3.4031,,1428317.7901,
000595.SZ,20260320,0.9464,1.7776,,704828.2906,
300856.SZ,20260320,2.6048,6.5696,,626004.3855,
603283.SH,20260320,4.4541,7.2697,,1176352.9552,
603381.SH,20260320,16.2061,22.2912,,669537.352,
002340.SZ,20260320,3.7193,4.0661,,4057150.1381,
688330.SH,20260320,2.1382,4.1666,,681800.0,
002927.SZ,20260320,5.1363,10.556,,400183.5787,
301392.SZ,20260320,5.2883,5.2883,,1151600.0,
002014.SZ,20260320,0.4675,1.1052,,728252.8287,
300902.SZ,20260320,2.9628,4.515,,329064.0979,
001213.SZ,20260320,0.4533,2.6357,,1848888.8887,
002851.SZ,20260320,2.8406,3.2739,,6031851.9087,
300447.SZ,20260320,4.1542,5.313,,578711.1249,
002761.SZ,20260320,1.3703,2.4095,,1054597.4832,
002436.SZ,20260320,4.3828,4.5364,,3683192.611,
301290.SZ,20260320,2.6694,2.67,,269265.9218,
002173.SZ,20260320,9.8219,12.2742,,1182642.0634,
300936.SZ,20260320,21.1562,32.1151,,465187.2,
002268.SZ,20260320,1.7065,2.6867,,1495084.5947,
688507.SH,20260320,3.3687,3.3687,,793068.1776,
001316.SZ,20260320,1.2273,3.9421,,517904.2746,
603838.SH,20260320,0.4947,1.3616,,268173.408,
002519.SZ,20260320,4.7756,7.2286,,853834.6207,
603529.SH,20260320,0.6382,2.1239,,2454401.3531,
000900.SZ,20260320,0.9919,1.8558,,639005.7286,
600958.SH,20260320,0.5978,0.9334,,8029329.8009,
601156.SH,20260320,1.0093,1.5841,,2779809.7786,
600770.SH,20260320,1.5175,2.7166,,737100.0,
600097.SH,20260320,2.5226,4.4119,,264066.4687,
688089.SH,20260320,1.2471,2.3185,,310866.9446,
603813.SH,20260320,0.2548,0.7269,,337728.24,
300174.SZ,20260320,2.3706,3.0697,,595483.9386,
688007.SH,20260320,1.4359,2.1655,,656331.1268,
002416.SZ,20260320,2.1657,4.2428,,1583802.1481,
000953.SZ,20260320,3.2527,4.9286,,249695.337,
301428.SZ,20260320,18.4798,18.4798,,362106.6679,
600810.SH,20260320,2.0306,4.7882,,871237.9058,
300073.SZ,20260320,4.1125,5.3556,,2901085.2504,
603477.SH,20260320,2.2787,4.2478,,942100.0491,
603376.SH,20260320,8.3002,8.3002,,1428003.57,
301119.SZ,20260320,0.9676,2.8716,,459888.0,
000858.SZ,20260320,0.265,0.59,,39747665.9712,
603162.SH,20260320,10.7085,10.7085,,1168284.4018,
300322.SZ,20260320,6.9957,8.6104,,1116512.5973,
300371.SZ,20260320,3.9684,5.7932,,253131.3584,
603180.SH,20260320,0.927,3.1201,,291854.5089,
603001.SH,20260320,1.5321,2.9353,,342436.92,
603161.SH,20260320,1.4485,2.6034,,285001.6955,
300159.SZ,20260320,1.5104,1.6855,,996997.5724,
000034.SZ,20260320,4.1791,4.4647,,2576185.2769,
600721.SH,20260320,2.7377,3.63,,349553.8002,
002608.SZ,20260320,0.7355,4.1853,,3139584.234,
920509.BJ,20260320,1.7581,2.5654,,496947.6576,
600641.SH,20260320,5.7884,8.284,,1774711.2574,
600993.SH,20260320,0.7371,1.1259,,1104360.0687,
601139.SH,20260320,4.2509,17.3835,,2266873.0325,
300410.SZ,20260320,3.9198,5.0336,,306173.7407,
300301.SZ,20260320,2.902,3.1374,,268877.4812,
300285.SZ,20260320,4.0573,4.2505,,3264336.1309,
300458.SZ,20260320,1.8352,2.1622,,2965760.5835,
605090.SH,20260320,2.6081,5.141,,2688613.4494,
688686.SH,20260320,0.5106,1.8343,,1121754.7705,
002057.SZ,20260320,2.3576,3.5237,,696588.5443,
002233.SZ,20260320,1.0714,1.7758,,1093134.1229,
688332.SH,20260320,1.1134,2.9668,,1434877.3836,
301376.SZ,20260320,1.3489,1.8005,,672525.6572,
300488.SZ,20260320,2.0718,5.1071,,502668.2887,
301185.SZ,20260320,3.3777,4.7123,,290879.7696,
600029.SH,20260320,0.7974,2.6387,,10455773.3228,
000519.SZ,20260320,1.9036,3.2511,,2331143.7359,
002379.SZ,20260320,3.5938,4.6658,,35184019.1454,
920009.BJ,20260320,3.1468,3.1468,,381360.15,
300649.SZ,20260320,4.0537,5.0294,,184323.9197,
920132.BJ,20260320,2.7353,3.1484,,117030.312,
688418.SH,20260320,2.6117,3.8228,,751155.6272,
605008.SH,20260320,0.3097,1.7706,,771925.0847,
603777.SH,20260320,2.1816,5.5645,,440102.2025,
000596.SZ,20260320,0.6046,1.8006,,5760154.2,
600195.SH,20260320,1.2855,2.6234,,776072.6776,
600456.SH,20260320,2.1532,4.2553,,1599121.423,
300680.SZ,20260320,2.8236,3.1253,,889459.0007,
603213.SH,20260320,0.8193,3.4041,,582077.5915,
301567.SZ,20260320,5.5047,5.5047,,313272.0,
920834.BJ,20260320,1.7039,3.2359,,148800.0062,
600236.SH,20260320,0.3175,2.4205,,7346376.1115,
688667.SH,20260320,1.6666,3.6174,,468884.1764,
920978.BJ,20260320,2.1693,2.3143,,463393.2766,
002745.SZ,20260320,2.4813,2.9429,,1273414.7703,
603871.SH,20260320,0.8932,2.2035,,2021916.7965,
300363.SZ,20260320,1.4511,2.2691,,1079819.6037,
600620.SH,20260320,0.9001,2.2875,,429859.8727,
600056.SH,20260320,0.7714,1.6329,,1528789.1025,
002431.SZ,20260320,2.7913,4.6357,,483044.477,
301246.SZ,20260320,5.3864,5.993,,804013.668,
603699.SH,20260320,1.1342,3.0749,,3843077.3303,
002293.SZ,20260320,0.8784,1.6734,,833842.481,
600098.SH,20260320,0.9724,3.6653,,2685492.5754,
300654.SZ,20260320,3.2011,5.9955,,411158.2088,
300288.SZ,20260320,2.8831,3.2944,,434592.643,
002437.SZ,20260320,1.9448,2.0902,,713557.8003,
002783.SZ,20260320,3.4203,4.3103,,455414.1741,
002732.SZ,20260320,1.7385,4.1401,,263561.25,
002752.SZ,20260320,1.3206,3.6586,,592012.5916,
603997.SH,20260320,1.6334,2.8188,,1564885.7827,
301526.SZ,20260320,5.51,7.2117,,4129111.4626,
000998.SZ,20260320,2.8084,3.3993,,1481203.6455,
300135.SZ,20260320,6.8688,10.3614,,375091.2,
600410.SH,20260320,17.2383,17.2383,,2760973.6118,
600654.SH,20260320,2.3751,3.6757,,975491.7657,
601566.SH,20260320,0.8517,2.9812,,605092.919,
688023.SH,20260320,5.682,7.5842,,527243.6012,
603496.SH,20260320,4.9415,6.6867,,920921.7829,
300177.SZ,20260320,1.9109,2.0674,,661566.2997,
603966.SH,20260320,3.3586,5.2437,,470830.4345,
002739.SZ,20260320,1.5564,2.224,,2023084.0023,
300572.SZ,20260320,2.5156,2.7349,,555984.8355,
301186.SZ,20260320,4.6191,12.9839,,407903.9492,
688721.SH,20260320,1.3382,1.3382,,549352.5,
920579.BJ,20260320,2.1937,2.1937,,236042.04,
300409.SZ,20260320,5.5728,5.7332,,1975960.8553,
000930.SZ,20260320,2.9484,6.6656,,1273519.4837,
002346.SZ,20260320,1.1253,2.3245,,835019.1117,
600351.SH,20260320,1.2986,1.5034,,446340.0297,
300723.SZ,20260320,1.2524,3.4,,1414250.0503,
002178.SZ,20260320,4.1375,5.659,,442247.0136,
003035.SZ,20260320,4.4849,17.2862,,3276515.1508,
600803.SH,20260320,0.9763,3.6124,,7315340.2078,
605055.SH,20260320,0.9418,3.6248,,378840.0,
603338.SH,20260320,0.5987,1.3705,,2536802.8738,
605111.SH,20260320,2.9194,3.7776,,1731936.8044,
301029.SZ,20260320,1.7425,2.3645,,1553162.4417,
688611.SH,20260320,0.7984,1.831,,835052.9824,
003022.SZ,20260320,1.179,4.5524,,2595008.624,
603257.SH,20260320,7.4855,7.4855,,685920.0,
000558.SZ,20260320,2.0658,2.9475,,582729.2249,
300334.SZ,20260320,3.4399,5.7436,,223830.4288,
688518.SH,20260320,2.2543,2.6096,,805527.2242,
301016.SZ,20260320,0.8827,2.7641,,491400.0,
600661.SH,20260320,1.7784,2.7975,,276806.1698,
920159.BJ,20260320,23.6163,23.6163,,335692.0,
603466.SH,20260320,3.7032,6.2725,,559693.6439,
300294.SZ,20260320,1.0669,1.8329,,984797.7853,
002595.SZ,20260320,0.5291,1.0755,,6887200.0,
688285.SH,20260320,0.638,2.5513,,314954.6572,
600973.SH,20260320,1.8388,3.053,,868074.835,
600645.SH,20260320,3.613,4.691,,1402910.7722,
600180.SH,20260320,1.9779,5.3968,,377059.73,
689009.SH,20260320,1.3308,1.3681,,3563421.9136,
002469.SZ,20260320,5.4142,7.0103,,583976.367,
600999.SH,20260320,0.4256,1.0472,,13636154.0318,
002936.SZ,20260320,1.4799,2.1436,,1727497.358,
002337.SZ,20260320,2.1818,3.4735,,360821.4548,
002295.SZ,20260320,1.8143,2.5934,,262144.336,
600080.SH,20260320,1.8527,2.4833,,310560.8771,
601908.SH,20260320,5.323,9.8519,,1002060.1873,
300074.SZ,20260320,4.6708,5.5069,,238187.9308,
600179.SH,20260320,1.189,1.9881,,1836482.7089,
920123.BJ,20260320,1.3545,2.1519,,140986.56,
300937.SZ,20260320,4.1562,5.0021,,283173.3787,
603960.SH,20260320,3.3364,5.3579,,519938.4357,
603689.SH,20260320,2.3011,6.2601,,444299.3725,
603002.SH,20260320,3.7394,7.9766,,1123871.8024,
600584.SH,20260320,4.3189,5.5748,,7520909.4377,
688606.SH,20260320,0.2974,0.6295,,511361.5148,
688621.SH,20260320,1.1988,1.6555,,674912.0,
600535.SH,20260320,0.7774,1.5615,,2113939.2571,
920305.BJ,20260320,3.7769,6.1259,,86706.3619,
301275.SZ,20260320,2.577,3.823,,1674816.0,
002779.SZ,20260320,2.3338,4.1362,,1623652.8,
002962.SZ,20260320,2.9166,3.3824,,431373.0556,
603065.SH,20260320,3.0621,3.8981,,338525.7982,
300770.SZ,20260320,1.3312,2.4638,,918873.0375,
600925.SH,20260320,1.2346,1.6101,,3292888.8889,
688381.SH,20260320,1.6347,2.0658,,545737.5,
002564.SZ,20260320,1.3369,1.881,,566876.9548,
688159.SH,20260320,6.179,8.7424,,393468.8527,
600889.SH,20260320,0.8623,1.4857,,849861.2906,
000593.SZ,20260320,6.4718,10.1063,,487738.1722,
688183.SH,20260320,2.4011,8.2598,,6870842.9055,
300533.SZ,20260320,3.6021,4.1852,,677126.1694,
603256.SH,20260320,1.6259,10.0856,,5798399.1125,
600316.SH,20260320,0.7371,1.4216,,2598105.877,
300502.SZ,20260320,7.5887,7.8059,,47419214.229,
601888.SH,20260320,0.8479,1.8155,,14937162.2977,
002402.SZ,20260320,2.5747,2.6872,,2762819.1956,
920089.BJ,20260320,1.5656,1.7908,,279187.804,
000803.SZ,20260320,3.0838,4.4778,,414537.28,
688105.SH,20260320,0.3321,1.0173,,781150.6444,
920101.BJ,20260320,2.2259,2.2259,,319061.3147,
601868.SH,20260320,6.1498,16.4397,,13216098.8726,
600779.SH,20260320,0.6,1.6338,,1660435.8924,
301687.SZ,20260320,17.999,17.999,,894695.488,
601456.SH,20260320,0.502,0.7815,,5271590.124,
002664.SZ,20260320,1.9307,3.9541,,797214.6,
603301.SH,20260320,1.7003,3.7229,,2465358.7516,
300377.SZ,20260320,5.0901,5.9914,,1423150.8366,
301590.SZ,20260320,7.2774,7.2774,,765240.7702,
000517.SZ,20260320,1.0627,3.5982,,639968.4195,
002546.SZ,20260320,4.1739,6.7597,,793180.6903,
300899.SZ,20260320,2.308,3.8948,,239570.6983,
301680.SZ,20260320,45.0137,45.0137,,991944.0,
600497.SH,20260320,2.6584,4.4721,,4082708.1912,
002917.SZ,20260320,1.6063,2.3786,,448769.9283,
002641.SZ,20260320,1.0779,2.623,,511303.0503,
600127.SH,20260320,5.025,6.388,,449890.0358,
601011.SH,20260320,5.0917,7.4101,,655157.2723,
300129.SZ,20260320,8.617,9.0719,,1484754.4951,
600185.SH,20260320,1.0755,1.9538,,1170588.5987,
600738.SH,20260320,1.3747,2.8467,,363918.2428,
603999.SH,20260320,1.4403,3.4161,,408960.0,
600751.SH,20260320,2.9463,5.8132,,1124943.0598,
920270.BJ,20260320,1.4187,4.0771,,174604.104,
002622.SZ,20260320,2.8222,3.7041,,224280.0,
002916.SZ,20260320,1.1868,3.3105,,17007367.544,
600576.SH,20260320,1.9592,2.9169,,655929.1297,
600775.SH,20260320,6.9363,10.6138,,1277546.2635,
300092.SZ,20260320,4.3208,5.6457,,424033.2235,
600710.SH,20260320,1.015,2.5671,,1643890.788,
688519.SH,20260320,3.2322,7.9404,,3434699.7593,
300818.SZ,20260320,2.2796,2.7771,,620408.0923,
301491.SZ,20260320,5.5232,5.5232,,696600.0,
300547.SZ,20260320,2.4392,2.8025,,663082.1739,
603391.SH,20260320,5.3153,5.3153,,615342.0,
003043.SZ,20260320,2.2384,3.1897,,633420.9965,
300062.SZ,20260320,10.4308,12.028,,557494.5725,
600761.SH,20260320,1.8027,2.8095,,1653125.7644,
300070.SZ,20260320,1.5605,2.7824,,1446059.5358,
300981.SZ,20260320,5.6978,18.7134,,634720.1393,
300407.SZ,20260320,4.2074,5.3713,,408371.6691,
301307.SZ,20260320,12.9977,14.6336,,820497.6,
601727.SH,20260320,1.2296,2.8163,,12944921.3228,
600897.SH,20260320,0.4898,1.5306,,660423.456,
002131.SZ,20260320,6.436,6.766,,4963713.7893,
002008.SZ,20260320,4.363,5.415,,6650208.4123,
002717.SZ,20260320,2.1561,2.3019,,307619.4713,
601211.SH,20260320,0.548,0.6777,,30921135.9041,
300258.SZ,20260320,3.3153,5.2421,,734234.29,
000722.SZ,20260320,9.2144,19.0112,,660497.2353,
300710.SZ,20260320,3.1309,3.2828,,288919.8312,
600734.SH,20260320,3.1128,4.2591,,832111.7865,
301618.SZ,20260320,4.2133,4.4441,,451620.5952,
603607.SH,20260320,3.2406,6.3518,,408981.9888,
300144.SZ,20260320,1.398,2.1309,,2062998.7472,
000402.SZ,20260320,0.7501,1.5301,,795055.3553,
605162.SH,20260320,8.5185,33.5989,,426220.3141,
301322.SZ,20260320,2.3046,3.0482,,429232.5734,
603392.SH,20260320,0.2109,0.797,,5080330.2865,
600362.SH,20260320,1.6228,3.8718,,15582282.3225,
603041.SH,20260320,2.4585,4.1583,,224905.3658,
002835.SZ,20260320,2.331,3.066,,348117.3746,
920770.BJ,20260320,10.4618,11.9991,,232155.8002,
688080.SH,20260320,1.7664,2.4478,,392071.5906,
688077.SH,20260320,1.963,3.243,,332216.6186,
688178.SH,20260320,2.552,5.2819,,228219.2111,
688396.SH,20260320,0.8422,2.4926,,6261185.1455,
002531.SZ,20260320,5.0913,10.3388,,2010707.2183,
603533.SH,20260320,5.6256,9.6943,,1107336.7147,
300298.SZ,20260320,0.8682,1.3426,,908753.5703,
001220.SZ,20260320,13.4858,13.4858,,378389.0,
600452.SH,20260320,5.4693,9.373,,1966773.3171,
688516.SH,20260320,7.7685,14.0668,,2566469.9177,
920821.BJ,20260320,1.9989,3.7099,,293327.2259,
600206.SH,20260320,2.74,4.0948,,1747286.0772,
000559.SZ,20260320,1.412,3.8966,,5155382.3804,
002981.SZ,20260320,2.2788,5.9746,,325842.0926,
301053.SZ,20260320,11.9791,32.202,,297645.1531,
603093.SH,20260320,2.5729,11.1745,,1428990.262,
600269.SH,20260320,0.7609,1.6675,,1144349.4369,
300875.SZ,20260320,7.4185,13.1683,,429289.4293,
300557.SZ,20260320,2.3195,4.4265,,423641.9124,
300691.SZ,20260320,4.0683,5.4169,,455230.5121,
300563.SZ,20260320,3.6536,4.1916,,562073.3192,
601666.SH,20260320,1.4667,3.0484,,2034755.866,
300789.SZ,20260320,7.1115,9.3072,,327400.4537,
301192.SZ,20260320,2.3804,3.992,,267732.0,
003001.SZ,20260320,2.2497,2.981,,307550.7081,
603730.SH,20260320,1.0532,5.4801,,1817703.1486,
688707.SH,20260320,1.8658,2.6771,,683746.8355,
300752.SZ,20260320,3.9118,4.718,,406728.1417,
920873.BJ,20260320,1.147,1.325,,111052.1894,
300445.SZ,20260320,1.9735,2.6341,,420823.8558,
000025.SZ,20260320,1.2829,2.7812,,694866.0118,
300017.SZ,20260320,10.467,11.8077,,4311415.4591,
300867.SZ,20260320,17.5687,21.8289,,616036.9672,
300803.SZ,20260320,2.6544,4.4001,,6183290.0181,
002077.SZ,20260320,7.2664,14.3062,,970342.7137,
300256.SZ,20260320,1.1901,2.4334,,798474.4719,
002187.SZ,20260320,1.7034,4.0047,,445768.9866,
002895.SZ,20260320,1.7606,3.293,,2203399.3926,
603129.SH,20260320,1.0644,1.6663,,3683586.312,
300469.SZ,20260320,3.4286,4.2226,,1580784.8312,
300532.SZ,20260320,1.4264,2.1987,,497161.5207,
002154.SZ,20260320,1.1803,1.5433,,545790.8146,
600198.SH,20260320,1.2377,2.6129,,1079383.7319,
600556.SH,20260320,2.3506,3.8465,,1086456.3328,
603995.SH,20260320,1.1318,2.1892,,637271.991,
301617.SZ,20260320,3.0076,3.9045,,766959.96,
300475.SZ,20260320,7.0563,8.3983,,7305679.8284,
920926.BJ,20260320,0.6558,2.2302,,131835.7116,
300253.SZ,20260320,2.7386,3.0695,,1934156.7742,
000985.SZ,20260320,3.5461,9.7151,,248259.6425,
002137.SZ,20260320,3.1423,3.7065,,485681.5822,
603183.SH,20260320,3.8722,5.0647,,222724.6564,
000498.SZ,20260320,1.1522,2.8991,,915940.2301,
603115.SH,20260320,4.0733,11.5659,,770420.924,
000555.SZ,20260320,9.8699,16.1797,,1723217.6557,
002938.SZ,20260320,1.2918,4.7208,,12060819.4362,
002659.SZ,20260320,2.1628,3.0898,,315892.0428,
002883.SZ,20260320,3.5874,5.6242,,148817.7792,
300713.SZ,20260320,6.552,9.1564,,262841.6614,
603610.SH,20260320,1.8061,4.163,,597967.806,
301512.SZ,20260320,4.0448,5.7604,,244106.9718,
920748.BJ,20260320,2.4736,6.381,,278566.2,
688139.SH,20260320,1.0286,1.939,,1008346.4495,
002521.SZ,20260320,3.2128,3.7659,,474931.7704,
603358.SH,20260320,1.1137,2.8714,,2103509.4943,
300731.SZ,20260320,10.1613,12.7208,,897819.4904,
000910.SZ,20260320,0.8634,1.6126,,394673.5975,
002933.SZ,20260320,2.225,3.5834,,384555.95,
600867.SH,20260320,1.2192,2.0861,,1684346.8329,
600389.SH,20260320,2.3544,3.3143,,1232520.3,
002172.SZ,20260320,2.8513,4.1177,,298635.6204,
300985.SZ,20260320,2.7573,9.9686,,404359.0566,
600495.SH,20260320,1.3298,1.939,,529187.6081,
301263.SZ,20260320,0.8641,1.0773,,1121185.9125,
301103.SZ,20260320,1.0646,1.4939,,314630.7038,
300201.SZ,20260320,8.8796,11.8108,,1081694.7467,
605218.SH,20260320,1.5705,4.7984,,451878.1958,
002245.SZ,20260320,5.7108,6.6107,,1973016.0183,
000703.SZ,20260320,1.579,4.7518,,3876420.9718,
688005.SH,20260320,4.1423,5.6663,,2142032.2336,
920039.BJ,20260320,0.5628,1.7177,,153204.72,
601398.SH,20260320,0.1451,1.2543,,267304692.8168,
002031.SZ,20260320,2.6454,2.8648,,1502187.2426,
920261.BJ,20260320,0.9324,1.3921,,424180.4138,
300341.SZ,20260320,1.0551,2.7808,,769906.58,
605123.SH,20260320,2.2317,5.1291,,1145670.7839,
600717.SH,20260320,0.8059,1.8839,,1348604.4837,
301262.SZ,20260320,3.4387,4.785,,992877.0,
605068.SH,20260320,1.1451,3.3915,,431934.5922,
688033.SH,20260320,3.8914,5.2051,,481804.1968,
600072.SH,20260320,3.7521,5.2153,,1887817.3339,
002343.SZ,20260320,2.1112,2.8873,,297471.2196,
002334.SZ,20260320,4.2657,4.3683,,689456.6228,
600745.SH,20260320,2.6149,3.6396,,4078723.4276,
000777.SZ,20260320,4.6897,6.4461,,878026.288,
920651.BJ,20260320,14.4802,14.4802,,207461.0,
600740.SH,20260320,3.4888,8.1041,,1152954.5193,
000811.SZ,20260320,1.498,2.3754,,1738821.4297,
603500.SH,20260320,1.5336,3.2648,,361077.4169,
600354.SH,20260320,7.494,10.4896,,361544.4248,
605006.SH,20260320,2.9032,9.0041,,518415.4483,
300512.SZ,20260320,1.3553,3.6665,,369950.587,
300191.SZ,20260320,14.126,18.2523,,1240960.0,
300807.SZ,20260320,2.0625,3.1339,,341014.41,
300582.SZ,20260320,3.059,3.3807,,433176.4441,
600895.SH,20260320,1.1838,2.3101,,5575282.38,
603933.SH,20260320,1.3818,3.7629,,430032.3594,
605566.SH,20260320,1.6272,3.7118,,357884.56,
300219.SZ,20260320,5.8178,9.047,,568478.6353,
002338.SZ,20260320,1.3615,2.3232,,1188000.0,
301396.SZ,20260320,28.2152,28.5344,,2411914.1809,
000783.SZ,20260320,0.8079,1.4058,,3981652.5226,
600193.SH,20260320,1.9378,2.2731,,199925.31,
600690.SH,20260320,0.4997,0.8642,,22984570.2722,
002029.SZ,20260320,1.683,2.8488,,703613.4899,
301197.SZ,20260320,2.8577,3.9547,,268804.2,
300821.SZ,20260320,1.9761,4.7739,,1406400.0,
920425.BJ,20260320,1.4765,2.2049,,142511.5249,
300457.SZ,20260320,1.8311,3.1145,,1567140.8306,
920339.BJ,20260320,0.5836,1.6121,,192898.5288,
688291.SH,20260320,1.4455,4.4082,,395472.1284,
920809.BJ,20260320,4.4267,4.4267,,428919.8,
000960.SZ,20260320,2.5886,4.6052,,5367399.0274,
300651.SZ,20260320,25.2302,32.3772,,412191.0793,
601872.SH,20260320,2.3215,7.3766,,13549075.6064,
688323.SH,20260320,2.3482,4.1874,,356940.4442,
301602.SZ,20260320,0.6848,1.9004,,874649.1208,
002742.SZ,20260320,0.8103,1.0461,,300320.796,
920599.BJ,20260320,0.9006,1.389,,869547.0,
688365.SH,20260320,3.4526,8.378,,792885.5616,
603173.SH,20260320,0.8564,2.7384,,658720.0,
000570.SZ,20260320,2.8692,4.8606,,393070.7264,
003021.SZ,20260320,1.6438,4.0305,,2769248.3931,
688206.SH,20260320,0.8506,1.805,,1377773.0826,
600259.SH,20260320,2.7827,4.5214,,2681394.2027,
300647.SZ,20260320,2.966,3.6012,,291313.4923,
300276.SZ,20260320,1.8525,2.2241,,1000344.6949,
300122.SZ,20260320,1.1435,1.4867,,3748674.7438,
301387.SZ,20260320,4.0947,5.3464,,572271.7606,
002419.SZ,20260320,2.0932,4.3535,,661567.8265,
300031.SZ,20260320,2.0937,2.1699,,853405.7644,
600893.SH,20260320,1.515,3.0882,,13178697.9127,
688029.SH,20260320,0.5765,1.0119,,1344799.6941,
301116.SZ,20260320,0.895,3.5026,,454816.3277,
300885.SZ,20260320,1.8897,3.5619,,542459.8348,
688199.SH,20260320,2.4833,3.41,,386622.9479,
603087.SH,20260320,1.1536,1.8782,,3562924.1401,
600579.SH,20260320,1.3877,3.7767,,392906.2042,
603559.SH,20260320,0.6755,0.9601,,284505.3781,
002658.SZ,20260320,3.0601,4.115,,595072.2249,
603867.SH,20260320,3.5105,4.5852,,658332.3711,
688658.SH,20260320,1.2526,2.2628,,805500.0,
601279.SH,20260320,1.004,4.7573,,653343.8258,
600908.SH,20260320,0.7307,0.9579,,1294862.2001,
001335.SZ,20260320,5.4387,5.4387,,406923.43,
301252.SZ,20260320,7.3864,7.3864,,621565.0411,
300180.SZ,20260320,2.8976,4.0485,,1118273.1984,
605339.SH,20260320,0.2235,1.396,,707292.4569,
601000.SH,20260320,0.7048,1.569,,2595556.7329,
000895.SZ,20260320,0.3145,1.0602,,9804991.2328,
603882.SH,20260320,1.0866,1.8222,,1241995.4353,
000590.SZ,20260320,1.8595,3.297,,284491.8652,
301380.SZ,20260320,2.5114,4.4713,,328410.0905,
600219.SH,20260320,1.8692,3.5229,,6890220.9354,
000731.SZ,20260320,9.0864,10.4596,,414912.3804,
688046.SH,20260320,1.9497,3.9747,,563750.0,
000818.SZ,20260320,6.2161,8.5261,,1485660.0878,
603155.SH,20260320,1.2969,5.0822,,499574.7176,
301327.SZ,20260320,8.0811,29.2672,,1215263.67,
002080.SZ,20260320,2.2375,5.6272,,6970925.3679,
300715.SZ,20260320,2.5792,4.4314,,505082.0545,
603968.SH,20260320,5.3121,10.2839,,282182.4,
688081.SH,20260320,1.3236,2.684,,377126.4,
600876.SH,20260320,2.5997,6.7552,,690226.5354,
300990.SZ,20260320,5.8016,8.9719,,1432864.86,
603633.SH,20260320,1.6626,2.5053,,332912.438,
001323.SZ,20260320,0.1743,0.6535,,1141216.844,
000404.SZ,20260320,1.7543,2.5332,,479541.2295,
002052.SZ,20260320,3.9009,5.4222,,914214.2282,
002034.SZ,20260320,1.9421,4.2225,,787251.092,
300814.SZ,20260320,3.9443,10.39,,1593847.279,
001280.SZ,20260320,6.7701,6.7701,,16754340.9076,
000065.SZ,20260320,2.4959,4.7328,,1464578.5625,
920249.BJ,20260320,7.955,8.1976,,385369.82,
300824.SZ,20260320,0.9904,2.4957,,335805.5908,
000766.SZ,20260320,1.3558,1.6878,,1905927.5622,
000591.SZ,20260320,6.2046,9.4863,,2401758.8057,
002993.SZ,20260320,2.9812,6.1795,,1336585.68,
603259.SH,20260320,1.0126,1.2243,,27122352.539,
000541.SZ,20260320,0.9957,1.9709,,893822.9299,
688152.SH,20260320,1.7152,3.2016,,359906.2565,
600222.SH,20260320,2.536,3.2969,,405163.7158,
601318.SH,20260320,0.5823,0.6401,,108175053.2781,
002125.SZ,20260320,5.1076,8.8408,,848548.2644,
003017.SZ,20260320,4.1859,5.0566,,253764.0,
600748.SH,20260320,0.6438,1.5405,,894613.0026,
000965.SZ,20260320,2.2518,4.638,,415076.7547,
603275.SH,20260320,2.8012,2.8012,,645372.2896,
300838.SZ,20260320,3.7541,5.8131,,208898.692,
600323.SH,20260320,1.0246,1.8911,,2477839.9767,
002088.SZ,20260320,0.8308,2.341,,534673.7346,
600103.SH,20260320,3.481,4.791,,808938.4557,
920663.BJ,20260320,1.6285,2.5344,,192449.1669,
600192.SH,20260320,2.057,3.4015,,387412.996,
300815.SZ,20260320,1.1355,2.0211,,846609.408,
600363.SH,20260320,1.3967,1.7459,,2354539.4859,
600743.SH,20260320,1.1463,2.516,,457489.6704,
688339.SH,20260320,3.3007,4.0556,,665311.736,
002561.SZ,20260320,1.1481,1.8075,,336352.267,
002590.SZ,20260320,1.4142,2.6911,,669577.6953,
688275.SH,20260320,12.5375,14.4189,,1510899.1867,
000513.SZ,20260320,0.7137,1.2289,,3041969.9678,
603136.SH,20260320,1.6001,2.9883,,313346.9836,
688117.SH,20260320,1.3022,1.9537,,546916.2736,
600938.SH,20260320,3.0947,3.9754,,199198037.1469,
300496.SZ,20260320,3.6801,4.0131,,2887652.7594,
600085.SH,20260320,0.3544,0.7452,,4073266.6781,
002953.SZ,20260320,5.0374,6.8765,,592353.4758,
920839.BJ,20260320,0.8715,1.7468,,392220.6838,
002138.SZ,20260320,2.647,2.8575,,2911615.5763,
002840.SZ,20260320,3.9244,6.7931,,803770.7258,
300370.SZ,20260320,3.2933,4.1122,,425782.3332,
600088.SH,20260320,0.7582,1.7585,,570708.684,
300380.SZ,20260320,2.2766,3.7388,,501426.2391,
002409.SZ,20260320,3.1823,3.8098,,3953055.2935,
301538.SZ,20260320,3.4931,4.0519,,588078.4,
600558.SH,20260320,1.7641,2.6476,,508044.3343,
002208.SZ,20260320,8.3458,20.5352,,1117379.0246,
300430.SZ,20260320,2.8944,4.008,,514420.1637,
301062.SZ,20260320,2.2866,2.5627,,352699.806,
300463.SZ,20260320,1.4983,1.619,,672389.2859,
601177.SH,20260320,1.239,2.2531,,601355.15,
600671.SH,20260320,2.9607,5.2198,,258414.794,
603985.SH,20260320,11.105,19.6253,,837630.2057,
000403.SZ,20260320,0.8837,1.4224,,1298242.8293,
300620.SZ,20260320,15.0144,29.4741,,4081577.3271,
601880.SH,20260320,1.0098,3.1145,,4077915.7278,
920670.BJ,20260320,3.2771,3.9791,,175200.96,
300836.SZ,20260320,3.746,4.3241,,546752.4134,
300348.SZ,20260320,4.3223,4.4395,,1107067.143,
002210.SZ,20260320,2.164,3.0894,,745145.1767,
300381.SZ,20260320,2.0309,2.865,,337850.2852,
002748.SZ,20260320,2.305,4.9617,,273120.0,
300918.SZ,20260320,0.9035,1.7378,,719723.1552,
002395.SZ,20260320,4.3901,12.375,,474193.512,
300843.SZ,20260320,3.4318,8.0053,,859777.9405,
300684.SZ,20260320,4.8561,5.6192,,1496048.5689,
603667.SH,20260320,3.7616,5.9097,,2398261.9407,
688779.SH,20260320,2.2417,3.9786,,2075840.0141,
300267.SZ,20260320,3.065,4.0515,,769351.6165,
300553.SZ,20260320,2.0615,2.4145,,404230.5231,
601933.SH,20260320,1.5161,3.2689,,3493889.2423,
920942.BJ,20260320,1.8338,2.3352,,159450.46,
601658.SH,20260320,0.187,1.2168,,60648002.0135,
002819.SZ,20260320,1.4313,2.86,,754717.8419,
688718.SH,20260320,1.1707,3.2005,,253855.1623,
603306.SH,20260320,4.3457,5.9606,,2635295.5154,
002424.SZ,20260320,1.2856,1.5746,,670847.232,
603328.SH,20260320,2.7362,6.6706,,1184152.9366,
603989.SH,20260320,1.2228,3.5781,,680717.221,
603194.SH,20260320,0.7679,0.7679,,1348964.0,
600884.SH,20260320,4.7394,5.1677,,3038956.7779,
688325.SH,20260320,3.6086,7.0476,,1158569.7518,
000790.SZ,20260320,3.1379,3.8219,,245745.4294,
603229.SH,20260320,0.4819,1.0346,,764703.6705,
600818.SH,20260320,2.9831,3.297,,275802.3068,
002317.SZ,20260320,2.2849,2.6946,,1498427.431,
920895.BJ,20260320,2.2008,3.1957,,95299.464,
601137.SH,20260320,1.7889,3.0251,,1737337.024,
603898.SH,20260320,1.3379,4.0627,,461724.7269,
600666.SH,20260320,26.5617,31.353,,1207885.406,
603909.SH,20260320,1.3597,2.3769,,284655.0689,
601066.SH,20260320,0.1701,1.0599,,17514616.8516,
603061.SH,20260320,2.0768,3.7852,,1461600.0,
605086.SH,20260320,0.9273,3.4211,,622361.6,
688223.SH,20260320,5.0231,13.2173,,7813263.8153,
601399.SH,20260320,1.0947,3.3722,,3253313.7064,
002820.SZ,20260320,4.4275,6.7072,,214929.0757,
920167.BJ,20260320,6.734,12.2879,,209160.3765,
002198.SZ,20260320,3.5746,4.6007,,377079.8171,
601866.SH,20260320,1.4447,3.8828,,3536971.7598,
688599.SH,20260320,4.1235,6.5548,,4467276.5772,
600714.SH,20260320,10.4645,16.1562,,571741.7256,
603665.SH,20260320,1.7107,2.9535,,474472.0629,
603121.SH,20260320,2.9825,6.1953,,584309.1921,
002937.SZ,20260320,1.525,3.2708,,734620.0504,
300358.SZ,20260320,2.0084,2.9724,,691494.5249,
600369.SH,20260320,0.5636,1.0717,,2830816.4868,
301015.SZ,20260320,0.5255,2.1105,,1119579.284,
300450.SZ,20260320,3.9737,5.8476,,8205359.248,
600359.SH,20260320,3.3714,5.6489,,265914.4355,
601949.SH,20260320,0.86,3.7508,,1220443.5226,
603899.SH,20260320,0.387,1.0634,,2339264.7576,
000862.SZ,20260320,22.3941,29.4481,,774753.7634,
300048.SZ,20260320,4.8058,5.8991,,875558.749,
002976.SZ,20260320,2.4462,3.8667,,383982.2622,
300030.SZ,20260320,5.5267,7.1271,,236837.4833,
600798.SH,20260320,2.6309,4.7734,,450037.257,
300464.SZ,20260320,4.9446,7.2107,,330087.977,
601528.SH,20260320,0.7759,0.8069,,1087037.4128,
601588.SH,20260320,1.4074,2.7693,,592595.52,
301201.SZ,20260320,1.4832,2.0358,,630149.4052,
603967.SH,20260320,1.0701,3.1505,,440960.0551,
000159.SZ,20260320,4.5123,5.8467,,306196.9775,
001396.SZ,20260320,7.7513,7.7513,,476998.5802,
688030.SH,20260320,1.321,2.3249,,287115.6421,
002418.SZ,20260320,5.5987,7.2363,,489788.4,
603660.SH,20260320,3.7383,4.837,,554481.9623,
301189.SZ,20260320,3.197,8.7588,,522852.9208,
600778.SH,20260320,3.239,5.2645,,199665.9566,
688665.SH,20260320,0.453,1.4365,,453847.6494,
300881.SZ,20260320,2.5726,4.884,,482680.0,
002120.SZ,20260320,0.8173,1.8499,,1948263.1197,
688680.SH,20260320,14.1066,22.7591,,467172.834,
600817.SH,20260320,0.7125,2.4366,,602633.911,
920810.BJ,20260320,1.5867,2.7005,,107887.5,
002542.SZ,20260320,1.0953,1.8748,,559896.1888,
300608.SZ,20260320,5.4877,8.3971,,382250.5838,
300889.SZ,20260320,5.9284,6.7711,,552549.7437,
603108.SH,20260320,2.5252,3.5674,,820403.5078,
002850.SZ,20260320,2.5407,2.9164,,4207181.8869,
002777.SZ,20260320,2.3586,3.8452,,716037.2407,
600211.SH,20260320,0.9609,2.1247,,1367278.0294,
688345.SH,20260320,3.4322,12.0811,,429076.179,
002388.SZ,20260320,4.1726,4.6918,,252795.312,
688788.SH,20260320,1.1242,2.5758,,881634.173,
002256.SZ,20260320,14.2005,18.9111,,895281.2053,
002896.SZ,20260320,1.7828,3.3797,,1375658.69,
000767.SZ,20260320,7.0383,13.5438,,1150776.3899,
600123.SH,20260320,4.8408,8.878,,1032741.2547,
000631.SZ,20260320,0.5755,2.0113,,867100.032,
603986.SH,20260320,4.6798,5.1317,,20345993.128,
301058.SZ,20260320,1.3324,2.3332,,512274.245,
600587.SH,20260320,1.1225,1.5932,,890554.1979,
688058.SH,20260320,2.847,5.3982,,215299.9484,
000737.SZ,20260320,2.3534,4.801,,2567557.7544,
605208.SH,20260320,1.7496,3.2432,,412754.94,
300345.SZ,20260320,15.1936,20.3386,,434592.3022,
301168.SZ,20260320,2.0818,4.024,,480360.0,
688293.SH,20260320,0.4786,0.9992,,584251.8648,
300342.SZ,20260320,16.5594,21.8325,,1963237.1869,
300964.SZ,20260320,17.3345,26.5144,,509720.2806,
688184.SH,20260320,0.4525,0.5559,,158570.3715,
301043.SZ,20260320,1.6261,4.6792,,387668.0,
300828.SZ,20260320,5.9014,8.7179,,331179.78,
603316.SH,20260320,9.2414,14.9512,,417272.856,
301571.SZ,20260320,2.0569,2.2959,,1050359.2654,
600468.SH,20260320,9.5342,21.6304,,940891.0527,
300217.SZ,20260320,6.1091,7.6712,,805497.4323,
600864.SH,20260320,2.5602,4.7284,,1360693.1201,
688056.SH,20260320,1.3861,3.2599,,232643.5345,
600626.SH,20260320,0.9911,1.8692,,559995.7388,
002930.SZ,20260320,3.2367,6.6723,,599769.2248,
688052.SH,20260320,2.2858,3.2363,,2628807.7944,
000407.SZ,20260320,6.9314,9.2767,,440922.4127,
000668.SZ,20260320,1.5192,2.5709,,195006.0299,
603551.SH,20260320,0.7281,2.5985,,471694.4889,
603617.SH,20260320,2.3469,4.1088,,290019.6347,
603601.SH,20260320,11.8839,18.3915,,1281706.5695,
600724.SH,20260320,0.6587,2.8598,,851246.9908,
300993.SZ,20260320,1.0557,2.0534,,382082.688,
600232.SH,20260320,3.2578,6.5484,,276456.6564,
603083.SH,20260320,12.7262,14.7539,,4067116.7518,
002749.SZ,20260320,0.6604,1.4466,,607665.1907,
001330.SZ,20260320,4.0395,5.6691,,934672.9091,
301667.SZ,20260320,47.971,47.971,,1066779.6888,
603280.SH,20260320,7.4197,7.4197,,385385.7012,
600481.SH,20260320,6.2345,10.6075,,1418079.1772,
002845.SZ,20260320,3.7496,4.4311,,473639.7654,
002615.SZ,20260320,3.0494,3.8815,,373014.1856,
301030.SZ,20260320,5.146,7.3129,,244681.446,
920223.BJ,20260320,2.1211,3.3605,,260935.815,
002056.SZ,20260320,3.6407,7.2888,,3621061.0767,
600188.SH,20260320,1.4752,5.615,,21138934.0257,
002459.SZ,20260320,4.5891,8.7416,,4203303.2545,
688188.SH,20260320,0.4591,1.2967,,3936543.8247,
600416.SH,20260320,1.3919,2.3087,,1937702.2702,
300897.SZ,20260320,1.9163,3.4085,,364291.0508,
300119.SZ,20260320,1.3435,1.6913,,857472.4326,
603937.SH,20260320,2.5508,6.9061,,244817.8799,
600580.SH,20260320,1.6961,2.7785,,5889183.0165,
600682.SH,20260320,3.0118,5.5276,,885097.0014,
603298.SH,20260320,0.5902,1.5333,,3167125.5345,
300745.SZ,20260320,2.2453,2.529,,410122.3432,
603936.SH,20260320,6.7391,8.7275,,849776.5094,
002090.SZ,20260320,2.8065,3.559,,446242.8571,
920422.BJ,20260320,1.3102,2.851,,98746.7044,
920640.BJ,20260320,1.9702,4.2529,,663243.024,
688615.SH,20260320,3.1027,3.3515,,2479820.0,
603418.SH,20260320,3.4317,3.4317,,1033495.3807,
301678.SZ,20260320,4.171,4.171,,1528842.9904,
002536.SZ,20260320,6.8363,10.4651,,1800804.1871,
688273.SH,20260320,4.4757,11.3584,,428900.0,
301001.SZ,20260320,4.0125,6.85,,230800.0,
601226.SH,20260320,2.2628,6.1273,,1066921.3566,
688265.SH,20260320,0.4132,1.3327,,320118.1844,
300112.SZ,20260320,3.6929,4.1361,,232761.167,
002104.SZ,20260320,4.3941,4.5954,,1133342.6464,
002415.SZ,20260320,0.349,0.8854,,28686047.9515,
002526.SZ,20260320,2.1249,2.6967,,616846.6673,
300442.SZ,20260320,3.1849,7.8431,,14050451.6971,
688278.SH,20260320,0.4107,1.0416,,2720991.0737,
920414.BJ,20260320,10.0985,11.5088,,106862.5491,
000686.SZ,20260320,0.8112,1.4135,,1930873.6549,
000893.SZ,20260320,2.2508,3.3409,,5544307.122,
600208.SH,20260320,0.6519,1.5152,,2790932.5824,
000036.SZ,20260320,2.0713,2.954,,676640.6255,
600872.SH,20260320,1.0872,1.4138,,1442577.5995,
601008.SH,20260320,1.2423,3.0224,,609153.2609,
603383.SH,20260320,1.6225,2.7861,,623325.4441,
300565.SZ,20260320,25.1741,25.9902,,350335.5706,
920375.BJ,20260320,21.6412,25.2257,,181495.3478,
688277.SH,20260320,1.827,2.5866,,1039661.8375,
600615.SH,20260320,1.6416,2.3464,,259919.5507,
002482.SZ,20260320,1.7412,3.7172,,637663.6017,
300541.SZ,20260320,7.0374,7.0374,,619264.0685,
688663.SH,20260320,2.536,4.0796,,809234.712,
600141.SH,20260320,2.6405,3.9549,,3821532.7453,
600280.SH,20260320,1.5889,3.6955,,364452.1365,
688400.SH,20260320,5.1477,9.1009,,2111009.89,
920037.BJ,20260320,2.5401,2.5401,,738288.5934,
301559.SZ,20260320,3.6788,3.6788,,1004400.0,
300271.SZ,20260320,1.9813,2.6151,,577232.9385,
603728.SH,20260320,0.8891,2.0847,,2395170.135,
600613.SH,20260320,2.1917,4.0621,,310829.6875,
300518.SZ,20260320,6.0056,8.3341,,383269.0491,
600018.SH,20260320,0.1875,1.5452,,11896059.8175,
301557.SZ,20260320,7.1823,7.1823,,449591.967,
600199.SH,20260320,1.5931,2.1853,,550575.9417,
000597.SZ,20260320,0.9974,2.3036,,727815.0152,
002857.SZ,20260320,4.9431,7.2327,,299151.86,
002275.SZ,20260320,0.419,1.5496,,819070.6284,
600869.SH,20260320,2.9463,6.3533,,2800823.1655,
002262.SZ,20260320,0.6641,1.1245,,2247935.7082,
600138.SH,20260320,1.2821,1.6691,,670999.68,
300324.SZ,20260320,2.7343,2.9958,,881071.2035,
920592.BJ,20260320,7.1706,11.0789,,294578.57,
603843.SH,20260320,7.6048,10.6801,,567394.4452,
300850.SZ,20260320,8.7994,9.4648,,2024051.5615,
300082.SZ,20260320,2.6988,5.7455,,652214.1738,
002708.SZ,20260320,1.6884,2.4046,,676765.9523,
600733.SH,20260320,1.23,1.8775,,4749896.8557,
600119.SH,20260320,1.7108,3.1585,,211856.8146,
301321.SZ,20260320,2.4142,3.8035,,361124.595,
688002.SH,20260320,1.302,1.689,,4650460.5539,
000860.SZ,20260320,0.7897,1.2811,,1008061.3381,
300257.SZ,20260320,1.8657,4.6142,,3072319.4757,
301628.SZ,20260320,7.1485,8.366,,789410.7534,
600517.SH,20260320,0.6059,2.97,,3802759.7698,
000572.SZ,20260320,7.4721,11.4084,,975269.4006,
001256.SZ,20260320,8.1598,64.3636,,335139.5113,
300493.SZ,20260320,2.7963,3.6726,,840534.5171,
002127.SZ,20260320,1.9324,2.1728,,687363.7128,
603333.SH,20260320,2.4774,4.5302,,474225.5481,
600821.SH,20260320,33.7868,44.6487,,2139069.1582,
600653.SH,20260320,2.4107,3.2801,,348402.0767,
002344.SZ,20260320,1.0652,2.2661,,569481.9302,
301162.SZ,20260320,4.2746,4.8899,,943996.1149,
920077.BJ,20260320,4.3215,5.7552,,1050775.0888,
300283.SZ,20260320,4.5262,5.2707,,384164.1656,
688156.SH,20260320,2.2553,3.1193,,207169.0209,
001369.SZ,20260320,24.3798,24.3798,,1871904.0,
002105.SZ,20260320,2.3555,4.6744,,236958.5417,
601728.SH,20260320,0.2773,1.4992,,54355240.3872,
002461.SZ,20260320,0.3689,2.326,,2138075.3117,
300501.SZ,20260320,4.8752,6.4092,,302306.5216,
002253.SZ,20260320,5.245,6.4644,,250896.2176,
300531.SZ,20260320,6.7224,9.8388,,566704.3732,
300696.SZ,20260320,1.6134,2.8353,,828450.33,
600479.SH,20260320,1.4513,2.4522,,528633.5572,
688218.SH,20260320,5.204,6.393,,273018.1923,
920122.BJ,20260320,1.7572,3.4875,,249976.1127,
603309.SH,20260320,2.0449,4.1129,,432553.4415,
002381.SZ,20260320,2.5526,3.4064,,268348.7119,
600983.SH,20260320,0.4218,2.0818,,825454.803,
688759.SH,20260320,5.034,5.034,,1710139.2966,
600064.SH,20260320,0.8981,1.3761,,1479440.3956,
002355.SZ,20260320,9.2455,10.8285,,467268.219,
920950.BJ,20260320,0.5419,0.9589,,119511.6,
002609.SZ,20260320,2.25,3.2117,,549496.7702,
000950.SZ,20260320,0.9612,2.127,,947045.2134,
688333.SH,20260320,1.7027,2.3993,,2497703.3943,
688062.SH,20260320,2.003,2.003,,1319479.2,
688003.SH,20260320,2.2638,5.3634,,1149988.719,
605199.SH,20260320,0.7114,2.8844,,257670.0363,
302132.SZ,20260320,1.1971,2.6152,,18138156.2603,
002023.SZ,20260320,1.4676,1.9199,,786793.5696,
603998.SH,20260320,1.7376,2.7852,,491771.1232,
001206.SZ,20260320,2.711,3.6628,,390495.7225,
000792.SZ,20260320,2.3059,3.9018,,18425255.5878,
601865.SH,20260320,1.7737,4.2092,,3699408.0363,
603558.SH,20260320,4.357,8.9345,,473183.1457,
301377.SZ,20260320,5.6104,6.4644,,7281190.0,
688316.SH,20260320,13.4933,17.9317,,372120.5642,
603126.SH,20260320,1.4953,3.0478,,450549.0,
920090.BJ,20260320,6.5266,6.5266,,146310.8228,
601878.SH,20260320,0.5455,1.0188,,4578370.4356,
688375.SH,20260320,0.9084,3.1963,,6514442.857,
920158.BJ,20260320,19.3751,19.3751,,256644.0,
688255.SH,20260320,1.4201,2.5793,,298816.1264,
300717.SZ,20260320,2.3038,4.8876,,210997.075,
603196.SH,20260320,1.2639,2.5894,,1123757.089,
002254.SZ,20260320,3.0442,4.7762,,933335.2723,
601068.SH,20260320,0.6934,5.9979,,1697090.9997,
301057.SZ,20260320,3.6406,5.3397,,428108.1431,
300120.SZ,20260320,2.0743,2.2389,,473874.9914,
603880.SH,20260320,3.6865,6.988,,202040.358,
603595.SH,20260320,1.073,2.1235,,370048.183,
300218.SZ,20260320,1.7767,2.8106,,331556.136,
920119.BJ,20260320,5.0855,5.0855,,674785.2861,
000560.SZ,20260320,6.1439,8.3004,,744338.2689,
301555.SZ,20260320,8.8303,10.8152,,334928.121,
688619.SH,20260320,3.9482,8.3852,,277600.7489,
300182.SZ,20260320,5.8756,6.3085,,1576984.7741,
603956.SH,20260320,2.1261,3.7856,,327696.1145,
688287.SH,20260320,1.329,2.6956,,137831.8032,
001222.SZ,20260320,1.0241,1.4377,,372044.61,
300338.SZ,20260320,1.9702,2.1861,,150984.2595,
002222.SZ,20260320,4.3996,5.4094,,2858649.75,
002240.SZ,20260320,5.1341,6.8355,,3219088.5478,
603055.SH,20260320,1.1761,3.9612,,851120.2877,
600285.SH,20260320,2.4934,3.1774,,1275442.728,
002062.SZ,20260320,1.4825,2.3377,,944037.6883,
600854.SH,20260320,2.1997,3.2444,,262846.0202,
688308.SH,20260320,6.07,10.3425,,1314712.5422,
000626.SZ,20260320,3.8624,9.4557,,402261.73,
603042.SH,20260320,17.2614,22.4119,,318449.6527,
688377.SH,20260320,1.7531,2.7342,,745185.276,
002017.SZ,20260320,2.4939,4.4724,,1120233.5844,
000525.SZ,20260320,3.7764,4.8009,,813170.9296,
300351.SZ,20260320,3.9295,5.3607,,632359.4828,
001331.SZ,20260320,3.0797,12.5157,,1471317.12,
688327.SH,20260320,3.661,3.661,,1443582.4428,
300139.SZ,20260320,14.1991,15.0482,,1612490.0,
600171.SH,20260320,1.2865,1.7184,,2060131.1185,
601579.SH,20260320,1.637,3.9579,,769538.7714,
600476.SH,20260320,5.2888,8.7181,,175083.09,
002237.SZ,20260320,2.8335,4.1401,,2139235.7304,
300113.SZ,20260320,11.4512,12.8116,,1887325.9524,
601808.SH,20260320,1.1288,6.0803,,8021046.152,
603488.SH,20260320,1.8183,2.8885,,286734.6121,
603006.SH,20260320,1.1472,4.069,,322140.1348,
600797.SH,20260320,5.4971,5.8668,,953544.4714,
300041.SZ,20260320,2.4711,3.0006,,591322.4504,
300678.SZ,20260320,3.1003,4.6293,,876710.6547,
688180.SH,20260320,1.99,3.0799,,3326475.182,
920242.BJ,20260320,0.6801,0.9118,,159074.2508,
688251.SH,20260320,4.315,10.014,,348084.5289,
603127.SH,20260320,1.8226,2.8477,,2105668.4982,
000929.SZ,20260320,2.463,3.3509,,185580.234,
920130.BJ,20260320,2.2923,4.2732,,194448.7415,
002191.SZ,20260320,0.9571,1.3922,,547320.6204,
600582.SH,20260320,0.9605,2.4535,,2487291.9241,
300845.SZ,20260320,7.2278,8.0205,,238543.676,
603565.SH,20260320,1.0476,2.5564,,2345770.4861,
002076.SZ,20260320,2.4314,2.7516,,230697.8941,
688409.SH,20260320,1.3372,2.239,,2565433.8394,
688503.SH,20260320,5.3145,5.7877,,1997019.5884,
002270.SZ,20260320,2.7839,4.9301,,2435940.7215,
920124.BJ,20260320,2.7419,3.1317,,247194.7695,
301112.SZ,20260320,0.8434,2.5649,,363328.447,
301109.SZ,20260320,3.2976,3.4036,,1312274.7002,
002908.SZ,20260320,2.793,3.5439,,393034.6322,
300195.SZ,20260320,3.5699,3.8324,,335576.5428,
603165.SH,20260320,10.0883,18.9466,,451009.2045,
300085.SZ,20260320,7.2063,10.67,,3017355.0845,
688112.SH,20260320,0.5825,1.8788,,619555.0998,
300806.SZ,20260320,5.4768,6.0829,,2128699.1621,
605399.SH,20260320,2.1518,5.8751,,437711.8699,
600388.SH,20260320,1.6725,2.5004,,2288623.42,
300364.SZ,20260320,7.0023,8.0401,,1880987.3047,
920187.BJ,20260320,10.7209,10.7209,,235996.8,
300387.SZ,20260320,9.2121,15.1454,,257260.746,
603687.SH,20260320,0.8436,1.6724,,736492.6659,
002722.SZ,20260320,1.6671,2.7719,,319770.9504,
301297.SZ,20260320,1.2652,2.8178,,2573658.6519,
002111.SZ,20260320,1.3753,2.0127,,527222.2975,
600229.SH,20260320,0.793,2.0835,,401049.6249,
920351.BJ,20260320,5.9907,6.7641,,172989.6376,
688099.SH,20260320,2.4416,3.0092,,3581171.2073,
300352.SZ,20260320,5.3588,5.6,,945285.3047,
600248.SH,20260320,0.8653,2.7068,,1312647.0854,
605066.SH,20260320,3.3212,5.6681,,406323.8506,
301502.SZ,20260320,5.7896,7.8019,,243746.545,
003018.SZ,20260320,8.4574,10.984,,655720.0,
301601.SZ,20260320,2.2066,2.66,,352604.8,
603556.SH,20260320,1.0177,3.1182,,1728669.1244,
002727.SZ,20260320,1.3463,1.6946,,744888.447,
002959.SZ,20260320,1.4656,1.8247,,708886.6916,
688435.SH,20260320,2.8051,3.1743,,392450.0,
001270.SZ,20260320,3.4204,6.481,,2227483.7351,
002159.SZ,20260320,3.6323,5.2928,,347333.2957,
688127.SH,20260320,4.469,9.0063,,2437009.7908,
603192.SH,20260320,1.0416,3.4649,,389784.8892,
603893.SH,20260320,1.0309,2.1594,,6570320.268,
688257.SH,20260320,3.7737,5.1244,,1619957.7787,
300340.SZ,20260320,3.3069,4.7003,,306923.3925,
000880.SZ,20260320,5.7892,5.7892,,1243578.74,
605286.SH,20260320,5.1004,18.5466,,806400.0,
603291.SH,20260320,6.994,10.8945,,503632.5188,
000779.SZ,20260320,3.571,6.5402,,420205.8246,
301024.SZ,20260320,1.9688,6.9655,,226680.525,
300063.SZ,20260320,5.8361,6.4777,,867755.0596,
002864.SZ,20260320,6.5476,7.5069,,361355.264,
300055.SZ,20260320,4.4763,5.0143,,789891.6281,
603983.SH,20260320,0.378,1.9684,,1075081.0,
300602.SZ,20260320,3.9987,5.3291,,1880582.609,
002097.SZ,20260320,1.6391,2.4184,,1081064.9676,
603669.SH,20260320,0.9632,2.2136,,313020.823,
300826.SZ,20260320,1.9967,3.4724,,290423.2476,
688598.SH,20260320,4.0337,4.5851,,511667.7309,
688266.SH,20260320,1.3529,2.0656,,2288931.6843,
603195.SH,20260320,0.1336,0.7918,,7687231.3556,
603200.SH,20260320,3.2903,6.7197,,1049897.4562,
920237.BJ,20260320,0.9666,2.6667,,172440.0288,
601366.SH,20260320,1.5587,2.5931,,387220.2175,
600588.SH,20260320,1.1753,2.2467,,4237076.7872,
002855.SZ,20260320,1.7431,4.7886,,289543.1264,
002865.SZ,20260320,11.0658,17.482,,2638602.3228,
002012.SZ,20260320,2.6707,3.4218,,315647.1923,
000785.SZ,20260320,0.7462,2.2937,,1706211.375,
001328.SZ,20260320,3.2637,3.2637,,580914.4012,
603823.SH,20260320,0.9864,3.1007,,651199.0891,
002371.SZ,20260320,1.1237,2.0967,,33974354.3772,
601669.SH,20260320,4.1057,6.6356,,10077303.2104,
920212.BJ,20260320,1.4314,2.5092,,126577.3,
301310.SZ,20260320,2.0687,2.4109,,487772.4597,
002225.SZ,20260320,3.1483,3.7219,,606282.0739,
002644.SZ,20260320,1.0275,2.7348,,436101.078,
301296.SZ,20260320,0.8815,2.0969,,330908.2722,
002998.SZ,20260320,3.7319,5.7001,,279209.2423,
603227.SH,20260320,2.6631,4.5783,,928085.8687,
603368.SH,20260320,1.3072,1.7531,,672081.6127,
002292.SZ,20260320,3.1675,3.8,,1151907.064,
000736.SZ,20260320,0.8064,1.6855,,375043.3973,
002480.SZ,20260320,2.5001,3.549,,474577.0694,
603088.SH,20260320,7.6036,14.0479,,637027.9409,
002995.SZ,20260320,22.1671,29.9054,,463156.1928,
300776.SZ,20260320,4.6429,5.9569,,2057762.9956,
600293.SH,20260320,3.9618,5.5325,,377047.14,
300016.SZ,20260320,4.9171,6.2506,,560058.7972,
002516.SZ,20260320,0.9515,1.9242,,853086.4356,
002335.SZ,20260320,7.9037,10.4909,,3244531.3881,
301539.SZ,20260320,2.4335,3.8965,,283420.0,
603811.SH,20260320,1.5142,2.0417,,375745.3594,
301268.SZ,20260320,3.9239,9.7069,,927319.1741,
002586.SZ,20260320,0.842,1.4655,,568679.1859,
301165.SZ,20260320,1.1896,9.9129,,6809090.9052,
000850.SZ,20260320,1.182,2.2059,,466170.5144,
300241.SZ,20260320,15.1867,16.2257,,501388.9145,
688378.SH,20260320,1.3403,1.945,,907406.7442,
603193.SH,20260320,1.4227,1.4574,,872707.7783,
920000.BJ,20260320,0.9801,1.8272,,144946.08,
301383.SZ,20260320,1.9171,2.9608,,464278.2144,
300221.SZ,20260320,3.433,3.433,,469017.1382,
002426.SZ,20260320,9.5318,11.0894,,1347439.8627,
603919.SH,20260320,1.1265,2.8332,,918647.8546,
300778.SZ,20260320,1.9731,4.5563,,258851.405,
600027.SH,20260320,2.049,4.7809,,6072957.8982,
300353.SZ,20260320,2.0788,2.1673,,1263604.8705,
603755.SH,20260320,1.3562,3.7277,,277991.9667,
301023.SZ,20260320,3.0736,3.7951,,312353.9334,
600959.SH,20260320,1.2406,2.6159,,1935277.7445,
002163.SZ,20260320,3.3849,4.72,,1089995.6484,
002065.SZ,20260320,1.418,2.0109,,2647728.4418,
688041.SH,20260320,0.8703,2.2816,,50303324.9654,
603016.SH,20260320,3.5497,7.8595,,519597.12,
920856.BJ,20260320,1.5431,2.5946,,125852.5288,
002926.SZ,20260320,0.6286,1.1676,,2247000.0,
000776.SZ,20260320,0.5605,1.1634,,14914155.544,
600265.SH,20260320,0.8244,2.3095,,271022.4,
600702.SH,20260320,1.2085,1.7332,,1568958.1145,
002201.SZ,20260320,2.5863,3.9477,,708980.2302,
603722.SH,20260320,1.3447,2.3123,,347883.6308,
301398.SZ,20260320,4.3981,4.8921,,532000.0,
002234.SZ,20260320,2.4198,3.3394,,303595.3844,
600570.SH,20260320,1.6921,2.1362,,4943681.6673,
600628.SH,20260320,3.3796,6.0617,,483862.7872,
300021.SZ,20260320,1.9951,2.7122,,454953.5237,
603167.SH,20260320,1.4626,2.4448,,435366.0988,
600159.SH,20260320,2.4396,4.6646,,252320.9825,
688618.SH,20260320,1.2025,3.2185,,329455.0337,
301117.SZ,20260320,5.8295,6.5089,,559945.9677,
002805.SZ,20260320,7.9817,11.4644,,456221.8255,
688168.SH,20260320,2.1179,3.2377,,572712.7297,
300550.SZ,20260320,1.8277,3.6426,,326624.8154,
920792.BJ,20260320,1.2322,1.9118,,192854.1,
002186.SZ,20260320,1.2381,2.2087,,321039.981,
605020.SH,20260320,1.6856,2.8565,,1302587.7437,
300490.SZ,20260320,6.9088,8.8279,,644650.4799,
688176.SH,20260320,3.8595,4.439,,781361.2248,
300306.SZ,20260320,2.6486,3.5016,,334584.7198,
600794.SH,20260320,2.2359,3.4958,,454857.6675,
300844.SZ,20260320,0.9546,3.3733,,325212.7603,
300665.SZ,20260320,3.8593,4.752,,161581.9487,
002196.SZ,20260320,3.88,4.4236,,667443.6178,
000090.SZ,20260320,1.2079,1.999,,700704.5378,
600429.SH,20260320,1.7338,6.069,,850182.4108,
300077.SZ,20260320,5.8149,5.8149,,1270633.0793,
301509.SZ,20260320,19.9453,19.9453,,472512.2825,
300105.SZ,20260320,3.0003,5.1542,,379123.5987,
603239.SH,20260320,1.4031,3.3436,,592876.8,
603906.SH,20260320,3.4881,6.0296,,1219440.4473,
002765.SZ,20260320,1.7062,2.257,,668431.2923,
603929.SH,20260320,3.6581,9.1906,,3945453.12,
300374.SZ,20260320,1.7072,2.5649,,350179.1679,
002718.SZ,20260320,2.2485,6.1535,,737723.1775,
603350.SH,20260320,2.3592,3.2439,,397943.504,
300835.SZ,20260320,5.4219,6.2459,,907473.7794,
002360.SZ,20260320,7.226,7.6964,,246287.614,
300949.SZ,20260320,4.7427,9.5667,,245400.0,
301046.SZ,20260320,4.9408,8.5181,,441777.9286,
603988.SH,20260320,1.9379,4.1033,,581884.8,
688578.SH,20260320,0.9091,1.7674,,4060350.0,
001391.SZ,20260320,1.4083,1.534,,6714884.6738,
300998.SZ,20260320,2.5694,3.9876,,310002.4598,
001218.SZ,20260320,2.7907,3.4945,,327658.6804,
603619.SH,20260320,7.01,8.7311,,1575649.4751,
002439.SZ,20260320,2.1574,2.3748,,1677789.2839,
603037.SH,20260320,6.8034,10.3031,,356869.5906,
300078.SZ,20260320,2.4474,2.9478,,458327.6143,
002946.SZ,20260320,1.6566,7.4216,,1610327.0356,
001267.SZ,20260320,13.4373,21.1403,,3352653.1751,
300465.SZ,20260320,2.238,3.0818,,714880.2141,
600689.SH,20260320,1.9446,2.9584,,255259.0056,
301550.SZ,20260320,3.0089,4.3035,,3149040.4,
603615.SH,20260320,3.3058,7.0668,,508305.64,
300346.SZ,20260320,3.3767,3.8771,,3222173.4818,
601857.SH,20260320,0.1892,2.6622,,224017676.8492,
603707.SH,20260320,0.6423,2.0273,,1586553.8214,
601500.SH,20260320,0.7896,0.9759,,683405.7661,
001205.SZ,20260320,1.9668,2.2767,,272981.1314,
300486.SZ,20260320,5.5173,7.6831,,1208618.2549,
920050.BJ,20260320,4.381,4.6413,,235930.1583,
688389.SH,20260320,0.6545,1.0295,,547176.2772,
600977.SH,20260320,1.1126,3.409,,2430834.0,
601218.SH,20260320,31.7223,43.5704,,681230.5589,
300926.SZ,20260320,1.0285,2.2096,,1245195.139,
300046.SZ,20260320,2.5743,3.4939,,766125.1107,
600053.SH,20260320,1.1635,4.3951,,679791.9744,
300224.SZ,20260320,1.749,2.9196,,1368129.613,
002514.SZ,20260320,2.4992,3.1489,,334815.9328,
600880.SH,20260320,1.8282,2.839,,541199.3855,
300140.SZ,20260320,4.8274,5.8944,,2259219.8547,
600490.SH,20260320,2.615,3.4108,,1666303.9705,
300302.SZ,20260320,23.3109,27.9246,,1182823.0535,
002694.SZ,20260320,2.5379,4.231,,215952.9984,
603130.SH,20260320,3.8084,14.5807,,594198.8582,
688057.SH,20260320,0.7113,1.4022,,341964.0,
600310.SH,20260320,15.8306,32.3004,,715266.8323,
603587.SH,20260320,0.4736,2.1228,,587875.0559,
300187.SZ,20260320,1.9776,3.7292,,346053.4804,
300774.SZ,20260320,6.747,9.831,,736183.3517,
000933.SZ,20260320,1.9958,2.9663,,6974162.6413,
600396.SH,20260320,26.7352,59.5365,,921914.4674,
920008.BJ,20260320,2.7193,2.7193,,174738.75,
300411.SZ,20260320,1.5545,1.6624,,417496.0472,
000419.SZ,20260320,1.1542,2.0732,,320713.7665,
300470.SZ,20260320,4.6565,6.071,,762179.7661,
002654.SZ,20260320,6.8475,8.9976,,1262882.0007,
688573.SH,20260320,5.9826,5.9826,,192087.3724,
603706.SH,20260320,0.9558,3.0668,,378197.2799,
600513.SH,20260320,4.4177,7.3501,,640563.8699,
300672.SZ,20260320,8.3248,11.6935,,4235668.8385,
603979.SH,20260320,2.184,3.7901,,3465768.8282,
300603.SZ,20260320,8.6862,9.4202,,499658.0983,
600885.SH,20260320,1.1702,1.5769,,4339454.4537,
600071.SH,20260320,1.1276,2.2238,,536679.8324,
601599.SH,20260320,2.5479,3.3122,,451451.0142,
603043.SH,20260320,0.5045,1.5714,,927665.183,
301227.SZ,20260320,8.3136,8.3405,,382255.227,
603188.SH,20260320,2.3598,3.3539,,275392.11,
300032.SZ,20260320,14.8919,17.8321,,484311.2736,
688755.SH,20260320,2.17,2.17,,339680.0,
603978.SH,20260320,4.15,6.5493,,470318.0982,
002272.SZ,20260320,22.1574,23.9972,,841746.9928,
601668.SH,20260320,0.6643,1.5706,,20577554.4411,
002297.SZ,20260320,3.5222,4.5493,,620099.4142,
601163.SH,20260320,0.4526,1.2846,,1148800.0,
300492.SZ,20260320,0.5144,1.4804,,1232206.8284,
600352.SH,20260320,2.2488,3.0009,,4265118.0685,
688230.SH,20260320,1.0297,4.119,,740527.2,
600706.SH,20260320,2.1371,3.1919,,252509.1872,
300260.SZ,20260320,2.5822,4.1288,,1979901.781,
301517.SZ,20260320,3.985,6.4935,,833469.2012,
301193.SZ,20260320,2.6939,6.1188,,440713.1095,
300101.SZ,20260320,2.8984,4.0996,,1201120.5555,
000669.SZ,20260320,5.9968,7.5629,,360616.6624,
605389.SH,20260320,2.8712,11.5262,,1121141.4917,
600477.SH,20260320,2.376,3.894,,757228.868,
000928.SZ,20260320,1.7935,3.4929,,946865.4499,
002969.SZ,20260320,6.1537,12.4674,,3016469.2197,
688337.SH,20260320,1.5618,4.3007,,774916.0447,
688091.SH,20260320,1.3723,2.562,,1068657.8188,
002662.SZ,20260320,1.3002,2.2427,,565500.0,
600482.SH,20260320,2.0057,3.9906,,7036100.2335,
603713.SH,20260320,1.1536,2.178,,927890.3509,
301210.SZ,20260320,4.3887,4.3887,,430032.9812,
300798.SZ,20260320,21.0598,26.9561,,450569.9856,
688538.SH,20260320,0.8321,1.0834,,3286646.1548,
002888.SZ,20260320,3.6017,5.3243,,279046.0487,
301173.SZ,20260320,2.699,2.699,,377689.5196,
000791.SZ,20260320,7.4277,18.7035,,2757263.7807,
002625.SZ,20260320,1.0345,1.437,,8779945.5377,
600373.SH,20260320,0.9366,2.1324,,1169507.3681,
300507.SZ,20260320,1.311,2.0325,,668540.1673,
605338.SH,20260320,0.731,2.08,,603707.9882,
603489.SH,20260320,4.6724,17.4219,,772597.0048,
301303.SZ,20260320,3.4012,3.4064,,620149.6,
002158.SZ,20260320,0.977,2.5354,,1258205.8991,
688356.SH,20260320,0.82,1.4861,,573694.9713,
002637.SZ,20260320,9.4156,14.9262,,556013.982,
601005.SH,20260320,2.4966,3.9182,,1283505.7462,
301626.SZ,20260320,9.8803,9.8803,,2857296.0,
000592.SZ,20260320,8.8916,10.7493,,1931780.892,
600061.SH,20260320,0.4566,1.2654,,4584487.5562,
688252.SH,20260320,2.4078,2.8826,,842174.9411,
002467.SZ,20260320,10.3501,11.877,,950381.9642,
300164.SZ,20260320,25.0604,28.1648,,1133371.3195,
601236.SH,20260320,0.471,2.0315,,3811164.4955,
300487.SZ,20260320,1.2439,1.5226,,3347045.6538,
605011.SH,20260320,1.7748,8.8801,,838609.6,
301291.SZ,20260320,7.1743,7.1743,,1796711.0,
600345.SH,20260320,7.5927,11.6967,,1216268.7671,
000931.SZ,20260320,1.2507,1.8241,,377316.618,
605580.SH,20260320,1.5117,5.7881,,575680.0,
688084.SH,20260320,2.5143,5.1624,,506764.4241,
603235.SH,20260320,0.1828,1.9568,,1208710.58,
603987.SH,20260320,1.5792,2.6777,,378697.693,
688708.SH,20260320,1.1276,1.4727,,2072051.8,
603379.SH,20260320,1.4811,3.6116,,3835639.7895,
000762.SZ,20260320,5.0961,6.4408,,1356734.1202,
002724.SZ,20260320,5.7731,14.2284,,554707.0577,
300163.SZ,20260320,4.7906,5.0944,,217092.0,
300205.SZ,20260320,2.2438,3.6909,,248142.312,
002828.SZ,20260320,15.7988,18.5194,,248621.6612,
002362.SZ,20260320,2.8493,3.5971,,465686.1006,
001216.SZ,20260320,3.3064,10.7461,,459404.8608,
600703.SH,20260320,4.7052,7.9597,,8251836.9745,
002441.SZ,20260320,2.3949,3.5225,,546721.7834,
002607.SZ,20260320,2.3334,2.7846,,1652863.0363,
600598.SH,20260320,1.6346,4.5586,,2934949.5298,
600281.SH,20260320,2.7407,4.849,,266974.651,
600008.SH,20260320,1.6632,3.1015,,2341648.426,
000819.SZ,20260320,1.6455,2.4899,,543541.1283,
002661.SZ,20260320,1.83,3.0298,,299157.6923,
300107.SZ,20260320,5.9326,7.4175,,399012.628,
000001.SZ,20260320,0.4298,1.0221,,20900173.8992,
688517.SH,20260320,2.9365,4.9167,,247952.929,
300494.SZ,20260320,2.5252,2.7305,,583706.9904,
300010.SZ,20260320,2.0729,2.1047,,1299899.3625,
688286.SH,20260320,2.4984,3.0909,,373358.0815,
603179.SH,20260320,4.1329,6.3966,,3264908.1152,
002414.SZ,20260320,1.1334,2.3809,,5688620.4959,
002021.SZ,20260320,4.4532,5.5445,,369402.4928,
002755.SZ,20260320,1.232,4.0701,,1324484.8209,
300278.SZ,20260320,1.4174,2.0211,,682907.1834,
688069.SH,20260320,0.9566,1.823,,283630.0,
688695.SH,20260320,3.4607,4.3167,,211182.5716,
688601.SH,20260320,4.763,7.5924,,717261.3355,
603315.SH,20260320,3.0464,6.8948,,471579.1406,
688299.SH,20260320,2.2329,2.7666,,500351.0285,
300975.SZ,20260320,14.6384,18.8746,,1237984.0984,
300941.SZ,20260320,4.1123,4.9165,,422194.5,
920896.BJ,20260320,1.4129,2.4387,,175117.9352,
600426.SH,20260320,1.6689,2.4591,,7547928.5834,
002942.SZ,20260320,1.6816,5.0454,,297532.7884,
002040.SZ,20260320,2.8135,8.6297,,501609.5006,
688185.SH,20260320,3.0113,6.6115,,1772786.316,
300006.SZ,20260320,2.0631,3.2748,,496278.2664,
300694.SZ,20260320,4.0077,6.0508,,256794.2548,
002822.SZ,20260320,0.7563,0.7563,,641859.9838,
688165.SH,20260320,1.0727,2.2181,,923550.6,
600791.SH,20260320,4.9501,9.0528,,411667.92,
301446.SZ,20260320,2.2547,2.2547,,393016.0,
920045.BJ,20260320,7.5743,10.4764,,2368821.7989,
000544.SZ,20260320,0.6833,2.7587,,860646.4029,
000681.SZ,20260320,3.6897,5.0905,,1471212.6156,
600210.SH,20260320,1.6569,2.261,,1058681.8383,
920363.BJ,20260320,1.5161,2.1585,,156156.2,
600137.SH,20260320,4.2541,9.624,,205615.1986,
300250.SZ,20260320,4.4052,4.9975,,454431.3924,
600909.SH,20260320,1.4554,2.6686,,2944186.6369,
301049.SZ,20260320,5.2328,8.7253,,211881.4948,
300228.SZ,20260320,8.0745,8.2169,,566359.4205,
002791.SZ,20260320,2.3063,2.9571,,751297.8826,
688388.SH,20260320,5.1819,6.4953,,1737599.9946,
300554.SZ,20260320,9.0811,10.4331,,259031.8566,
605133.SH,20260320,1.3277,2.9048,,753014.2518,
300091.SZ,20260320,1.0108,1.5779,,866823.7454,
601033.SH,20260320,2.8094,2.8094,,1443600.0,
301038.SZ,20260320,1.354,4.266,,467352.6,
301239.SZ,20260320,0.8497,1.6223,,515138.3823,
300606.SZ,20260320,15.9027,23.1138,,502340.9562,
301031.SZ,20260320,3.9667,5.0691,,1401390.3074,
300907.SZ,20260320,1.5853,4.1177,,259200.0,
000868.SZ,20260320,1.1676,1.7442,,413386.4834,
300702.SZ,20260320,1.5016,2.1904,,753370.5492,
001319.SZ,20260320,2.4329,3.2074,,352227.4,
000715.SZ,20260320,1.3974,2.4711,,309669.0384,
603535.SH,20260320,0.8008,2.3471,,433769.5815,
300001.SZ,20260320,2.054,3.0488,,3028337.6986,
000887.SZ,20260320,1.2627,2.1233,,2402593.7883,
605577.SH,20260320,0.6383,3.1049,,588888.8896,
603106.SH,20260320,1.7205,3.8776,,478878.4,
688568.SH,20260320,1.4997,3.4948,,5358371.2655,
601101.SH,20260320,2.2423,6.1109,,1222558.2392,
000795.SZ,20260320,2.0043,3.9455,,988572.5378,
603567.SH,20260320,1.0525,2.5766,,660579.5535,
301188.SZ,20260320,5.465,8.829,,412001.9401,
603939.SH,20260320,0.7402,1.5295,,2964298.3398,
300441.SZ,20260320,1.4749,2.8215,,482023.0693,
301349.SZ,20260320,4.0594,9.826,,527136.0,
603331.SH,20260320,3.633,5.1323,,298815.59,
301248.SZ,20260320,21.4745,24.4106,,870892.53,
002565.SZ,20260320,24.2177,31.8042,,1636622.8956,
603345.SH,20260320,1.8822,2.5096,,2742634.6214,
920575.BJ,20260320,2.0641,2.0649,,227561.4,
300124.SZ,20260320,1.0751,1.3344,,18612196.7075,
603700.SH,20260320,1.6992,2.4432,,264549.6387,
002960.SZ,20260320,2.8479,5.093,,1010900.3905,
920802.BJ,20260320,1.7741,1.858,,118009.9293,
300594.SZ,20260320,4.5241,7.363,,253662.5955,
002734.SZ,20260320,8.3196,10.0084,,847946.21,
002729.SZ,20260320,7.1126,10.5604,,334286.0438,
000045.SZ,20260320,7.4338,15.2383,,688869.7146,
688622.SH,20260320,5.8406,12.5543,,574928.1858,
000899.SZ,20260320,5.5291,19.0634,,1321067.687,
600719.SH,20260320,4.7117,7.0225,,269463.3336,
688656.SH,20260320,0.6669,2.0502,,850565.0363,
603693.SH,20260320,5.202,32.6567,,1476284.0573,
600857.SH,20260320,1.136,1.8612,,265819.104,
301448.SZ,20260320,1.2929,1.542,,398944.4,
301000.SZ,20260320,1.3978,3.4562,,727417.5794,
301061.SZ,20260320,0.6859,1.7864,,1696322.4274,
300601.SZ,20260320,1.5819,2.2882,,1574870.9546,
600418.SH,20260320,1.2173,1.6962,,10572095.7346,
000030.SZ,20260320,0.7856,2.834,,861625.2333,
600557.SH,20260320,0.6677,1.1486,,789225.3756,
920075.BJ,20260320,1.9089,2.6737,,138704.1,
000520.SZ,20260320,1.6696,2.2716,,428111.3015,
002884.SZ,20260320,1.5882,2.3328,,655989.7215,
601012.SH,20260320,5.8981,7.4866,,14390743.9899,
300472.SZ,20260320,2.8696,3.3715,,230391.4658,
605069.SH,20260320,2.0688,5.3572,,266739.2003,
603678.SH,20260320,1.4256,2.3887,,1712039.8716,
300136.SZ,20260320,5.6571,6.0001,,6056979.6739,
300449.SZ,20260320,4.2967,5.5883,,302652.2154,
600383.SH,20260320,1.5693,2.516,,1331802.1537,
002636.SZ,20260320,7.3315,21.4423,,2278640.0,
300303.SZ,20260320,14.5211,16.0579,,1330380.3899,
301503.SZ,20260320,3.234,4.1006,,286640.0,
300100.SZ,20260320,1.4499,2.7469,,1697073.383,
920180.BJ,20260320,12.3015,12.3015,,214157.0824,
688196.SH,20260320,1.8167,7.0402,,911958.0002,
300483.SZ,20260320,17.5368,21.5522,,886530.9622,
603370.SH,20260320,2.4693,2.4693,,789724.3,
600367.SH,20260320,12.939,19.2065,,809162.4995,
301487.SZ,20260320,5.9374,6.4836,,991392.6568,
600251.SH,20260320,1.7902,3.2284,,817397.2493,
002943.SZ,20260320,6.8179,7.5453,,1017331.6032,
688343.SH,20260320,4.7472,5.2247,,2948747.716,
688314.SH,20260320,5.8835,15.9618,,356721.2043,
002991.SZ,20260320,1.2733,1.7907,,475773.6014,
300428.SZ,20260320,1.7502,4.1853,,1428066.3749,
600935.SH,20260320,2.0696,5.7555,,999337.1796,
002591.SZ,20260320,6.2407,7.2668,,202634.6517,
600820.SH,20260320,0.8648,1.4384,,1968204.1548,
301169.SZ,20260320,2.543,6.557,,378933.2194,
000690.SZ,20260320,7.6319,9.3736,,1070536.8281,
000733.SZ,20260320,1.6647,2.413,,2614571.3755,
600551.SH,20260320,0.9434,2.4885,,551936.9645,
002020.SZ,20260320,1.8917,2.5161,,1301876.0597,
300757.SZ,20260320,6.3133,9.4487,,6075794.0238,
603011.SH,20260320,5.8798,9.0491,,1054091.5797,
300484.SZ,20260320,2.8655,3.1114,,349485.4993,
920183.BJ,20260320,13.2068,13.2068,,197276.56,
605198.SH,20260320,0.6137,3.5509,,1218449.448,
605050.SH,20260320,10.6939,29.3914,,711152.5082,
300166.SZ,20260320,26.1424,27.9207,,1637516.3856,
600571.SH,20260320,2.1161,2.6425,,646783.4946,
002091.SZ,20260320,1.3708,2.4238,,1474709.5091,
920914.BJ,20260320,1.2323,2.1247,,235250.476,
300321.SZ,20260320,1.6111,3.376,,300943.2,
002861.SZ,20260320,3.5625,4.2675,,307554.8213,
300668.SZ,20260320,2.8272,4.5673,,344531.2033,
688031.SH,20260320,8.0742,11.9292,,1827819.8365,
000417.SZ,20260320,2.6417,4.2639,,534220.677,
688143.SH,20260320,5.3734,6.9568,,658198.679,
003032.SZ,20260320,1.7628,2.4944,,257163.9525,
600020.SH,20260320,0.6621,2.0799,,916927.7075,
300782.SZ,20260320,14.7047,19.8309,,4830537.0779,
000636.SZ,20260320,5.7412,8.9094,,2463281.1262,
000826.SZ,20260320,4.2936,5.4343,,312152.3613,
920392.BJ,20260320,1.4025,2.608,,156829.89,
688290.SH,20260320,1.4694,3.2282,,491736.9038,
688288.SH,20260320,2.4647,5.1677,,247837.427,
605599.SH,20260320,1.0565,2.8357,,1757777.828,
603082.SH,20260320,2.5766,2.5766,,570716.4963,
688758.SH,20260320,0.8228,1.3895,,726313.3625,
920943.BJ,20260320,1.7097,2.7043,,207103.6111,
688331.SH,20260320,5.0322,5.0322,,6589145.6591,
920019.BJ,20260320,1.2541,3.736,,393619.2624,
300569.SZ,20260320,12.9427,16.7407,,762947.0424,
603385.SH,20260320,1.3574,3.3839,,253903.5337,
002812.SZ,20260320,5.6237,8.1902,,6546497.2131,
000017.SZ,20260320,2.5249,4.6477,,467267.3846,
600965.SH,20260320,1.2357,3.2139,,456016.4319,
301577.SZ,20260320,9.7048,9.7048,,295168.3725,
301565.SZ,20260320,2.7327,3.6059,,854421.36,
688559.SH,20260320,4.5074,6.0448,,1300734.981,
600780.SH,20260320,2.6676,6.4784,,778475.2131,
603344.SH,20260320,2.4575,2.4575,,525039.115,
601166.SH,20260320,0.3139,0.4392,,39765006.4146,
600629.SH,20260320,2.0497,4.1826,,2048384.9091,
600343.SH,20260320,4.1933,7.4595,,1946529.3614,
920436.BJ,20260320,0.5616,1.502,,135762.012,
001296.SZ,20260320,3.5131,4.6641,,368742.027,
301052.SZ,20260320,7.753,8.3802,,349821.2634,
002294.SZ,20260320,0.6194,1.487,,6477084.0684,
000014.SZ,20260320,5.8475,8.8621,,352419.3021,
920171.BJ,20260320,3.3696,5.6352,,194151.7762,
688443.SH,20260320,1.5087,1.5087,,941634.24,
301390.SZ,20260320,3.3982,3.8387,,227820.0,
300029.SZ,20260320,2.9262,3.3548,,100654.263,
002910.SZ,20260320,3.4444,6.1287,,214311.1243,
603357.SH,20260320,2.3228,4.4445,,454628.6842,
688233.SH,20260320,2.8023,4.856,,1275419.6569,
600563.SH,20260320,5.2036,9.0634,,2803500.0,
688016.SH,20260320,1.8489,3.0979,,1295115.0633,
603630.SH,20260320,1.3469,3.2674,,360552.5326,
300709.SZ,20260320,4.1582,4.7257,,725512.9792,
600981.SH,20260320,1.1266,3.4568,,701881.5891,
300888.SZ,20260320,0.5199,1.7275,,1940905.2501,
600176.SH,20260320,2.2366,4.2507,,9067104.6889,
600637.SH,20260320,1.3847,2.5977,,3328280.8188,
300857.SZ,20260320,11.5273,18.3528,,7588697.8603,
600032.SH,20260320,4.6893,20.2548,,2351772.4669,
300138.SZ,20260320,2.8788,3.2055,,657982.3267,
300868.SZ,20260320,3.3615,4.6111,,494022.672,
688078.SH,20260320,1.7649,3.3611,,180628.854,
920017.BJ,20260320,0.8102,1.4228,,209468.5658,
920627.BJ,20260320,2.9801,4.7925,,197967.2,
301395.SZ,20260320,3.3248,3.3248,,364518.5074,
002230.SZ,20260320,1.6463,1.9294,,11341923.8007,
300984.SZ,20260320,1.4454,2.2243,,679007.8701,
002387.SZ,20260320,0.9743,1.6259,,1127214.4067,
603918.SH,20260320,2.8526,3.8022,,506404.1386,
001229.SZ,20260320,3.5741,6.4028,,406527.552,
002540.SZ,20260320,1.5892,2.2581,,794474.5115,
600186.SH,20260320,19.1945,23.8445,,1174260.8399,
300737.SZ,20260320,3.1609,4.8964,,660432.3041,
600708.SH,20260320,2.0818,4.388,,791166.0438,
003012.SZ,20260320,0.7249,1.7333,,749723.7904,
002941.SZ,20260320,1.9029,3.1992,,1080031.7346,
002130.SZ,20260320,4.6528,5.3782,,3445122.7979,
603789.SH,20260320,3.9872,6.9871,,161780.906,
002078.SZ,20260320,0.6856,1.2468,,4253282.4511,
002361.SZ,20260320,8.1055,8.9862,,1068012.2702,
600696.SH,20260320,2.3265,7.0469,,55187.4561,
688403.SH,20260320,3.7924,5.1401,,1296481.8697,
601939.SH,20260320,0.9906,1.4312,,245381157.8085,
603727.SH,20260320,4.9263,9.1961,,505686.1022,
002066.SZ,20260320,1.1607,1.9386,,431524.159,
688313.SH,20260320,11.5957,18.1469,,3794877.2099,
688336.SH,20260320,1.4829,9.2729,,4328459.7805,
301658.SZ,20260320,56.0527,56.0527,,2488659.7997,
002939.SZ,20260320,0.5808,1.6547,,3659225.2491,
603272.SH,20260320,1.7884,4.1034,,225906.86,
000815.SZ,20260320,40.2224,60.1878,,1317523.4513,
601128.SH,20260320,1.0303,1.2301,,2348096.143,
001239.SZ,20260320,3.8424,4.3979,,369840.0,
000002.SZ,20260320,1.8773,2.8177,,5177927.9104,
300929.SZ,20260320,4.5125,5.6473,,156313.2869,
301563.SZ,20260320,11.5078,11.5078,,1015290.2156,
600182.SH,20260320,0.7559,0.7559,,479740.0,
603187.SH,20260320,1.2993,1.6259,,602036.2947,
301108.SZ,20260320,1.5143,2.6944,,329564.7059,
688511.SH,20260320,2.4613,5.4601,,271468.9349,
002211.SZ,20260320,1.4427,2.3106,,150501.5711,
301366.SZ,20260320,3.3486,3.3486,,680992.6533,
688799.SH,20260320,1.3144,2.8481,,575312.92,
002702.SZ,20260320,3.2991,4.3832,,308446.8,
300800.SZ,20260320,2.0354,4.0121,,279849.138,
920266.BJ,20260320,0.8366,1.5303,,100316.0057,
688393.SH,20260320,1.8751,3.1606,,222129.7174,
603168.SH,20260320,7.7413,13.7132,,257399.0354,
920010.BJ,20260320,17.3714,33.5025,,341901.0,
002407.SZ,20260320,8.7227,9.3207,,3109409.8702,
002468.SZ,20260320,1.8785,4.7963,,2143123.0324,
688610.SH,20260320,6.4956,11.3836,,546108.0,
603017.SH,20260320,7.5686,13.4877,,372580.7053,
300194.SZ,20260320,1.2919,1.3947,,485402.6519,
300350.SZ,20260320,6.8106,7.2631,,322595.0481,
000639.SZ,20260320,6.8018,8.5044,,303319.2947,
300152.SZ,20260320,3.868,4.109,,164656.8,
600302.SH,20260320,4.3372,7.5786,,409329.5981,
300448.SZ,20260320,6.2189,10.2247,,527683.3216,
002383.SZ,20260320,2.4516,4.252,,723332.018,
603681.SH,20260320,2.5148,4.0347,,328172.9177,
300426.SZ,20260320,1.4593,1.9615,,361657.3964,
688045.SH,20260320,2.6844,5.5117,,303375.4857,
920946.BJ,20260320,0.4254,1.5379,,423076.0749,
300787.SZ,20260320,4.9093,6.3366,,379567.3872,
002296.SZ,20260320,3.5951,3.7381,,449186.2243,
300406.SZ,20260320,0.8664,1.4004,,704742.9709,
300625.SZ,20260320,2.2666,3.6083,,339666.496,
688448.SH,20260320,3.2733,4.4379,,379040.667,
688595.SH,20260320,2.1491,3.6908,,468014.3628,
600618.SH,20260320,1.7322,6.1547,,1472097.1694,
688778.SH,20260320,1.2227,3.5268,,3653963.4409,
605169.SH,20260320,7.4993,25.5657,,404801.28,
688366.SH,20260320,0.3028,0.6738,,930962.663,
000670.SZ,20260320,24.2236,28.5287,,745892.4002,
301608.SZ,20260320,1.7433,2.4559,,730429.92,
000800.SZ,20260320,0.4074,1.8637,,3184068.7908,
002672.SZ,20260320,1.2204,2.5194,,526101.7618,
300628.SZ,20260320,1.6786,2.3468,,4366421.3675,
603324.SH,20260320,1.0729,2.9799,,356055.4674,
002975.SZ,20260320,2.9636,3.6801,,1131896.6092,
301456.SZ,20260320,6.7415,8.1571,,456007.297,
605378.SH,20260320,0.8994,3.2333,,519817.9896,
920304.BJ,20260320,2.6617,4.6075,,216500.026,
603090.SH,20260320,1.7454,3.5132,,611200.0,
600217.SH,20260320,1.1147,1.7745,,631566.0494,
600375.SH,20260320,0.9512,1.0931,,841612.4677,
601699.SH,20260320,0.9259,2.4662,,4379423.0688,
300667.SZ,20260320,3.1381,3.5438,,324348.1218,
688787.SH,20260320,7.4349,11.7316,,857763.7344,
300755.SZ,20260320,0.8348,2.7847,,550173.888,
600163.SH,20260320,4.1172,12.0967,,1244559.4775,
301063.SZ,20260320,5.6678,9.3636,,261423.6136,
688757.SH,20260320,5.6813,5.6813,,1124029.1115,
688531.SH,20260320,2.7343,2.7343,,1153030.5973,
300318.SZ,20260320,1.0393,2.2381,,483605.093,
300610.SZ,20260320,9.9671,10.8273,,244249.0653,
603915.SH,20260320,1.0103,2.8291,,986918.6174,
300510.SZ,20260320,6.9403,10.1777,,390078.7011,
301226.SZ,20260320,7.1065,14.7303,,389286.4,
600337.SH,20260320,4.3546,8.107,,359249.5343,
920179.BJ,20260320,4.4387,6.0379,,296956.17,
688580.SH,20260320,2.2647,6.0067,,510844.0502,
300849.SZ,20260320,1.572,2.539,,297900.0,
002633.SZ,20260320,1.9975,4.1441,,270600.0,
301607.SZ,20260320,7.3804,9.1653,,693641.2407,
300543.SZ,20260320,2.6095,2.8939,,311273.2753,
920992.BJ,20260320,1.8333,2.8741,,137648.1191,
002309.SZ,20260320,8.8076,9.3985,,1145920.5117,
688309.SH,20260320,3.978,7.8284,,415030.4331,
002800.SZ,20260320,6.0317,12.014,,364341.5893,
000755.SZ,20260320,0.4146,1.8281,,783543.6447,
002996.SZ,20260320,4.2397,5.9546,,467936.3484,
688486.SH,20260320,0.8754,1.8248,,846630.7807,
600012.SH,20260320,0.5139,2.4432,,2672237.7144,
002405.SZ,20260320,7.2967,8.0779,,2538964.8798,
600105.SH,20260320,10.8185,14.4004,,4043877.6223,
601999.SH,20260320,3.736,11.504,,428060.7219,
603969.SH,20260320,1.0838,1.8121,,789613.824,
002216.SZ,20260320,1.1759,2.3978,,1032162.0724,
600547.SH,20260320,1.7452,3.8561,,18296810.2847,
920058.BJ,20260320,0.933,1.8332,,151351.497,
920634.BJ,20260320,1.7729,3.7886,,136253.4891,
688710.SH,20260320,0.8452,1.1944,,734926.733,
301305.SZ,20260320,3.6194,3.6264,,595351.2075,
001260.SZ,20260320,3.4977,12.6687,,236670.0,
603273.SH,20260320,4.1671,4.1671,,401623.3116,
688158.SH,20260320,16.0925,18.1952,,2053372.8645,
600241.SH,20260320,2.8794,5.6057,,265460.5077,
601766.SH,20260320,0.7906,1.9745,,18137682.1036,
688420.SH,20260320,2.9493,2.9493,,217272.51,
300960.SZ,20260320,0.8608,3.0493,,339732.9113,
688048.SH,20260320,15.0263,23.4328,,3580950.7621,
601169.SH,20260320,0.5937,0.858,,11459497.4754,
001358.SZ,20260320,2.0596,2.2388,,332763.2,
001896.SZ,20260320,13.9568,36.5842,,2322239.1843,
603787.SH,20260320,2.0907,5.9326,,310003.6851,
300323.SZ,20260320,22.0457,22.0457,,1778806.6815,
688499.SH,20260320,2.6187,4.052,,877894.4375,
601963.SH,20260320,0.6166,1.6823,,3822049.9944,
301459.SZ,20260320,6.2191,6.2191,,397745.3524,
002454.SZ,20260320,1.4186,2.5303,,521094.1464,
603949.SH,20260320,2.8976,9.6352,,458984.5457,
300513.SZ,20260320,3.835,3.868,,287027.4068,
600258.SH,20260320,1.3141,2.3695,,1921673.9798,
300848.SZ,20260320,1.6424,2.9909,,640975.6652,
300972.SZ,20260320,0.9368,1.8248,,3663268.3228,
600446.SH,20260320,1.5743,2.0885,,1253768.282,
300197.SZ,20260320,2.7191,4.1893,,530788.3563,
300401.SZ,20260320,2.6209,3.7505,,768466.4457,
002532.SZ,20260320,2.3208,3.2516,,7132884.3565,
002807.SZ,20260320,1.6658,1.7678,,1119933.719,
601688.SH,20260320,0.6929,0.9659,,17178121.7848,
300251.SZ,20260320,2.3241,4.7087,,4552929.2465,
300454.SZ,20260320,3.4452,4.149,,4695140.3957,
688229.SH,20260320,6.881,13.2793,,400932.0,
002055.SZ,20260320,3.0716,3.2783,,349395.2298,
603586.SH,20260320,0.9131,2.2641,,331917.3565,
002054.SZ,20260320,4.7022,5.2533,,410762.3651,
600136.SH,20260320,0.7255,1.1693,,353062.8861,
002987.SZ,20260320,1.3637,3.2395,,1459067.9757,
603602.SH,20260320,2.1397,3.0887,,305689.0646,
001359.SZ,20260320,3.6728,3.6728,,1331912.7247,
688148.SH,20260320,4.1217,5.1709,,413240.1729,
001207.SZ,20260320,3.8195,7.2449,,614503.5125,
002106.SZ,20260320,3.7685,5.254,,811688.584,
300895.SZ,20260320,25.2508,51.468,,1018833.5541,
600998.SH,20260320,0.5266,1.138,,2591829.7003,
600158.SH,20260320,5.6076,7.771,,1015164.8249,
300155.SZ,20260320,3.5658,5.0236,,274440.3668,
002226.SZ,20260320,1.0248,2.5056,,1512534.9502,
301005.SZ,20260320,4.7885,8.7912,,1940071.609,
002566.SZ,20260320,2.932,3.4074,,260789.8608,
301111.SZ,20260320,1.777,3.7415,,301120.0,
000906.SZ,20260320,1.1861,2.2195,,406637.0016,
600979.SH,20260320,16.0095,24.7581,,682556.4338,
002787.SZ,20260320,3.4422,4.3159,,397184.2698,
000768.SZ,20260320,0.8261,1.8261,,7097492.4292,
688586.SH,20260320,1.4413,3.7291,,1075429.913,
600436.SH,20260320,0.2695,0.5506,,9428641.3579,
601788.SH,20260320,0.3629,0.7915,,7289655.2573,
688795.SH,20260320,5.0252,5.0252,,25787158.0693,
300509.SZ,20260320,2.1318,4.0577,,366054.0,
600707.SH,20260320,0.6208,1.7184,,2142268.67,
920087.BJ,20260320,6.8842,15.2301,,264815.6,
600153.SH,20260320,0.7825,1.4707,,2638580.0814,
603839.SH,20260320,0.9447,3.5669,,279812.7126,
002698.SZ,20260320,0.8137,1.227,,1448969.6583,
300671.SZ,20260320,3.9266,5.7088,,865842.4451,
000678.SZ,20260320,1.6452,2.9929,,526255.5076,
000063.SZ,20260320,1.9902,2.6121,,16393174.0577,
600918.SH,20260320,0.9243,1.3363,,4988554.8275,
600520.SH,20260320,2.6824,3.4451,,402887.49,
600483.SH,20260320,0.8942,2.5885,,2905244.001,
688480.SH,20260320,2.9953,6.6923,,828575.1479,
920701.BJ,20260320,0.9197,2.5136,,218285.2,
301533.SZ,20260320,3.443,3.498,,317825.5611,
600528.SH,20260320,0.9513,2.1807,,1770576.6156,
600903.SH,20260320,2.2685,6.6753,,770506.3034,
301298.SZ,20260320,3.2092,3.9748,,229888.8,
605056.SH,20260320,1.4975,4.2025,,910899.87,
001337.SZ,20260320,2.8808,7.1564,,2088660.0,
300284.SZ,20260320,1.0242,1.8633,,852408.7475,
603677.SH,20260320,0.8909,3.3968,,310472.5944,
002567.SZ,20260320,2.4637,2.7761,,607613.7906,
601618.SH,20260320,1.0594,2.9396,,6320703.8469,
002203.SZ,20260320,1.6215,2.7025,,3075535.5777,
300398.SZ,20260320,4.2094,5.3263,,1460454.0552,
301020.SZ,20260320,1.2854,4.0191,,303926.4,
002331.SZ,20260320,2.6527,3.4336,,350885.6024,
688318.SH,20260320,1.0479,3.3824,,2858293.3075,
603869.SH,20260320,0.1472,0.4038,,469410.7586,
000807.SZ,20260320,2.1327,3.6836,,9842063.1154,
603135.SH,20260320,1.6169,2.2805,,648844.9928,
600438.SH,20260320,1.9366,3.5362,,8310673.7043,
603012.SH,20260320,2.8739,3.6962,,513967.5,
002488.SZ,20260320,2.2305,3.1327,,1127832.4606,
002345.SZ,20260320,1.5874,2.5553,,894732.2959,
300087.SZ,20260320,1.6022,2.7879,,797653.3343,
688620.SH,20260320,2.7301,2.7301,,429240.0,
688683.SH,20260320,0.5111,1.1435,,535972.3806,
600283.SH,20260320,1.3328,3.1826,,522127.98,
600063.SH,20260320,3.3834,5.0677,,1349057.4047,
002961.SZ,20260320,4.8682,16.5122,,1288674.136,
002670.SZ,20260320,0.9929,2.7783,,2807807.8315,
300168.SZ,20260320,1.6339,2.052,,812514.5169,
001233.SZ,20260320,3.2743,3.2743,,1224076.4844,
688816.SH,20260320,8.0274,8.0274,,651800.0,
688238.SH,20260320,2.845,3.7718,,447186.2863,
688607.SH,20260320,1.6315,2.1669,,461002.9402,
002716.SZ,20260320,7.2584,8.3899,,3455460.5027,
002287.SZ,20260320,0.3489,1.8436,,1333607.5312,
688239.SH,20260320,3.5814,4.6477,,1089641.3144,
688383.SH,20260320,0.7935,2.5356,,670663.607,
688093.SH,20260320,0.6461,1.9929,,874794.3079,
600508.SH,20260320,1.6234,4.3551,,955433.196,
603078.SH,20260320,3.2522,5.5864,,867298.1708,
300455.SZ,20260320,1.3964,3.1023,,1643688.5734,
603598.SH,20260320,3.897,7.7717,,522412.9002,
002797.SZ,20260320,4.6062,5.8349,,3105573.6,
301120.SZ,20260320,10.689,13.8238,,827942.1116,
920371.BJ,20260320,0.6774,2.3296,,194351.4771,
688256.SH,20260320,2.437,5.0345,,43222729.925,
002476.SZ,20260320,2.2966,2.9213,,351900.0,
300578.SZ,20260320,4.0174,5.5251,,409823.5526,
002495.SZ,20260320,4.4994,5.4604,,242327.0304,
688776.SH,20260320,2.0831,4.9385,,964612.4291,
603023.SH,20260320,2.3496,4.5394,,262315.1813,
002327.SZ,20260320,0.962,1.2522,,577551.1764,
688305.SH,20260320,1.5176,2.735,,761821.0783,
001872.SZ,20260320,0.252,2.8208,,5750314.3462,
000877.SZ,20260320,0.2277,1.2071,,3526803.8802,
600664.SH,20260320,1.1424,2.1388,,866367.3973,
603085.SH,20260320,1.54,2.7389,,425691.2,
002978.SZ,20260320,1.4586,3.8667,,1565590.6907,
688098.SH,20260320,0.5113,0.9024,,347815.468,
300432.SZ,20260320,11.1935,18.6426,,3629820.9938,
301221.SZ,20260320,2.6267,3.7661,,465890.169,
002246.SZ,20260320,5.0274,9.409,,1334703.5842,
000952.SZ,20260320,3.1924,4.2829,,243765.4883,
002490.SZ,20260320,17.5467,31.0529,,845719.304,
300383.SZ,20260320,8.2389,10.7599,,2789864.0985,
688047.SH,20260320,1.3551,3.3187,,5570291.0,
605003.SH,20260320,1.6461,6.1767,,318780.0,
002550.SZ,20260320,1.8065,2.0733,,925295.4,
600834.SH,20260320,0.554,1.3328,,394794.8354,
920665.BJ,20260320,2.6521,4.102,,146758.71,
688676.SH,20260320,2.7763,5.3533,,3696666.2866,
300613.SZ,20260320,1.5662,2.7417,,966372.8037,
601022.SH,20260320,0.7368,3.878,,1184313.1673,
600883.SH,20260320,2.9106,5.3516,,187689.96,
001390.SZ,20260320,3.759,3.759,,429000.0,
600368.SH,20260320,1.2021,2.4984,,632593.9662,
003023.SZ,20260320,3.1595,6.4328,,231540.8368,
920476.BJ,20260320,1.2007,1.6334,,178451.681,
300165.SZ,20260320,2.9572,3.5058,,259152.6322,
002868.SZ,20260320,1.0161,1.5207,,596641.3982,
002527.SZ,20260320,1.5643,1.8348,,923644.3784,
002133.SZ,20260320,1.9592,2.8944,,269402.1729,
920395.BJ,20260320,0.9885,1.6279,,153501.2182,
001338.SZ,20260320,2.4598,5.0735,,637699.89,
002457.SZ,20260320,3.4905,4.7517,,377173.5708,
000510.SZ,20260320,10.0986,11.2588,,989677.5168,
601231.SH,20260320,1.8999,6.6045,,8557774.3894,
600207.SH,20260320,4.1043,9.0191,,623086.7809,
600226.SH,20260320,2.182,3.5342,,1418779.8438,
688161.SH,20260320,0.6363,3.3196,,1131200.0,
301381.SZ,20260320,1.1295,1.8637,,798443.7778,
000069.SZ,20260320,0.5799,1.168,,1840646.5941,
601360.SH,20260320,1.5718,3.8182,,7811506.593,
600109.SH,20260320,0.7884,1.2446,,3205140.6472,
001203.SZ,20260320,3.1463,8.7678,,5328987.5921,
000955.SZ,20260320,3.7341,4.9443,,262736.76,
600527.SH,20260320,7.8939,11.2579,,391377.9639,
002719.SZ,20260320,6.5843,8.173,,153242.7222,
001382.SZ,20260320,28.1615,28.1615,,922880.0,
002522.SZ,20260320,3.7554,5.0086,,494555.5453,
300861.SZ,20260320,3.7805,6.0914,,1140113.2267,
600561.SH,20260320,2.8779,4.7769,,183772.0128,
300368.SZ,20260320,3.1859,4.5508,,597177.1833,
000553.SZ,20260320,0.855,5.3348,,1334982.1419,
601600.SH,20260320,2.2377,3.8057,,19779681.94,
300631.SZ,20260320,2.0523,2.7945,,324112.555,
603199.SH,20260320,2.828,5.1067,,477473.52,
301522.SZ,20260320,1.8538,2.8212,,1172495.6011,
688189.SH,20260320,1.6937,3.04,,205525.6,
002429.SZ,20260320,3.5728,7.7578,,4531467.5476,
000869.SZ,20260320,0.1925,0.7993,,1265844.4865,
001367.SZ,20260320,4.0391,4.0391,,332735.0208,
603166.SH,20260320,1.2538,3.0708,,854841.4619,
600156.SH,20260320,3.5089,5.8789,,334958.2148,
002549.SZ,20260320,3.9854,7.2246,,1260665.7445,
002373.SZ,20260320,1.9624,2.6998,,1580188.215,
603860.SH,20260320,3.1303,5.8226,,199439.88,
002003.SZ,20260320,0.7728,1.1412,,1191267.4323,
603230.SH,20260320,0.9516,3.364,,418924.755,
301289.SZ,20260320,0.8127,3.3149,,414102.0,
000920.SZ,20260320,1.9439,4.1626,,592194.2609,
300019.SZ,20260320,2.6474,4.4502,,778764.1827,
300024.SZ,20260320,1.3748,1.8479,,2426710.9225,
920061.BJ,20260320,1.5359,2.9825,,171099.43,
300772.SZ,20260320,2.5119,4.2033,,1529631.9385,
600392.SH,20260320,2.6514,3.5946,,3900039.1183,
600475.SH,20260320,2.0484,6.5117,,1695883.2032,
688543.SH,20260320,4.1963,4.1963,,1336588.9792,
000898.SZ,20260320,0.9058,3.5067,,2257982.3232,
600546.SH,20260320,1.5261,3.6255,,2333350.8768,
301231.SZ,20260320,7.0405,8.5468,,275059.6,
301551.SZ,20260320,3.4273,4.1288,,1195229.88,
600961.SH,20260320,2.6487,4.2661,,1888255.9573,
002321.SZ,20260320,2.2558,3.7708,,460704.2553,
002872.SZ,20260320,2.3116,2.3293,,164406.0,
688696.SH,20260320,1.3237,1.7225,,606793.32,
301190.SZ,20260320,1.694,3.5129,,484005.3075,
002156.SZ,20260320,4.194,5.6279,,6729024.7078,
920190.BJ,20260320,1.3505,2.5604,,229000.0023,
000062.SZ,20260320,3.213,10.5898,,2691124.6855,
300556.SZ,20260320,5.2149,5.3543,,217601.9103,
600189.SH,20260320,1.285,2.254,,560715.0846,
688136.SH,20260320,2.0716,4.1022,,528099.024,
601121.SH,20260320,2.0071,4.4996,,696561.3689,
600995.SH,20260320,1.5618,7.1437,,4854732.8178,
300233.SZ,20260320,1.3985,1.826,,540879.2931,
688579.SH,20260320,1.9783,2.6234,,459211.48,
300701.SZ,20260320,1.605,2.8685,,325145.3869,
300847.SZ,20260320,1.5578,4.1086,,474208.02,
002153.SZ,20260320,1.3228,2.7351,,2854736.7577,
002410.SZ,20260320,2.2174,2.6418,,1949294.3236,
002929.SZ,20260320,8.7482,13.3953,,1409904.3459,
002489.SZ,20260320,1.2365,2.3602,,737465.5464,
002283.SZ,20260320,4.0968,5.2313,,1001582.8595,
600255.SH,20260320,2.1596,2.4123,,594222.3482,
002583.SZ,20260320,2.6474,2.883,,1862266.2461,
300040.SZ,20260320,53.0569,56.7166,,575852.3402,
920445.BJ,20260320,1.5597,1.8092,,147065.3069,
688310.SH,20260320,1.8875,5.4692,,258637.8376,
000796.SZ,20260320,2.9153,3.4183,,838781.6031,
002948.SZ,20260320,1.278,2.1365,,2968380.9092,
300611.SZ,20260320,6.367,7.4128,,606206.481,
920028.BJ,20260320,84.8896,84.8896,,373097.2,
300951.SZ,20260320,1.2397,3.5104,,611027.9534,
688011.SH,20260320,1.4137,2.9779,,653000.0,
688668.SH,20260320,7.9819,14.7462,,2104100.3154,
000723.SZ,20260320,3.9773,6.3587,,2219360.783,
688037.SH,20260320,2.4412,3.41,,3327052.0113,
920146.BJ,20260320,1.4966,1.9691,,93818.3579,
688076.SH,20260320,0.7929,1.2642,,957637.2479,
300519.SZ,20260320,2.1625,3.2987,,245280.0,
300468.SZ,20260320,7.9889,9.9902,,1900785.7031,
300123.SZ,20260320,3.0588,3.5191,,665214.0141,
920924.BJ,20260320,2.2635,2.7924,,214807.593,
300188.SZ,20260320,1.5823,2.691,,1123336.8442,
603118.SH,20260320,4.5248,7.9012,,965200.8738,
300781.SZ,20260320,3.0353,4.8382,,597434.0623,
002999.SZ,20260320,5.4448,8.4921,,244009.584,
603021.SH,20260320,5.3212,8.9904,,218204.5837,
000936.SZ,20260320,2.1211,3.4557,,651219.4719,
605287.SH,20260320,3.3356,6.5213,,601020.0,
002593.SZ,20260320,3.7505,5.3009,,424437.0393,
688589.SH,20260320,2.4767,3.142,,329168.715,
000032.SZ,20260320,4.1869,7.5063,,2203120.0908,
600518.SH,20260320,1.6763,2.2467,,2475372.5075,
603036.SH,20260320,1.2651,1.6317,,382965.2005,
920018.BJ,20260320,5.7005,5.7005,,365690.5078,
600178.SH,20260320,0.9035,1.8413,,509391.9678,
002474.SZ,20260320,3.9968,4.2092,,484693.8,
300238.SZ,20260320,3.0067,4.0939,,407544.3124,
002162.SZ,20260320,2.3071,4.8164,,425821.5468,
920693.BJ,20260320,2.1061,3.4576,,201524.4,
002554.SZ,20260320,5.3829,7.7481,,482806.6661,
688790.SH,20260320,12.2401,12.2401,,1358906.1363,
300726.SZ,20260320,3.2162,5.3949,,1833510.9899,
603124.SH,20260320,2.5426,2.5426,,1464739.25,
301382.SZ,20260320,12.3035,14.1739,,1009574.4471,
301515.SZ,20260320,3.3771,4.0954,,220700.0,
300279.SZ,20260320,6.3194,8.5783,,508174.3701,
301529.SZ,20260320,3.7787,4.4786,,862709.5885,
300619.SZ,20260320,4.1386,5.1271,,686602.6505,
300562.SZ,20260320,3.14,3.408,,286383.9313,
300958.SZ,20260320,5.872,6.267,,209713.5427,
603215.SH,20260320,1.0844,2.8583,,346748.4716,
301130.SZ,20260320,3.3543,4.1159,,225047.3633,
920344.BJ,20260320,0.3216,0.8372,,248857.83,
002832.SZ,20260320,2.3684,2.9212,,948515.1736,
605499.SH,20260320,0.3132,0.9299,,12881809.2783,
600630.SH,20260320,1.7205,2.4607,,338189.8312,
688646.SH,20260320,1.7428,1.7519,,454805.3966,
600807.SH,20260320,2.5511,3.2463,,276006.0361,
601328.SH,20260320,0.5879,0.6674,,61059374.8981,
688712.SH,20260320,8.0437,8.0437,,1599195.0,
600559.SH,20260320,0.8913,1.193,,1297111.8756,
300420.SZ,20260320,2.4363,2.8663,,414178.3011,
300639.SZ,20260320,3.8485,6.4405,,411820.9293,
688382.SH,20260320,2.6489,3.6411,,1022520.1321,
301258.SZ,20260320,1.2047,3.1683,,295910.76,
688100.SH,20260320,0.6793,2.3661,,1803009.5367,
600596.SH,20260320,1.7791,2.5458,,1469711.1864,
300961.SZ,20260320,13.8143,17.5944,,241455.36,
603296.SH,20260320,1.7298,1.9835,,8817572.4783,
600519.SH,20260320,0.2087,0.4811,,180953046.0675,
300296.SZ,20260320,10.9738,11.7143,,2158733.8687,
601567.SH,20260320,2.0573,4.3263,,3933181.1106,
605336.SH,20260320,3.0871,9.6603,,276035.7373,
002445.SZ,20260320,16.5935,26.3703,,931630.1522,
002397.SZ,20260320,2.1084,3.2049,,287895.8556,
688496.SH,20260320,5.1232,10.9233,,285750.0,
300083.SZ,20260320,2.8737,3.0385,,1271955.018,
300854.SZ,20260320,9.3208,14.8495,,260078.6813,
600560.SH,20260320,0.9303,1.6954,,333455.4405,
301180.SZ,20260320,11.2459,25.7481,,864021.6,
000903.SZ,20260320,1.8902,2.8578,,495320.169,
301235.SZ,20260320,10.6471,14.3728,,539961.8782,
002547.SZ,20260320,3.1421,4.2908,,380155.2656,
601965.SH,20260320,0.4686,1.2523,,1761364.3816,
603729.SH,20260320,3.7429,5.3338,,160074.67,
688772.SH,20260320,2.4237,4.0356,,1834140.8405,
301209.SZ,20260320,1.1321,3.1581,,997360.0,
000008.SZ,20260320,1.833,3.0104,,749720.2405,
300134.SZ,20260320,1.4062,2.9126,,808175.4003,
301138.SZ,20260320,1.5039,3.1238,,421440.0,
603323.SH,20260320,1.3437,1.5541,,1009270.7185,
300528.SZ,20260320,2.2402,5.6657,,587975.5092,
000691.SZ,20260320,1.5921,1.8406,,393257.955,
002551.SZ,20260320,2.8477,3.3438,,298459.586,
301361.SZ,20260320,12.5624,12.7598,,461504.912,
000096.SZ,20260320,2.7238,5.928,,536448.0,
300698.SZ,20260320,1.911,3.5542,,469134.0,
688602.SH,20260320,2.8423,2.8423,,394725.0,
600712.SH,20260320,1.1866,1.6691,,338230.9786,
300167.SZ,20260320,2.6753,2.903,,227783.79,
600773.SH,20260320,4.21,7.1543,,1538715.9607,
920790.BJ,20260320,1.3097,2.8673,,227898.8197,
605398.SH,20260320,1.8811,6.0752,,444215.7147,
603855.SH,20260320,0.8093,1.4069,,652408.763,
002824.SZ,20260320,3.6542,4.9362,,572257.8831,
603278.SH,20260320,1.8572,3.7674,,370125.4215,
300246.SZ,20260320,9.8698,11.1448,,361715.2729,
300314.SZ,20260320,2.6941,4.0263,,372960.0,
688569.SH,20260320,0.5018,2.0071,,433973.402,
603325.SH,20260320,1.5957,1.5957,,593789.688,
600805.SH,20260320,3.044,4.746,,474799.1277,
688246.SH,20260320,2.0666,3.5063,,285490.1159,
603766.SH,20260320,1.0678,1.7819,,2967367.9733,
603408.SH,20260320,0.5864,2.2129,,538430.319,
000004.SZ,20260320,13.2406,17.9041,,69632.0283,
601628.SH,20260320,0.0655,0.9093,,117920349.26,
301042.SZ,20260320,1.9924,3.0154,,635042.3393,
002350.SZ,20260320,8.7235,14.194,,744078.6136,
600505.SH,20260320,6.8113,15.4265,,532268.55,
688172.SH,20260320,3.9456,5.6622,,6588457.5177,
603596.SH,20260320,1.5416,2.4716,,2800873.3719,
301137.SZ,20260320,3.0503,8.7816,,840341.5348,
605122.SH,20260320,1.5047,4.5328,,221647.244,
301012.SZ,20260320,7.0366,11.0306,,610773.4624,
600828.SH,20260320,1.4815,9.9002,,957786.3479,
600165.SH,20260320,1.1874,3.3338,,575254.6239,
000682.SZ,20260320,1.8596,3.1759,,1728197.112,
920110.BJ,20260320,0.8792,1.3267,,133965.0,
688565.SH,20260320,2.3349,3.5869,,196745.22,
002721.SZ,20260320,1.4837,2.1224,,776538.5556,
603583.SH,20260320,0.7585,1.588,,1242182.4751,
600108.SH,20260320,7.7192,10.7336,,989032.8815,
600583.SH,20260320,2.3727,5.3186,,2971150.4256,
603308.SH,20260320,2.5005,3.8155,,4087120.3384,
688135.SH,20260320,4.5836,6.4606,,572110.4912,
300626.SZ,20260320,6.1713,10.6483,,357120.0,
688583.SH,20260320,3.7573,3.7573,,1017484.0,
600523.SH,20260320,1.5335,2.8566,,566440.1593,
603895.SH,20260320,0.9032,1.724,,293653.36,
002602.SZ,20260320,1.1737,1.4402,,11925763.997,
002631.SZ,20260320,2.4592,5.2022,,541355.0762,
301091.SZ,20260320,0.7203,1.9257,,1187434.56,
600058.SH,20260320,0.8548,2.2831,,1211259.1034,
002015.SZ,20260320,23.6086,45.4239,,3376515.1971,
688200.SH,20260320,1.9667,3.0921,,3659397.075,
301261.SZ,20260320,4.8326,5.8753,,688971.2464,
002643.SZ,20260320,1.6483,3.0525,,1445354.1464,
001211.SZ,20260320,4.0639,7.112,,195912.0,
002466.SZ,20260320,3.3926,5.0532,,8548287.3648,
603005.SH,20260320,4.4915,5.3325,,1833906.8373,
002956.SZ,20260320,0.6847,1.469,,575307.2226,
600975.SH,20260320,1.4912,2.4853,,694811.9274,
000710.SZ,20260320,2.7706,3.621,,371197.5383,
300147.SZ,20260320,0.9329,1.2073,,615650.7909,
603380.SH,20260320,0.8366,1.8788,,557693.6112,
000995.SZ,20260320,10.8596,16.0547,,260434.944,
002357.SZ,20260320,2.6587,3.7927,,454559.1022,
603701.SH,20260320,1.633,3.2122,,560882.6395,
300864.SZ,20260320,1.036,3.6553,,329243.7741,
600403.SH,20260320,1.6726,10.7888,,1484694.5016,
601966.SH,20260320,0.7621,1.676,,2097199.3447,
603444.SH,20260320,1.5093,2.5558,,2682090.1902,
000035.SZ,20260320,5.136,8.526,,1659682.7745,
600197.SH,20260320,0.6673,1.1771,,584843.9502,
603580.SH,20260320,4.4636,13.6816,,237563.8776,
600516.SH,20260320,2.198,3.5637,,2343114.7542,
300436.SZ,20260320,3.7148,5.8976,,1643316.906,
603557.SH,20260320,3.7441,5.5673,,251868.5028,
603861.SH,20260320,3.4361,7.5498,,858358.3925,
920471.BJ,20260320,3.472,5.7858,,108326.4,
601222.SH,20260320,2.2357,3.6872,,1322628.5982,
301596.SZ,20260320,1.8227,2.1665,,509290.98,
600261.SH,20260320,1.5252,2.8592,,500644.8623,
688182.SH,20260320,0.7649,2.583,,1110400.0,
000629.SZ,20260320,1.1771,2.6422,,3186795.1108,
300433.SZ,20260320,0.8677,2.2975,,15493104.4535,
000813.SZ,20260320,1.6744,2.8199,,706724.567,
603004.SH,20260320,3.3458,3.3458,,522618.88,
600722.SH,20260320,15.5772,35.4363,,1098035.9571,
000600.SZ,20260320,5.4704,9.6858,,1747334.1103,
600322.SH,20260320,5.9195,7.7779,,266473.7,
600448.SH,20260320,5.8113,7.1423,,199023.0132,
688253.SH,20260320,1.4806,2.925,,527937.5539,
603377.SH,20260320,0.8524,1.3421,,253097.0432,
002487.SZ,20260320,5.6477,9.3128,,4638988.7646,
300263.SZ,20260320,3.6592,4.2634,,1046391.3713,
603421.SH,20260320,12.109,24.3873,,652190.511,
688006.SH,20260320,1.5819,4.5403,,1542986.0205,
603258.SH,20260320,1.6682,3.1457,,415599.9768,
002753.SZ,20260320,7.1972,8.9438,,311218.9183,
002655.SZ,20260320,7.4263,8.531,,623178.1532,
600585.SH,20260320,0.6194,1.1964,,12527551.2968,
300451.SZ,20260320,1.6489,1.918,,737383.3534,
301358.SZ,20260320,4.7697,8.4196,,5986756.6115,
605369.SH,20260320,0.6305,1.9658,,381452.8018,
002364.SZ,20260320,4.6076,7.7875,,1640537.5986,
300747.SZ,20260320,3.0331,5.1721,,1597190.4,
601065.SH,20260320,2.8309,3.6404,,545716.8911,
002501.SZ,20260320,1.8005,2.3249,,670950.0,
300540.SZ,20260320,2.8706,4.3919,,440294.373,
603856.SH,20260320,1.2569,3.1858,,376262.784,
301090.SZ,20260320,1.7164,9.6091,,1169134.3722,
002152.SZ,20260320,1.401,2.8041,,3057044.3474,
002369.SZ,20260320,1.9586,1.9586,,406507.6528,
688109.SH,20260320,2.1902,4.3484,,1030153.4918,
600679.SH,20260320,1.349,3.4162,,598771.9266,
603260.SH,20260320,0.7209,3.1388,,5272642.9569,
300970.SZ,20260320,4.1151,5.2589,,288008.7759,
601339.SH,20260320,0.8258,3.2123,,1058695.714,
002019.SZ,20260320,2.4568,2.9846,,1619015.2031,
301633.SZ,20260320,2.7698,3.3208,,361363.2,
600439.SH,20260320,1.6933,2.5542,,290920.2581,
002304.SZ,20260320,0.2865,0.7429,,7586457.3927,
300771.SZ,20260320,2.666,3.1171,,328560.0,
688639.SH,20260320,2.7803,4.0163,,781861.6563,
920478.BJ,20260320,1.7171,2.1371,,127980.3462,
002559.SZ,20260320,4.4425,4.8531,,551414.3191,
600421.SH,20260320,1.6758,2.8053,,141418.8,
002897.SZ,20260320,7.7553,13.368,,1251887.6541,
300150.SZ,20260320,3.6131,3.9606,,314201.9505,
603101.SH,20260320,0.9601,2.4282,,382435.2,
002095.SZ,20260320,3.4387,6.1567,,442765.44,
301237.SZ,20260320,0.9618,1.3305,,447760.0,
600879.SH,20260320,3.0111,4.0442,,7129785.8608,
300461.SZ,20260320,11.198,19.874,,705498.6605,
603836.SH,20260320,1.1327,2.7117,,269063.3957,
300316.SZ,20260320,4.0004,8.3154,,5989807.5875,
600808.SH,20260320,1.0228,2.7321,,2849252.0388,
605288.SH,20260320,1.8299,6.9179,,642629.6981,
301449.SZ,20260320,21.8674,21.8674,,532173.9187,
688391.SH,20260320,1.6228,3.2592,,357062.836,
002051.SZ,20260320,1.6203,4.4568,,1031999.0535,
301369.SZ,20260320,3.7953,5.0743,,968788.4883,
688363.SH,20260320,0.6157,1.5313,,2071216.4406,
600877.SH,20260320,1.3231,2.2542,,1938305.3884,
300841.SZ,20260320,1.909,2.7427,,760189.3592,
002801.SZ,20260320,1.5118,2.5681,,749289.216,
920806.BJ,20260320,0.6181,1.9028,,351861.9004,
300839.SZ,20260320,4.8455,8.6965,,374013.8131,
002731.SZ,20260320,10.9999,13.1169,,192373.156,
300883.SZ,20260320,4.738,5.9932,,224554.0,
002102.SZ,20260320,3.9108,5.0302,,794676.1996,
603131.SH,20260320,1.8678,3.6622,,705820.6259,
920570.BJ,20260320,2.4451,3.5702,,154272.1996,
000975.SZ,20260320,1.8282,2.8138,,8019173.9013,
002037.SZ,20260320,1.4427,2.5993,,390010.1542,
600289.SH,20260320,1.3977,2.0305,,513676.3842,
300395.SZ,20260320,5.3852,6.6762,,5111433.7157,
601607.SH,20260320,0.4519,1.2628,,6263423.0954,
002458.SZ,20260320,2.1838,2.5286,,1057730.7467,
600882.SH,20260320,0.8874,1.8877,,1005825.7919,
001283.SZ,20260320,13.6244,13.9902,,671717.3533,
000718.SZ,20260320,1.7604,2.6666,,649412.1862,
002141.SZ,20260320,2.3034,3.3213,,390449.7316,
920174.BJ,20260320,1.6168,2.9155,,833131.6863,
600500.SH,20260320,1.2674,2.7735,,1539383.404,
300542.SZ,20260320,2.2208,3.2981,,479785.7577,
688449.SH,20260320,4.4756,8.2728,,2154180.0,
300750.SZ,20260320,1.2623,2.126,,188487787.8828,
920056.BJ,20260320,2.5352,2.5352,,195569.9298,
300315.SZ,20260320,3.422,3.4779,,1356513.1125,
000938.SZ,20260320,3.8824,5.3923,,7487689.1101,
001231.SZ,20260320,4.1727,6.2485,,228063.08,
600887.SH,20260320,0.5538,0.6056,,16692626.8002,
002354.SZ,20260320,4.3399,4.3399,,958005.1898,
300307.SZ,20260320,0.9966,1.5212,,536371.0299,
300637.SZ,20260320,2.3816,3.8358,,261042.1446,
001311.SZ,20260320,1.3843,2.4202,,982141.0234,
300762.SZ,20260320,3.3092,4.0238,,2201020.0309,
000625.SZ,20260320,0.7858,1.4071,,10299528.1524,
301136.SZ,20260320,1.8239,3.9234,,425466.6517,
002681.SZ,20260320,1.787,1.8665,,1005005.2499,
301234.SZ,20260320,1.3277,1.8706,,253504.0,
000922.SZ,20260320,1.8233,2.8665,,982014.0226,
688585.SH,20260320,1.3056,6.1635,,4982727.426,
000423.SZ,20260320,3.6618,5.5277,,3607558.168,
300015.SZ,20260320,0.6449,1.2168,,9306745.8767,
300699.SZ,20260320,2.368,3.728,,2802487.592,
600460.SH,20260320,1.6369,2.394,,4516290.9873,
002389.SZ,20260320,4.1681,6.6191,,2194392.8948,
688625.SH,20260320,1.7929,4.5571,,1054597.3256,
000650.SZ,20260320,1.338,1.8117,,792365.0404,
605058.SH,20260320,6.1167,20.3669,,476365.5254,
300809.SZ,20260320,2.2471,2.8951,,822734.704,
002279.SZ,20260320,4.6433,6.0152,,713907.2892,
002957.SZ,20260320,5.4088,12.5553,,1084394.7272,
301067.SZ,20260320,4.3505,5.8183,,292096.944,
000917.SZ,20260320,2.4344,2.921,,1377864.7605,
600604.SH,20260320,5.4354,13.5883,,1067783.7383,
688267.SH,20260320,2.5291,4.4375,,529128.6,
301150.SZ,20260320,5.4285,10.2432,,1106692.8009,
600685.SH,20260320,1.3674,3.3026,,4273029.7807,
600099.SH,20260320,2.8557,4.9324,,228980.4,
920819.BJ,20260320,0.6435,1.662,,458449.2,
688466.SH,20260320,1.6278,3.7248,,213769.766,
603815.SH,20260320,2.1247,4.2692,,371973.4652,
300443.SZ,20260320,12.034,13.4566,,995298.4652,
603938.SH,20260320,2.1496,6.4253,,888836.7065,
688208.SH,20260320,1.0663,1.705,,2178766.3667,
300422.SZ,20260320,1.9832,3.2719,,257330.3475,
300127.SZ,20260320,1.8597,4.0176,,988181.5689,
002653.SZ,20260320,0.7188,1.7039,,5714941.4009,
600169.SH,20260320,0.8077,1.6636,,803304.7608,
002692.SZ,20260320,5.5051,7.7199,,392825.862,
000688.SZ,20260320,3.2129,9.5007,,3626307.1804,
688066.SH,20260320,4.0333,5.6767,,560179.541,
688628.SH,20260320,1.3402,2.7861,,469423.8696,
603696.SH,20260320,1.4848,3.6844,,377966.4,
300429.SZ,20260320,3.796,4.2834,,699340.9728,
688226.SH,20260320,5.136,9.7058,,844581.6765,
600256.SH,20260320,5.6797,8.8278,,4551106.1104,
600030.SH,20260320,0.8286,1.1243,,37495983.4774,
603057.SH,20260320,0.6947,2.9762,,1087680.0,
000828.SZ,20260320,0.8094,2.6825,,1127875.9363,
002183.SZ,20260320,7.2476,10.7101,,1394593.8819,
002617.SZ,20260320,3.7584,4.1322,,1501867.6102,
301089.SZ,20260320,2.1076,2.9469,,349895.5425,
300688.SZ,20260320,7.2646,8.5573,,453598.3474,
688682.SH,20260320,1.224,3.2028,,447276.4268,
688167.SH,20260320,9.0447,10.4916,,2804515.744,
688689.SH,20260320,2.9859,8.5344,,444071.7341,
300644.SZ,20260320,3.2598,4.5593,,317769.8868,
300222.SZ,20260320,3.1805,3.3239,,880236.0757,
920184.BJ,20260320,2.2998,3.1534,,210192.7288,
600533.SH,20260320,1.9665,3.4786,,261450.0,
002736.SZ,20260320,0.7766,2.827,,12085256.8108,
688220.SH,20260320,1.8308,2.7772,,3121361.2337,
920418.BJ,20260320,0.993,1.7913,,394362.2592,
300337.SZ,20260320,3.8049,5.6582,,1015090.5043,
300871.SZ,20260320,3.6857,6.9002,,486609.7996,
920407.BJ,20260320,2.1662,3.6842,,161631.912,
300500.SZ,20260320,2.4814,4.6147,,198853.2753,
603125.SH,20260320,2.5895,2.5895,,710487.8381,
688300.SH,20260320,2.9476,7.537,,1944792.8563,
603072.SH,20260320,2.1884,2.6164,,964093.44,
300664.SZ,20260320,3.7516,5.3107,,453753.7992,
003006.SZ,20260320,0.8197,2.0511,,765632.3618,
300066.SZ,20260320,2.5471,3.9669,,674981.587,
002691.SZ,20260320,1.8066,5.0308,,262820.0,
600968.SH,20260320,0.8447,4.6038,,4604792.2021,
001277.SZ,20260320,4.405,8.6603,,270864.0,
000831.SZ,20260320,2.6597,4.2923,,4936799.1942,
603917.SH,20260320,2.3464,3.4875,,264788.16,
301556.SZ,20260320,5.0064,5.8954,,734772.48,
688818.SH,20260320,23.9532,23.9532,,11229212.9489,
000425.SZ,20260320,1.2224,1.3437,,12230308.9978,
600325.SH,20260320,1.3678,1.9029,,1059578.5647,
605376.SH,20260320,2.9466,4.6778,,2363817.6,
600996.SH,20260320,6.9616,13.1418,,1160770.6641,
600132.SH,20260320,0.9183,2.2959,,2767347.3102,
002096.SZ,20260320,0.5302,1.4255,,1610092.1195,
600845.SH,20260320,1.1488,3.5168,,6226719.2215,
000153.SZ,20260320,2.1553,3.0347,,291822.5078,
002086.SZ,20260320,7.3481,7.3481,,432927.1765,
300020.SZ,20260320,1.7823,1.9144,,343300.8848,
605567.SH,20260320,3.7526,6.0727,,211600.0,
000506.SZ,20260320,3.3218,4.958,,1523589.128,
603527.SH,20260320,11.6133,18.8152,,331234.904,
688655.SH,20260320,12.7306,23.0843,,373492.0,
002548.SZ,20260320,3.0265,4.3967,,462949.0748,
301131.SZ,20260320,3.4344,3.9428,,225209.224,
000605.SZ,20260320,2.2453,3.8148,,243334.434,
000913.SZ,20260320,1.1906,2.2588,,785150.9085,
601233.SH,20260320,4.2093,7.1145,,4025270.5211,
920357.BJ,20260320,1.4914,2.5337,,181781.6,
000967.SZ,20260320,1.2675,3.8321,,2672900.6541,
600062.SH,20260320,2.8572,7.2483,,1936956.383,
601111.SH,20260320,0.744,2.3159,,11795132.596,
601216.SH,20260320,1.252,3.3331,,4759041.808,
002175.SZ,20260320,6.8889,8.5264,,420060.8592,
688576.SH,20260320,1.4191,1.4255,,324187.9275,
301040.SZ,20260320,7.4748,11.4434,,410004.2271,
605186.SH,20260320,2.2088,4.4402,,266288.0,
688603.SH,20260320,4.2489,4.2607,,903255.0028,
688321.SH,20260320,1.7219,2.443,,1297817.8566,
605368.SH,20260320,1.8511,4.4646,,611013.7073,
688359.SH,20260320,4.2223,6.9164,,776808.1613,
002788.SZ,20260320,2.4354,3.9655,,532267.9283,
000848.SZ,20260320,0.7605,1.3466,,818040.0593,
600168.SH,20260320,1.2258,3.0707,,519546.9286,
601568.SH,20260320,1.5893,4.2167,,1640527.7785,
601086.SH,20260320,0.816,3.1475,,570762.0,
002189.SZ,20260320,1.4218,2.4598,,504898.1947,
688613.SH,20260320,2.3673,3.1628,,301418.8848,
300933.SZ,20260320,3.7054,5.9965,,446425.8105,
600510.SH,20260320,0.8447,2.1113,,855549.1039,
002157.SZ,20260320,2.6293,2.6293,,3024803.1666,
301319.SZ,20260320,1.871,3.6299,,517591.2806,
301283.SZ,20260320,1.2717,2.1316,,357859.3079,
300957.SZ,20260320,1.0401,2.374,,1695247.2,
600623.SH,20260320,2.0895,6.0564,,2146182.4241,
301115.SZ,20260320,3.1619,4.6051,,383750.4614,
002277.SZ,20260320,1.2559,1.8475,,888088.0736,
002219.SZ,20260320,2.9212,4.3046,,775710.4214,
600681.SH,20260320,7.4566,14.9172,,612770.6482,
000089.SZ,20260320,0.8162,1.8967,,1423234.0392,
300479.SZ,20260320,4.3051,5.8838,,381274.0738,
600319.SH,20260320,2.4356,4.2288,,289231.2005,
002891.SZ,20260320,2.4062,4.8088,,1152711.3599,
301133.SZ,20260320,2.4016,5.2709,,473476.9004,
300982.SZ,20260320,4.2273,9.9349,,519275.5513,
600081.SH,20260320,0.532,2.1081,,626025.6244,
603662.SH,20260320,1.0312,2.2201,,1593428.671,
300716.SZ,20260320,7.9105,9.6966,,227228.4,
601016.SH,20260320,11.8015,21.1125,,2865969.4071,
600769.SH,20260320,3.5033,4.3834,,497969.7216,
688015.SH,20260320,0.7269,1.5676,,423210.9043,
003041.SZ,20260320,2.6128,8.0748,,767088.0,
002174.SZ,20260320,2.6532,3.2546,,937679.0954,
002214.SZ,20260320,0.7767,0.8476,,1082980.8008,
000697.SZ,20260320,2.5042,3.7758,,1361186.0925,
603058.SH,20260320,1.5588,3.2057,,502571.2736,
002922.SZ,20260320,3.3877,4.5612,,1520579.6035,
603786.SH,20260320,0.7913,3.7828,,2191730.3109,
301585.SZ,20260320,1.7349,1.7349,,301808.0,
920271.BJ,20260320,0.9411,1.6189,,187469.359,
003003.SZ,20260320,7.1921,8.9358,,223197.36,
300424.SZ,20260320,3.0808,3.6229,,403986.2125,
002533.SZ,20260320,2.5686,3.43,,1012104.7245,
000761.SZ,20260320,0.5804,3.835,,1335176.7822,
300712.SZ,20260320,4.6778,8.2172,,567326.7559,
688692.SH,20260320,1.9152,2.7079,,2545635.2,
000935.SZ,20260320,0.7813,2.1069,,1871955.6965,
002150.SZ,20260320,8.3681,16.3703,,1258710.3849,
301191.SZ,20260320,11.8161,18.819,,851103.708,
688439.SH,20260320,1.1336,2.8282,,1069800.0,
000915.SZ,20260320,1.1877,1.7392,,764857.967,
600243.SH,20260320,1.6701,1.8526,,143065.1,
300759.SZ,20260320,1.1611,1.7612,,4824706.8071,
601059.SH,20260320,0.4106,1.9253,,5558502.0,
600054.SH,20260320,2.3419,5.5471,,992685.4178,
603579.SH,20260320,3.1264,6.163,,412157.3462,
002528.SZ,20260320,2.874,6.1325,,381178.6761,
002271.SZ,20260320,1.744,1.8192,,3523332.3024,
301152.SZ,20260320,5.5579,6.1185,,323803.9991,
688520.SH,20260320,0.4874,2.0493,,1692275.7132,
002823.SZ,20260320,2.5109,3.0081,,504046.3367,
301070.SZ,20260320,5.3771,6.3602,,586493.96,
000545.SZ,20260320,11.2159,13.1561,,324668.0886,
920062.BJ,20260320,4.9473,5.6825,,207010.7859,
600643.SH,20260320,5.2073,10.4182,,809330.7552,
600875.SH,20260320,6.5019,11.554,,12761349.6029,
002299.SZ,20260320,0.8305,1.767,,2199064.6344,
603613.SH,20260320,2.1018,3.2131,,1866192.9357,
600688.SH,20260320,1.3054,5.1251,,3120614.78,
688153.SH,20260320,1.4175,4.1712,,1542672.1337,
002806.SZ,20260320,3.4811,3.7563,,301295.49,
000020.SZ,20260320,2.9057,8.5075,,660615.1426,
300927.SZ,20260320,8.6289,22.7631,,422974.8,
600257.SH,20260320,2.3404,3.2549,,302698.1913,
002061.SZ,20260320,1.7921,3.7077,,1053674.0148,
603816.SH,20260320,0.9652,1.7789,,2862758.5437,
002878.SZ,20260320,3.9944,6.9443,,437788.1758,
605136.SH,20260320,1.8479,3.6981,,392048.8715,
300291.SZ,20260320,1.9495,3.1259,,652729.5281,
002232.SZ,20260320,1.3546,3.0592,,696166.5673,
688279.SH,20260320,1.1443,2.4624,,1889367.395,
000546.SZ,20260320,3.8053,5.7544,,432372.4337,
002169.SZ,20260320,3.8331,4.9105,,1095785.7316,
002977.SZ,20260320,3.5557,4.8467,,326846.52,
688065.SH,20260320,1.2901,2.3083,,3534319.9906,
002563.SZ,20260320,0.5741,1.7953,,1444032.3258,
300044.SZ,20260320,4.3307,4.5328,,601165.0824,
603219.SH,20260320,0.6956,3.3115,,983572.8,
002264.SZ,20260320,2.4203,3.9053,,599602.8129,
688687.SH,20260320,1.8718,2.4762,,340692.233,
300615.SZ,20260320,15.0362,19.1096,,283274.0072,
688459.SH,20260320,1.7928,2.4945,,447360.0,
603688.SH,20260320,2.6887,5.6463,,2367675.8012,
688582.SH,20260320,1.3492,1.8222,,2370260.4304,
300489.SZ,20260320,1.7966,3.208,,574508.7405,
600000.SH,20260320,0.2248,0.6021,,34238401.7724,
301156.SZ,20260320,3.301,5.6107,,271714.4228,
601901.SH,20260320,0.6345,1.3356,,5918880.903,
002026.SZ,20260320,1.3121,2.063,,584585.8831,
688249.SH,20260320,1.7627,2.6003,,5900311.9975,
002412.SZ,20260320,1.9967,3.4777,,331105.6,
601777.SH,20260320,0.6186,1.4884,,4507536.7708,
920699.BJ,20260320,0.8825,1.4592,,177299.9158,
301360.SZ,20260320,9.5605,10.7951,,358444.8,
002829.SZ,20260320,5.3345,5.9176,,479831.8907,
300229.SZ,20260320,3.2791,4.2762,,1631923.901,
920455.BJ,20260320,0.6695,1.1549,,138056.1,
300360.SZ,20260320,1.7683,2.6892,,860749.2489,
601789.SH,20260320,19.8494,27.1418,,902439.9912,
300115.SZ,20260320,2.6723,3.9729,,4338504.4086,
300859.SZ,20260320,3.1129,5.0411,,533665.0,
688551.SH,20260320,4.0195,7.9838,,357300.5133,
688380.SH,20260320,4.5384,10.9779,,1816055.64,
688722.SH,20260320,1.0747,1.9641,,381484.0566,
601336.SH,20260320,0.7322,2.1736,,21450002.4216,
601615.SH,20260320,3.3223,4.4103,,4428010.5503,
000727.SZ,20260320,3.1106,5.669,,1222983.0846,
600114.SH,20260320,1.8289,2.3993,,1761559.9008,
002285.SZ,20260320,6.413,12.138,,647669.4374,
002882.SZ,20260320,1.6915,3.6392,,1216016.1,
600611.SH,20260320,1.2068,1.7306,,1196246.1692,
002506.SZ,20260320,19.7102,26.0077,,3141619.9213,
002109.SZ,20260320,10.043,23.4823,,606228.1792,
300035.SZ,20260320,12.9902,13.8012,,1481207.036,
688128.SH,20260320,0.4516,2.1224,,1080824.0,
300137.SZ,20260320,3.2586,3.8589,,691117.8865,
603890.SH,20260320,1.7982,2.6567,,621956.7471,
601827.SH,20260320,0.5505,1.9533,,1496380.3035,
301267.SZ,20260320,0.4882,1.8824,,1422120.0,
300514.SZ,20260320,5.3308,7.0577,,264400.0,
600825.SH,20260320,1.1434,2.3571,,603945.1773,
688202.SH,20260320,2.1009,3.5473,,742027.1122,
000633.SZ,20260320,3.1986,4.0358,,255325.5253,
002757.SZ,20260320,4.632,7.3148,,599184.5916,
920719.BJ,20260320,3.0725,3.3681,,103892.2344,
002007.SZ,20260320,0.7224,1.1631,,2706463.3223,
301367.SZ,20260320,1.7492,2.8388,,607219.2,
002084.SZ,20260320,4.7829,8.1403,,247439.4633,
920438.BJ,20260320,1.3432,2.187,,578554.075,
301418.SZ,20260320,4.0124,4.0124,,270380.0025,
300834.SZ,20260320,0.9297,2.5971,,458323.4272,
002876.SZ,20260320,3.0117,3.3989,,462186.1493,
301313.SZ,20260320,3.8659,4.527,,320498.6332,
301163.SZ,20260320,6.8127,9.9916,,240883.2,
300172.SZ,20260320,6.0344,6.64,,401289.03,
300666.SZ,20260320,3.8866,4.2998,,3532479.5735,
000514.SZ,20260320,1.6086,4.3696,,403322.5213,
600282.SH,20260320,0.8878,2.3838,,3285993.5089,
000166.SZ,20260320,0.338,0.9436,,12244532.8898,
688566.SH,20260320,1.8144,6.2305,,590714.2221,
600741.SH,20260320,0.3659,0.8778,,5832539.3704,
688631.SH,20260320,2.798,3.6937,,960386.25,
001317.SZ,20260320,2.7973,6.8283,,383762.604,
605305.SH,20260320,3.854,5.3562,,854967.96,
300558.SZ,20260320,0.9261,1.577,,1792326.1712,
000707.SZ,20260320,4.9404,6.2669,,347906.7298,
603138.SH,20260320,6.6088,11.8939,,582455.7112,
600732.SH,20260320,3.3344,5.3394,,3135647.136,
002599.SZ,20260320,2.7495,3.1176,,375006.57,
920006.BJ,20260320,2.1205,2.8822,,208744.0064,
002423.SZ,20260320,1.9453,5.2266,,2539124.3437,
600855.SH,20260320,1.9252,3.4665,,805424.9494,
600379.SH,20260320,1.9576,3.5076,,376429.783,
301175.SZ,20260320,5.9977,5.9977,,977328.32,
920985.BJ,20260320,7.801,12.6763,,256865.246,
600838.SH,20260320,3.2789,4.8645,,418520.7882,
300300.SZ,20260320,8.8202,11.6991,,792881.1567,
002305.SZ,20260320,1.1895,1.9989,,360716.8802,
300769.SZ,20260320,11.8701,13.4867,,1256082.9385,
688768.SH,20260320,1.5804,2.4155,,400084.678,
688349.SH,20260320,1.2629,4.8877,,3183745.3421,
920564.BJ,20260320,2.5901,4.1512,,214917.9339,
002833.SZ,20260320,1.429,2.0027,,752163.6285,
600320.SH,20260320,1.4089,2.5956,,2449784.378,
688552.SH,20260320,11.0717,11.0717,,1372262.112,
603116.SH,20260320,0.9455,2.1209,,320943.8456,
000060.SZ,20260320,2.6432,3.7792,,2735762.2341,
688120.SH,20260320,1.0933,1.5212,,6022693.4067,
300873.SZ,20260320,1.5485,2.4583,,533151.313,
300641.SZ,20260320,9.6837,22.219,,1137804.5137,
300232.SZ,20260320,6.2094,6.8531,,835159.412,
002367.SZ,20260320,1.306,2.4784,,603893.3102,
300913.SZ,20260320,3.3626,10.2305,,1660431.7453,
603858.SH,20260320,0.4734,1.0842,,1740037.9293,
002124.SZ,20260320,2.0485,2.1385,,546595.7227,
000582.SZ,20260320,1.7735,4.0332,,2668109.5488,
002422.SZ,20260320,1.6347,1.9683,,5492509.4396,
300505.SZ,20260320,19.6742,21.4604,,859785.6119,
002053.SZ,20260320,2.5477,9.5737,,1156436.2068,
603237.SH,20260320,0.9132,2.1719,,327140.4114,
688729.SH,20260320,2.2432,2.2432,,6818476.92,
300440.SZ,20260320,4.7055,7.1872,,619718.406,
301199.SZ,20260320,1.965,2.3287,,420021.0,
000632.SZ,20260320,4.1877,5.333,,214139.0022,
001386.SZ,20260320,6.933,6.933,,2514111.68,
000504.SZ,20260320,1.5736,2.6509,,318142.2665,
002001.SZ,20260320,1.4833,3.0152,,10526469.254,
688131.SH,20260320,1.5917,2.3441,,1385038.7804,
300905.SZ,20260320,2.0376,3.2779,,546892.9513,
605366.SH,20260320,4.1121,7.8028,,742712.5246,
688558.SH,20260320,0.6728,2.0764,,378312.0,
603007.SH,20260320,2.9627,2.9627,,593597.5338,
300189.SZ,20260320,13.6495,14.3954,,746496.0,
002266.SZ,20260320,1.3766,2.6218,,2270383.0599,
300623.SZ,20260320,1.6284,2.6115,,2379748.5683,
603062.SH,20260320,6.8138,7.8068,,531144.0,
300585.SZ,20260320,2.3354,3.9143,,261799.9998,
601717.SH,20260320,0.804,1.2848,,3913596.6466,
603030.SH,20260320,2.2976,3.0262,,322648.7124,
300735.SZ,20260320,1.3946,2.7454,,1666157.1558,
603202.SH,20260320,3.9936,3.9936,,1499680.0,
600699.SH,20260320,1.4121,2.2791,,3683080.0871,
600538.SH,20260320,4.2107,4.6745,,319760.9923,
301318.SZ,20260320,1.5147,3.1653,,375860.3025,
300474.SZ,20260320,1.6278,1.9966,,3367235.6538,
301501.SZ,20260320,2.1862,2.1862,,558322.5,
300473.SZ,20260320,3.6497,4.7138,,582217.5555,
600727.SH,20260320,4.6856,7.125,,371065.3608,
002871.SZ,20260320,1.7191,2.3808,,442003.498,
301373.SZ,20260320,19.8098,20.9942,,692811.2452,
600846.SH,20260320,0.5824,1.3254,,800319.502,
600928.SH,20260320,0.5716,2.1408,,1613333.3335,
920974.BJ,20260320,1.8764,2.1591,,131203.8,
002902.SZ,20260320,48.6581,55.9932,,576947.2472,
301019.SZ,20260320,1.6152,2.0808,,341144.2926,
300640.SZ,20260320,4.0098,4.6815,,222671.2937,
002460.SZ,20260320,7.2583,8.1311,,14138010.3662,
002520.SZ,20260320,4.5115,6.0047,,447146.1219,
688111.SH,20260320,1.1369,2.6287,,11709413.4977,
600905.SH,20260320,1.0728,2.2993,,12378452.5115,
600346.SH,20260320,0.6556,2.6208,,14570936.557,
920870.BJ,20260320,1.3672,2.4175,,198990.0,
600104.SH,20260320,0.4861,1.6002,,16415256.2757,
300319.SZ,20260320,4.3245,5.5738,,1141438.5847,
603220.SH,20260320,9.1591,12.6984,,1385918.5679,
301507.SZ,20260320,2.6849,2.6849,,504167.8226,
300695.SZ,20260320,0.5445,1.871,,705470.5187,
300214.SZ,20260320,4.1735,7.0473,,339378.9082,
920522.BJ,20260320,2.5387,3.3077,,773094.551,
300446.SZ,20260320,2.5039,2.9231,,1697583.5029,
688272.SH,20260320,3.5058,7.5528,,266000.0,
605001.SH,20260320,1.8276,3.6625,,293092.956,
600796.SH,20260320,6.017,8.9444,,550281.9614,
002979.SZ,20260320,1.6835,2.2013,,1117713.1336,
600760.SH,20260320,0.9649,2.9396,,13489380.6492,
002907.SZ,20260320,0.5772,1.6043,,565843.0055,
002951.SZ,20260320,2.7637,16.3529,,621675.0,
688101.SH,20260320,0.6799,2.0988,,545495.8244,
605589.SH,20260320,1.8517,2.4838,,2606876.5738,
920149.BJ,20260320,0.9822,1.4116,,77477.4613,
301486.SZ,20260320,8.9661,11.6332,,1940895.4476,
000589.SZ,20260320,2.0048,2.572,,718236.5208,
603396.SH,20260320,7.8927,13.4217,,542750.6588,
301348.SZ,20260320,11.0619,11.0619,,641520.0,
301372.SZ,20260320,5.1472,5.7877,,177188.5751,
688392.SH,20260320,1.7072,2.9713,,1166708.0022,
000676.SZ,20260320,2.1178,2.8224,,977596.4308,
001255.SZ,20260320,3.4172,8.8599,,317995.9716,
300978.SZ,20260320,2.1264,2.62,,483149.2307,
688786.SH,20260320,2.3314,3.7841,,460303.8096,
600711.SH,20260320,5.0945,6.2091,,3557293.8952,
603719.SH,20260320,0.7934,1.8189,,404208.0,
300730.SZ,20260320,5.6596,7.3021,,311069.2416,
000100.SZ,20260320,1.7906,1.8478,,9214782.064,
300272.SZ,20260320,8.4513,10.4186,,476946.1882,
600239.SH,20260320,1.8119,3.0753,,350039.7462,
000759.SZ,20260320,3.4727,5.4551,,366342.3653,
000539.SZ,20260320,13.7356,43.0014,,3496689.1347,
002818.SZ,20260320,0.8542,1.7168,,878690.7956,
000548.SZ,20260320,2.3803,3.5167,,268078.8905,
301211.SZ,20260320,0.7242,2.3412,,490680.0,
920368.BJ,20260320,8.225,13.3774,,948512.9776,
002339.SZ,20260320,8.6094,10.3606,,585251.1301,
300522.SZ,20260320,1.8045,2.9752,,363080.3969,
301096.SZ,20260320,2.3354,2.7747,,562525.6626,
920961.BJ,20260320,1.9132,2.3958,,333818.2672,
688353.SH,20260320,4.4011,9.8343,,1651303.5,
002989.SZ,20260320,1.4644,3.0076,,552605.7244,
301153.SZ,20260320,1.3935,3.2937,,733929.2064,
002880.SZ,20260320,1.1918,4.3337,,649782.0,
603031.SH,20260320,6.1119,8.5435,,1277006.1997,
002792.SZ,20260320,6.3105,7.564,,2084867.3994,
603040.SH,20260320,1.4557,3.1585,,1060535.2237,
300617.SZ,20260320,8.472,13.2581,,952321.945,
600863.SH,20260320,1.0816,2.3127,,4058628.1921,
301159.SZ,20260320,8.4885,12.8159,,351091.65,
688659.SH,20260320,2.7909,5.0764,,155360.0,
301021.SZ,20260320,2.6835,4.5337,,778020.6909,
300102.SZ,20260320,6.861,10.7132,,2989244.387,
300088.SZ,20260320,3.7459,4.2052,,1586060.8227,
002261.SZ,20260320,12.8614,14.3336,,4481220.553,
000719.SZ,20260320,1.0787,2.3716,,1335280.8924,
300568.SZ,20260320,9.8808,10.2393,,1975503.2181,
603068.SH,20260320,1.5226,2.4952,,489969.4657,
000882.SZ,20260320,2.7161,3.7832,,462612.479,
001238.SZ,20260320,0.2772,0.8911,,532268.46,
600493.SH,20260320,4.4186,6.5969,,191216.0,
920489.BJ,20260320,1.8991,1.8991,,203324.208,
301371.SZ,20260320,1.4956,1.4956,,1206641.28,
001278.SZ,20260320,5.5036,9.1477,,257118.0052,
300797.SZ,20260320,0.8683,2.4151,,566437.7508,
600537.SH,20260320,9.2443,9.2443,,401279.3911,
301631.SZ,20260320,3.3233,3.3233,,824559.5116,
301333.SZ,20260320,1.5486,3.9654,,551961.878,
688368.SH,20260320,1.5314,4.4336,,1568397.0971,
301200.SZ,20260320,1.3216,8.9409,,7695358.4966,
002372.SZ,20260320,0.6056,1.4822,,1757609.9388,
300002.SZ,20260320,1.8168,1.8457,,1975042.5615,
002063.SZ,20260320,7.3018,9.571,,1342776.0824,
920100.BJ,20260320,4.2145,4.2145,,383513.1228,
300311.SZ,20260320,4.098,4.6284,,347593.1574,
003009.SZ,20260320,2.6122,6.1118,,945148.5445,
002689.SZ,20260320,0.9069,1.861,,381851.7254,
600578.SH,20260320,0.8915,4.3532,,3628484.5901,
300685.SZ,20260320,2.9303,3.7816,,866469.4867,
600621.SH,20260320,2.0235,4.5224,,1625297.7153,
688090.SH,20260320,1.9376,2.8928,,623108.3659,
301636.SZ,20260320,29.2277,29.2277,,491526.7658,
300404.SZ,20260320,3.055,3.3942,,370019.0438,
601155.SH,20260320,0.5606,1.7092,,3336066.204,
603366.SH,20260320,14.7758,37.3842,,864270.1314,
300480.SZ,20260320,6.6913,7.6526,,1028851.1194,
603616.SH,20260320,4.7844,7.4303,,257878.562,
688789.SH,20260320,0.7008,1.3262,,1282161.6891,
301259.SZ,20260320,3.9141,4.5592,,499512.0,
300452.SZ,20260320,2.2416,2.7225,,342537.2852,
000571.SZ,20260320,2.477,3.4931,,546272.979,
600581.SH,20260320,2.191,4.3839,,413882.4249,
000721.SZ,20260320,1.4285,2.2099,,457983.6178,
002165.SZ,20260320,18.1195,22.6266,,736005.1068,
300842.SZ,20260320,8.2801,9.2628,,1366646.5424,
002263.SZ,20260320,3.1936,4.4298,,619858.833,
603885.SH,20260320,0.9121,2.1407,,2487582.0003,
603511.SH,20260320,0.5297,3.7803,,562842.5025,
300676.SZ,20260320,1.1616,1.8786,,1763206.4711,
000607.SZ,20260320,1.9431,3.6369,,421327.1417,
002870.SZ,20260320,1.478,2.6364,,484453.4328,
600501.SH,20260320,1.3804,2.563,,977150.4728,
300579.SZ,20260320,2.8011,5.8313,,779760.0,
920121.BJ,20260320,4.8393,4.8393,,251785.8454,
688584.SH,20260320,0.9991,2.2755,,1292320.1215,
300080.SZ,20260320,5.3925,12.7104,,1082813.892,
002990.SZ,20260320,8.5375,13.5771,,761989.7216,
688593.SH,20260320,3.8137,5.0828,,1409376.7066,
300326.SZ,20260320,0.9386,1.1457,,428773.5838,
002656.SZ,20260320,2.8698,3.611,,218031.0723,
002589.SZ,20260320,2.233,2.7282,,451413.1413,
002945.SZ,20260320,0.515,5.1498,,4271400.0,
600328.SH,20260320,3.5825,6.595,,1482438.9379,
600970.SH,20260320,0.6006,1.4576,,2666390.4559,
002892.SZ,20260320,1.4851,1.8164,,840582.3633,
000400.SZ,20260320,3.1338,5.0693,,2903073.4097,
603359.SH,20260320,2.2096,4.0964,,270334.176,
301028.SZ,20260320,1.1795,2.5923,,534597.1657,
002148.SZ,20260320,2.3256,2.4914,,421476.4468,
300220.SZ,20260320,2.4925,4.9637,,210016.8,
300655.SZ,20260320,2.5235,2.9704,,1589075.9602,
300013.SZ,20260320,4.9064,5.3799,,214968.1742,
688059.SH,20260320,1.813,2.8264,,1098954.5671,
688385.SH,20260320,1.8663,3.042,,5869780.6195,
002481.SZ,20260320,1.3323,2.2003,,558864.5145,
603049.SH,20260320,2.234,2.234,,4189660.5,
603866.SH,20260320,0.8215,2.2012,,807858.1733,
920837.BJ,20260320,1.0207,3.0454,,193585.5162,
002678.SZ,20260320,1.2283,7.4176,,709043.2086,
603233.SH,20260320,0.3489,0.8832,,2062453.8493,
300827.SZ,20260320,34.8309,43.2839,,2501215.2644,
688455.SH,20260320,0.9966,2.1561,,358913.5026,
301558.SZ,20260320,4.2059,4.2059,,657113.0688,
300912.SZ,20260320,6.0954,8.2885,,287779.41,
301511.SZ,20260320,5.9852,7.7383,,2271680.488,
688355.SH,20260320,2.1235,6.7359,,248036.1001,
600019.SH,20260320,0.4542,1.2386,,14310829.6801,
603507.SH,20260320,10.7368,14.3778,,700344.9666,
600886.SH,20260320,0.2631,0.8434,,11614521.1742,
688171.SH,20260320,1.0178,2.0864,,417359.0788,
002666.SZ,20260320,3.4741,4.5258,,433399.6156,
000409.SZ,20260320,1.7022,2.706,,705538.2757,
600395.SH,20260320,1.5549,3.3404,,1275095.187,
300906.SZ,20260320,1.6887,3.3958,,253280.0,
601890.SH,20260320,3.941,6.1291,,1018882.8,
301498.SZ,20260320,1.2092,2.4165,,2155745.2977,
300535.SZ,20260320,4.1652,5.1972,,213076.5472,
000533.SZ,20260320,28.7858,46.4519,,1157116.8,
003031.SZ,20260320,6.0306,13.3208,,3624209.7221,
002009.SZ,20260320,5.9517,7.2103,,966164.1632,
600106.SH,20260320,1.6445,2.2554,,721660.6087,
000586.SZ,20260320,5.7654,8.6356,,285710.88,
688013.SH,20260320,1.5237,3.1511,,301655.3652,
601800.SH,20260320,0.2288,1.121,,12922067.5147,
603568.SH,20260320,0.308,0.9607,,4473695.0023,
688425.SH,20260320,0.5688,2.0527,,2677415.494,
688428.SH,20260320,2.7006,2.7006,,4180441.5223,
002273.SZ,20260320,4.5635,5.0195,,3452939.8047,
600487.SH,20260320,5.2614,7.3259,,10600553.9206,
002881.SZ,20260320,2.386,3.3372,,1245475.6308,
301092.SZ,20260320,3.4799,5.7627,,448675.1721,
920720.BJ,20260320,2.1079,2.1812,,325816.3482,
600673.SH,20260320,3.2186,6.5857,,9528251.3168,
688733.SH,20260320,3.4005,4.6689,,537794.8115,
300143.SZ,20260320,4.2615,7.4601,,904588.086,
002298.SZ,20260320,17.3173,17.7991,,875551.1959,
300292.SZ,20260320,6.4018,6.8469,,644047.1875,
688258.SH,20260320,2.1641,3.4785,,1320450.3833,
688073.SH,20260320,1.314,2.0319,,484224.3469,
300855.SZ,20260320,1.9947,2.8258,,1396226.195,
301215.SZ,20260320,0.7593,2.6041,,827437.5,
002839.SZ,20260320,1.098,1.3877,,1112176.9632,
601916.SH,20260320,0.6701,1.008,,8486572.5126,
301632.SZ,20260320,4.9648,4.9648,,919994.88,
000949.SZ,20260320,4.8059,7.8119,,1153202.3457,
002380.SZ,20260320,3.9104,4.9885,,809971.8154,
603013.SH,20260320,0.451,2.2253,,1062178.8888,
603268.SH,20260320,2.419,2.8813,,11416352.8433,
603739.SH,20260320,2.5929,6.2442,,372964.5485,
301178.SZ,20260320,2.7756,3.3026,,322698.4656,
002446.SZ,20260320,3.7065,3.807,,893445.7466,
600515.SH,20260320,0.809,1.3491,,4227364.5527,
300148.SZ,20260320,4.25,4.8379,,365766.2349,
603878.SH,20260320,2.5973,4.2771,,441054.0774,
002443.SZ,20260320,2.7342,3.4735,,462756.0773,
301141.SZ,20260320,4.951,4.951,,605279.1124,
300886.SZ,20260320,5.6064,7.1454,,206517.278,
600050.SH,20260320,1.8112,4.2855,,14663015.4784,
300149.SZ,20260320,1.5775,1.7934,,479041.3603,
002197.SZ,20260320,4.551,5.2936,,507463.7785,
688270.SH,20260320,4.9912,7.0041,,3139922.9204,
300093.SZ,20260320,1.6969,2.1002,,1027620.0,
600026.SH,20260320,2.7479,7.5858,,12821408.0883,
002145.SZ,20260320,1.7609,2.6976,,1861462.6975,
300310.SZ,20260320,5.4232,5.4379,,565143.1184,
600338.SH,20260320,4.5215,4.8931,,1427082.0722,
300255.SZ,20260320,2.1877,3.1515,,3518165.041,
002116.SZ,20260320,1.2517,2.3641,,484891.605,
000959.SZ,20260320,0.6944,4.0004,,3722384.3376,
000027.SZ,20260320,1.2456,4.9868,,3425320.7395,
688685.SH,20260320,1.3238,2.0822,,645853.6315,
688191.SH,20260320,1.694,3.2592,,1116091.4827,
603976.SH,20260320,0.9647,3.3514,,285775.0875,
688063.SH,20260320,12.656,18.3487,,2048504.3699,
002217.SZ,20260320,2.1219,2.9958,,1884808.5299,
920689.BJ,20260320,5.8381,7.3385,,227833.6,
000532.SZ,20260320,1.887,3.5669,,479834.0093,
002326.SZ,20260320,4.6354,5.8235,,2009377.2254,
002808.SZ,20260320,3.899,4.3948,,118540.8,
603903.SH,20260320,1.4879,2.7012,,288255.6929,
300086.SZ,20260320,3.2983,4.6573,,373657.1414,
600298.SH,20260320,0.4511,0.7345,,3486669.518,
600509.SH,20260320,4.9523,7.5534,,1227336.8845,
920020.BJ,20260320,2.0835,2.0835,,357212.66,
002224.SZ,20260320,6.021,7.4362,,427603.1376,
002613.SZ,20260320,2.511,3.3046,,421517.809,
300711.SZ,20260320,1.9174,5.7286,,631647.4862,
003007.SZ,20260320,7.117,13.7396,,417462.0,
603337.SH,20260320,0.7694,2.2376,,2012362.9828,
300243.SZ,20260320,22.9591,25.1308,,360508.047,
688106.SH,20260320,11.9812,22.0662,,1403037.2506,
920300.BJ,20260320,3.2467,4.0321,,105506.1179,
001379.SZ,20260320,3.7736,3.8632,,429600.0,
000426.SZ,20260320,4.127,5.6795,,6990677.9044,
688235.SH,20260320,2.0643,2.0643,,35084858.2521,
002085.SZ,20260320,1.1041,1.8266,,3187069.5775,
600600.SH,20260320,0.6868,1.6022,,8534404.677,
000568.SZ,20260320,0.3469,0.7071,,15484829.4508,
605388.SH,20260320,0.8573,2.6182,,380106.372,
605255.SH,20260320,1.7072,6.8287,,1332352.96,
603618.SH,20260320,14.4583,30.8071,,1388282.2369,
600790.SH,20260320,0.7519,1.2327,,546740.0161,
603817.SH,20260320,17.0943,33.1152,,495403.0299,
002620.SZ,20260320,3.8698,5.4845,,257073.414,
603228.SH,20260320,2.2306,5.2346,,5706988.3969,
600100.SH,20260320,2.4432,3.5751,,2784097.3995,
600162.SH,20260320,1.0708,3.3328,,591587.3001,
920195.BJ,20260320,0.9715,1.7568,,191648.65,
002889.SZ,20260320,0.9922,2.2352,,509473.4197,
000012.SZ,20260320,1.6736,2.7571,,1384323.309,
301121.SZ,20260320,3.1999,3.94,,367632.932,
301056.SZ,20260320,1.4158,3.0994,,382305.2938,
600278.SH,20260320,0.6393,1.6824,,654808.5833,
601098.SH,20260320,0.4812,1.3628,,1954048.0,
000897.SZ,20260320,2.7847,3.5213,,346096.2581,
600567.SH,20260320,2.126,2.8392,,1002885.0757,
920475.BJ,20260320,1.0084,1.9929,,137946.9,
301280.SZ,20260320,2.0661,2.1986,,732594.4298,
920023.BJ,20260320,1.6682,1.8631,,128630.472,
301139.SZ,20260320,5.6549,6.3463,,213374.304,
688785.SH,20260320,6.0123,6.0123,,1931529.1586,
301218.SZ,20260320,5.7052,6.994,,387736.0,
920866.BJ,20260320,1.0765,1.5701,,140560.602,
002484.SZ,20260320,2.0087,3.138,,2376363.8912,
688051.SH,20260320,1.6693,3.94,,245071.446,
601138.SH,20260320,0.7778,4.7803,,99886724.7784,
300813.SZ,20260320,15.6632,24.5011,,341902.9968,
600238.SH,20260320,1.6321,2.0062,,229478.4,
601975.SH,20260320,6.133,8.8585,,2115515.7945,
300618.SZ,20260320,3.6395,4.5955,,1308470.2095,
002671.SZ,20260320,2.6876,4.5363,,304705.4532,
000923.SZ,20260320,2.2899,3.638,,1217992.2412,
002427.SZ,20260320,5.3699,13.4769,,661225.3934,
601799.SH,20260320,1.0001,2.1881,,3545281.5898,
300357.SZ,20260320,1.6194,2.9263,,1309483.584,
002639.SZ,20260320,7.2595,7.7206,,1351281.2093,
688630.SH,20260320,5.3284,8.2897,,2309414.7515,
301591.SZ,20260320,7.0081,7.0081,,343630.2,
300391.SZ,20260320,34.18,43.3494,,15414.7889,
002947.SZ,20260320,4.2243,4.98,,1236210.0462,
603015.SH,20260320,1.3221,2.6442,,517400.32,
301176.SZ,20260320,11.2179,11.2179,,460875.7342,
301059.SZ,20260320,2.2477,7.147,,314831.748,
600768.SH,20260320,4.2844,6.8276,,214263.0144,
300051.SZ,20260320,18.1588,22.6402,,414055.689,
002028.SZ,20260320,1.6784,1.8514,,15910738.3604,
002965.SZ,20260320,2.1315,2.3284,,801448.6842,
300635.SZ,20260320,4.807,5.6095,,176137.612,
300643.SZ,20260320,4.6451,8.2262,,414406.3544,
300207.SZ,20260320,7.2885,9.5271,,5062047.102,
601995.SH,20260320,0.5407,1.6009,,16306473.7001,
603019.SH,20260320,2.7054,3.2394,,12255057.8068,
300072.SZ,20260320,6.3083,10.0951,,1226553.9976,
000825.SZ,20260320,0.8386,2.2859,,2540526.517,
300332.SZ,20260320,25.2421,30.4539,,587443.6067,
301045.SZ,20260320,5.3266,5.767,,485842.0486,
688116.SH,20260320,2.2418,2.5747,,1495450.6457,
300181.SZ,20260320,1.9177,2.0269,,1120816.9613,
603637.SH,20260320,4.0629,5.157,,284274.8795,
000968.SZ,20260320,15.0366,34.803,,996527.7398,
605179.SH,20260320,0.6504,3.1233,,698141.0,
600089.SH,20260320,3.2978,4.0236,,14152871.9914,
600756.SH,20260320,8.76,10.8272,,597165.9101,
300327.SZ,20260320,2.4785,3.243,,853766.8002,
002679.SZ,20260320,1.8611,5.1168,,249665.604,
603313.SH,20260320,1.2664,2.3249,,473587.1146,
688605.SH,20260320,2.1618,2.6685,,1171576.9864,
301047.SZ,20260320,0.6015,1.586,,856322.6637,
002176.SZ,20260320,3.0134,3.633,,1566406.8834,
300829.SZ,20260320,7.4188,7.7111,,453413.8385,
000970.SZ,20260320,2.1988,2.9146,,1444282.2183,
600692.SH,20260320,3.288,3.5316,,273320.6777,
603113.SH,20260320,4.0018,7.9419,,613458.7154,
688237.SH,20260320,1.1179,2.5065,,436751.1062,
000821.SZ,20260320,5.435,7.0667,,812851.5853,
002782.SZ,20260320,2.6671,6.4315,,1128318.1296,
920116.BJ,20260320,1.4234,4.934,,1423435.475,
000567.SZ,20260320,0.6247,2.5462,,1032024.6578,
300402.SZ,20260320,1.776,3.9126,,479760.7262,
002849.SZ,20260320,3.4311,4.3993,,357206.4719,
002358.SZ,20260320,4.607,5.8679,,709404.5735,
300141.SZ,20260320,3.0281,6.3179,,345253.9194,
601288.SH,20260320,0.1156,1.289,,236588530.8981,
600612.SH,20260320,0.4832,1.5807,,2163091.9541,
002248.SZ,20260320,5.0332,6.1012,,380679.5528,
300376.SZ,20260320,1.0844,2.2469,,1636753.0546,
600686.SH,20260320,1.9051,3.4637,,1141539.4879,
000623.SZ,20260320,0.7903,1.0894,,2150219.9058,
300045.SZ,20260320,3.3694,3.6457,,1489031.2553,
000518.SZ,20260320,2.7143,4.1862,,300630.4168,
600167.SH,20260320,1.2424,4.1706,,1538731.5148,
603299.SH,20260320,1.2112,3.2552,,1068721.7701,
002108.SZ,20260320,3.232,4.0286,,753409.3801,
300079.SZ,20260320,3.9803,4.0874,,782889.406,
600025.SH,20260320,0.1295,1.2947,,19059609.4249,
688132.SH,20260320,1.7429,2.2861,,256956.1444,
688259.SH,20260320,2.0995,3.8626,,405582.7,
301316.SZ,20260320,2.8514,5.1678,,1735180.0,
601116.SH,20260320,1.8904,5.0882,,764559.0464,
605016.SH,20260320,0.7668,1.7659,,976528.644,
600148.SH,20260320,1.3051,2.5589,,255578.7087,
002352.SZ,20260320,0.5025,1.038,,18540064.4747,
688312.SH,20260320,4.2874,8.0853,,697369.4973,
300577.SZ,20260320,0.7264,1.0021,,448973.4544,
000912.SZ,20260320,7.5314,14.926,,787136.0,
600094.SH,20260320,0.9098,1.4148,,943929.7183,
002778.SZ,20260320,2.1642,3.0798,,250255.1198,
300894.SZ,20260320,1.6768,3.0587,,427408.7639,
000011.SZ,20260320,1.5381,4.3296,,519693.7682,
600941.SH,20260320,1.6197,1.6995,,208419038.5296,
002918.SZ,20260320,2.4721,3.751,,502831.8462,
002592.SZ,20260320,1.362,2.1581,,269731.2615,
002396.SZ,20260320,3.8354,5.218,,1631160.8479,
300304.SZ,20260320,1.8666,3.2331,,1131049.1088,
300935.SZ,20260320,6.1531,8.7953,,240754.3911,
920932.BJ,20260320,1.3066,1.7741,,162134.1887,
301107.SZ,20260320,2.9253,5.6522,,285951.391,
600010.SH,20260320,2.4067,3.787,,11503309.3144,
600861.SH,20260320,0.794,1.2916,,925594.2939,
300560.SZ,20260320,4.0156,5.0334,,338871.8425,
601958.SH,20260320,1.6951,6.1321,,6111188.7336,
000701.SZ,20260320,2.0889,3.5058,,380938.4704,
601208.SH,20260320,3.4337,4.465,,3107322.7327,
601026.SH,20260320,9.2836,9.2836,,1353088.8,
002425.SZ,20260320,1.4461,1.8006,,319526.132,
688271.SH,20260320,0.4444,0.8715,,9392104.4312,
600592.SH,20260320,2.0844,3.3538,,802303.5706,
600997.SH,20260320,1.6133,5.2517,,1017779.7045,
603176.SH,20260320,1.4463,4.6017,,252350.8757,
600216.SH,20260320,3.3876,5.4344,,1461689.38,
600419.SH,20260320,1.2993,2.0754,,285538.2523,
603758.SH,20260320,0.9876,2.8024,,573068.946,
688648.SH,20260320,2.2894,2.601,,786760.0,
300403.SZ,20260320,2.1638,2.5587,,707922.0,
301105.SZ,20260320,5.2845,5.2845,,273900.0,
301611.SZ,20260320,6.9561,7.3329,,4255796.0,
000885.SZ,20260320,1.0287,3.6538,,880289.2876,
605098.SH,20260320,1.0897,2.6532,,617362.9447,
301568.SZ,20260320,9.8663,9.8663,,528476.4912,
301095.SZ,20260320,2.1443,3.4127,,1376131.3556,
002400.SZ,20260320,3.5182,4.3471,,1521933.3127,
600984.SH,20260320,2.7313,4.4859,,488990.0868,
603605.SH,20260320,0.9881,1.9601,,2574635.939,
600986.SH,20260320,7.0039,8.082,,1476962.4436,
600848.SH,20260320,0.3502,0.9294,,2557801.8221,
603456.SH,20260320,1.098,1.9731,,1442681.4574,
000988.SZ,20260320,14.5927,18.0178,,11671875.4229,
603025.SH,20260320,0.5481,3.0949,,1690615.3263,
600023.SH,20260320,0.5335,1.9896,,7280941.8827,
002683.SZ,20260320,1.6432,1.6894,,3014464.0449,
600212.SH,20260320,2.1279,2.4752,,525296.0589,
300877.SZ,20260320,3.1138,6.2825,,311880.0,
600822.SH,20260320,0.7053,1.7731,,492005.1307,
000637.SZ,20260320,5.1701,6.5466,,233943.9102,
688513.SH,20260320,0.668,1.2692,,1029712.6492,
688556.SH,20260320,6.5239,8.4176,,1245330.1271,
603277.SH,20260320,0.1832,0.8609,,903365.377,
001965.SZ,20260320,0.1964,0.7409,,6944587.0818,
600120.SH,20260320,1.364,2.721,,2011659.6988,
603098.SH,20260320,4.1055,11.9035,,932061.862,
600603.SH,20260320,2.6406,6.1726,,940343.371,
000925.SZ,20260320,2.3485,2.3485,,492397.2566,
688326.SH,20260320,1.7438,3.287,,1444568.9222,
605222.SH,20260320,3.3946,9.0804,,830348.1301,
688536.SH,20260320,3.2963,5.127,,2429906.6315,
000505.SZ,20260320,3.5682,7.8672,,492145.3199,
688203.SH,20260320,1.3053,2.3344,,239565.4764,
300722.SZ,20260320,1.1289,3.306,,793460.8282,
688981.SH,20260320,1.9069,2.1187,,81758879.6151,
300584.SZ,20260320,4.1473,5.921,,484800.0,
003040.SZ,20260320,1.644,3.1444,,749345.9545,
688032.SH,20260320,7.0794,19.2244,,1662585.503,
605128.SH,20260320,1.2689,2.014,,716182.4908,
000983.SZ,20260320,1.1731,2.7466,,3917199.7307,
688338.SH,20260320,1.1674,1.9456,,313438.5072,
002638.SZ,20260320,8.155,11.8367,,541596.0696,
301195.SZ,20260320,3.8698,8.1311,,450226.0846,
002081.SZ,20260320,0.9251,1.828,,897499.4069,
300423.SZ,20260320,7.5771,9.0176,,439302.4691,
603102.SH,20260320,1.1136,1.9872,,261632.0,
300359.SZ,20260320,1.628,2.58,,322366.7118,
002452.SZ,20260320,4.7393,4.9773,,684226.2898,
688088.SH,20260320,1.2803,2.1684,,1680502.8056,
002853.SZ,20260320,2.3655,3.567,,458753.1976,
000720.SZ,20260320,5.2593,9.0204,,493816.9074,
000969.SZ,20260320,2.3295,3.6238,,2117847.1044,
603585.SH,20260320,1.7622,5.587,,347805.5039,
600728.SH,20260320,1.6371,1.9452,,1258233.564,
688362.SH,20260320,2.2076,3.6303,,1513040.4486,
300791.SZ,20260320,0.5655,1.3415,,611577.71,
002821.SZ,20260320,0.7708,1.2322,,3428312.215,
601127.SH,20260320,0.9017,1.9018,,17378043.2179,
000516.SZ,20260320,2.3133,3.3373,,1088103.822,
000902.SZ,20260320,1.5221,3.1226,,2030159.0862,
600746.SH,20260320,3.5184,14.1754,,948288.4218,
603773.SH,20260320,5.4855,8.873,,828541.0385,
301072.SZ,20260320,2.7356,5.4048,,230996.121,
600004.SH,20260320,0.4596,1.0739,,2329829.1166,
300901.SZ,20260320,0.7298,1.7765,,387840.0,
600590.SH,20260320,10.4656,16.1973,,1233249.6585,
601083.SH,20260320,6.3889,6.3889,,1540002.8,
920370.BJ,20260320,1.1069,2.1456,,105099.1701,
688766.SH,20260320,5.3236,8.6135,,4145522.9051,
000099.SZ,20260320,1.6885,2.7514,,1450690.1562,
300014.SZ,20260320,6.5615,10.3319,,14684777.6146,
301335.SZ,20260320,3.241,3.241,,322079.3064,
920108.BJ,20260320,1.0362,1.7585,,190969.8,
688652.SH,20260320,2.4356,2.9231,,1712928.0,
688671.SH,20260320,4.2762,5.1795,,171171.202,
603186.SH,20260320,4.9086,7.7968,,981508.6427,
688767.SH,20260320,0.6314,1.4047,,498026.6689,
688522.SH,20260320,2.3396,2.38,,1089572.1992,
300660.SZ,20260320,1.0377,2.8172,,1915980.1082,
301269.SZ,20260320,0.6756,1.8613,,4690763.4288,
301256.SZ,20260320,2.491,9.6166,,630240.0,
920566.BJ,20260320,1.239,1.3629,,148372.6476,
301085.SZ,20260320,12.7371,20.7714,,549984.2282,
688261.SH,20260320,2.4304,4.82,,931814.96,
920779.BJ,20260320,15.7386,15.7386,,285706.601,
920086.BJ,20260320,20.1975,20.1975,,292963.68,
002044.SZ,20260320,1.7666,2.3339,,2262438.7675,
000151.SZ,20260320,1.314,1.9921,,409905.4345,
688508.SH,20260320,2.2719,2.9953,,785235.8691,
002903.SZ,20260320,9.2788,10.7719,,425121.674,
300952.SZ,20260320,4.4724,6.2138,,629424.0195,
000948.SZ,20260320,1.1285,1.7531,,609786.0425,
603889.SH,20260320,0.7909,1.4399,,576824.38,
002438.SZ,20260320,4.7342,5.9431,,842512.1853,
301155.SZ,20260320,5.8544,8.2395,,1856958.0051,
300786.SZ,20260320,3.474,3.7534,,270319.3263,
601112.SH,20260320,13.0219,13.0219,,3525982.2595,
301166.SZ,20260320,8.8449,12.1993,,278286.6709,
920128.BJ,20260320,2.4962,3.9277,,214016.84,
920970.BJ,20260320,3.1525,4.0614,,76341.7512,
601997.SH,20260320,0.832,1.1101,,2113282.4879,
600201.SH,20260320,3.2284,3.7162,,1623151.826,
002399.SZ,20260320,0.4066,1.8215,,1614025.8244,
000630.SZ,20260320,2.8295,4.3207,,7992045.02,
002899.SZ,20260320,1.921,2.7205,,452406.5435,
002780.SZ,20260320,4.3291,4.6179,,241262.7393,
000999.SZ,20260320,1.275,3.4722,,4929413.2954,
688160.SH,20260320,1.2175,3.0387,,961095.5717,
600713.SH,20260320,0.6252,1.422,,676717.9552,
002213.SZ,20260320,13.5707,16.8389,,692031.0569,
603071.SH,20260320,0.8665,2.9937,,804570.3054,
000531.SZ,20260320,4.7018,9.8686,,765429.979,
920169.BJ,20260320,2.5346,4.0797,,237471.4645,
301578.SZ,20260320,5.1596,5.1596,,270450.0127,
300111.SZ,20260320,2.5784,3.6824,,518745.9177,
300607.SZ,20260320,2.4778,2.7806,,1191954.0576,
002011.SZ,20260320,1.3794,2.512,,1327226.2667,
601998.SH,20260320,0.2114,2.212,,44349194.3244,
002413.SZ,20260320,8.4849,8.4849,,1687436.7873,
300145.SZ,20260320,4.6341,6.7914,,923636.4193,
002690.SZ,20260320,1.003,1.4531,,1610067.7425,
002244.SZ,20260320,0.5961,1.431,,3173672.7678,
300753.SZ,20260320,7.0115,8.1534,,368438.304,
605155.SH,20260320,2.7803,7.2867,,296894.6512,
300037.SZ,20260320,5.0068,5.8586,,4270176.0097,
002403.SZ,20260320,1.4134,3.0601,,366527.111,
001217.SZ,20260320,2.5518,6.9124,,402226.44,
000680.SZ,20260320,2.1866,3.2035,,1606652.7375,
605318.SH,20260320,2.0762,7.3061,,907637.8531,
603231.SH,20260320,2.477,3.1077,,331798.629,
300967.SZ,20260320,3.7916,5.8576,,346068.9009,
301328.SZ,20260320,1.0282,3.2383,,531994.8886,
301027.SZ,20260320,12.0369,12.9705,,324723.0,
300969.SZ,20260320,2.8951,4.9886,,1455921.7324,
301039.SZ,20260320,1.1154,2.5702,,1578012.7616,
600371.SH,20260320,4.9055,9.573,,254835.438,
300674.SZ,20260320,1.7989,2.369,,1432756.1171,
600704.SH,20260320,1.0678,1.8823,,2694184.7227,
300539.SZ,20260320,2.3067,3.7166,,730038.1026,
000581.SZ,20260320,1.6839,2.8724,,2128862.096,
003002.SZ,20260320,1.2164,2.3298,,503800.0,
603709.SH,20260320,1.819,5.1685,,212061.8504,
002092.SZ,20260320,5.4243,7.7106,,1846683.9156,
603661.SH,20260320,0.4439,1.5586,,432776.6005,
601992.SH,20260320,1.1279,3.1377,,1932676.5753,
688550.SH,20260320,1.1444,1.9376,,702331.5295,
920396.BJ,20260320,3.6538,5.6321,,230240.9816,
001215.SZ,20260320,2.7835,4.7344,,356578.8368,
300211.SZ,20260320,1.1548,2.1146,,249526.3026,
300071.SZ,20260320,3.8556,5.0908,,483869.9367,
000608.SZ,20260320,3.4884,4.9944,,295465.8437,
002687.SZ,20260320,3.1875,4.474,,244313.2736,
300785.SZ,20260320,7.6505,9.4368,,960470.8237,
600831.SH,20260320,1.7304,2.444,,276558.3799,
603800.SH,20260320,1.2388,2.3371,,766064.0,
300740.SZ,20260320,2.3177,3.9831,,791820.5999,
603822.SH,20260320,1.2227,1.9991,,756734.9771,
