ts_code,trade_date,turnover_rate,turnover_rate_f,volume_ratio,total_mv,float_mv
300705.SZ,20260304,1.6734,2.3049,,726923.0061,
002624.SZ,20260304,2.9242,3.9737,,3963355.4494,
000987.SZ,20260304,0.96,3.7573,,4495350.686,
002265.SZ,20260304,0.955,4.3513,,2453470.9666,
603901.SH,20260304,1.4274,2.8713,,683416.0958,
001366.SZ,20260304,7.2353,7.2353,,221577.72,
601608.SH,20260304,1.4108,3.9607,,3297278.4746,
000886.SZ,20260304,1.83,2.5075,,610107.0611,
601968.SH,20260304,1.0337,2.2347,,723366.9538,
000801.SZ,20260304,2.4646,4.8217,,1644413.4601,
601021.SH,20260304,0.7774,1.761,,4922973.7845,
000665.SZ,20260304,1.6246,2.7471,,577671.9435,
688545.SH,20260304,3.2377,3.7524,,1953360.0,
688295.SH,20260304,0.5579,3.2681,,2722500.0,
688626.SH,20260304,1.3428,4.1423,,985760.0,
688775.SH,20260304,3.1829,3.1829,,8308720.0,
300900.SZ,20260304,13.2332,13.6811,,1222387.479,
603798.SH,20260304,4.4611,9.4872,,390316.3673,
600862.SH,20260304,1.7352,3.1277,,3578743.1559,
300159.SZ,20260304,1.1808,1.3177,,1029901.7827,
000034.SZ,20260304,3.4356,3.6705,,2717256.9223,
600721.SH,20260304,2.021,2.6797,,333402.7995,
002608.SZ,20260304,0.6869,3.9089,,3071578.7994,
920509.BJ,20260304,1.7368,2.5381,,530932.4652,
600641.SH,20260304,2.3256,3.3283,,1681648.2654,
600993.SH,20260304,0.864,1.3198,,1124188.5477,
601139.SH,20260304,4.537,18.5534,,2100021.9717,
300410.SZ,20260304,3.9586,5.0833,,317554.2994,
300301.SZ,20260304,2.6491,2.864,,229873.649,
300285.SZ,20260304,5.2584,5.5088,,3511604.1091,
300458.SZ,20260304,1.9315,2.2756,,3144878.3254,
605090.SH,20260304,4.7329,9.3294,,3463944.3811,
688686.SH,20260304,1.1005,3.9531,,1222354.55,
002057.SZ,20260304,2.5108,3.7526,,842841.9833,
002233.SZ,20260304,0.9539,1.7347,,1109572.2301,
300958.SZ,20260304,4.0442,4.3163,,216609.9522,
603888.SH,20260304,1.8509,4.8994,,1427071.2253,
300802.SZ,20260304,4.3601,6.0318,,571565.4491,
000401.SZ,20260304,0.7257,2.0097,,1337083.0393,
600191.SH,20260304,1.5497,3.3203,,613438.98,
300355.SZ,20260304,8.0659,8.6321,,697845.3052,
920299.BJ,20260304,31.0421,44.5931,,284384.8751,
300476.SZ,20260304,3.6865,5.3482,,25009237.7052,
300416.SZ,20260304,2.5768,3.6918,,860971.4356,
600250.SH,20260304,2.1544,4.5497,,335937.9679,
605358.SH,20260304,2.8739,3.8488,,2492824.2713,
603682.SH,20260304,3.1218,7.4328,,352485.0,
605289.SH,20260304,4.8821,9.8423,,1429960.385,
301518.SZ,20260304,5.4294,5.5161,,671050.8727,
688298.SH,20260304,0.7362,1.4312,,455414.4,
603505.SH,20260304,2.1365,4.7157,,1807062.9415,
600573.SH,20260304,2.6835,5.3753,,295750.0,
300249.SZ,20260304,15.4732,19.3936,,820188.6448,
000059.SZ,20260304,5.9977,11.3242,,983657.1603,
600830.SH,20260304,2.0286,2.9604,,421611.5092,
688061.SH,20260304,2.7815,2.7815,,390623.9294,
600868.SH,20260304,5.6954,6.1332,,713703.9033,
605168.SH,20260304,1.7845,3.8696,,730059.2225,
920971.BJ,20260304,2.0732,4.0263,,298449.9257,
002202.SZ,20260304,6.3003,9.3553,,11408453.1355,
600052.SH,20260304,1.2503,2.0472,,356250.1807,
601577.SH,20260304,0.6428,1.1004,,3816454.5125,
301035.SZ,20260304,0.5232,1.6093,,2157163.3932,
600125.SH,20260304,3.4656,4.9513,,844672.6525,
002535.SZ,20260304,1.6556,2.5497,,294217.6882,
002242.SZ,20260304,1.1425,3.5196,,732496.32,
603217.SH,20260304,1.4788,3.9237,,504404.3424,
600308.SH,20260304,2.0418,3.3907,,634051.7336,
605188.SH,20260304,1.0772,6.159,,854009.45,
920005.BJ,20260304,1.6131,1.6131,,313740.0,
300048.SZ,20260304,5.4441,6.6826,,881200.2358,
002976.SZ,20260304,2.8594,4.5197,,395958.3171,
300030.SZ,20260304,2.3488,3.0289,,245494.7281,
300387.SZ,20260304,6.6721,10.9696,,278072.8513,
603687.SH,20260304,1.695,3.3601,,573683.2342,
002722.SZ,20260304,2.093,3.48,,336671.2231,
301297.SZ,20260304,2.5206,5.6139,,2595211.0922,
002111.SZ,20260304,2.1503,3.1468,,560206.9417,
600229.SH,20260304,0.918,2.4119,,405013.8716,
920351.BJ,20260304,20.0705,22.6341,,221497.1645,
688099.SH,20260304,2.1161,2.6081,,3624130.0999,
300352.SZ,20260304,3.5227,3.6813,,961233.3697,
600248.SH,20260304,1.1435,3.5771,,1327606.0265,
605066.SH,20260304,5.0728,8.6575,,433075.6073,
301502.SZ,20260304,5.7248,7.7145,,250482.398,
003018.SZ,20260304,22.3394,29.0132,,754000.0,
301601.SZ,20260304,1.6818,2.5518,,374941.12,
603556.SH,20260304,0.9361,2.8682,,1859474.1861,
002727.SZ,20260304,1.9309,2.4306,,750158.8841,
002959.SZ,20260304,1.0987,1.3678,,644059.9464,
688435.SH,20260304,6.342,7.1768,,412323.0,
001270.SZ,20260304,3.3322,6.3139,,2548404.636,
002159.SZ,20260304,6.1326,8.9361,,346269.4877,
688127.SH,20260304,2.1008,4.2338,,2099708.8021,
603192.SH,20260304,1.3303,4.4254,,361473.7634,
603893.SH,20260304,1.0293,2.1561,,6954234.42,
688257.SH,20260304,2.4451,3.3202,,1803206.3526,
300340.SZ,20260304,2.1351,3.0373,,317117.437,
000880.SZ,20260304,9.3355,9.3355,,1434220.6133,
605286.SH,20260304,0.7299,2.654,,649152.0,
603291.SH,20260304,5.4004,8.4121,,483741.1504,
000779.SZ,20260304,4.3189,7.91,,444376.9561,
301024.SZ,20260304,1.9711,6.9736,,245247.345,
300063.SZ,20260304,6.9729,7.7394,,932988.3945,
002864.SZ,20260304,4.3046,4.9353,,355934.935,
002549.SZ,20260304,7.2468,13.1369,,1480395.6812,
002373.SZ,20260304,2.4669,3.3939,,1648136.3082,
603860.SH,20260304,1.9166,3.5651,,208308.32,
002003.SZ,20260304,2.6017,3.842,,1186511.8737,
603230.SH,20260304,0.6506,2.2998,,405137.358,
301289.SZ,20260304,0.8684,3.5419,,437502.0,
000920.SZ,20260304,1.2229,2.6187,,585577.5652,
300019.SZ,20260304,3.6115,6.0707,,818468.9694,
300024.SZ,20260304,1.6741,2.2502,,2544132.4188,
920061.BJ,20260304,2.4316,4.4319,,200335.7,
300772.SZ,20260304,1.4336,2.3989,,1487929.0102,
600392.SH,20260304,6.7603,9.1652,,4960499.1931,
600475.SH,20260304,2.6597,8.455,,1993188.545,
688543.SH,20260304,19.2902,19.2902,,1722737.889,
000898.SZ,20260304,0.961,3.7201,,2426628.3058,
600546.SH,20260304,2.82,6.6995,,2357140.3505,
301231.SZ,20260304,7.717,7.717,,291939.6,
301551.SZ,20260304,2.0644,2.4869,,1299632.49,
600961.SH,20260304,4.938,7.9535,,2486918.9256,
603596.SH,20260304,1.9535,3.132,,3159928.5985,
301137.SZ,20260304,3.6428,10.4873,,974156.1972,
605122.SH,20260304,1.3307,4.0086,,227851.988,
301012.SZ,20260304,4.2066,6.5943,,552276.2942,
600828.SH,20260304,2.1184,14.1557,,1028797.6323,
600165.SH,20260304,0.6911,1.9402,,602724.6481,
000682.SZ,20260304,2.1975,3.753,,1852884.7237,
920110.BJ,20260304,1.111,1.6764,,143715.0,
688565.SH,20260304,3.308,5.0818,,202135.5,
002721.SZ,20260304,1.5623,2.2348,,843023.021,
603583.SH,20260304,1.2142,2.542,,1315478.9566,
600108.SH,20260304,18.6726,25.9643,,1029918.099,
600583.SH,20260304,8.9557,20.0746,,3612246.8716,
603308.SH,20260304,4.3876,6.6949,,4386575.4089,
688135.SH,20260304,3.2033,4.515,,630298.1158,
300626.SZ,20260304,2.4707,4.263,,334440.0,
300093.SZ,20260304,0.8671,1.0731,,862920.0,
600026.SH,20260304,7.2754,20.0843,,13001760.376,
002145.SZ,20260304,3.2617,4.9967,,2059409.651,
300310.SZ,20260304,4.067,4.078,,551918.2404,
600338.SH,20260304,4.825,5.2216,,1661119.8753,
300255.SZ,20260304,2.7274,3.9289,,3850865.0788,
002116.SZ,20260304,1.2416,2.3449,,498399.6324,
000959.SZ,20260304,0.3826,2.2039,,4249722.1188,
000027.SZ,20260304,1.0758,4.307,,3320658.1614,
688685.SH,20260304,3.0234,4.7555,,738663.885,
688191.SH,20260304,4.7973,9.2297,,1163116.5078,
603976.SH,20260304,0.8193,2.8464,,294998.5163,
688063.SH,20260304,5.6032,8.3305,,1701566.3918,
002217.SZ,20260304,1.4441,2.3062,,2086752.3009,
920689.BJ,20260304,2.9787,3.7442,,237302.2,
000532.SZ,20260304,2.5043,4.7338,,496380.0096,
002326.SZ,20260304,3.733,4.6899,,2069510.5217,
002808.SZ,20260304,3.3311,3.7546,,124454.4,
603903.SH,20260304,1.9317,3.5067,,307659.9734,
300086.SZ,20260304,3.7391,5.2796,,401419.7305,
600298.SH,20260304,0.9165,1.4922,,3664605.1046,
600509.SH,20260304,3.7107,5.6597,,1221839.2948,
920020.BJ,20260304,2.7245,2.7245,,374133.75,
002224.SZ,20260304,2.5982,3.2089,,409560.8111,
002613.SZ,20260304,2.1649,2.8491,,438026.3394,
300711.SZ,20260304,4.7884,14.3065,,666531.3711,
003007.SZ,20260304,5.7885,11.1749,,447295.26,
603337.SH,20260304,0.936,2.7221,,1911840.116,
300243.SZ,20260304,4.612,5.0497,,288992.6772,
688106.SH,20260304,9.225,16.9899,,1217475.8142,
920300.BJ,20260304,1.3788,1.7124,,117267.1741,
001379.SZ,20260304,5.0585,5.1786,,445800.0,
000426.SZ,20260304,4.4932,6.1834,,9197793.128,
688235.SH,20260304,2.6323,2.6323,,35636608.6171,
002085.SZ,20260304,2.7005,4.4674,,3416385.7097,
688332.SH,20260304,1.6643,4.4348,,1554751.9944,
301376.SZ,20260304,1.6262,2.1706,,694661.4509,
300488.SZ,20260304,3.1498,8.626,,628562.0699,
301185.SZ,20260304,2.3474,3.2749,,302232.672,
600029.SH,20260304,0.748,2.4752,,12068535.5858,
000519.SZ,20260304,8.5529,14.6071,,2881204.5338,
002379.SZ,20260304,3.0385,3.9449,,39575505.9795,
920009.BJ,20260304,1.6185,1.6185,,405787.14,
300649.SZ,20260304,2.7191,3.3735,,186177.7523,
920132.BJ,20260304,12.2394,14.0874,,153224.4,
688418.SH,20260304,3.1025,4.5412,,739987.4585,
605008.SH,20260304,0.3383,1.934,,803577.243,
603777.SH,20260304,3.5106,8.9545,,427394.0841,
000596.SZ,20260304,0.9417,2.8046,,5873803.2,
600195.SH,20260304,4.6684,9.5273,,822024.3493,
600456.SH,20260304,3.7553,7.4214,,1935476.8105,
300680.SZ,20260304,3.1076,3.4396,,1006960.4969,
603213.SH,20260304,0.6625,2.7525,,604176.2093,
301567.SZ,20260304,7.1622,7.1622,,343296.0,
000895.SZ,20260304,0.3065,1.0335,,9215998.8266,
603882.SH,20260304,1.7099,2.8673,,1290637.5542,
000590.SZ,20260304,2.1775,3.8607,,272997.2444,
301380.SZ,20260304,2.6425,4.7216,,338752.1187,
600219.SH,20260304,4.8418,9.2941,,8911352.4098,
000731.SZ,20260304,12.7453,14.6714,,427535.3761,
688046.SH,20260304,1.4565,2.9692,,597780.0,
000818.SZ,20260304,4.1244,5.6571,,1430880.0846,
603155.SH,20260304,7.1634,28.0708,,606310.656,
301327.SZ,20260304,5.0379,7.9816,,1022921.0343,
002080.SZ,20260304,1.7623,4.4323,,7828446.5194,
300715.SZ,20260304,5.6916,9.3529,,565192.8679,
603968.SH,20260304,5.2726,10.2075,,297927.36,
688081.SH,20260304,2.4799,5.0287,,421742.72,
600876.SH,20260304,1.4971,3.8902,,679250.0611,
300990.SZ,20260304,4.6827,7.2416,,1508260.8443,
000656.SZ,20260304,1.0008,1.6541,,1456869.1836,
002931.SZ,20260304,6.594,12.8159,,1756568.5764,
600391.SH,20260304,5.2854,8.2609,,1598156.2656,
300065.SZ,20260304,20.7214,21.4242,,2012372.7172,
600698.SH,20260304,1.6829,3.2323,,855978.8233,
002836.SZ,20260304,1.5969,4.0717,,315878.4,
300673.SZ,20260304,1.6216,2.1132,,403355.8495,
603009.SH,20260304,5.7782,9.5959,,1861845.2556,
600662.SH,20260304,0.7441,2.6253,,1258185.0136,
002562.SZ,20260304,7.3601,8.2393,,759976.5748,
300459.SZ,20260304,2.3731,2.4309,,1564535.8679,
002180.SZ,20260304,0.6836,0.988,,2732851.29,
300833.SZ,20260304,2.0171,4.3421,,496601.703,
600218.SH,20260304,2.1489,3.2716,,448667.9166,
601106.SH,20260304,1.6558,4.1269,,3250589.1074,
002598.SZ,20260304,2.389,3.7197,,297068.882,
688197.SH,20260304,3.1409,3.6049,,555318.0268,
688478.SH,20260304,2.1463,3.2906,,484558.0682,
600785.SH,20260304,3.4363,5.9371,,432535.1638,
603123.SH,20260304,10.7615,21.6361,,1111841.4377,
600633.SH,20260304,2.4093,4.706,,1638352.2178,
003038.SZ,20260304,4.2048,5.0775,,410627.364,
301301.SZ,20260304,2.1664,2.1664,,2437482.905,
688292.SH,20260304,2.5006,4.3986,,416298.9111,
603912.SH,20260304,6.0545,10.7368,,519085.5135,
688276.SH,20260304,0.3777,1.1344,,766507.5291,
002901.SZ,20260304,0.8365,3.2956,,1879648.5572,
002544.SZ,20260304,1.7974,2.787,,1974228.8149,
603330.SH,20260304,2.1654,3.3393,,326235.9313,
601375.SH,20260304,1.9033,2.5002,,1945368.6893,
301575.SZ,20260304,3.8629,3.8629,,415235.97,
688082.SH,20260304,0.5794,3.0285,,7600048.2803,
920015.BJ,20260304,2.6673,2.6673,,636214.3682,
002462.SZ,20260304,1.8194,2.5445,,432601.659,
300055.SZ,20260304,10.6799,11.9635,,837586.3556,
603983.SH,20260304,0.5356,2.7894,,1130018.0,
688517.SH,20260304,3.5712,5.9793,,246996.6367,
300494.SZ,20260304,2.9939,3.2374,,586159.5408,
300010.SZ,20260304,2.9121,2.9568,,1425962.7347,
688286.SH,20260304,3.3746,4.1748,,398697.0985,
603179.SH,20260304,2.2849,3.5363,,3882689.9476,
002414.SZ,20260304,2.4999,5.384,,6231003.9816,
002021.SZ,20260304,5.7086,7.1076,,412439.6764,
002755.SZ,20260304,0.6937,2.2917,,1316131.3777,
300278.SZ,20260304,1.6555,2.3605,,728151.5516,
688069.SH,20260304,1.3598,2.5914,,282387.0,
688695.SH,20260304,2.4794,3.1247,,222749.559,
688601.SH,20260304,3.1392,5.004,,645735.741,
603315.SH,20260304,3.654,7.5755,,510984.1911,
688299.SH,20260304,3.5124,4.3519,,546046.4986,
300975.SZ,20260304,5.83,7.5133,,1006463.2099,
300941.SZ,20260304,3.1604,3.7784,,432841.5,
920896.BJ,20260304,1.4357,2.4781,,193743.1954,
600426.SH,20260304,1.765,2.6007,,8567058.1812,
002942.SZ,20260304,2.2258,6.6785,,325587.2158,
002040.SZ,20260304,12.8739,39.4879,,578217.1772,
688185.SH,20260304,1.7669,3.8793,,1679650.803,
300006.SZ,20260304,2.0698,3.2855,,502613.7336,
300694.SZ,20260304,2.8281,4.2699,,266562.4217,
002822.SZ,20260304,0.9709,0.9709,,661369.4058,
688165.SH,20260304,1.6934,3.5015,,953292.06,
600791.SH,20260304,5.7261,10.4718,,377701.92,
301446.SZ,20260304,4.4803,4.4803,,435240.0,
920045.BJ,20260304,5.245,7.2547,,2442407.1422,
000544.SZ,20260304,2.6689,10.7747,,861621.0874,
000681.SZ,20260304,5.1002,7.0527,,1632345.4259,
600210.SH,20260304,2.2932,3.1292,,1092050.0338,
920363.BJ,20260304,3.4168,4.8645,,177823.35,
600137.SH,20260304,2.0281,4.5882,,201143.1896,
688583.SH,20260304,5.4587,5.4587,,1277733.6,
600523.SH,20260304,1.777,3.3102,,604849.7347,
603895.SH,20260304,1.8769,3.5826,,311918.88,
002602.SZ,20260304,1.5604,1.9147,,12788133.8287,
002631.SZ,20260304,2.0278,4.2897,,466410.4854,
301091.SZ,20260304,0.6983,1.8669,,1292890.56,
600058.SH,20260304,1.5513,4.1436,,1346319.853,
002015.SZ,20260304,9.4323,18.1481,,2322977.5226,
688200.SH,20260304,1.5429,2.4258,,3596645.1918,
301261.SZ,20260304,3.1778,3.8634,,708131.3092,
002643.SZ,20260304,2.1724,3.9451,,1535804.1504,
001211.SZ,20260304,2.395,4.1912,,194400.0,
002466.SZ,20260304,2.2531,3.3559,,8884417.6265,
603005.SH,20260304,6.2,7.3608,,2059558.2475,
002956.SZ,20260304,0.9611,2.062,,562582.1502,
600975.SH,20260304,1.3772,2.2954,,711057.5301,
000710.SZ,20260304,2.1939,2.8673,,399832.7769,
300147.SZ,20260304,0.9595,1.2417,,608376.7214,
603380.SH,20260304,0.824,1.8506,,577748.7612,
002753.SZ,20260304,3.1819,3.9541,,323650.528,
002655.SZ,20260304,7.3089,8.3961,,601826.5207,
600585.SH,20260304,0.885,1.7092,,13285351.5656,
300451.SZ,20260304,1.7208,2.0017,,765267.5978,
301358.SZ,20260304,1.8021,3.1811,,5055534.081,
605369.SH,20260304,1.0224,3.1875,,388508.5761,
002364.SZ,20260304,5.7231,9.6728,,1814679.1712,
300747.SZ,20260304,9.5076,16.2124,,1803859.2,
601065.SH,20260304,2.2239,2.9177,,553430.204,
002501.SZ,20260304,2.0732,2.6771,,692250.0,
300540.SZ,20260304,10.0259,15.3392,,573438.6568,
603856.SH,20260304,1.1314,2.8678,,372313.9992,
301090.SZ,20260304,0.579,3.2413,,1080786.6867,
002152.SZ,20260304,1.191,2.3839,,3186180.2581,
002369.SZ,20260304,1.7552,1.7552,,437690.2482,
600600.SH,20260304,0.7628,1.7794,,8378886.4332,
000568.SZ,20260304,1.0606,2.1617,,15255206.5045,
605388.SH,20260304,0.7796,2.3809,,390314.6,
605255.SH,20260304,1.9456,7.7826,,1496600.96,
603618.SH,20260304,14.207,30.2718,,1423542.3933,
600790.SH,20260304,1.0811,1.7725,,557000.5526,
603817.SH,20260304,2.2499,4.3585,,392217.8188,
002620.SZ,20260304,2.8977,4.1069,,239708.69,
603228.SH,20260304,1.9419,4.557,,6263407.4555,
600100.SH,20260304,1.729,2.53,,2851103.3538,
600162.SH,20260304,1.2763,3.9725,,588318.862,
920195.BJ,20260304,2.0054,3.6265,,200863.47,
002889.SZ,20260304,1.1258,2.5362,,532511.1355,
000012.SZ,20260304,2.1375,3.5212,,1467790.8271,
301121.SZ,20260304,4.6232,5.6926,,387892.2737,
301056.SZ,20260304,1.8883,4.1337,,399379.6405,
600278.SH,20260304,1.3106,3.4491,,687069.4589,
601098.SH,20260304,0.9985,2.8281,,1891188.0,
000897.SZ,20260304,2.4112,3.049,,350948.0748,
600567.SH,20260304,1.8263,2.439,,1047037.2488,
920475.BJ,20260304,1.5645,2.323,,157552.54,
301280.SZ,20260304,3.8004,4.044,,738065.6354,
920023.BJ,20260304,2.6875,3.0016,,142704.544,
301139.SZ,20260304,4.8193,5.4086,,214711.6928,
688785.SH,20260304,6.9432,6.9432,,2075462.9473,
301218.SZ,20260304,6.5009,7.9094,,359111.96,
920866.BJ,20260304,12.2916,16.9802,,166690.4575,
002484.SZ,20260304,2.7707,4.3284,,2777811.1913,
688051.SH,20260304,1.2754,3.0102,,256439.544,
601138.SH,20260304,0.5415,3.328,,106757660.5187,
300813.SZ,20260304,4.1858,6.5477,,309179.2077,
600238.SH,20260304,1.0615,1.3049,,237097.8,
601975.SH,20260304,24.9142,35.9862,,2443139.9219,
300618.SZ,20260304,5.4641,6.8993,,1533310.2975,
002671.SZ,20260304,2.5366,4.2814,,319349.3382,
603633.SH,20260304,1.8054,2.7206,,353399.3573,
001323.SZ,20260304,0.3666,1.3746,,1136866.0363,
000404.SZ,20260304,2.1006,3.0333,,489285.1732,
002052.SZ,20260304,1.595,2.217,,867562.9672,
002034.SZ,20260304,1.0602,2.3051,,737342.671,
300814.SZ,20260304,6.8914,18.9941,,2078931.2335,
001280.SZ,20260304,14.6021,14.6021,,19544318.1801,
000065.SZ,20260304,5.2362,9.9289,,1563301.146,
920249.BJ,20260304,3.7773,3.8925,,536313.36,
300824.SZ,20260304,1.2971,3.2685,,334826.5657,
000766.SZ,20260304,2.3466,2.9212,,2027705.8953,
000591.SZ,20260304,4.7027,7.19,,2276176.6459,
002993.SZ,20260304,1.9146,3.9687,,1242180.0,
603259.SH,20260304,1.1985,1.4492,,27456533.3403,
000541.SZ,20260304,1.3463,2.665,,916859.6033,
688152.SH,20260304,1.165,2.1745,,363916.6405,
600222.SH,20260304,2.2835,2.9686,,394259.8764,
601318.SH,20260304,0.9457,1.0396,,111887119.8871,
300531.SZ,20260304,2.0833,3.049,,504093.9751,
300696.SZ,20260304,2.4874,4.3711,,892650.8332,
600479.SH,20260304,1.9941,3.3695,,537493.3375,
688218.SH,20260304,2.0056,2.4538,,244319.5535,
920122.BJ,20260304,1.2173,2.4161,,284751.3874,
603309.SH,20260304,2.0508,4.1247,,402490.6854,
002381.SZ,20260304,2.1369,2.8517,,278638.1564,
600983.SH,20260304,0.6653,3.2834,,903631.581,
688759.SH,20260304,3.465,3.465,,1643533.8714,
600064.SH,20260304,1.4655,2.2456,,1481170.7353,
002355.SZ,20260304,5.7771,6.7663,,445208.346,
920950.BJ,20260304,0.8221,1.4547,,131316.12,
002609.SZ,20260304,2.6873,3.8358,,575877.7627,
000950.SZ,20260304,1.3137,2.907,,969511.6145,
688333.SH,20260304,2.492,3.5115,,2804395.5848,
688062.SH,20260304,2.8867,2.8867,,1253944.8,
688003.SH,20260304,1.6652,3.945,,1280183.454,
603659.SH,20260304,1.3178,2.8207,,5939189.4313,
300499.SZ,20260304,13.9791,14.561,,1140408.6351,
688026.SH,20260304,1.3767,2.4728,,238900.1152,
301181.SZ,20260304,2.0417,4.7975,,485272.0866,
920679.BJ,20260304,0.9267,1.9526,,112370.2,
300943.SZ,20260304,11.8697,14.3956,,682593.18,
688179.SH,20260304,6.1642,11.4722,,573081.8196,
300858.SZ,20260304,2.2324,2.7248,,428179.5668,
002605.SZ,20260304,1.4974,2.3993,,972292.3358,
300887.SZ,20260304,3.5493,6.0551,,580664.3946,
600076.SH,20260304,1.5448,2.539,,480001.982,
300277.SZ,20260304,7.8825,9.0884,,3363829.3688,
002204.SZ,20260304,1.6658,3.7374,,1334576.6921,
300366.SZ,20260304,1.9482,2.0614,,371836.6038,
601390.SH,20260304,1.9028,4.3201,,14589557.16,
603225.SH,20260304,2.8567,6.5368,,3101623.7823,
300551.SZ,20260304,3.7803,4.6597,,632856.9434,
000890.SZ,20260304,27.9174,46.8364,,372100.0196,
920433.BJ,20260304,0.7522,1.3341,,147153.8166,
003015.SZ,20260304,3.1478,3.6314,,479218.6672,
301082.SZ,20260304,3.8934,7.6053,,428855.8847,
603307.SH,20260304,0.811,3.1965,,264274.914,
920729.BJ,20260304,3.4341,3.5071,,248475.15,
688028.SH,20260304,5.6153,9.1291,,1768669.433,
002319.SZ,20260304,3.6924,4.9897,,290119.4264,
603032.SH,20260304,1.7631,3.4739,,404447.4258,
600549.SH,20260304,7.5722,12.0255,,12503825.9656,
600917.SH,20260304,5.4896,12.1888,,922574.4982,
000683.SZ,20260304,1.901,2.5187,,3393467.2143,
600874.SH,20260304,1.1998,2.8673,,994074.6478,
688372.SH,20260304,8.0422,11.5966,,2094206.4942,
300825.SZ,20260304,1.534,1.7332,,458197.2425,
600067.SH,20260304,1.6918,2.6879,,565017.508,
002039.SZ,20260304,3.0589,5.0732,,793120.3237,
300250.SZ,20260304,4.3844,4.9739,,488631.309,
600909.SH,20260304,1.8268,3.4085,,2883398.9804,
688610.SH,20260304,3.5585,6.2364,,504220.0,
603017.SH,20260304,4.058,7.2315,,340818.8216,
300194.SZ,20260304,1.798,1.941,,497299.7757,
300350.SZ,20260304,13.4555,14.3495,,378234.2638,
000639.SZ,20260304,2.9834,3.7302,,293604.4418,
300152.SZ,20260304,3.6765,3.9056,,161805.6,
600302.SH,20260304,2.273,3.9717,,413827.7256,
300448.SZ,20260304,7.1184,11.7037,,727255.8599,
002383.SZ,20260304,13.0596,22.6499,,955064.7935,
603681.SH,20260304,3.873,6.2135,,401567.4433,
300426.SZ,20260304,1.9275,2.5908,,355802.4199,
688045.SH,20260304,2.5282,4.7304,,311127.4836,
920946.BJ,20260304,0.7861,2.8418,,435883.6251,
300787.SZ,20260304,2.802,3.6166,,379880.8202,
002296.SZ,20260304,4.9626,5.1599,,534504.3362,
300406.SZ,20260304,1.0994,1.777,,719986.9952,
300625.SZ,20260304,1.6821,2.6778,,336314.524,
688448.SH,20260304,4.4403,6.02,,459721.1568,
688595.SH,20260304,2.9058,4.9902,,464700.2217,
600618.SH,20260304,2.3279,8.2715,,1673310.7653,
688778.SH,20260304,1.4579,4.2053,,3816473.9696,
605169.SH,20260304,7.9232,27.011,,414419.2,
688366.SH,20260304,0.3476,0.7734,,961672.4127,
000670.SZ,20260304,3.5403,4.1695,,653817.3474,
301608.SZ,20260304,2.3264,3.2773,,764602.08,
000800.SZ,20260304,0.5021,2.2969,,3272651.8484,
002672.SZ,20260304,2.2816,4.7099,,551522.6452,
300628.SZ,20260304,1.0948,1.5307,,4368954.8293,
603324.SH,20260304,1.2014,3.3369,,355907.7878,
002975.SZ,20260304,3.7488,4.6552,,1262543.2225,
301456.SZ,20260304,2.5699,3.1125,,435997.7389,
605378.SH,20260304,0.7124,2.5611,,520079.336,
920304.BJ,20260304,5.6346,9.7536,,222659.136,
688109.SH,20260304,1.6665,3.3087,,959353.1064,
600679.SH,20260304,0.8643,2.1887,,619383.6969,
603260.SH,20260304,0.7322,3.3019,,5698237.4556,
300970.SZ,20260304,8.0431,10.2788,,304806.2226,
601339.SH,20260304,1.3011,5.0614,,1063194.421,
002019.SZ,20260304,2.6508,3.2203,,1601985.7419,
301633.SZ,20260304,1.2677,1.5549,,359136.0,
600439.SH,20260304,1.5305,2.3086,,301108.127,
002304.SZ,20260304,0.4378,1.1354,,7578925.1673,
300771.SZ,20260304,3.0524,3.5688,,342960.0,
688639.SH,20260304,2.2931,3.3124,,790115.4742,
920478.BJ,20260304,1.315,1.6366,,138527.312,
002559.SZ,20260304,2.8491,3.1125,,523376.3028,
600421.SH,20260304,0.7774,1.3013,,147678.0,
002897.SZ,20260304,15.5026,26.7224,,1328470.529,
300150.SZ,20260304,2.8061,3.076,,325318.9655,
603101.SH,20260304,1.084,2.7414,,404073.6,
002095.SZ,20260304,5.4814,9.8138,,447819.84,
301237.SZ,20260304,1.5919,2.2021,,487360.0,
600879.SH,20260304,4.4722,6.0067,,8337329.417,
300461.SZ,20260304,3.0316,5.3804,,840253.3022,
603836.SH,20260304,4.9094,11.7531,,292460.2127,
300316.SZ,20260304,2.76,5.7371,,6471716.0248,
600808.SH,20260304,1.3165,3.5166,,3234286.0981,
605288.SH,20260304,2.6129,9.8779,,753798.346,
301449.SZ,20260304,5.5699,5.5699,,479217.3964,
688391.SH,20260304,0.905,1.8176,,343932.1382,
002051.SZ,20260304,1.9325,5.3156,,1108718.4076,
301369.SZ,20260304,1.4602,1.9523,,882898.229,
688363.SH,20260304,0.6473,1.61,,2122274.3343,
600877.SH,20260304,2.1724,3.7013,,2107625.8958,
300841.SZ,20260304,1.0073,1.4472,,805540.8269,
002801.SZ,20260304,1.7455,2.965,,743548.416,
920806.BJ,20260304,0.7491,2.3061,,381935.5671,
300839.SZ,20260304,15.0336,26.9819,,447754.7069,
000923.SZ,20260304,3.2275,5.1276,,1470598.3491,
002427.SZ,20260304,1.7797,4.4665,,673050.5867,
601799.SH,20260304,1.6238,3.5529,,4086072.73,
300357.SZ,20260304,1.969,3.5579,,1259219.52,
002639.SZ,20260304,16.598,17.6524,,1652596.0587,
688630.SH,20260304,3.2438,5.0915,,2416256.4722,
301591.SZ,20260304,5.0058,5.0058,,384344.28,
002947.SZ,20260304,2.8064,3.3084,,1181381.2483,
603015.SH,20260304,1.6949,3.531,,546099.869,
301176.SZ,20260304,8.3338,8.3338,,432810.6675,
301059.SZ,20260304,2.6797,8.5207,,340720.996,
600768.SH,20260304,4.9139,7.8308,,228038.976,
300051.SZ,20260304,4.6398,5.7849,,353044.7878,
002028.SZ,20260304,1.977,2.1808,,17565861.3151,
002965.SZ,20260304,1.9949,2.1792,,873101.3811,
300635.SZ,20260304,2.9256,3.414,,184118.41,
300643.SZ,20260304,4.7169,8.3533,,473838.5158,
300207.SZ,20260304,2.6819,3.5055,,4627893.4272,
601995.SH,20260304,1.214,3.5946,,16451291.4061,
603019.SH,20260304,2.12,2.5384,,12045832.2497,
601288.SH,20260304,0.1844,2.0573,,233788666.6272,
600612.SH,20260304,0.8856,2.8971,,2215926.8483,
002248.SZ,20260304,7.2388,8.7747,,413889.0776,
300376.SZ,20260304,1.6505,3.42,,1655378.9784,
600686.SH,20260304,2.4209,4.4016,,1157314.531,
000623.SZ,20260304,1.3603,1.8753,,2213602.3613,
300045.SZ,20260304,4.7839,5.1762,,1697111.2794,
000518.SZ,20260304,1.0984,1.6941,,286216.6297,
600167.SH,20260304,0.6668,2.2383,,1547782.8767,
603299.SH,20260304,3.1137,8.3686,,1154677.9447,
002108.SZ,20260304,4.048,5.0457,,814407.5138,
300079.SZ,20260304,3.2416,3.3289,,801427.7708,
600025.SH,20260304,0.3629,3.6285,,18631094.257,
605199.SH,20260304,0.9058,3.6726,,272874.1689,
302132.SZ,20260304,1.8903,4.1297,,21093489.3221,
002023.SZ,20260304,2.1542,2.818,,857916.1521,
603998.SH,20260304,1.4884,2.3857,,514603.3539,
001206.SZ,20260304,2.7382,3.6995,,410094.4661,
000792.SZ,20260304,1.7527,2.9657,,19171367.316,
601865.SH,20260304,1.5163,3.5984,,3636150.1216,
603558.SH,20260304,1.3233,2.7142,,389579.4617,
301377.SZ,20260304,4.5953,5.2947,,7852320.0,
688316.SH,20260304,6.6868,8.8863,,337202.8282,
603126.SH,20260304,1.6695,3.4029,,467032.5,
920090.BJ,20260304,12.3139,12.3139,,134350.81,
601878.SH,20260304,0.7576,1.4149,,4688141.555,
688375.SH,20260304,0.9555,3.3623,,6797549.9345,
920158.BJ,20260304,43.1541,43.1541,,289437.4,
688255.SH,20260304,1.7767,3.2268,,333311.8116,
300717.SZ,20260304,2.1386,4.5371,,218602.425,
603196.SH,20260304,1.3253,2.7151,,1055511.0362,
600490.SH,20260304,4.0013,5.2188,,2137648.9183,
300302.SZ,20260304,4.3452,5.2801,,843504.2845,
002694.SZ,20260304,2.6728,4.4558,,227399.2704,
603130.SH,20260304,1.2807,4.9012,,593098.7446,
688057.SH,20260304,0.8689,1.7129,,348588.0,
600310.SH,20260304,2.3608,4.8168,,608269.9496,
603587.SH,20260304,0.5514,2.4712,,586452.7775,
300187.SZ,20260304,5.0083,10.4333,,365422.1454,
300774.SZ,20260304,6.4281,9.3663,,971631.2198,
000933.SZ,20260304,3.0033,4.4636,,7965973.5813,
600396.SH,20260304,2.4389,5.4311,,484520.5428,
920008.BJ,20260304,13.9284,15.3882,,211012.5,
300411.SZ,20260304,1.8642,1.9937,,460180.6479,
000419.SZ,20260304,1.7785,3.1947,,329411.0889,
300470.SZ,20260304,2.758,3.5957,,816249.8177,
002654.SZ,20260304,4.1186,5.4118,,1136086.6191,
688573.SH,20260304,5.2826,5.2826,,199027.934,
920273.BJ,20260304,1.5928,2.9078,,279283.5884,
301186.SZ,20260304,1.7179,5.0643,,400250.9226,
688721.SH,20260304,2.9473,2.9473,,578722.5,
920579.BJ,20260304,2.0723,2.0723,,282266.4,
300409.SZ,20260304,4.2773,4.4004,,2123023.6584,
000930.SZ,20260304,4.3487,9.8314,,1318074.1012,
002346.SZ,20260304,2.0575,4.2503,,914502.6865,
600351.SH,20260304,1.7583,2.0357,,444956.0296,
300723.SZ,20260304,1.324,3.6171,,1374952.7797,
002178.SZ,20260304,7.0028,9.5779,,475718.2047,
003035.SZ,20260304,5.5811,21.5111,,3181818.1811,
600803.SH,20260304,1.2761,4.7217,,7120305.7461,
605055.SH,20260304,1.068,4.1105,,435160.0,
603338.SH,20260304,1.274,2.9164,,2741873.7648,
605111.SH,20260304,3.6731,4.7528,,1750211.4373,
301029.SZ,20260304,2.0963,2.8446,,1719957.7549,
688611.SH,20260304,1.0753,2.4659,,897175.7704,
003022.SZ,20260304,0.9194,3.5502,,2720552.016,
603257.SH,20260304,18.4913,18.4913,,844560.0,
000558.SZ,20260304,3.1728,4.5269,,589175.3447,
300334.SZ,20260304,3.1565,5.2704,,230475.8666,
688518.SH,20260304,2.9561,3.422,,909631.3782,
301016.SZ,20260304,1.6036,5.0215,,516516.0,
600661.SH,20260304,2.0026,3.1502,,283683.3417,
920159.BJ,20260304,38.085,38.085,,342456.0,
603466.SH,20260304,7.6389,12.9927,,622146.1759,
300294.SZ,20260304,1.4166,2.4338,,1043794.8877,
002595.SZ,20260304,0.5755,1.1697,,7578400.0,
688285.SH,20260304,0.7771,3.1073,,328877.384,
600973.SH,20260304,3.0223,5.4724,,988755.0648,
600645.SH,20260304,3.7632,4.886,,1300897.9142,
600180.SH,20260304,1.7452,4.7617,,386839.3772,
689009.SH,20260304,1.2253,1.2597,,3439830.0205,
002469.SZ,20260304,3.7636,4.8731,,589816.1307,
600999.SH,20260304,0.8913,2.1932,,13870960.2556,
603090.SH,20260304,2.9812,6.0006,,715700.0,
600217.SH,20260304,1.4642,2.3307,,668034.4302,
002490.SZ,20260304,17.3889,30.7735,,935078.3248,
300383.SZ,20260304,4.9928,6.5206,,2673020.5635,
688047.SH,20260304,1.4059,3.443,,5700215.0,
605003.SH,20260304,1.829,6.8629,,358600.0,
002550.SZ,20260304,1.3585,1.5592,,935533.8,
600834.SH,20260304,0.7905,1.9018,,399568.6545,
920665.BJ,20260304,4.1578,6.431,,164437.35,
688676.SH,20260304,3.574,6.8916,,4394618.9511,
300613.SZ,20260304,1.7229,3.0222,,954083.0795,
601022.SH,20260304,5.686,29.9271,,1341349.1674,
600883.SH,20260304,2.3244,4.2739,,196661.304,
001390.SZ,20260304,3.1827,3.1827,,451000.0,
600368.SH,20260304,1.4216,2.9546,,637422.9278,
003023.SZ,20260304,2.5359,5.1631,,237545.308,
920476.BJ,20260304,1.5954,2.1625,,192250.8086,
300165.SZ,20260304,3.0146,3.5738,,273026.9605,
002868.SZ,20260304,1.2613,2.716,,622751.2589,
002527.SZ,20260304,2.25,2.6391,,972047.8526,
002133.SZ,20260304,1.9664,2.905,,278691.903,
920395.BJ,20260304,0.5353,0.8816,,169370.1314,
001338.SZ,20260304,1.7149,3.5371,,642215.4675,
002457.SZ,20260304,6.815,9.2774,,460878.7576,
000510.SZ,20260304,11.4104,12.7213,,1312652.2241,
601231.SH,20260304,1.9823,6.891,,10041408.6428,
600207.SH,20260304,2.8544,6.2725,,598032.5921,
600226.SH,20260304,2.2886,3.7068,,1621037.7671,
688161.SH,20260304,0.3311,1.7273,,1134400.0,
301381.SZ,20260304,2.0323,3.3532,,793198.8212,
000069.SZ,20260304,1.4273,2.875,,1945137.4488,
601360.SH,20260304,1.3911,3.3791,,7881502.1718,
600109.SH,20260304,0.8657,1.3666,,3223667.4717,
001203.SZ,20260304,2.1597,6.0185,,5447034.7856,
000955.SZ,20260304,2.6617,3.5244,,288041.325,
002731.SZ,20260304,12.9064,15.3902,,201082.46,
300883.SZ,20260304,2.333,2.9511,,229398.0,
002102.SZ,20260304,1.681,2.1622,,831810.6014,
603131.SH,20260304,2.1447,4.2611,,789373.6165,
920570.BJ,20260304,2.2228,3.2471,,166965.1643,
000975.SZ,20260304,2.2279,3.429,,8760558.7461,
002037.SZ,20260304,1.5215,2.7412,,419043.1682,
600289.SH,20260304,0.9468,1.3754,,437319.0838,
300395.SZ,20260304,7.028,8.7128,,5786203.5492,
601607.SH,20260304,0.5327,1.4884,,6304215.0753,
002458.SZ,20260304,1.5778,1.8269,,1084284.6567,
600882.SH,20260304,0.8897,1.8927,,1061421.6394,
001283.SZ,20260304,2.4105,2.4752,,619047.357,
000718.SZ,20260304,1.8465,2.7971,,667620.0045,
002141.SZ,20260304,4.0513,5.8416,,402844.9612,
920174.BJ,20260304,1.7971,3.2407,,950260.3275,
600500.SH,20260304,1.4762,3.2303,,1618424.1404,
300542.SZ,20260304,1.6722,2.4833,,505163.3491,
000423.SZ,20260304,1.148,1.7329,,3383454.2333,
300015.SZ,20260304,0.7018,1.3241,,9465277.6201,
300699.SZ,20260304,3.0941,4.8712,,3094292.144,
600460.SH,20260304,2.5164,3.6803,,4730956.2553,
002389.SZ,20260304,14.519,23.0571,,2833603.3924,
688625.SH,20260304,1.2515,3.181,,1275121.1592,
000650.SZ,20260304,1.5112,2.0462,,800764.6698,
605058.SH,20260304,1.7074,5.6852,,431344.4811,
300809.SZ,20260304,2.1631,2.7868,,878259.7888,
002279.SZ,20260304,4.3188,5.5948,,736324.6678,
002957.SZ,20260304,10.702,24.8423,,1268347.0473,
301067.SZ,20260304,2.9261,3.9133,,311155.2,
000917.SZ,20260304,3.765,4.5176,,1460083.0281,
600604.SH,20260304,0.6993,1.7481,,959132.0596,
688267.SH,20260304,1.7295,3.0144,,501993.8,
301150.SZ,20260304,2.4178,4.5622,,1008501.5113,
688132.SH,20260304,4.3572,5.7153,,275679.8444,
688259.SH,20260304,2.7256,5.0145,,424236.6,
301316.SZ,20260304,1.7226,3.122,,1802648.0,
601116.SH,20260304,2.5303,6.8105,,816040.816,
605016.SH,20260304,1.0952,2.5221,,996269.223,
600148.SH,20260304,1.8889,3.8997,,268173.6728,
002352.SZ,20260304,0.7812,1.6137,,18288092.9543,
688312.SH,20260304,6.3049,11.8898,,832936.7282,
300577.SZ,20260304,1.4439,1.9918,,470798.5529,
000912.SZ,20260304,9.4781,18.7841,,890624.0,
600094.SH,20260304,0.8087,1.2576,,1043902.5702,
002778.SZ,20260304,2.0737,2.9511,,273833.4935,
300894.SZ,20260304,1.1902,2.171,,439190.9447,
000011.SZ,20260304,0.8731,2.4576,,496450.5836,
600941.SH,20260304,1.486,1.5591,,204408233.9652,
002918.SZ,20260304,2.7756,4.2115,,562108.7711,
002592.SZ,20260304,1.1975,1.8974,,265764.6253,
002396.SZ,20260304,2.2352,3.041,,1679187.846,
300304.SZ,20260304,4.0681,7.0463,,1254867.373,
300935.SZ,20260304,4.075,5.8248,,264027.5803,
920932.BJ,20260304,1.7384,2.3603,,184152.4118,
301107.SZ,20260304,2.3542,4.5488,,296807.7118,
300877.SZ,20260304,3.3845,6.8286,,391080.0,
600822.SH,20260304,0.9046,2.2742,,513827.9389,
000637.SZ,20260304,15.8174,20.0287,,266696.0576,
688513.SH,20260304,1.0689,2.0311,,954156.8437,
688556.SH,20260304,5.8093,7.4956,,1322592.1029,
603277.SH,20260304,0.26,1.2217,,942028.4332,
001965.SZ,20260304,0.4245,1.6011,,6421364.7674,
600120.SH,20260304,1.431,2.8546,,2093628.8546,
688175.SH,20260304,1.7186,3.4726,,466834.37,
603098.SH,20260304,1.2807,3.7134,,817105.7667,
600603.SH,20260304,1.4379,3.3613,,838910.3932,
000925.SZ,20260304,2.1784,2.1784,,524863.0098,
688326.SH,20260304,1.6941,3.1932,,1531646.0592,
603706.SH,20260304,4.7903,15.3703,,414179.9955,
600513.SH,20260304,3.8354,6.3812,,594890.8667,
300672.SZ,20260304,3.6882,5.1806,,3020980.6196,
603979.SH,20260304,1.1011,1.9108,,4582974.0066,
300603.SZ,20260304,3.1837,3.4587,,456431.8628,
600885.SH,20260304,1.7904,2.4128,,4791351.993,
600071.SH,20260304,1.2316,2.429,,557516.3002,
601599.SH,20260304,3.4048,4.4263,,467698.6086,
603043.SH,20260304,0.84,2.6162,,966341.5977,
301227.SZ,20260304,2.9893,2.9999,,323117.0865,
603188.SH,20260304,5.2861,7.513,,306181.29,
300032.SZ,20260304,5.3704,6.4307,,398372.1256,
688755.SH,20260304,1.7956,1.7956,,342848.0,
603978.SH,20260304,2.4108,3.8045,,502404.4316,
002272.SZ,20260304,37.5244,40.6402,,1021636.4711,
601668.SH,20260304,1.1568,2.7351,,20536234.0507,
002297.SZ,20260304,8.4807,10.9537,,690018.2021,
601163.SH,20260304,1.124,3.1906,,1185600.0,
688031.SH,20260304,5.089,7.5187,,2253249.1735,
000417.SZ,20260304,2.1347,3.4457,,567755.6976,
688143.SH,20260304,5.6484,7.3128,,718596.8752,
003032.SZ,20260304,1.2406,1.7554,,263603.1125,
600020.SH,20260304,0.8419,2.6448,,910185.592,
300782.SZ,20260304,4.6419,6.26,,4402582.5195,
000636.SZ,20260304,9.6662,15.0005,,2765261.5743,
000826.SZ,20260304,12.5216,15.8482,,339234.073,
920392.BJ,20260304,1.6983,3.158,,178243.495,
688290.SH,20260304,0.8849,1.9441,,520452.2134,
688288.SH,20260304,2.0734,4.3841,,271692.9023,
605599.SH,20260304,1.5843,4.2524,,1851111.164,
603082.SH,20260304,3.9306,3.9306,,611597.8371,
688758.SH,20260304,1.3692,2.3122,,747969.4949,
920943.BJ,20260304,8.4907,13.4303,,258067.3429,
688331.SH,20260304,3.27,3.27,,5006350.7967,
920019.BJ,20260304,2.6287,7.8309,,473100.075,
002936.SZ,20260304,2.0661,2.9926,,1709313.1753,
300430.SZ,20260304,3.3741,4.6723,,535717.8138,
301062.SZ,20260304,3.6377,4.0785,,371758.3808,
300463.SZ,20260304,1.4633,1.5813,,677226.6189,
601177.SH,20260304,2.0076,3.6506,,649904.175,
600671.SH,20260304,2.243,3.9545,,247698.2521,
603985.SH,20260304,2.5969,4.5893,,734910.291,
000403.SZ,20260304,1.4706,2.367,,1316300.3796,
300620.SZ,20260304,5.2921,10.3886,,4163557.7264,
601880.SH,20260304,1.5932,4.9136,,4030772.1934,
920670.BJ,20260304,5.6507,6.8609,,197074.5344,
300836.SZ,20260304,3.9057,4.5084,,556484.4024,
300348.SZ,20260304,2.2853,2.3473,,1042184.087,
002210.SZ,20260304,2.0521,2.9297,,795708.5994,
300381.SZ,20260304,1.5829,2.233,,318698.8882,
002748.SZ,20260304,2.8599,6.1789,,301680.0,
300918.SZ,20260304,1.3619,2.6196,,781977.6897,
002395.SZ,20260304,2.3368,6.5869,,501014.412,
300843.SZ,20260304,3.753,8.7546,,879749.9338,
300684.SZ,20260304,4.3149,4.9929,,1612557.6566,
603667.SH,20260304,5.9555,9.3566,,2642152.9856,
688779.SH,20260304,2.7433,4.8688,,2075840.0141,
300267.SZ,20260304,6.0335,7.9755,,814728.9237,
300553.SZ,20260304,2.262,2.6493,,432874.1581,
601933.SH,20260304,1.7907,3.8609,,3666314.9452,
920942.BJ,20260304,10.9422,13.9339,,188519.5054,
601658.SH,20260304,0.3582,2.3304,,59206861.3716,
002819.SZ,20260304,1.2083,2.4144,,808048.4397,
688718.SH,20260304,1.034,2.8268,,256808.9869,
603306.SH,20260304,4.1016,5.6258,,2880109.7899,
002424.SZ,20260304,2.356,2.8856,,723955.9712,
603328.SH,20260304,2.1314,5.1961,,1204121.7889,
603989.SH,20260304,1.9107,5.5909,,752098.816,
603194.SH,20260304,1.7284,1.7284,,1417936.0,
600884.SH,20260304,5.1263,5.5895,,3131182.7053,
600527.SH,20260304,3.0562,4.3586,,384450.9202,
002719.SZ,20260304,4.1792,5.1876,,156203.0929,
688772.SH,20260304,3.0751,5.1202,,1886221.3829,
301209.SZ,20260304,0.6738,1.8797,,1032640.0,
000008.SZ,20260304,1.9637,3.2251,,768734.8843,
300134.SZ,20260304,1.7824,3.6918,,835805.3285,
301138.SZ,20260304,2.6545,5.5136,,456000.0,
603323.SH,20260304,2.5504,2.9498,,985048.2213,
300528.SZ,20260304,2.9715,7.5152,,647592.7979,
000691.SZ,20260304,2.7009,3.1224,,385014.57,
002551.SZ,20260304,2.0658,2.4257,,301841.5643,
301361.SZ,20260304,20.0348,20.3496,,455688.112,
000096.SZ,20260304,11.6401,25.3327,,641520.0,
300698.SZ,20260304,2.2212,4.1311,,512416.0,
688602.SH,20260304,3.7297,3.7297,,412383.75,
600712.SH,20260304,1.3452,1.8921,,331695.1142,
300167.SZ,20260304,4.1643,4.5189,,237907.514,
600773.SH,20260304,2.4171,4.1075,,1400735.8653,
920790.BJ,20260304,1.2243,2.6803,,238480.4004,
605398.SH,20260304,3.0087,9.7168,,501003.7309,
603855.SH,20260304,0.9792,1.7022,,671309.379,
002824.SZ,20260304,4.7726,7.0519,,645073.7312,
603278.SH,20260304,2.5668,5.2068,,394732.0978,
300246.SZ,20260304,3.9627,4.4747,,331784.8662,
300314.SZ,20260304,3.6632,5.4746,,396288.0,
688569.SH,20260304,0.7217,2.8867,,443032.0701,
603325.SH,20260304,2.4429,2.4429,,610430.52,
600805.SH,20260304,3.1803,4.9587,,454377.6598,
688246.SH,20260304,2.1141,3.5869,,307091.0547,
603766.SH,20260304,0.898,1.4984,,3043349.0217,
603408.SH,20260304,0.7799,2.9433,,549619.644,
000004.SZ,20260304,0.2383,0.3223,,78369.1269,
601628.SH,20260304,0.135,1.8735,,120435908.005,
301042.SZ,20260304,1.3742,2.0798,,594532.9411,
002350.SZ,20260304,21.7667,35.4166,,722385.3595,
600685.SH,20260304,2.923,7.0598,,5043390.7567,
600099.SH,20260304,1.4797,2.5558,,235115.76,
920819.BJ,20260304,0.917,2.3684,,479287.8,
688466.SH,20260304,1.6204,3.708,,215113.4617,
603815.SH,20260304,1.8436,3.7045,,409108.9193,
300443.SZ,20260304,3.3595,3.7566,,902459.4318,
603938.SH,20260304,7.7176,23.0678,,1137925.2541,
688208.SH,20260304,1.645,2.6303,,2242433.7936,
300422.SZ,20260304,2.2365,3.6899,,267474.0749,
300127.SZ,20260304,3.7262,8.0498,,1176252.7504,
002653.SZ,20260304,1.5328,2.8931,,4807807.8452,
600169.SH,20260304,0.6716,1.3832,,820040.2767,
002692.SZ,20260304,3.0147,4.2275,,405752.49,
000688.SZ,20260304,1.943,5.7454,,4112184.9398,
688066.SH,20260304,4.033,5.6763,,636211.3724,
688628.SH,20260304,1.604,3.3344,,456682.3646,
603696.SH,20260304,2.3955,6.0954,,411364.8,
300429.SZ,20260304,3.6996,4.1746,,759407.0686,
301556.SZ,20260304,7.0482,8.2997,,862010.24,
688818.SH,20260304,21.2113,21.2113,,10680344.9996,
000425.SZ,20260304,1.1276,1.2395,,14086590.2866,
600325.SH,20260304,1.6233,2.2582,,1125630.2154,
605376.SH,20260304,5.2085,8.2686,,2592194.4,
600996.SH,20260304,1.533,2.8939,,971257.0863,
600132.SH,20260304,0.9475,2.3687,,2711690.6224,
002096.SZ,20260304,0.8484,2.2811,,1718010.4665,
600845.SH,20260304,0.8279,2.5345,,6444898.4105,
000153.SZ,20260304,1.7889,2.5189,,299257.4762,
002086.SZ,20260304,2.997,2.997,,438804.016,
300020.SZ,20260304,2.1431,2.3019,,362373.1561,
605567.SH,20260304,2.2622,3.6608,,220400.0,
000506.SZ,20260304,6.0104,8.9709,,1896125.2502,
603527.SH,20260304,2.1509,3.4848,,337257.3568,
688655.SH,20260304,9.0044,16.3276,,308664.46,
605222.SH,20260304,6.5658,17.563,,923251.3271,
688536.SH,20260304,2.487,3.8682,,2158798.497,
000505.SZ,20260304,9.7516,21.5007,,556116.942,
688203.SH,20260304,1.6905,3.0232,,255171.6876,
300722.SZ,20260304,4.3171,12.6428,,958407.6902,
688981.SH,20260304,1.6141,1.7934,,85366064.7613,
300584.SZ,20260304,2.4288,3.4675,,498720.0,
003040.SZ,20260304,1.6884,3.2292,,796381.8236,
688032.SH,20260304,2.0484,5.9324,,1411708.795,
605128.SH,20260304,0.6522,1.0351,,759043.6481,
000983.SZ,20260304,2.2957,5.3748,,4218086.0868,
688338.SH,20260304,2.1151,3.525,,327343.1616,
002638.SZ,20260304,3.5196,5.1086,,461146.786,
301195.SZ,20260304,1.0654,2.2385,,439396.3577,
002081.SZ,20260304,1.0477,2.0702,,918741.9964,
300423.SZ,20260304,15.4038,18.3323,,499003.8239,
603102.SH,20260304,1.3,2.3198,,267392.0,
300359.SZ,20260304,1.8636,2.9534,,328066.7126,
002452.SZ,20260304,6.122,6.4294,,681124.6293,
688088.SH,20260304,1.5035,2.5464,,1761940.3968,
002853.SZ,20260304,2.2286,3.3685,,509237.9992,
920086.BJ,20260304,3.5234,3.5234,,263089.92,
002044.SZ,20260304,2.9355,3.8781,,2493379.749,
000151.SZ,20260304,1.7813,2.7006,,427448.7124,
300569.SZ,20260304,2.5683,3.322,,647379.9971,
603385.SH,20260304,1.4555,3.6285,,256568.1884,
002812.SZ,20260304,3.0404,4.428,,6065209.346,
000017.SZ,20260304,1.7525,3.2259,,509307.6655,
600965.SH,20260304,1.861,4.8403,,475665.2549,
301577.SZ,20260304,20.4739,20.4739,,301517.532,
301565.SZ,20260304,4.9949,6.591,,1010025.25,
688559.SH,20260304,2.7577,3.7734,,1360940.4287,
600780.SH,20260304,1.9594,4.7586,,747519.645,
603344.SH,20260304,3.0688,3.0688,,558498.4436,
601166.SH,20260304,0.5553,0.777,,38389420.7749,
600629.SH,20260304,4.6358,9.4597,,2062939.989,
600343.SH,20260304,9.4485,16.8078,,2213937.8212,
920436.BJ,20260304,0.7617,2.0371,,152200.836,
001296.SZ,20260304,5.901,7.8344,,409430.8024,
301052.SZ,20260304,5.314,5.7439,,369019.3751,
002294.SZ,20260304,0.5486,1.3169,,5210652.4846,
000014.SZ,20260304,2.305,3.4933,,302557.78,
002055.SZ,20260304,2.6217,2.7981,,375388.3006,
603586.SH,20260304,1.0543,2.6141,,340151.5733,
002054.SZ,20260304,16.4063,18.3292,,465241.4112,
600136.SH,20260304,1.1558,1.8629,,377552.7972,
002987.SZ,20260304,1.4329,3.4039,,1522392.5668,
603602.SH,20260304,2.7684,3.9963,,317010.8818,
001359.SZ,20260304,2.7365,2.7365,,1402218.4242,
688148.SH,20260304,2.1503,2.6978,,414770.6921,
001207.SZ,20260304,2.4345,4.9498,,570332.0126,
002106.SZ,20260304,2.0514,2.8601,,833568.885,
300895.SZ,20260304,3.5456,7.227,,722025.7691,
600998.SH,20260304,1.0106,2.1841,,2596872.1705,
600158.SH,20260304,3.5903,4.9754,,976784.3022,
300155.SZ,20260304,2.6201,3.6913,,283420.0107,
002226.SZ,20260304,1.0888,2.662,,1607896.173,
301005.SZ,20260304,6.7259,12.348,,2203894.4956,
688325.SH,20260304,1.4685,2.868,,896965.5632,
002237.SZ,20260304,5.267,7.6958,,2616845.8466,
300113.SZ,20260304,7.1232,7.9694,,1668584.8062,
601808.SH,20260304,5.7402,30.9191,,9867652.256,
603488.SH,20260304,8.7143,13.8429,,294618.354,
603006.SH,20260304,1.2219,4.3339,,338158.1525,
600797.SH,20260304,4.1803,4.4615,,981287.6834,
300041.SZ,20260304,3.7701,4.5779,,655657.4379,
300678.SZ,20260304,2.2195,3.3142,,882934.7668,
688180.SH,20260304,1.113,1.7218,,3051322.2966,
920242.BJ,20260304,0.9639,1.2923,,173882.5695,
688251.SH,20260304,3.6196,8.4002,,309553.7848,
603127.SH,20260304,1.9447,3.0385,,2383676.6878,
000929.SZ,20260304,1.1764,1.6005,,187995.192,
920130.BJ,20260304,2.6284,4.9481,,211421.4969,
002191.SZ,20260304,0.8879,1.2916,,556031.2934,
600582.SH,20260304,1.2227,3.1232,,2470737.5685,
300845.SZ,20260304,7.7895,8.6437,,251910.3475,
603565.SH,20260304,1.6869,4.1165,,2305869.2871,
002076.SZ,20260304,2.2915,2.5932,,226261.3962,
688409.SH,20260304,1.3638,2.2835,,2977593.5372,
688503.SH,20260304,5.1456,5.6038,,2180239.0561,
002270.SZ,20260304,3.0169,5.3426,,3117072.049,
920124.BJ,20260304,2.1942,2.5061,,260283.3013,
301112.SZ,20260304,1.1774,3.5808,,384830.434,
301109.SZ,20260304,9.3588,9.6596,,1343049.6331,
002908.SZ,20260304,1.7505,2.2211,,403820.4344,
300195.SZ,20260304,5.0933,5.4679,,376252.4873,
603165.SH,20260304,1.6549,3.1923,,383410.5262,
300085.SZ,20260304,2.5521,3.7787,,2532599.6774,
688112.SH,20260304,1.0871,3.5062,,650676.492,
300806.SZ,20260304,6.0609,6.7317,,2313192.4668,
605399.SH,20260304,1.9521,5.3298,,477986.3572,
600388.SH,20260304,1.5669,2.3426,,2475320.2251,
600505.SH,20260304,4.8107,10.8954,,548674.0875,
688172.SH,20260304,2.302,3.9015,,5226509.8531,
688449.SH,20260304,2.3801,4.3994,,2055280.0,
300750.SZ,20260304,0.5892,0.8921,,154669179.0699,
920056.BJ,20260304,3.8977,3.8977,,206026.4674,
300315.SZ,20260304,3.0248,3.0743,,1389004.4445,
000938.SZ,20260304,1.6804,2.3339,,6738348.1831,
001231.SZ,20260304,4.7984,7.3041,,244253.36,
600887.SH,20260304,0.8344,0.9124,,16205574.0289,
002354.SZ,20260304,4.3553,4.3553,,1002679.0069,
300307.SZ,20260304,1.4742,2.2503,,546778.229,
300637.SZ,20260304,4.7491,7.649,,278413.6542,
001311.SZ,20260304,5.6164,5.6164,,1118454.6211,
300762.SZ,20260304,4.7453,5.77,,2457858.0316,
000625.SZ,20260304,0.7339,1.4479,,10735696.8133,
301136.SZ,20260304,2.9859,6.4229,,458216.0253,
002681.SZ,20260304,1.8881,1.972,,1060639.4691,
301234.SZ,20260304,1.6975,2.3915,,279412.0,
000922.SZ,20260304,2.9608,4.6547,,1018153.2506,
688585.SH,20260304,0.7422,3.5037,,4326861.2563,
688226.SH,20260304,3.1079,5.8732,,853642.9014,
600256.SH,20260304,13.3649,20.7726,,4397698.0392,
600030.SH,20260304,1.2325,1.6724,,38740909.411,
603057.SH,20260304,0.9895,4.2391,,1371625.1088,
000828.SZ,20260304,1.4198,4.7054,,1091492.8416,
002183.SZ,20260304,2.3256,3.4367,,1254355.391,
002617.SZ,20260304,4.2246,4.6448,,1646093.053,
301089.SZ,20260304,1.6131,2.2554,,342176.328,
300688.SZ,20260304,3.3233,3.9147,,465314.9099,
688682.SH,20260304,2.1332,5.5819,,483836.5901,
688167.SH,20260304,5.8607,6.7983,,2986301.5611,
688689.SH,20260304,2.6705,7.6328,,412103.7254,
300644.SZ,20260304,3.2126,4.4932,,348307.6614,
300222.SZ,20260304,7.1833,7.5073,,951837.9492,
920184.BJ,20260304,2.0776,2.8487,,237113.3117,
600988.SH,20260304,5.1272,5.9995,,7901909.6781,
002548.SZ,20260304,5.2821,7.6733,,526718.4465,
301131.SZ,20260304,3.7265,4.3062,,232954.2918,
000605.SZ,20260304,1.9116,3.2477,,248271.6544,
000913.SZ,20260304,1.107,1.866,,791996.624,
601233.SH,20260304,3.8501,6.4678,,5210893.6051,
920357.BJ,20260304,1.1549,1.9621,,188107.92,
000967.SZ,20260304,1.0106,3.1395,,2555723.7297,
600062.SH,20260304,0.9759,2.4758,,1861453.4561,
601111.SH,20260304,1.1151,3.4711,,13592319.959,
601216.SH,20260304,3.0812,8.2024,,5121876.5557,
002175.SZ,20260304,2.9089,3.6004,,390694.9025,
688576.SH,20260304,1.5025,1.5093,,337974.4457,
301040.SZ,20260304,6.6014,10.6242,,371803.8333,
605186.SH,20260304,1.7441,3.5062,,277984.0,
688603.SH,20260304,10.4782,10.5071,,1070136.4159,
688321.SH,20260304,2.2286,3.162,,1296489.0329,
605368.SH,20260304,6.6107,15.9445,,628879.6052,
688359.SH,20260304,3.6543,5.986,,854685.6377,
603058.SH,20260304,2.8054,5.7694,,517913.796,
002922.SZ,20260304,3.9911,5.3736,,1888768.9314,
603786.SH,20260304,0.6847,3.2733,,2481295.5648,
301585.SZ,20260304,1.387,1.6396,,310960.0,
920271.BJ,20260304,1.0525,1.8107,,204083.88,
003003.SZ,20260304,4.3304,5.3803,,236451.36,
300424.SZ,20260304,5.8812,6.9161,,451600.6263,
002533.SZ,20260304,5.774,7.7102,,1125131.648,
000761.SZ,20260304,0.6438,4.254,,1478965.0511,
300712.SZ,20260304,8.6345,15.4401,,579704.7942,
688692.SH,20260304,1.2256,1.7329,,2646192.32,
000935.SZ,20260304,0.7447,2.0081,,2058998.5781,
002150.SZ,20260304,3.9925,7.8104,,970376.2113,
301191.SZ,20260304,3.6319,5.7844,,789389.328,
688439.SH,20260304,1.5526,3.8737,,1163600.0,
000915.SZ,20260304,1.3063,1.9129,,743768.1334,
300053.SZ,20260304,3.9054,4.7074,,1299670.6124,
001258.SZ,20260304,2.4846,6.3754,,751333.3339,
002566.SZ,20260304,2.8194,3.2766,,264099.3768,
301111.SZ,20260304,4.4249,9.3169,,324800.0,
000906.SZ,20260304,1.7846,3.3394,,420120.602,
600979.SH,20260304,9.0032,13.923,,666154.8928,
002787.SZ,20260304,3.0484,3.8221,,429696.3999,
000768.SZ,20260304,1.4437,3.1911,,8118174.1382,
688586.SH,20260304,1.542,4.0716,,1202044.178,
600436.SH,20260304,0.3344,0.683,,9438294.4332,
601788.SH,20260304,0.6188,1.3497,,7335763.1336,
688795.SH,20260304,6.1744,6.1744,,26274107.3021,
300509.SZ,20260304,3.4865,6.6361,,395397.6,
600707.SH,20260304,1.3226,3.6608,,2296569.4285,
920087.BJ,20260304,17.5138,38.7463,,365752.8,
600153.SH,20260304,0.9065,1.7035,,2716867.6223,
603839.SH,20260304,1.0132,3.7714,,292942.9785,
002698.SZ,20260304,1.0071,1.5562,,1537932.5095,
300671.SZ,20260304,4.9882,7.252,,887759.7046,
000678.SZ,20260304,2.1211,3.8587,,576353.1934,
002321.SZ,20260304,1.8413,3.0778,,494830.4965,
002872.SZ,20260304,3.1138,3.1376,,166950.0,
688696.SH,20260304,1.7402,2.2645,,651045.96,
301190.SZ,20260304,2.669,5.5348,,524571.606,
002156.SZ,20260304,5.3119,7.128,,7313299.5189,
920190.BJ,20260304,0.9172,1.739,,245200.0025,
000062.SZ,20260304,0.6817,2.2467,,2410820.9872,
300556.SZ,20260304,4.7111,4.8371,,224288.0025,
600189.SH,20260304,1.4992,2.6296,,593614.184,
688136.SH,20260304,1.0168,2.0135,,572174.3618,
601121.SH,20260304,5.2811,5.6236,,779965.4276,
600995.SH,20260304,0.9506,4.3482,,4688540.5159,
300233.SZ,20260304,1.6892,2.2057,,556618.1512,
688579.SH,20260304,1.8728,2.4834,,453211.33,
300701.SZ,20260304,1.8155,3.2448,,338999.4077,
300847.SZ,20260304,2.1615,5.7007,,529857.9,
300364.SZ,20260304,7.083,8.1327,,2050727.8322,
301626.SZ,20260304,8.8947,8.8947,,2857527.36,
000592.SZ,20260304,26.6265,32.1896,,2488133.7889,
600061.SH,20260304,0.8261,2.2895,,4590880.3232,
688252.SH,20260304,2.3117,2.7674,,836857.6637,
002467.SZ,20260304,6.6923,7.6795,,870610.3956,
300164.SZ,20260304,53.9637,60.6485,,1445254.3928,
601236.SH,20260304,0.5967,2.5739,,3721545.5284,
300487.SZ,20260304,2.1886,2.679,,3828686.2362,
605011.SH,20260304,1.8069,9.0405,,856214.0,
301291.SZ,20260304,13.396,13.396,,1816691.8,
600345.SH,20260304,6.469,9.9656,,1412717.5978,
000931.SZ,20260304,1.394,2.0333,,369032.2212,
605580.SH,20260304,1.7607,6.7413,,641480.0,
688084.SH,20260304,2.42,4.9688,,572663.4706,
603235.SH,20260304,0.253,2.709,,1210899.48,
603987.SH,20260304,1.2572,2.1316,,382628.8109,
688708.SH,20260304,1.3893,1.8144,,2449661.24,
603379.SH,20260304,1.1286,2.7521,,4416815.8327,
000762.SZ,20260304,4.3606,5.5113,,1504125.9651,
002724.SZ,20260304,2.9695,7.3186,,580166.4915,
300163.SZ,20260304,7.0438,7.4905,,234630.0,
300205.SZ,20260304,0.4705,0.7739,,194815.368,
002828.SZ,20260304,47.0415,55.1422,,328815.7136,
002362.SZ,20260304,2.7118,3.4235,,490620.4745,
001216.SZ,20260304,6.2883,20.4374,,491140.065,
600703.SH,20260304,1.6777,2.8382,,7313901.4538,
002441.SZ,20260304,4.7379,6.9686,,584295.2925,
002607.SZ,20260304,3.5597,3.8404,,1659030.4356,
600598.SH,20260304,5.1666,14.4089,,3087830.0019,
600281.SH,20260304,2.9872,5.2851,,319958.0596,
600008.SH,20260304,1.7313,3.2286,,2297604.8819,
000819.SZ,20260304,7.0049,10.5995,,617811.534,
002661.SZ,20260304,1.5228,2.5213,,306486.7226,
600533.SH,20260304,1.4316,2.5325,,265650.0,
002736.SZ,20260304,0.5124,1.8652,,12279849.9289,
688220.SH,20260304,2.3557,3.5734,,3409152.2454,
920418.BJ,20260304,1.3634,2.4596,,436284.576,
300337.SZ,20260304,4.2606,6.3358,,1126873.7501,
300871.SZ,20260304,3.2692,6.1204,,513722.3622,
920407.BJ,20260304,1.7018,2.8944,,181782.536,
300500.SZ,20260304,2.4608,4.5766,,203376.6219,
603125.SH,20260304,6.1152,6.1152,,743279.5845,
688300.SH,20260304,1.7907,4.5787,,1597077.2227,
603072.SH,20260304,2.6155,3.1269,,1116318.72,
300664.SZ,20260304,2.9883,4.2301,,434091.1346,
003006.SZ,20260304,1.2431,3.1106,,849413.6808,
300066.SZ,20260304,5.4163,8.4355,,773784.7469,
002691.SZ,20260304,2.1594,6.0132,,274720.0,
600968.SH,20260304,4.8698,26.541,,5722953.664,
001277.SZ,20260304,1.6481,3.2402,,304380.0,
000831.SZ,20260304,5.2956,8.5463,,6282427.1774,
603917.SH,20260304,2.8218,4.1942,,277833.92,
002788.SZ,20260304,3.83,6.2363,,568011.468,
000848.SZ,20260304,0.9371,1.6591,,833340.0605,
600168.SH,20260304,1.1616,2.9098,,514579.9407,
601568.SH,20260304,0.7722,2.0487,,1688194.4452,
601086.SH,20260304,1.7142,6.6123,,595404.0,
002189.SZ,20260304,1.2666,2.1912,,555309.6544,
688613.SH,20260304,3.9677,5.3009,,295801.5329,
300933.SZ,20260304,3.1565,5.3408,,460650.1623,
600510.SH,20260304,1.3685,3.4205,,946367.3441,
002157.SZ,20260304,1.8133,1.8133,,2950801.8659,
301319.SZ,20260304,3.9166,7.5983,,573096.3807,
301283.SZ,20260304,2.1564,3.6145,,374827.4683,
300957.SZ,20260304,1.1542,2.6345,,1845201.6,
600623.SH,20260304,2.6865,7.7867,,2097357.3046,
301115.SZ,20260304,2.9817,4.3688,,367967.3243,
600243.SH,20260304,1.5076,1.6723,,161057.95,
300759.SZ,20260304,1.5547,2.3581,,4960665.7956,
601059.SH,20260304,0.8365,3.9223,,5607147.0,
600054.SH,20260304,2.0501,4.856,,910265.5411,
603579.SH,20260304,2.2956,4.5252,,437288.8917,
002528.SZ,20260304,3.2778,6.9941,,360801.1997,
002271.SZ,20260304,2.4518,2.5575,,4132450.7682,
301152.SZ,20260304,3.8348,4.2216,,330690.9195,
688520.SH,20260304,0.3804,1.5994,,1642843.4489,
002823.SZ,20260304,2.7005,3.2353,,521449.891,
301070.SZ,20260304,3.909,4.7845,,546792.8304,
000545.SZ,20260304,12.8235,15.0419,,335523.2526,
920062.BJ,20260304,12.538,14.403,,228145.8889,
600643.SH,20260304,1.212,2.4248,,729672.2163,
600875.SH,20260304,7.2982,12.969,,13269728.5709,
002299.SZ,20260304,1.7298,3.6806,,2427797.1911,
603613.SH,20260304,1.2771,1.9524,,1820799.0535,
600688.SH,20260304,5.7329,22.5084,,3795342.3,
688153.SH,20260304,1.0707,3.1509,,1501792.3979,
002806.SZ,20260304,4.4506,4.8024,,335717.1186,
000020.SZ,20260304,1.4119,4.1338,,393027.7831,
300927.SZ,20260304,5.3386,14.4672,,451991.16,
600257.SH,20260304,4.4327,6.1647,,326278.8135,
002061.SZ,20260304,1.2012,2.4852,,1080417.0101,
603816.SH,20260304,0.8398,1.5477,,2751862.5887,
002878.SZ,20260304,2.9411,5.1131,,432810.333,
605136.SH,20260304,1.7489,3.5,,407666.753,
300291.SZ,20260304,1.7205,2.7587,,699824.0107,
002232.SZ,20260304,0.9197,2.077,,710057.2148,
688279.SH,20260304,1.1452,2.4643,,1953140.5954,
000546.SZ,20260304,4.6009,6.9575,,473587.7916,
002169.SZ,20260304,5.8109,7.4443,,1158402.0591,
002977.SZ,20260304,5.264,7.1751,,360960.6,
688065.SH,20260304,1.2886,2.3057,,3855293.9489,
603628.SH,20260304,3.2516,5.9195,,382072.0147,
600459.SH,20260304,5.0751,8.2659,,1796943.853,
600962.SH,20260304,1.0668,1.9244,,535957.24,
601985.SH,20260304,0.8194,2.0162,,17853025.8002,
600642.SH,20260304,1.178,3.3909,,4394883.2796,
600295.SH,20260304,0.6538,2.834,,4659962.4629,
600444.SH,20260304,2.6795,4.8427,,271173.4181,
605100.SH,20260304,1.246,2.7558,,694871.1,
301399.SZ,20260304,5.6452,6.6739,,360974.02,
600606.SH,20260304,0.6643,2.3944,,2262729.1486,
300320.SZ,20260304,2.96,3.5781,,672781.0597,
003036.SZ,20260304,2.1252,6.7702,,359009.7886,
301233.SZ,20260304,2.4936,3.427,,265791.08,
300313.SZ,20260304,0.8297,1.7216,,170722.6437,
605118.SH,20260304,0.9324,7.1285,,1787631.488,
300890.SZ,20260304,4.4419,4.6407,,350043.8028,
301309.SZ,20260304,3.9206,3.9206,,292856.7072,
002436.SZ,20260304,7.4763,7.7383,,4208391.742,
301290.SZ,20260304,2.373,2.3735,,266861.7618,
002173.SZ,20260304,7.0287,8.7835,,1222357.655,
300936.SZ,20260304,12.8088,19.4438,,362840.0,
002268.SZ,20260304,2.2636,3.5638,,1567809.2979,
688507.SH,20260304,3.1131,3.1131,,818820.6162,
001316.SZ,20260304,5.0398,16.188,,589390.9504,
603838.SH,20260304,0.3479,0.9575,,252812.64,
002519.SZ,20260304,8.4204,12.7456,,991259.1902,
603529.SH,20260304,0.6299,2.0961,,2422259.6134,
000900.SZ,20260304,1.1814,2.2105,,642041.3853,
600958.SH,20260304,0.7596,1.186,,8258739.2238,
601156.SH,20260304,1.5318,2.4041,,2829024.0008,
600770.SH,20260304,3.2746,5.8624,,756600.0,
600097.SH,20260304,2.5085,4.3872,,280932.0278,
688089.SH,20260304,1.2708,2.3627,,309015.5443,
603813.SH,20260304,0.7826,2.2324,,361881.69,
002153.SZ,20260304,1.6879,3.4899,,2961175.3175,
002410.SZ,20260304,2.2621,2.695,,2056670.7058,
002929.SZ,20260304,15.4724,23.6914,,1428937.9125,
002489.SZ,20260304,1.5613,2.9802,,748310.628,
002283.SZ,20260304,6.1867,7.9,,1106412.9198,
600255.SH,20260304,2.8723,3.2084,,662855.9325,
002583.SZ,20260304,1.9891,2.1661,,1985932.3641,
300040.SZ,20260304,15.3587,16.4181,,483844.6479,
920445.BJ,20260304,2.1377,2.4813,,157569.9716,
688310.SH,20260304,1.9348,5.6061,,272434.0719,
000796.SZ,20260304,3.4135,3.9936,,848404.3366,
002948.SZ,20260304,1.7796,2.9751,,3084788.0037,
300611.SZ,20260304,2.3735,2.7633,,529797.4468,
300951.SZ,20260304,1.0486,2.9693,,610689.1522,
688011.SH,20260304,2.9546,6.2235,,716500.0,
688668.SH,20260304,3.1621,5.8418,,2042681.9782,
000723.SZ,20260304,5.9556,9.5214,,2307430.6553,
688037.SH,20260304,2.043,2.8537,,4110575.6836,
603590.SH,20260304,1.0811,1.9804,,622367.007,
002258.SZ,20260304,1.9935,3.3792,,1251083.3874,
688369.SH,20260304,3.9006,4.9412,,264425.4729,
601107.SH,20260304,0.8114,6.2839,,1883764.96,
000980.SZ,20260304,1.783,2.4296,,1376615.5327,
920198.BJ,20260304,2.149,2.1992,,161525.2359,
300994.SZ,20260304,3.95,5.9734,,358489.344,
000521.SZ,20260304,1.9706,2.7513,,635462.9322,
688509.SH,20260304,2.7329,2.7329,,364980.0,
300863.SZ,20260304,1.3469,3.05,,1007305.2501,
300427.SZ,20260304,16.5285,20.0648,,724132.9044,
300743.SZ,20260304,3.122,4.5101,,279745.3136,
002449.SZ,20260304,2.104,2.6794,,492307.8265,
002846.SZ,20260304,2.8179,4.1658,,617390.6449,
003033.SZ,20260304,1.379,4.2754,,487230.0,
002798.SZ,20260304,2.1549,3.119,,313143.062,
300107.SZ,20260304,13.4862,16.8617,,486243.8796,
000001.SZ,20260304,0.5615,1.3354,,20783738.3901,
002130.SZ,20260304,4.0937,4.732,,3589311.1962,
603789.SH,20260304,1.2322,2.1593,,143215.884,
002078.SZ,20260304,0.9294,1.6901,,4619366.5517,
002361.SZ,20260304,9.805,10.8704,,1180234.3965,
600696.SH,20260304,1.6786,5.0844,,61876.8447,
688403.SH,20260304,3.1594,4.4674,,1425066.4839,
601939.SH,20260304,1.6131,2.3305,,232824339.4985,
603727.SH,20260304,11.1385,20.7925,,553014.9408,
002066.SZ,20260304,1.5781,2.6358,,457598.836,
688313.SH,20260304,6.4597,10.1092,,3814312.622,
688336.SH,20260304,0.5017,3.1374,,3456339.7248,
301658.SZ,20260304,53.4973,53.4973,,1546391.7563,
002939.SZ,20260304,0.7419,2.1134,,3764120.3499,
603272.SH,20260304,2.3585,5.4114,,226114.114,
000815.SZ,20260304,8.3689,12.5229,,937214.5712,
601128.SH,20260304,1.7027,2.0329,,2348096.143,
001239.SZ,20260304,2.5525,2.9216,,371280.0,
000002.SZ,20260304,1.2112,1.818,,5511987.7756,
300929.SZ,20260304,2.6537,3.321,,154991.9574,
301563.SZ,20260304,6.6213,6.6213,,956881.0748,
600182.SH,20260304,1.19,1.19,,481100.0,
603187.SH,20260304,2.4024,3.0063,,639132.241,
301108.SZ,20260304,1.8503,3.2923,,338456.6498,
688511.SH,20260304,1.2677,2.8122,,271674.5932,
002211.SZ,20260304,1.6365,2.621,,158718.6109,
301366.SZ,20260304,3.814,3.814,,705717.925,
688799.SH,20260304,1.1496,2.491,,544715.36,
002702.SZ,20260304,5.3048,7.048,,337902.08,
300800.SZ,20260304,1.2985,2.5596,,285768.113,
920266.BJ,20260304,1.2257,2.2421,,109492.0062,
688393.SH,20260304,2.0091,3.3863,,234106.3829,
603168.SH,20260304,1.8369,3.254,,257399.0354,
920010.BJ,20260304,19.5964,37.7935,,351750.0,
002277.SZ,20260304,1.3427,1.9752,,978709.3056,
002219.SZ,20260304,2.58,3.8018,,789259.9484,
600681.SH,20260304,13.111,26.2289,,627520.0511,
000089.SZ,20260304,0.8842,2.0547,,1429386.3478,
300479.SZ,20260304,4.0314,5.5097,,400978.1603,
600319.SH,20260304,1.2133,2.1067,,312493.7635,
002891.SZ,20260304,1.1235,2.2653,,1377004.6288,
301133.SZ,20260304,2.1258,4.6657,,441895.5781,
300982.SZ,20260304,3.8952,9.1544,,482228.7902,
600081.SH,20260304,0.6495,2.574,,624919.5721,
603662.SH,20260304,1.3099,2.8199,,1688629.9963,
300716.SZ,20260304,2.6831,3.4199,,237149.64,
601016.SH,20260304,1.9616,3.5093,,2086683.3436,
600769.SH,20260304,1.615,2.0207,,483720.588,
688015.SH,20260304,0.9722,2.0967,,457362.1186,
003041.SZ,20260304,2.2915,7.0816,,735696.0,
002174.SZ,20260304,2.0698,2.5389,,990588.8876,
002214.SZ,20260304,0.5519,0.6023,,1065619.5829,
000697.SZ,20260304,4.0626,5.4289,,1428198.3309,
000026.SZ,20260304,0.9996,1.8078,,601342.2584,
603636.SH,20260304,1.6067,2.4111,,579199.802,
920571.BJ,20260304,30.2286,39.5361,,749800.0616,
002640.SZ,20260304,3.6914,4.0128,,579591.3748,
600021.SH,20260304,1.8698,4.3727,,5845598.806,
001226.SZ,20260304,3.0604,4.9998,,323829.4779,
300910.SZ,20260304,1.3638,1.9202,,1605744.8184,
000978.SZ,20260304,1.5164,3.0034,,320200.92,
603683.SH,20260304,2.2882,3.4145,,682467.4034,
000037.SZ,20260304,3.743,6.3384,,586488.0059,
920175.BJ,20260304,2.1789,2.6152,,136136.0,
601606.SH,20260304,4.7895,11.6507,,3438636.4432,
600084.SH,20260304,0.8595,1.9672,,782113.8737,
300170.SZ,20260304,5.8838,5.9649,,2272411.0901,
002323.SZ,20260304,10.1529,13.267,,462346.421,
002563.SZ,20260304,1.1088,3.4675,,1411703.2438,
300044.SZ,20260304,5.8324,6.1046,,576721.2671,
603219.SH,20260304,0.6689,3.1841,,933608.2,
002264.SZ,20260304,3.5212,5.6817,,666545.2638,
688687.SH,20260304,1.7548,2.3214,,348384.732,
300615.SZ,20260304,4.7958,6.095,,267815.6712,
688459.SH,20260304,1.3758,1.9143,,454560.0,
603688.SH,20260304,3.7851,7.9488,,2611972.7096,
688582.SH,20260304,2.4805,3.3501,,2366243.0398,
300489.SZ,20260304,1.8007,3.2152,,574371.0676,
600000.SH,20260304,0.4857,1.3007,,31973604.768,
301156.SZ,20260304,3.3902,5.7623,,272136.7768,
601901.SH,20260304,0.8666,1.8242,,6034130.3225,
002026.SZ,20260304,1.8035,2.8356,,608374.6078,
688249.SH,20260304,2.2815,3.3656,,6197435.5686,
002412.SZ,20260304,3.9355,6.8545,,343685.6,
601777.SH,20260304,0.7356,1.7698,,4602479.8723,
920699.BJ,20260304,0.9651,1.5957,,200796.9453,
301360.SZ,20260304,5.9381,6.705,,428320.2,
000333.SZ,20260304,0.4159,0.6086,,57899458.5299,
605228.SH,20260304,1.6446,4.7549,,615826.6062,
300511.SZ,20260304,5.0714,5.2019,,455642.2284,
301148.SZ,20260304,2.7528,4.2991,,612541.6466,
000610.SZ,20260304,2.7686,3.7775,,217571.321,
300497.SZ,20260304,2.5481,2.7655,,811205.2946,
002570.SZ,20260304,8.6137,9.8196,,654506.2598,
600793.SH,20260304,1.3524,2.9423,,337886.6438,
920580.BJ,20260304,2.8463,4.2853,,131494.0,
002229.SZ,20260304,5.4387,5.4387,,804326.402,
000619.SZ,20260304,2.1989,3.3036,,271759.9999,
002790.SZ,20260304,1.8029,3.3,,330536.9893,
300097.SZ,20260304,3.0632,3.5727,,234013.7816,
601918.SH,20260304,4.1434,7.7718,,2113882.1088,
002985.SZ,20260304,8.1091,8.5095,,1302525.38,
002538.SZ,20260304,3.9809,5.8984,,673455.497,
300174.SZ,20260304,2.0588,2.666,,590749.2039,
688007.SH,20260304,1.8234,2.7499,,693559.9932,
002416.SZ,20260304,2.2824,4.4714,,1654441.211,
000953.SZ,20260304,3.299,4.9987,,266170.8358,
301428.SZ,20260304,4.9157,4.9157,,313957.3344,
600810.SH,20260304,2.2404,5.2829,,913466.2737,
300073.SZ,20260304,2.1882,2.8496,,2861896.1063,
603477.SH,20260304,2.593,4.8338,,921697.2327,
603376.SH,20260304,5.0236,5.0236,,1416403.541,
301119.SZ,20260304,2.09,6.2028,,493480.0,
000858.SZ,20260304,0.4715,1.0498,,39212004.0665,
603162.SH,20260304,10.1231,10.1231,,1377000.3471,
300322.SZ,20260304,5.2647,6.4798,,1258664.3866,
300371.SZ,20260304,2.3947,3.4958,,268021.4383,
603180.SH,20260304,0.9222,3.1042,,303115.2801,
603001.SH,20260304,1.8444,3.5336,,349253.58,
603161.SH,20260304,1.6887,3.0351,,301915.1659,
688323.SH,20260304,2.5519,4.5505,,398700.4962,
301602.SZ,20260304,0.9672,2.6843,,869509.1651,
002742.SZ,20260304,0.4813,0.6214,,290743.3674,
920599.BJ,20260304,0.7562,1.1662,,941238.375,
688365.SH,20260304,3.0828,7.4808,,875921.375,
603173.SH,20260304,1.1811,3.7766,,736000.0,
000570.SZ,20260304,2.5563,4.3305,,404361.8065,
003021.SZ,20260304,2.4304,5.9591,,2749427.5824,
688206.SH,20260304,0.9336,2.1708,,1436522.0928,
600259.SH,20260304,7.1702,11.6501,,3264101.1988,
300647.SZ,20260304,4.3703,5.3061,,295429.3815,
300276.SZ,20260304,4.3887,5.2691,,1141850.0369,
300122.SZ,20260304,1.2907,1.6781,,3741493.3746,
301387.SZ,20260304,5.498,7.1787,,605576.8883,
002419.SZ,20260304,1.3406,2.7881,,625333.5463,
300031.SZ,20260304,2.7628,2.8634,,872249.3657,
600893.SH,20260304,1.9444,3.9634,,15415131.4784,
002627.SZ,20260304,1.737,2.6089,,614461.9685,
002384.SZ,20260304,5.0771,5.7628,,17400271.554,
003020.SZ,20260304,1.1814,1.9381,,455296.1437,
603992.SH,20260304,1.2195,6.1979,,1323959.5025,
001314.SZ,20260304,3.3917,3.3917,,635434.47,
300662.SZ,20260304,1.8915,2.6829,,486702.1258,
001308.SZ,20260304,0.696,3.734,,1407352.208,
300749.SZ,20260304,8.4923,12.0227,,649771.4898,
002228.SZ,20260304,1.8996,3.2908,,505981.8073,
000635.SZ,20260304,3.9584,6.8655,,352749.5926,
603070.SH,20260304,3.7732,15.1269,,666863.0,
002923.SZ,20260304,5.1368,9.4989,,517410.1269,
603810.SH,20260304,4.6151,8.3899,,282065.8091,
300840.SZ,20260304,6.904,7.8315,,438960.0,
003008.SZ,20260304,1.8158,2.8609,,241904.0,
688198.SH,20260304,0.3274,1.2238,,1378032.3225,
601126.SH,20260304,4.0966,6.8544,,4042538.414,
688125.SH,20260304,1.3739,4.4965,,1896133.3073,
002306.SZ,20260304,2.804,3.4081,,205263.95,
920832.BJ,20260304,6.0327,6.29,,102685.2601,
600718.SH,20260304,2.2114,2.8672,,1113463.7691,
300530.SZ,20260304,0.7524,2.312,,450168.6448,
688115.SH,20260304,1.0005,2.4449,,295014.75,
600814.SH,20260304,2.2953,6.8312,,591003.1928,
601212.SH,20260304,2.9768,8.1931,,7508441.3542,
603211.SH,20260304,1.6053,5.7952,,566719.68,
300317.SZ,20260304,27.7471,36.6255,,476528.1445,
300118.SZ,20260304,7.4897,8.1087,,2098765.5218,
603518.SH,20260304,2.6362,3.968,,315651.7134,
600691.SH,20260304,8.2237,16.5614,,848225.5569,
001269.SZ,20260304,7.8205,26.3847,,494112.9528,
000789.SZ,20260304,0.856,1.6894,,449737.7821,
600435.SH,20260304,8.2441,13.3747,,2816010.1286,
002184.SZ,20260304,2.2852,2.5759,,428272.4863,
002407.SZ,20260304,2.9976,3.2031,,3421303.2033,
002468.SZ,20260304,1.8552,4.737,,2014535.6505,
300168.SZ,20260304,1.0829,1.36,,870139.6599,
001233.SZ,20260304,4.779,4.779,,1303301.1247,
688816.SH,20260304,6.6362,6.6362,,670100.0,
688238.SH,20260304,1.226,1.6254,,446537.2496,
688607.SH,20260304,2.5658,3.4078,,453952.6181,
002716.SZ,20260304,10.6208,12.2764,,4262863.8555,
002287.SZ,20260304,2.1349,11.2819,,1457757.1812,
688239.SH,20260304,3.99,5.178,,1359382.8224,
688383.SH,20260304,0.7901,2.4985,,670507.084,
688093.SH,20260304,1.0377,3.726,,977414.4094,
600508.SH,20260304,2.7299,7.3236,,970610.274,
603078.SH,20260304,3.5841,6.1565,,915888.464,
300455.SZ,20260304,1.8375,4.0824,,1884858.5999,
603598.SH,20260304,4.6113,9.1964,,577403.7318,
002797.SZ,20260304,3.9587,5.0146,,3126585.6,
301120.SZ,20260304,32.8833,42.5274,,1023320.1065,
920371.BJ,20260304,2.5367,8.7792,,231126.228,
688256.SH,20260304,1.41,2.9129,,47105606.9704,
002476.SZ,20260304,7.6293,9.7043,,400860.0,
300578.SZ,20260304,4.0093,5.514,,426676.4805,
002495.SZ,20260304,3.6138,4.3856,,247940.784,
688776.SH,20260304,1.6175,3.8347,,1159594.1999,
603023.SH,20260304,2.3583,4.5563,,271245.0598,
002327.SZ,20260304,1.6329,2.1255,,567492.2299,
688305.SH,20260304,2.0849,3.7574,,808072.6022,
001872.SZ,20260304,0.5669,6.3446,,5298628.023,
000877.SZ,20260304,0.3215,1.7043,,3711676.6643,
600664.SH,20260304,1.0503,1.9663,,868885.9072,
603085.SH,20260304,1.9553,3.4775,,430059.3,
002978.SZ,20260304,2.0894,5.5215,,1880879.9826,
688098.SH,20260304,0.5796,1.0229,,363009.296,
300432.SZ,20260304,1.7036,2.8373,,2778360.3933,
301221.SZ,20260304,3.5803,5.1334,,518684.88,
920405.BJ,20260304,0.9124,1.6942,,324281.12,
600409.SH,20260304,2.9981,5.5028,,1750568.3319,
688260.SH,20260304,4.1094,6.7944,,356160.0,
300761.SZ,20260304,2.348,4.4602,,1744032.6622,
300385.SZ,20260304,4.9851,7.7879,,376121.7572,
601609.SH,20260304,2.0753,4.2569,,1958547.0727,
002177.SZ,20260304,17.0978,17.5601,,674415.4865,
605268.SH,20260304,2.0974,12.0674,,514140.48,
002486.SZ,20260304,4.4474,5.6585,,243163.5145,
300589.SZ,20260304,27.1727,31.3931,,793858.1276,
301331.SZ,20260304,0.9884,2.7367,,278013.8787,
600550.SH,20260304,11.4713,25.7048,,3204259.5552,
300270.SZ,20260304,2.9494,4.0586,,322791.2258,
000798.SZ,20260304,17.9014,37.7255,,456591.6726,
301282.SZ,20260304,4.9923,8.1374,,436794.5075,
603712.SH,20260304,1.8356,3.5511,,1505400.0,
688079.SH,20260304,1.4689,3.2988,,473912.0398,
601686.SH,20260304,0.9769,1.9266,,894434.7262,
002860.SZ,20260304,2.3225,3.7061,,464388.8582,
000751.SZ,20260304,9.8478,12.8882,,1127710.1553,
002580.SZ,20260304,1.7638,2.2953,,581406.18,
605258.SH,20260304,2.4078,5.8751,,292072.0,
000028.SZ,20260304,1.0641,3.0591,,1403100.5591,
301004.SZ,20260304,1.1631,3.9668,,835323.9375,
688268.SH,20260304,6.117,13.3819,,829174.9651,
600742.SH,20260304,2.1879,3.8341,,792842.758,
300642.SZ,20260304,2.6606,3.1187,,275024.5174,
688591.SH,20260304,2.4773,2.4781,,936251.6115,
600399.SH,20260304,6.3463,9.1979,,1431744.6,
600015.SH,20260304,0.4931,1.4883,,10742576.7159,
920274.BJ,20260304,1.3238,4.3051,,199673.335,
688289.SH,20260304,0.8017,1.5268,,1045215.9628,
300823.SZ,20260304,3.7541,5.0282,,220967.8604,
600586.SH,20260304,4.1836,6.1786,,877332.0363,
301592.SZ,20260304,11.88,11.88,,890120.0,
603053.SH,20260304,3.3035,17.387,,942223.4,
603679.SH,20260304,3.9497,5.9446,,241481.8956,
600619.SH,20260304,1.9348,2.9563,,1896599.5654,
300679.SZ,20260304,2.6283,3.5098,,1621537.94,
603757.SH,20260304,4.2699,9.8218,,803832.139,
603516.SH,20260304,1.9209,2.777,,3140494.9106,
600771.SH,20260304,1.0744,1.2664,,831645.4486,
000962.SZ,20260304,4.807,8.1666,,2678809.806,
002920.SZ,20260304,1.2485,2.4801,,7006335.6805,
605500.SH,20260304,0.6942,2.9348,,359699.2,
688039.SH,20260304,2.042,3.8802,,513190.6074,
300852.SZ,20260304,4.266,9.1952,,787837.8778,
002652.SZ,20260304,6.9727,9.9605,,233501.184,
920662.BJ,20260304,7.4679,7.4679,,246015.5056,
600575.SH,20260304,1.75,4.7649,,2666046.6872,
000509.SZ,20260304,1.1306,1.9016,,354132.2572,
603081.SH,20260304,1.3999,2.3984,,517983.9567,
601698.SH,20260304,1.4587,6.631,,15520392.0037,
002847.SZ,20260304,1.1553,2.8569,,1644984.7837,
920504.BJ,20260304,3.2665,4.032,,106079.4288,
301536.SZ,20260304,4.796,5.1376,,3205035.7632,
300977.SZ,20260304,2.4276,5.9298,,288469.6477,
300185.SZ,20260304,2.852,3.4748,,1196424.6374,
002746.SZ,20260304,2.5005,3.8552,,546442.0916,
301003.SZ,20260304,2.4067,4.5612,,450601.4854,
600066.SH,20260304,0.6478,1.1103,,6506767.3764,
301068.SZ,20260304,1.0138,1.5397,,401619.3388,
300870.SZ,20260304,4.889,10.2912,,2955310.1658,
920082.BJ,20260304,18.1731,18.2495,,260621.515,
600782.SH,20260304,2.2355,4.1945,,1311817.1254,
301018.SZ,20260304,5.354,10.1953,,2678085.1092,
300259.SZ,20260304,1.9412,3.4928,,546297.308,
603676.SH,20260304,0.4546,1.9151,,457354.7365,
605303.SH,20260304,1.8931,4.4944,,272007.5073,
688029.SH,20260304,0.9505,1.6682,,1351186.5064,
301116.SZ,20260304,0.8301,3.2485,,487591.838,
300885.SZ,20260304,2.5941,4.8897,,581667.8192,
688199.SH,20260304,3.2052,4.4012,,436280.9412,
603087.SH,20260304,1.0253,1.6693,,3706874.6376,
600579.SH,20260304,3.1423,8.5522,,449670.2914,
603559.SH,20260304,1.5669,2.2272,,287715.5939,
002658.SZ,20260304,6.2969,8.4674,,699337.0164,
603867.SH,20260304,4.9001,6.4002,,779907.4604,
688658.SH,20260304,1.3899,2.5108,,802350.0,
601279.SH,20260304,0.6883,3.2615,,675544.8296,
600908.SH,20260304,1.5865,2.0798,,1255357.9295,
001335.SZ,20260304,7.384,7.384,,408517.0025,
301252.SZ,20260304,7.3777,7.3777,,642718.2211,
300180.SZ,20260304,2.3613,3.2991,,1151733.3414,
605339.SH,20260304,0.2707,1.691,,742508.578,
601000.SH,20260304,0.7975,1.7752,,2494815.9465,
002262.SZ,20260304,0.7966,1.3489,,2300756.6105,
600138.SH,20260304,2.5909,3.3731,,678238.08,
300324.SZ,20260304,2.6542,2.908,,886253.9752,
920592.BJ,20260304,1.6904,2.6653,,286822.25,
603843.SH,20260304,0.3035,0.4263,,405781.4775,
300850.SZ,20260304,7.7923,8.3815,,1966907.7163,
300082.SZ,20260304,1.6496,3.5126,,655614.6648,
002708.SZ,20260304,2.1132,3.0095,,705432.9486,
600733.SH,20260304,1.5288,2.3337,,4960012.9364,
600119.SH,20260304,1.9533,3.6061,,225371.8183,
301321.SZ,20260304,4.221,6.6503,,394682.895,
688002.SH,20260304,1.6022,2.0784,,5026641.373,
000860.SZ,20260304,0.8625,1.3992,,1032539.6487,
300257.SZ,20260304,1.4583,3.6067,,2416520.3638,
301628.SZ,20260304,11.287,13.2095,,843832.081,
600517.SH,20260304,0.9557,4.6845,,4117273.7357,
000572.SZ,20260304,2.2893,3.4953,,1041054.8577,
601988.SH,20260304,0.2011,3.4675,,172383640.3205,
920834.BJ,20260304,2.0635,3.9188,,173640.0072,
600236.SH,20260304,0.5387,4.1067,,8552379.9152,
688667.SH,20260304,2.5922,5.6263,,500448.7551,
920978.BJ,20260304,2.2938,2.4471,,492017.803,
002745.SZ,20260304,2.8717,3.4059,,1215532.2808,
603871.SH,20260304,0.9705,2.3943,,2058853.0303,
300363.SZ,20260304,1.8026,2.8186,,1122751.5356,
600620.SH,20260304,0.8846,2.2479,,432606.5812,
600056.SH,20260304,1.0647,2.2538,,1543747.8999,
002431.SZ,20260304,1.7531,2.9115,,454206.0008,
301246.SZ,20260304,3.8187,3.9827,,793213.4844,
603699.SH,20260304,1.3365,3.6517,,4225291.7996,
002293.SZ,20260304,1.3278,2.5297,,846350.1182,
600098.SH,20260304,1.4325,5.3993,,2674974.9805,
688693.SH,20260304,3.1325,3.9878,,278747.3702,
300654.SZ,20260304,4.0574,7.5994,,404567.9615,
300288.SZ,20260304,2.4061,2.7493,,443041.178,
002437.SZ,20260304,2.6368,2.8326,,718713.0566,
002783.SZ,20260304,3.0667,3.8707,,496860.8588,
002732.SZ,20260304,1.709,4.0698,,267652.35,
002752.SZ,20260304,1.1648,3.2199,,605689.4502,
603997.SH,20260304,0.7354,1.2691,,1678117.3556,
301526.SZ,20260304,10.206,13.358,,4928537.6087,
000998.SZ,20260304,11.8884,14.3898,,1622270.6593,
300135.SZ,20260304,14.3086,21.5843,,430387.2,
600410.SH,20260304,35.2585,35.2585,,3186413.5488,
600654.SH,20260304,1.933,2.9916,,987001.993,
601566.SH,20260304,1.0872,3.8055,,628653.0421,
688023.SH,20260304,3.4004,4.5515,,532332.8252,
603496.SH,20260304,5.8077,7.8589,,969593.5878,
300177.SZ,20260304,1.6511,1.7864,,698030.5839,
603966.SH,20260304,7.0567,11.0175,,488371.9579,
002739.SZ,20260304,2.0526,2.933,,2158237.8396,
002246.SZ,20260304,16.4015,30.6958,,1323722.8883,
000952.SZ,20260304,1.971,2.6444,,255554.9998,
603215.SH,20260304,0.8655,2.2812,,356709.2678,
301130.SZ,20260304,2.2245,2.7296,,234226.7255,
920344.BJ,20260304,0.3652,0.9673,,265911.23,
002832.SZ,20260304,4.5098,5.5625,,931393.9611,
605499.SH,20260304,0.4469,1.3267,,13012270.848,
600630.SH,20260304,1.7473,2.4991,,356034.0183,
688646.SH,20260304,2.1591,2.1704,,435784.5498,
600807.SH,20260304,2.9958,3.8122,,285737.0181,
601328.SH,20260304,0.9747,1.1065,,58850280.2925,
688712.SH,20260304,6.9148,6.9148,,1577094.0,
600559.SH,20260304,1.2259,1.6408,,1351996.7222,
300420.SZ,20260304,2.6982,3.1744,,442087.8902,
300639.SZ,20260304,2.9089,4.8681,,406648.9239,
688382.SH,20260304,1.6831,2.3136,,1141659.9212,
301258.SZ,20260304,1.0739,2.8242,,300219.25,
688100.SH,20260304,0.6321,2.202,,2011484.0509,
600596.SH,20260304,2.3874,3.4162,,1707240.267,
300961.SZ,20260304,2.2921,2.9194,,242696.32,
603296.SH,20260304,1.2723,1.459,,8806399.4225,
600519.SH,20260304,0.3834,0.884,,175465597.9854,
300296.SZ,20260304,12.1552,12.9753,,2204837.4815,
601567.SH,20260304,1.4038,2.9522,,3628250.6708,
605336.SH,20260304,1.6143,5.0517,,242471.2589,
002397.SZ,20260304,2.3132,3.5162,,309581.5174,
688496.SH,20260304,1.9711,4.2026,,273600.0,
300083.SZ,20260304,2.6544,2.8066,,1351868.4223,
300854.SZ,20260304,5.6756,9.0421,,237963.4875,
600560.SH,20260304,1.3487,2.4579,,350676.144,
301180.SZ,20260304,10.551,24.1571,,773619.34,
000903.SZ,20260304,1.3885,2.0993,,508864.0798,
301235.SZ,20260304,7.5515,10.3397,,528429.7583,
300545.SZ,20260304,6.3683,7.4121,,614062.6159,
920593.BJ,20260304,1.6671,3.231,,567868.3057,
603980.SH,20260304,12.1081,18.6863,,510332.3534,
002342.SZ,20260304,10.9174,15.0951,,1368000.0,
000830.SZ,20260304,2.2918,4.4875,,3582024.0597,
003030.SZ,20260304,2.4084,3.6434,,253053.84,
000156.SZ,20260304,1.0755,2.0515,,1434169.7101,
688657.SH,20260304,2.8716,3.348,,303134.6106,
300098.SZ,20260304,2.6827,2.8273,,978371.4208,
002181.SZ,20260304,2.5148,7.7101,,1132031.7197,
000927.SZ,20260304,1.5664,4.9991,,1724350.7877,
603657.SH,20260304,1.6498,5.0658,,359740.7231,
603612.SH,20260304,3.6184,4.8768,,1642748.5058,
603779.SH,20260304,1.9471,2.9181,,212200.8798,
300576.SZ,20260304,3.2031,3.7611,,1361421.8976,
600697.SH,20260304,3.0376,4.0572,,201246.4149,
300179.SZ,20260304,13.5089,17.3405,,1248310.5001,
301207.SZ,20260304,1.0016,4.2474,,1135941.975,
002629.SZ,20260304,16.7156,20.6945,,311051.54,
688557.SH,20260304,2.6661,4.9165,,350650.9706,
002545.SZ,20260304,2.5106,5.5684,,3555529.4332,
688629.SH,20260304,13.7937,13.7937,,5425885.6209,
002992.SZ,20260304,1.1218,2.0472,,958784.6341,
000422.SZ,20260304,10.2897,15.5054,,1939258.6702,
300466.SZ,20260304,4.8794,8.0185,,517857.421,
600173.SH,20260304,1.7325,4.3255,,538689.3016,
688484.SH,20260304,1.6482,1.6482,,1640088.257,
300892.SZ,20260304,2.3631,3.9496,,288100.0,
603321.SH,20260304,1.4418,3.2331,,260620.4333,
600303.SH,20260304,2.531,3.0113,,220120.5559,
301525.SZ,20260304,4.9316,5.5309,,817777.3403,
000410.SZ,20260304,1.3357,1.9094,,1933823.2966,
300234.SZ,20260304,4.4745,5.2764,,296870.9431,
603400.SH,20260304,8.5432,8.5432,,686000.0,
300599.SZ,20260304,6.6742,7.627,,354908.3829,
301413.SZ,20260304,5.0001,5.0001,,1292608.475,
688539.SH,20260304,2.5443,3.212,,771939.84,
688479.SH,20260304,10.2606,13.0424,,445940.766,
000552.SZ,20260304,4.0946,7.2127,,1418229.8185,
688719.SH,20260304,3.9039,4.1722,,478849.4847,
002709.SZ,20260304,2.2497,2.6564,,8247430.3853,
920857.BJ,20260304,0.6482,2.1629,,192566.6095,
000068.SZ,20260304,1.3171,2.3126,,339248.2834,
301135.SZ,20260304,5.0216,6.929,,299433.024,
603026.SH,20260304,2.6037,3.8288,,1464852.8831,
002079.SZ,20260304,3.5933,4.6747,,848708.268,
688335.SH,20260304,1.9535,3.6622,,529815.8048,
002558.SZ,20260304,1.6466,2.7113,,6889646.9258,
603205.SH,20260304,1.3024,1.3024,,416208.0,
600458.SH,20260304,1.2593,2.2759,,1287232.1182,
002584.SZ,20260304,3.1738,3.2814,,488655.7124,
002318.SZ,20260304,1.3145,2.1049,,3302837.0336,
000823.SZ,20260304,3.7355,5.3741,,807650.2605,
920429.BJ,20260304,1.0562,2.0736,,171934.5,
000551.SZ,20260304,2.5007,3.8893,,672809.4678,
600792.SH,20260304,6.1462,18.8477,,541642.7168,
603382.SH,20260304,1.9139,1.9139,,520916.4316,
300176.SZ,20260304,4.7225,6.3048,,291235.1616,
000016.SZ,20260304,2.1563,3.2099,,833149.1112,
300339.SZ,20260304,5.285,5.5836,,3663489.8686,
600287.SH,20260304,1.791,3.799,,247226.5779,
688387.SH,20260304,3.2029,5.7016,,5326412.5,
600151.SH,20260304,3.7774,6.0657,,2039506.7521,
000536.SZ,20260304,1.4512,2.5013,,1192160.1381,
688269.SH,20260304,2.0379,2.7431,,582286.32,
002885.SZ,20260304,13.0133,18.7734,,864766.9619,
001388.SZ,20260304,3.0904,3.0904,,677040.0,
002289.SZ,20260304,0.4484,0.7478,,779665.8852,
600901.SH,20260304,0.5147,1.3016,,3712586.3823,
002353.SZ,20260304,4.8722,5.8586,,11836797.2853,
001256.SZ,20260304,1.3091,10.3261,,304049.9737,
300493.SZ,20260304,3.3332,4.3778,,901012.0006,
002127.SZ,20260304,1.2077,1.3923,,726641.6393,
603333.SH,20260304,2.6222,4.8844,,534513.724,
600821.SH,20260304,14.5258,19.1973,,1571846.3375,
600653.SH,20260304,1.543,2.0995,,360080.3586,
002344.SZ,20260304,1.4812,3.1513,,598982.1203,
301162.SZ,20260304,3.7936,4.3396,,894674.9696,
920077.BJ,20260304,2.0813,2.7718,,1006698.9525,
300283.SZ,20260304,5.4737,6.374,,388139.9914,
688156.SH,20260304,3.961,5.4785,,215024.7252,
001369.SZ,20260304,4.088,4.088,,1633328.0,
002105.SZ,20260304,2.356,4.6753,,266257.8977,
601728.SH,20260304,0.2265,1.2246,,53714690.4163,
002461.SZ,20260304,0.574,3.619,,2102662.056,
300501.SZ,20260304,3.5643,4.6858,,287210.5493,
002253.SZ,20260304,1.8712,2.3062,,230815.4952,
002360.SZ,20260304,5.3211,5.6675,,220172.2879,
300949.SZ,20260304,2.9282,5.9066,,233520.0,
301046.SZ,20260304,2.4569,4.2359,,436453.0531,
603988.SH,20260304,2.6188,5.545,,614107.2,
688578.SH,20260304,3.119,6.064,,4502250.0,
001391.SZ,20260304,1.7773,1.9359,,6971271.1795,
300998.SZ,20260304,2.4319,3.7742,,316312.2444,
001218.SZ,20260304,1.7951,2.2479,,324143.8674,
603619.SH,20260304,25.6693,31.6952,,2175302.459,
002439.SZ,20260304,1.6152,1.778,,1647504.2788,
603037.SH,20260304,2.0777,3.1464,,401978.761,
300078.SZ,20260304,2.5283,3.0453,,481802.9311,
002946.SZ,20260304,0.6939,3.1088,,1617212.4532,
001267.SZ,20260304,10.1289,15.9354,,2638153.3181,
300465.SZ,20260304,3.1073,4.2789,,746386.4185,
600689.SH,20260304,2.7513,4.1857,,271740.2957,
301550.SZ,20260304,3.5448,5.0699,,3398354.85,
300572.SZ,20260304,2.7388,2.9776,,620559.6805,
002125.SZ,20260304,2.8614,4.9528,,914644.3829,
003017.SZ,20260304,5.9442,7.1806,,273168.0,
600748.SH,20260304,0.7804,1.8671,,901991.2542,
000965.SZ,20260304,2.3995,4.9422,,425065.2328,
603275.SH,20260304,4.0258,4.0258,,635255.8038,
300838.SZ,20260304,2.5989,4.0243,,217315.35,
600323.SH,20260304,0.7184,1.326,,2300094.2989,
002088.SZ,20260304,0.948,2.6714,,568026.7027,
600103.SH,20260304,2.6379,3.6307,,811179.2824,
920663.BJ,20260304,1.2218,2.0381,,208475.4681,
600192.SH,20260304,2.7901,4.6138,,423194.584,
300815.SZ,20260304,1.7052,3.0351,,961802.496,
600363.SH,20260304,2.2399,2.7999,,2652576.7514,
600743.SH,20260304,0.8232,1.8068,,448105.2669,
688339.SH,20260304,7.4348,9.1352,,811795.7734,
002561.SZ,20260304,1.1153,1.7559,,345083.29,
002590.SZ,20260304,1.9236,3.6604,,692935.0568,
688275.SH,20260304,4.7529,5.4662,,1132796.0347,
000513.SZ,20260304,1.0296,1.7729,,3002014.1452,
603136.SH,20260304,1.5665,2.9255,,308214.5761,
688117.SH,20260304,1.0185,1.528,,571311.1001,
600938.SH,20260304,8.7801,11.2787,,203665852.8214,
300496.SZ,20260304,3.0013,3.2729,,3008835.5703,
600085.SH,20260304,0.8569,1.8021,,4074638.1484,
002953.SZ,20260304,3.5147,4.7979,,620373.5158,
920839.BJ,20260304,0.9812,1.9666,,430638.9244,
002138.SZ,20260304,3.5173,3.797,,3315581.0716,
002840.SZ,20260304,1.845,3.1938,,772486.2365,
300370.SZ,20260304,6.3681,7.9517,,452393.729,
600088.SH,20260304,1.4284,3.3129,,597752.7192,
300380.SZ,20260304,1.9503,3.203,,512086.046,
002409.SZ,20260304,3.196,3.8263,,4310001.052,
301538.SZ,20260304,2.7859,3.2316,,606816.0,
600558.SH,20260304,1.8956,2.845,,552026.9711,
002547.SZ,20260304,2.8912,3.9482,,391435.8373,
601965.SH,20260304,0.9164,2.4491,,1878721.8034,
603729.SH,20260304,3.8836,5.5344,,160168.008,
000995.SZ,20260304,11.5766,17.1146,,265224.96,
002357.SZ,20260304,7.2173,10.2959,,502836.4137,
603701.SH,20260304,1.0041,1.9751,,503383.0213,
300864.SZ,20260304,1.6654,5.8761,,351509.1804,
600403.SH,20260304,5.183,33.4317,,1735729.8039,
601966.SH,20260304,1.2891,2.835,,2142567.9279,
603444.SH,20260304,1.7567,2.9748,,2761551.5246,
000035.SZ,20260304,10.3467,17.1762,,1807740.8061,
600197.SH,20260304,0.9169,1.6174,,606609.9872,
603580.SH,20260304,0.8855,2.7143,,201759.4208,
600516.SH,20260304,2.3612,3.8284,,2516231.48,
300436.SZ,20260304,3.9827,6.3229,,1683452.19,
603557.SH,20260304,1.4961,2.2247,,212591.9788,
603861.SH,20260304,10.1275,22.2523,,1148081.3764,
920471.BJ,20260304,5.4678,9.1117,,126297.6,
601222.SH,20260304,1.555,2.5646,,1264943.8618,
301596.SZ,20260304,2.2236,2.6429,,525650.0236,
600261.SH,20260304,1.166,2.1858,,493969.5974,
688182.SH,20260304,1.2474,4.2126,,1191200.0,
000629.SZ,20260304,2.2114,4.9639,,3753542.9294,
300433.SZ,20260304,1.2287,3.2536,,16923643.2292,
000813.SZ,20260304,1.1369,1.9147,,746569.5722,
603004.SH,20260304,4.3991,4.3991,,571607.04,
600722.SH,20260304,29.0171,66.0105,,815022.9718,
000600.SZ,20260304,3.1067,5.5007,,1666188.5634,
600322.SH,20260304,1.8716,2.4592,,245465.4,
600448.SH,20260304,2.7435,3.3719,,200912.4722,
688253.SH,20260304,1.5338,3.0302,,459034.4429,
603377.SH,20260304,0.7968,1.2603,,257369.8864,
002487.SZ,20260304,2.8784,4.7705,,4594346.3102,
300263.SZ,20260304,5.5123,6.4225,,1159207.0582,
603421.SH,20260304,4.1816,9.5661,,528274.3139,
000554.SZ,20260304,46.7377,46.7377,,558681.8355,
002038.SZ,20260304,1.877,2.5219,,623601.45,
000158.SZ,20260304,2.6013,3.9537,,3259579.4941,
002122.SZ,20260304,1.2293,1.8442,,592444.1702,
300223.SZ,20260304,6.412,7.9544,,5790488.676,
301183.SZ,20260304,8.0525,10.1389,,1261442.7416,
600177.SH,20260304,1.0266,2.4104,,3227162.4476,
002160.SZ,20260304,6.5627,11.1424,,607275.3262,
301439.SZ,20260304,4.4612,7.1647,,659138.4644,
002817.SZ,20260304,2.57,4.2925,,241073.125,
603876.SH,20260304,3.1802,5.8175,,1737729.6883,
603611.SH,20260304,1.7007,2.6373,,587329.8035,
688053.SH,20260304,0.917,2.1191,,415800.0,
601229.SH,20260304,0.3964,0.6128,,14010083.929,
603160.SH,20260304,0.9236,1.6607,,3360656.5414,
301217.SZ,20260304,3.1701,11.4754,,3804352.3314,
300419.SZ,20260304,1.7295,2.0348,,238304.443,
301073.SZ,20260304,1.6766,4.1266,,551657.6175,
603991.SH,20260304,2.9972,4.1058,,1418978.6253,
000803.SZ,20260304,7.8774,11.4384,,466296.153,
688105.SH,20260304,0.3493,1.0699,,781946.1135,
920101.BJ,20260304,3.0232,3.0232,,345003.4334,
601868.SH,20260304,1.7002,4.5451,,10589555.5635,
600779.SH,20260304,0.9539,2.5973,,1730148.8497,
301687.SZ,20260304,6.9997,6.9997,,852692.384,
601456.SH,20260304,0.7648,1.1907,,5362479.6089,
002664.SZ,20260304,2.3228,4.7571,,929471.4,
603301.SH,20260304,1.5422,3.3767,,2413254.9867,
300377.SZ,20260304,4.2439,4.9953,,1492994.123,
301590.SZ,20260304,8.9762,8.9762,,774618.6178,
000517.SZ,20260304,0.8782,2.9733,,655888.0319,
002546.SZ,20260304,14.1945,23.7468,,926628.5457,
300899.SZ,20260304,5.3215,8.9802,,252136.0411,
600497.SH,20260304,3.5448,5.9632,,5156309.2341,
300435.SZ,20260304,11.4873,17.3535,,1206510.264,
300084.SZ,20260304,30.368,32.786,,638029.3232,
002365.SZ,20260304,2.5968,2.8751,,410787.405,
300653.SZ,20260304,1.0237,1.8163,,352980.0,
002206.SZ,20260304,2.5692,2.9212,,796111.9457,
603045.SH,20260304,7.2901,10.1623,,438977.7474,
002363.SZ,20260304,1.8673,3.2349,,352693.4246,
688535.SH,20260304,5.5244,5.5244,,1139690.014,
600640.SH,20260304,1.1863,3.8745,,984275.8778,
002695.SZ,20260304,0.988,2.7025,,575813.7892,
301315.SZ,20260304,5.142,5.142,,463320.0,
000628.SZ,20260304,7.7716,9.0372,,1940710.52,
003029.SZ,20260304,2.351,3.7196,,449779.7873,
300571.SZ,20260304,4.0851,5.2172,,391097.8081,
000338.SZ,20260304,2.3117,2.3477,,23021281.784,
688512.SH,20260304,3.5219,3.5219,,519130.0254,
002735.SZ,20260304,4.73,5.4476,,654759.2318,
603096.SH,20260304,1.6143,4.0178,,275463.0385,
688596.SH,20260304,2.1342,2.5796,,937984.1194,
301491.SZ,20260304,5.0849,5.0849,,700599.0,
300547.SZ,20260304,4.3402,4.9865,,771969.0733,
603391.SH,20260304,3.7311,3.7311,,644280.0,
003043.SZ,20260304,5.2512,7.4831,,738879.637,
300062.SZ,20260304,13.5648,15.642,,568833.4451,
600761.SH,20260304,2.1246,3.3112,,1801871.4555,
300070.SZ,20260304,1.556,2.7745,,1442435.3265,
300981.SZ,20260304,0.7133,2.3427,,518497.7354,
300407.SZ,20260304,4.2863,5.472,,423733.6127,
301307.SZ,20260304,4.4443,4.9926,,699402.6,
601727.SH,20260304,1.2061,2.7626,,13364504.607,
600897.SH,20260304,1.7326,5.4138,,682937.892,
002131.SZ,20260304,8.6968,9.1427,,5634119.8809,
002008.SZ,20260304,4.3672,5.4202,,7212371.873,
002717.SZ,20260304,3.7077,3.9584,,309439.7049,
603615.SH,20260304,0.8479,1.8125,,499358.3,
300346.SZ,20260304,4.5006,5.1677,,3521444.4208,
601857.SH,20260304,0.6637,9.3375,,242319774.631,
603707.SH,20260304,0.7269,2.2942,,1502540.7881,
601500.SH,20260304,1.1114,1.3736,,692941.6605,
001205.SZ,20260304,11.5924,13.4194,,304189.718,
300486.SZ,20260304,5.1318,7.1463,,1137045.9145,
920050.BJ,20260304,2.723,2.8847,,240938.429,
688389.SH,20260304,0.9113,1.4336,,557888.4205,
600977.SH,20260304,1.781,5.4572,,2598864.0,
601218.SH,20260304,3.9467,5.4833,,536844.5656,
300926.SZ,20260304,1.552,3.3343,,1242589.2196,
300046.SZ,20260304,1.9409,2.6343,,771565.3322,
600053.SH,20260304,0.9902,3.7407,,748724.9616,
300224.SZ,20260304,2.9363,4.9015,,1598943.3164,
002514.SZ,20260304,2.3337,2.9404,,348496.5838,
600880.SH,20260304,2.1981,3.4133,,565252.6916,
300140.SZ,20260304,4.0569,5.1444,,2324300.262,
301503.SZ,20260304,2.4166,3.0641,,295040.0,
300100.SZ,20260304,1.1185,2.1191,,1883539.8214,
920180.BJ,20260304,14.1507,14.1507,,223016.3108,
688196.SH,20260304,1.963,7.8519,,1068402.678,
300483.SZ,20260304,28.3911,34.9242,,870794.6489,
603370.SH,20260304,2.1751,2.1751,,804770.0,
600367.SH,20260304,24.4071,36.2297,,852486.1241,
301487.SZ,20260304,4.7803,5.2201,,1046087.0129,
600251.SH,20260304,2.1878,3.9454,,859354.9028,
002943.SZ,20260304,6.1393,6.7942,,1217920.6223,
688343.SH,20260304,8.7652,9.6469,,3457586.4987,
688314.SH,20260304,1.3887,3.7676,,303590.7858,
002991.SZ,20260304,1.9126,2.6898,,498238.6167,
300428.SZ,20260304,2.9615,7.0821,,1642653.401,
600935.SH,20260304,1.0596,2.9466,,1002931.9176,
002591.SZ,20260304,5.1747,6.0255,,216443.828,
600820.SH,20260304,0.9515,1.5827,,2009077.4041,
002208.SZ,20260304,4.0038,9.8516,,1202527.9653,
002254.SZ,20260304,2.802,4.3963,,1012184.5331,
601068.SH,20260304,2.2008,19.0367,,1930142.2285,
300120.SZ,20260304,2.0589,2.2222,,477321.355,
603880.SH,20260304,2.006,3.8025,,179495.082,
603595.SH,20260304,1.2828,2.5386,,383297.3956,
300218.SZ,20260304,2.8046,4.4365,,360415.407,
920119.BJ,20260304,5.2978,5.2978,,707529.2493,
000560.SZ,20260304,6.1515,8.3107,,763182.2757,
301555.SZ,20260304,5.5722,6.8248,,322103.0497,
688619.SH,20260304,1.9815,4.2084,,272037.6076,
300182.SZ,20260304,7.8468,8.4249,,1683537.7994,
603956.SH,20260304,2.7244,4.8508,,339094.2402,
688287.SH,20260304,2.2293,4.5217,,161544.8016,
001222.SZ,20260304,1.3594,1.9085,,391706.28,
300338.SZ,20260304,2.0504,2.2751,,152594.7583,
002222.SZ,20260304,3.4705,4.2671,,3155377.5,
002240.SZ,20260304,3.0861,4.1087,,3630970.7902,
603055.SH,20260304,1.0527,3.5456,,834204.7172,
600285.SH,20260304,1.6289,2.0758,,1202851.9458,
002062.SZ,20260304,1.5245,2.4039,,1116018.3419,
600854.SH,20260304,1.6345,2.4109,,265962.7715,
688308.SH,20260304,5.6332,9.7896,,1200389.7125,
000626.SZ,20260304,1.3452,3.2933,,366291.2227,
603042.SH,20260304,20.0227,25.9971,,329690.9415,
688377.SH,20260304,4.3538,6.7903,,889433.523,
002017.SZ,20260304,2.127,3.8145,,1229354.7833,
000525.SZ,20260304,8.1835,10.4035,,890057.2835,
300351.SZ,20260304,9.9735,13.6061,,766531.6978,
001331.SZ,20260304,4.7734,19.3986,,1530023.04,
688327.SH,20260304,3.8192,3.8192,,1496548.4173,
300139.SZ,20260304,28.7532,30.4726,,2134460.0,
600171.SH,20260304,1.234,1.6483,,2069347.1215,
601579.SH,20260304,1.5351,3.7115,,843855.5998,
688006.SH,20260304,1.3323,3.8238,,1622670.7446,
603258.SH,20260304,1.296,2.4439,,440477.4402,
300146.SZ,20260304,1.8415,2.1884,,1931895.1694,
920505.BJ,20260304,3.9904,8.0541,,310067.7494,
601801.SH,20260304,1.1455,5.2119,,1298108.4101,
920221.BJ,20260304,1.0724,1.7866,,179281.8,
300879.SZ,20260304,1.4063,2.7096,,460254.9462,
603190.SH,20260304,3.9874,4.0461,,318697.86,
688711.SH,20260304,3.2735,3.979,,640770.0286,
920833.BJ,20260304,4.0715,7.0255,,162084.48,
601991.SH,20260304,1.2047,4.4466,,7402684.2016,
002129.SZ,20260304,3.523,5.0281,,3929908.5314,
300645.SZ,20260304,4.387,6.2323,,251670.5584,
600572.SH,20260304,2.5661,3.8549,,1093223.8028,
300386.SZ,20260304,1.7189,2.117,,650058.42,
600233.SH,20260304,0.7522,1.5677,,6478933.8522,
603319.SH,20260304,1.9956,2.6087,,1196520.064,
603110.SH,20260304,5.7587,7.0957,,330011.8405,
600667.SH,20260304,6.732,10.1259,,2074809.8406,
920278.BJ,20260304,1.7841,1.9811,,157224.5,
688416.SH,20260304,6.9516,10.6949,,724639.665,
002218.SZ,20260304,6.962,11.2791,,863355.5554,
603178.SH,20260304,0.6484,1.6616,,387242.6611,
920493.BJ,20260304,5.6042,7.6458,,953499.4884,
600731.SH,20260304,2.2957,3.0302,,424644.2362,
603600.SH,20260304,1.6433,3.4038,,354224.3582,
301273.SZ,20260304,2.2265,4.0905,,216859.7044,
002771.SZ,20260304,4.4448,4.5391,,323036.714,
920427.BJ,20260304,3.3672,5.69,,140724.675,
600594.SH,20260304,1.0951,1.43,,305683.9764,
603993.SH,20260304,1.2499,3.0734,,49185519.0946,
301037.SZ,20260304,3.1674,5.4431,,213830.7331,
600060.SH,20260304,0.8107,1.5539,,2863109.1253,
603156.SH,20260304,0.4352,1.0757,,3780832.698,
002917.SZ,20260304,1.555,2.3027,,472755.3079,
002641.SZ,20260304,1.4168,3.4479,,523593.989,
600127.SH,20260304,17.0779,21.71,,472352.4484,
601011.SH,20260304,8.4923,12.3592,,716458.5376,
300129.SZ,20260304,7.0129,7.3831,,1472557.1094,
600185.SH,20260304,2.6065,4.7349,,1221483.7552,
600738.SH,20260304,1.7962,3.7195,,378383.6123,
603999.SH,20260304,2.1337,5.0607,,409536.0,
600751.SH,20260304,3.4249,6.7574,,1159735.1132,
920270.BJ,20260304,1.9882,5.7137,,201699.648,
002622.SZ,20260304,2.6364,3.4603,,234360.0,
002916.SZ,20260304,0.9704,2.7071,,18248453.0801,
600576.SH,20260304,1.7205,2.5616,,651710.9359,
600775.SH,20260304,3.0186,4.619,,1239165.0453,
300092.SZ,20260304,4.7125,6.1574,,422115.7606,
600710.SH,20260304,1.9965,5.0496,,1714455.2574,
688519.SH,20260304,2.2458,5.5551,,2514397.4314,
300818.SZ,20260304,2.4828,3.0246,,704963.1669,
600798.SH,20260304,16.1692,29.3374,,511570.5012,
300464.SZ,20260304,3.0403,4.4336,,317726.8461,
601528.SH,20260304,2.0838,2.167,,1034059.0552,
601588.SH,20260304,1.1739,2.3098,,606063.6,
301201.SZ,20260304,2.6241,3.602,,640360.5175,
603967.SH,20260304,2.222,6.542,,450320.0563,
000159.SZ,20260304,14.4511,18.7249,,348497.3449,
001396.SZ,20260304,11.309,11.309,,585932.1421,
688030.SH,20260304,1.0695,1.8823,,289999.4151,
002418.SZ,20260304,2.9166,3.7698,,542062.8,
603660.SH,20260304,2.2597,2.9239,,580968.1204,
301189.SZ,20260304,1.077,2.9506,,477691.0924,
600778.SH,20260304,2.479,4.0292,,209322.1885,
688665.SH,20260304,0.9476,3.0471,,485572.0837,
300881.SZ,20260304,5.1333,9.7456,,560230.0,
002120.SZ,20260304,1.6353,3.7016,,1942464.7176,
601211.SH,20260304,0.7785,0.9627,,32172789.6379,
300258.SZ,20260304,3.4302,5.4237,,818481.093,
001255.SZ,20260304,2.6415,6.8487,,339340.9067,
300978.SZ,20260304,2.1264,2.62,,501748.1512,
688786.SH,20260304,6.5328,10.6037,,511928.0107,
600711.SH,20260304,3.0378,3.7024,,4694638.946,
603719.SH,20260304,0.886,2.0313,,417842.0,
300730.SZ,20260304,3.2718,4.2212,,296842.0438,
000100.SZ,20260304,2.2048,2.2751,,9859608.7999,
300272.SZ,20260304,2.8324,3.4917,,448818.5924,
600239.SH,20260304,1.4718,2.4981,,358068.1807,
000759.SZ,20260304,3.4993,5.4969,,418014.5253,
000539.SZ,20260304,1.324,4.1449,,2630392.277,
002818.SZ,20260304,1.2079,2.4277,,838274.0128,
000548.SZ,20260304,2.1051,3.1101,,275567.1277,
301211.SZ,20260304,0.7965,2.6009,,496944.0,
920368.BJ,20260304,5.4282,8.9806,,1089850.8025,
002339.SZ,20260304,6.5225,7.8493,,581722.4842,
300522.SZ,20260304,1.8868,3.111,,374688.6511,
301096.SZ,20260304,2.2388,2.66,,480385.993,
920961.BJ,20260304,2.651,3.3197,,363529.0929,
688353.SH,20260304,1.7478,3.9056,,1658162.0,
002989.SZ,20260304,1.652,3.3929,,600588.2718,
301153.SZ,20260304,1.1479,2.7132,,728989.2983,
002880.SZ,20260304,1.0312,3.7498,,657039.6,
603031.SH,20260304,7.0091,9.9628,,1315164.2691,
002792.SZ,20260304,8.362,10.0231,,2269781.518,
603040.SH,20260304,0.9078,1.9698,,1284049.9814,
300617.SZ,20260304,20.0801,31.4241,,1073951.3704,
600863.SH,20260304,1.6453,3.518,,4113474.519,
301159.SZ,20260304,4.5915,6.9323,,337942.15,
688659.SH,20260304,1.7337,3.1533,,163040.0,
301021.SZ,20260304,5.566,9.4037,,909321.2358,
300102.SZ,20260304,7.0579,11.0206,,3048145.7543,
300088.SZ,20260304,3.0166,3.3865,,1583563.0891,
301169.SZ,20260304,1.6797,4.3311,,375691.3952,
000690.SZ,20260304,3.0781,3.7806,,998732.5287,
000733.SZ,20260304,3.4226,4.9612,,2903847.8184,
600551.SH,20260304,0.9167,2.4182,,550580.8541,
002020.SZ,20260304,1.2105,1.61,,1325984.8756,
300757.SZ,20260304,5.902,8.8331,,7003504.9181,
603011.SH,20260304,8.0799,12.435,,1288444.0228,
300484.SZ,20260304,2.2625,2.4567,,372895.02,
920183.BJ,20260304,81.0568,81.0568,,260914.16,
605198.SH,20260304,0.4253,2.4608,,1356803.28,
605050.SH,20260304,1.7017,4.6769,,629835.6933,
300166.SZ,20260304,7.8122,8.3436,,1377882.3551,
600571.SH,20260304,2.2579,2.8196,,663104.6354,
002091.SZ,20260304,1.2789,2.2613,,1424250.3538,
920914.BJ,20260304,1.8568,3.2015,,261843.142,
300321.SZ,20260304,1.3369,2.8014,,340015.2,
002861.SZ,20260304,7.4819,8.9625,,363253.7259,
300668.SZ,20260304,2.4876,4.0187,,301555.0889,
920058.BJ,20260304,1.2967,2.5478,,171419.5844,
920634.BJ,20260304,4.0627,8.6819,,162200.4481,
688710.SH,20260304,1.8873,2.6669,,672472.7636,
301305.SZ,20260304,6.4893,6.5018,,657829.3123,
001260.SZ,20260304,1.6627,6.0224,,243455.0,
603273.SH,20260304,4.127,4.127,,392193.522,
688158.SH,20260304,7.4452,8.4179,,1600718.2241,
600241.SH,20260304,1.89,3.6795,,244565.0576,
601766.SH,20260304,0.9569,2.39,,17649801.4141,
688420.SH,20260304,1.7321,1.7321,,223020.46,
300960.SZ,20260304,1.4261,5.0523,,359666.2199,
688048.SH,20260304,10.2941,16.1613,,3102526.9968,
601169.SH,20260304,0.8858,1.2801,,11311496.5855,
001358.SZ,20260304,2.7091,2.9448,,354939.2,
001896.SZ,20260304,16.8666,44.2117,,2175764.1766,
603787.SH,20260304,1.5838,4.4942,,296655.3453,
300323.SZ,20260304,5.5474,6.5031,,1386040.9726,
600476.SH,20260304,2.8104,4.6327,,202948.2,
300492.SZ,20260304,0.7949,2.2878,,1343921.6693,
600352.SH,20260304,3.0365,4.0521,,5257384.2858,
688230.SH,20260304,0.9458,3.783,,734059.2,
600706.SH,20260304,2.1581,3.2231,,256335.0839,
300260.SZ,20260304,3.2439,5.1868,,2164230.4329,
301517.SZ,20260304,4.3537,7.0944,,907877.9921,
301193.SZ,20260304,4.408,10.0121,,526201.3034,
300101.SZ,20260304,3.9362,5.5676,,1405566.6075,
000669.SZ,20260304,6.6295,8.3609,,270802.7012,
605389.SH,20260304,0.6472,2.5981,,1014805.234,
600477.SH,20260304,2.8739,4.7101,,827997.921,
000928.SZ,20260304,4.3758,8.5222,,1034378.7717,
002969.SZ,20260304,7.2605,14.7097,,2403508.6135,
688337.SH,20260304,2.1312,5.8686,,843159.8395,
688091.SH,20260304,1.3628,2.5444,,973574.1444,
002662.SZ,20260304,1.864,3.2152,,576000.0,
600482.SH,20260304,2.4671,4.9403,,7732104.4649,
603713.SH,20260304,1.528,2.8849,,1046801.9978,
301210.SZ,20260304,4.9672,4.9672,,452497.3906,
300798.SZ,20260304,10.8667,13.9091,,405091.0172,
688538.SH,20260304,1.088,1.4167,,3369502.7805,
002888.SZ,20260304,2.8376,4.1947,,296467.9713,
301173.SZ,20260304,2.2372,2.2372,,388668.8661,
000791.SZ,20260304,3.4821,8.7682,,2595071.7936,
002625.SZ,20260304,1.0716,1.4886,,9755973.8391,
600373.SH,20260304,1.6263,3.7025,,1215317.5645,
300507.SZ,20260304,2.0501,3.1784,,717379.6287,
605338.SH,20260304,0.753,2.1427,,642038.6542,
603489.SH,20260304,4.33,16.1452,,774004.7127,
301303.SZ,20260304,3.7662,3.7719,,640998.4,
002158.SZ,20260304,1.2445,3.2296,,1341622.8648,
688356.SH,20260304,1.3428,2.4335,,589646.1054,
002637.SZ,20260304,3.0549,4.8428,,632218.944,
601598.SH,20260304,1.0356,5.178,,4124906.9555,
300275.SZ,20260304,1.7584,1.8378,,361597.9498,
920608.BJ,20260304,2.0941,2.7574,,116077.6,
301630.SZ,20260304,14.1441,14.1441,,812000.0,
301500.SZ,20260304,31.6168,31.6168,,1517270.4081,
300598.SZ,20260304,1.8144,2.471,,874436.4162,
600577.SH,20260304,3.1378,3.7079,,3036912.9414,
688798.SH,20260304,1.8259,2.2749,,1658943.3738,
920260.BJ,20260304,13.7969,32.0978,,133890.15,
601003.SH,20260304,0.9141,5.3808,,1409536.26,
601001.SH,20260304,2.673,6.2829,,2893827.3,
300832.SZ,20260304,0.6849,1.3507,,4112452.1207,
600400.SH,20260304,1.1958,3.2081,,504101.8074,
688213.SH,20260304,2.2395,2.4428,,3638060.1663,
301393.SZ,20260304,1.8308,1.8308,,509112.0,
600111.SH,20260304,3.935,6.3498,,20244368.7152,
688410.SH,20260304,1.5281,2.8666,,501772.9765,
300621.SZ,20260304,2.2871,3.7582,,176432.0816,
300919.SZ,20260304,1.4607,3.2792,,5498931.3548,
301125.SZ,20260304,2.7094,4.6678,,319097.0779,
600776.SH,20260304,2.5989,6.0541,,2089984.1065,
600231.SH,20260304,1.1481,3.8468,,661112.8047,
301102.SZ,20260304,1.2946,5.1782,,455532.0,
600155.SH,20260304,1.6592,1.8539,,1447656.78,
600110.SH,20260304,5.1335,7.3193,,1367322.5744,
300266.SZ,20260304,1.7127,2.902,,397774.6724,
000705.SZ,20260304,2.748,3.0902,,295699.1081,
603439.SH,20260304,0.7206,1.4332,,470269.7484,
300204.SZ,20260304,1.4909,2.3428,,1165765.0342,
300328.SZ,20260304,6.032,8.2811,,1242072.0564,
688151.SH,20260304,2.1226,7.1582,,808197.0,
603768.SH,20260304,1.1901,2.721,,264606.913,
002155.SZ,20260304,11.0234,16.9756,,6061524.4548,
300027.SZ,20260304,3.2168,3.2448,,466116.9944,
688680.SH,20260304,3.7817,6.1013,,442301.7622,
600817.SH,20260304,0.8874,3.0346,,620766.2587,
920810.BJ,20260304,6.1491,10.4652,,126588.0,
002542.SZ,20260304,0.8786,1.5038,,579763.4729,
300608.SZ,20260304,2.1797,3.3353,,381588.1044,
300889.SZ,20260304,6.0716,7.6091,,592851.2994,
603108.SH,20260304,2.6259,3.7097,,869301.7301,
002850.SZ,20260304,1.8938,2.1739,,4330356.471,
002777.SZ,20260304,1.7234,2.8096,,738898.1788,
600211.SH,20260304,0.8346,1.8454,,1327310.4491,
688345.SH,20260304,1.3014,4.581,,358574.9775,
002388.SZ,20260304,3.7103,4.172,,259945.0784,
688788.SH,20260304,2.5052,5.7399,,947835.1731,
002256.SZ,20260304,3.1593,4.2073,,721808.0096,
002896.SZ,20260304,1.8183,3.4469,,1516368.9217,
000767.SZ,20260304,6.4241,12.3618,,1110776.1411,
600123.SH,20260304,5.1615,9.4662,,1013589.1344,
000631.SZ,20260304,0.6547,2.0812,,886253.2611,
300602.SZ,20260304,6.8628,9.1461,,2159877.0559,
002097.SZ,20260304,1.4964,2.2078,,1172407.435,
603669.SH,20260304,1.1321,2.6017,,310135.8385,
300826.SZ,20260304,1.6986,2.954,,294126.2763,
688598.SH,20260304,3.0748,3.4952,,527235.7146,
688266.SH,20260304,0.9956,1.52,,2005164.509,
603195.SH,20260304,0.1932,1.1448,,7640225.7076,
603200.SH,20260304,1.9811,4.0459,,1284163.3938,
920237.BJ,20260304,0.9237,2.5498,,194038.2288,
601366.SH,20260304,1.5915,2.6477,,417078.162,
600588.SH,20260304,1.4594,2.7899,,4459181.6187,
002855.SZ,20260304,5.9572,16.3658,,316156.452,
002865.SZ,20260304,7.1259,11.2577,,2601561.6626,
002012.SZ,20260304,3.2407,4.1522,,328273.0799,
000785.SZ,20260304,0.7084,2.1774,,1749800.7167,
001328.SZ,20260304,3.9925,3.9925,,625679.5892,
002261.SZ,20260304,19.7507,22.0115,,4686573.0833,
000719.SZ,20260304,1.8576,4.0841,,1266726.2413,
300568.SZ,20260304,2.9515,3.0586,,1820746.4946,
603068.SH,20260304,2.1645,3.5678,,506210.7089,
000882.SZ,20260304,2.1101,2.9392,,498198.0544,
001238.SZ,20260304,0.262,0.8421,,569503.98,
600493.SH,20260304,2.4632,3.6774,,207808.0,
920489.BJ,20260304,1.9705,1.9705,,227204.568,
301371.SZ,20260304,1.7135,1.7135,,1217043.36,
001278.SZ,20260304,12.3882,12.3882,,321830.5734,
300797.SZ,20260304,1.4299,3.9774,,633032.4593,
600537.SH,20260304,11.4212,11.4212,,383523.6658,
301631.SZ,20260304,3.6694,3.6694,,853537.9335,
301333.SZ,20260304,1.5228,3.8993,,635408.0832,
688368.SH,20260304,1.3539,3.9198,,1093865.9452,
301200.SZ,20260304,0.7408,5.0118,,6875731.9126,
002372.SZ,20260304,0.8096,1.9813,,1883380.9398,
300002.SZ,20260304,2.1495,2.1838,,2022254.7342,
002063.SZ,20260304,2.5579,3.3529,,1174690.3139,
920100.BJ,20260304,3.1199,3.1199,,438722.4792,
300311.SZ,20260304,2.7313,3.0848,,361065.7604,
003009.SZ,20260304,10.9309,27.8004,,1166837.5429,
002689.SZ,20260304,1.4456,2.9663,,388111.5897,
600578.SH,20260304,0.7773,3.7957,,3615095.3481,
300685.SZ,20260304,1.2005,1.5493,,763887.0169,
600621.SH,20260304,1.5838,3.5397,,1645454.8019,
688090.SH,20260304,2.5412,3.794,,643666.5366,
301636.SZ,20260304,23.491,23.491,,522438.7921,
300404.SZ,20260304,2.3606,2.6227,,373491.5896,
601155.SH,20260304,0.7198,2.1945,,3645086.5353,
603366.SH,20260304,2.2512,5.6958,,739873.7719,
300480.SZ,20260304,7.9871,9.1346,,915239.9876,
603616.SH,20260304,11.0968,17.2338,,287618.73,
688789.SH,20260304,0.9352,1.7697,,1505138.4935,
301259.SZ,20260304,2.8171,3.2738,,542724.0,
688499.SH,20260304,2.527,3.9101,,885655.949,
601963.SH,20260304,1.5332,4.1829,,3637896.6765,
301459.SZ,20260304,4.4031,4.4031,,405762.7325,
002454.SZ,20260304,1.5042,2.6831,,539951.5944,
603949.SH,20260304,1.3858,4.608,,370896.6026,
300513.SZ,20260304,2.3587,2.379,,288282.1714,
600258.SH,20260304,1.5169,2.7351,,1873660.0454,
300848.SZ,20260304,2.8882,5.2595,,691466.4052,
300972.SZ,20260304,0.8735,1.7015,,3689092.9297,
600446.SH,20260304,1.5826,2.0995,,1304596.7259,
300197.SZ,20260304,2.1384,3.2946,,527823.0582,
300401.SZ,20260304,4.6743,6.689,,855965.1004,
002532.SZ,20260304,2.7923,3.9122,,8757571.1892,
002807.SZ,20260304,2.1998,2.3345,,1100242.5767,
601688.SH,20260304,1.3487,1.8801,,18360640.9407,
300251.SZ,20260304,3.4392,6.9678,,5171916.4056,
300454.SZ,20260304,2.7637,3.339,,4879287.584,
688229.SH,20260304,3.2278,6.2291,,360572.4,
000056.SZ,20260304,8.2044,10.2609,,230593.0029,
920145.BJ,20260304,4.378,7.0866,,123885.8,
600309.SH,20260304,1.4118,2.4276,,27692152.0036,
300106.SZ,20260304,4.4921,7.7209,,229929.5533,
600271.SH,20260304,1.1385,2.1491,,1756534.6368,
600095.SH,20260304,0.7648,2.4798,,2910653.1224,
301083.SZ,20260304,7.6534,11.5682,,344705.6006,
603075.SH,20260304,4.382,4.382,,905586.9998,
002033.SZ,20260304,2.1043,3.842,,500036.547,
688195.SH,20260304,4.5968,7.0427,,2760329.0,
002856.SZ,20260304,3.6354,5.6644,,180101.3474,
002600.SZ,20260304,1.06,2.4945,,10288745.9558,
600754.SH,20260304,0.9451,2.0193,,2919525.1397,
002789.SZ,20260304,1.562,3.2799,,154834.8086,
688072.SH,20260304,1.9515,3.1068,,10729106.276,
300240.SZ,20260304,9.792,16.6846,,286846.5974,
601005.SH,20260304,2.119,3.3255,,1380875.1477,
920171.BJ,20260304,1.885,3.1524,,208384.8956,
688443.SH,20260304,2.3989,2.3989,,939434.16,
301390.SZ,20260304,4.4048,4.9757,,233940.0,
300029.SZ,20260304,1.9188,2.1999,,99852.237,
002910.SZ,20260304,3.3931,6.0375,,223697.013,
603357.SH,20260304,1.4177,2.7128,,452386.3726,
688233.SH,20260304,3.1967,5.5394,,1394293.0606,
600563.SH,20260304,2.0316,3.5385,,2566350.0,
688016.SH,20260304,2.7248,4.5655,,1325191.0199,
603630.SH,20260304,1.7085,4.1446,,395684.4471,
300709.SZ,20260304,6.1714,7.0137,,785615.7472,
600981.SH,20260304,1.2167,3.7332,,690669.4231,
300888.SZ,20260304,0.65,2.1595,,1964198.4424,
600176.SH,20260304,2.1754,4.1342,,10576287.2354,
600637.SH,20260304,1.3581,2.5479,,3506461.5091,
300857.SZ,20260304,2.853,4.5335,,8523223.9366,
600032.SH,20260304,0.8281,3.7385,,2007903.8955,
300138.SZ,20260304,2.5361,2.824,,661847.1274,
300868.SZ,20260304,4.4813,6.1471,,450774.896,
688078.SH,20260304,1.7149,3.2659,,190469.409,
920017.BJ,20260304,0.9782,1.7178,,223449.7812,
920627.BJ,20260304,2.1207,3.6398,,203917.55,
301395.SZ,20260304,3.3539,3.3539,,364275.657,
002230.SZ,20260304,2.0101,2.3557,,11956875.2338,
300984.SZ,20260304,3.296,5.4974,,782755.6227,
002387.SZ,20260304,1.4838,2.4762,,1162134.3078,
603918.SH,20260304,3.0526,4.0687,,525754.8374,
001229.SZ,20260304,2.3359,4.1847,,364317.534,
002540.SZ,20260304,2.0126,2.8597,,928346.5945,
600186.SH,20260304,3.9801,4.9443,,996777.1404,
300737.SZ,20260304,2.938,4.5511,,788078.8839,
600708.SH,20260304,1.7484,3.6853,,900369.2442,
003012.SZ,20260304,0.8748,2.0917,,794846.0555,
688215.SH,20260304,1.5306,3.6688,,418173.479,
600800.SH,20260304,8.7955,14.1683,,485089.7594,
600716.SH,20260304,1.808,3.7762,,418419.0837,
002701.SZ,20260304,1.8088,2.7221,,1348993.7672,
300979.SZ,20260304,0.1482,0.9548,,5454558.0,
600489.SH,20260304,2.0872,3.8534,,15651972.2692,
920014.BJ,20260304,23.971,36.9071,,187050.1005,
003027.SZ,20260304,2.5467,3.6363,,283930.7904,
600377.SH,20260304,0.3568,2.8832,,6010032.7675,
603163.SH,20260304,3.5785,13.3127,,1222500.0,
000739.SZ,20260304,0.5737,1.1737,,1977463.1842,
002314.SZ,20260304,1.8352,2.8743,,679653.4108,
301353.SZ,20260304,4.0237,4.0237,,275496.5847,
600744.SH,20260304,16.974,37.8372,,1669584.1532,
002276.SZ,20260304,2.9361,3.9523,,1631875.7698,
688352.SH,20260304,3.2239,3.2239,,1623035.8981,
605077.SH,20260304,1.3284,2.1298,,461848.0979,
002517.SZ,20260304,2.1345,2.3767,,4475848.5752,
301220.SZ,20260304,1.8616,2.1775,,400336.482,
301212.SZ,20260304,2.3478,8.1521,,309960.0,
300042.SZ,20260304,13.4095,17.8532,,688173.6,
688450.SH,20260304,6.4885,9.4654,,206910.0,
601136.SH,20260304,0.419,2.3784,,4712267.4712,
002773.SZ,20260304,0.8937,1.9312,,2460848.2681,
600329.SH,20260304,0.5933,1.3946,,3144295.2555,
920541.BJ,20260304,1.1617,1.7628,,187689.1,
600336.SH,20260304,1.0088,1.6443,,579358.7223,
603150.SH,20260304,3.3792,5.5757,,495715.917,
920547.BJ,20260304,2.0201,3.178,,183732.12,
601199.SH,20260304,1.2362,3.5066,,569543.0678,
600936.SH,20260304,1.2589,1.9174,,643345.102,
301629.SZ,20260304,12.2452,12.2452,,1160018.2172,
003004.SZ,20260304,1.1002,2.2187,,234862.8469,
600161.SH,20260304,0.9095,1.8236,,3080744.7129,
603823.SH,20260304,1.6211,5.0307,,696999.5365,
002371.SZ,20260304,0.8764,1.6351,,32530487.8061,
601669.SH,20260304,1.747,2.8235,,9646649.227,
920212.BJ,20260304,1.2633,2.2144,,141431.3,
301310.SZ,20260304,1.3728,1.5999,,507436.299,
002225.SZ,20260304,3.1455,3.7186,,722205.9886,
002644.SZ,20260304,1.6954,4.5126,,431505.165,
301296.SZ,20260304,1.4137,2.3818,,347050.1391,
002998.SZ,20260304,4.8114,7.3489,,294349.2138,
603227.SH,20260304,1.7415,2.994,,947376.3371,
603368.SH,20260304,2.033,2.7265,,681217.4738,
002292.SZ,20260304,3.4513,4.1405,,1245065.1449,
000736.SZ,20260304,1.2381,2.5879,,386249.8733,
002480.SZ,20260304,1.6592,2.3553,,454578.684,
603088.SH,20260304,5.9519,11.1593,,634013.6131,
002995.SZ,20260304,7.6376,10.3038,,412759.1205,
300776.SZ,20260304,4.146,5.3194,,2347110.2291,
600293.SH,20260304,3.2665,4.5616,,399089.8958,
301049.SZ,20260304,4.8402,8.0707,,227998.8149,
300228.SZ,20260304,23.2482,23.6582,,690026.5091,
002791.SZ,20260304,4.0645,5.2269,,803318.9795,
688388.SH,20260304,5.571,7.0401,,1890994.1786,
300554.SZ,20260304,5.0096,5.7549,,269310.8986,
605133.SH,20260304,1.246,2.726,,803064.3917,
300091.SZ,20260304,0.884,1.38,,827035.1145,
601033.SH,20260304,2.2494,2.2494,,1377900.0,
301038.SZ,20260304,0.8615,2.7143,,481629.72,
301239.SZ,20260304,0.6545,1.2497,,464417.525,
300606.SZ,20260304,10.3093,14.9841,,482142.1736,
301031.SZ,20260304,3.06,3.9104,,1382807.3587,
300907.SZ,20260304,1.3571,3.5249,,274752.0,
000868.SZ,20260304,1.1578,1.7295,,433116.2928,
300702.SZ,20260304,2.8222,4.1168,,789560.1738,
001319.SZ,20260304,3.8417,5.0646,,371457.8,
300452.SZ,20260304,3.2065,3.8944,,347929.7271,
000571.SZ,20260304,2.8043,3.9547,,622633.718,
600581.SH,20260304,2.4068,4.8157,,429211.4036,
000721.SZ,20260304,1.5728,2.4332,,472905.3898,
002165.SZ,20260304,13.5458,16.9152,,828649.1063,
300842.SZ,20260304,5.7445,6.4186,,1537204.9607,
002263.SZ,20260304,2.202,3.0543,,634885.7138,
603885.SH,20260304,0.8626,2.0537,,2799894.7536,
603511.SH,20260304,0.6532,4.6612,,587085.5392,
300676.SZ,20260304,1.5372,2.486,,1836411.9593,
000607.SZ,20260304,2.0502,3.8375,,432521.8243,
002870.SZ,20260304,3.0758,5.4863,,489076.0801,
600501.SH,20260304,2.0908,3.8818,,1110631.6232,
300579.SZ,20260304,1.5659,3.2599,,770040.0,
920121.BJ,20260304,3.5902,3.5902,,260110.4365,
688584.SH,20260304,1.4069,3.2042,,1413433.5418,
300080.SZ,20260304,3.982,9.3859,,1015372.1963,
002990.SZ,20260304,1.8372,2.9217,,664842.5784,
688593.SH,20260304,3.3879,4.5152,,1602838.5891,
300326.SZ,20260304,0.9701,1.1842,,432358.6472,
002656.SZ,20260304,1.1621,1.4623,,195230.4373,
002589.SZ,20260304,2.2903,2.7982,,463450.8251,
002945.SZ,20260304,1.4497,14.4973,,4965300.0,
600328.SH,20260304,2.7005,4.9713,,1349004.7704,
600970.SH,20260304,0.8382,2.0343,,2839430.5445,
002892.SZ,20260304,1.6821,2.0574,,857706.7162,
000400.SZ,20260304,5.4175,8.7636,,3225976.6626,
603359.SH,20260304,2.6728,4.955,,295761.648,
301028.SZ,20260304,1.5669,3.4438,,548422.9545,
002148.SZ,20260304,2.4828,2.6599,,441599.9907,
300220.SZ,20260304,2.0784,4.139,,218786.4,
300655.SZ,20260304,3.9915,4.6984,,1723197.8339,
300013.SZ,20260304,6.6557,7.298,,226135.3521,
688059.SH,20260304,3.5952,5.6047,,1162846.1118,
301329.SZ,20260304,4.7764,4.7764,,392991.8,
300405.SZ,20260304,5.757,6.88,,197639.0063,
002393.SZ,20260304,1.9329,4.0621,,554069.2993,
920826.BJ,20260304,5.0888,5.3727,,173818.0619,
300724.SZ,20260304,4.4375,4.8643,,4002223.4409,
001288.SZ,20260304,1.7667,3.1063,,842750.8573,
603214.SH,20260304,11.0232,17.0474,,243969.0034,
688677.SH,20260304,1.3941,2.112,,491136.069,
300780.SZ,20260304,9.2303,10.4716,,331327.53,
300365.SZ,20260304,2.9661,3.1461,,367711.4025,
300948.SZ,20260304,4.2876,6.6055,,326612.5763,
920454.BJ,20260304,1.9379,3.1395,,158806.1,
605299.SH,20260304,1.6734,5.6023,,488616.4685,
300663.SZ,20260304,2.2563,2.3889,,716720.0489,
688597.SH,20260304,2.2708,3.1059,,325642.1439,
301489.SZ,20260304,9.9066,10.3051,,1593112.2882,
920022.BJ,20260304,2.6661,2.6661,,175353.147,
600035.SH,20260304,1.2951,2.8133,,634385.665,
300293.SZ,20260304,1.1976,1.9641,,638294.2679,
002970.SZ,20260304,5.9161,8.6706,,1407164.567,
600183.SH,20260304,1.8042,3.5739,,16000608.368,
688216.SH,20260304,2.0794,4.5263,,353521.7994,
600470.SH,20260304,16.2345,21.7893,,413107.2,
603248.SH,20260304,6.3221,6.3221,,1036380.0,
301368.SZ,20260304,4.3038,4.3038,,689374.0,
600847.SH,20260304,1.6934,3.0882,,203872.242,
300414.SZ,20260304,6.3388,11.097,,533041.8269,
000415.SZ,20260304,2.1812,3.3312,,3129367.7687,
000429.SZ,20260304,0.6689,1.7511,,2513148.9635,
601952.SH,20260304,3.2845,10.2143,,1394536.0,
300192.SZ,20260304,2.1413,3.2463,,630309.475,
300693.SZ,20260304,7.2963,7.6676,,1406017.2244,
301292.SZ,20260304,8.9484,8.9484,,1187501.4967,
688110.SH,20260304,3.2579,4.9716,,5490530.7456,
002005.SZ,20260304,0.7663,1.1984,,520470.1828,
002941.SZ,20260304,1.7891,3.0078,,1152277.1006,
000063.SZ,20260304,2.2241,2.9191,,17684728.4772,
600918.SH,20260304,0.9267,1.3397,,4925208.0995,
600520.SH,20260304,2.1326,2.7389,,415561.89,
600483.SH,20260304,1.2814,3.7093,,2821839.867,
688480.SH,20260304,4.4714,9.9903,,1192530.4993,
920701.BJ,20260304,0.6356,1.737,,237081.6,
301533.SZ,20260304,3.3363,3.3896,,339747.9552,
600528.SH,20260304,0.8375,1.9198,,1839444.7149,
600903.SH,20260304,7.9464,23.3829,,822256.7267,
301298.SZ,20260304,2.4539,3.0393,,239284.0,
605056.SH,20260304,2.2334,7.7032,,958798.8744,
001337.SZ,20260304,8.3776,20.8111,,2287740.0,
300284.SZ,20260304,0.633,1.1516,,891556.4084,
603677.SH,20260304,0.9376,3.575,,318947.0324,
002567.SZ,20260304,2.3695,2.6699,,610479.8934,
601618.SH,20260304,1.3571,3.7656,,6403598.3235,
002203.SZ,20260304,1.2947,2.1578,,3274918.2865,
300398.SZ,20260304,6.7455,8.5353,,1634506.6154,
301020.SZ,20260304,0.9949,3.111,,319152.0,
002331.SZ,20260304,2.3756,3.0749,,368879.7359,
688318.SH,20260304,1.0056,3.2459,,2970473.6363,
603869.SH,20260304,0.1358,0.3727,,468422.5254,
000807.SZ,20260304,3.5353,6.1062,,11874286.1547,
603135.SH,20260304,1.8658,2.6315,,716710.5004,
603012.SH,20260304,3.1306,4.0263,,512028.0,
002488.SZ,20260304,2.7185,3.8182,,1205476.7077,
002345.SZ,20260304,2.211,3.5592,,956039.6727,
300087.SZ,20260304,9.9522,17.3177,,949226.4145,
688620.SH,20260304,2.8879,2.8879,,422576.0,
688683.SH,20260304,0.8435,1.8872,,579629.8844,
600283.SH,20260304,0.9184,2.1931,,523810.4547,
600063.SH,20260304,1.7129,2.5657,,1419407.024,
002961.SZ,20260304,1.9746,6.6974,,1188041.1816,
002185.SZ,20260304,4.8682,6.2645,,4605508.1657,
002142.SZ,20260304,0.3767,0.7545,,21098472.5804,
002098.SZ,20260304,0.9642,2.278,,337594.0,
002337.SZ,20260304,1.9873,3.1638,,384954.7005,
002295.SZ,20260304,2.1891,3.129,,284449.16,
600080.SH,20260304,2.0229,2.7114,,321012.4451,
601908.SH,20260304,3.0216,5.5924,,941695.1158,
300074.SZ,20260304,3.4238,4.0367,,245339.0696,
600179.SH,20260304,4.515,7.5496,,2073448.2197,
920123.BJ,20260304,1.5843,2.5169,,154817.52,
300937.SZ,20260304,3.5124,4.2273,,296471.0475,
603960.SH,20260304,5.5446,8.9039,,667293.6555,
603689.SH,20260304,7.8264,21.4543,,470269.5461,
603002.SH,20260304,4.3138,9.2019,,1212329.9261,
600584.SH,20260304,5.562,7.1793,,8564138.132,
688606.SH,20260304,0.6655,1.4086,,518655.3534,
688621.SH,20260304,1.214,1.6764,,658336.0,
600535.SH,20260304,0.8834,1.7744,,2064638.9069,
920305.BJ,20260304,12.9448,20.9959,,118609.008,
301275.SZ,20260304,4.4177,4.4177,,2162688.0,
002779.SZ,20260304,1.4113,2.5012,,1659504.0,
002962.SZ,20260304,2.5068,2.9072,,427873.0714,
603065.SH,20260304,4.969,6.3257,,367015.5931,
300770.SZ,20260304,2.4277,4.4932,,945074.4755,
600925.SH,20260304,1.5543,2.0271,,3320444.4445,
688381.SH,20260304,1.3323,1.6836,,556875.0,
002564.SZ,20260304,1.235,1.7376,,598656.4205,
688159.SH,20260304,2.2252,3.1484,,401923.5553,
600889.SH,20260304,1.4676,2.7669,,600074.7644,
000593.SZ,20260304,11.7536,18.3543,,545119.1337,
688183.SH,20260304,1.2074,4.1534,,6682851.32,
300533.SZ,20260304,2.9512,3.429,,715577.9324,
603256.SH,20260304,2.5669,15.9223,,6525818.595,
600316.SH,20260304,2.8359,5.4698,,2998972.8892,
300502.SZ,20260304,3.6833,3.7886,,36715721.9573,
000715.SZ,20260304,1.7331,3.0647,,324801.2078,
603535.SH,20260304,0.8099,2.3738,,463402.8391,
300001.SZ,20260304,3.9773,5.9034,,3179279.5916,
000887.SZ,20260304,1.8246,3.0681,,2629030.0248,
605577.SH,20260304,1.0164,4.9444,,558666.6674,
603106.SH,20260304,1.3855,3.1226,,504383.88,
688568.SH,20260304,3.394,7.9094,,6036349.4726,
601101.SH,20260304,2.9481,8.0343,,1244158.2081,
000795.SZ,20260304,1.8423,3.6267,,1163159.8897,
603567.SH,20260304,1.4345,3.5119,,701983.4002,
301188.SZ,20260304,2.1675,3.5932,,421777.694,
603939.SH,20260304,0.9124,1.8854,,2826085.6564,
300441.SZ,20260304,1.2071,2.3093,,479445.4058,
301349.SZ,20260304,3.622,4.2038,,442986.0,
603331.SH,20260304,10.3302,14.5933,,335611.5558,
301248.SZ,20260304,6.6249,7.5308,,791888.16,
002565.SZ,20260304,5.9578,7.8241,,1494584.38,
603345.SH,20260304,1.3353,1.7804,,3085588.9325,
600375.SH,20260304,1.2755,1.4659,,860849.3241,
601699.SH,20260304,1.6749,4.4614,,4346517.5676,
300667.SZ,20260304,5.428,6.1298,,362001.153,
688787.SH,20260304,3.6917,5.8252,,797076.6033,
300755.SZ,20260304,1.0821,3.6094,,573514.5984,
600163.SH,20260304,2.1293,6.256,,1195081.5778,
301063.SZ,20260304,10.9098,18.0239,,296280.0954,
688757.SH,20260304,3.3032,3.3032,,1094184.0615,
688531.SH,20260304,2.8263,2.8263,,1154024.1609,
300318.SZ,20260304,0.9896,2.1312,,492590.9985,
300610.SZ,20260304,4.5353,4.9267,,256289.5122,
603915.SH,20260304,1.2301,3.4446,,1025003.3013,
300510.SZ,20260304,3.907,5.7296,,377708.3406,
301226.SZ,20260304,10.3292,21.4104,,453478.4,
600337.SH,20260304,2.1608,4.0228,,353501.5417,
920179.BJ,20260304,5.0459,6.8638,,356707.26,
688385.SH,20260304,2.6155,4.2631,,6757743.503,
002481.SZ,20260304,0.9603,1.5859,,584772.141,
603049.SH,20260304,3.4613,3.4613,,4521965.0273,
603866.SH,20260304,1.1443,3.0662,,823855.3648,
920837.BJ,20260304,1.6487,4.9189,,217556.1366,
002678.SZ,20260304,1.5286,9.231,,785109.1467,
603233.SH,20260304,0.3908,0.9892,,2210504.098,
300827.SZ,20260304,6.6257,8.3259,,2089820.1876,
688455.SH,20260304,2.7329,4.227,,407810.4264,
301558.SZ,20260304,4.181,4.181,,646858.0029,
300912.SZ,20260304,15.4054,20.9482,,335800.086,
301511.SZ,20260304,9.5681,12.3705,,2260965.014,
688355.SH,20260304,4.6023,14.5989,,256093.2448,
600019.SH,20260304,0.743,2.0265,,15465280.1718,
603507.SH,20260304,3.2912,4.4072,,573545.6674,
600886.SH,20260304,0.5531,1.773,,10854094.2193,
688171.SH,20260304,1.5399,3.1567,,456983.897,
002666.SZ,20260304,2.5732,3.3523,,433399.6156,
000409.SZ,20260304,1.673,2.6594,,741043.622,
600395.SH,20260304,2.4923,5.3543,,1296561.436,
300906.SZ,20260304,1.835,3.6899,,265040.0,
601890.SH,20260304,9.9348,15.4508,,1219397.4,
301498.SZ,20260304,1.3588,2.7156,,2326747.2004,
300535.SZ,20260304,3.7121,4.6319,,227631.2486,
000533.SZ,20260304,8.393,13.7677,,849703.68,
003031.SZ,20260304,2.3181,5.1203,,3534450.2031,
002009.SZ,20260304,11.3285,13.7242,,1105739.086,
600106.SH,20260304,0.7635,1.0472,,786782.8367,
000586.SZ,20260304,5.2767,7.9036,,299445.12,
688013.SH,20260304,1.246,2.5766,,321213.8648,
601800.SH,20260304,0.515,2.5234,,12856968.9378,
603568.SH,20260304,0.3486,1.0874,,4725083.827,
688425.SH,20260304,0.5951,2.1476,,2762751.446,
688428.SH,20260304,2.6714,2.6714,,3760456.2617,
002151.SZ,20260304,6.049,6.5378,,2257966.4872,
300393.SZ,20260304,14.424,18.0201,,1306463.2022,
300675.SZ,20260304,2.2687,3.9702,,221026.7169,
000557.SZ,20260304,1.3977,2.6739,,718978.7444,
688500.SH,20260304,3.2955,4.9807,,372869.3079,
002255.SZ,20260304,4.1872,4.4041,,1036108.6756,
002059.SZ,20260304,1.3477,3.0681,,499130.3628,
301006.SZ,20260304,2.1978,3.4443,,246247.04,
002793.SZ,20260304,1.3101,2.1126,,497027.9381,
688025.SH,20260304,5.2535,8.083,,2609772.0073,
920252.BJ,20260304,3.4763,5.8008,,295428.6139,
002830.SZ,20260304,5.1626,7.7141,,299214.96,
601515.SH,20260304,1.5477,3.0782,,858313.9193,
002696.SZ,20260304,2.9341,5.2965,,253537.1758,
002900.SZ,20260304,1.907,3.219,,363175.0234,
002741.SZ,20260304,3.6689,5.3257,,974221.7395,
603656.SH,20260304,2.0779,3.6772,,401199.1701,
600844.SH,20260304,7.9476,11.1401,,337486.0477,
600033.SH,20260304,2.4543,5.5663,,1026405.6,
688398.SH,20260304,2.4529,4.6463,,411815.8039,
300498.SZ,20260304,1.4247,1.5775,,10839247.5114,
601168.SH,20260304,2.1882,3.1682,,7790027.0,
301388.SZ,20260304,35.4809,35.481,,389300.88,
688133.SH,20260304,2.191,3.0522,,364721.215,
002648.SZ,20260304,1.948,3.9296,,7970215.7025,
920576.BJ,20260304,2.8344,11.0816,,799039.3,
603151.SH,20260304,1.3969,2.9988,,306070.31,
002785.SZ,20260304,5.7211,6.928,,1087774.536,
300209.SZ,20260304,5.002,5.3832,,695548.4584,
600037.SH,20260304,1.3287,2.1428,,1042441.6351,
920262.BJ,20260304,1.5297,2.6131,,161105.1652,
002247.SZ,20260304,4.5135,5.6418,,245901.4442,
688232.SH,20260304,1.001,2.7701,,769536.9203,
601689.SH,20260304,1.115,2.6802,,11064799.1379,
002670.SZ,20260304,1.5301,4.4295,,3036147.8206,
920146.BJ,20260304,1.5238,2.005,,104887.5742,
688076.SH,20260304,1.361,2.1698,,1030329.1842,
300519.SZ,20260304,2.4072,3.6719,,245920.0,
300468.SZ,20260304,7.5682,9.4641,,1905030.8973,
300123.SZ,20260304,5.3418,6.1455,,773528.4311,
920924.BJ,20260304,2.2015,2.7159,,233477.184,
300188.SZ,20260304,1.6994,2.89,,1149980.6408,
603118.SH,20260304,2.7032,4.7204,,889622.3388,
300781.SZ,20260304,3.8767,6.1794,,631418.3576,
002999.SZ,20260304,4.0947,6.3864,,263474.736,
603021.SH,20260304,5.3183,8.9856,,212445.5185,
000936.SZ,20260304,2.0606,3.3571,,673369.7941,
605287.SH,20260304,5.9869,11.7047,,638260.0,
002593.SZ,20260304,3.3735,4.7681,,450160.4962,
688589.SH,20260304,2.1021,2.6668,,331639.297,
000032.SZ,20260304,1.6002,2.8688,,2201904.9115,
600518.SH,20260304,1.2656,1.6962,,2572174.7843,
603036.SH,20260304,5.0487,6.5117,,407891.9295,
920018.BJ,20260304,7.7772,7.7772,,400960.797,
600178.SH,20260304,0.7803,1.5902,,547643.013,
002474.SZ,20260304,3.424,3.606,,505226.4,
300238.SZ,20260304,1.4832,2.0195,,388453.102,
002162.SZ,20260304,9.5717,19.9829,,559178.1867,
920693.BJ,20260304,1.7655,2.8984,,244199.3,
002554.SZ,20260304,19.4749,30.6113,,626848.4338,
688790.SH,20260304,6.9659,6.9659,,1399017.4065,
300726.SZ,20260304,4.3893,7.3626,,2050550.5883,
603124.SH,20260304,7.0309,7.0309,,1658143.129,
301382.SZ,20260304,3.692,4.2532,,961023.4836,
301515.SZ,20260304,2.4842,3.0126,,242400.0,
300279.SZ,20260304,7.4829,10.1577,,503772.4747,
301529.SZ,20260304,5.6494,6.6957,,964259.7289,
300619.SZ,20260304,3.2733,4.0551,,761074.5041,
300562.SZ,20260304,3.7081,4.0246,,297314.6157,
601888.SH,20260304,1.6725,3.5813,,15880562.0217,
002402.SZ,20260304,2.9211,3.0487,,3065175.9148,
920089.BJ,20260304,2.9367,3.3592,,300431.992,
000790.SZ,20260304,3.1616,3.8508,,246992.8681,
603229.SH,20260304,0.5968,1.2814,,761382.482,
600818.SH,20260304,2.0776,2.2963,,289624.5669,
002317.SZ,20260304,3.0352,3.5794,,1471229.6557,
920895.BJ,20260304,3.6082,5.2395,,111126.184,
601137.SH,20260304,3.314,5.5933,,1891603.7365,
603898.SH,20260304,1.889,5.7363,,428099.4603,
600666.SH,20260304,4.4934,5.3039,,996023.9566,
603909.SH,20260304,1.6019,2.8003,,292214.5899,
601066.SH,20260304,0.2504,1.5605,,17786101.1695,
603061.SH,20260304,2.1317,3.893,,1538100.0,
605086.SH,20260304,0.9452,3.487,,658560.0,
688223.SH,20260304,1.9938,5.4803,,7103694.8464,
601399.SH,20260304,1.3187,4.0623,,3541855.942,
002820.SZ,20260304,3.0322,4.5935,,226378.5685,
920167.BJ,20260304,5.762,10.5142,,220713.159,
002198.SZ,20260304,4.9378,6.3552,,372004.7186,
601866.SH,20260304,6.308,16.9536,,3880110.8111,
688599.SH,20260304,2.0046,3.488,,4151029.9396,
600714.SH,20260304,24.7363,38.1902,,657330.0787,
603665.SH,20260304,1.5581,2.6901,,513622.0497,
002937.SZ,20260304,2.5367,5.4407,,793282.4541,
300358.SZ,20260304,2.2465,3.3248,,730824.6168,
600369.SH,20260304,0.9144,1.7387,,2870687.1416,
301015.SZ,20260304,0.7988,3.2082,,1135873.6304,
300450.SZ,20260304,2.7292,4.0162,,8338978.3842,
600359.SH,20260304,11.0291,18.4795,,309025.3842,
601949.SH,20260304,1.1602,5.0602,,1218539.5546,
603899.SH,20260304,0.7485,2.0569,,2395443.9506,
000862.SZ,20260304,10.8482,14.2653,,673778.7469,
688580.SH,20260304,1.4734,3.9741,,514674.9017,
300849.SZ,20260304,5.0886,8.2186,,309150.0,
002633.SZ,20260304,5.3892,11.1805,,269400.0,
301607.SZ,20260304,3.1699,3.9365,,718819.3454,
300543.SZ,20260304,2.741,3.0397,,320464.4154,
920992.BJ,20260304,1.5652,2.4538,,151674.1045,
002309.SZ,20260304,6.9805,7.466,,1010575.5694,
688309.SH,20260304,4.4881,8.8323,,352621.0356,
002800.SZ,20260304,7.4785,14.7478,,323994.5266,
000755.SZ,20260304,0.806,3.5539,,799684.0568,
002996.SZ,20260304,3.4691,4.8723,,523499.6058,
688486.SH,20260304,1.8237,3.8886,,905961.5992,
600012.SH,20260304,0.4978,2.3667,,2468915.2796,
002405.SZ,20260304,3.0384,3.3637,,2401467.2486,
600105.SH,20260304,6.6608,8.8661,,3918146.0694,
601999.SH,20260304,1.16,3.572,,380131.143,
603969.SH,20260304,1.717,2.8706,,869346.816,
002216.SZ,20260304,3.5276,7.1932,,1110409.4526,
600547.SH,20260304,1.9743,4.3623,,22113831.9314,
001382.SZ,20260304,11.2879,11.2879,,882916.0,
002522.SZ,20260304,3.2038,4.2729,,509953.7949,
300861.SZ,20260304,4.2297,6.8152,,1201250.7067,
600561.SH,20260304,1.9253,3.1956,,191168.4096,
300368.SZ,20260304,2.3864,3.4088,,632616.3961,
000553.SZ,20260304,0.4338,2.7068,,1390897.6243,
601600.SH,20260304,3.6257,6.1664,,24788933.5675,
300631.SZ,20260304,3.1071,4.2307,,352747.4991,
603199.SH,20260304,1.9714,3.56,,451574.4,
301522.SZ,20260304,2.9685,4.5176,,1416812.0013,
688189.SH,20260304,2.1331,3.8287,,213757.6,
002429.SZ,20260304,1.9888,4.3184,,4205527.8239,
000869.SZ,20260304,0.4178,1.7346,,1291476.8515,
001367.SZ,20260304,2.7513,2.7513,,338372.0152,
603166.SH,20260304,1.6318,3.9965,,953626.0115,
600156.SH,20260304,1.3565,2.2726,,310831.5726,
002273.SZ,20260304,3.0801,3.3879,,3649018.9479,
600487.SH,20260304,6.0363,8.4048,,11934062.2706,
002881.SZ,20260304,5.1725,7.2345,,1200416.2262,
301092.SZ,20260304,3.5506,5.8798,,508543.3735,
920720.BJ,20260304,2.9869,3.0907,,348736.4348,
688733.SH,20260304,2.0595,2.8277,,585940.6323,
300143.SZ,20260304,1.1184,1.9578,,792919.797,
002298.SZ,20260304,5.0352,5.1753,,774156.0024,
300292.SZ,20260304,4.1334,4.4208,,617211.888,
688258.SH,20260304,3.0782,4.9478,,1480358.1361,
688073.SH,20260304,2.1761,3.365,,470773.6706,
300855.SZ,20260304,2.62,3.7117,,1728868.1865,
301215.SZ,20260304,1.188,4.0741,,873774.0,
002839.SZ,20260304,1.9685,2.488,,1082844.8235,
601916.SH,20260304,0.849,1.2772,,8129532.245,
301632.SZ,20260304,2.2305,2.2305,,948875.52,
000949.SZ,20260304,6.1807,10.0465,,1201252.4435,
002380.SZ,20260304,7.908,10.0882,,819571.4813,
603013.SH,20260304,0.7708,3.8029,,1118083.0408,
603268.SH,20260304,4.8476,5.7742,,11406645.0603,
603739.SH,20260304,1.5953,3.8417,,375241.8083,
301178.SZ,20260304,3.2358,3.8502,,310865.52,
002446.SZ,20260304,4.5439,4.667,,953863.1844,
600515.SH,20260304,1.0457,1.744,,4592974.46,
300148.SZ,20260304,4.4661,5.0839,,380093.4837,
603878.SH,20260304,2.8341,4.667,,507829.4402,
002443.SZ,20260304,3.8738,4.9213,,502837.3123,
301141.SZ,20260304,9.7233,9.7233,,740846.7497,
300886.SZ,20260304,3.5309,4.5001,,205844.096,
600050.SH,20260304,0.8569,2.0276,,15163246.2836,
300149.SZ,20260304,1.5432,1.7545,,489996.5681,
002197.SZ,20260304,3.9083,4.546,,506849.4156,
688270.SH,20260304,6.4396,9.0365,,3427822.3224,
600230.SH,20260304,5.9214,10.9677,,1000957.7343,
301552.SZ,20260304,2.7889,2.7889,,363949.6,
688528.SH,20260304,1.3253,3.9326,,185976.0,
605028.SH,20260304,2.6766,10.7064,,435360.0,
600237.SH,20260304,9.4419,12.3519,,656563.0254,
002465.SZ,20260304,5.8689,8.0452,,4246417.885,
300732.SZ,20260304,1.5254,2.6289,,267173.8119,
002428.SZ,20260304,12.6597,15.8262,,2903118.4,
600007.SH,20260304,0.2509,1.2966,,1994419.4173,
688701.SH,20260304,2.6679,5.3224,,130114.7735,
000756.SZ,20260304,1.2526,2.4321,,1055475.404,
688118.SH,20260304,7.0369,8.7912,,305612.2351,
301378.SZ,20260304,8.511,10.9225,,324576.0,
920981.BJ,20260304,2.2797,3.4619,,242785.9,
601100.SH,20260304,0.7312,2.0508,,14022305.9343,
688075.SH,20260304,0.4983,1.9208,,482914.659,
600478.SH,20260304,4.1619,5.843,,1277469.8826,
688600.SH,20260304,1.0832,1.9594,,346335.5278,
301336.SZ,20260304,4.2352,5.3388,,215920.0,
301285.SZ,20260304,4.1026,4.1036,,1684360.5,
603266.SH,20260304,1.5266,3.4066,,377089.278,
603076.SH,20260304,2.1377,4.329,,309961.0514,
300880.SZ,20260304,14.1737,31.4711,,453108.7642,
300175.SZ,20260304,1.3703,1.8018,,306961.6,
301281.SZ,20260304,6.1445,8.8489,,460232.5,
300508.SZ,20260304,3.7875,6.3361,,451718.2102,
002058.SZ,20260304,1.7486,3.295,,313434.6054,
688303.SH,20260304,0.5597,2.2382,,4921101.9309,
600262.SH,20260304,2.9604,4.8155,,487390.0,
002375.SZ,20260304,1.7462,3.7666,,537338.5957,
000799.SZ,20260304,3.5052,5.0802,,1507345.5382,
300333.SZ,20260304,1.7652,2.0612,,329616.0,
301230.SZ,20260304,4.0883,6.7091,,535175.0436,
002386.SZ,20260304,2.744,4.0929,,784893.185,
300720.SZ,20260304,3.1848,6.9938,,739754.0638,
600006.SH,20260304,1.734,4.3465,,1372000.0,
603520.SH,20260304,1.7176,2.2116,,416927.7968,
300703.SZ,20260304,3.1234,4.6698,,409489.4768,
002983.SZ,20260304,2.4188,4.8443,,516666.1985,
002668.SZ,20260304,1.3026,2.615,,1023401.188,
920694.BJ,20260304,9.824,18.1266,,276857.4457,
600960.SH,20260304,3.5041,6.3432,,509476.3176,
601099.SH,20260304,1.7482,1.9624,,2699261.2825,
600526.SH,20260304,1.5368,2.7745,,513670.2415,
300938.SZ,20260304,6.9323,11.329,,946226.8083,
002968.SZ,20260304,1.5269,3.1125,,279453.062,
300793.SZ,20260304,2.1373,2.9727,,595172.9524,
300068.SZ,20260304,2.8302,3.2428,,1325091.766,
920491.BJ,20260304,1.9597,2.1093,,358644.8204,
603829.SH,20260304,2.6013,6.7035,,456910.888,
002646.SZ,20260304,1.6079,2.7626,,398138.7264,
003025.SZ,20260304,2.3543,3.95,,400658.4703,
300552.SZ,20260304,3.8682,4.7646,,647924.6605,
300801.SZ,20260304,2.9346,4.4861,,604395.81,
601369.SH,20260304,1.0708,2.8111,,1950973.1249,
002518.SZ,20260304,1.9488,4.8004,,3212135.8436,
600597.SH,20260304,1.0164,2.1019,,1072452.5876,
603515.SH,20260304,0.2568,1.7143,,1331085.4367,
603105.SH,20260304,3.3592,5.609,,499009.0838,
603132.SH,20260304,2.5575,15.6719,,1803432.0,
002913.SZ,20260304,1.8233,5.5181,,1393212.6126,
600956.SH,20260304,1.7096,13.8782,,3700408.3199,
601818.SH,20260304,0.9462,2.7884,,18907376.3395,
600926.SH,20260304,0.553,0.8158,,11953605.2017,
002166.SZ,20260304,1.4731,2.4645,,644458.5903,
920047.BJ,20260304,0.8659,0.9476,,586119.2084,
000529.SZ,20260304,1.5356,3.4656,,343268.714,
300559.SZ,20260304,1.8888,2.5451,,443061.6548,
603189.SH,20260304,2.1782,3.5967,,531010.2475,
688426.SH,20260304,3.0853,3.0853,,254685.773,
001389.SZ,20260304,5.8248,5.8248,,4457373.8125,
600841.SH,20260304,3.6187,11.5103,,1373943.5662,
300968.SZ,20260304,1.2617,2.6945,,520445.42,
300634.SZ,20260304,2.9764,4.9903,,1160063.2239,
300295.SZ,20260304,3.7492,4.01,,191130.6237,
688370.SH,20260304,0.7278,2.2808,,375264.2648,
301106.SZ,20260304,1.1694,3.7064,,312573.5099,
300126.SZ,20260304,3.086,4.5321,,253804.596,
920578.BJ,20260304,3.4066,3.4066,,165959.6405,
301093.SZ,20260304,2.8642,5.1481,,1251873.1814,
600827.SH,20260304,0.774,1.7656,,1523679.5719,
300718.SZ,20260304,1.8846,2.8851,,2187958.8367,
002378.SZ,20260304,13.1269,30.5464,,5403976.6617,
600488.SH,20260304,1.1515,2.624,,440030.332,
001268.SZ,20260304,2.4389,3.4241,,347437.4021,
601198.SH,20260304,1.1117,2.0212,,4370266.343,
600276.SH,20260304,0.7392,1.2127,,35163884.9325,
605333.SH,20260304,0.5408,2.3415,,1237595.7628,
002035.SZ,20260304,1.8619,2.3229,,511135.1317,
605081.SH,20260304,1.9302,2.6796,,108037.7067,
301317.SZ,20260304,13.9575,16.262,,843167.16,
301306.SZ,20260304,5.8874,8.7409,,843240.4,
688348.SH,20260304,3.2222,8.6847,,845460.9234,
002114.SZ,20260304,7.6573,10.5467,,326629.2197,
688590.SH,20260304,2.7165,3.8186,,393557.6353,
002301.SZ,20260304,1.6819,2.9272,,508522.0928,
603639.SH,20260304,1.3885,4.0409,,501045.9222,
600130.SH,20260304,1.9371,2.328,,335250.0,
605377.SH,20260304,1.8901,3.5363,,487643.1548,
300094.SZ,20260304,9.475,12.3129,,416293.7164,
300862.SZ,20260304,2.3934,2.7296,,423882.703,
000692.SZ,20260304,3.0241,4.3195,,209403.3596,
600299.SH,20260304,1.0897,7.732,,3634139.5233,
688408.SH,20260304,4.1683,7.0387,,925115.2366,
300596.SZ,20260304,1.5014,2.2364,,1096433.9099,
920092.BJ,20260304,2.816,5.0029,,213678.3274,
920185.BJ,20260304,0.4157,1.5479,,3159616.5448,
688529.SH,20260304,1.287,2.2836,,305407.5306,
688616.SH,20260304,1.7952,3.9578,,245389.4665,
603289.SH,20260304,1.5856,4.3317,,306591.5489,
000029.SZ,20260304,0.8543,2.7891,,2136625.92,
002016.SZ,20260304,1.5308,3.8541,,474939.136,
300760.SZ,20260304,0.7288,1.5017,,21308657.4996,
301603.SZ,20260304,3.8868,4.3509,,840006.56,
301216.SZ,20260304,1.4051,2.221,,1176622.5619,
601899.SH,20260304,1.5173,2.1531,,100934626.9994,
600330.SH,20260304,12.0892,14.906,,2156043.3592,
300378.SZ,20260304,4.7057,5.8549,,1160884.0733,
000708.SZ,20260304,0.4838,2.9957,,8812337.8767,
603501.SH,20260304,1.3601,2.1601,,14314534.7888,
603399.SH,20260304,5.198,7.3878,,578376.1427,
301616.SZ,20260304,3.8505,3.8505,,394000.0,
603288.SH,20260304,0.2674,1.0229,,20773978.5512,
300158.SZ,20260304,2.0922,3.0093,,559658.9236,
688017.SH,20260304,3.1873,4.873,,3871932.24,
002626.SZ,20260304,1.7238,3.6988,,1115570.6962,
600816.SH,20260304,1.2215,1.9434,,2667845.4768,
688670.SH,20260304,0.8572,2.3929,,225702.4,
301179.SZ,20260304,11.7382,22.9661,,787785.9444,
002909.SZ,20260304,2.7926,4.652,,276120.0,
688638.SH,20260304,2.8813,2.8813,,213024.0,
002043.SZ,20260304,1.2585,2.0546,,1361627.1017,
688563.SH,20260304,5.9643,5.9643,,3072600.0,
000833.SZ,20260304,13.4785,16.4938,,1959486.8659,
600833.SH,20260304,1.623,2.9482,,274842.3795,
603680.SH,20260304,0.368,2.2917,,1118366.6805,
002188.SZ,20260304,4.3059,5.6153,,217851.1734,
000778.SZ,20260304,1.7376,2.9102,,2017259.7831,
920027.BJ,20260304,2.2593,2.4933,,160070.2735,
300593.SZ,20260304,4.9185,5.2228,,1652450.3366,
603530.SH,20260304,3.629,17.2213,,2901352.0286,
688357.SH,20260304,1.2559,2.0202,,341504.3534,
301389.SZ,20260304,9.9767,10.2796,,1500565.5,
002107.SZ,20260304,1.4426,2.9308,,395965.7856,
603833.SH,20260304,0.4452,1.7343,,3370442.8131,
600545.SH,20260304,9.7579,18.0794,,613253.8921,
002676.SZ,20260304,1.3952,2.2579,,519120.0,
600758.SH,20260304,4.4973,8.9749,,536739.062,
000524.SZ,20260304,1.5509,5.0844,,847813.8752,
000566.SZ,20260304,2.5032,4.0498,,726524.4706,
920753.BJ,20260304,1.0516,1.5043,,172577.2602,
002887.SZ,20260304,4.1445,7.3552,,346683.6743,
002392.SZ,20260304,1.3669,1.8251,,936916.2903,
300573.SZ,20260304,4.9703,5.4778,,1751128.2189,
002713.SZ,20260304,3.4668,4.6712,,881952.6056,
000963.SZ,20260304,0.5053,1.2064,,5914558.9739,
600715.SH,20260304,1.3673,1.8252,,872868.5025,
300650.SZ,20260304,4.4549,5.3692,,361716.6808,
301370.SZ,20260304,1.0409,2.0121,,511542.2,
688173.SH,20260304,2.0963,3.8856,,612472.2358,
002511.SZ,20260304,1.9204,3.9207,,1124294.2086,
300061.SZ,20260304,1.4363,1.7768,,607592.1702,
603367.SH,20260304,1.5531,2.944,,736178.2138,
002966.SZ,20260304,0.9764,1.1589,,3621236.2289,
000758.SZ,20260304,4.8149,7.4822,,1622208.543,
920106.BJ,20260304,1.2902,2.0147,,395588.565,
920225.BJ,20260304,7.742,9.3898,,351438.4175,
688379.SH,20260304,3.91,7.4408,,501235.8333,
000507.SZ,20260304,6.2358,8.9799,,507693.662,
000757.SZ,20260304,2.0035,2.8885,,265292.6153,
000876.SZ,20260304,1.0885,2.3992,,3962441.3893,
688087.SH,20260304,2.4801,4.4336,,737990.3093,
002747.SZ,20260304,1.9994,3.1302,,1877044.7662,
600300.SH,20260304,3.4779,5.0342,,577319.7583,
000609.SZ,20260304,7.9216,10.4844,,276521.3423,
002705.SZ,20260304,1.3027,3.9024,,1091161.0483,
601368.SH,20260304,1.2906,2.9938,,471507.6231,
603348.SH,20260304,0.5048,0.9652,,603796.2086,
920046.BJ,20260304,32.6729,53.5791,,336020.3,
601919.SH,20260304,3.0203,7.4043,,24270609.8238,
300052.SZ,20260304,2.2861,2.7484,,358484.574,
301560.SZ,20260304,9.6622,9.6622,,465971.2,
688004.SH,20260304,2.9301,4.7326,,172829.904,
600624.SH,20260304,1.0509,1.4817,,341032.1649,
300923.SZ,20260304,1.6051,3.1074,,217093.2,
920088.BJ,20260304,51.3776,54.8606,,778816.2745,
002320.SZ,20260304,1.7613,6.4877,,2232432.4699,
600499.SH,20260304,1.3182,2.2966,,3162545.1888,
002852.SZ,20260304,2.3083,3.3413,,363230.5301,
301586.SZ,20260304,9.6443,13.1991,,409484.1073,
600871.SH,20260304,9.2317,44.3622,,8094658.5707,
002067.SZ,20260304,4.2694,4.4165,,774298.2728,
601225.SH,20260304,0.7147,2.0566,,24489570.0,
688800.SH,20260304,3.5583,5.9452,,1888296.0696,
002398.SZ,20260304,2.7377,2.8852,,379732.3935,
003010.SZ,20260304,2.4582,3.2133,,883408.9118,
000958.SZ,20260304,0.5344,1.0917,,11414145.5736,
000050.SZ,20260304,1.2124,2.1462,,2261127.8481,
300837.SZ,20260304,8.1525,14.3556,,419807.6278,
601990.SH,20260304,0.6108,1.1469,,3308520.1018,
000048.SZ,20260304,1.1103,2.4486,,920039.7038,
002075.SZ,20260304,2.2331,3.0505,,1213185.4711,
300669.SZ,20260304,1.0842,1.8589,,644792.69,
301265.SZ,20260304,3.6566,4.7432,,481424.3862,
600332.SH,20260304,1.1226,2.3431,,4061225.7906,
688485.SH,20260304,2.6477,2.6477,,385950.0152,
600234.SH,20260304,0.8337,1.5746,,358341.1281,
603881.SH,20260304,5.3502,9.3824,,2606271.7524,
002025.SZ,20260304,3.3889,5.7565,,2327682.2247,
002915.SZ,20260304,1.7904,2.6198,,715138.0129,
000725.SZ,20260304,1.8697,2.1529,,16003149.7236,
600113.SH,20260304,0.8805,2.1791,,2375015.1857,
000543.SZ,20260304,2.7913,6.5917,,1938168.148,
603089.SH,20260304,1.1875,2.9608,,309402.8825,
601860.SH,20260304,1.8636,2.431,,1003115.2308,
600131.SH,20260304,2.2566,5.4266,,2330800.5606,
920263.BJ,20260304,4.0208,6.4244,,184745.708,
002799.SZ,20260304,2.1995,4.1154,,277154.64,
603390.SH,20260304,1.4137,3.8479,,433235.2443,
688612.SH,20260304,1.9595,2.1978,,1171630.7339,
600720.SH,20260304,1.6345,2.1826,,1633752.0423,
300555.SZ,20260304,0.7834,0.9428,,260000.0,
600989.SH,20260304,3.0007,10.154,,19763405.2,
600562.SH,20260304,1.2566,3.6725,,3588969.1576,
001380.SZ,20260304,1.7531,1.7531,,587753.6314,
300388.SZ,20260304,1.4981,3.8777,,586377.3609,
601058.SH,20260304,0.7406,1.0023,,4751304.8743,
601798.SH,20260304,5.9898,9.3598,,343183.2957,
301055.SZ,20260304,1.327,3.1111,,319176.0,
000009.SZ,20260304,0.9582,1.5454,,2280025.1451,
002848.SZ,20260304,1.9261,2.5398,,195398.35,
002221.SZ,20260304,5.5826,9.033,,1420091.1181,
603322.SH,20260304,2.6743,3.3634,,538789.2555,
603091.SH,20260304,1.9953,1.9953,,799405.1225,
688113.SH,20260304,1.785,2.8765,,261260.8969,
300765.SZ,20260304,0.7508,2.9628,,4104220.5824,
301010.SZ,20260304,1.763,4.8971,,220752.0,
688205.SH,20260304,5.694,8.6489,,2847711.354,
300375.SZ,20260304,3.8143,4.2952,,411018.7005,
002316.SZ,20260304,5.5481,5.9683,,213464.16,
603305.SH,20260304,2.5135,4.896,,1802905.3474,
001325.SZ,20260304,8.3709,8.3709,,390980.8,
001230.SZ,20260304,3.1092,4.5275,,356235.9553,
600737.SH,20260304,1.8727,3.8009,,3351575.1733,
688390.SH,20260304,6.732,10.0485,,2374474.7979,
300394.SZ,20260304,3.7128,6.7061,,26086967.6384,
920682.BJ,20260304,3.727,5.4429,,307282.56,
688302.SH,20260304,1.2612,1.6687,,401013.1719,
300564.SZ,20260304,2.0563,3.3265,,243747.2672,
601009.SH,20260304,0.4401,1.0065,,14032648.8231,
603300.SH,20260304,2.8521,3.7259,,1391824.3075,
002195.SZ,20260304,6.1364,6.8099,,5511779.1645,
301295.SZ,20260304,3.7059,3.7059,,322761.6,
002573.SZ,20260304,2.0465,4.3009,,553369.4279,
002374.SZ,20260304,2.7989,3.4457,,372226.7841,
002628.SZ,20260304,9.6663,12.1812,,411862.6258,
301584.SZ,20260304,3.5269,3.5269,,1156858.2457,
301132.SZ,20260304,7.9151,15.6482,,565393.2987,
301314.SZ,20260304,9.9289,9.9289,,261608.75,
688662.SH,20260304,12.5658,22.4682,,545764.4,
002576.SZ,20260304,5.0735,7.1457,,310718.2,
600665.SH,20260304,1.0024,2.3595,,296394.0247,
300629.SZ,20260304,6.6839,7.4972,,628055.7132,
920690.BJ,20260304,1.3294,2.4967,,198303.3,
600568.SH,20260304,1.2265,1.9997,,552024.9016,
002601.SZ,20260304,1.4537,1.9445,,5135670.3126,
300382.SZ,20260304,2.2676,3.4431,,784563.9927,
600774.SH,20260304,2.4248,5.8218,,282050.9763,
301362.SZ,20260304,26.5539,26.5539,,1236048.03,
600318.SH,20260304,9.9503,13.0238,,488116.7057,
603318.SH,20260304,36.5683,63.9292,,489828.6759,
300110.SZ,20260304,1.6257,2.1805,,368850.4504,
301129.SZ,20260304,10.2368,18.159,,397228.1002,
002171.SZ,20260304,2.6867,3.561,,2085475.1655,
002775.SZ,20260304,2.2163,3.4999,,267224.3893,
001227.SZ,20260304,2.52,2.8347,,1292923.2571,
301508.SZ,20260304,3.5856,3.5856,,708777.102,
000750.SZ,20260304,1.0546,1.523,,2567242.1398,
300190.SZ,20260304,2.887,4.1537,,381839.6376,
301458.SZ,20260304,4.7685,5.4942,,1016533.4604,
600678.SH,20260304,3.6754,4.6234,,388774.86,
300973.SZ,20260304,2.4155,3.1372,,657210.562,
603908.SH,20260304,1.393,3.5351,,219686.5647,
300287.SZ,20260304,1.6144,1.6502,,670272.8683,
603169.SH,20260304,5.081,9.4248,,1447371.3122,
920523.BJ,20260304,1.6642,2.1604,,253152.1211,
002199.SZ,20260304,0.914,1.4472,,189154.7161,
002758.SZ,20260304,1.9561,3.427,,559787.8964,
688307.SH,20260304,10.8989,16.4204,,514889.2,
603341.SH,20260304,2.8967,3.1735,,2186519.2545,
300792.SZ,20260304,2.8337,5.0734,,904173.4577,
688155.SH,20260304,1.9501,4.1311,,1085453.1287,
603332.SH,20260304,1.3941,3.489,,278006.1314,
301397.SZ,20260304,3.0957,3.0957,,463097.1216,
002645.SZ,20260304,3.8447,6.0125,,990353.3681,
300527.SZ,20260304,1.6129,3.6499,,854087.1125,
688716.SH,20260304,3.0029,3.0037,,437804.64,
000717.SZ,20260304,1.3156,2.7968,,647166.7725,
688793.SH,20260304,1.233,2.2419,,177649.1811,
300908.SZ,20260304,0.9701,1.987,,392010.0,
601089.SH,20260304,0.4984,1.8216,,1117440.0,
002168.SZ,20260304,1.3221,1.6134,,306607.8769,
300230.SZ,20260304,3.3126,3.7365,,412299.2146,
000782.SZ,20260304,3.7949,4.3308,,411948.9054,
300600.SZ,20260304,3.3943,6.5464,,429876.5753,
002774.SZ,20260304,1.4109,3.5058,,359919.3651,
000972.SZ,20260304,0.8778,1.3639,,288460.0585,
000856.SZ,20260304,3.2892,4.6989,,237896.0,
603896.SH,20260304,7.1426,12.2338,,431180.5064,
002430.SZ,20260304,2.1037,5.1479,,3174760.0507,
920152.BJ,20260304,1.2453,1.5187,,222794.7417,
688376.SH,20260304,1.2433,2.8888,,800150.5007,
002971.SZ,20260304,4.3385,5.656,,688203.75,
301299.SZ,20260304,2.8654,4.5377,,367113.8048,
301386.SZ,20260304,11.1445,11.1445,,383460.0,
301587.SZ,20260304,2.8638,3.1537,,338707.164,
688221.SH,20260304,2.5753,4.3704,,692595.9294,
603931.SH,20260304,1.3082,3.624,,606457.9168,
688567.SH,20260304,1.0186,1.7446,,1638841.3098,
688530.SH,20260304,20.5719,20.5719,,565278.3184,
301363.SZ,20260304,3.0594,7.3095,,1589994.9481,
920533.BJ,20260304,2.6912,3.8291,,339838.2955,
600301.SH,20260304,6.9591,9.5762,,4377366.9547,
600170.SH,20260304,2.4083,4.371,,2488063.1283,
603589.SH,20260304,0.9257,1.5164,,1576044.8087,
300784.SZ,20260304,5.2651,5.2651,,285799.4832,
688553.SH,20260304,0.8133,1.1243,,747230.4,
300109.SZ,20260304,3.3482,3.5471,,950227.7598,
000070.SZ,20260304,13.2704,21.3237,,1729562.284,
300566.SZ,20260304,3.3284,3.6865,,499833.5161,
600227.SH,20260304,17.4923,21.175,,540392.8592,
688177.SH,20260304,0.392,1.3448,,881576.32,
601186.SH,20260304,1.065,2.6942,,9695792.631,
600506.SH,20260304,11.1621,19.0639,,491760.49,
600892.SH,20260304,1.709,2.6232,,200288.1793,
002290.SZ,20260304,1.3724,2.4482,,1563107.679,
600787.SH,20260304,2.017,3.9072,,1247795.7597,
600985.SH,20260304,0.9184,2.3822,,3676298.1378,
002581.SZ,20260304,2.455,2.8375,,560775.2481,
002803.SZ,20260304,2.7831,3.0849,,776048.3112,
603077.SH,20260304,4.6148,6.872,,2490493.4983,
000919.SZ,20260304,1.5062,2.5844,,444054.113,
603629.SH,20260304,11.583,21.261,,1502387.88,
300581.SZ,20260304,3.6429,6.9897,,860921.4395,
603733.SH,20260304,0.6861,3.3687,,1712692.293,
688660.SH,20260304,0.9378,2.4046,,1781333.4224,
920021.BJ,20260304,13.2492,16.0144,,342680.9811,
300616.SZ,20260304,2.3841,2.7447,,291421.742,
300561.SZ,20260304,2.5235,4.2771,,372402.5516,
688227.SH,20260304,1.0945,1.8797,,825303.5075,
002826.SZ,20260304,3.2858,4.3903,,399279.2085,
002027.SZ,20260304,0.8681,1.288,,9632947.2172,
688092.SH,20260304,1.6603,3.5284,,246420.6089,
002121.SZ,20260304,9.185,12.1506,,1597705.6539,
002282.SZ,20260304,1.4161,2.0848,,399870.3061,
001223.SZ,20260304,1.0532,4.2101,,507648.176,
300460.SZ,20260304,1.3456,1.6758,,258059.1067,
000638.SZ,20260304,0.1409,0.1993,,64768.4026,
002069.SZ,20260304,2.9964,5.1836,,278044.8679,
002442.SZ,20260304,2.3709,3.8098,,320092.1589,
688169.SH,20260304,1.0569,1.3376,,3446892.0135,
600149.SH,20260304,18.3677,28.39,,264971.52,
300478.SZ,20260304,4.8343,6.7122,,344043.868,
002209.SZ,20260304,3.4067,4.006,,295956.1974,
601019.SH,20260304,0.4227,2.0641,,1821863.7,
300237.SZ,20260304,1.4581,1.9991,,347501.4981,
002212.SZ,20260304,1.8923,1.8923,,928230.2028,
002347.SZ,20260304,3.5049,5.0063,,455241.453,
688322.SH,20260304,1.7088,2.6882,,3296202.2201,
688225.SH,20260304,1.3389,2.5612,,771619.29,
300692.SZ,20260304,5.091,6.2332,,364587.0034,
300768.SZ,20260304,1.2646,2.5321,,1095153.1953,
600865.SH,20260304,2.6625,7.0067,,457508.2243,
601898.SH,20260304,1.029,6.1244,,22804901.048,
301075.SZ,20260304,2.743,8.0088,,631600.0,
603170.SH,20260304,0.8251,2.4571,,544013.6,
688010.SH,20260304,1.8835,3.8399,,504805.6012,
688119.SH,20260304,2.0925,4.8469,,644625.0,
301505.SZ,20260304,3.3215,3.3215,,278220.7781,
301323.SZ,20260304,2.6152,5.3619,,610830.5717,
600502.SH,20260304,1.4682,2.2292,,805054.4169,
301580.SZ,20260304,13.1172,15.1296,,877026.1395,
601010.SH,20260304,1.206,1.7101,,437976.0,
301126.SZ,20260304,2.6494,3.4341,,244429.808,
688581.SH,20260304,0.6568,0.9242,,465802.9776,
688019.SH,20260304,1.8571,2.6799,,4171920.6375,
300125.SZ,20260304,1.606,1.993,,561311.539,
002524.SZ,20260304,3.9718,5.3159,,229837.882,
603099.SH,20260304,1.503,3.7066,,1013980.8668,
600333.SH,20260304,12.1996,29.5754,,356891.9808,
002594.SZ,20260304,2.0101,2.8528,,87515979.4264,
002950.SZ,20260304,1.1522,2.189,,656696.2271,
300418.SZ,20260304,4.2039,6.4058,,6554218.6516,
002048.SZ,20260304,2.3686,3.8201,,2316169.0652,
300099.SZ,20260304,4.8617,5.869,,645844.3634,
301051.SZ,20260304,2.7391,3.9536,,424157.7796,
603109.SH,20260304,1.0361,2.5907,,514184.6623,
002873.SZ,20260304,1.8542,2.5996,,242395.0794,
688190.SH,20260304,2.261,6.2358,,1346400.0,
920139.BJ,20260304,1.5473,2.7707,,526617.444,
002310.SZ,20260304,1.4013,2.2024,,1391842.7311,
300415.SZ,20260304,3.8487,5.5232,,1270271.8097,
002569.SZ,20260304,2.9273,3.4538,,193837.46,
600279.SH,20260304,2.8865,8.3531,,634973.4614,
002682.SZ,20260304,26.2783,37.0663,,398156.9646,
600802.SH,20260304,2.3026,3.3318,,288238.2436,
300805.SZ,20260304,2.8969,4.095,,497870.6443,
300520.SZ,20260304,5.5496,7.0491,,1203167.7942,
002330.SZ,20260304,2.2494,3.8113,,311939.8074,
688577.SH,20260304,1.1261,2.8826,,746575.7019,
301151.SZ,20260304,2.3077,6.9907,,327191.9376,
603599.SH,20260304,1.7074,2.9252,,1301685.1634,
000547.SZ,20260304,10.2375,13.0309,,4691504.3695,
002453.SZ,20260304,2.2198,2.9093,,493106.8455,
002493.SZ,20260304,1.194,4.3111,,14604564.5753,
002810.SZ,20260304,4.7392,7.4976,,634946.8271,
605080.SH,20260304,0.8116,2.4098,,335168.7091,
300590.SZ,20260304,1.9466,2.7489,,540863.0247,
300697.SZ,20260304,5.5704,7.1668,,767503.36,
300400.SZ,20260304,2.3342,3.496,,504661.664,
600365.SH,20260304,1.0798,1.3511,,139387.21,
603606.SH,20260304,2.0383,3.4442,,4153800.8227,
002140.SZ,20260304,2.7968,8.7316,,910505.8394,
002472.SZ,20260304,2.3028,2.6653,,3254731.1803,
300751.SZ,20260304,3.3698,4.3133,,7314543.6521,
002200.SZ,20260304,0.902,1.9369,,329772.7997,
002068.SZ,20260304,1.9322,3.6719,,623572.7262,
920496.BJ,20260304,11.4685,16.5121,,178655.425,
300438.SZ,20260304,9.2557,10.9334,,2395914.3936,
601636.SH,20260304,3.5099,5.5821,,2014843.1888,
002715.SZ,20260304,2.4652,3.8191,,219282.0,
002858.SZ,20260304,4.2254,4.9422,,245879.757,
600900.SH,20260304,0.7182,1.518,,66284401.7926,
301017.SZ,20260304,2.1839,3.9978,,588940.5756,
600073.SH,20260304,1.5728,2.5282,,613275.0747,
603916.SH,20260304,2.5321,4.8513,,477450.8178,
688328.SH,20260304,2.4292,3.7295,,295742.6596,
002579.SZ,20260304,3.5243,4.9395,,703898.7944,
605088.SH,20260304,1.3898,2.3888,,671225.9615,
002568.SZ,20260304,1.2999,1.8613,,1977562.5747,
001300.SZ,20260304,1.0557,3.861,,388335.031,
300462.SZ,20260304,1.9728,2.1841,,220547.0985,
603536.SH,20260304,2.149,4.9776,,242623.1608,
600235.SH,20260304,2.2451,3.5241,,242748.3,
300820.SZ,20260304,2.9078,4.331,,1181941.4965,
003000.SZ,20260304,1.6467,2.2175,,474791.5494,
920402.BJ,20260304,2.6423,5.3216,,425436.5475,
001236.SZ,20260304,1.2884,3.5647,,989637.778,
688653.SH,20260304,2.6036,2.6036,,562860.48,
002179.SZ,20260304,1.2973,2.4171,,7428776.5724,
688222.SH,20260304,2.7748,5.1141,,1048178.88,
601702.SH,20260304,1.1734,3.9112,,2276649.768,
603373.SH,20260304,4.5838,6.7362,,444731.184,
300421.SZ,20260304,4.3485,4.9339,,742426.9721,
600755.SH,20260304,2.6222,4.2979,,1421518.0295,
600415.SH,20260304,1.0595,2.5879,,7583762.4096,
600486.SH,20260304,1.4766,2.5259,,3284350.8492,
002513.SZ,20260304,5.4693,6.4902,,256530.687,
300682.SZ,20260304,2.3282,3.8263,,1859956.7912,
002714.SZ,20260304,1.4368,2.2592,,27037174.2689,
688419.SH,20260304,4.5529,8.8044,,528197.7458,
300225.SZ,20260304,1.1728,1.3767,,234862.2175,
002128.SZ,20260304,1.5736,3.6873,,7379259.939,
002236.SZ,20260304,2.0039,2.3017,,5830704.3883,
688802.SH,20260304,5.098,5.098,,20345085.0,
300254.SZ,20260304,6.3232,6.4755,,306049.7328,
603486.SH,20260304,1.2291,3.7285,,3751988.9842,
301288.SZ,20260304,0.6295,1.213,,213643.78,
301118.SZ,20260304,3.8695,8.5122,,304142.064,
300597.SZ,20260304,2.4917,3.0271,,258941.5285,
002161.SZ,20260304,4.3049,5.0714,,570352.9554,
688217.SH,20260304,2.1687,3.6582,,156396.5088,
601088.SH,20260304,0.4297,2.6459,,91613745.5125,
603638.SH,20260304,0.8233,2.9701,,1829226.4708,
600860.SH,20260304,14.3269,32.0805,,813016.6922,
603317.SH,20260304,0.8154,2.9377,,1366029.0807,
600765.SH,20260304,2.4074,3.7174,,3088007.6022,
603282.SH,20260304,5.9675,5.9675,,301496.46,
600729.SH,20260304,2.5114,2.6352,,1002030.7502,
300467.SZ,20260304,2.4815,2.5493,,610630.7155,
002529.SZ,20260304,1.1628,1.3568,,171340.0,
300928.SZ,20260304,3.0146,3.5023,,242240.0,
300773.SZ,20260304,5.8617,8.0444,,2066705.4107,
001301.SZ,20260304,1.9991,2.5139,,1900727.5268,
301050.SZ,20260304,4.5956,5.752,,1301819.2925,
000829.SZ,20260304,2.118,3.3445,,1078405.6608,
688498.SH,20260304,3.798,5.304,,7619695.6485,
920510.BJ,20260304,1.1917,1.7445,,304137.1968,
603261.SH,20260304,0.6564,1.9306,,220036.7575,
688211.SH,20260304,0.4077,1.0417,,413777.7465,
002726.SZ,20260304,2.6966,4.5009,,412239.3832,
600143.SH,20260304,1.7374,2.1547,,4650467.9394,
600569.SH,20260304,1.4413,4.4837,,732467.4534,
688805.SH,20260304,6.5181,6.5181,,715322.88,
002585.SZ,20260304,3.566,4.6488,,843437.4103,
600809.SH,20260304,0.5282,1.5767,,19031441.8632,
300988.SZ,20260304,3.517,5.7932,,367438.778,
002494.SZ,20260304,4.4745,5.0007,,205634.3413,
601512.SH,20260304,0.2747,1.4458,,1351998.78,
688571.SH,20260304,1.1139,3.1359,,317703.8543,
002575.SZ,20260304,5.8731,6.4271,,427234.5,
600650.SH,20260304,1.0304,2.3314,,782183.1317,
300157.SZ,20260304,36.5678,43.9978,,692868.7527,
600651.SH,20260304,0.7868,2.2086,,1842665.591,
605033.SH,20260304,4.8656,17.8565,,313393.6,
000816.SZ,20260304,6.3193,8.5094,,568676.234,
300538.SZ,20260304,4.0327,4.9907,,280700.3581,
300766.SZ,20260304,11.4876,12.3986,,1701371.4527,
688021.SH,20260304,2.4057,4.0288,,178349.6155,
001210.SZ,20260304,3.6058,4.8275,,358473.7773,
688468.SH,20260304,1.2423,1.9743,,291605.516,
600663.SH,20260304,0.3798,1.4929,,3992876.8674,
002552.SZ,20260304,2.393,6.5855,,756959.3808,
688401.SH,20260304,1.1585,1.9119,,987430.5495,
300226.SZ,20260304,4.0926,5.5599,,847161.5397,
300627.SZ,20260304,1.7907,2.4065,,2765140.0728,
600082.SH,20260304,8.0628,11.4762,,230663.3499,
603958.SH,20260304,4.9346,13.5204,,422487.36,
301429.SZ,20260304,3.3064,4.1398,,242942.1,
605180.SH,20260304,1.5894,5.5282,,250965.0,
002103.SZ,20260304,2.3307,2.8918,,472297.2905,
300609.SZ,20260304,3.539,4.1647,,441180.1435,
920003.BJ,20260304,5.3226,5.3226,,194207.5723,
002479.SZ,20260304,2.2875,3.5228,,472290.0,
688627.SH,20260304,3.5817,3.5817,,2505319.2323,
601921.SH,20260304,0.5977,3.1458,,1728888.8895,
002925.SZ,20260304,2.1897,6.5213,,1737027.0383,
002123.SZ,20260304,2.4693,2.5703,,861801.1013,
603799.SH,20260304,2.1233,2.6797,,13449694.6812,
001360.SZ,20260304,5.6669,5.8534,,524688.0,
301228.SZ,20260304,1.7637,3.8792,,497880.0,
002700.SZ,20260304,17.1614,17.3855,,305671.2287,
688783.SH,20260304,2.9459,2.9459,,9468641.0,
688192.SH,20260304,0.4699,1.2285,,2211190.0746,
300945.SZ,20260304,14.2019,24.3857,,511825.8914,
002110.SZ,20260304,1.3103,3.1311,,1088226.1497,
002831.SZ,20260304,1.398,2.0033,,2853591.85,
920007.BJ,20260304,5.5077,5.5077,,298985.9561,
300739.SZ,20260304,10.3628,18.1757,,1049782.4463,
600894.SH,20260304,1.0136,2.3954,,776730.6661,
002623.SZ,20260304,4.6552,8.8417,,503827.1875,
688036.SH,20260304,0.8525,2.0902,,6118545.8567,
920346.BJ,20260304,1.8729,2.9719,,184695.6059,
300939.SZ,20260304,1.9817,3.6089,,401520.0,
603236.SH,20260304,2.1642,2.8395,,2266609.4246,
920033.BJ,20260304,0.8997,1.9513,,202768.1955,
000576.SZ,20260304,3.3523,5.2493,,479187.199,
301076.SZ,20260304,2.3101,2.5662,,697601.1068,
920957.BJ,20260304,2.3479,4.7493,,137131.1049,
000786.SZ,20260304,1.0242,1.8456,,4878608.4964,
301665.SZ,20260304,9.9634,9.9634,,1330200.0,
301468.SZ,20260304,8.2886,9.8553,,904291.4452,
600467.SH,20260304,3.1918,5.0629,,371092.5532,
603336.SH,20260304,2.091,3.7079,,582544.0304,
301595.SZ,20260304,6.6759,6.6759,,662348.76,
300962.SZ,20260304,4.843,10.5752,,468603.3672,
001979.SZ,20260304,0.8061,2.0793,,8799647.3989,
688472.SH,20260304,3.0694,3.0694,,4940097.9919,
603626.SH,20260304,6.7032,9.5197,,1298973.3543,
688347.SH,20260304,4.3695,5.1928,,19930641.2537,
688283.SH,20260304,0.5936,1.1823,,576357.6,
002635.SZ,20260304,2.6805,3.4453,,917624.3054,
002463.SZ,20260304,3.3136,4.8471,,14625162.8812,
603959.SH,20260304,3.8268,5.0142,,295650.2922,
002049.SZ,20260304,1.9128,2.5851,,6328004.4453,
301300.SZ,20260304,3.3639,5.6482,,292255.552,
000565.SZ,20260304,2.6258,4.4166,,350776.106,
605138.SH,20260304,0.5697,2.3686,,390011.1207,
605365.SH,20260304,0.8434,5.029,,999507.6361,
002434.SZ,20260304,1.3101,2.6555,,1136711.6,
000523.SZ,20260304,2.4341,3.3718,,655262.2406,
002530.SZ,20260304,2.9329,3.7746,,723875.1046,
688219.SH,20260304,1.7594,3.0013,,625444.8,
688575.SH,20260304,0.8125,1.4512,,777088.088,
301638.SZ,20260304,28.3222,28.3222,,7717011.1082,
688186.SH,20260304,10.1222,12.7498,,753955.3889,
603226.SH,20260304,1.8476,6.5468,,1105223.9129,
300986.SZ,20260304,5.367,9.3594,,1137048.171,
603312.SH,20260304,3.2129,3.2129,,728797.7225,
000430.SZ,20260304,1.2491,2.0043,,578889.291,
601238.SH,20260304,0.3223,1.3364,,7861937.8089,
301613.SZ,20260304,4.8024,6.4649,,752433.5631,
600929.SH,20260304,1.2176,3.2981,,1046392.2573,
300008.SZ,20260304,13.8986,15.996,,1645083.7346,
600028.SH,20260304,1.3021,8.7951,,89484880.5243,
002348.SZ,20260304,6.6951,9.4949,,798489.6,
300331.SZ,20260304,6.0759,6.5941,,1217816.1213,
603389.SH,20260304,0.4797,1.2134,,1145073.216,
002825.SZ,20260304,1.5879,2.4562,,357928.8131,
605018.SH,20260304,1.4606,6.6523,,548566.7804,
002132.SZ,20260304,2.9368,3.8319,,515768.4489,
688020.SH,20260304,2.3803,5.004,,732543.089,
300659.SZ,20260304,3.4429,3.9231,,373142.2777,
600118.SH,20260304,4.1514,8.5531,,10990054.0207,
300036.SZ,20260304,2.7256,2.7502,,840167.082,
000837.SZ,20260304,1.6299,2.981,,1167409.4,
688699.SH,20260304,2.8818,5.9701,,499913.5949,
300413.SZ,20260304,1.9895,3.4071,,4149258.7677,
920855.BJ,20260304,1.0733,3.5366,,132875.8661,
688361.SH,20260304,2.524,3.0757,,6015454.2484,
300624.SZ,20260304,5.4895,6.868,,1453309.1475,
000839.SZ,20260304,2.69,4.2324,,1238665.1272,
300274.SZ,20260304,2.7746,3.0805,,30830727.0863,
301356.SZ,20260304,3.6044,3.651,,509112.0,
600152.SH,20260304,10.9548,16.8177,,498392.7713,
300049.SZ,20260304,3.0524,3.2853,,1471941.1245,
600540.SH,20260304,10.1761,19.1975,,311036.6736,
300741.SZ,20260304,0.479,2.535,,1037141.92,
002686.SZ,20260304,2.0435,3.5794,,378813.98,
300810.SZ,20260304,3.6547,6.5898,,485893.8,
920876.BJ,20260304,21.0787,34.2129,,190616.5572,
600927.SH,20260304,0.4222,2.7544,,2151311.1118,
688157.SH,20260304,1.2732,2.6988,,606014.0039,
002587.SZ,20260304,3.519,3.8886,,415033.6274,
920199.BJ,20260304,3.9934,8.4318,,265628.22,
603327.SH,20260304,1.2076,4.1011,,1023504.7134,
601311.SH,20260304,1.9654,3.2557,,1078121.2824,
002512.SZ,20260304,0.0227,0.0314,,605198.1678,
600966.SH,20260304,1.4579,2.8495,,1080170.1847,
600358.SH,20260304,1.4859,2.1017,,320129.8424,
002893.SZ,20260304,5.137,6.4945,,295540.44,
300648.SZ,20260304,3.4854,3.7611,,1021811.8482,
002382.SZ,20260304,2.836,3.9741,,623418.4567,
002243.SZ,20260304,1.3659,2.7527,,1205761.8021,
688147.SH,20260304,1.4126,4.5585,,3640375.592,
002898.SZ,20260304,0.6625,1.0549,,199056.0,
002760.SZ,20260304,3.4685,4.5212,,254853.3462,
002963.SZ,20260304,4.1025,6.7911,,225690.2549,
688728.SH,20260304,1.7991,5.3311,,3833264.7472,
301668.SZ,20260304,13.3624,13.3624,,604560.0,
300059.SZ,20260304,2.1572,2.3567,,33220087.1929,
600616.SH,20260304,1.5868,2.4996,,347213.5691,
300831.SZ,20260304,21.2079,21.2079,,547840.0,
002324.SZ,20260304,2.5904,3.2721,,1837579.4817,
300004.SZ,20260304,3.4968,4.7073,,693590.7491,
300756.SZ,20260304,1.8078,1.8203,,689964.8145,
300915.SZ,20260304,2.9515,4.8683,,326301.2219,
001318.SZ,20260304,0.9442,3.1201,,402790.5,
300373.SZ,20260304,2.747,5.276,,4389706.7712,
002303.SZ,20260304,3.8563,4.0851,,574246.3819,
603119.SH,20260304,3.9893,3.9893,,3142732.176,
605117.SH,20260304,1.7662,4.4492,,11198302.3358,
688162.SH,20260304,1.5407,3.6922,,434472.356,
301276.SZ,20260304,4.4938,4.507,,323870.4,
920204.BJ,20260304,5.0535,7.1498,,167266.5519,
600595.SH,20260304,4.4948,7.5517,,3647193.6537,
603398.SH,20260304,1.2658,2.0286,,408056.6741,
002588.SZ,20260304,2.145,3.3731,,1234828.2026,
002649.SZ,20260304,3.015,3.0835,,721144.4634,
000672.SZ,20260304,2.3754,5.6626,,1420164.3343,
688083.SH,20260304,1.2806,2.2168,,995823.464,
000892.SZ,20260304,5.2422,7.2145,,627827.5027,
600839.SH,20260304,2.2026,2.8689,,4454675.6742,
603063.SH,20260304,2.862,3.5336,,1330176.4924,
688548.SH,20260304,7.5892,7.5892,,3485850.8925,
000659.SZ,20260304,1.9304,2.2901,,557994.8937,
300076.SZ,20260304,1.9902,2.8317,,308672.0,
600658.SH,20260304,0.9173,1.7508,,555936.7674,
002697.SZ,20260304,2.5744,3.9222,,758880.0,
002376.SZ,20260304,1.798,2.5369,,594142.3426,
300661.SZ,20260304,1.7446,2.6373,,3861553.3136,
002515.SZ,20260304,1.5793,1.7519,,690050.0735,
002906.SZ,20260304,1.5701,3.6408,,1638797.246,
600939.SH,20260304,0.9982,3.3368,,591669.7076,
603103.SH,20260304,1.7267,14.7586,,1562668.8,
301048.SZ,20260304,1.1028,4.4111,,583466.7396,
603686.SH,20260304,4.1663,5.0189,,859940.9363,
688126.SH,20260304,1.0594,1.8068,,6382000.1719,
301011.SZ,20260304,1.3518,2.5961,,357733.2247,
000661.SZ,20260304,1.677,2.3049,,3630644.0081,
301157.SZ,20260304,6.8379,6.8379,,327180.0,
301279.SZ,20260304,1.3896,3.6711,,376372.7607,
000889.SZ,20260304,2.0526,2.7735,,322084.1439,
688679.SH,20260304,2.2378,4.5834,,570216.2928,
603177.SH,20260304,4.4692,10.7542,,251768.736,
002967.SZ,20260304,1.1495,2.187,,1406476.8541,
688709.SH,20260304,2.9738,3.7111,,2834606.1127,
688367.SH,20260304,2.3583,3.4261,,303794.4882,
600017.SH,20260304,2.3702,4.2676,,971906.6286,
688570.SH,20260304,0.6312,0.9507,,788060.0,
300570.SZ,20260304,8.098,10.0313,,2997847.5175,
601038.SH,20260304,1.7986,7.183,,1632656.5846,
600313.SH,20260304,20.3508,33.7959,,1073109.5474,
301081.SZ,20260304,1.8954,4.2974,,285358.0027,
688608.SH,20260304,1.6368,2.6637,,3120834.0975,
601519.SH,20260304,1.11,2.218,,2257696.6,
002094.SZ,20260304,4.5499,5.7902,,497446.2353,
301535.SZ,20260304,7.9866,7.9866,,1095982.9421,
603067.SH,20260304,3.7867,6.0354,,2963870.3551,
601677.SH,20260304,4.5472,5.3461,,2125181.8785,
001289.SZ,20260304,0.2076,7.8503,,14370523.9859,
000685.SZ,20260304,1.6553,3.2783,,1715554.5012,
002986.SZ,20260304,5.6929,6.6505,,553076.6254,
301325.SZ,20260304,4.8828,4.8828,,749968.5439,
300268.SZ,20260304,1.2427,1.7744,,240396.0,
600202.SH,20260304,2.7873,4.2251,,234604.4913,
600675.SH,20260304,0.9037,3.2306,,1632456.5394,
603018.SH,20260304,1.8583,1.8583,,525839.4339,
301187.SZ,20260304,1.0336,3.5961,,567991.8937,
002795.SZ,20260304,6.3729,8.9173,,363508.7524,
300575.SZ,20260304,3.6176,4.1046,,320538.8928,
603879.SH,20260304,2.6165,3.9245,,214169.2862,
300196.SZ,20260304,6.4115,8.1815,,789232.303,
002768.SZ,20260304,1.4535,2.1726,,1601445.0,
301566.SZ,20260304,7.1854,7.1854,,966024.15,
688306.SH,20260304,0.8196,2.0202,,1196347.4472,
002135.SZ,20260304,3.9554,6.9296,,759667.9412,
003013.SZ,20260304,0.5989,2.6929,,638606.2566,
000526.SZ,20260304,1.5449,2.4432,,412987.2984,
600353.SH,20260304,3.5178,6.0598,,1469887.9193,
600750.SH,20260304,0.906,1.6055,,1580134.6365,
002921.SZ,20260304,8.3928,10.8735,,398942.0001,
002328.SZ,20260304,2.476,2.8012,,510911.74,
002024.SZ,20260304,0.2637,0.7345,,1389715.1427,
603806.SH,20260304,1.3212,3.4704,,4586163.4978,
000563.SZ,20260304,1.4078,2.4944,,1769433.7439,
600078.SH,20260304,10.5006,18.0413,,845339.2634,
603210.SH,20260304,2.5792,2.5792,,625314.8,
301080.SZ,20260304,2.1026,2.7219,,727891.684,
603663.SH,20260304,4.1899,9.8456,,2345503.9148,
600815.SH,20260304,1.7698,3.4236,,557065.6667,
002050.SZ,20260304,2.9597,5.2892,,19988066.1913,
300788.SZ,20260304,4.6732,17.6349,,756422.7267,
603788.SH,20260304,0.9047,1.8541,,347312.3109,
605259.SH,20260304,3.5288,8.0963,,358758.4,
002117.SZ,20260304,1.8082,2.6148,,578711.6553,
920925.BJ,20260304,3.0977,4.5354,,194952.0731,
002634.SZ,20260304,3.0644,3.9905,,307306.8312,
000859.SZ,20260304,4.8712,6.8718,,956006.6812,
688360.SH,20260304,1.1182,2.1724,,469731.0329,
688737.SH,20260304,2.0608,3.2798,,319595.9326,
300286.SZ,20260304,6.4477,9.0272,,772667.5221,
603883.SH,20260304,1.2883,2.4636,,1068517.4523,
300517.SZ,20260304,3.3899,4.2443,,237089.1386,
600638.SH,20260304,1.4906,2.3813,,441074.8948,
300417.SZ,20260304,5.7592,6.9395,,180449.2512,
300247.SZ,20260304,2.1298,2.4926,,385939.3502,
603038.SH,20260304,1.0005,1.7193,,441436.4852,
002030.SZ,20260304,1.4671,2.1459,,830840.0509,
600157.SH,20260304,7.3948,9.0688,,4014468.6027,
001208.SZ,20260304,11.8834,12.0768,,1360963.121,
002772.SZ,20260304,3.0821,4.8318,,712553.3425,
603212.SH,20260304,4.0309,6.3469,,617736.778,
920099.BJ,20260304,9.6116,12.7642,,278476.7929,
002394.SZ,20260304,5.6457,9.4888,,497850.6,
002723.SZ,20260304,4.5673,6.5939,,300776.6378,
300050.SZ,20260304,2.8087,3.4079,,318735.33,
603819.SH,20260304,1.8323,3.6683,,263235.7961,
920656.BJ,20260304,0.908,1.1759,,168700.0,
000612.SZ,20260304,7.1116,9.4242,,1788299.091,
301101.SZ,20260304,1.1608,2.8976,,771791.343,
605337.SH,20260304,1.5222,3.917,,439255.1594,
300239.SZ,20260304,1.4018,1.9195,,337762.9139,
601333.SH,20260304,1.6459,3.0776,,2160478.785,
688678.SH,20260304,2.4395,3.6589,,673763.7231,
301391.SZ,20260304,1.8013,5.105,,731043.9558,
300583.SZ,20260304,1.8018,3.365,,261030.1254,
300636.SZ,20260304,1.7187,2.1598,,327982.1176,
002952.SZ,20260304,11.7024,29.251,,395895.06,
601969.SH,20260304,4.4375,19.6582,,2685645.6493,
000411.SZ,20260304,1.251,2.5286,,646920.4498,
603238.SH,20260304,1.6288,4.0814,,303007.863,
603386.SH,20260304,2.1097,4.959,,457177.9066,
300456.SZ,20260304,5.5435,5.9926,,3708659.5237,
000657.SZ,20260304,6.5888,10.7046,,15148162.0512,
603395.SH,20260304,15.3892,15.3892,,829660.0,
688027.SH,20260304,3.9998,5.2466,,6610053.6463,
603429.SH,20260304,1.9563,3.3186,,480428.6859,
300917.SZ,20260304,3.9677,8.9162,,614146.0,
301266.SZ,20260304,5.8317,13.2392,,535489.8349,
688399.SH,20260304,1.5499,2.586,,478488.1683,
002756.SZ,20260304,5.9393,6.7788,,3431381.3021,
920245.BJ,20260304,0.9774,2.0343,,136661.25,
688022.SH,20260304,3.479,4.7162,,278415.3869,
002404.SZ,20260304,2.2015,3.3577,,375234.5325,
600057.SH,20260304,1.112,2.5384,,2354848.562,
000921.SZ,20260304,0.7561,1.8579,,3136710.5523,
002496.SZ,20260304,2.3617,2.6166,,293979.987,
601018.SH,20260304,0.6501,4.122,,8170843.1276,
600749.SH,20260304,1.9396,3.5307,,360875.172,
002657.SZ,20260304,3.2879,3.5919,,833127.3878,
001259.SZ,20260304,5.963,11.7593,,238869.5304,
000981.SZ,20260304,4.6146,8.0137,,4438877.0743,
301032.SZ,20260304,3.6464,6.6107,,303345.8172,
000408.SZ,20260304,1.1548,2.5944,,12714117.8573,
600117.SH,20260304,0.7987,2.1941,,934217.964,
000601.SZ,20260304,7.1326,10.1369,,585388.8282,
600919.SH,20260304,0.6772,0.9382,,19250539.3617,
300980.SZ,20260304,2.4167,2.8479,,442498.9596,
605266.SH,20260304,1.3144,2.6106,,299349.6515,
603737.SH,20260304,0.5166,1.5663,,3690562.9999,
601158.SH,20260304,0.3616,3.1613,,2184010.5,
603897.SH,20260304,8.4907,20.3829,,702294.1868,
600539.SH,20260304,2.3711,3.9497,,248630.0,
001299.SZ,20260304,11.1706,37.3612,,348429.0382,
002406.SZ,20260304,3.044,3.3702,,568115.1138,
300121.SZ,20260304,3.5065,5.0755,,605072.9815,
003011.SZ,20260304,5.1319,6.7254,,261002.392,
688334.SH,20260304,4.0097,6.2923,,760740.4568,
000021.SZ,20260304,6.652,10.1204,,4903643.2162,
688371.SH,20260304,0.6062,1.5027,,671951.1291,
603360.SH,20260304,1.5383,3.4794,,1853837.0918,
002928.SZ,20260304,1.4537,2.6468,,1218164.1972,
688515.SH,20260304,5.0643,5.7023,,1016240.0,
000875.SZ,20260304,4.9336,7.0021,,2843780.1708,
600521.SH,20260304,1.0079,1.6693,,2260850.7254,
300215.SZ,20260304,15.2679,25.2607,,749843.2812,
001306.SZ,20260304,4.608,4.608,,463648.8762,
300884.SZ,20260304,3.7078,4.5947,,361500.6557,
688488.SH,20260304,1.8724,3.3903,,715330.7736,
002663.SZ,20260304,2.7246,3.2969,,372243.3628,
600221.SH,20260304,1.2392,2.1415,,6611991.7779,
002572.SZ,20260304,2.4084,2.8644,,1253887.4075,
002112.SZ,20260304,27.3304,37.4373,,684149.3619,
600187.SH,20260304,2.4785,3.1494,,322756.2206,
002759.SZ,20260304,5.6196,6.8904,,1734282.4307,
000716.SZ,20260304,2.4318,3.8354,,437425.6331,
603519.SH,20260304,1.6409,3.4495,,350221.1083,
300925.SZ,20260304,2.5128,2.8835,,835125.0249,
300153.SZ,20260304,6.5776,10.4452,,1123200.0,
688035.SH,20260304,6.2062,14.5307,,995111.04,
301025.SZ,20260304,4.7066,11.6001,,467161.0698,
002083.SZ,20260304,2.4387,4.0418,,1031836.5231,
301311.SZ,20260304,3.245,8.9268,,452880.0,
600335.SH,20260304,1.5249,4.872,,937859.5099,
301293.SZ,20260304,4.2114,5.1844,,1457769.907,
300537.SZ,20260304,4.7533,5.4062,,508502.5569,
300658.SZ,20260304,15.7673,22.5727,,876167.8885,
002733.SZ,20260304,4.8864,7.7985,,854878.1814,
688071.SH,20260304,4.8736,6.6809,,294898.6601,
601665.SH,20260304,0.9387,1.5347,,3446151.814,
300523.SZ,20260304,1.1585,2.4171,,522504.1349,
603197.SH,20260304,1.3708,1.946,,734562.5437,
000977.SZ,20260304,2.0605,3.0549,,8565624.3286,
300795.SZ,20260304,1.4293,1.8761,,376008.4885,
600196.SH,20260304,0.8364,1.4422,,6678743.7418,
002329.SZ,20260304,2.6844,2.9267,,303827.4545,
600757.SH,20260304,0.9331,2.1359,,1066798.59,
301598.SZ,20260304,4.8609,4.8609,,369815.6632,
002949.SZ,20260304,5.0199,8.7143,,285243.8221,
601816.SH,20260304,0.5284,1.0528,,24658542.4025,
688329.SH,20260304,2.0897,3.435,,190606.8,
603050.SH,20260304,1.6938,4.4572,,861893.1154,
603311.SH,20260304,1.784,3.6694,,364676.5202,
603355.SH,20260304,0.3823,1.9948,,1836014.4083,
000615.SZ,20260304,0.5873,0.7214,,566635.1837,
002420.SZ,20260304,3.3401,4.5184,,331499.74,
300154.SZ,20260304,1.8911,3.9976,,382121.9209,
300719.SZ,20260304,17.1888,20.5946,,468794.8646,
301308.SZ,20260304,9.7833,17.2795,,12657767.9181,
688549.SH,20260304,4.3749,5.062,,1441821.376,
600228.SH,20260304,0.9218,1.3163,,225003.1106,
605598.SH,20260304,1.5484,5.0159,,1250806.7132,
001201.SZ,20260304,1.5949,2.6295,,374302.3695,
600376.SH,20260304,1.322,2.7923,,1302680.4472,
600463.SH,20260304,1.4012,3.3839,,331500.0,
002249.SZ,20260304,2.3739,2.6952,,2459134.5626,
300898.SZ,20260304,2.5999,4.7879,,314960.0,
603402.SH,20260304,4.2238,4.2238,,1028533.3422,
688726.SH,20260304,7.109,7.109,,2703525.6806,
300690.SZ,20260304,2.4038,2.9993,,490920.9405,
300851.SZ,20260304,2.2615,2.8379,,265320.7368,
601061.SH,20260304,3.6272,3.6272,,7305900.0,
301206.SZ,20260304,2.1401,2.9659,,543649.1559,
688085.SH,20260304,1.3409,2.1885,,670259.621,
603726.SH,20260304,2.4553,5.4745,,450389.8112,
920799.BJ,20260304,1.4824,2.3003,,833875.6988,
603066.SH,20260304,1.1001,2.3187,,305653.0969,
301302.SZ,20260304,31.9789,52.7629,,581376.45,
300397.SZ,20260304,9.4183,10.3479,,776972.7542,
603297.SH,20260304,1.165,3.7302,,1295740.656,
600133.SH,20260304,1.9106,2.3042,,987338.1243,
300011.SZ,20260304,2.5039,3.3473,,531677.6298,
300872.SZ,20260304,2.2331,2.616,,829317.72,
301110.SZ,20260304,4.1513,5.8554,,579363.7199,
301036.SZ,20260304,2.5175,3.8114,,300000.0,
001219.SZ,20260304,2.2705,4.3609,,280776.6,
603950.SH,20260304,4.6045,12.5313,,1614171.384,
301088.SZ,20260304,1.2816,4.1761,,344129.0,
688097.SH,20260304,1.8349,5.9298,,1988475.8498,
000951.SZ,20260304,1.5065,3.1136,,2245175.347,
300529.SZ,20260304,0.9579,1.196,,1494190.4695,
920098.BJ,20260304,3.7832,5.6653,,233226.8183,
003005.SZ,20260304,3.5645,4.5417,,464397.1028,
688525.SH,20260304,7.9914,11.2225,,8221050.9643,
603716.SH,20260304,2.7119,3.1859,,426704.2258,
300549.SZ,20260304,3.8612,5.299,,234411.72,
002259.SZ,20260304,8.3051,11.5875,,415285.2034,
688108.SH,20260304,1.8442,2.4046,,853040.032,
301113.SZ,20260304,2.4992,5.6688,,234689.0,
001333.SZ,20260304,4.6914,4.6914,,332416.0,
300999.SZ,20260304,3.0752,3.0752,,15906949.5666,
300329.SZ,20260304,1.3249,2.3881,,344434.5184,
600249.SH,20260304,2.2486,3.5067,,306900.0,
300707.SZ,20260304,5.157,6.1943,,296412.3155,
603826.SH,20260304,2.9626,10.9384,,1390989.6,
600397.SH,20260304,13.8994,22.9149,,1838355.5009,
000428.SZ,20260304,1.6239,3.6244,,378021.546,
600866.SH,20260304,3.0943,4.1831,,1266042.1334,
002146.SZ,20260304,2.8566,4.1392,,673965.3969,
300976.SZ,20260304,1.2011,2.1947,,756750.0909,
600648.SH,20260304,0.2565,0.7161,,1377591.0768,
300911.SZ,20260304,6.8688,14.8257,,788526.6608,
920879.BJ,20260304,1.8487,3.6649,,380311.6227,
688114.SH,20260304,1.2706,2.3942,,2314163.7572,
600967.SH,20260304,2.105,4.7526,,2978140.6673,
920403.BJ,20260304,20.3497,26.6894,,277018.691,
688765.SH,20260304,2.2327,2.2327,,2510007.5,
600039.SH,20260304,0.303,2.613,,8817328.914,
000031.SZ,20260304,0.8104,2.6378,,1410197.0885,
000738.SZ,20260304,3.3261,6.6377,,3353719.2026,
600888.SH,20260304,3.8168,6.5687,,1356118.9813,
600340.SH,20260304,2.2748,3.7428,,606626.653,
688489.SH,20260304,0.8869,2.1125,,462682.0588,
603209.SH,20260304,6.1782,10.3081,,525525.0,
603159.SH,20260304,0.8524,1.9279,,351260.0,
600812.SH,20260304,1.1865,2.6367,,935073.0517,
688561.SH,20260304,1.1415,3.0327,,2215956.8508,
600955.SH,20260304,0.8373,1.8256,,1047750.0,
002712.SZ,20260304,3.1359,5.0429,,294453.4231,
603566.SH,20260304,1.3006,1.9011,,463377.3835,
920208.BJ,20260304,0.875,1.0173,,319659.0795,
000061.SZ,20260304,1.2166,3.3768,,1810284.6126,
605507.SH,20260304,0.4749,1.0368,,1481999.922,
002082.SZ,20260304,1.7217,3.1443,,1023355.789,
601108.SH,20260304,0.9497,1.405,,3835748.665,
920519.BJ,20260304,8.008,9.2002,,114607.4055,
301229.SZ,20260304,3.386,4.4244,,343565.1469,
688796.SH,20260304,3.3185,3.3185,,3114435.089,
688560.SH,20260304,4.0522,6.5113,,350667.9412,
002863.SZ,20260304,2.4542,3.7053,,339307.6916,
688727.SH,20260304,7.0933,7.0933,,2291529.96,
002743.SZ,20260304,1.8408,2.7588,,239832.9314,
601700.SH,20260304,3.0117,6.0925,,677352.2931,
603378.SH,20260304,2.3252,5.8803,,267872.9013,
002919.SZ,20260304,2.602,4.399,,631933.3025,
601319.SH,20260304,0.3079,3.6608,,37236600.0709,
600610.SH,20260304,4.6455,7.3372,,1130194.7083,
002215.SZ,20260304,2.939,3.4783,,1138250.1067,
600694.SH,20260304,1.2968,2.1343,,594361.6111,
600121.SH,20260304,6.7817,14.1012,,582400.9542,
920367.BJ,20260304,2.0901,4.2222,,147107.955,
000752.SZ,20260304,1.2316,1.5174,,260329.6306,
301272.SZ,20260304,3.0386,3.9921,,242550.5358,
603014.SH,20260304,2.4241,2.4241,,1607517.646,
301606.SZ,20260304,2.2237,4.1166,,2707286.4842,
601162.SH,20260304,1.2077,1.6077,,3959076.197,
603216.SH,20260304,1.6345,6.0653,,833974.05,
920808.BJ,20260304,1.0425,3.5974,,1588000.0079,
601881.SH,20260304,0.7647,2.6595,,15242556.7449,
002837.SZ,20260304,3.3366,4.8869,,10007744.525,
600503.SH,20260304,2.4758,2.6654,,413390.82,
688008.SH,20260304,3.5523,3.8293,,18370888.5157,
603181.SH,20260304,1.0603,1.8552,,978419.4,
688669.SH,20260304,2.3102,4.4398,,339854.6685,
300242.SZ,20260304,4.2287,5.3739,,317277.612,
002366.SZ,20260304,2.7114,2.7114,,1606483.8581,
600031.SH,20260304,0.602,0.8859,,20238204.7658,
603033.SH,20260304,0.6812,1.7953,,1069316.6055,
603499.SH,20260304,1.8047,4.4775,,648459.7778,
603201.SH,20260304,1.2359,3.9022,,329234.8582,
002541.SZ,20260304,1.5504,2.2287,,1600149.7523,
002478.SZ,20260304,7.8158,9.5595,,1116997.2427,
000707.SZ,20260304,2.9853,3.7868,,373049.5691,
603138.SH,20260304,7.5686,13.6212,,596855.474,
600732.SH,20260304,3.1926,5.2076,,3103888.3871,
002599.SZ,20260304,3.3017,3.7437,,392052.3232,
920006.BJ,20260304,18.814,25.5723,,266979.2504,
002423.SZ,20260304,0.9414,2.5294,,2506866.8656,
600855.SH,20260304,3.9335,7.0825,,899133.495,
600379.SH,20260304,2.397,4.295,,424969.4129,
301175.SZ,20260304,14.1385,14.1385,,1056809.84,
920985.BJ,20260304,2.1503,3.4941,,240772.4836,
600838.SH,20260304,2.3705,3.5168,,420525.1981,
300300.SZ,20260304,33.2784,44.1407,,1020942.8519,
002305.SZ,20260304,0.8051,1.353,,362451.0959,
300769.SZ,20260304,3.7419,4.2515,,1156055.8118,
688768.SH,20260304,5.4717,8.3631,,422785.766,
688349.SH,20260304,0.4535,1.7551,,3162896.4705,
920564.BJ,20260304,3.8795,6.2179,,239243.2224,
002833.SZ,20260304,2.3595,3.3067,,755981.718,
600320.SH,20260304,1.5843,2.9188,,2823837.4765,
688552.SH,20260304,15.0261,15.0261,,1505812.32,
603116.SH,20260304,1.2663,2.8406,,331891.6608,
000060.SZ,20260304,4.4196,6.3192,,3472996.8622,
688120.SH,20260304,1.0005,1.392,,6309505.1714,
300873.SZ,20260304,3.2979,5.2355,,582038.8902,
300641.SZ,20260304,1.1763,2.699,,969630.1745,
300232.SZ,20260304,7.8856,8.9459,,800361.1031,
002367.SZ,20260304,1.0163,1.9286,,622241.4557,
300913.SZ,20260304,2.5899,7.8795,,1835592.8976,
603858.SH,20260304,0.6615,1.5151,,1710510.0129,
002124.SZ,20260304,1.9659,2.0523,,537707.9873,
000582.SZ,20260304,2.521,5.7333,,2783895.4349,
002422.SZ,20260304,0.6342,0.7636,,4669511.953,
300505.SZ,20260304,28.4423,31.0245,,940596.6637,
002053.SZ,20260304,1.582,5.9447,,1093826.6032,
300396.SZ,20260304,1.0995,2.2963,,341693.3017,
002286.SZ,20260304,3.7492,4.6498,,388178.7276,
002574.SZ,20260304,2.6217,5.7126,,315744.0,
300131.SZ,20260304,3.6411,3.6529,,1539086.4217,
600829.SH,20260304,1.1655,4.6293,,590326.5917,
001225.SZ,20260304,5.0736,6.1092,,416739.2436,
301379.SZ,20260304,3.2442,3.2451,,520390.353,
300343.SZ,20260304,2.1832,2.4856,,682002.2979,
300683.SZ,20260304,2.8618,4.7656,,404201.8794,
301182.SZ,20260304,4.3136,8.8529,,469143.0432,
600530.SH,20260304,0.7561,1.7165,,449453.6,
603577.SH,20260304,9.2356,23.2064,,400523.2771,
920016.BJ,20260304,2.2563,2.5202,,146727.5567,
300022.SZ,20260304,2.6223,3.6225,,405277.1116,
603073.SH,20260304,6.1229,6.6027,,230260.0,
301013.SZ,20260304,3.7749,4.144,,565658.1955,
920964.BJ,20260304,5.3247,5.8549,,183368.016,
300354.SZ,20260304,2.5835,3.2154,,538203.9021,
600455.SH,20260304,3.5614,4.4856,,168948.89,
600525.SH,20260304,3.0446,4.3652,,712141.2821,
600380.SH,20260304,0.9311,1.8242,,1990445.284,
603191.SH,20260304,7.7418,12.8873,,820733.1783,
300633.SZ,20260304,0.8446,0.9496,,1097358.6591,
002500.SZ,20260304,1.2271,2.3395,,2064118.6395,
002312.SZ,20260304,6.2122,11.2656,,2491776.2021,
688592.SH,20260304,2.5213,2.5213,,362153.2236,
920415.BJ,20260304,1.2454,1.721,,194608.4095,
301320.SZ,20260304,7.7326,7.7326,,320155.59,
601330.SH,20260304,1.3427,4.2738,,1051479.4973,
603365.SH,20260304,0.6022,1.495,,520267.6666,
603281.SH,20260304,0.7479,1.0859,,1184586.6688,
300005.SZ,20260304,2.1795,2.9343,,1225694.932,
002938.SZ,20260304,1.0465,3.8242,,12206856.6503,
002659.SZ,20260304,3.0055,4.2936,,333242.1739,
002883.SZ,20260304,2.8428,4.4568,,156625.6375,
300638.SZ,20260304,3.1425,3.8372,,2392946.4109,
600660.SH,20260304,0.7342,1.0364,,15340072.4811,
600016.SH,20260304,1.1009,1.6057,,16812448.7048,
601619.SH,20260304,8.1193,15.096,,2050587.252,
300162.SZ,20260304,3.5138,4.1104,,331412.9237,
301079.SZ,20260304,17.6818,20.5428,,481698.3387,
601595.SH,20260304,1.4256,4.631,,1173387.6,
600398.SH,20260304,1.0888,2.7106,,3025745.2865,
920885.BJ,20260304,4.9192,7.3475,,398864.4665,
000883.SZ,20260304,0.7207,2.4311,,3376867.8995,
600408.SH,20260304,12.3125,17.9918,,372516.0,
688096.SH,20260304,2.8372,3.4684,,198277.2994,
603269.SH,20260304,8.7508,11.7686,,440897.5247,
301251.SZ,20260304,12.3055,12.3055,,870223.2578,
600055.SH,20260304,0.6124,1.1228,,1026469.1447,
001322.SZ,20260304,0.5602,2.6574,,840464.6122,
002669.SZ,20260304,3.1473,4.4253,,415658.0,
002510.SZ,20260304,4.2948,5.1189,,788762.7761,
002041.SZ,20260304,11.7558,29.806,,1083280.0,
002370.SZ,20260304,1.8326,2.1462,,483938.227,
603339.SH,20260304,1.1394,2.0407,,404439.6157,
603508.SH,20260304,1.3267,3.0947,,970343.2895,
000878.SZ,20260304,4.1295,6.2378,,5430308.2094,
920768.BJ,20260304,1.2793,1.6942,,137158.92,
000888.SZ,20260304,2.025,3.3526,,693944.5553,
600725.SH,20260304,2.846,4.0796,,618699.94,
002616.SZ,20260304,2.3851,3.6475,,499204.7098,
002875.SZ,20260304,3.3047,4.2728,,387903.7239,
300034.SZ,20260304,3.9443,6.6651,,1710279.5142,
688636.SH,20260304,3.2463,5.5132,,792665.3894,
000620.SZ,20260304,2.6665,4.7281,,1696954.5466,
300130.SZ,20260304,1.9421,2.254,,1403498.0303,
600851.SH,20260304,0.8757,1.8611,,935468.9363,
920239.BJ,20260304,1.1819,3.1058,,564976.255,
301236.SZ,20260304,2.461,3.1152,,4680090.7349,
603237.SH,20260304,0.9883,2.3505,,332658.4425,
688729.SH,20260304,3.1985,3.1985,,7034232.8,
300440.SZ,20260304,2.1873,3.3409,,731795.139,
301199.SZ,20260304,3.3073,3.9195,,436635.164,
000632.SZ,20260304,3.8323,4.8804,,231363.2263,
001386.SZ,20260304,4.2788,4.2788,,2690959.84,
000504.SZ,20260304,0.4526,0.7624,,287120.0953,
002001.SZ,20260304,2.3848,4.8477,,10234494.1944,
688131.SH,20260304,1.7208,2.5343,,1317587.8924,
300905.SZ,20260304,2.7146,4.3785,,597886.1194,
605366.SH,20260304,9.9938,20.4852,,695969.1721,
688558.SH,20260304,1.0245,3.1618,,399300.0,
603007.SH,20260304,3.828,3.828,,558211.6897,
300189.SZ,20260304,48.3065,50.946,,956416.0,
002266.SZ,20260304,2.03,3.8662,,2578320.0726,
300623.SZ,20260304,2.4694,3.9604,,2529522.9538,
603062.SH,20260304,2.2002,2.5208,,517212.0,
300585.SZ,20260304,2.7544,4.6166,,266933.3332,
601717.SH,20260304,1.9802,3.1643,,4088565.8397,
603030.SH,20260304,1.4249,1.8768,,342402.7152,
300735.SZ,20260304,2.2713,4.4712,,1792020.7088,
603202.SH,20260304,1.8793,1.8793,,1441760.0,
600699.SH,20260304,1.7057,2.753,,4022698.8404,
600538.SH,20260304,2.3412,2.5991,,320285.1906,
301318.SZ,20260304,1.2574,2.6275,,379107.4758,
300474.SZ,20260304,3.9212,4.8096,,3555378.5741,
301501.SZ,20260304,2.3303,2.3303,,577549.5,
300473.SZ,20260304,3.4972,4.517,,581008.9188,
600727.SH,20260304,8.8742,13.4941,,425509.4237,
002871.SZ,20260304,2.2205,3.0752,,532922.736,
301373.SZ,20260304,29.156,30.8991,,538130.0435,
600846.SH,20260304,1.1829,2.6917,,838429.9545,
600928.SH,20260304,0.9837,3.6842,,1608888.8891,
920974.BJ,20260304,10.2678,11.8147,,151187.4,
300713.SZ,20260304,17.0856,23.877,,307442.209,
603610.SH,20260304,1.2951,2.9851,,656917.4067,
301512.SZ,20260304,4.1753,5.9462,,256960.3212,
920748.BJ,20260304,7.7953,20.1091,,343795.2,
688139.SH,20260304,0.6095,1.149,,981761.044,
002521.SZ,20260304,1.7077,2.0017,,441328.1074,
603358.SH,20260304,1.2389,3.2623,,2315833.3647,
300731.SZ,20260304,10.8437,13.5752,,957594.4835,
000910.SZ,20260304,0.8688,1.6226,,396863.1875,
002933.SZ,20260304,4.5859,7.4647,,406031.0,
600867.SH,20260304,1.5969,2.7323,,1701973.7184,
600389.SH,20260304,2.5316,3.5638,,1207111.95,
002172.SZ,20260304,3.7869,5.4688,,327733.4501,
300985.SZ,20260304,5.2772,19.0793,,482134.7608,
600495.SH,20260304,2.1612,3.1512,,559392.3802,
301263.SZ,20260304,1.4871,1.854,,1222879.815,
301103.SZ,20260304,0.8801,1.235,,323638.2126,
300201.SZ,20260304,4.8149,6.2954,,932356.2929,
605218.SH,20260304,1.4372,4.3912,,429539.2414,
002245.SZ,20260304,3.4057,3.9424,,1983400.3131,
000703.SZ,20260304,2.1125,6.3572,,4287119.848,
688005.SH,20260304,2.4533,3.356,,2101292.8818,
920039.BJ,20260304,0.916,2.7954,,168125.26,
601398.SH,20260304,0.1405,1.2146,,252335630.019,
002031.SZ,20260304,3.7106,4.0182,,1596761.2564,
920261.BJ,20260304,1.2103,1.8107,,463483.3348,
300341.SZ,20260304,1.2347,3.2543,,802503.4311,
605123.SH,20260304,3.765,8.6533,,1279806.9613,
600717.SH,20260304,1.8931,4.4252,,1337028.4796,
301262.SZ,20260304,4.3747,6.0874,,1038330.0,
605068.SH,20260304,1.0061,2.98,,431123.5997,
688033.SH,20260304,7.5809,10.1404,,588621.93,
301667.SZ,20260304,5.6904,5.6904,,695701.608,
603280.SH,20260304,5.8493,5.8493,,393516.2012,
600481.SH,20260304,8.2308,14.0041,,1564634.6671,
600726.SH,20260304,0.8534,6.0948,,2150795.4491,
600933.SH,20260304,1.2656,2.5772,,1744014.441,
603767.SH,20260304,0.9051,2.6676,,602757.3195,
300940.SZ,20260304,2.2736,2.8691,,532787.9822,
601778.SH,20260304,3.9811,5.2312,,1621234.2901,
688317.SH,20260304,1.2474,2.2496,,376629.678,
600378.SH,20260304,1.065,2.3682,,4859428.5685,
603697.SH,20260304,1.3532,4.1334,,479870.534,
301270.SZ,20260304,5.3346,6.5464,,362300.0,
601900.SH,20260304,1.2046,3.2177,,1218882.6699,
600906.SH,20260304,1.9255,3.0992,,2125475.0,
000058.SZ,20260304,0.8609,2.9379,,1034208.5645,
600522.SH,20260304,4.2923,5.5514,,9839533.8467,
603185.SH,20260304,1.8183,3.3085,,1599082.7935,
300725.SZ,20260304,3.6915,3.8901,,850591.1066,
600753.SH,20260304,3.1389,5.3753,,233070.8611,
002972.SZ,20260304,2.1716,2.9401,,290536.3928,
300670.SZ,20260304,11.0162,14.3258,,224696.6196,
000926.SZ,20260304,1.5261,1.9361,,344080.3912,
688651.SH,20260304,3.2745,3.2745,,321425.937,
603900.SH,20260304,3.6165,6.9155,,274419.072,
688697.SH,20260304,0.657,1.6719,,682798.7363,
920026.BJ,20260304,3.2203,5.1519,,290225.1419,
603797.SH,20260304,1.3301,3.1353,,283689.7535,
603137.SH,20260304,2.6373,2.6373,,257570.1343,
688623.SH,20260304,4.4652,4.4652,,605029.821,
688067.SH,20260304,2.8309,5.3983,,181560.0,
301260.SZ,20260304,1.5816,2.8874,,752633.0354,
603738.SH,20260304,13.4256,18.6841,,887541.2316,
002497.SZ,20260304,2.8327,3.0372,,2907915.238,
000711.SZ,20260304,3.1579,3.4916,,1091364.9172,
002073.SZ,20260304,3.6517,4.2624,,764794.8173,
300252.SZ,20260304,5.0255,5.3618,,975352.5975,
603928.SH,20260304,1.8166,5.4992,,400196.16,
301257.SZ,20260304,1.8427,3.1508,,496940.0033,
002902.SZ,20260304,4.423,5.0898,,477068.3959,
301019.SZ,20260304,1.2865,1.6573,,356815.8147,
300640.SZ,20260304,5.1589,6.0232,,223915.2674,
002460.SZ,20260304,3.2718,3.6652,,14024788.8684,
002520.SZ,20260304,7.2319,9.6256,,461400.7802,
688111.SH,20260304,1.2848,2.9708,,13036047.8801,
600905.SH,20260304,0.8771,1.88,,12035400.7098,
600346.SH,20260304,1.151,4.601,,16731940.1913,
920870.BJ,20260304,1.4023,2.4796,,216410.0,
600104.SH,20260304,0.6508,2.1425,,15794511.2905,
300319.SZ,20260304,9.8953,12.7539,,1247949.1835,
603220.SH,20260304,5.1858,7.1897,,1360710.2967,
301507.SZ,20260304,4.4843,4.4843,,510229.2462,
300695.SZ,20260304,0.8107,2.7859,,737783.7067,
300214.SZ,20260304,1.8463,3.1176,,340308.7134,
920522.BJ,20260304,2.1386,2.7864,,1045527.3024,
300446.SZ,20260304,4.7895,5.5913,,1900481.9295,
688272.SH,20260304,4.2934,9.2495,,233092.0,
605001.SH,20260304,1.5505,3.1072,,300164.904,
600796.SH,20260304,4.4446,6.6071,,585811.9778,
002979.SZ,20260304,1.9255,2.5169,,1140331.2746,
600760.SH,20260304,1.0947,3.335,,16123183.6385,
002907.SZ,20260304,0.4956,1.3774,,580876.4728,
002951.SZ,20260304,2.3666,14.0035,,603450.0,
688101.SH,20260304,1.0534,3.2517,,546491.8606,
605589.SH,20260304,3.083,4.1353,,2927657.8146,
920149.BJ,20260304,1.043,1.499,,87726.2075,
301486.SZ,20260304,6.3255,8.207,,2434001.0204,
000589.SZ,20260304,3.7488,4.8162,,749329.0109,
603396.SH,20260304,4.9541,8.4246,,549677.0327,
301348.SZ,20260304,6.7402,6.7402,,627600.0,
301372.SZ,20260304,3.7852,4.2563,,183702.861,
688392.SH,20260304,1.7266,3.005,,1442037.6656,
002845.SZ,20260304,3.1976,3.7787,,467416.283,
002615.SZ,20260304,5.1227,6.5205,,428966.3134,
301030.SZ,20260304,4.8042,6.8272,,238609.9461,
920223.BJ,20260304,2.2529,3.5695,,285157.705,
002056.SZ,20260304,2.1646,4.3336,,3500684.3832,
600188.SH,20260304,2.4704,9.5728,,19573087.0608,
002459.SZ,20260304,2.358,4.4916,,3908741.058,
688188.SH,20260304,0.7434,2.0996,,4167527.7663,
600416.SH,20260304,2.0332,3.3723,,2082328.9438,
300897.SZ,20260304,2.7016,4.8051,,369759.6231,
300119.SZ,20260304,1.5432,1.9428,,852824.8855,
603937.SH,20260304,1.9746,5.346,,260693.442,
600580.SH,20260304,2.2432,3.6746,,6406243.9126,
600682.SH,20260304,1.2192,2.2375,,946973.0836,
603298.SH,20260304,0.6383,1.6584,,3554829.901,
300745.SZ,20260304,4.2579,4.8,,449374.1823,
603936.SH,20260304,5.1828,6.7121,,822038.9972,
002090.SZ,20260304,3.4151,4.3308,,481093.0623,
920422.BJ,20260304,2.6793,5.83,,111045.8011,
920640.BJ,20260304,2.9769,6.4262,,815114.976,
688615.SH,20260304,3.2801,3.5431,,2780120.0,
603418.SH,20260304,2.9272,2.9272,,1035619.1336,
301678.SZ,20260304,4.0387,4.0387,,1624186.0663,
002536.SZ,20260304,12.8978,19.794,,2024395.8975,
688273.SH,20260304,1.8452,4.6827,,406600.0,
301001.SZ,20260304,3.4149,5.8168,,246080.0,
601226.SH,20260304,4.7847,12.9558,,1285419.4122,
688265.SH,20260304,0.7615,2.4561,,334541.4343,
300112.SZ,20260304,4.2632,4.7747,,244079.9769,
002104.SZ,20260304,4.861,5.0837,,1225426.7364,
002415.SZ,20260304,0.473,1.2001,,27732901.3103,
300016.SZ,20260304,3.0994,3.9399,,535292.378,
002516.SZ,20260304,1.21,2.447,,900153.2734,
002335.SZ,20260304,3.8592,5.1224,,2920851.3703,
600843.SH,20260304,1.7362,2.2391,,775211.9638,
600135.SH,20260304,2.1752,4.0048,,491336.7039,
002239.SZ,20260304,2.2533,2.9401,,1002137.5674,
603668.SH,20260304,1.1958,1.8027,,702449.6248,
300227.SZ,20260304,12.1166,13.5556,,724708.0311,
002149.SZ,20260304,12.3107,18.167,,2307788.8732,
600543.SH,20260304,1.8187,2.8736,,164092.32,
000908.SZ,20260304,2.16,2.9064,,509389.3492,
301326.SZ,20260304,6.0694,7.3,,1033932.3322,
600339.SH,20260304,9.2889,33.412,,2925569.2748,
002307.SZ,20260304,3.5002,6.5235,,837579.7604,
301065.SZ,20260304,2.4702,4.303,,250207.2,
300265.SZ,20260304,17.2305,28.3045,,836071.187,
603172.SH,20260304,7.3872,8.5281,,303306.12,
600605.SH,20260304,0.887,1.7351,,544585.6126,
688521.SH,20260304,3.9615,5.6953,,12043459.7517,
688187.SH,20260304,0.6097,2.0492,,7509454.7184,
300200.SZ,20260304,2.7954,3.9311,,489154.5888,
002866.SZ,20260304,3.8237,4.7637,,529825.7285,
002647.SZ,20260304,3.7505,4.546,,1063604.4492,
002890.SZ,20260304,2.0002,3.3942,,261607.7464,
600129.SH,20260304,1.2912,2.1206,,907634.3325,
603029.SH,20260304,1.8976,4.561,,229579.064,
688166.SH,20260304,2.1982,3.5741,,1738956.8276,
000957.SZ,20260304,3.4574,5.1637,,643893.6745,
002905.SZ,20260304,2.3339,8.6687,,373685.76,
300878.SZ,20260304,1.373,4.9262,,402806.6758,
688228.SH,20260304,3.9259,8.8429,,797977.1279,
001287.SZ,20260304,3.7398,4.3286,,1671780.2134,
600987.SH,20260304,1.751,3.7659,,818696.7361,
603158.SH,20260304,2.2997,3.7107,,479482.4346,
603310.SH,20260304,1.4671,2.0874,,595711.5,
301177.SZ,20260304,1.4981,14.9782,,1232845.614,
688469.SH,20260304,2.5364,2.5364,,5817584.8974,
603221.SH,20260304,1.0985,3.7874,,290024.44,
000676.SZ,20260304,2.4039,3.2037,,1020429.2642,
300989.SZ,20260304,3.5739,4.828,,316861.2201,
920035.BJ,20260304,2.2298,2.2298,,211673.15,
300819.SZ,20260304,8.3867,20.8273,,869865.15,
001378.SZ,20260304,2.9883,2.9883,,327600.6552,
688505.SH,20260304,0.8179,1.8825,,820965.1032,
605158.SH,20260304,0.7887,2.8681,,409136.0,
688193.SH,20260304,1.1032,2.0202,,201831.9352,
300612.SZ,20260304,4.9619,6.2578,,287644.4666,
300235.SZ,20260304,2.8428,3.6237,,329032.8519,
600360.SH,20260304,2.0818,2.68,,854662.8206,
300161.SZ,20260304,1.6806,2.5006,,597878.9902,
001282.SZ,20260304,20.5319,28.3123,,562129.568,
300779.SZ,20260304,4.0494,4.9069,,1966936.0933,
300434.SZ,20260304,1.6689,2.8376,,397324.6894,
000695.SZ,20260304,3.8141,5.4406,,290153.678,
920112.BJ,20260304,0.6256,0.6256,,316235.95,
000905.SZ,20260304,6.8017,14.2169,,963610.6665,
301332.SZ,20260304,1.3378,1.8111,,426483.75,
301278.SZ,20260304,14.6547,17.8435,,372827.0423,
920725.BJ,20260304,7.1589,11.2592,,332879.925,
920068.BJ,20260304,9.2134,9.2134,,1408228.8322,
000573.SZ,20260304,3.1727,4.0029,,268077.8537,
300521.SZ,20260304,1.7191,2.2803,,449190.0,
600639.SH,20260304,0.9148,2.6263,,1144861.1509,
301149.SZ,20260304,3.2914,4.1886,,517290.0217,
600835.SH,20260304,1.7625,4.5065,,2447415.164,
000973.SZ,20260304,2.6211,2.6211,,3171125.4281,
000501.SZ,20260304,1.2959,2.2735,,690555.4724,
000822.SZ,20260304,9.2077,15.4327,,591655.7631,
688588.SH,20260304,1.0011,1.8812,,506012.6538,
300812.SZ,20260304,29.97,39.8558,,676431.973,
301205.SZ,20260304,7.8747,9.3209,,2466303.696,
600386.SH,20260304,1.4324,3.1832,,334656.0,
605116.SH,20260304,0.6236,2.2932,,1001647.855,
301539.SZ,20260304,2.5611,4.1008,,293188.0,
603811.SH,20260304,1.3742,1.853,,361016.665,
301268.SZ,20260304,2.0852,5.1583,,920512.4271,
002586.SZ,20260304,1.1913,2.0734,,557236.9487,
301165.SZ,20260304,0.8144,6.7863,,6731136.3598,
000850.SZ,20260304,1.5512,2.8947,,506748.1098,
300241.SZ,20260304,4.8685,5.2016,,431362.5298,
688378.SH,20260304,2.3431,3.4001,,948507.5729,
603193.SH,20260304,1.6699,1.7106,,888891.5109,
920000.BJ,20260304,1.2117,2.2591,,162640.32,
301383.SZ,20260304,2.119,3.2726,,536648.112,
300221.SZ,20260304,3.7583,3.7583,,496494.9099,
002426.SZ,20260304,5.1805,6.0271,,1350842.4887,
603919.SH,20260304,1.2986,3.2661,,997273.1541,
300778.SZ,20260304,4.3978,10.1554,,275551.4956,
600027.SH,20260304,1.6343,3.8133,,5956840.1564,
300353.SZ,20260304,4.1636,4.3408,,1440694.0202,
603755.SH,20260304,2.1736,5.9744,,292882.6326,
301023.SZ,20260304,3.9812,4.9639,,332442.7625,
600959.SH,20260304,1.2942,2.7289,,1915274.8737,
002163.SZ,20260304,4.6717,6.5142,,1184630.9295,
002065.SZ,20260304,1.777,2.5201,,2775947.7368,
688041.SH,20260304,0.7946,2.0831,,54854378.9476,
603016.SH,20260304,1.4274,3.1604,,460333.12,
920856.BJ,20260304,1.468,2.4683,,144307.0947,
002926.SZ,20260304,0.9079,1.6864,,2281125.0,
000776.SZ,20260304,0.8857,1.8385,,15626216.4855,
600265.SH,20260304,0.3298,0.9241,,254537.8,
600702.SH,20260304,1.8311,2.6261,,1646823.6922,
002201.SZ,20260304,5.0283,7.675,,793041.3053,
603722.SH,20260304,1.2391,2.1307,,362443.9288,
301398.SZ,20260304,5.1962,5.78,,634032.0,
600824.SH,20260304,1.1447,1.8973,,446907.479,
600011.SH,20260304,1.1991,3.0135,,11600890.9923,
301208.SZ,20260304,2.188,2.8839,,431640.2158,
600116.SH,20260304,1.1431,2.4603,,1302169.3176,
605555.SH,20260304,1.3809,3.7601,,770153.8426,
002100.SZ,20260304,1.9905,2.7798,,978885.3363,
920807.BJ,20260304,2.0905,3.0357,,269546.16,
600172.SH,20260304,10.3971,14.1074,,1326809.7179,
920163.BJ,20260304,3.2761,5.6644,,202597.6618,
605300.SH,20260304,0.5927,2.0282,,495294.4707,
920207.BJ,20260304,19.4727,29.0633,,334206.875,
002074.SZ,20260304,1.6403,2.7145,,6514482.6702,
301419.SZ,20260304,2.6827,5.2266,,417600.0,
002693.SZ,20260304,1.0007,1.9646,,294429.7225,
600215.SH,20260304,2.0188,2.878,,322102.4304,
301287.SZ,20260304,5.8175,5.8175,,282214.11,
603718.SH,20260304,2.1133,3.413,,307047.1137,
600273.SH,20260304,2.443,4.0365,,1454574.8476,
920230.BJ,20260304,1.3029,2.2173,,124587.5413,
300481.SZ,20260304,2.0093,3.1193,,486814.8706,
920765.BJ,20260304,2.5128,5.3908,,151414.7741,
920030.BJ,20260304,1.6971,2.6426,,112132.48,
603206.SH,20260304,0.8533,2.7036,,475806.7813,
601077.SH,20260304,1.0316,1.7365,,7665975.0,
300738.SZ,20260304,6.4967,8.9746,,2282659.7082,
603977.SH,20260304,4.4967,8.7478,,931862.742,
600801.SH,20260304,0.7573,1.8927,,4798321.9579,
603335.SH,20260304,2.5333,4.8542,,242757.9882,
603759.SH,20260304,1.1498,2.8873,,477921.6,
002004.SZ,20260304,1.7059,2.2496,,1055296.9288,
301355.SZ,20260304,4.9591,4.9591,,242116.5286,
300244.SZ,20260304,4.5606,5.0854,,1281207.8438,
920786.BJ,20260304,6.59,9.029,,208007.735,
300896.SZ,20260304,1.0266,1.6161,,4210265.9368,
300687.SZ,20260304,3.2605,3.6667,,821724.1593,
603203.SH,20260304,1.2091,3.3866,,964419.5706,
600850.SH,20260304,1.2894,2.2299,,1756953.348,
002651.SZ,20260304,1.9513,3.7146,,1072731.48,
300971.SZ,20260304,5.525,6.2747,,288590.4,
300808.SZ,20260304,1.7131,3.3187,,482720.0,
603809.SH,20260304,1.5302,2.2314,,1085940.7923,
603010.SH,20260304,1.7199,3.3301,,685679.9037,
600107.SH,20260304,1.2341,1.5752,,207720.0,
603279.SH,20260304,2.3808,4.324,,1136031.183,
002737.SZ,20260304,0.5637,1.302,,783144.0,
002193.SZ,20260304,4.3406,5.9172,,165927.6587,
603393.SH,20260304,13.4802,23.9092,,1653293.1753,
301009.SZ,20260304,1.9164,2.7158,,329494.32,
002313.SZ,20260304,3.4455,6.089,,341078.4,
002385.SZ,20260304,12.4816,13.1029,,1900634.7257,
300652.SZ,20260304,1.5564,2.8812,,607594.0555,
603609.SH,20260304,0.549,1.1791,,658511.0714,
002238.SZ,20260304,1.9068,5.5523,,602721.9292,
605183.SH,20260304,0.6725,2.0802,,878345.2022,
001400.SZ,20260304,13.504,13.504,,697740.0,
688038.SH,20260304,2.8533,4.969,,252646.6514,
603128.SH,20260304,3.0876,5.6975,,773646.478,
688163.SH,20260304,1.189,2.8998,,252369.04,
300920.SZ,20260304,6.161,8.3971,,397000.0,
600536.SH,20260304,1.45,2.2814,,3779034.3054,
600268.SH,20260304,5.1772,11.263,,1415107.9938,
300588.SZ,20260304,1.427,1.9583,,458573.1169,
600009.SH,20260304,0.6802,1.3548,,7298222.1463,
920419.BJ,20260304,0.8213,1.5091,,150414.1184,
603028.SH,20260304,2.9544,4.1729,,268382.4,
688691.SH,20260304,7.2747,7.2747,,1402440.0,
603112.SH,20260304,1.0959,2.702,,926392.5155,
002421.SZ,20260304,4.055,4.7463,,598004.0222,
600736.SH,20260304,1.8156,3.2302,,735676.1676,
688311.SH,20260304,1.8709,2.9295,,746742.3123,
601007.SH,20260304,1.9507,3.4529,,303030.0,
600059.SH,20260304,1.1898,1.9351,,849557.5289,
600305.SH,20260304,1.15,1.973,,853089.5481,
600292.SH,20260304,2.0657,3.6717,,6570309.3015,
920781.BJ,20260304,11.6642,12.708,,146065.866,
600406.SH,20260304,1.6414,3.8239,,22970822.6062,
000055.SZ,20260304,1.9897,2.5982,,408072.2063,
000997.SZ,20260304,1.1496,1.658,,2296692.9733,
000049.SZ,20260304,1.2288,2.2548,,966596.6359,
301213.SZ,20260304,18.4839,35.2063,,748799.9906,
002440.SZ,20260304,16.0274,24.0163,,1636543.8617,
920892.BJ,20260304,0.623,1.9371,,268303.381,
605196.SH,20260304,4.7675,7.3393,,2776789.112,
002534.SZ,20260304,2.8112,8.4576,,1636761.0766,
600881.SH,20260304,1.317,1.5558,,549465.668,
688231.SH,20260304,2.5134,6.2854,,793892.5719,
003037.SZ,20260304,0.6938,2.1011,,450504.1579,
688386.SH,20260304,1.8266,2.6586,,868291.2869,
603111.SH,20260304,1.6336,2.1936,,585318.8263,
002984.SZ,20260304,1.7866,2.306,,1984948.08,
600372.SH,20260304,1.2608,2.8181,,7253506.0484,
301098.SZ,20260304,3.1725,3.3888,,162966.923,
603120.SH,20260304,10.7863,10.7863,,385375.2,
301469.SZ,20260304,5.2416,10.482,,312732.6,
688012.SH,20260304,1.0774,1.508,,20834358.9451,
600971.SH,20260304,3.9317,8.7296,,930003.7851,
300992.SZ,20260304,2.0382,3.0847,,279153.078,
002192.SZ,20260304,4.5709,6.185,,1417457.7532,
688373.SH,20260304,2.5943,3.9,,365519.2077,
300736.SZ,20260304,8.9696,11.8917,,245633.9021,
688212.SH,20260304,1.011,1.408,,546202.254,
002022.SZ,20260304,1.6164,1.9868,,293179.2481,
300236.SZ,20260304,2.6484,3.5362,,2344406.2684,
300909.SZ,20260304,3.7731,5.7761,,789621.6491,
600622.SH,20260304,1.39,2.4495,,415412.8564,
603588.SH,20260304,5.6406,6.8777,,1955833.0428,
603703.SH,20260304,2.6973,3.795,,568525.5044,
605151.SH,20260304,1.8162,5.5657,,269781.2151,
300281.SZ,20260304,1.1411,2.2113,,303300.6719,
300677.SZ,20260304,3.3631,3.8409,,3017029.0365,
300058.SZ,20260304,6.9679,6.9679,,5862831.2637,
002032.SZ,20260304,0.2313,1.3782,,3451273.0521,
002614.SZ,20260304,2.8211,3.2651,,404183.0042,
002816.SZ,20260304,1.2038,1.4331,,231200.0,
000713.SZ,20260304,9.6428,13.6277,,585893.0939,
600420.SH,20260304,1.154,2.6307,,1416278.3628,
301286.SZ,20260304,1.3975,5.1493,,2372192.9,
600423.SH,20260304,1.7622,2.4502,,309893.6701,
600491.SH,20260304,1.075,1.5834,,469635.6922,
300746.SZ,20260304,1.339,2.8057,,285558.9849,
688282.SH,20260304,1.8545,5.4437,,707080.0,
601133.SH,20260304,7.8157,7.8157,,846941.5521,
301033.SZ,20260304,2.0507,3.5575,,453590.6793,
002278.SZ,20260304,20.4407,27.9007,,569455.3544,
301128.SZ,20260304,3.3779,6.3394,,1074341.0302,
300869.SZ,20260304,1.2237,1.6924,,565738.9014,
601633.SH,20260304,0.3093,1.7551,,16978818.5242,
603922.SH,20260304,3.5322,6.421,,379187.2,
600789.SH,20260304,2.7252,3.5771,,899908.3989,
600916.SH,20260304,6.1108,12.7587,,1856400.0,
003016.SZ,20260304,1.1378,3.6884,,347771.3731,
605189.SH,20260304,1.5339,4.7266,,275978.3515,
301421.SZ,20260304,5.1886,5.2044,,1028733.02,
300213.SZ,20260304,2.0011,2.0512,,504615.5963,
001285.SZ,20260304,6.5457,6.5457,,949539.0297,
002491.SZ,20260304,26.9434,40.9034,,1555943.0425,
688234.SH,20260304,1.5938,3.6398,,3991802.9469,
301255.SZ,20260304,3.6784,3.6784,,390853.12,
002766.SZ,20260304,2.1928,4.2077,,454228.9432,
002115.SZ,20260304,7.5184,8.3264,,1089161.3589,
300904.SZ,20260304,3.5508,3.5508,,424165.7395,
000932.SZ,20260304,0.9714,2.0384,,4428433.4319,
002841.SZ,20260304,0.9391,1.3505,,2447890.1888,
688475.SH,20260304,0.5026,2.6034,,2130187.5,
300987.SZ,20260304,3.2738,5.9515,,310848.824,
688138.SH,20260304,1.3889,3.4345,,875144.0,
688018.SH,20260304,1.8747,3.0764,,2559962.3412,
603920.SH,20260304,4.3542,8.4847,,4106655.6146,
601377.SH,20260304,1.1001,1.5542,,5535667.8555,
300916.SZ,20260304,2.3767,3.7729,,426410.5326,
300039.SZ,20260304,2.6259,3.7774,,648520.0,
003026.SZ,20260304,3.238,4.1624,,407522.136,
688351.SH,20260304,0.9148,3.0742,,1063085.4,
301099.SZ,20260304,3.2185,4.1821,,617022.9238,
300132.SZ,20260304,4.1875,4.6183,,484036.2902,
605166.SH,20260304,2.5872,3.8035,,335190.268,
600326.SH,20260304,2.094,2.7215,,1422412.8576,
001373.SZ,20260304,4.2895,5.0177,,288484.9296,
920029.BJ,20260304,1.3045,1.3045,,1176092.2962,
301337.SZ,20260304,4.8744,5.7147,,307598.4,
300390.SZ,20260304,2.4288,2.9648,,3742532.2999,
301100.SZ,20260304,3.6392,6.3686,,421000.0,
300706.SZ,20260304,8.5506,12.0423,,627463.0354,
300069.SZ,20260304,3.0455,5.3632,,217269.0,
600730.SH,20260304,1.4013,1.7521,,562016.4499,
301520.SZ,20260304,2.8639,2.8639,,278266.6681,
300604.SZ,20260304,3.3468,3.7255,,8190137.7467,
920675.BJ,20260304,15.7448,25.3404,,227084.316,
301127.SZ,20260304,2.2244,4.0227,,1068402.6555,
601298.SH,20260304,0.4629,3.7683,,5958829.8,
601117.SH,20260304,2.1956,3.8739,,5587599.5382,
688209.SH,20260304,1.5515,4.0608,,887955.9483,
000722.SZ,20260304,2.9444,6.0749,,617330.5151,
300710.SZ,20260304,3.304,3.4643,,290710.6566,
600734.SH,20260304,2.5247,3.4545,,880034.4548,
301618.SZ,20260304,1.3901,1.4485,,442147.9299,
002432.SZ,20260304,9.1447,13.9881,,2370911.5532,
688050.SH,20260304,0.9533,1.3092,,1097563.0181,
300592.SZ,20260304,2.4218,4.0904,,541844.3685,
600684.SH,20260304,2.7849,4.0418,,559673.5872,
920378.BJ,20260304,0.9596,1.5146,,153815.214,
002815.SZ,20260304,3.6935,4.5313,,1811734.1436,
688068.SH,20260304,1.244,1.7851,,1124732.7281,
002862.SZ,20260304,2.4725,2.9862,,278544.0,
300408.SZ,20260304,1.209,1.8667,,11318833.4731,
600819.SH,20260304,1.5397,4.1176,,768707.8165,
300580.SZ,20260304,1.2474,2.9122,,1094058.9756,
603086.SH,20260304,2.1104,3.214,,352633.459,
300103.SZ,20260304,3.2586,4.6442,,232483.932,
603982.SH,20260304,3.1554,5.281,,288817.035,
603022.SH,20260304,2.6547,4.4444,,213800.0,
300009.SZ,20260304,1.4463,1.6317,,1555999.5791,
603079.SH,20260304,1.6973,3.2473,,322862.5978,
300681.SZ,20260304,3.0774,3.2473,,698724.3412,
002560.SZ,20260304,7.3807,8.2225,,566220.4399,
300299.SZ,20260304,2.794,3.9273,,439030.8541,
002879.SZ,20260304,5.5796,6.3709,,430630.0372,
920267.BJ,20260304,1.6483,2.2802,,108113.1014,
603352.SH,20260304,5.3773,5.3773,,889440.0013,
920057.BJ,20260304,2.4677,2.7782,,124890.4116,
300399.SZ,20260304,2.1158,3.8468,,496371.2,
920076.BJ,20260304,6.9347,6.9347,,192777.5018,
688201.SH,20260304,3.0303,5.1807,,473510.6473,
603387.SH,20260304,1.7166,3.0622,,414344.4234,
300767.SZ,20260304,3.027,4.0822,,537662.3405,
300758.SZ,20260304,3.7834,5.6392,,622863.2063,
000528.SZ,20260304,1.6676,2.2535,,2227346.6126,
300133.SZ,20260304,3.416,4.2929,,1476627.9071,
300956.SZ,20260304,2.9517,5.7718,,344468.8283,
600348.SH,20260304,1.9295,4.3383,,3701295.0,
688700.SH,20260304,2.484,3.7413,,1196887.855,
002408.SZ,20260304,1.5946,3.5404,,1717082.4214,
301488.SZ,20260304,3.8836,3.9604,,1275120.0,
603208.SH,20260304,1.898,4.689,,248041.7436,
688122.SH,20260304,2.17,3.2314,,5437691.8399,
920227.BJ,20260304,2.634,4.3347,,262894.0665,
688681.SH,20260304,2.3425,3.6037,,202013.1,
002935.SZ,20260304,2.1715,3.8095,,843539.8884,
600496.SH,20260304,1.1879,1.6897,,855753.735,
300966.SZ,20260304,2.1002,2.7997,,226988.5115,
920685.BJ,20260304,1.4798,1.8716,,126475.0305,
300504.SZ,20260304,4.2288,7.6902,,416022.7303,
002223.SZ,20260304,0.8221,1.3527,,3638991.2523,
002036.SZ,20260304,6.7287,7.3694,,1158834.4408,
688207.SH,20260304,2.6141,3.5318,,397523.7806,
002401.SZ,20260304,4.3673,8.5641,,579059.4295,
688137.SH,20260304,1.5633,2.2647,,284210.528,
600644.SH,20260304,11.5895,22.8007,,746612.176,
301160.SZ,20260304,2.5523,2.9768,,728914.7957,
600160.SH,20260304,1.1471,2.4714,,11033862.233,
002843.SZ,20260304,28.3178,49.3516,,710151.6624,
603803.SH,20260304,2.0388,3.617,,417660.5365,
600617.SH,20260304,10.7482,27.3529,,694509.0394,
001395.SZ,20260304,1.4883,1.7727,,359952.24,
600382.SH,20260304,2.2462,3.6842,,580525.1624,
603725.SH,20260304,3.9899,6.6194,,301504.2455,
300689.SZ,20260304,2.7293,5.5897,,522858.8,
002046.SZ,20260304,3.34,6.6312,,2591241.3467,
000598.SZ,20260304,1.4718,3.4366,,2050013.9913,
920374.BJ,20260304,1.7995,2.066,,181459.068,
002706.SZ,20260304,4.9625,5.5169,,1257900.0224,
000488.SZ,20260304,2.4556,3.3688,,685359.2946,
603608.SH,20260304,10.9276,16.0825,,513313.9766,
002064.SZ,20260304,1.6172,4.875,,5840914.1668,
002045.SZ,20260304,1.9553,2.6074,,718853.4427,
603607.SH,20260304,1.9881,3.8969,,398985.048,
300144.SZ,20260304,2.1012,3.2029,,2073497.4686,
000402.SZ,20260304,0.8609,1.756,,807011.0749,
605162.SH,20260304,3.1607,12.4663,,393372.508,
301322.SZ,20260304,3.1442,4.219,,450425.7551,
603392.SH,20260304,0.2441,0.9223,,4798370.6912,
600362.SH,20260304,1.9291,4.6027,,18996533.5158,
603041.SH,20260304,1.7555,2.9692,,236443.6704,
002835.SZ,20260304,2.3317,3.0669,,352068.2653,
920770.BJ,20260304,5.5499,6.5068,,236840.5585,
688080.SH,20260304,2.073,2.8726,,411148.5288,
688077.SH,20260304,3.3593,5.5497,,390257.2201,
688178.SH,20260304,1.5892,3.2893,,207649.7329,
688396.SH,20260304,0.958,2.8353,,6796950.5178,
002531.SZ,20260304,2.8112,5.7087,,1863363.1683,
603533.SH,20260304,7.4946,12.9149,,1170098.9621,
300298.SZ,20260304,1.1316,1.75,,937327.2029,
001220.SZ,20260304,6.4467,6.4467,,375343.43,
600452.SH,20260304,7.3196,12.5439,,2092769.7327,
688516.SH,20260304,3.6586,6.6248,,2622913.9668,
920821.BJ,20260304,1.9652,3.6474,,316295.3011,
600206.SH,20260304,5.671,8.4752,,2033421.1035,
000559.SZ,20260304,2.5993,7.1729,,5798561.9186,
002981.SZ,20260304,3.2271,8.6982,,391010.5111,
301053.SZ,20260304,1.0496,3.1188,,273456.9013,
603093.SH,20260304,4.0953,17.7867,,1551721.2187,
600269.SH,20260304,1.28,2.8052,,1139678.6228,
300875.SZ,20260304,21.6837,38.4897,,556978.0758,
300557.SZ,20260304,6.2587,11.9441,,509820.7094,
300691.SZ,20260304,2.4691,3.2876,,438011.391,
300563.SZ,20260304,3.0193,3.4639,,623089.0554,
301357.SZ,20260304,21.4589,21.4589,,1339464.0,
002725.SZ,20260304,16.955,24.103,,419840.0,
000010.SZ,20260304,16.1511,19.3665,,508146.3131,
603218.SH,20260304,1.0412,2.5592,,1429083.3138,
002471.SZ,20260304,9.8673,11.8696,,1125120.72,
300193.SZ,20260304,2.3747,2.8108,,427196.0751,
300783.SZ,20260304,3.318,3.9894,,772009.5478,
300700.SZ,20260304,3.2946,3.3489,,554252.2369,
600873.SH,20260304,1.0363,1.5476,,3137946.4064,
002932.SZ,20260304,1.0468,1.2926,,415049.9082,
002597.SZ,20260304,2.1616,3.8942,,1449215.6889,
920751.BJ,20260304,1.0386,1.6525,,210875.4,
601869.SH,20260304,3.454,13.0349,,18898589.9003,
920091.BJ,20260304,8.2719,8.2719,,380162.262,
600777.SH,20260304,2.1425,8.5465,,3277838.9877,
600759.SH,20260304,15.8815,18.1022,,3427081.6653,
603059.SH,20260304,1.4679,5.2221,,334494.171,
600096.SH,20260304,5.0667,8.2196,,7487022.9322,
601811.SH,20260304,0.5429,3.7323,,1639774.689,
600355.SH,20260304,13.493,15.815,,57574.4364,
300534.SZ,20260304,2.5353,4.066,,286661.025,
300525.SZ,20260304,2.8995,3.0547,,844158.721,
300763.SZ,20260304,7.9886,12.0286,,3739359.1535,
000088.SZ,20260304,1.883,4.2998,,2360565.4391,
300548.SZ,20260304,6.2805,7.7664,,4443913.239,
001336.SZ,20260304,4.9509,9.2744,,213472.016,
002072.SZ,20260304,2.3057,4.4418,,270244.8,
000155.SZ,20260304,3.1792,5.2515,,2636328.3924,
600327.SH,20260304,1.4377,2.6002,,357450.9253,
600859.SH,20260304,1.741,2.6051,,1467854.4397,
601718.SH,20260304,2.0331,4.1453,,1469680.4225,
002311.SZ,20260304,0.4971,1.0992,,9034162.3371,
688001.SH,20260304,0.9164,4.6385,,1338358.9173,
600266.SH,20260304,2.0421,3.7476,,1085613.8542,
688750.SH,20260304,3.4078,4.9132,,955987.5,
603655.SH,20260304,1.0478,3.2382,,394320.0,
603267.SH,20260304,5.0115,7.9682,,1392031.2934,
603008.SH,20260304,1.7872,2.8083,,697545.8719,
603223.SH,20260304,3.523,9.1416,,704188.4274,
920976.BJ,20260304,5.784,9.0897,,228469.948,
600267.SH,20260304,1.0395,1.6717,,1195251.6514,
001914.SZ,20260304,1.9778,5.3267,,1130641.4076,
920247.BJ,20260304,1.0644,2.6265,,358570.5218,
603171.SH,20260304,1.4404,5.6392,,2245462.47,
000735.SZ,20260304,2.5394,3.2323,,875150.3193,
603303.SH,20260304,0.3993,1.6595,,722571.0311,
002099.SZ,20260304,2.8619,4.7527,,1235079.738,
920726.BJ,20260304,6.4507,13.0972,,212795.31,
300997.SZ,20260304,1.9255,7.069,,908194.9341,
600548.SH,20260304,0.5898,3.6643,,2251078.3846,
920080.BJ,20260304,3.4305,3.4305,,218290.0,
600381.SH,20260304,1.0521,1.8076,,170247.6149,
600602.SH,20260304,3.0751,5.4875,,2632771.4009,
002707.SZ,20260304,2.4195,3.1499,,678073.3728,
000603.SZ,20260304,5.1311,8.6611,,3380849.7954,
301002.SZ,20260304,8.381,10.5735,,541096.0788,
000042.SZ,20260304,1.0313,2.2118,,566436.1304,
601069.SH,20260304,4.6893,15.6005,,3525566.606,
002205.SZ,20260304,2.2401,3.2097,,262968.1676,
301066.SZ,20260304,3.7231,7.43,,367419.7456,
301238.SZ,20260304,1.3334,4.5837,,1424133.2686,
600980.SH,20260304,3.4181,6.4644,,473726.6056,
600252.SH,20260304,1.3328,1.9112,,789672.4414,
002136.SZ,20260304,9.8474,14.5202,,299952.9,
300199.SZ,20260304,2.1589,2.3003,,1444982.8257,
603080.SH,20260304,12.2474,23.0825,,353467.0,
002827.SZ,20260304,1.1999,2.8418,,979911.702,
688433.SH,20260304,2.1029,3.5634,,3822778.024,
603868.SH,20260304,0.3055,3.0526,,1532005.2,
603506.SH,20260304,1.3957,3.6038,,241106.6682,
688358.SH,20260304,1.6893,5.7206,,346468.1442,
605277.SH,20260304,2.5076,5.4469,,746144.0162,
605167.SH,20260304,1.0001,2.6769,,797099.25,
301312.SZ,20260304,7.3647,12.1324,,1023976.1714,
600036.SH,20260304,0.5584,0.983,,97348604.0199,
603790.SH,20260304,2.7606,7.0879,,488542.08,
600853.SH,20260304,2.6976,4.8227,,407640.7619,
002596.SZ,20260304,3.4533,4.7986,,464770.1098,
603658.SH,20260304,0.5352,1.8497,,1973701.1487,
002912.SZ,20260304,1.9351,2.9217,,503547.648,
002227.SZ,20260304,2.1771,4.6844,,237398.3109,
300822.SZ,20260304,0.6046,1.8779,,468550.4448,
601188.SH,20260304,3.0827,6.2144,,458219.9402,
300983.SZ,20260304,0.5916,1.2791,,472435.2,
301122.SZ,20260304,2.9436,5.0323,,403410.6714,
002010.SZ,20260304,1.3206,3.213,,1730283.3484,
601611.SH,20260304,1.9834,5.965,,4728705.8786,
600693.SH,20260304,3.2075,8.0311,,1108184.1174,
002940.SZ,20260304,2.2306,3.7849,,597518.8869,
000039.SZ,20260304,2.7457,3.5572,,6859285.9297,
002508.SZ,20260304,0.8649,1.8221,,1908776.6103,
603020.SH,20260304,1.362,2.0639,,388219.8651,
688809.SH,20260304,6.9502,6.9502,,4276493.3744,
300515.SZ,20260304,1.0476,2.0664,,390933.55,
688562.SH,20260304,3.8501,3.8501,,821200.0,
301338.SZ,20260304,11.4006,18.5312,,1819759.2,
000911.SZ,20260304,5.6001,11.9685,,268214.2781,
002980.SZ,20260304,30.5427,48.9343,,644342.7463,
600425.SH,20260304,1.9353,3.1773,,726930.7793,
002606.SZ,20260304,10.3796,14.4061,,561135.5752,
920703.BJ,20260304,4.2675,6.6508,,229100.48,
002543.SZ,20260304,1.0311,2.8241,,648419.2,
002642.SZ,20260304,1.9121,2.4214,,526617.9291,
688123.SH,20260304,5.1061,6.6937,,2033941.1864,
688777.SH,20260304,3.078,3.9793,,5755903.8089,
301339.SZ,20260304,3.5099,3.5099,,781128.6487,
603808.SH,20260304,1.4675,3.3118,,358020.0917,
920118.BJ,20260304,2.4676,2.924,,120012.768,
301359.SZ,20260304,3.0762,5.3398,,248283.616,
603153.SH,20260304,1.6722,2.8793,,653728.4641,
002555.SZ,20260304,2.5559,2.9064,,4970898.0692,
300830.SZ,20260304,13.5615,16.4156,,612876.4937,
002811.SZ,20260304,4.0743,8.6686,,456103.5774,
301499.SZ,20260304,8.2069,8.2069,,443798.1199,
002667.SZ,20260304,13.6405,17.3122,,642358.0475,
002523.SZ,20260304,2.4572,3.615,,607738.9032,
600272.SH,20260304,1.6629,2.9992,,335931.8377,
600969.SH,20260304,2.7251,4.2862,,377081.4432,
300439.SZ,20260304,1.3251,1.745,,377401.0763,
600022.SH,20260304,1.8076,4.3765,,1818804.4242,
688146.SH,20260304,5.3632,5.3632,,2394529.4131,
688698.SH,20260304,2.4033,5.6134,,1601746.4406,
603363.SH,20260304,4.1894,6.4863,,1106258.7761,
300007.SZ,20260304,3.6821,4.0919,,1543251.2023,
000595.SZ,20260304,0.9737,1.8288,,703689.6342,
300856.SZ,20260304,0.9183,2.316,,628858.5088,
603283.SH,20260304,3.5451,5.786,,1218384.9303,
603381.SH,20260304,6.6438,9.3372,,612121.3211,
002340.SZ,20260304,4.5739,5.0003,,4689963.4929,
688330.SH,20260304,2.8678,5.5884,,615300.0,
002927.SZ,20260304,4.2783,8.7928,,445268.3991,
301392.SZ,20260304,3.5235,3.5235,,1029200.0,
002014.SZ,20260304,0.7407,1.751,,718452.9588,
300902.SZ,20260304,3.8859,5.9216,,347608.0415,
001213.SZ,20260304,0.6878,3.9987,,1831111.1109,
002851.SZ,20260304,4.4181,5.092,,7483845.9524,
300447.SZ,20260304,9.6187,12.3017,,652104.063,
002761.SZ,20260304,0.9945,1.7487,,1061221.8392,
600072.SH,20260304,2.9112,4.0464,,1956847.2205,
002343.SZ,20260304,2.9226,3.9971,,313576.3493,
002334.SZ,20260304,4.7799,4.8948,,779958.0888,
603326.SH,20260304,1.1887,3.7182,,300664.6681,
688236.SH,20260304,0.5959,3.2415,,765986.2945,
002241.SZ,20260304,1.9422,2.489,,8768379.9168,
603092.SH,20260304,4.6199,4.6199,,2667200.6668,
300775.SZ,20260304,7.1726,10.2091,,2165005.8279,
300043.SZ,20260304,2.5748,3.7724,,714169.8822,
603685.SH,20260304,2.8454,5.6355,,735285.1642,
688526.SH,20260304,0.6036,2.2193,,721566.2307,
000301.SZ,20260304,1.3122,3.9992,,9063996.7646,
920002.BJ,20260304,1.7724,2.8739,,418217.7789,
002164.SZ,20260304,1.9187,3.0324,,682246.6693,
301077.SZ,20260304,2.9126,4.8413,,481493.482,
300248.SZ,20260304,2.095,2.1937,,554469.5295,
605298.SH,20260304,1.0299,3.6817,,850584.8,
603948.SH,20260304,1.0964,4.0181,,452532.3301,
002796.SZ,20260304,5.4201,7.89,,1315084.166,
600655.SH,20260304,0.5216,1.1253,,1922874.3869,
600307.SH,20260304,1.4347,3.4817,,1158721.1234,
601006.SH,20260304,1.1913,2.334,,10436238.0569,
603828.SH,20260304,0.6011,1.2081,,408828.6684,
603955.SH,20260304,0.7827,1.2872,,382730.4,
002763.SZ,20260304,1.7846,3.2969,,313591.86,
603711.SH,20260304,0.4609,2.491,,536736.33,
600982.SH,20260304,2.9337,5.9749,,550990.3501,
300921.SZ,20260304,6.7276,8.0561,,465559.0346,
920275.BJ,20260304,1.0373,2.8097,,141367.9312,
300953.SZ,20260304,2.8307,3.7832,,2502069.3142,
600246.SH,20260304,3.8986,5.31,,2108141.4115,
600739.SH,20260304,1.4203,2.5376,,1834122.0694,
300790.SZ,20260304,2.7124,2.7913,,939038.6423,
300054.SZ,20260304,2.0302,2.241,,3997819.1817,
688049.SH,20260304,2.5224,3.3253,,851314.779,
301069.SZ,20260304,2.4118,3.9433,,1054083.2567,
688130.SH,20260304,1.6176,2.5495,,269103.5752,
603650.SH,20260304,2.066,5.2953,,3464991.2345,
920469.BJ,20260304,2.6875,3.6203,,141791.676,
300804.SZ,20260304,21.4001,21.4001,,324490.0,
601696.SH,20260304,1.3158,2.518,,3716964.0,
001356.SZ,20260304,1.5145,2.2297,,692451.0,
002582.SZ,20260304,4.3768,4.9226,,498746.5906,
001298.SZ,20260304,2.6701,2.8303,,868097.6928,
688510.SH,20260304,5.9944,8.0554,,999681.086,
301528.SZ,20260304,2.37,3.5915,,392507.9,
301167.SZ,20260304,3.4266,3.4266,,191744.0,
001286.SZ,20260304,3.3659,5.1747,,4106250.0,
600203.SH,20260304,2.0889,2.824,,687866.1751,
000852.SZ,20260304,11.4067,23.8985,,862282.8555,
002390.SZ,20260304,2.0231,3.5265,,623976.4496,
300708.SZ,20260304,8.0662,8.8995,,979288.4952,
301171.SZ,20260304,6.3297,7.6797,,2401427.3705,
301662.SZ,20260304,10.1144,10.1144,,1440160.0,
001309.SZ,20260304,12.1618,13.5296,,5706756.2183,
603416.SH,20260304,1.196,2.3073,,799835.642,
000550.SZ,20260304,1.0684,3.3717,,1520983.068,
300173.SZ,20260304,1.9965,2.52,,331361.2898,
002455.SZ,20260304,24.4964,25.2316,,750548.3857,
600512.SH,20260304,2.3255,2.8416,,382514.635,
601877.SH,20260304,1.5511,3.302,,7024979.5825,
600126.SH,20260304,3.8129,10.0852,,3093505.2,
300151.SZ,20260304,4.7421,5.4981,,923902.8148,
000726.SZ,20260304,2.6873,3.5277,,602355.2,
002813.SZ,20260304,1.8912,5.5464,,314400.0,
002274.SZ,20260304,3.1109,5.1868,,629513.031,
601228.SH,20260304,0.8983,5.0173,,2602863.3161,
601326.SH,20260304,1.0172,4.3853,,1977943.848,
300587.SZ,20260304,1.9702,2.3589,,798435.3102,
688070.SH,20260304,7.56,17.2155,,564453.1,
002997.SZ,20260304,1.1791,2.012,,676317.2011,
688280.SH,20260304,6.8002,8.1545,,611469.647,
920160.BJ,20260304,2.6321,2.6321,,279801.6,
600048.SH,20260304,1.4151,2.3874,,7888522.2125,
000881.SZ,20260304,1.9773,3.3732,,795103.1104,
300335.SZ,20260304,18.9824,20.8487,,319121.2876,
300811.SZ,20260304,3.7652,5.7694,,2453159.4041,
603262.SH,20260304,2.0015,2.0015,,1046426.16,
601020.SH,20260304,7.7785,10.2405,,3023209.8415,
603578.SH,20260304,4.163,9.5947,,277389.1152,
000838.SZ,20260304,2.3029,3.4591,,272914.6182,
603052.SH,20260304,2.8908,8.7471,,1083979.4199,
920168.BJ,20260304,11.0843,11.0843,,184776.2172,
300748.SZ,20260304,3.53,6.0856,,5100685.1133,
001326.SZ,20260304,4.4967,5.1737,,427195.2,
001279.SZ,20260304,2.1454,2.1454,,519840.0,
002126.SZ,20260304,3.7338,3.9632,,4051793.8504,
301479.SZ,20260304,4.241,4.241,,752290.8558,
920735.BJ,20260304,2.017,2.8935,,412248.3889,
600366.SH,20260304,3.1884,4.8253,,1521072.8146,
600350.SH,20260304,0.1859,1.4057,,4607345.9962,
688320.SH,20260304,1.839,2.665,,488378.2023,
688819.SH,20260304,0.3217,2.3183,,2997956.4,
688170.SH,20260304,7.6573,10.8124,,528479.68,
600601.SH,20260304,1.718,2.7586,,4500251.26,
603778.SH,20260304,19.9736,27.4656,,1038807.8338,
603927.SH,20260304,1.0482,1.5753,,1479251.2,
920111.BJ,20260304,8.0053,12.7206,,400143.4555,
603107.SH,20260304,1.4796,2.234,,491159.76,
000006.SZ,20260304,1.3509,2.1441,,1155595.7594,
600635.SH,20260304,15.788,21.5773,,2046037.2298,
000797.SZ,20260304,1.7597,3.9007,,471226.2651,
002251.SZ,20260304,3.0881,4.0115,,1209914.8601,
605005.SH,20260304,0.9088,5.8077,,791975.0,
002842.SZ,20260304,28.1075,33.8992,,1506629.0033,
301408.SZ,20260304,2.9696,3.9544,,722418.06,
600745.SH,20260304,1.8742,2.6087,,3793698.2018,
000777.SZ,20260304,4.0795,5.6073,,939373.1029,
920651.BJ,20260304,1.5147,1.5147,,213683.0,
600740.SH,20260304,6.5759,15.2747,,1247753.002,
000811.SZ,20260304,3.0381,4.8176,,1993888.2719,
603500.SH,20260304,4.6995,10.0048,,388699.0073,
600354.SH,20260304,25.1285,35.1731,,403768.5912,
605006.SH,20260304,6.1727,19.1444,,572417.0575,
300512.SZ,20260304,2.0186,5.3658,,412511.274,
300191.SZ,20260304,28.0384,36.2284,,1630720.0,
300807.SZ,20260304,1.7932,2.7246,,345096.7853,
300582.SZ,20260304,6.1318,6.7766,,489599.8403,
600895.SH,20260304,1.2784,2.4948,,5784355.4693,
603933.SH,20260304,1.5677,4.2691,,441447.311,
605566.SH,20260304,1.7957,4.0962,,374685.4,
300219.SZ,20260304,3.6069,5.6088,,545116.4996,
002338.SZ,20260304,1.6169,2.7591,,1245840.0,
301396.SZ,20260304,12.7555,12.8998,,1529034.7681,
000783.SZ,20260304,1.2179,2.1194,,4153084.7839,
600193.SH,20260304,0.8134,0.9542,,179507.406,
600690.SH,20260304,1.0706,1.8515,,23012703.1611,
002029.SZ,20260304,2.0168,3.4137,,738864.6668,
301197.SZ,20260304,5.0699,7.0161,,291586.26,
300821.SZ,20260304,3.5869,8.6654,,1618800.0,
920425.BJ,20260304,2.2414,3.3472,,161025.964,
300457.SZ,20260304,1.9628,3.3386,,1607141.9551,
920339.BJ,20260304,0.5257,1.4522,,198844.0314,
688291.SH,20260304,3.3435,10.196,,467236.1517,
920809.BJ,20260304,2.7445,2.7445,,421731.2,
000960.SZ,20260304,5.6442,10.0413,,6993085.796,
300651.SZ,20260304,7.9778,10.2377,,407672.3693,
601872.SH,20260304,4.2934,13.6425,,14300007.687,
002526.SZ,20260304,2.6398,3.3501,,656068.1316,
300442.SZ,20260304,4.5286,11.1523,,15460890.2006,
688278.SH,20260304,0.425,1.0778,,2893655.2237,
688319.SH,20260304,2.2628,3.3578,,1162355.9985,
688395.SH,20260304,0.8433,2.1074,,219958.2088,
600963.SH,20260304,4.5966,8.151,,1042237.7374,
600599.SH,20260304,0.6819,1.7039,,81008.0,
688720.SH,20260304,4.31,4.31,,608120.0046,
600284.SH,20260304,1.4266,2.2644,,725751.488,
000651.SZ,20260304,0.7794,1.0361,,20663585.7785,
300931.SZ,20260304,4.9263,6.9462,,300662.792,
002809.SZ,20260304,7.7306,10.135,,267054.8652,
688103.SH,20260304,1.0184,1.5715,,553306.7736,
600826.SH,20260304,0.9233,2.4865,,812764.5716,
002182.SZ,20260304,5.23,7.514,,2040115.2245,
001209.SZ,20260304,10.0997,24.0899,,311840.3691,
601200.SH,20260304,1.3894,3.1937,,1149680.6344,
300866.SZ,20260304,1.2167,1.7488,,5098870.8822,
000729.SZ,20260304,1.3346,2.9173,,3675375.3007,
000538.SZ,20260304,0.5994,1.3689,,9890167.6084,
002134.SZ,20260304,2.8501,4.039,,560141.4246,
300727.SZ,20260304,2.3643,4.7337,,607960.188,
000993.SZ,20260304,10.6339,21.5024,,654412.6292,
600315.SH,20260304,1.1097,2.3175,,1396885.5864,
301026.SZ,20260304,8.8164,10.0022,,530692.6784,
000810.SZ,20260304,1.2617,2.7687,,1227258.6828,
301078.SZ,20260304,10.2261,15.1098,,1239762.1715,
000066.SZ,20260304,2.1207,3.5419,,4896763.0156,
300930.SZ,20260304,6.473,10.3403,,328600.0,
605060.SH,20260304,3.5053,9.8339,,1400004.848,
300903.SZ,20260304,6.0747,7.2964,,1278294.949,
002042.SZ,20260304,1.7164,2.9545,,722789.5759,
002650.SZ,20260304,0.3166,0.5645,,706319.4797,
300289.SZ,20260304,0.9145,1.7068,,359047.5814,
600566.SH,20260304,0.4916,1.2728,,2547516.8789,
601886.SH,20260304,0.686,2.09,,993642.8066,
001234.SZ,20260304,2.2443,6.8193,,316096.1793,
002170.SZ,20260304,6.9611,7.639,,1375059.0089,
300075.SZ,20260304,1.9254,2.0117,,833556.672,
000820.SZ,20260304,1.0284,1.0566,,219828.7609,
000901.SZ,20260304,3.1972,4.9117,,2024238.7656,
300264.SZ,20260304,9.8028,10.3641,,429564.9454,
688456.SH,20260304,3.154,4.952,,640411.48,
300796.SZ,20260304,2.7473,3.8749,,344891.4428,
688506.SH,20260304,0.3755,2.0263,,10036962.4913,
605007.SH,20260304,4.835,22.6385,,751653.4047,
601678.SH,20260304,4.0985,5.1162,,1106577.9165,
002235.SZ,20260304,4.9407,5.9681,,559287.2541,
002688.SZ,20260304,1.3901,2.0765,,458350.8324,
300506.SZ,20260304,1.4154,1.5753,,731331.0399,
688129.SH,20260304,2.3182,8.017,,262884.7416,
300018.SZ,20260304,3.8151,4.4383,,613949.453,
001221.SZ,20260304,4.5449,4.5449,,2647266.18,
601858.SH,20260304,1.0359,5.6487,,1550961.0,
001313.SZ,20260304,1.1381,3.6,,513800.0,
000702.SZ,20260304,2.1103,2.8187,,237091.4644,
001387.SZ,20260304,3.3935,4.5322,,249653.4656,
301007.SZ,20260304,1.7513,2.1374,,531783.12,
300622.SZ,20260304,3.7121,4.3161,,663283.4598,
002829.SZ,20260304,3.9359,4.3661,,557552.6041,
300229.SZ,20260304,4.4312,5.7785,,1813637.0548,
920455.BJ,20260304,2.4047,4.1525,,153139.35,
300360.SZ,20260304,2.5205,3.8332,,900341.6576,
601789.SH,20260304,2.3163,3.1673,,750000.8035,
300115.SZ,20260304,2.7593,4.1022,,4776709.6845,
300859.SZ,20260304,2.7353,4.5286,,584660.0,
688551.SH,20260304,7.2379,14.3764,,411946.4741,
688380.SH,20260304,2.7893,6.7469,,1893326.085,
688722.SH,20260304,1.9715,3.603,,410241.3942,
601336.SH,20260304,1.4582,4.3287,,22813244.2858,
601615.SH,20260304,2.8593,3.7957,,4473240.4845,
000727.SZ,20260304,1.8123,3.3642,,1123332.611,
600390.SH,20260304,0.9414,1.7784,,2464939.8715,
688617.SH,20260304,0.5912,1.0414,,3244960.3974,
603369.SH,20260304,0.7172,1.3281,,3623200.9075,
300657.SZ,20260304,5.8589,7.1337,,1488684.5073,
603409.SH,20260304,3.6304,3.6304,,451565.49,
600992.SH,20260304,2.6934,3.5188,,330626.41,
300012.SZ,20260304,1.6794,1.7789,,2610066.5599,
601601.SH,20260304,0.7515,1.6962,,37375026.5527,
002539.SZ,20260304,4.9629,5.8163,,1798300.6816,
300261.SZ,20260304,2.0159,3.1073,,656977.0592,
920982.BJ,20260304,1.2825,1.6108,,2099712.3243,
001332.SZ,20260304,3.1996,5.5341,,583497.69,
002886.SZ,20260304,4.243,5.7381,,612737.8993,
300437.SZ,20260304,27.9917,33.2982,,503078.8616,
603356.SH,20260304,11.9354,17.8847,,257079.52,
002869.SZ,20260304,1.5592,2.0086,,370636.9061,
601518.SH,20260304,1.2264,3.881,,550150.9722,
300308.SZ,20260304,2.7809,3.6927,,59889278.2026,
300425.SZ,20260304,1.611,2.5819,,344523.5508,
603182.SH,20260304,1.7069,2.6107,,251103.3,
300003.SZ,20260304,1.6549,2.2856,,3087689.2112,
002252.SZ,20260304,0.7767,1.3548,,4095636.6444,
300946.SZ,20260304,1.8424,2.9336,,771614.5788,
000812.SZ,20260304,2.0387,2.4561,,321313.5127,
002612.SZ,20260304,2.5442,3.4934,,761006.045,
301548.SZ,20260304,7.8907,7.8907,,700437.0,
920953.BJ,20260304,1.6248,2.7202,,432391.4663,
300047.SZ,20260304,2.667,2.7207,,811211.2228,
002802.SZ,20260304,2.1788,3.4201,,241914.7407,
300942.SZ,20260304,1.7265,3.9551,,362536.5438,
000157.SZ,20260304,0.9534,1.4319,,8276648.2209,
300305.SZ,20260304,2.774,3.8044,,249265.847,
601096.SH,20260304,10.0199,20.3995,,1679997.3953,
688501.SH,20260304,2.0895,3.4811,,319385.046,
920414.BJ,20260304,8.7552,9.9779,,118186.7894,
000686.SZ,20260304,1.1644,2.0289,,1991725.4307,
000893.SZ,20260304,1.7915,2.6591,,5410319.6999,
600208.SH,20260304,0.647,1.5066,,2935584.576,
000036.SZ,20260304,2.8137,4.0128,,720159.0059,
600872.SH,20260304,1.2319,1.602,,1424671.8872,
601008.SH,20260304,7.1863,17.4838,,687313.4553,
603383.SH,20260304,1.389,2.3852,,662142.0862,
300565.SZ,20260304,21.2541,21.9432,,358076.4136,
920375.BJ,20260304,4.4473,5.184,,154108.0259,
688277.SH,20260304,2.4246,3.4326,,1087085.0091,
600615.SH,20260304,1.5482,2.2129,,262401.4214,
002482.SZ,20260304,1.3553,2.8934,,641414.5641,
300541.SZ,20260304,3.9431,3.9431,,640766.2931,
688663.SH,20260304,3.6112,5.8092,,798199.6932,
600141.SH,20260304,2.6183,4.0759,,4384652.9595,
600280.SH,20260304,1.8024,4.192,,383633.8279,
688400.SH,20260304,2.1205,4.121,,1977590.1846,
920037.BJ,20260304,4.2877,4.2877,,734904.4658,
301559.SZ,20260304,8.4844,8.4844,,1057800.0,
300271.SZ,20260304,1.934,2.5526,,573985.4958,
603728.SH,20260304,1.2073,2.831,,2598747.03,
600613.SH,20260304,1.4823,2.8446,,327919.9796,
300518.SZ,20260304,2.2574,3.1327,,363128.4799,
600018.SH,20260304,0.6159,5.0752,,11756380.0545,
301557.SZ,20260304,11.5099,11.5099,,399080.9941,
600199.SH,20260304,2.6572,3.6449,,569652.0496,
000597.SZ,20260304,1.0627,2.4545,,730669.1917,
002857.SZ,20260304,3.058,4.4745,,282038.806,
002275.SZ,20260304,0.6106,2.2581,,803793.8448,
600869.SH,20260304,4.4595,9.6539,,2867403.7478,
002234.SZ,20260304,1.7971,2.48,,318949.6338,
600570.SH,20260304,2.0702,2.6135,,5117941.7107,
600628.SH,20260304,1.4267,2.5588,,483215.9118,
600529.SH,20260304,2.0794,2.583,,1294047.5204,
300729.SZ,20260304,1.1764,2.1402,,452295.2241,
601388.SH,20260304,4.4747,8.349,,904702.4952,
600449.SH,20260304,1.1775,2.3104,,601551.7508,
920526.BJ,20260304,1.1993,2.4689,,178632.0,
301365.SZ,20260304,2.7373,5.9874,,442980.0,
600608.SH,20260304,1.2875,1.5881,,100302.7395,
688102.SH,20260304,2.6712,5.8797,,3377894.5166,
300081.SZ,20260304,3.734,4.1724,,304212.0948,
603051.SH,20260304,3.8972,6.1381,,365128.7121,
000966.SZ,20260304,1.8273,4.3676,,1643048.5276,
600101.SH,20260304,9.5266,13.892,,610318.7927,
605296.SH,20260304,0.6425,5.2188,,1517618.6969,
002144.SZ,20260304,9.6189,10.4255,,286001.7703,
300485.SZ,20260304,1.9092,2.4781,,496598.0584,
688181.SH,20260304,2.425,3.0489,,455488.9963,
301609.SZ,20260304,24.7371,24.7371,,857400.32,
301345.SZ,20260304,3.385,3.385,,2161025.44,
600461.SH,20260304,0.9983,1.8207,,1263608.8959,
603117.SH,20260304,3.9068,5.5492,,341542.7129,
600405.SH,20260304,1.8331,2.041,,322348.3633,
920906.BJ,20260304,1.521,2.269,,170871.1,
601956.SH,20260304,1.178,2.2295,,426428.9807,
300389.SZ,20260304,2.3014,4.4234,,634852.5452,
301123.SZ,20260304,2.043,3.0839,,1357392.4,
000663.SZ,20260304,3.4337,4.886,,260256.6771,
605588.SH,20260304,2.8049,8.1963,,390558.3137,
688248.SH,20260304,0.7234,2.4777,,2874323.0,
601113.SH,20260304,2.3171,3.0888,,496868.5017,
688429.SH,20260304,3.8784,5.3182,,606401.2128,
000793.SZ,20260304,1.4003,1.8094,,541253.5188,
300444.SZ,20260304,30.4872,33.3902,,1348079.1519,
000709.SZ,20260304,1.4356,4.076,,2646302.9996,
002391.SZ,20260304,2.3151,2.5979,,418337.6022,
003028.SZ,20260304,3.0772,5.6987,,431962.335,
600114.SH,20260304,2.0685,2.7137,,2017270.209,
002285.SZ,20260304,1.815,3.4353,,538063.8403,
002882.SZ,20260304,1.7084,3.6755,,1304760.6,
600611.SH,20260304,0.8492,1.2177,,1278990.4694,
002506.SZ,20260304,24.5565,34.6977,,3012912.9599,
002109.SZ,20260304,8.4279,19.7058,,597294.2903,
300035.SZ,20260304,3.4888,3.7066,,1348234.2619,
688128.SH,20260304,0.6153,2.8916,,1139881.0,
300137.SZ,20260304,2.1947,2.599,,589167.2666,
603890.SH,20260304,2.0906,3.0887,,625978.0192,
601827.SH,20260304,0.5159,1.8307,,1449566.1711,
301267.SZ,20260304,0.7987,3.0796,,1461600.0,
300514.SZ,20260304,4.4655,5.9122,,285200.0,
600825.SH,20260304,1.0913,2.2497,,620663.3829,
688202.SH,20260304,1.5536,2.6231,,882828.2011,
000633.SZ,20260304,2.6687,3.3671,,288444.6734,
002757.SZ,20260304,4.3742,6.9077,,596820.9443,
920719.BJ,20260304,3.1147,3.4144,,112084.4536,
002007.SZ,20260304,0.8501,1.3686,,2737530.0857,
301367.SZ,20260304,1.6566,2.7163,,662323.2,
002084.SZ,20260304,2.6902,4.5786,,246147.3512,
920438.BJ,20260304,2.7548,4.4853,,624960.6,
300072.SZ,20260304,4.7086,7.5352,,1151362.948,
000825.SZ,20260304,1.4289,3.8949,,2956352.6061,
300332.SZ,20260304,29.7818,35.9313,,612506.9466,
301045.SZ,20260304,9.921,10.7411,,453960.0432,
688116.SH,20260304,2.3015,2.6432,,1511578.0546,
300181.SZ,20260304,2.2905,2.4209,,1113803.088,
603637.SH,20260304,2.8484,3.6155,,306472.6661,
000968.SZ,20260304,18.611,43.076,,1075862.9579,
605179.SH,20260304,0.8366,4.0175,,726211.0,
600089.SH,20260304,8.1157,9.902,,15597970.6667,
600756.SH,20260304,2.337,2.8885,,550665.286,
300327.SZ,20260304,3.0851,4.0365,,903948.2155,
688141.SH,20260304,2.6207,4.1035,,2341672.3668,
300203.SZ,20260304,1.8071,2.3812,,667272.8112,
603825.SH,20260304,1.1221,1.7766,,222176.1561,
600668.SH,20260304,1.3305,1.5868,,450887.4486,
603848.SH,20260304,0.4763,2.7839,,659946.678,
300290.SZ,20260304,2.5121,3.1407,,1009497.9939,
603877.SH,20260304,0.5506,1.8687,,716035.1172,
920639.BJ,20260304,5.261,6.7589,,174384.0,
000909.SZ,20260304,1.4855,2.5365,,262190.8328,
688060.SH,20260304,1.1158,3.64,,267969.1211,
600331.SH,20260304,5.083,7.4004,,5264708.8,
688281.SH,20260304,1.623,3.142,,2473851.4463,
002675.SZ,20260304,1.2248,1.5362,,1009305.1429,
920001.BJ,20260304,1.7706,3.6867,,252149.8308,
603818.SH,20260304,2.4414,4.2119,,250588.5071,
002485.SZ,20260304,4.0278,16.3787,,288864.0,
600480.SH,20260304,1.0082,1.8243,,1324956.3189,
002577.SZ,20260304,0.6241,1.4983,,463135.2,
002281.SZ,20260304,7.5739,12.5333,,6279970.7293,
603276.SH,20260304,4.0108,4.0108,,359025.9803,
002556.SZ,20260304,3.446,5.5383,,638899.704,
300245.SZ,20260304,2.2999,2.847,,358738.7635,
002630.SZ,20260304,2.0847,2.0847,,296380.8,
002703.SZ,20260304,5.6203,10.6665,,1908507.1309,
688350.SH,20260304,1.9141,3.2717,,448212.441,
300876.SZ,20260304,1.7544,2.703,,309308.1269,
603048.SH,20260304,1.7841,6.2554,,319170.24,
601015.SH,20260304,11.4855,30.8421,,1102948.7251,
603270.SH,20260304,5.3304,5.3304,,550615.0542,
301071.SZ,20260304,6.3171,8.8377,,1178513.0333,
601666.SH,20260304,2.7975,5.8043,,2254526.3447,
300789.SZ,20260304,1.4449,1.8911,,309850.8688,
301192.SZ,20260304,2.5844,4.3341,,288311.4,
003001.SZ,20260304,1.564,2.0723,,320975.5406,
300021.SZ,20260304,4.9503,6.7298,,503004.7947,
603167.SH,20260304,4.007,6.698,,446625.5669,
600159.SH,20260304,2.1604,4.1309,,244850.9534,
688618.SH,20260304,1.1746,3.1438,,346754.1776,
301117.SZ,20260304,8.0332,9.9497,,677747.7491,
002805.SZ,20260304,8.3395,11.9784,,466584.1383,
688168.SH,20260304,1.2731,1.9462,,531959.0476,
300550.SZ,20260304,2.5808,5.1434,,329775.5371,
920792.BJ,20260304,1.5852,2.4595,,212718.9,
002186.SZ,20260304,1.2984,2.3163,,336079.1389,
605020.SH,20260304,2.1031,3.5639,,1478820.2031,
300490.SZ,20260304,6.436,8.2237,,647839.8453,
688176.SH,20260304,9.5658,11.0019,,780790.0544,
300306.SZ,20260304,2.842,3.7573,,352873.9167,
600794.SH,20260304,4.4844,7.0111,,478860.7106,
300844.SZ,20260304,0.6769,2.3923,,373962.0506,
300665.SZ,20260304,3.447,4.2443,,170339.7779,
002196.SZ,20260304,8.0075,9.1293,,741328.5354,
000090.SZ,20260304,1.3634,2.2563,,719389.9921,
600429.SH,20260304,1.5185,5.3154,,782588.4029,
300077.SZ,20260304,3.6681,3.6681,,1127767.0378,
301509.SZ,20260304,4.3039,4.3039,,420117.9815,
300105.SZ,20260304,2.2117,3.7995,,397177.1034,
603239.SH,20260304,1.4186,3.3804,,595042.56,
603906.SH,20260304,2.014,3.4814,,1173540.1608,
002765.SZ,20260304,1.7809,2.3559,,702341.9529,
603929.SH,20260304,1.7351,4.2788,,2863504.56,
300374.SZ,20260304,1.8878,2.8362,,371573.5412,
002718.SZ,20260304,1.8771,5.1371,,852672.8496,
603350.SH,20260304,2.2442,3.0858,,412971.23,
300835.SZ,20260304,6.8664,7.91,,1044966.193,
920575.BJ,20260304,1.9365,1.9373,,249474.72,
300124.SZ,20260304,1.0686,1.3263,,18406447.333,
603700.SH,20260304,1.8051,2.5954,,271148.3825,
001376.SZ,20260304,13.7838,13.7838,,1055461.0,
600356.SH,20260304,2.8482,4.0651,,283197.3463,
002349.SZ,20260304,2.0253,3.0869,,605662.6828,
300206.SZ,20260304,2.1063,2.763,,806311.7143,
688150.SH,20260304,2.7712,6.2402,,1369495.1018,
688717.SH,20260304,12.9105,12.9498,,1973600.0,
002470.SZ,20260304,16.8548,24.045,,926659.8232,
600498.SH,20260304,12.5055,20.4525,,7937130.7648,
603334.SH,20260304,10.4665,10.4665,,782792.5,
300656.SZ,20260304,6.9266,8.8164,,386742.6627,
300477.SZ,20260304,3.3774,3.431,,295877.1576,
301161.SZ,20260304,3.1144,3.8402,,408000.0,
300893.SZ,20260304,1.068,1.6036,,1102092.9498,
300853.SZ,20260304,2.5844,2.8983,,314764.7858,
301516.SZ,20260304,4.1012,4.1012,,458666.6677,
688301.SH,20260304,1.0828,1.7413,,2590463.4019,
603886.SH,20260304,1.5524,3.0738,,304560.0,
001324.SZ,20260304,4.2166,5.5944,,270894.0,
605099.SH,20260304,1.0133,9.7228,,1818638.4646,
000019.SZ,20260304,9.1241,14.0279,,859791.2995,
605177.SH,20260304,1.7338,3.5375,,245284.4424,
002315.SZ,20260304,3.4459,4.1335,,1341590.49,
603097.SH,20260304,3.7151,12.3831,,604625.7956,
600763.SH,20260304,2.3082,3.4915,,2157722.7004,
603000.SH,20260304,2.415,5.5589,,2330796.746,
603801.SH,20260304,1.08,2.0089,,399168.9338,
300095.SZ,20260304,3.8614,4.2184,,438574.1312,
603060.SH,20260304,1.1402,3.6099,,529810.0901,
600422.SH,20260304,0.8369,1.307,,898530.2236,
603320.SH,20260304,2.2149,5.4528,,362574.4195,
002451.SZ,20260304,5.955,9.641,,471076.23,
300471.SZ,20260304,13.4647,19.9259,,724984.7632,
000677.SZ,20260304,2.4452,3.464,,334359.4659,
002483.SZ,20260304,1.6298,2.4333,,684353.6148,
300516.SZ,20260304,2.9669,9.2723,,1204920.0,
002679.SZ,20260304,3.0661,8.43,,278192.08,
603313.SH,20260304,1.5558,2.8563,,502687.0457,
688605.SH,20260304,2.1134,2.6086,,1254755.1072,
301047.SZ,20260304,0.6687,1.7632,,842456.0751,
002176.SZ,20260304,3.9977,4.8199,,1685849.674,
300829.SZ,20260304,15.2782,15.8803,,456822.9651,
000970.SZ,20260304,2.4206,3.2086,,1727546.3234,
600692.SH,20260304,3.6307,3.8996,,272265.3855,
603113.SH,20260304,1.9775,3.9245,,609216.2623,
688237.SH,20260304,1.1619,2.6051,,426527.3637,
000821.SZ,20260304,4.3183,5.6148,,884482.1848,
002782.SZ,20260304,2.716,6.5496,,1174938.7468,
920116.BJ,20260304,1.8342,6.3581,,1683069.85,
000567.SZ,20260304,0.9335,3.8044,,1065252.7245,
300402.SZ,20260304,2.9322,6.4597,,549602.4368,
002849.SZ,20260304,4.4642,6.1742,,386550.796,
002358.SZ,20260304,15.609,19.881,,807029.056,
300141.SZ,20260304,5.1084,10.8434,,384704.1432,
600010.SH,20260304,6.8838,10.8319,,13994183.3785,
600861.SH,20260304,0.8558,1.3921,,970317.1987,
300560.SZ,20260304,3.2456,4.0683,,359089.2812,
601958.SH,20260304,2.5715,9.3022,,8373038.418,
000701.SZ,20260304,1.8095,3.0369,,396309.6719,
601208.SH,20260304,6.0415,7.8562,,3177025.3557,
601026.SH,20260304,8.1157,8.1157,,1374849.0,
002425.SZ,20260304,2.0368,2.536,,328136.1176,
688271.SH,20260304,0.5662,1.1105,,10120660.0926,
600592.SH,20260304,1.7543,2.8227,,885011.1598,
600997.SH,20260304,2.775,9.0329,,1047947.9017,
603176.SH,20260304,0.9522,3.0296,,259954.6685,
600216.SH,20260304,4.2363,6.7958,,1626129.4353,
600419.SH,20260304,1.8647,2.9786,,294688.0969,
603758.SH,20260304,0.8365,2.3734,,606856.3188,
688648.SH,20260304,2.4051,2.7325,,807432.0,
603730.SH,20260304,1.2581,6.5461,,2030413.0915,
688707.SH,20260304,1.4001,2.0088,,694430.3798,
300752.SZ,20260304,2.9964,3.614,,401244.1667,
920873.BJ,20260304,1.2139,1.4024,,122096.0536,
300445.SZ,20260304,3.7462,5.2056,,439092.8369,
000025.SZ,20260304,1.5653,3.3933,,750041.4768,
300017.SZ,20260304,9.1535,10.3939,,4429469.0484,
300867.SZ,20260304,2.184,2.7135,,512231.8849,
300803.SZ,20260304,2.4268,4.0228,,6828449.8642,
002077.SZ,20260304,2.9436,5.7955,,906504.3773,
300256.SZ,20260304,1.0,2.0448,,821158.4057,
002187.SZ,20260304,1.6112,3.7879,,469599.4041,
002895.SZ,20260304,2.1516,4.0243,,2513309.4009,
603129.SH,20260304,0.9351,1.4639,,3543158.4902,
300469.SZ,20260304,2.2919,2.8227,,1531881.7829,
300532.SZ,20260304,1.8735,2.888,,510782.3843,
002154.SZ,20260304,1.6941,2.2152,,557465.4845,
600198.SH,20260304,1.7216,3.6345,,1160207.1515,
600556.SH,20260304,3.3605,5.4991,,1165997.2291,
603995.SH,20260304,1.6753,3.2403,,703814.4479,
301617.SZ,20260304,2.3509,3.0519,,871199.16,
300475.SZ,20260304,7.0678,8.4119,,6532574.7979,
920926.BJ,20260304,0.7538,2.5637,,139699.9062,
300253.SZ,20260304,3.8617,4.3283,,2089243.8008,
000985.SZ,20260304,4.7676,13.0618,,288188.6085,
002137.SZ,20260304,3.7783,4.4566,,485104.0774,
603183.SH,20260304,2.4025,3.1424,,225707.576,
000498.SZ,20260304,1.6169,4.0683,,933017.0819,
603115.SH,20260304,8.5971,24.4106,,725429.3096,
000555.SZ,20260304,2.5359,4.157,,1598318.5278,
603986.SH,20260304,4.8951,5.3678,,19565666.1001,
301058.SZ,20260304,2.9615,5.186,,566063.0407,
600587.SH,20260304,1.3864,1.9679,,895407.3543,
688058.SH,20260304,2.3868,4.5257,,221139.3623,
002960.SZ,20260304,1.4021,2.5701,,931361.1078,
920802.BJ,20260304,5.2386,5.4863,,128178.9573,
300594.SZ,20260304,6.9248,11.2701,,281500.2508,
002734.SZ,20260304,9.0834,10.9272,,978326.2669,
002729.SZ,20260304,2.4417,3.6254,,327882.0966,
000045.SZ,20260304,1.8269,3.7449,,607826.2188,
688622.SH,20260304,1.6823,3.6161,,786324.7488,
000899.SZ,20260304,10.6628,36.7633,,1370827.2528,
600719.SH,20260304,2.3173,3.4537,,262989.74,
688656.SH,20260304,0.8352,2.5677,,851771.1513,
603693.SH,20260304,1.2467,7.8265,,1199035.0586,
600857.SH,20260304,1.6112,2.6399,,279726.939,
301448.SZ,20260304,1.7396,2.0748,,443922.4,
301000.SZ,20260304,0.9899,2.4475,,847641.8538,
301061.SZ,20260304,0.4897,1.2755,,1832833.2856,
300601.SZ,20260304,0.9707,1.404,,1543596.9214,
600418.SH,20260304,1.3305,1.8539,,11530121.4674,
000030.SZ,20260304,1.0993,3.9654,,896021.4502,
600557.SH,20260304,0.859,1.4776,,776769.8818,
920075.BJ,20260304,2.693,3.7719,,160935.645,
000520.SZ,20260304,6.232,8.4788,,466570.4728,
002884.SZ,20260304,1.2952,1.9023,,624871.3432,
601012.SH,20260304,2.0578,2.612,,13382861.4461,
300472.SZ,20260304,1.0909,1.2817,,207269.7416,
605069.SH,20260304,4.3138,11.1709,,293413.1203,
603678.SH,20260304,3.4448,5.772,,1833309.3625,
300136.SZ,20260304,7.7254,8.1937,,6676223.6022,
300449.SZ,20260304,6.2795,8.1671,,325428.3387,
600383.SH,20260304,1.7608,2.8231,,1395006.3237,
002636.SZ,20260304,4.735,13.8482,,1972152.0,
300303.SZ,20260304,25.4108,28.1002,,1479144.9702,
000863.SZ,20260304,2.4075,4.5179,,670637.3501,
301589.SZ,20260304,2.0615,2.2095,,1550168.064,
600683.SH,20260304,4.3081,9.7428,,520766.6507,
002267.SZ,20260304,7.2794,20.466,,965281.4863,
000698.SZ,20260304,1.6239,2.9509,,324527.7004,
300184.SZ,20260304,3.0111,3.0835,,1182109.9893,
301330.SZ,20260304,1.781,4.3261,,837851.518,
601002.SH,20260304,1.4598,2.654,,498218.0558,
688121.SH,20260304,2.6901,3.8508,,267955.2614,
002047.SZ,20260304,1.1332,1.7146,,730831.87,
300210.SZ,20260304,1.7156,2.2882,,437250.6176,
002611.SZ,20260304,2.4344,2.8956,,2007305.1747,
603528.SH,20260304,1.0411,2.2439,,614159.214,
688609.SH,20260304,1.2316,1.4927,,417500.0,
301041.SZ,20260304,4.55,5.2943,,293796.72,
300067.SZ,20260304,6.4203,7.9261,,557562.9192,
920527.BJ,20260304,2.5526,3.0703,,107476.433,
603329.SH,20260304,2.0152,3.6627,,273305.9343,
000700.SZ,20260304,3.7853,5.9908,,1153945.344,
603069.SH,20260304,1.4583,3.4004,,635476.0,
600976.SH,20260304,1.1045,1.5228,,477836.639,
300947.SZ,20260304,2.3089,3.7482,,274919.469,
300846.SZ,20260304,13.6198,14.7734,,1609770.1472,
000007.SZ,20260304,2.6711,4.0221,,456272.0739,
003816.SZ,20260304,0.6055,3.5389,,20451990.1698,
000788.SZ,20260304,1.9423,2.8968,,359976.4047,
920931.BJ,20260304,15.5459,15.5459,,129623.4,
002632.SZ,20260304,3.526,7.718,,790117.8489,
301277.SZ,20260304,0.5346,2.0748,,465789.1392,
300142.SZ,20260304,1.5275,1.5275,,1810462.5484,
920508.BJ,20260304,2.5909,4.1166,,132300.0,
002332.SZ,20260304,1.8012,2.2991,,892262.7891,
002762.SZ,20260304,0.6589,0.8479,,230116.25,
603232.SH,20260304,8.4244,11.8258,,566712.9941,
300025.SZ,20260304,2.6084,3.1014,,287468.0009,
300605.SZ,20260304,3.8875,4.2024,,245726.8975,
300033.SZ,20260304,2.0916,3.2915,,16734950.4,
300403.SZ,20260304,2.7613,3.2653,,767016.0,
301105.SZ,20260304,5.8762,5.8762,,266450.0,
301611.SZ,20260304,6.899,7.2726,,5020540.0,
000885.SZ,20260304,1.319,4.6849,,877720.9746,
605098.SH,20260304,1.4219,3.4622,,555710.126,
301568.SZ,20260304,13.5504,13.5504,,572980.8616,
301095.SZ,20260304,4.471,7.1157,,1608857.9799,
002400.SZ,20260304,5.5518,6.8598,,1638736.9003,
600984.SH,20260304,2.7954,4.5914,,597095.8644,
603605.SH,20260304,0.7737,1.5348,,2657394.9226,
600986.SH,20260304,6.6908,7.7206,,1636111.4682,
600848.SH,20260304,0.4332,1.1495,,2683926.1723,
603456.SH,20260304,1.2398,2.228,,1446239.2415,
000988.SZ,20260304,11.6784,14.4195,,10210879.9896,
603025.SH,20260304,0.614,3.4671,,1782181.0177,
600023.SH,20260304,1.0198,3.8031,,7254124.4172,
002683.SZ,20260304,2.1437,3.1936,,3524130.4193,
600212.SH,20260304,1.4543,1.6917,,512621.3551,
000720.SZ,20260304,2.8653,4.9144,,486277.718,
000969.SZ,20260304,4.195,6.5256,,2503387.7231,
603585.SH,20260304,2.85,9.0359,,401817.2131,
600728.SH,20260304,1.6774,1.993,,1311548.5455,
688362.SH,20260304,3.2402,5.3284,,1790937.4599,
300791.SZ,20260304,0.7753,1.8392,,630035.7898,
002821.SZ,20260304,2.4768,3.9594,,3507704.7084,
601127.SH,20260304,1.1156,2.3529,,17682890.608,
000516.SZ,20260304,1.1762,1.6969,,1005264.6421,
000902.SZ,20260304,3.1657,6.4945,,2386503.4499,
600746.SH,20260304,1.248,5.028,,943617.0503,
603773.SH,20260304,3.2338,5.2308,,810119.0306,
301072.SZ,20260304,1.9196,3.7925,,246017.6969,
600004.SH,20260304,0.7304,1.7065,,2327251.872,
300901.SZ,20260304,0.7724,1.8802,,393360.0,
600590.SH,20260304,7.2512,11.2224,,1140286.8558,
000737.SZ,20260304,3.752,7.6541,,3224684.9245,
605208.SH,20260304,2.0198,3.7441,,413084.88,
300345.SZ,20260304,8.5015,11.3803,,429370.2318,
301168.SZ,20260304,2.1564,4.1683,,480600.0,
688293.SH,20260304,0.8704,1.8171,,587502.7655,
300342.SZ,20260304,7.1061,9.3689,,1785147.4746,
300964.SZ,20260304,5.8707,8.9863,,463789.704,
688184.SH,20260304,1.5353,1.8861,,173997.9803,
301043.SZ,20260304,2.0143,5.9208,,372504.0,
300828.SZ,20260304,7.3564,10.8673,,379608.582,
603316.SH,20260304,6.054,9.7944,,383975.592,
301571.SZ,20260304,7.8518,8.7642,,1109031.5373,
600468.SH,20260304,6.0074,13.629,,845170.3444,
300217.SZ,20260304,4.974,6.2459,,774459.9166,
600864.SH,20260304,1.8121,3.3467,,1302437.1455,
688056.SH,20260304,1.1249,2.6457,,249574.102,
600626.SH,20260304,1.6094,3.0354,,593014.3555,
002930.SZ,20260304,2.7609,5.6916,,619898.7793,
688052.SH,20260304,2.2542,3.1916,,2551073.7935,
000407.SZ,20260304,22.1701,29.6716,,495487.6613,
000668.SZ,20260304,1.487,2.5165,,207634.4325,
603551.SH,20260304,1.1446,4.085,,456689.5256,
603617.SH,20260304,1.645,2.8799,,286605.9614,
603601.SH,20260304,9.6422,14.9221,,1313692.1167,
600724.SH,20260304,1.1899,5.1662,,916282.839,
300993.SZ,20260304,1.1928,2.3202,,399338.0352,
600232.SH,20260304,2.4266,4.8777,,292504.2723,
603083.SH,20260304,7.6087,8.821,,3850589.4228,
002749.SZ,20260304,0.8073,1.7684,,654301.0457,
001330.SZ,20260304,6.6391,9.1458,,1098240.6682,
603035.SH,20260304,1.7225,2.5419,,530836.9189,
600649.SH,20260304,1.7774,3.7762,,1189637.8648,
002571.SZ,20260304,2.1204,3.0664,,474260.347,
600184.SH,20260304,2.1865,4.4461,,1096693.0948,
603859.SH,20260304,3.1757,4.3356,,1043146.2994,
000728.SZ,20260304,1.0524,1.7936,,3434293.2002,
603375.SH,20260304,1.9441,3.1922,,366326.0012,
920642.BJ,20260304,6.3476,11.7356,,158097.174,
688244.SH,20260304,1.251,2.89,,319434.5742,
002738.SZ,20260304,3.0208,3.5392,,5885930.7326,
688009.SH,20260304,0.6872,2.9523,,6046786.649,
000420.SZ,20260304,2.959,3.7228,,1052395.6508,
920553.BJ,20260304,2.5077,4.0343,,141247.7222,
688690.SH,20260304,1.0593,1.8187,,1038207.7608,
603284.SH,20260304,12.8259,12.8259,,361991.04,
300995.SZ,20260304,1.9674,3.4809,,309155.5636,
688533.SH,20260304,1.6322,5.9073,,512612.605,
301158.SZ,20260304,23.3255,42.6471,,484644.1537,
601118.SH,20260304,2.223,6.2366,,3201011.9922,
603285.SH,20260304,4.7352,4.7352,,548320.0,
000989.SZ,20260304,1.1921,1.8125,,721559.1161,
601179.SH,20260304,7.7978,16.2024,,8437202.3514,
300453.SZ,20260304,6.0523,6.9605,,510598.421,
300991.SZ,20260304,4.5193,6.0901,,835920.0,
301008.SZ,20260304,1.2862,2.5081,,424189.9149,
002194.SZ,20260304,2.6867,3.4525,,807643.8227,
002322.SZ,20260304,2.31,3.3712,,495290.3994,
300056.SZ,20260304,4.4425,4.8809,,378551.615,
300567.SZ,20260304,4.6417,5.6361,,3933222.2924,
688502.SH,20260304,3.7513,3.7513,,1702588.8,
600795.SH,20260304,1.2912,2.9152,,8828631.4456,
300965.SZ,20260304,2.4142,8.1593,,356100.0,
300922.SZ,20260304,5.5392,6.6,,351658.6274,
300614.SZ,20260304,4.1143,7.203,,242746.7473,
001696.SZ,20260304,11.0753,14.0045,,2631271.8622,
000712.SZ,20260304,1.6935,2.5235,,1078784.0,
000679.SZ,20260304,1.7491,2.4313,,245916.0,
603290.SH,20260304,1.6521,3.5138,,2337021.5547,
301223.SZ,20260304,2.0954,4.4584,,374088.0837,
000655.SZ,20260304,1.9798,4.7604,,642967.4484,
605009.SH,20260304,0.7754,2.3249,,629713.1309,
688458.SH,20260304,2.0176,2.0176,,425066.0931,
603271.SH,20260304,4.8104,4.8104,,888190.8,
600674.SH,20260304,1.3509,4.0129,,7419151.5922,
603198.SH,20260304,0.5161,1.8578,,2848800.0,
002603.SZ,20260304,0.9501,1.7363,,2739956.8166,
002351.SZ,20260304,1.2609,1.6141,,1033142.334,
300816.SZ,20260304,7.4158,9.8769,,506160.0,
001266.SZ,20260304,11.3125,18.3326,,351654.9216,
002190.SZ,20260304,2.0381,4.1664,,1284251.0479,
002728.SZ,20260304,4.2238,4.4419,,570458.7756,
300963.SZ,20260304,3.7626,4.9106,,903979.44,
002444.SZ,20260304,1.1145,1.9122,,3919082.9151,
603648.SH,20260304,0.9925,1.9654,,357701.4336,
601825.SH,20260304,0.2871,0.4834,,8072400.0005,
301232.SZ,20260304,11.0128,12.2923,,1458901.1553,
000753.SZ,20260304,3.3314,5.3529,,721798.2197,
603569.SH,20260304,1.6449,5.684,,429697.1627,
002291.SZ,20260304,4.1835,4.9971,,640564.2918,
300721.SZ,20260304,6.001,8.8921,,260457.8476,
002167.SZ,20260304,12.2266,16.4253,,1244899.9931,
920641.BJ,20260304,3.7532,5.8898,,143768.625,
001368.SZ,20260304,5.8733,5.8733,,295976.0544,
300169.SZ,20260304,3.1874,3.256,,207000.0559,
603721.SH,20260304,0.6615,1.3331,,271570.0,
300171.SZ,20260304,1.6117,2.4517,,1277401.1707,
301203.SZ,20260304,3.7534,4.3485,,369040.0,
301087.SZ,20260304,1.8355,4.0186,,1205753.484,
300959.SZ,20260304,3.4831,4.877,,645755.273,
688661.SH,20260304,2.2919,4.9097,,1388406.6175,
600166.SH,20260304,1.5293,2.7601,,2367302.7097,
002955.SZ,20260304,1.0791,1.9233,,600592.0967,
301097.SZ,20260304,1.9633,3.0979,,325389.4714,
601083.SH,20260304,29.4561,29.4561,,1625414.72,
920370.BJ,20260304,4.049,7.8455,,121915.0373,
688766.SH,20260304,5.3067,8.5861,,3573757.2732,
000099.SZ,20260304,3.6585,5.9612,,1617480.7356,
300014.SZ,20260304,1.8581,2.9258,,12614802.5171,
301335.SZ,20260304,4.0504,4.0504,,338830.476,
920108.BJ,20260304,4.3216,4.3216,,211633.8,
688652.SH,20260304,3.7381,4.4862,,1864800.0,
688671.SH,20260304,3.1018,3.757,,173448.2501,
603186.SH,20260304,7.6643,12.1739,,1216694.4197,
688767.SH,20260304,1.6234,3.6115,,520874.669,
688522.SH,20260304,3.1481,3.2024,,1181682.8634,
300660.SZ,20260304,1.007,2.734,,2098858.9563,
301269.SZ,20260304,0.5928,1.6332,,5108023.1989,
301256.SZ,20260304,2.37,9.1494,,706560.0,
920566.BJ,20260304,1.4415,1.5856,,160591.5715,
301085.SZ,20260304,4.9187,8.0213,,498526.2529,
688261.SH,20260304,2.7156,5.3857,,1094717.1017,
920779.BJ,20260304,1.6411,1.6411,,256479.3282,
688508.SH,20260304,2.5566,3.3706,,796528.5588,
002903.SZ,20260304,14.8337,17.2208,,392685.188,
300952.SZ,20260304,5.0917,7.0743,,665667.2452,
000948.SZ,20260304,1.2435,1.9317,,616804.0405,
603889.SH,20260304,1.2936,2.3551,,629468.1239,
002438.SZ,20260304,2.6865,3.3726,,888698.0942,
301155.SZ,20260304,1.8696,2.6312,,1641957.8333,
300786.SZ,20260304,3.6317,3.9238,,288168.8665,
601112.SH,20260304,5.2632,5.2632,,3358907.0883,
301166.SZ,20260304,2.0952,2.8898,,271266.6708,
920128.BJ,20260304,1.9699,3.0995,,218076.34,
920970.BJ,20260304,2.6255,3.3825,,86424.624,
601997.SH,20260304,1.5196,2.0275,,2080376.7052,
600201.SH,20260304,2.4072,2.7709,,1653169.0173,
002399.SZ,20260304,0.4621,2.0703,,1646306.3409,
000630.SZ,20260304,3.4722,5.302,,10378930.9487,
300212.SZ,20260304,2.2859,3.5244,,804119.8354,
000078.SZ,20260304,1.8474,3.4412,,844590.5655,
603970.SH,20260304,1.2819,3.1808,,369600.1843,
300882.SZ,20260304,7.4043,22.8314,,692893.0761,
300128.SZ,20260304,1.9948,2.7528,,875603.7877,
300491.SZ,20260304,5.377,6.9533,,463952.7865,
002677.SZ,20260304,1.7672,3.8458,,557542.5714,
688702.SH,20260304,4.1081,8.1182,,7954000.0,
603717.SH,20260304,2.3994,3.5061,,210646.1702,
001202.SZ,20260304,2.7856,5.7354,,291209.3692,
603351.SH,20260304,0.6728,1.5475,,349026.6432,
600051.SH,20260304,2.326,3.28,,242175.52,
002988.SZ,20260304,0.9786,2.1817,,806761.7124,
600636.SH,20260304,0.7748,1.3374,,368893.5505,
605089.SH,20260304,1.1295,4.2854,,369426.0,
000530.SZ,20260304,3.6932,5.1641,,532067.0919,
300950.SZ,20260304,2.0436,2.6329,,350219.584,
002674.SZ,20260304,1.1715,2.3701,,405200.3442,
300777.SZ,20260304,3.0405,3.7256,,1778177.2796,
301519.SZ,20260304,4.492,5.347,,236968.4606,
301060.SZ,20260304,1.7246,3.3789,,410529.925,
688432.SH,20260304,2.9311,11.5489,,2007984.7839,
000990.SZ,20260304,3.0865,5.7802,,1045104.2801,
301198.SZ,20260304,3.8749,7.5788,,266851.0,
920718.BJ,20260304,1.1366,1.9013,,130922.7148,
600676.SH,20260304,1.7535,3.2678,,780626.1445,
300686.SZ,20260304,2.9446,2.9484,,380250.737,
688055.SH,20260304,0.273,2.6289,,1180000.0236,
002119.SZ,20260304,6.7129,8.9794,,834256.332,
000652.SZ,20260304,1.834,2.7373,,594656.2624,
300231.SZ,20260304,2.6403,3.4119,,464729.2218,
688247.SH,20260304,0.4633,1.4011,,430219.66,
605488.SH,20260304,1.893,4.2335,,1001224.9917,
300412.SZ,20260304,3.2099,4.2537,,272272.8804,
603207.SH,20260304,1.8963,1.8963,,451260.92,
603039.SH,20260304,2.2031,4.6504,,1088786.2109,
601929.SH,20260304,2.3204,3.3823,,1144650.5191,
002101.SZ,20260304,1.4429,2.9364,,761375.1699,
688633.SH,20260304,1.7117,5.1139,,376677.0044,
300269.SZ,20260304,6.0206,7.16,,395361.954,
301588.SZ,20260304,4.2179,5.2432,,301448.6241,
601828.SH,20260304,0.4836,1.38,,1088683.1683,
001228.SZ,20260304,2.6547,3.5745,,339221.813,
600507.SH,20260304,1.59,2.9021,,1612291.9593,
601187.SH,20260304,0.9203,2.05,,1979345.916,
301172.SZ,20260304,5.6934,7.3617,,456554.56,
600469.SH,20260304,2.0735,5.059,,639935.0298,
603708.SH,20260304,0.7241,2.4457,,745579.5724,
600552.SH,20260304,3.2539,4.6011,,1242158.0656,
603139.SH,20260304,8.0069,15.8265,,263383.56,
301222.SZ,20260304,3.3331,8.8717,,328090.7568,
600930.SH,20260304,2.0975,2.0975,,24903428.5713,
300891.SZ,20260304,8.7265,14.9051,,417208.5119,
601616.SH,20260304,13.5059,18.8962,,460984.6723,
301022.SZ,20260304,2.6713,3.1505,,306908.5287,
003039.SZ,20260304,1.1267,5.3624,,1018905.9045,
002553.SZ,20260304,2.9287,3.4413,,910736.6397,
920284.BJ,20260304,2.7673,3.5759,,361510.4753,
603286.SH,20260304,4.7751,7.479,,694396.9319,
600764.SH,20260304,1.3989,3.7469,,2043770.1141,
300632.SZ,20260304,2.6287,2.9091,,420235.0907,
002093.SZ,20260304,1.2228,2.5822,,1053845.0,
300198.SZ,20260304,1.7985,2.2594,,266139.5233,
300183.SZ,20260304,1.6285,2.8627,,689287.6141,
003019.SZ,20260304,1.3427,1.9432,,526251.7831,
601928.SH,20260304,0.6214,2.2849,,2450738.7,
002269.SZ,20260304,2.142,3.3297,,449737.5,
603887.SH,20260304,3.6964,4.3593,,916890.8082,
601838.SH,20260304,0.7909,1.5243,,7061233.3031,
002456.SZ,20260304,1.745,1.9128,,2988722.557,
000802.SZ,20260304,1.8858,2.4321,,297098.6058,
301225.SZ,20260304,8.9984,8.9984,,1287701.28,
301170.SZ,20260304,3.6918,3.6918,,291000.0,
002207.SZ,20260304,46.3487,66.3479,,393869.2331,
600784.SH,20260304,1.6022,2.5057,,488496.5963,
601996.SH,20260304,1.9072,3.2295,,267898.5454,
001212.SZ,20260304,5.8752,8.0434,,1096435.7085,
688296.SH,20260304,3.0953,5.3135,,162603.2806,
002673.SZ,20260304,0.9332,1.7623,,3387942.9324,
603926.SH,20260304,3.176,6.2784,,485863.3848,
002448.SZ,20260304,4.4219,4.4219,,932629.2889,
300347.SZ,20260304,1.1824,1.3144,,4826912.0363,
600370.SH,20260304,1.0837,5.7907,,829992.9927,
603690.SH,20260304,2.7315,3.766,,1026727.1543,
600783.SH,20260304,2.3029,7.0582,,1624936.3388,
920706.BJ,20260304,10.5691,15.4627,,256239.7444,
600511.SH,20260304,1.416,2.5931,,2246909.928,
920066.BJ,20260304,6.5401,6.5401,,164738.5674,
002660.SZ,20260304,2.1087,3.8472,,320606.7911,
600288.SH,20260304,2.005,2.2096,,640348.8,
603122.SH,20260304,5.0601,11.0007,,667932.3182,
600079.SH,20260304,1.1681,1.838,,3163253.9202,
920556.BJ,20260304,7.5028,10.2847,,175994.8832,
300996.SZ,20260304,2.1746,2.7889,,452724.4528,
301202.SZ,20260304,5.1797,5.4337,,566605.6,
300384.SZ,20260304,3.392,4.8534,,580274.215,
603776.SH,20260304,1.5252,2.4592,,533445.0868,
603538.SH,20260304,2.4506,3.3355,,447954.7332,
002302.SZ,20260304,1.7187,4.5355,,795283.2115,
688739.SH,20260304,0.4223,0.9315,,1037376.95,
688523.SH,20260304,14.5179,14.5179,,2706972.64,
301219.SZ,20260304,2.5814,3.4721,,2098386.3358,
920871.BJ,20260304,2.1261,3.425,,122422.523,
002899.SZ,20260304,3.1059,4.3987,,439696.0036,
002780.SZ,20260304,4.1563,4.4336,,250522.9952,
000999.SZ,20260304,0.9317,2.5373,,4941062.8204,
688160.SH,20260304,1.5921,3.9736,,1041845.4028,
600713.SH,20260304,1.1048,2.513,,687189.4129,
002213.SZ,20260304,8.9038,11.0458,,640734.3142,
603071.SH,20260304,0.9838,3.3989,,799548.7154,
000531.SZ,20260304,2.0512,4.3053,,703987.3004,
920169.BJ,20260304,7.497,12.0671,,299121.9332,
301578.SZ,20260304,7.345,7.345,,284384.0146,
300111.SZ,20260304,3.7472,5.3517,,547064.5535,
300607.SZ,20260304,2.4364,2.7341,,1314058.9951,
002011.SZ,20260304,1.7192,3.1308,,1392781.5721,
601998.SH,20260304,0.1789,1.8719,,39841936.181,
002413.SZ,20260304,23.6732,23.6732,,2120180.5451,
300145.SZ,20260304,2.8218,4.1355,,894832.7888,
002690.SZ,20260304,1.3009,1.8848,,1630359.0072,
002244.SZ,20260304,1.0022,2.4353,,3379028.0645,
300753.SZ,20260304,5.4481,6.3355,,398185.632,
605155.SH,20260304,1.39,3.6431,,338597.637,
300037.SZ,20260304,2.3835,2.789,,4121321.2826,
002403.SZ,20260304,1.582,3.4253,,371636.6897,
001217.SZ,20260304,4.6898,12.7041,,446697.02,
000680.SZ,20260304,1.4265,2.0899,,1905181.1172,
605318.SH,20260304,1.3252,4.6634,,892424.6407,
603231.SH,20260304,2.2138,2.7774,,348455.5711,
300967.SZ,20260304,16.5936,25.6352,,401027.2684,
301328.SZ,20260304,5.1842,7.5057,,560457.3294,
301027.SZ,20260304,11.0841,11.9438,,328545.0,
300969.SZ,20260304,4.4553,7.6771,,1461297.857,
301039.SZ,20260304,1.5388,3.5461,,1709201.471,
600371.SH,20260304,13.2187,25.7958,,291115.11,
300674.SZ,20260304,2.0186,2.6583,,1548221.4749,
600704.SH,20260304,1.7665,3.1138,,2864833.6591,
300539.SZ,20260304,3.1672,5.1032,,800816.6774,
301622.SZ,20260304,3.5143,3.5143,,774772.754,
301196.SZ,20260304,4.674,8.2617,,1075317.1772,
300026.SZ,20260304,1.377,2.1304,,1054458.3478,
002973.SZ,20260304,5.4944,6.9478,,606051.1931,
688210.SH,20260304,2.5692,3.8511,,787443.1934,
300932.SZ,20260304,6.9969,11.1367,,442383.7252,
688807.SH,20260304,11.8758,11.8758,,1772080.0,
300586.SZ,20260304,2.2029,3.3074,,704104.4786,
688107.SH,20260304,1.7399,5.1412,,1185311.5782,
002767.SZ,20260304,2.2995,4.9657,,331950.0,
603863.SH,20260304,2.6148,3.6764,,408481.4,
002139.SZ,20260304,1.6013,1.6847,,1538594.3752,
688297.SH,20260304,8.4653,20.4106,,4340925.0,
300503.SZ,20260304,3.9664,5.3072,,1493667.0001,
920060.BJ,20260304,3.1205,4.2211,,501443.2986,
300817.SZ,20260304,2.805,3.5638,,421097.305,
300955.SZ,20260304,1.923,4.3208,,337276.8,
002060.SZ,20260304,1.7848,2.5036,,1441687.0049,
002877.SZ,20260304,13.2609,17.3546,,352285.2581,
301600.SZ,20260304,2.4746,2.4746,,1239753.2335,
002250.SZ,20260304,2.4467,3.3156,,1509987.2581,
000503.SZ,20260304,1.5047,2.0755,,823551.329,
002492.SZ,20260304,3.5527,6.1488,,359235.0,
301086.SZ,20260304,5.6553,7.8798,,1085850.0,
688411.SH,20260304,2.8132,3.6022,,4000034.3398,
688095.SH,20260304,2.5079,4.1697,,709680.7824,
300860.SZ,20260304,1.5117,2.4972,,494683.1479,
301510.SZ,20260304,2.6679,2.9976,,1334833.37,
000537.SZ,20260304,1.2886,4.1051,,1862008.7192,
600312.SH,20260304,3.5141,5.999,,3101922.1124,
002786.SZ,20260304,1.7479,2.7978,,385586.136,
000421.SZ,20260304,10.7815,23.4798,,413004.9127,
605108.SH,20260304,1.0559,3.3621,,462540.0,
605178.SH,20260304,3.3827,5.9206,,672951.36,
300591.SZ,20260304,3.0399,3.3303,,308717.7443,
300057.SZ,20260304,5.3519,6.0143,,537747.4454,
002769.SZ,20260304,3.0378,4.0462,,408036.633,
600609.SH,20260304,1.1815,1.6547,,568787.5313,
920717.BJ,20260304,17.3866,21.2204,,127868.2,
600075.SH,20260304,1.7564,3.091,,1109786.4603,
002377.SZ,20260304,5.7388,7.1847,,332626.048,
002911.SZ,20260304,1.6084,10.7392,,2076132.353,
300349.SZ,20260304,3.369,4.7602,,666706.8742,
300482.SZ,20260304,1.5311,2.432,,894978.346,
002557.SZ,20260304,1.0053,1.7531,,1148797.1297,
603406.SH,20260304,3.2822,3.2822,,1442436.06,
002356.SZ,20260304,11.0816,13.9539,,571706.9712,
300160.SZ,20260304,1.3867,2.2022,,432849.9235,
600223.SH,20260304,0.6875,1.5037,,713631.2801,
002685.SZ,20260304,1.8048,2.0563,,718483.427,
688315.SH,20260304,0.9717,2.6997,,581847.6,
301656.SZ,20260304,2.5283,2.5283,,5879713.775,
603027.SH,20260304,1.191,2.2743,,1249138.511,
603990.SH,20260304,2.2642,2.8726,,422976.4515,
603666.SH,20260304,2.7426,4.3068,,587817.0012,
001339.SZ,20260304,14.1436,20.3716,,1646415.1247,
002006.SZ,20260304,2.0781,2.8182,,983968.9819,
603353.SH,20260304,13.3074,40.5257,,799190.994,
002958.SZ,20260304,1.4381,1.8938,,1705576.0971,
603175.SH,20260304,14.3718,14.3718,,3480501.5124,
002982.SZ,20260304,4.5487,5.967,,295850.416,
002300.SZ,20260304,7.6419,15.1826,,704997.6912,
600657.SH,20260304,0.652,2.4216,,915453.029,
002867.SZ,20260304,0.8116,2.2385,,1297141.3021,
300369.SZ,20260304,4.43,5.9299,,704430.4198,
600858.SH,20260304,1.9908,3.4861,,309439.6205,
920394.BJ,20260304,1.3647,4.1007,,736222.5,
301581.SZ,20260304,0.9828,2.2127,,393680.0,
603095.SH,20260304,3.3687,10.9883,,551404.742,
600150.SH,20260304,2.0052,2.8369,,29018795.6865,
300536.SZ,20260304,8.5233,9.169,,252227.7944,
605319.SH,20260304,1.4044,3.4491,,816401.2609,
300595.SZ,20260304,1.9526,2.6461,,1356363.0213,
603255.SH,20260304,2.2136,3.5002,,406466.8343,
000561.SZ,20260304,2.8117,4.5955,,964244.3536,
600428.SH,20260304,6.0031,12.8881,,2296661.3706,
300546.SZ,20260304,2.8428,3.1527,,442879.3757,
600531.SH,20260304,7.0209,9.5776,,2019468.7057,
002498.SZ,20260304,6.9838,20.8864,,2704685.148,
000599.SZ,20260304,2.5574,4.3606,,549678.7983,
000581.SZ,20260304,2.7516,4.6935,,2290315.3067,
003002.SZ,20260304,1.1367,2.1772,,520400.0,
603709.SH,20260304,1.42,4.035,,222274.1036,
002092.SZ,20260304,4.3284,6.1528,,1890714.2474,
603661.SH,20260304,0.642,2.254,,458643.0682,
601992.SH,20260304,1.1973,3.3306,,1996743.2021,
688550.SH,20260304,2.0084,3.4004,,746835.7056,
920396.BJ,20260304,4.1029,6.3243,,246851.8428,
001215.SZ,20260304,3.1058,5.2826,,360951.0569,
300211.SZ,20260304,0.9673,1.7712,,255300.9673,
300071.SZ,20260304,4.1661,5.5007,,512786.4668,
000608.SZ,20260304,2.745,3.9301,,251970.8718,
002687.SZ,20260304,2.1713,3.0477,,249865.848,
300785.SZ,20260304,5.8256,7.1858,,1036433.5265,
600831.SH,20260304,1.7836,2.5191,,292910.1607,
603800.SH,20260304,2.0345,3.8384,,822640.0,
300740.SZ,20260304,3.3954,5.838,,900143.3177,
603822.SH,20260304,1.5777,2.5795,,868132.5118,
301418.SZ,20260304,3.618,3.618,,275733.3358,
300834.SZ,20260304,0.8903,2.487,,454836.6048,
002876.SZ,20260304,3.1064,3.5058,,463924.9986,
301313.SZ,20260304,9.7289,11.3925,,335189.016,
301163.SZ,20260304,2.9547,4.5108,,241128.0,
300172.SZ,20260304,12.5817,13.8443,,418206.78,
300666.SZ,20260304,6.6083,7.311,,3980075.5657,
000514.SZ,20260304,1.3716,3.7258,,404166.2922,
600282.SH,20260304,0.6453,1.7328,,3563422.6044,
000166.SZ,20260304,0.6081,1.6978,,12044213.3334,
688566.SH,20260304,0.8301,2.8504,,572964.8751,
600741.SH,20260304,0.4652,1.1162,,5848302.9903,
688631.SH,20260304,2.7345,3.6099,,1053564.15,
001317.SZ,20260304,2.9573,7.219,,433219.6353,
605305.SH,20260304,2.6406,3.6699,,782286.12,
300558.SZ,20260304,1.0252,1.7457,,1760771.133,
600433.SH,20260304,2.7814,5.0691,,589844.1015,
002368.SZ,20260304,1.476,2.2455,,1247709.0346,
603458.SH,20260304,2.4761,2.7349,,318369.4946,
600990.SH,20260304,2.2439,4.1708,,706421.6116,
603517.SH,20260304,0.9628,1.8433,,716900.2903,
600115.SH,20260304,0.9302,2.2952,,11551886.2784,
600589.SH,20260304,13.8039,16.3469,,1642044.8983,
603222.SH,20260304,1.3513,2.1569,,449477.5664,
000937.SZ,20260304,1.4827,5.2385,,2084792.6415,
002838.SZ,20260304,0.9239,1.904,,1245749.4388,
688262.SH,20260304,3.544,4.7683,,1212959.6859,
300733.SZ,20260304,1.8916,2.6773,,519343.9997,
002507.SZ,20260304,2.1314,3.3003,,1485093.789,
002333.SZ,20260304,1.7007,5.3353,,384032.2112,
000534.SZ,20260304,5.1324,6.8076,,1810425.8773,
003042.SZ,20260304,6.1095,11.8603,,260168.48,
002475.SZ,20260304,1.6493,2.6421,,33719536.5437,
600361.SH,20260304,2.0101,4.0053,,1750329.628,
603100.SH,20260304,1.0336,2.2529,,1176192.9194,
300865.SZ,20260304,1.9714,3.2096,,267138.56,
300096.SZ,20260304,0.9086,1.0841,,331100.0,
600038.SH,20260304,1.7351,3.0793,,3076239.3352,
600128.SH,20260304,3.2191,4.3786,,276868.57,
603698.SH,20260304,4.5502,14.7646,,1927956.03,
920166.BJ,20260304,9.3089,9.3089,,234992.9423,
002730.SZ,20260304,6.186,12.3931,,640157.2278,
002284.SZ,20260304,2.0307,3.5329,,1131562.6328,
002537.SZ,20260304,3.3643,4.4956,,1022568.5849,
600593.SH,20260304,2.7538,5.9341,,487864.3,
000809.SZ,20260304,1.8181,2.7671,,276305.0832,
601882.SH,20260304,0.9414,4.0392,,1075842.0,
000564.SZ,20260304,1.1559,1.6407,,3954715.8745,
000617.SZ,20260304,1.5121,7.5691,,11276734.5385,
002578.SZ,20260304,5.212,8.9018,,418629.0616,
