ts_code,trade_date,turnover_rate,turnover_rate_f,volume_ratio,total_mv,float_mv
301263.SZ,20260408,1.6083,2.0051,,1189691.01,
301103.SZ,20260408,1.0078,1.4142,,314472.6773,
300201.SZ,20260408,4.7111,6.2663,,1138201.1887,
605218.SH,20260408,1.1825,3.613,,426868.2795,
002245.SZ,20260408,13.628,15.7755,,2120703.767,
000703.SZ,20260408,2.7439,7.4023,,5666666.2595,
688005.SH,20260408,2.2297,3.0501,,2074133.3139,
920039.BJ,20260408,0.7061,2.1551,,149205.4,
601398.SH,20260408,0.1681,1.4531,,260889380.1891,
002031.SZ,20260408,3.5762,3.8727,,1365824.7111,
920261.BJ,20260408,1.2178,1.8164,,422142.4846,
300341.SZ,20260408,1.0091,2.6596,,758523.5526,
605123.SH,20260408,3.2669,7.5085,,1203590.4702,
600717.SH,20260408,0.6672,1.5595,,1337028.4796,
301262.SZ,20260408,6.2334,8.6739,,996630.0,
605068.SH,20260408,1.659,4.9135,,413768.3607,
688033.SH,20260408,2.1465,2.8712,,478431.0052,
301667.SZ,20260408,27.5502,27.5502,,954551.7408,
603280.SH,20260408,10.027,10.027,,392540.5412,
600481.SH,20260408,2.9934,5.0929,,1352038.9231,
002845.SZ,20260408,2.4595,2.9065,,454641.7665,
002615.SZ,20260408,4.985,6.3469,,462964.2941,
301030.SZ,20260408,3.7812,5.3735,,216954.9298,
920223.BJ,20260408,2.5993,4.1182,,248510.3,
002056.SZ,20260408,2.6385,5.2825,,3032191.3059,
600188.SH,20260408,1.4922,5.6798,,19111362.9558,
002459.SZ,20260408,2.6151,4.9814,,3610896.8568,
688188.SH,20260408,0.6877,1.9422,,3908825.7517,
600416.SH,20260408,1.5618,2.4276,,1893428.7987,
300897.SZ,20260408,1.6768,2.9824,,350269.0704,
300119.SZ,20260408,3.5292,4.4476,,866302.772,
603937.SH,20260408,7.7263,20.9182,,308113.52,
600580.SH,20260408,2.7825,4.5581,,5856378.5487,
600682.SH,20260408,3.4158,6.2691,,1000778.3724,
688029.SH,20260408,0.9486,1.6649,,1433275.8299,
301116.SZ,20260408,0.4897,1.9165,,452571.4297,
300885.SZ,20260408,5.9114,11.1423,,590104.9804,
688199.SH,20260408,3.2085,4.4057,,422092.9431,
603087.SH,20260408,1.1748,1.9127,,3840073.6457,
600579.SH,20260408,1.0733,2.9212,,398829.4133,
603559.SH,20260408,0.8018,1.1397,,290925.8098,
002658.SZ,20260408,2.2933,3.0838,,539761.0245,
603867.SH,20260408,2.9061,3.7958,,665726.9203,
688658.SH,20260408,2.9873,5.3965,,865800.0,
601279.SH,20260408,0.6024,2.8545,,656515.3978,
600908.SH,20260408,0.8918,1.1692,,1255357.9295,
001335.SZ,20260408,3.3549,3.3549,,393706.152,
301252.SZ,20260408,5.9636,5.9636,,622580.3938,
300180.SZ,20260408,2.5611,3.5784,,1083051.9953,
605339.SH,20260408,0.224,1.399,,699230.9352,
601000.SH,20260408,0.9536,2.212,,2773334.5914,
002262.SZ,20260408,0.8738,1.4795,,2307867.1166,
600138.SH,20260408,1.7215,2.2413,,676066.56,
300324.SZ,20260408,3.6482,3.9971,,830971.0762,
920592.BJ,20260408,5.8167,8.987,,258544.0,
603843.SH,20260408,0.6782,0.9524,,612869.9556,
300850.SZ,20260408,6.1406,6.6049,,1733777.3911,
300082.SZ,20260408,4.0499,8.6219,,733825.9578,
002708.SZ,20260408,3.9091,5.5674,,718923.2998,
600733.SH,20260408,1.3249,2.0225,,4679858.1621,
600119.SH,20260408,1.3662,2.5223,,219162.222,
301321.SZ,20260408,2.2345,3.5204,,369700.605,
688813.SH,20260408,46.246,46.246,,778080.0,
688002.SH,20260408,2.1534,2.7867,,5034412.1362,
000860.SZ,20260408,0.7724,1.253,,965038.8527,
300257.SZ,20260408,1.5734,3.8912,,3064370.3955,
301628.SZ,20260408,7.0125,8.207,,805541.1746,
600517.SH,20260408,0.5284,2.59,,3705546.3621,
002846.SZ,20260408,2.2874,3.3816,,607730.7913,
003033.SZ,20260408,5.235,16.2302,,520502.25,
002798.SZ,20260408,1.0139,1.417,,336708.6832,
002627.SZ,20260408,2.2973,3.4503,,597071.5355,
002384.SZ,20260408,1.6752,1.9015,,21962805.9162,
003020.SZ,20260408,1.7522,2.8746,,467657.9855,
603992.SH,20260408,1.8997,8.4474,,1508557.3971,
001314.SZ,20260408,1.9129,4.1304,,592929.538,
300662.SZ,20260408,2.6166,3.7113,,487882.964,
001308.SZ,20260408,0.3826,2.0527,,1446758.0698,
300749.SZ,20260408,7.9913,11.3135,,557034.921,
002228.SZ,20260408,2.04,3.5341,,482927.4803,
000635.SZ,20260408,1.7774,3.0826,,333831.1787,
603070.SH,20260408,0.8565,3.2956,,601500.0,
002923.SZ,20260408,11.802,21.2758,,476888.0393,
603810.SH,20260408,1.3654,2.4822,,266033.2233,
300840.SZ,20260408,6.6072,7.3975,,438240.0,
003008.SZ,20260408,2.6966,4.2464,,242008.0,
688198.SH,20260408,0.31,1.1586,,1353375.4067,
601126.SH,20260408,3.9738,6.7076,,3645116.5625,
688125.SH,20260408,1.9361,6.3363,,2045767.528,
002306.SZ,20260408,5.1558,6.2666,,211352.2875,
920832.BJ,20260408,1.6986,1.771,,92555.498,
600718.SH,20260408,1.3258,1.7176,,1103116.6215,
300530.SZ,20260408,1.6081,5.3545,,428330.8228,
688115.SH,20260408,1.2413,3.0333,,274947.08,
600814.SH,20260408,0.9896,2.9451,,567480.6777,
601212.SH,20260408,3.3296,9.1642,,6323677.4324,
603211.SH,20260408,5.1502,18.5924,,709147.072,
300317.SZ,20260408,8.1607,9.9839,,410943.2605,
300118.SZ,20260408,7.7661,8.4079,,1892423.0126,
603518.SH,20260408,1.4771,2.2233,,310816.7856,
600691.SH,20260408,4.4435,8.9485,,784074.0442,
001269.SZ,20260408,1.207,3.8959,,414455.4243,
002607.SZ,20260408,2.8281,3.3748,,1652863.0363,
600598.SH,20260408,2.6152,7.2934,,2895840.5718,
600281.SH,20260408,1.6758,2.9649,,277777.0935,
600008.SH,20260408,1.4125,2.6339,,2326967.2446,
000819.SZ,20260408,1.8226,2.7449,,548714.1914,
002661.SZ,20260408,1.3084,2.1662,,301822.7943,
300107.SZ,20260408,2.9273,3.6599,,402389.3216,
000001.SZ,20260408,0.4189,0.9962,,21773440.2182,
002130.SZ,20260408,5.0006,5.7784,,3419924.8254,
603789.SH,20260408,0.9814,1.7197,,143481.0986,
002078.SZ,20260408,0.6397,1.1634,,4317556.7589,
002361.SZ,20260408,18.8295,20.8755,,1595836.678,
600696.SH,20260408,2.7407,8.3017,,46491.2509,
688403.SH,20260408,4.886,6.5393,,1393860.6925,
601939.SH,20260408,0.9601,1.3871,,243288354.7569,
603727.SH,20260408,5.3994,10.0792,,565974.0275,
002066.SZ,20260408,1.9204,3.2076,,479210.28,
688313.SH,20260408,9.7648,15.2815,,4466076.907,
688336.SH,20260408,2.5626,16.0244,,5356955.7215,
301658.SZ,20260408,14.5586,14.5586,,1725360.8288,
002939.SZ,20260408,0.9118,2.5975,,3663259.676,
603272.SH,20260408,2.7258,6.2544,,343316.251,
000815.SZ,20260408,21.2886,31.8557,,1412079.2241,
601128.SH,20260408,1.155,1.3789,,2344780.6984,
001239.SZ,20260408,4.1049,4.6984,,368880.0,
000002.SZ,20260408,1.2558,1.8847,,4712630.241,
300929.SZ,20260408,5.1001,6.3281,,174283.369,
301563.SZ,20260408,19.953,19.953,,1015876.2605,
600182.SH,20260408,1.0125,1.0125,,469200.0,
603187.SH,20260408,1.3653,1.7085,,563394.684,
301108.SZ,20260408,2.209,3.9306,,333504.1747,
688511.SH,20260408,1.1407,2.5306,,280456.2027,
002211.SZ,20260408,1.2613,2.0201,,155258.8047,
301366.SZ,20260408,2.0046,2.7224,,672401.669,
688799.SH,20260408,4.3064,9.3315,,818780.2,
688682.SH,20260408,1.5519,4.0607,,458376.8664,
688167.SH,20260408,6.1332,7.1143,,3513507.3884,
688689.SH,20260408,2.6185,7.4842,,458897.8804,
300644.SZ,20260408,4.0503,5.6292,,337470.3671,
300222.SZ,20260408,2.9187,3.0504,,855331.0762,
920184.BJ,20260408,5.4211,7.4324,,213905.9126,
600533.SH,20260408,1.5653,2.769,,261450.0,
002736.SZ,20260408,0.3451,1.2419,,11839454.9774,
688220.SH,20260408,2.4999,3.741,,3096681.4813,
920418.BJ,20260408,1.6314,2.9476,,401186.8224,
300337.SZ,20260408,5.0759,7.5482,,1053736.254,
300871.SZ,20260408,6.0274,11.3109,,515962.6008,
920407.BJ,20260408,5.8108,9.6654,,161973.448,
300500.SZ,20260408,2.4692,4.592,,188066.8334,
603125.SH,20260408,2.7111,2.7111,,715345.8746,
688300.SH,20260408,2.7689,7.0799,,2260876.026,
603072.SH,20260408,2.3542,2.8145,,968850.48,
300664.SZ,20260408,8.7747,12.4213,,468122.6695,
003006.SZ,20260408,1.2227,3.0596,,767780.6007,
300066.SZ,20260408,2.3693,3.69,,669781.4207,
002691.SZ,20260408,1.4123,3.9328,,255340.0,
600968.SH,20260408,1.2174,6.6349,,4462480.7434,
001277.SZ,20260408,1.683,3.286,,271016.0,
000831.SZ,20260408,3.7525,6.0559,,5395246.5828,
603917.SH,20260408,1.8129,2.6946,,271718.72,
002788.SZ,20260408,32.7063,53.2554,,704380.8424,
000848.SZ,20260408,0.6621,1.1722,,820080.0595,
600168.SH,20260408,0.918,2.2996,,502659.1699,
601568.SH,20260408,1.5973,4.1287,,1684222.223,
601086.SH,20260408,0.9583,3.6965,,593406.0,
002189.SZ,20260408,1.7672,3.0574,,511166.9773,
688613.SH,20260408,1.564,2.0895,,297308.6273,
300933.SZ,20260408,1.8457,2.987,,435484.0014,
600510.SH,20260408,0.8212,2.0525,,876189.613,
300989.SZ,20260408,3.4938,4.7198,,308633.7982,
920035.BJ,20260408,2.9162,2.9162,,186913.35,
300819.SZ,20260408,3.7617,9.3416,,636956.145,
001378.SZ,20260408,2.8259,2.8259,,318933.9712,
688505.SH,20260408,0.693,1.595,,841696.5452,
605158.SH,20260408,0.5084,1.8489,,390724.88,
688193.SH,20260408,1.159,2.1226,,208483.5336,
300612.SZ,20260408,6.8362,8.6216,,280787.1958,
300235.SZ,20260408,5.0416,6.4265,,335830.0111,
600360.SH,20260408,1.2411,1.5976,,881551.0891,
300161.SZ,20260408,1.5565,2.3159,,563305.7285,
001282.SZ,20260408,3.5943,4.9563,,446148.6848,
300779.SZ,20260408,3.2907,3.9882,,1873205.4151,
300434.SZ,20260408,2.751,4.6775,,415804.9075,
603298.SH,20260408,0.8295,2.1553,,3436946.8166,
300745.SZ,20260408,3.4464,3.8819,,429338.9264,
603936.SH,20260408,5.938,7.69,,859232.4795,
002090.SZ,20260408,1.5044,1.9077,,436629.0074,
920422.BJ,20260408,1.9162,4.1695,,102020.5646,
920640.BJ,20260408,3.104,6.0338,,656297.088,
688615.SH,20260408,4.6836,5.0592,,2514260.0,
603418.SH,20260408,2.4734,2.4734,,975574.8475,
301678.SZ,20260408,5.0982,5.0982,,1477817.6759,
002536.SZ,20260408,5.067,7.7566,,1753671.7443,
688273.SH,20260408,1.5188,3.8545,,399200.0,
301001.SZ,20260408,3.7115,6.3362,,234880.0,
601226.SH,20260408,2.3514,6.3671,,1083192.4884,
688265.SH,20260408,0.9135,2.9464,,346157.9977,
300112.SZ,20260408,2.9392,3.292,,233341.6188,
002104.SZ,20260408,5.0983,5.3319,,1119884.2025,
002415.SZ,20260408,0.3822,0.9698,,28301123.3464,
300016.SZ,20260408,5.2078,6.6202,,579759.3579,
002516.SZ,20260408,1.0772,2.0346,,829553.0166,
002335.SZ,20260408,5.9508,7.8986,,2968269.4621,
301539.SZ,20260408,5.2452,8.3986,,289784.0,
603811.SH,20260408,2.261,3.0487,,397020.1402,
301268.SZ,20260408,1.2915,3.1948,,880472.8535,
002586.SZ,20260408,0.8217,1.4301,,537785.1456,
301165.SZ,20260408,2.0177,16.8146,,7346022.7231,
000850.SZ,20260408,0.9125,1.7028,,469945.1745,
300241.SZ,20260408,7.8066,8.3407,,474078.6244,
688378.SH,20260408,2.5531,3.7049,,953417.5731,
603193.SH,20260408,11.7376,12.0237,,1023621.0844,
920000.BJ,20260408,1.2494,2.3293,,148980.0,
301383.SZ,20260408,2.1854,3.3752,,457743.6864,
300221.SZ,20260408,3.6043,3.6043,,475175.9491,
002426.SZ,20260408,4.6564,5.4173,,1224945.3298,
603919.SH,20260408,0.9401,2.3645,,914589.7746,
000572.SZ,20260408,5.2862,8.0711,,957178.3999,
001256.SZ,20260408,4.9208,38.815,,323302.669,
300493.SZ,20260408,3.1197,4.0974,,814395.9437,
002127.SZ,20260408,1.6205,1.822,,692273.4536,
603333.SH,20260408,1.5983,2.9228,,485413.0447,
600821.SH,20260408,11.5471,15.3344,,1634847.0359,
600653.SH,20260408,1.1494,1.5639,,350348.4571,
002344.SZ,20260408,0.7796,1.6587,,581025.4829,
301162.SZ,20260408,3.5589,4.0712,,828117.9401,
920077.BJ,20260408,2.4774,3.2993,,1011988.0889,
300283.SZ,20260408,5.1297,5.9734,,398576.534,
688156.SH,20260408,3.646,5.0429,,228419.7081,
001369.SZ,20260408,10.8597,10.8597,,1777850.0,
002105.SZ,20260408,2.3927,4.7482,,238789.7514,
601728.SH,20260408,0.1483,0.8018,,52982633.3067,
002461.SZ,20260408,0.9172,5.7826,,2184555.2098,
300501.SZ,20260408,9.5665,9.5665,,359787.3781,
002253.SZ,20260408,1.6943,2.0882,,258567.5049,
002360.SZ,20260408,6.6889,7.1242,,263162.1324,
300949.SZ,20260408,3.5352,7.1309,,234780.0,
301046.SZ,20260408,1.5971,2.7535,,426265.1158,
603988.SH,20260408,9.7854,20.7193,,658089.6,
688578.SH,20260408,1.2918,2.5116,,4462650.0,
001391.SZ,20260408,1.7363,1.8913,,6531751.4554,
300998.SZ,20260408,4.2549,6.6035,,322073.352,
001218.SZ,20260408,1.6107,2.0168,,326226.7196,
603619.SH,20260408,8.2165,10.2339,,1552070.2136,
002439.SZ,20260408,2.2034,2.4255,,1596625.4702,
603037.SH,20260408,1.716,2.5988,,357674.542,
300078.SZ,20260408,3.915,4.7078,,478449.3144,
002946.SZ,20260408,0.7926,3.5512,,1617212.4532,
001267.SZ,20260408,8.6283,13.6077,,3478279.5235,
300465.SZ,20260408,2.9394,4.0476,,677161.5188,
600689.SH,20260408,2.0672,3.145,,267519.4775,
000789.SZ,20260408,1.0305,2.0338,,418639.3848,
600435.SH,20260408,1.7261,2.8003,,2229215.322,
002184.SZ,20260408,1.9928,2.2463,,409973.2511,
601988.SH,20260408,0.1494,2.5766,,184949924.3812,
920834.BJ,20260408,2.1792,3.9608,,143880.006,
600236.SH,20260408,0.1853,1.4127,,7488258.9119,
688667.SH,20260408,3.0931,6.7135,,579650.027,
920978.BJ,20260408,3.5083,3.7929,,498138.771,
002745.SZ,20260408,3.247,3.851,,1288256.4343,
603871.SH,20260408,0.8711,2.1489,,1860491.7749,
300363.SZ,20260408,2.983,4.6644,,1183073.6172,
600620.SH,20260408,0.7058,1.7936,,434666.6125,
600056.SH,20260408,6.6458,14.0683,,1649955.362,
002431.SZ,20260408,5.4666,9.0787,,510080.5485,
301246.SZ,20260408,12.2722,13.6543,,890815.1436,
603699.SH,20260408,1.1678,3.1661,,4011313.7194,
002293.SZ,20260408,0.9972,1.8997,,849685.4881,
600098.SH,20260408,0.9246,3.4851,,2499681.7315,
688693.SH,20260408,21.1763,26.9588,,493094.74,
300654.SZ,20260408,3.3315,6.2398,,399076.0887,
300288.SZ,20260408,1.6268,1.8589,,433578.8188,
002437.SZ,20260408,8.3162,8.9379,,827281.0747,
002783.SZ,20260408,4.5823,5.7747,,481380.7717,
002732.SZ,20260408,1.1411,2.716,,257424.6,
002752.SZ,20260408,8.2813,22.9436,,668212.2321,
603997.SH,20260408,0.9796,1.6906,,1583969.7557,
301526.SZ,20260408,11.1719,14.6222,,4638179.999,
000998.SZ,20260408,1.9468,2.3564,,1442997.9959,
300135.SZ,20260408,2.8498,4.2989,,356659.2,
600410.SH,20260408,24.4382,24.4382,,3054834.1868,
600654.SH,20260408,11.3255,17.5273,,1266141.3103,
601566.SH,20260408,1.0234,3.5822,,620033.4849,
688023.SH,20260408,3.2643,4.3571,,517879.4292,
603496.SH,20260408,6.0395,8.1726,,922843.0383,
002702.SZ,20260408,3.6169,4.8054,,314560.16,
300800.SZ,20260408,1.4608,2.8795,,284110.8,
920266.BJ,20260408,0.9414,1.722,,100440.0057,
688393.SH,20260408,1.8242,3.0747,,227650.2117,
603168.SH,20260408,3.0756,5.4482,,264881.5655,
920010.BJ,20260408,11.0523,21.3154,,272254.5,
002407.SZ,20260408,5.5856,5.9575,,3354638.9794,
002468.SZ,20260408,1.8764,4.7912,,2389582.1811,
300168.SZ,20260408,1.9607,2.4624,,819717.6597,
001233.SZ,20260408,7.3613,7.3613,,1275963.0446,
688816.SH,20260408,8.0145,8.0145,,636600.0,
688238.SH,20260408,1.4202,1.8829,,470551.6075,
688607.SH,20260408,3.0541,4.0564,,561470.031,
002716.SZ,20260408,9.1422,10.5673,,3526037.7189,
002287.SZ,20260408,0.4076,2.1541,,1340472.9496,
688239.SH,20260408,3.1305,4.0625,,1133114.48,
688383.SH,20260408,3.2697,10.4477,,904348.9105,
688093.SH,20260408,1.1973,3.6933,,940403.881,
600508.SH,20260408,1.5422,4.1432,,926524.476,
603078.SH,20260408,3.6438,6.259,,886580.0332,
300455.SZ,20260408,1.7884,3.9733,,1752071.5318,
603598.SH,20260408,8.2284,16.4026,,573076.1625,
002797.SZ,20260408,9.6908,12.2758,,3261062.4,
301120.SZ,20260408,8.018,10.3695,,826084.9063,
920371.BJ,20260408,0.7672,2.6385,,193735.1404,
688256.SH,20260408,2.5059,5.1768,,49084153.788,
002476.SZ,20260408,2.7756,3.5304,,368424.0,
300578.SZ,20260408,3.9188,5.3894,,420530.1185,
002495.SZ,20260408,3.7301,4.5268,,247005.1584,
688776.SH,20260408,2.2589,5.3551,,926027.9319,
603023.SH,20260408,2.7896,5.3895,,268454.4728,
002327.SZ,20260408,1.1062,1.44,,585095.3862,
688305.SH,20260408,0.9775,1.7616,,767536.0655,
001872.SZ,20260408,0.2005,2.2427,,5480028.9845,
000877.SZ,20260408,0.1908,1.0115,,3569466.8304,
002157.SZ,20260408,2.2737,2.2737,,2886050.7278,
301319.SZ,20260408,6.3067,12.2352,,587408.2338,
301283.SZ,20260408,1.8366,3.0785,,377320.4208,
300957.SZ,20260408,1.0873,2.4818,,1638484.8,
600623.SH,20260408,1.912,5.5185,,2061269.1729,
301115.SZ,20260408,2.9828,4.3442,,392376.1293,
002277.SZ,20260408,1.1642,1.7126,,811408.5696,
002219.SZ,20260408,3.6158,5.3281,,843458.0565,
600681.SH,20260408,2.9451,5.8918,,559136.4558,
000089.SZ,20260408,0.6123,1.4228,,1433487.8868,
300479.SZ,20260408,2.3775,3.2494,,370042.7445,
600319.SH,20260408,1.0488,1.821,,294271.4225,
002891.SZ,20260408,3.3207,6.3858,,1269583.2015,
301133.SZ,20260408,8.6694,19.0273,,511981.8202,
300982.SZ,20260408,3.4391,8.0825,,458841.7287,
600081.SH,20260408,0.3216,1.2745,,618283.2581,
603662.SH,20260408,1.3539,2.9146,,1571523.9413,
300716.SZ,20260408,4.2734,5.2382,,230908.86,
601016.SH,20260408,7.701,13.592,,2683215.7809,
600769.SH,20260408,3.2256,4.0359,,520093.3764,
688015.SH,20260408,0.8322,1.7948,,422078.8199,
003041.SZ,20260408,4.3146,13.334,,767952.0,
002174.SZ,20260408,2.0817,2.5535,,980790.778,
002214.SZ,20260408,0.6316,0.6893,,1100940.6814,
000697.SZ,20260408,0.7318,1.1034,,1351413.4744,
000026.SZ,20260408,1.1989,2.1681,,597690.3823,
603636.SH,20260408,1.4541,2.1822,,543797.8101,
920571.BJ,20260408,11.4451,14.8074,,590953.53,
002640.SZ,20260408,3.724,4.0482,,567127.0441,
600021.SH,20260408,1.7066,3.9912,,5157217.4795,
001226.SZ,20260408,5.806,9.4854,,334805.4828,
300910.SZ,20260408,1.4234,2.0064,,1578814.7081,
000978.SZ,20260408,9.3763,18.5707,,376844.65,
603683.SH,20260408,4.7131,7.0229,,772182.4608,
000037.SZ,20260408,10.7385,18.1845,,596132.2074,
000695.SZ,20260408,11.507,16.4139,,301509.5328,
920112.BJ,20260408,1.2666,1.2666,,279495.9,
000905.SZ,20260408,2.5113,5.2491,,1827634.8769,
301332.SZ,20260408,0.7884,1.0674,,429253.125,
301278.SZ,20260408,3.9994,4.8697,,345466.0587,
920725.BJ,20260408,6.3068,9.919,,276106.875,
920068.BJ,20260408,3.928,3.928,,1397083.632,
000573.SZ,20260408,4.726,5.9626,,274460.6597,
300521.SZ,20260408,2.1195,2.8116,,399928.83,
600639.SH,20260408,0.9032,2.5929,,1194247.3182,
301149.SZ,20260408,9.9421,12.6525,,533200.0223,
600835.SH,20260408,0.9373,2.3966,,2266390.3065,
000973.SZ,20260408,7.8444,7.8444,,4397785.5744,
000501.SZ,20260408,0.6926,1.2152,,659026.7705,
000822.SZ,20260408,6.9245,11.6059,,535264.9717,
688588.SH,20260408,1.1369,2.1364,,485212.1336,
300812.SZ,20260408,33.4521,44.4866,,571934.5094,
301205.SZ,20260408,13.9295,20.2354,,3015120.816,
600386.SH,20260408,0.8729,1.9397,,329817.6,
605116.SH,20260408,2.4604,8.7317,,1158434.5834,
002651.SZ,20260408,1.3638,2.5963,,981787.0,
300971.SZ,20260408,2.6395,2.9976,,271891.2,
300808.SZ,20260408,3.9238,7.6012,,425760.0,
603809.SH,20260408,1.4749,2.1508,,995752.4892,
603010.SH,20260408,1.469,2.8651,,690920.776,
600107.SH,20260408,1.0206,1.3026,,208080.0,
603279.SH,20260408,3.2643,5.9287,,1074935.645,
002737.SZ,20260408,0.8186,1.891,,729416.0,
002193.SZ,20260408,7.6052,10.3675,,160169.9166,
603393.SH,20260408,4.9164,8.7146,,1409538.4123,
301009.SZ,20260408,1.5602,2.2111,,323513.4,
002313.SZ,20260408,1.3649,2.4121,,329097.6,
002385.SZ,20260408,2.4115,2.5316,,1720031.426,
300652.SZ,20260408,2.0637,3.8203,,568644.0084,
603609.SH,20260408,0.4345,0.9332,,634895.502,
300778.SZ,20260408,1.6922,3.9077,,255185.5314,
600027.SH,20260408,1.2031,2.8072,,5387863.2214,
300353.SZ,20260408,2.604,2.7148,,1216258.1186,
603755.SH,20260408,1.3118,3.6056,,282626.8097,
301023.SZ,20260408,4.0051,4.9452,,313682.7665,
600959.SH,20260408,2.3128,4.8768,,2045293.5336,
002163.SZ,20260408,3.2197,4.4895,,1103514.9743,
002065.SZ,20260408,2.0758,2.9438,,2676577.7831,
688041.SH,20260408,1.3301,3.4873,,53111125.3794,
603016.SH,20260408,6.219,13.7699,,631309.76,
920856.BJ,20260408,2.0913,3.5163,,126137.9087,
002926.SZ,20260408,0.7012,1.3025,,2226000.0,
000776.SZ,20260408,1.1105,2.2458,,14562037.496,
600265.SH,20260408,0.258,0.7228,,268296.6,
600702.SH,20260408,1.5044,2.1576,,1515716.6938,
002201.SZ,20260408,4.0432,6.1714,,748078.4047,
603722.SH,20260408,1.007,1.7316,,334202.8138,
301398.SZ,20260408,4.5141,5.0212,,564480.0,
600824.SH,20260408,1.1698,1.9389,,427934.9916,
600011.SH,20260408,0.9817,2.4671,,10768892.0443,
301208.SZ,20260408,2.5057,3.3027,,413400.2067,
600305.SH,20260408,0.683,1.1718,,844237.7759,
600292.SH,20260408,2.2465,3.993,,6272455.2798,
920781.BJ,20260408,1.8125,1.9747,,116543.5587,
600406.SH,20260408,1.0402,2.4232,,21348407.8626,
000055.SZ,20260408,1.8514,2.4569,,389816.3444,
000997.SZ,20260408,2.432,3.5074,,2084955.5091,
000049.SZ,20260408,3.0211,5.5438,,971596.9369,
301213.SZ,20260408,3.2692,6.2268,,556079.993,
002440.SZ,20260408,3.1889,4.7785,,1327443.8878,
920892.BJ,20260408,0.6395,1.9681,,251608.9484,
605196.SH,20260408,2.2765,3.5045,,2539683.8216,
002534.SZ,20260408,2.4763,7.4502,,1476261.5226,
600881.SH,20260408,1.1429,1.3501,,533304.913,
688231.SH,20260408,1.6023,4.007,,763776.0004,
301550.SZ,20260408,2.8517,4.0785,,3837083.525,
603615.SH,20260408,2.0372,4.3549,,437694.2,
300346.SZ,20260408,5.2687,6.0497,,3329993.9587,
601857.SH,20260408,0.2208,3.1528,,219259131.426,
603707.SH,20260408,0.9504,2.9996,,1601103.0444,
601500.SH,20260408,0.6667,0.8239,,694530.9762,
001205.SZ,20260408,2.2277,2.5619,,276177.1914,
300486.SZ,20260408,2.425,3.3769,,1189532.2974,
920050.BJ,20260408,3.3284,3.5262,,215017.2441,
688389.SH,20260408,0.6254,0.9837,,539463.5341,
600977.SH,20260408,1.832,5.6133,,2578327.0,
601218.SH,20260408,7.0624,9.7001,,593048.5093,
300926.SZ,20260408,2.0631,4.4322,,1092748.8558,
300046.SZ,20260408,3.2341,4.3894,,751460.1657,
600053.SH,20260408,1.7252,6.5171,,652478.904,
300224.SZ,20260408,2.6299,4.3842,,1369060.3134,
002514.SZ,20260408,3.9502,4.9772,,319695.2132,
600880.SH,20260408,2.8023,4.3514,,544479.3818,
300140.SZ,20260408,3.11,3.11,,2005096.3594,
301503.SZ,20260408,4.6509,5.8971,,294560.0,
300100.SZ,20260408,2.1229,4.0262,,1750267.7964,
920180.BJ,20260408,4.8288,5.0503,,198092.3481,
688196.SH,20260408,3.9924,14.7134,,811477.2721,
300483.SZ,20260408,14.6507,18.0053,,752138.6716,
603370.SH,20260408,2.6096,2.6096,,761907.25,
600367.SH,20260408,8.6414,12.8271,,695907.0401,
301487.SZ,20260408,3.615,3.9475,,952325.2595,
600251.SH,20260408,1.5372,2.7722,,860131.8964,
002943.SZ,20260408,4.9492,5.4772,,960196.6162,
688343.SH,20260408,5.7134,8.3632,,3085397.0004,
688314.SH,20260408,4.8272,13.0959,,442266.0524,
002991.SZ,20260408,2.9491,4.1474,,483510.5154,
300428.SZ,20260408,1.5397,3.6819,,1451376.1477,
600935.SH,20260408,1.6813,4.6757,,988552.9654,
002591.SZ,20260408,5.7368,6.68,,211340.4367,
300177.SZ,20260408,2.0547,2.2231,,621381.1701,
603966.SH,20260408,8.3818,13.0863,,550963.3027,
002739.SZ,20260408,1.8987,2.7131,,2099108.0358,
300572.SZ,20260408,4.9934,5.4287,,666357.4429,
002125.SZ,20260408,2.5192,4.3605,,832842.4854,
003017.SZ,20260408,3.5436,4.2808,,260316.0,
600748.SH,20260408,1.3118,3.1137,,927815.1347,
000965.SZ,20260408,2.1258,4.3784,,410637.4312,
603275.SH,20260408,8.0745,8.0745,,678102.0969,
300838.SZ,20260408,4.8954,7.5803,,219109.064,
600323.SH,20260408,0.5759,1.0628,,2411796.8579,
002088.SZ,20260408,0.5463,1.5393,,524411.2829,
600103.SH,20260408,4.9079,6.755,,831346.7231,
920663.BJ,20260408,2.3673,3.6841,,212615.5959,
600192.SH,20260408,1.8573,3.0713,,378136.288,
300815.SZ,20260408,1.2902,2.2964,,842224.896,
600363.SH,20260408,1.8031,2.2539,,2339209.2786,
600743.SH,20260408,5.9361,13.0292,,513796.0914,
688339.SH,20260408,1.9976,2.4545,,585695.6172,
002561.SZ,20260408,1.0195,1.605,,340509.897,
002590.SZ,20260408,1.7698,3.3678,,648296.5438,
688275.SH,20260408,3.937,6.6317,,1370277.1005,
000513.SZ,20260408,1.0927,1.8817,,3065943.4615,
603136.SH,20260408,1.4389,2.6872,,311456.0966,
688117.SH,20260408,2.3409,3.5119,,574144.0477,
600938.SH,20260408,3.8697,4.971,,177619438.0382,
300496.SZ,20260408,4.2706,4.657,,2824066.3416,
600085.SH,20260408,0.4351,0.915,,3851088.4957,
002953.SZ,20260408,2.8843,3.9373,,573181.8696,
920839.BJ,20260408,1.8486,3.7051,,397185.5026,
002138.SZ,20260408,3.3325,3.5976,,2780185.6846,
002840.SZ,20260408,13.3581,23.1229,,1046827.1429,
300370.SZ,20260408,1.7818,2.2249,,406997.8185,
600088.SH,20260408,1.0674,2.4757,,575878.8672,
600664.SH,20260408,8.8319,16.5343,,941922.6936,
603085.SH,20260408,1.3672,2.4315,,442766.5,
002978.SZ,20260408,1.1828,3.1355,,1602405.9074,
688098.SH,20260408,9.6583,17.0456,,406126.916,
300432.SZ,20260408,4.0707,6.7796,,3956385.2,
301221.SZ,20260408,3.0098,4.3154,,466816.392,
002246.SZ,20260408,5.6645,10.6013,,1282545.2788,
000952.SZ,20260408,3.0238,4.0567,,251740.7461,
603215.SH,20260408,1.3278,3.4998,,375127.3438,
301130.SZ,20260408,5.2796,6.4783,,248913.705,
920344.BJ,20260408,0.8819,2.2958,,251659.46,
002832.SZ,20260408,1.9141,2.3609,,991318.2049,
605499.SH,20260408,0.9999,2.9722,,11652872.5871,
600630.SH,20260408,1.0245,1.4653,,340314.1392,
688646.SH,20260408,1.5728,1.581,,478534.3739,
600807.SH,20260408,2.6058,3.3159,,283967.7487,
601328.SH,20260408,0.5491,0.6233,,61059374.8981,
688712.SH,20260408,7.7548,7.7548,,1707198.0,
600559.SH,20260408,0.8642,1.1567,,1244056.5238,
300420.SZ,20260408,2.2132,2.6038,,407479.9998,
300639.SZ,20260408,10.0475,16.8148,,448024.9671,
688382.SH,20260408,3.7794,5.1952,,1287403.741,
301258.SZ,20260408,1.2327,3.242,,302419.33,
688100.SH,20260408,0.593,2.0657,,1851194.6839,
600596.SH,20260408,3.9456,5.6458,,1606020.4883,
300961.SZ,20260408,4.5555,5.7899,,238618.88,
603296.SH,20260408,3.0281,3.4743,,9902374.6217,
600519.SH,20260408,0.2702,0.623,,183460091.0379,
300296.SZ,20260408,7.5979,8.1106,,2093646.4154,
601567.SH,20260408,2.2369,4.7039,,3680243.4186,
605336.SH,20260408,2.53,7.917,,287590.7216,
002445.SZ,20260408,7.652,12.1605,,860331.9262,
002397.SZ,20260408,2.0621,3.1346,,290139.1999,
688496.SH,20260408,2.5329,5.4005,,277200.0,
920175.BJ,20260408,1.0028,1.2036,,118762.0,
601606.SH,20260408,2.6658,6.4845,,2883877.4888,
600084.SH,20260408,0.4895,1.1202,,767505.4249,
300170.SZ,20260408,10.0534,10.1919,,2122143.69,
002323.SZ,20260408,6.665,8.4946,,475071.5518,
920405.BJ,20260408,1.6239,3.0153,,289636.9,
600409.SH,20260408,2.0274,3.721,,1533811.6399,
688260.SH,20260408,2.6679,4.4112,,327120.0,
300761.SZ,20260408,1.4178,2.6023,,1728961.8087,
300385.SZ,20260408,13.6515,21.3269,,539696.4098,
601609.SH,20260408,1.6444,3.3773,,1768396.8714,
002177.SZ,20260408,12.4554,12.7922,,582311.3399,
605268.SH,20260408,1.7264,9.6415,,552522.495,
002486.SZ,20260408,2.8194,3.5873,,241514.9483,
300589.SZ,20260408,6.7787,7.8315,,612199.8215,
301331.SZ,20260408,1.2321,3.4113,,276984.9598,
600550.SH,20260408,3.9318,8.8104,,2839636.9162,
300270.SZ,20260408,2.0641,2.8403,,322488.4198,
000798.SZ,20260408,3.507,7.2571,,380858.9192,
301282.SZ,20260408,15.8228,25.7909,,555892.8023,
603712.SH,20260408,1.3319,2.5766,,1260676.0,
688079.SH,20260408,2.7312,6.0448,,587580.8422,
601686.SH,20260408,0.3241,0.6389,,863798.1125,
002860.SZ,20260408,1.9556,3.0777,,447122.6574,
000751.SZ,20260408,3.9579,5.1799,,890212.4578,
002580.SZ,20260408,22.1674,28.847,,711666.581,
605258.SH,20260408,3.9803,9.7119,,327888.0,
000028.SZ,20260408,1.5554,4.2929,,1473227.7588,
301004.SZ,20260408,0.4118,1.399,,702931.8734,
688268.SH,20260408,12.3046,26.9181,,1144045.4583,
600742.SH,20260408,1.2578,2.2042,,743800.9379,
300642.SZ,20260408,2.4861,2.914,,279413.2065,
688591.SH,20260408,3.3125,3.3136,,916751.3851,
600399.SH,20260408,1.9025,2.7574,,1177343.7,
600015.SH,20260408,0.4114,1.2418,,11808876.9233,
002238.SZ,20260408,0.9522,2.7725,,611550.0799,
605183.SH,20260408,0.6499,2.0101,,809308.6002,
001400.SZ,20260408,20.3785,20.3785,,1037880.0,
688038.SH,20260408,3.4482,6.005,,262654.7638,
603128.SH,20260408,1.0535,1.9439,,738302.2226,
688163.SH,20260408,2.6806,6.5378,,315461.3,
300920.SZ,20260408,1.6394,2.1142,,399600.0,
600536.SH,20260408,1.6124,2.537,,3488626.6778,
600268.SH,20260408,4.8662,10.5864,,1490282.4313,
300588.SZ,20260408,1.8563,2.5475,,471018.7338,
600009.SH,20260408,0.5165,1.0287,,6989671.3294,
920419.BJ,20260408,0.6268,1.1509,,140496.704,
603028.SH,20260408,1.7463,2.4665,,249437.76,
688691.SH,20260408,9.3466,9.3466,,1194720.0,
603112.SH,20260408,2.401,5.8732,,958971.4482,
002421.SZ,20260408,3.1284,3.6617,,578918.7874,
600736.SH,20260408,1.0652,1.8952,,704591.2591,
688311.SH,20260408,2.3026,3.5379,,661451.6707,
601007.SH,20260408,5.3359,9.4448,,328770.0,
600059.SH,20260408,0.8228,1.3382,,819476.6293,
000932.SZ,20260408,1.1909,2.3593,,3515388.4991,
002841.SZ,20260408,0.9964,1.4353,,2343487.707,
688475.SH,20260408,0.5538,2.8686,,2161687.5,
300987.SZ,20260408,3.1409,5.7098,,304260.84,
688138.SH,20260408,1.1181,2.7648,,870736.8,
688018.SH,20260408,2.4355,3.9966,,2523859.451,
603920.SH,20260408,3.2341,6.302,,3896963.2503,
601377.SH,20260408,1.4134,1.9968,,5121140.4653,
300916.SZ,20260408,2.7834,4.4186,,437114.1892,
300039.SZ,20260408,2.0378,2.9315,,635968.0,
003026.SZ,20260408,10.021,12.8819,,476479.444,
688351.SH,20260408,1.3357,4.4888,,1157676.0,
301099.SZ,20260408,14.1902,18.4384,,736115.5348,
300132.SZ,20260408,2.4935,2.75,,453041.437,
605166.SH,20260408,2.4852,3.6535,,338022.9628,
003037.SZ,20260408,0.6263,1.8966,,433130.9922,
688386.SH,20260408,2.7216,3.9612,,837014.0741,
603111.SH,20260408,0.874,1.1737,,582732.7343,
002984.SZ,20260408,2.6167,3.377,,1882894.3063,
600372.SH,20260408,0.8099,1.8103,,6387343.5516,
301098.SZ,20260408,3.9797,4.2511,,160391.8249,
603120.SH,20260408,3.9712,3.9712,,355543.2,
301469.SZ,20260408,4.7091,9.4173,,299758.0,
688012.SH,20260408,2.5253,3.3611,,19892010.2581,
600971.SH,20260408,1.7959,3.9874,,859203.4969,
300992.SZ,20260408,8.6741,13.057,,295575.5481,
002192.SZ,20260408,11.4062,15.434,,1861208.4951,
688373.SH,20260408,1.6288,2.4485,,419986.1632,
300736.SZ,20260408,12.7109,16.8519,,260730.1523,
688212.SH,20260408,0.6371,0.8872,,502570.713,
002022.SZ,20260408,1.674,2.0576,,308096.0507,
300236.SZ,20260408,4.5813,6.1185,,2538702.7376,
300909.SZ,20260408,2.7065,4.1433,,681513.5373,
600622.SH,20260408,1.1511,2.0107,,385419.1483,
603588.SH,20260408,6.8775,8.3847,,2635195.6106,
002432.SZ,20260408,8.4967,12.9969,,4072722.9446,
688050.SH,20260408,0.7151,0.9821,,1016333.6846,
300592.SZ,20260408,3.0831,5.1503,,533352.7776,
600684.SH,20260408,2.4747,3.5916,,528703.5073,
920378.BJ,20260408,0.6561,1.0355,,139506.822,
002815.SZ,20260408,5.0744,6.2253,,1800626.7817,
688068.SH,20260408,3.6081,5.1776,,1150505.5354,
002862.SZ,20260408,3.5137,4.2438,,284592.0,
300408.SZ,20260408,1.5825,2.4433,,11190428.1493,
600819.SH,20260408,1.0711,2.8644,,697404.5501,
300580.SZ,20260408,4.334,10.1179,,1247267.418,
603086.SH,20260408,2.7591,4.2019,,334371.307,
300103.SZ,20260408,2.6239,3.4884,,227402.316,
603982.SH,20260408,1.9403,3.2475,,284800.6161,
600820.SH,20260408,0.7761,1.2909,,1949339.5783,
301169.SZ,20260408,2.0522,5.2917,,406812.9068,
000690.SZ,20260408,4.3843,5.3848,,1029194.9587,
000733.SZ,20260408,2.1702,3.1457,,2556937.7546,
600551.SH,20260408,0.7505,1.9796,,549902.7988,
002020.SZ,20260408,2.0206,2.6876,,1396589.2651,
300757.SZ,20260408,6.402,9.5814,,7966078.2996,
603011.SH,20260408,5.2905,8.1422,,1061507.7962,
300484.SZ,20260408,1.745,1.8948,,354250.269,
920183.BJ,20260408,6.0878,6.0878,,186605.024,
605198.SH,20260408,0.9435,5.4594,,1358474.22,
605050.SH,20260408,2.3877,6.5623,,641663.5937,
300166.SZ,20260408,24.1626,25.8062,,1927896.5514,
600571.SH,20260408,2.4452,3.0535,,637923.4467,
002091.SZ,20260408,1.7125,3.0259,,1507264.5252,
920914.BJ,20260408,1.5588,2.6876,,229274.596,
300321.SZ,20260408,1.4055,2.945,,302630.4,
002861.SZ,20260408,3.7959,4.5471,,290230.4128,
300668.SZ,20260408,8.2108,13.2644,,560254.4445,
920058.BJ,20260408,4.6064,9.0506,,166486.6467,
920634.BJ,20260408,2.778,5.9016,,130949.0615,
688710.SH,20260408,1.7484,2.4365,,944140.4817,
301305.SZ,20260408,7.0579,7.0715,,612237.1818,
001260.SZ,20260408,1.5715,5.692,,243800.0,
603273.SH,20260408,2.9061,2.9061,,397765.6704,
688158.SH,20260408,15.8798,17.9547,,2098090.7624,
600241.SH,20260408,4.5997,8.955,,280469.9156,
601766.SH,20260408,0.493,1.2312,,18051585.5114,
688420.SH,20260408,2.0364,2.0364,,219306.4,
300960.SZ,20260408,2.3919,8.4735,,339877.3555,
688048.SH,20260408,8.4085,12.7946,,4207449.6795,
601169.SH,20260408,0.4645,0.6713,,11544069.4125,
001358.SZ,20260408,1.9523,2.1269,,336828.8,
001896.SZ,20260408,7.7974,20.4389,,1998773.5423,
603787.SH,20260408,7.2063,20.4487,,303789.8028,
300380.SZ,20260408,2.682,4.4045,,493119.8961,
002409.SZ,20260408,3.6634,4.3859,,3983514.6649,
301538.SZ,20260408,3.418,3.9648,,639587.2,
600558.SH,20260408,2.4125,3.6208,,498170.6812,
002208.SZ,20260408,4.1763,10.276,,956720.6458,
002254.SZ,20260408,1.979,3.105,,915337.0714,
601068.SH,20260408,1.3167,11.3892,,1855446.3218,
301057.SZ,20260408,1.9935,2.924,,381203.3984,
300120.SZ,20260408,1.6937,1.8281,,434241.8103,
603880.SH,20260408,2.2737,4.3101,,197126.644,
603595.SH,20260408,1.2632,2.4998,,352382.5662,
300218.SZ,20260408,2.0884,3.3036,,343490.421,
920119.BJ,20260408,4.3876,4.3876,,624803.862,
000560.SZ,20260408,4.3129,5.8267,,690161.7493,
301555.SZ,20260408,4.5643,5.5902,,316567.0477,
688619.SH,20260408,2.0377,4.3276,,281124.0717,
300182.SZ,20260408,10.6104,11.3922,,1587640.0767,
603956.SH,20260408,1.2246,2.1804,,331685.4585,
688287.SH,20260408,8.5015,17.2436,,64840.23,
001222.SZ,20260408,1.2544,1.7611,,375480.63,
300338.SZ,20260408,2.2863,2.5368,,149776.3854,
002222.SZ,20260408,12.3615,15.1988,,3813257.25,
002240.SZ,20260408,5.2868,7.1281,,3619071.9699,
603055.SH,20260408,1.5995,5.3873,,852010.6393,
600285.SH,20260408,1.4503,1.8482,,1257862.1479,
002062.SZ,20260408,1.8671,2.9441,,930427.7085,
600854.SH,20260408,1.6431,2.4234,,265443.3129,
688308.SH,20260408,7.7022,11.9242,,1443325.7257,
000626.SZ,20260408,1.9087,4.6728,,405808.1181,
603042.SH,20260408,29.8237,38.7225,,358436.5229,
688377.SH,20260408,1.8201,2.8389,,718231.6442,
002017.SZ,20260408,2.4136,4.3285,,1134163.9502,
000525.SZ,20260408,1.9046,2.4213,,777985.649,
300351.SZ,20260408,3.071,4.1895,,609414.9686,
001331.SZ,20260408,5.2651,21.3969,,1648846.08,
300083.SZ,20260408,2.178,2.303,,1275284.7432,
300854.SZ,20260408,6.9406,11.0575,,304609.275,
600560.SH,20260408,1.2644,2.3043,,335468.25,
301180.SZ,20260408,5.9102,13.5317,,782819.57,
000903.SZ,20260408,1.4857,2.2462,,503059.5466,
301235.SZ,20260408,6.2305,8.4107,,521424.2648,
002547.SZ,20260408,6.8475,9.3509,,365490.5224,
601965.SH,20260408,0.7419,1.9828,,1768385.7658,
603729.SH,20260408,3.3801,4.8168,,160354.684,
000995.SZ,20260408,8.8264,13.0488,,236662.272,
002357.SZ,20260408,6.0233,8.5925,,375873.3542,
603701.SH,20260408,4.3463,8.5493,,634848.0575,
300864.SZ,20260408,1.4903,5.2585,,331770.345,
600403.SH,20260408,0.8198,5.2882,,1377107.9436,
601966.SH,20260408,0.7654,1.6833,,2085491.3233,
603444.SH,20260408,2.6055,4.4122,,2679640.7928,
000035.SZ,20260408,2.5045,4.0451,,1652518.6761,
600197.SH,20260408,0.6301,1.1115,,572541.4076,
603580.SH,20260408,0.8437,2.5861,,219138.9564,
600516.SH,20260408,1.2966,2.1022,,2290777.1394,
300436.SZ,20260408,10.1758,16.1551,,1861512.696,
603557.SH,20260408,1.9,2.8253,,228801.3379,
603861.SH,20260408,3.1881,7.0048,,916194.8837,
920471.BJ,20260408,3.6514,6.0848,,107411.2,
601222.SH,20260408,1.2068,1.9904,,1225800.6478,
301596.SZ,20260408,4.201,4.9933,,542009.0672,
600261.SH,20260408,1.3818,2.5904,,493969.5974,
688182.SH,20260408,1.0393,3.5097,,1148000.0,
000629.SZ,20260408,1.1269,2.5294,,3177504.163,
300433.SZ,20260408,2.1859,5.7869,,15820386.3874,
000813.SZ,20260408,1.501,2.5278,,750763.7833,
603004.SH,20260408,5.9962,5.9962,,541460.48,
600722.SH,20260408,18.1262,41.2351,,1009594.3992,
000600.SZ,20260408,2.5444,4.5051,,1626517.4072,
600322.SH,20260408,1.4314,1.8807,,256522.4,
920274.BJ,20260408,1.3714,4.46,,175761.3348,
688289.SH,20260408,0.8909,1.6967,,1070129.6471,
300823.SZ,20260408,4.4893,6.013,,221360.8086,
600586.SH,20260408,2.8303,4.1799,,762527.6826,
301592.SZ,20260408,3.5087,3.5087,,805560.0,
300545.SZ,20260408,9.665,11.2493,,615546.3069,
920593.BJ,20260408,1.3398,2.5966,,491175.6358,
603980.SH,20260408,2.9826,4.603,,440618.5174,
002342.SZ,20260408,13.5887,18.7887,,1360320.0,
000830.SZ,20260408,3.1284,6.1256,,3176404.1103,
003030.SZ,20260408,1.9793,2.9943,,259417.62,
000156.SZ,20260408,0.8761,1.6711,,1415640.3857,
688657.SH,20260408,2.9073,3.3896,,308572.2965,
300098.SZ,20260408,3.9425,4.1551,,952304.6867,
002181.SZ,20260408,4.3408,13.3084,,1508214.568,
000927.SZ,20260408,3.2747,10.3147,,1893760.6896,
603657.SH,20260408,1.7495,5.3722,,371367.0674,
603612.SH,20260408,3.0976,4.1748,,1307026.1004,
603779.SH,20260408,2.489,3.7303,,210540.466,
300576.SZ,20260408,3.4929,4.1014,,1287415.648,
600697.SH,20260408,2.5507,3.4069,,191542.0423,
300179.SZ,20260408,16.8191,21.5955,,1156508.6773,
301207.SZ,20260408,1.2957,5.4944,,1220686.8525,
002629.SZ,20260408,5.5024,6.8121,,283355.17,
688557.SH,20260408,1.9395,3.5765,,328574.848,
002545.SZ,20260408,1.6497,3.6591,,2810336.2455,
688629.SH,20260408,13.4987,13.4987,,5835247.2548,
002992.SZ,20260408,1.2701,2.3178,,920983.0894,
000422.SZ,20260408,5.1468,7.7555,,1744485.878,
300466.SZ,20260408,1.2678,2.0833,,470195.2592,
600173.SH,20260408,1.3377,3.34,,476344.2459,
688484.SH,20260408,1.3439,1.8938,,1564391.8759,
300892.SZ,20260408,1.9394,3.2414,,280300.0,
603321.SH,20260408,1.5967,3.5804,,260969.3228,
600303.SH,20260408,3.263,3.8822,,218753.3475,
600326.SH,20260408,1.6008,2.0805,,1303878.4528,
001373.SZ,20260408,4.2159,4.9154,,248165.7263,
920029.BJ,20260408,1.4507,1.4507,,1188869.8695,
301337.SZ,20260408,4.549,5.3332,,292906.2,
300390.SZ,20260408,5.7861,7.0637,,4736940.9932,
301100.SZ,20260408,1.7335,3.0336,,379200.0,
300706.SZ,20260408,12.3054,17.3305,,544833.5274,
300069.SZ,20260408,20.0348,35.2824,,275535.0,
600730.SH,20260408,2.7112,3.3901,,541483.4898,
301520.SZ,20260408,4.7063,4.7063,,293333.3348,
300604.SZ,20260408,5.1747,5.7603,,8279797.3313,
920675.BJ,20260408,3.7431,5.9608,,173196.984,
301127.SZ,20260408,2.4232,4.3822,,1154015.9155,
601298.SH,20260408,0.2757,2.2446,,5731641.3,
601117.SH,20260408,2.9966,5.2871,,5563172.8736,
688209.SH,20260408,1.3679,3.5801,,901403.2538,
000722.SZ,20260408,7.4937,15.461,,604798.2414,
300710.SZ,20260408,3.7869,3.9707,,290014.2245,
600734.SH,20260408,3.6905,5.0497,,853894.8176,
301618.SZ,20260408,1.572,1.6582,,438268.6479,
603607.SH,20260408,1.3754,2.6959,,395771.7456,
300144.SZ,20260408,1.276,1.945,,2073497.4686,
000402.SZ,20260408,0.523,1.0668,,765166.0562,
605162.SH,20260408,15.3615,60.5852,,620116.4114,
301322.SZ,20260408,2.5876,3.4187,,442937.4975,
603392.SH,20260408,0.2957,1.1174,,5066421.9656,
600362.SH,20260408,2.4389,5.8192,,15803897.0044,
603041.SH,20260408,2.3183,3.9211,,237908.8519,
002835.SZ,20260408,1.6335,2.1486,,348995.3503,
920770.BJ,20260408,3.4222,3.9251,,201835.0034,
688080.SH,20260408,2.7141,3.7611,,400026.4529,
688077.SH,20260408,2.1783,3.5835,,334162.7532,
688178.SH,20260408,3.3593,6.953,,263153.325,
688396.SH,20260408,3.547,10.4873,,6660976.5602,
002531.SZ,20260408,3.3017,6.6796,,1989144.6744,
603022.SH,20260408,2.4079,4.0313,,210600.0,
300009.SZ,20260408,2.1774,2.4565,,1657950.1423,
603079.SH,20260408,1.7234,3.2517,,322862.5978,
300681.SZ,20260408,5.8946,6.2172,,722596.6577,
002560.SZ,20260408,43.5508,47.9005,,712375.7624,
300299.SZ,20260408,2.9433,4.137,,426605.4525,
002879.SZ,20260408,3.408,3.8914,,400505.2454,
920267.BJ,20260408,1.4761,2.0395,,97216.8202,
603352.SH,20260408,5.6008,5.6008,,856346.6679,
920057.BJ,20260408,1.2085,1.3606,,111476.9277,
300399.SZ,20260408,3.4654,6.3006,,424049.6,
920076.BJ,20260408,4.552,4.552,,172287.0515,
688201.SH,20260408,2.1135,3.6133,,446869.7267,
603387.SH,20260408,7.173,12.7955,,513746.5127,
300767.SZ,20260408,2.0129,2.7147,,521084.8788,
300758.SZ,20260408,5.6371,9.2517,,562753.0411,
000528.SZ,20260408,2.7771,3.7524,,1987879.5119,
300133.SZ,20260408,5.3857,6.7684,,1431309.4036,
300956.SZ,20260408,1.6766,3.2784,,321848.924,
600348.SH,20260408,1.5648,3.5183,,3351367.5,
002471.SZ,20260408,18.1747,21.8633,,1233252.76,
300193.SZ,20260408,1.6876,1.9975,,412908.5809,
300783.SZ,20260408,1.734,2.0848,,753532.7324,
300700.SZ,20260408,4.0309,4.0974,,563780.9287,
600873.SH,20260408,2.0911,3.123,,3185618.5144,
002932.SZ,20260408,6.1786,7.6291,,385984.7886,
002597.SZ,20260408,1.8796,3.386,,1352601.3096,
920751.BJ,20260408,0.8693,1.383,,181370.2,
601869.SH,20260408,5.3843,20.3191,,29978443.9607,
920091.BJ,20260408,8.5714,8.5714,,370512.2256,
600777.SH,20260408,0.7236,2.8865,,3563459.8123,
600759.SH,20260408,14.1042,16.0764,,2198974.9184,
603059.SH,20260408,1.4831,5.2759,,330777.5691,
600096.SH,20260408,3.2652,5.2969,,6085143.0601,
300323.SZ,20260408,7.9554,12.0476,,1626244.7946,
688499.SH,20260408,2.2809,3.5293,,807365.9204,
601963.SH,20260408,1.0063,2.433,,3665633.0984,
301459.SZ,20260408,3.077,3.077,,401181.3725,
002454.SZ,20260408,5.6721,10.1177,,616009.968,
603949.SH,20260408,4.7942,15.9419,,387123.3289,
300513.SZ,20260408,1.7562,1.7713,,274166.0695,
600258.SH,20260408,2.0135,3.5917,,1725151.8297,
300848.SZ,20260408,1.5486,2.8201,,652956.5188,
300972.SZ,20260408,0.655,1.2759,,3821085.3654,
600446.SH,20260408,2.1035,2.7904,,1238708.0024,
300197.SZ,20260408,1.6228,2.5003,,512996.5678,
300401.SZ,20260408,2.5136,3.5962,,782906.4158,
002532.SZ,20260408,2.5089,3.5152,,8674253.9157,
002807.SZ,20260408,1.6207,1.7199,,1127317.8974,
601688.SH,20260408,1.5378,2.1436,,16528187.5922,
300251.SZ,20260408,3.9088,7.9191,,4576397.9539,
300454.SZ,20260408,5.1223,6.14,,4604735.1169,
688229.SH,20260408,6.9809,13.472,,402130.8,
000056.SZ,20260408,5.0729,6.3444,,227045.4182,
920145.BJ,20260408,1.9082,3.0888,,107377.1,
600309.SH,20260408,1.2219,2.101,,27059796.7351,
300106.SZ,20260408,2.8018,4.8157,,211120.9777,
600271.SH,20260408,0.9613,1.8146,,1582363.4809,
600095.SH,20260408,0.9949,3.2257,,2713369.1681,
301083.SZ,20260408,3.494,5.2812,,311266.6673,
603075.SH,20260408,4.3369,4.3369,,903977.0673,
002033.SZ,20260408,3.1389,5.7308,,508828.3984,
688195.SH,20260408,8.0571,12.3441,,4384965.0,
002856.SZ,20260408,3.5504,5.5319,,155609.7292,
002600.SZ,20260408,1.6387,3.8556,,9741604.2299,
600754.SH,20260408,1.611,3.4422,,3010160.5074,
002789.SZ,20260408,1.6304,3.4236,,191548.2168,
688072.SH,20260408,2.4174,3.8301,,10713577.3064,
688327.SH,20260408,3.8019,3.8019,,1391655.0168,
300139.SZ,20260408,26.1943,27.7607,,1679620.0,
600171.SH,20260408,1.9378,2.5884,,1948830.1599,
601579.SH,20260408,2.7364,6.6161,,868308.2337,
600476.SH,20260408,2.5644,4.2272,,174438.81,
300492.SZ,20260408,0.9126,2.6265,,1153141.0431,
600352.SH,20260408,2.0715,2.7644,,4444051.3208,
688230.SH,20260408,0.944,3.7758,,758520.0,
600706.SH,20260408,2.118,3.1633,,246897.8719,
300260.SZ,20260408,3.3625,5.3764,,1970930.0324,
301517.SZ,20260408,4.1547,6.7702,,847080.5654,
301193.SZ,20260408,1.7694,4.019,,452814.6304,
300101.SZ,20260408,2.9357,4.1524,,1189194.5358,
000669.SZ,20260408,3.3454,4.2191,,349730.1217,
605389.SH,20260408,0.6394,2.5668,,1048953.8696,
600477.SH,20260408,2.5568,4.1903,,761946.8048,
000928.SZ,20260408,6.318,12.3048,,1038682.7056,
002969.SZ,20260408,5.5893,11.3238,,2546313.0558,
688337.SH,20260408,4.2344,10.7202,,1027146.6613,
688091.SH,20260408,2.89,5.3327,,1222652.0306,
002662.SZ,20260408,1.5755,2.7176,,606000.0,
600482.SH,20260408,2.5743,5.122,,7938862.288,
603713.SH,20260408,1.6429,3.1018,,978493.7126,
301210.SZ,20260408,3.1939,3.1939,,443557.4726,
300798.SZ,20260408,6.8463,8.7631,,463707.5572,
688538.SH,20260408,1.2767,1.6427,,3231408.4043,
002888.SZ,20260408,3.209,4.7438,,275650.2502,
301173.SZ,20260408,1.7445,1.7445,,376811.1719,
000791.SZ,20260408,2.5721,6.3349,,2387466.0501,
002625.SZ,20260408,1.1057,1.5359,,8439520.6555,
600373.SH,20260408,0.8822,2.0084,,1174896.803,
300507.SZ,20260408,1.9736,3.0598,,681350.5179,
605338.SH,20260408,0.8063,2.2943,,636768.1876,
603489.SH,20260408,1.2397,4.6226,,744912.0833,
600448.SH,20260408,3.2639,4.0114,,206580.8491,
688253.SH,20260408,0.7965,1.5735,,494239.4121,
603377.SH,20260408,1.0268,1.6161,,258982.9034,
002487.SZ,20260408,4.2193,6.9575,,4566923.0882,
300263.SZ,20260408,3.6901,4.2994,,1023621.2327,
603421.SH,20260408,6.9748,14.047,,575884.2212,
688006.SH,20260408,1.4666,4.2092,,1700544.4522,
603258.SH,20260408,3.3201,6.2607,,444623.6841,
300146.SZ,20260408,1.3182,1.5665,,1879453.1814,
920505.BJ,20260408,4.7589,9.6051,,253892.2952,
601801.SH,20260408,0.6955,3.1646,,1258949.7854,
920221.BJ,20260408,1.09,1.816,,164776.8,
300879.SZ,20260408,3.0629,5.9013,,512676.244,
603190.SH,20260408,2.9337,2.9768,,314588.04,
688711.SH,20260408,2.1493,2.6125,,586857.6483,
920833.BJ,20260408,2.0633,3.5602,,127822.72,
601991.SH,20260408,1.3444,4.9619,,7106576.8335,
002129.SZ,20260408,2.245,3.2041,,3485165.7963,
300645.SZ,20260408,2.9648,4.212,,247833.7622,
600572.SH,20260408,1.812,2.6622,,1126381.4426,
300386.SZ,20260408,2.4029,2.9595,,608672.064,
600233.SH,20260408,0.4923,1.0259,,6814610.1109,
603319.SH,20260408,2.323,3.0368,,1091044.5141,
603110.SH,20260408,4.963,6.1154,,326590.986,
600667.SH,20260408,6.7692,10.1819,,1984873.5269,
920278.BJ,20260408,2.7782,3.0851,,138727.5,
688416.SH,20260408,4.438,6.8278,,641633.976,
002218.SZ,20260408,10.4423,16.9534,,847796.6897,
603178.SH,20260408,0.6718,1.7217,,365729.1799,
920493.BJ,20260408,6.7927,8.7949,,901313.4685,
600731.SH,20260408,1.9451,2.5675,,395589.6305,
603600.SH,20260408,1.1475,2.3769,,345963.529,
301273.SZ,20260408,3.2414,5.955,,221014.9283,
002771.SZ,20260408,10.0244,10.237,,353242.7444,
920427.BJ,20260408,3.2646,5.5167,,124848.045,
301525.SZ,20260408,3.3659,3.775,,683194.4474,
000410.SZ,20260408,0.9166,1.3103,,1777527.989,
300234.SZ,20260408,3.4892,4.1146,,309450.2204,
603400.SH,20260408,9.3266,9.3266,,700000.0,
300599.SZ,20260408,3.1729,3.6259,,346313.2253,
000554.SZ,20260408,12.4708,12.4708,,389923.3809,
002038.SZ,20260408,23.1462,31.0983,,809551.8,
000158.SZ,20260408,2.378,3.6142,,2848734.9968,
002122.SZ,20260408,0.9266,1.3901,,588441.1691,
300223.SZ,20260408,6.016,7.2566,,5439199.0297,
301183.SZ,20260408,25.0185,31.5008,,1531700.4228,
600177.SH,20260408,0.6168,1.4481,,3476828.3103,
002160.SZ,20260408,4.4685,7.5867,,530849.5198,
301439.SZ,20260408,2.389,3.8367,,620228.2835,
002817.SZ,20260408,2.736,4.5699,,243465.9104,
603876.SH,20260408,3.3124,6.0426,,2098285.367,
603611.SH,20260408,1.2729,1.9739,,527824.0208,
688053.SH,20260408,0.813,1.8788,,367100.0,
601229.SH,20260408,0.2784,0.4304,,13825374.3817,
603160.SH,20260408,1.6623,2.9867,,3160752.0748,
301217.SZ,20260408,7.8768,28.5134,,3496787.5646,
300419.SZ,20260408,1.6212,1.9074,,267356.9908,
301073.SZ,20260408,2.4957,6.1425,,547768.5966,
603991.SH,20260408,3.5699,4.8902,,1635368.2844,
000803.SZ,20260408,2.797,4.0614,,414070.9839,
688105.SH,20260408,0.3568,1.0929,,793082.6807,
920101.BJ,20260408,2.4759,2.4759,,312107.7572,
601868.SH,20260408,2.569,6.8675,,12962373.6902,
600779.SH,20260408,0.4945,1.3464,,1611685.5726,
301687.SZ,20260408,8.6818,8.6818,,782050.8,
601456.SH,20260408,0.6867,1.0678,,5260228.9384,
002664.SZ,20260408,2.1246,4.3511,,841708.4,
603301.SH,20260408,1.916,4.23,,2383707.1673,
300377.SZ,20260408,6.3465,7.4704,,1393110.7134,
301590.SZ,20260408,7.4235,7.4235,,735761.5275,
603533.SH,20260408,7.0789,12.1986,,1152543.0887,
300298.SZ,20260408,0.8215,1.2711,,909313.9788,
001220.SZ,20260408,7.062,7.062,,375343.43,
600452.SH,20260408,2.7269,4.6731,,1776242.152,
688516.SH,20260408,8.8936,16.1041,,2439078.6406,
920821.BJ,20260408,3.7705,6.9979,,302182.3874,
600206.SH,20260408,3.9791,5.9467,,1804005.1505,
000559.SZ,20260408,1.8677,5.1547,,5201797.3986,
002981.SZ,20260408,1.5349,4.0242,,331341.5372,
301053.SZ,20260408,13.2914,33.4834,,459825.29,
603093.SH,20260408,2.6015,11.2987,,1278985.7593,
600269.SH,20260408,0.8943,1.9599,,1062610.1914,
300875.SZ,20260408,11.851,21.0362,,427791.908,
300557.SZ,20260408,3.3849,6.4597,,412280.3319,
300691.SZ,20260408,2.6063,3.4702,,442854.2688,
300563.SZ,20260408,4.5539,5.2244,,585204.658,
301357.SZ,20260408,14.3344,14.3344,,1098608.0,
002725.SZ,20260408,5.0213,7.1383,,410880.0,
000010.SZ,20260408,2.5471,3.0542,,444915.437,
603218.SH,20260408,1.2987,3.1921,,1436295.7025,
301312.SZ,20260408,20.2483,32.617,,1460832.2777,
600036.SH,20260408,0.3245,0.6324,,99921028.2712,
603790.SH,20260408,1.7097,4.3897,,435726.72,
600853.SH,20260408,1.9966,3.5696,,406492.1144,
002596.SZ,20260408,2.4952,3.4673,,431490.2748,
603658.SH,20260408,0.4751,1.6418,,1997129.5642,
002912.SZ,20260408,2.5092,3.767,,477934.848,
002227.SZ,20260408,1.4705,3.1641,,225999.227,
300822.SZ,20260408,0.6496,2.0525,,440823.723,
601188.SH,20260408,1.5424,3.1093,,437332.4215,
300983.SZ,20260408,0.7853,1.6979,,506304.0,
301122.SZ,20260408,1.6728,2.8597,,353289.9516,
002010.SZ,20260408,0.9312,2.2656,,1625250.1739,
601611.SH,20260408,2.1189,6.3727,,4243478.5705,
600693.SH,20260408,2.7011,6.01,,992494.5667,
601811.SH,20260408,1.5495,10.6529,,1786601.768,
300534.SZ,20260408,3.4077,5.4652,,293941.305,
300525.SZ,20260408,2.9895,3.1496,,800926.8728,
300763.SZ,20260408,7.647,11.5143,,3598844.593,
000088.SZ,20260408,1.0938,2.4977,,2417759.7559,
300548.SZ,20260408,12.4382,15.3972,,6017769.5332,
001336.SZ,20260408,5.2811,7.8222,,217410.3175,
002072.SZ,20260408,2.877,5.5422,,288261.12,
000155.SZ,20260408,6.4391,10.6362,,3070177.9527,
600327.SH,20260408,1.3741,2.4851,,351257.4686,
600859.SH,20260408,1.1585,1.7335,,1385807.4458,
601718.SH,20260408,0.924,1.8839,,1343209.4069,
002311.SZ,20260408,0.4695,1.038,,8470151.0973,
688001.SH,20260408,3.0233,15.3033,,1731732.4283,
600266.SH,20260408,1.3544,2.4856,,1050326.2145,
688750.SH,20260408,1.4933,2.1529,,843137.5,
603655.SH,20260408,2.2748,7.03,,417004.0,
603267.SH,20260408,2.6336,4.1873,,1155173.3791,
603008.SH,20260408,11.0511,17.3649,,454472.8648,
920118.BJ,20260408,1.1021,1.3059,,108306.688,
301359.SZ,20260408,5.5374,9.6121,,257657.344,
603153.SH,20260408,0.365,1.5641,,659056.6584,
002555.SZ,20260408,3.0891,3.5128,,5074873.2402,
300830.SZ,20260408,8.216,9.9452,,501772.8699,
002811.SZ,20260408,1.511,3.2149,,426538.4569,
301499.SZ,20260408,4.2795,4.2795,,422368.6156,
002667.SZ,20260408,5.9812,7.5911,,648872.835,
002523.SZ,20260408,1.2627,1.8576,,582239.3688,
600272.SH,20260408,6.1599,10.3105,,345649.9596,
600969.SH,20260408,2.0726,3.26,,357468.7675,
300439.SZ,20260408,1.5863,2.0889,,382397.2209,
600022.SH,20260408,1.2012,2.9083,,1647622.8313,
688146.SH,20260408,16.3605,16.3605,,2883705.884,
300240.SZ,20260408,1.8109,3.0855,,267153.7611,
301683.SZ,20260408,40.5671,40.5671,,730382.9808,
301329.SZ,20260408,5.0967,5.0967,,395715.0,
300405.SZ,20260408,3.8081,4.551,,180007.9007,
002393.SZ,20260408,2.7734,5.8283,,615632.5548,
920826.BJ,20260408,3.2058,3.3846,,142904.5828,
300724.SZ,20260408,6.0127,6.3743,,3759812.2048,
001288.SZ,20260408,6.3257,11.1126,,675753.0369,
603214.SH,20260408,3.8367,5.9334,,224296.3183,
688677.SH,20260408,8.7555,13.2643,,846811.128,
300780.SZ,20260408,16.6681,18.9097,,342034.44,
300365.SZ,20260408,6.3257,6.7097,,364712.1252,
300948.SZ,20260408,1.7976,2.7565,,313372.0465,
920454.BJ,20260408,2.3778,3.8522,,147770.6,
605299.SH,20260408,15.9085,52.6903,,886384.6488,
300663.SZ,20260408,3.0816,3.2618,,644474.0856,
688597.SH,20260408,1.5861,2.1693,,303126.369,
301489.SZ,20260408,12.0874,12.5736,,1472142.9954,
920022.BJ,20260408,2.4311,2.4311,,158704.551,
600035.SH,20260408,0.8363,1.8167,,621504.7378,
300293.SZ,20260408,4.1585,8.234,,632540.8201,
002970.SZ,20260408,4.0299,5.8805,,1202987.099,
600183.SH,20260408,2.869,5.5907,,14326945.2185,
688216.SH,20260408,1.9286,4.1982,,330106.7192,
600470.SH,20260408,10.463,14.043,,366684.8,
603248.SH,20260408,34.0002,34.0002,,1426000.0,
301368.SZ,20260408,2.7801,2.7801,,636289.8,
600847.SH,20260408,2.1814,3.9781,,200193.3444,
300414.SZ,20260408,2.7014,4.7292,,463273.6612,
000415.SZ,20260408,2.2956,3.506,,2863433.3536,
000429.SZ,20260408,0.6248,1.6356,,2690867.4842,
601952.SH,20260408,1.7637,5.4848,,1386268.0,
300192.SZ,20260408,3.3748,4.891,,642816.9215,
300693.SZ,20260408,6.5003,6.8311,,1443239.9273,
301292.SZ,20260408,21.4222,21.4222,,1820018.7105,
301303.SZ,20260408,3.0992,3.1039,,623828.8,
002158.SZ,20260408,1.0148,2.6335,,1234143.3128,
688356.SH,20260408,1.758,3.0774,,608205.2196,
002637.SZ,20260408,6.4101,10.1616,,572478.017,
601005.SH,20260408,1.1985,1.881,,1265802.2187,
920171.BJ,20260408,12.0732,20.1638,,211391.8926,
688443.SH,20260408,6.1286,6.1286,,1066305.44,
301390.SZ,20260408,3.8108,4.3048,,233760.0,
300029.SZ,20260408,1.7969,2.0601,,93235.5225,
002910.SZ,20260408,2.8713,5.109,,212746.8095,
603357.SH,20260408,0.8252,1.5791,,455749.84,
688233.SH,20260408,3.8773,6.6996,,1280017.9118,
600563.SH,20260408,3.6402,6.3403,,2724300.0,
688016.SH,20260408,1.5059,2.5231,,1281926.0168,
603630.SH,20260408,1.2285,2.9802,,367533.8746,
300709.SZ,20260408,6.5176,7.4071,,780963.8302,
600981.SH,20260408,0.9802,3.0077,,701881.5891,
300888.SZ,20260408,0.6654,2.2108,,1944981.5587,
600176.SH,20260408,2.5897,4.9216,,10948578.9511,
600637.SH,20260408,1.5896,2.9821,,3267766.6221,
300857.SZ,20260408,4.8384,7.7033,,7990197.9524,
600032.SH,20260408,2.3211,10.0256,,2209896.6228,
300138.SZ,20260408,2.2704,2.5281,,586966.613,
300868.SZ,20260408,5.1805,7.1062,,692476.224,
688078.SH,20260408,1.0891,2.0742,,183690.36,
920017.BJ,20260408,2.0893,3.6689,,217582.664,
920627.BJ,20260408,2.4633,3.9614,,181816.25,
301395.SZ,20260408,4.5556,4.5556,,386132.1964,
002230.SZ,20260408,2.3938,2.8054,,11076061.339,
300984.SZ,20260408,3.8684,5.953,,710000.9553,
002387.SZ,20260408,1.2944,2.1601,,1117436.8344,
603918.SH,20260408,2.5968,3.4556,,510055.2138,
001229.SZ,20260408,3.1933,5.7206,,370874.43,
002540.SZ,20260408,1.3766,1.954,,850777.5766,
600594.SH,20260408,17.8736,23.3394,,364286.604,
603993.SH,20260408,2.5292,6.2192,,40948709.6769,
301037.SZ,20260408,3.1873,5.4772,,208547.529,
600060.SH,20260408,1.0643,2.0399,,2934882.5992,
603156.SH,20260408,0.964,2.3825,,4024066.2682,
601598.SH,20260408,0.7694,3.847,,4462073.2632,
300275.SZ,20260408,1.7994,1.8807,,347121.7116,
920608.BJ,20260408,0.5779,0.7609,,104998.88,
301630.SZ,20260408,46.7607,46.7607,,918000.0,
301500.SZ,20260408,24.9845,24.9845,,1382401.9274,
300598.SZ,20260408,2.1996,2.9956,,829955.1593,
600577.SH,20260408,3.4117,4.0309,,2706076.3036,
688798.SH,20260408,1.7969,2.2387,,1593434.2271,
920260.BJ,20260408,2.601,6.0461,,107174.25,
601003.SH,20260408,0.7026,4.1355,,1240718.4541,
601001.SH,20260408,2.1274,5.0004,,2699678.1,
300832.SZ,20260408,0.5679,1.1199,,3763592.9802,
600400.SH,20260408,1.1412,3.0618,,485770.8326,
688213.SH,20260408,4.7331,5.1675,,3871398.0958,
301393.SZ,20260408,3.8884,3.8884,,552636.0,
600111.SH,20260408,2.893,4.6684,,18689890.4031,
688410.SH,20260408,1.6266,2.9829,,520309.8126,
300621.SZ,20260408,2.782,4.5715,,174975.6847,
300919.SZ,20260408,2.0648,4.6355,,5263381.9829,
301125.SZ,20260408,2.0244,3.8479,,288477.3672,
600776.SH,20260408,2.4336,5.6692,,1970664.1004,
600231.SH,20260408,1.2564,4.1771,,602653.4315,
301102.SZ,20260408,0.9445,3.778,,449442.0,
600155.SH,20260408,1.7124,1.9133,,1412240.1003,
600110.SH,20260408,19.9206,28.4028,,1703947.6752,
300266.SZ,20260408,1.602,2.7145,,399328.4797,
000705.SZ,20260408,3.209,3.6087,,303383.9437,
603439.SH,20260408,0.7168,1.4257,,459637.5628,
300204.SZ,20260408,13.2484,20.8182,,1451950.7946,
000517.SZ,20260408,0.9248,3.1311,,624048.8071,
002546.SZ,20260408,3.2162,5.2086,,762320.8737,
002940.SZ,20260408,13.8853,23.5605,,664089.1883,
000039.SZ,20260408,3.3246,4.3072,,6287678.7689,
002508.SZ,20260408,0.7568,1.5942,,1976812.2123,
603020.SH,20260408,1.5074,2.2842,,433058.6846,
688809.SH,20260408,10.1892,10.1892,,4413826.2324,
300515.SZ,20260408,1.1609,2.2897,,378382.5255,
688562.SH,20260408,2.6595,2.6595,,766400.0,
301338.SZ,20260408,9.0058,14.6385,,2061287.2,
000911.SZ,20260408,1.6101,3.441,,253402.4448,
601555.SH,20260408,1.6478,2.2991,,4173710.3831,
002980.SZ,20260408,22.588,36.1895,,1001174.5318,
600425.SH,20260408,1.4547,2.3883,,665952.0384,
002606.SZ,20260408,6.208,8.6162,,522497.1318,
920703.BJ,20260408,0.6935,1.0719,,207094.776,
002543.SZ,20260408,1.3015,3.5649,,648419.2,
002642.SZ,20260408,1.8377,2.3272,,532572.152,
688123.SH,20260408,7.1529,9.377,,1785297.3763,
688777.SH,20260408,2.6532,3.43,,5419648.26,
920078.BJ,20260408,20.5527,20.5527,,303960.0,
301339.SZ,20260408,0.8739,2.963,,769521.9823,
603808.SH,20260408,1.8666,4.2125,,381272.943,
688280.SH,20260408,4.0818,4.8948,,602616.322,
920160.BJ,20260408,3.7393,3.7393,,258278.4,
600048.SH,20260408,0.9367,1.5803,,6823152.7483,
000881.SZ,20260408,1.4807,2.5261,,731759.5808,
300335.SZ,20260408,8.8936,9.768,,334862.6964,
300811.SZ,20260408,4.6102,7.0642,,2346802.6998,
603262.SH,20260408,3.1521,3.1521,,1015625.39,
603578.SH,20260408,1.4842,3.4208,,298661.2797,
000838.SZ,20260408,2.5929,3.8947,,242101.6774,
603052.SH,20260408,5.0586,15.3066,,1209494.8042,
920168.BJ,20260408,4.3564,4.3564,,163502.145,
300748.SZ,20260408,3.3868,5.8412,,4466538.4474,
001326.SZ,20260408,4.6699,5.373,,401794.8,
688698.SH,20260408,2.3169,5.4116,,1483819.8921,
603363.SH,20260408,2.474,3.817,,1048993.6159,
300007.SZ,20260408,3.6229,4.0262,,1436831.3762,
000595.SZ,20260408,0.9069,1.7033,,712798.8851,
300856.SZ,20260408,1.048,2.6432,,601268.6499,
603283.SH,20260408,3.8636,6.2194,,1209165.0131,
603381.SH,20260408,6.0074,8.2631,,547350.3441,
002340.SZ,20260408,2.9244,3.197,,4097976.8061,
688330.SH,20260408,2.3146,4.5104,,690200.0,
002927.SZ,20260408,2.3316,4.7919,,392148.6603,
301392.SZ,20260408,20.3559,20.3559,,1367200.0,
002014.SZ,20260408,0.4865,1.1501,,725190.3693,
300902.SZ,20260408,2.8796,4.3881,,327609.6709,
001213.SZ,20260408,0.4739,2.7551,,1831111.1109,
002851.SZ,20260408,3.8024,4.3824,,5960327.973,
300447.SZ,20260408,5.7459,7.3469,,605882.1275,
002761.SZ,20260408,1.3799,2.4263,,1122166.3333,
600072.SH,20260408,1.6054,2.2315,,1815786.1479,
002343.SZ,20260408,2.4845,3.3978,,310734.2676,
002334.SZ,20260408,3.9861,4.0819,,682051.9574,
600745.SH,20260408,1.884,2.6224,,3957995.2616,
000777.SZ,20260408,2.3651,3.2509,,866523.7602,
920651.BJ,20260408,11.7444,11.7444,,178608.0,
600740.SH,20260408,2.1555,5.007,,1106836.3385,
000811.SZ,20260408,3.0609,4.8537,,1829136.9264,
603500.SH,20260408,1.2143,2.5852,,374056.2365,
600354.SH,20260408,5.6039,7.8439,,337793.3312,
605006.SH,20260408,7.5731,23.4852,,576046.439,
300512.SZ,20260408,0.7784,2.1057,,376498.385,
300191.SZ,20260408,9.7855,12.6438,,1177920.0,
300807.SZ,20260408,3.0174,4.5848,,357207.8318,
300582.SZ,20260408,4.7192,5.2155,,403024.2588,
600895.SH,20260408,1.9645,3.8336,,5612450.9292,
688110.SH,20260408,3.874,5.9119,,5078353.9711,
002005.SZ,20260408,0.4719,0.7381,,485421.6857,
002151.SZ,20260408,4.4608,4.8213,,2078805.8859,
300393.SZ,20260408,6.497,8.0756,,1109240.6504,
300675.SZ,20260408,1.6103,2.8181,,222640.0506,
002859.SZ,20260408,1.5977,3.4282,,1831419.0772,
000557.SZ,20260408,0.6681,1.2782,,694186.3739,
688500.SH,20260408,2.0735,3.1337,,385293.2651,
002255.SZ,20260408,3.2451,3.4132,,894858.8962,
002059.SZ,20260408,2.4088,5.4838,,525453.6679,
301006.SZ,20260408,3.9002,6.1121,,248057.68,
002793.SZ,20260408,1.945,3.1365,,551407.3624,
688025.SH,20260408,6.2097,9.5542,,2476892.914,
920252.BJ,20260408,3.6745,6.1314,,279825.7128,
002830.SZ,20260408,3.4648,5.1772,,286547.66,
601515.SH,20260408,3.2773,6.518,,877558.626,
002696.SZ,20260408,2.2108,3.9909,,243146.3079,
002900.SZ,20260408,5.4141,9.1388,,381839.9419,
002741.SZ,20260408,2.1863,3.1736,,818439.2656,
603656.SH,20260408,1.3809,2.4437,,381258.1261,
600844.SH,20260408,17.6744,24.7741,,400510.5506,
600033.SH,20260408,1.1983,2.7179,,1042872.0,
688398.SH,20260408,0.989,1.8653,,406613.8187,
300498.SZ,20260408,0.7331,0.8118,,11205213.6237,
601168.SH,20260408,3.3949,4.9154,,6600910.0,
301388.SZ,20260408,6.7106,8.2566,,327627.4248,
688133.SH,20260408,2.3309,3.247,,347784.2064,
002648.SZ,20260408,2.2938,4.6272,,9385046.8923,
920576.BJ,20260408,4.8083,18.799,,831288.5,
603151.SH,20260408,1.6996,3.6458,,285415.8168,
002785.SZ,20260408,2.9072,3.5205,,911011.1739,
300209.SZ,20260408,10.2144,10.9671,,1085575.6313,
600037.SH,20260408,1.2949,2.0883,,1056359.414,
920262.BJ,20260408,1.6765,2.8638,,138919.5119,
002247.SZ,20260408,5.0242,6.28,,245901.4442,
600186.SH,20260408,6.9224,8.5993,,1367879.4211,
300737.SZ,20260408,2.6026,4.0315,,695952.1581,
600708.SH,20260408,1.061,2.2363,,762193.7661,
003012.SZ,20260408,0.621,1.485,,736996.9976,
002941.SZ,20260408,3.447,5.7951,,1181467.1475,
000063.SZ,20260408,2.4252,3.1831,,16283152.7553,
600918.SH,20260408,0.6943,0.9856,,4846024.6896,
600520.SH,20260408,2.0093,2.5806,,374845.38,
600483.SH,20260408,1.0189,2.9493,,2913584.4144,
688480.SH,20260408,6.042,13.4993,,846496.4695,
920701.BJ,20260408,0.8336,2.2784,,215129.6,
301533.SZ,20260408,3.1691,3.2197,,319595.0817,
600528.SH,20260408,2.3259,5.3647,,1848330.9212,
600903.SH,20260408,0.8002,2.3547,,732555.9929,
301298.SZ,20260408,2.1515,2.6649,,237816.0,
605056.SH,20260408,3.4534,9.3023,,1091032.878,
001337.SZ,20260408,4.755,11.8121,,2155440.0,
300284.SZ,20260408,1.1865,2.1584,,848620.2641,
603677.SH,20260408,0.8212,3.1311,,305272.371,
002567.SZ,20260408,1.4984,1.6884,,591850.2253,
601618.SH,20260408,0.7075,1.9632,,6258532.9893,
002203.SZ,20260408,1.5766,2.6277,,3460550.4637,
300398.SZ,20260408,6.7262,8.5109,,1569874.7201,
301020.SZ,20260408,0.7385,2.3093,,315052.8,
002331.SZ,20260408,2.0143,2.6073,,362881.6914,
688318.SH,20260408,2.1578,6.9647,,2916176.3082,
603869.SH,20260408,0.3006,0.8247,,495104.8212,
000807.SZ,20260408,2.4663,4.2598,,12054619.9398,
603135.SH,20260408,1.3037,1.8387,,672312.5048,
600438.SH,20260408,1.2179,2.2239,,7383264.2642,
603012.SH,20260408,3.6991,4.7574,,540474.0,
002488.SZ,20260408,2.1954,3.0834,,1189549.6827,
002345.SZ,20260408,2.5237,4.0124,,957816.6981,
300087.SZ,20260408,1.703,2.9634,,781548.6946,
688620.SH,20260408,2.3756,2.3756,,427280.0,
300328.SZ,20260408,10.2115,14.019,,1217907.2304,
688151.SH,20260408,0.9692,3.2685,,717938.0,
603768.SH,20260408,0.9132,2.0878,,265320.7806,
002155.SZ,20260408,6.0698,9.3473,,5011422.7704,
300027.SZ,20260408,4.8997,4.9423,,432822.9234,
688215.SH,20260408,1.6905,4.0522,,471295.681,
600800.SH,20260408,4.5864,7.388,,518391.1159,
600716.SH,20260408,0.9913,2.0705,,410930.599,
002701.SZ,20260408,0.8058,1.2127,,1323396.1625,
300979.SZ,20260408,0.1181,0.7612,,5249166.0,
600489.SH,20260408,2.3652,4.3668,,13766367.6818,
920014.BJ,20260408,7.7124,11.8745,,154514.3501,
003027.SZ,20260408,2.4761,3.5354,,280531.9872,
600377.SH,20260408,0.298,2.4082,,5853862.595,
603163.SH,20260408,3.0591,11.1988,,1024700.0,
000739.SZ,20260408,0.7539,1.4293,,2097941.3161,
002314.SZ,20260408,2.1392,3.3503,,676945.6283,
301353.SZ,20260408,2.9423,2.9423,,274318.4097,
600744.SH,20260408,4.0769,9.0879,,1507094.2113,
002276.SZ,20260408,2.283,3.0731,,1444826.8123,
688352.SH,20260408,3.1297,3.1297,,1505321.2066,
605077.SH,20260408,2.7845,4.4643,,453362.791,
002517.SZ,20260408,3.5019,3.9235,,4159654.9766,
301220.SZ,20260408,3.2514,3.8032,,451196.1308,
301212.SZ,20260408,1.4591,5.0663,,301752.0,
300042.SZ,20260408,17.2433,22.9574,,930256.8,
688450.SH,20260408,4.4447,6.4838,,242286.0,
601136.SH,20260408,0.5019,2.8492,,4493600.7672,
002773.SZ,20260408,1.842,3.9804,,2632213.9656,
600329.SH,20260408,0.6583,1.5476,,3199742.0492,
920541.BJ,20260408,1.3766,2.089,,167320.8,
600336.SH,20260408,1.2469,2.0324,,569782.5451,
603150.SH,20260408,3.4236,5.6491,,455538.907,
920547.BJ,20260408,1.1323,1.7813,,176041.008,
601199.SH,20260408,1.2272,3.4811,,529329.0253,
001279.SZ,20260408,1.962,1.962,,501120.0,
002126.SZ,20260408,3.8525,4.0888,,3750502.4232,
301479.SZ,20260408,12.8451,15.1707,,896770.5566,
920735.BJ,20260408,2.5104,3.6658,,379517.2277,
600366.SH,20260408,2.333,3.5307,,1356216.6569,
600350.SH,20260408,0.2029,1.5342,,5013449.9455,
688320.SH,20260408,2.0527,2.9209,,468897.4391,
688819.SH,20260408,0.4048,2.2346,,3169046.0,
688170.SH,20260408,7.2631,10.2557,,561038.08,
600601.SH,20260408,2.4983,4.0117,,4436145.1167,
603778.SH,20260408,22.2514,30.5978,,2114114.9104,
603927.SH,20260408,1.2376,1.8599,,1410274.88,
920111.BJ,20260408,1.7847,2.8359,,366319.7745,
603107.SH,20260408,0.9705,1.4653,,486774.405,
000006.SZ,20260408,1.963,3.1154,,1162345.7346,
600635.SH,20260408,2.3882,3.2639,,1620886.6366,
000797.SZ,20260408,1.7116,3.7942,,450806.4603,
002251.SZ,20260408,1.9459,2.5277,,1150763.4669,
605005.SH,20260408,0.7394,4.7253,,785960.0,
002842.SZ,20260408,16.6946,20.1346,,1107478.6485,
301408.SZ,20260408,20.4848,27.2776,,805220.13,
600390.SH,20260408,0.8281,1.5645,,2437951.4788,
688617.SH,20260408,0.8537,1.5037,,3730244.7961,
603369.SH,20260408,0.7839,1.4517,,3326462.4987,
300657.SZ,20260408,7.3988,9.0195,,1439145.0533,
603409.SH,20260408,6.2386,6.2386,,491138.91,
301682.SZ,20260408,24.4491,24.4491,,1371076.7582,
600992.SH,20260408,1.7046,2.227,,300480.34,
300012.SZ,20260408,1.7907,1.8968,,2500682.726,
601601.SH,20260408,0.7513,1.6958,,38385162.4055,
002539.SZ,20260408,2.0616,2.4161,,1696851.8856,
300261.SZ,20260408,1.7311,2.6683,,629041.0846,
920982.BJ,20260408,2.1603,2.7132,,2007660.0523,
001332.SZ,20260408,5.1267,8.8673,,618523.02,
002886.SZ,20260408,3.003,4.0612,,565624.4612,
605566.SH,20260408,2.8967,6.6076,,406020.3,
300219.SZ,20260408,3.2021,4.9794,,528125.8555,
002338.SZ,20260408,1.8946,3.233,,1200720.0,
301396.SZ,20260408,23.7892,24.0583,,2936023.0864,
000783.SZ,20260408,1.1433,1.9895,,3948472.0849,
600193.SH,20260408,1.2307,1.4437,,150156.669,
600690.SH,20260408,0.9215,1.5937,,19852441.9691,
002029.SZ,20260408,3.1677,5.3618,,724059.1725,
301197.SZ,20260408,2.1335,2.9526,,261571.8,
300821.SZ,20260408,13.0345,27.2493,,1688400.0,
920425.BJ,20260408,2.2301,3.3305,,138893.761,
300457.SZ,20260408,2.3155,3.9695,,1737468.1996,
920339.BJ,20260408,0.5351,1.4781,,189375.268,
688291.SH,20260408,2.6989,8.2302,,421652.1369,
920809.BJ,20260408,3.0315,3.0315,,445693.2,
000960.SZ,20260408,4.034,7.1767,,5503969.8794,
300651.SZ,20260408,33.7054,43.2531,,469098.5835,
601872.SH,20260408,3.3096,10.5164,,16278269.62,
002526.SZ,20260408,2.1753,2.7607,,634674.6056,
300442.SZ,20260408,3.5756,8.8053,,14204079.9929,
688278.SH,20260408,0.5439,1.3799,,2643435.0725,
920414.BJ,20260408,5.4972,6.2649,,99764.9619,
000686.SZ,20260408,0.9089,1.5836,,1928533.202,
000893.SZ,20260408,1.6577,2.4606,,5778092.0723,
600208.SH,20260408,1.1349,2.6286,,2833477.2864,
000036.SZ,20260408,2.0816,2.9686,,683659.7191,
600872.SH,20260408,1.5029,1.9544,,1508750.8839,
601008.SH,20260408,0.9577,2.3222,,620319.003,
603383.SH,20260408,2.4373,4.1852,,604430.5706,
300565.SZ,20260408,17.051,17.6039,,374307.2134,
920375.BJ,20260408,8.2406,9.6056,,155157.6978,
688277.SH,20260408,3.2533,4.6058,,1138156.1169,
600615.SH,20260408,1.3572,1.9399,,260145.1753,
002482.SZ,20260408,1.2602,2.6903,,637663.6017,
688232.SH,20260408,0.7752,2.1453,,719629.7141,
601689.SH,20260408,1.9884,4.7794,,10355762.2212,
300705.SZ,20260408,2.3359,3.2174,,719918.9303,
002624.SZ,20260408,4.76,6.4683,,3922616.1129,
000987.SZ,20260408,1.2665,4.9567,,4239476.9304,
002265.SZ,20260408,1.9624,8.9409,,2348100.8451,
603901.SH,20260408,2.0196,4.0625,,653535.136,
001366.SZ,20260408,2.276,6.5681,,226398.12,
601608.SH,20260408,0.8299,2.3299,,2903436.8791,
000886.SZ,20260408,1.3243,1.8146,,568576.2725,
601968.SH,20260408,1.1297,2.4422,,672335.7754,
000801.SZ,20260408,1.5081,2.9513,,1414724.0645,
601021.SH,20260408,1.5066,3.4128,,4759592.1029,
000665.SZ,20260408,1.2817,2.1672,,557203.2526,
688545.SH,20260408,4.0193,4.6583,,1771200.0,
688295.SH,20260408,2.1212,12.2367,,4685400.0,
688626.SH,20260408,1.7387,4.6006,,953280.0,
688775.SH,20260408,3.6918,3.6918,,7669927.0,
300900.SZ,20260408,14.8957,15.5861,,1278109.3026,
603798.SH,20260408,2.7159,5.7758,,394932.461,
600862.SH,20260408,1.458,2.628,,3007593.022,
300159.SZ,20260408,0.854,0.9529,,1010159.2565,
000034.SZ,20260408,3.7323,3.9868,,2470770.0948,
600721.SH,20260408,1.6968,2.2498,,430693.3512,
002608.SZ,20260408,0.7492,4.2637,,3105581.5167,
920509.BJ,20260408,2.7006,3.9407,,479314.031,
600641.SH,20260408,9.1692,13.1223,,1962698.5013,
600993.SH,20260408,0.7218,1.1025,,1109101.6615,
601139.SH,20260408,1.1887,4.8611,,2059748.061,
300410.SZ,20260408,3.0831,3.9591,,306173.7407,
300301.SZ,20260408,4.5919,4.9643,,277176.1688,
300285.SZ,20260408,5.6693,5.9393,,3212489.6194,
300458.SZ,20260408,3.6804,4.2353,,2933568.9156,
605090.SH,20260408,2.6621,5.1722,,2772566.5903,
688683.SH,20260408,2.3257,5.203,,575119.146,
600283.SH,20260408,1.1097,2.6498,,514837.2564,
600063.SH,20260408,4.1005,6.1418,,1481480.2175,
002961.SZ,20260408,2.1242,7.2049,,1059746.0881,
002670.SZ,20260408,1.1894,3.3282,,2817483.2548,
920146.BJ,20260408,2.0541,2.7026,,94763.291,
688076.SH,20260408,0.9903,1.5788,,949419.8986,
300519.SZ,20260408,2.4098,3.6759,,250560.0,
300468.SZ,20260408,8.9306,11.2118,,1649257.9467,
300123.SZ,20260408,2.4567,2.8263,,653973.8387,
920924.BJ,20260408,4.8571,5.9921,,218133.7845,
300188.SZ,20260408,1.411,2.3996,,1086379.3198,
603118.SH,20260408,11.0832,19.3535,,1099037.8628,
300781.SZ,20260408,7.9769,12.7151,,609911.3881,
002999.SZ,20260408,3.0238,4.7162,,243314.4,
603021.SH,20260408,2.6346,4.4514,,229082.8181,
000936.SZ,20260408,1.9675,3.2055,,666281.691,
605287.SH,20260408,5.0671,9.9065,,595420.0,
002593.SZ,20260408,2.5775,3.643,,442121.916,
688589.SH,20260408,2.2241,2.8215,,336726.1762,
000032.SZ,20260408,3.3154,5.9438,,2223778.1391,
600518.SH,20260408,1.3015,1.7444,,2475372.5075,
603036.SH,20260408,1.3709,1.7681,,383377.2125,
920018.BJ,20260408,3.9646,3.9646,,368237.0991,
600178.SH,20260408,0.9926,2.023,,527118.0619,
002474.SZ,20260408,3.764,3.964,,490293.6,
300238.SZ,20260408,3.498,4.7629,,417089.9177,
002162.SZ,20260408,1.9668,4.106,,444215.5661,
920693.BJ,20260408,2.4968,4.0991,,201088.2,
002554.SZ,20260408,6.6789,9.6135,,496143.8668,
688790.SH,20260408,6.5654,6.5654,,1357313.6293,
300726.SZ,20260408,2.6816,4.4982,,1787384.9273,
603124.SH,20260408,3.5496,3.5496,,1664410.1726,
301382.SZ,20260408,6.0193,6.9343,,977302.3361,
301515.SZ,20260408,5.456,6.6164,,233700.0,
600936.SH,20260408,1.2147,1.85,,683449.7318,
301629.SZ,20260408,5.5828,5.5828,,1059163.3959,
003004.SZ,20260408,0.8043,1.6218,,234126.587,
600161.SH,20260408,0.4307,0.8636,,2973966.6548,
002185.SZ,20260408,3.2809,4.2219,,3971842.5032,
002142.SZ,20260408,0.267,0.5349,,20206987.8235,
002098.SZ,20260408,0.8882,2.0985,,327212.0,
002337.SZ,20260408,1.2694,2.0209,,367884.8438,
002295.SZ,20260408,1.5977,2.2837,,275176.368,
600080.SH,20260408,3.2296,4.329,,328477.8508,
601908.SH,20260408,6.2596,11.5855,,1101058.9046,
300074.SZ,20260408,2.9411,3.4676,,235437.4928,
600179.SH,20260408,1.1509,1.972,,1942270.8834,
920123.BJ,20260408,1.7562,2.7899,,144221.22,
300937.SZ,20260408,6.0955,7.3362,,295992.7141,
603960.SH,20260408,6.0646,9.7389,,587847.6918,
603689.SH,20260408,0.9739,2.6494,,430114.836,
603002.SH,20260408,9.0021,19.2029,,1248620.4384,
600584.SH,20260408,3.9885,5.1484,,7511962.3649,
688606.SH,20260408,0.6594,1.3958,,505336.1698,
688621.SH,20260408,2.9368,4.0556,,764736.0,
600535.SH,20260408,0.7439,1.4941,,2131866.6571,
920305.BJ,20260408,5.7384,9.3075,,96105.0668,
301275.SZ,20260408,3.1937,4.7379,,1766054.4,
002779.SZ,20260408,2.2977,3.6298,,1689626.4,
002962.SZ,20260408,2.3368,2.71,,407456.4967,
603065.SH,20260408,1.0991,2.4034,,350256.8902,
300770.SZ,20260408,1.6226,3.0032,,913860.5885,
600925.SH,20260408,0.8202,1.0697,,3168888.8889,
688381.SH,20260408,1.0825,1.368,,554152.5,
002564.SZ,20260408,1.7589,2.4748,,526508.4444,
688159.SH,20260408,3.625,5.1288,,391889.4028,
600889.SH,20260408,1.3087,2.2547,,794617.5167,
000593.SZ,20260408,10.721,16.7418,,653067.0674,
688183.SH,20260408,3.6191,12.4497,,7534636.2032,
300437.SZ,20260408,10.8708,12.9607,,390363.3304,
603356.SH,20260408,2.8949,4.1072,,230411.52,
002869.SZ,20260408,7.4242,9.5636,,417519.3788,
601518.SH,20260408,1.1557,3.6571,,565275.3975,
300308.SZ,20260408,3.5878,4.7003,,76460497.0359,
300425.SZ,20260408,1.1432,1.8321,,336336.8525,
300003.SZ,20260408,1.7238,2.3808,,3085892.9746,
002252.SZ,20260408,0.476,0.8302,,3869945.16,
300946.SZ,20260408,1.4911,2.3742,,708275.412,
000812.SZ,20260408,2.3105,2.7837,,319007.4348,
002612.SZ,20260408,1.858,2.5512,,745078.0115,
301548.SZ,20260408,5.1671,5.4238,,604911.0,
920953.BJ,20260408,3.8101,6.3787,,385885.3619,
300047.SZ,20260408,3.7424,3.8141,,783150.4572,
002802.SZ,20260408,2.8719,5.1392,,241419.5255,
300942.SZ,20260408,1.2659,2.9,,345523.7512,
000157.SZ,20260408,1.5566,2.3379,,7645305.1486,
300305.SZ,20260408,2.5347,3.4266,,238379.2362,
601096.SH,20260408,1.8155,3.6961,,1538214.1756,
688501.SH,20260408,1.3034,2.1714,,304229.474,
688141.SH,20260408,4.1317,6.4695,,2762272.7496,
300203.SZ,20260408,1.392,1.8343,,620604.1008,
603825.SH,20260408,0.6634,1.0503,,207989.3092,
600668.SH,20260408,1.8079,2.156,,450474.5481,
603848.SH,20260408,0.5354,3.1296,,626144.5311,
300290.SZ,20260408,4.0271,5.0348,,936568.481,
603877.SH,20260408,0.388,1.3169,,671753.9981,
920639.BJ,20260408,2.0003,2.5699,,155635.2,
000909.SZ,20260408,1.3294,2.2701,,268318.8322,
688060.SH,20260408,0.9829,3.2064,,277358.8746,
600331.SH,20260408,3.7581,5.4715,,4194860.8,
688281.SH,20260408,1.2701,2.4589,,2044280.0625,
002675.SZ,20260408,4.7544,5.9634,,1175048.8796,
300541.SZ,20260408,4.3084,4.3084,,615393.6681,
688663.SH,20260408,1.9828,3.1897,,817157.2896,
600141.SH,20260408,2.5918,3.882,,4006600.6832,
600280.SH,20260408,1.5377,3.5762,,363323.8017,
688400.SH,20260408,3.3457,5.9151,,2166121.3854,
920037.BJ,20260408,4.6229,4.6229,,671795.0593,
301559.SZ,20260408,3.2491,3.2491,,975600.0,
300271.SZ,20260408,1.7017,2.246,,553688.979,
603728.SH,20260408,1.5464,3.626,,2453394.8025,
600613.SH,20260408,6.4406,11.7777,,347146.5582,
300518.SZ,20260408,3.1699,4.3989,,400219.033,
600018.SH,20260408,0.224,1.8459,,11779660.015,
301557.SZ,20260408,4.3462,4.3462,,451319.974,
600199.SH,20260408,1.1693,1.604,,534131.0211,
000597.SZ,20260408,2.8634,6.4847,,774908.9279,
002857.SZ,20260408,2.6919,3.9387,,284259.584,
002275.SZ,20260408,0.7459,2.7587,,846686.3526,
600869.SH,20260408,6.0661,11.597,,3513235.3969,
002234.SZ,20260408,2.139,2.9519,,295918.2598,
600570.SH,20260408,1.6925,2.1369,,5012486.1025,
600628.SH,20260408,1.8624,3.3404,,473512.7811,
300021.SZ,20260408,1.5927,2.1652,,449841.6864,
603167.SH,20260408,0.9798,1.6378,,436304.3878,
600159.SH,20260408,2.5333,4.8439,,246510.9599,
688618.SH,20260408,6.4703,17.3184,,411322.9568,
301117.SZ,20260408,6.7526,7.5396,,564725.2066,
002805.SZ,20260408,4.8595,6.9799,,478906.8887,
688168.SH,20260408,1.335,2.0409,,544154.2782,
300550.SZ,20260408,1.1,2.1923,,326624.8154,
920792.BJ,20260408,0.8286,1.2856,,186066.96,
002186.SZ,20260408,1.0647,1.8994,,325950.7265,
605020.SH,20260408,1.7866,3.0275,,1248951.7777,
300490.SZ,20260408,6.4573,8.251,,693686.9728,
688176.SH,20260408,3.5565,4.0904,,817916.136,
688686.SH,20260408,1.1782,4.2324,,1166248.4762,
002057.SZ,20260408,1.6828,2.5151,,716189.5207,
002233.SZ,20260408,0.7541,1.2499,,1106049.7785,
688332.SH,20260408,1.9876,5.2964,,1556802.1638,
301376.SZ,20260408,1.8427,2.4596,,639925.6703,
300488.SZ,20260408,3.0013,6.8854,,543258.2843,
301185.SZ,20260408,1.9534,2.7252,,292107.1104,
600029.SH,20260408,1.6919,5.5989,,10963184.5014,
000519.SZ,20260408,1.849,3.1579,,2370135.3874,
002379.SZ,20260408,1.7154,2.227,,37790242.7858,
920009.BJ,20260408,3.4221,3.4221,,360422.73,
300649.SZ,20260408,2.5203,3.1269,,195049.6651,
920132.BJ,20260408,1.7913,2.0617,,111232.632,
688418.SH,20260408,3.9762,5.82,,810269.8999,
605008.SH,20260408,0.4087,2.3363,,806807.0551,
603777.SH,20260408,6.0532,15.4401,,469197.1049,
000596.SZ,20260408,0.5413,1.612,,5656020.0,
600195.SH,20260408,8.3215,16.9823,,847553.0558,
600456.SH,20260408,2.1993,4.3463,,1656454.7277,
300680.SZ,20260408,5.8661,6.4928,,921111.5355,
603213.SH,20260408,0.6331,2.6305,,598430.5687,
301567.SZ,20260408,5.3591,5.3591,,309024.0,
000895.SZ,20260408,0.3205,1.0804,,9621364.1885,
603882.SH,20260408,1.2294,2.0617,,1254503.4087,
000590.SZ,20260408,2.1125,3.7764,,282336.6238,
301380.SZ,20260408,2.1566,3.8397,,347370.4755,
600219.SH,20260408,2.3237,4.3796,,7257699.3853,
000731.SZ,20260408,6.1247,7.0503,,393508.1703,
688046.SH,20260408,3.1063,6.3326,,700690.0,
000818.SZ,20260408,3.0163,4.1372,,1030920.0609,
603155.SH,20260408,1.7654,6.9181,,509995.682,
301327.SZ,20260408,3.4451,12.4771,,1134525.1021,
002080.SZ,20260408,3.1812,8.0007,,7338434.4328,
300715.SZ,20260408,1.6109,2.7564,,506594.2762,
603968.SH,20260408,13.5482,26.2286,,280137.6,
300279.SZ,20260408,3.8418,5.2151,,430896.6507,
301529.SZ,20260408,7.2344,8.5744,,972573.7754,
300619.SZ,20260408,3.3129,4.1042,,707830.6087,
300562.SZ,20260408,3.1939,3.4665,,292505.1145,
300958.SZ,20260408,2.8686,3.0615,,210027.0159,
603888.SH,20260408,2.2957,6.0769,,1385912.1971,
300802.SZ,20260408,2.1764,3.0108,,543441.7018,
000401.SZ,20260408,0.6457,1.788,,1302526.4452,
600191.SH,20260408,0.8039,1.7224,,584827.992,
300355.SZ,20260408,1.9592,2.0967,,596778.0541,
920299.BJ,20260408,6.0218,8.5669,,217613.9015,
300476.SZ,20260408,5.3407,7.7482,,24944668.464,
300416.SZ,20260408,3.4257,4.9089,,905723.6425,
600250.SH,20260408,15.4307,32.5863,,422268.3954,
605358.SH,20260408,2.5633,3.4328,,2353179.2241,
603682.SH,20260408,1.8086,4.3062,,293895.0,
605289.SH,20260408,5.0155,9.9965,,1192651.0575,
301518.SZ,20260408,3.5286,3.5849,,581732.5905,
688298.SH,20260408,0.6402,1.2445,,468921.6,
603505.SH,20260408,1.7382,3.8367,,1515003.8634,
600573.SH,20260408,4.0856,8.1839,,315250.0,
300249.SZ,20260408,12.2196,15.3157,,747067.6378,
000059.SZ,20260408,1.9445,3.6714,,868497.2976,
600830.SH,20260408,0.9514,1.3884,,402984.2766,
688061.SH,20260408,2.9223,2.9223,,354663.55,
600868.SH,20260408,3.8833,4.1818,,685231.6731,
605168.SH,20260408,2.6089,5.6572,,775384.8745,
920971.BJ,20260408,1.87,3.6318,,270181.2531,
002202.SZ,20260408,8.2583,12.1148,,10069512.1344,
600052.SH,20260408,1.1832,1.9373,,338522.0911,
601577.SH,20260408,0.5183,0.8873,,3864713.1576,
301035.SZ,20260408,0.8599,2.6452,,2310745.116,
600125.SH,20260408,2.5861,3.6948,,892976.9618,
002535.SZ,20260408,1.8246,2.8099,,289407.5897,
300533.SZ,20260408,3.8161,4.4338,,681112.0229,
603256.SH,20260408,3.1076,19.2767,,6709317.6626,
600316.SH,20260408,1.7331,3.3428,,2725035.1456,
300502.SZ,20260408,5.3014,5.4531,,49849566.9968,
601888.SH,20260408,1.4896,3.1895,,14542498.7114,
002402.SZ,20260408,4.2149,4.3009,,2874700.4281,
920089.BJ,20260408,1.9041,2.178,,281297.156,
000790.SZ,20260408,4.4513,5.4216,,261962.1329,
603229.SH,20260408,1.2692,2.7251,,838600.1165,
600818.SH,20260408,1.7233,1.9047,,280624.0254,
002317.SZ,20260408,3.6945,4.357,,1614017.9758,
920895.BJ,20260408,1.7933,2.6041,,93321.124,
601137.SH,20260408,3.5672,6.0566,,1796561.4522,
603898.SH,20260408,1.7867,5.4255,,423740.6294,
600666.SH,20260408,7.3111,8.6299,,1788440.8061,
603909.SH,20260408,1.6224,2.8361,,302902.1887,
601066.SH,20260408,0.1953,1.2168,,16785487.5407,
603061.SH,20260408,3.8675,7.0489,,1725000.0,
605086.SH,20260408,0.6604,2.4364,,635622.4,
688223.SH,20260408,1.9633,5.1641,,6808616.3656,
601399.SH,20260408,0.8966,2.762,,3289381.4858,
002820.SZ,20260408,5.0105,7.5905,,212920.3927,
920167.BJ,20260408,2.1288,3.8846,,187265.103,
002198.SZ,20260408,3.5685,4.5927,,397380.211,
601866.SH,20260408,3.7913,10.1896,,3932901.4344,
688599.SH,20260408,1.9762,3.1414,,3818385.3282,
600714.SH,20260408,5.3623,8.2788,,492205.0743,
603665.SH,20260408,1.6156,2.7893,,463999.8442,
603121.SH,20260408,3.6276,7.5351,,663864.6151,
002937.SZ,20260408,3.2674,7.0078,,839140.3738,
300358.SZ,20260408,2.2213,3.2874,,714377.4874,
600369.SH,20260408,0.8254,1.5695,,2817526.2686,
301015.SZ,20260408,3.9303,15.7843,,1308803.9517,
300450.SZ,20260408,4.2685,6.2813,,8523461.3205,
920001.BJ,20260408,2.4032,4.7949,,240625.6155,
603818.SH,20260408,1.7898,3.0877,,238917.2615,
002485.SZ,20260408,0.6006,2.4423,,268192.0,
600480.SH,20260408,1.6677,3.0002,,1191727.3163,
002577.SZ,20260408,0.6173,1.4818,,440399.472,
002281.SZ,20260408,8.913,14.7492,,7926395.9392,
603276.SH,20260408,2.4659,2.4659,,353834.7429,
002556.SZ,20260408,2.4768,3.9807,,582108.6192,
300245.SZ,20260408,12.9818,16.0703,,436221.4557,
002630.SZ,20260408,4.1623,4.1623,,233798.4,
002703.SZ,20260408,7.4961,14.2266,,1600019.9869,
688350.SH,20260408,3.0744,5.2548,,411541.8162,
300876.SZ,20260408,2.8762,4.4312,,281910.7111,
603048.SH,20260408,1.4136,4.9563,,323870.4,
601015.SH,20260408,4.82,12.9431,,857849.0084,
603270.SH,20260408,3.8762,3.8762,,555435.4008,
301071.SZ,20260408,4.9315,6.8991,,1093924.5315,
601666.SH,20260408,1.5825,3.2891,,1965613.6763,
300789.SZ,20260408,2.3084,3.0212,,299637.5857,
301192.SZ,20260408,4.7522,6.8015,,278521.2,
003001.SZ,20260408,1.8343,2.4305,,312781.1624,
603730.SH,20260408,0.9781,5.0895,,2011076.4567,
688707.SH,20260408,1.3296,1.9077,,686799.2768,
300752.SZ,20260408,3.2135,3.8759,,388219.7262,
920873.BJ,20260408,3.1614,3.6521,,114119.9295,
300445.SZ,20260408,3.4159,4.4702,,437180.9668,
000025.SZ,20260408,1.2767,2.7676,,700900.8283,
300017.SZ,20260408,15.3907,17.3622,,4530306.4892,
300867.SZ,20260408,5.0313,6.2513,,555982.1944,
300803.SZ,20260408,4.655,7.7164,,6277807.7649,
002077.SZ,20260408,5.1559,10.1511,,925075.5297,
300256.SZ,20260408,1.6399,3.3532,,791669.2917,
002187.SZ,20260408,1.5105,3.5511,,452777.9329,
002895.SZ,20260408,1.5241,2.8575,,2403024.715,
300306.SZ,20260408,1.826,2.4141,,338350.1427,
600794.SH,20260408,2.1601,3.3772,,452457.3632,
300844.SZ,20260408,0.7262,2.5664,,320365.7946,
300665.SZ,20260408,4.0785,5.022,,173405.0182,
002196.SZ,20260408,5.625,6.413,,707609.2441,
000090.SZ,20260408,1.0223,1.6918,,680150.538,
600429.SH,20260408,1.7015,5.956,,928291.0422,
300077.SZ,20260408,7.4643,7.4643,,1402366.0156,
301509.SZ,20260408,15.896,15.896,,516354.87,
300105.SZ,20260408,1.6257,2.7927,,350753.8056,
603239.SH,20260408,4.8226,11.4919,,693855.36,
603906.SH,20260408,7.1961,12.4393,,1535261.8216,
002765.SZ,20260408,3.1053,4.1079,,672344.0608,
603929.SH,20260408,2.4156,6.0691,,3859682.4,
300374.SZ,20260408,2.6034,5.009,,362966.6094,
002718.SZ,20260408,3.3074,9.0516,,895649.5289,
603350.SH,20260408,1.8049,2.4817,,414835.134,
300835.SZ,20260408,5.4541,6.2731,,1044608.4504,
920575.BJ,20260408,2.4359,2.4369,,232337.38,
300124.SZ,20260408,0.9783,1.2142,,18260256.9879,
603700.SH,20260408,1.7481,2.5135,,272948.0399,
002960.SZ,20260408,2.8426,5.0835,,1071607.2024,
920802.BJ,20260408,2.3463,2.4572,,115877.7138,
300594.SZ,20260408,5.1404,8.366,,276447.2111,
002734.SZ,20260408,7.8446,9.4369,,852228.7666,
002729.SZ,20260408,10.3489,15.3654,,384602.7718,
000045.SZ,20260408,2.7421,5.6209,,635684.9205,
688622.SH,20260408,3.0436,6.5422,,613543.2913,
000899.SZ,20260408,2.2228,7.6638,,1261551.3437,
600719.SH,20260408,2.6119,3.8928,,269463.3336,
688656.SH,20260408,1.2169,3.7411,,895127.8137,
603693.SH,20260408,1.9605,12.3072,,1231128.1903,
600857.SH,20260408,1.6095,2.6371,,269632.5426,
301448.SZ,20260408,1.6088,1.9188,,402291.6,
301000.SZ,20260408,2.5009,6.1835,,726446.0701,
688081.SH,20260408,1.6502,3.3463,,425967.36,
600876.SH,20260408,1.2005,3.1194,,604997.4403,
300990.SZ,20260408,5.6296,8.7057,,1390731.81,
603633.SH,20260408,1.9597,2.9532,,331632.0056,
001323.SZ,20260408,0.2041,0.7652,,1082045.8601,
000404.SZ,20260408,1.4589,2.1067,,497637.125,
002052.SZ,20260408,2.0099,2.7937,,799090.955,
002034.SZ,20260408,0.9973,2.1683,,752966.548,
300814.SZ,20260408,6.2387,16.4337,,1754457.1598,
001280.SZ,20260408,7.4135,7.4135,,17323090.9076,
000065.SZ,20260408,11.9734,22.704,,1879213.4133,
920249.BJ,20260408,9.0386,9.3142,,333930.96,
300824.SZ,20260408,1.0561,2.6607,,337763.6409,
000766.SZ,20260408,4.1017,5.1059,,2078930.1148,
000591.SZ,20260408,2.8056,4.2891,,2112080.6755,
002993.SZ,20260408,3.1473,6.5238,,1338794.0,
603259.SH,20260408,1.87,2.2273,,30953496.726,
000541.SZ,20260408,0.5441,1.0771,,875393.5911,
688152.SH,20260408,1.8888,3.5255,,359186.444,
600222.SH,20260408,4.947,6.4312,,421806.418,
601318.SH,20260408,1.0521,1.1565,,107649931.6603,
300531.SZ,20260408,12.0966,17.7044,,669128.5631,
300696.SZ,20260408,2.8967,5.0903,,829622.9419,
600479.SH,20260408,1.8923,3.1974,,533555.6573,
688218.SH,20260408,3.0477,3.744,,285364.5781,
920122.BJ,20260408,2.11,4.1878,,247393.3337,
603309.SH,20260408,1.62,3.2583,,428175.3702,
002381.SZ,20260408,3.0496,4.0457,,267937.2259,
600983.SH,20260408,0.4813,2.3755,,797862.999,
688759.SH,20260408,6.0356,6.0356,,1830749.1207,
600064.SH,20260408,0.8916,1.3662,,1453485.301,
002355.SZ,20260408,3.9869,4.6695,,429164.802,
920950.BJ,20260408,1.0099,1.7871,,117531.96,
002609.SZ,20260408,2.3617,3.3711,,550783.6479,
000950.SZ,20260408,12.879,28.4989,,1140601.8994,
002242.SZ,20260408,0.759,2.3383,,747756.66,
603217.SH,20260408,2.141,5.681,,534785.132,
600308.SH,20260408,1.1339,1.8831,,593096.2388,
605188.SH,20260408,0.6436,3.6799,,862549.5445,
920005.BJ,20260408,3.6934,3.6934,,319550.0,
000656.SZ,20260408,0.5527,0.9136,,1467503.2652,
002931.SZ,20260408,4.5756,8.893,,1501353.7366,
600391.SH,20260408,4.2187,6.5936,,1342966.265,
300065.SZ,20260408,11.0948,11.4711,,1743960.1497,
600698.SH,20260408,3.0158,5.7923,,798272.3858,
002836.SZ,20260408,1.0168,2.5927,,319564.8,
300673.SZ,20260408,1.5965,2.0804,,379614.4874,
603009.SH,20260408,1.8675,3.1014,,1659207.2139,
600662.SH,20260408,0.8073,2.8482,,1191964.7498,
920069.BJ,20260408,12.9707,12.9707,,185569.398,
002562.SZ,20260408,3.3304,3.9199,,699407.0132,
300459.SZ,20260408,4.0129,4.1106,,1497735.46,
002180.SZ,20260408,0.8677,1.254,,2421459.8059,
300833.SZ,20260408,1.7692,3.8084,,432344.529,
600218.SH,20260408,2.1556,3.2819,,406850.3243,
601106.SH,20260408,1.0903,2.7173,,2989993.3562,
002598.SZ,20260408,0.1401,0.216,,259627.6509,
688197.SH,20260408,2.8746,3.2993,,604692.8486,
688478.SH,20260408,1.7837,2.7348,,422846.7894,
600785.SH,20260408,4.3346,7.4891,,402526.2035,
603123.SH,20260408,18.1439,36.4784,,1064715.9744,
600633.SH,20260408,2.9603,5.7823,,1633279.9199,
003038.SZ,20260408,2.4431,2.9502,,355743.2569,
301301.SZ,20260408,2.7464,2.7464,,2395111.29,
688292.SH,20260408,2.723,4.7897,,391754.9535,
603912.SH,20260408,9.5244,16.6824,,553227.6136,
688276.SH,20260408,0.4032,1.211,,756993.4043,
002901.SZ,20260408,0.3841,1.5134,,1824169.9434,
002544.SZ,20260408,2.1278,3.2993,,1794567.8679,
600359.SH,20260408,4.0554,6.795,,269348.0509,
601949.SH,20260408,0.7198,3.1393,,1222347.4907,
603899.SH,20260408,0.4211,1.1572,,2378866.4838,
000862.SZ,20260408,6.6424,8.7347,,585655.096,
300048.SZ,20260408,2.0535,2.5207,,761600.716,
002976.SZ,20260408,3.7127,5.8686,,412575.0934,
300030.SZ,20260408,2.9779,3.8401,,246731.4774,
920187.BJ,20260408,5.0588,5.0588,,228696.0,
300387.SZ,20260408,4.1407,6.8077,,253213.9478,
603687.SH,20260408,20.2609,40.1649,,954855.3159,
002722.SZ,20260408,1.1883,1.9758,,327776.3427,
301297.SZ,20260408,1.2635,2.8141,,2577374.5899,
002111.SZ,20260408,1.1515,1.6732,,524562.2455,
600229.SH,20260408,0.8208,2.1566,,409638.8261,
920351.BJ,20260408,5.6048,6.3284,,165066.4481,
688099.SH,20260408,2.8187,3.4739,,3472510.4792,
300352.SZ,20260408,5.2693,5.5066,,997478.9719,
600248.SH,20260408,0.4221,1.3203,,1301427.8795,
605066.SH,20260408,1.9161,3.2701,,411371.3519,
301502.SZ,20260408,3.5759,4.8188,,252708.6545,
003018.SZ,20260408,17.7827,23.0952,,803660.0,
301601.SZ,20260408,2.108,2.5412,,325211.2,
603556.SH,20260408,0.9715,2.9767,,1687336.6699,
002727.SZ,20260408,1.7059,2.1473,,755429.3213,
002959.SZ,20260408,1.6945,2.1096,,700627.5149,
688435.SH,20260408,3.6999,4.1869,,373495.5,
001270.SZ,20260408,1.0513,1.992,,2389490.0473,
002159.SZ,20260408,2.8126,4.0984,,338290.9281,
688127.SH,20260408,2.9919,6.0296,,2664718.4005,
603192.SH,20260408,0.9368,3.1165,,408194.6522,
603893.SH,20260408,2.1877,4.5822,,6728756.6918,
688257.SH,20260408,3.0969,4.2053,,1813555.1012,
300340.SZ,20260408,2.791,3.8575,,300862.0688,
000880.SZ,20260408,7.8318,7.8318,,1283469.7403,
603129.SH,20260408,1.0192,1.5903,,3798544.9015,
300469.SZ,20260408,2.7649,3.4052,,1352901.5908,
300532.SZ,20260408,2.7606,4.2555,,525311.3054,
002154.SZ,20260408,1.1766,1.5385,,534116.1448,
600198.SH,20260408,1.2361,2.6095,,1101544.9921,
600556.SH,20260408,4.6125,7.5478,,1133457.7715,
603995.SH,20260408,1.0928,2.1137,,649702.9994,
301617.SZ,20260408,4.3831,5.6901,,752526.84,
300475.SZ,20260408,13.4041,15.9532,,6888677.2954,
920926.BJ,20260408,0.9738,3.3119,,128212.8804,
300253.SZ,20260408,4.151,4.657,,1926113.4821,
000985.SZ,20260408,1.7536,4.8044,,251370.9905,
002137.SZ,20260408,3.819,4.5047,,477596.5143,
603183.SH,20260408,3.0075,3.9338,,229684.802,
000498.SZ,20260408,1.2748,3.2076,,895758.723,
603115.SH,20260408,3.9868,11.3202,,1069155.568,
000555.SZ,20260408,2.9948,4.8822,,1484152.9187,
603986.SH,20260408,11.2799,12.3692,,17945418.3358,
301058.SZ,20260408,1.1448,2.0047,,514323.342,
600587.SH,20260408,1.0818,1.5356,,883274.4633,
688058.SH,20260408,2.2047,4.274,,221442.7085,
000737.SZ,20260408,3.1953,6.5183,,2643746.4118,
605208.SH,20260408,2.1672,4.0174,,445419.0,
300345.SZ,20260408,8.2403,11.0307,,403840.1099,
301168.SZ,20260408,2.4416,4.7196,,518520.0,
688293.SH,20260408,1.2461,2.6014,,606878.1333,
300342.SZ,20260408,16.6371,21.9349,,2507282.1316,
300964.SZ,20260408,20.7928,31.8042,,584445.6706,
688184.SH,20260408,0.7612,0.9351,,162705.6068,
301043.SZ,20260408,1.4339,4.126,,357136.0,
300828.SZ,20260408,8.5715,8.5715,,352315.374,
603316.SH,20260408,3.9991,6.4699,,374726.352,
301571.SZ,20260408,3.7896,4.2299,,1210227.7495,
600468.SH,20260408,4.7225,10.714,,851696.7563,
300217.SZ,20260408,2.6164,3.2855,,771503.9627,
301061.SZ,20260408,0.8356,2.1764,,1599846.0035,
300601.SZ,20260408,1.3547,1.9594,,1596092.6199,
600418.SH,20260408,1.702,2.3716,,10741159.0992,
000030.SZ,20260408,2.0205,7.2887,,870224.2876,
600557.SH,20260408,1.0722,1.8443,,796585.44,
920075.BJ,20260408,2.6224,3.673,,138055.95,
000520.SZ,20260408,1.2823,1.7446,,426087.1346,
002884.SZ,20260408,1.7419,2.5585,,665647.1492,
601012.SH,20260408,2.1896,2.7793,,13125210.4228,
300472.SZ,20260408,3.3084,3.887,,214976.983,
605069.SH,20260408,1.1347,2.9383,,248109.7958,
603678.SH,20260408,3.39,5.6802,,1560809.6829,
300136.SZ,20260408,10.8172,11.4745,,6374342.1871,
300449.SZ,20260408,2.9862,3.8838,,281034.2,
600383.SH,20260408,1.657,2.6566,,1227966.7316,
002636.SZ,20260408,6.9836,20.4246,,2461368.0,
300303.SZ,20260408,14.4907,16.0243,,1374301.3612,
000863.SZ,20260408,2.2241,4.1737,,621047.9686,
301589.SZ,20260408,1.8688,2.003,,1541108.16,
600683.SH,20260408,2.6732,6.0455,,660773.6165,
603859.SH,20260408,3.056,4.1722,,949916.4753,
000728.SZ,20260408,0.6975,1.1887,,3390655.4213,
603375.SH,20260408,2.6299,4.3184,,388674.0013,
920642.BJ,20260408,1.7647,3.2627,,124508.0039,
688244.SH,20260408,1.663,3.842,,292261.5008,
002738.SZ,20260408,3.6149,4.2353,,5610320.8356,
688009.SH,20260408,0.4856,2.086,,5866759.726,
000420.SZ,20260408,5.4844,6.9,,1195010.0147,
920553.BJ,20260408,1.209,1.9562,,129465.1045,
688690.SH,20260408,1.2745,2.1882,,1088684.6064,
603284.SH,20260408,32.127,32.127,,398944.292,
300995.SZ,20260408,2.078,3.6766,,298553.0593,
688533.SH,20260408,0.7857,2.8437,,441010.3606,
301158.SZ,20260408,5.4221,9.9135,,373821.0879,
688333.SH,20260408,2.9714,4.187,,2611547.0965,
688062.SH,20260408,4.383,4.383,,1547650.8,
688003.SH,20260408,4.2464,10.0605,,1342366.014,
605199.SH,20260408,0.7191,2.9157,,269673.2988,
302132.SZ,20260408,1.0147,2.2168,,18180909.7223,
002023.SZ,20260408,1.6943,2.2164,,776421.5263,
603998.SH,20260408,2.9164,4.6747,,483867.6587,
001206.SZ,20260408,2.5711,3.4738,,393823.811,
000792.SZ,20260408,1.7129,2.6165,,19711107.7152,
601865.SH,20260408,1.3771,3.268,,3256603.6545,
603558.SH,20260408,2.3596,4.8386,,470784.6793,
301377.SZ,20260408,5.7812,6.6229,,8651410.0,
688316.SH,20260408,14.0932,18.7288,,349847.9342,
603126.SH,20260408,2.752,5.5775,,482905.5,
920090.BJ,20260408,4.2728,4.2728,,125779.4675,
601878.SH,20260408,0.8086,1.5102,,4390844.7734,
688375.SH,20260408,1.0538,3.7081,,6622917.5688,
920158.BJ,20260408,14.5248,14.5248,,232120.24,
688255.SH,20260408,1.614,2.9314,,312438.6263,
300717.SZ,20260408,2.0578,4.3656,,216958.025,
603196.SH,20260408,2.675,5.4805,,1297512.3766,
600490.SH,20260408,3.6618,4.7761,,1832270.5014,
300302.SZ,20260408,12.9829,15.5525,,1023707.4725,
002694.SZ,20260408,1.6193,2.6997,,231214.6944,
603130.SH,20260408,1.4925,5.7142,,527917.0138,
688057.SH,20260408,0.7085,1.3966,,339480.0,
600310.SH,20260408,11.9225,24.3265,,669829.8,
603587.SH,20260408,0.343,1.5373,,583134.128,
300187.SZ,20260408,1.7559,3.3111,,336369.148,
300774.SZ,20260408,5.0647,7.3797,,730460.6604,
000933.SZ,20260408,3.2442,4.8218,,7678101.0182,
600396.SH,20260408,18.535,41.2755,,1131038.8355,
920008.BJ,20260408,3.0496,3.0496,,162116.25,
300411.SZ,20260408,2.1788,2.3301,,429691.6474,
603330.SH,20260408,1.4011,2.1607,,297246.7969,
601375.SH,20260408,1.1412,1.499,,1889654.0729,
301575.SZ,20260408,4.0934,4.0934,,393915.15,
688082.SH,20260408,0.8994,3.4988,,7250008.1491,
920015.BJ,20260408,5.8285,5.8285,,550400.668,
002462.SZ,20260408,1.8857,2.6372,,429976.2949,
603659.SH,20260408,2.8606,6.1227,,6729657.0894,
300499.SZ,20260408,14.379,14.9776,,1141629.6294,
688026.SH,20260408,1.0783,1.9368,,235110.4152,
301181.SZ,20260408,3.5305,8.2957,,513695.166,
920679.BJ,20260408,0.6394,1.3471,,99748.1,
300943.SZ,20260408,7.4104,8.9873,,584963.4,
688179.SH,20260408,4.8895,8.7843,,615975.4986,
300858.SZ,20260408,7.9997,9.7643,,494580.3365,
002605.SZ,20260408,2.2713,3.6393,,883779.3664,
300887.SZ,20260408,3.1826,4.9234,,559380.6433,
600076.SH,20260408,1.521,2.4999,,486724.6989,
300277.SZ,20260408,4.2977,4.9571,,2840600.7248,
002204.SZ,20260408,2.555,5.7324,,1346164.9123,
300366.SZ,20260408,1.8895,1.9992,,346925.9817,
601390.SH,20260408,0.9705,2.2034,,13157756.2882,
603225.SH,20260408,2.0086,4.4135,,3011101.3351,
300551.SZ,20260408,4.3343,5.3426,,483569.3571,
000890.SZ,20260408,31.4756,52.806,,665752.7972,
920433.BJ,20260408,1.4097,2.5003,,134357.8325,
003015.SZ,20260408,3.638,4.1971,,416821.8672,
301082.SZ,20260408,2.1554,4.2103,,401472.4747,
603307.SH,20260408,0.7651,3.0153,,267746.841,
920729.BJ,20260408,3.8307,3.9121,,228793.95,
688028.SH,20260408,5.2362,8.5127,,1500131.162,
002319.SZ,20260408,6.1791,8.3501,,242778.6391,
603032.SH,20260408,1.45,2.857,,417477.046,
600549.SH,20260408,4.2225,6.7058,,9201647.4475,
600917.SH,20260408,0.5942,1.3192,,842961.4704,
605286.SH,20260408,2.2271,8.0983,,768264.0,
603291.SH,20260408,1.3124,5.908,,507864.7248,
000779.SZ,20260408,1.3753,2.5189,,416952.0184,
301024.SZ,20260408,7.6776,25.4314,,228270.15,
300063.SZ,20260408,22.1686,24.6056,,958019.7905,
002864.SZ,20260408,4.2595,4.8836,,363055.7594,
300055.SZ,20260408,4.9229,5.5145,,960588.5477,
603983.SH,20260408,0.5309,2.7651,,1005307.0,
688517.SH,20260408,6.9405,11.6206,,280466.8668,
300494.SZ,20260408,3.8185,4.129,,583216.4804,
300010.SZ,20260408,3.2994,3.3499,,1295766.1372,
688286.SH,20260408,2.7431,3.3936,,383224.6014,
603179.SH,20260408,1.9227,2.9758,,3434785.3656,
002414.SZ,20260408,1.6352,3.4351,,5744140.0653,
002021.SZ,20260408,2.4352,3.032,,371793.4475,
002755.SZ,20260408,2.5399,8.3907,,1480415.7598,
300278.SZ,20260408,1.4842,2.1162,,670182.2048,
688069.SH,20260408,2.4649,4.6973,,360131.0,
688695.SH,20260408,1.7174,2.1421,,212713.4964,
688601.SH,20260408,6.7385,10.7416,,754026.828,
603315.SH,20260408,2.3431,5.3031,,465492.1816,
688299.SH,20260408,1.9102,2.3668,,511846.7442,
300975.SZ,20260408,13.2129,16.8032,,1377446.236,
300941.SZ,20260408,3.296,3.9405,,419328.0,
920896.BJ,20260408,1.4995,2.5882,,170056.7232,
600426.SH,20260408,2.1688,3.1932,,8153036.7821,
002942.SZ,20260408,1.4749,4.4253,,305013.969,
002040.SZ,20260408,2.1735,6.6668,,513808.1752,
688185.SH,20260408,1.6441,3.6096,,1692250.0369,
300006.SZ,20260408,13.492,21.4169,,636714.4566,
300694.SZ,20260408,2.2571,3.4078,,263523.4365,
002822.SZ,20260408,0.9518,0.9518,,590850.0,
688165.SH,20260408,1.7094,3.5347,,891722.02,
600791.SH,20260408,8.6308,15.784,,568364.4,
301446.SZ,20260408,2.2805,2.2805,,404768.0,
600864.SH,20260408,3.5116,6.4854,,1402304.5305,
688056.SH,20260408,1.1554,2.7173,,242491.5937,
600626.SH,20260408,1.0541,1.9881,,524335.6328,
002930.SZ,20260408,4.9807,10.252,,639571.0256,
688052.SH,20260408,1.8865,2.671,,2551561.6638,
000407.SZ,20260408,2.8202,3.7745,,410999.5344,
000668.SZ,20260408,1.1913,2.016,,213361.2662,
603551.SH,20260408,1.1013,3.9265,,482852.0258,
603617.SH,20260408,1.1403,1.9964,,286901.144,
603601.SH,20260408,23.7455,36.7483,,1628978.2246,
600724.SH,20260408,1.5201,6.6001,,989990.1336,
300993.SZ,20260408,0.8719,1.6959,,383931.4752,
600232.SH,20260408,1.6257,3.2677,,299069.2061,
603083.SH,20260408,13.7674,15.5777,,3933814.9108,
002749.SZ,20260408,0.5648,1.2372,,618857.7959,
001330.SZ,20260408,6.2401,8.7575,,991028.1875,
603035.SH,20260408,1.197,1.7664,,518747.4653,
600649.SH,20260408,1.3223,2.8094,,1086953.3333,
002571.SZ,20260408,2.203,3.1858,,476612.0512,
600184.SH,20260408,8.579,17.4449,,1096693.0948,
300212.SZ,20260408,5.9921,9.2388,,639984.3632,
000078.SZ,20260408,10.4009,19.374,,918262.0167,
603970.SH,20260408,0.9782,2.4274,,343795.3714,
300882.SZ,20260408,3.5963,11.0893,,670855.5847,
300128.SZ,20260408,2.2327,3.0811,,796357.7476,
300491.SZ,20260408,4.315,5.5342,,426007.3863,
002677.SZ,20260408,1.0468,2.2782,,514257.111,
688702.SH,20260408,4.7729,8.9328,,8978590.0,
603717.SH,20260408,2.4424,3.5691,,195848.712,
001202.SZ,20260408,1.2369,2.5466,,284875.107,
603351.SH,20260408,1.0629,2.4447,,350381.0345,
600051.SH,20260408,2.0834,2.9379,,241553.76,
002988.SZ,20260408,1.3842,3.0847,,793026.8239,
600636.SH,20260408,0.6599,1.1391,,341698.0688,
601118.SH,20260408,0.9724,2.7279,,2897172.6186,
603285.SH,20260408,4.1965,4.1965,,501760.0,
000989.SZ,20260408,3.0527,4.6412,,823416.2155,
601179.SH,20260408,4.1359,8.5936,,8206537.6456,
300453.SZ,20260408,2.7483,3.1608,,519995.9379,
300991.SZ,20260408,4.5556,6.1391,,737280.0,
301008.SZ,20260408,15.3945,30.3521,,484563.9658,
002194.SZ,20260408,2.4791,3.1857,,732482.384,
002322.SZ,20260408,1.7867,2.6075,,490904.0637,
300056.SZ,20260408,3.176,3.4894,,340002.5707,
300567.SZ,20260408,4.6735,5.6747,,3586898.4935,
688502.SH,20260408,3.7397,11.093,,1818960.0,
600795.SH,20260408,0.8988,2.0293,,8632439.6357,
300965.SZ,20260408,1.006,3.3012,,324540.0,
300922.SZ,20260408,3.4709,4.1356,,316413.3835,
300614.SZ,20260408,2.556,4.4748,,214830.0692,
001696.SZ,20260408,3.6722,4.6435,,2170971.0403,
000712.SZ,20260408,2.4142,3.3808,,944384.0,
000679.SZ,20260408,1.5335,2.1316,,241282.8,
603290.SH,20260408,2.0535,4.3674,,2430655.6799,
603207.SH,20260408,2.1197,2.1197,,448205.34,
603039.SH,20260408,5.3257,11.2416,,1217738.2863,
601929.SH,20260408,4.5175,6.585,,1074854.7557,
002101.SZ,20260408,1.0703,2.1781,,742108.259,
688633.SH,20260408,0.9681,2.8922,,363737.718,
300269.SZ,20260408,9.2482,10.9983,,418973.8485,
301588.SZ,20260408,5.5104,6.8498,,255327.9356,
601828.SH,20260408,0.3708,1.0364,,1049490.5742,
001228.SZ,20260408,1.6612,2.2367,,326031.0077,
600507.SH,20260408,1.4711,2.6851,,1281506.0911,
601187.SH,20260408,0.6737,1.5007,,2034767.6016,
301172.SZ,20260408,12.7692,16.5111,,500881.92,
600469.SH,20260408,1.5754,3.8437,,598103.3937,
603708.SH,20260408,0.8203,2.7709,,745579.5724,
000419.SZ,20260408,1.2593,2.2622,,323975.2624,
300470.SZ,20260408,1.8895,2.4634,,779648.552,
002654.SZ,20260408,5.2127,6.8495,,1154683.2751,
688573.SH,20260408,3.0044,3.0044,,194726.7409,
603706.SH,20260408,0.6195,1.9879,,368159.996,
600513.SH,20260408,13.728,22.8404,,704220.6181,
300672.SZ,20260408,5.967,8.3816,,3511632.1611,
603979.SH,20260408,2.3853,4.1396,,3887452.4747,
300603.SZ,20260408,17.9919,19.4332,,573096.2188,
600885.SH,20260408,2.0744,2.7956,,4077911.0148,
600071.SH,20260408,2.57,5.0686,,571594.9947,
601599.SH,20260408,1.9963,2.5951,,450290.4718,
603043.SH,20260408,0.5684,1.7702,,883869.831,
301227.SZ,20260408,6.6871,10.5964,,316165.26,
603188.SH,20260408,5.8955,8.3791,,287365.68,
300032.SZ,20260408,7.0129,8.3975,,465035.203,
688755.SH,20260408,1.5894,1.5894,,334752.0,
603978.SH,20260408,3.3975,5.3617,,519080.8812,
002272.SZ,20260408,23.2488,25.1793,,928055.1522,
601668.SH,20260408,0.5544,1.3108,,20784156.3933,
002297.SZ,20260408,3.0101,3.8878,,645889.131,
601163.SH,20260408,0.4202,1.1927,,1140000.0,
688031.SH,20260408,7.8739,11.6332,,1723279.541,
000417.SZ,20260408,1.5932,2.5715,,523302.2982,
688143.SH,20260408,11.005,14.2477,,824841.0368,
003032.SZ,20260408,1.0975,1.5529,,252737.03,
600020.SH,20260408,0.4935,1.5503,,867485.5272,
300782.SZ,20260408,6.7369,8.8778,,4849795.0331,
000636.SZ,20260408,8.8494,13.7329,,2294357.1974,
000826.SZ,20260408,2.3782,3.01,,296473.4756,
920392.BJ,20260408,1.7596,3.2721,,152105.18,
688290.SH,20260408,1.4088,3.0949,,500320.8397,
688288.SH,20260408,5.3027,11.1179,,258018.4248,
605599.SH,20260408,0.8437,2.2646,,1788888.94,
603082.SH,20260408,2.6642,2.6642,,582234.6518,
000683.SZ,20260408,1.9473,2.58,,3322847.4146,
600874.SH,20260408,1.3904,3.3228,,956384.6138,
688372.SH,20260408,5.3923,7.4103,,2556397.9043,
300825.SZ,20260408,1.5522,1.7537,,456703.1211,
600067.SH,20260408,1.3556,2.1199,,549709.1519,
002039.SZ,20260408,3.2244,5.3477,,826042.2994,
920273.BJ,20260408,1.7165,3.1335,,226769.6074,
301186.SZ,20260408,3.9607,11.1334,,482331.921,
688721.SH,20260408,2.0921,2.0921,,529194.0,
920579.BJ,20260408,3.0265,3.0265,,232157.64,
300409.SZ,20260408,4.6259,4.7591,,2022113.5435,
000930.SZ,20260408,3.9534,8.9376,,1249385.7325,
002346.SZ,20260408,0.8791,1.8161,,840318.0166,
600351.SH,20260408,5.3315,6.1727,,467100.0311,
300723.SZ,20260408,6.0061,16.306,,1683458.9389,
002178.SZ,20260408,2.3923,3.272,,450080.6966,
003035.SZ,20260408,2.0101,7.4958,,2874999.9993,
600803.SH,20260408,0.6858,2.5375,,6547585.5013,
605055.SH,20260408,1.4615,5.6247,,446160.0,
603338.SH,20260408,0.977,2.2365,,2517055.3065,
605111.SH,20260408,3.2605,4.2189,,1604429.7063,
301029.SZ,20260408,2.1803,2.9587,,1581067.361,
688611.SH,20260408,0.8148,1.8685,,824469.1,
003022.SZ,20260408,1.8657,7.2038,,2888833.584,
603257.SH,20260408,6.7726,6.7726,,667080.0,
000558.SZ,20260408,1.8985,2.7088,,598199.9123,
300334.SZ,20260408,2.3242,3.8807,,226549.017,
688518.SH,20260408,2.7757,3.2132,,880618.7451,
301016.SZ,20260408,1.2948,4.0546,,484629.6,
600661.SH,20260408,1.2987,2.0429,,281964.0487,
920159.BJ,20260408,12.3836,12.3836,,305368.0,
603466.SH,20260408,4.1515,6.9191,,571025.0266,
300294.SZ,20260408,0.944,1.6219,,964627.8358,
002595.SZ,20260408,0.7115,1.4464,,6644800.0,
688285.SH,20260408,1.3315,5.3245,,329253.6739,
920045.BJ,20260408,11.0839,15.3308,,2532261.5856,
000544.SZ,20260408,0.9462,3.8198,,800215.9646,
000681.SZ,20260408,6.8617,9.3445,,1476116.6577,
600210.SH,20260408,1.6112,2.1986,,1067782.2552,
920363.BJ,20260408,2.1973,3.1283,,154915.35,
600137.SH,20260408,5.3274,12.0523,,218447.9202,
300250.SZ,20260408,4.9076,5.5674,,466828.8621,
600909.SH,20260408,1.5632,2.7408,,2873847.707,
688610.SH,20260408,5.4221,9.5023,,650760.0,
603017.SH,20260408,11.9232,21.2477,,385285.4587,
300194.SZ,20260408,3.0263,3.2672,,508007.1871,
300350.SZ,20260408,2.9034,3.0963,,307420.7166,
000639.SZ,20260408,6.7924,8.4926,,255824.4585,
300152.SZ,20260408,2.8136,2.9889,,168933.6,
600302.SH,20260408,4.623,8.0781,,422131.9609,
300448.SZ,20260408,5.7111,9.3898,,479650.609,
002383.SZ,20260408,1.8309,3.1755,,722591.6577,
603681.SH,20260408,3.9493,5.9532,,374735.1381,
300426.SZ,20260408,2.3758,3.1933,,346794.7637,
688045.SH,20260408,2.6611,5.4639,,321323.8052,
920946.BJ,20260408,1.009,3.6475,,429906.7684,
300787.SZ,20260408,2.5676,3.287,,374865.8919,
002296.SZ,20260408,3.2034,3.3308,,451523.7068,
300406.SZ,20260408,0.7693,1.2436,,711778.6744,
300625.SZ,20260408,1.4784,2.3536,,328213.925,
688448.SH,20260408,1.783,3.6106,,393156.1701,
688595.SH,20260408,2.2824,3.9196,,448563.0904,
600618.SH,20260408,1.9928,7.0808,,1492912.369,
688778.SH,20260408,1.1353,3.2747,,3737742.1607,
605169.SH,20260408,1.51,5.1476,,338607.36,
688366.SH,20260408,0.2264,0.5039,,921993.4081,
000670.SZ,20260408,7.1137,8.378,,644525.3696,
301608.SZ,20260408,2.2247,3.134,,751431.56,
000800.SZ,20260408,0.5551,2.5393,,3326785.9391,
002672.SZ,20260408,1.2438,2.5675,,491838.8319,
605089.SH,20260408,0.7641,2.8991,,344310.0,
000530.SZ,20260408,2.0894,2.9216,,511829.9917,
300950.SZ,20260408,2.2347,2.8791,,333229.036,
002674.SZ,20260408,0.8819,1.7842,,383034.0234,
300777.SZ,20260408,2.4506,3.0028,,1610209.0005,
301519.SZ,20260408,6.1017,7.2631,,236321.8891,
301060.SZ,20260408,1.3814,2.7065,,406925.272,
688432.SH,20260408,1.2453,4.9068,,1817938.9015,
000990.SZ,20260408,7.1735,13.4341,,1220098.4851,
301198.SZ,20260408,1.9232,3.7616,,242346.0,
920718.BJ,20260408,1.0915,1.7988,,119498.7106,
600676.SH,20260408,1.2889,2.402,,795025.0457,
300686.SZ,20260408,26.153,26.1869,,462868.6147,
688055.SH,20260408,1.0457,10.0708,,1413333.3616,
002119.SZ,20260408,15.1984,20.3299,,822997.812,
000652.SZ,20260408,4.2584,6.1722,,622692.1655,
300231.SZ,20260408,8.6246,11.1451,,489168.6739,
688247.SH,20260408,0.8579,2.5945,,442459.84,
605488.SH,20260408,1.9566,4.3755,,1022772.6213,
300412.SZ,20260408,2.8798,3.8162,,263811.0176,
301622.SZ,20260408,3.0935,3.0935,,743587.0783,
301196.SZ,20260408,9.3824,16.584,,1309277.9242,
300026.SZ,20260408,2.748,4.2514,,1099520.6703,
002973.SZ,20260408,1.0265,1.2915,,531674.0757,
688210.SH,20260408,2.2165,3.3223,,729335.8745,
300932.SZ,20260408,5.5645,8.8567,,431820.2933,
688807.SH,20260408,17.2109,17.2109,,2039760.0,
300586.SZ,20260408,3.5001,4.9121,,679923.1126,
688107.SH,20260408,3.1708,9.5868,,1173286.0972,
002767.SZ,20260408,1.8153,3.92,,321750.0,
603863.SH,20260408,5.6763,7.981,,383309.45,
002139.SZ,20260408,1.5326,1.6123,,1526126.0253,
688297.SH,20260408,1.3398,3.4217,,3304125.0,
300503.SZ,20260408,5.4497,7.2919,,1693706.1836,
600552.SH,20260408,6.115,8.6467,,1198706.1485,
603139.SH,20260408,2.9707,5.8719,,269576.12,
301222.SZ,20260408,4.1709,11.1017,,354454.2976,
600930.SH,20260408,5.5562,5.5562,,25654285.7141,
300891.SZ,20260408,2.2166,3.7775,,337206.9581,
601616.SH,20260408,3.6439,5.0981,,416593.5557,
003039.SZ,20260408,0.6244,2.9715,,916397.7953,
002553.SZ,20260408,7.6529,8.9925,,931587.8084,
920284.BJ,20260408,2.3201,2.998,,311213.3657,
603286.SH,20260408,3.2282,5.0561,,728441.7519,
600764.SH,20260408,0.7253,1.9427,,1716169.9672,
300632.SZ,20260408,16.4739,18.231,,484323.2309,
002093.SZ,20260408,1.3532,2.8574,,980297.5,
300198.SZ,20260408,1.5092,1.8959,,265107.9748,
300183.SZ,20260408,1.7526,3.0809,,666619.7664,
003019.SZ,20260408,2.4637,3.5654,,559502.7941,
601928.SH,20260408,0.3933,1.446,,2514361.2,
002269.SZ,20260408,2.9942,4.6545,,429637.5,
603887.SH,20260408,5.5181,6.5076,,980705.9268,
300591.SZ,20260408,2.8002,3.0677,,288839.7292,
300057.SZ,20260408,10.2351,11.4884,,615237.8989,
002769.SZ,20260408,2.1861,2.9118,,387877.4581,
600609.SH,20260408,1.2305,1.7233,,533564.4502,
920717.BJ,20260408,2.4401,2.9782,,103900.08,
600075.SH,20260408,4.4434,7.8184,,1092989.1584,
002377.SZ,20260408,3.6224,4.5351,,305136.2919,
002911.SZ,20260408,0.6442,4.3011,,1835620.6236,
300349.SZ,20260408,2.4765,3.4992,,597032.2509,
300482.SZ,20260408,1.2201,1.9389,,854256.7712,
002557.SZ,20260408,0.7828,1.3652,,1116928.2904,
603406.SH,20260408,3.3968,3.3968,,1380034.5,
300053.SZ,20260408,6.7224,8.1029,,1229983.1801,
001258.SZ,20260408,2.9733,7.6296,,804533.3339,
688758.SH,20260408,0.9607,1.6224,,831262.3117,
920943.BJ,20260408,1.9158,3.0303,,205174.7049,
688331.SH,20260408,7.9584,7.9584,,7986791.907,
920019.BJ,20260408,1.5949,4.7513,,381634.0605,
300569.SZ,20260408,3.5576,4.6014,,680107.6416,
603385.SH,20260408,1.3509,3.3677,,252380.8738,
002812.SZ,20260408,4.581,6.6715,,6770817.2979,
000017.SZ,20260408,1.2407,2.2838,,476226.7887,
600965.SH,20260408,1.182,3.0741,,459291.2358,
301577.SZ,20260408,6.7496,6.7496,,291160.747,
301565.SZ,20260408,2.4313,3.2083,,865621.64,
688559.SH,20260408,3.4577,4.6323,,1315352.7646,
600780.SH,20260408,2.4946,6.0583,,745226.64,
603344.SH,20260408,2.1958,2.1958,,540796.1244,
601166.SH,20260408,0.3076,0.4304,,39743845.9963,
600629.SH,20260408,1.7289,3.5279,,1956202.7365,
600343.SH,20260408,7.7028,13.7024,,2107995.5674,
920436.BJ,20260408,0.9041,2.418,,134155.92,
001296.SZ,20260408,2.1925,2.9109,,371883.4398,
301052.SZ,20260408,6.3696,6.8849,,337451.346,
002294.SZ,20260408,1.2354,2.9656,,7166040.687,
000014.SZ,20260408,3.4547,5.2357,,326762.4024,
002055.SZ,20260408,3.539,3.7771,,351813.1899,
603586.SH,20260408,1.4662,3.6355,,354267.3735,
002054.SZ,20260408,2.8011,3.1298,,419440.4432,
600136.SH,20260408,1.9849,3.1992,,375511.9713,
002987.SZ,20260408,1.4571,3.4614,,1453863.2148,
603602.SH,20260408,1.9099,2.757,,308923.8695,
001359.SZ,20260408,3.224,3.224,,1386265.152,
688148.SH,20260408,2.5297,3.1737,,417321.5574,
001207.SZ,20260408,3.4052,6.5274,,654474.3893,
002106.SZ,20260408,1.7667,2.462,,753105.8427,
300895.SZ,20260408,11.5239,23.4889,,904081.0186,
600998.SH,20260408,1.1202,2.4208,,2727976.3966,
600158.SH,20260408,13.7529,19.0586,,1141820.5497,
600973.SH,20260408,2.6896,4.4657,,946242.7111,
600645.SH,20260408,3.1398,4.0766,,1351436.3943,
600180.SH,20260408,1.0293,2.8085,,367280.0828,
689009.SH,20260408,2.2151,2.2772,,3277249.7218,
002469.SZ,20260408,2.8841,3.7352,,547640.0597,
600999.SH,20260408,0.4732,1.1644,,13818781.0947,
002936.SZ,20260408,1.1909,1.5566,,1672944.8099,
300430.SZ,20260408,2.9928,4.1443,,499129.5431,
301062.SZ,20260408,2.0825,2.3334,,358765.8961,
300463.SZ,20260408,1.3353,1.4429,,667551.9529,
601177.SH,20260408,1.2946,2.3542,,591592.2885,
600671.SH,20260408,1.7551,3.0942,,264503.7382,
603985.SH,20260408,12.8577,22.7227,,967242.4586,
000403.SZ,20260408,0.8618,1.3871,,1240268.5887,
300620.SZ,20260408,10.7023,21.0096,,5532306.4601,
601880.SH,20260408,0.9633,2.971,,3936485.1246,
920670.BJ,20260408,5.6355,6.8428,,182315.1808,
300836.SZ,20260408,3.3223,3.8454,,522376.098,
300348.SZ,20260408,4.3698,4.4883,,1117610.6396,
002210.SZ,20260408,1.9167,2.7363,,705226.6851,
300381.SZ,20260408,2.1542,3.0389,,319681.0111,
002748.SZ,20260408,1.9273,4.1488,,284640.0,
300918.SZ,20260408,1.3403,2.578,,722759.9618,
002395.SZ,20260408,3.6498,10.2882,,494309.187,
300843.SZ,20260408,4.829,11.0389,,995823.4885,
300684.SZ,20260408,5.6502,6.538,,1543371.0261,
603667.SH,20260408,5.3023,8.3304,,2555362.9291,
688779.SH,20260408,1.4456,2.5656,,2075840.2896,
300267.SZ,20260408,4.6094,6.093,,829167.1577,
300553.SZ,20260408,2.713,3.1734,,442981.3231,
601933.SH,20260408,1.1539,2.4878,,3448514.0573,
920942.BJ,20260408,3.5986,4.5813,,162210.1795,
601658.SH,20260408,0.1901,1.3367,,60648002.0135,
002819.SZ,20260408,1.6509,3.2988,,786476.5125,
688718.SH,20260408,1.3953,3.8144,,271925.6188,
300628.SZ,20260408,1.2111,1.6931,,4386689.0617,
603324.SH,20260408,1.9513,5.4197,,376730.6086,
002975.SZ,20260408,9.8832,12.0114,,1266390.4847,
301456.SZ,20260408,2.9398,3.5571,,432988.7828,
605378.SH,20260408,0.8374,3.0106,,519033.9504,
920304.BJ,20260408,2.3171,4.011,,212261.576,
603090.SH,20260408,7.2742,14.6417,,656600.0,
600217.SH,20260408,0.8698,1.3845,,639854.3178,
002490.SZ,20260408,15.4702,27.378,,731626.9828,
300383.SZ,20260408,12.656,16.4032,,3199715.2677,
688047.SH,20260408,1.4696,3.599,,5352548.0,
605003.SH,20260408,1.5134,5.6786,,323400.0,
002550.SZ,20260408,3.2093,3.6833,,996964.2,
600834.SH,20260408,0.677,1.6286,,402432.9459,
920665.BJ,20260408,3.4101,5.2745,,141819.09,
688676.SH,20260408,5.142,8.5996,,3726552.2702,
300613.SZ,20260408,2.1357,3.7386,,997568.6494,
601022.SH,20260408,0.8408,4.4253,,1197399.5006,
600883.SH,20260408,2.1597,3.9709,,192411.72,
001390.SZ,20260408,3.5618,3.5618,,438400.0,
600368.SH,20260408,1.0936,2.2729,,627765.0046,
003023.SZ,20260408,4.8286,9.8311,,261141.8264,
920476.BJ,20260408,2.3681,3.2203,,175640.7476,
300165.SZ,20260408,13.1037,15.5345,,266089.7963,
002868.SZ,20260408,1.0463,1.566,,586694.7847,
002527.SZ,20260408,1.6221,1.9026,,916350.7042,
002133.SZ,20260408,1.8875,2.7884,,263209.0195,
920395.BJ,20260408,0.5538,0.921,,148160.7186,
001338.SZ,20260408,2.2637,4.6691,,685866.0501,
002457.SZ,20260408,2.1773,2.9639,,367168.9668,
000510.SZ,20260408,10.5933,11.8104,,1013025.086,
601231.SH,20260408,2.0468,7.1151,,8390537.0339,
600207.SH,20260408,5.3648,11.7891,,641605.0943,
600226.SH,20260408,1.707,2.7649,,1466369.9434,
688161.SH,20260408,1.0598,5.5293,,1270800.0,
920060.BJ,20260408,4.3663,5.9061,,498858.5393,
300817.SZ,20260408,1.334,1.6949,,392936.832,
300955.SZ,20260408,3.2301,7.2578,,373766.4,
002060.SZ,20260408,3.0278,4.2471,,1460458.9711,
002877.SZ,20260408,4.1061,4.761,,314209.9827,
301600.SZ,20260408,3.556,3.556,,1089971.058,
002250.SZ,20260408,1.5951,2.1615,,1462293.9776,
000503.SZ,20260408,1.416,1.9531,,784381.2301,
002492.SZ,20260408,1.9353,3.3496,,311850.0,
301086.SZ,20260408,4.3705,6.0896,,1270980.0,
688411.SH,20260408,4.4452,5.6074,,3999854.2473,
688095.SH,20260408,2.3978,3.9867,,683277.88,
300860.SZ,20260408,2.1067,3.4802,,452847.0874,
301510.SZ,20260408,2.0387,2.2652,,1244831.12,
000537.SZ,20260408,2.2922,7.3879,,2072163.6422,
600312.SH,20260408,2.0424,3.4866,,2819682.4801,
002786.SZ,20260408,1.1721,1.8761,,359318.7,
000421.SZ,20260408,1.8837,4.1024,,375667.89,
605108.SH,20260408,0.8105,2.5806,,435760.0,
605178.SH,20260408,3.5457,6.1679,,715159.44,
600433.SH,20260408,2.4322,4.0626,,649353.5954,
002368.SZ,20260408,1.3311,2.0251,,1252071.6536,
603458.SH,20260408,5.7209,6.3187,,326940.981,
600990.SH,20260408,1.5356,2.8543,,612304.9567,
603517.SH,20260408,1.3482,2.5811,,774470.4742,
600115.SH,20260408,1.3752,3.0652,,10292885.2882,
600589.SH,20260408,5.9318,7.0246,,1613836.1704,
603222.SH,20260408,15.5136,24.7621,,558696.4144,
000937.SZ,20260408,0.7747,2.7371,,1964652.0486,
002838.SZ,20260408,0.9739,2.0071,,1243835.8452,
688262.SH,20260408,3.1587,4.2499,,1155839.7007,
300733.SZ,20260408,2.1316,2.9065,,548077.57,
002507.SZ,20260408,0.8424,1.3031,,1437783.1089,
002333.SZ,20260408,1.3365,4.1926,,373233.4144,
000534.SZ,20260408,1.2744,1.6903,,2004054.3134,
603628.SH,20260408,4.5048,8.2009,,369783.2913,
600459.SH,20260408,3.1036,5.0548,,1551526.1513,
600962.SH,20260408,0.8345,1.5054,,501083.31,
601985.SH,20260408,0.6317,1.5544,,18058705.821,
600642.SH,20260408,0.6739,1.9398,,4389989.2003,
600295.SH,20260408,0.4856,2.1047,,4346499.5225,
600444.SH,20260408,2.5781,4.6594,,260923.8828,
605100.SH,20260408,1.6425,3.6329,,747797.4,
301399.SZ,20260408,16.3263,19.3012,,422215.64,
600606.SH,20260408,0.5977,2.1546,,2108132.7471,
300320.SZ,20260408,1.5124,1.8285,,594620.6149,
003036.SZ,20260408,4.2778,13.6262,,529247.0361,
301233.SZ,20260408,3.2409,4.4541,,271504.25,
300313.SZ,20260408,1.6801,3.486,,193261.8692,
605118.SH,20260408,1.1581,8.8294,,1762951.808,
300890.SZ,20260408,3.9977,4.1766,,360060.7109,
301309.SZ,20260408,14.5444,34.5794,,406158.976,
002436.SZ,20260408,5.327,5.5136,,3696789.9995,
301290.SZ,20260408,2.2607,2.2612,,276578.5752,
002173.SZ,20260408,8.2377,10.2667,,1124833.8132,
300936.SZ,20260408,18.3536,27.8608,,517676.8,
002268.SZ,20260408,1.1997,1.8888,,1436735.705,
688507.SH,20260408,3.3004,3.3004,,776048.3999,
001316.SZ,20260408,2.7628,7.4606,,563950.4426,
603838.SH,20260408,1.0543,2.9019,,285134.256,
002519.SZ,20260408,7.2919,11.0374,,910156.1656,
603529.SH,20260408,2.3133,7.6982,,2576774.2636,
000900.SZ,20260408,1.0909,2.0412,,626863.1019,
600958.SH,20260408,0.828,1.2928,,7859396.8951,
601156.SH,20260408,1.098,1.7234,,2765521.7786,
600770.SH,20260408,1.574,2.8179,,737100.0,
600097.SH,20260408,1.6356,2.8606,,264789.2783,
688089.SH,20260408,1.6702,3.1052,,310362.0173,
603813.SH,20260408,0.0874,0.2494,,251510.925,
300155.SZ,20260408,3.0168,4.2501,,267705.6339,
002226.SZ,20260408,0.8395,2.0525,,1472801.1074,
301005.SZ,20260408,8.8232,16.1984,,2080911.4095,
002566.SZ,20260408,3.8413,4.4641,,269063.6508,
301111.SZ,20260408,2.5266,4.8126,,317600.0,
000906.SZ,20260408,0.7647,1.4309,,411604.6438,
600979.SH,20260408,3.7594,5.8138,,581623.8742,
002787.SZ,20260408,3.4019,4.2654,,413272.7466,
000768.SZ,20260408,0.8769,1.9383,,6849970.1619,
688586.SH,20260408,0.9064,2.3451,,1094422.0527,
600436.SH,20260408,0.2657,0.5427,,9219290.286,
601788.SH,20260408,0.6055,1.3206,,7188217.9292,
688795.SH,20260408,8.539,8.539,,27928136.5977,
300509.SZ,20260408,2.164,4.1188,,354494.4,
600707.SH,20260408,0.781,2.1617,,2081266.0446,
920087.BJ,20260408,3.4711,7.6791,,250938.8,
600153.SH,20260408,0.6703,1.2597,,2574790.2333,
603839.SH,20260408,0.7799,2.9449,,290649.1662,
002698.SZ,20260408,1.1143,1.6805,,1399886.7962,
300671.SZ,20260408,4.2386,6.1624,,901042.8922,
000678.SZ,20260408,12.5502,22.8309,,628289.3265,
002321.SZ,20260408,1.4107,2.3581,,456438.4752,
002872.SZ,20260408,1.5327,1.5444,,163770.0,
688696.SH,20260408,1.024,1.3326,,659168.28,
301190.SZ,20260408,1.1967,2.4818,,495595.6785,
002156.SZ,20260408,4.8534,6.5126,,6776070.2121,
920190.BJ,20260408,1.6796,3.1956,,224200.0022,
000062.SZ,20260408,8.3435,27.5011,,2960969.2906,
300556.SZ,20260408,3.5569,3.6507,,218574.4328,
600189.SH,20260408,1.5011,2.633,,539974.3481,
688136.SH,20260408,3.4017,6.7363,,630538.9643,
601121.SH,20260408,1.5682,3.5157,,759835.4015,
600995.SH,20260408,0.867,3.9656,,4400899.9935,
300233.SZ,20260408,2.1347,2.774,,568134.3888,
603306.SH,20260408,4.6627,6.3954,,2907462.5123,
002424.SZ,20260408,0.8865,1.0858,,707184.7904,
603328.SH,20260408,6.1826,15.0723,,1226087.5263,
603989.SH,20260408,3.1733,9.2857,,765657.3312,
603194.SH,20260408,0.7614,0.7614,,1340944.0,
600884.SH,20260408,4.3389,4.731,,3074947.3837,
688325.SH,20260408,2.1252,4.1239,,1046589.0323,
002237.SZ,20260408,3.8649,5.7268,,2232183.8069,
300113.SZ,20260408,18.0948,20.2444,,1954315.4284,
601808.SH,20260408,1.2972,6.9874,,7453226.704,
603488.SH,20260408,2.6096,4.1454,,308925.8855,
603006.SH,20260408,1.1868,4.2092,,327987.9825,
600797.SH,20260408,4.2655,4.5523,,949434.3659,
300041.SZ,20260408,3.9433,4.7883,,610343.2293,
300678.SZ,20260408,2.281,3.3092,,864855.203,
688180.SH,20260408,2.6856,4.1734,,4027704.3639,
920242.BJ,20260408,0.8873,1.188,,156531.13,
688251.SH,20260408,3.3715,7.8244,,362168.874,
603127.SH,20260408,5.7835,9.0363,,2693906.8509,
000929.SZ,20260408,2.6085,3.5489,,172576.614,
920130.BJ,20260408,3.5287,6.5782,,184855.4449,
002191.SZ,20260408,0.8812,1.2819,,534254.6109,
600582.SH,20260408,0.8119,2.0739,,2408658.7351,
300845.SZ,20260408,6.1904,6.8692,,248825.731,
603565.SH,20260408,0.9687,2.3639,,2404572.2529,
002076.SZ,20260408,2.0548,2.3253,,232916.1431,
688409.SH,20260408,1.5822,2.5825,,3003009.0312,
688503.SH,20260408,4.9088,5.427,,2120214.7127,
002270.SZ,20260408,2.1032,3.7246,,2546176.4495,
920124.BJ,20260408,1.8901,2.1588,,235742.3043,
301112.SZ,20260408,0.9086,2.7632,,367959.6442,
301109.SZ,20260408,3.5906,3.6857,,1217582.5992,
002908.SZ,20260408,2.2034,2.7958,,396486.0889,
300195.SZ,20260408,3.5404,3.8008,,328373.5109,
301381.SZ,20260408,1.4996,2.4743,,812968.273,
000069.SZ,20260408,0.7673,1.5457,,1800457.8039,
601360.SH,20260408,1.9811,4.8123,,7713512.7827,
600109.SH,20260408,0.916,1.446,,3160676.2682,
001203.SZ,20260408,2.4046,6.5994,,5879363.4682,
000955.SZ,20260408,2.4034,3.1823,,269197.5,
600527.SH,20260408,13.0261,18.5773,,446794.3127,
002719.SZ,20260408,5.444,6.7575,,154809.9773,
688772.SH,20260408,2.5427,4.2337,,1749226.9127,
301209.SZ,20260408,1.0765,3.0029,,980896.0,
000008.SZ,20260408,7.7011,12.6481,,776884.0173,
300134.SZ,20260408,5.8351,12.0861,,831200.3405,
301138.SZ,20260408,2.3501,4.8815,,455400.0,
603323.SH,20260408,1.0306,1.192,,985048.2213,
300528.SZ,20260408,3.8842,9.8233,,621137.626,
000691.SZ,20260408,2.2213,2.6247,,384529.665,
002551.SZ,20260408,2.7238,3.1984,,304378.0481,
301361.SZ,20260408,8.343,8.474,,424044.72,
000096.SZ,20260408,2.1669,4.7158,,530112.0,
300698.SZ,20260408,2.8288,5.2611,,478916.0,
688602.SH,20260408,2.3345,2.3345,,402515.625,
600712.SH,20260408,1.8348,2.5809,,340409.6,
300167.SZ,20260408,2.3052,2.5015,,235960.644,
600773.SH,20260408,2.1686,3.6853,,1695727.7934,
920790.BJ,20260408,4.7434,10.3849,,220870.7549,
605398.SH,20260408,2.1849,7.0564,,446656.4604,
603855.SH,20260408,2.163,3.7601,,681097.198,
002824.SZ,20260408,5.9009,7.9711,,649741.4137,
603278.SH,20260408,2.1719,4.4057,,375593.5718,
300246.SZ,20260408,5.7232,6.4625,,385531.1999,
300314.SZ,20260408,2.6459,3.9543,,374112.0,
688569.SH,20260408,0.7919,3.1677,,431445.4016,
603325.SH,20260408,1.9288,1.9288,,594589.728,
600805.SH,20260408,1.6086,2.508,,445868.7149,
688246.SH,20260408,2.1421,3.6344,,274345.6824,
003042.SZ,20260408,11.9082,23.1172,,255894.08,
002475.SZ,20260408,2.7778,4.45,,38083842.6071,
600361.SH,20260408,1.4421,2.8915,,1556520.4347,
603100.SH,20260408,1.2611,2.749,,1022754.1398,
300865.SZ,20260408,1.9409,3.16,,258240.32,
300096.SZ,20260408,1.4654,1.7484,,363350.0,
600038.SH,20260408,1.1096,1.9692,,2795015.9631,
600128.SH,20260408,4.471,6.0815,,270324.4038,
603698.SH,20260408,4.5526,14.7724,,1673360.78,
920166.BJ,20260408,5.7691,5.7691,,208865.8833,
002730.SZ,20260408,9.8582,19.7501,,1019979.022,
002284.SZ,20260408,2.1188,3.6874,,1045826.9924,
002537.SZ,20260408,5.1815,6.9239,,945083.4797,
600593.SH,20260408,3.6012,7.76,,498691.235,
000809.SZ,20260408,2.9273,4.4552,,294450.4916,
601882.SH,20260408,0.89,3.8184,,984492.0,
000564.SZ,20260408,2.061,2.8948,,3467148.164,
000617.SZ,20260408,5.6814,28.4391,,13135120.1631,
002578.SZ,20260408,11.0621,18.8933,,393286.0467,
300396.SZ,20260408,0.8232,1.7193,,323422.3909,
002286.SZ,20260408,2.4315,2.9354,,382470.2169,
002574.SZ,20260408,1.5592,3.3973,,304656.0,
300131.SZ,20260408,9.8544,9.8864,,1393803.9276,
600829.SH,20260408,7.5673,29.8261,,637297.5681,
001225.SZ,20260408,8.1093,9.5872,,327884.9304,
301379.SZ,20260408,2.7106,2.7114,,486688.8825,
300343.SZ,20260408,1.2125,1.3805,,682691.5477,
300683.SZ,20260408,19.0742,31.7628,,505252.3493,
301182.SZ,20260408,3.8137,7.8269,,568318.5027,
600530.SH,20260408,0.7494,1.7013,,420006.64,
603577.SH,20260408,1.5719,3.9498,,360844.0024,
920016.BJ,20260408,1.9599,2.1891,,130022.4781,
300022.SZ,20260408,9.0127,12.4503,,499677.0242,
603073.SH,20260408,5.2043,5.6121,,235364.0,
300174.SZ,20260408,2.3688,3.0674,,616608.1395,
688007.SH,20260408,1.3971,2.107,,662765.7457,
002416.SZ,20260408,1.9658,3.8512,,1644526.9566,
000953.SZ,20260408,2.1494,3.2568,,255919.4143,
301428.SZ,20260408,14.9712,14.9712,,343952.0012,
600810.SH,20260408,6.5332,15.4056,,952361.0338,
300073.SZ,20260408,3.0399,3.9588,,2940818.6882,
603477.SH,20260408,6.0356,11.2512,,910985.754,
603376.SH,20260408,4.3548,4.3548,,1332803.332,
301119.SZ,20260408,1.5313,4.5448,,446992.0,
000858.SZ,20260408,0.2518,0.5606,,40442473.8041,
603162.SH,20260408,4.7032,4.7032,,1327186.3004,
300322.SZ,20260408,9.4808,11.669,,1210360.3805,
300371.SZ,20260408,2.4796,3.6198,,257960.5735,
603180.SH,20260408,0.5459,1.8375,,296482.2231,
603001.SH,20260408,2.502,4.7935,,372510.42,
603161.SH,20260408,1.3535,2.4326,,284418.4724,
688323.SH,20260408,3.457,6.1646,,395643.9036,
301602.SZ,20260408,0.7808,2.1668,,864369.2095,
002742.SZ,20260408,0.8277,0.9587,,308530.0205,
920599.BJ,20260408,1.2763,1.9683,,857983.875,
688365.SH,20260408,5.0738,12.3123,,837597.1534,
603173.SH,20260408,1.3105,4.1903,,678560.0,
000570.SZ,20260408,2.0762,3.5172,,400127.6515,
003021.SZ,20260408,2.0276,4.6791,,2651288.5224,
688206.SH,20260408,0.9818,2.0711,,1419985.3343,
600259.SH,20260408,6.15,9.9924,,3082762.2433,
300647.SZ,20260408,2.2213,2.697,,282624.3928,
300276.SZ,20260408,2.5732,3.0894,,1001745.7379,
300122.SZ,20260408,1.7566,2.2838,,3818094.6465,
301387.SZ,20260408,8.9197,11.6463,,637921.2911,
002419.SZ,20260408,2.2996,4.6361,,665074.3698,
300031.SZ,20260408,2.5681,2.6616,,889417.9802,
600893.SH,20260408,2.2606,4.608,,13431929.3653,
688579.SH,20260408,1.1705,1.5521,,425210.63,
300701.SZ,20260408,1.8548,3.315,,333627.4404,
300847.SZ,20260408,1.6127,3.1609,,468583.83,
002153.SZ,20260408,1.5616,3.2287,,2704631.0964,
002410.SZ,20260408,2.7751,3.3134,,1909647.6594,
002929.SZ,20260408,11.9924,18.3628,,1481777.3661,
002489.SZ,20260408,1.1408,2.1775,,750479.6443,
002283.SZ,20260408,5.5041,7.296,,1141736.0924,
600255.SH,20260408,4.729,5.2824,,641182.169,
002583.SZ,20260408,2.8544,3.1085,,1902275.8725,
300040.SZ,20260408,11.4678,12.2588,,449743.8948,
920445.BJ,20260408,2.8969,3.3603,,149224.0622,
688310.SH,20260408,1.1213,3.249,,265286.6252,
000796.SZ,20260408,3.8378,4.513,,867649.8036,
002948.SZ,20260408,1.6985,2.8395,,3049865.8754,
300611.SZ,20260408,4.0766,4.7462,,570534.86,
920028.BJ,20260408,10.2746,10.2746,,260017.52,
300951.SZ,20260408,1.5824,4.4809,,639995.4555,
688011.SH,20260408,2.279,4.8004,,761800.0,
688668.SH,20260408,7.1404,13.1916,,2307992.4826,
000723.SZ,20260408,1.7159,2.7435,,2021205.6022,
688037.SH,20260408,2.5514,3.5639,,3629291.328,
603590.SH,20260408,1.6137,2.9562,,596925.3307,
002258.SZ,20260408,1.7379,2.946,,1196653.6559,
688369.SH,20260408,7.2824,9.2252,,276177.7162,
601107.SH,20260408,1.1153,5.2171,,1730861.96,
000980.SZ,20260408,2.8611,3.8988,,1124488.1458,
920198.BJ,20260408,2.8299,2.896,,142161.5712,
300994.SZ,20260408,4.2028,6.3556,,350098.176,
000521.SZ,20260408,1.5019,2.097,,598385.6784,
688509.SH,20260408,2.066,2.066,,352660.0,
300863.SZ,20260408,1.3077,2.9613,,1003918.0851,
300427.SZ,20260408,6.3924,7.7601,,621411.8042,
300743.SZ,20260408,1.8783,2.7133,,273847.9799,
002449.SZ,20260408,4.8317,6.1531,,515191.4818,
603165.SH,20260408,3.6716,6.5549,,485474.1417,
300085.SZ,20260408,13.6178,20.163,,2757311.3676,
688112.SH,20260408,3.6349,11.7232,,773725.6888,
300806.SZ,20260408,5.1901,5.7645,,2236131.3813,
605399.SH,20260408,1.8858,5.1488,,457068.6002,
600388.SH,20260408,2.6202,3.7381,,2428328.5122,
300364.SZ,20260408,20.5837,23.6343,,2173115.852,
301626.SZ,20260408,5.8912,5.8912,,3005366.4,
000592.SZ,20260408,16.8487,20.3689,,2381885.8398,
600061.SH,20260408,0.6066,1.5125,,4437426.0383,
688252.SH,20260408,1.6356,4.3103,,900664.9929,
002467.SZ,20260408,11.4848,13.1791,,1028778.161,
300164.SZ,20260408,31.9513,35.9094,,823842.0806,
601236.SH,20260408,0.3753,1.6186,,3641360.1368,
300487.SZ,20260408,1.2928,1.5826,,3573111.3529,
605011.SH,20260408,0.9239,4.6224,,776594.1,
301291.SZ,20260408,8.4359,8.4359,,1657157.6,
600345.SH,20260408,10.9919,16.9332,,1480947.3091,
000931.SZ,20260408,2.2531,3.2863,,403676.0624,
605580.SH,20260408,1.4522,5.5603,,617680.0,
688084.SH,20260408,2.428,4.9851,,480283.751,
603235.SH,20260408,0.174,1.8631,,1199954.98,
603987.SH,20260408,1.442,2.4451,,389617.465,
688708.SH,20260408,0.9926,1.2963,,2126453.16,
603379.SH,20260408,1.4398,3.511,,3879594.2801,
000762.SZ,20260408,7.1478,9.034,,1601519.163,
002724.SZ,20260408,1.2806,3.1562,,548535.0737,
300163.SZ,20260408,3.4007,3.6164,,225150.0,
300205.SZ,20260408,1.9358,3.1843,,226209.456,
002828.SZ,20260408,23.8531,27.9607,,251435.4876,
002362.SZ,20260408,1.9743,2.4924,,466419.4646,
001216.SZ,20260408,2.786,9.0545,,490132.5982,
600703.SH,20260408,4.4346,7.5019,,6191372.2402,
002441.SZ,20260408,2.0452,3.0081,,551622.6759,
603766.SH,20260408,1.6227,2.7077,,3031027.7706,
603408.SH,20260408,0.5312,2.0044,,537087.6,
000004.SZ,20260408,14.1288,19.1052,,46730.2395,
601628.SH,20260408,0.1813,2.5175,,106557937.85,
301042.SZ,20260408,2.5448,3.8514,,656656.6482,
002350.SZ,20260408,6.2114,10.1066,,783126.4708,
600505.SH,20260408,3.3783,7.6512,,463000.725,
688172.SH,20260408,2.3069,3.3106,,5709044.7699,
688449.SH,20260408,3.5721,6.6027,,2133480.0,
300750.SZ,20260408,0.8555,1.4409,,178591576.9793,
920056.BJ,20260408,2.3004,2.3004,,181355.574,
300315.SZ,20260408,4.0677,4.1342,,1348390.2795,
000938.SZ,20260408,4.37,6.0696,,7567771.3466,
001231.SZ,20260408,2.9458,4.3712,,240555.58,
600887.SH,20260408,0.6957,0.7608,,16724253.6035,
002354.SZ,20260408,4.6628,4.6628,,971241.8763,
300307.SZ,20260408,0.9655,1.4756,,525163.2771,
300637.SZ,20260408,2.526,4.0683,,273014.4012,
001311.SZ,20260408,2.8954,5.0621,,975620.3274,
300762.SZ,20260408,5.4438,6.6194,,2341684.3638,
000625.SZ,20260408,0.8094,1.4492,,10061617.9737,
301136.SZ,20260408,2.9754,6.4004,,435374.0252,
002681.SZ,20260408,2.4119,2.5165,,965522.9008,
301234.SZ,20260408,1.4565,2.0519,,260916.0,
000922.SZ,20260408,1.3272,2.0862,,945179.8094,
688585.SH,20260408,1.3083,7.9888,,5045651.8556,
688226.SH,20260408,9.6036,18.1483,,1002020.4602,
600256.SH,20260408,7.024,10.9172,,4039745.8732,
600030.SH,20260408,1.2544,1.7021,,36606750.6676,
603057.SH,20260408,0.6352,2.7214,,1067080.0,
000828.SZ,20260408,0.9355,3.1002,,1039516.992,
002183.SZ,20260408,7.6348,11.2823,,1516653.3091,
002617.SZ,20260408,3.6316,3.9958,,1428062.1168,
301089.SZ,20260408,2.387,3.345,,364827.7935,
300688.SZ,20260408,4.3436,5.1165,,419452.9368,
301013.SZ,20260408,4.9116,5.3588,,531999.1955,
920964.BJ,20260408,1.2982,1.4275,,157247.216,
300354.SZ,20260408,3.9075,4.8633,,494909.6792,
600455.SH,20260408,4.1475,5.2237,,164389.456,
600525.SH,20260408,0.8957,1.2842,,717416.4027,
600380.SH,20260408,1.0117,1.9822,,2061793.966,
603191.SH,20260408,3.9761,6.5438,,681047.0149,
300633.SZ,20260408,1.3288,1.6178,,1120725.129,
002500.SZ,20260408,0.7708,1.4695,,2035400.4671,
002312.SZ,20260408,2.0584,3.7329,,2185967.3046,
688592.SH,20260408,2.954,2.954,,345900.1796,
920415.BJ,20260408,2.3875,3.2992,,180135.7263,
301320.SZ,20260408,7.0529,7.0529,,317425.44,
601330.SH,20260408,3.2799,10.4398,,1170218.2731,
603365.SH,20260408,0.8737,2.169,,536017.4446,
603281.SH,20260408,1.5315,2.2236,,1304800.0023,
300005.SZ,20260408,3.1696,4.2789,,1302577.0222,
002938.SZ,20260408,1.6537,5.9414,,12672784.9045,
002659.SZ,20260408,2.274,3.2485,,314097.2016,
002883.SZ,20260408,2.9319,4.5966,,153346.337,
300713.SZ,20260408,3.7716,5.2707,,257921.3163,
603610.SH,20260408,1.0559,2.4337,,559844.7109,
301512.SZ,20260408,4.8131,6.8546,,250773.6468,
920748.BJ,20260408,3.3087,8.5352,,289233.06,
688139.SH,20260408,0.8944,1.686,,999484.6477,
002521.SZ,20260408,1.3119,1.5377,,470451.282,
603358.SH,20260408,3.8905,10.5142,,1634705.9045,
300731.SZ,20260408,9.3936,11.7598,,817661.5584,
000910.SZ,20260408,0.5455,1.0188,,385367.84,
002933.SZ,20260408,1.7877,2.8791,,388311.15,
600867.SH,20260408,5.0383,8.6207,,1954625.7433,
600389.SH,20260408,3.7297,5.2503,,1329847.2,
002172.SZ,20260408,2.3296,3.4771,,310121.6058,
300985.SZ,20260408,1.3773,4.9795,,398204.1448,
600495.SH,20260408,3.4611,5.0672,,565433.3346,
603159.SH,20260408,0.8767,1.9827,,362600.0,
600812.SH,20260408,2.6486,5.8862,,979682.0413,
688561.SH,20260408,0.9417,2.5018,,2086328.8331,
600955.SH,20260408,3.584,7.8141,,1014200.0,
002712.SZ,20260408,3.1677,5.094,,291732.0421,
603566.SH,20260408,1.6032,2.3434,,446074.2699,
920208.BJ,20260408,0.5962,0.6112,,311764.6108,
000061.SZ,20260408,1.2037,3.0473,,1452991.5969,
605507.SH,20260408,0.6502,1.4195,,1442882.277,
002082.SZ,20260408,13.381,24.4374,,2129901.2895,
601108.SH,20260408,2.1139,3.1273,,3858967.9978,
920519.BJ,20260408,1.301,1.4947,,103807.175,
301229.SZ,20260408,1.9445,2.5408,,334294.3413,
301378.SZ,20260408,5.7969,7.4394,,315785.4,
920981.BJ,20260408,7.3109,11.1025,,239038.968,
601100.SH,20260408,0.8848,2.4817,,13692463.9703,
688075.SH,20260408,0.5118,1.9728,,497529.1816,
600478.SH,20260408,2.6239,3.6837,,1209182.705,
688600.SH,20260408,1.3566,2.454,,339600.1033,
301336.SZ,20260408,3.0037,3.6824,,210080.0,
301285.SZ,20260408,1.8526,4.521,,1752561.6,
920036.BJ,20260408,20.9028,20.9028,,244027.4723,
603266.SH,20260408,1.2338,2.7532,,375697.0708,
603076.SH,20260408,5.6389,11.4193,,351844.4178,
300880.SZ,20260408,4.1076,9.1205,,415642.4064,
300175.SZ,20260408,0.786,1.0335,,293779.2,
301281.SZ,20260408,5.4112,7.6925,,387786.49,
300508.SZ,20260408,2.5863,4.2225,,419058.3705,
002058.SZ,20260408,1.2717,2.3963,,318742.1937,
688303.SH,20260408,0.5517,2.2063,,4481334.7574,
600262.SH,20260408,3.1098,5.0586,,438090.0,
002375.SZ,20260408,0.8633,1.8621,,526618.6237,
000799.SZ,20260408,1.8143,2.6295,,1406292.6254,
300333.SZ,20260408,3.0765,3.5922,,312816.0,
301230.SZ,20260408,9.2803,15.2294,,582634.4893,
000677.SZ,20260408,6.4921,8.4476,,417301.3489,
002483.SZ,20260408,1.1096,1.6566,,619641.4207,
300516.SZ,20260408,2.1078,6.5874,,1074600.0,
002267.SZ,20260408,0.9953,2.7984,,870755.0734,
000698.SZ,20260408,0.8586,1.5601,,317971.5853,
300184.SZ,20260408,16.5371,16.9344,,1339801.39,
301330.SZ,20260408,1.7417,4.2306,,816669.8785,
601002.SH,20260408,5.8692,10.6706,,555484.499,
688121.SH,20260408,1.9103,2.7346,,259311.5433,
002047.SZ,20260408,2.1247,3.215,,691409.404,
300210.SZ,20260408,2.6254,3.5017,,445966.5767,
002611.SZ,20260408,3.6757,4.3724,,2146075.8174,
603528.SH,20260408,1.2613,2.7186,,588039.7991,
688609.SH,20260408,1.8302,2.2183,,420000.0,
301041.SZ,20260408,5.3731,6.252,,293049.96,
920527.BJ,20260408,1.6441,1.9769,,100331.3517,
603329.SH,20260408,1.271,2.31,,265554.3479,
000700.SZ,20260408,4.6474,7.3552,,1046537.5435,
603069.SH,20260408,1.2202,2.8451,,560900.0,
600976.SH,20260408,2.3672,3.2638,,531372.7504,
300947.SZ,20260408,1.6351,2.6543,,253306.7785,
300846.SZ,20260408,18.4505,20.0151,,1528803.8886,
000007.SZ,20260408,1.9798,2.9812,,444146.3924,
003816.SZ,20260408,0.4512,2.637,,22926437.9239,
000788.SZ,20260408,19.8462,29.5988,,389179.7885,
920931.BJ,20260408,5.6308,5.6308,,118633.59,
002632.SZ,20260408,2.5538,5.5202,,745771.3135,
301277.SZ,20260408,1.0932,4.2429,,484608.9024,
300142.SZ,20260408,3.5385,3.5385,,2059960.9208,
920508.BJ,20260408,2.9994,4.7657,,121440.0,
002332.SZ,20260408,1.6116,2.0571,,901165.6329,
002762.SZ,20260408,1.4854,1.9116,,254898.0,
603232.SH,20260408,3.9788,5.5854,,469802.9654,
300025.SZ,20260408,2.4604,2.9254,,274239.385,
600419.SH,20260408,1.7499,2.7952,,304153.6866,
603758.SH,20260408,1.054,2.9907,,556833.4552,
688648.SH,20260408,3.8537,4.3783,,757384.0,
300403.SZ,20260408,1.9352,2.2884,,713349.0,
301105.SZ,20260408,10.199,10.199,,310000.0,
301611.SZ,20260408,7.3216,7.7181,,4251436.0,
000885.SZ,20260408,0.9113,3.2369,,879647.2094,
605098.SH,20260408,1.5115,3.6804,,679731.27,
301568.SZ,20260408,13.2066,13.2066,,556046.484,
301095.SZ,20260408,3.7166,5.9151,,1426602.1898,
002400.SZ,20260408,12.8123,15.831,,1527163.3241,
600984.SH,20260408,2.6553,4.3612,,522930.2728,
603605.SH,20260408,0.7278,1.4439,,2427728.905,
600986.SH,20260408,6.4537,7.447,,1502247.8026,
600848.SH,20260408,0.5829,1.5468,,2525009.491,
603456.SH,20260408,1.8096,3.2518,,1528957.7221,
000988.SZ,20260408,9.1109,11.2494,,11101755.388,
603025.SH,20260408,1.3859,7.2396,,1572249.9204,
600023.SH,20260408,0.475,1.7713,,7347985.5465,
002683.SZ,20260408,1.5381,2.3546,,2965831.4009,
600212.SH,20260408,1.6414,1.9093,,506988.1534,
000720.SZ,20260408,34.7703,59.6358,,841876.1526,
000969.SZ,20260408,2.4278,3.7767,,2252313.5872,
603585.SH,20260408,13.5993,43.1154,,436397.6114,
600728.SH,20260408,1.8472,2.1948,,1232642.3729,
688362.SH,20260408,3.8298,6.2978,,1761414.6969,
300791.SZ,20260408,0.9317,2.2083,,645725.1576,
002821.SZ,20260408,4.4844,7.0421,,4284307.6438,
601127.SH,20260408,1.4426,3.0634,,15677865.774,
000516.SZ,20260408,1.9493,2.8122,,1121687.2733,
000902.SZ,20260408,0.9647,1.9791,,1997536.5694,
603459.SH,20260408,81.0592,81.0592,,4349158.2028,
600746.SH,20260408,3.3683,13.5706,,1163171.5125,
603773.SH,20260408,5.9378,9.6025,,801186.0966,
300809.SZ,20260408,2.3585,3.0387,,851384.6336,
002279.SZ,20260408,4.536,5.8762,,726840.3923,
002957.SZ,20260408,7.4168,17.2164,,1556035.0365,
301067.SZ,20260408,2.2076,2.9524,,314558.46,
000917.SZ,20260408,5.83,6.9954,,1397710.5493,
600604.SH,20260408,0.7499,1.8746,,919792.6588,
688267.SH,20260408,2.775,4.8691,,541110.2,
301150.SZ,20260408,6.3661,12.0125,,1328031.3611,
600685.SH,20260408,2.3481,5.6713,,4027079.6709,
600099.SH,20260408,2.4671,4.2613,,247824.72,
920819.BJ,20260408,0.4955,1.2798,,443739.6,
688466.SH,20260408,1.4165,3.2413,,215113.4617,
603815.SH,20260408,1.6306,3.2764,,367640.9956,
300443.SZ,20260408,4.9939,5.5842,,898937.9512,
603938.SH,20260408,7.8825,23.5609,,1066757.0976,
688208.SH,20260408,2.2369,3.5864,,2357705.5037,
300422.SZ,20260408,1.8335,3.0249,,256262.5867,
300127.SZ,20260408,2.8288,6.1111,,969115.9336,
002653.SZ,20260408,1.4296,2.6166,,6414890.1322,
600169.SH,20260408,0.522,1.0751,,813346.0703,
002692.SZ,20260408,9.701,13.6039,,441659.79,
000688.SZ,20260408,2.1279,6.2922,,4786488.4645,
688066.SH,20260408,6.4278,9.0468,,489896.9175,
688628.SH,20260408,5.6361,11.7165,,676752.7453,
603696.SH,20260408,2.362,5.8611,,379848.0,
300429.SZ,20260408,7.6561,8.634,,734537.7926,
301556.SZ,20260408,7.436,8.7564,,723686.08,
688818.SH,20260408,20.6619,20.6619,,10888775.8664,
000425.SZ,20260408,1.7604,1.9372,,12758996.7067,
600325.SH,20260408,1.4928,2.0767,,968757.5448,
605376.SH,20260408,3.1674,5.0284,,2753340.0,
600996.SH,20260408,4.0964,7.7331,,1201915.0593,
600132.SH,20260408,1.0321,2.5802,,2764443.483,
002096.SZ,20260408,0.8996,2.4186,,1451315.7009,
001965.SZ,20260408,0.3706,1.3977,,6047634.5429,
600120.SH,20260408,1.5052,3.0025,,1974090.5024,
688175.SH,20260408,1.7241,3.4837,,436832.826,
603098.SH,20260408,1.7433,5.0544,,806851.4671,
600603.SH,20260408,2.0466,4.7842,,810270.4935,
000925.SZ,20260408,1.946,1.946,,489691.7772,
688326.SH,20260408,1.1454,2.1591,,1428256.9517,
605222.SH,20260408,3.44,9.2018,,965367.9785,
688536.SH,20260408,5.2703,8.1973,,2571517.7954,
000505.SZ,20260408,3.1575,6.872,,500868.7229,
688203.SH,20260408,1.2569,2.2478,,253955.6192,
300722.SZ,20260408,1.6858,4.937,,842169.9686,
688981.SH,20260408,2.7241,3.0267,,80958770.4385,
300584.SZ,20260408,7.2379,10.3333,,531000.0,
003040.SZ,20260408,2.0024,3.8298,,764563.4416,
688032.SH,20260408,1.8172,4.9346,,1450916.0352,
605128.SH,20260408,1.6883,2.6795,,727372.8422,
000983.SZ,20260408,1.154,2.702,,3712824.0926,
688338.SH,20260408,1.2143,2.0239,,324583.4592,
002638.SZ,20260408,3.6839,5.3471,,626355.1362,
301195.SZ,20260408,1.222,2.5676,,416680.3452,
002081.SZ,20260408,0.8223,1.6247,,905465.3779,
300423.SZ,20260408,3.7982,4.5203,,412436.8594,
603102.SH,20260408,1.2006,2.1425,,268544.0,
300359.SZ,20260408,1.1702,1.8545,,318566.7113,
002452.SZ,20260408,5.0893,5.3449,,651348.6893,
688088.SH,20260408,1.7982,3.0455,,1656432.5816,
002853.SZ,20260408,1.9313,2.9123,,456924.0381,
920086.BJ,20260408,9.892,9.892,,245182.4,
002044.SZ,20260408,4.0377,5.312,,2203724.9586,
000151.SZ,20260408,1.8248,2.7664,,423192.9809,
600230.SH,20260408,6.7864,12.5699,,854829.496,
301552.SZ,20260408,19.8649,19.8649,,388892.0,
688528.SH,20260408,0.9922,2.944,,186816.0,
605028.SH,20260408,1.6968,6.7873,,454880.0,
600237.SH,20260408,4.1259,5.449,,565741.627,
002465.SZ,20260408,2.756,3.6919,,3745087.4275,
300732.SZ,20260408,1.6388,2.8243,,261244.8508,
002428.SZ,20260408,16.3466,20.4352,,3543176.0,
600007.SH,20260408,0.3886,2.0082,,2149540.9276,
688701.SH,20260408,3.1357,6.2556,,134680.2041,
000756.SZ,20260408,1.7372,3.373,,1048508.5697,
688118.SH,20260408,5.2475,6.5556,,273604.6025,
300068.SZ,20260408,6.82,7.8141,,1062768.5147,
920491.BJ,20260408,2.5582,2.7534,,339872.7774,
603829.SH,20260408,2.3103,5.9161,,526760.6977,
002646.SZ,20260408,0.7302,1.2545,,389035.6749,
003025.SZ,20260408,1.5816,2.6536,,395263.3527,
300552.SZ,20260408,3.4243,4.2372,,561605.7501,
300801.SZ,20260408,4.2247,6.4584,,578621.07,
601369.SH,20260408,0.7399,1.9425,,1801030.8441,
002518.SZ,20260408,1.6803,4.1389,,2709675.5875,
600597.SH,20260408,0.4526,0.9359,,1040747.6911,
603515.SH,20260408,0.3805,2.5391,,1451485.1244,
603105.SH,20260408,5.1719,8.6359,,540011.7763,
603132.SH,20260408,1.0617,6.5057,,1743774.0,
002913.SZ,20260408,3.312,10.0234,,1581407.3914,
600956.SH,20260408,1.0144,8.2351,,3709433.706,
601818.SH,20260408,0.4307,1.2692,,19025547.4416,
600926.SH,20260408,0.4792,0.7069,,12323304.3316,
002166.SZ,20260408,2.0379,3.4132,,682280.671,
920047.BJ,20260408,4.625,5.0615,,791548.917,
000529.SZ,20260408,0.9446,2.1318,,340349.7624,
300559.SZ,20260408,4.6841,6.3119,,568509.2288,
603189.SH,20260408,9.4008,15.5226,,487612.9633,
688426.SH,20260408,3.3799,3.3799,,232749.4984,
002386.SZ,20260408,4.5209,6.7433,,799211.3028,
300720.SZ,20260408,5.62,10.7632,,1293400.3481,
600006.SH,20260408,0.6728,1.6866,,1268000.0,
603520.SH,20260408,4.3585,5.612,,471729.032,
300703.SZ,20260408,3.1972,4.7802,,367999.3536,
002983.SZ,20260408,2.5064,5.0187,,517331.6447,
002668.SZ,20260408,1.1681,2.345,,987625.5109,
920694.BJ,20260408,1.1836,2.1839,,235910.0181,
600960.SH,20260408,1.7022,3.0813,,492367.0383,
601099.SH,20260408,2.246,2.5212,,2603832.8533,
600526.SH,20260408,1.1453,2.0677,,487897.8592,
300938.SZ,20260408,5.0497,7.3368,,933808.4946,
002968.SZ,20260408,1.5786,3.2178,,268139.1729,
300793.SZ,20260408,1.4109,1.9623,,544180.2438,
002378.SZ,20260408,5.8859,13.6964,,3861356.3785,
600488.SH,20260408,25.7756,58.7373,,803628.5965,
001268.SZ,20260408,1.2895,1.8104,,326390.402,
601198.SH,20260408,0.7869,1.4307,,4121368.038,
600276.SH,20260408,1.1514,1.889,,38130713.2761,
605333.SH,20260408,0.8017,3.4713,,1249196.773,
002035.SZ,20260408,7.6066,9.49,,554365.4662,
605081.SH,20260408,1.3441,1.8659,,74629.8204,
301317.SZ,20260408,11.384,13.2636,,839394.6,
301306.SZ,20260408,13.6703,20.2961,,1285580.8,
688348.SH,20260408,2.1977,5.9233,,841085.1552,
002114.SZ,20260408,2.8727,3.9568,,282647.4634,
688590.SH,20260408,5.7411,7.8595,,405384.745,
002301.SZ,20260408,1.3954,2.4285,,512128.6324,
603639.SH,20260408,1.3485,3.9247,,472724.4151,
600130.SH,20260408,3.3965,4.082,,327000.0,
605377.SH,20260408,2.4449,4.5743,,546093.5329,
300094.SZ,20260408,3.1095,4.0409,,363269.8555,
300862.SZ,20260408,1.9709,2.2478,,402836.2622,
000692.SZ,20260408,4.577,6.5377,,224322.6829,
300605.SZ,20260408,3.1865,3.4294,,239788.4273,
300033.SZ,20260408,4.8494,7.6315,,17170406.4,
301223.SZ,20260408,1.5472,3.2921,,382006.3137,
000655.SZ,20260408,1.3442,3.232,,536401.5472,
605009.SH,20260408,0.6285,1.8843,,612507.8541,
688458.SH,20260408,1.9977,1.9977,,389820.5184,
603271.SH,20260408,3.9201,4.5784,,950747.76,
600674.SH,20260408,0.4416,1.3119,,7248540.3532,
603198.SH,20260408,0.4828,1.7382,,2860800.0,
002603.SZ,20260408,1.1841,2.1641,,2845211.2553,
002351.SZ,20260408,1.4844,1.8667,,1011803.766,
300816.SZ,20260408,5.6218,7.4876,,587280.0,
001266.SZ,20260408,3.2035,5.1915,,335392.8236,
002190.SZ,20260408,1.2171,2.4938,,1115289.5274,
002728.SZ,20260408,7.795,8.2551,,577473.5385,
300963.SZ,20260408,3.0421,3.7778,,792529.92,
002444.SZ,20260408,1.8541,3.1811,,3680187.2787,
603648.SH,20260408,0.5115,1.0128,,361325.5616,
601825.SH,20260408,0.2284,0.3846,,8776444.445,
301232.SZ,20260408,24.1422,26.6851,,1388549.1985,
000753.SZ,20260408,4.2387,6.8107,,714857.8522,
603569.SH,20260408,0.6712,2.3194,,421248.0612,
002291.SZ,20260408,4.2717,5.1026,,620926.5544,
300721.SZ,20260408,4.7599,7.053,,237379.3042,
002167.SZ,20260408,3.8599,5.1854,,975313.6847,
920641.BJ,20260408,4.4088,6.9187,,140615.475,
001368.SZ,20260408,1.5715,5.2145,,284137.0122,
300169.SZ,20260408,2.7271,2.7857,,196568.557,
603721.SH,20260408,1.2961,2.6121,,254930.0,
300171.SZ,20260408,1.2524,1.9052,,1143381.2637,
301203.SZ,20260408,2.7695,3.2086,,328880.0,
301087.SZ,20260408,1.0731,2.3525,,1204500.102,
300959.SZ,20260408,6.0604,8.4857,,636673.7116,
688661.SH,20260408,2.8682,6.5049,,1245935.8367,
600166.SH,20260408,1.9832,3.5793,,2454394.1138,
301072.SZ,20260408,2.941,5.8106,,237193.8341,
600004.SH,20260408,0.5904,1.3794,,2332406.3612,
300901.SZ,20260408,0.8165,1.9874,,377040.0,
600590.SH,20260408,9.6561,14.9445,,1207663.566,
601083.SH,20260408,11.1438,11.1438,,1708238.4,
920370.BJ,20260408,1.2034,2.3326,,105399.4534,
688766.SH,20260408,4.7432,7.6744,,3551105.7606,
000099.SZ,20260408,1.4564,2.3732,,1341306.5669,
300014.SZ,20260408,3.5721,5.5103,,13474969.2333,
301335.SZ,20260408,2.3696,2.3696,,322967.626,
920108.BJ,20260408,1.2917,2.1921,,189764.4,
688652.SH,20260408,3.3356,4.0031,,1728888.0,
688671.SH,20260408,2.829,3.4266,,172348.9855,
603186.SH,20260408,12.1636,19.3205,,1111174.4011,
688767.SH,20260408,1.3084,2.9107,,505642.6689,
688522.SH,20260408,3.7762,3.8413,,989280.6536,
300660.SZ,20260408,1.4774,4.011,,1932077.0239,
301269.SZ,20260408,1.074,2.9589,,4662400.6732,
301256.SZ,20260408,3.9854,15.3855,,646080.0,
920566.BJ,20260408,3.8968,4.2864,,152445.6222,
301085.SZ,20260408,11.7084,19.0938,,532368.7661,
688261.SH,20260408,3.5587,7.0578,,896145.6422,
920779.BJ,20260408,7.7508,7.7508,,268010.0878,
688508.SH,20260408,2.7176,3.5829,,794033.6623,
002903.SZ,20260408,15.9046,18.464,,467743.53,
300952.SZ,20260408,3.2116,4.4622,,639951.8136,
000948.SZ,20260408,1.1993,1.863,,600818.6007,
603889.SH,20260408,1.0323,1.8794,,573903.7502,
002438.SZ,20260408,2.32,2.9124,,856723.2342,
301155.SZ,20260408,4.3205,6.0807,,1455653.3367,
300786.SZ,20260408,3.196,3.4531,,270871.3739,
601112.SH,20260408,8.0961,8.0961,,3391974.0493,
301166.SZ,20260408,2.6095,3.5992,,272306.6709,
920128.BJ,20260408,1.4222,2.2378,,203624.52,
920970.BJ,20260408,8.2432,10.6199,,79998.1776,
600845.SH,20260408,1.1272,3.4507,,6594178.9082,
000153.SZ,20260408,6.6646,9.384,,311339.2997,
002086.SZ,20260408,3.1223,3.1223,,413337.7115,
300020.SZ,20260408,2.4575,2.6396,,285289.3927,
605567.SH,20260408,1.9185,3.1046,,222600.0,
000506.SZ,20260408,5.1728,7.7207,,1738192.2308,
603527.SH,20260408,3.3348,5.4028,,338525.2416,
688655.SH,20260408,8.9899,16.3013,,387364.56,
600988.SH,20260408,4.9093,5.7445,,9000347.339,
002548.SZ,20260408,2.7572,4.0054,,444729.2543,
301131.SZ,20260408,2.8965,3.3252,,232697.9773,
000605.SZ,20260408,2.0032,3.4034,,243334.434,
000913.SZ,20260408,2.2178,4.2078,,778305.193,
601233.SH,20260408,2.9899,5.0535,,4641431.907,
920357.BJ,20260408,1.6555,2.8125,,180820.64,
000967.SZ,20260408,3.2882,9.3965,,2967426.9731,
600062.SH,20260408,1.3241,3.359,,1927609.1404,
601111.SH,20260408,1.557,4.8466,,12545414.699,
601216.SH,20260408,1.426,3.7962,,4666223.6167,
002175.SZ,20260408,4.1111,5.0883,,380480.6566,
688576.SH,20260408,1.516,1.5228,,318773.4204,
301040.SZ,20260408,4.4213,6.7637,,285702.9884,
605186.SH,20260408,1.6801,3.3774,,268192.0,
688603.SH,20260408,14.4557,14.4957,,1088845.0945,
688321.SH,20260408,2.8217,3.3828,,1380205.0503,
605368.SH,20260408,0.5758,1.3888,,586001.4503,
688359.SH,20260408,2.5193,4.1157,,781378.2612,
603058.SH,20260408,2.1157,4.3507,,509236.3789,
002922.SZ,20260408,5.6599,7.618,,1576019.6058,
603786.SH,20260408,1.0244,4.8975,,2238981.5448,
301585.SZ,20260408,1.4249,1.4249,,293280.0,
920271.BJ,20260408,0.9954,1.7074,,183283.023,
003003.SZ,20260408,5.7096,7.094,,236981.52,
300424.SZ,20260408,2.5254,2.9698,,414050.4156,
002533.SZ,20260408,3.2222,4.3028,,975407.6714,
001389.SZ,20260408,5.8568,5.8568,,5934872.7069,
600841.SH,20260408,1.6901,5.3758,,1267081.2888,
300968.SZ,20260408,1.2368,2.6415,,489028.54,
300634.SZ,20260408,5.8561,9.823,,1187135.8779,
300295.SZ,20260408,3.7963,4.0604,,185252.5986,
688370.SH,20260408,0.6074,1.9036,,344689.2078,
301106.SZ,20260408,1.5059,4.7727,,301851.4523,
300126.SZ,20260408,2.2341,3.281,,241950.2496,
920578.BJ,20260408,3.375,3.375,,145004.3679,
301093.SZ,20260408,2.5318,4.5506,,1381428.2627,
600827.SH,20260408,0.4106,0.9367,,1521895.4038,
300718.SZ,20260408,3.0275,4.6349,,2149416.3418,
600330.SH,20260408,12.309,15.1769,,2209081.0391,
300378.SZ,20260408,5.5365,6.8888,,1121509.0579,
000708.SZ,20260408,0.3081,1.9081,,8413612.6877,
603501.SH,20260408,1.6306,2.5916,,12036952.0459,
603399.SH,20260408,6.6298,9.4227,,593744.8622,
301616.SZ,20260408,2.3254,3.3023,,384560.0,
603288.SH,20260408,0.4722,1.8062,,24080259.6446,
300158.SZ,20260408,4.0877,5.8796,,631104.7436,
688017.SH,20260408,3.9103,5.9783,,3729851.3931,
002626.SZ,20260408,0.967,1.1892,,1103372.8763,
600816.SH,20260408,0.7559,1.2027,,2549712.0978,
688670.SH,20260408,0.9797,2.7346,,221267.2,
301179.SZ,20260408,13.3996,26.2166,,1124253.0418,
002909.SZ,20260408,2.565,4.2729,,258960.0,
688638.SH,20260408,8.1284,8.1284,,236544.0,
002043.SZ,20260408,1.837,2.9991,,1190697.6788,
688563.SH,20260408,2.3009,2.3009,,2726100.0,
000833.SZ,20260408,11.2058,13.7127,,1922591.0837,
600833.SH,20260408,1.9737,3.5852,,270157.5662,
603680.SH,20260408,0.3757,2.3396,,1025104.1472,
002188.SZ,20260408,5.7429,7.4893,,223411.9391,
000778.SZ,20260408,1.1228,1.8805,,1866658.8562,
920027.BJ,20260408,7.0458,7.7754,,148585.766,
600299.SH,20260408,1.5502,10.8915,,4308611.1805,
688408.SH,20260408,2.4498,4.1367,,799590.4839,
300596.SZ,20260408,2.4586,3.6622,,1044769.4849,
920092.BJ,20260408,5.3172,9.4466,,193067.867,
920185.BJ,20260408,0.4962,1.8474,,3351970.7221,
688529.SH,20260408,0.7395,1.3122,,298680.4925,
688616.SH,20260408,1.5653,3.4509,,247721.384,
603289.SH,20260408,3.4304,9.3713,,349134.5605,
000029.SZ,20260408,0.7349,2.3991,,2038494.9,
002016.SZ,20260408,1.5274,3.8453,,473320.9447,
300760.SZ,20260408,0.6764,1.3951,,19753095.191,
301603.SZ,20260408,6.0643,6.7885,,878529.0,
301216.SZ,20260408,3.5809,5.66,,1640798.9259,
601899.SH,20260408,1.9802,2.8099,,92057054.0214,
002887.SZ,20260408,3.0114,4.9453,,346989.9849,
002392.SZ,20260408,1.2669,1.6915,,864296.3491,
300573.SZ,20260408,2.977,3.281,,1694202.9981,
002713.SZ,20260408,3.7879,5.1038,,1266320.2999,
000963.SZ,20260408,0.7141,1.7053,,6357296.074,
600715.SH,20260408,1.1454,1.5289,,828210.114,
300650.SZ,20260408,3.2923,3.9679,,364518.0347,
301370.SZ,20260408,1.1218,2.1686,,501659.6,
688173.SH,20260408,1.5819,2.8849,,588171.5389,
002511.SZ,20260408,1.3276,2.7103,,1115289.5639,
300061.SZ,20260408,2.691,3.329,,546964.7519,
603367.SH,20260408,2.7401,5.194,,740253.0009,
002966.SZ,20260408,0.7504,0.8906,,3755356.0892,
000758.SZ,20260408,2.5584,3.9756,,1365441.792,
920106.BJ,20260408,2.0121,2.4938,,369498.9615,
920225.BJ,20260408,4.4169,5.3569,,316916.4783,
688379.SH,20260408,2.15,4.0916,,453902.543,
000507.SZ,20260408,2.1998,3.1679,,505854.1923,
000757.SZ,20260408,2.4553,3.5399,,259432.7383,
000876.SZ,20260408,0.6437,1.4191,,3800342.3,
002955.SZ,20260408,2.2171,3.9416,,627332.4067,
301097.SZ,20260408,2.6994,4.2595,,325389.4714,
601838.SH,20260408,0.5208,1.0036,,7328254.7305,
002456.SZ,20260408,2.3057,2.5274,,3035789.0539,
000802.SZ,20260408,1.2424,1.6024,,284928.3015,
301225.SZ,20260408,10.2447,10.2447,,1178221.86,
301170.SZ,20260408,4.0291,4.0291,,286700.0,
002207.SZ,20260408,29.8965,42.7967,,205713.4717,
600784.SH,20260408,1.1966,1.8714,,480388.7689,
601996.SH,20260408,4.6793,7.9236,,282470.4328,
001212.SZ,20260408,3.9195,5.366,,1049009.2373,
688296.SH,20260408,1.7479,3.0006,,155050.3744,
002673.SZ,20260408,0.882,1.6657,,3267264.2264,
603926.SH,20260408,2.3546,4.6547,,428123.0985,
002448.SZ,20260408,5.5895,5.5895,,886733.3365,
300347.SZ,20260408,2.3277,2.5877,,4825189.9842,
600370.SH,20260408,5.1956,24.5387,,1028667.4109,
603690.SH,20260408,2.6132,3.603,,965069.91,
600783.SH,20260408,2.0657,6.3314,,1583996.5776,
920706.BJ,20260408,11.3189,18.2076,,241639.7157,
600511.SH,20260408,1.3598,2.4902,,2205412.2632,
920066.BJ,20260408,1.7772,1.7772,,136831.6907,
002660.SZ,20260408,2.0961,3.8244,,307768.2544,
600288.SH,20260408,1.3461,1.4835,,648648.0,
603122.SH,20260408,23.6636,51.4453,,790930.5818,
600079.SH,20260408,0.7019,1.1045,,3071849.2661,
920556.BJ,20260408,2.1976,3.0124,,152442.864,
300996.SZ,20260408,6.8234,8.7818,,476194.8648,
301202.SZ,20260408,7.5066,7.8746,,537961.6,
300384.SZ,20260408,1.9268,2.7569,,490314.1663,
603776.SH,20260408,0.5639,0.9093,,523337.7062,
603538.SH,20260408,7.8006,10.6166,,953389.4548,
002302.SZ,20260408,1.0037,2.2816,,752363.1652,
688739.SH,20260408,0.3814,0.8414,,1040708.55,
688523.SH,20260408,6.9949,6.9949,,2560495.84,
601997.SH,20260408,1.0085,1.3456,,2131563.4783,
600201.SH,20260408,3.5531,4.0899,,1697638.9303,
002399.SZ,20260408,0.5346,1.8262,,1713801.9663,
000630.SZ,20260408,3.3373,5.0961,,8300462.8647,
002899.SZ,20260408,5.1503,7.2941,,472359.1353,
002780.SZ,20260408,2.5838,2.7561,,253334.1443,
000999.SZ,20260408,0.7889,2.1484,,4689765.9238,
688160.SH,20260408,2.4432,6.0978,,985347.7707,
600713.SH,20260408,5.4639,12.4284,,757849.0169,
002213.SZ,20260408,10.6205,13.1783,,701767.9386,
603071.SH,20260408,0.7538,2.6042,,743195.3167,
000531.SZ,20260408,1.8879,3.9624,,702945.8991,
920169.BJ,20260408,4.2282,6.8057,,233512.2601,
301578.SZ,20260408,3.9621,3.9621,,276316.9609,
300111.SZ,20260408,3.2758,4.6784,,531618.0249,
300607.SZ,20260408,3.251,3.6411,,1239174.3264,
002011.SZ,20260408,1.2259,2.2325,,1269193.7012,
601998.SH,20260408,0.1448,1.2009,,46241129.8414,
002413.SZ,20260408,9.8184,9.8184,,1783748.6602,
300145.SZ,20260408,4.6332,6.7901,,867949.4003,
002690.SZ,20260408,1.4193,2.0562,,1589776.4778,
002244.SZ,20260408,0.8576,2.0588,,3042992.1244,
300753.SZ,20260408,5.3988,6.2782,,359488.896,
605155.SH,20260408,1.212,3.1765,,304355.2771,
300037.SZ,20260408,3.8333,4.4288,,4383698.0908,
002403.SZ,20260408,1.4182,3.0705,,358351.7851,
001217.SZ,20260408,1.548,4.1933,,398244.0,
000680.SZ,20260408,2.9587,4.3347,,1773168.5674,
605318.SH,20260408,3.6289,12.77,,1064924.8672,
603231.SH,20260408,2.9706,3.7269,,335819.2702,
300967.SZ,20260408,5.0562,7.8087,,342692.6189,
301328.SZ,20260408,0.9933,3.1283,,525291.3793,
301027.SZ,20260408,4.0301,4.3427,,312522.0,
300969.SZ,20260408,4.3997,7.5356,,1382031.3114,
000761.SZ,20260408,0.5801,3.8329,,1281771.036,
300712.SZ,20260408,1.8596,3.2666,,536194.1141,
688692.SH,20260408,3.2474,4.8007,,2674728.8,
000935.SZ,20260408,0.6681,1.8015,,1951353.4911,
002150.SZ,20260408,5.713,11.1761,,1075389.0329,
301191.SZ,20260408,17.7349,28.0235,,1044082.494,
688439.SH,20260408,1.2453,3.1069,,1015000.0,
000915.SZ,20260408,1.2281,1.7984,,742127.813,
600243.SH,20260408,1.5254,1.6921,,136043.5,
300759.SZ,20260408,3.4362,5.1488,,5585342.2291,
601059.SH,20260408,0.2877,1.3491,,5415810.0,
600054.SH,20260408,2.0108,4.7629,,959863.343,
603579.SH,20260408,1.5905,3.1353,,413765.7651,
002528.SZ,20260408,0.2089,0.4458,,527417.0361,
002271.SZ,20260408,2.5687,2.6795,,3841029.3845,
301152.SZ,20260408,5.3472,5.8865,,340071.38,
688520.SH,20260408,0.9164,3.8534,,1894458.1274,
002823.SZ,20260408,2.3051,2.7615,,498464.0646,
301070.SZ,20260408,18.8718,22.0363,,822896.1408,
000545.SZ,20260408,6.1718,7.2394,,308878.759,
920062.BJ,20260408,4.1282,4.7416,,199839.9473,
600643.SH,20260408,4.8386,9.6806,,841194.1708,
600875.SH,20260408,5.22,9.276,,13245520.0486,
002299.SZ,20260408,0.8242,1.7537,,2263706.4439,
603613.SH,20260408,1.3483,2.0613,,1839533.0366,
600688.SH,20260408,1.1011,4.323,,3120614.78,
688153.SH,20260408,1.0848,3.183,,1468227.9833,
002806.SZ,20260408,7.5,8.0929,,285572.03,
000020.SZ,20260408,5.169,15.1344,,442014.6753,
300927.SZ,20260408,13.4032,35.3577,,451125.0,
600257.SH,20260408,5.0149,6.9743,,347934.4869,
002061.SZ,20260408,0.7887,1.6319,,1056348.3144,
603816.SH,20260408,0.7871,1.4199,,2792935.1646,
002878.SZ,20260408,8.324,14.4715,,471585.1086,
300593.SZ,20260408,4.6891,4.9792,,1336716.2276,
603530.SH,20260408,1.4593,6.9249,,2489524.944,
688357.SH,20260408,1.3088,2.0939,,342404.8923,
301389.SZ,20260408,13.266,13.6688,,1511055.0,
002107.SZ,20260408,7.8983,16.0465,,401160.672,
603833.SH,20260408,0.3606,1.4048,,3318664.8194,
600545.SH,20260408,9.6667,17.9105,,709801.1521,
002676.SZ,20260408,4.0992,6.6338,,502560.0,
600758.SH,20260408,7.8684,15.7023,,543349.1489,
000524.SZ,20260408,3.2903,10.6892,,753984.6716,
000566.SZ,20260408,2.9179,4.7206,,713550.8193,
920753.BJ,20260408,0.9814,1.4038,,151656.3376,
920088.BJ,20260408,36.676,39.0984,,465193.663,
002320.SZ,20260408,0.8518,3.0843,,1924590.4906,
600499.SH,20260408,2.0014,3.487,,3292959.4233,
002852.SZ,20260408,2.457,3.5536,,341560.5269,
301586.SZ,20260408,1.3186,1.8047,,358703.0995,
600871.SH,20260408,1.875,9.0104,,5345886.9249,
002067.SZ,20260408,3.1304,3.2383,,715304.1187,
601225.SH,20260408,0.4996,1.4376,,24508960.0,
688800.SH,20260408,4.6276,7.7316,,1835849.1142,
002398.SZ,20260408,1.9704,2.0692,,370658.1148,
003010.SZ,20260408,4.3677,5.7094,,1030540.044,
000958.SZ,20260408,0.741,1.5137,,10719220.4246,
000050.SZ,20260408,1.2373,2.1902,,2027641.8203,
300837.SZ,20260408,2.5124,4.4239,,373119.9198,
601990.SH,20260408,0.6149,1.1544,,3260124.1961,
000048.SZ,20260408,5.0016,11.0303,,880798.8173,
002075.SZ,20260408,1.531,2.0914,,1055230.039,
300669.SZ,20260408,0.634,1.0738,,608371.3456,
301265.SZ,20260408,5.397,7.0009,,621095.0231,
600332.SH,20260408,0.9638,2.0115,,3757202.8831,
688485.SH,20260408,16.483,16.483,,604324.3813,
600234.SH,20260408,1.4415,2.7225,,393256.4176,
603881.SH,20260408,11.9187,20.8558,,2819629.7211,
688087.SH,20260408,1.4064,2.5142,,761276.8823,
002747.SZ,20260408,2.1393,3.3492,,1983986.8287,
600300.SH,20260408,2.0535,2.9724,,561148.3365,
000609.SZ,20260408,2.6043,3.4468,,253777.1627,
002705.SZ,20260408,2.4213,7.2532,,1222684.9247,
601368.SH,20260408,1.2716,2.9498,,425593.0231,
603348.SH,20260408,6.8076,13.016,,653798.0822,
920046.BJ,20260408,7.0229,11.5166,,268654.4,
601919.SH,20260408,0.7263,1.7804,,23275285.1307,
300052.SZ,20260408,2.5174,3.0265,,331513.1269,
301560.SZ,20260408,13.1184,13.1184,,508288.0,
688004.SH,20260408,2.4007,3.8775,,181319.232,
600624.SH,20260408,0.7133,1.0058,,315896.328,
300923.SZ,20260408,2.4262,4.6971,,220315.8,
600720.SH,20260408,0.8108,1.0937,,1631457.4467,
300555.SZ,20260408,1.8387,2.2128,,261000.0,
600989.SH,20260408,2.4258,8.2087,,20958742.88,
600562.SH,20260408,0.7823,2.2865,,3128239.899,
001380.SZ,20260408,3.1938,3.1938,,547125.5002,
300388.SZ,20260408,0.6463,1.6682,,544833.7848,
601058.SH,20260408,1.7315,2.3433,,4560595.0592,
601798.SH,20260408,1.7075,2.8844,,329002.1677,
301055.SZ,20260408,2.7998,6.5643,,352404.0,
000009.SZ,20260408,0.9901,1.5979,,2282604.359,
002848.SZ,20260408,2.1584,2.8461,,228661.2,
002221.SZ,20260408,2.0591,3.3318,,1276663.4913,
688781.SH,20260408,16.9484,16.9484,,3661000.0,
603322.SH,20260408,3.2151,4.0435,,497186.3414,
603091.SH,20260408,3.2044,3.2044,,763417.0673,
688113.SH,20260408,1.1743,1.8923,,252631.624,
300765.SZ,20260408,0.8151,3.2166,,4758760.8943,
301010.SZ,20260408,1.7136,4.76,,237384.0,
688205.SH,20260408,9.7645,14.5013,,3925476.1592,
300375.SZ,20260408,2.6482,3.0984,,370752.5432,
002316.SZ,20260408,6.2104,6.6807,,215429.76,
301219.SZ,20260408,2.1375,2.8749,,1868506.9339,
920871.BJ,20260408,2.1099,3.5419,,114601.0841,
002356.SZ,20260408,2.6618,3.3517,,455005.3188,
300160.SZ,20260408,1.3198,2.0958,,425120.4606,
600223.SH,20260408,0.7312,1.5993,,703465.5923,
002685.SZ,20260408,11.5863,13.2012,,776929.4842,
688315.SH,20260408,0.8569,2.381,,600992.8,
301656.SZ,20260408,5.7255,5.7255,,5208777.1111,
603027.SH,20260408,1.297,2.4767,,1265136.016,
603990.SH,20260408,4.5035,5.7137,,475044.5158,
603666.SH,20260408,1.2706,1.9953,,537050.9875,
001339.SZ,20260408,5.3562,7.7141,,1563827.0859,
002006.SZ,20260408,2.1373,2.8985,,924712.5298,
603353.SH,20260408,9.5043,28.9441,,704470.788,
002958.SZ,20260408,0.8803,1.1593,,1683353.8572,
603175.SH,20260408,12.9414,12.9414,,3671920.355,
002982.SZ,20260408,2.7681,3.6294,,283252.39,
002300.SZ,20260408,4.4331,11.5761,,693440.352,
600657.SH,20260408,0.7701,2.8601,,884082.3645,
002867.SZ,20260408,0.6539,1.8034,,1290628.4588,
300369.SZ,20260408,5.7784,7.7347,,676058.6538,
600858.SH,20260408,1.5085,2.6416,,300598.4884,
920394.BJ,20260408,1.2453,3.742,,671287.5,
301581.SZ,20260408,0.9074,2.0428,,367200.0,
603095.SH,20260408,1.0905,3.5571,,469533.4056,
600150.SH,20260408,1.3544,1.9162,,24398064.2157,
300536.SZ,20260408,2.7304,2.9212,,239909.6928,
605319.SH,20260408,2.6533,7.1271,,955066.0373,
300595.SZ,20260408,1.3222,1.7918,,1284739.8915,
603255.SH,20260408,5.5016,8.6994,,394622.7676,
000561.SZ,20260408,1.5317,2.7125,,843281.8003,
600428.SH,20260408,2.7992,6.0096,,2582029.0917,
300546.SZ,20260408,2.8906,3.2057,,407045.8991,
600531.SH,20260408,6.1924,8.4473,,1691758.5145,
301039.SZ,20260408,1.0423,2.091,,1746683.9594,
600371.SH,20260408,3.7326,7.4652,,259224.108,
300674.SZ,20260408,3.0186,3.9753,,1475703.5978,
600704.SH,20260408,1.0678,1.8822,,2751067.7015,
300539.SZ,20260408,5.0252,8.0968,,786339.2416,
000581.SZ,20260408,1.9279,3.2886,,2027349.5982,
003002.SZ,20260408,3.1893,6.1087,,561400.0,
603709.SH,20260408,1.5219,4.3246,,215087.7032,
002092.SZ,20260408,4.5714,6.4983,,1714592.9203,
603661.SH,20260408,0.8199,2.8786,,431664.0642,
601992.SH,20260408,0.9249,2.5729,,1900643.2619,
688550.SH,20260408,2.0407,3.4551,,712762.1958,
920396.BJ,20260408,3.8928,6.0004,,223235.5314,
001215.SZ,20260408,2.2877,3.8912,,377371.1723,
300211.SZ,20260408,1.1444,2.0955,,247094.8648,
300071.SZ,20260408,10.565,13.9495,,500255.9704,
000608.SZ,20260408,1.9553,2.7995,,302215.0635,
002687.SZ,20260408,3.3894,4.7574,,247341.9506,
300785.SZ,20260408,16.3748,20.198,,1043791.1705,
600831.SH,20260408,2.4506,3.4613,,269448.91,
603800.SH,20260408,1.7737,3.3463,,838032.0,
300740.SZ,20260408,2.5374,4.3428,,842113.75,
603822.SH,20260408,0.2049,0.335,,709871.1866,
301418.SZ,20260408,3.1459,3.1459,,279840.0025,
300834.SZ,20260408,7.5629,21.1264,,872093.0132,
002876.SZ,20260408,3.1423,3.5463,,477488.0233,
301313.SZ,20260408,2.5276,2.9598,,309946.3864,
301163.SZ,20260408,3.8847,5.6973,,244800.0,
300172.SZ,20260408,5.1027,5.6154,,368130.24,
300666.SZ,20260408,7.2163,7.9836,,4234783.4214,
000514.SZ,20260408,1.1712,3.1813,,399947.4374,
600282.SH,20260408,0.8024,2.1545,,3483276.4212,
000166.SZ,20260408,0.4383,1.0177,,11868933.7214,
688566.SH,20260408,2.4833,8.5273,,641768.5236,
605136.SH,20260408,3.0635,6.1309,,413673.6305,
300291.SZ,20260408,2.8305,4.5386,,655555.1971,
002232.SZ,20260408,1.1466,2.5894,,733344.4767,
688279.SH,20260408,1.2768,2.6041,,1780469.4754,
000546.SZ,20260408,4.9212,7.4419,,497694.8877,
002169.SZ,20260408,4.0651,5.2077,,1162315.5796,
002977.SZ,20260408,3.0728,4.1885,,338137.8,
688065.SH,20260408,0.7976,1.4272,,3592023.1741,
002563.SZ,20260408,0.7334,1.8219,,1457502.7766,
300044.SZ,20260408,3.7042,3.8771,,608039.9055,
603219.SH,20260408,0.6721,3.1558,,914520.6,
002264.SZ,20260408,3.3153,5.3495,,608960.3598,
688687.SH,20260408,2.3458,3.1033,,363427.8412,
300615.SZ,20260408,5.6641,8.5865,,277090.6728,
688459.SH,20260408,1.8377,2.557,,443520.0,
603688.SH,20260408,5.1646,10.8459,,2487928.3814,
688582.SH,20260408,1.9156,2.5872,,2481140.4099,
300489.SZ,20260408,7.0079,12.4087,,712488.1152,
600000.SH,20260408,0.1449,0.4019,,33605590.8447,
301156.SZ,20260408,2.2939,3.899,,268194.8059,
601901.SH,20260408,1.0066,2.1188,,5795399.3821,
002026.SZ,20260408,1.9914,3.131,,577977.904,
688249.SH,20260408,2.9475,4.348,,6095048.3921,
002412.SZ,20260408,2.8439,4.9532,,345195.2,
601777.SH,20260408,0.5177,1.2456,,4679338.5735,
920699.BJ,20260408,1.4698,2.4302,,179398.6796,
301360.SZ,20260408,3.7416,4.2248,,375353.58,
000333.SZ,20260408,0.4185,0.6124,,58344878.2291,
605228.SH,20260408,1.517,4.3859,,677046.4657,
300511.SZ,20260408,3.0863,3.1657,,456923.9224,
301148.SZ,20260408,2.289,3.5748,,598911.4883,
000610.SZ,20260408,5.6243,7.6739,,204313.4386,
300497.SZ,20260408,15.0386,16.3217,,1014275.9427,
002570.SZ,20260408,2.3037,2.6262,,550822.0998,
600793.SH,20260408,2.3305,5.031,,332402.6198,
002025.SZ,20260408,8.4783,13.5636,,3238534.2007,
002915.SZ,20260408,1.7999,2.6338,,703403.4463,
000725.SZ,20260408,1.5935,1.8349,,14928864.2098,
600113.SH,20260408,0.8872,1.9464,,2002695.0183,
000543.SZ,20260408,1.956,4.6192,,1854294.2048,
603089.SH,20260408,1.0206,2.5447,,342719.0041,
601860.SH,20260408,1.2907,1.6837,,999454.5288,
600131.SH,20260408,1.6297,3.9191,,2237328.8671,
920263.BJ,20260408,1.3265,2.1195,,163983.0023,
002799.SZ,20260408,1.4646,2.7404,,273314.16,
603390.SH,20260408,1.2361,3.3647,,419169.1649,
688612.SH,20260408,3.9041,4.3788,,1333018.1516,
002628.SZ,20260408,2.5278,3.1854,,392178.015,
301584.SZ,20260408,11.8295,11.8295,,1187191.0184,
301132.SZ,20260408,9.1933,18.1752,,614261.7609,
301314.SZ,20260408,4.9818,5.5972,,260338.0,
688662.SH,20260408,6.3452,9.7503,,537558.08,
002576.SZ,20260408,3.8665,5.4458,,305435.0,
600665.SH,20260408,1.3977,3.2898,,280839.8193,
300629.SZ,20260408,4.9895,5.5966,,579279.5689,
920690.BJ,20260408,2.782,5.2248,,162368.7,
600568.SH,20260408,0.9257,1.507,,565974.9894,
002601.SZ,20260408,1.3458,1.7717,,4286878.0047,
300382.SZ,20260408,1.9397,2.9453,,780025.1928,
600774.SH,20260408,2.0151,4.8373,,267004.3238,
301362.SZ,20260408,21.6872,21.6872,,1318842.0,
600318.SH,20260408,3.3866,4.4327,,395313.0043,
603318.SH,20260408,5.6395,9.859,,426543.7046,
300110.SZ,20260408,4.5365,5.6723,,397223.562,
301129.SZ,20260408,3.4012,6.0334,,347081.9596,
002171.SZ,20260408,2.0181,2.6748,,1843657.4226,
002775.SZ,20260408,2.2067,4.2216,,253874.0905,
001227.SZ,20260408,1.5154,1.7046,,1281531.8628,
301508.SZ,20260408,2.6134,2.6134,,668081.766,
000750.SZ,20260408,1.1616,1.5384,,2477835.6971,
603305.SH,20260408,2.1706,4.2281,,1719694.3313,
001325.SZ,20260408,25.6445,25.6445,,470321.6,
001230.SZ,20260408,3.2021,4.6628,,344692.5144,
600737.SH,20260408,0.9198,1.8668,,3114163.02,
688390.SH,20260408,4.7975,7.1599,,1994082.4283,
300394.SZ,20260408,5.9822,10.8053,,26198915.5267,
920682.BJ,20260408,2.5365,3.7042,,290409.6,
688302.SH,20260408,1.7674,2.3384,,445372.1598,
300564.SZ,20260408,1.8351,2.8778,,248264.0928,
601009.SH,20260408,0.4727,1.0812,,13797741.0454,
603300.SH,20260408,5.193,6.8247,,1380245.3748,
002195.SZ,20260408,5.255,5.8318,,5267945.3126,
301295.SZ,20260408,9.0567,9.0567,,377697.6,
002573.SZ,20260408,0.8909,1.8724,,520818.2851,
002374.SZ,20260408,1.3919,1.7135,,357033.8541,
300792.SZ,20260408,7.2593,12.9971,,859391.2817,
688155.SH,20260408,1.9485,4.1277,,982407.7822,
603332.SH,20260408,2.4751,6.1944,,280602.2976,
301397.SZ,20260408,7.1584,7.1584,,506682.733,
002645.SZ,20260408,12.8037,20.0228,,1214406.6966,
300527.SZ,20260408,0.8696,1.9678,,827651.0828,
688716.SH,20260408,2.713,2.7138,,409696.56,
000717.SZ,20260408,1.1193,2.3795,,601113.7063,
688793.SH,20260408,2.7364,4.9752,,192259.9023,
300908.SZ,20260408,0.8866,1.8122,,407632.0,
601089.SH,20260408,0.6477,2.3673,,1139520.0,
002168.SZ,20260408,1.1141,1.3595,,319938.6541,
300230.SZ,20260408,1.8328,2.0674,,390342.4517,
000782.SZ,20260408,2.7715,3.1629,,370067.4334,
300600.SZ,20260408,1.3283,2.3999,,370441.2103,
002774.SZ,20260408,1.2315,3.0599,,365306.3715,
000972.SZ,20260408,0.9067,1.4088,,299258.0287,
000856.SZ,20260408,5.0428,7.204,,246976.0,
603896.SH,20260408,0.818,1.4011,,377852.8944,
002430.SZ,20260408,1.8022,4.4104,,2848980.6247,
002498.SZ,20260408,3.9721,11.8792,,2641476.024,
000599.SZ,20260408,1.7438,2.9735,,450850.9608,
688796.SH,20260408,7.5378,7.5378,,4928842.6742,
688560.SH,20260408,1.9961,3.2074,,292692.9888,
002863.SZ,20260408,1.7784,2.685,,334511.8231,
688727.SH,20260408,7.8026,7.8026,,2229523.8552,
002743.SZ,20260408,2.1536,3.2277,,242879.8107,
601700.SH,20260408,1.4969,3.0377,,600125.0971,
603378.SH,20260408,1.7401,4.4006,,237442.5397,
002919.SZ,20260408,1.6762,2.8338,,553041.587,
601319.SH,20260408,0.2784,3.3102,,33477560.8713,
600610.SH,20260408,5.056,7.9855,,989857.735,
002215.SZ,20260408,1.5292,1.8098,,1059888.6696,
600694.SH,20260408,0.7325,1.2056,,577832.4354,
600121.SH,20260408,5.9011,12.2701,,522698.7643,
920367.BJ,20260408,5.6512,11.416,,139667.5238,
000752.SZ,20260408,6.6605,8.2064,,239756.4683,
301272.SZ,20260408,2.883,3.7876,,238572.3794,
603014.SH,20260408,2.286,2.286,,1566995.5016,
301606.SZ,20260408,2.9619,5.244,,3024277.5759,
601162.SH,20260408,2.1397,2.8484,,3767670.4775,
603216.SH,20260408,1.2422,4.6096,,739330.8,
920808.BJ,20260408,1.0653,3.6762,,1432000.0072,
601881.SH,20260408,0.6871,2.3895,,14149116.5193,
002837.SZ,20260408,5.2204,7.646,,8935486.1831,
600503.SH,20260408,1.6124,1.7359,,387754.18,
688008.SH,20260408,4.3651,4.7055,,17014246.4923,
603181.SH,20260408,0.8172,1.4298,,880695.2,
688669.SH,20260408,6.9449,13.3468,,332817.3352,
300242.SZ,20260408,5.2415,6.661,,309662.9493,
002366.SZ,20260408,2.5765,2.5765,,1529489.1654,
600031.SH,20260408,1.4053,2.0681,,19180779.2556,
603033.SH,20260408,1.8987,5.0041,,1171401.7973,
603499.SH,20260408,1.7743,4.4021,,671154.357,
603201.SH,20260408,1.2311,3.8871,,311186.7846,
600741.SH,20260408,0.7463,1.7906,,6336975.2078,
688631.SH,20260408,3.3223,4.3859,,881757.18,
001317.SZ,20260408,2.6639,6.5027,,419871.3708,
605305.SH,20260408,5.0129,6.9669,,908735.52,
300558.SZ,20260408,1.9959,3.3987,,1897930.3658,
000707.SZ,20260408,4.4307,5.6203,,350245.5986,
603138.SH,20260408,10.0505,18.088,,585100.5656,
600732.SH,20260408,2.3369,3.177,,3059426.1387,
002599.SZ,20260408,2.3769,2.6952,,386725.5254,
920006.BJ,20260408,2.5795,3.506,,200257.0096,
002423.SZ,20260408,0.9781,2.6279,,2430831.3816,
600855.SH,20260408,2.1103,3.7998,,813858.7185,
600379.SH,20260408,1.0449,1.8723,,393600.2643,
301175.SZ,20260408,3.885,3.885,,918453.12,
920985.BJ,20260408,1.7639,2.8663,,213848.0542,
600838.SH,20260408,1.7088,2.5351,,412106.6765,
300300.SZ,20260408,17.1277,22.7183,,948256.5222,
002305.SZ,20260408,0.748,1.2571,,379793.2536,
300769.SZ,20260408,6.6823,7.5923,,1209011.3495,
688768.SH,20260408,1.7048,2.6056,,411699.1881,
688349.SH,20260408,0.5531,2.1406,,2907804.3938,
920564.BJ,20260408,6.0184,9.6459,,219907.7366,
002833.SZ,20260408,1.3341,1.8705,,768284.6192,
600320.SH,20260408,2.0941,3.8579,,2771153.9415,
688552.SH,20260408,10.588,10.588,,1298404.8,
603116.SH,20260408,1.508,3.3828,,330739.2592,
000060.SZ,20260408,2.9112,4.1626,,2860115.063,
688120.SH,20260408,1.1932,1.6601,,6314809.9513,
300873.SZ,20260408,1.7827,2.8302,,522313.0294,
300641.SZ,20260408,3.3618,7.7136,,1023761.2899,
300232.SZ,20260408,3.5718,3.942,,763387.9,
002367.SZ,20260408,2.1296,4.0414,,517736.8009,
300913.SZ,20260408,3.6969,11.2475,,1794801.9443,
603858.SH,20260408,0.6952,1.5923,,1761129.2981,
920580.BJ,20260408,2.4189,3.3417,,113864.0,
002229.SZ,20260408,16.1428,16.1428,,933336.1889,
000619.SZ,20260408,2.7017,4.059,,259407.2726,
002790.SZ,20260408,2.57,4.7042,,330536.9893,
300097.SZ,20260408,5.6342,6.4782,,232571.0332,
601918.SH,20260408,2.9877,5.6042,,1945496.8918,
002985.SZ,20260408,1.7755,3.3131,,1206619.6896,
002538.SZ,20260408,3.1923,4.7299,,551397.0229,
603053.SH,20260408,0.4857,2.5562,,882667.77,
603679.SH,20260408,3.6802,5.3808,,239521.0205,
600619.SH,20260408,3.1258,4.6837,,1793558.5024,
300679.SZ,20260408,13.0354,17.4077,,1706077.12,
603757.SH,20260408,10.0521,23.1221,,918558.7033,
603516.SH,20260408,3.0054,4.3447,,2879904.9769,
600771.SH,20260408,2.0187,2.3796,,844861.7094,
000962.SZ,20260408,3.7398,6.3537,,2347725.1989,
002920.SZ,20260408,1.3556,2.655,,6384069.0179,
605500.SH,20260408,0.8561,3.6191,,369644.8,
688039.SH,20260408,3.5178,6.6844,,486756.867,
300852.SZ,20260408,3.3609,7.2443,,660384.0728,
002652.SZ,20260408,3.7695,5.3847,,229916.736,
920662.BJ,20260408,5.2652,5.6357,,215373.0049,
600575.SH,20260408,1.1521,3.1369,,2709047.4403,
000509.SZ,20260408,3.106,5.2242,,402423.0195,
603081.SH,20260408,1.184,2.0285,,515871.4609,
601698.SH,20260408,1.1572,5.2603,,13936247.4742,
002847.SZ,20260408,2.7674,6.7674,,1628076.7836,
920504.BJ,20260408,1.7897,2.2092,,95939.4834,
301536.SZ,20260408,3.7163,3.9811,,3070508.6042,
300977.SZ,20260408,2.042,4.988,,297755.478,
300185.SZ,20260408,4.9603,5.9962,,1340013.7022,
002746.SZ,20260408,2.2797,3.5149,,523207.546,
301003.SZ,20260408,3.3257,6.3029,,499265.2802,
600066.SH,20260408,1.4551,2.4938,,8127370.8876,
300190.SZ,20260408,3.4853,4.8927,,392996.4083,
301458.SZ,20260408,4.0004,4.6092,,946666.785,
600678.SH,20260408,3.1844,4.0057,,369929.4,
300973.SZ,20260408,2.1162,2.7176,,571016.2705,
603908.SH,20260408,1.6855,4.2772,,216613.3741,
300287.SZ,20260408,2.2176,2.2669,,634391.0231,
603169.SH,20260408,1.8345,3.4028,,1321967.2996,
920523.BJ,20260408,1.2404,1.6068,,235323.0802,
002199.SZ,20260408,1.3517,2.1403,,199379.2953,
002758.SZ,20260408,1.5262,2.6738,,515170.8815,
688307.SH,20260408,14.6882,22.1293,,815566.738,
603341.SH,20260408,3.2882,3.6025,,2023470.9736,
300784.SZ,20260408,4.4025,4.4025,,278769.7832,
688553.SH,20260408,9.5144,13.1523,,1021299.6,
300109.SZ,20260408,2.3566,2.4976,,883136.3653,
000070.SZ,20260408,16.1621,25.9702,,1708854.3545,
300566.SZ,20260408,2.5941,2.8732,,480437.774,
600227.SH,20260408,18.5594,22.4668,,655226.3418,
688177.SH,20260408,0.6503,2.231,,959423.36,
601186.SH,20260408,0.5421,1.3714,,9559997.216,
600506.SH,20260408,4.107,6.968,,424361.8441,
600892.SH,20260408,0.9808,1.5055,,200288.1793,
002290.SZ,20260408,2.7665,4.9383,,1587670.7997,
600787.SH,20260408,1.0855,2.1026,,1204394.168,
600985.SH,20260408,1.1951,3.1,,3630512.7397,
002581.SZ,20260408,0.798,0.9223,,485565.3913,
002803.SZ,20260408,3.4356,3.8313,,746771.9675,
603077.SH,20260408,2.8192,4.1981,,2534690.0729,
000919.SZ,20260408,15.3947,26.4142,,554134.7544,
603629.SH,20260408,11.2433,20.6376,,1846732.8,
300581.SZ,20260408,1.5809,3.0303,,715692.5193,
603733.SH,20260408,0.8076,3.9654,,1590256.2594,
688660.SH,20260408,1.1249,2.8128,,1673333.417,
920021.BJ,20260408,20.1172,24.3157,,338972.9814,
920152.BJ,20260408,2.1536,2.6265,,175919.886,
688376.SH,20260408,2.1592,5.0168,,890498.7993,
002971.SZ,20260408,4.0936,5.3367,,648182.055,
301299.SZ,20260408,10.9956,14.2218,,412399.2248,
301386.SZ,20260408,5.2782,5.2782,,357280.0,
301587.SZ,20260408,8.0202,8.8321,,379369.703,
688221.SH,20260408,3.9421,6.69,,771632.0252,
603931.SH,20260408,1.1351,3.0598,,552577.1542,
688567.SH,20260408,1.0612,1.8177,,1605844.5049,
688530.SH,20260408,14.3753,14.3753,,501420.4336,
301363.SZ,20260408,2.1271,4.933,,1500113.3017,
920533.BJ,20260408,3.1036,4.415,,297734.4359,
600301.SH,20260408,5.2652,7.2453,,3322876.9672,
600170.SH,20260408,2.9282,5.3146,,2488063.1283,
603589.SH,20260408,0.6622,1.0847,,1494102.4411,
002442.SZ,20260408,8.1391,13.0774,,313046.319,
688169.SH,20260408,1.4617,1.8499,,3078960.9709,
600149.SH,20260408,10.9904,16.9873,,234558.72,
300478.SZ,20260408,2.0419,2.8351,,306802.006,
002209.SZ,20260408,3.2675,3.8423,,312077.5504,
601019.SH,20260408,0.6141,2.9988,,1907426.6,
300237.SZ,20260408,1.4802,2.0294,,341733.8384,
002212.SZ,20260408,2.269,2.269,,889308.2248,
002347.SZ,20260408,2.7672,3.9527,,419912.2936,
688322.SH,20260408,2.13,3.3508,,3205142.4776,
688225.SH,20260408,0.9165,1.7533,,686417.16,
300692.SZ,20260408,3.2887,3.8809,,462181.0333,
300768.SZ,20260408,1.6887,3.3197,,1037852.4109,
600865.SH,20260408,1.899,4.9975,,433052.6037,
601898.SH,20260408,0.9992,5.9519,,23268954.267,
301075.SZ,20260408,1.5802,4.6138,,511760.0,
603170.SH,20260408,1.0501,3.0994,,534813.37,
688010.SH,20260408,4.2873,8.9893,,530816.5769,
688119.SH,20260408,1.0377,2.4037,,585000.0,
301505.SZ,20260408,3.3564,3.3564,,252137.5802,
002541.SZ,20260408,1.3746,1.976,,1454558.6881,
002478.SZ,20260408,4.223,5.1651,,996289.4762,
300638.SZ,20260408,3.5606,4.3478,,2281437.4462,
600660.SH,20260408,0.5412,0.764,,15149561.2033,
600016.SH,20260408,0.5665,0.8263,,16418406.9383,
601619.SH,20260408,2.7187,5.0547,,1520467.9674,
300162.SZ,20260408,11.2984,13.2166,,381334.6173,
301079.SZ,20260408,20.7508,24.1084,,470914.0476,
601595.SH,20260408,1.4684,4.7702,,1133946.0,
600398.SH,20260408,0.8775,2.1845,,3150617.3142,
920885.BJ,20260408,3.6864,5.5061,,335319.4637,
000883.SZ,20260408,0.595,2.007,,3291915.248,
600408.SH,20260408,6.3761,9.3171,,334257.6,
688096.SH,20260408,3.5269,4.3115,,201818.2125,
603269.SH,20260408,5.7562,7.7412,,427312.4469,
301251.SZ,20260408,12.6919,12.6919,,849615.897,
600055.SH,20260408,0.6727,1.2334,,1055294.6481,
001322.SZ,20260408,0.6131,2.9085,,729240.8718,
002669.SZ,20260408,2.7692,3.8937,,394420.0,
002510.SZ,20260408,2.1994,2.6214,,719733.344,
002041.SZ,20260408,1.6362,4.1485,,904640.0,
002370.SZ,20260408,14.0977,16.5098,,568944.3254,
603339.SH,20260408,0.8972,1.6069,,403511.2922,
603508.SH,20260408,0.9304,2.1704,,992075.929,
000878.SZ,20260408,3.274,4.9456,,4593298.5718,
920768.BJ,20260408,1.8488,2.4483,,124064.46,
000888.SZ,20260408,2.7426,4.5405,,678137.1623,
600725.SH,20260408,1.7163,2.4602,,544751.74,
002616.SZ,20260408,4.1441,6.3375,,501782.3589,
002875.SZ,20260408,2.1925,2.8348,,403666.9724,
300034.SZ,20260408,1.984,3.3513,,1469597.1222,
688636.SH,20260408,2.6331,4.4719,,718059.5421,
000620.SZ,20260408,3.4928,6.1931,,1673467.2864,
300130.SZ,20260408,2.8002,3.2499,,1343931.6224,
600851.SH,20260408,3.1586,6.7129,,1003064.1111,
002124.SZ,20260408,1.794,1.8728,,533264.1197,
000582.SZ,20260408,1.6883,3.8395,,2713417.0694,
002422.SZ,20260408,2.1124,2.5435,,5534058.8272,
300505.SZ,20260408,12.5882,13.7311,,773202.3422,
002053.SZ,20260408,1.332,5.0054,,1037662.1059,
603237.SH,20260408,1.0951,2.6045,,342906.2144,
688729.SH,20260408,3.5272,3.5272,,6753454.6,
300440.SZ,20260408,2.5049,3.826,,718170.1244,
301199.SZ,20260408,2.2921,2.7164,,424501.224,
000632.SZ,20260408,6.9848,8.8949,,216001.0805,
001386.SZ,20260408,4.0213,4.0213,,2349212.72,
000504.SZ,20260408,0.6241,1.0514,,328703.0056,
002001.SZ,20260408,2.5379,5.1588,,11156520.6984,
688131.SH,20260408,1.9401,2.8573,,1524178.9703,
300905.SZ,20260408,2.2936,3.6898,,569090.8976,
605366.SH,20260408,4.3027,7.7057,,903354.4428,
688558.SH,20260408,0.9515,2.9364,,392040.0,
603007.SH,20260408,1.6147,1.6147,,570596.7351,
300189.SZ,20260408,10.6629,11.2455,,695296.0,
002266.SZ,20260408,1.4049,2.6757,,2244286.7029,
300623.SZ,20260408,2.2872,3.6681,,2364771.1298,
603062.SH,20260408,3.3435,3.8308,,534816.0,
300585.SZ,20260408,2.042,3.4226,,272922.222,
601717.SH,20260408,1.6317,2.6074,,3686850.8555,
603030.SH,20260408,2.7696,3.6479,,322648.7124,
300735.SZ,20260408,1.8148,3.5725,,1697623.0441,
603202.SH,20260408,7.8291,7.8291,,1545440.0,
600699.SH,20260408,3.1835,5.1382,,4059917.3339,
600538.SH,20260408,2.7988,3.1071,,345970.9097,
301318.SZ,20260408,1.6036,3.351,,368283.565,
300474.SZ,20260408,2.3569,2.8909,,3091292.704,
301501.SZ,20260408,2.5358,2.5358,,558026.7,
300473.SZ,20260408,1.9711,2.5459,,542159.8826,
600727.SH,20260408,6.4087,9.7456,,383751.356,
301068.SZ,20260408,1.8757,2.8486,,447123.0077,
300870.SZ,20260408,5.1966,11.1267,,3168431.5899,
920082.BJ,20260408,2.8435,2.8555,,222102.44,
600782.SH,20260408,1.7017,3.1929,,1149431.9958,
301018.SZ,20260408,9.3063,17.7215,,2721451.6772,
300259.SZ,20260408,2.5894,4.6592,,547467.1095,
603676.SH,20260408,0.5857,2.4673,,469974.42,
605303.SH,20260408,6.6383,15.76,,299095.3918,
301413.SZ,20260408,5.7452,5.7452,,1182791.8597,
688539.SH,20260408,2.5627,3.2353,,674703.68,
688479.SH,20260408,3.4759,4.4183,,485772.3684,
688719.SH,20260408,2.7318,2.7318,,517618.9851,
002709.SZ,20260408,5.1783,6.0961,,9169450.7245,
920857.BJ,20260408,1.1013,3.675,,186868.0588,
000068.SZ,20260408,1.1764,2.0656,,339248.2834,
301135.SZ,20260408,2.0999,2.8975,,288014.4,
603026.SH,20260408,7.5501,11.1024,,1861608.112,
002079.SZ,20260408,2.7018,3.5137,,789613.8406,
688335.SH,20260408,1.8131,3.399,,537365.569,
002558.SZ,20260408,2.9566,4.9258,,6572143.2957,
603205.SH,20260408,1.3975,1.3975,,404352.0,
600458.SH,20260408,2.2769,4.1149,,1095496.893,
002584.SZ,20260408,5.3291,5.5099,,467587.9212,
002318.SZ,20260408,1.5675,2.5104,,3047795.4757,
000823.SZ,20260408,4.595,6.6106,,733544.1747,
920429.BJ,20260408,1.8853,3.614,,162814.608,
000551.SZ,20260408,2.3465,3.643,,675717.8661,
600792.SH,20260408,3.9352,12.0676,,456178.5996,
603382.SH,20260408,2.6867,2.6867,,490284.9504,
300176.SZ,20260408,3.5578,4.75,,283489.5456,
000016.SZ,20260408,3.1845,4.7403,,784990.203,
300339.SZ,20260408,3.8691,4.0877,,3243781.3554,
600287.SH,20260408,1.4082,3.0202,,259456.868,
688387.SH,20260408,4.3269,7.7024,,5213593.75,
300616.SZ,20260408,3.349,3.8557,,275705.6234,
300561.SZ,20260408,4.4859,7.6033,,463944.6767,
688227.SH,20260408,1.1918,2.0468,,726832.363,
002826.SZ,20260408,3.0755,4.1092,,394321.587,
002027.SZ,20260408,0.8686,1.2888,,9358545.4224,
688092.SH,20260408,1.549,3.2919,,244023.3605,
002121.SZ,20260408,2.4278,3.2117,,1292115.3833,
002282.SZ,20260408,1.2735,1.8749,,369313.6819,
001223.SZ,20260408,2.8911,11.5576,,509701.92,
300460.SZ,20260408,1.0873,1.3542,,247669.3494,
000638.SZ,20260408,0.3467,0.4903,,32384.2013,
002069.SZ,20260408,1.6985,2.9383,,268800.4093,
300099.SZ,20260408,8.4554,10.1748,,653954.2812,
301051.SZ,20260408,1.8977,2.6752,,434716.0393,
603109.SH,20260408,1.5769,3.9429,,443176.2199,
002873.SZ,20260408,30.2247,42.3029,,276325.5084,
688190.SH,20260408,1.1799,3.2542,,1041480.0,
920139.BJ,20260408,1.5144,2.6987,,465439.266,
002310.SZ,20260408,10.6326,16.7111,,1907784.4332,
300415.SZ,20260408,1.8965,2.7216,,1165313.9029,
002569.SZ,20260408,1.9133,2.2574,,201325.98,
600279.SH,20260408,0.4766,1.3791,,623104.7986,
002682.SZ,20260408,4.2117,5.9407,,344731.9481,
600802.SH,20260408,2.3563,3.4095,,278615.0272,
300805.SZ,20260408,3.9913,5.6419,,450333.1233,
300520.SZ,20260408,5.4891,6.9721,,1062700.8745,
002330.SZ,20260408,2.4447,4.1422,,304316.0239,
688577.SH,20260408,1.6721,4.2802,,757481.1153,
301151.SZ,20260408,1.0001,3.0296,,316375.6752,
603599.SH,20260408,1.8268,3.1299,,1350839.708,
000547.SZ,20260408,11.038,14.0498,,4411772.4224,
002453.SZ,20260408,1.7229,2.2581,,424868.0069,
002493.SZ,20260408,0.8794,3.1751,,12786486.0851,
002810.SZ,20260408,5.9434,9.3939,,826190.3848,
301323.SZ,20260408,4.1815,8.5729,,662885.7958,
600502.SH,20260408,5.6291,8.5467,,949243.2677,
301580.SZ,20260408,5.5254,6.2009,,787298.7994,
601010.SH,20260408,1.1945,1.6937,,413952.0,
301126.SZ,20260408,3.7279,4.832,,239294.728,
688581.SH,20260408,1.1241,1.5818,,451038.7592,
688019.SH,20260408,1.8901,2.6839,,4691599.7568,
300125.SZ,20260408,1.1053,1.3716,,575960.2388,
002524.SZ,20260408,2.7133,3.6316,,225715.2294,
603099.SH,20260408,1.7806,5.3696,,975033.9788,
600333.SH,20260408,1.9247,4.666,,322786.2625,
002594.SZ,20260408,1.6142,2.2911,,92284273.7529,
002950.SZ,20260408,4.7719,9.066,,794748.0858,
300418.SZ,20260408,7.1801,10.9409,,6578070.4337,
002048.SZ,20260408,2.5755,4.1537,,2189211.0982,
300438.SZ,20260408,7.9407,9.38,,2642552.64,
601636.SH,20260408,1.4407,2.2913,,1724895.1234,
002715.SZ,20260408,2.726,4.2232,,204378.0,
002858.SZ,20260408,11.8707,13.8842,,253256.1497,
600900.SH,20260408,0.3295,0.6964,,65036522.6891,
301017.SZ,20260408,7.6886,13.4246,,624228.3373,
600073.SH,20260408,1.026,1.6492,,561699.9537,
603916.SH,20260408,1.6159,3.0959,,468501.2723,
688328.SH,20260408,9.7931,15.035,,386420.7028,
002579.SZ,20260408,17.9806,25.2007,,799467.2991,
605088.SH,20260408,1.3618,2.3408,,680754.086,
002568.SZ,20260408,0.8773,1.2282,,1806175.4975,
001300.SZ,20260408,1.6322,5.5135,,392479.2215,
300462.SZ,20260408,2.047,2.2662,,238306.8485,
603536.SH,20260408,1.8605,4.1943,,246743.634,
600235.SH,20260408,2.2042,3.46,,239937.9,
300820.SZ,20260408,3.3851,5.0418,,1028142.415,
003000.SZ,20260408,1.571,2.1155,,475693.3377,
920402.BJ,20260408,2.8123,5.6642,,386607.0214,
920239.BJ,20260408,0.9646,2.5349,,545494.3152,
301236.SZ,20260408,2.5933,3.2797,,4067258.6811,
600726.SH,20260408,3.4861,24.8955,,3961575.4412,
600933.SH,20260408,1.4159,2.8835,,1765647.4169,
603767.SH,20260408,0.8268,2.4367,,580227.22,
300940.SZ,20260408,2.647,3.3404,,499613.9708,
601778.SH,20260408,5.485,7.2064,,1818448.1777,
688317.SH,20260408,4.9413,8.9115,,434469.2357,
600378.SH,20260408,1.592,3.5399,,4338268.7221,
603697.SH,20260408,1.1038,3.3451,,428547.4822,
301270.SZ,20260408,3.4417,4.2235,,330100.0,
601900.SH,20260408,1.4369,3.838,,1189777.6568,
600906.SH,20260408,1.0198,1.6414,,2093025.0,
000058.SZ,20260408,0.887,3.0267,,1005890.949,
600522.SH,20260408,5.6164,7.264,,10477755.4316,
603185.SH,20260408,2.3307,4.241,,1586787.411,
300725.SZ,20260408,3.7088,3.9084,,880518.4462,
600753.SH,20260408,1.0094,1.7286,,274065.5383,
002972.SZ,20260408,3.869,5.2381,,318335.3872,
300670.SZ,20260408,3.2639,4.2444,,202829.1066,
000926.SZ,20260408,1.5274,1.9378,,329743.7082,
688651.SH,20260408,4.1649,4.1649,,293452.908,
603900.SH,20260408,1.8512,3.5397,,266482.9037,
688697.SH,20260408,0.8769,2.2314,,684170.7365,
920026.BJ,20260408,7.4148,11.8624,,298022.4802,
603797.SH,20260408,1.094,2.5788,,273310.8601,
603137.SH,20260408,3.0884,3.0884,,247691.7342,
688623.SH,20260408,3.9475,3.9475,,518681.479,
688067.SH,20260408,2.3934,4.5639,,189244.0,
301260.SZ,20260408,0.9628,1.7576,,740089.1515,
603738.SH,20260408,16.4396,22.8787,,1010639.3415,
002497.SZ,20260408,3.3917,3.6366,,2671639.9214,
000711.SZ,20260408,7.836,8.6406,,1088077.6592,
002073.SZ,20260408,3.1675,3.7207,,737290.4782,
002871.SZ,20260408,2.7976,3.8745,,427395.975,
301373.SZ,20260408,29.4414,31.2015,,887301.7044,
600846.SH,20260408,0.4106,0.9344,,764083.3341,
600928.SH,20260408,0.4253,1.5927,,1604444.4446,
920974.BJ,20260408,1.7749,2.0423,,125143.2,
002902.SZ,20260408,24.9897,28.7568,,690221.6151,
301019.SZ,20260408,1.3705,1.7655,,348897.572,
300640.SZ,20260408,4.297,5.0169,,225470.2346,
002460.SZ,20260408,6.7003,7.5061,,17194990.8072,
002520.SZ,20260408,3.1016,4.1282,,420887.5409,
688111.SH,20260408,1.579,3.651,,11249748.3536,
600905.SH,20260408,0.5461,1.1705,,11806699.5086,
600346.SH,20260408,0.6508,2.6014,,16358867.9027,
920870.BJ,20260408,2.0278,3.5856,,189476.0,
600104.SH,20260408,0.4868,1.6024,,16357779.8882,
300319.SZ,20260408,5.0213,6.4719,,1047354.2223,
603220.SH,20260408,10.2602,14.225,,1468517.8697,
301507.SZ,20260408,3.6239,3.6239,,515221.0069,
300695.SZ,20260408,0.8579,2.9482,,718661.6619,
300214.SZ,20260408,2.6144,4.4147,,337519.2978,
920522.BJ,20260408,2.8551,3.7199,,776699.8176,
300446.SZ,20260408,4.1813,4.8813,,1724636.6264,
688272.SH,20260408,7.4263,15.9988,,401812.0,
605001.SH,20260408,1.6129,3.2323,,297414.702,
600796.SH,20260408,2.7447,4.0801,,565880.5052,
002979.SZ,20260408,2.9971,3.9191,,1202845.3032,
600760.SH,20260408,0.5598,1.7053,,13886293.9092,
002907.SZ,20260408,1.9201,7.7301,,603426.6737,
002951.SZ,20260408,0.9055,5.3578,,599805.0,
688101.SH,20260408,0.647,1.9973,,543171.74,
605589.SH,20260408,8.3273,11.1695,,3027531.6573,
920149.BJ,20260408,1.536,2.2073,,79848.4399,
301486.SZ,20260408,14.307,18.5627,,2103934.2683,
600151.SH,20260408,2.5287,4.0604,,1886041.7574,
000536.SZ,20260408,2.3814,4.1046,,1211522.3677,
688269.SH,20260408,1.3647,1.837,,507392.928,
002885.SZ,20260408,5.5763,8.0445,,663204.7377,
001388.SZ,20260408,4.1707,4.1707,,609648.0,
002289.SZ,20260408,0.5468,0.9118,,751920.7656,
600901.SH,20260408,0.6358,1.6077,,3915301.7074,
002353.SZ,20260408,3.6311,4.3662,,11449779.7804,
300435.SZ,20260408,2.9905,4.5177,,1042582.239,
300084.SZ,20260408,5.5063,5.9447,,540926.8525,
002365.SZ,20260408,3.285,3.637,,416386.3725,
300653.SZ,20260408,1.0157,1.777,,359460.0,
002206.SZ,20260408,2.4121,2.7426,,740325.9991,
603045.SH,20260408,3.5147,4.7027,,424620.5609,
002363.SZ,20260408,1.4001,2.4256,,335183.822,
688535.SH,20260408,5.4386,8.3724,,1152171.876,
600640.SH,20260408,0.807,2.6355,,974727.5265,
002695.SZ,20260408,1.3233,3.6196,,608829.3515,
301315.SZ,20260408,5.8046,5.8046,,444840.0,
000628.SZ,20260408,7.0722,8.224,,1905130.24,
003029.SZ,20260408,1.8036,2.8269,,418413.3105,
300571.SZ,20260408,21.5742,27.553,,510813.0843,
000338.SZ,20260408,2.9373,2.983,,22129488.6238,
688512.SH,20260408,4.2538,4.2538,,579819.6866,
002735.SZ,20260408,3.66,4.2051,,562506.2751,
603096.SH,20260408,1.1075,2.7565,,270990.2344,
688596.SH,20260408,1.5825,1.9128,,883275.8104,
301491.SZ,20260408,2.4641,2.4641,,647193.0,
300547.SZ,20260408,8.3888,9.6381,,816868.6513,
603391.SH,20260408,7.5899,7.5899,,631540.0,
003043.SZ,20260408,3.2174,4.5849,,743031.9994,
300062.SZ,20260408,4.5596,5.2579,,493870.8981,
600761.SH,20260408,1.7975,2.8014,,1586323.8073,
300070.SZ,20260408,1.0893,1.9422,,1431562.6984,
300981.SZ,20260408,7.9021,25.9533,,629144.8949,
605080.SH,20260408,0.7614,2.2608,,329790.1572,
300590.SZ,20260408,1.1747,1.6588,,539023.3545,
300697.SZ,20260408,3.3493,4.3092,,661073.92,
300400.SZ,20260408,10.099,15.1253,,689057.272,
600365.SH,20260408,1.2346,1.5449,,139841.24,
603606.SH,20260408,1.6305,2.7552,,4126292.208,
002140.SZ,20260408,1.838,5.7384,,896345.562,
002472.SZ,20260408,2.1805,2.5237,,3154481.0421,
300751.SZ,20260408,6.5144,8.3384,,6376022.2369,
002200.SZ,20260408,0.8456,1.0815,,331577.302,
002068.SZ,20260408,2.4688,4.6917,,624308.0714,
920496.BJ,20260408,2.0807,2.9957,,153819.175,
002128.SZ,20260408,0.8824,2.0677,,7177518.3246,
002236.SZ,20260408,2.0172,2.3169,,5725528.2099,
688802.SH,20260408,11.03,11.03,,24550136.0,
300254.SZ,20260408,5.0299,5.151,,301893.0458,
603486.SH,20260408,0.815,2.4722,,3640261.3033,
301288.SZ,20260408,0.6317,1.2171,,186965.31,
301118.SZ,20260408,3.2452,6.9849,,272625.8936,
300597.SZ,20260408,2.2822,2.7726,,255398.1181,
002161.SZ,20260408,2.783,3.2786,,565914.411,
688217.SH,20260408,1.6774,2.8295,,162819.9368,
601088.SH,20260408,0.3048,1.877,,99279749.0431,
603638.SH,20260408,0.8434,3.0424,,1697914.4388,
600860.SH,20260408,2.9211,6.5409,,630703.8582,
603317.SH,20260408,0.7212,2.4736,,1347928.9292,
600765.SH,20260408,1.5028,2.3206,,2566272.8349,
603282.SH,20260408,1.4082,2.9361,,279416.16,
600729.SH,20260408,1.8792,1.9718,,975603.5656,
300467.SZ,20260408,2.563,2.633,,601892.9049,
002529.SZ,20260408,1.0894,1.2711,,177580.0,
300928.SZ,20260408,2.5154,2.9224,,236560.0,
300773.SZ,20260408,9.3316,12.8063,,1911372.4223,
001301.SZ,20260408,2.2668,2.8506,,1899423.5151,
001236.SZ,20260408,1.5618,4.29,,931186.6669,
688653.SH,20260408,2.2783,2.2783,,551824.0,
002179.SZ,20260408,2.0821,3.8809,,7559216.3928,
688222.SH,20260408,4.8912,9.0146,,1087044.84,
601702.SH,20260408,1.313,4.3767,,2016033.2814,
603373.SH,20260408,3.6848,5.415,,450860.2162,
300421.SZ,20260408,8.7714,9.9523,,725079.1735,
600755.SH,20260408,1.4326,2.3481,,1387316.092,
600415.SH,20260408,1.6004,3.909,,7485058.3435,
600486.SH,20260408,2.1458,3.6707,,3323667.4026,
002513.SZ,20260408,2.9143,3.4583,,234370.6423,
300682.SZ,20260408,2.7466,4.1573,,1733803.2002,
002714.SZ,20260408,1.082,1.7035,,25597458.4111,
688419.SH,20260408,9.7743,18.9018,,572643.7933,
300225.SZ,20260408,1.8581,2.1811,,247698.8164,
300988.SZ,20260408,10.6864,17.6028,,382590.8925,
002494.SZ,20260408,5.8686,6.5588,,201861.2341,
601512.SH,20260408,0.3544,1.8653,,1347502.11,
688571.SH,20260408,1.011,2.8464,,333822.3409,
002575.SZ,20260408,11.6928,12.7958,,498132.0,
600650.SH,20260408,1.7149,3.8801,,713231.8684,
300157.SZ,20260408,8.5842,10.3284,,493829.1981,
600651.SH,20260408,1.1292,3.1698,,1822609.3669,
605033.SH,20260408,3.1739,11.6479,,311636.0,
000816.SZ,20260408,2.0617,2.7762,,474620.3683,
300538.SZ,20260408,2.7139,3.285,,270876.7552,
300766.SZ,20260408,12.5889,13.5719,,1497285.8283,
688021.SH,20260408,4.3913,7.3539,,190270.1553,
001210.SZ,20260408,2.3964,3.1988,,333383.7492,
688468.SH,20260408,0.7044,1.1194,,297221.028,
600663.SH,20260408,0.2563,1.0075,,3892173.7939,
002552.SZ,20260408,1.6393,4.5113,,679750.2999,
300344.SZ,20260408,7.6338,13.827,,20534.6053,
688401.SH,20260408,2.0563,3.3936,,1031901.9852,
300252.SZ,20260408,5.7681,6.1541,,930326.1368,
603928.SH,20260408,1.7453,5.2833,,392595.84,
301257.SZ,20260408,4.0157,6.8665,,488881.5168,
600843.SH,20260408,1.7159,2.213,,680360.8219,
600135.SH,20260408,5.8196,10.7144,,567139.7765,
002239.SZ,20260408,2.2046,2.8766,,1015410.9127,
603668.SH,20260408,2.5074,3.7798,,687883.5555,
300227.SZ,20260408,8.6976,9.7306,,731852.8681,
002149.SZ,20260408,12.1137,17.8764,,2352704.5864,
600543.SH,20260408,1.6501,2.6072,,157027.68,
000908.SZ,20260408,2.4051,3.2213,,1249279.5784,
301326.SZ,20260408,2.6805,8.4091,,1063088.9331,
600339.SH,20260408,5.4374,19.5581,,2573830.9841,
002307.SZ,20260408,6.1015,11.3714,,798009.0631,
301065.SZ,20260408,2.5209,4.3915,,251161.38,
300265.SZ,20260408,18.3776,29.5523,,910887.4006,
603172.SH,20260408,4.1552,4.7969,,286767.0,
600605.SH,20260408,0.9036,1.5819,,569752.0689,
688521.SH,20260408,4.1989,5.5181,,12659832.4517,
688187.SH,20260408,0.6177,2.0761,,6979854.8377,
300200.SZ,20260408,3.0883,4.343,,414596.2242,
002866.SZ,20260408,20.5718,25.6308,,633185.1739,
002647.SZ,20260408,1.2008,1.2756,,1021783.6579,
002890.SZ,20260408,2.4028,4.0774,,278255.5121,
600129.SH,20260408,1.7948,2.9475,,923625.4599,
603029.SH,20260408,2.6707,6.4191,,227880.276,
688166.SH,20260408,2.7528,4.4759,,2187873.1316,
000957.SZ,20260408,3.4442,5.1441,,667609.8319,
002905.SZ,20260408,4.0927,15.2014,,365783.04,
300878.SZ,20260408,1.0821,3.8827,,409611.8209,
688228.SH,20260408,4.63,10.4289,,743261.0123,
001287.SZ,20260408,7.7256,8.942,,1919507.645,
600987.SH,20260408,0.7735,1.6637,,773780.7057,
603158.SH,20260408,13.7418,22.1732,,603647.282,
000589.SZ,20260408,1.8862,2.4199,,729118.8924,
603396.SH,20260408,3.2079,5.4552,,475980.4144,
301348.SZ,20260408,7.4865,7.4865,,594720.0,
301372.SZ,20260408,4.911,5.5222,,190697.1468,
688392.SH,20260408,4.5393,7.3058,,1504533.68,
000676.SZ,20260408,2.1895,2.9179,,995233.4799,
300899.SZ,20260408,2.0559,2.489,,233383.7021,
301680.SZ,20260408,16.9529,16.9529,,844146.0,
600497.SH,20260408,2.5873,4.3525,,4183515.8009,
002917.SZ,20260408,5.4298,8.0406,,499521.6011,
002641.SZ,20260408,1.0905,2.6536,,510073.9565,
600127.SH,20260408,10.7673,13.6878,,471710.6652,
601011.SH,20260408,2.5467,3.7064,,649410.2787,
300129.SZ,20260408,4.709,4.9576,,1391610.8225,
600185.SH,20260408,1.2755,2.317,,1095188.3669,
600738.SH,20260408,1.1307,2.3415,,370008.9247,
603999.SH,20260408,1.392,3.3014,,403776.0,
600751.SH,20260408,2.0326,4.0104,,1145238.4243,
920270.BJ,20260408,1.9062,5.4783,,165920.976,
002622.SZ,20260408,2.5817,3.3885,,224280.0,
002916.SZ,20260408,2.3373,6.5202,,16178387.7978,
600576.SH,20260408,2.3813,3.5454,,625347.2249,
600775.SH,20260408,4.1861,6.4056,,1253786.4618,
300092.SZ,20260408,3.2283,4.2182,,447590.6248,
600710.SH,20260408,1.6764,4.2399,,1724909.2529,
688519.SH,20260408,5.093,12.666,,3063761.5761,
300818.SZ,20260408,2.2013,2.6817,,616357.5498,
600798.SH,20260408,2.963,5.376,,476581.0094,
300464.SZ,20260408,4.828,7.0407,,377701.222,
601528.SH,20260408,1.1331,1.1784,,1039945.5394,
601588.SH,20260408,1.2902,2.5629,,589228.5,
301201.SZ,20260408,16.6718,22.8843,,970829.2456,
603967.SH,20260408,1.0439,3.0735,,459680.0575,
000159.SZ,20260408,3.2507,4.212,,315330.0114,
001396.SZ,20260408,8.2262,8.2262,,495171.9909,
300407.SZ,20260408,2.3758,3.033,,412212.155,
301307.SZ,20260408,10.0601,11.3262,,855036.0,
601727.SH,20260408,1.2942,2.9644,,12634118.8901,
600897.SH,20260408,1.0468,3.2709,,696696.714,
002131.SZ,20260408,8.227,8.6488,,5383564.0689,
002008.SZ,20260408,6.0997,7.5636,,7289592.1286,
002717.SZ,20260408,3.1982,3.4144,,303979.0042,
601211.SH,20260408,0.8305,1.0271,,29739997.8735,
300258.SZ,20260408,3.3189,5.2478,,721363.2506,
001255.SZ,20260408,1.8782,4.8697,,324355.891,
300978.SZ,20260408,1.7933,2.2095,,462859.4992,
688786.SH,20260408,1.7698,2.8726,,452394.8094,
600711.SH,20260408,5.6545,6.8916,,4472114.9143,
603719.SH,20260408,0.7033,1.6123,,411827.0,
300730.SZ,20260408,9.0195,11.637,,356403.3637,
000100.SZ,20260408,2.424,2.5014,,8965171.7147,
300272.SZ,20260408,4.1878,5.1627,,499570.5586,
600239.SH,20260408,1.7139,2.9091,,335588.564,
000759.SZ,20260408,1.8641,2.9283,,372967.0012,
000539.SZ,20260408,3.6974,11.5753,,2924408.1802,
002818.SZ,20260408,1.0271,2.0644,,805341.8194,
000548.SZ,20260408,2.3503,3.4722,,270075.7538,
301211.SZ,20260408,1.5262,4.9342,,519076.8,
920368.BJ,20260408,5.1009,8.1881,,836053.1468,
002339.SZ,20260408,4.8717,5.8626,,523751.8727,
300522.SZ,20260408,4.4271,7.2994,,392101.0325,
301096.SZ,20260408,3.3335,3.9367,,586446.6568,
920961.BJ,20260408,2.3684,3.0302,,318534.3328,
688353.SH,20260408,4.3735,9.6377,,1842225.0,
002989.SZ,20260408,1.4318,2.9404,,528835.7279,
301153.SZ,20260408,2.8306,6.6905,,880362.1971,
002880.SZ,20260408,1.053,3.829,,628689.6,
603031.SH,20260408,3.2706,4.5245,,1307687.3501,
002792.SZ,20260408,26.355,31.5901,,2570463.3992,
301050.SZ,20260408,3.3227,4.1588,,1168571.9323,
000829.SZ,20260408,2.1408,3.3806,,1085581.3638,
688498.SH,20260408,4.723,6.5714,,9772256.4462,
920510.BJ,20260408,1.7079,2.5002,,268399.6946,
603261.SH,20260408,0.7344,2.1602,,273670.2327,
688211.SH,20260408,0.2663,0.6847,,417792.9512,
002726.SZ,20260408,3.5457,5.8866,,349648.0632,
600143.SH,20260408,2.8022,3.4754,,4460760.4654,
600569.SH,20260408,1.1587,3.6046,,640549.9691,
688805.SH,20260408,12.8219,12.8219,,822973.44,
002585.SZ,20260408,2.4521,3.1966,,787512.6023,
600809.SH,20260408,0.36,1.0746,,17560165.0115,
301228.SZ,20260408,2.2737,4.9799,,534600.0,
002700.SZ,20260408,2.5996,2.6335,,277958.1403,
688783.SH,20260408,3.6871,3.6871,,8976029.4,
688192.SH,20260408,0.8407,2.2241,,2674429.5166,
300945.SZ,20260408,5.4462,9.3515,,423769.8241,
002110.SZ,20260408,0.8452,2.0198,,952197.881,
002831.SZ,20260408,4.2146,6.0395,,3413264.058,
920007.BJ,20260408,2.4915,2.4915,,250821.1803,
300739.SZ,20260408,9.3186,16.3316,,999366.0001,
600894.SH,20260408,2.4899,5.8841,,849123.3269,
002623.SZ,20260408,2.1905,4.1605,,439729.0625,
688036.SH,20260408,0.8246,2.0218,,6171500.3457,
920346.BJ,20260408,1.4797,2.3479,,166709.9639,
300939.SZ,20260408,6.2803,11.4375,,465840.0,
603236.SH,20260408,2.8805,3.7793,,2200410.0383,
920033.BJ,20260408,1.0536,2.2851,,179655.957,
000576.SZ,20260408,1.7071,2.6731,,407178.1937,
301076.SZ,20260408,3.1994,3.554,,673292.62,
001257.SZ,20260408,46.9549,46.9549,,4428313.3706,
920957.BJ,20260408,1.9537,3.9518,,119962.8914,
000786.SZ,20260408,0.8199,1.4775,,4463262.9021,
301665.SZ,20260408,9.1983,9.1983,,1224000.0,
300226.SZ,20260408,3.62,4.9179,,804134.1477,
300627.SZ,20260408,1.7003,2.285,,2677008.1183,
600082.SH,20260408,3.4761,4.9477,,231309.4657,
603958.SH,20260408,4.3249,11.8498,,444204.0,
301429.SZ,20260408,4.2796,5.3583,,238804.4,
605180.SH,20260408,0.9549,3.3214,,251810.0,
002103.SZ,20260408,1.8889,2.3437,,460009.0125,
300609.SZ,20260408,2.9562,3.4788,,412833.1481,
920003.BJ,20260408,2.6901,2.6901,,181200.0008,
002479.SZ,20260408,5.033,7.7508,,503430.0,
688627.SH,20260408,7.0387,7.0387,,2423434.9946,
601921.SH,20260408,0.5742,3.0219,,1784444.4451,
002925.SZ,20260408,1.1901,3.5443,,1558771.4871,
002123.SZ,20260408,3.1246,3.2524,,822335.4434,
603799.SH,20260408,3.5855,4.5249,,11587108.2792,
001360.SZ,20260408,3.0516,3.152,,440232.0,
002049.SZ,20260408,1.9834,2.6804,,5863284.8431,
301300.SZ,20260408,2.6226,4.4035,,285701.864,
000565.SZ,20260408,2.1191,3.5643,,320424.6506,
605138.SH,20260408,0.49,2.037,,382233.1858,
605365.SH,20260408,1.8014,10.7408,,1094388.0697,
002434.SZ,20260408,1.3689,2.7747,,1060580.8,
000523.SZ,20260408,1.716,2.3679,,607540.0606,
002530.SZ,20260408,3.2714,4.2103,,691148.7812,
688219.SH,20260408,1.2745,2.1741,,598514.4,
688575.SH,20260408,1.495,2.6703,,861653.5564,
301638.SZ,20260408,14.2129,14.2129,,8527821.9169,
688186.SH,20260408,3.4727,4.3741,,672332.9863,
603226.SH,20260408,1.3608,4.8217,,1309276.1889,
300986.SZ,20260408,20.3592,35.5041,,1150643.3122,
603312.SH,20260408,3.7898,3.7898,,625278.046,
000430.SZ,20260408,0.8575,1.3759,,606416.8936,
601238.SH,20260408,0.3365,1.3952,,7443858.107,
301613.SZ,20260408,1.7537,2.3608,,672745.5122,
600929.SH,20260408,1.5454,4.1859,,1005389.4259,
603310.SH,20260408,1.013,1.4414,,570156.34,
301177.SZ,20260408,0.3444,3.4434,,1155192.3513,
688469.SH,20260408,2.4466,2.4466,,5591252.3437,
603221.SH,20260408,0.7087,2.4434,,282199.16,
600116.SH,20260408,1.7249,3.7124,,1258190.0308,
605555.SH,20260408,1.4981,4.0793,,741593.7693,
002100.SZ,20260408,2.8546,3.9866,,1066261.4332,
920807.BJ,20260408,3.1968,4.6154,,212799.6,
600172.SH,20260408,9.7656,13.2505,,1208550.5909,
920163.BJ,20260408,0.9695,1.6694,,163468.2532,
605300.SH,20260408,0.3707,1.2684,,491659.282,
920207.BJ,20260408,15.4945,23.1188,,278705.485,
002074.SZ,20260408,1.859,3.0764,,6380238.2487,
301419.SZ,20260408,15.8346,30.8499,,521880.0,
002693.SZ,20260408,1.4873,2.9199,,334654.6283,
600215.SH,20260408,0.8957,1.2768,,310680.3584,
301287.SZ,20260408,14.5655,14.5655,,282214.11,
603718.SH,20260408,1.7596,2.8417,,304439.4949,
600273.SH,20260408,1.5239,2.5179,,1282251.1483,
920230.BJ,20260408,26.1448,44.4948,,130731.3085,
300481.SZ,20260408,3.792,5.8868,,469303.5443,
920765.BJ,20260408,3.0298,6.5001,,128207.1136,
920030.BJ,20260408,1.1954,1.8574,,100507.9007,
603206.SH,20260408,2.0358,6.45,,495339.5805,
601077.SH,20260408,0.9409,1.5839,,8165683.0,
300738.SZ,20260408,13.2556,18.3114,,2273800.4945,
603977.SH,20260408,4.1267,8.028,,929999.0165,
600801.SH,20260408,1.333,3.3314,,4902271.7403,
603335.SH,20260408,2.549,4.8843,,261168.206,
603759.SH,20260408,1.1347,2.8495,,440057.28,
002004.SZ,20260408,1.6949,2.2352,,1063216.6056,
301355.SZ,20260408,4.7208,4.7208,,242311.6266,
300244.SZ,20260408,6.1503,6.858,,1228084.5917,
920786.BJ,20260408,2.4444,3.3491,,169960.089,
300896.SZ,20260408,1.2226,1.9198,,3540327.1137,
688030.SH,20260408,1.2154,2.1012,,275220.1704,
002418.SZ,20260408,8.9817,11.6089,,569336.4,
603660.SH,20260408,4.0268,5.2103,,548148.3158,
301189.SZ,20260408,3.8874,10.6503,,574416.5548,
600778.SH,20260408,2.7849,4.5263,,202780.8702,
688665.SH,20260408,0.6584,2.088,,462044.229,
300881.SZ,20260408,3.0195,5.7326,,490710.0,
002120.SZ,20260408,0.6611,1.4964,,1962759.2977,
688680.SH,20260408,4.5392,6.7486,,485415.5161,
600817.SH,20260408,1.7459,5.9704,,631965.65,
920810.BJ,20260408,2.0928,3.5618,,109709.6,
002542.SZ,20260408,1.9058,3.2619,,541835.0214,
300608.SZ,20260408,12.5626,19.2229,,425974.6104,
300889.SZ,20260408,3.8081,4.3494,,555632.9228,
603108.SH,20260408,2.5012,3.4839,,791455.0801,
920011.BJ,20260408,92.7668,92.7668,,240064.001,
002850.SZ,20260408,2.8427,3.2611,,4991076.2308,
002777.SZ,20260408,1.9996,3.2599,,681337.6024,
600211.SH,20260408,1.3098,2.8962,,1359864.6879,
688345.SH,20260408,7.6455,26.9119,,495025.653,
002388.SZ,20260408,2.8991,3.2599,,254327.4048,
688788.SH,20260408,1.4282,3.2722,,902655.3436,
002256.SZ,20260408,6.2326,8.3002,,769662.6843,
002896.SZ,20260408,3.3043,6.2639,,1458984.3021,
000767.SZ,20260408,5.1409,9.8926,,1135391.6788,
600123.SH,20260408,2.9431,5.3976,,942873.6134,
000631.SZ,20260408,1.9027,6.6492,,786600.0291,
300602.SZ,20260408,6.2909,8.384,,1898038.5119,
002097.SZ,20260408,2.6781,3.9513,,1101482.6956,
603669.SH,20260408,4.2014,9.6555,,348361.8837,
300826.SZ,20260408,1.8838,3.2761,,288836.2353,
688598.SH,20260408,1.9175,2.1797,,474719.7163,
688266.SH,20260408,1.3478,2.0466,,2662170.2266,
603195.SH,20260408,0.1473,0.8727,,7611299.155,
603040.SH,20260408,1.1464,2.4874,,1155644.9832,
300617.SZ,20260408,6.3938,10.006,,943705.1465,
600863.SH,20260408,0.8147,1.742,,3909759.5904,
301159.SZ,20260408,4.4448,6.7107,,330671.25,
688659.SH,20260408,1.7896,3.255,,160480.0,
301021.SZ,20260408,4.0343,6.816,,874317.9474,
300102.SZ,20260408,6.9009,10.7778,,2927582.0182,
300088.SZ,20260408,3.3443,3.7544,,1551092.5526,
002261.SZ,20260408,11.9003,13.2625,,4560589.9359,
000719.SZ,20260408,1.6015,3.5209,,1379278.6537,
300568.SZ,20260408,5.0761,5.2603,,2014528.8266,
603068.SH,20260408,1.8428,3.0199,,487996.2306,
000882.SZ,20260408,3.3792,4.7068,,451663.0713,
001238.SZ,20260408,0.3826,1.2297,,542796.36,
600493.SH,20260408,2.8336,4.2306,,203728.0,
920489.BJ,20260408,4.2657,4.2657,,200458.5648,
301371.SZ,20260408,1.519,1.519,,1198319.616,
001278.SZ,20260408,3.5006,5.8184,,272213.48,
300797.SZ,20260408,0.892,2.4812,,574857.7714,
600537.SH,20260408,9.8021,9.8021,,450995.4219,
301631.SZ,20260408,3.3371,3.3371,,800334.6479,
301333.SZ,20260408,2.9365,7.4805,,653951.6844,
688368.SH,20260408,2.8922,8.3733,,1728303.5051,
301200.SZ,20260408,1.6837,11.3907,,8448696.1364,
002372.SZ,20260408,1.2234,2.9345,,1703480.6472,
300002.SZ,20260408,2.6993,2.7424,,1929797.5625,
002063.SZ,20260408,4.2588,5.5823,,1245362.7393,
920100.BJ,20260408,5.2431,5.2431,,360189.384,
300311.SZ,20260408,1.9692,2.2241,,350961.3082,
003009.SZ,20260408,2.2056,5.1605,,950913.6541,
002689.SZ,20260408,1.0081,2.0687,,388111.5897,
600578.SH,20260408,0.4909,2.3971,,3447729.8227,
300685.SZ,20260408,2.839,3.6637,,897400.842,
600621.SH,20260408,1.3817,3.0881,,1512842.3904,
688090.SH,20260408,4.9289,7.3589,,771665.6236,
301468.SZ,20260408,14.0846,16.5814,,673989.8829,
600467.SH,20260408,2.4688,3.9161,,362326.5874,
603336.SH,20260408,1.9515,3.4604,,570978.3704,
301595.SZ,20260408,5.1959,5.1959,,564138.8,
300962.SZ,20260408,1.6357,3.5717,,444315.1927,
001979.SZ,20260408,0.6498,1.6763,,7284953.9942,
688472.SH,20260408,3.6815,3.6815,,4856305.7693,
603626.SH,20260408,6.2659,8.8986,,1346138.1279,
688347.SH,20260408,4.7781,5.4207,,20900240.0174,
688283.SH,20260408,1.0675,2.1263,,487565.4,
002635.SZ,20260408,5.7177,7.348,,944671.4632,
002463.SZ,20260408,5.1754,7.5705,,16178124.2556,
603959.SH,20260408,3.3493,4.3885,,312320.4579,
688361.SH,20260408,2.6358,3.2119,,5774541.9414,
300624.SZ,20260408,8.101,10.1352,,1391054.8512,
000839.SZ,20260408,2.3208,3.6514,,1297462.5225,
300274.SZ,20260408,4.9951,5.5456,,26327711.8734,
301356.SZ,20260408,2.1694,2.1975,,490320.0,
600152.SH,20260408,10.8584,15.3547,,527492.1369,
300049.SZ,20260408,2.6574,2.86,,1543219.6416,
600540.SH,20260408,3.0475,5.5407,,270340.2864,
300741.SZ,20260408,0.7467,3.9517,,1034062.52,
002686.SZ,20260408,11.74,20.5635,,431474.2193,
300810.SZ,20260408,2.676,4.8251,,378468.3,
920876.BJ,20260408,4.3456,7.156,,155509.7368,
600927.SH,20260408,0.4867,3.1749,,2039233.334,
688157.SH,20260408,1.6133,3.4198,,652004.7414,
002587.SZ,20260408,4.6722,5.1629,,437837.6728,
920199.BJ,20260408,4.1438,8.6031,,245740.1584,
603327.SH,20260408,8.3592,28.3897,,1075777.6814,
601311.SH,20260408,1.7019,2.8193,,1110969.3737,
002512.SZ,20260408,7.1799,9.9451,,422748.7202,
600966.SH,20260408,1.2882,2.5177,,886327.7629,
600358.SH,20260408,1.3372,1.8913,,309526.1726,
300008.SZ,20260408,4.5456,5.2315,,1320214.2576,
600028.SH,20260408,0.2389,1.6138,,71225127.8768,
002348.SZ,20260408,4.7757,6.7729,,839219.2,
300331.SZ,20260408,5.5898,6.0346,,1175491.1687,
603389.SH,20260408,0.3354,0.8484,,1107236.928,
002825.SZ,20260408,2.7729,4.2892,,366125.6561,
605018.SH,20260408,6.1356,27.944,,563608.8858,
002132.SZ,20260408,10.5804,13.8052,,573231.7815,
688020.SH,20260408,2.9296,6.1575,,732438.21,
300659.SZ,20260408,3.0224,3.4467,,343717.939,
600118.SH,20260408,3.7658,7.7586,,9555694.6999,
300036.SZ,20260408,2.7669,2.7918,,776107.4218,
000837.SZ,20260408,1.7238,3.1527,,1104997.504,
688699.SH,20260408,2.0773,4.3034,,499363.2717,
300413.SZ,20260408,1.9074,3.2666,,4014566.869,
920855.BJ,20260408,0.6125,2.0183,,120096.4661,
002324.SZ,20260408,2.6317,3.2923,,1724121.1844,
300004.SZ,20260408,4.2505,5.7218,,655191.2613,
300756.SZ,20260408,2.4849,2.5022,,676884.1659,
300915.SZ,20260408,1.385,2.2845,,289178.6379,
001318.SZ,20260408,0.7126,2.3546,,386396.22,
300373.SZ,20260408,3.438,6.6033,,4227245.7829,
002303.SZ,20260408,2.8152,2.9823,,525244.024,
603119.SH,20260408,6.2525,6.2525,,2740797.1003,
605117.SH,20260408,1.4206,3.5758,,11212070.2429,
688162.SH,20260408,0.9487,2.2735,,431319.0382,
301276.SZ,20260408,1.9056,2.9983,,306504.0,
920204.BJ,20260408,1.6118,2.2803,,145391.783,
600595.SH,20260408,1.9429,3.2642,,3266442.6679,
603398.SH,20260408,1.1638,1.7957,,522971.6779,
002588.SZ,20260408,2.261,3.5555,,1225613.0667,
002649.SZ,20260408,2.613,2.6723,,694803.9595,
000672.SZ,20260408,1.6746,3.9921,,1317408.4166,
688083.SH,20260408,3.9449,6.8289,,917616.5446,
300687.SZ,20260408,2.9101,3.2727,,793135.3466,
603203.SH,20260408,3.7464,10.4937,,1067913.3068,
600850.SH,20260408,6.2282,10.7714,,1410051.9901,
603703.SH,20260408,2.9061,4.0887,,539476.756,
605151.SH,20260408,1.5339,4.5946,,252289.1663,
300281.SZ,20260408,1.2224,2.369,,284868.0344,
300677.SZ,20260408,9.3347,10.661,,3799533.1852,
300058.SZ,20260408,16.7852,16.7852,,5855650.8212,
002032.SZ,20260408,0.4822,2.8722,,3678151.1645,
002614.SZ,20260408,1.697,1.9641,,396074.3945,
002816.SZ,20260408,1.875,2.2321,,229900.0,
000713.SZ,20260408,1.7034,2.4073,,514851.5607,
600420.SH,20260408,1.0925,2.4905,,1417619.5354,
301286.SZ,20260408,1.2704,4.6811,,1876469.0,
600423.SH,20260408,6.6163,9.1995,,288328.9044,
600491.SH,20260408,1.0977,1.6169,,454338.1126,
300746.SZ,20260408,1.4985,3.14,,299103.2846,
688282.SH,20260408,1.8697,5.2771,,670032.0,
601133.SH,20260408,33.8123,33.8123,,1184873.3435,
301033.SZ,20260408,2.0935,3.2427,,406924.1438,
002278.SZ,20260408,4.4386,6.0573,,455564.2836,
301128.SZ,20260408,9.7502,18.2987,,1647198.7835,
300869.SZ,20260408,1.2564,1.4486,,547256.1314,
601633.SH,20260408,0.238,1.3507,,17980089.6288,
603922.SH,20260408,2.6588,4.8334,,363238.4,
600789.SH,20260408,1.8514,2.4301,,888411.3113,
600916.SH,20260408,5.1715,10.7976,,1604400.0,
003016.SZ,20260408,0.7315,2.3713,,346089.2867,
605189.SH,20260408,1.8286,5.6346,,282577.1108,
301421.SZ,20260408,16.7418,16.7927,,1134614.99,
300213.SZ,20260408,1.7584,1.8025,,474897.3633,
001285.SZ,20260408,4.8085,4.8085,,947737.2478,
002491.SZ,20260408,6.2979,9.561,,1869591.64,
688234.SH,20260408,2.542,5.3527,,4440075.1001,
301255.SZ,20260408,11.4466,11.4466,,422231.04,
603200.SH,20260408,3.8192,7.8,,1017609.1173,
920237.BJ,20260408,1.0474,2.8896,,161554.536,
601366.SH,20260408,1.1057,1.8061,,391574.3741,
600588.SH,20260408,1.5337,2.9319,,4172153.8364,
002855.SZ,20260408,1.788,4.9121,,295703.6184,
002865.SZ,20260408,4.4854,6.4783,,2269752.0512,
002012.SZ,20260408,2.1764,2.7872,,310503.3121,
000785.SZ,20260408,0.9391,2.8867,,1525626.9594,
001328.SZ,20260408,2.3008,2.3008,,563869.195,
603823.SH,20260408,0.755,2.3732,,652031.8245,
002371.SZ,20260408,1.9599,3.6569,,33630783.7172,
601669.SH,20260408,1.9492,3.1503,,9991172.4137,
920212.BJ,20260408,1.3316,2.3318,,124137.0,
301310.SZ,20260408,12.1521,14.1626,,578854.2712,
002225.SZ,20260408,2.6843,3.1734,,642218.4874,
002644.SZ,20260408,1.9557,5.2054,,455506.044,
301296.SZ,20260408,0.6996,1.664,,335580.9179,
002998.SZ,20260408,3.2117,4.8796,,305849.4542,
603227.SH,20260408,3.9896,7.2453,,1111345.3185,
603368.SH,20260408,1.1756,1.5766,,685984.0101,
002292.SZ,20260408,3.8211,4.5842,,1174087.5594,
000736.SZ,20260408,0.6747,1.4103,,377284.6925,
002480.SZ,20260408,1.3948,1.98,,472269.5634,
603088.SH,20260408,4.6801,8.6467,,617434.8102,
002995.SZ,20260408,17.6437,23.8029,,439377.2925,
300776.SZ,20260408,4.0101,5.1446,,2085192.5851,
600293.SH,20260408,2.3222,3.2428,,377047.14,
301049.SZ,20260408,3.9968,6.6645,,213578.0548,
300228.SZ,20260408,4.1228,4.1955,,562774.8672,
002791.SZ,20260408,3.8708,4.8885,,695737.9356,
688388.SH,20260408,6.5752,8.2003,,2089264.3272,
300554.SZ,20260408,3.2124,3.6907,,255148.663,
605133.SH,20260408,6.2704,13.719,,815789.0035,
300091.SZ,20260408,0.7528,1.1752,,849771.475,
301636.SZ,20260408,13.0564,13.0564,,427531.2072,
300404.SZ,20260408,4.5996,5.1102,,397438.9302,
601155.SH,20260408,0.6576,2.005,,3234563.1755,
603366.SH,20260408,3.9926,10.1016,,714669.2808,
300480.SZ,20260408,9.4746,10.7194,,1143925.9784,
603616.SH,20260408,4.8603,7.5482,,250834.838,
688789.SH,20260408,1.7671,3.3441,,1296401.9215,
301259.SZ,20260408,2.8847,3.3602,,515268.0,
300452.SZ,20260408,3.0686,3.7268,,354025.7574,
000571.SZ,20260408,2.8428,4.0089,,485855.691,
600581.SH,20260408,2.7958,5.5942,,409283.7313,
000721.SZ,20260408,1.8326,2.8351,,452818.389,
002165.SZ,20260408,10.1124,12.6278,,727181.8688,
300842.SZ,20260408,4.2462,4.7502,,1208436.9023,
002263.SZ,20260408,24.5518,34.055,,884707.6071,
603885.SH,20260408,1.7452,4.0883,,2802078.7588,
603511.SH,20260408,0.3973,2.8351,,574155.9197,
300676.SZ,20260408,1.5694,2.5381,,1723884.6661,
000607.SZ,20260408,1.9341,3.6201,,423362.5386,
002870.SZ,20260408,2.3342,4.1634,,484585.5085,
600501.SH,20260408,1.7476,3.2446,,955331.4386,
300579.SZ,20260408,1.2954,2.7172,,735480.0,
920121.BJ,20260408,2.5213,2.5213,,240818.527,
688584.SH,20260408,1.3949,3.177,,1325593.0392,
300080.SZ,20260408,1.8134,4.2744,,893602.468,
002990.SZ,20260408,11.5821,18.4188,,854423.5263,
688593.SH,20260408,3.0197,4.0245,,1423622.1184,
300326.SZ,20260408,1.4374,1.7566,,476813.4335,
002656.SZ,20260408,0.7849,0.9876,,216606.0326,
002589.SZ,20260408,11.1151,13.5801,,514610.9811,
002945.SZ,20260408,0.9804,9.8038,,4382100.0,
600328.SH,20260408,1.74,3.2032,,1293285.0081,
600970.SH,20260408,2.294,5.5678,,2944303.3255,
002892.SZ,20260408,1.717,2.1,,819735.3251,
002893.SZ,20260408,20.2809,25.6405,,294485.88,
300648.SZ,20260408,1.3652,1.4732,,913234.536,
002382.SZ,20260408,9.766,13.7772,,797660.0296,
002243.SZ,20260408,1.4154,2.8524,,1075016.5465,
688147.SH,20260408,1.6524,5.3323,,3056098.1284,
002898.SZ,20260408,2.4549,3.9089,,228096.0,
002760.SZ,20260408,3.6239,4.7237,,238439.0628,
002963.SZ,20260408,2.5525,4.2254,,226291.6947,
688728.SH,20260408,0.5753,1.7047,,3495188.4804,
301668.SZ,20260408,8.8733,8.8733,,558580.0,
300059.SZ,20260408,2.9326,3.1512,,30802069.4286,
600616.SH,20260408,1.1647,1.8347,,343199.5394,
300831.SZ,20260408,9.9471,9.9471,,571200.0,
920055.BJ,20260408,18.3877,18.3877,,231064.0,
688126.SH,20260408,1.1584,1.9758,,5909381.8267,
301011.SZ,20260408,3.6681,6.769,,363346.8655,
000661.SZ,20260408,1.2129,1.6669,,3540897.7517,
301157.SZ,20260408,14.6474,14.6474,,384900.0,
301279.SZ,20260408,3.5485,8.9059,,364566.5141,
000889.SZ,20260408,3.5194,4.7555,,336128.5106,
688679.SH,20260408,3.4565,7.0796,,710992.5553,
603177.SH,20260408,2.2379,5.3851,,229307.616,
002967.SZ,20260408,1.2811,2.4421,,1317894.9407,
688709.SH,20260408,3.9608,4.9429,,2872816.9343,
688367.SH,20260408,4.543,6.5999,,339107.202,
600017.SH,20260408,1.557,2.8034,,959604.0131,
688570.SH,20260408,0.4323,0.6511,,768142.0,
300570.SZ,20260408,15.739,19.4195,,2792524.8298,
601038.SH,20260408,0.823,3.2866,,1430400.4351,
600313.SH,20260408,5.9241,9.838,,874514.5987,
301081.SZ,20260408,4.0799,9.2208,,350955.1899,
688608.SH,20260408,2.5136,3.8057,,2892422.7803,
601519.SH,20260408,1.9483,3.8928,,2164206.08,
002094.SZ,20260408,3.0453,3.8755,,460828.6652,
301535.SZ,20260408,2.1429,5.7035,,877381.7654,
000892.SZ,20260408,11.4456,15.7517,,655294.956,
600839.SH,20260408,1.8452,2.4034,,4080759.8922,
603063.SH,20260408,5.4452,6.7198,,1450728.7367,
688548.SH,20260408,5.531,5.531,,3237803.9705,
000659.SZ,20260408,6.8338,8.1073,,524566.6282,
300076.SZ,20260408,2.1137,3.0074,,265000.0,
600658.SH,20260408,0.9165,1.7493,,529090.7263,
002697.SZ,20260408,1.7027,2.5941,,753440.0,
002376.SZ,20260408,1.6164,2.2807,,573067.7165,
300661.SZ,20260408,5.9099,8.9148,,4757430.2588,
002515.SZ,20260408,2.2266,2.4698,,694892.5301,
002906.SZ,20260408,1.5522,3.6003,,1501268.4573,
600939.SH,20260408,0.8269,2.7641,,574547.4331,
603103.SH,20260408,1.2794,10.6093,,1459928.4,
301048.SZ,20260408,4.8574,19.4296,,602133.4086,
603686.SH,20260408,3.8078,4.587,,775193.1339,
603879.SH,20260408,2.1641,3.1991,,199436.1642,
300196.SZ,20260408,4.3601,5.5637,,724248.856,
002768.SZ,20260408,1.7121,2.5591,,1462870.0,
301566.SZ,20260408,5.7026,5.7026,,818020.45,
688306.SH,20260408,1.0858,2.6364,,1133705.0244,
002135.SZ,20260408,3.1647,5.5444,,783095.9526,
003013.SZ,20260408,0.5635,2.5341,,611425.6019,
000526.SZ,20260408,3.6643,5.7951,,392514.6321,
600353.SH,20260408,3.0188,5.2002,,1220895.0476,
600750.SH,20260408,1.1453,2.0296,,1674841.0165,
002921.SZ,20260408,5.4425,6.6938,,388514.0912,
002328.SZ,20260408,14.2402,16.1105,,644427.95,
002024.SZ,20260408,0.5531,1.5409,,1269273.1637,
603806.SH,20260408,2.4804,6.5156,,4831395.527,
000563.SZ,20260408,1.1164,1.9781,,1759205.8032,
600078.SH,20260408,3.7701,6.4775,,784426.1059,
603210.SH,20260408,2.1525,2.1525,,588551.6,
301080.SZ,20260408,4.6391,6.0056,,788075.6542,
002766.SZ,20260408,1.666,3.1917,,425078.2702,
002115.SZ,20260408,6.7163,7.4381,,1012928.1737,
300904.SZ,20260408,4.0924,4.0924,,413091.105,
688700.SH,20260408,6.5964,9.9351,,1739679.9288,
002408.SZ,20260408,4.3494,9.6564,,1870597.147,
301488.SZ,20260408,5.1377,5.2393,,1201336.0,
603208.SH,20260408,1.0707,2.5701,,239360.2826,
688122.SH,20260408,2.2414,3.3379,,4760091.7695,
920227.BJ,20260408,8.1402,13.3348,,242216.13,
688681.SH,20260408,2.4369,3.749,,199710.36,
002935.SZ,20260408,1.4247,2.4995,,790527.0749,
600496.SH,20260408,1.3634,1.9394,,815951.3209,
300966.SZ,20260408,3.9331,5.2363,,248200.2363,
920685.BJ,20260408,1.3,1.6442,,115584.6335,
300504.SZ,20260408,4.2674,7.7603,,431742.1559,
002223.SZ,20260408,1.05,1.7277,,3346267.989,
002036.SZ,20260408,2.8967,3.1719,,980393.3979,
688207.SH,20260408,2.5127,3.3947,,377582.8483,
002401.SZ,20260408,1.1952,2.3438,,575342.7451,
688137.SH,20260408,0.814,2.5326,,301824.5631,
600644.SH,20260408,5.8413,11.4919,,657550.7701,
301160.SZ,20260408,3.1962,3.7706,,618084.3174,
600160.SH,20260408,1.1991,2.5833,,9449111.2835,
002843.SZ,20260408,9.0222,15.7236,,572199.4784,
603803.SH,20260408,16.4725,29.2238,,594836.9798,
600617.SH,20260408,3.8654,9.8371,,653996.0121,
001395.SZ,20260408,2.1316,2.5389,,345906.6,
600382.SH,20260408,2.6087,4.2787,,622884.0558,
603725.SH,20260408,1.7283,2.8673,,271933.0506,
300689.SZ,20260408,1.8037,3.6941,,541586.0,
002046.SZ,20260408,2.4992,4.9618,,2464869.3558,
000598.SZ,20260408,0.8323,1.9434,,2008237.8692,
920374.BJ,20260408,2.9263,3.3597,,166459.756,
002706.SZ,20260408,4.6138,5.1293,,1091677.5194,
000488.SZ,20260408,1.1482,1.5708,,788310.2616,
601033.SH,20260408,2.1678,2.1678,,1323900.0,
301038.SZ,20260408,1.0631,3.3492,,469583.4,
301239.SZ,20260408,2.2139,4.227,,553590.4776,
300606.SZ,20260408,19.6222,28.5199,,554498.0866,
301031.SZ,20260408,3.8307,4.8953,,1433148.4685,
300907.SZ,20260408,1.7607,4.5733,,275232.0,
000868.SZ,20260408,1.0574,1.5795,,427479.2044,
300702.SZ,20260408,2.0634,3.0099,,801739.3743,
001319.SZ,20260408,2.7237,3.5907,,353500.0,
000715.SZ,20260408,1.8374,3.546,,316154.2539,
603535.SH,20260408,0.5935,1.7395,,439900.6003,
300001.SZ,20260408,3.2494,4.823,,3011449.0952,
000887.SZ,20260408,1.8329,3.0819,,2424974.114,
605577.SH,20260408,0.9487,4.6152,,576000.0007,
603106.SH,20260408,1.5758,3.5514,,478878.4,
688568.SH,20260408,1.7103,3.9857,,4917160.1795,
601101.SH,20260408,2.0067,5.4688,,1198078.2744,
000795.SZ,20260408,1.2203,2.3525,,1023716.745,
603567.SH,20260408,1.6896,4.303,,650228.5919,
301188.SZ,20260408,15.19,20.4584,,633259.1677,
603939.SH,20260408,0.663,1.3701,,2841847.6239,
300441.SZ,20260408,0.6873,1.3148,,463335.0091,
301349.SZ,20260408,5.7582,13.9379,,591192.0,
603331.SH,20260408,3.9403,5.5664,,314180.9383,
301248.SZ,20260408,7.2489,8.2401,,740396.985,
002565.SZ,20260408,25.6894,33.7369,,1822120.9569,
603345.SH,20260408,2.1509,2.8679,,3216238.1938,
600375.SH,20260408,1.4269,1.6398,,815963.3258,
601699.SH,20260408,1.3686,3.6453,,3939685.9164,
300667.SZ,20260408,4.9271,5.5641,,350336.8988,
688787.SH,20260408,5.6537,8.9209,,804858.5516,
300755.SZ,20260408,1.4082,4.6971,,553925.0736,
600163.SH,20260408,3.2985,9.6913,,1174148.6202,
301063.SZ,20260408,2.9634,4.8958,,253700.92,
688757.SH,20260408,2.046,2.8033,,986096.5833,
000400.SZ,20260408,2.8286,4.5757,,2873533.3644,
603359.SH,20260408,2.0867,3.8685,,269888.08,
301028.SZ,20260408,2.009,4.4153,,560328.4948,
002148.SZ,20260408,2.1089,2.2593,,429861.2568,
300220.SZ,20260408,1.6512,3.2884,,215913.6,
300655.SZ,20260408,3.2869,3.8687,,1618046.2849,
300013.SZ,20260408,2.9733,3.2602,,216643.2509,
688059.SH,20260408,3.2664,5.0921,,1209839.8928,
688385.SH,20260408,2.3818,3.8822,,5684445.1383,
002481.SZ,20260408,0.7941,1.3115,,562565.604,
603049.SH,20260408,3.389,3.389,,4387294.2452,
603866.SH,20260408,0.5403,1.4129,,804658.735,
920837.BJ,20260408,0.8273,2.4682,,191309.8244,
002678.SZ,20260408,4.2441,25.629,,819067.1548,
603233.SH,20260408,0.4737,1.199,,2032843.7996,
300827.SZ,20260408,8.1063,10.0736,,2024687.2728,
688455.SH,20260408,3.6959,7.9963,,484600.4407,
301558.SZ,20260408,3.5411,3.5411,,653168.8126,
300912.SZ,20260408,4.1079,5.586,,294672.33,
301511.SZ,20260408,9.7095,12.5534,,2596296.318,
688355.SH,20260408,4.4838,14.2232,,285594.7899,
600019.SH,20260408,0.433,1.1809,,14136573.0021,
603507.SH,20260408,8.0488,10.7782,,774249.7907,
600886.SH,20260408,0.2656,0.8515,,10838085.2307,
688171.SH,20260408,2.4095,4.4826,,429841.3154,
002666.SZ,20260408,2.3299,3.0353,,429459.619,
000409.SZ,20260408,1.4484,2.3025,,718415.5353,
600395.SH,20260408,1.556,3.3428,,1191376.8162,
300906.SZ,20260408,2.0004,4.0225,,258160.0,
601890.SH,20260408,3.8017,5.9124,,1002573.0,
301498.SZ,20260408,2.0047,4.0065,,2097276.2631,
300535.SZ,20260408,3.5047,4.3327,,213718.6664,
000533.SZ,20260408,8.3873,13.5346,,1005828.096,
003031.SZ,20260408,7.0645,15.6045,,4212382.6502,
603067.SH,20260408,6.3284,10.0864,,2771254.32,
601677.SH,20260408,3.5746,4.2026,,2019482.3702,
001289.SZ,20260408,0.2877,10.8791,,12982794.5027,
000685.SZ,20260408,1.1219,2.2219,,1621147.3747,
002986.SZ,20260408,4.7615,5.5625,,591468.886,
301325.SZ,20260408,3.0995,3.0995,,637156.6985,
300268.SZ,20260408,0.6734,0.9615,,237608.8,
600202.SH,20260408,2.5479,3.8621,,228087.6998,
600675.SH,20260408,0.448,1.6014,,1596179.7274,
603018.SH,20260408,0.9395,0.9395,,501222.7634,
301187.SZ,20260408,0.7468,2.5984,,531281.4661,
002795.SZ,20260408,3.1063,4.3466,,348491.3799,
300575.SZ,20260408,4.6624,5.29,,301936.1892,
300247.SZ,20260408,1.8334,2.1457,,377094.9068,
603038.SH,20260408,0.9309,1.5996,,403553.0132,
002030.SZ,20260408,1.1231,1.6427,,856102.0795,
600157.SH,20260408,3.075,3.7711,,3883562.0178,
001208.SZ,20260408,11.5224,11.7101,,1253720.2484,
002772.SZ,20260408,3.1885,5.144,,649803.5522,
603212.SH,20260408,2.9544,4.6518,,566550.3736,
920099.BJ,20260408,3.3505,4.4606,,249547.1936,
002394.SZ,20260408,1.663,2.795,,447677.1,
002723.SZ,20260408,4.4111,6.3684,,315067.6824,
300050.SZ,20260408,9.8363,11.9349,,384116.9362,
603819.SH,20260408,6.2313,12.4755,,290452.0695,
920656.BJ,20260408,2.9591,3.8322,,159600.0,
000612.SZ,20260408,3.7538,4.9735,,1452098.8619,
301101.SZ,20260408,1.6121,4.0242,,699045.4749,
605337.SH,20260408,0.8513,2.1908,,429892.7644,
300239.SZ,20260408,1.5853,2.1706,,330046.0107,
601333.SH,20260408,1.188,2.2213,,2238397.692,
688678.SH,20260408,4.339,6.508,,755536.7562,
301391.SZ,20260408,1.6987,4.6767,,667098.988,
300583.SZ,20260408,2.0389,3.8078,,278672.4231,
603663.SH,20260408,2.0694,4.8628,,1809606.4313,
600815.SH,20260408,3.0962,5.9895,,684800.4693,
002050.SZ,20260408,2.7618,4.9124,,18633085.7042,
300788.SZ,20260408,3.3766,12.7419,,595174.242,
603788.SH,20260408,0.7511,1.5393,,342404.8794,
605259.SH,20260408,1.5158,3.4778,,376178.88,
002117.SZ,20260408,1.5646,2.2626,,517436.3035,
920925.BJ,20260408,3.0419,4.3895,,168808.3602,
002634.SZ,20260408,6.3511,8.2704,,444193.8801,
000859.SZ,20260408,4.4366,6.2587,,896872.2473,
688360.SH,20260408,2.0963,4.0727,,520370.201,
688737.SH,20260408,1.0704,1.7452,,297835.1919,
300286.SZ,20260408,3.1622,4.4621,,629720.2687,
603883.SH,20260408,1.0047,1.9212,,1045750.7452,
300517.SZ,20260408,3.4194,4.2034,,234083.2331,
600638.SH,20260408,1.0882,1.7385,,405384.8652,
300417.SZ,20260408,8.4329,10.5564,,174259.344,
002756.SZ,20260408,5.2546,5.9973,,3873983.6664,
920245.BJ,20260408,0.8548,1.7791,,119771.247,
688022.SH,20260408,4.4658,6.054,,279294.7785,
002404.SZ,20260408,1.6304,2.4875,,389795.8725,
600057.SH,20260408,1.1061,2.5252,,2371892.0981,
000921.SZ,20260408,1.0635,2.4327,,3050849.1597,
002496.SZ,20260408,4.6021,5.0988,,281919.2696,
601018.SH,20260408,0.2427,1.5388,,7762300.9712,
600749.SH,20260408,2.207,4.0175,,374039.172,
002657.SZ,20260408,3.332,3.64,,772598.1326,
001259.SZ,20260408,2.2774,4.4912,,234086.2527,
000981.SZ,20260408,4.1159,7.1476,,4268920.0692,
301032.SZ,20260408,2.9441,5.3375,,303586.9506,
000408.SZ,20260408,1.1402,2.5616,,13268407.5453,
600117.SH,20260408,0.4695,1.2898,,856095.2074,
000601.SZ,20260408,8.9503,12.6462,,702466.5938,
600919.SH,20260408,0.5092,0.7053,,19966241.0157,
300980.SZ,20260408,3.7605,4.4314,,503937.9727,
603608.SH,20260408,3.1152,4.2934,,428130.9046,
002064.SZ,20260408,1.2649,3.8077,,5453835.7428,
002045.SZ,20260408,1.9247,2.5665,,667667.4777,
603223.SH,20260408,0.8731,2.2499,,609830.3748,
920976.BJ,20260408,3.2009,5.0303,,219104.0992,
600267.SH,20260408,2.6908,4.3276,,1241916.5991,
001914.SZ,20260408,0.9142,2.4623,,1031591.741,
920247.BJ,20260408,1.657,4.0879,,320444.8336,
603171.SH,20260408,1.2003,4.699,,2121120.9,
000735.SZ,20260408,1.9326,2.4599,,777271.6652,
603303.SH,20260408,0.5878,2.4433,,728771.3106,
002099.SZ,20260408,1.6305,2.7078,,1150906.5449,
920726.BJ,20260408,2.5705,5.219,,172839.0,
300997.SZ,20260408,1.0575,3.0948,,873197.0561,
600548.SH,20260408,0.3811,2.3679,,2426190.4574,
920080.BJ,20260408,2.5917,2.5917,,189157.0,
600381.SH,20260408,2.7288,4.6886,,162615.8253,
600602.SH,20260408,14.7959,26.4034,,3426022.0048,
002707.SZ,20260408,2.1499,2.7989,,661367.2172,
000603.SZ,20260408,4.4427,7.4991,,2903391.008,
301002.SZ,20260408,4.0029,5.0501,,487121.4076,
000042.SZ,20260408,0.5755,1.2344,,581727.2466,
601069.SH,20260408,0.701,2.3322,,3024517.0884,
002205.SZ,20260408,1.609,2.3055,,243640.4719,
301066.SZ,20260408,2.646,5.2804,,337819.4336,
301238.SZ,20260408,0.9633,3.3114,,1457133.2671,
600980.SH,20260408,2.0151,3.8408,,422625.4536,
600252.SH,20260408,2.2801,3.2696,,840619.0505,
002136.SZ,20260408,3.3897,4.9354,,272860.38,
300199.SZ,20260408,10.1088,10.771,,1834492.2549,
603080.SH,20260408,1.3696,2.5813,,303234.5,
002827.SZ,20260408,1.0369,2.4558,,935030.25,
688433.SH,20260408,2.1233,3.4279,,3204424.0056,
603868.SH,20260408,0.7982,7.9745,,1408294.8,
603506.SH,20260408,1.3285,3.4302,,236787.7793,
688531.SH,20260408,3.7404,4.0137,,1204695.9062,
300318.SZ,20260408,0.9415,2.0275,,497492.4015,
300610.SZ,20260408,3.1748,3.4374,,247904.2009,
603915.SH,20260408,1.1551,3.2346,,984948.72,
300510.SZ,20260408,2.3129,3.3918,,350493.5475,
301226.SZ,20260408,10.7116,22.2029,,473388.8,
600337.SH,20260408,2.1715,4.0428,,373619.5156,
920179.BJ,20260408,5.2425,7.1313,,342537.93,
688580.SH,20260408,1.4221,3.7718,,525305.5147,
300849.SZ,20260408,3.1563,5.0978,,301500.0,
002633.SZ,20260408,1.4724,3.0546,,273450.0,
301607.SZ,20260408,3.9064,4.8511,,737469.7933,
300543.SZ,20260408,3.0214,3.3507,,301469.3927,
920992.BJ,20260408,3.6529,5.7268,,145676.7866,
002309.SZ,20260408,30.8213,32.8892,,1512855.6887,
688309.SH,20260408,2.8042,5.5184,,495225.7148,
002800.SZ,20260408,7.2402,14.4211,,272076.2307,
000755.SZ,20260408,0.4034,1.7786,,760066.6815,
002996.SZ,20260408,2.5001,3.4757,,487350.0166,
688486.SH,20260408,1.4729,3.0702,,817298.6907,
600012.SH,20260408,0.8648,4.1115,,2521881.6282,
002405.SZ,20260408,2.8169,3.1185,,2211815.3435,
600105.SH,20260408,10.5056,13.984,,4858208.727,
601999.SH,20260408,3.3339,10.2658,,429713.466,
603969.SH,20260408,1.2568,2.1012,,795762.583,
002216.SZ,20260408,1.6725,3.4081,,1128872.3176,
600547.SH,20260408,1.8361,4.0568,,19587590.5517,
001382.SZ,20260408,9.3448,9.3448,,855312.0,
002522.SZ,20260408,4.0881,5.4523,,550713.8673,
300861.SZ,20260408,2.0056,3.2317,,1081663.1084,
600561.SH,20260408,2.7642,4.5882,,185194.3968,
300368.SZ,20260408,5.3524,7.6455,,598235.0702,
000553.SZ,20260408,0.892,5.5656,,1479430.4714,
601600.SH,20260408,3.5645,5.8813,,20980529.9329,
300631.SZ,20260408,2.4696,3.3627,,337617.2448,
002009.SZ,20260408,7.8419,9.5003,,1019258.9465,
600106.SH,20260408,2.4108,3.3065,,802731.1374,
000586.SZ,20260408,1.9892,2.9795,,441816.96,
688013.SH,20260408,1.7221,3.5613,,305713.1452,
601800.SH,20260408,0.2521,1.235,,12531476.0533,
603568.SH,20260408,0.5138,1.6028,,4412130.3922,
688425.SH,20260408,0.5963,2.1517,,2714749.973,
688428.SH,20260408,9.7084,9.7084,,5375105.4778,
002273.SZ,20260408,8.9975,9.8966,,3918801.5988,
600487.SH,20260408,7.9793,11.1102,,14443193.057,
002881.SZ,20260408,3.3196,4.6429,,1159705.728,
301092.SZ,20260408,2.6135,4.3279,,452845.7659,
920720.BJ,20260408,3.0953,3.2028,,320253.6301,
600673.SH,20260408,2.1915,4.4842,,9687757.7349,
688733.SH,20260408,1.9038,2.6139,,547783.571,
300143.SZ,20260408,3.7739,6.6072,,957799.1499,
002298.SZ,20260408,6.8083,6.9978,,754173.0081,
300292.SZ,20260408,5.3267,5.6971,,649414.2474,
688258.SH,20260408,4.4514,7.1551,,1444863.4607,
688073.SH,20260408,3.0381,4.6981,,544388.8585,
300855.SZ,20260408,2.4702,3.4994,,1613768.52,
301215.SZ,20260408,0.8409,2.884,,814198.5,
002839.SZ,20260408,1.1704,1.4792,,1109732.6182,
601916.SH,20260408,0.5344,0.8039,,8184461.517,
301632.SZ,20260408,3.5277,3.5277,,864326.4,
000949.SZ,20260408,6.0453,9.8264,,1217821.4427,
002380.SZ,20260408,3.376,4.3067,,796532.283,
603013.SH,20260408,0.8097,3.9948,,957485.6586,
603268.SH,20260408,2.0313,2.4195,,12169676.8064,
603739.SH,20260408,1.7986,4.3314,,383338.732,
301178.SZ,20260408,2.6862,3.1962,,335601.056,
002446.SZ,20260408,2.8897,2.968,,921823.6341,
600515.SH,20260408,1.2237,2.0408,,4250215.1719,
300148.SZ,20260408,5.4921,6.2519,,372508.4696,
603878.SH,20260408,1.6184,2.6651,,426464.9811,
300636.SZ,20260408,2.217,2.7859,,345200.1289,
002952.SZ,20260408,11.5207,28.7968,,434021.94,
601969.SH,20260408,1.5647,7.0085,,2201084.5849,
000411.SZ,20260408,1.5581,3.1492,,631501.3452,
603238.SH,20260408,1.5181,3.8042,,280641.729,
603386.SH,20260408,2.5255,5.9362,,453588.3584,
300456.SZ,20260408,16.698,18.0506,,3823616.9857,
000657.SZ,20260408,6.0694,9.8608,,11267698.758,
603395.SH,20260408,5.0058,5.0058,,746720.0,
688027.SH,20260408,3.7833,4.9626,,5777702.4262,
603429.SH,20260408,1.3717,2.3269,,533926.2034,
300917.SZ,20260408,3.4279,7.7032,,545025.0,
301266.SZ,20260408,3.751,8.5155,,440359.7959,
688399.SH,20260408,1.3486,2.2501,,447874.9901,
603737.SH,20260408,0.7168,2.1732,,3744423.6755,
601158.SH,20260408,0.2353,2.0573,,2107211.1304,
603897.SH,20260408,8.0693,19.3713,,745852.1155,
600539.SH,20260408,10.2852,17.1323,,331200.0,
001299.SZ,20260408,1.9658,6.5749,,329017.9497,
002406.SZ,20260408,2.8117,3.1129,,535985.2102,
300121.SZ,20260408,2.1044,3.046,,540069.7336,
003011.SZ,20260408,3.761,4.9288,,245600.992,
688334.SH,20260408,2.124,3.3331,,682861.9082,
000021.SZ,20260408,6.0752,9.243,,4373986.8816,
688371.SH,20260408,1.3433,3.3301,,705498.3647,
603360.SH,20260408,1.5847,3.5845,,1945646.1668,
002928.SZ,20260408,1.3756,2.5045,,1096731.2499,
688515.SH,20260408,4.1124,4.6304,,1033360.0,
000875.SZ,20260408,1.7814,2.5283,,2321453.2006,
600521.SH,20260408,1.7336,2.8715,,2404586.9304,
300215.SZ,20260408,3.5441,5.8636,,614257.2333,
001306.SZ,20260408,5.1465,5.1465,,429898.104,
300884.SZ,20260408,2.6491,3.2828,,346015.0237,
688488.SH,20260408,5.0981,9.231,,769611.7558,
002663.SZ,20260408,8.2933,10.0354,,418773.7832,
605266.SH,20260408,0.9709,1.9284,,299195.1086,
603326.SH,20260408,1.5821,4.9488,,277045.5752,
688236.SH,20260408,0.7527,4.0948,,786315.425,
002241.SZ,20260408,2.9911,3.8333,,8346448.1699,
603092.SH,20260408,6.1383,6.1383,,2710800.6777,
300775.SZ,20260408,4.7242,6.724,,2033056.733,
300043.SZ,20260408,3.5065,5.1374,,716658.279,
603685.SH,20260408,2.4187,4.7903,,732524.708,
688526.SH,20260408,0.942,3.4638,,709913.0293,
000301.SZ,20260408,0.5152,1.5705,,7569859.187,
920002.BJ,20260408,2.2204,3.6484,,385091.6182,
002164.SZ,20260408,2.8075,4.4373,,673199.7166,
301077.SZ,20260408,2.0023,3.3283,,467887.1667,
300248.SZ,20260408,2.4812,2.5981,,508263.7353,
605298.SH,20260408,1.1087,3.9636,,941504.2,
603948.SH,20260408,0.938,3.4374,,437745.8159,
002796.SZ,20260408,10.1766,14.814,,1290604.5721,
600655.SH,20260408,0.3651,0.7876,,1833347.8466,
600307.SH,20260408,1.8305,4.4424,,1208827.9828,
601006.SH,20260408,0.5655,1.1079,,10516826.7678,
603828.SH,20260408,0.5639,1.1333,,351020.5331,
603955.SH,20260408,1.5732,2.5873,,353957.76,
002763.SZ,20260408,2.6506,4.8967,,328349.124,
603711.SH,20260408,0.3249,1.7463,,518156.9955,
600982.SH,20260408,8.9428,18.213,,600165.9594,
300921.SZ,20260408,9.0943,10.8901,,476954.4788,
920275.BJ,20260408,1.1295,3.0596,,117301.9136,
300953.SZ,20260408,10.5876,14.1502,,3058759.353,
600246.SH,20260408,3.3122,4.0644,,1830294.2024,
600739.SH,20260408,1.0498,1.8755,,1743869.1902,
300790.SZ,20260408,15.1954,15.6371,,1063246.144,
300054.SZ,20260408,6.8727,7.585,,4908149.1853,
688049.SH,20260408,3.3326,4.3935,,815930.9137,
301069.SZ,20260408,1.8819,3.0769,,972058.7212,
688358.SH,20260408,1.0798,3.6565,,336488.9646,
605277.SH,20260408,2.5226,5.4796,,760075.4938,
605167.SH,20260408,0.8907,2.3838,,745953.9439,
603650.SH,20260408,1.7092,4.3809,,3211640.5226,
920469.BJ,20260408,1.3409,1.8064,,128824.644,
300804.SZ,20260408,18.5727,18.5727,,366374.0,
601696.SH,20260408,1.3937,2.6671,,3469722.0,
001356.SZ,20260408,1.4487,2.1329,,654734.52,
002582.SZ,20260408,4.6847,5.2689,,516654.9062,
001298.SZ,20260408,4.1605,4.4101,,870397.194,
688510.SH,20260408,2.8325,3.7246,,865507.8977,
301528.SZ,20260408,1.3838,2.097,,388051.1,
301167.SZ,20260408,5.5727,5.5727,,189168.0,
001286.SZ,20260408,1.7977,2.7638,,4166250.0,
600203.SH,20260408,3.4779,4.7019,,674820.4373,
000852.SZ,20260408,2.0956,4.3898,,677781.0915,
002390.SZ,20260408,1.9012,3.314,,649246.5239,
300708.SZ,20260408,6.6944,7.386,,897602.8777,
301171.SZ,20260408,20.1217,24.2041,,2306578.3036,
301662.SZ,20260408,7.3636,7.3636,,1126240.0,
001309.SZ,20260408,12.1359,13.5008,,8921839.7291,
603416.SH,20260408,1.2521,2.4155,,776421.9857,
000550.SZ,20260408,1.0217,3.2242,,1587450.546,
300173.SZ,20260408,1.4505,1.8309,,318136.2272,
002455.SZ,20260408,16.1442,16.4239,,968099.75,
600512.SH,20260408,7.8771,9.6253,,408015.6106,
601877.SH,20260408,1.5995,3.405,,7031426.4895,
600126.SH,20260408,1.7275,4.0605,,3144163.0363,
300151.SZ,20260408,3.2071,3.7182,,856806.7622,
000726.SZ,20260408,1.3113,1.7212,,573886.9951,
002813.SZ,20260408,1.2416,3.6412,,295680.0,
002274.SZ,20260408,4.7587,7.9341,,609513.3734,
601228.SH,20260408,0.3863,2.1576,,2595318.7847,
601326.SH,20260408,1.1894,5.1275,,2139978.796,
603199.SH,20260408,4.3012,7.7671,,432758.8,
301522.SZ,20260408,2.5146,3.8268,,1174726.8011,
688189.SH,20260408,2.9572,5.3078,,218971.2,
002429.SZ,20260408,3.5385,7.6835,,4631060.241,
000869.SZ,20260408,0.1648,0.6843,,1274388.6082,
001367.SZ,20260408,16.0549,16.0549,,387124.3992,
603166.SH,20260408,1.1831,2.8977,,879376.1867,
600156.SH,20260408,1.7526,2.9364,,297159.8088,
002549.SZ,20260408,7.0581,12.7949,,1330200.5346,
002373.SZ,20260408,1.8576,2.5556,,1548584.4507,
603860.SH,20260408,2.3377,4.3484,,213109.28,
002003.SZ,20260408,0.623,0.9199,,1160356.3013,
603230.SH,20260408,1.2813,4.5294,,435893.859,
301289.SZ,20260408,1.247,5.0863,,423306.0,
000920.SZ,20260408,1.8157,3.888,,549185.7391,
300019.SZ,20260408,5.5595,10.1917,,790950.8004,
300024.SZ,20260408,1.7218,2.3144,,2357823.6447,
920061.BJ,20260408,2.0134,3.9098,,163524.9,
300772.SZ,20260408,3.4381,5.7528,,1353378.0526,
600392.SH,20260408,6.0565,8.2111,,4334740.1076,
600475.SH,20260408,1.3153,4.1811,,1669116.1628,
688543.SH,20260408,5.7159,5.7159,,1439548.099,
000898.SZ,20260408,0.5892,2.2808,,2239243.8807,
600546.SH,20260408,1.9895,4.7267,,2216385.9645,
301231.SZ,20260408,11.3269,13.7501,,275734.8,
301551.SZ,20260408,7.5557,9.102,,1227630.69,
600961.SH,20260408,2.4988,4.0247,,1952628.3195,
603596.SH,20260408,2.3853,3.8242,,2788744.1761,
301137.SZ,20260408,4.3613,12.8954,,803797.0414,
605122.SH,20260408,1.1056,3.3305,,224921.97,
301012.SZ,20260408,4.8892,7.6644,,587532.1632,
600828.SH,20260408,1.0677,6.9261,,917950.7494,
600165.SH,20260408,0.8785,2.4664,,552632.2511,
000682.SZ,20260408,1.4223,2.4292,,1662501.4887,
920110.BJ,20260408,1.0297,1.5537,,138060.0,
002443.SZ,20260408,2.917,3.7058,,435688.2302,
301141.SZ,20260408,11.1186,11.1186,,648070.3611,
300886.SZ,20260408,2.8193,3.5932,,219681.726,
600050.SH,20260408,0.611,1.4315,,14287842.3744,
300149.SZ,20260408,11.6457,13.2399,,581123.9787,
002197.SZ,20260408,3.7434,4.3542,,489032.8907,
688270.SH,20260408,9.9075,13.9029,,3317799.8,
300093.SZ,20260408,1.873,1.9235,,1022760.0,
600026.SH,20260408,3.7909,10.4651,,14247830.7273,
002145.SZ,20260408,1.207,1.849,,1777715.9095,
300310.SZ,20260408,6.0686,6.0851,,553681.5575,
600338.SH,20260408,5.3705,5.8119,,1618151.9974,
300255.SZ,20260408,3.6694,5.2859,,3928985.2535,
002116.SZ,20260408,1.7226,3.2533,,494207.486,
000027.SZ,20260408,0.8115,3.2481,,3225510.363,
688685.SH,20260408,4.4699,7.0308,,610902.9347,
688191.SH,20260408,2.5083,4.8259,,948608.2652,
603976.SH,20260408,0.9436,3.2784,,306490.1006,
688063.SH,20260408,4.8059,6.888,,1695677.7698,
002217.SZ,20260408,5.131,7.2443,,1839932.1363,
920689.BJ,20260408,3.0499,3.8337,,206107.2,
000532.SZ,20260408,2.5061,4.7371,,471216.3008,
002326.SZ,20260408,3.7783,4.7467,,2141670.4773,
002808.SZ,20260408,1.5912,1.7935,,121766.4,
603903.SH,20260408,1.4309,2.5976,,298979.1111,
300086.SZ,20260408,13.418,18.9462,,400509.4817,
600298.SH,20260408,0.8919,1.4522,,3528130.0476,
600509.SH,20260408,2.0941,3.1939,,1085773.9515,
920020.BJ,20260408,1.7143,1.7143,,352263.87,
002224.SZ,20260408,2.6595,3.2846,,405952.3458,
002613.SZ,20260408,2.5269,3.3256,,411612.6908,
300711.SZ,20260408,1.8693,5.5849,,709777.5226,
003007.SZ,20260408,21.3575,41.2317,,482219.52,
600221.SH,20260408,1.1927,2.061,,6439129.2477,
002572.SZ,20260408,1.1231,1.3358,,1227885.1341,
002112.SZ,20260408,10.5735,14.4836,,624440.7117,
600187.SH,20260408,1.9753,2.5101,,303390.8474,
002759.SZ,20260408,9.6578,11.8418,,1802470.465,
000716.SZ,20260408,1.1825,1.8464,,396769.8944,
603519.SH,20260408,2.0834,4.3798,,371527.3354,
300925.SZ,20260408,2.7336,3.1369,,782822.5336,
300153.SZ,20260408,7.142,11.3416,,851200.0,
688035.SH,20260408,3.5892,8.2143,,843483.2,
301025.SZ,20260408,3.2898,8.1081,,440340.34,
002083.SZ,20260408,5.7698,9.5213,,1150166.3996,
301311.SZ,20260408,1.1246,3.0938,,403200.0,
600335.SH,20260408,0.7486,2.3917,,904952.1587,
301293.SZ,20260408,7.3092,8.9979,,1424400.0151,
300537.SZ,20260408,3.6179,4.1149,,466941.2527,
300658.SZ,20260408,13.1473,18.8218,,909444.299,
002733.SZ,20260408,7.7171,12.3162,,1069270.1029,
688071.SH,20260408,3.0699,4.2084,,277771.1358,
601665.SH,20260408,1.0698,1.7491,,3618459.4047,
300523.SZ,20260408,0.8988,1.8752,,501101.4723,
603197.SH,20260408,0.9955,1.4132,,695676.5335,
000977.SZ,20260408,4.8261,7.1549,,9204411.6735,
300795.SZ,20260408,1.8455,2.4192,,361063.795,
600196.SH,20260408,1.0086,1.7391,,7156750.591,
002329.SZ,20260408,4.4807,4.885,,330464.382,
600757.SH,20260408,0.8491,1.9437,,1098353.4971,
301598.SZ,20260408,2.8186,2.8186,,358860.7797,
002949.SZ,20260408,1.874,3.2531,,272309.7525,
601816.SH,20260408,0.2443,0.4868,,24854245.12,
688329.SH,20260408,2.2387,3.6799,,192150.8,
603050.SH,20260408,1.0779,2.4335,,794135.491,
603311.SH,20260408,3.5088,7.2172,,410673.8821,
603355.SH,20260408,0.3629,1.8934,,1625579.8089,
688130.SH,20260408,2.4106,3.7994,,258706.9412,
688319.SH,20260408,1.9279,2.8609,,1190349.9126,
688395.SH,20260408,1.3457,3.3626,,229050.9694,
600963.SH,20260408,1.5826,2.8064,,855935.5449,
600599.SH,20260408,3.5123,8.7765,,83830.0,
688720.SH,20260408,13.9098,13.9098,,683033.3385,
600284.SH,20260408,0.8206,1.3026,,692762.784,
000651.SZ,20260408,0.5168,0.687,,21173313.701,
300931.SZ,20260408,3.336,4.7039,,311709.508,
002809.SZ,20260408,6.9357,8.826,,254455.8571,
688103.SH,20260408,1.5236,2.3512,,530145.1781,
600826.SH,20260408,0.5997,1.6152,,730384.8142,
002182.SZ,20260408,2.8741,4.1293,,1643398.6033,
001209.SZ,20260408,2.9967,6.9833,,271988.985,
601200.SH,20260408,1.0313,2.3706,,1098523.8848,
300866.SZ,20260408,1.9715,2.8332,,5575516.8275,
000729.SZ,20260408,2.4749,5.4098,,3982596.0888,
000538.SZ,20260408,0.4174,0.9532,,9981165.0012,
002134.SZ,20260408,3.154,4.4698,,518969.0576,
300727.SZ,20260408,3.7293,7.4666,,586163.6894,
000993.SZ,20260408,7.0671,14.29,,574271.1246,
600315.SH,20260408,0.8965,1.8722,,1419069.0438,
301026.SZ,20260408,3.8591,4.3781,,463267.9599,
000810.SZ,20260408,2.131,4.6763,,1327325.6982,
301078.SZ,20260408,2.362,3.4901,,1088417.8576,
000066.SZ,20260408,2.3079,3.8545,,4832247.0338,
300930.SZ,20260408,5.6577,9.038,,303600.0,
605060.SH,20260408,1.3128,3.4859,,1274656.416,
300903.SZ,20260408,6.3991,7.6861,,1442871.0698,
002042.SZ,20260408,2.0993,3.6136,,770408.6538,
920188.BJ,20260408,26.6356,26.6356,,202669.3895,
002650.SZ,20260408,1.3785,2.4582,,811492.443,
300289.SZ,20260408,1.2783,2.3858,,369383.7997,
600566.SH,20260408,0.6679,1.7284,,2423971.7438,
300587.SZ,20260408,2.4245,2.9029,,704959.9568,
688070.SH,20260408,1.9094,4.3479,,419157.88,
002997.SZ,20260408,2.1028,3.5883,,659571.4951,
002170.SZ,20260408,4.242,4.6552,,1288936.3827,
300075.SZ,20260408,2.3428,2.4479,,798773.3832,
000820.SZ,20260408,1.3067,1.3425,,219182.2057,
000901.SZ,20260408,3.2426,4.9814,,1792760.3579,
300264.SZ,20260408,3.7205,3.9336,,408452.9271,
688456.SH,20260408,4.2571,6.6839,,581014.3,
300796.SZ,20260408,1.5406,2.1729,,334418.2995,
688506.SH,20260408,0.5664,2.5894,,13294949.7812,
605007.SH,20260408,2.736,12.8104,,686478.3943,
601678.SH,20260408,3.4538,4.3121,,1036645.4831,
002235.SZ,20260408,5.4812,6.6209,,612028.3319,
002688.SZ,20260408,2.9289,4.3749,,465550.1608,
300506.SZ,20260408,0.7929,0.8824,,650072.0355,
688129.SH,20260408,0.9829,3.3993,,283848.0528,
300018.SZ,20260408,2.9994,3.4894,,641128.2431,
001221.SZ,20260408,4.0933,4.0933,,2559663.99,
601858.SH,20260408,2.1354,11.644,,1798387.5,
001313.SZ,20260408,2.7903,8.3569,,548100.0,
000702.SZ,20260408,3.2731,4.372,,230505.5904,
001387.SZ,20260408,2.9682,3.9107,,247457.1008,
301007.SZ,20260408,2.5479,3.1097,,546657.1,
300622.SZ,20260408,4.5911,5.3382,,550495.6506,
002829.SZ,20260408,3.4273,3.8019,,475675.7029,
300229.SZ,20260408,4.2355,5.5232,,1650269.9405,
920455.BJ,20260408,0.8377,1.4449,,138765.9,
300360.SZ,20260408,1.5729,2.392,,839153.3896,
601789.SH,20260408,10.8664,14.8585,,871952.1536,
300115.SZ,20260408,3.9241,5.8339,,4558967.9325,
300859.SZ,20260408,2.8055,4.5434,,523590.0,
688551.SH,20260408,5.1421,10.2137,,386220.8371,
688380.SH,20260408,2.6711,6.4612,,1788430.455,
688722.SH,20260408,1.6482,3.0623,,382607.3901,
688565.SH,20260408,2.2804,3.5031,,198092.79,
002721.SZ,20260408,1.218,1.7423,,776538.5556,
603583.SH,20260408,1.1784,2.4671,,1292332.6993,
600108.SH,20260408,4.6785,6.5055,,881952.5498,
600583.SH,20260408,2.502,5.6083,,2993257.1996,
603308.SH,20260408,3.2584,4.9719,,4549573.3734,
688135.SH,20260408,3.8139,5.1096,,642900.6693,
300626.SZ,20260408,10.2756,17.73,,455580.0,
688583.SH,20260408,6.4779,6.4779,,1096160.0,
600523.SH,20260408,0.8953,1.6678,,567248.782,
603895.SH,20260408,1.1663,2.2261,,290410.96,
002602.SZ,20260408,1.8664,2.2903,,12994512.9337,
002631.SZ,20260408,3.9955,8.4522,,546138.7735,
301091.SZ,20260408,0.9606,2.5682,,1149997.68,
600058.SH,20260408,0.9606,2.5659,,1205899.5499,
002015.SZ,20260408,14.5122,27.9221,,2907374.3837,
688200.SH,20260408,1.7915,2.8167,,3841418.1962,
301261.SZ,20260408,5.066,6.0467,,677721.3014,
002643.SZ,20260408,1.3999,2.5925,,1502577.6183,
001211.SZ,20260408,4.7953,8.3919,,203400.0,
002466.SZ,20260408,4.0051,5.9659,,9942289.5159,
603005.SH,20260408,5.3605,6.3642,,1835211.1807,
002956.SZ,20260408,1.1337,2.4325,,634021.1534,
600975.SH,20260408,1.3085,2.1808,,684814.6335,
000710.SZ,20260408,2.412,3.1523,,377914.4461,
300147.SZ,20260408,1.7452,2.2585,,658633.9288,
603380.SH,20260408,0.9461,2.1249,,560902.4352,
002753.SZ,20260408,3.2967,4.0967,,324079.3146,
002655.SZ,20260408,13.4971,15.5048,,723422.2579,
600585.SH,20260408,0.6606,1.2976,,12336776.4039,
300451.SZ,20260408,2.007,2.3346,,751325.4756,
301358.SZ,20260408,2.3179,4.0916,,5432131.4279,
605369.SH,20260408,0.461,1.4371,,396887.3082,
002364.SZ,20260408,5.7356,9.6938,,1636029.0789,
300747.SZ,20260408,5.0826,8.6668,,1719619.2,
603337.SH,20260408,0.5512,1.6031,,1885637.473,
300243.SZ,20260408,11.3816,12.4579,,350216.544,
688106.SH,20260408,10.6962,19.064,,1359027.6132,
920300.BJ,20260408,3.8161,4.7393,,105506.1179,
001379.SZ,20260408,3.1969,3.2668,,429000.0,
000426.SZ,20260408,3.1316,4.3096,,7734669.2791,
688235.SH,20260408,3.6277,3.6277,,37907742.4398,
002085.SZ,20260408,1.4956,2.4741,,3000219.3958,
600600.SH,20260408,0.9064,2.1144,,8655818.0427,
000568.SZ,20260408,0.385,0.7847,,15459806.4374,
605388.SH,20260408,1.4054,4.2918,,401723.796,
605255.SH,20260408,1.0171,4.0683,,1295212.8,
603618.SH,20260408,13.8934,29.6036,,1796193.8504,
600790.SH,20260408,0.5087,0.8443,,555534.7617,
603817.SH,20260408,3.2588,6.3129,,403619.4996,
002620.SZ,20260408,10.5864,15.0036,,356731.83,
603228.SH,20260408,3.2174,7.5502,,5796639.06,
600100.SH,20260408,1.8624,2.7253,,2727142.3384,
600162.SH,20260408,1.0857,3.3791,,581781.9857,
920195.BJ,20260408,1.3165,2.3807,,189001.84,
002889.SZ,20260408,0.9159,2.0633,,507962.7498,
000012.SZ,20260408,1.0514,1.7321,,1359983.5585,
301121.SZ,20260408,2.5145,3.096,,353599.6319,
301056.SZ,20260408,2.311,5.0589,,409784.3205,
600278.SH,20260408,0.7558,1.989,,646089.4277,
601098.SH,20260408,0.6493,1.8391,,2004336.0,
000897.SZ,20260408,1.7133,2.1666,,341244.4414,
600567.SH,20260408,1.4532,1.9408,,983962.7157,
920475.BJ,20260408,1.6273,3.216,,134915.1,
301280.SZ,20260408,4.9239,5.0805,,755026.3728,
920023.BJ,20260408,4.5582,5.0908,,104737.28,
301139.SZ,20260408,5.2609,5.9042,,214954.8544,
688785.SH,20260408,4.0903,4.0903,,2059823.8574,
301218.SZ,20260408,6.0665,7.4369,,406438.56,
920866.BJ,20260408,1.8645,2.7193,,137857.5135,
000615.SZ,20260408,0.7595,0.9329,,602385.0375,
002420.SZ,20260408,2.205,2.9829,,315459.43,
300154.SZ,20260408,3.2065,6.7783,,372231.7064,
300719.SZ,20260408,3.4456,4.1283,,405492.3043,
301308.SZ,20260408,6.1181,10.806,,13576953.4887,
688549.SH,20260408,5.3324,6.17,,1369434.852,
600228.SH,20260408,1.4217,2.0301,,235836.5937,
605598.SH,20260408,1.7114,5.5441,,1178145.49,
001201.SZ,20260408,4.3443,7.1626,,338470.3933,
600376.SH,20260408,2.4289,5.1302,,1266566.5338,
600463.SH,20260408,0.8848,2.1368,,301200.0,
002249.SZ,20260408,2.64,2.9954,,2311290.8013,
300898.SZ,20260408,1.888,3.1622,,292888.0,
603402.SH,20260408,9.9178,9.9178,,1053434.6757,
688726.SH,20260408,12.2197,12.2197,,2546664.4455,
300690.SZ,20260408,9.314,11.6214,,498692.3397,
300851.SZ,20260408,2.219,2.7846,,255584.196,
601061.SH,20260408,3.3681,3.3681,,5796700.0,
301206.SZ,20260408,1.0152,1.407,,539400.3162,
688085.SH,20260408,1.3534,2.1588,,622907.9463,
603726.SH,20260408,1.3702,3.0551,,428854.272,
920799.BJ,20260408,4.9911,7.7448,,754998.4,
603066.SH,20260408,0.9038,1.905,,298886.9552,
301302.SZ,20260408,6.6748,11.013,,337291.86,
300397.SZ,20260408,3.3929,3.7278,,606670.2651,
603297.SH,20260408,1.4637,4.6866,,1186689.8799,
600133.SH,20260408,1.8174,2.1917,,945754.7691,
300011.SZ,20260408,1.8771,2.5094,,465066.5372,
300872.SZ,20260408,2.195,2.5714,,813209.7243,
301110.SZ,20260408,5.514,7.7776,,557617.9167,
301036.SZ,20260408,2.0193,3.0572,,287800.0,
001219.SZ,20260408,1.7726,3.4046,,287211.0638,
603950.SH,20260408,0.8145,2.2167,,1322453.664,
301088.SZ,20260408,0.9634,3.1391,,330910.8,
688097.SH,20260408,5.0313,13.8265,,2741523.9816,
601886.SH,20260408,0.7614,2.3196,,1042361.8952,
001234.SZ,20260408,1.6164,4.9151,,277910.798,
600529.SH,20260408,0.7912,0.9828,,1236976.7066,
300729.SZ,20260408,1.0486,1.863,,429065.5977,
601388.SH,20260408,5.962,11.124,,860678.0429,
600449.SH,20260408,1.1808,2.3168,,608246.2854,
920526.BJ,20260408,3.0613,6.3022,,158287.8,
301365.SZ,20260408,7.9544,17.3988,,571680.0,
600608.SH,20260408,2.8061,3.4614,,84517.3903,
688102.SH,20260408,2.5021,5.4884,,2812556.7999,
300081.SZ,20260408,20.4464,22.8472,,217121.5547,
603051.SH,20260408,2.2688,3.5734,,347349.0935,
000966.SZ,20260408,2.2021,5.2635,,1552541.6171,
600101.SH,20260408,4.6831,6.8291,,507868.5106,
605296.SH,20260408,0.5993,4.8677,,1516569.168,
002144.SZ,20260408,2.4049,2.6066,,261608.5414,
300485.SZ,20260408,7.5317,9.7758,,549581.3624,
688181.SH,20260408,3.1541,3.9656,,442713.2494,
301609.SZ,20260408,9.8809,9.8809,,761789.76,
301345.SZ,20260408,7.1522,8.6222,,2502785.2285,
600461.SH,20260408,1.1486,2.0948,,1249483.3852,
603117.SH,20260408,1.8672,2.6521,,289412.5094,
600405.SH,20260408,2.0593,2.2928,,329702.3183,
920906.BJ,20260408,2.7334,4.0777,,155278.3,
601956.SH,20260408,0.8705,1.6476,,414618.2655,
300389.SZ,20260408,6.8908,12.5278,,663642.37,
301123.SZ,20260408,5.963,9.0012,,1393996.24,
000663.SZ,20260408,2.6756,3.8072,,227261.6521,
605588.SH,20260408,1.7298,5.2511,,398618.6166,
688248.SH,20260408,0.8092,2.7716,,3215966.5,
601113.SH,20260408,1.5334,2.0442,,489139.4361,
688429.SH,20260408,2.6342,3.6121,,568001.136,
000793.SZ,20260408,0.6515,0.8419,,537259.0279,
300444.SZ,20260408,7.2337,7.9225,,1109290.25,
000709.SZ,20260408,1.0245,2.9087,,2449897.6988,
601336.SH,20260408,1.4514,4.3086,,19674980.4062,
601615.SH,20260408,3.8458,5.1053,,3708854.5978,
000727.SZ,20260408,4.646,8.4673,,1277337.8884,
600114.SH,20260408,3.8319,5.0271,,1896675.9649,
002285.SZ,20260408,2.3565,4.4613,,587884.5662,
002882.SZ,20260408,1.3651,2.9363,,1168397.1,
600611.SH,20260408,1.5751,2.2588,,1115865.9918,
002506.SZ,20260408,9.3536,12.3422,,2644343.025,
002109.SZ,20260408,6.9068,16.1493,,548796.0359,
300035.SZ,20260408,7.3407,7.799,,1548378.8498,
688128.SH,20260408,0.6985,3.283,,1039160.5,
300137.SZ,20260408,3.2852,3.8905,,683605.7355,
603890.SH,20260408,11.3824,16.8164,,697467.914,
601827.SH,20260408,0.6928,2.4584,,1344234.3732,
301267.SZ,20260408,0.6074,2.3418,,1444800.0,
300514.SZ,20260408,2.1552,2.8534,,265800.0,
600825.SH,20260408,1.3966,2.879,,617528.7194,
688202.SH,20260408,2.2711,3.8346,,867915.1086,
000633.SZ,20260408,4.4506,5.6153,,268419.142,
002757.SZ,20260408,5.8257,9.2,,611002.8281,
920719.BJ,20260408,1.4656,1.6066,,98679.004,
002007.SZ,20260408,0.7235,1.1651,,2732047.7157,
301367.SZ,20260408,2.0049,3.2538,,635443.2,
002084.SZ,20260408,2.8205,4.8003,,248085.5194,
920438.BJ,20260408,2.4403,3.9734,,554259.75,
300072.SZ,20260408,2.9748,4.7605,,1163111.5495,
000825.SZ,20260408,0.6797,1.8528,,2546222.7648,
300332.SZ,20260408,8.6909,10.4852,,511348.6316,
301045.SZ,20260408,4.5073,4.8799,,445134.5745,
688116.SH,20260408,1.9634,2.2549,,1453666.0349,
300181.SZ,20260408,1.8811,1.9882,,1106789.2146,
603637.SH,20260408,13.7413,17.4418,,324135.421,
000968.SZ,20260408,2.6492,6.1316,,913322.511,
605179.SH,20260408,0.4565,2.1923,,692928.0,
601065.SH,20260408,1.4932,1.9202,,538003.5781,
002501.SZ,20260408,2.497,3.2243,,688700.0,
300540.SZ,20260408,2.0382,3.1184,,464398.0795,
603856.SH,20260408,1.4393,3.6482,,363852.3174,
301090.SZ,20260408,1.1483,6.4286,,1173551.7565,
002152.SZ,20260408,1.2948,2.5917,,2940325.3512,
002369.SZ,20260408,3.222,3.222,,411610.2593,
688109.SH,20260408,1.0553,2.0952,,955726.3606,
600679.SH,20260408,0.9003,2.28,,614746.0486,
603260.SH,20260408,1.4071,6.126,,5133142.5378,
300970.SZ,20260408,11.7111,14.9664,,361083.7995,
601339.SH,20260408,0.7694,2.993,,1105182.353,
002019.SZ,20260408,3.3095,4.0204,,1604418.5221,
301633.SZ,20260408,1.528,1.8319,,343712.64,
600439.SH,20260408,1.1872,1.7907,,293184.229,
002304.SZ,20260408,0.2917,0.7566,,7636170.0801,
300771.SZ,20260408,2.1658,2.5323,,338400.0,
688639.SH,20260408,2.0048,2.896,,739842.2199,
920478.BJ,20260408,8.0947,10.0745,,139235.6903,
002559.SZ,20260408,5.2461,5.731,,543167.8437,
600421.SH,20260408,1.7036,2.8518,,120685.2,
002897.SZ,20260408,7.8442,13.5212,,1252663.1769,
300150.SZ,20260408,2.4445,2.6795,,318882.7989,
603101.SH,20260408,0.7741,1.9576,,385728.0,
002095.SZ,20260408,1.4192,2.5408,,429118.56,
301237.SZ,20260408,1.9936,2.9031,,444720.0,
600879.SH,20260408,4.0494,5.4388,,7093493.5681,
300461.SZ,20260408,6.5909,11.6974,,1028721.3326,
603836.SH,20260408,0.8939,2.1399,,269063.3957,
300316.SZ,20260408,1.9491,4.0516,,5678138.5438,
600808.SH,20260408,1.1851,3.1657,,3010966.3437,
605288.SH,20260408,1.3284,5.0218,,616127.3186,
301449.SZ,20260408,10.9837,10.9837,,496956.527,
688391.SH,20260408,0.9692,1.9466,,349806.3977,
002484.SZ,20260408,5.0901,7.9518,,2634072.6453,
688051.SH,20260408,1.0009,2.3625,,245767.452,
601138.SH,20260408,1.2687,7.8261,,112337406.4197,
300813.SZ,20260408,6.6584,12.8057,,340569.8054,
600238.SH,20260408,0.4098,0.5038,,176142.6,
601975.SH,20260408,10.1937,14.7239,,2391656.1305,
300618.SZ,20260408,3.5296,4.4567,,1334175.068,
002671.SZ,20260408,3.9454,6.6592,,273164.7778,
000923.SZ,20260408,1.718,2.7293,,1218644.9702,
002427.SZ,20260408,4.3484,10.9134,,624764.3806,
601799.SH,20260408,1.2397,2.7124,,3570135.6992,
300357.SZ,20260408,2.3299,4.21,,1362365.568,
002639.SZ,20260408,23.9366,25.4572,,1615511.1542,
688630.SH,20260408,9.2842,14.444,,3161777.184,
301591.SZ,20260408,3.6729,3.6729,,357341.76,
300391.SZ,20260408,12.9945,16.4805,,8057.7306,
002947.SZ,20260408,8.7862,10.3578,,1521883.4558,
603015.SH,20260408,1.1666,2.3331,,508103.283,
301176.SZ,20260408,5.0598,14.7292,,469498.1343,
301059.SZ,20260408,1.6486,5.2419,,323384.446,
600768.SH,20260408,3.4887,5.5597,,232720.128,
300051.SZ,20260408,6.56,8.1789,,457581.7587,
002028.SZ,20260408,2.1897,2.4154,,16148188.7513,
002965.SZ,20260408,2.5736,2.8113,,779422.1144,
300635.SZ,20260408,3.8109,4.4471,,193919.39,
300643.SZ,20260408,2.8537,5.0537,,402149.9165,
300207.SZ,20260408,3.5333,4.6185,,4531825.38,
601995.SH,20260408,0.5895,1.7455,,15886502.3526,
603019.SH,20260408,3.1078,3.7212,,12129229.8494,
601288.SH,20260408,0.1162,1.2958,,232038751.4578,
600612.SH,20260408,0.3984,1.3034,,2197617.7266,
002248.SZ,20260408,4.1876,5.0761,,383754.5088,
300376.SZ,20260408,1.5338,3.1781,,1490073.9046,
600686.SH,20260408,7.4035,13.4608,,1196752.139,
000623.SZ,20260408,0.9667,1.3327,,2160982.9643,
000951.SZ,20260408,1.9189,3.9161,,2878429.932,
300529.SZ,20260408,0.8067,1.0072,,1424711.8106,
920098.BJ,20260408,1.0876,1.6287,,206147.1354,
003005.SZ,20260408,2.2024,2.8062,,422052.9724,
688525.SH,20260408,7.9123,10.3315,,10814177.5553,
603716.SH,20260408,11.4657,13.3854,,512713.22,
300549.SZ,20260408,2.2731,3.1196,,232944.98,
002259.SZ,20260408,2.5508,3.559,,399486.3098,
688108.SH,20260408,2.811,3.6693,,904866.08,
301113.SZ,20260408,4.6896,10.4203,,239057.0,
001333.SZ,20260408,9.8659,9.8659,,325120.0,
300999.SZ,20260408,2.0197,2.0197,,15532859.7506,
300329.SZ,20260408,2.3342,4.2073,,372252.2842,
600249.SH,20260408,9.2749,14.4647,,351450.0,
300707.SZ,20260408,4.6955,5.6205,,286349.7583,
603826.SH,20260408,2.8222,10.42,,1807696.8,
600397.SH,20260408,4.4745,7.3768,,1475040.2242,
000428.SZ,20260408,2.5596,5.7129,,417759.66,
600866.SH,20260408,2.2217,3.0035,,1182968.5026,
002146.SZ,20260408,2.8623,4.1474,,617439.2668,
300976.SZ,20260408,2.1945,4.0097,,761041.4258,
600648.SH,20260408,0.2396,0.6689,,1410228.9701,
300911.SZ,20260408,5.4003,10.2784,,545058.8526,
920879.BJ,20260408,0.6652,1.3186,,336957.4368,
688114.SH,20260408,1.0126,1.908,,2154638.0698,
600967.SH,20260408,1.3323,3.008,,2493129.1872,
920403.BJ,20260408,3.5703,4.6826,,219587.9868,
688765.SH,20260408,2.6303,2.6303,,2387385.0,
600039.SH,20260408,0.2583,2.2271,,8417331.7444,
000031.SZ,20260408,0.4836,1.5742,,1264462.435,
000738.SZ,20260408,1.8888,3.7692,,2826330.4181,
600888.SH,20260408,2.2334,3.7156,,1285955.1658,
600340.SH,20260408,3.4356,5.6527,,536179.6869,
688489.SH,20260408,0.6316,1.5044,,449087.317,
603209.SH,20260408,2.5173,4.4731,,502775.0,
002391.SZ,20260408,2.6504,2.9741,,407944.1214,
003028.SZ,20260408,1.5837,2.933,,390719.7,
001376.SZ,20260408,6.4858,6.4858,,732831.0,
600356.SH,20260408,7.4292,10.6032,,310093.8503,
002349.SZ,20260408,6.5862,10.0384,,650465.1279,
300206.SZ,20260408,3.5888,4.7077,,830657.5748,
688150.SH,20260408,5.1552,11.6085,,1835115.3876,
688717.SH,20260408,10.5937,10.6259,,1712000.0,
002470.SZ,20260408,12.855,18.339,,979236.2671,
600498.SH,20260408,9.6265,15.7439,,6960608.3453,
603334.SH,20260408,4.8551,4.8551,,754092.5,
300656.SZ,20260408,2.2288,2.8369,,367918.9048,
300477.SZ,20260408,2.952,2.9989,,280868.896,
301161.SZ,20260408,2.0389,2.5141,,364560.0,
300893.SZ,20260408,0.8842,1.3278,,1041075.7865,
300853.SZ,20260408,2.8107,3.1992,,280672.6702,
301516.SZ,20260408,14.2394,14.2394,,546807.0187,
688301.SH,20260408,1.7154,2.314,,2317694.188,
603886.SH,20260408,2.4942,4.9386,,312000.0,
001324.SZ,20260408,3.0425,4.0366,,274620.0,
605099.SH,20260408,2.0994,20.1407,,1710389.5792,
000019.SZ,20260408,9.7488,14.9884,,919723.1327,
605177.SH,20260408,1.8818,3.8395,,241945.2498,
002315.SZ,20260408,5.7947,6.9516,,1310184.139,
603097.SH,20260408,1.7817,5.9377,,546197.0074,
600763.SH,20260408,1.7135,2.592,,1899189.5908,
603000.SH,20260408,3.4858,8.0234,,2250081.299,
603801.SH,20260408,0.5016,0.9331,,397865.8797,
300095.SZ,20260408,1.7176,1.8741,,403286.5574,
603060.SH,20260408,0.5901,1.8681,,518554.6405,
600422.SH,20260408,1.1686,1.8251,,873550.0236,
603320.SH,20260408,1.4823,3.6492,,306942.8858,
002451.SZ,20260408,2.9999,4.8568,,430975.26,
300471.SZ,20260408,2.7621,3.494,,617318.4138,
600089.SH,20260408,3.6425,4.4442,,13602117.6011,
600756.SH,20260408,7.6468,9.4514,,619891.7791,
300327.SZ,20260408,4.3545,5.6976,,855132.2809,
002679.SZ,20260408,1.6574,4.5568,,259095.844,
603313.SH,20260408,0.9661,1.7736,,467310.6588,
688605.SH,20260408,3.4062,4.2044,,1297254.877,
301047.SZ,20260408,0.9138,2.4095,,900476.801,
002176.SZ,20260408,6.6529,8.021,,1789935.5345,
300829.SZ,20260408,3.6658,3.8103,,430004.5024,
000970.SZ,20260408,1.9939,2.5917,,1457655.2018,
600692.SH,20260408,4.5645,4.9026,,276838.3184,
603113.SH,20260408,2.8359,5.6281,,606670.7904,
688237.SH,20260408,1.5835,3.5503,,472175.4773,
000821.SZ,20260408,2.4946,3.2436,,711322.9965,
002782.SZ,20260408,2.5426,6.1315,,1060371.0598,
920116.BJ,20260408,2.3884,8.2382,,1453952.5,
000567.SZ,20260408,0.6255,2.5493,,1028115.4735,
300402.SZ,20260408,1.7557,3.8678,,475812.0782,
002849.SZ,20260408,4.0149,5.1478,,384785.7239,
002358.SZ,20260408,3.213,4.0923,,697317.7328,
300141.SZ,20260408,3.4176,7.1306,,352989.2574,
600010.SH,20260408,4.4209,6.9565,,12816679.2755,
600861.SH,20260408,1.0134,1.6486,,917102.6032,
300560.SZ,20260408,5.6669,7.1034,,365522.1026,
601958.SH,20260408,1.3798,4.9914,,6366090.4812,
000701.SZ,20260408,1.7936,3.0101,,402324.4898,
601208.SH,20260408,6.3588,8.2688,,3367949.932,
601026.SH,20260408,3.9013,3.9013,,1231099.8,
002425.SZ,20260408,1.6822,2.0945,,328136.1176,
688271.SH,20260408,0.7255,1.4227,,9509134.8655,
600592.SH,20260408,1.9871,3.1974,,803502.2313,
600997.SH,20260408,1.2433,4.0472,,938389.7119,
603176.SH,20260408,1.4161,4.5055,,262806.1782,
600216.SH,20260408,4.6735,7.4971,,1556891.5173,
002051.SZ,20260408,3.4549,9.503,,1426732.5044,
301369.SZ,20260408,2.7941,3.7357,,966459.5002,
688363.SH,20260408,0.6886,1.7126,,2063027.9105,
600877.SH,20260408,1.8191,3.0995,,1939489.4479,
300841.SZ,20260408,1.3036,1.8728,,757850.315,
002801.SZ,20260408,1.9205,3.2623,,716911.104,
920806.BJ,20260408,0.8784,2.7042,,349155.2704,
300839.SZ,20260408,9.3321,16.7489,,425042.5116,
002731.SZ,20260408,14.4659,17.2499,,189555.44,
300883.SZ,20260408,3.198,4.0453,,228706.0,
002102.SZ,20260408,3.5725,4.5952,,774871.1853,
603131.SH,20260408,2.1562,3.7275,,706494.4403,
920570.BJ,20260408,2.7613,4.0319,,146044.3489,
000975.SZ,20260408,2.8189,4.3386,,8852190.5808,
002037.SZ,20260408,7.4077,13.3462,,430656.3737,
600289.SH,20260408,1.0591,1.5385,,468240.6352,
300395.SZ,20260408,6.229,7.7223,,5224765.8007,
601607.SH,20260408,0.5621,1.5707,,6411757.5678,
002458.SZ,20260408,2.2638,2.5275,,1053305.0951,
600882.SH,20260408,3.2662,7.0591,,977262.7877,
001283.SZ,20260408,6.3489,6.5459,,661123.3882,
000718.SZ,20260408,1.4145,2.1426,,640308.277,
002141.SZ,20260408,1.9644,2.8325,,392515.6032,
920174.BJ,20260408,2.2031,3.9728,,861112.4173,
600500.SH,20260408,1.161,2.5405,,1582443.0796,
300542.SZ,20260408,7.4923,11.1266,,506059.0288,
000423.SZ,20260408,1.5111,2.2811,,3634605.1947,
300015.SZ,20260408,0.7607,1.4353,,9064285.5632,
300699.SZ,20260408,1.9568,3.0805,,2871489.808,
600460.SH,20260408,1.9713,2.8831,,4406462.2456,
002389.SZ,20260408,2.5342,4.0245,,2137267.7656,
688625.SH,20260408,2.47,6.2779,,1101300.9214,
000650.SZ,20260408,1.7181,2.3265,,828763.4345,
605058.SH,20260408,3.2414,10.7929,,496803.6502,
300045.SZ,20260408,4.1085,4.4453,,1469150.9982,
000518.SZ,20260408,0.8453,1.3037,,296512.1919,
600167.SH,20260408,0.4968,1.6677,,1482160.5033,
603299.SH,20260408,1.6791,4.513,,1120295.4748,
002108.SZ,20260408,3.5172,4.3841,,806164.5227,
300079.SZ,20260408,2.9428,3.022,,774333.2377,
600025.SH,20260408,0.1189,1.1886,,18016268.1465,
688132.SH,20260408,0.9095,1.665,,261066.2249,
688259.SH,20260408,1.743,3.1673,,406476.3,
301316.SZ,20260408,2.0265,3.6728,,1685488.0,
601116.SH,20260408,1.8345,4.9379,,770035.8304,
605016.SH,20260408,1.8028,4.1515,,1116392.7466,
600148.SH,20260408,1.0765,2.1107,,258833.5871,
002352.SZ,20260408,0.5668,1.1228,,19124638.4022,
688312.SH,20260408,6.4842,12.228,,821129.2597,
300577.SZ,20260408,0.6713,0.9261,,451371.8169,
000912.SZ,20260408,7.1246,14.1198,,810656.0,
600094.SH,20260408,2.2462,3.4931,,1053202.3704,
002778.SZ,20260408,3.1277,4.451,,261857.1767,
300894.SZ,20260408,1.3122,2.3936,,412782.6085,
000011.SZ,20260408,1.1418,3.2141,,511946.04,
600941.SH,20260408,0.8476,0.8893,,203525251.2353,
002918.SZ,20260408,3.1679,4.7938,,469718.6444,
002592.SZ,20260408,4.7388,7.509,,230348.2306,
002396.SZ,20260408,3.1432,4.2763,,1616518.4705,
300304.SZ,20260408,2.5447,4.4077,,1165296.7138,
300935.SZ,20260408,2.9346,4.1948,,239086.3468,
920932.BJ,20260408,2.2357,3.0251,,163293.0425,
301107.SZ,20260408,2.7599,5.4061,,287221.3518,
300877.SZ,20260408,1.7834,3.5983,,324840.0,
600822.SH,20260408,0.8826,2.2189,,505892.3723,
000637.SZ,20260408,3.7318,4.7253,,236023.4116,
688513.SH,20260408,3.1501,5.9857,,1301925.388,
688556.SH,20260408,4.4725,5.7707,,1178037.4384,
603277.SH,20260408,0.3318,1.5592,,870225.6145,
