ts_code,trade_date,turnover_rate,turnover_rate_f,volume_ratio,total_mv,float_mv
601969.SH,20260323,1.9908,8.9172,,2244907.0834,
000411.SZ,20260323,1.944,3.9292,,581229.7712,
603238.SH,20260323,2.5115,6.2934,,262003.284,
603386.SH,20260323,2.8038,6.5904,,409861.1354,
300456.SZ,20260323,5.9701,6.4537,,3129478.9347,
000657.SZ,20260323,3.799,6.1722,,10882614.6144,
603395.SH,20260323,6.9141,6.9141,,756860.0,
688027.SH,20260323,3.864,5.0684,,6021482.9985,
300917.SZ,20260323,3.1826,7.1519,,532688.0,
301266.SZ,20260323,6.7886,15.4115,,540988.8063,
688399.SH,20260323,2.0034,3.3426,,460371.8766,
603737.SH,20260323,0.5557,1.6848,,3450034.5037,
601158.SH,20260323,0.5549,4.8512,,2121610.2,
603897.SH,20260323,6.6686,16.0089,,615384.7651,
600539.SH,20260323,5.0933,8.4841,,245410.0,
001299.SZ,20260323,3.3522,11.2119,,306937.8366,
002406.SZ,20260323,4.1257,4.5678,,502394.8564,
300121.SZ,20260323,6.6401,9.6113,,514245.2492,
003011.SZ,20260323,4.5233,5.9278,,224449.736,
688334.SH,20260323,3.4529,5.4185,,648354.7464,
000021.SZ,20260323,6.3021,9.5881,,4473002.7542,
688371.SH,20260323,0.7441,1.8447,,598147.2107,
603360.SH,20260323,1.704,3.8541,,1601715.2473,
002928.SZ,20260323,4.853,8.836,,972741.8196,
688515.SH,20260323,4.1207,4.6399,,907040.0,
000875.SZ,20260323,3.5054,4.9752,,2560853.062,
600521.SH,20260323,1.5329,2.539,,2165026.5887,
300215.SZ,20260323,5.6763,9.3914,,606017.1973,
001306.SZ,20260323,4.9452,4.9452,,404757.864,
300884.SZ,20260323,4.2012,5.2062,,328244.6263,
688488.SH,20260323,1.6339,2.9585,,614342.8997,
002663.SZ,20260323,4.147,5.0181,,353286.5249,
600221.SH,20260323,1.4141,2.4437,,6006972.9224,
002572.SZ,20260323,2.8385,3.3759,,1198030.672,
603092.SH,20260323,9.0953,9.0953,,2718000.6795,
300775.SZ,20260323,4.9758,7.0823,,1851808.2221,
300043.SZ,20260323,3.4356,5.0336,,659425.1525,
603685.SH,20260323,1.8671,3.6978,,640927.7507,
688526.SH,20260323,1.1817,4.3448,,663300.2237,
000301.SZ,20260323,0.5135,1.5648,,6756677.384,
920002.BJ,20260323,4.6368,7.6188,,382634.4579,
002164.SZ,20260323,3.0387,4.8026,,609338.8739,
301077.SZ,20260323,2.5727,4.2764,,434381.6153,
300248.SZ,20260323,3.8246,4.0048,,488257.1028,
605298.SH,20260323,1.5121,5.4055,,776759.75,
603948.SH,20260323,1.5499,5.6799,,400860.775,
002796.SZ,20260323,7.8065,11.3638,,1253254.2638,
600655.SH,20260323,0.4354,0.9393,,1771068.5142,
600307.SH,20260323,6.3504,15.4117,,1296514.9868,
601006.SH,20260323,1.3489,2.6426,,10597415.4786,
603828.SH,20260323,1.3811,2.7758,,349232.6526,
603955.SH,20260323,1.8037,2.9663,,338621.4,
002763.SZ,20260323,2.9964,5.5358,,286536.876,
603711.SH,20260323,0.6141,3.3012,,497926.1646,
600982.SH,20260323,13.5652,27.6271,,637047.6665,
300921.SZ,20260323,8.6231,10.3259,,447730.6783,
920275.BJ,20260323,0.9579,2.5947,,113636.2288,
300953.SZ,20260323,3.2403,4.3306,,2671210.1019,
600246.SH,20260323,2.4983,3.4028,,1911899.6764,
600739.SH,20260323,1.1654,2.082,,1662794.57,
300790.SZ,20260323,3.6253,3.7307,,849624.2059,
300054.SZ,20260323,4.3299,4.7789,,3992311.7245,
688049.SH,20260323,3.2217,4.2473,,758475.9245,
301069.SZ,20260323,2.7652,4.5211,,887315.1404,
688130.SH,20260323,4.3528,6.8606,,243353.7722,
688319.SH,20260323,2.4836,3.6855,,1107585.297,
688395.SH,20260323,2.2354,5.586,,204543.8146,
600963.SH,20260323,3.4316,6.0851,,804966.0771,
601696.SH,20260323,1.5439,2.9545,,3369714.0,
001356.SZ,20260323,2.3401,3.4453,,637644.24,
002582.SZ,20260323,5.4276,6.1044,,450841.8462,
001298.SZ,20260323,4.3193,4.5785,,830999.5008,
688510.SH,20260323,4.9557,6.6595,,803481.9944,
301528.SZ,20260323,4.1738,6.3249,,341069.0,
301167.SZ,20260323,7.0852,7.0852,,172928.0,
001286.SZ,20260323,3.9737,6.109,,4155000.0,
600203.SH,20260323,2.9995,4.0551,,615521.6291,
000852.SZ,20260323,3.2103,6.726,,646234.1578,
002390.SZ,20260323,2.5758,4.4899,,579267.8567,
300708.SZ,20260323,9.237,10.1913,,880702.4051,
301171.SZ,20260323,5.7169,6.9361,,2014952.8144,
301662.SZ,20260323,5.974,5.974,,1063360.0,
001309.SZ,20260323,8.9933,10.0048,,7281745.6218,
603416.SH,20260323,1.4869,2.8684,,726766.1776,
000550.SZ,20260323,1.2432,3.9233,,1428619.17,
300173.SZ,20260323,2.9128,3.6766,,306380.6161,
002455.SZ,20260323,17.7813,18.315,,701224.9368,
600512.SH,20260323,3.4686,4.2385,,355419.8483,
601877.SH,20260323,2.8369,6.0391,,7463369.2536,
600126.SH,20260323,3.4753,9.1922,,2640961.8629,
300151.SZ,20260323,4.8217,5.5904,,790243.0993,
000726.SZ,20260323,3.0578,4.0141,,541874.488,
002813.SZ,20260323,1.6476,4.8322,,278760.0,
002274.SZ,20260323,5.4253,9.0457,,613322.832,
601228.SH,20260323,0.7776,4.3435,,2459517.2204,
601326.SH,20260323,1.2938,5.5774,,1950006.788,
300587.SZ,20260323,3.5735,4.2786,,708854.7632,
688070.SH,20260323,2.6537,6.0429,,411626.0,
002997.SZ,20260323,1.4563,2.485,,627545.3324,
002170.SZ,20260323,4.8175,5.2867,,1199910.7467,
300075.SZ,20260323,2.7742,2.8986,,775791.5673,
000820.SZ,20260323,1.6772,1.7232,,221121.8712,
000901.SZ,20260323,3.6973,5.6799,,1676222.9526,
000881.SZ,20260323,1.8498,3.1556,,680706.5868,
300335.SZ,20260323,15.4311,16.9483,,333908.6716,
300811.SZ,20260323,5.1646,7.9136,,2126264.6837,
603262.SH,20260323,4.8958,4.8958,,980424.51,
601020.SH,20260323,4.9471,6.5129,,2156507.1557,
603578.SH,20260323,5.0051,11.5355,,285085.767,
000838.SZ,20260323,3.153,4.736,,231097.0557,
603052.SH,20260323,4.607,13.9402,,1070826.6101,
920168.BJ,20260323,6.8902,6.8902,,161998.677,
300748.SZ,20260323,2.9812,5.1396,,4037354.5867,
001326.SZ,20260323,10.2561,11.8002,,364243.2,
001279.SZ,20260323,2.956,2.956,,477920.0,
002126.SZ,20260323,3.2103,3.4075,,3450494.4499,
301479.SZ,20260323,4.9597,5.8577,,798019.037,
920735.BJ,20260323,1.8571,2.7118,,353707.7099,
600366.SH,20260323,2.6286,3.9781,,1232025.0182,
600350.SH,20260323,0.241,1.8225,,4858743.6791,
688320.SH,20260323,2.1646,3.0801,,446547.4163,
688819.SH,20260323,1.1939,8.6034,,3241953.5,
688170.SH,20260323,7.7697,10.9711,,491786.88,
600601.SH,20260323,2.5779,4.1394,,3995949.5993,
603778.SH,20260323,22.3627,30.7508,,1618622.8258,
603927.SH,20260323,1.4839,2.2301,,1366229.76,
920111.BJ,20260323,3.1612,5.0232,,346770.3075,
603107.SH,20260323,1.7266,2.6069,,473281.005,
000006.SZ,20260323,2.6049,4.1343,,1096195.9774,
600635.SH,20260323,3.7875,5.1763,,1718316.9809,
000797.SZ,20260323,2.3913,5.3009,,425674.3928,
002251.SZ,20260323,3.6964,4.8016,,1105055.5722,
605005.SH,20260323,1.0542,6.7371,,743855.0,
002842.SZ,20260323,10.3497,12.4823,,989369.4041,
301408.SZ,20260323,3.7027,4.9305,,646416.16,
600390.SH,20260323,1.1093,2.0955,,2334495.9732,
688617.SH,20260323,1.5555,2.7401,,3123815.5854,
920651.BJ,20260323,5.4843,5.4843,,197152.0,
600740.SH,20260323,7.2163,16.7624,,1204196.9424,
000811.SZ,20260323,2.2507,3.569,,1633618.7633,
603500.SH,20260323,2.3302,4.9608,,336783.729,
600354.SH,20260323,10.077,14.1051,,334098.7166,
605006.SH,20260323,2.9873,9.2651,,486614.5007,
300512.SZ,20260323,1.8135,4.9061,,347033.294,
300191.SZ,20260323,12.3284,15.9296,,1209280.0,
300807.SZ,20260323,3.3339,5.0657,,311757.3876,
300582.SZ,20260323,4.1371,4.5721,,401531.5764,
600895.SH,20260323,1.7452,3.4057,,5277933.9864,
603933.SH,20260323,1.8881,5.1415,,403674.1984,
605566.SH,20260323,3.1212,7.1198,,324149.54,
300219.SZ,20260323,7.0007,10.8863,,514674.9289,
002338.SZ,20260323,2.0168,3.4414,,1112400.0,
301396.SZ,20260323,20.8917,21.1281,,2315658.6789,
000783.SZ,20260323,1.4689,2.5561,,3754919.5317,
600193.SH,20260323,1.9324,2.2668,,190141.731,
600690.SH,20260323,1.2811,2.2156,,21981163.8996,
002029.SZ,20260323,2.2955,3.8856,,667657.2895,
301197.SZ,20260323,4.3709,6.0488,,241321.08,
300821.SZ,20260323,2.3169,5.5973,,1336800.0,
920425.BJ,20260323,2.8789,4.2993,,131445.4234,
300457.SZ,20260323,2.1001,3.572,,1524558.9884,
920339.BJ,20260323,1.3945,3.852,,176383.2438,
688291.SH,20260323,2.1205,6.4665,,370216.1202,
920809.BJ,20260323,4.3329,4.3329,,421731.2,
000960.SZ,20260323,3.3373,5.9371,,4984013.3826,
300651.SZ,20260323,18.2427,23.4102,,382678.2545,
601872.SH,20260323,2.3393,7.4333,,13726715.4534,
002526.SZ,20260323,3.3335,4.2306,,570494.0275,
300442.SZ,20260323,2.6932,6.6322,,13942585.0213,
688278.SH,20260323,0.5125,1.2999,,2628332.0617,
920414.BJ,20260323,25.6143,29.1914,,118027.2931,
000686.SZ,20260323,1.403,2.4446,,1837255.5383,
600641.SH,20260323,7.0577,10.1005,,1728179.7614,
600993.SH,20260323,1.1095,1.6949,,1072462.0808,
601139.SH,20260323,3.2007,13.0886,,2180570.7597,
300410.SZ,20260323,4.6857,6.0171,,285248.1973,
300301.SZ,20260323,3.576,3.866,,249790.4995,
300285.SZ,20260323,5.3585,5.6137,,3070908.7609,
300458.SZ,20260323,3.403,4.0093,,2974840.2847,
605090.SH,20260323,4.1681,8.2161,,2768333.5543,
688686.SH,20260323,0.7985,2.8686,,1059903.6303,
002057.SZ,20260323,3.0308,4.5298,,657386.5916,
002233.SZ,20260323,1.354,2.2442,,1034426.5975,
688332.SH,20260323,1.4698,3.9166,,1332610.11,
301376.SZ,20260323,1.8648,2.489,,641535.5462,
300488.SZ,20260323,2.5008,6.1647,,473573.1821,
301185.SZ,20260323,3.6643,5.1121,,267100.0416,
600029.SH,20260323,1.3462,4.4549,,9894024.6694,
000519.SZ,20260323,3.0597,5.2255,,2184925.0428,
002379.SZ,20260323,4.6096,5.9846,,32512639.914,
920009.BJ,20260323,4.1577,4.1577,,344525.8,
300649.SZ,20260323,4.3034,5.3392,,171479.5087,
920132.BJ,20260323,3.0696,3.5331,,110404.392,
688418.SH,20260323,3.6749,5.379,,730167.1721,
605008.SH,20260323,0.4998,2.8571,,730583.4902,
603777.SH,20260323,2.3215,5.9216,,419033.48,
000596.SZ,20260323,0.5791,1.7247,,5575672.8,
600195.SH,20260323,2.1296,4.346,,716846.0785,
600456.SH,20260323,2.9139,5.7587,,1493054.8094,
300680.SZ,20260323,3.8817,4.2964,,839133.7474,
603213.SH,20260323,1.0717,4.4527,,567492.5038,
301567.SZ,20260323,7.3906,7.3906,,289080.0,
000895.SZ,20260323,0.6495,2.1898,,9437737.1442,
603882.SH,20260323,1.8492,3.1009,,1157219.171,
000590.SZ,20260323,2.8873,5.1193,,270123.5892,
301380.SZ,20260323,2.4832,4.4212,,308131.6039,
600219.SH,20260323,2.2497,4.2402,,6614612.098,
920971.BJ,20260323,2.1009,4.0802,,255784.1969,
002202.SZ,20260323,7.2414,10.7527,,11577404.6814,
600052.SH,20260323,2.1018,3.4415,,317417.2226,
601577.SH,20260323,0.7276,1.2455,,3748088.0987,
301035.SZ,20260323,0.694,2.1347,,2024358.7225,
600125.SH,20260323,2.9584,4.2267,,806812.5181,
002535.SZ,20260323,2.2752,3.5039,,265357.0975,
002242.SZ,20260323,1.7468,5.3811,,724103.133,
603217.SH,20260323,1.6348,4.3376,,448428.778,
600308.SH,20260323,1.9298,3.2047,,543039.523,
605188.SH,20260323,0.9068,5.1848,,800257.0905,
920005.BJ,20260323,4.038,4.038,,278299.0,
000656.SZ,20260323,1.5366,2.5398,,1361162.4489,
002931.SZ,20260323,8.5451,16.6079,,1447601.296,
600391.SH,20260323,4.2992,6.7194,,1234683.8326,
300065.SZ,20260323,8.6081,8.9001,,1576563.0646,
600698.SH,20260323,1.7063,3.2772,,722399.1068,
002836.SZ,20260323,2.0312,5.1789,,296985.6,
300673.SZ,20260323,3.8286,4.9892,,352658.1492,
603009.SH,20260323,2.2315,3.7058,,1559100.5573,
600662.SH,20260323,1.0402,3.6702,,1116610.6564,
002562.SZ,20260323,6.1618,6.8979,,653694.1365,
300459.SZ,20260323,3.43,3.5135,,1423903.4303,
002180.SZ,20260323,1.4509,2.0968,,2316240.7656,
300833.SZ,20260323,1.6061,3.4573,,415268.3115,
600218.SH,20260323,2.9003,4.4155,,396395.9263,
601106.SH,20260323,1.4008,3.4913,,2845979.9147,
002598.SZ,20260323,3.6227,5.6405,,267736.4504,
688197.SH,20260323,3.8007,4.3622,,504753.4501,
688478.SH,20260323,2.2247,3.4109,,400154.7496,
600785.SH,20260323,3.7142,6.4172,,373645.3997,
603123.SH,20260323,3.5572,7.1517,,869824.2282,
600633.SH,20260323,2.8654,5.5969,,1511544.7706,
003038.SZ,20260323,5.5236,6.67,,331426.2404,
001270.SZ,20260323,2.6698,5.0588,,2116181.6886,
002159.SZ,20260323,4.8507,7.0683,,318078.5771,
688127.SH,20260323,2.6535,5.3475,,2355830.2508,
603192.SH,20260323,1.5276,5.0818,,371542.4878,
603893.SH,20260323,1.6294,3.4131,,6142626.432,
688257.SH,20260323,4.5707,6.2066,,1510160.0794,
300340.SZ,20260323,3.7774,5.369,,290668.0243,
000880.SZ,20260323,7.1061,7.1061,,1189772.2746,
605286.SH,20260323,3.3484,12.1757,,783888.0,
603291.SH,20260323,6.9146,10.7707,,453269.2669,
000779.SZ,20260323,3.4186,6.2611,,389527.0808,
301024.SZ,20260323,2.9192,10.3278,,206460.495,
300063.SZ,20260323,6.7369,7.4775,,813899.632,
002864.SZ,20260323,8.0676,9.2497,,333084.5286,
300055.SZ,20260323,5.5554,6.2231,,753074.6454,
603983.SH,20260323,0.6994,3.6425,,1026159.0,
688517.SH,20260323,3.5727,5.9819,,232515.6392,
300494.SZ,20260323,3.4851,3.7685,,546428.2247,
300010.SZ,20260323,3.2142,3.2635,,1213101.6308,
688286.SH,20260323,3.4425,4.2587,,354858.3568,
603179.SH,20260323,4.107,6.3564,,3069013.6283,
002414.SZ,20260323,1.8821,3.9538,,5393939.7044,
002021.SZ,20260323,5.0123,6.2406,,345492.9463,
002755.SZ,20260323,1.0057,3.3224,,1251160.1531,
300278.SZ,20260323,2.1889,3.1211,,640490.5881,
688069.SH,20260323,2.3753,4.5265,,272556.0,
688695.SH,20260323,2.6438,3.2977,,198680.019,
688601.SH,20260323,4.4224,7.0496,,661244.0942,
603315.SH,20260323,2.9053,6.5755,,430572.2588,
688299.SH,20260323,3.8943,4.825,,457242.0944,
300975.SZ,20260323,12.4925,16.1077,,1137681.2802,
300941.SZ,20260323,4.4618,5.3343,,400286.25,
920896.BJ,20260323,2.5915,4.4731,,160136.7477,
600426.SH,20260323,1.7784,2.6204,,7637102.4232,
002942.SZ,20260323,2.3512,7.0546,,278985.6947,
301137.SZ,20260323,3.0929,8.904,,823432.8886,
605122.SH,20260323,2.1211,6.3897,,207169.508,
301012.SZ,20260323,7.145,11.2006,,584971.6811,
600828.SH,20260323,1.4978,10.0092,,926610.6621,
600165.SH,20260323,1.2817,3.5985,,546168.716,
000682.SZ,20260323,2.5386,4.3355,,1633005.4945,
920110.BJ,20260323,1.6623,2.5082,,124761.0,
688565.SH,20260323,3.3049,5.077,,179226.81,
002721.SZ,20260323,2.1087,3.0163,,726010.3619,
603583.SH,20260323,1.2301,2.5753,,1199361.8991,
600108.SH,20260323,7.6194,10.5948,,924784.6825,
600583.SH,20260323,2.7876,6.2486,,2847352.4912,
603308.SH,20260323,2.8439,4.3394,,3915324.1188,
688135.SH,20260323,8.0327,10.9452,,582216.5322,
300626.SZ,20260323,4.4279,7.6401,,335340.0,
688583.SH,20260323,4.9616,4.9616,,990168.4,
600523.SH,20260323,1.7108,3.187,,532478.0084,
603895.SH,20260323,1.5322,2.9245,,276684.8,
002602.SZ,20260323,1.7125,2.1013,,11461411.0107,
002631.SZ,20260323,4.1826,8.8481,,499099.0835,
301091.SZ,20260323,1.7422,4.658,,1109924.4,
600058.SH,20260323,1.3499,3.6057,,1144800.6393,
002015.SZ,20260323,15.6479,30.1072,,3084316.7666,
688200.SH,20260323,1.7219,2.7072,,3509903.9278,
301261.SZ,20260323,4.5477,5.529,,666910.8072,
002643.SZ,20260323,2.1863,4.0488,,1368748.5307,
001211.SZ,20260323,6.1733,10.8034,,182016.0,
002466.SZ,20260323,2.9606,4.4097,,8360600.4167,
603005.SH,20260323,4.4676,5.304,,1749776.6872,
002956.SZ,20260323,0.9924,2.1291,,555661.4968,
600975.SH,20260323,2.263,3.7718,,651073.7665,
000710.SZ,20260323,3.4514,4.5107,,346804.5572,
300147.SZ,20260323,1.5439,1.998,,586554.5129,
603380.SH,20260323,1.215,2.7287,,515658.0168,
002753.SZ,20260323,8.0056,9.9482,,310361.5659,
002112.SZ,20260323,27.3873,37.5152,,703562.0265,
600187.SH,20260323,3.0337,3.8549,,287253.0363,
002759.SZ,20260323,6.7208,8.2407,,1593895.3013,
000716.SZ,20260323,2.0364,3.1796,,377947.7931,
603519.SH,20260323,2.1776,4.5779,,327316.9141,
300925.SZ,20260323,3.4501,3.9592,,736521.9675,
300153.SZ,20260323,3.9985,6.3496,,902720.0,
688035.SH,20260323,4.414,10.3347,,778764.0,
301025.SZ,20260323,3.65,8.9959,,396706.6154,
002083.SZ,20260323,3.3682,5.5823,,942852.456,
301311.SZ,20260323,1.7388,4.7833,,374640.0,
600335.SH,20260323,1.6036,5.1235,,842129.0336,
301293.SZ,20260323,6.5397,8.0506,,1353952.4656,
300537.SZ,20260323,3.8494,4.3782,,424964.3354,
300658.SZ,20260323,9.7143,13.907,,724094.6925,
002733.SZ,20260323,11.825,18.8723,,995500.8396,
688071.SH,20260323,2.6408,3.6201,,250299.2652,
601665.SH,20260323,1.2823,2.0965,,3384613.3888,
300523.SZ,20260323,1.5884,3.3139,,473882.8686,
603197.SH,20260323,1.401,1.9888,,675592.4267,
000977.SZ,20260323,3.1153,4.6186,,8183820.3983,
300795.SZ,20260323,1.908,2.5045,,343429.0566,
600196.SH,20260323,1.0094,1.7405,,6355621.7935,
002329.SZ,20260323,7.8935,8.6057,,317978.3223,
600757.SH,20260323,1.204,2.756,,1026748.131,
301598.SZ,20260323,5.0782,5.0782,,332180.3377,
002949.SZ,20260323,3.2541,5.6488,,250936.1459,
601816.SH,20260323,0.5158,1.0276,,23875731.5326,
688329.SH,20260323,3.6987,6.08,,171847.2,
603050.SH,20260323,2.2075,5.809,,854230.0508,
603311.SH,20260323,3.824,7.8656,,347221.1111,
603355.SH,20260323,0.5263,2.7458,,1600921.995,
000615.SZ,20260323,1.0074,1.2374,,545185.2714,
002420.SZ,20260323,5.2862,7.1511,,279677.2,
688720.SH,20260323,4.6498,4.6498,,528800.004,
600284.SH,20260323,2.0841,3.3081,,639398.704,
000651.SZ,20260323,1.0039,1.3346,,20691592.8073,
300931.SZ,20260323,4.401,6.2056,,269203.666,
002809.SZ,20260323,12.6392,16.5704,,226425.2819,
688103.SH,20260323,2.1808,3.3654,,524616.7927,
600826.SH,20260323,1.3726,3.6967,,682575.1335,
002182.SZ,20260323,4.1522,5.9655,,1496613.4535,
001209.SZ,20260323,4.7426,11.0519,,247920.3272,
601200.SH,20260323,1.6545,3.8033,,1102562.5756,
300866.SZ,20260323,5.445,7.8258,,5933670.2475,
000729.SZ,20260323,1.3279,2.9025,,3427343.8387,
000538.SZ,20260323,0.8893,2.0309,,9802738.7409,
002134.SZ,20260323,3.6787,5.2132,,482974.0541,
300727.SZ,20260323,3.7198,7.4477,,527799.5114,
000993.SZ,20260323,7.3112,14.7836,,625103.7361,
600315.SH,20260323,1.3447,2.8082,,1381424.3889,
301026.SZ,20260323,5.687,6.4519,,403598.6669,
000810.SZ,20260323,1.5184,3.332,,1177800.2729,
301078.SZ,20260323,2.9904,4.4185,,995088.864,
000066.SZ,20260323,3.1684,5.2917,,4625795.8922,
300930.SZ,20260323,5.6949,9.0974,,269900.0,
605060.SH,20260323,2.394,6.7163,,1237124.064,
300903.SZ,20260323,9.0215,10.8359,,1526900.6764,
002042.SZ,20260323,4.228,7.2778,,647959.5963,
002650.SZ,20260323,0.6221,1.1093,,707426.5635,
300289.SZ,20260323,1.6975,3.1682,,331302.9956,
600566.SH,20260323,1.7728,4.5902,,2374304.158,
601886.SH,20260323,2.2239,6.775,,893938.6253,
001234.SZ,20260323,3.2386,9.8404,,273971.9048,
600529.SH,20260323,1.7146,2.1298,,1213750.2127,
300729.SZ,20260323,1.5155,2.7572,,409935.2484,
601388.SH,20260323,3.2704,6.1019,,728604.6859,
300264.SZ,20260323,10.5774,11.1831,,400697.4917,
688456.SH,20260323,3.1895,5.0078,,532812.4,
300796.SZ,20260323,2.2902,3.2302,,309138.2984,
688506.SH,20260323,0.3244,1.7504,,10660401.9549,
605007.SH,20260323,2.035,9.5283,,649371.4541,
601678.SH,20260323,4.2398,5.2935,,976997.2311,
002235.SZ,20260323,10.0391,12.1266,,556389.3926,
002688.SZ,20260323,3.3353,4.982,,434430.1661,
300506.SZ,20260323,1.4087,1.5679,,662902.4046,
688129.SH,20260323,1.7192,5.9454,,265053.36,
300018.SZ,20260323,6.2657,7.2892,,577063.9523,
001221.SZ,20260323,5.029,5.029,,2489662.24,
601858.SH,20260323,2.0191,11.0096,,1743843.0,
001313.SZ,20260323,1.742,5.5103,,452900.0,
000702.SZ,20260323,4.9581,6.6227,,206241.8441,
001387.SZ,20260323,4.2505,5.6003,,223297.088,
301007.SZ,20260323,2.1694,2.6478,,472440.54,
300622.SZ,20260323,5.0173,5.8336,,520418.9014,
002829.SZ,20260323,5.5634,6.1714,,446998.0065,
300229.SZ,20260323,3.4722,4.5279,,1538446.4613,
920455.BJ,20260323,1.3859,2.3904,,130425.75,
300360.SZ,20260323,2.6624,4.049,,815500.7818,
601789.SH,20260323,16.4465,22.4888,,849086.2755,
300115.SZ,20260323,4.8985,7.2826,,4217385.5591,
300859.SZ,20260323,4.3386,7.026,,490110.0,
688551.SH,20260323,3.2825,6.5199,,331658.947,
688380.SH,20260323,3.2051,7.7527,,1733580.45,
688722.SH,20260323,1.5462,2.8258,,363510.7206,
601336.SH,20260323,1.385,4.1116,,20448627.963,
601615.SH,20260323,3.8214,5.0729,,4450625.5174,
000727.SZ,20260323,3.288,5.9924,,1168628.2808,
600114.SH,20260323,2.4596,3.2268,,1669377.9132,
002285.SZ,20260323,5.2238,9.8872,,601834.3695,
002882.SZ,20260323,2.4755,5.326,,1167964.2,
600611.SH,20260323,1.9942,2.8598,,1108773.6232,
603369.SH,20260323,0.6799,1.259,,3365113.2999,
300657.SZ,20260323,6.3024,7.6829,,1370683.2116,
603409.SH,20260323,5.677,5.677,,462530.1,
600992.SH,20260323,5.0983,6.6607,,285039.67,
300012.SZ,20260323,4.5281,4.7962,,2330717.0764,
601601.SH,20260323,0.6443,1.4543,,35903114.3101,
002539.SZ,20260323,6.0361,7.074,,1696851.8856,
300261.SZ,20260323,2.9789,4.5917,,582802.23,
920982.BJ,20260323,2.3034,2.8929,,1762570.8781,
001332.SZ,20260323,4.707,8.1414,,550019.22,
002886.SZ,20260323,4.9204,6.6543,,525091.1122,
300437.SZ,20260323,10.9457,13.05,,383497.6437,
603356.SH,20260323,4.8728,6.9132,,205743.62,
002869.SZ,20260323,6.2867,8.0983,,410619.6941,
601518.SH,20260323,1.7487,5.5336,,521792.6746,
300308.SZ,20260323,3.424,4.5466,,66624877.5433,
300425.SZ,20260323,2.8046,4.4948,,311776.7578,
603182.SH,20260323,1.6766,2.5644,,228889.05,
300003.SZ,20260323,3.2063,4.4283,,2860951.4363,
002252.SZ,20260323,0.7577,1.3217,,3816841.2813,
300946.SZ,20260323,2.0819,3.3149,,648212.409,
000812.SZ,20260323,2.959,3.565,,288259.7303,
002612.SZ,20260323,3.2955,4.5248,,699063.6925,
301548.SZ,20260323,8.2683,8.6791,,567153.0,
920953.BJ,20260323,2.5563,4.2796,,368717.8192,
300047.SZ,20260323,4.0806,4.1627,,735957.3515,
002802.SZ,20260323,4.8486,8.6763,,211332.7077,
300942.SZ,20260323,2.2124,5.0682,,326890.4925,
000157.SZ,20260323,1.4578,2.1893,,7013962.0764,
300305.SZ,20260323,3.8702,5.2321,,222987.821,
601096.SH,20260323,3.3065,6.7317,,1511462.6247,
688501.SH,20260323,1.886,3.1421,,293670.264,
688141.SH,20260323,2.3923,3.7458,,1965653.8233,
300203.SZ,20260323,3.7239,4.9072,,576627.816,
000893.SZ,20260323,2.0412,3.0297,,5389066.5226,
600208.SH,20260323,1.1337,2.6351,,2629262.7072,
000036.SZ,20260323,4.2295,6.0319,,633122.245,
600872.SH,20260323,2.1235,2.7615,,1381075.3705,
601008.SH,20260323,1.6758,4.077,,579377.9488,
603383.SH,20260323,2.1437,3.6811,,585535.6972,
300565.SZ,20260323,19.6007,20.2362,,342844.4323,
920375.BJ,20260323,19.4049,22.619,,188405.7759,
688277.SH,20260323,3.1913,4.5181,,994062.6341,
600615.SH,20260323,2.0997,3.0011,,241418.3327,
002482.SZ,20260323,2.6184,5.5899,,603904.9404,
300541.SZ,20260323,4.908,4.908,,576689.6638,
688663.SH,20260323,3.761,6.0502,,761133.348,
600141.SH,20260323,3.646,5.461,,3857584.941,
600280.SH,20260323,2.24,5.2097,,346398.7799,
688400.SH,20260323,4.3186,7.6351,,1928423.1095,
920037.BJ,20260323,5.0024,5.0024,,680849.8872,
301559.SZ,20260323,6.4927,6.4927,,909600.0,
300271.SZ,20260323,2.7057,3.5712,,534204.3228,
603728.SH,20260323,2.3314,5.4666,,2410249.905,
600613.SH,20260323,2.5337,4.6332,,291069.0373,
300518.SZ,20260323,3.9688,5.5076,,360137.3063,
600018.SH,20260323,0.3945,3.2504,,11523580.4495,
301557.SZ,20260323,8.7816,8.7816,,413348.1286,
600199.SH,20260323,1.8602,2.5517,,520317.2878,
000597.SZ,20260323,2.1248,4.9075,,673585.6611,
002857.SZ,20260323,4.4899,6.5696,,276552.178,
002275.SZ,20260323,0.9599,3.5499,,784404.081,
600869.SH,20260323,2.6882,5.7968,,2685416.8227,
002234.SZ,20260323,4.4382,6.1248,,279168.1696,
600570.SH,20260323,1.795,2.266,,4742903.7911,
600628.SH,20260323,5.4217,9.7243,,453459.6442,
300021.SZ,20260323,2.8923,3.932,,428371.9695,
603167.SH,20260323,2.9845,4.9888,,410032.2956,
000731.SZ,20260323,7.1647,8.2474,,403387.0365,
688046.SH,20260323,1.9076,3.8889,,534640.0,
000818.SZ,20260323,5.0591,6.9392,,1398540.0826,
603155.SH,20260323,1.8686,7.3222,,468311.8244,
301327.SZ,20260323,6.6547,24.1014,,1241769.6361,
002080.SZ,20260323,2.533,6.3705,,6551394.4719,
300715.SZ,20260323,4.7175,8.1053,,493362.3362,
603968.SH,20260323,6.7209,13.0113,,262143.36,
688081.SH,20260323,1.7555,3.5598,,371356.16,
600876.SH,20260323,2.9899,7.7691,,697328.96,
300990.SZ,20260323,5.4633,8.4487,,1335805.3237,
603633.SH,20260323,3.1628,4.7661,,311145.0863,
001323.SZ,20260323,0.6696,2.511,,1053765.6104,
000404.SZ,20260323,3.0123,4.3497,,451005.3944,
002052.SZ,20260323,3.3283,4.6263,,866058.0878,
002034.SZ,20260323,1.9259,4.1872,,749494.2866,
300814.SZ,20260323,4.9296,12.9854,,1562644.1675,
001280.SZ,20260323,8.1138,8.1138,,15771954.5441,
000065.SZ,20260323,6.5763,12.47,,1501744.7116,
920249.BJ,20260323,8.3939,8.65,,359228.76,
300824.SZ,20260323,1.708,4.3038,,315246.0648,
000766.SZ,20260323,2.4789,3.0859,,1784149.2291,
000591.SZ,20260323,6.2356,9.5339,,2248705.5485,
002993.SZ,20260323,3.0249,6.2701,,1238039.4,
603259.SH,20260323,1.674,2.0241,,26194404.0637,
000541.SZ,20260323,1.3458,2.6639,,838534.9136,
688152.SH,20260323,1.9537,3.6467,,332553.381,
600222.SH,20260323,5.5703,7.2414,,364417.7897,
601318.SH,20260323,1.1762,1.293,,104064618.5453,
300531.SZ,20260323,5.1523,7.5408,,537165.1084,
300696.SZ,20260323,2.5332,4.4516,,782718.4646,
600479.SH,20260323,3.6891,6.2335,,488764.5459,
688218.SH,20260323,5.6441,6.9337,,268941.5554,
920122.BJ,20260323,2.8556,5.6676,,232726.8385,
603309.SH,20260323,2.5425,5.1136,,414457.4136,
301301.SZ,20260323,4.2593,4.2593,,2383960.865,
688292.SH,20260323,3.073,5.4054,,358184.9132,
603912.SH,20260323,8.1225,14.4042,,507164.9694,
688276.SH,20260323,0.7815,2.3474,,713559.3566,
002901.SZ,20260323,0.6931,2.7307,,1681333.2139,
002544.SZ,20260323,3.3724,5.229,,1723111.8095,
603330.SH,20260323,2.3244,3.5844,,276911.1354,
601375.SH,20260323,1.9323,2.5382,,1815367.9177,
301575.SZ,20260323,4.1193,4.1193,,384814.8,
688082.SH,20260323,0.6139,3.2085,,6950865.4856,
920015.BJ,20260323,5.4003,5.4003,,504308.0012,
002462.SZ,20260323,1.9731,2.7594,,395846.5618,
603659.SH,20260323,5.0974,10.9104,,6725384.2912,
300499.SZ,20260323,13.5373,14.1008,,1120262.2299,
688026.SH,20260323,2.6216,4.7089,,207458.5019,
301181.SZ,20260323,7.2078,16.9364,,459968.6135,
920679.BJ,20260323,1.3282,2.7984,,94665.75,
300943.SZ,20260323,8.1086,9.834,,558059.16,
688179.SH,20260323,3.0946,5.7524,,518269.4209,
300858.SZ,20260323,1.831,2.2349,,382331.4162,
002605.SZ,20260323,2.0908,3.3503,,842820.4182,
300887.SZ,20260323,6.2824,9.7186,,551740.3223,
600076.SH,20260323,2.1574,3.5459,,422186.6172,
300277.SZ,20260323,5.241,6.0451,,2772353.5104,
002204.SZ,20260323,2.0108,4.5114,,1205174.9,
300366.SZ,20260323,2.6487,2.8024,,331736.5779,
601390.SH,20260323,1.9064,4.3282,,13182442.5101,
603225.SH,20260323,2.6065,5.7271,,2660505.1351,
300551.SZ,20260323,6.0759,7.4894,,489690.4882,
000890.SZ,20260323,18.0481,30.2789,,551647.7179,
920433.BJ,20260323,1.0092,1.79,,126168.4027,
003015.SZ,20260323,4.3207,4.9844,,410357.3338,
301082.SZ,20260323,4.8777,9.5281,,376578.4655,
603307.SH,20260323,1.4037,5.5322,,242762.582,
002040.SZ,20260323,3.9036,11.9736,,473308.5755,
688185.SH,20260323,3.7259,8.1804,,1608502.1883,
300006.SZ,20260323,2.7871,4.4242,,467768.6638,
300694.SZ,20260323,4.3432,6.5573,,239211.5544,
002822.SZ,20260323,1.3189,1.3189,,610644.9086,
688165.SH,20260323,1.4887,3.0781,,882851.76,
600791.SH,20260323,6.5383,11.9571,,370455.84,
301446.SZ,20260323,4.0352,4.0352,,367432.0,
920045.BJ,20260323,5.1554,7.1307,,2259975.3936,
000544.SZ,20260323,1.2798,5.167,,801190.6491,
000681.SZ,20260323,4.6191,6.3727,,1394849.6751,
600210.SH,20260323,2.5018,3.4139,,991945.4473,
920363.BJ,20260323,2.4899,3.5448,,144893.1,
600137.SH,20260323,5.6606,12.806,,191713.0835,
300250.SZ,20260323,4.7113,5.3447,,427498.958,
600909.SH,20260323,1.8252,3.3467,,2783411.94,
688610.SH,20260323,7.2087,12.6333,,515440.0,
603017.SH,20260323,7.8998,14.0779,,349656.9109,
300194.SZ,20260323,2.4061,2.5976,,453280.4175,
300350.SZ,20260323,4.8065,5.1259,,300676.5693,
000639.SZ,20260323,6.9879,8.7371,,289286.7295,
300152.SZ,20260323,3.652,3.8795,,161092.8,
600302.SH,20260323,4.6747,8.1683,,368500.4413,
300448.SZ,20260323,7.0262,11.5521,,493180.9506,
002383.SZ,20260323,3.1135,5.3999,,681871.8409,
603681.SH,20260323,2.8013,4.4942,,315175.9705,
300426.SZ,20260323,3.111,4.1815,,334184.045,
688045.SH,20260323,3.8645,7.9347,,279211.6004,
920946.BJ,20260323,0.8307,3.003,,388068.7711,
300787.SZ,20260323,5.1259,6.6162,,356059.9107,
002296.SZ,20260323,6.5238,6.7832,,413734.406,
300406.SZ,20260323,1.1904,1.924,,670150.7618,
300625.SZ,20260323,3.8452,6.1214,,309778.079,
688448.SH,20260323,3.7838,7.6623,,371015.6094,
688595.SH,20260323,2.9036,4.9865,,432135.1829,
002655.SZ,20260323,8.7367,10.0363,,593864.8951,
600585.SH,20260323,0.9234,1.7835,,12034716.1569,
300451.SZ,20260323,2.2245,2.5876,,689360.4879,
301358.SZ,20260323,3.8638,6.8206,,5900025.1014,
605369.SH,20260323,0.8405,2.6203,,357198.5774,
002364.SZ,20260323,5.9982,10.1377,,1635465.5139,
300747.SZ,20260323,3.5572,6.0656,,1478692.8,
601065.SH,20260323,2.9718,3.8215,,530933.0413,
002501.SZ,20260323,2.9936,3.8656,,614150.0,
300540.SZ,20260323,4.2457,6.4958,,437998.7819,
603856.SH,20260323,1.9923,5.0498,,352570.075,
301090.SZ,20260323,1.449,8.1123,,1111708.3766,
002152.SZ,20260323,1.6648,3.3321,,2873274.013,
002369.SZ,20260323,2.9296,2.9296,,380994.6202,
688109.SH,20260323,1.6074,3.1913,,1001297.21,
600679.SH,20260323,2.1234,5.3773,,588981.3358,
603260.SH,20260323,0.9037,3.9347,,4994824.3257,
300970.SZ,20260323,5.8732,7.5057,,271088.7201,
601339.SH,20260323,0.8565,3.3318,,995713.816,
002019.SZ,20260323,5.6804,6.9007,,1458451.7119,
301633.SZ,20260323,3.9608,4.7486,,334525.44,
600439.SH,20260323,1.6255,2.4519,,276204.4474,
002304.SZ,20260323,0.4831,1.253,,7342413.2907,
300771.SZ,20260323,3.6078,4.2183,,308640.0,
688639.SH,20260323,3.5941,5.1918,,720333.1958,
920478.BJ,20260323,1.7142,2.1335,,119558.5153,
002559.SZ,20260323,6.9844,7.63,,507433.1172,
600421.SH,20260323,2.0156,3.3741,,136724.4,
002897.SZ,20260323,5.7787,9.9609,,1201090.9117,
300150.SZ,20260323,3.6316,3.9808,,291382.8144,
603101.SH,20260323,1.4348,3.6288,,365500.8,
002095.SZ,20260323,3.5676,6.3873,,398539.44,
301237.SZ,20260323,2.568,3.5523,,402400.0,
600879.SH,20260323,4.3126,5.7923,,6921930.0027,
300154.SZ,20260323,3.7921,8.0162,,339414.1768,
300719.SZ,20260323,4.8433,5.8029,,392272.4925,
301308.SZ,20260323,5.3827,9.5071,,12834228.0755,
688549.SH,20260323,4.9765,5.7582,,1286707.396,
600228.SH,20260323,1.4283,2.0395,,215002.9723,
605598.SH,20260323,1.875,6.0741,,1125090.1214,
001201.SZ,20260323,3.2287,5.3232,,343368.2893,
600376.SH,20260323,8.6493,18.269,,1514204.7971,
600463.SH,20260323,1.7696,4.2736,,282600.0,
002249.SZ,20260323,2.9359,3.3333,,2244761.1088,
300898.SZ,20260323,2.8456,5.2403,,276520.0,
603402.SH,20260323,8.4674,8.4674,,1003786.6753,
688726.SH,20260323,14.255,14.255,,2629756.3142,
300690.SZ,20260323,15.1558,18.9105,,594925.4106,
300851.SZ,20260323,3.5914,4.5068,,245326.0548,
601061.SH,20260323,3.8778,3.8778,,5625200.0,
301206.SZ,20260323,1.6013,2.2192,,499542.1533,
688085.SH,20260323,1.1946,1.9055,,586560.534,
603726.SH,20260323,1.917,4.2743,,411217.408,
920799.BJ,20260323,2.8106,4.3612,,768214.5431,
603066.SH,20260323,1.5151,3.1935,,277117.6297,
301302.SZ,20260323,10.2432,16.9006,,424887.99,
300397.SZ,20260323,4.7514,5.2203,,587517.7056,
603297.SH,20260323,1.4846,4.7537,,1112806.0377,
600133.SH,20260323,2.9756,3.5885,,886045.3361,
300011.SZ,20260323,3.9184,5.2382,,451138.7633,
300872.SZ,20260323,3.9175,4.5893,,788803.6701,
301110.SZ,20260323,3.6127,5.0957,,485903.0336,
301036.SZ,20260323,2.1208,3.2108,,266400.0,
001219.SZ,20260323,4.3853,8.4227,,257768.5175,
603950.SH,20260323,2.6805,7.2949,,1202201.1372,
301088.SZ,20260323,1.2859,4.1901,,303107.0,
688097.SH,20260323,2.8857,7.9303,,2393585.3726,
000951.SZ,20260323,1.8195,3.7604,,2510695.8223,
300529.SZ,20260323,1.1948,1.4919,,1400753.6524,
600449.SH,20260323,2.2871,4.4875,,602986.294,
920526.BJ,20260323,2.076,4.2737,,157130.0,
301365.SZ,20260323,12.9931,28.4202,,535500.0,
600608.SH,20260323,3.7962,4.6827,,98987.2937,
688102.SH,20260323,2.2332,4.899,,2696487.2427,
300081.SZ,20260323,4.0992,4.5805,,272157.9377,
603051.SH,20260323,3.9336,6.1955,,334741.7276,
000966.SZ,20260323,7.7887,18.6165,,1743998.543,
600101.SH,20260323,6.1159,8.9185,,550601.7834,
605296.SH,20260323,0.7843,6.3703,,1548579.7975,
002144.SZ,20260323,5.0509,5.4745,,238629.4128,
300485.SZ,20260323,3.382,4.3897,,471551.4056,
688181.SH,20260323,5.2752,6.6324,,396855.0422,
301609.SZ,20260323,14.752,14.752,,829222.08,
301345.SZ,20260323,4.4998,5.4246,,2205408.4119,
600461.SH,20260323,1.396,2.5461,,1218663.4575,
603117.SH,20260323,3.0133,4.2801,,276829.3568,
600405.SH,20260323,3.5901,3.9973,,332153.6367,
920906.BJ,20260323,2.6984,4.0254,,145078.01,
601956.SH,20260323,1.9185,3.6312,,377321.2701,
300389.SZ,20260323,8.8845,17.0768,,693908.596,
301123.SZ,20260323,2.6077,3.9363,,1164752.96,
000663.SZ,20260323,3.2668,4.6485,,216151.0824,
605588.SH,20260323,3.1844,9.3052,,359123.1324,
688248.SH,20260323,1.4006,4.7972,,3480246.1,
601113.SH,20260323,1.7786,2.371,,456014.8693,
688429.SH,20260323,13.0871,17.9453,,694401.3888,
000793.SZ,20260323,1.3268,1.7144,,519283.8188,
300444.SZ,20260323,9.5138,10.4197,,1114082.0006,
000709.SZ,20260323,1.6568,4.704,,2325852.2457,
002391.SZ,20260323,3.2003,3.5911,,376114.0865,
003028.SZ,20260323,3.621,6.7058,,382905.306,
001376.SZ,20260323,7.2591,7.2591,,719464.9,
600356.SH,20260323,3.9297,5.6085,,263629.2032,
002349.SZ,20260323,4.5289,6.9027,,562519.5876,
002506.SZ,20260323,28.0179,36.9697,,3393183.5277,
002109.SZ,20260323,10.8104,25.2767,,579426.5124,
300035.SZ,20260323,11.0763,11.7678,,1496286.4228,
688128.SH,20260323,0.7521,3.5347,,1018531.0,
300137.SZ,20260323,6.5935,7.8082,,692191.0509,
603890.SH,20260323,3.3456,4.9428,,571467.4422,
601827.SH,20260323,0.7819,2.7742,,1437862.638,
301267.SZ,20260323,0.9193,3.5446,,1355760.0,
300514.SZ,20260323,5.5215,7.3103,,246200.0,
600825.SH,20260323,1.4343,2.9568,,562149.6633,
688202.SH,20260323,2.4077,4.0654,,698631.3568,
000633.SZ,20260323,4.4188,5.5753,,237225.5258,
002757.SZ,20260323,4.9653,7.8411,,565798.0734,
920719.BJ,20260323,3.1796,3.4855,,97934.2568,
002007.SZ,20260323,1.065,1.7147,,2594988.4657,
301367.SZ,20260323,1.8797,3.0505,,576486.4,
002084.SZ,20260323,6.1102,10.3993,,230642.0063,
920438.BJ,20260323,3.1953,5.2026,,529383.525,
300072.SZ,20260323,5.8668,9.3886,,1235952.8789,
000825.SZ,20260323,1.1257,3.0684,,2409512.8177,
300332.SZ,20260323,19.0843,23.0247,,579657.1672,
301045.SZ,20260323,7.0519,7.6349,,449326.6721,
688116.SH,20260323,3.2196,3.6976,,1480422.8328,
300181.SZ,20260323,2.5201,2.6635,,1081539.2706,
603637.SH,20260323,4.9751,6.3148,,258019.433,
000968.SZ,20260323,14.3675,33.2543,,1064252.926,
605179.SH,20260323,0.9023,4.3329,,669670.0,
600089.SH,20260323,5.3977,6.5857,,14223611.0874,
600756.SH,20260323,12.1976,15.0762,,613598.4615,
300327.SZ,20260323,2.9803,3.8995,,804609.4954,
002679.SZ,20260323,2.188,6.0156,,238349.316,
603313.SH,20260323,1.8902,3.4702,,442775.4228,
688605.SH,20260323,2.0801,2.5675,,1126446.2785,
301047.SZ,20260323,1.2079,3.1848,,807424.6934,
603825.SH,20260323,1.2779,2.0233,,214069.3864,
600668.SH,20260323,1.5775,1.8813,,403816.7809,
603848.SH,20260323,0.878,5.1321,,602804.9535,
300290.SZ,20260323,4.1646,5.2066,,872595.2241,
603877.SH,20260323,0.7713,2.618,,620406.743,
920639.BJ,20260323,3.1728,4.0762,,148780.8,
000909.SZ,20260323,1.2569,2.1461,,228924.5501,
688060.SH,20260323,1.3633,4.4474,,246781.9848,
600331.SH,20260323,6.6729,9.7152,,3650691.2,
688281.SH,20260323,1.4819,2.8689,,1959510.5826,
002675.SZ,20260323,1.9115,2.3976,,1009305.1429,
920001.BJ,20260323,3.387,6.7579,,248923.0505,
603818.SH,20260323,3.0062,5.1862,,225186.3844,
002485.SZ,20260323,0.8586,3.4915,,253504.0,
600480.SH,20260323,1.9351,3.5014,,1159947.9212,
002577.SZ,20260323,1.3182,3.1644,,415418.24,
002281.SZ,20260323,5.7247,9.4732,,6373545.1166,
603276.SH,20260323,5.0169,5.0169,,315627.2354,
002556.SZ,20260323,3.6265,5.8285,,536675.7514,
300245.SZ,20260323,3.2761,4.0556,,326403.4668,
002630.SZ,20260323,3.2297,3.2297,,244425.6,
002703.SZ,20260323,8.8867,16.8659,,1613182.105,
688350.SH,20260323,2.2952,3.923,,359830.5055,
300876.SZ,20260323,3.6008,5.5476,,262993.4478,
603048.SH,20260323,4.1185,14.4401,,274812.48,
601015.SH,20260323,15.1433,40.6643,,1123373.7015,
603270.SH,20260323,11.209,11.209,,505698.1874,
301071.SZ,20260323,5.9409,8.3114,,1042650.8859,
601666.SH,20260323,4.187,8.7026,,2153285.3339,
300789.SZ,20260323,5.2621,6.8868,,298199.0952,
301192.SZ,20260323,3.214,5.3901,,248651.1,
003001.SZ,20260323,2.7676,3.6672,,292208.0424,
603730.SH,20260323,1.3043,6.7868,,1783325.7841,
688707.SH,20260323,2.2634,3.2476,,659836.0459,
600159.SH,20260323,3.0645,5.8595,,234890.9147,
688618.SH,20260323,2.7298,7.3065,,298713.2429,
301117.SZ,20260323,7.0305,7.8499,,533208.0634,
002805.SZ,20260323,11.4589,16.4588,,463783.5132,
688168.SH,20260323,1.785,2.7287,,527096.3923,
300550.SZ,20260323,2.436,4.8549,,304044.6433,
920792.BJ,20260323,1.4065,2.1822,,175306.86,
002186.SZ,20260323,2.1419,3.8209,,299248.5483,
605020.SH,20260323,2.1042,3.5659,,1252016.6901,
300490.SZ,20260323,6.8992,8.8156,,597607.3403,
688176.SH,20260323,5.6066,6.4484,,707680.2322,
300306.SZ,20260323,3.7857,5.0049,,310916.3474,
600794.SH,20260323,2.4546,3.8377,,423653.7114,
300844.SZ,20260323,1.2073,4.2666,,304799.5776,
300665.SZ,20260323,4.8141,5.9277,,152167.2824,
002196.SZ,20260323,7.5071,8.5588,,649592.2283,
000090.SZ,20260323,2.055,3.401,,653990.9019,
600429.SH,20260323,2.2684,7.9402,,847178.2327,
300077.SZ,20260323,6.3426,6.3426,,1203573.5088,
301509.SZ,20260323,11.9081,11.9081,,438425.8752,
300105.SZ,20260323,3.4522,5.9305,,353332.8777,
603239.SH,20260323,1.6612,3.9585,,554434.56,
603906.SH,20260323,5.9818,10.3402,,1272191.5229,
002765.SZ,20260323,2.6273,3.4755,,641041.9125,
603929.SH,20260323,2.8618,7.1901,,3708196.8,
300374.SZ,20260323,2.3202,3.4859,,334686.6907,
002718.SZ,20260323,2.0641,5.6489,,711704.1638,
603350.SH,20260323,2.8544,3.9249,,383731.236,
300835.SZ,20260323,7.2446,8.3325,,849519.475,
920575.BJ,20260323,3.3274,3.3287,,208457.48,
300124.SZ,20260323,1.2754,1.583,,17686324.5222,
603700.SH,20260323,2.8034,4.0309,,244953.3692,
002960.SZ,20260323,3.3008,5.9029,,995063.8308,
920802.BJ,20260323,3.2847,3.44,,111531.2744,
002381.SZ,20260323,4.2093,5.6173,,249416.1341,
600983.SH,20260323,0.8556,4.2228,,768738.317,
688759.SH,20260323,8.1329,8.1329,,1565677.5297,
600064.SH,20260323,2.1012,3.2197,,1379080.6963,
002355.SZ,20260323,6.9399,8.1282,,441865.941,
920950.BJ,20260323,1.3203,2.3363,,113426.04,
002609.SZ,20260323,2.9893,4.2669,,520542.0224,
000950.SZ,20260323,1.4987,3.3165,,900384.2266,
688333.SH,20260323,2.6759,3.7706,,2335853.3116,
688062.SH,20260323,3.532,3.532,,1239958.8,
688003.SH,20260323,2.4547,5.8156,,1049913.6615,
605199.SH,20260323,0.8966,3.6352,,244866.5562,
302132.SZ,20260323,1.5592,3.4062,,17825521.5693,
002023.SZ,20260323,2.6346,3.4464,,731969.9122,
603998.SH,20260323,3.4144,5.473,,455766.4517,
001206.SZ,20260323,3.7399,5.0529,,368123.5717,
000792.SZ,20260323,1.9996,3.3834,,18298257.8468,
601865.SH,20260323,1.7249,4.0934,,3687693.6347,
603558.SH,20260323,4.3034,8.8246,,472155.2315,
301377.SZ,20260323,3.9535,4.5553,,6807230.0,
688316.SH,20260323,9.3962,12.4869,,349656.3417,
603126.SH,20260323,2.1855,4.4547,,423687.0,
920090.BJ,20260323,6.344,6.344,,143719.4867,
601878.SH,20260323,0.8753,1.6348,,4427435.1466,
688375.SH,20260323,0.7707,2.7121,,6246236.152,
920158.BJ,20260323,15.6364,15.6364,,245095.02,
688255.SH,20260323,2.5306,4.5962,,282776.7314,
300717.SZ,20260323,3.877,8.2251,,195786.375,
603196.SH,20260323,2.0271,4.153,,1085656.5319,
600490.SH,20260323,5.5326,7.216,,1500337.4396,
300302.SZ,20260323,15.8119,18.9414,,1078822.8093,
002694.SZ,20260323,2.7467,4.5791,,212137.5744,
603130.SH,20260323,2.5476,9.7537,,573434.214,
688057.SH,20260323,1.3455,2.6524,,320712.0,
600310.SH,20260323,18.0235,36.7748,,744581.0468,
920729.BJ,20260323,2.9767,3.0399,,206379.25,
688028.SH,20260323,4.1988,6.8263,,1285179.786,
002319.SZ,20260323,4.8917,6.6103,,232514.4861,
603032.SH,20260323,2.9313,5.7758,,392521.7142,
600549.SH,20260323,3.5177,5.5866,,8249095.9519,
600917.SH,20260323,1.4532,3.2266,,844522.5102,
000683.SZ,20260323,2.0473,2.7125,,2969748.4164,
600874.SH,20260323,2.0052,4.7921,,931257.9244,
688372.SH,20260323,3.6307,5.2354,,1890002.7292,
300825.SZ,20260323,2.6061,2.9444,,402416.7086,
600067.SH,20260323,2.7644,4.3228,,516309.1022,
002039.SZ,20260323,4.2296,7.0149,,791837.6494,
920273.BJ,20260323,2.1483,3.9218,,218206.4239,
301186.SZ,20260323,3.8869,10.9257,,401379.4192,
688721.SH,20260323,2.5616,2.5616,,517980.0,
920579.BJ,20260323,3.6546,3.6546,,222317.16,
300409.SZ,20260323,4.655,4.789,,1918856.6817,
000930.SZ,20260323,2.7855,6.2975,,1232677.7509,
002346.SZ,20260323,1.4323,2.9587,,797043.6259,
600351.SH,20260323,2.3854,2.7618,,422120.0281,
300723.SZ,20260323,1.8916,5.1355,,1335203.8163,
002178.SZ,20260323,3.6353,4.9721,,415897.3526,
003035.SZ,20260323,6.0398,23.2791,,3545454.5446,
600803.SH,20260323,0.6863,2.5395,,7141976.2418,
605055.SH,20260323,1.708,6.5736,,351560.0,
603338.SH,20260323,1.6469,3.77,,2383885.8143,
605111.SH,20260323,3.3069,4.2789,,1689572.8826,
301029.SZ,20260323,2.5474,3.4567,,1466276.6701,
688611.SH,20260323,1.2597,2.8887,,766027.6624,
003022.SZ,20260323,1.4,5.4057,,2578981.808,
603257.SH,20260323,10.024,10.024,,636840.0,
000558.SZ,20260323,2.8942,4.1294,,544052.5065,
300334.SZ,20260323,4.2336,7.0687,,209029.2264,
688518.SH,20260323,3.5516,4.1114,,765250.863,
301016.SZ,20260323,1.8958,5.9366,,452961.6,
600618.SH,20260323,1.9949,7.0881,,1448969.1699,
688778.SH,20260323,1.2809,3.6947,,3509621.7912,
605169.SH,20260323,4.5584,15.5399,,390091.52,
688366.SH,20260323,0.6492,1.4446,,866108.0506,
000670.SZ,20260323,15.9789,18.8188,,712948.1152,
301608.SZ,20260323,2.8806,4.058,,681574.41,
000800.SZ,20260323,0.5464,2.4994,,3031509.0806,
002672.SZ,20260323,1.7619,3.6372,,500680.8783,
300628.SZ,20260323,1.7203,2.4051,,4167544.6182,
603324.SH,20260323,1.6213,4.5031,,340106.0727,
002975.SZ,20260323,4.4455,5.5204,,1057195.6008,
301456.SZ,20260323,5.0569,6.1187,,432988.7828,
605378.SH,20260323,1.1699,4.2059,,499694.3168,
920304.BJ,20260323,3.2244,5.5814,,203615.138,
603090.SH,20260323,3.0916,6.2229,,571300.0,
600217.SH,20260323,1.6175,2.5748,,596755.3223,
002490.SZ,20260323,17.3052,30.6255,,856889.1816,
300383.SZ,20260323,9.107,11.8936,,2741329.0917,
688047.SH,20260323,1.3662,3.3457,,5316057.0,
605003.SH,20260323,1.758,6.5965,,294470.0,
002550.SZ,20260323,2.2642,2.5987,,872823.6,
600834.SH,20260323,1.1907,2.8646,,369016.2126,
920665.BJ,20260323,3.1423,4.8603,,140389.2,
688676.SH,20260323,2.9877,4.9967,,3615284.4541,
300613.SZ,20260323,2.6624,4.6605,,948912.4422,
601022.SH,20260323,1.0953,5.7649,,1124116.0339,
600883.SH,20260323,3.6294,6.6733,,174232.944,
001390.SZ,20260323,4.7092,4.7092,,405200.0,
600368.SH,20260323,1.6543,3.4382,,606839.5045,
003023.SZ,20260323,3.4062,6.9351,,214896.864,
920476.BJ,20260323,3.0617,4.1636,,161841.62,
300165.SZ,20260323,3.4088,4.0411,,239332.1632,
002868.SZ,20260323,1.4378,2.1518,,575038.5969,
002527.SZ,20260323,2.4171,2.8351,,885849.8848,
002133.SZ,20260323,3.4061,5.0319,,246951.9918,
300461.SZ,20260323,5.9766,10.6071,,668119.1678,
603836.SH,20260323,1.9445,4.655,,247924.1663,
300316.SZ,20260323,3.4897,7.2539,,5995045.7227,
600808.SH,20260323,1.5183,4.0557,,2695238.4151,
605288.SH,20260323,1.6518,6.2446,,607858.5762,
301449.SZ,20260323,22.0239,22.0239,,514043.4837,
688391.SH,20260323,1.9707,3.958,,338288.2417,
002051.SZ,20260323,2.364,6.5025,,998589.0122,
301369.SZ,20260323,3.126,4.1794,,903365.0944,
688363.SH,20260323,0.9297,2.3125,,1950796.8801,
600877.SH,20260323,2.3184,3.9501,,1823451.6177,
300841.SZ,20260323,3.1471,4.5213,,691707.3434,
002801.SZ,20260323,2.1161,3.5946,,712777.728,
920806.BJ,20260323,1.1235,3.4589,,327502.2304,
300839.SZ,20260323,3.9398,7.0711,,362805.1973,
002731.SZ,20260323,7.8955,9.4149,,182639.228,
300883.SZ,20260323,5.981,7.5656,,209676.0,
002102.SZ,20260323,3.3064,4.2528,,742688.037,
603131.SH,20260323,2.5705,5.0399,,672129.9039,
920570.BJ,20260323,2.6715,3.9008,,143686.3673,
000975.SZ,20260323,2.9118,4.4816,,7236138.2226,
002037.SZ,20260323,1.78,3.207,,367267.6266,
600289.SH,20260323,1.369,1.9887,,487803.2493,
300395.SZ,20260323,5.365,6.6512,,4821052.8895,
601607.SH,20260323,0.6642,1.856,,6044629.7487,
002458.SZ,20260323,2.9203,3.3814,,993558.7977,
600882.SH,20260323,1.0818,2.3013,,960941.0709,
001283.SZ,20260323,17.7776,18.255,,683410.6921,
000718.SZ,20260323,2.2817,3.4563,,606927.2768,
002141.SZ,20260323,3.7498,5.4069,,358428.7219,
920174.BJ,20260323,1.8804,3.3908,,765457.3603,
600500.SH,20260323,1.7896,3.9162,,1535795.0977,
300542.SZ,20260323,2.2192,3.2956,,456199.5257,
000423.SZ,20260323,2.0998,3.1698,,3536720.7174,
920098.BJ,20260323,1.2049,1.8043,,208424.1057,
003005.SZ,20260323,3.2808,4.1802,,414417.1456,
688525.SH,20260323,7.6673,10.036,,10510463.475,
603716.SH,20260323,7.1864,8.4339,,409159.1304,
300549.SZ,20260323,4.4446,6.0997,,209477.14,
002259.SZ,20260323,4.4221,6.1698,,375411.8052,
688108.SH,20260323,2.4663,3.4984,,799124.224,
301113.SZ,20260323,4.9153,11.1492,,209118.0,
001333.SZ,20260323,6.123,6.123,,308096.0,
300999.SZ,20260323,4.1679,4.1679,,15467800.6522,
300329.SZ,20260323,6.0193,10.8496,,388184.2773,
600249.SH,20260323,4.9653,7.7437,,291500.0,
300707.SZ,20260323,4.9267,5.9177,,259868.3314,
603826.SH,20260323,1.7863,6.5953,,1510891.2,
600397.SH,20260323,7.0427,11.6107,,1435441.8289,
000428.SZ,20260323,2.9427,6.568,,358661.952,
600866.SH,20260323,3.6333,4.9118,,1153061.9955,
002146.SZ,20260323,3.3492,4.8529,,600046.6114,
300976.SZ,20260323,2.8327,5.1758,,719335.0146,
600648.SH,20260323,0.5406,1.5092,,1347673.008,
300911.SZ,20260323,9.4775,18.0385,,528923.5032,
920879.BJ,20260323,1.7123,3.3945,,312685.7884,
688114.SH,20260323,0.9656,1.8195,,2040929.1595,
600967.SH,20260323,1.8883,4.2633,,2324651.5151,
920403.BJ,20260323,5.5453,7.2728,,213328.2388,
688765.SH,20260323,4.7327,4.7327,,2261187.5,
600039.SH,20260323,0.2744,2.3665,,8139072.8437,
000031.SZ,20260323,0.8344,2.7162,,1195881.4216,
000738.SZ,20260323,2.0738,4.1384,,2755310.4821,
600888.SH,20260323,3.2617,5.4264,,1212960.1262,
600340.SH,20260323,3.2135,5.2873,,555748.2886,
688489.SH,20260323,0.9178,2.186,,418787.1723,
603209.SH,20260323,1.9094,3.1858,,455975.0,
603159.SH,20260323,1.0941,2.4746,,322700.0,
600812.SH,20260323,2.088,4.6403,,875022.4887,
300206.SZ,20260323,4.7826,6.2738,,758199.6566,
688150.SH,20260323,5.0205,11.3054,,1374726.7904,
688717.SH,20260323,13.3919,13.4327,,2173920.0,
002470.SZ,20260323,13.9345,19.879,,939803.9342,
600498.SH,20260323,5.8144,9.5094,,5698870.7545,
603334.SH,20260323,8.3733,8.3733,,680620.5,
300656.SZ,20260323,4.3598,5.5493,,345330.3953,
300477.SZ,20260323,4.4966,4.568,,266932.6531,
301161.SZ,20260323,2.8238,3.4819,,340320.0,
300893.SZ,20260323,1.077,1.6172,,991883.6548,
300853.SZ,20260323,4.0392,4.5297,,271855.6741,
301516.SZ,20260323,17.6433,17.6433,,482245.6151,
688301.SH,20260323,1.1773,1.8933,,2316425.3177,
603886.SH,20260323,2.4667,4.8841,,273840.0,
001324.SZ,20260323,5.9871,7.9433,,243570.0,
605099.SH,20260323,1.879,18.0292,,1578327.0074,
000019.SZ,20260323,7.1646,11.0152,,797554.3958,
605177.SH,20260323,3.2606,6.6525,,219929.9701,
002315.SZ,20260323,4.4953,5.3928,,1223261.5109,
603097.SH,20260323,2.1125,7.0414,,533609.9278,
600763.SH,20260323,2.2491,3.4021,,1816888.3933,
603000.SH,20260323,2.6335,6.0618,,2083121.9495,
603801.SH,20260323,2.2381,4.1628,,376582.6612,
300095.SZ,20260323,3.7052,4.0478,,384382.5001,
603060.SH,20260323,1.3472,4.265,,477552.6457,
600422.SH,20260323,1.6099,2.5143,,849326.7994,
603320.SH,20260323,2.564,6.3123,,284869.2477,
002451.SZ,20260323,4.6512,7.5301,,409382.43,
300471.SZ,20260323,4.6104,6.2878,,602273.3344,
000677.SZ,20260323,13.2072,18.3813,,387062.1207,
002483.SZ,20260323,2.8048,4.1874,,577090.9369,
300516.SZ,20260323,2.4618,7.6935,,1009800.0,
002267.SZ,20260323,2.1649,6.0866,,858522.2435,
000698.SZ,20260323,1.7269,3.1379,,299122.7542,
002176.SZ,20260323,3.7022,4.4635,,1506685.488,
300829.SZ,20260323,6.8761,7.1471,,442504.6333,
000970.SZ,20260323,2.7768,3.6808,,1355534.2369,
600692.SH,20260323,4.0966,4.4001,,254677.1823,
603113.SH,20260323,4.4318,8.7954,,610064.7529,
688237.SH,20260323,2.0051,4.4956,,421505.1744,
000821.SZ,20260323,7.057,9.1758,,791050.9681,
002782.SZ,20260323,2.6976,6.5051,,1075249.9802,
920116.BJ,20260323,1.5019,5.2061,,1340192.7,
000567.SZ,20260323,0.8367,3.4101,,992932.8147,
300402.SZ,20260323,2.6833,5.9114,,449158.7045,
002849.SZ,20260323,5.0752,6.5073,,324993.9056,
002358.SZ,20260323,5.1596,6.5717,,686160.649,
300141.SZ,20260323,2.9874,6.233,,326946.9528,
600010.SH,20260323,2.9609,4.6591,,11186288.979,
600861.SH,20260323,1.0589,1.7226,,904082.0106,
300560.SZ,20260323,5.2353,6.5624,,317046.1984,
601958.SH,20260323,1.4776,5.3452,,5694956.766,
000701.SZ,20260323,2.7213,4.567,,356879.1986,
601208.SH,20260323,4.768,6.2002,,2914377.7906,
601026.SH,20260323,8.4105,8.4105,,1324075.2,
002425.SZ,20260323,2.3515,2.9279,,301349.4958,
688271.SH,20260323,0.6331,1.2416,,9204196.41,
600592.SH,20260323,2.5699,4.1351,,763946.4278,
600997.SH,20260323,2.8637,9.3219,,1027306.5036,
603176.SH,20260323,1.5829,5.0364,,238569.0011,
600216.SH,20260323,4.2583,6.831,,1418415.6813,
600419.SH,20260323,1.9123,3.0546,,271971.2414,
603758.SH,20260323,1.0838,3.0751,,545424.7319,
688648.SH,20260323,5.2128,5.9223,,699856.0,
300403.SZ,20260323,3.1775,3.7574,,672948.0,
301105.SZ,20260323,6.3474,6.3474,,264000.0,
301611.SZ,20260323,6.6192,6.9777,,4026460.0,
000885.SZ,20260323,1.7522,6.2234,,839838.3575,
300752.SZ,20260323,5.8023,6.9981,,371310.8035,
920873.BJ,20260323,1.8431,2.1291,,100928.6473,
300445.SZ,20260323,4.6132,6.1574,,388746.9238,
000025.SZ,20260323,1.8989,4.1165,,661243.4629,
300017.SZ,20260323,7.2247,8.1501,,4104821.6778,
300867.SZ,20260323,12.0542,14.9772,,570927.9524,
300803.SZ,20260323,3.5145,5.8258,,6095479.9823,
002077.SZ,20260323,6.2729,12.3502,,945968.0762,
300256.SZ,20260323,2.2567,4.6143,,796206.0785,
002187.SZ,20260323,2.1014,4.9404,,426844.8315,
002895.SZ,20260323,3.6091,6.7503,,2180308.0586,
603129.SH,20260323,1.5897,2.4805,,3437553.4429,
300469.SZ,20260323,4.9734,6.1252,,1461630.1957,
300532.SZ,20260323,2.9066,4.4805,,458569.0739,
002154.SZ,20260323,1.9086,2.4956,,512226.1389,
600198.SH,20260323,1.8623,3.9316,,1020721.5726,
600556.SH,20260323,3.4075,5.576,,1030416.1559,
603995.SH,20260323,2.137,4.1334,,597054.0225,
301617.SZ,20260323,4.8597,6.3088,,754531.44,
300475.SZ,20260323,6.1631,7.3351,,6656699.2977,
920926.BJ,20260323,1.1227,3.8184,,121939.1971,
300253.SZ,20260323,4.1145,4.6116,,1801225.0372,
000985.SZ,20260323,3.0821,8.444,,237240.285,
002137.SZ,20260323,7.9976,9.4336,,472398.9706,
603183.SH,20260323,4.4694,5.8458,,207312.9057,
000498.SZ,20260323,2.3617,5.9422,,861604.7927,
603115.SH,20260323,4.6043,13.0736,,774291.1704,
000555.SZ,20260323,6.7855,11.1235,,1579778.8135,
603986.SH,20260323,4.2247,4.6326,,19164635.4981,
301058.SZ,20260323,2.3486,4.1127,,482562.3388,
600587.SH,20260323,2.2827,3.24,,843842.5677,
688058.SH,20260323,2.9986,5.6857,,197630.0337,
000737.SZ,20260323,3.2658,6.6622,,2380895.5438,
605208.SH,20260323,3.4145,6.3294,,409125.6,
300594.SZ,20260323,4.4373,7.2217,,238962.8435,
002734.SZ,20260323,7.7857,9.3661,,803693.1249,
002729.SZ,20260323,7.0587,10.4803,,325686.4576,
000045.SZ,20260323,6.3873,13.0931,,644802.3138,
688622.SH,20260323,7.4499,16.0135,,662375.8974,
000899.SZ,20260323,4.5736,15.7687,,1275210.8323,
600719.SH,20260323,4.9549,7.3849,,260562.1424,
688656.SH,20260323,1.3906,4.2752,,758582.893,
603693.SH,20260323,7.213,45.2813,,1585044.1146,
600857.SH,20260323,1.4818,2.4278,,252584.2288,
301448.SZ,20260323,2.5658,3.0601,,376246.2,
301000.SZ,20260323,2.1326,5.2729,,697543.6688,
301061.SZ,20260323,0.9831,2.5605,,1635942.6247,
300601.SZ,20260323,1.9751,2.8569,,1470996.4873,
600418.SH,20260323,2.1612,3.0114,,10166343.6595,
000030.SZ,20260323,1.0308,3.7185,,806591.2863,
600557.SH,20260323,1.4885,2.5604,,757520.4824,
920075.BJ,20260323,2.4377,3.4144,,132870.75,
000520.SZ,20260323,2.5844,3.5161,,408881.7158,
002884.SZ,20260323,3.2324,4.7477,,623082.9307,
601012.SH,20260323,5.3139,6.7451,,14254338.8336,
300472.SZ,20260323,3.5576,4.1798,,212774.914,
605069.SH,20260323,3.3114,8.5751,,247686.4003,
603678.SH,20260323,1.99,3.3344,,1609317.4793,
300136.SZ,20260323,6.4631,6.8549,,5728973.9056,
300449.SZ,20260323,4.0116,5.2175,,280648.164,
600383.SH,20260323,2.2083,3.5405,,1241510.4823,
002636.SZ,20260323,6.7831,19.8383,,2050776.0,
300303.SZ,20260323,11.3541,12.5557,,1231204.003,
000863.SZ,20260323,3.4563,6.486,,602156.7756,
301589.SZ,20260323,2.5595,2.7433,,1494884.16,
600683.SH,20260323,9.2994,21.0309,,780779.5872,
603859.SH,20260323,3.1986,4.3669,,883358.7006,
000728.SZ,20260323,1.0121,1.7249,,3203012.972,
603587.SH,20260323,0.8307,3.7229,,550895.8185,
300187.SZ,20260323,2.4507,4.6213,,325393.5712,
300774.SZ,20260323,8.6225,12.5638,,682226.5485,
000933.SZ,20260323,2.5931,3.854,,6742515.1882,
600396.SH,20260323,11.4296,25.4525,,1014694.9969,
920008.BJ,20260323,4.4741,4.4741,,160395.0,
300411.SZ,20260323,2.5045,2.6784,,395543.9668,
000419.SZ,20260323,2.2775,4.0912,,297339.7123,
300470.SZ,20260323,4.5858,5.9788,,712684.8727,
002654.SZ,20260323,7.1076,9.3393,,1157219.1827,
688573.SH,20260323,6.6591,6.6591,,179477.0564,
603706.SH,20260323,1.3909,4.4629,,360016.5393,
600513.SH,20260323,3.8424,6.3929,,614872.8056,
300672.SZ,20260323,8.1106,11.3926,,3789089.0948,
603979.SH,20260323,2.6055,4.5218,,3301712.4564,
300603.SZ,20260323,8.4401,9.1533,,489897.3355,
600885.SH,20260323,1.5028,2.0253,,4193980.5882,
600071.SH,20260323,1.8098,3.5694,,502890.9658,
601599.SH,20260323,3.3116,4.3051,,428240.1652,
603043.SH,20260323,1.0445,3.2533,,879319.6645,
301227.SZ,20260323,8.1328,8.1588,,339496.7325,
603188.SH,20260323,3.9169,5.567,,257146.67,
300032.SZ,20260323,12.3295,14.7637,,468247.8815,
688755.SH,20260323,2.0372,2.0372,,324456.0,
603978.SH,20260323,6.5496,10.3363,,476862.0214,
002272.SZ,20260323,13.8416,14.9909,,789380.2444,
601668.SH,20260323,1.1969,2.83,,19999068.9749,
002297.SZ,20260323,4.897,6.325,,582847.6009,
601163.SH,20260323,1.1629,3.301,,1084000.0,
688031.SH,20260323,8.1869,12.0958,,1744357.1904,
000417.SZ,20260323,3.0701,4.9554,,497566.1196,
688143.SH,20260323,4.9875,6.4572,,600247.3181,
003032.SZ,20260323,2.9254,4.1394,,244285.6325,
600020.SH,20260323,1.0635,3.3409,,858496.0398,
300782.SZ,20260323,9.9286,13.0838,,4543807.5238,
600661.SH,20260323,2.5842,4.065,,258467.0447,
920159.BJ,20260323,16.4792,16.4792,,326800.0,
603466.SH,20260323,4.4635,7.5604,,526385.6268,
300294.SZ,20260323,1.8534,3.1841,,931347.4191,
002595.SZ,20260323,0.6363,1.2933,,6684800.0,
688285.SH,20260323,1.1698,4.6778,,294635.0019,
600973.SH,20260323,2.6961,4.4765,,839276.1438,
600645.SH,20260323,4.2687,5.5423,,1376237.6855,
600180.SH,20260323,1.9435,5.3027,,354240.5533,
689009.SH,20260323,4.3113,4.4321,,3649418.1025,
002469.SZ,20260323,4.4512,5.7634,,561915.0376,
600999.SH,20260323,0.7596,1.8691,,13088272.843,
002936.SZ,20260323,2.8334,4.104,,1663852.7185,
300430.SZ,20260323,3.6874,5.1061,,478104.9398,
301062.SZ,20260323,3.7985,4.2571,,326268.9852,
300463.SZ,20260323,2.3164,2.503,,633085.9553,
601177.SH,20260323,1.8562,3.3754,,570349.05,
600671.SH,20260323,4.1859,7.3797,,232597.6704,
603985.SH,20260323,6.9141,12.2189,,807651.8615,
000403.SZ,20260323,1.6439,2.646,,1230764.6149,
300620.SZ,20260323,11.0266,21.6457,,4183990.5311,
601880.SH,20260323,1.231,3.7968,,3818626.2885,
920670.BJ,20260323,4.2376,5.1454,,169360.928,
300836.SZ,20260323,5.22,6.0256,,491141.0474,
300348.SZ,20260323,4.0306,4.1399,,1077869.7678,
002210.SZ,20260323,3.4986,4.9948,,697242.9868,
300381.SZ,20260323,3.6086,5.0906,,306913.4131,
002748.SZ,20260323,2.9163,6.2776,,262320.0,
300918.SZ,20260323,1.6679,3.2081,,685306.0142,
002395.SZ,20260323,4.0577,11.4379,,453541.419,
300843.SZ,20260323,4.7891,11.1713,,795605.6342,
300684.SZ,20260323,5.0396,5.8315,,1389722.7947,
603667.SH,20260323,5.5285,8.6857,,2326486.1978,
688779.SH,20260323,2.7275,4.8409,,2012175.7758,
300267.SZ,20260323,4.9643,6.5621,,717786.4948,
920395.BJ,20260323,1.0678,1.7585,,145719.3473,
001338.SZ,20260323,4.2765,8.8207,,602578.7316,
002457.SZ,20260323,5.6538,7.6966,,353829.4948,
000510.SZ,20260323,12.8853,14.3657,,907961.0246,
601231.SH,20260323,2.0656,7.1806,,7881657.6523,
600207.SH,20260323,6.7156,14.7575,,644873.032,
600226.SH,20260323,2.9046,4.7046,,1338471.5508,
688161.SH,20260323,0.821,4.2836,,1076000.0,
301381.SZ,20260323,2.191,3.615,,743976.9208,
000069.SZ,20260323,1.2735,2.5651,,1728117.9814,
601360.SH,20260323,1.7671,4.2925,,7405532.236,
600109.SH,20260323,1.2206,1.9269,,3053220.6858,
001203.SZ,20260323,3.2701,9.1127,,5611074.3921,
000955.SZ,20260323,3.6801,4.8728,,249276.885,
600527.SH,20260323,6.9407,9.8985,,363669.7894,
002719.SZ,20260323,9.0612,11.2474,,143490.9126,
688772.SH,20260323,2.7917,4.6483,,1765077.5125,
301209.SZ,20260323,1.4221,3.9671,,952000.0,
000008.SZ,20260323,2.3189,3.8085,,698109.0645,
300134.SZ,20260323,2.1911,4.5383,,756753.0339,
301138.SZ,20260323,2.7862,5.7872,,396360.0,
603323.SH,20260323,3.3339,3.8561,,954770.0997,
300528.SZ,20260323,2.9504,7.4617,,565619.026,
000691.SZ,20260323,2.3275,2.6907,,373376.85,
002551.SZ,20260323,3.9047,4.5851,,276476.727,
301361.SZ,20260323,13.0594,13.2646,,436260.0,
000096.SZ,20260323,3.0895,6.7237,,541728.0,
300698.SZ,20260323,2.8701,5.3379,,440592.0,
688602.SH,20260323,3.4217,3.4217,,369795.0,
600712.SH,20260323,2.287,3.2169,,316444.7642,
300167.SZ,20260323,2.6602,2.8866,,220385.684,
600773.SH,20260323,4.1933,7.126,,1564408.8061,
920790.BJ,20260323,2.0286,4.4413,,214869.2614,
605398.SH,20260323,2.0662,6.6731,,411021.5734,
603855.SH,20260323,1.7111,2.9746,,620682.729,
300015.SZ,20260323,0.9525,1.7972,,8952380.8032,
300699.SZ,20260323,3.2862,5.1737,,2656169.64,
600460.SH,20260323,2.1026,3.0751,,4301625.7193,
002389.SZ,20260323,3.891,6.1791,,2063399.064,
688625.SH,20260323,1.7171,4.3644,,964768.232,
000650.SZ,20260323,2.3823,3.2258,,747567.017,
605058.SH,20260323,6.2797,20.9095,,428771.85,
300809.SZ,20260323,2.7932,3.5987,,805747.5776,
002279.SZ,20260323,4.7116,6.1036,,676832.3937,
002957.SZ,20260323,4.7867,11.1112,,1005858.0061,
301067.SZ,20260323,5.1375,6.8708,,269538.192,
000917.SZ,20260323,3.447,4.136,,1287141.1549,
600604.SH,20260323,5.1095,12.7735,,974118.4981,
688267.SH,20260323,2.7258,4.7828,,491245.6,
301150.SZ,20260323,5.0887,9.6021,,1054215.2708,
600685.SH,20260323,2.1248,5.1321,,4044041.7475,
600099.SH,20260323,3.5786,6.181,,212984.64,
920819.BJ,20260323,0.9601,2.4796,,426578.4,
688466.SH,20260323,1.9488,4.4593,,198989.1136,
603815.SH,20260323,3.0781,6.1848,,354643.5867,
300443.SZ,20260323,9.62,10.7573,,973529.3125,
603938.SH,20260323,2.9867,8.9274,,836799.7749,
688208.SH,20260323,1.8116,2.9045,,2144587.1552,
300422.SZ,20260323,2.3864,3.9371,,242381.6966,
300127.SZ,20260323,2.8621,6.1831,,939063.3222,
002653.SZ,20260323,0.7735,1.8335,,5511116.3304,
600169.SH,20260323,1.0507,2.1642,,766486.6259,
002692.SZ,20260323,4.5976,6.4473,,361945.584,
000688.SZ,20260323,3.6899,10.9112,,3863320.7216,
688066.SH,20260323,4.8602,6.8405,,518636.3754,
688628.SH,20260323,1.913,3.9768,,446399.7465,
603696.SH,20260323,2.8089,6.9701,,360326.4,
300429.SZ,20260323,5.1294,5.7879,,650537.27,
301556.SZ,20260323,7.4447,8.7667,,686333.44,
688561.SH,20260323,1.2163,3.2314,,2020150.3187,
600955.SH,20260323,1.4306,3.119,,830500.0,
002712.SZ,20260323,4.2897,6.8984,,266151.0608,
603566.SH,20260323,2.6555,3.8814,,413198.354,
920208.BJ,20260323,2.763,3.2124,,329560.6165,
000061.SZ,20260323,0.8505,2.3605,,1597893.7644,
605507.SH,20260323,1.1063,2.4153,,1400411.691,
002082.SZ,20260323,2.5431,4.6444,,1100428.6099,
601108.SH,20260323,1.4528,2.1493,,3501397.6918,
920519.BJ,20260323,1.8807,2.1607,,100861.6575,
301229.SZ,20260323,3.0811,4.026,,315207.3887,
301378.SZ,20260323,7.9249,10.1704,,291732.0,
920981.BJ,20260323,2.9571,4.4908,,202410.796,
601100.SH,20260323,2.6262,7.3656,,12324826.5585,
688075.SH,20260323,0.7191,2.7718,,463852.2383,
600478.SH,20260323,3.3865,4.7544,,1142561.0684,
688600.SH,20260323,1.5971,2.889,,307000.6487,
301336.SZ,20260323,5.7792,7.2851,,189280.0,
301285.SZ,20260323,5.3197,5.3211,,1488024.0,
920036.BJ,20260323,18.4925,18.4925,,272163.5568,
603266.SH,20260323,1.9003,4.2404,,343676.304,
603076.SH,20260323,3.1995,6.4793,,275561.1684,
300880.SZ,20260323,10.5179,23.3539,,472037.0803,
300175.SZ,20260323,1.9286,2.5359,,270710.0,
301281.SZ,20260323,10.0171,14.4258,,475393.1,
300508.SZ,20260323,4.0995,6.6862,,373995.9899,
002058.SZ,20260323,1.1663,2.1977,,277429.0741,
688303.SH,20260323,0.9077,3.6297,,4715162.1814,
600262.SH,20260323,3.7193,6.0501,,392700.0,
002375.SZ,20260323,1.8011,3.885,,495798.7043,
000799.SZ,20260323,1.9982,2.8961,,1369575.6507,
300333.SZ,20260323,3.09,3.608,,300720.0,
301230.SZ,20260323,4.2524,6.9784,,468313.0598,
002386.SZ,20260323,2.9962,4.4691,,713302.596,
300720.SZ,20260323,9.6973,18.5719,,1184463.962,
300184.SZ,20260323,7.3501,7.5267,,1215489.9208,
301330.SZ,20260323,2.5483,6.1899,,764892.5375,
601002.SH,20260323,3.0092,5.4709,,464812.6306,
688121.SH,20260323,3.0242,4.329,,239454.3531,
002047.SZ,20260323,1.5412,2.3321,,832420.5325,
300210.SZ,20260323,2.0691,2.7597,,392218.1619,
002611.SZ,20260323,4.7781,5.6835,,2040171.9058,
603528.SH,20260323,1.7798,3.8363,,544978.0611,
688609.SH,20260323,2.0064,2.4319,,388500.0,
301041.SZ,20260323,10.118,11.773,,269153.64,
300067.SZ,20260323,4.1016,5.0637,,489454.8194,
920527.BJ,20260323,3.2005,3.8496,,94627.2952,
603329.SH,20260323,2.337,4.2476,,243299.7933,
000700.SZ,20260323,6.7675,10.7106,,1010734.9433,
603069.SH,20260323,1.9675,4.5877,,542888.0,
600976.SH,20260323,5.7368,7.9096,,504221.1982,
300947.SZ,20260323,3.2966,5.3515,,236228.2188,
300846.SZ,20260323,11.5478,12.527,,1421184.1412,
000007.SZ,20260323,2.6088,3.9283,,457311.4181,
003816.SZ,20260323,1.0634,6.2151,,21209471.2872,
000788.SZ,20260323,2.6741,3.9882,,319449.2598,
920931.BJ,20260323,4.1293,4.1293,,110179.89,
002632.SZ,20260323,5.6316,12.3268,,749518.908,
301277.SZ,20260323,1.5279,5.9301,,425797.1424,
300142.SZ,20260323,3.5271,3.5271,,1871237.793,
920508.BJ,20260323,2.5178,4.0004,,115200.0,
002332.SZ,20260323,1.6634,2.1232,,849726.9799,
002762.SZ,20260323,1.3869,1.7849,,227992.1,
603232.SH,20260323,4.7423,6.6571,,471441.5407,
300025.SZ,20260323,4.0282,4.7896,,256940.4256,
300605.SZ,20260323,5.1106,5.5245,,216167.0086,
300033.SZ,20260323,3.1511,4.9588,,16509158.4,
301223.SZ,20260323,4.6036,9.7953,,345698.3324,
000655.SZ,20260323,3.47,8.3434,,492941.7104,
605098.SH,20260323,1.4051,3.4212,,599833.033,
301568.SZ,20260323,11.8177,11.8177,,486347.064,
301095.SZ,20260323,3.069,4.8844,,1300825.6666,
002400.SZ,20260323,4.7599,5.8814,,1433023.1192,
600984.SH,20260323,3.1812,5.2249,,475162.6037,
603605.SH,20260323,1.209,2.3983,,2455051.1876,
600986.SH,20260323,7.059,8.1455,,1393669.4961,
600848.SH,20260323,0.591,1.5685,,2456902.3419,
603456.SH,20260323,1.9446,3.4944,,1359073.5308,
000988.SZ,20260323,9.5062,11.7375,,11396367.6811,
603025.SH,20260323,0.7562,4.2703,,1596816.3254,
600023.SH,20260323,0.7625,2.8436,,7039584.6932,
002683.SZ,20260323,2.4403,2.5088,,2812334.6182,
600212.SH,20260323,2.9714,3.4564,,495721.75,
000720.SZ,20260323,4.4075,7.5594,,472455.8707,
000969.SZ,20260323,3.1737,4.937,,2018047.7616,
603585.SH,20260323,2.5429,8.0623,,326312.9553,
600728.SH,20260323,2.2743,2.7023,,1175062.1928,
688362.SH,20260323,2.8338,4.66,,1426428.5293,
300791.SZ,20260323,0.9391,2.2278,,578045.5318,
002821.SZ,20260323,1.0473,1.6742,,3317162.7242,
601127.SH,20260323,1.9218,4.0536,,17292685.9487,
000516.SZ,20260323,2.6802,3.8667,,1029892.5064,
000902.SZ,20260323,2.028,4.1605,,1978715.0055,
600746.SH,20260323,2.8328,11.4131,,927267.2499,
603773.SH,20260323,4.8867,7.9044,,820004.0105,
301072.SZ,20260323,2.8999,5.7293,,214924.0853,
600004.SH,20260323,1.0206,2.3845,,2242202.8003,
300901.SZ,20260323,1.536,3.7389,,369120.0,
600590.SH,20260323,11.7166,18.1333,,1240072.6165,
601083.SH,20260323,7.3896,7.3896,,1475296.8,
920370.BJ,20260323,2.0544,3.9822,,98192.6532,
688766.SH,20260323,4.736,7.6628,,4043369.0247,
000099.SZ,20260323,2.397,3.9058,,1333548.8655,
300345.SZ,20260323,38.6048,51.6776,,521626.8087,
301168.SZ,20260323,5.8401,11.2888,,502680.0,
688293.SH,20260323,1.9621,4.096,,542250.2284,
300342.SZ,20260323,15.3903,20.291,,2001065.312,
300964.SZ,20260323,12.5504,19.1968,,483158.0377,
688184.SH,20260323,1.0464,1.2854,,150299.9007,
301043.SZ,20260323,2.6422,7.603,,367540.0,
300828.SZ,20260323,6.5113,9.619,,312873.36,
603316.SH,20260323,7.94,12.8457,,378690.312,
301571.SZ,20260323,4.2148,4.7045,,977691.7727,
600468.SH,20260323,13.6565,30.9827,,985488.2008,
300217.SZ,20260323,6.2042,7.7907,,770025.9857,
600864.SH,20260323,2.8651,5.2915,,1294114.8634,
688056.SH,20260323,1.7519,4.1202,,212812.5113,
600626.SH,20260323,1.3778,2.5986,,524335.6328,
002930.SZ,20260323,2.6066,5.3734,,575522.2615,
688052.SH,20260323,1.9635,2.78,,2475291.2737,
000407.SZ,20260323,5.3552,7.1672,,412759.7037,
000668.SZ,20260323,1.096,1.8547,,186489.2003,
603551.SH,20260323,1.6008,5.707,,434759.1945,
603617.SH,20260323,3.0871,5.4047,,267020.7658,
603601.SH,20260323,9.1237,14.1197,,1222304.839,
600724.SH,20260323,0.9538,4.1412,,791992.1069,
300993.SZ,20260323,1.5288,2.9736,,363594.816,
600232.SH,20260323,3.0906,6.2123,,262597.3517,
603083.SH,20260323,11.6089,13.4586,,3661921.4732,
002749.SZ,20260323,0.8395,1.8389,,582015.4704,
001330.SZ,20260323,4.7448,6.6589,,894811.8586,
603035.SH,20260323,2.0101,2.9664,,490172.393,
600649.SH,20260323,2.076,4.4105,,1091962.3348,
002571.SZ,20260323,4.6045,6.6587,,415075.7913,
600184.SH,20260323,2.1256,4.3224,,840293.0089,
300212.SZ,20260323,5.1421,7.9282,,781083.2779,
000078.SZ,20260323,2.5722,4.7912,,760394.6213,
603375.SH,20260323,3.8323,6.2927,,345085.3345,
920642.BJ,20260323,2.325,4.2986,,120879.5441,
688244.SH,20260323,2.5476,5.8855,,267352.8501,
002738.SZ,20260323,6.168,7.2266,,4637749.7854,
688009.SH,20260323,0.7211,3.0977,,5686732.803,
000420.SZ,20260323,7.352,9.2496,,1074525.4659,
920553.BJ,20260323,1.5879,2.5545,,122136.891,
688690.SH,20260323,1.4356,2.4649,,921101.479,
603284.SH,20260323,13.7614,13.7614,,332956.342,
300995.SZ,20260323,3.383,5.9857,,262706.4969,
688533.SH,20260323,1.4841,5.3713,,401413.4708,
301158.SZ,20260323,7.6684,14.0205,,360588.483,
601118.SH,20260323,2.5631,7.1906,,2918569.7576,
603285.SH,20260323,6.605,6.605,,455360.0,
000989.SZ,20260323,2.3924,3.6373,,718135.3481,
601179.SH,20260323,4.7748,9.921,,8237292.9397,
300453.SZ,20260323,4.1285,4.748,,467265.4261,
300991.SZ,20260323,8.2849,11.1645,,712800.0,
301008.SZ,20260323,1.9932,3.8866,,365256.4596,
002194.SZ,20260323,5.7395,7.3754,,707200.8092,
002322.SZ,20260323,3.4387,5.0184,,507352.8224,
300056.SZ,20260323,3.7853,4.1589,,325353.9339,
300567.SZ,20260323,3.7448,4.5471,,3384921.034,
688502.SH,20260323,1.445,4.2863,,1531200.0,
600795.SH,20260323,1.4779,3.3366,,8650275.2548,
300965.SZ,20260323,1.4677,4.9603,,291840.0,
300922.SZ,20260323,3.7647,4.4857,,284343.3868,
300614.SZ,20260323,3.706,6.4883,,203759.6623,
001696.SZ,20260323,4.1885,5.2962,,2136620.2327,
000712.SZ,20260323,2.1174,3.101,,913024.0,
000679.SZ,20260323,2.053,2.8537,,221680.8,
603290.SH,20260323,3.3218,7.0651,,2562845.0331,
603207.SH,20260323,2.9331,2.9331,,412824.94,
603039.SH,20260323,2.4397,5.1498,,974190.629,
000636.SZ,20260323,6.8135,10.5735,,2265431.8671,
000826.SZ,20260323,4.0337,5.1054,,295048.1223,
920392.BJ,20260323,2.3206,4.3153,,146999.445,
688290.SH,20260323,1.5609,3.4292,,454744.2273,
688288.SH,20260323,3.1755,6.658,,227475.4314,
605599.SH,20260323,1.0093,2.709,,1648888.936,
603082.SH,20260323,3.9001,3.9001,,538595.4428,
688758.SH,20260323,1.5324,2.5878,,668424.8548,
920943.BJ,20260323,2.2551,3.5671,,196646.9092,
688331.SH,20260323,4.6889,4.6889,,6283198.8633,
920019.BJ,20260323,1.83,5.4517,,367966.725,
300569.SZ,20260323,9.8739,12.7713,,730220.0915,
603385.SH,20260323,2.5291,6.3051,,236012.2802,
002812.SZ,20260323,4.9865,7.2623,,6482652.9042,
000017.SZ,20260323,2.5277,4.653,,439699.9873,
600965.SH,20260323,2.2101,5.7482,,417537.4871,
301577.SZ,20260323,14.0384,14.0384,,261081.041,
301565.SZ,20260323,3.9174,5.1692,,807220.18,
688559.SH,20260323,3.7692,5.0495,,1227150.5449,
600780.SH,20260323,3.0254,7.3476,,754398.6601,
603344.SH,20260323,3.9562,3.9562,,495275.8751,
601166.SH,20260323,0.5162,0.7222,,38601049.3349,
600629.SH,20260323,2.8704,5.8573,,1871783.2732,
600343.SH,20260323,5.0577,8.9971,,1903769.5361,
920436.BJ,20260323,1.1894,3.181,,129054.216,
001296.SZ,20260323,3.9388,5.2294,,345555.4087,
301052.SZ,20260323,8.6094,9.3059,,324190.7946,
002294.SZ,20260323,0.9668,2.321,,6098046.4465,
000014.SZ,20260323,7.4274,11.2564,,348304.5163,
002055.SZ,20260323,4.3257,4.6167,,331865.0193,
603586.SH,20260323,1.8062,4.4786,,330348.9343,
002054.SZ,20260323,4.7907,5.3522,,391477.747,
600136.SH,20260323,3.1859,5.1348,,371430.3194,
002987.SZ,20260323,1.5623,3.7113,,1389671.1635,
603602.SH,20260323,3.0436,4.3935,,287435.5225,
300553.SZ,20260323,2.4566,2.8773,,377474.2594,
601933.SH,20260323,1.6429,3.5422,,3321463.5394,
920942.BJ,20260323,3.2432,4.1299,,149392.8156,
601658.SH,20260323,0.3622,2.3567,,58606386.1041,
002819.SZ,20260323,1.6959,3.3887,,705881.3956,
688718.SH,20260323,2.2456,6.1391,,231440.8461,
603306.SH,20260323,4.8794,6.6926,,2371700.065,
002424.SZ,20260323,1.7826,2.1833,,637304.8704,
603328.SH,20260323,3.5112,8.5598,,1084308.6755,
603989.SH,20260323,2.1555,6.3072,,623292.9212,
603194.SH,20260323,1.611,1.611,,1273576.0,
600884.SH,20260323,4.832,5.2686,,2908490.8319,
688325.SH,20260323,2.3836,4.6552,,1042282.0815,
002237.SZ,20260323,4.5932,6.7112,,1961919.3998,
300113.SZ,20260323,14.2739,15.9696,,1926289.2191,
601808.SH,20260323,1.1476,6.1814,,7792009.736,
603488.SH,20260323,2.7885,4.4296,,271551.1092,
603006.SH,20260323,2.0192,7.1616,,301799.7948,
600797.SH,20260323,4.2578,4.5442,,888810.3101,
300041.SZ,20260323,4.3021,5.2239,,559994.1087,
300678.SZ,20260323,2.6902,4.017,,826917.7575,
688180.SH,20260323,1.7557,2.7173,,3212512.6064,
920242.BJ,20260323,0.9929,1.3312,,148938.7793,
688251.SH,20260323,4.5231,10.497,,352108.6275,
603127.SH,20260323,2.9183,4.5596,,1985772.783,
000929.SZ,20260323,2.2131,3.0109,,176291.934,
920130.BJ,20260323,2.7963,5.2128,,184117.4991,
002191.SZ,20260323,1.5613,2.2713,,508122.5919,
600582.SH,20260323,1.9616,5.0106,,2358995.6684,
300845.SZ,20260323,9.9201,11.008,,215511.8728,
603565.SH,20260323,1.2254,2.9904,,2242867.394,
002076.SZ,20260323,3.1355,3.5484,,219606.6492,
688409.SH,20260323,1.4851,2.4867,,2453360.6973,
688503.SH,20260323,3.9018,4.2492,,1979593.1661,
002824.SZ,20260323,6.4742,8.7455,,521224.5537,
603278.SH,20260323,2.9679,6.0204,,352012.1738,
300246.SZ,20260323,9.1728,10.3577,,334990.1503,
300314.SZ,20260323,4.2838,6.4021,,344160.0,
688569.SH,20260323,1.0443,4.1773,,404269.3973,
603325.SH,20260323,2.7644,2.7644,,561548.076,
600805.SH,20260323,4.2169,6.5749,,433956.1919,
688246.SH,20260323,2.4642,4.181,,265815.3753,
603766.SH,20260323,1.3484,2.2501,,2805138.1671,
603408.SH,20260323,0.8229,3.1053,,506205.063,
000004.SZ,20260323,6.6706,9.02,,66190.141,
601628.SH,20260323,0.1497,2.0781,,111419467.11,
301042.SZ,20260323,1.1721,1.7739,,617053.6565,
002350.SZ,20260323,7.7693,12.6415,,741366.9568,
600505.SH,20260323,6.1474,13.9227,,497999.205,
688172.SH,20260323,2.2144,3.1779,,6021693.1331,
688449.SH,20260323,3.2284,5.9675,,2010200.0,
300750.SZ,20260323,1.0481,1.7653,,183462968.1622,
920056.BJ,20260323,5.341,5.341,,175800.5384,
300315.SZ,20260323,3.5259,3.5836,,1283407.6154,
000938.SZ,20260323,3.5557,4.9385,,7264602.88,
001231.SZ,20260323,5.147,7.7074,,215870.4,
600887.SH,20260323,1.0176,1.1128,,16123344.3402,
002354.SZ,20260323,4.806,4.806,,895130.9286,
300307.SZ,20260323,1.5966,2.4371,,500346.11,
300637.SZ,20260323,3.1155,5.0178,,242966.3846,
001311.SZ,20260323,2.2205,3.8821,,922523.2313,
300762.SZ,20260323,4.719,5.7381,,2108709.0624,
000625.SZ,20260323,0.9789,1.7528,,9952575.8084,
301136.SZ,20260323,2.4445,5.2584,,403450.2661,
002681.SZ,20260323,2.8624,2.9897,,933219.1606,
301234.SZ,20260323,2.4807,3.4949,,237048.0,
000922.SZ,20260323,2.724,4.2824,,927110.1954,
688585.SH,20260323,1.463,6.9067,,4847601.2471,
688226.SH,20260323,4.6613,8.8086,,796066.3678,
688818.SH,20260323,22.3748,22.3748,,11368166.8601,
000425.SZ,20260323,1.2677,1.3934,,11819107.4465,
600325.SH,20260323,2.0038,2.7877,,985270.4575,
605376.SH,20260323,3.2703,5.1917,,2255776.8,
600996.SH,20260323,5.3076,10.0195,,1152043.0651,
600132.SH,20260323,1.2829,3.2071,,2652162.165,
002096.SZ,20260323,1.1122,2.9902,,1535665.6733,
600845.SH,20260323,1.0591,3.2421,,5899450.4381,
000153.SZ,20260323,2.6685,3.7574,,272770.4014,
002086.SZ,20260323,7.2068,7.2068,,401584.0325,
300020.SZ,20260323,2.4203,2.5996,,323433.9354,
605567.SH,20260323,3.745,6.0605,,199000.0,
000506.SZ,20260323,4.7781,7.1316,,1420468.1566,
603527.SH,20260323,9.5286,15.4377,,299854.7552,
688655.SH,20260323,8.808,15.9714,,346413.83,
600988.SH,20260323,0.3746,0.4383,,6982110.668,
002548.SZ,20260323,4.1398,6.0139,,424024.9129,
301131.SZ,20260323,4.8984,5.6235,,209685.093,
000605.SZ,20260323,2.8609,4.8606,,227464.797,
000913.SZ,20260323,1.9367,3.6745,,737757.4935,
601233.SH,20260323,3.2868,5.5553,,4034786.527,
920357.BJ,20260323,2.1542,3.6598,,167607.44,
000967.SZ,20260323,1.4304,4.3247,,2622229.5517,
600062.SH,20260323,1.9777,5.0173,,1838291.0445,
601111.SH,20260323,1.2732,3.9633,,11236783.124,
601216.SH,20260323,1.6611,4.4221,,4666223.6167,
002175.SZ,20260323,5.915,7.3211,,407293.0519,
688576.SH,20260323,2.8556,2.8684,,303485.4002,
301040.SZ,20260323,7.1724,10.9805,,375303.8693,
605186.SH,20260323,2.6443,5.3158,,248200.0,
688603.SH,20260323,6.3965,6.4142,,827048.3186,
688321.SH,20260323,2.4272,3.4438,,1241564.3181,
605368.SH,20260323,1.876,4.5247,,584572.1785,
688359.SH,20260323,3.7147,6.0849,,714958.4988,
603058.SH,20260323,2.7197,5.5931,,470642.2405,
600230.SH,20260323,4.6046,8.5287,,691314.8951,
301552.SZ,20260323,5.7932,5.7932,,333485.6,
688528.SH,20260323,1.9202,5.6977,,168000.0,
605028.SH,20260323,2.3701,9.4803,,413920.0,
600237.SH,20260323,4.6306,6.1155,,510239.6614,
002465.SZ,20260323,3.9964,5.4784,,3486976.6969,
300732.SZ,20260323,2.6617,4.587,,243828.5274,
002428.SZ,20260323,12.5742,15.7192,,2651667.2,
600007.SH,20260323,0.3549,1.8342,,1964200.9413,
688701.SH,20260323,2.7024,5.3913,,114001.4888,
000756.SZ,20260323,1.804,3.5028,,972570.0753,
688118.SH,20260323,5.2806,6.597,,246169.4889,
300068.SZ,20260323,5.9527,6.8204,,1304429.3181,
920491.BJ,20260323,2.7586,2.9691,,302046.4052,
603829.SH,20260323,3.855,9.8714,,455234.4926,
002646.SZ,20260323,1.7791,3.0566,,368913.14,
003025.SZ,20260323,4.7169,7.914,,377658.2321,
300552.SZ,20260323,4.4797,5.5177,,552441.0263,
300801.SZ,20260323,2.6939,4.1182,,526634.73,
601369.SH,20260323,1.3148,3.4517,,1742432.7114,
002518.SZ,20260323,2.6139,6.4389,,2585079.4174,
600597.SH,20260323,0.9033,1.8679,,1017313.6371,
603515.SH,20260323,0.3734,2.4916,,1357840.9228,
603105.SH,20260323,21.3929,35.721,,637011.5959,
603132.SH,20260323,0.9144,5.6035,,1413210.0,
002913.SZ,20260323,2.4758,7.4927,,1459858.3184,
600956.SH,20260323,2.3457,19.0426,,4386337.667,
601818.SH,20260323,1.0082,2.971,,18789205.2374,
600926.SH,20260323,0.5645,0.8328,,11699890.1125,
002166.SZ,20260323,3.83,6.4075,,608119.7285,
920047.BJ,20260323,1.8459,2.0201,,616837.6695,
000529.SZ,20260323,2.109,4.7599,,316998.1492,
300559.SZ,20260323,8.1416,10.9709,,501790.2962,
603189.SH,20260323,6.7152,11.0881,,490308.4468,
688426.SH,20260323,4.6382,4.6382,,218687.7839,
600006.SH,20260323,1.1051,2.7702,,1244000.0,
603520.SH,20260323,2.4595,3.1668,,400706.6312,
300703.SZ,20260323,3.9528,5.9097,,331199.4182,
002983.SZ,20260323,3.3437,6.6953,,493847.0694,
002668.SZ,20260323,1.4083,2.8272,,934504.0509,
920694.BJ,20260323,2.208,4.074,,222965.3475,
600960.SH,20260323,3.2321,5.8508,,447692.809,
601099.SH,20260323,2.0308,2.2796,,2501588.1078,
600526.SH,20260323,1.8182,3.2826,,450572.3399,
300938.SZ,20260323,4.7324,7.7339,,872203.9185,
002968.SZ,20260323,3.1533,6.4278,,246642.7835,
300793.SZ,20260323,2.3619,3.2851,,524010.969,
002378.SZ,20260323,5.0331,11.712,,3824112.4309,
600488.SH,20260323,1.4845,3.3829,,405089.9583,
001268.SZ,20260323,3.4737,4.877,,308905.2019,
601198.SH,20260323,1.4225,2.5864,,4021162.2269,
600276.SH,20260323,0.7645,1.2544,,35031140.935,
605333.SH,20260323,0.7225,3.1287,,1149428.0857,
002035.SZ,20260323,1.8971,2.3668,,485705.5231,
605081.SH,20260323,0.2374,0.3296,,97165.9878,
301317.SZ,20260323,10.1759,11.856,,729361.6,
301306.SZ,20260323,21.292,31.612,,1169024.4,
688348.SH,20260323,7.0327,18.9546,,990330.1056,
002114.SZ,20260323,4.6612,6.42,,259039.6089,
688590.SH,20260323,3.6398,4.9858,,363675.333,
002301.SZ,20260323,3.0773,5.3557,,472456.6961,
603639.SH,20260323,1.2144,3.5342,,430067.3303,
600130.SH,20260323,3.1756,3.8165,,315000.0,
605377.SH,20260323,2.1476,4.018,,524383.3925,
300094.SZ,20260323,4.4811,5.8232,,347475.5139,
300862.SZ,20260323,3.4453,3.9293,,386036.0331,
000692.SZ,20260323,4.2412,6.058,,209403.3596,
600299.SH,20260323,1.5844,11.132,,4354807.8694,
688408.SH,20260323,3.7428,6.3202,,920733.9189,
605009.SH,20260323,0.7641,2.2908,,587775.2687,
688458.SH,20260323,3.4078,3.4078,,360374.8483,
603271.SH,20260323,2.2358,2.6113,,775076.8,
600674.SH,20260323,0.9117,2.7082,,7428900.8059,
603198.SH,20260323,0.6001,2.1604,,2547200.0,
002603.SZ,20260323,1.2935,2.3639,,2609641.7973,
002351.SZ,20260323,1.8727,2.3973,,930895.029,
300816.SZ,20260323,7.2875,9.706,,513360.0,
001266.SZ,20260323,10.3112,16.71,,325967.0216,
002190.SZ,20260323,2.1091,4.3215,,1038162.7186,
002728.SZ,20260323,4.7031,4.9459,,522749.5434,
300963.SZ,20260323,3.5799,4.4455,,762718.32,
002444.SZ,20260323,1.8525,3.1783,,3436513.7296,
603648.SH,20260323,1.3631,2.6991,,335594.2528,
601825.SH,20260323,0.321,0.5406,,8323155.556,
301232.SZ,20260323,7.5582,8.3543,,1187565.0826,
000753.SZ,20260323,2.4043,3.8633,,604803.4533,
603569.SH,20260323,1.5023,5.1914,,386848.1479,
002291.SZ,20260323,4.4955,5.3699,,572299.776,
300721.SZ,20260323,5.6048,8.3051,,215124.9944,
002167.SZ,20260323,5.2021,6.9886,,908691.7809,
920641.BJ,20260323,21.2748,33.3863,,156906.75,
001368.SZ,20260323,7.9006,7.9006,,269793.5573,
300169.SZ,20260323,4.8228,4.9266,,192004.7763,
603721.SH,20260323,1.0497,2.1156,,243620.0,
300171.SZ,20260323,2.1918,3.3341,,1043057.7905,
301203.SZ,20260323,5.2701,6.1057,,315840.0,
301087.SZ,20260323,1.8597,4.0768,,1111123.143,
300959.SZ,20260323,5.5643,7.7911,,603240.7068,
688661.SH,20260323,3.572,7.6521,,1260668.9558,
600166.SH,20260323,2.2461,4.0537,,2121863.2984,
002955.SZ,20260323,1.7547,3.1195,,568172.4287,
301097.SZ,20260323,4.8939,7.7222,,287722.1032,
601838.SH,20260323,0.742,1.4299,,7052756.4324,
002456.SZ,20260323,2.9107,3.1906,,2844161.1734,
300014.SZ,20260323,5.7284,9.0202,,14753223.6119,
301335.SZ,20260323,5.9057,5.9057,,304947.4284,
920108.BJ,20260323,1.8959,3.2174,,176332.8,
688652.SH,20260323,3.3017,3.9624,,1644216.0,
688671.SH,20260323,3.7186,4.5041,,160178.556,
603186.SH,20260323,7.1085,11.291,,907817.0992,
688767.SH,20260323,1.3793,3.0685,,456362.6687,
688522.SH,20260323,3.9628,4.0312,,1001400.4778,
300660.SZ,20260323,1.8776,5.0974,,1877973.5016,
301269.SZ,20260323,1.0107,2.7844,,4430044.2522,
301256.SZ,20260323,2.3635,9.1242,,595680.0,
920566.BJ,20260323,1.7292,1.9021,,139499.3814,
301085.SZ,20260323,8.1295,13.2575,,521087.9284,
688261.SH,20260323,4.756,9.4324,,858024.825,
920779.BJ,20260323,12.3781,12.3781,,272734.4963,
688508.SH,20260323,3.2566,4.2935,,735994.4893,
002903.SZ,20260323,11.3925,13.2258,,396289.242,
300952.SZ,20260323,6.3275,8.7913,,585932.1487,
000948.SZ,20260323,1.4788,2.2972,,575475.8304,
603889.SH,20260323,1.9354,3.5235,,531554.6185,
002438.SZ,20260323,3.9925,5.0121,,795311.2014,
301155.SZ,20260323,6.3765,8.9743,,1888697.1609,
300786.SZ,20260323,4.3485,4.6982,,253389.8654,
601112.SH,20260323,10.7127,10.7127,,3477252.0013,
301166.SZ,20260323,7.7068,10.6296,,252893.3372,
920128.BJ,20260323,2.6357,4.1471,,201513.58,
920970.BJ,20260323,3.051,3.9306,,72906.9264,
601997.SH,20260323,2.089,2.7873,,2018221.338,
600201.SH,20260323,4.2613,4.9051,,1460836.6434,
002399.SZ,20260323,0.508,2.276,,1515716.9787,
000630.SZ,20260323,4.0914,6.2475,,7495894.5741,
002899.SZ,20260323,4.0384,5.7194,,407180.6689,
002780.SZ,20260323,6.99,7.4562,,222411.504,
000999.SZ,20260323,1.2494,3.4024,,4787954.7775,
688160.SH,20260323,2.2622,5.6462,,917405.2806,
603970.SH,20260323,1.6637,4.1282,,318796.9589,
300882.SZ,20260323,2.3961,7.3885,,586712.4354,
300128.SZ,20260323,2.6368,3.6388,,766478.0931,
300491.SZ,20260323,5.3032,6.8578,,430399.2151,
002677.SZ,20260323,2.4661,5.367,,493583.4583,
688702.SH,20260323,3.6939,7.0196,,6544420.0,
603717.SH,20260323,3.4919,5.1026,,183952.7162,
001202.SZ,20260323,2.9966,6.1699,,261705.0427,
603351.SH,20260323,0.8196,1.8851,,318281.9602,
600051.SH,20260323,3.5789,5.0467,,215128.96,
002988.SZ,20260323,1.5337,3.4191,,704105.6555,
600636.SH,20260323,1.9525,3.3704,,328977.6015,
605089.SH,20260323,0.9751,3.6997,,317400.0,
000530.SZ,20260323,3.3975,4.7508,,476415.0665,
300950.SZ,20260323,3.2405,4.1749,,306136.0,
002674.SZ,20260323,1.7225,3.4848,,352592.2762,
300777.SZ,20260323,3.4019,4.1684,,1513473.3424,
301519.SZ,20260323,5.8227,6.9309,,211752.1715,
301060.SZ,20260323,2.2279,4.365,,370478.225,
688432.SH,20260323,1.2853,5.0644,,1705411.7343,
000990.SZ,20260323,11.0427,20.68,,1187287.0717,
301198.SZ,20260323,4.6535,9.1017,,228995.0,
920718.BJ,20260323,1.0842,1.8136,,111701.3744,
600676.SH,20260323,1.8078,3.3688,,723030.5396,
300686.SZ,20260323,3.9745,3.9797,,348193.9579,
688055.SH,20260323,0.7502,7.2249,,1290000.0258,
002119.SZ,20260323,7.5534,10.1037,,747190.444,
000652.SZ,20260323,1.422,2.1224,,538584.456,
300231.SZ,20260323,9.5618,12.3562,,532261.5752,
688247.SH,20260323,0.6092,1.8423,,402112.58,
605488.SH,20260323,2.6268,5.8746,,965373.928,
300412.SZ,20260323,5.84,7.739,,241909.7256,
301622.SZ,20260323,3.5194,3.5194,,652000.8931,
601929.SH,20260323,3.5422,5.1633,,991099.8397,
002101.SZ,20260323,1.2689,2.5823,,716861.9619,
688633.SH,20260323,2.3765,7.1,,311980.5723,
300269.SZ,20260323,11.6497,13.8543,,435447.2632,
301588.SZ,20260323,8.669,10.7763,,258180.7617,
601828.SH,20260323,0.8216,2.3446,,1010297.9801,
001228.SZ,20260323,2.7499,3.7026,,305985.1381,
600507.SH,20260323,2.1568,3.9366,,1306951.1579,
601187.SH,20260323,1.1171,2.4881,,1939758.9977,
301172.SZ,20260323,7.9536,10.2844,,411192.32,
600469.SH,20260323,1.7154,4.1853,,567842.2101,
603708.SH,20260323,1.4589,4.9279,,651743.7872,
600552.SH,20260323,3.4993,4.9481,,1096688.6039,
603139.SH,20260323,4.4467,8.7894,,244006.84,
301222.SZ,20260323,3.9187,10.4303,,303732.048,
600930.SH,20260323,19.4484,19.4484,,28907999.9998,
300891.SZ,20260323,4.3886,7.4958,,344407.0266,
601616.SH,20260323,7.3602,10.2977,,399520.0493,
301022.SZ,20260323,5.7515,6.6565,,279948.3306,
003039.SZ,20260323,1.5872,7.5539,,909605.0893,
002553.SZ,20260323,3.7669,4.4263,,821677.4107,
920284.BJ,20260323,4.5708,5.9064,,325778.5703,
603286.SH,20260323,3.6663,5.7422,,614215.511,
600764.SH,20260323,2.0255,5.425,,1650792.0637,
300632.SZ,20260323,4.766,5.2744,,425117.9967,
002093.SZ,20260323,2.1004,4.4352,,929922.5,
300198.SZ,20260323,2.3789,2.9885,,270265.7175,
300183.SZ,20260323,2.866,5.0381,,637475.3908,
003019.SZ,20260323,3.5363,5.1177,,516899.2638,
601928.SH,20260323,0.6774,2.4907,,2440559.1,
002269.SZ,20260323,3.276,5.0925,,399487.5,
603887.SH,20260323,4.9005,5.7793,,927125.3083,
300591.SZ,20260323,4.8644,5.3291,,275452.4946,
300057.SZ,20260323,5.6117,6.3063,,482985.1847,
001359.SZ,20260323,4.0564,4.0564,,1243056.7087,
688148.SH,20260323,3.5527,4.4571,,399465.5005,
001207.SZ,20260323,3.0281,5.7436,,599346.6253,
002106.SZ,20260323,3.7968,5.2934,,749576.7619,
300895.SZ,20260323,13.8548,28.2398,,945758.0131,
600998.SH,20260323,1.2428,2.6857,,2501065.2361,
600158.SH,20260323,5.9746,8.2795,,954715.5017,
300155.SZ,20260323,3.8056,5.3614,,255358.6235,
002226.SZ,20260323,1.2607,3.0821,,1414524.8046,
301005.SZ,20260323,5.8853,10.8047,,1868644.7511,
002566.SZ,20260323,3.9779,4.6228,,239608.9584,
301111.SZ,20260323,2.5665,5.4039,,282080.0,
000906.SZ,20260323,1.986,3.7161,,378250.4744,
600979.SH,20260323,11.6502,18.0166,,668678.2068,
002787.SZ,20260323,5.1375,6.4414,,372381.2015,
000768.SZ,20260323,1.3127,2.9015,,6794347.1805,
688586.SH,20260323,1.5866,4.1051,,1021618.8504,
600436.SH,20260323,0.4848,0.9903,,9174041.4953,
601788.SH,20260323,0.7045,1.5364,,6994564.8484,
688795.SH,20260323,7.0,7.0,,23751465.8614,
300509.SZ,20260323,3.8887,7.4017,,343824.0,
600707.SH,20260323,0.8249,2.2832,,2038205.3678,
920087.BJ,20260323,4.7634,10.5381,,246148.0,
600153.SH,20260323,0.8999,1.6913,,2537096.2321,
603839.SH,20260323,1.2375,4.6728,,261622.9512,
002698.SZ,20260323,1.4569,2.1969,,1368187.299,
300671.SZ,20260323,3.8537,5.6027,,808060.579,
000678.SZ,20260323,5.0373,9.1637,,532690.0727,
002321.SZ,20260323,2.4201,4.0453,,432976.6844,
002872.SZ,20260323,2.1521,2.1685,,156138.0,
688696.SH,20260323,1.5694,2.0422,,589568.4,
301190.SZ,20260323,2.0754,4.3039,,452239.1055,
002156.SZ,20260323,4.4419,5.9605,,6310167.9601,
920190.BJ,20260323,1.7205,3.2618,,214300.0021,
002270.SZ,20260323,2.9995,5.3117,,2382167.1956,
920124.BJ,20260323,3.753,4.2864,,229198.0384,
301112.SZ,20260323,1.2778,3.8862,,340503.2608,
301109.SZ,20260323,4.7849,4.9388,,1268085.0531,
002908.SZ,20260323,2.8216,3.5802,,370168.7315,
300195.SZ,20260323,5.2516,5.6378,,313120.0317,
603165.SH,20260323,13.3625,25.0959,,419957.1002,
300085.SZ,20260323,16.2837,24.1102,,3322623.7956,
688112.SH,20260323,1.2996,4.1914,,574548.7788,
300806.SZ,20260323,6.4424,7.1554,,1962791.178,
605399.SH,20260323,2.1618,5.9025,,414296.4703,
600388.SH,20260323,2.1149,3.003,,2194639.9943,
300364.SZ,20260323,7.2447,8.3184,,1766612.7862,
301626.SZ,20260323,9.8908,9.8908,,2570409.6,
000592.SZ,20260323,14.3174,17.3087,,2001325.0041,
600061.SH,20260323,0.8445,2.3404,,4341516.1097,
688252.SH,20260323,3.1025,3.7142,,787366.0814,
002467.SZ,20260323,10.0461,11.5281,,880237.9987,
300164.SZ,20260323,29.7554,33.4414,,1182213.3857,
601236.SH,20260323,0.6633,2.8612,,3693244.802,
300487.SZ,20260323,2.1241,2.6001,,3133718.5882,
605011.SH,20260323,1.7294,8.6529,,805401.3,
301291.SZ,20260323,7.1951,7.1951,,1732710.0,
600345.SH,20260323,5.4258,8.3585,,1149687.1164,
000931.SZ,20260323,3.3408,4.8727,,346438.4117,
605580.SH,20260323,1.8773,7.1877,,547960.0,
688084.SH,20260323,2.392,4.9113,,464924.9606,
603235.SH,20260323,0.521,5.5779,,1132536.86,
603987.SH,20260323,2.1809,3.6979,,352053.4493,
688708.SH,20260323,1.2408,1.6205,,2004050.1,
603379.SH,20260323,1.704,4.1553,,3670810.4495,
000762.SZ,20260323,4.8825,6.1709,,1329651.5197,
002724.SZ,20260323,4.321,10.6497,,525390.1339,
300163.SZ,20260323,5.2971,5.633,,208086.0,
600256.SH,20260323,5.9786,9.2923,,4531930.1015,
600030.SH,20260323,1.6365,2.2205,,35999108.2476,
603057.SH,20260323,1.5738,6.742,,978912.0,
000828.SZ,20260323,1.4365,4.7606,,1061346.8488,
002183.SZ,20260323,5.3038,7.8378,,1345250.7091,
002617.SZ,20260323,4.0938,4.501,,1421101.3623,
301089.SZ,20260323,2.863,4.0031,,326484.81,
300688.SZ,20260323,7.4748,8.8049,,411418.7225,
688682.SH,20260323,1.8587,4.8636,,417233.9528,
688167.SH,20260323,6.4454,7.4765,,2557491.9126,
688689.SH,20260323,3.2902,9.4041,,413392.758,
300644.SZ,20260323,3.9956,5.5883,,299402.9644,
300222.SZ,20260323,4.3109,4.5053,,822643.2643,
920184.BJ,20260323,2.3933,3.2816,,202103.2925,
600533.SH,20260323,2.4242,4.2885,,241500.0,
002736.SZ,20260323,0.6498,2.3652,,11480993.9703,
688220.SH,20260323,2.6066,3.954,,2906772.8777,
920418.BJ,20260323,1.6593,2.9933,,368201.4336,
300337.SZ,20260323,3.7615,5.5936,,955089.2032,
300871.SZ,20260323,4.7424,8.8784,,455652.9184,
920407.BJ,20260323,2.9406,5.0012,,152837.36,
300500.SZ,20260323,3.2607,6.0642,,185457.2104,
603125.SH,20260323,3.7418,3.7418,,657049.4366,
688300.SH,20260323,3.0252,7.7353,,1863659.2084,
603072.SH,20260323,2.8551,3.4134,,907537.52,
300664.SZ,20260323,4.9368,6.9884,,424259.8023,
003006.SZ,20260323,1.0398,2.6019,,730401.243,
300066.SZ,20260323,3.6316,5.656,,626100.0237,
002691.SZ,20260323,2.1148,5.889,,248200.0,
600968.SH,20260323,0.961,5.2376,,4553966.6812,
001277.SZ,20260323,3.2603,6.4098,,256880.0,
000831.SZ,20260323,3.6619,5.9097,,4886921.8162,
603917.SH,20260323,3.359,4.9927,,247257.92,
002788.SZ,20260323,3.6626,5.9638,,505848.7903,
002922.SZ,20260323,4.5542,6.1317,,1475719.7544,
603786.SH,20260323,1.1448,5.473,,2101266.4101,
301585.SZ,20260323,2.0296,2.0296,,279760.0,
920271.BJ,20260323,1.7238,2.9654,,174517.882,
003003.SZ,20260323,8.4486,10.497,,210296.8,
300424.SZ,20260323,5.446,6.4044,,397850.3344,
002533.SZ,20260323,3.2187,4.298,,984948.9052,
000761.SZ,20260323,0.8053,5.321,,1269445.0022,
300712.SZ,20260323,3.7917,6.6607,,544821.2317,
688692.SH,20260323,1.525,2.1563,,2401027.72,
000935.SZ,20260323,0.8431,2.2735,,1762783.7289,
002150.SZ,20260323,16.5187,32.3149,,1384653.5971,
301191.SZ,20260323,9.1746,14.612,,818998.362,
688439.SH,20260323,2.0489,5.1119,,995800.0,
000915.SZ,20260323,2.4789,3.6301,,724552.9516,
600243.SH,20260323,2.105,2.335,,136043.5,
300759.SZ,20260323,1.6985,2.5762,,4611581.9063,
601059.SH,20260323,0.6295,2.9519,,5308791.0,
600054.SH,20260323,3.6782,8.7125,,907348.0234,
603579.SH,20260323,2.706,5.3343,,388433.1672,
002528.SZ,20260323,3.6414,7.7699,,382377.3512,
002271.SZ,20260323,2.228,2.3241,,3356123.3117,
301152.SZ,20260323,5.013,5.5186,,308605.2782,
688520.SH,20260323,0.6639,2.7916,,1621021.999,
002823.SZ,20260323,3.5234,4.221,,472522.9176,
301070.SZ,20260323,4.7821,5.6564,,580629.0204,
000545.SZ,20260323,11.8256,13.8713,,314799.7576,
920062.BJ,20260323,5.9403,6.823,,203236.6603,
600643.SH,20260323,5.3778,10.7594,,825262.463,
600875.SH,20260323,4.5308,8.0513,,12318679.4812,
002299.SZ,20260323,1.8886,4.0184,,2047405.0045,
603613.SH,20260323,2.0716,3.167,,1748745.2722,
600688.SH,20260323,1.3624,5.349,,3025731.2225,
688153.SH,20260323,1.6233,4.7769,,1453597.341,
001389.SZ,20260323,7.1182,7.1182,,4678637.5112,
600841.SH,20260323,1.7949,5.7093,,1079725.348,
300968.SZ,20260323,2.4043,5.135,,463398.98,
300634.SZ,20260323,3.9672,6.6546,,1036882.6482,
300295.SZ,20260323,5.6413,6.0337,,174255.0032,
688370.SH,20260323,0.9092,2.8493,,298895.1762,
301106.SZ,20260323,2.5332,8.0288,,281836.9446,
300126.SZ,20260323,4.481,6.5809,,220369.26,
920578.BJ,20260323,4.2047,4.2047,,137662.3746,
301093.SZ,20260323,3.7928,6.8173,,1331839.3723,
600827.SH,20260323,0.7786,1.776,,1450528.6791,
300718.SZ,20260323,7.0363,10.7719,,2135971.2855,
600330.SH,20260323,10.9256,13.4712,,1873586.8779,
300378.SZ,20260323,5.0027,6.2244,,1007457.2893,
000708.SZ,20260323,0.413,2.5574,,7898802.4844,
603501.SH,20260323,1.3824,2.1955,,12436479.8042,
603399.SH,20260323,5.7878,8.226,,518950.4274,
301616.SZ,20260323,4.1017,4.1017,,360480.0,
603288.SH,20260323,0.4776,1.8268,,21236272.7218,
300158.SZ,20260323,2.6617,3.8284,,550728.1961,
688017.SH,20260323,3.6637,5.6014,,3316075.301,
002626.SZ,20260323,2.441,5.2378,,997243.3506,
600816.SH,20260323,0.9662,1.5372,,2470956.5118,
688670.SH,20260323,2.4733,6.9038,,202171.2,
301179.SZ,20260323,14.1283,27.6423,,1011018.9225,
002909.SZ,20260323,3.8084,6.3441,,239850.0,
688638.SH,20260323,5.761,5.761,,206080.0,
002043.SZ,20260323,1.2134,1.9811,,1153358.7272,
688563.SH,20260323,3.1355,3.1355,,2564550.0,
000833.SZ,20260323,12.0862,14.7901,,2010820.128,
600833.SH,20260323,2.092,3.8001,,247848.9315,
603680.SH,20260323,0.6265,3.9013,,960839.2083,
002188.SZ,20260323,8.0897,10.5498,,194299.6952,
000778.SZ,20260323,2.2615,3.7875,,1680389.2888,
920027.BJ,20260323,2.8031,3.0933,,140269.3985,
300596.SZ,20260323,3.5653,5.3108,,905849.5863,
920092.BJ,20260323,2.5711,4.5679,,185307.9045,
920185.BJ,20260323,0.907,3.377,,3329206.9142,
688529.SH,20260323,1.5085,2.6765,,272276.8679,
688616.SH,20260323,2.9207,6.4391,,224043.453,
603289.SH,20260323,3.2291,8.8214,,291922.0968,
000029.SZ,20260323,0.8591,2.8048,,1881687.6,
002016.SZ,20260323,2.0381,5.1311,,431247.9719,
300760.SZ,20260323,0.7247,1.4932,,20079241.926,
301603.SZ,20260323,5.2412,5.8671,,756923.68,
301216.SZ,20260323,4.0846,6.4561,,1470198.0138,
601899.SH,20260323,2.3946,3.398,,81311403.9421,
002887.SZ,20260323,3.5224,6.2512,,314249.0146,
002392.SZ,20260323,1.8204,2.4306,,773819.0454,
300573.SZ,20260323,4.1566,4.581,,1545113.1343,
002713.SZ,20260323,4.2967,5.7894,,959967.8307,
000963.SZ,20260323,0.7057,1.6852,,5885540.8619,
600715.SH,20260323,1.4122,1.8851,,775432.0185,
300650.SZ,20260323,6.8064,8.2032,,360896.9946,
301370.SZ,20260323,1.8467,3.5698,,464011.6,
688173.SH,20260323,2.2342,4.0912,,558955.8726,
002511.SZ,20260323,2.6377,5.3852,,1013665.7166,
300061.SZ,20260323,2.1965,2.7172,,533125.8847,
603367.SH,20260323,1.9085,3.6176,,689544.5385,
002966.SZ,20260323,1.3985,1.66,,3540764.3127,
000758.SZ,20260323,3.0942,4.8082,,1218149.2372,
920106.BJ,20260323,1.6763,2.6176,,356765.424,
920225.BJ,20260323,3.2796,3.9776,,282902.2147,
688379.SH,20260323,2.3034,4.3834,,390971.1568,
000507.SZ,20260323,3.429,4.938,,493897.6386,
000757.SZ,20260323,3.1489,4.5399,,238656.8106,
000876.SZ,20260323,0.9681,2.134,,3656252.7365,
688087.SH,20260323,2.297,4.1063,,723436.2012,
002747.SZ,20260323,2.1569,3.3768,,1914305.34,
000802.SZ,20260323,1.9479,2.5122,,272042.0969,
301225.SZ,20260323,6.064,6.064,,951096.0,
301170.SZ,20260323,6.6627,6.6627,,264900.0,
002207.SZ,20260323,12.6,18.0368,,261531.2672,
600784.SH,20260323,1.6877,2.6394,,437147.0232,
601996.SH,20260323,3.4035,5.7632,,251084.8292,
001212.SZ,20260323,3.3691,4.6124,,942500.6366,
688296.SH,20260323,2.7159,4.6623,,141023.5486,
002673.SZ,20260323,0.9721,1.8359,,3177872.5923,
603926.SH,20260323,2.716,5.369,,407233.3201,
002448.SZ,20260323,5.3618,5.3618,,781996.4195,
300347.SZ,20260323,2.3666,2.6309,,4093317.8417,
600370.SH,20260323,8.8232,47.1475,,1036517.0707,
603690.SH,20260323,2.9298,4.0395,,924475.6995,
600783.SH,20260323,2.1841,6.6942,,1463410.372,
920706.BJ,20260323,5.7886,8.4688,,197470.0086,
600511.SH,20260323,1.9593,3.5882,,2117135.4124,
920066.BJ,20260323,3.8371,3.8371,,131174.8914,
002660.SZ,20260323,2.7028,4.9311,,285657.4412,
600288.SH,20260323,2.929,3.228,,600600.0,
603122.SH,20260323,4.0819,8.8741,,595088.6863,
600079.SH,20260323,1.5401,2.4233,,2942903.4149,
920556.BJ,20260323,3.6246,4.9684,,157766.2656,
300996.SZ,20260323,4.5061,5.7789,,423315.7439,
301202.SZ,20260323,6.0375,6.3334,,474944.8,
300384.SZ,20260323,3.692,5.2826,,474682.8103,
603776.SH,20260323,1.8958,3.0568,,490769.4799,
603538.SH,20260323,21.455,29.2022,,589924.6389,
002302.SZ,20260323,1.7245,4.5509,,693032.5129,
688739.SH,20260323,0.8159,1.7997,,980739.75,
688523.SH,20260323,5.9179,5.9179,,2384316.8,
301219.SZ,20260323,2.828,3.8036,,1695213.2309,
920871.BJ,20260323,4.9639,8.3329,,116301.3969,
002356.SZ,20260323,4.8402,6.0949,,470740.373,
300160.SZ,20260323,4.5939,7.2953,,447535.9031,
600713.SH,20260323,1.4547,3.3089,,633523.1921,
002213.SZ,20260323,12.3943,15.3792,,664957.776,
603071.SH,20260323,1.0395,3.5914,,766629.4033,
000531.SZ,20260323,4.2998,9.0247,,751891.7617,
920169.BJ,20260323,3.4564,5.5634,,223493.0489,
301578.SZ,20260323,5.7924,5.7924,,249997.1796,
300111.SZ,20260323,3.3465,4.7793,,489140.0713,
300607.SZ,20260323,3.2415,3.6376,,1164289.6577,
002011.SZ,20260323,2.5567,4.6561,,1262745.6383,
601998.SH,20260323,0.2358,1.9563,,43848387.864,
002413.SZ,20260323,8.0633,8.0633,,1616192.3881,
300145.SZ,20260323,5.3948,7.9062,,841066.0118,
002690.SZ,20260323,1.4747,2.1366,,1537724.9727,
002244.SZ,20260323,1.0099,2.4245,,3021212.0172,
300753.SZ,20260323,7.5681,8.8007,,343228.704,
605155.SH,20260323,2.7235,7.1377,,276617.0526,
300037.SZ,20260323,3.7455,4.3827,,4150641.1531,
002403.SZ,20260323,1.5502,3.3563,,349495.1821,
001217.SZ,20260323,2.7411,7.4254,,376008.71,
000680.SZ,20260323,3.2515,4.7636,,1642656.1601,
605318.SH,20260323,2.5318,8.9093,,876582.7832,
603231.SH,20260323,3.5426,4.4446,,310355.2092,
300967.SZ,20260323,4.6717,7.2173,,326373.9228,
301328.SZ,20260323,1.6905,5.3241,,491114.4716,
301027.SZ,20260323,9.6161,10.362,,311787.0,
300969.SZ,20260323,3.3439,5.7619,,1400032.4375,
301039.SZ,20260323,1.4261,3.2864,,1531159.6511,
600371.SH,20260323,5.736,11.1935,,233477.244,
300674.SZ,20260323,2.1119,2.7811,,1350381.4411,
600704.SH,20260323,2.2276,3.9266,,2539049.326,
300539.SZ,20260323,3.6226,5.8368,,692772.1106,
000581.SZ,20260323,4.0887,6.9744,,1952907.0999,
003002.SZ,20260323,2.1439,4.1064,,479000.0,
603709.SH,20260323,2.4675,7.0114,,196680.432,
301196.SZ,20260323,8.5268,15.0717,,1069051.4903,
300026.SZ,20260323,1.9212,2.9723,,973346.1672,
002973.SZ,20260323,1.3347,1.6878,,514510.0823,
688210.SH,20260323,3.3133,4.9664,,594831.1892,
300932.SZ,20260323,6.5579,10.4379,,415174.8854,
688807.SH,20260323,15.6694,15.6694,,1623840.0,
300586.SZ,20260323,2.9286,4.397,,616624.8312,
688107.SH,20260323,4.3853,12.9579,,1201746.4023,
002767.SZ,20260323,2.8857,6.2315,,295950.0,
603863.SH,20260323,4.2489,5.974,,375532.75,
002139.SZ,20260323,3.438,3.617,,1556050.065,
688297.SH,20260323,1.9529,4.9872,,3316275.0,
300503.SZ,20260323,6.3241,8.4619,,1441884.9002,
920060.BJ,20260323,7.8617,10.6343,,493080.8421,
300817.SZ,20260323,2.4878,3.1608,,373071.6922,
300955.SZ,20260323,2.3768,5.3405,,318427.2,
002060.SZ,20260323,4.0474,5.6775,,1426669.432,
002877.SZ,20260323,7.8956,10.3329,,293926.8921,
301600.SZ,20260323,3.9985,3.9985,,1013877.95,
002250.SZ,20260323,3.0198,4.0922,,1309315.5307,
000503.SZ,20260323,2.1254,2.9317,,755003.6559,
002492.SZ,20260323,2.9917,5.1778,,286740.0,
301086.SZ,20260323,4.4686,6.2264,,1009170.0,
688411.SH,20260323,7.3032,9.2413,,5006571.2776,
688095.SH,20260323,3.461,5.7543,,611195.2156,
300860.SZ,20260323,3.4481,5.6961,,474895.822,
301510.SZ,20260323,2.5245,2.8049,,1204030.1,
000537.SZ,20260323,5.5531,17.6911,,2244330.1543,
600312.SH,20260323,2.5324,4.3232,,2838679.3784,
002786.SZ,20260323,2.0209,3.2347,,353371.356,
000421.SZ,20260323,2.6174,5.7001,,364753.9911,
605108.SH,20260323,1.4615,4.6536,,406900.0,
605178.SH,20260323,3.8112,6.6706,,629158.0,
600433.SH,20260323,3.6888,6.1616,,563589.913,
002368.SZ,20260323,1.8309,2.7855,,1184139.4434,
002769.SZ,20260323,4.0563,5.4029,,397957.0456,
600609.SH,20260323,1.9473,2.7272,,515300.6304,
920717.BJ,20260323,4.6441,5.6682,,99771.6,
600075.SH,20260323,6.0331,10.6176,,1231009.289,
002377.SZ,20260323,4.2578,5.3306,,293224.0643,
002911.SZ,20260323,0.7749,5.1739,,1846316.5766,
300349.SZ,20260323,3.5282,4.9852,,541125.667,
300482.SZ,20260323,2.3358,3.7103,,860340.0627,
002557.SZ,20260323,2.458,4.2865,,1020815.7674,
603406.SH,20260323,6.0289,6.0289,,1430035.75,
300053.SZ,20260323,5.4236,6.5373,,1186776.9721,
001258.SZ,20260323,9.369,24.0409,,991200.0007,
603628.SH,20260323,10.3441,18.8312,,411294.1059,
600459.SH,20260323,4.055,6.6044,,1381329.3551,
600962.SH,20260323,1.8889,3.4075,,475124.52,
601985.SH,20260323,2.3672,5.8248,,18593473.8749,
600642.SH,20260323,0.7577,2.181,,4297001.6921,
600295.SH,20260323,0.682,2.9562,,4130993.7509,
600444.SH,20260323,2.6867,4.8557,,235446.4667,
605100.SH,20260323,2.2384,4.9508,,649798.38,
301399.SZ,20260323,12.6357,14.9382,,372260.24,
600606.SH,20260323,0.9592,3.4575,,2122186.9654,
300320.SZ,20260323,3.5781,4.3252,,593418.1465,
003036.SZ,20260323,6.7053,21.3613,,444653.0876,
301233.SZ,20260323,3.4592,4.7542,,239129.62,
300313.SZ,20260323,2.076,4.3074,,171921.5387,
605118.SH,20260323,0.7201,5.4896,,1542480.0,
300890.SZ,20260323,8.3041,8.6758,,353141.5356,
301309.SZ,20260323,12.7953,30.4208,,371072.4704,
002436.SZ,20260323,4.5715,4.7317,,3474132.7628,
301290.SZ,20260323,4.382,4.383,,245625.015,
002173.SZ,20260323,9.4975,11.8687,,1096591.6147,
300936.SZ,20260323,16.1044,24.4465,,430971.2,
002268.SZ,20260323,2.2935,3.611,,1393608.2648,
000062.SZ,20260323,3.5836,11.8113,,2740282.4236,
300556.SZ,20260323,5.9519,6.111,,201433.7236,
600189.SH,20260323,2.4198,4.2444,,521379.2049,
688136.SH,20260323,2.2302,4.4164,,497105.4075,
601121.SH,20260323,2.8705,6.4351,,647068.8506,
600995.SH,20260323,1.9673,8.9985,,4822772.7597,
300233.SZ,20260323,3.0132,3.9345,,538959.9201,
688579.SH,20260323,2.8107,3.7273,,416810.42,
300701.SZ,20260323,2.1708,3.8797,,303092.0476,
300847.SZ,20260323,2.4405,6.4368,,470063.88,
002153.SZ,20260323,1.8195,3.7621,,2674609.9642,
002410.SZ,20260323,3.1858,3.7955,,1813834.8875,
002929.SZ,20260323,6.3705,9.7545,,1317577.3436,
002489.SZ,20260323,1.9783,3.7762,,691916.2038,
002283.SZ,20260323,4.9477,6.3178,,966259.6869,
600255.SH,20260323,3.0718,3.4313,,552680.9682,
002583.SZ,20260323,2.7034,2.944,,1733144.2701,
300040.SZ,20260323,40.9067,43.7284,,542394.9975,
920445.BJ,20260323,3.1691,3.676,,133749.5346,
688310.SH,20260323,2.1482,6.2246,,242514.5277,
000796.SZ,20260323,3.8742,4.5558,,801894.458,
002948.SZ,20260323,1.8268,3.054,,2834512.7506,
300611.SZ,20260323,5.7395,6.6824,,577711.3992,
920028.BJ,20260323,42.0281,42.0281,,304230.36,
300951.SZ,20260323,3.6518,10.3409,,564103.988,
688011.SH,20260323,1.9571,4.1224,,654500.0,
688668.SH,20260323,7.1783,13.2616,,1846867.5062,
000723.SZ,20260323,4.1672,6.6623,,2170922.3532,
688037.SH,20260323,2.8392,3.9658,,3154459.0459,
603590.SH,20260323,1.9913,3.6479,,538886.5066,
002258.SZ,20260323,2.8107,4.7645,,1111807.3097,
688369.SH,20260323,4.056,5.138,,239538.3696,
601107.SH,20260323,0.8684,6.7252,,1837894.06,
000980.SZ,20260323,3.2644,4.4483,,1174913.6232,
920198.BJ,20260323,3.8035,3.8925,,136029.7441,
300205.SZ,20260323,2.2144,3.6426,,240401.304,
002828.SZ,20260323,15.4528,18.1138,,250229.562,
002362.SZ,20260323,3.0372,3.8343,,436840.4524,
001216.SZ,20260323,4.0791,13.2574,,413565.1214,
600703.SH,20260323,0.5863,0.9919,,7428648.8845,
002441.SZ,20260323,5.5203,8.1194,,508059.1872,
002607.SZ,20260323,3.5648,4.254,,1548017.2466,
600598.SH,20260323,2.8129,7.8448,,2766069.9384,
600281.SH,20260323,3.1287,5.5354,,253600.1983,
600008.SH,20260323,2.1172,3.9482,,2275583.1099,
000819.SZ,20260323,2.3948,3.6236,,517675.8129,
002661.SZ,20260323,2.4522,4.0599,,280168.841,
300107.SZ,20260323,5.9516,7.4413,,384380.289,
000001.SZ,20260323,0.8142,1.9363,,20279184.5169,
002130.SZ,20260323,4.6094,5.3281,,3237939.4683,
603789.SH,20260323,2.4567,4.305,,153824.468,
002078.SZ,20260323,1.1122,2.0225,,4046486.8523,
002361.SZ,20260323,8.488,9.4103,,1036628.1162,
600696.SH,20260323,2.6358,7.9839,,57863.2116,
688403.SH,20260323,4.5698,6.1938,,1237224.3881,
601939.SH,20260323,1.5892,2.296,,239625949.4164,
603727.SH,20260323,7.7352,14.4394,,556395.5721,
002066.SZ,20260323,1.9905,3.3246,,419308.995,
688313.SH,20260323,6.9456,10.8696,,3510577.8096,
688336.SH,20260323,1.6071,10.0496,,4052175.1137,
301658.SZ,20260323,60.333,60.333,,2507628.8719,
002939.SZ,20260323,0.8634,2.4597,,3513985.8787,
603272.SH,20260323,4.3144,9.8993,,248497.546,
000815.SZ,20260323,29.723,44.4767,,1348810.2879,
601128.SH,20260323,2.3026,2.7492,,2295031.8234,
001239.SZ,20260323,6.4219,7.3504,,340800.0,
000002.SZ,20260323,2.1825,3.2758,,4796145.2073,
300929.SZ,20260323,5.0101,6.2699,,146403.3152,
301563.SZ,20260323,10.3936,10.3936,,972118.242,
600182.SH,20260323,1.3645,1.3645,,457300.0,
000848.SZ,20260323,1.3432,2.3782,,782340.0568,
600168.SH,20260323,1.9641,4.92,,486764.8088,
601568.SH,20260323,2.3523,6.2409,,1664361.1119,
601086.SH,20260323,1.3014,5.0199,,544788.0,
002189.SZ,20260323,1.5979,2.7645,,476949.8725,
688613.SH,20260323,4.5933,6.1368,,269632.8933,
300933.SZ,20260323,4.1413,6.702,,408676.5691,
600510.SH,20260323,1.5215,3.8029,,789499.4746,
002157.SZ,20260323,4.0368,4.0368,,2812049.4271,
301319.SZ,20260323,2.5548,4.9563,,481624.9714,
301283.SZ,20260323,2.2321,3.7413,,333171.0365,
300957.SZ,20260323,2.3451,5.3525,,1581298.8,
600623.SH,20260323,2.0498,5.9413,,2141936.7615,
301115.SZ,20260323,4.3789,6.3776,,370903.7219,
002277.SZ,20260323,2.2335,3.2856,,828138.6432,
002219.SZ,20260323,3.3376,4.9182,,735061.8404,
600681.SH,20260323,10.982,21.9699,,634224.3251,
000089.SZ,20260323,1.4797,3.4388,,1345304.7979,
300479.SZ,20260323,4.0871,5.5858,,353885.3935,
600319.SH,20260323,2.6128,4.5365,,271008.8594,
002891.SZ,20260323,3.9037,7.8016,,1090377.7408,
301133.SZ,20260323,2.8214,6.1923,,440923.8451,
300982.SZ,20260323,4.3465,10.2151,,485540.2325,
600081.SH,20260323,0.7824,3.1007,,587866.8187,
603662.SH,20260323,1.5233,3.2793,,1540351.826,
300716.SZ,20260323,5.9054,7.2387,,206905.86,
601016.SH,20260323,12.4414,22.2572,,2872409.7877,
600769.SH,20260323,3.8882,4.865,,448097.754,
688015.SH,20260323,1.101,2.3743,,390757.8167,
003041.SZ,20260323,3.7104,11.4667,,709920.0,
002174.SZ,20260323,3.1908,3.914,,879870.2484,
002214.SZ,20260323,1.0371,1.1318,,1031495.8097,
000697.SZ,20260323,1.6416,2.4752,,1292777.7658,
000026.SZ,20260323,1.3867,2.5078,,533985.4332,
002806.SZ,20260323,7.0349,7.591,,275373.0289,
000020.SZ,20260323,25.7226,75.3131,,594638.5767,
300927.SZ,20260323,5.515,14.5486,,405507.24,
600257.SH,20260323,3.9803,5.5354,,281523.755,
002061.SZ,20260323,1.6419,3.397,,994839.4252,
603816.SH,20260323,0.6272,1.156,,2698468.2399,
002878.SZ,20260323,4.381,7.6165,,412898.9618,
605136.SH,20260323,2.4029,4.8088,,371225.0295,
300291.SZ,20260323,2.6721,4.2845,,610344.4938,
002232.SZ,20260323,1.4505,3.2757,,661439.9486,
688279.SH,20260323,1.9709,4.2411,,1717502.0736,
000546.SZ,20260323,3.9924,6.0374,,414486.5236,
002169.SZ,20260323,4.9926,6.396,,1044909.9655,
002977.SZ,20260323,4.1622,5.6734,,311711.4,
688065.SH,20260323,1.2471,2.2316,,3482387.1254,
002563.SZ,20260323,1.3828,4.3244,,1360515.5308,
300044.SZ,20260323,6.4077,6.7068,,541583.2827,
603219.SH,20260323,1.7418,8.2916,,885327.8,
002264.SZ,20260323,3.0697,4.9532,,567211.3044,
688687.SH,20260323,2.6275,3.476,,325136.2906,
300615.SZ,20260323,12.8193,16.2921,,256994.836,
688459.SH,20260323,1.8019,2.5072,,418560.0,
603688.SH,20260323,2.9166,6.1249,,2236047.977,
688582.SH,20260323,1.8903,2.553,,2253756.1042,
300489.SZ,20260323,3.2723,5.8429,,562944.2223,
600000.SH,20260323,0.2804,0.751,,32839556.5638,
301156.SZ,20260323,5.838,9.9228,,249470.4441,
601901.SH,20260323,1.1104,2.3372,,5638989.4556,
002026.SZ,20260323,2.8527,4.4852,,538330.0295,
688249.SH,20260323,2.3413,3.4538,,5617241.5682,
002412.SZ,20260323,2.7487,4.7874,,305442.4,
601777.SH,20260323,1.0923,2.6282,,4154890.9652,
920699.BJ,20260323,1.5102,2.497,,177026.164,
301360.SZ,20260323,7.1886,8.1169,,326387.46,
000333.SZ,20260323,0.6743,0.9866,,55785237.3767,
300593.SZ,20260323,3.6129,3.8365,,1247746.4787,
603530.SH,20260323,1.131,5.3669,,2512835.9111,
688357.SH,20260323,2.2933,3.669,,311786.5705,
301389.SZ,20260323,12.4037,12.7803,,1420335.0,
002107.SZ,20260323,1.9975,4.0581,,344594.1312,
603833.SH,20260323,0.5248,2.0445,,3200489.1632,
600545.SH,20260323,8.5651,15.8695,,632920.9266,
002676.SZ,20260323,2.0965,3.3928,,457200.0,
600758.SH,20260323,7.1929,14.3541,,625314.2274,
000524.SZ,20260323,3.2284,10.5843,,778782.3897,
000566.SZ,20260323,3.0627,4.9549,,656466.7538,
920753.BJ,20260323,2.9031,4.1528,,147260.5017,
920088.BJ,20260323,27.4793,29.3245,,667229.684,
002320.SZ,20260323,1.327,4.8879,,1941925.7421,
600499.SH,20260323,1.4232,2.4796,,2878702.4429,
002852.SZ,20260323,6.831,9.8798,,319202.587,
301586.SZ,20260323,2.1279,2.9122,,341029.3173,
600871.SH,20260323,1.8794,9.0311,,5478586.2457,
002067.SZ,20260323,10.4169,10.7758,,771348.5651,
601225.SH,20260323,0.8571,2.4665,,26399485.0,
688800.SH,20260323,6.7291,11.2428,,1759749.6103,
002398.SZ,20260323,3.7617,3.9643,,334359.9568,
003010.SZ,20260323,3.3073,4.3233,,901450.3614,
000958.SZ,20260323,1.0918,2.2303,,10927697.9693,
000050.SZ,20260323,1.9676,3.483,,1917043.1756,
300837.SZ,20260323,4.1165,7.2486,,335206.0906,
601990.SH,20260323,0.884,1.6598,,3132534.99,
000048.SZ,20260323,3.3711,7.4344,,1028747.565,
002075.SZ,20260323,2.308,3.1528,,1015741.181,
300669.SZ,20260323,1.2842,2.175,,566939.6575,
301265.SZ,20260323,9.6868,12.5655,,593827.4367,
600332.SH,20260323,2.9645,6.1875,,3757202.8831,
688485.SH,20260323,4.9975,4.9975,,344469.4061,
600234.SH,20260323,1.7624,3.3287,,338652.0552,
603881.SH,20260323,7.7201,13.5089,,2535870.8065,
600300.SH,20260323,4.1264,5.9729,,522336.9241,
000609.SZ,20260323,3.5566,4.7072,,266944.8456,
002705.SZ,20260323,1.0033,3.0054,,1022963.4828,
601368.SH,20260323,1.7634,4.0908,,441486.5385,
603348.SH,20260323,1.3732,2.6256,,585556.5315,
920046.BJ,20260323,9.8755,16.1944,,301427.0,
601919.SH,20260323,1.1476,2.8134,,23550913.5073,
300052.SZ,20260323,3.6187,4.3505,,316587.1804,
301560.SZ,20260323,13.0519,13.0519,,432652.8,
688004.SH,20260323,3.88,6.2668,,162738.816,
600624.SH,20260323,1.02,1.4382,,308423.5117,
300923.SZ,20260323,4.3548,8.4308,,195792.6,
600720.SH,20260323,2.349,3.1366,,1512138.4773,
300555.SZ,20260323,1.6325,1.9647,,235000.0,
600989.SH,20260323,2.5447,8.611,,23547418.96,
600562.SH,20260323,0.9527,2.7844,,3043793.5658,
001380.SZ,20260323,3.2556,3.2556,,530603.3935,
300388.SZ,20260323,1.1384,2.9466,,531893.9824,
601058.SH,20260323,1.8856,2.5518,,4185751.6297,
601798.SH,20260323,3.5497,5.5468,,290358.5942,
301055.SZ,20260323,2.5983,6.0919,,283608.0,
000009.SZ,20260323,1.4068,2.2689,,2210386.368,
002848.SZ,20260323,2.8702,3.7847,,208436.05,
002221.SZ,20260323,3.4959,5.6566,,1371231.1573,
603322.SH,20260323,6.6107,8.314,,457474.4688,
603091.SH,20260323,2.0542,2.0542,,734790.2053,
688113.SH,20260323,3.2624,5.2574,,226099.8296,
300765.SZ,20260323,0.8479,3.3458,,3932860.2432,
301010.SZ,20260323,4.7351,13.1531,,221832.0,
688205.SH,20260323,8.1944,12.1696,,2654603.2527,
300375.SZ,20260323,4.4829,5.2452,,353278.5504,
002316.SZ,20260323,11.9245,12.8276,,185945.76,
603305.SH,20260323,2.9305,5.7082,,1571763.6362,
001325.SZ,20260323,17.1429,17.1429,,424222.4,
001230.SZ,20260323,4.7214,6.8752,,292612.8043,
600223.SH,20260323,1.0955,2.3961,,653653.7223,
002685.SZ,20260323,2.7463,3.1291,,637868.1758,
688315.SH,20260323,1.1303,3.1405,,543973.4,
301656.SZ,20260323,4.8538,4.8538,,5824403.584,
603027.SH,20260323,1.3865,2.6475,,1179815.9896,
603990.SH,20260323,5.9466,7.5446,,449623.0491,
603666.SH,20260323,2.0623,3.2385,,534584.6224,
001339.SZ,20260323,7.5214,10.8334,,1560903.4459,
002006.SZ,20260323,2.3916,3.2433,,901321.825,
603353.SH,20260323,7.0001,21.3179,,628832.148,
002958.SZ,20260323,2.425,3.1934,,1627797.6243,
603175.SH,20260323,16.0687,16.0687,,3430243.1405,
002982.SZ,20260323,6.6504,8.7239,,261104.2476,
002300.SZ,20260323,5.1114,9.8612,,655878.9996,
600657.SH,20260323,0.9907,3.6793,,829896.6711,
002867.SZ,20260323,0.9951,2.7446,,1233098.3424,
300369.SZ,20260323,6.5946,8.8273,,689839.2258,
600858.SH,20260323,2.3026,4.0321,,284996.4908,
920394.BJ,20260323,0.9347,2.8086,,650958.75,
301581.SZ,20260323,1.5285,3.4412,,359200.0,
603095.SH,20260323,2.6073,8.5049,,431309.564,
600150.SH,20260323,1.8393,2.6022,,23427259.0695,
300536.SZ,20260323,6.3947,6.8415,,250468.0656,
605319.SH,20260323,1.9448,5.3269,,797496.6005,
300595.SZ,20260323,1.9935,2.7015,,1253404.7722,
603255.SH,20260323,2.2841,3.6118,,352630.1675,
000561.SZ,20260323,2.4046,3.9302,,781072.4872,
600428.SH,20260323,2.1805,4.6814,,2170441.0324,
300546.SZ,20260323,3.7694,4.1802,,388755.8954,
600531.SH,20260323,5.8301,7.9531,,1487393.1185,
002498.SZ,20260323,6.0623,18.1303,,2661436.8,
000599.SZ,20260323,2.9964,5.1092,,472903.4535,
688796.SH,20260323,4.3524,4.3524,,3324924.2448,
688560.SH,20260323,4.4487,7.1484,,302959.3866,
002092.SZ,20260323,5.9925,8.5183,,1906254.3645,
603661.SH,20260323,1.0169,3.5702,,402181.8537,
601992.SH,20260323,2.3306,6.4834,,1975387.6598,
688550.SH,20260323,2.3187,3.9257,,653655.0869,
920396.BJ,20260323,4.0438,6.2333,,221574.4452,
001215.SZ,20260323,4.1222,7.0115,,327527.8635,
300211.SZ,20260323,1.7968,3.2902,,230986.5895,
300071.SZ,20260323,4.9538,6.5408,,457845.0596,
000608.SZ,20260323,3.5415,5.0703,,280467.5776,
002687.SZ,20260323,4.695,6.5899,,227150.771,
300785.SZ,20260323,7.1705,8.8447,,903200.5137,
600831.SH,20260323,2.0908,2.9531,,257362.8111,
603800.SH,20260323,2.2225,4.1931,,719680.0,
300740.SZ,20260323,3.6955,6.3509,,760990.7195,
603822.SH,20260323,1.874,3.0639,,735070.0772,
301418.SZ,20260323,6.4376,6.4376,,255493.3357,
300834.SZ,20260323,1.4999,4.19,,422874.0666,
002876.SZ,20260323,5.3656,6.0554,,416802.182,
301313.SZ,20260323,6.1362,7.1855,,300842.4872,
301163.SZ,20260323,7.0183,10.2932,,221870.4,
300172.SZ,20260323,7.3249,8.06,,384371.28,
300666.SZ,20260323,3.7001,4.0936,,3335346.306,
000514.SZ,20260323,2.1748,5.9077,,375478.0794,
600282.SH,20260323,1.3112,3.5208,,3113370.9606,
000166.SZ,20260323,0.5901,1.6476,,11693654.1095,
688566.SH,20260323,1.5859,5.4458,,559603.0072,
600741.SH,20260323,0.5293,1.2698,,5596085.0716,
688631.SH,20260323,3.5065,4.629,,887805.57,
001317.SZ,20260323,3.6542,8.9202,,369045.2868,
605305.SH,20260323,4.1086,5.7101,,822664.92,
300558.SZ,20260323,1.3856,2.3596,,1695557.3873,
000707.SZ,20260323,4.1009,5.2019,,339135.9719,
603138.SH,20260323,6.4127,11.5409,,535436.0776,
600732.SH,20260323,6.3992,9.4589,,3080598.638,
603458.SH,20260323,4.3269,4.779,,292655.0354,
600990.SH,20260323,2.1374,3.9729,,592027.9354,
603517.SH,20260323,1.3345,2.5551,,681146.1761,
600115.SH,20260323,1.8739,4.6597,,8901357.878,
600589.SH,20260323,9.782,11.5841,,1447553.1428,
603222.SH,20260323,3.4546,5.514,,448952.4758,
000937.SZ,20260323,1.6185,5.718,,2042390.0793,
002838.SZ,20260323,1.5252,3.1433,,1108927.4958,
688262.SH,20260323,3.822,5.1423,,1083935.7193,
300733.SZ,20260323,3.4392,4.8679,,533710.7849,
002507.SZ,20260323,2.5561,3.9578,,1429705.6757,
002333.SZ,20260323,1.8658,5.8532,,346911.3472,
000534.SZ,20260323,4.3025,5.7069,,1900106.4162,
003042.SZ,20260323,4.9029,9.5179,,220131.6,
002475.SZ,20260323,1.3997,2.2422,,33734108.5128,
600361.SH,20260323,2.1153,4.2414,,1489332.5023,
603100.SH,20260323,2.5595,5.5791,,989397.8833,
300865.SZ,20260323,3.5486,5.7774,,232789.44,
300096.SZ,20260323,2.3662,2.8232,,331100.0,
600038.SH,20260323,1.6499,2.9282,,2646615.2916,
600128.SH,20260323,3.6924,5.0224,,249685.1104,
603698.SH,20260323,2.1979,7.1319,,1530787.44,
920166.BJ,20260323,4.2253,4.2253,,200583.5304,
002730.SZ,20260323,10.2463,20.5278,,823007.5672,
002284.SZ,20260323,2.3221,4.0399,,1022175.7813,
002537.SZ,20260323,4.7506,6.3481,,872294.4415,
600593.SH,20260323,4.8957,10.5495,,454079.045,
000809.SZ,20260323,4.3013,6.5464,,301048.8219,
601882.SH,20260323,1.4406,6.181,,1004328.0,
000564.SZ,20260323,2.1647,3.0726,,3503264.2907,
000617.SZ,20260323,3.6813,18.4273,,12894920.6606,
002578.SZ,20260323,4.2019,7.1766,,327581.9339,
300396.SZ,20260323,1.9374,4.0464,,299697.4769,
002286.SZ,20260323,4.3965,5.3076,,346316.3158,
002574.SZ,20260323,2.5644,5.5875,,284064.0,
688507.SH,20260323,4.3845,4.3845,,749850.4174,
001316.SZ,20260323,2.0666,6.6379,,481182.4556,
603838.SH,20260323,0.7771,2.1388,,254732.736,
002519.SZ,20260323,5.4851,8.3026,,811030.2466,
603529.SH,20260323,4.5878,15.2671,,2700015.067,
000900.SZ,20260323,2.1081,3.9444,,596506.5353,
600958.SH,20260323,0.9356,1.4608,,7672470.6987,
601156.SH,20260323,1.639,2.5726,,2682968.8896,
600770.SH,20260323,2.4487,4.3838,,681200.0,
600097.SH,20260323,3.085,5.3956,,245755.2902,
688089.SH,20260323,1.8253,3.3935,,293194.487,
603813.SH,20260323,0.4811,1.3724,,320820.825,
300174.SZ,20260323,4.1416,5.3632,,570353.4238,
688007.SH,20260323,2.343,3.5334,,607152.2538,
002416.SZ,20260323,3.6205,7.0929,,1464831.0947,
000953.SZ,20260323,2.6175,3.9661,,236148.8158,
301428.SZ,20260323,15.6907,15.6907,,346122.6678,
600810.SH,20260323,2.03,4.7869,,832343.3564,
300073.SZ,20260323,3.3194,4.3227,,2835770.0103,
603477.SH,20260323,4.0221,7.4977,,866099.5579,
603376.SH,20260323,7.4915,7.4915,,1335603.339,
301119.SZ,20260323,1.8872,5.6011,,436176.0,
000858.SZ,20260323,0.5286,1.177,,38905357.0341,
603162.SH,20260323,12.8047,12.8047,,1184059.489,
300322.SZ,20260323,5.7458,7.072,,1064988.3242,
300371.SZ,20260323,4.6983,6.8587,,232808.4115,
603180.SH,20260323,1.1396,3.8357,,274577.7092,
603001.SH,20260323,2.1203,4.0622,,331209.48,
603161.SH,20260323,2.7944,5.0225,,263033.6249,
688323.SH,20260323,2.7104,4.8333,,346500.4312,
301602.SZ,20260323,1.0521,2.9198,,823677.8939,
002742.SZ,20260323,1.1853,1.5302,,285270.5511,
920599.BJ,20260323,1.4426,2.2247,,820519.35,
688365.SH,20260323,3.6526,8.8634,,736676.7033,
300994.SZ,20260323,11.8795,17.9646,,357090.816,
000521.SZ,20260323,1.6806,2.3464,,598385.6784,
688509.SH,20260323,2.8543,2.8543,,323400.0,
300863.SZ,20260323,2.4862,5.63,,948406.2134,
300427.SZ,20260323,7.1624,8.6948,,603613.5937,
300743.SZ,20260323,5.5957,8.0835,,249805.0043,
002449.SZ,20260323,6.5288,8.3143,,471898.0799,
002846.SZ,20260323,2.5975,3.84,,562371.4786,
003033.SZ,20260323,1.2847,3.9829,,432130.5,
002798.SZ,20260323,3.6888,5.339,,295175.8372,
002627.SZ,20260323,3.4378,5.1632,,581854.9065,
002384.SZ,20260323,6.0114,6.8233,,19274006.0592,
003020.SZ,20260323,1.388,2.2771,,422204.444,
603992.SH,20260323,1.8302,8.8281,,1458664.0194,
001314.SZ,20260323,2.0034,4.3258,,575528.19,
300662.SZ,20260323,2.6041,3.6936,,450096.143,
001308.SZ,20260323,0.8676,4.6548,,1310948.5818,
300749.SZ,20260323,6.6394,9.3995,,613456.506,
002228.SZ,20260323,2.5658,4.4451,,445312.5258,
000635.SZ,20260323,3.4908,6.0544,,310183.1613,
603070.SH,20260323,1.892,7.2801,,557390.0,
002923.SZ,20260323,3.5655,6.4277,,473539.1064,
603810.SH,20260323,2.2476,4.086,,243707.5045,
300840.SZ,20260323,4.9111,5.4986,,395280.0,
003008.SZ,20260323,4.933,7.7681,,218192.0,
688198.SH,20260323,0.2689,1.0053,,1286567.5622,
601126.SH,20260323,3.9578,6.6221,,3605957.596,
688125.SH,20260323,1.3383,4.38,,1728595.5411,
002306.SZ,20260323,1.9904,2.4193,,181780.3625,
920832.BJ,20260323,2.0792,2.1679,,89502.6929,
600718.SH,20260323,2.5981,3.366,,1055259.0675,
300530.SZ,20260323,1.8464,6.1479,,434349.1202,
688115.SH,20260323,1.8038,4.4078,,250679.2,
600814.SH,20260323,1.9672,5.8546,,528521.512,
603187.SH,20260323,2.6862,3.3615,,564940.3484,
301108.SZ,20260323,2.444,4.3486,,306265.5617,
688511.SH,20260323,2.0438,4.534,,249360.6694,
002211.SZ,20260323,1.7935,2.8725,,143149.4828,
301366.SZ,20260323,4.1054,4.1054,,628818.1392,
688799.SH,20260323,2.5527,5.5315,,577676.68,
002702.SZ,20260323,5.204,6.914,,294552.8,
300800.SZ,20260323,2.1638,4.2651,,258777.587,
920266.BJ,20260323,1.3853,2.5338,,93496.0053,
688393.SH,20260323,2.5277,4.2606,,203416.1776,
603168.SH,20260323,6.3989,11.3353,,235325.5716,
920010.BJ,20260323,17.1936,33.1595,,354095.0,
002407.SZ,20260323,5.2832,5.6454,,3049888.2418,
002468.SZ,20260323,2.4499,6.2554,,2005350.8375,
300168.SZ,20260323,1.9388,2.4349,,759211.2596,
001233.SZ,20260323,5.4252,5.4252,,1161031.5242,
688816.SH,20260323,6.4226,6.4226,,622000.0,
688238.SH,20260323,3.9714,5.265,,400455.6439,
688607.SH,20260323,3.1442,4.1761,,431832.2323,
002716.SZ,20260323,9.5397,11.0267,,3142097.663,
002287.SZ,20260323,0.754,3.9846,,1259232.1648,
688239.SH,20260323,3.6763,4.7709,,1033214.8222,
688383.SH,20260323,1.4984,4.7878,,609980.6465,
688093.SH,20260323,0.9629,2.9701,,830213.4442,
600508.SH,20260323,3.1586,8.4737,,962660.376,
603078.SH,20260323,3.9256,6.7432,,819093.5148,
300455.SZ,20260323,3.5841,7.9628,,1671681.5229,
603598.SH,20260323,4.6546,9.2827,,496804.4247,
002797.SZ,20260323,5.8006,7.3479,,3088764.0,
301120.SZ,20260323,11.4532,14.8123,,811598.7052,
920371.BJ,20260323,1.2363,4.2515,,183051.9726,
688256.SH,20260323,1.9485,4.0254,,40958280.5621,
002476.SZ,20260323,2.879,3.6621,,334764.0,
300578.SZ,20260323,5.8891,8.0993,,380677.9008,
002495.SZ,20260323,6.1955,7.5188,,226421.3952,
603636.SH,20260323,2.1006,3.1523,,514779.7839,
920571.BJ,20260323,10.788,14.106,,570403.4542,
002640.SZ,20260323,3.342,3.633,,518827.7629,
600021.SH,20260323,2.0203,4.7249,,5148753.7746,
001226.SZ,20260323,3.3177,5.4202,,302325.4683,
300910.SZ,20260323,2.7483,3.874,,1349168.9324,
000978.SZ,20260323,4.9188,9.7421,,300539.46,
603683.SH,20260323,3.9532,5.8906,,781769.586,
000037.SZ,20260323,14.6067,24.7349,,608187.4594,
920175.BJ,20260323,1.8699,2.2442,,116382.0,
601606.SH,20260323,2.8922,7.0353,,2589840.7584,
600084.SH,20260323,0.9927,2.2719,,725927.5322,
300170.SZ,20260323,8.5697,8.6878,,2011743.1512,
002323.SZ,20260323,17.81,22.6989,,504763.5238,
920405.BJ,20260323,3.9326,7.3022,,323720.08,
600409.SH,20260323,2.9347,5.3863,,1412015.0224,
688260.SH,20260323,3.4121,5.6415,,297360.0,
300761.SZ,20260323,1.8233,3.3775,,1655282.0803,
300385.SZ,20260323,2.4424,3.8156,,520040.7999,
601609.SH,20260323,1.8152,3.7235,,1564417.5647,
002177.SZ,20260323,11.7155,12.0323,,563281.5576,
605268.SH,20260323,2.9615,16.5399,,519049.8075,
002486.SZ,20260323,6.4478,8.2038,,216786.4553,
300589.SZ,20260323,7.3641,8.5079,,567257.33,
301331.SZ,20260323,1.6319,4.5183,,250027.2854,
600550.SH,20260323,4.949,11.0896,,2845161.5016,
300270.SZ,20260323,3.2602,4.4864,,298869.5496,
000798.SZ,20260323,5.1561,10.8659,,344638.9067,
301282.SZ,20260323,9.7845,15.9486,,465359.9615,
603712.SH,20260323,2.6396,5.1064,,1211268.0,
688079.SH,20260323,3.2791,7.3639,,484607.9713,
601686.SH,20260323,0.8777,1.731,,822350.3486,
002860.SZ,20260323,3.2909,5.2515,,436690.9944,
000751.SZ,20260323,5.5094,7.2103,,804584.0363,
605228.SH,20260323,3.9652,11.4644,,664588.4275,
300511.SZ,20260323,5.5079,5.6496,,428726.6537,
301148.SZ,20260323,3.277,5.1179,,549633.2234,
000610.SZ,20260323,4.4446,6.0644,,200288.7242,
300497.SZ,20260323,5.2462,5.6937,,763265.5395,
002570.SZ,20260323,5.2947,6.036,,563782.6198,
600793.SH,20260323,2.4499,5.33,,303213.4594,
920580.BJ,20260323,3.295,4.552,,109220.0,
002229.SZ,20260323,10.2134,10.2134,,816731.1892,
000619.SZ,20260323,3.5376,5.3147,,239995.8441,
002790.SZ,20260323,2.185,3.9994,,305464.6513,
300097.SZ,20260323,3.5485,4.08,,216412.2518,
601918.SH,20260323,3.6604,6.8658,,1961040.1426,
002985.SZ,20260323,2.855,5.3274,,1123324.436,
002538.SZ,20260323,2.7911,4.1355,,577857.2516,
603053.SH,20260323,1.3056,6.8716,,872889.98,
603679.SH,20260323,4.9413,7.437,,234285.9694,
600619.SH,20260323,3.3885,5.1776,,1722717.7716,
300679.SZ,20260323,3.8237,5.1062,,1387886.94,
603757.SH,20260323,7.663,17.6266,,802153.2137,
603516.SH,20260323,3.8894,5.6226,,2719729.573,
600771.SH,20260323,1.7371,2.0476,,763606.18,
000962.SZ,20260323,4.7071,7.9969,,2175964.9951,
002920.SZ,20260323,1.299,2.5805,,6362583.8833,
605500.SH,20260323,1.815,7.6726,,352240.0,
688039.SH,20260323,2.6453,5.0266,,444507.1231,
300852.SZ,20260323,4.5424,9.791,,679004.528,
002652.SZ,20260323,9.0512,12.9295,,217115.136,
920662.BJ,20260323,6.9479,7.4368,,213446.9049,
600575.SH,20260323,2.9833,8.123,,2830882.9072,
000509.SZ,20260323,12.6673,21.3062,,438909.3733,
603081.SH,20260323,1.6093,2.757,,472354.0486,
601698.SH,20260323,1.2571,5.7147,,13218101.9541,
002847.SZ,20260323,1.0567,2.6133,,1545445.7509,
002025.SZ,20260323,9.6889,16.4576,,2853699.2408,
002915.SZ,20260323,2.4175,3.5375,,639701.5136,
000725.SZ,20260323,2.5148,2.8958,,14336154.9608,
600113.SH,20260323,1.0513,2.3064,,2219179.8215,
000543.SZ,20260323,2.6937,6.3612,,1820291.2548,
603089.SH,20260323,1.789,4.4605,,277718.4911,
601860.SH,20260323,3.1092,4.056,,966505.1859,
600131.SH,20260323,2.765,6.649,,2390718.3128,
920263.BJ,20260323,2.0515,3.2778,,145480.1829,
002799.SZ,20260323,3.1126,5.824,,251871.48,
603390.SH,20260323,1.9442,5.2921,,384003.9665,
688612.SH,20260323,2.0476,2.2965,,1143545.1313,
002628.SZ,20260323,5.0717,6.3913,,354322.9942,
301584.SZ,20260323,7.7692,7.7692,,1150117.6296,
301132.SZ,20260323,7.3519,14.5348,,548067.2075,
301314.SZ,20260323,10.3417,10.3417,,229232.25,
688662.SH,20260323,6.2981,9.6779,,457877.36,
002576.SZ,20260323,5.6178,7.9124,,290410.9,
600665.SH,20260323,1.7845,4.2003,,267877.9815,
300629.SZ,20260323,6.2987,7.0651,,558160.0013,
920690.BJ,20260323,1.7431,3.2736,,158324.4,
600568.SH,20260323,1.4216,2.3143,,540067.6836,
002601.SZ,20260323,2.2268,2.9314,,4053221.6952,
300382.SZ,20260323,2.6269,3.9888,,697029.9936,
600774.SH,20260323,2.1782,5.2288,,238976.2456,
301362.SZ,20260323,10.614,10.614,,941506.65,
600318.SH,20260323,4.9035,6.4182,,388647.5451,
603318.SH,20260323,9.7769,17.0921,,437637.169,
300110.SZ,20260323,2.9033,3.6302,,339295.1258,
301129.SZ,20260323,5.5343,9.8172,,319902.4796,
002171.SZ,20260323,2.8033,3.7156,,1695970.0762,
002775.SZ,20260323,3.1427,6.0154,,246235.8828,
001227.SZ,20260323,3.3158,3.7297,,1258749.0741,
301508.SZ,20260323,5.8525,5.8525,,628742.9412,
000750.SZ,20260323,1.2568,1.8151,,2401201.6034,
600737.SH,20260323,1.537,3.1195,,3146245.7434,
688390.SH,20260323,6.3306,9.4481,,2374474.7979,
300394.SZ,20260323,3.5354,6.3858,,23205086.9305,
920682.BJ,20260323,2.7876,4.0711,,262828.8,
688302.SH,20260323,1.481,1.9595,,361604.9639,
300564.SZ,20260323,4.2724,6.9116,,219549.9872,
601009.SH,20260323,0.5295,1.2111,,13439197.5953,
603300.SH,20260323,3.4733,4.5646,,1322356.6957,
002195.SZ,20260323,5.3539,5.9415,,4961735.359,
301295.SZ,20260323,9.3002,9.3002,,302400.0,
002573.SZ,20260323,1.6772,3.5248,,513741.9497,
002374.SZ,20260323,3.2337,3.9811,,336414.8777,
300792.SZ,20260323,3.8905,6.9655,,783332.6654,
688155.SH,20260323,2.5164,5.3308,,910339.2576,
603332.SH,20260323,5.7576,14.4093,,257885.8433,
301397.SZ,20260323,5.1895,5.1895,,420445.4875,
002645.SZ,20260323,6.7105,10.494,,938262.5382,
300527.SZ,20260323,1.622,3.6705,,779862.8753,
688716.SH,20260323,3.3039,3.3048,,380858.4,
000717.SZ,20260323,2.6696,5.6752,,584146.7872,
688793.SH,20260323,6.9325,12.6045,,204893.8789,
300908.SZ,20260323,1.2893,2.6408,,367774.0,
601089.SH,20260323,0.8788,3.2119,,1031520.0,
002168.SZ,20260323,1.6379,1.9988,,307392.0403,
300230.SZ,20260323,4.0659,4.5862,,364319.6216,
000782.SZ,20260323,6.0096,6.8582,,341231.01,
300600.SZ,20260323,2.2701,4.3783,,343371.6382,
002774.SZ,20260323,2.5525,6.3422,,333994.3968,
000972.SZ,20260323,2.4368,3.7861,,280747.2228,
000856.SZ,20260323,17.5828,25.1182,,279437.0,
603896.SH,20260323,1.805,3.0916,,358821.4789,
002430.SZ,20260323,3.2902,8.0512,,2864621.7037,
920152.BJ,20260323,2.7038,3.2974,,188167.473,
688376.SH,20260323,2.8611,6.6476,,801503.0201,
002971.SZ,20260323,3.5762,4.6623,,588678.9,
002863.SZ,20260323,3.7311,5.6333,,300940.7441,
688727.SH,20260323,6.6756,6.6756,,2069566.0776,
002743.SZ,20260323,4.2282,6.3371,,221116.3868,
601700.SH,20260323,2.7169,5.5134,,600125.0971,
603378.SH,20260323,3.2206,8.1448,,230156.3968,
002919.SZ,20260323,3.2661,5.5216,,507732.1557,
601319.SH,20260323,0.2441,2.9021,,34848504.5794,
600610.SH,20260323,5.0556,7.9849,,955576.9477,
002215.SZ,20260323,2.2549,2.6687,,968466.9928,
600694.SH,20260323,1.5672,2.5794,,556137.8922,
600121.SH,20260323,20.0034,41.5931,,661597.7366,
920367.BJ,20260323,4.3705,8.8288,,124786.6613,
000752.SZ,20260323,1.2664,1.5604,,264549.7665,
301272.SZ,20260323,5.0657,6.6552,,215346.9663,
603014.SH,20260323,4.327,4.327,,1499737.0969,
301606.SZ,20260323,3.0782,5.6986,,2842132.1711,
601162.SH,20260323,1.7875,2.3795,,3727374.5366,
603216.SH,20260323,2.1006,7.7951,,697019.7,
920808.BJ,20260323,1.363,4.7035,,1406600.007,
601881.SH,20260323,0.6762,2.3515,,14378738.9666,
002837.SZ,20260323,5.1445,7.5348,,9570247.4966,
600503.SH,20260323,2.1264,2.2893,,365322.12,
688008.SH,20260323,3.3452,3.606,,16719696.2873,
603181.SH,20260323,2.2452,3.9284,,847728.0,
688669.SH,20260323,1.7562,3.3751,,297145.335,
300242.SZ,20260323,4.4821,5.6959,,286184.406,
002366.SZ,20260323,6.0101,6.0101,,1539893.8536,
600031.SH,20260323,1.1918,1.7539,,17148683.275,
603033.SH,20260323,0.6752,1.7795,,983730.0305,
603499.SH,20260323,2.7547,6.8343,,657840.2039,
603201.SH,20260323,2.5275,7.9805,,311376.7644,
002541.SZ,20260323,1.506,2.165,,1367613.9754,
002478.SZ,20260323,6.1685,7.5446,,924225.1379,
300638.SZ,20260323,3.5909,4.3849,,2246366.0783,
600660.SH,20260323,1.0649,1.5033,,14397955.066,
002599.SZ,20260323,3.9769,4.5094,,357960.8169,
920006.BJ,20260323,3.2351,4.3971,,192943.7464,
002423.SZ,20260323,1.6362,4.3963,,2472305.282,
600855.SH,20260323,3.2434,5.84,,753416.7066,
600379.SH,20260323,2.7464,4.921,,358268.6969,
301175.SZ,20260323,7.068,7.068,,915509.36,
920985.BJ,20260323,9.0462,14.6998,,265530.5796,
600838.SH,20260323,3.4444,5.11,,389657.2855,
300300.SZ,20260323,14.3363,19.0158,,818221.3451,
002305.SZ,20260323,1.7646,2.9653,,343374.7225,
300769.SZ,20260323,9.8537,11.1957,,1248237.6737,
688768.SH,20260323,2.9148,4.4551,,381167.1047,
688349.SH,20260323,1.2573,4.866,,2988747.072,
920564.BJ,20260323,2.9072,4.6595,,204492.8102,
002833.SZ,20260323,2.1805,3.0559,,711013.1085,
600320.SH,20260323,2.3341,4.3,,2307538.8334,
688552.SH,20260323,15.844,15.844,,1447131.168,
603116.SH,20260323,1.5116,3.3909,,301353.0184,
000060.SZ,20260323,3.6942,5.2821,,2566997.6807,
688120.SH,20260323,1.9424,2.7025,,5742601.0299,
300873.SZ,20260323,3.4595,5.492,,494640.816,
300641.SZ,20260323,7.3229,16.8023,,1145687.6858,
300232.SZ,20260323,8.0117,8.8422,,759038.1114,
002367.SZ,20260323,1.6496,3.1304,,566399.2738,
300913.SZ,20260323,2.5168,7.6571,,1534973.8554,
603858.SH,20260323,1.065,2.4391,,1618762.5585,
002124.SZ,20260323,3.7728,3.9385,,506600.9137,
000582.SZ,20260323,2.3913,5.4384,,2577494.5075,
002422.SZ,20260323,1.3802,1.6618,,5236820.9,
300505.SZ,20260323,16.7542,18.2753,,844667.8982,
002053.SZ,20260323,2.6833,10.0833,,1144466.7238,
603237.SH,20260323,1.3862,3.297,,311768.7535,
688729.SH,20260323,3.1923,3.1923,,6422431.88,
300440.SZ,20260323,3.8077,5.8159,,577964.329,
301199.SZ,20260323,2.7595,3.2704,,398179.908,
300131.SZ,20260323,6.4606,6.4815,,1432394.5901,
600829.SH,20260323,1.4706,5.7963,,542775.7268,
001225.SZ,20260323,9.0785,10.733,,304765.6836,
301379.SZ,20260323,5.2042,5.2057,,473803.0262,
300343.SZ,20260323,2.0568,2.3417,,638174.564,
300683.SZ,20260323,8.367,13.933,,434962.0613,
301182.SZ,20260323,4.0955,8.4054,,474221.5933,
600530.SH,20260323,1.1722,2.6613,,387460.0,
603577.SH,20260323,3.7522,9.4282,,351687.2467,
920016.BJ,20260323,4.1385,4.6225,,124556.7611,
300022.SZ,20260323,5.1011,7.0467,,412196.4769,
603073.SH,20260323,7.6368,8.2353,,210772.0,
301013.SZ,20260323,6.0593,6.611,,481510.6954,
920964.BJ,20260323,1.5949,1.7537,,150455.808,
300354.SZ,20260323,3.192,3.9728,,471810.2056,
600455.SH,20260323,4.768,6.0053,,153646.68,
600525.SH,20260323,1.6051,2.3013,,675215.4378,
600380.SH,20260323,1.1578,2.2682,,1900802.0681,
603191.SH,20260323,6.0039,9.9943,,707114.2214,
300633.SZ,20260323,1.8085,2.2017,,1013845.1649,
002500.SZ,20260323,1.0848,2.0683,,1927707.3207,
002312.SZ,20260323,4.3509,7.8903,,2153876.2474,
688592.SH,20260323,6.4171,6.4171,,313394.0915,
920415.BJ,20260323,2.0841,2.8801,,171283.5027,
301320.SZ,20260323,6.7015,6.7015,,284481.63,
601330.SH,20260323,10.0096,31.8606,,1484946.6716,
603365.SH,20260323,0.8464,2.1012,,503467.9034,
603281.SH,20260323,1.1366,1.6502,,1126720.002,
300005.SZ,20260323,5.119,6.9105,,1028629.3445,
002938.SZ,20260323,1.0936,3.9965,,11388584.6416,
002659.SZ,20260323,3.4888,4.984,,296148.7901,
002883.SZ,20260323,4.6549,7.2979,,138823.7206,
300713.SZ,20260323,7.5319,10.5258,,241731.7936,
603610.SH,20260323,2.4823,5.7214,,559138.7277,
301512.SZ,20260323,5.1554,7.342,,223786.9464,
603173.SH,20260323,2.3825,7.6179,,615840.0,
000570.SZ,20260323,3.9652,6.7172,,366960.1036,
003021.SZ,20260323,2.9491,7.2308,,2615980.806,
688206.SH,20260323,1.2631,2.6802,,1280293.2435,
600259.SH,20260323,4.781,7.7682,,2620162.8671,
300647.SZ,20260323,4.1065,4.9859,,270276.7252,
300276.SZ,20260323,2.8158,3.3807,,949907.1472,
300122.SZ,20260323,1.7235,2.2408,,3540415.0358,
301387.SZ,20260323,7.1645,9.3545,,517403.6978,
002419.SZ,20260323,3.8994,7.8614,,607800.83,
300031.SZ,20260323,2.7721,2.873,,811112.3482,
600893.SH,20260323,1.5717,3.2038,,12469649.8454,
688029.SH,20260323,1.1274,1.9788,,1267970.0985,
301116.SZ,20260323,1.1926,4.667,,427877.5521,
300885.SZ,20260323,3.0085,5.6706,,515163.1368,
688199.SH,20260323,2.764,3.7954,,361149.0422,
603087.SH,20260323,1.7758,2.8912,,3356853.9258,
600579.SH,20260323,1.9618,5.3393,,365264.5617,
603559.SH,20260323,0.764,1.0859,,270460.6838,
002658.SZ,20260323,5.0337,6.7688,,548025.9165,
603867.SH,20260323,4.6042,6.0137,,605918.066,
688658.SH,20260323,2.6616,4.8083,,733500.0,
601279.SH,20260323,1.5077,7.1442,,640657.5379,
600908.SH,20260323,2.0772,2.7231,,1229021.7492,
001335.SZ,20260323,5.6438,5.6438,,381988.707,
301252.SZ,20260323,10.9194,10.9194,,559290.0792,
300180.SZ,20260323,2.2295,3.1151,,1054875.0328,
605339.SH,20260323,0.522,3.2605,,662317.6516,
601000.SH,20260323,0.7488,1.6668,,2500741.8751,
002262.SZ,20260323,1.5082,2.5538,,2138230.7572,
600138.SH,20260323,2.2115,2.8792,,645665.28,
300324.SZ,20260323,3.2791,3.5926,,836153.848,
920592.BJ,20260323,11.0668,17.0988,,305485.895,
603843.SH,20260323,5.5267,7.7617,,596078.9979,
601212.SH,20260323,2.5607,7.0481,,5546176.1087,
603211.SH,20260323,8.3266,30.0594,,673540.224,
300317.SZ,20260323,30.6494,37.4968,,498113.043,
300118.SZ,20260323,14.7106,15.9264,,2183126.5476,
603518.SH,20260323,2.2601,3.402,,283188.6269,
600691.SH,20260323,7.6308,15.3673,,836345.6471,
001269.SZ,20260323,3.2953,10.6521,,465251.2149,
000789.SZ,20260323,1.2801,2.5264,,421031.1151,
600435.SH,20260323,2.8069,4.5537,,2082516.6204,
002184.SZ,20260323,2.9627,3.3396,,382524.3982,
601988.SH,20260323,0.2055,3.5439,,173672489.9677,
920834.BJ,20260323,2.3488,4.4607,,140040.0058,
600236.SH,20260323,0.2649,2.019,,7212375.6888,
688667.SH,20260323,1.7725,3.8472,,452970.1484,
920978.BJ,20260323,3.2386,3.4551,,427747.64,
002745.SZ,20260323,4.3583,5.169,,1179912.2872,
603871.SH,20260323,1.0196,2.5152,,1922052.1645,
300363.SZ,20260323,2.2545,3.5253,,1031996.6922,
600620.SH,20260323,1.5654,3.9782,,403079.4653,
600056.SH,20260323,1.4446,3.058,,1464466.2733,
002431.SZ,20260323,3.2624,5.4181,,459613.2151,
301246.SZ,20260323,6.1999,6.8981,,782413.3008,
603699.SH,20260323,1.2147,3.2932,,3752369.2312,
002293.SZ,20260323,2.1172,4.0335,,777975.0348,
600098.SH,20260323,1.1288,4.2549,,2583822.491,
300654.SZ,20260323,4.6651,8.7376,,382234.3455,
300288.SZ,20260323,2.7398,3.1306,,407557.3308,
002437.SZ,20260323,3.5442,3.8092,,662270.8334,
002783.SZ,20260323,3.7259,4.6955,,432943.0799,
002732.SZ,20260323,2.1626,5.1502,,246567.45,
002752.SZ,20260323,1.8941,5.2475,,568566.5484,
603997.SH,20260323,0.9724,1.6781,,1522901.0422,
301526.SZ,20260323,6.4458,8.4365,,3865149.9992,
688776.SH,20260323,2.4325,5.7668,,907060.8336,
603023.SH,20260323,3.4658,6.6959,,250036.5983,
002327.SZ,20260323,2.8591,3.7216,,554080.3013,
688305.SH,20260323,1.7836,3.2143,,725138.8352,
001872.SZ,20260323,0.2732,3.0577,,5531916.5636,
000877.SZ,20260323,0.3358,1.7802,,3356152.0796,
600664.SH,20260323,1.6405,3.0712,,813478.6899,
603085.SH,20260323,1.9999,3.5568,,401865.2,
002978.SZ,20260323,1.8713,4.9608,,1482992.448,
688098.SH,20260323,0.7892,1.3929,,326051.336,
300432.SZ,20260323,9.5684,15.9361,,3805926.2987,
301221.SZ,20260323,3.8527,5.5239,,433564.9863,
002246.SZ,20260323,9.378,17.5511,,1307251.8445,
000952.SZ,20260323,3.5952,4.8234,,228161.7231,
603215.SH,20260323,1.9121,5.0399,,344305.2574,
301130.SZ,20260323,2.959,3.6308,,210742.8572,
920344.BJ,20260323,0.7393,1.9246,,227906.51,
002832.SZ,20260323,3.3279,4.1047,,928540.4257,
605499.SH,20260323,0.3581,1.063,,12394413.8902,
600630.SH,20260323,2.3303,3.3329,,317796.4746,
688646.SH,20260323,2.5144,2.5276,,428063.216,
600807.SH,20260323,4.3285,5.5082,,256544.072,
601328.SH,20260323,0.8671,0.9843,,58938644.0767,
688712.SH,20260323,9.671,9.671,,1494111.0,
600559.SH,20260323,1.6025,2.1449,,1230335.3122,
300420.SZ,20260323,3.5381,4.1625,,388501.4792,
300639.SZ,20260323,3.501,5.859,,386607.4031,
688382.SH,20260323,2.6002,3.5742,,969312.0709,
301258.SZ,20260323,1.8856,4.9591,,271343.2,
688100.SH,20260323,1.0886,3.7919,,1747940.7971,
600596.SH,20260323,2.2855,3.2704,,1446768.0365,
300961.SZ,20260323,11.64,14.7943,,220890.88,
603296.SH,20260323,1.9432,2.2282,,8468160.5519,
600519.SH,20260323,0.3774,0.8701,,176328412.1635,
002580.SZ,20260323,9.2529,12.0409,,629062.4243,
605258.SH,20260323,4.4827,10.9377,,271656.0,
000028.SZ,20260323,1.8268,5.2517,,1361914.7434,
301004.SZ,20260323,0.7295,2.4882,,676103.5256,
688268.SH,20260323,13.9273,30.4681,,1104326.6575,
600742.SH,20260323,3.2279,5.6566,,711849.449,
300642.SZ,20260323,3.2451,3.8038,,249505.1029,
688591.SH,20260323,3.3966,3.3977,,815639.1,
600399.SH,20260323,3.7751,5.4714,,1124097.0,
600015.SH,20260323,0.6871,2.074,,11044960.3568,
920274.BJ,20260323,1.9432,6.3196,,163073.3347,
688289.SH,20260323,0.9614,1.8309,,1044636.5748,
300823.SZ,20260323,6.6452,8.9006,,193199.5223,
600586.SH,20260323,6.425,9.4888,,846150.6069,
301592.SZ,20260323,3.6317,3.6317,,742000.0,
300545.SZ,20260323,9.6865,11.2743,,549522.0571,
920593.BJ,20260323,2.0771,4.0254,,482421.6337,
603980.SH,20260323,5.3227,8.2144,,414898.8497,
002342.SZ,20260323,10.1869,14.0851,,1100160.0,
000830.SZ,20260323,3.0749,6.0209,,2934555.596,
003030.SZ,20260323,4.8059,7.2705,,231092.56,
000156.SZ,20260323,2.0384,3.8882,,1304464.4392,
688657.SH,20260323,2.2882,2.6678,,281252.8384,
300098.SZ,20260323,3.4204,3.6049,,875842.2666,
002181.SZ,20260323,4.483,13.7442,,1219111.0827,
000927.SZ,20260323,2.1813,6.9612,,1603343.7149,
603657.SH,20260323,1.7657,5.4219,,325402.4504,
603612.SH,20260323,4.795,6.4626,,1263192.908,
603779.SH,20260323,3.3419,5.0084,,190283.418,
300576.SZ,20260323,3.3759,3.964,,1227331.3662,
600697.SH,20260323,4.3369,5.7926,,179133.1725,
300179.SZ,20260323,10.7898,13.8502,,994762.6086,
301207.SZ,20260323,1.2359,5.2407,,1077041.28,
002629.SZ,20260323,8.7682,10.8553,,273128.818,
688557.SH,20260323,1.9447,3.5861,,309476.435,
920504.BJ,20260323,4.0841,5.0412,,89266.186,
301536.SZ,20260323,5.5477,5.9429,,2948211.1869,
300977.SZ,20260323,3.3317,8.1383,,264113.3713,
300185.SZ,20260323,14.5717,17.7537,,1488710.7866,
002746.SZ,20260323,3.5955,5.5435,,491367.6131,
301003.SZ,20260323,3.7106,7.0325,,455846.6848,
600066.SH,20260323,1.3763,2.3589,,6953983.0994,
301068.SZ,20260323,3.6237,5.5033,,443024.8512,
300870.SZ,20260323,3.7487,8.0266,,2578575.0617,
920082.BJ,20260323,4.265,4.2829,,213381.14,
600782.SH,20260323,3.0598,5.7411,,1123959.8186,
301018.SZ,20260323,4.9085,9.347,,2318648.0953,
300259.SZ,20260323,2.6015,4.681,,524071.0792,
603676.SH,20260323,0.7877,3.3184,,422976.978,
605303.SH,20260323,3.7479,8.8978,,273136.1692,
301413.SZ,20260323,5.6776,5.6776,,1081437.8152,
688539.SH,20260323,3.0752,3.8823,,637705.6,
688479.SH,20260323,6.2547,7.9505,,445074.8616,
000552.SZ,20260323,4.9854,8.7819,,1461044.3036,
688719.SH,20260323,5.9089,5.9089,,438003.0467,
002709.SZ,20260323,7.0454,8.2987,,8804716.6801,
920857.BJ,20260323,0.9813,3.2746,,180429.4366,
000068.SZ,20260323,1.8004,3.1612,,317101.5112,
301135.SZ,20260323,4.1618,5.7427,,268133.76,
603026.SH,20260323,13.0043,19.1229,,1758288.8618,
002079.SZ,20260323,4.0983,5.3317,,780617.0602,
688335.SH,20260323,2.3051,4.3213,,486441.6693,
002558.SZ,20260323,2.6627,4.436,,5905046.0439,
603205.SH,20260323,2.9562,2.9562,,385008.0,
600458.SH,20260323,2.2726,4.1071,,1197879.7802,
002584.SZ,20260323,3.8724,4.0037,,435401.018,
002318.SZ,20260323,1.1166,1.7879,,2865064.551,
000823.SZ,20260323,6.5482,9.4205,,723341.0245,
920429.BJ,20260323,2.0601,4.0446,,153010.5,
000551.SZ,20260323,2.6101,4.0523,,610278.9049,
300190.SZ,20260323,4.3315,6.1216,,376998.6334,
301458.SZ,20260323,7.0181,8.086,,856266.7737,
600678.SH,20260323,4.2083,5.2937,,351083.94,
300973.SZ,20260323,3.8658,5.0209,,536132.0895,
603908.SH,20260323,3.0368,7.7064,,194635.4049,
300287.SZ,20260323,2.4236,2.4774,,592768.0827,
603169.SH,20260323,5.2108,9.6657,,1342867.9683,
920523.BJ,20260323,1.9291,2.5044,,224787.7378,
002199.SZ,20260323,1.4578,2.3082,,169435.8846,
002758.SZ,20260323,2.9668,5.1978,,490268.3616,
688307.SH,20260323,12.7902,19.2697,,541521.4,
603341.SH,20260323,3.2742,3.5871,,1932540.2015,
300784.SZ,20260323,6.4054,6.4054,,255599.892,
688553.SH,20260323,1.6538,2.2861,,643872.0,
300109.SZ,20260323,2.5432,2.6943,,786914.9581,
000070.SZ,20260323,7.6384,12.2739,,1224468.8736,
300566.SZ,20260323,5.4461,6.0321,,461828.3457,
600227.SH,20260323,25.1887,30.4919,,653537.6141,
688177.SH,20260323,0.9473,3.2496,,850934.4,
601186.SH,20260323,1.1491,2.9072,,9369883.635,
600506.SH,20260323,4.6685,7.9734,,387302.1899,
600892.SH,20260323,1.5488,2.3772,,194693.5374,
002290.SZ,20260323,3.5408,6.3165,,1360648.0177,
600787.SH,20260323,2.0468,3.9648,,1139291.7806,
600985.SH,20260323,1.6782,4.3529,,3800188.0384,
002581.SZ,20260323,1.4384,1.6625,,478968.0354,
002803.SZ,20260323,3.9004,4.3234,,737763.8617,
603077.SH,20260323,3.5116,5.2292,,2358020.4399,
000919.SZ,20260323,2.392,4.1042,,409848.264,
603629.SH,20260323,13.3103,24.4316,,1509996.9,
300581.SZ,20260323,2.164,4.1481,,678835.1798,
603733.SH,20260323,1.2213,5.9966,,1593794.6462,
688660.SH,20260323,1.6856,4.3221,,1693333.418,
920021.BJ,20260323,6.3118,7.6291,,266357.9853,
301299.SZ,20260323,5.3654,8.4967,,374359.472,
301386.SZ,20260323,8.2938,8.2938,,331520.0,
301587.SZ,20260323,6.1761,6.8013,,330014.8096,
688221.SH,20260323,2.7043,4.5894,,662629.6372,
603931.SH,20260323,1.9138,5.1587,,519250.9048,
688567.SH,20260323,1.4867,2.5463,,1629064.4787,
688530.SH,20260323,10.7597,10.7597,,420277.7078,
301363.SZ,20260323,2.7032,6.4585,,1373823.8997,
920533.BJ,20260323,2.8119,4.0001,,294857.7746,
600301.SH,20260323,4.8113,6.6207,,2884507.7042,
600170.SH,20260323,3.0605,5.5546,,2372545.9116,
603589.SH,20260323,1.0427,1.7079,,1458215.2727,
002442.SZ,20260323,3.8451,6.1788,,280332.2838,
688169.SH,20260323,1.9582,2.4783,,3164206.966,
600149.SH,20260323,12.4534,19.2486,,241781.76,
300478.SZ,20260323,2.8485,3.9551,,273487.007,
002209.SZ,20260323,3.9356,4.6279,,273266.8857,
601019.SH,20260323,0.5913,2.8873,,1740474.6,
300237.SZ,20260323,2.4557,3.367,,330198.519,
002212.SZ,20260323,3.4527,3.4527,,865719.1472,
002347.SZ,20260323,4.6677,6.6673,,404266.5231,
688322.SH,20260323,3.5471,5.5802,,2996547.4728,
688225.SH,20260323,1.1814,2.2599,,674016.85,
300692.SZ,20260323,3.6675,4.4903,,363181.1409,
300768.SZ,20260323,1.8483,3.6336,,989565.2329,
600865.SH,20260323,2.043,5.3764,,400695.9365,
601898.SH,20260323,0.7612,4.5307,,24488751.2998,
301075.SZ,20260323,1.893,5.527,,589920.0,
603170.SH,20260323,1.0658,3.1457,,491612.29,
688010.SH,20260323,1.907,3.9195,,425809.3049,
688119.SH,20260323,2.1642,5.013,,546750.0,
301505.SZ,20260323,4.4676,4.4676,,243786.3808,
301323.SZ,20260323,2.5802,5.2901,,494155.0692,
600502.SH,20260323,2.4171,3.6699,,769007.2042,
301580.SZ,20260323,7.0301,7.9677,,715687.4305,
600016.SH,20260323,1.004,1.4644,,16287059.6827,
601619.SH,20260323,3.2353,6.0153,,1581633.6077,
300162.SZ,20260323,10.5277,12.3151,,365812.7462,
301079.SZ,20260323,7.6927,8.9374,,375925.1395,
601595.SH,20260323,1.7562,5.7049,,1012483.8,
600398.SH,20260323,1.3117,3.2655,,2790409.542,
920885.BJ,20260323,3.7902,5.6612,,308842.3792,
000883.SZ,20260323,1.081,3.6462,,3405185.45,
600408.SH,20260323,18.5168,27.058,,438964.8,
688096.SH,20260323,6.3913,7.8132,,200637.7434,
603269.SH,20260323,5.4718,7.3588,,422989.9222,
301251.SZ,20260323,11.7446,11.7446,,744154.6973,
600055.SH,20260323,1.0284,1.8855,,973036.5043,
001322.SZ,20260323,1.1803,5.5988,,697324.4942,
002669.SZ,20260323,5.6557,7.9522,,355888.2,
002510.SZ,20260323,3.9104,4.6608,,680142.9344,
002041.SZ,20260323,3.7213,9.4351,,908160.0,
002370.SZ,20260323,3.0942,3.6237,,433978.5025,
603339.SH,20260323,1.7602,3.1525,,366378.3512,
603508.SH,20260323,1.5938,3.7178,,910101.9379,
000878.SZ,20260323,3.7008,5.5902,,4309552.0391,
920768.BJ,20260323,1.5668,2.0749,,115408.8,
000888.SZ,20260323,5.1461,8.5197,,641780.1582,
600725.SH,20260323,3.3032,4.7349,,520102.34,
002616.SZ,20260323,6.0574,9.2634,,518966.6863,
002875.SZ,20260323,4.1545,5.3716,,383217.3527,
300034.SZ,20260323,3.2752,5.5324,,1411418.9281,
688636.SH,20260323,2.8217,4.7921,,690408.4239,
000620.SZ,20260323,4.4719,7.9292,,1679339.1014,
300130.SZ,20260323,3.0844,3.5798,,1264509.7452,
600851.SH,20260323,2.3966,5.0935,,863045.5348,
920239.BJ,20260323,1.5714,4.1295,,524373.7075,
301236.SZ,20260323,2.6957,3.4122,,3986513.9173,
600726.SH,20260323,6.7515,48.2151,,4206702.8637,
600933.SH,20260323,1.6038,3.266,,1696628.3428,
000632.SZ,20260323,5.4737,6.9706,,205294.1304,
001386.SZ,20260323,5.9188,5.9188,,2387450.16,
000504.SZ,20260323,1.2695,2.1385,,318472.2896,
002001.SZ,20260323,2.5416,5.1664,,10640185.8562,
688131.SH,20260323,2.6172,3.8544,,1291076.7315,
300905.SZ,20260323,4.4008,7.0797,,530602.5229,
605366.SH,20260323,6.2977,11.9499,,670977.3637,
688558.SH,20260323,1.5848,4.8908,,347952.0,
603007.SH,20260323,3.5063,3.5063,,563519.5663,
300189.SZ,20260323,13.3001,14.0268,,713728.0,
002266.SZ,20260323,1.9309,3.6774,,2150339.8176,
300623.SZ,20260323,2.0398,3.2713,,2251608.2608,
603062.SH,20260323,6.1158,7.007,,496584.0,
300585.SZ,20260323,3.3446,5.6059,,244175.5554,
601717.SH,20260323,1.6833,2.6898,,3761837.6525,
603030.SH,20260323,2.7252,3.5895,,305528.5766,
300735.SZ,20260323,1.8506,3.6432,,1576364.2552,
603202.SH,20260323,3.3816,3.3816,,1467360.0,
600699.SH,20260323,2.2617,3.6503,,3576076.9183,
600538.SH,20260323,3.1827,3.5333,,313994.8105,
301318.SZ,20260323,2.4536,5.1272,,345012.1568,
300474.SZ,20260323,2.6605,3.2633,,3124217.7151,
301501.SZ,20260323,2.4621,2.4621,,524157.6,
300473.SZ,20260323,4.8842,6.3084,,534908.0625,
600727.SH,20260323,4.1247,6.2721,,361022.2812,
002871.SZ,20260323,3.3214,4.5998,,406743.9597,
301373.SZ,20260323,17.2483,18.2795,,703007.6218,
600846.SH,20260323,0.9797,2.2294,,735969.0658,
600928.SH,20260323,1.3877,5.1975,,1528888.8891,
920974.BJ,20260323,3.2706,3.7634,,121212.0,
002902.SZ,20260323,36.4338,41.9261,,535585.6523,
301019.SZ,20260323,2.7159,3.4987,,319864.0151,
300640.SZ,20260323,6.6847,7.8046,,204944.6684,
002460.SZ,20260323,5.9208,6.6327,,14169460.7822,
920748.BJ,20260323,2.9886,7.7095,,267822.6,
688139.SH,20260323,1.5291,2.8823,,952643.6952,
002521.SZ,20260323,3.1259,3.6641,,434047.3138,
603358.SH,20260323,1.4409,3.7151,,1893064.5963,
300731.SZ,20260323,9.3486,11.7035,,807277.7505,
000910.SZ,20260323,1.3936,2.6028,,373325.095,
002933.SZ,20260323,3.1995,5.1528,,358034.85,
600867.SH,20260323,2.271,3.8858,,1588378.2343,
600389.SH,20260323,3.1202,4.3924,,1227352.5,
002172.SZ,20260323,3.886,5.6118,,277195.1143,
300985.SZ,20260323,3.6774,13.2953,,373397.985,
600495.SH,20260323,1.9608,2.8591,,496566.4541,
301263.SZ,20260323,1.8116,2.2586,,1059914.2725,
301103.SZ,20260323,1.7854,2.5055,,293139.1037,
300201.SZ,20260323,5.7865,7.6966,,1058486.7437,
605218.SH,20260323,2.4773,7.569,,406714.6577,
002245.SZ,20260323,7.7724,8.9972,,1993784.6079,
000703.SZ,20260323,1.7565,5.2859,,4265504.1177,
688005.SH,20260323,3.9404,5.3902,,2133455.528,
920039.BJ,20260323,0.7948,2.4256,,142591.14,
601398.SH,20260323,0.1863,1.6104,,258394536.3895,
002031.SZ,20260323,3.3844,3.665,,1396616.2505,
920261.BJ,20260323,1.6402,2.4489,,400889.794,
300341.SZ,20260323,1.5927,4.1977,,717648.136,
605123.SH,20260323,2.9876,6.8666,,1120830.751,
600717.SH,20260323,1.4587,3.4098,,1267572.4546,
301262.SZ,20260323,5.4286,7.554,,930744.0,
605068.SH,20260323,1.457,4.3153,,413606.1623,
688033.SH,20260323,3.7431,5.0069,,462689.4445,
301667.SZ,20260323,55.7437,55.7437,,1162257.1968,
603280.SH,20260323,9.8894,9.8894,,354272.9878,
600481.SH,20260323,10.3778,17.657,,1484132.3558,
002845.SZ,20260323,9.3196,11.0134,,426799.8716,
002615.SZ,20260323,6.4446,8.203,,338976.6412,
300850.SZ,20260323,7.5796,8.1527,,1974361.2613,
300082.SZ,20260323,3.3017,7.0291,,612768.4782,
002708.SZ,20260323,2.6509,3.7754,,638543.2905,
600733.SH,20260323,1.8212,2.7801,,4539780.7749,
600119.SH,20260323,2.0086,3.7082,,201263.9739,
301321.SZ,20260323,4.3588,6.8673,,335583.0,
688002.SH,20260323,1.7594,2.2823,,4485162.0055,
000860.SZ,20260323,1.4084,2.2848,,953912.3479,
300257.SZ,20260323,2.006,4.9612,,2960038.7186,
301628.SZ,20260323,7.6678,8.9738,,727451.8458,
600517.SH,20260323,0.9073,4.4475,,3654080.4404,
000572.SZ,20260323,15.927,24.3175,,1026253.1298,
001256.SZ,20260323,9.0127,71.0909,,344409.3276,
300493.SZ,20260323,4.5237,5.9414,,768781.5705,
002127.SZ,20260323,1.9183,2.1569,,652995.5272,
603333.SH,20260323,2.6594,4.863,,454958.193,
600821.SH,20260323,28.8911,38.1792,,2009247.0337,
600653.SH,20260323,1.8828,2.5618,,328938.2736,
002344.SZ,20260323,1.6704,3.5539,,533568.6554,
301162.SZ,20260323,3.3675,3.8522,,921191.7144,
920077.BJ,20260323,4.1612,5.5417,,1001409.8162,
300283.SZ,20260323,7.0806,8.2453,,348878.7118,
688156.SH,20260323,3.7685,5.2123,,189946.9001,
001369.SZ,20260323,24.844,24.844,,1904020.0,
002105.SZ,20260323,4.3941,8.7198,,221942.6217,
601728.SH,20260323,0.3112,1.6825,,52982633.3067,
002461.SZ,20260323,1.0142,6.3945,,1991995.632,
300501.SZ,20260323,11.7912,15.5013,,307144.9742,
002253.SZ,20260323,3.4021,4.1931,,240291.7912,
002360.SZ,20260323,10.8542,11.5606,,239859.2261,
300949.SZ,20260323,4.8255,9.7338,,227820.0,
301046.SZ,20260323,5.5755,9.6124,,397937.3708,
603988.SH,20260323,3.0006,6.3535,,542606.4,
688578.SH,20260323,1.2987,2.525,,3960000.0,
000998.SZ,20260323,3.6338,4.3984,,1420956.275,
300135.SZ,20260323,4.6031,6.9437,,357580.8,
600410.SH,20260323,13.2024,13.2024,,2673254.0372,
600654.SH,20260323,3.0628,4.7401,,912185.5154,
601566.SH,20260323,1.4751,5.1631,,578659.6101,
688023.SH,20260323,5.7614,7.6901,,485919.1027,
603496.SH,20260323,5.2397,7.0902,,865525.5838,
300177.SZ,20260323,2.4172,2.6152,,608730.296,
603966.SH,20260323,2.9381,4.5872,,440531.4395,
002739.SZ,20260323,2.5619,3.6608,,2001966.2152,
300572.SZ,20260323,4.2364,4.6057,,544993.3726,
002125.SZ,20260323,4.3338,7.5014,,813297.0012,
003017.SZ,20260323,5.82,7.0306,,245532.0,
600748.SH,20260323,1.158,2.7486,,848498.9303,
000965.SZ,20260323,2.8192,5.8066,,388440.8133,
603275.SH,20260323,3.7211,3.7211,,615320.3757,
300838.SZ,20260323,5.5475,8.59,,195100.892,
600323.SH,20260323,1.1039,2.0374,,2346569.0862,
002088.SZ,20260323,1.4993,4.2246,,493623.9277,
600103.SH,20260323,4.3021,5.9213,,741713.6533,
920663.BJ,20260323,1.424,2.2162,,182566.2812,
600192.SH,20260323,2.522,4.1704,,363116.856,
300815.SZ,20260323,1.9328,3.4403,,790009.344,
600363.SH,20260323,3.0337,3.7921,,2174184.1059,
600743.SH,20260323,1.8332,4.0238,,422298.1573,
688339.SH,20260323,3.9722,4.8807,,622256.4935,
002561.SZ,20260323,1.8646,2.9355,,318890.221,
002590.SZ,20260323,2.9834,5.6771,,623901.0774,
688275.SH,20260323,9.9132,11.4008,,1438759.4259,
000513.SZ,20260323,1.8727,3.2248,,2903456.4492,
603136.SH,20260323,3.4436,6.431,,286334.3126,
688117.SH,20260323,1.9346,2.9023,,507255.0071,
600938.SH,20260323,3.4358,4.4136,,200101106.2726,
300496.SZ,20260323,3.9445,4.3014,,2783057.7098,
300296.SZ,20260323,9.2649,9.89,,2063814.6659,
601567.SH,20260323,2.0454,4.3014,,3868541.4782,
605336.SH,20260323,3.2517,10.1755,,264664.1654,
002445.SZ,20260323,14.0337,22.3022,,881721.394,
002397.SZ,20260323,3.1232,4.7475,,269201.3195,
688496.SH,20260323,5.8088,12.3851,,263250.0,
300083.SZ,20260323,2.568,2.7153,,1222009.1403,
300854.SZ,20260323,11.3438,18.0724,,226555.65,
600560.SH,20260323,2.0542,3.7436,,310419.954,
301180.SZ,20260323,10.0359,22.9777,,863221.58,
000903.SZ,20260323,2.2133,3.3463,,470167.1916,
301235.SZ,20260323,10.6908,14.4317,,483271.2698,
002547.SZ,20260323,2.7095,3.7001,,359850.2366,
601965.SH,20260323,1.2405,3.3152,,1683126.1004,
603729.SH,20260323,5.1356,7.3186,,148967.448,
000995.SZ,20260323,11.1375,16.4655,,244290.816,
002357.SZ,20260323,5.5536,7.9226,,418194.374,
603701.SH,20260323,3.9229,7.7165,,574473.4584,
300864.SZ,20260323,1.6742,5.9072,,308715.3853,
600403.SH,20260323,1.5412,9.9414,,1467958.8148,
601966.SH,20260323,1.2175,2.6776,,2024024.2106,
603444.SH,20260323,2.1298,3.6066,,2560340.7295,
000035.SZ,20260323,3.4959,5.6464,,1619086.2174,
600197.SH,20260323,1.1332,1.9989,,554560.7683,
603580.SH,20260323,0.5715,1.7517,,225672.6164,
600516.SH,20260323,2.5746,4.1744,,2286751.169,
300436.SZ,20260323,5.238,8.3158,,1506665.82,
603557.SH,20260323,3.4185,5.0831,,249998.1921,
603861.SH,20260323,3.8725,8.5087,,816737.74,
920471.BJ,20260323,3.7178,6.1955,,105497.6,
601222.SH,20260323,2.5844,4.2624,,1287605.7225,
301596.SZ,20260323,3.1744,3.773,,482283.125,
600261.SH,20260323,3.8126,7.1471,,453918.0084,
688182.SH,20260323,1.8996,6.4152,,1030400.0,
000629.SZ,20260323,1.9126,4.2931,,3000976.1539,
002545.SZ,20260323,2.2474,4.9847,,2677221.6026,
688629.SH,20260323,13.3557,13.3557,,5024821.8579,
002992.SZ,20260323,2.6047,4.7536,,873595.5071,
000422.SZ,20260323,13.6022,20.4969,,1855463.5425,
300466.SZ,20260323,2.3159,3.8058,,443418.7638,
600173.SH,20260323,3.5305,8.8146,,523978.6705,
688484.SH,20260323,2.1344,2.1344,,1493399.7896,
300892.SZ,20260323,3.2521,5.4355,,255800.0,
603321.SH,20260323,2.9367,6.5851,,234453.7232,
600303.SH,20260323,4.844,5.7632,,200296.0338,
301525.SZ,20260323,4.2211,4.734,,669613.5528,
000410.SZ,20260323,1.5355,2.195,,1698055.7988,
300234.SZ,20260323,6.1128,7.2083,,296870.9431,
603400.SH,20260323,10.0812,10.0812,,630600.0,
300599.SZ,20260323,5.5818,6.3786,,312290.7264,
000554.SZ,20260323,10.953,10.953,,405789.5604,
002038.SZ,20260323,2.8226,3.7924,,565042.5,
000158.SZ,20260323,2.9327,4.4574,,2704859.4919,
002122.SZ,20260323,1.6965,2.545,,550412.6581,
300223.SZ,20260323,6.4536,7.7845,,5356202.0253,
301183.SZ,20260323,9.5559,12.0319,,1086395.8405,
600177.SH,20260323,1.3034,3.0604,,3523062.7293,
002160.SZ,20260323,3.7363,6.3437,,460620.4005,
301439.SZ,20260323,4.4378,7.1271,,593380.2587,
002817.SZ,20260323,5.1785,8.6496,,213256.9952,
603876.SH,20260323,4.5266,8.2576,,1832514.944,
603611.SH,20260323,2.3796,3.6903,,523960.0089,
688053.SH,20260323,1.4691,3.3949,,350000.0,
601229.SH,20260323,0.3604,0.5571,,13711694.7176,
603160.SH,20260323,1.3481,2.424,,3086108.3056,
301217.SZ,20260323,3.7598,13.6102,,2891606.2175,
300419.SZ,20260323,3.2823,3.8617,,261472.9305,
301073.SZ,20260323,4.0538,9.9774,,488072.1255,
603991.SH,20260323,4.0488,5.5464,,1449215.1479,
000803.SZ,20260323,4.434,6.4385,,384694.3262,
600792.SH,20260323,7.1078,21.7965,,546082.4112,
603382.SH,20260323,4.3353,4.3353,,487203.6772,
300176.SZ,20260323,4.7792,6.3806,,259865.4168,
000016.SZ,20260323,2.4077,3.584,,724791.5678,
300339.SZ,20260323,3.429,3.6228,,3127505.3726,
600287.SH,20260323,2.0432,4.3822,,228007.5506,
688387.SH,20260323,3.7583,6.6903,,4823856.25,
600151.SH,20260323,3.0445,4.8888,,1791381.1065,
000536.SZ,20260323,2.3017,3.9674,,1197692.2037,
688269.SH,20260323,2.1047,2.833,,483474.096,
002885.SZ,20260323,6.7474,9.734,,639905.8784,
001388.SZ,20260323,12.0977,12.0977,,642876.0,
002289.SZ,20260323,0.4626,0.7713,,697551.5414,
600901.SH,20260323,0.8268,2.0907,,3695210.783,
002353.SZ,20260323,2.806,3.3741,,9603767.7135,
300435.SZ,20260323,4.5253,6.8362,,981253.872,
300084.SZ,20260323,9.0292,9.7482,,511948.6283,
002365.SZ,20260323,4.4665,4.9451,,376604.235,
300653.SZ,20260323,1.5666,2.7796,,324900.0,
002206.SZ,20260323,3.735,4.2467,,674080.1876,
603045.SH,20260323,4.643,6.4723,,388863.04,
002363.SZ,20260323,2.9327,5.0807,,313922.1617,
688535.SH,20260323,7.8389,7.8443,,1094467.2679,
600640.SH,20260323,1.3545,4.4237,,904706.2838,
002695.SZ,20260323,1.875,5.1286,,549513.2566,
301315.SZ,20260323,5.2719,5.2719,,417648.0,
000628.SZ,20260323,4.2939,4.9932,,1694466.8,
003029.SZ,20260323,2.8957,4.5814,,401374.7306,
300571.SZ,20260323,10.9231,13.9502,,436723.5602,
000338.SZ,20260323,2.3017,2.3375,,19637743.0544,
688512.SH,20260323,5.7629,5.7629,,513527.9028,
002735.SZ,20260323,6.5603,7.5372,,526857.1116,
603096.SH,20260323,1.9867,4.9448,,254795.5988,
688596.SH,20260323,2.6636,3.2196,,826508.4275,
301491.SZ,20260323,6.0061,6.0061,,643065.0,
300616.SZ,20260323,3.3906,3.9035,,261785.6327,
300561.SZ,20260323,4.3273,7.3344,,380605.251,
688227.SH,20260323,2.3299,4.0013,,645545.6203,
002826.SZ,20260323,4.8245,6.4462,,344745.372,
002027.SZ,20260323,1.0474,1.5541,,9228565.6249,
688092.SH,20260323,2.5715,5.4649,,221456.1595,
002121.SZ,20260323,4.3813,5.7959,,1395086.0179,
002282.SZ,20260323,2.7681,4.0754,,348766.9864,
001223.SZ,20260323,1.0527,4.2083,,438567.696,
300460.SZ,20260323,3.9546,4.925,,229697.8773,
000638.SZ,20260323,2.7038,3.8241,,46085.2095,
002069.SZ,20260323,3.2053,5.545,,237511.4728,
300099.SZ,20260323,6.9065,8.3375,,625938.2015,
301051.SZ,20260323,2.7356,3.8563,,407508.2162,
603109.SH,20260323,1.1994,2.999,,458630.9986,
002873.SZ,20260323,4.3613,6.1146,,218228.8026,
688190.SH,20260323,1.3318,3.6732,,1114080.0,
920139.BJ,20260323,1.9046,3.3941,,462744.1921,
002310.SZ,20260323,20.291,31.891,,2297740.3708,
300415.SZ,20260323,2.5218,3.619,,1095029.5903,
002569.SZ,20260323,6.2727,7.4008,,205502.27,
600279.SH,20260323,0.9726,2.8145,,576817.0135,
002682.SZ,20260323,6.1049,8.6111,,311552.2011,
600802.SH,20260323,2.401,3.4741,,249287.1296,
300805.SZ,20260323,2.8601,4.0429,,443117.6067,
300520.SZ,20260323,6.2607,7.9523,,1032621.6796,
002330.SZ,20260323,3.7847,6.4127,,279538.7276,
688577.SH,20260323,1.2386,3.1705,,660111.3524,
301151.SZ,20260323,1.519,4.6016,,289673.0274,
603599.SH,20260323,2.1996,3.7686,,1197914.458,
000547.SZ,20260323,10.3146,13.129,,4202373.0792,
002453.SZ,20260323,3.2507,4.2605,,426492.7412,
002493.SZ,20260323,0.9748,3.5196,,11278080.3048,
002810.SZ,20260323,5.6201,8.8911,,708558.7944,
601010.SH,20260323,1.7958,2.5464,,391776.0,
301126.SZ,20260323,4.6845,6.0721,,214030.1344,
688581.SH,20260323,1.1144,1.5681,,425728.6706,
688019.SH,20260323,2.0293,2.9284,,3699271.5277,
300125.SZ,20260323,2.1495,2.6676,,522026.3898,
002524.SZ,20260323,4.3614,5.8374,,208709.2875,
603099.SH,20260323,1.9849,4.8948,,955969.0686,
600333.SH,20260323,3.1573,7.6541,,322786.2625,
002594.SZ,20260323,5.1113,7.2541,,98128397.3921,
002950.SZ,20260323,4.2969,8.1637,,720656.0332,
300418.SZ,20260323,6.2573,9.5347,,6267997.2663,
002048.SZ,20260323,2.6496,4.2733,,2037838.1375,
300438.SZ,20260323,13.3589,15.7803,,3010496.6362,
601636.SH,20260323,2.6277,4.179,,1736729.7383,
002715.SZ,20260323,4.9928,7.735,,192234.0,
002858.SZ,20260323,5.2906,6.188,,221619.621,
600900.SH,20260323,0.7182,1.5179,,65428014.1726,
301017.SZ,20260323,2.5247,4.6218,,531750.0651,
600073.SH,20260323,1.5712,2.5256,,531692.6106,
603916.SH,20260323,2.6414,5.0607,,426721.6684,
688328.SH,20260323,11.8186,18.1446,,329652.4696,
002579.SZ,20260323,9.7507,13.6661,,698997.8454,
605088.SH,20260323,1.9725,3.3904,,665955.0841,
002568.SZ,20260323,0.9902,1.4239,,1765552.1732,
001300.SZ,20260323,1.9741,6.6685,,388091.2551,
300462.SZ,20260323,4.5687,5.058,,238125.6265,
603536.SH,20260323,2.8332,6.387,,221778.4137,
600235.SH,20260323,3.3362,5.2368,,214644.3,
300820.SZ,20260323,3.4463,5.133,,1010362.1744,
003000.SZ,20260323,1.5007,2.0208,,441876.2758,
920402.BJ,20260323,2.4392,4.9126,,370990.7989,
001236.SZ,20260323,3.1907,8.8279,,972505.5558,
688653.SH,20260323,2.91,2.91,,512771.84,
002179.SZ,20260323,1.3395,2.4968,,6898578.9937,
603767.SH,20260323,1.5291,4.5065,,544117.3345,
300940.SZ,20260323,3.5405,4.4679,,477126.8892,
601778.SH,20260323,9.8593,12.9554,,1921198.3438,
688317.SH,20260323,1.338,2.4131,,354531.5082,
600378.SH,20260323,0.9187,2.0427,,3853228.8649,
603697.SH,20260323,1.5413,4.7078,,437529.0163,
301270.SZ,20260323,6.6655,8.1797,,302700.0,
601900.SH,20260323,1.6702,4.4614,,1122747.9297,
600906.SH,20260323,1.8347,2.953,,2018390.0,
000058.SZ,20260323,1.0675,3.6427,,961567.7248,
600522.SH,20260323,2.9157,3.7711,,8566503.6265,
603185.SH,20260323,4.5424,8.2653,,1676270.4721,
300725.SZ,20260323,3.9773,4.1914,,773902.2987,
600753.SH,20260323,1.3869,2.375,,268077.5517,
002972.SZ,20260323,3.5457,4.8005,,262491.3896,
300670.SZ,20260323,7.0986,9.2312,,192053.8103,
000926.SZ,20260323,2.7365,3.4719,,315407.0253,
688651.SH,20260323,5.5267,5.5267,,291341.736,
603900.SH,20260323,3.3942,6.49,,241103.5795,
688697.SH,20260323,0.9126,2.3224,,644382.7324,
920026.BJ,20260323,2.0,3.1997,,252141.2997,
603797.SH,20260323,2.1644,5.1019,,247940.2317,
603137.SH,20260323,3.1302,3.1302,,233057.0675,
688623.SH,20260323,3.7049,3.7049,,511584.355,
688067.SH,20260323,3.3376,6.3645,,167960.0,
301260.SZ,20260323,2.2249,4.0617,,690396.0729,
603738.SH,20260323,14.7244,20.4917,,917640.456,
002497.SZ,20260323,4.2098,4.5138,,2535637.544,
000711.SZ,20260323,9.0705,10.0018,,1350616.5046,
002073.SZ,20260323,2.7253,3.1811,,695453.4205,
300252.SZ,20260323,3.9449,4.2089,,817759.985,
603928.SH,20260323,1.7967,5.4389,,360884.16,
301257.SZ,20260323,3.206,5.482,,392653.7069,
600843.SH,20260323,2.4822,3.2013,,652547.3292,
600135.SH,20260323,9.2527,17.0352,,600891.5095,
002520.SZ,20260323,9.8608,13.1246,,408133.373,
688111.SH,20260323,1.4153,3.2725,,11097762.298,
600905.SH,20260323,1.4868,3.1866,,12292689.5611,
600346.SH,20260323,0.7882,3.1506,,14268255.2662,
920870.BJ,20260323,2.357,4.1677,,187332.0,
600104.SH,20260323,0.5488,1.8067,,16012921.5631,
300319.SZ,20260323,6.087,7.8454,,1045579.0457,
603220.SH,20260323,8.8595,12.283,,1292594.33,
301507.SZ,20260323,4.6411,4.6411,,471721.3786,
300695.SZ,20260323,1.1101,3.8149,,674895.6984,
300214.SZ,20260323,4.5097,7.6151,,321712.6089,
920522.BJ,20260323,2.885,3.759,,718858.8019,
300446.SZ,20260323,4.1729,4.8715,,1638404.7951,
688272.SH,20260323,4.566,9.8368,,260528.0,
605001.SH,20260323,3.1417,6.296,,268734.024,
600796.SH,20260323,5.7887,8.6051,,522551.2169,
002979.SZ,20260323,2.1784,2.8486,,1095409.1335,
600760.SH,20260323,1.1071,3.3726,,13438348.9444,
002907.SZ,20260323,0.9435,2.6223,,537864.0524,
002951.SZ,20260323,2.5912,15.3323,,584820.0,
688101.SH,20260323,1.1356,3.5055,,508974.4972,
605589.SH,20260323,2.7821,3.7317,,2492614.1266,
920149.BJ,20260323,1.9534,2.8071,,73500.336,
301486.SZ,20260323,8.6171,11.1803,,1811313.6856,
000589.SZ,20260323,2.8183,3.6158,,679370.9082,
603396.SH,20260323,8.3697,14.2328,,551477.8899,
301348.SZ,20260323,10.4384,10.4384,,609360.0,
301372.SZ,20260323,5.4718,6.1527,,166422.8606,
688392.SH,20260323,2.4801,4.3164,,1089861.0511,
000676.SZ,20260323,2.3918,3.1876,,915866.7593,
300989.SZ,20260323,3.5298,4.7683,,303781.729,
920035.BJ,20260323,4.9379,4.9379,,188186.05,
300819.SZ,20260323,3.4667,8.6091,,596820.0,
301030.SZ,20260323,5.5918,7.9465,,231728.9129,
920223.BJ,20260323,3.4181,5.4155,,242061.615,
002056.SZ,20260323,3.0617,6.1297,,3513698.0798,
600188.SH,20260323,1.8826,7.1656,,20837809.6093,
002459.SZ,20260323,3.9752,7.5721,,4150348.2529,
688188.SH,20260323,0.7322,2.0678,,3713066.8612,
600416.SH,20260323,2.7094,4.2113,,1796027.1613,
300897.SZ,20260323,2.2817,4.0584,,334143.7929,
300119.SZ,20260323,2.8857,3.6329,,795195.302,
603937.SH,20260323,3.3084,8.9573,,233746.7641,
600580.SH,20260323,9.083,14.8792,,6370315.2099,
600682.SH,20260323,2.1148,3.8814,,827256.3159,
603298.SH,20260323,0.6692,1.7387,,3108183.9923,
300745.SZ,20260323,3.7068,4.1752,,382814.5669,
603936.SH,20260323,9.1281,11.8214,,783584.719,
002090.SZ,20260323,3.8153,4.8383,,418603.0392,
920422.BJ,20260323,2.1211,4.6153,,92022.0184,
920640.BJ,20260323,3.0505,6.5851,,605985.984,
688615.SH,20260323,3.529,3.812,,2366000.0,
603418.SH,20260323,5.1895,5.1895,,961094.7142,
301678.SZ,20260323,4.6283,4.6283,,1419845.2529,
002536.SZ,20260323,5.9199,9.0622,,1678949.5788,
688273.SH,20260323,2.8823,7.3147,,397100.0,
301001.SZ,20260323,4.9948,8.5269,,213920.0,
601226.SH,20260323,3.0433,8.2407,,1030892.4219,
688265.SH,20260323,0.9118,2.9407,,300705.2696,
300112.SZ,20260323,5.3,5.9361,,215347.6133,
002104.SZ,20260323,4.7916,5.0112,,1064633.7485,
002415.SZ,20260323,0.5301,1.3449,,27503779.5216,
300016.SZ,20260323,6.4153,8.1551,,508274.4662,
002516.SZ,20260323,1.8222,3.685,,801607.0817,
002335.SZ,20260323,6.8865,9.1407,,3027026.6628,
301539.SZ,20260323,3.2758,5.2453,,269212.0,
603811.SH,20260323,2.3862,3.2175,,347269.8835,
001391.SZ,20260323,1.9718,2.1478,,6397453.7619,
300998.SZ,20260323,4.6801,7.2634,,295599.6907,
001218.SZ,20260323,3.2439,4.062,,308262.1197,
603619.SH,20260323,10.3841,12.9337,,1669041.8442,
002439.SZ,20260323,2.6605,2.9287,,1602682.4712,
603037.SH,20260323,4.911,7.4373,,335783.0553,
300078.SZ,20260323,3.8469,4.6334,,428145.0641,
002946.SZ,20260323,1.4567,6.5261,,1536308.7966,
001267.SZ,20260323,10.5605,16.6144,,3017387.8576,
300465.SZ,20260323,3.4764,4.7871,,668730.281,
600689.SH,20260323,4.9169,7.4803,,236164.828,
301550.SZ,20260323,2.9705,4.2484,,3010737.95,
603615.SH,20260323,2.7444,5.8667,,468888.98,
300346.SZ,20260323,4.2517,4.8819,,3054913.5113,
601857.SH,20260323,0.2588,3.6402,,225847886.6274,
603707.SH,20260323,1.4726,4.6479,,1475074.9887,
601500.SH,20260323,1.226,1.5151,,651619.4514,
001205.SZ,20260323,2.8798,3.3336,,261512.9158,
300486.SZ,20260323,5.4246,7.554,,1073107.9571,
920050.BJ,20260323,7.1626,7.5882,,213866.6954,
688389.SH,20260323,1.1129,1.7506,,523609.5621,
600977.SH,20260323,1.7003,5.2099,,2326282.0,
601218.SH,20260323,21.2428,29.1768,,696735.0951,
300926.SZ,20260323,1.9691,4.2304,,1208277.9479,
300046.SZ,20260323,2.7675,3.7561,,724732.1207,
600053.SH,20260323,1.4137,5.3405,,647709.9552,
300224.SZ,20260323,3.0726,5.1289,,1283435.875,
002514.SZ,20260323,2.8867,3.6373,,324015.4188,
600880.SH,20260323,3.2879,5.1056,,504026.0944,
300140.SZ,20260323,4.7091,4.7091,,2169346.9112,
301503.SZ,20260323,5.3956,6.8414,,262800.0,
300100.SZ,20260323,3.3023,6.2566,,1765711.3358,
920180.BJ,20260323,12.1113,12.1113,,196438.6255,
688196.SH,20260323,1.7913,6.9414,,887155.7951,
300483.SZ,20260323,18.8227,23.1326,,913638.498,
600085.SH,20260323,0.7791,1.6384,,3925147.8898,
002953.SZ,20260323,4.1913,5.7216,,560892.3784,
920839.BJ,20260323,1.6242,3.2554,,357585.1623,
002138.SZ,20260323,3.2898,3.5514,,2793893.0966,
002840.SZ,20260323,9.257,16.0239,,859922.3733,
300370.SZ,20260323,3.3446,4.1764,,405432.4423,
600088.SH,20260323,1.2203,2.8303,,539687.5848,
300380.SZ,20260323,3.2243,5.2952,,500872.4829,
002409.SZ,20260323,4.3025,5.151,,3738411.9107,
301538.SZ,20260323,4.4046,5.1092,,547937.6,
600558.SH,20260323,2.5693,3.8562,,476628.1653,
002208.SZ,20260323,5.6758,13.9657,,1005721.4513,
002254.SZ,20260323,3.6871,5.785,,877626.5554,
601068.SH,20260323,0.8921,7.7169,,1586541.0578,
301057.SZ,20260323,3.7243,5.4625,,404480.3166,
300120.SZ,20260323,2.7335,2.9505,,441134.5375,
603880.SH,20260323,3.8818,7.3583,,189033.468,
603595.SH,20260323,1.4261,2.8222,,351452.7969,
300218.SZ,20260323,2.6122,4.1322,,308121.54,
920119.BJ,20260323,7.2105,7.2105,,645431.1164,
000560.SZ,20260323,9.5649,12.9221,,683095.2468,
301555.SZ,20260323,9.6078,11.7674,,309554.7785,
688619.SH,20260323,3.8399,8.1551,,256275.374,
300182.SZ,20260323,6.7218,7.2171,,1475759.4001,
603956.SH,20260323,2.4299,4.3266,,306609.5819,
688287.SH,20260323,1.1431,2.3186,,133385.616,
001222.SZ,20260323,2.2,3.0887,,355055.4,
300338.SZ,20260323,1.8281,2.0285,,142931.7657,
002222.SZ,20260323,3.3496,4.1185,,2769772.5,
002240.SZ,20260323,5.7795,7.6947,,3244716.7762,
603055.SH,20260323,1.7422,5.868,,804825.042,
600285.SH,20260323,2.0572,2.6216,,1233476.1821,
002062.SZ,20260323,3.5157,5.5437,,871038.7059,
600854.SH,20260323,3.6578,5.3952,,242587.1372,
688308.SH,20260323,7.6913,13.105,,1160535.5038,
300433.SZ,20260323,1.3847,3.6666,,14717129.5456,
000813.SZ,20260323,2.6249,4.4206,,662685.3506,
603004.SH,20260323,5.9427,5.9427,,481402.88,
600722.SH,20260323,17.942,40.816,,1110962.0309,
000600.SZ,20260323,5.4136,9.5853,,1655369.1572,
600322.SH,20260323,5.3868,7.078,,255416.7,
600448.SH,20260323,5.3715,6.6017,,185796.8003,
688253.SH,20260323,2.4961,4.9314,,476157.4824,
603377.SH,20260323,1.9798,3.1173,,265966.3844,
002487.SZ,20260323,5.171,8.5268,,4672151.7308,
300263.SZ,20260323,4.8975,5.7063,,979115.9617,
603421.SH,20260323,8.4312,16.9803,,626755.0811,
688006.SH,20260323,1.6614,4.7683,,1500728.9699,
603258.SH,20260323,1.6857,3.1786,,387551.8563,
300146.SZ,20260323,3.8023,4.5186,,1820244.4854,
920505.BJ,20260323,3.129,6.3153,,238064.5691,
601801.SH,20260323,1.0149,4.6176,,1188464.2609,
920221.BJ,20260323,1.3893,2.3146,,155029.44,
300879.SZ,20260323,5.3389,10.2864,,507413.8743,
603190.SH,20260323,6.0374,6.1262,,290676.36,
688711.SH,20260323,4.2466,5.1619,,543599.7149,
920833.BJ,20260323,3.099,5.3474,,126010.8,
601991.SH,20260323,2.2918,8.459,,7458204.3331,
002129.SZ,20260323,4.0727,5.8125,,3881391.1421,
300645.SZ,20260323,5.1784,7.3566,,228222.9908,
600572.SH,20260323,2.7464,4.0353,,1029890.0666,
300386.SZ,20260323,2.4548,3.0234,,585679.644,
600233.SH,20260323,1.1621,2.422,,6427595.2321,
603319.SH,20260323,3.831,5.0081,,1176510.233,
603110.SH,20260323,7.1563,8.8179,,297211.8832,
600667.SH,20260323,8.3263,12.524,,2085267.5515,
920278.BJ,20260323,5.4782,6.0832,,131224.0,
688416.SH,20260323,8.081,12.4323,,631839.3047,
002218.SZ,20260323,13.7319,22.2469,,931180.5418,
688105.SH,20260323,0.7521,2.304,,725070.0737,
920101.BJ,20260323,3.6072,3.6072,,297130.8639,
601868.SH,20260323,5.87,15.6916,,13299481.1999,
600779.SH,20260323,0.7467,2.0331,,1586335.4063,
301687.SZ,20260323,12.3409,12.3409,,854014.16,
601456.SH,20260323,0.783,1.2189,,5095491.747,
002664.SZ,20260323,2.9062,5.952,,783744.0,
603301.SH,20260323,0.9563,2.0939,,2365936.2615,
300377.SZ,20260323,8.3422,9.8194,,1456945.9752,
301590.SZ,20260323,8.6697,8.6697,,708553.1537,
000517.SZ,20260323,1.585,5.3664,,598577.4272,
002546.SZ,20260323,5.1167,8.2866,,745639.8918,
300899.SZ,20260323,2.9549,4.9865,,222668.0798,
301680.SZ,20260323,41.1783,41.1783,,1013968.8,
600497.SH,20260323,4.0818,6.8666,,3800446.8842,
002917.SZ,20260323,3.0118,4.46,,416441.808,
002641.SZ,20260323,1.765,4.2952,,481804.7974,
600127.SH,20260323,6.6759,8.4866,,419084.4414,
601011.SH,20260323,6.3218,9.2004,,668566.9241,
300129.SZ,20260323,7.5938,7.9947,,1423767.5666,
600185.SH,20260323,2.0301,3.6878,,1097073.3727,
600738.SH,20260323,1.8983,3.9308,,341078.1857,
603999.SH,20260323,2.3172,5.496,,376128.0,
600751.SH,20260323,3.5707,7.0452,,1046660.9397,
920270.BJ,20260323,1.2147,3.4908,,163305.576,
002622.SZ,20260323,3.716,4.8774,,212520.0,
002916.SZ,20260323,1.3082,3.6492,,15904558.8267,
600576.SH,20260323,2.317,3.4496,,612692.6436,
600775.SH,20260323,6.9744,10.6721,,1195300.7959,
300092.SZ,20260323,5.3922,7.0456,,390340.6612,
600710.SH,20260323,1.7362,4.3912,,1547191.3299,
688519.SH,20260323,3.1718,7.7923,,3122923.8686,
300818.SZ,20260323,4.2555,5.1841,,564544.3604,
600798.SH,20260323,2.9969,5.4376,,425906.573,
300547.SZ,20260323,4.8422,5.5633,,608855.6304,
603391.SH,20260323,5.0131,5.0131,,585130.0,
003043.SZ,20260323,3.2815,4.6762,,602506.0905,
300062.SZ,20260323,7.706,8.886,,533556.9524,
600761.SH,20260323,2.0999,3.2727,,1580979.6508,
300070.SZ,20260323,2.0265,3.6134,,1373575.3486,
300981.SZ,20260323,4.401,14.4545,,583256.3442,
300407.SZ,20260323,5.2661,6.7228,,376047.5793,
301307.SZ,20260323,11.2129,12.6241,,785959.2,
601727.SH,20260323,1.5618,3.5773,,12369936.8223,
600897.SH,20260323,1.0086,3.1515,,624984.066,
002131.SZ,20260323,7.261,7.6333,,4855365.3301,
002008.SZ,20260323,4.1064,5.0965,,6167324.4139,
002717.SZ,20260323,3.5551,3.7954,,293057.6028,
601211.SH,20260323,0.812,1.0041,,29863400.3543,
300258.SZ,20260323,5.2452,8.2936,,679824.8964,
605080.SH,20260323,1.6775,4.9809,,303463.561,
300590.SZ,20260323,2.4565,3.469,,486132.8377,
300697.SZ,20260323,4.8666,6.2613,,594014.72,
300400.SZ,20260323,6.6593,9.9736,,528681.6182,
600365.SH,20260323,2.1497,2.6899,,134392.88,
603606.SH,20260323,2.0134,3.4023,,4318852.511,
002140.SZ,20260323,2.822,8.8103,,904133.7145,
002472.SZ,20260323,3.0671,3.5498,,3165525.5489,
300751.SZ,20260323,10.7767,13.7943,,8010541.522,
002200.SZ,20260323,1.3579,2.916,,324810.4183,
002068.SZ,20260323,4.6922,8.917,,636073.5945,
920496.BJ,20260323,7.2389,10.4225,,164581.55,
002128.SZ,20260323,1.4165,3.3192,,6561085.614,
002236.SZ,20260323,2.5405,2.9181,,5393565.8969,
688802.SH,20260323,10.1872,10.1872,,21188095.7,
300254.SZ,20260323,6.2115,6.3611,,270706.7511,
603486.SH,20260323,0.9042,2.7429,,3400583.7514,
301288.SZ,20260323,0.9978,1.9227,,176920.38,
301118.SZ,20260323,3.6288,7.8103,,247390.918,
300597.SZ,20260323,4.4063,5.3531,,227050.835,
002161.SZ,20260323,4.3748,5.1538,,511912.1208,
688217.SH,20260323,2.6704,4.5046,,140310.0108,
601088.SH,20260323,0.4463,2.7478,,105097253.585,
603638.SH,20260323,0.8034,2.8981,,1594859.4264,
600860.SH,20260323,4.8404,10.8385,,630156.3722,
603317.SH,20260323,0.8647,2.9656,,1265945.8901,
600765.SH,20260323,2.1193,3.2726,,2491753.1156,
603282.SH,20260323,2.1784,4.5418,,252116.88,
600729.SH,20260323,2.9743,3.1209,,956664.0832,
300467.SZ,20260323,4.1085,4.2208,,550685.2709,
002529.SZ,20260323,1.9763,2.306,,177060.0,
300928.SZ,20260323,4.784,5.5581,,228720.0,
300773.SZ,20260323,6.0112,8.2495,,1860112.5361,
001301.SZ,20260323,4.6359,5.8299,,1982880.2671,
688222.SH,20260323,3.2234,5.9409,,909543.6,
601702.SH,20260323,0.7792,2.5972,,1875240.4668,
603373.SH,20260323,4.3334,6.3681,,423655.9151,
300421.SZ,20260323,5.0417,5.7205,,657452.1622,
600755.SH,20260323,1.5622,2.5605,,1276159.7949,
600415.SH,20260323,1.1367,2.7763,,7002505.1316,
600486.SH,20260323,1.6891,2.8895,,2851058.111,
002513.SZ,20260323,5.7072,6.7726,,227609.9507,
300682.SZ,20260323,3.8428,5.8144,,1732724.9643,
002714.SZ,20260323,2.4329,3.8253,,26093935.7547,
688419.SH,20260323,5.2649,10.1814,,454655.5743,
300225.SZ,20260323,2.5344,2.9749,,242469.0909,
300988.SZ,20260323,6.6829,11.0081,,357056.7736,
002494.SZ,20260323,9.0387,10.1018,,180731.8339,
601512.SH,20260323,0.4007,2.1089,,1250074.26,
688571.SH,20260323,1.416,3.9865,,297343.6607,
002575.SZ,20260323,25.8749,28.3157,,520326.0,
600650.SH,20260323,1.5439,3.4934,,695028.7348,
300157.SZ,20260323,11.3607,13.669,,497598.8866,
600651.SH,20260323,1.3148,3.6907,,1657145.5179,
605033.SH,20260323,2.8834,10.5819,,286218.4,
000816.SZ,20260323,3.9962,5.3812,,463044.2618,
300538.SZ,20260323,4.0697,5.0365,,250683.7936,
300766.SZ,20260323,5.7699,6.2205,,1302674.1981,
688021.SH,20260323,7.2133,12.0796,,189123.9496,
001210.SZ,20260323,4.5635,6.0915,,315507.1041,
688468.SH,20260323,1.48,2.352,,272352.332,
600663.SH,20260323,0.438,1.7218,,3715943.4151,
002552.SZ,20260323,3.112,8.5643,,593229.5711,
688401.SH,20260323,1.9433,3.2072,,867554.5086,
300226.SZ,20260323,4.3582,5.9207,,798715.8835,
300627.SZ,20260323,2.1496,2.8889,,2468481.6188,
600082.SH,20260323,3.8218,5.4398,,219679.3808,
603958.SH,20260323,4.1817,11.4575,,407570.88,
002239.SZ,20260323,3.8413,5.0121,,942407.5137,
603668.SH,20260323,3.0195,4.5522,,581076.0395,
300227.SZ,20260323,7.0354,7.871,,562734.1163,
002149.SZ,20260323,7.4236,10.9551,,2054893.8793,
600543.SH,20260323,3.0512,4.8209,,143540.64,
000908.SZ,20260323,8.3949,11.2957,,1191214.4713,
301326.SZ,20260323,2.8895,9.0649,,852448.8511,
600339.SH,20260323,2.1884,7.8715,,2250008.4308,
002307.SZ,20260323,2.8292,5.2728,,702379.8779,
301065.SZ,20260323,3.5866,6.2478,,224020.26,
300265.SZ,20260323,7.709,12.6636,,755643.7574,
603172.SH,20260323,8.029,9.2691,,262358.46,
600605.SH,20260323,1.756,3.0744,,550567.803,
688521.SH,20260323,3.1708,4.4593,,10018685.9507,
688187.SH,20260323,0.5777,1.9417,,6933684.5917,
300200.SZ,20260323,5.3677,7.5484,,416320.117,
002866.SZ,20260323,8.7375,10.8854,,563699.8324,
002647.SZ,20260323,1.5509,1.6475,,1018392.783,
002890.SZ,20260323,1.638,2.7796,,241052.852,
600129.SH,20260323,1.7594,2.8894,,839809.8958,
603029.SH,20260323,4.8093,11.5593,,208101.53,
688166.SH,20260323,3.4452,5.6016,,2007630.6342,
000957.SZ,20260323,4.1195,6.1527,,614248.4777,
002905.SZ,20260323,2.4461,9.0854,,377072.64,
300878.SZ,20260323,1.1916,4.2755,,365450.7727,
688228.SH,20260323,3.1102,7.0055,,684356.7496,
001287.SZ,20260323,11.8812,13.7518,,1875433.4394,
600987.SH,20260323,1.7526,3.7694,,707427.479,
603158.SH,20260323,6.301,10.1671,,532976.3807,
603310.SH,20260323,1.4461,2.0577,,536313.02,
301177.SZ,20260323,0.5462,5.4613,,1063129.2048,
688469.SH,20260323,3.1567,3.1567,,5197266.0466,
603221.SH,20260323,1.6883,5.8208,,263858.66,
600116.SH,20260323,1.9635,4.2259,,1269662.8883,
605555.SH,20260323,1.7417,4.7428,,701900.108,
001378.SZ,20260323,6.8553,6.8553,,296133.9256,
688505.SH,20260323,0.9523,2.1918,,759807.3493,
605158.SH,20260323,0.9873,3.5902,,360551.1,
688193.SH,20260323,1.8981,3.476,,183880.6334,
300612.SZ,20260323,5.6903,7.1764,,254440.8394,
300235.SZ,20260323,2.9371,3.7439,,300837.2288,
600360.SH,20260323,2.3145,2.9795,,812409.8272,
300161.SZ,20260323,2.3128,3.4412,,536481.6462,
001282.SZ,20260323,5.8438,8.0582,,422374.8256,
300779.SZ,20260323,3.8863,4.7093,,1722400.2647,
300434.SZ,20260323,2.4249,4.1229,,364381.6919,
000695.SZ,20260323,7.9679,11.3657,,294556.9687,
920112.BJ,20260323,2.0351,2.0351,,280005.0,
000905.SZ,20260323,2.5864,5.4062,,775191.0289,
301332.SZ,20260323,1.6878,2.285,,396943.75,
301278.SZ,20260323,9.4053,11.4518,,354526.5811,
920725.BJ,20260323,5.6254,8.8474,,271360.575,
920068.BJ,20260323,7.7635,7.7635,,1389872.0318,
000573.SZ,20260323,4.639,5.8528,,240631.7877,
300521.SZ,20260323,3.3154,4.3979,,383308.8,
600639.SH,20260323,1.7496,5.023,,1196492.1439,
301149.SZ,20260323,4.9226,6.2646,,488480.0204,
600835.SH,20260323,1.8719,4.786,,2129343.2393,
000973.SZ,20260323,9.7337,9.7337,,4031508.2962,
000501.SZ,20260323,1.6405,2.8781,,613656.1993,
000822.SZ,20260323,5.4302,9.1013,,499461.2947,
688588.SH,20260323,1.5106,2.8386,,456411.4134,
300812.SZ,20260323,9.3876,12.4842,,451468.2645,
301205.SZ,20260323,12.3038,17.8736,,2646777.6,
600386.SH,20260323,1.8861,4.1914,,303206.4,
605116.SH,20260323,1.3801,4.9448,,990274.7245,
002651.SZ,20260323,2.1621,4.1158,,910478.26,
300971.SZ,20260323,5.9481,6.7552,,243784.8,
300808.SZ,20260323,2.4358,4.7185,,414400.0,
603809.SH,20260323,1.8483,2.6953,,950658.3376,
301268.SZ,20260323,2.7567,6.8196,,850843.37,
002586.SZ,20260323,1.1858,2.0638,,540073.593,
301165.SZ,20260323,1.0686,8.905,,6369204.5418,
000850.SZ,20260323,2.1058,3.9298,,437860.5642,
300241.SZ,20260323,13.0076,13.8975,,466375.7221,
688378.SH,20260323,2.5814,3.746,,854076.0108,
603193.SH,20260323,2.447,2.5067,,824561.1739,
920000.BJ,20260323,1.793,3.3427,,136144.8,
301383.SZ,20260323,3.0971,4.7832,,432259.0272,
300221.SZ,20260323,4.4171,4.4171,,439170.593,
002426.SZ,20260323,8.9966,10.4668,,1214737.452,
603919.SH,20260323,1.7668,4.4438,,877559.7948,
300778.SZ,20260323,2.5421,5.8703,,243984.2511,
600027.SH,20260323,1.9841,4.6294,,5945228.3822,
300353.SZ,20260323,2.9519,3.0775,,1193507.082,
603755.SH,20260323,2.0214,5.5562,,265763.8703,
301023.SZ,20260323,4.0172,4.9601,,295313.6037,
600959.SH,20260323,1.7782,3.7494,,1840264.1084,
002163.SZ,20260323,4.7405,6.6102,,1045212.8815,
002065.SZ,20260323,1.9972,2.8324,,2484248.8406,
688041.SH,20260323,0.909,2.3831,,48123095.8361,
603016.SH,20260323,7.1364,15.8012,,571601.28,
920856.BJ,20260323,2.4586,4.1339,,120335.1844,
002926.SZ,20260323,0.9926,1.8437,,2149875.0,
000776.SZ,20260323,0.9512,1.9745,,14288167.9031,
600265.SH,20260323,0.7061,1.9781,,258561.6,
600702.SH,20260323,1.8089,2.5943,,1472125.2807,
002201.SZ,20260323,3.4219,5.223,,673791.8732,
603722.SH,20260323,2.8083,4.829,,321499.1981,
301398.SZ,20260323,5.2711,5.8633,,496160.0,
600824.SH,20260323,1.6266,2.6961,,401584.3148,
600011.SH,20260323,1.1763,2.9563,,11522400.5255,
301208.SZ,20260323,2.7189,3.5837,,390360.1952,
600305.SH,20260323,1.3293,2.2807,,807724.2154,
600292.SH,20260323,2.3565,4.1886,,5917658.5776,
603370.SH,20260323,3.6719,3.6719,,742487.8,
600367.SH,20260323,11.6214,17.2508,,775731.6711,
301487.SZ,20260323,6.3011,6.8808,,942213.6979,
600251.SH,20260323,2.265,4.0847,,768446.6536,
002943.SZ,20260323,5.6267,6.2269,,955675.1424,
688343.SH,20260323,5.4637,6.0133,,2726153.2238,
688314.SH,20260323,5.9386,16.1111,,362895.3813,
002991.SZ,20260323,1.5299,2.1516,,456850.7877,
300428.SZ,20260323,2.149,5.139,,1355394.7303,
600935.SH,20260323,2.1565,5.997,,977768.7512,
002591.SZ,20260323,8.3247,9.6934,,190626.6723,
600820.SH,20260323,1.5412,2.5636,,1855016.6955,
301169.SZ,20260323,3.1505,8.1236,,349036.3969,
000690.SZ,20260323,8.8845,10.912,,1048777.9495,
000733.SZ,20260323,2.678,3.8818,,2479908.2037,
600551.SH,20260323,1.3938,3.6767,,525492.8102,
002020.SZ,20260323,2.0622,2.7429,,1239881.9616,
300757.SZ,20260323,5.0577,7.5695,,5679903.6656,
603011.SH,20260323,5.544,8.5322,,1001189.2349,
300484.SZ,20260323,3.4614,3.7584,,330633.5844,
920183.BJ,20260323,11.1162,11.1162,,183814.76,
605198.SH,20260323,0.6868,3.974,,1196727.228,
605050.SH,20260323,8.8118,24.2184,,669262.0278,
300166.SZ,20260323,18.0248,19.2508,,1599937.7759,
600571.SH,20260323,2.5327,3.1628,,608545.3932,
002091.SZ,20260323,2.0753,3.6695,,1416111.7803,
920914.BJ,20260323,1.9662,3.3901,,216824.846,
300321.SZ,20260323,2.2958,4.8107,,284959.2,
002861.SZ,20260323,6.8999,8.2654,,282592.7704,
300668.SZ,20260323,9.9629,16.0947,,360421.5314,
920058.BJ,20260323,1.8114,3.559,,148436.5793,
920634.BJ,20260323,2.6285,5.6171,,127689.7145,
688710.SH,20260323,0.8005,1.1312,,715753.5054,
301305.SZ,20260323,5.7605,5.7716,,555548.5538,
001260.SZ,20260323,3.2498,11.771,,223560.0,
000626.SZ,20260323,3.9267,9.6131,,380983.4017,
603042.SH,20260323,13.7165,17.8092,,292434.0986,
688377.SH,20260323,1.5357,2.3951,,701969.202,
002017.SZ,20260323,3.044,5.459,,1059288.2339,
000525.SZ,20260323,4.6906,5.9631,,753225.6367,
300351.SZ,20260323,5.3075,7.2407,,603191.61,
001331.SZ,20260323,3.189,12.9597,,1420231.68,
688327.SH,20260323,3.8074,3.8074,,1343881.7849,
300139.SZ,20260323,12.0866,12.8093,,1490560.0,
600171.SH,20260323,1.9935,2.6628,,1935360.6172,
601579.SH,20260323,1.9788,4.7843,,737414.723,
600476.SH,20260323,5.686,9.3728,,163486.05,
300492.SZ,20260323,1.4614,4.206,,1142716.947,
600352.SH,20260323,1.9308,2.5766,,4112211.471,
688230.SH,20260323,1.1419,4.5676,,690900.0,
600706.SH,20260323,4.1256,6.1616,,234144.8826,
300260.SZ,20260323,3.1724,5.0724,,1899971.6576,
301517.SZ,20260323,4.5327,7.3861,,786585.6134,
301193.SZ,20260323,3.7677,8.5579,,415144.7227,
300101.SZ,20260323,3.7018,5.236,,1125589.0974,
000669.SZ,20260323,9.66,12.1829,,372864.0208,
605389.SH,20260323,1.8412,7.3912,,1059904.4869,
600477.SH,20260323,3.0183,4.9467,,731280.2152,
000928.SZ,20260323,2.6644,5.1891,,896652.8881,
002969.SZ,20260323,6.5825,13.3362,,2740746.7965,
688337.SH,20260323,3.0168,8.3071,,713845.6034,
688091.SH,20260323,1.9664,3.6714,,1026903.6835,
002662.SZ,20260323,2.0553,3.5452,,532500.0,
600482.SH,20260323,2.0796,4.1376,,6677717.3074,
603713.SH,20260323,1.2701,2.3979,,884879.7552,
301210.SZ,20260323,6.2699,6.2699,,403671.6843,
300798.SZ,20260323,16.371,20.9545,,444943.7215,
688538.SH,20260323,1.344,1.75,,3148551.7785,
002888.SZ,20260323,5.2012,7.6888,,260590.6222,
301173.SZ,20260323,2.814,2.814,,355291.6527,
603178.SH,20260323,1.2349,3.1646,,346343.4057,
920493.BJ,20260323,3.9814,5.4318,,875936.9714,
600731.SH,20260323,2.3914,3.1565,,368211.2521,
603600.SH,20260323,1.5067,3.121,,324485.3729,
301273.SZ,20260323,4.0785,7.493,,195295.525,
002771.SZ,20260323,10.185,10.401,,293459.9759,
920427.BJ,20260323,3.5017,5.9173,,119384.01,
600594.SH,20260323,2.3412,3.0572,,273214.953,
603993.SH,20260323,2.3956,5.8907,,35279217.4802,
301037.SZ,20260323,6.5716,11.2929,,187414.7127,
600060.SH,20260323,0.9134,1.7507,,2773066.0398,
603156.SH,20260323,0.8324,2.0574,,3634640.5003,
601598.SH,20260323,0.4504,2.2521,,3974258.1798,
300275.SZ,20260323,3.1376,3.2794,,315089.1846,
920608.BJ,20260323,1.1234,1.4792,,98837.12,
301630.SZ,20260323,11.1294,11.1294,,662480.0,
301500.SZ,20260323,10.4076,10.4076,,1044668.7736,
300598.SZ,20260323,2.6302,3.582,,796322.9895,
600577.SH,20260323,4.6553,5.501,,2493148.6284,
688798.SH,20260323,2.1192,2.6402,,1537949.6117,
920260.BJ,20260323,5.0228,11.6854,,103550.0,
601003.SH,20260323,0.9195,5.4122,,1137983.8051,
601001.SH,20260323,2.5733,6.0484,,2987554.5,
300832.SZ,20260323,0.6015,1.1863,,3785593.1061,
600400.SH,20260323,2.2113,5.9327,,458274.3704,
688213.SH,20260323,2.0548,2.2413,,3060749.9442,
301393.SZ,20260323,3.5178,3.5178,,526068.0,
600111.SH,20260323,2.7961,4.512,,16347327.7375,
688410.SH,20260323,2.1562,4.0449,,434017.6447,
300621.SZ,20260323,4.6542,7.6479,,158123.092,
300919.SZ,20260323,1.7896,4.0178,,4874621.2939,
301125.SZ,20260323,5.4085,10.2995,,262535.6678,
600776.SH,20260323,2.7312,6.3624,,1774728.0904,
600231.SH,20260323,1.3108,4.392,,547127.8383,
300464.SZ,20260323,5.499,8.0193,,317726.8461,
601528.SH,20260323,1.9649,2.0434,,1034059.0552,
601588.SH,20260323,2.0235,3.9816,,565659.36,
301201.SZ,20260323,3.1847,4.3715,,583889.9718,
603967.SH,20260323,1.481,4.3603,,415306.7186,
000159.SZ,20260323,4.7691,6.1795,,298986.6876,
001396.SZ,20260323,8.2517,8.2517,,454869.7801,
688030.SH,20260323,1.8794,3.3076,,263324.5155,
002418.SZ,20260323,5.9886,7.7404,,453423.6,
603660.SH,20260323,3.0031,3.8858,,518783.2274,
301189.SZ,20260323,4.8014,13.1546,,472802.4408,
600778.SH,20260323,3.3213,5.3982,,188763.7593,
688665.SH,20260323,0.8476,2.6879,,426626.9097,
300881.SZ,20260323,4.8124,9.1362,,444620.0,
002120.SZ,20260323,1.7038,3.8565,,1840992.6801,
688680.SH,20260323,11.1957,17.0724,,476251.6117,
600817.SH,20260323,1.2734,4.3544,,564769.3024,
920810.BJ,20260323,1.7274,2.9399,,103572.0,
002542.SZ,20260323,1.7107,2.9281,,518355.5038,
300608.SZ,20260323,4.9012,7.4997,,352107.7735,
300889.SZ,20260323,5.5123,6.2959,,523699.9962,
603108.SH,20260323,3.9411,5.5677,,757620.605,
002850.SZ,20260323,3.4294,3.9365,,4168139.9429,
002777.SZ,20260323,2.6363,4.298,,665008.3609,
600211.SH,20260323,2.1497,4.7534,,1271226.909,
688345.SH,20260323,6.3899,22.4923,,474998.052,
002388.SZ,20260323,5.2043,5.852,,237474.384,
688788.SH,20260323,1.7217,3.9448,,818884.4098,
002256.SZ,20260323,30.2497,40.2843,,903256.9844,
002896.SZ,20260323,6.4229,12.1758,,1513224.559,
000767.SZ,20260323,6.1281,11.7922,,1116930.0255,
600123.SH,20260323,5.9573,10.9257,,1032741.2547,
000631.SZ,20260323,1.3431,4.6936,,800400.0296,
300602.SZ,20260323,5.03,6.7036,,1752572.6542,
301050.SZ,20260323,3.724,4.661,,1104296.7679,
000829.SZ,20260323,5.199,8.21,,968719.9139,
688498.SH,20260323,5.8218,8.0986,,8835426.2328,
920510.BJ,20260323,2.2456,3.2874,,258267.9285,
603261.SH,20260323,0.9731,2.8623,,230344.9254,
688211.SH,20260323,0.7206,1.8525,,388165.9644,
002726.SZ,20260323,5.318,8.8763,,343173.0991,
600143.SH,20260323,7.0628,8.7596,,4629389.3312,
600569.SH,20260323,2.4544,7.6356,,637677.5477,
688805.SH,20260323,10.0993,10.0993,,711130.88,
002585.SZ,20260323,4.5592,5.9435,,753272.9239,
600809.SH,20260323,0.4742,1.4154,,18167707.194,
301228.SZ,20260323,2.1808,4.7765,,465600.0,
002700.SZ,20260323,3.7985,3.848,,266790.1793,
688783.SH,20260323,5.5633,5.5633,,8539947.0,
688192.SH,20260323,1.465,3.8299,,2253007.0754,
300945.SZ,20260323,5.4589,9.3733,,379741.7904,
002110.SZ,20260323,1.5186,3.6289,,898758.204,
002831.SZ,20260323,3.2061,4.5943,,2973258.605,
920007.BJ,20260323,5.8735,5.8735,,270415.8907,
300739.SZ,20260323,6.9078,12.1066,,900026.9284,
600894.SH,20260323,1.0677,2.5233,,717964.8592,
002623.SZ,20260323,7.3285,13.9194,,451075.625,
688036.SH,20260323,0.9539,2.3388,,5869889.995,
920346.BJ,20260323,1.7571,2.7882,,157434.8571,
300939.SZ,20260323,15.1251,27.5453,,514560.0,
603236.SH,20260323,2.4778,3.251,,2098808.3713,
920033.BJ,20260323,1.0324,2.239,,174056.6003,
000576.SZ,20260323,5.9625,9.3365,,374446.8276,
301076.SZ,20260323,3.466,3.8501,,608936.3384,
920957.BJ,20260323,2.179,4.4077,,114275.9207,
000786.SZ,20260323,0.9617,1.733,,4170478.3029,
301665.SZ,20260323,11.2594,11.2594,,1161000.0,
301468.SZ,20260323,7.2573,8.5439,,607371.5778,
301429.SZ,20260323,8.675,10.8615,,209840.5,
605180.SH,20260323,1.8134,6.3073,,230516.0,
002103.SZ,20260323,2.5203,3.1271,,424746.9976,
300609.SZ,20260323,5.2851,6.2195,,392774.0455,
920003.BJ,20260323,4.091,4.091,,174922.7151,
002479.SZ,20260323,3.1099,4.7892,,435960.0,
688627.SH,20260323,6.0079,6.0079,,2143467.9912,
601921.SH,20260323,0.7002,3.6854,,1644444.445,
002925.SZ,20260323,1.7635,5.2518,,1449966.1506,
002123.SZ,20260323,3.5561,3.7016,,786091.4718,
603799.SH,20260323,3.4218,4.3183,,10551495.0658,
001360.SZ,20260323,5.1357,5.3047,,401268.0,
002049.SZ,20260323,2.2163,2.9952,,5648304.7197,
301300.SZ,20260323,4.6029,7.7286,,258254.24,
000565.SZ,20260323,3.4787,5.8512,,298311.4474,
605138.SH,20260323,1.0217,4.2478,,347787.6945,
605365.SH,20260323,1.0241,6.1061,,850409.8119,
002434.SZ,20260323,1.5462,3.1342,,997576.0,
000523.SZ,20260323,2.7467,3.8048,,600198.1867,
002530.SZ,20260323,3.397,4.3719,,658422.4579,
688219.SH,20260323,1.9562,3.337,,547401.6,
688575.SH,20260323,1.3246,2.366,,824513.3169,
301638.SZ,20260323,30.1828,30.1828,,9551669.2909,
688186.SH,20260323,4.9636,6.2521,,637832.7955,
603226.SH,20260323,1.9448,6.8911,,1273371.5201,
300986.SZ,20260323,6.1937,10.8011,,982557.9304,
603312.SH,20260323,4.7884,4.7884,,676797.885,
000430.SZ,20260323,1.8709,3.0021,,568364.0311,
601238.SH,20260323,0.4053,1.6807,,7372478.6457,
301613.SZ,20260323,1.901,2.5591,,637648.248,
600929.SH,20260323,1.9965,5.4079,,913543.0836,
300008.SZ,20260323,6.2221,7.1611,,1252821.1214,
600028.SH,20260323,0.356,2.405,,73039010.5901,
002348.SZ,20260323,4.1849,5.935,,670617.6,
300331.SZ,20260323,5.7877,6.2482,,1002296.424,
002100.SZ,20260323,4.1385,5.7797,,963867.5696,
920807.BJ,20260323,2.4948,3.6021,,211890.2,
600172.SH,20260323,11.5499,15.6716,,1139325.736,
920163.BJ,20260323,1.5724,2.7187,,158062.2165,
605300.SH,20260323,0.6559,2.2444,,465758.5619,
920207.BJ,20260323,5.0091,7.4739,,252153.325,
002074.SZ,20260323,2.9251,4.8406,,6719477.53,
301419.SZ,20260323,8.639,16.8311,,420840.0,
002693.SZ,20260323,3.4457,6.7647,,315578.8998,
600215.SH,20260323,1.9244,2.7433,,289206.863,
301287.SZ,20260323,11.0149,11.0149,,253746.02,
603718.SH,20260323,2.8414,4.5889,,277059.4975,
600273.SH,20260323,2.6655,4.4041,,1172343.907,
920230.BJ,20260323,1.8235,3.1034,,105954.8047,
300481.SZ,20260323,3.0007,4.6582,,453543.3507,
920765.BJ,20260323,3.6627,7.8577,,124991.0707,
920030.BJ,20260323,3.4483,5.3578,,95679.2293,
603206.SH,20260323,1.3142,4.1638,,451390.7823,
601077.SH,20260323,0.6044,1.0174,,7813616.0,
300738.SZ,20260323,7.7563,10.7145,,2061984.3981,
603977.SH,20260323,4.9755,9.6794,,924407.8401,
600801.SH,20260323,1.2016,3.0032,,4054041.5156,
603335.SH,20260323,4.5713,8.7593,,224775.915,
603759.SH,20260323,1.5344,3.8533,,425280.96,
002004.SZ,20260323,2.1852,2.8817,,954321.0501,
301355.SZ,20260323,6.4083,6.4083,,219485.169,
300244.SZ,20260323,5.2631,5.8687,,1082464.3832,
920786.BJ,20260323,4.1311,5.6601,,163479.446,
300896.SZ,20260323,1.8982,2.9807,,3652891.3604,
300687.SZ,20260323,3.2348,3.6378,,736774.5444,
603203.SH,20260323,2.0365,5.7044,,869550.3125,
600850.SH,20260323,2.0511,3.5473,,1516162.9937,
603703.SH,20260323,4.0993,5.7676,,470174.742,
605151.SH,20260323,2.3511,7.0425,,233317.0209,
300281.SZ,20260323,1.9741,3.8257,,270205.7091,
603010.SH,20260323,1.644,3.1831,,618467.9441,
600107.SH,20260323,2.4135,3.0804,,201240.0,
603279.SH,20260323,2.5077,4.5544,,922773.173,
002737.SZ,20260323,1.2513,2.8904,,694376.0,
002193.SZ,20260323,7.6185,10.3856,,150486.4413,
603393.SH,20260323,5.1218,9.0844,,1704163.7345,
301009.SZ,20260323,2.5874,3.6667,,292521.36,
002313.SZ,20260323,1.8741,3.3119,,306633.6,
002385.SZ,20260323,6.3343,6.6496,,1646930.0904,
300652.SZ,20260323,2.4115,4.4642,,535429.756,
603609.SH,20260323,1.013,2.1756,,594930.6921,
002238.SZ,20260323,1.4293,4.1618,,560186.2937,
605183.SH,20260323,1.2814,3.9634,,796000.3395,
001400.SZ,20260323,17.3063,17.3063,,795000.0,
688038.SH,20260323,3.5232,6.1357,,210053.987,
603128.SH,20260323,1.4786,2.7284,,716048.4322,
688163.SH,20260323,1.965,4.7926,,238408.66,
300920.SZ,20260323,4.2638,5.8114,,358000.0,
600536.SH,20260323,2.2512,3.542,,3364433.0622,
600268.SH,20260323,3.7769,8.2165,,1372441.4211,
300588.SZ,20260323,2.9245,4.0135,,444787.2027,
600009.SH,20260323,0.9541,1.9004,,6810512.7905,
920419.BJ,20260323,1.1502,2.1132,,131818.9664,
603028.SH,20260323,2.6072,3.6824,,231354.24,
688691.SH,20260323,7.1888,7.1888,,1090800.0,
603112.SH,20260323,2.732,6.6831,,878517.1994,
002421.SZ,20260323,3.3178,3.8834,,536507.1547,
600736.SH,20260323,1.8949,3.3713,,668901.179,
688311.SH,20260323,2.9383,4.601,,617107.7126,
601007.SH,20260323,3.8243,6.7691,,282360.0,
600059.SH,20260323,1.8246,2.9675,,787572.6448,
000932.SZ,20260323,1.7145,3.6829,,3385188.925,
002841.SZ,20260323,1.0763,1.5478,,2280150.2014,
688475.SH,20260323,0.6331,3.2793,,2024662.5,
300987.SZ,20260323,3.2557,5.9184,,286924.04,
920781.BJ,20260323,3.3684,3.6697,,117161.8269,
600406.SH,20260323,1.3899,3.2379,,21758027.4266,
000055.SZ,20260323,1.9823,2.5885,,362969.4887,
000997.SZ,20260323,1.9096,2.7539,,2000868.3821,
000049.SZ,20260323,4.5403,8.3315,,1023523.139,
301213.SZ,20260323,4.1393,7.8841,,506479.9937,
002440.SZ,20260323,5.0665,7.592,,1215043.8973,
920892.BJ,20260323,0.5357,1.6488,,240365.7591,
605196.SH,20260323,4.0556,6.2434,,2059341.2074,
002534.SZ,20260323,1.8787,5.6521,,1335824.4128,
600881.SH,20260323,1.5784,1.8646,,504215.5541,
688231.SH,20260323,1.9195,4.8002,,737115.429,
003037.SZ,20260323,1.1271,3.4132,,402578.1836,
688386.SH,20260323,2.6125,3.8024,,721168.8559,
603111.SH,20260323,1.2802,1.7191,,535321.0473,
002984.SZ,20260323,2.3659,3.0537,,1770499.0965,
600372.SH,20260323,1.1634,2.6005,,6072815.2707,
301098.SZ,20260323,7.9774,8.5213,,142734.0093,
603120.SH,20260323,12.855,12.855,,318208.0,
301469.SZ,20260323,4.2775,8.5541,,265487.16,
688012.SH,20260323,1.6158,2.2615,,18627822.8833,
600971.SH,20260323,2.9641,6.5813,,916803.7314,
300992.SZ,20260323,13.0437,19.7408,,332733.6893,
002192.SZ,20260323,5.8032,7.8524,,1383183.2664,
688373.SH,20260323,2.1382,3.2142,,370112.8063,
300736.SZ,20260323,7.0313,9.322,,252798.2242,
688212.SH,20260323,1.5076,2.0995,,490046.8448,
002022.SZ,20260323,2.0947,2.5747,,278777.4604,
300236.SZ,20260323,4.2103,5.623,,2242557.3127,
300909.SZ,20260323,2.8799,4.4087,,628064.8867,
600622.SH,20260323,2.1479,3.7518,,371921.9797,
603588.SH,20260323,6.0194,7.3385,,1993913.9042,
002432.SZ,20260323,11.1955,17.125,,2814033.4811,
688050.SH,20260323,1.5037,2.065,,952317.2337,
603273.SH,20260323,5.9822,5.9822,,364761.4068,
688158.SH,20260323,12.6915,14.3497,,1979907.7465,
600241.SH,20260323,5.453,10.6162,,265166.2056,
601766.SH,20260323,0.9148,2.2849,,17535005.9578,
688420.SH,20260323,3.6288,3.6288,,200382.38,
300960.SZ,20260323,1.2395,4.3909,,318788.4929,
688048.SH,20260323,9.7746,15.243,,3366946.9113,
601169.SH,20260323,1.2011,1.7358,,11121209.7271,
001358.SZ,20260323,2.4101,2.6197,,315392.0,
001896.SZ,20260323,14.4204,37.7996,,2473291.5359,
603787.SH,20260323,10.6804,30.3069,,341073.0968,
300323.SZ,20260323,16.9118,16.9118,,1597030.8162,
688499.SH,20260323,3.6376,5.6286,,848198.2198,
601963.SH,20260323,0.8498,2.3186,,3724761.4491,
301459.SZ,20260323,7.593,7.593,,372547.872,
002454.SZ,20260323,2.5021,4.4629,,480864.924,
603949.SH,20260323,6.256,20.8026,,413043.9438,
300513.SZ,20260323,4.5164,4.5552,,265069.026,
600258.SH,20260323,1.9453,3.5075,,1765349.5422,
300848.SZ,20260323,2.6575,4.8394,,606744.6551,
300972.SZ,20260323,1.1901,2.3181,,3538353.7423,
600446.SH,20260323,2.019,2.6784,,1191644.6284,
300197.SZ,20260323,2.9052,4.4761,,510031.2698,
300401.SZ,20260323,3.5114,5.0249,,729880.0824,
002532.SZ,20260323,2.8782,4.0326,,7003279.7089,
002807.SZ,20260323,3.5991,3.8194,,1065783.0776,
601688.SH,20260323,1.2803,1.7848,,16483053.2732,
300251.SZ,20260323,2.8632,5.8007,,4324109.3488,
300454.SZ,20260323,4.8061,5.7878,,4369153.9122,
688229.SH,20260323,6.0529,11.6811,,362570.4,
000056.SZ,20260323,5.305,6.6348,,209307.4949,
920145.BJ,20260323,3.1043,5.0249,,104837.3,
600309.SH,20260323,1.4396,2.4755,,23481667.6666,
300106.SZ,20260323,4.7502,8.1646,,197173.0452,
600271.SH,20260323,1.7008,3.2104,,1545305.7881,
000791.SZ,20260323,6.1206,15.4122,,2633997.8705,
002625.SZ,20260323,1.8141,2.52,,8202515.9906,
600373.SH,20260323,1.2005,2.733,,1104834.1496,
300507.SZ,20260323,2.0167,3.1267,,626105.8813,
605338.SH,20260323,1.0429,2.9676,,578074.3554,
603489.SH,20260323,3.0396,11.3338,,720981.0495,
301303.SZ,20260323,5.6761,5.6847,,577634.4,
002158.SZ,20260323,1.5062,3.9087,,1190830.6576,
688356.SH,20260323,1.2044,2.1827,,535121.1261,
002637.SZ,20260323,7.9509,12.6042,,561658.794,
601005.SH,20260323,2.657,4.1698,,1221543.3998,
920171.BJ,20260323,3.8582,6.4524,,188438.4818,
688443.SH,20260323,3.1319,3.1319,,877098.56,
301390.SZ,20260323,6.0117,6.791,,209100.0,
300029.SZ,20260323,2.379,2.7274,,95240.5875,
002910.SZ,20260323,4.6708,8.3109,,201405.5274,
603357.SH,20260323,2.6488,5.0683,,426039.2108,
688233.SH,20260323,2.7567,4.7769,,1195546.2667,
600563.SH,20260323,4.4067,7.6754,,2700675.0,
688016.SH,20260323,2.1207,3.5533,,1257273.5934,
603630.SH,20260323,2.7061,6.5645,,334654.0059,
300709.SZ,20260323,5.9811,6.7974,,677505.1955,
600981.SH,20260323,2.0681,6.3456,,650305.6257,
300888.SZ,20260323,0.8091,2.6881,,1851808.7894,
600176.SH,20260323,3.1456,5.9781,,9379349.3537,
600637.SH,20260323,1.755,3.2924,,3126566.8298,
300857.SZ,20260323,6.1424,9.7793,,7217656.396,
600032.SH,20260323,6.8539,29.6043,,2587430.6486,
300138.SZ,20260323,2.9404,3.2742,,615469.5185,
300868.SZ,20260323,22.1947,30.445,,592801.616,
688078.SH,20260323,1.9298,3.6752,,168382.83,
920017.BJ,20260323,1.5097,2.6511,,195362.5182,
920627.BJ,20260323,3.3275,5.3512,,185122.0,
301395.SZ,20260323,4.0652,4.0652,,357475.8447,
301102.SZ,20260323,1.5237,6.0948,,421834.0,
600155.SH,20260323,1.8669,2.086,,1376823.4207,
600110.SH,20260323,7.3203,10.4372,,1280563.5278,
300266.SZ,20260323,3.0106,5.1012,,397774.6724,
000705.SZ,20260323,3.3737,3.7939,,270973.9849,
603439.SH,20260323,1.0026,1.9941,,428967.7966,
300204.SZ,20260323,2.9903,4.6989,,1078332.6566,
300328.SZ,20260323,5.5731,7.6512,,1132985.1276,
688151.SH,20260323,1.1683,3.9398,,653172.0,
603768.SH,20260323,1.8426,4.2126,,244380.6651,
002155.SZ,20260323,5.919,9.115,,4266038.0927,
300027.SZ,20260323,4.4188,4.4571,,410626.876,
688215.SH,20260323,2.5487,6.1093,,378721.973,
600800.SH,20260323,6.7376,10.8534,,462888.8551,
600716.SH,20260323,1.6083,3.3591,,391273.3266,
002701.SZ,20260323,1.4941,2.2485,,1256842.3903,
300979.SZ,20260323,0.2239,1.4432,,5042607.0,
600489.SH,20260323,3.0449,5.6217,,11589924.3405,
920014.BJ,20260323,13.8427,21.3129,,177423.4178,
003027.SZ,20260323,5.1792,7.395,,253472.2848,
600377.SH,20260323,0.351,2.8365,,5984844.03,
603163.SH,20260323,3.4316,12.7663,,1042000.0,
000739.SZ,20260323,1.1809,2.2387,,1899847.4646,
002314.SZ,20260323,2.811,4.4025,,639036.6731,
301353.SZ,20260323,6.3874,6.3874,,248104.0162,
600744.SH,20260323,8.2145,18.3111,,1618806.0464,
002276.SZ,20260323,2.6922,3.6239,,1393261.9646,
688352.SH,20260323,4.0929,4.0929,,1416143.41,
605077.SH,20260323,1.9235,3.084,,424269.9062,
002517.SZ,20260323,3.2065,3.5705,,3700319.6813,
301220.SZ,20260323,5.3883,6.3027,,447023.6098,
301212.SZ,20260323,2.5019,8.6871,,275184.0,
300042.SZ,20260323,15.1995,20.2363,,964124.4,
688450.SH,20260323,4.8018,7.0048,,189420.0,
002097.SZ,20260323,2.731,4.0295,,1020886.4008,
603669.SH,20260323,1.3955,3.2071,,292104.6851,
300826.SZ,20260323,2.4336,4.2323,,272789.7778,
688598.SH,20260323,3.0741,3.4944,,483437.7872,
688266.SH,20260323,1.632,2.4917,,2244990.1255,
603195.SH,20260323,0.225,1.3332,,7399773.739,
603200.SH,20260323,3.5268,7.2027,,1006729.3509,
920237.BJ,20260323,1.4018,3.8673,,161554.536,
601366.SH,20260323,1.8708,3.1123,,369492.0629,
600588.SH,20260323,1.6374,3.13,,3980801.9815,
002855.SZ,20260323,2.5799,7.0875,,271800.9092,
002865.SZ,20260323,8.0141,12.6609,,2444994.8385,
002012.SZ,20260323,3.7653,4.8243,,296474.548,
000785.SZ,20260323,1.4982,4.6051,,1569216.3011,
001328.SZ,20260323,2.4562,2.4562,,557843.112,
603823.SH,20260323,1.4248,4.4788,,621636.9821,
002371.SZ,20260323,1.0683,1.9932,,32210836.6224,
601669.SH,20260323,4.2749,6.9092,,10008398.5731,
920212.BJ,20260323,2.2373,3.9218,,118725.9,
301310.SZ,20260323,2.7908,3.2525,,482583.391,
002225.SZ,20260323,3.6367,4.2993,,565708.7037,
002644.SZ,20260323,2.1458,5.7112,,405461.658,
301296.SZ,20260323,1.02,2.4263,,311368.1175,
002998.SZ,20260323,4.5156,6.8972,,260196.2548,
603227.SH,20260323,3.2733,5.7259,,931300.9467,
603368.SH,20260323,1.8739,2.5131,,644674.0292,
002292.SZ,20260323,3.7839,4.5396,,1097195.1752,
000736.SZ,20260323,1.1578,2.42,,356365.9373,
002480.SZ,20260323,3.293,4.6746,,448425.3346,
603088.SH,20260323,5.7849,10.6878,,608391.8268,
002995.SZ,20260323,3.9659,5.3503,,416840.5735,
300776.SZ,20260323,5.7912,7.4301,,2070367.1365,
600293.SH,20260323,3.7054,5.1744,,358484.8192,
301049.SZ,20260323,6.1173,10.2001,,198968.7881,
600467.SH,20260323,4.8277,7.6578,,330184.7127,
603336.SH,20260323,1.982,3.5145,,494888.5023,
301595.SZ,20260323,8.2919,8.2919,,621743.76,
300962.SZ,20260323,1.8853,4.1168,,414218.9764,
001979.SZ,20260323,0.5691,1.4681,,7898044.1818,
688472.SH,20260323,6.3013,6.3013,,5366345.385,
603626.SH,20260323,6.0911,8.6504,,1094777.6284,
688347.SH,20260323,4.2715,5.0762,,19058349.8928,
688283.SH,20260323,1.704,3.3939,,458820.6,
002635.SZ,20260323,5.9178,7.6062,,844399.0733,
002463.SZ,20260323,4.3548,6.3701,,15441093.0209,
603959.SH,20260323,3.1906,4.1806,,277509.2295,
688361.SH,20260323,2.2669,2.7624,,5452041.6001,
300624.SZ,20260323,5.1737,6.4729,,1285493.2183,
000839.SZ,20260323,4.5503,7.1593,,1277863.3908,
300274.SZ,20260323,6.4199,7.1277,,34941905.3401,
301356.SZ,20260323,5.5103,5.5816,,427464.0,
600152.SH,20260323,14.1804,20.0522,,477229.5963,
300049.SZ,20260323,2.5142,2.7061,,1324879.5,
600540.SH,20260323,5.2755,9.5913,,259875.5011,
300741.SZ,20260323,1.4331,7.5843,,939832.88,
002686.SZ,20260323,4.0409,7.0779,,371452.8712,
300810.SZ,20260323,3.0849,5.5623,,368434.05,
920876.BJ,20260323,4.0184,6.6171,,150118.5614,
600927.SH,20260323,0.6825,4.4525,,2005755.5562,
688157.SH,20260323,1.3354,2.8306,,509183.1654,
002587.SZ,20260323,6.1219,6.7649,,420245.9806,
920199.BJ,20260323,4.6575,9.6695,,243696.8644,
603327.SH,20260323,1.7484,5.9381,,917913.3181,
601311.SH,20260323,3.2248,5.3419,,1073428.698,
002512.SZ,20260323,5.8841,8.1503,,419411.2303,
600966.SH,20260323,2.1996,4.2992,,867611.9429,
600358.SH,20260323,2.1928,3.1014,,289328.7062,
002893.SZ,20260323,15.2437,19.2722,,315840.72,
603389.SH,20260323,0.4664,1.1797,,1089369.792,
002825.SZ,20260323,2.7207,4.2084,,327873.7219,
605018.SH,20260323,1.5083,6.8695,,484167.7668,
002132.SZ,20260323,4.7091,6.1444,,497548.3678,
688020.SH,20260323,2.5488,5.3583,,634519.219,
300659.SZ,20260323,3.821,4.354,,341114.0152,
600118.SH,20260323,2.8442,5.8599,,9193853.0246,
300036.SZ,20260323,3.9895,4.0255,,736193.3258,
000837.SZ,20260323,2.218,4.0565,,1049747.6288,
688699.SH,20260323,3.3811,7.0044,,466894.2029,
300413.SZ,20260323,1.5501,2.6547,,3820011.9042,
920855.BJ,20260323,0.8436,2.7798,,109484.3328,
002324.SZ,20260323,3.1859,4.0244,,1588416.1621,
300004.SZ,20260323,5.3113,7.1498,,578872.2792,
300756.SZ,20260323,8.0001,8.0557,,671841.0243,
300915.SZ,20260323,3.1085,5.1273,,276972.2289,
001318.SZ,20260323,1.3408,4.4307,,362087.46,
300373.SZ,20260323,3.1196,5.9916,,3727365.8188,
002303.SZ,20260323,3.2724,3.4666,,529837.995,
603119.SH,20260323,6.0393,6.0393,,2571293.2584,
605117.SH,20260323,3.0186,7.6038,,12450738.065,
688162.SH,20260323,1.7918,4.2939,,391559.8134,
301276.SZ,20260323,6.946,10.9292,,281880.0,
920204.BJ,20260323,2.3473,3.3209,,137283.0324,
600595.SH,20260323,2.3684,3.9792,,2753430.8133,
603398.SH,20260323,5.6677,9.0831,,471368.3366,
002588.SZ,20260323,3.4229,5.3825,,1172626.0356,
002649.SZ,20260323,3.1222,3.1931,,648561.7415,
000672.SZ,20260323,1.9072,4.5466,,1188478.8217,
688083.SH,20260323,2.2741,3.9366,,840766.7952,
000892.SZ,20260323,4.5819,6.3056,,556215.9282,
600839.SH,20260323,2.0702,2.6964,,3919191.3445,
603063.SH,20260323,7.8606,9.7028,,1463917.1415,
688548.SH,20260323,5.9362,5.9362,,3113780.5096,
300677.SZ,20260323,3.8688,4.4185,,3523227.3082,
300058.SZ,20260323,6.8987,6.8987,,4889881.3112,
002032.SZ,20260323,0.314,1.8704,,3414395.3377,
002614.SZ,20260323,3.5517,4.1108,,366758.652,
002816.SZ,20260323,2.8847,3.4342,,210800.0,
000713.SZ,20260323,4.1019,5.7969,,497290.7323,
600420.SH,20260323,1.6193,3.6912,,1318372.7562,
301286.SZ,20260323,1.5853,5.8413,,1672017.9,
600423.SH,20260323,4.1704,5.7987,,273952.3939,
600491.SH,20260323,1.9306,2.8436,,416094.1638,
300746.SZ,20260323,2.1831,4.5743,,259147.6005,
688282.SH,20260323,2.2263,6.5351,,535920.0,
601133.SH,20260323,30.1082,30.1082,,900799.4313,
301033.SZ,20260323,2.1514,3.7323,,385401.2158,
002278.SZ,20260323,5.6622,7.7272,,430991.895,
301128.SZ,20260323,13.3863,25.1228,,1302842.7957,
300869.SZ,20260323,2.3302,3.2228,,513504.4858,
601633.SH,20260323,0.4161,2.3611,,17826047.8759,
603922.SH,20260323,3.2628,5.9314,,340480.0,
600789.SH,20260323,2.3576,3.0945,,824654.7348,
600916.SH,20260323,4.1628,8.6915,,1496880.0,
003016.SZ,20260323,1.5379,4.9855,,316232.2522,
605189.SH,20260323,1.78,5.4848,,246284.4782,
301421.SZ,20260323,7.1154,7.137,,943101.7,
300213.SZ,20260323,4.2439,4.3503,,438046.7544,
001285.SZ,20260323,4.4393,4.4393,,895125.2181,
002491.SZ,20260323,8.739,13.2669,,1158654.819,
688234.SH,20260323,1.6617,3.7949,,3552253.9275,
301255.SZ,20260323,4.4814,4.4814,,356581.12,
002766.SZ,20260323,2.6088,5.0059,,409324.1808,
002115.SZ,20260323,6.2404,6.9111,,929396.0665,
300904.SZ,20260323,8.4496,8.4496,,442261.5475,
688700.SH,20260323,6.0905,9.1733,,1458287.4463,
002408.SZ,20260323,3.4504,7.6606,,1671596.7943,
301488.SZ,20260323,8.1348,8.2956,,1162236.0,
688138.SH,20260323,1.2857,3.1793,,814702.4,
688018.SH,20260323,1.9773,3.2448,,2316602.1186,
603920.SH,20260323,4.1371,8.0616,,3595755.6618,
601377.SH,20260323,1.0926,1.5436,,5190228.3637,
300916.SZ,20260323,3.9223,6.2266,,412813.996,
300039.SZ,20260323,3.0893,4.444,,587852.0,
003026.SZ,20260323,6.1525,7.909,,436816.03,
688351.SH,20260323,0.8905,2.9926,,949200.2,
301099.SZ,20260323,9.3045,12.09,,675982.5662,
300132.SZ,20260323,3.4928,3.8521,,417397.3559,
605166.SH,20260323,2.4744,3.6377,,299625.479,
600326.SH,20260323,3.2016,4.161,,1203056.0855,
001373.SZ,20260323,11.5873,13.5099,,226185.9222,
920029.BJ,20260323,2.5665,2.5665,,1121370.9494,
301337.SZ,20260323,7.8306,9.1804,,275088.0,
300390.SZ,20260323,8.7721,10.7091,,4197783.7318,
301100.SZ,20260323,3.4528,6.0424,,357600.0,
300706.SZ,20260323,5.6412,7.9449,,480753.5009,
300069.SZ,20260323,4.1274,7.2685,,192465.0,
600730.SH,20260323,2.6789,3.3497,,486924.4817,
301520.SZ,20260323,3.753,3.753,,254333.3346,
300604.SZ,20260323,3.7781,4.2057,,7422510.5838,
920675.BJ,20260323,4.4583,7.1023,,168032.064,
301127.SZ,20260323,2.3607,4.2691,,1046832.381,
601298.SH,20260323,0.3209,2.6119,,5530417.2,
601117.SH,20260323,2.4984,4.4081,,5276159.564,
688209.SH,20260323,1.9362,5.0677,,835901.8624,
000722.SZ,20260323,7.2376,14.9326,,637753.4795,
300710.SZ,20260323,5.5863,5.8574,,268623.81,
600734.SH,20260323,3.4242,4.6853,,786367.4213,
301618.SZ,20260323,3.8496,4.0604,,418240.727,
603607.SH,20260323,3.4021,6.6684,,377920.0656,
300144.SZ,20260323,1.8518,2.8226,,1960636.214,
000402.SZ,20260323,0.9322,1.9014,,738265.687,
605162.SH,20260323,9.3398,36.8381,,416606.3221,
300592.SZ,20260323,3.4551,5.8357,,453289.2067,
600684.SH,20260323,4.6294,6.7188,,522067.0616,
920378.BJ,20260323,1.5129,2.3879,,130641.84,
002815.SZ,20260323,5.6321,6.9095,,1678445.8006,
688068.SH,20260323,1.5283,2.1931,,990862.4627,
002862.SZ,20260323,3.7393,4.5163,,257544.0,
300408.SZ,20260323,1.6505,2.5482,,9797134.5606,
600819.SH,20260323,1.2667,3.3875,,693497.5218,
300580.SZ,20260323,2.2321,5.2111,,1089035.748,
603086.SH,20260323,2.9316,4.4647,,303499.5738,
300103.SZ,20260323,5.1096,6.7931,,207393.453,
603982.SH,20260323,3.0253,5.0633,,265448.7794,
603022.SH,20260323,3.9704,6.6472,,193400.0,
300009.SZ,20260323,2.1801,2.4596,,1447363.7331,
603079.SH,20260323,3.0546,5.7634,,290349.5025,
300681.SZ,20260323,3.9547,4.1711,,625271.0596,
002560.SZ,20260323,6.0532,6.7176,,478947.8373,
300299.SZ,20260323,3.2875,4.6208,,397612.849,
002879.SZ,20260323,5.2144,5.9539,,378684.082,
920267.BJ,20260323,2.095,2.8946,,90669.055,
603352.SH,20260323,10.0487,10.0487,,874933.3346,
920057.BJ,20260323,1.7198,1.9362,,106764.0819,
300399.SZ,20260323,3.3615,6.1118,,411008.0,
920076.BJ,20260323,6.3592,6.3592,,174796.0862,
688201.SH,20260323,3.6492,6.2388,,425937.5749,
603387.SH,20260323,11.8987,21.2255,,440716.4063,
300767.SZ,20260323,3.7922,5.1142,,514177.6031,
300758.SZ,20260323,3.6989,6.0707,,517652.9747,
000528.SZ,20260323,2.6037,3.5181,,1835001.0468,
300133.SZ,20260323,3.7164,4.6705,,1319901.4157,
300956.SZ,20260323,2.5152,4.9182,,306553.5602,
600348.SH,20260323,1.9438,4.3704,,3322507.5,
002471.SZ,20260323,7.521,9.0472,,1049838.92,
300193.SZ,20260323,3.9416,4.6654,,390524.8401,
600095.SH,20260323,1.0557,3.4229,,2627593.5358,
301083.SZ,20260323,3.3534,5.0687,,301306.1339,
603075.SH,20260323,10.2025,10.2025,,784439.5833,
002033.SZ,20260323,6.1566,11.2404,,461572.1972,
688195.SH,20260323,9.0062,13.7983,,3143205.0,
002856.SZ,20260323,7.2143,11.2408,,141943.1356,
002600.SZ,20260323,1.8064,4.2508,,9243795.1947,
600754.SH,20260323,1.4603,3.1202,,2751049.9855,
002789.SZ,20260323,2.7324,5.7377,,178618.7122,
688072.SH,20260323,2.8492,4.5143,,9882071.57,
300240.SZ,20260323,3.7403,6.3731,,244859.9841,
301329.SZ,20260323,6.2775,6.2775,,349761.0,
300405.SZ,20260323,6.7406,8.0555,,168064.2486,
002393.SZ,20260323,2.9297,6.1568,,529083.3755,
920826.BJ,20260323,4.8855,5.1581,,136862.4028,
300724.SZ,20260323,16.3471,17.9197,,4472417.649,
001288.SZ,20260323,3.1148,5.4765,,678334.5808,
603214.SH,20260323,4.8581,7.5131,,202822.6127,
688677.SH,20260323,1.6251,2.462,,435273.387,
300780.SZ,20260323,7.4649,8.4688,,280873.05,
300365.SZ,20260323,7.0389,7.4661,,394105.0431,
300948.SZ,20260323,4.7891,7.3782,,322147.1699,
920454.BJ,20260323,2.2163,3.5906,,132636.2,
605299.SH,20260323,9.4994,31.4628,,599926.0827,
300663.SZ,20260323,4.1691,4.4142,,633947.9738,
688597.SH,20260323,3.0442,4.1637,,290691.9035,
301489.SZ,20260323,6.7277,6.9984,,1327270.558,
920022.BJ,20260323,6.2248,6.2248,,154904.328,
600035.SH,20260323,1.5489,3.3645,,598963.1152,
300293.SZ,20260323,1.7937,3.5516,,555376.9319,
002970.SZ,20260323,6.2307,9.1317,,1104416.4522,
600183.SH,20260323,2.5634,4.9954,,13566630.8996,
688216.SH,20260323,3.4094,7.4216,,297624.0344,
600470.SH,20260323,13.2756,17.818,,357817.6,
603248.SH,20260323,30.7012,30.7012,,1259020.0,
002230.SZ,20260323,2.3418,2.7444,,10738531.605,
300984.SZ,20260323,3.0064,4.6265,,640359.1224,
002387.SZ,20260323,1.5865,2.6476,,1051787.4204,
603918.SH,20260323,3.5929,4.7888,,474639.7838,
001229.SZ,20260323,4.0982,7.3417,,404580.9735,
002540.SZ,20260323,2.4235,3.4436,,750686.097,
600186.SH,20260323,9.9633,12.377,,1102550.2542,
300737.SZ,20260323,2.5107,3.8891,,624913.2558,
600708.SH,20260323,2.7549,5.8068,,724306.9415,
003012.SZ,20260323,1.2041,2.8792,,691874.7325,
002941.SZ,20260323,2.4504,4.1197,,1027489.6502,
000063.SZ,20260323,2.747,3.6055,,15331229.3128,
600918.SH,20260323,1.1925,1.724,,4735167.9156,
600520.SH,20260323,2.5861,3.3213,,377221.83,
600483.SH,20260323,1.1719,3.3924,,2813499.4536,
688480.SH,20260323,3.2909,7.3528,,812083.7189,
920701.BJ,20260323,1.2747,3.4838,,202918.8,
301533.SZ,20260323,5.2964,5.3811,,297476.0742,
600528.SH,20260323,1.6547,3.7933,,1657277.4846,
600903.SH,20260323,2.0934,6.16,,740606.0588,
301298.SZ,20260323,4.5462,5.6308,,212272.8,
605056.SH,20260323,1.6787,4.711,,879785.9868,
001337.SZ,20260323,3.6368,9.0344,,1879920.0,
300284.SZ,20260323,1.3879,2.5249,,795581.4976,
603677.SH,20260323,1.3796,5.26,,289671.701,
002567.SZ,20260323,3.7376,4.2116,,566055.3002,
601618.SH,20260323,1.6045,4.452,,6134191.2743,
002203.SZ,20260323,1.3688,2.2813,,2889903.4005,
300398.SZ,20260323,5.1244,6.4841,,1366907.891,
301020.SZ,20260323,1.3862,4.3344,,284308.8,
002331.SZ,20260323,3.4487,4.4639,,329892.4467,
688318.SH,20260323,1.222,3.9441,,2773773.8818,
603869.SH,20260323,0.3964,1.0877,,446187.279,
000807.SZ,20260323,2.2392,3.8676,,9467523.7157,
601136.SH,20260323,0.4477,2.5418,,4485400.7658,
002773.SZ,20260323,0.9101,1.9666,,2281190.6821,
600329.SH,20260323,0.9121,2.1441,,3126583.0854,
920541.BJ,20260323,2.1454,3.2556,,156931.6,
600336.SH,20260323,3.0688,5.0019,,524295.7032,
603150.SH,20260323,3.9044,6.4424,,398436.263,
920547.BJ,20260323,1.6901,2.6588,,159648.84,
601199.SH,20260323,1.976,5.6052,,515300.8709,
600936.SH,20260323,1.9256,2.9329,,613266.6297,
301629.SZ,20260323,13.5172,13.5172,,1110863.4884,
003004.SZ,20260323,1.168,2.3554,,233799.0315,
600161.SH,20260323,0.813,1.63,,2924532.3686,
002185.SZ,20260323,4.2805,5.5082,,3981641.4567,
002142.SZ,20260323,0.5208,1.0433,,19473989.2456,
002098.SZ,20260323,1.1993,2.8333,,304658.0,
002337.SZ,20260323,2.4328,3.8731,,339042.672,
002295.SZ,20260323,3.0286,4.329,,241844.44,
600080.SH,20260323,2.3377,3.1334,,289657.7412,
601908.SH,20260323,10.5482,19.523,,1055181.4503,
300074.SZ,20260323,5.1717,6.0974,,221135.2152,
600179.SH,20260323,1.6167,2.7034,,1768778.2772,
920123.BJ,20260323,2.2216,3.5294,,130390.26,
300937.SZ,20260323,4.7857,5.7599,,264040.0423,
603960.SH,20260323,4.9445,7.9403,,489261.2814,
603689.SH,20260323,2.3113,6.2878,,423267.4496,
603002.SH,20260323,4.2418,9.0483,,1036547.7572,
600584.SH,20260323,4.231,5.4614,,6993032.1396,
688606.SH,20260323,0.5705,1.2076,,495981.0289,
688621.SH,20260323,2.2214,3.0676,,625072.0,
600535.SH,20260323,1.1494,2.3087,,2019820.4068,
920305.BJ,20260323,16.3374,26.4986,,111063.5689,
301275.SZ,20260323,2.8379,4.2101,,1653696.0,
002779.SZ,20260323,1.8943,3.3573,,1567288.8,
002962.SZ,20260323,5.5396,6.4243,,394039.8906,
603065.SH,20260323,4.098,5.2168,,313387.7439,
300228.SZ,20260323,6.6897,6.8078,,537085.5686,
002791.SZ,20260323,3.3752,4.3276,,705292.8309,
688388.SH,20260323,5.7963,7.2655,,1620152.3465,
300554.SZ,20260323,7.3885,8.4886,,242242.7548,
605133.SH,20260323,1.8168,3.975,,712578.263,
300091.SZ,20260323,1.1705,1.8272,,832719.2046,
601033.SH,20260323,3.1369,3.1369,,1380600.0,
301038.SZ,20260323,1.7491,5.5105,,441475.32,
301239.SZ,20260323,1.535,2.9307,,478780.9536,
300606.SZ,20260323,17.5929,25.5704,,444096.5215,
301031.SZ,20260323,3.8533,4.9242,,1332466.249,
300907.SZ,20260323,2.2026,5.721,,251520.0,
000868.SZ,20260323,1.7691,2.6428,,396475.2182,
300702.SZ,20260323,1.8973,2.7676,,709177.45,
001319.SZ,20260323,3.9934,5.2646,,335259.4,
000715.SZ,20260323,2.4254,4.289,,290213.392,
603535.SH,20260323,1.0716,3.1409,,411800.0974,
300001.SZ,20260323,3.1212,4.6328,,2895339.9468,
000887.SZ,20260323,1.9172,3.2238,,2303857.0573,
605577.SH,20260323,1.4224,6.9193,,530222.2229,
603106.SH,20260323,1.6512,3.7214,,456496.04,
688568.SH,20260323,1.9388,4.518,,5010897.3333,
601101.SH,20260323,3.2163,8.7655,,1206718.262,
000795.SZ,20260323,2.0804,4.0105,,931888.3327,
603567.SH,20260323,1.8834,4.6107,,622939.6929,
301188.SZ,20260323,3.867,6.2397,,415484.3631,
603939.SH,20260323,0.6389,1.3202,,2847908.7117,
300441.SZ,20260323,1.4801,2.8316,,453024.3552,
301349.SZ,20260323,5.5655,13.4714,,533460.0,
603331.SH,20260323,6.3036,8.905,,289515.5108,
301248.SZ,20260323,12.4519,14.1544,,806029.02,
002565.SZ,20260323,26.6413,34.987,,1799861.1896,
603345.SH,20260323,1.8553,2.4737,,2726303.4638,
600375.SH,20260323,2.0438,2.3488,,787108.0412,
300648.SZ,20260323,3.1321,3.3798,,874892.628,
002382.SZ,20260323,5.8765,8.2347,,760389.2323,
002243.SZ,20260323,1.9398,3.9093,,1090754.4013,
688147.SH,20260323,1.9916,6.4269,,3039026.495,
002898.SZ,20260323,1.2694,2.0213,,206272.0,
002760.SZ,20260323,6.4816,8.4487,,210901.9428,
002963.SZ,20260323,4.855,8.0369,,197272.2282,
688728.SH,20260323,0.7501,2.2226,,3354756.8004,
301668.SZ,20260323,12.1524,12.1524,,569800.0,
300059.SZ,20260323,2.3552,2.5307,,30991717.8807,
600616.SH,20260323,2.0724,3.2645,,313094.3166,
300831.SZ,20260323,11.1516,11.1516,,523520.0,
688126.SH,20260323,1.1939,2.0363,,5740825.6336,
301011.SZ,20260323,2.1985,4.2221,,324022.5637,
000661.SZ,20260323,1.7516,2.4074,,3416884.7429,
301157.SZ,20260323,11.9316,11.9316,,329940.0,
301279.SZ,20260323,2.3131,6.111,,328239.6017,
000889.SZ,20260323,3.0198,4.0804,,284632.4993,
688679.SH,20260323,2.3498,4.8128,,569952.9134,
603177.SH,20260323,2.6033,6.2642,,213584.832,
002967.SZ,20260323,1.8128,3.449,,1268187.1045,
688709.SH,20260323,3.3188,4.1418,,2689404.9908,
688367.SH,20260323,2.91,4.2276,,301516.2486,
600017.SH,20260323,2.5525,4.5957,,922696.1664,
688570.SH,20260323,0.8234,1.2402,,727007.0,
300570.SZ,20260323,10.1621,12.5881,,2536098.5969,
601038.SH,20260323,1.7703,7.07,,1427029.4993,
600313.SH,20260323,7.4366,12.3496,,857093.9891,
301081.SZ,20260323,6.3445,14.3845,,313530.2896,
688608.SH,20260323,1.9265,3.1352,,2664348.8506,
601519.SH,20260323,1.9134,3.8231,,2062758.92,
002094.SZ,20260323,3.4594,4.4024,,429047.3779,
301535.SZ,20260323,15.189,15.189,,852714.7066,
603067.SH,20260323,3.7632,5.9979,,2176347.9682,
601677.SH,20260323,2.5529,3.0014,,1747150.6959,
000659.SZ,20260323,3.5533,4.2154,,474424.2299,
300076.SZ,20260323,4.5034,6.4074,,275600.0,
600658.SH,20260323,1.3682,2.6115,,498888.9301,
002697.SZ,20260323,3.2754,4.9901,,696320.0,
002376.SZ,20260323,3.7943,5.3536,,537402.9647,
300661.SZ,20260323,4.1955,6.342,,4350427.9409,
002515.SZ,20260323,2.7309,3.0293,,687628.8452,
002906.SZ,20260323,2.1253,4.928,,1408882.706,
600939.SH,20260323,1.0915,3.6487,,538400.4092,
603103.SH,20260323,1.0608,9.0666,,1393337.4,
301048.SZ,20260323,1.1358,4.5431,,515733.3978,
603686.SH,20260323,4.5137,5.4374,,734480.9543,
603879.SH,20260323,4.8565,7.1794,,189015.1754,
300196.SZ,20260323,5.0667,6.4654,,656808.0326,
002768.SZ,20260323,1.6545,2.4729,,1428527.5,
301566.SZ,20260323,9.1945,9.1945,,786419.66,
688306.SH,20260323,1.0368,2.5558,,1083345.4296,
002135.SZ,20260323,5.0556,8.8571,,700547.041,
003013.SZ,20260323,0.909,4.0873,,596604.5721,
000526.SZ,20260323,2.1362,3.3784,,375454.0768,
600353.SH,20260323,3.1394,5.408,,1143707.2573,
600750.SH,20260323,2.3306,4.1301,,1637339.8325,
002921.SZ,20260323,5.669,6.9722,,330266.7716,
002328.SZ,20260323,11.6958,13.232,,492389.26,
002024.SZ,20260323,0.6146,1.712,,1195155.0227,
603806.SH,20260323,3.3437,8.7832,,4987909.3332,
000563.SZ,20260323,2.0481,3.6288,,1656926.396,
600078.SH,20260323,5.1748,8.891,,720805.697,
603210.SH,20260323,4.4301,4.4301,,587530.4,
301080.SZ,20260323,2.6196,3.3912,,661522.1391,
603663.SH,20260323,2.5738,6.048,,1713940.6878,
600815.SH,20260323,10.8039,20.8998,,681252.2803,
002050.SZ,20260323,2.6574,4.749,,18094459.9205,
300788.SZ,20260323,3.4013,12.835,,570454.545,
603208.SH,20260323,2.1889,5.2542,,218276.7344,
688122.SH,20260323,2.2865,3.4049,,4435259.521,
920227.BJ,20260323,2.8015,4.5893,,216631.5645,
688681.SH,20260323,3.7589,5.7827,,183172.5,
002935.SZ,20260323,2.3564,4.1339,,732849.1338,
600496.SH,20260323,1.7038,2.4237,,758237.6117,
300966.SZ,20260323,3.8982,5.1965,,215345.1191,
920685.BJ,20260323,1.3441,1.7,,106707.5872,
300504.SZ,20260323,7.5077,13.6528,,390546.4198,
002223.SZ,20260323,1.294,2.1292,,3351280.3736,
002036.SZ,20260323,4.6519,5.0939,,934916.6815,
688207.SH,20260323,3.1965,4.3186,,357382.9429,
002401.SZ,20260323,1.5552,3.0497,,528140.8532,
688137.SH,20260323,2.4838,3.5982,,261403.5103,
600644.SH,20260323,9.8669,19.4115,,691671.6983,
301160.SZ,20260323,3.7831,4.463,,610135.4101,
600160.SH,20260323,1.2218,2.6323,,9206134.1362,
002843.SZ,20260323,11.1874,19.4972,,556591.7496,
603803.SH,20260323,29.9947,53.2136,,620754.8768,
600617.SH,20260323,17.8443,45.4117,,792897.8199,
001395.SZ,20260323,2.4051,2.8647,,327847.92,
600382.SH,20260323,2.6786,4.3934,,511084.3535,
603725.SH,20260323,3.0025,4.9813,,256080.4512,
300689.SZ,20260323,2.5221,5.1653,,505172.0,
002046.SZ,20260323,3.2157,6.3844,,2267014.9307,
000598.SZ,20260323,2.1526,5.0264,,1942589.6774,
920374.BJ,20260323,3.3288,3.8218,,151297.408,
002706.SZ,20260323,8.0498,8.9492,,1223083.1468,
000488.SZ,20260323,3.5347,4.8492,,820666.2798,
603608.SH,20260323,4.9616,6.8383,,406705.8408,
002064.SZ,20260323,1.1174,3.3684,,4704491.6144,
002045.SZ,20260323,2.3753,3.1674,,636730.9054,
603223.SH,20260323,1.0785,2.7984,,589204.313,
920976.BJ,20260323,2.5958,4.0793,,203565.3046,
600267.SH,20260323,2.0942,3.3681,,1138905.7862,
301322.SZ,20260323,3.4032,4.5013,,392780.3008,
603392.SH,20260323,0.339,1.2807,,4989294.0046,
600362.SH,20260323,2.2538,5.3774,,14699286.3242,
603041.SH,20260323,2.7945,4.7265,,211352.4366,
002835.SZ,20260323,3.5039,4.6086,,321778.1028,
920770.BJ,20260323,8.4809,9.7271,,224347.8697,
688080.SH,20260323,3.0402,4.213,,364597.8534,
688077.SH,20260323,2.6572,4.3899,,311381.5309,
688178.SH,20260323,2.6075,5.3969,,219294.4375,
688396.SH,20260323,1.3985,4.135,,5961009.5318,
002531.SZ,20260323,3.7478,7.6107,,1967582.1305,
603533.SH,20260323,5.6764,9.7818,,1039307.7053,
300298.SZ,20260323,1.3883,2.147,,865052.7205,
001220.SZ,20260323,11.4933,11.4933,,350425.13,
600452.SH,20260323,3.9984,6.8522,,1853069.2347,
688516.SH,20260323,6.9007,12.4954,,2619130.0082,
920821.BJ,20260323,2.4516,4.5502,,272019.4934,
600206.SH,20260323,4.1295,6.1715,,1616916.8641,
000559.SZ,20260323,2.5627,7.0719,,4916676.5725,
002981.SZ,20260323,2.6055,6.8312,,307831.4115,
301053.SZ,20260323,6.1983,16.662,,298176.6623,
603093.SH,20260323,3.0284,13.1527,,1471336.0307,
600269.SH,20260323,1.7516,3.8388,,1076622.6335,
300875.SZ,20260323,11.6651,20.7062,,433881.8278,
300557.SZ,20260323,5.0741,9.6833,,383030.3054,
300691.SZ,20260323,7.0282,9.3578,,407877.9293,
300563.SZ,20260323,4.1482,4.759,,529653.0176,
301357.SZ,20260323,11.5034,11.5034,,960758.4,
002725.SZ,20260323,7.8237,11.1221,,365312.0,
000010.SZ,20260323,7.075,8.4835,,495500.1379,
603218.SH,20260323,2.8481,7.0002,,1482661.0588,
301312.SZ,20260323,10.6725,17.5817,,950298.3593,
600036.SH,20260323,0.4643,0.8173,,97550362.7847,
603790.SH,20260323,2.9092,7.4694,,372577.92,
600853.SH,20260323,1.7992,3.2166,,373040.1449,
300783.SZ,20260323,2.9393,3.534,,704930.6745,
300700.SZ,20260323,4.6182,4.6944,,486360.3082,
600873.SH,20260323,2.2987,3.4329,,3090274.2983,
002932.SZ,20260323,1.7922,2.2129,,386217.3096,
002597.SZ,20260323,1.9272,3.4718,,1206543.101,
920751.BJ,20260323,1.421,2.2607,,173560.0,
601869.SH,20260323,3.5253,13.3038,,17559867.3407,
920091.BJ,20260323,9.2413,9.2413,,377519.2584,
600777.SH,20260323,1.4365,5.7304,,4189105.4282,
600759.SH,20260323,11.8554,13.5131,,2829624.329,
603059.SH,20260323,2.2427,7.9782,,305765.8428,
600096.SH,20260323,4.1677,6.7611,,6688552.992,
601811.SH,20260323,0.6548,4.5019,,1574381.116,
600355.SH,20260323,11.4738,13.4483,,40351.3144,
300534.SZ,20260323,2.8975,4.6469,,260573.355,
300525.SZ,20260323,3.4954,3.6826,,766038.0128,
300763.SZ,20260323,11.2452,16.9321,,4500048.4597,
000088.SZ,20260323,2.6036,5.9452,,2277373.7055,
300548.SZ,20260323,7.3791,9.1249,,3970603.9426,
001336.SZ,20260323,5.8227,8.6243,,194182.376,
002072.SZ,20260323,2.161,4.1629,,248551.68,
000155.SZ,20260323,2.814,4.6482,,2481250.2516,
600327.SH,20260323,2.0765,3.7554,,325598.8626,
600859.SH,20260323,2.0187,3.0206,,1347593.7774,
601718.SH,20260323,1.32,2.6913,,1273432.2949,
002311.SZ,20260323,0.9058,2.0028,,8644844.8441,
688001.SH,20260323,1.3685,6.9271,,1253016.8674,
600266.SH,20260323,2.3623,4.3352,,998432.6269,
688750.SH,20260323,2.7996,4.0364,,780700.0,
603655.SH,20260323,3.8449,11.8822,,387536.0,
603267.SH,20260323,3.2699,5.199,,1132758.5326,
603008.SH,20260323,4.1081,6.4551,,674343.4485,
920118.BJ,20260323,2.1578,2.5569,,104133.216,
301359.SZ,20260323,5.2736,9.1543,,226892.288,
301368.SZ,20260323,3.7683,3.7683,,623078.8,
600847.SH,20260323,5.8456,10.6603,,198660.4704,
300414.SZ,20260323,3.217,5.6318,,416326.8581,
000415.SZ,20260323,2.2568,3.4466,,2411963.3,
000429.SZ,20260323,0.7415,1.9413,,2546601.8615,
601952.SH,20260323,1.6629,5.1714,,1360086.0,
300192.SZ,20260323,3.2538,4.933,,558885.3726,
300693.SZ,20260323,7.298,7.6694,,1381931.946,
301292.SZ,20260323,25.3455,25.3455,,1471120.5221,
688110.SH,20260323,4.622,7.0534,,5242428.6313,
002005.SZ,20260323,0.937,1.4653,,471402.2868,
002151.SZ,20260323,8.6888,9.3909,,2041887.9438,
300393.SZ,20260323,7.4088,9.2559,,1049311.1458,
300675.SZ,20260323,3.8885,6.8048,,204160.0464,
002859.SZ,20260323,2.9063,6.2359,,1655478.5105,
000557.SZ,20260323,2.2739,4.3501,,656268.6308,
688500.SH,20260323,2.702,4.0837,,362930.1422,
002255.SZ,20260323,5.283,5.5567,,892366.2531,
002059.SZ,20260323,2.5292,5.758,,470782.188,
301006.SZ,20260323,5.6155,8.8003,,216998.24,
002793.SZ,20260323,2.4509,3.9522,,462225.1066,
688025.SH,20260323,4.232,6.5115,,1880552.8341,
920252.BJ,20260323,3.4431,5.7454,,265351.969,
002830.SZ,20260323,5.3554,8.0022,,267346.7,
601515.SH,20260323,2.8048,5.5784,,731298.855,
002696.SZ,20260323,5.1971,9.3817,,217861.8628,
002900.SZ,20260323,3.4075,5.7517,,338815.7231,
002741.SZ,20260323,3.7786,5.485,,812393.9756,
603656.SH,20260323,2.3588,4.1742,,380709.29,
600844.SH,20260323,9.2249,12.9305,,409659.2687,
600033.SH,20260323,2.0231,4.5885,,957795.6,
688398.SH,20260323,1.8488,3.487,,376239.2144,
300498.SZ,20260323,1.4099,1.5611,,11158636.0201,
601168.SH,20260323,2.6976,3.9057,,5878861.0,
301388.SZ,20260323,15.5223,19.0983,,334901.2044,
603135.SH,20260323,2.2631,3.1919,,622206.1955,
600438.SH,20260323,1.775,3.2412,,8076570.2197,
603012.SH,20260323,5.1587,6.6346,,462894.0,
002488.SZ,20260323,3.3663,4.7281,,1107923.6793,
002345.SZ,20260323,2.7565,4.4373,,841421.5335,
300087.SZ,20260323,2.7764,4.8312,,757865.4008,
688620.SH,20260323,3.7271,3.7271,,393568.0,
688683.SH,20260323,1.0756,2.4064,,497308.9086,
600283.SH,20260323,1.7684,4.2228,,498573.3343,
600063.SH,20260323,3.8842,5.8179,,1369748.4692,
002961.SZ,20260323,5.416,18.3702,,1286766.4022,
002670.SZ,20260323,1.1141,3.1174,,2714923.7682,
920146.BJ,20260323,2.4842,3.2685,,88823.7115,
688076.SH,20260323,1.2881,2.0536,,904224.4773,
300519.SZ,20260323,3.4425,5.2512,,226400.0,
300468.SZ,20260323,6.1833,7.7322,,1811636.6249,
300123.SZ,20260323,3.6984,4.2549,,619231.4785,
920924.BJ,20260323,2.5259,3.1162,,197425.56,
300188.SZ,20260323,1.8273,3.1075,,1061454.4779,
603118.SH,20260323,6.3386,11.0685,,869153.1522,
300781.SZ,20260323,3.5069,5.59,,558524.5067,
002999.SZ,20260323,5.6429,8.8012,,226977.576,
603021.SH,20260323,4.0598,6.8593,,215325.0511,
000936.SZ,20260323,2.8919,4.7115,,612234.9049,
605287.SH,20260323,5.3642,10.4872,,540960.0,
002593.SZ,20260323,3.7848,5.3494,,404340.5886,
688589.SH,20260323,3.2356,4.1048,,307514.7907,
000032.SZ,20260323,3.0946,5.5481,,2087678.0563,
600518.SH,20260323,2.2283,2.9865,,2350912.4373,
603036.SH,20260323,2.127,2.7433,,359068.5016,
920018.BJ,20260323,3.7272,3.7272,,354867.4949,
600178.SH,20260323,1.2808,2.6102,,484202.2551,
002474.SZ,20260323,5.3978,5.6847,,461672.4,
300238.SZ,20260323,3.6693,4.9961,,385006.0779,
002162.SZ,20260323,3.0153,6.295,,397310.8169,
300770.SZ,20260323,1.8777,3.4754,,876722.8982,
600925.SH,20260323,2.127,2.774,,3265333.3334,
688381.SH,20260323,2.0718,2.6181,,505642.5,
002564.SZ,20260323,2.1623,3.0423,,542827.6295,
688159.SH,20260323,4.558,6.449,,359092.5893,
600889.SH,20260323,1.9662,3.3875,,778434.997,
000593.SZ,20260323,6.3065,9.8481,,492400.3754,
688183.SH,20260323,1.9379,6.6663,,6746069.7293,
300533.SZ,20260323,4.2958,4.9912,,636095.3246,
603256.SH,20260323,1.7686,10.9707,,5497171.8263,
600316.SH,20260323,2.9421,5.6746,,2685593.8474,
300502.SZ,20260323,5.4306,5.5859,,45768164.7617,
601888.SH,20260323,1.2546,2.6864,,14704566.8496,
002402.SZ,20260323,4.2166,4.4009,,2616726.3466,
920089.BJ,20260323,2.5387,2.9039,,262614.324,
000790.SZ,20260323,4.448,5.4176,,223291.5323,
603229.SH,20260323,1.0558,2.2668,,724019.1104,
600818.SH,20260323,3.4695,3.8346,,271944.9319,
002317.SZ,20260323,3.4944,4.121,,1421083.7575,
920895.BJ,20260323,3.5379,5.1374,,91794.976,
601137.SH,20260323,2.1762,3.6802,,1679487.0068,
603898.SH,20260323,2.5447,7.7273,,463904.1424,
600666.SH,20260323,19.1237,22.5733,,1199631.0638,
603909.SH,20260323,2.2039,3.8527,,260673.14,
601066.SH,20260323,0.2543,1.5846,,16870811.1835,
603061.SH,20260323,2.2252,4.0556,,1352400.0,
605086.SH,20260323,1.2554,4.6317,,573081.6,
688223.SH,20260323,4.0306,10.6057,,7720859.9069,
601399.SH,20260323,1.3275,4.0892,,3094615.4768,
002820.SZ,20260323,4.985,7.5518,,202475.2414,
920167.BJ,20260323,6.9778,12.7328,,212571.198,
002198.SZ,20260323,5.0955,6.558,,355256.8936,
601866.SH,20260323,1.5782,4.2416,,3418192.8574,
688599.SH,20260323,3.559,5.6576,,4340777.9222,
601699.SH,20260323,2.1252,5.6608,,4463182.5264,
300667.SZ,20260323,7.1493,8.0736,,296722.2566,
688787.SH,20260323,5.4306,8.569,,781331.7314,
300755.SZ,20260323,1.128,3.7627,,522665.1936,
600163.SH,20260323,6.0247,17.701,,1225529.5161,
301063.SZ,20260323,5.4694,9.0358,,242429.9619,
688757.SH,20260323,6.1467,6.1467,,1048609.8636,
688531.SH,20260323,4.1674,4.1674,,1052846.2642,
300318.SZ,20260323,1.6477,3.5484,,456647.3767,
300610.SZ,20260323,6.7442,7.3262,,227908.4588,
603915.SH,20260323,1.4457,4.0483,,932418.1216,
300510.SZ,20260323,6.2905,9.2249,,362039.2173,
301226.SZ,20260323,11.5448,23.9301,,389504.0,
600337.SH,20260323,3.4804,6.4795,,333383.5678,
920179.BJ,20260323,4.2421,5.7704,,291033.54,
688580.SH,20260323,2.1885,5.8046,,475791.7588,
300849.SZ,20260323,3.2998,5.3295,,275400.0,
002633.SZ,20260323,3.0617,6.3519,,257550.0,
301607.SZ,20260323,6.1654,7.6564,,660070.4346,
300543.SZ,20260323,13.9165,15.4333,,321996.272,
920992.BJ,20260323,2.7566,4.3216,,128168.4876,
002309.SZ,20260323,3.046,3.2503,,1260211.7963,
688309.SH,20260323,4.601,9.0546,,420032.713,
002800.SZ,20260323,3.8594,7.6873,,327953.1063,
000755.SZ,20260323,1.1032,4.8645,,735122.4082,
002996.SZ,20260323,5.5885,7.8489,,440489.4381,
688486.SH,20260323,1.5601,3.252,,786633.3238,
600012.SH,20260323,0.5834,2.7735,,2593642.4875,
002405.SZ,20260323,6.6731,7.3876,,2358795.5699,
600105.SH,20260323,9.1498,12.1792,,3701770.8387,
601999.SH,20260323,3.5604,10.9633,,385089.3753,
603969.SH,20260323,1.9189,3.2083,,747603.968,
002216.SZ,20260323,2.3006,4.6912,,1019853.4957,
600547.SH,20260323,2.3272,5.142,,17075178.9606,
001382.SZ,20260323,20.3632,20.3632,,880032.0,
001289.SZ,20260323,0.224,8.4684,,14980790.5659,
000685.SZ,20260323,1.7087,3.384,,1545916.6958,
002986.SZ,20260323,3.9975,4.6699,,560298.9318,
301325.SZ,20260323,4.7298,4.7298,,631976.5627,
300268.SZ,20260323,1.358,1.939,,224369.6,
600202.SH,20260323,4.6932,7.1141,,207770.6442,
600675.SH,20260323,0.9225,3.2978,,1541764.5094,
603018.SH,20260323,2.2707,2.2707,,493017.2066,
301187.SZ,20260323,1.1359,3.952,,493296.3709,
002795.SZ,20260323,5.9834,8.3723,,295047.2012,
300575.SZ,20260323,5.941,6.7407,,272362.6604,
300247.SZ,20260323,2.6208,3.0672,,340913.0927,
603038.SH,20260323,2.4117,4.1443,,368087.6352,
002030.SZ,20260323,1.7812,2.6052,,797157.3462,
600157.SH,20260323,8.0419,9.8624,,4036286.3668,
001208.SZ,20260323,7.3511,7.4707,,1168181.2906,
002772.SZ,20260323,6.6404,10.4101,,681487.2751,
603212.SH,20260323,6.4263,10.1186,,613799.3623,
920099.BJ,20260323,2.9975,3.9807,,233553.594,
002394.SZ,20260323,5.2291,8.7886,,418544.1,
002723.SZ,20260323,5.875,8.4819,,286485.5931,
300050.SZ,20260323,10.682,12.9609,,349791.593,
603819.SH,20260323,2.7843,5.5743,,237761.3642,
920656.BJ,20260323,2.0858,2.7012,,146200.0,
000612.SZ,20260323,5.1202,6.7837,,1285190.9467,
301101.SZ,20260323,1.5343,3.8299,,644435.6958,
605337.SH,20260323,1.5847,4.0779,,401025.1366,
300239.SZ,20260323,2.1729,2.9753,,305114.4776,
601333.SH,20260323,2.162,4.0428,,2068392.804,
688678.SH,20260323,5.4641,8.1954,,743443.5611,
301391.SZ,20260323,1.5826,4.3569,,600018.5315,
300583.SZ,20260323,2.4144,4.5092,,245284.8489,
300636.SZ,20260323,2.8505,3.5819,,303204.9794,
002952.SZ,20260323,6.52,16.2974,,405919.8,
603788.SH,20260323,1.2116,2.4831,,319652.2424,
605259.SH,20260323,2.5738,5.9052,,351859.2,
002117.SZ,20260323,2.0973,3.0328,,524244.676,
920925.BJ,20260323,3.8284,5.5866,,160293.9268,
002634.SZ,20260323,4.5974,5.9867,,270558.6302,
000859.SZ,20260323,5.2109,7.3511,,811754.5015,
688360.SH,20260323,1.9438,3.7765,,445730.1772,
688737.SH,20260323,2.3105,3.6772,,279661.3866,
300286.SZ,20260323,5.4824,7.7361,,684391.3235,
603883.SH,20260323,1.5762,3.0141,,978209.5142,
300517.SZ,20260323,5.6303,7.0493,,211235.8005,
600638.SH,20260323,1.9577,3.1275,,387876.5487,
300417.SZ,20260323,9.1423,11.0159,,156766.128,
002756.SZ,20260323,7.8145,8.9189,,3450249.856,
920245.BJ,20260323,0.9057,1.8851,,117280.2,
688022.SH,20260323,3.1732,4.3017,,238842.764,
002404.SZ,20260323,2.5563,3.8989,,350592.2647,
600057.SH,20260323,1.148,2.6208,,2144644.9509,
000921.SZ,20260323,1.6074,3.9496,,2931751.099,
002496.SZ,20260323,0.9448,1.0467,,287949.6283,
601018.SH,20260323,0.3874,2.4562,,7684483.4176,
600749.SH,20260323,3.7733,6.8687,,336135.9307,
002657.SZ,20260323,3.7017,4.0438,,737912.8292,
001259.SZ,20260323,3.5329,6.967,,227095.3084,
000981.SZ,20260323,4.2314,7.3482,,4018983.297,
301032.SZ,20260323,4.8958,8.8757,,283090.6116,
000408.SZ,20260323,1.847,4.1494,,11077942.631,
600117.SH,20260323,1.0518,2.8894,,800758.2548,
000601.SZ,20260323,29.5257,41.9622,,780163.6565,
600919.SH,20260323,0.8607,1.1923,,19085377.4415,
300980.SZ,20260323,4.8115,5.6699,,455200.9578,
605266.SH,20260323,2.2354,4.44,,277868.1845,
603326.SH,20260323,2.8798,9.0083,,266831.9135,
688236.SH,20260323,1.0704,5.8227,,690039.7315,
002241.SZ,20260323,2.7547,3.5304,,7917425.1332,
001914.SZ,20260323,1.5674,4.2216,,1020000.8225,
920247.BJ,20260323,1.9088,4.7104,,297285.8412,
603171.SH,20260323,1.21,4.7372,,1978900.15,
000735.SZ,20260323,3.3704,4.2902,,764605.0158,
603303.SH,20260323,0.8249,3.4287,,628612.9499,
002099.SZ,20260323,1.7102,2.8401,,1040833.9077,
920726.BJ,20260323,3.2892,6.6782,,165722.1,
300997.SZ,20260323,1.545,4.7861,,818512.8717,
600548.SH,20260323,0.6823,4.2389,,2284070.5143,
920080.BJ,20260323,3.5936,3.5936,,190153.0,
600381.SH,20260323,0.525,0.9021,,185511.1942,
600602.SH,20260323,5.8012,10.3523,,2818774.9908,
002707.SZ,20260323,3.7062,4.825,,603387.0303,
000603.SZ,20260323,5.8497,9.874,,2421102.4351,
301002.SZ,20260323,5.6803,7.1663,,431257.6229,
000042.SZ,20260323,1.8642,3.9982,,559122.9879,
601069.SH,20260323,2.6654,8.8673,,2656473.4427,
002205.SZ,20260323,2.2306,3.1961,,225613.6788,
301066.SZ,20260323,3.2356,6.457,,308688.9679,
301238.SZ,20260323,1.7388,5.977,,1383799.9371,
600980.SH,20260323,3.3833,6.4487,,380608.9508,
600252.SH,20260323,2.3528,3.3738,,735541.6692,
002136.SZ,20260323,6.7411,9.9398,,258669.06,
300199.SZ,20260323,4.0244,4.288,,1532423.718,
603080.SH,20260323,2.7424,5.1686,,300404.5,
002827.SZ,20260323,1.6555,3.9207,,838341.196,
688433.SH,20260323,3.0203,4.8761,,3100053.468,
603868.SH,20260323,0.6144,6.1388,,1424412.0,
603506.SH,20260323,2.2267,5.7494,,214442.2236,
688358.SH,20260323,1.4676,4.9698,,310139.4456,
605277.SH,20260323,4.446,9.6576,,686854.2399,
605167.SH,20260323,1.9312,5.169,,741863.64,
603650.SH,20260323,1.6243,4.1633,,2957198.256,
920469.BJ,20260323,2.0703,2.7889,,121636.398,
300804.SZ,20260323,13.6629,13.6629,,314944.0,
002596.SZ,20260323,4.0105,5.5728,,416571.728,
603658.SH,20260323,0.5033,1.7394,,1871987.54,
002912.SZ,20260323,3.438,5.1614,,438661.888,
002227.SZ,20260323,2.7614,5.9416,,215343.5617,
300822.SZ,20260323,1.2971,4.0987,,424935.3768,
601188.SH,20260323,2.9651,5.9773,,415139.433,
300983.SZ,20260323,1.561,3.3748,,471398.4,
301122.SZ,20260323,3.0857,5.2752,,351578.5124,
002010.SZ,20260323,1.4436,3.5123,,1520216.9994,
601611.SH,20260323,2.7317,8.2157,,4345948.9337,
600693.SH,20260323,3.8722,8.6158,,909859.1733,
002940.SZ,20260323,2.7159,4.6084,,552331.7733,
000039.SZ,20260323,2.9462,3.817,,5689109.0062,
002508.SZ,20260323,0.7451,1.5696,,1875703.7483,
603020.SH,20260323,2.8297,4.288,,360243.5076,
688809.SH,20260323,4.7064,4.7064,,4314324.69,
300515.SZ,20260323,1.9211,3.7892,,347725.105,
688562.SH,20260323,3.9032,3.9032,,710800.0,
301338.SZ,20260323,6.8215,11.088,,1714955.2,
000911.SZ,20260323,3.136,6.7022,,248598.607,
601555.SH,20260323,1.5217,2.1232,,3880556.9157,
002980.SZ,20260323,13.9568,22.3611,,676162.1412,
600425.SH,20260323,2.3146,3.8001,,643486.1865,
002606.SZ,20260323,6.2057,8.613,,483419.6152,
920703.BJ,20260323,1.9362,2.9929,,200915.092,
002543.SZ,20260323,2.4635,6.7476,,671470.8,
002642.SZ,20260323,3.0884,3.911,,482292.0482,
688123.SH,20260323,7.0548,9.2484,,1772635.6928,
688777.SH,20260323,3.2674,4.2241,,5000317.8106,
920078.BJ,20260323,42.8088,42.8088,,312240.0,
301339.SZ,20260323,1.3393,4.5408,,739924.983,
603808.SH,20260323,2.2347,5.0432,,317788.968,
688280.SH,20260323,5.2355,6.2782,,560710.5837,
920160.BJ,20260323,5.1529,5.1529,,244118.4,
600048.SH,20260323,1.2894,2.1752,,7086502.5035,
603153.SH,20260323,0.7112,2.9056,,616021.2423,
002555.SZ,20260323,3.1633,3.597,,4696580.5968,
300830.SZ,20260323,6.6199,8.0132,,468351.4546,
002811.SZ,20260323,3.8595,8.2117,,384346.5662,
301499.SZ,20260323,10.0301,10.0301,,405916.2866,
002667.SZ,20260323,9.0177,11.445,,684052.6875,
002523.SZ,20260323,2.7049,3.9793,,541156.7856,
600272.SH,20260323,2.6979,4.866,,312030.5107,
600969.SH,20260323,3.7084,5.8329,,359689.0704,
300439.SZ,20260323,2.8866,3.8013,,353573.3098,
600022.SH,20260323,1.9278,4.6676,,1572730.8844,
688146.SH,20260323,7.7719,7.7719,,2227764.7071,
688698.SH,20260323,2.3328,5.4487,,1378520.6873,
603363.SH,20260323,4.2579,6.5923,,1012552.1503,
300007.SZ,20260323,5.0861,5.6523,,1382475.4034,
000595.SZ,20260323,1.4782,2.7765,,669529.9432,
300856.SZ,20260323,2.9038,7.3237,,567494.857,
603283.SH,20260323,4.552,7.4295,,1109915.3171,
603381.SH,20260323,18.23,25.0751,,602631.068,
002340.SZ,20260323,3.9093,4.2738,,3893843.4658,
688330.SH,20260323,2.5994,5.0654,,642180.0,
002927.SZ,20260323,3.4806,7.1532,,382105.0122,
301392.SZ,20260323,5.0968,5.0968,,1097900.0,
002014.SZ,20260323,1.0929,2.5836,,710490.5646,
300902.SZ,20260323,5.4882,8.3634,,307429.497,
001213.SZ,20260323,1.0653,6.1936,,1742222.222,
002851.SZ,20260323,3.778,4.3543,,5631201.5698,
300447.SZ,20260323,5.7148,7.3071,,544356.9836,
002761.SZ,20260323,1.5635,2.7492,,993653.4075,
600072.SH,20260323,3.1277,4.3473,,1835294.5941,
002343.SZ,20260323,3.2171,4.3997,,280418.7293,
002334.SZ,20260323,5.5459,5.6793,,650787.8146,
600745.SH,20260323,2.1418,2.9811,,3904472.1978,
000777.SZ,20260323,3.8879,5.344,,851953.8916,
688133.SH,20260323,3.4405,4.7927,,314074.6261,
002648.SZ,20260323,2.268,4.575,,8647313.4862,
920576.BJ,20260323,1.6694,6.5269,,658602.75,
603151.SH,20260323,1.9591,4.2057,,278370.092,
002785.SZ,20260323,4.4324,5.3675,,850503.7153,
300209.SZ,20260323,10.5222,11.3241,,963924.2988,
600037.SH,20260323,2.1734,3.5052,,981203.4082,
920262.BJ,20260323,3.1304,5.3475,,128828.8408,
002247.SZ,20260323,6.8834,8.604,,222927.9528,
688232.SH,20260323,1.0212,2.8261,,706428.4532,
601689.SH,20260323,1.6112,3.8728,,9914351.9839,
300705.SZ,20260323,2.5657,3.534,,663886.3242,
002624.SZ,20260323,2.9468,4.0044,,3270786.7291,
000987.SZ,20260323,1.0564,4.1346,,4078928.6916,
002265.SZ,20260323,0.8817,4.017,,2083642.5009,
603901.SH,20260323,2.4832,4.9953,,589592.3603,
001366.SZ,20260323,5.2178,15.0574,,199885.92,
601608.SH,20260323,1.1467,3.2192,,2711095.6347,
000886.SZ,20260323,2.6636,3.6497,,548799.7065,
601968.SH,20260323,1.3283,2.8714,,627683.4943,
000801.SZ,20260323,1.9319,3.7794,,1397446.5436,
601021.SH,20260323,1.4641,3.3165,,4271403.7248,
000665.SZ,20260323,2.3939,4.048,,524225.9172,
688545.SH,20260323,2.7746,3.2157,,1595520.0,
688295.SH,20260323,3.1833,18.646,,4988700.0,
688626.SH,20260323,1.6158,4.2752,,857760.0,
688775.SH,20260323,4.143,4.143,,7264115.0,
300900.SZ,20260323,13.6689,14.3025,,1219447.3628,
603798.SH,20260323,2.1285,4.5265,,309791.1772,
600862.SH,20260323,1.8365,3.3103,,2901721.2899,
300159.SZ,20260323,1.7637,1.9682,,947641.2569,
000034.SZ,20260323,3.7793,4.0376,,2388813.1942,
600721.SH,20260323,3.7235,4.9371,,327250.0374,
002608.SZ,20260323,0.9288,5.2855,,3014907.6038,
920509.BJ,20260323,2.6652,3.889,,456871.2336,
920693.BJ,20260323,2.4988,4.1023,,189892.4,
002554.SZ,20260323,4.3409,6.2483,,472136.9055,
688790.SH,20260323,8.2374,8.2374,,1283859.2435,
300726.SZ,20260323,3.0957,5.1928,,1725608.9506,
603124.SH,20260323,2.8646,2.8646,,1411396.5071,
301382.SZ,20260323,7.5528,8.7009,,939032.7531,
301515.SZ,20260323,5.1188,6.2075,,205000.0,
300279.SZ,20260323,7.4533,10.1175,,460242.6201,
301529.SZ,20260323,4.9529,5.8702,,803408.3787,
300619.SZ,20260323,4.1114,5.0935,,664678.6936,
300562.SZ,20260323,5.1142,5.5507,,263648.1077,
300958.SZ,20260323,6.1948,6.6116,,194510.0945,
603888.SH,20260323,2.2952,6.0754,,1288749.9009,
300802.SZ,20260323,4.7816,6.6149,,498557.3375,
000401.SZ,20260323,1.4228,3.9401,,1329108.389,
600191.SH,20260323,1.9786,4.2393,,543608.772,
300355.SZ,20260323,3.8019,4.0688,,580735.6333,
920299.BJ,20260323,6.4551,9.273,,226895.157,
300476.SZ,20260323,3.9665,5.7544,,22810393.2764,
300416.SZ,20260323,3.403,4.8755,,802488.4379,
600250.SH,20260323,6.3555,13.4213,,348762.4155,
605358.SH,20260323,2.6393,3.5346,,2223601.9356,
603682.SH,20260323,3.1972,7.6123,,291060.0,
605289.SH,20260323,5.3157,10.7164,,1108606.275,
301518.SZ,20260323,5.8533,5.9467,,560057.6328,
688298.SH,20260323,1.465,2.848,,450979.2,
603505.SH,20260323,2.0968,4.6282,,1450195.3648,
600573.SH,20260323,5.3559,10.7285,,272500.0,
300249.SZ,20260323,9.4205,11.8074,,731650.558,
000059.SZ,20260323,3.2519,6.1399,,841306.7745,
600830.SH,20260323,2.206,3.2194,,384357.044,
688061.SH,20260323,8.4032,8.4032,,365118.4846,
600868.SH,20260323,6.732,7.2495,,652963.1456,
605168.SH,20260323,2.4885,5.396,,657748.9963,
600714.SH,20260323,9.1528,14.131,,541771.3932,
603665.SH,20260323,2.1859,3.7739,,440638.7409,
603121.SH,20260323,2.3712,4.9253,,554856.7589,
002937.SZ,20260323,2.694,5.7781,,690251.0243,
300358.SZ,20260323,3.3234,4.9185,,637147.4888,
600369.SH,20260323,0.9326,1.7733,,2671333.8678,
301015.SZ,20260323,0.7996,3.2114,,1060709.3874,
300450.SZ,20260323,3.2089,4.7221,,7900650.947,
600359.SH,20260323,4.4142,7.3961,,244931.2304,
601949.SH,20260323,0.9942,4.336,,1140476.8643,
603899.SH,20260323,0.72,1.9785,,2231511.2235,
000862.SZ,20260323,33.1601,43.6053,,800456.4949,
300048.SZ,20260323,5.8699,7.2053,,803347.7182,
002976.SZ,20260323,3.9558,6.2528,,369012.1935,
300030.SZ,20260323,6.721,8.6671,,218286.2444,
920187.BJ,20260323,7.7044,7.7044,,224016.0,
300387.SZ,20260323,6.5658,10.7947,,243675.0662,
603687.SH,20260323,30.3796,60.224,,810196.9357,
002722.SZ,20260323,2.4828,4.1282,,299979.8415,
301297.SZ,20260323,1.4375,3.2016,,2450289.5106,
002111.SZ,20260323,2.6397,3.863,,488385.5389,
600229.SH,20260323,1.3288,3.4912,,373299.898,
920351.BJ,20260323,7.1623,8.0869,,158375.7548,
688099.SH,20260323,2.9825,3.6759,,3432499.746,
300352.SZ,20260323,5.3473,5.588,,891641.8135,
600248.SH,20260323,0.9549,2.9871,,1245331.8502,
605066.SH,20260323,4.095,6.9887,,382600.5948,
301502.SZ,20260323,6.535,8.8063,,228334.0,
003018.SZ,20260323,8.855,11.5003,,631800.0,
301601.SZ,20260323,2.0698,2.4951,,325632.64,
603556.SH,20260323,1.4009,4.2925,,1651353.1213,
002727.SZ,20260323,2.6266,3.3063,,701553.7418,
002959.SZ,20260323,2.2605,2.8143,,672421.6474,
688435.SH,20260323,6.005,6.7954,,347777.5,
002522.SZ,20260323,4.5181,6.0258,,465570.6049,
300861.SZ,20260323,3.5296,5.6872,,1083678.6297,
600561.SH,20260323,6.0251,10.0008,,169548.1728,
300368.SZ,20260323,9.901,14.1427,,635790.057,
000553.SZ,20260323,0.866,5.4033,,1297705.1537,
601600.SH,20260323,2.5741,4.3778,,18956243.3163,
300631.SZ,20260323,2.8499,3.8805,,306231.3454,
603199.SH,20260323,4.2617,7.6957,,435968.52,
301522.SZ,20260323,2.5388,3.8637,,1102584.6677,
688189.SH,20260323,2.6329,4.7258,,192080.0,
002429.SZ,20260323,3.5457,7.699,,4142150.6554,
000869.SZ,20260323,0.47,1.9511,,1223123.8782,
001367.SZ,20260323,6.4446,6.4446,,308206.4776,
603166.SH,20260323,1.6281,3.9876,,814811.1216,
600156.SH,20260323,3.9699,6.6512,,305202.0228,
002549.SZ,20260323,7.5249,13.6411,,1303081.9665,
002373.SZ,20260323,2.5192,3.4659,,1482216.5457,
603860.SH,20260323,3.4427,6.4037,,185370.4,
002003.SZ,20260323,1.5773,2.3292,,1159167.4117,
603230.SH,20260323,1.2692,4.4867,,398066.898,
301289.SZ,20260323,1.2102,4.9361,,387504.0,
000920.SZ,20260323,2.3867,5.1108,,571398.9317,
300019.SZ,20260323,3.4181,5.7457,,723334.728,
300024.SZ,20260323,1.862,2.5029,,2303026.9465,
920061.BJ,20260323,1.7352,3.3695,,162817.0,
300772.SZ,20260323,2.9622,4.9567,,1488715.8579,
600392.SH,20260323,4.7251,6.4061,,3744037.5535,
600475.SH,20260323,2.2222,7.0642,,1629921.5679,
688543.SH,20260323,5.3812,5.3812,,1306306.8851,
000898.SZ,20260323,1.0297,3.9864,,2136182.4468,
600546.SH,20260323,3.0625,7.2757,,2349210.5259,
301231.SZ,20260323,9.6418,11.7045,,255056.8,
301551.SZ,20260323,3.7666,4.5375,,1112427.81,
600961.SH,20260323,3.6989,5.9577,,1745563.8878,
603596.SH,20260323,1.9972,3.202,,2764482.6395,
002484.SZ,20260323,2.5058,3.9145,,2243682.1564,
688051.SH,20260323,2.1028,4.9631,,225815.28,
601138.SH,20260323,0.6904,4.2431,,94525011.9176,
300813.SZ,20260323,10.9347,17.1046,,330873.8679,
600238.SH,20260323,1.3126,1.6135,,225892.8,
601975.SH,20260323,6.6157,9.5557,,2054671.3136,
300618.SZ,20260323,4.3277,5.4645,,1238168.9698,
002671.SZ,20260323,4.1379,6.9842,,284992.5311,
000923.SZ,20260323,3.2551,5.1714,,1150108.4293,
002427.SZ,20260323,3.8208,9.5892,,619837.2167,
601799.SH,20260323,1.6004,3.5015,,3431009.8222,
300357.SZ,20260323,2.2298,4.0291,,1234087.488,
002639.SZ,20260323,7.7836,8.2781,,1300289.4656,
688630.SH,20260323,3.6857,5.734,,2207183.9559,
301591.SZ,20260323,6.2857,6.2857,,324955.56,
300391.SZ,20260323,21.939,27.8246,,12261.7639,
002947.SZ,20260323,9.749,11.4929,,1236210.0462,
603015.SH,20260323,2.0423,4.0845,,483850.143,
301176.SZ,20260323,14.3494,14.3494,,420637.8675,
301059.SZ,20260323,3.1221,9.9274,,290329.424,
600768.SH,20260323,5.0085,7.9815,,200487.0528,
300051.SZ,20260323,19.8487,24.7471,,421496.0428,
002028.SZ,20260323,1.7844,1.9684,,15762331.8662,
002965.SZ,20260323,3.0739,3.3577,,754476.3606,
300635.SZ,20260323,6.0839,7.0995,,169276.926,
300643.SZ,20260323,3.9222,6.9459,,381568.3509,
300207.SZ,20260323,8.0342,10.5018,,5172894.8488,
601995.SH,20260323,0.8657,2.5632,,15635484.9955,
603019.SH,20260323,2.7237,3.2613,,11643475.4091,
601288.SH,20260323,0.1719,1.9173,,226439022.9158,
600612.SH,20260323,0.7195,2.3537,,2082008.7007,
002248.SZ,20260323,5.6803,6.8856,,358847.3652,
300376.SZ,20260323,2.0297,4.2057,,1508699.8284,
600686.SH,20260323,2.633,4.7873,,1108555.3067,
000623.SZ,20260323,1.6877,2.3266,,2030630.3671,
300045.SZ,20260323,4.7127,5.0992,,1403546.1498,
000518.SZ,20260323,1.7976,2.7724,,291364.4108,
600167.SH,20260323,1.1223,3.7677,,1482160.5033,
603299.SH,20260323,1.6469,4.4265,,1024788.6142,
002108.SZ,20260323,3.5643,4.4428,,718788.8178,
300079.SZ,20260323,3.8457,3.9492,,738682.5361,
600025.SH,20260323,0.2704,2.7041,,18724249.7283,
688132.SH,20260323,1.6745,3.0655,,237319.093,
688259.SH,20260323,2.7196,5.0035,,381455.5,
301316.SZ,20260323,2.5824,4.6802,,1644280.0,
601116.SH,20260323,2.3232,6.2533,,727316.9152,
605016.SH,20260323,1.0726,2.47,,950907.8925,
600148.SH,20260323,1.8183,3.5652,,238172.1854,
002352.SZ,20260323,0.8134,1.6802,,17779110.483,
688312.SH,20260323,5.1487,9.7094,,642851.0626,
300577.SZ,20260323,1.655,2.2831,,421392.286,
000912.SZ,20260323,7.6422,15.1458,,809088.0,
600094.SH,20260323,1.5328,2.3837,,874181.2169,
002778.SZ,20260323,4.0768,5.8017,,228922.3055,
300894.SZ,20260323,3.1412,5.7298,,437159.5342,
000011.SZ,20260323,1.9416,5.4656,,483935.0227,
600941.SH,20260323,1.8422,1.9329,,201966168.5575,
002918.SZ,20260323,5.9943,9.0952,,452548.6616,
002592.SZ,20260323,1.8083,2.8653,,256131.3659,
002396.SZ,20260323,4.1836,5.6918,,1512850.4381,
300304.SZ,20260323,2.8341,4.9089,,1062553.8988,
300935.SZ,20260323,4.1198,5.8889,,220340.7063,
920932.BJ,20260323,4.9338,6.6989,,165926.8013,
301107.SZ,20260323,4.9303,9.5264,,266491.9482,
300877.SZ,20260323,3.5195,7.101,,288360.0,
600822.SH,20260323,1.3037,3.2776,,464230.6475,
000637.SZ,20260323,5.2925,6.7016,,224586.1538,
688513.SH,20260323,1.3402,2.5465,,1007999.1818,
688556.SH,20260323,6.1023,7.8736,,1151452.6725,
603277.SH,20260323,0.3276,1.5394,,865316.0201,
001965.SZ,20260323,0.3498,1.3194,,6699963.6621,
600120.SH,20260323,2.0703,4.13,,1864798.2946,
603098.SH,20260323,3.7315,10.819,,897521.0634,
600603.SH,20260323,3.6081,8.4344,,872323.6094,
000925.SZ,20260323,2.8272,2.8272,,465342.4623,
688326.SH,20260323,2.0422,3.8494,,1355332.848,
605222.SH,20260323,1.8711,5.0051,,796902.9791,
688536.SH,20260323,4.4421,6.9091,,2455969.4176,
000505.SZ,20260323,3.3019,7.2801,,460159.5089,
688203.SH,20260323,1.5987,2.8592,,223553.909,
300722.SZ,20260323,1.3737,4.023,,751947.3562,
688981.SH,20260323,2.5339,2.8154,,78446276.7417,
300584.SZ,20260323,4.3615,6.2267,,457320.0,
003040.SZ,20260323,2.056,3.9324,,711071.6688,
688032.SH,20260323,3.6915,10.0243,,1573748.8448,
605128.SH,20260323,1.1736,1.8626,,676066.1366,
000983.SZ,20260323,6.0457,14.1548,,4286211.2995,
688338.SH,20260323,2.524,4.2065,,285523.056,
002638.SZ,20260323,7.4399,10.7987,,551652.23,
301195.SZ,20260323,3.5832,7.5289,,409416.504,
002081.SZ,20260323,1.5325,3.028,,847048.2568,
300423.SZ,20260323,7.1474,8.5062,,414426.9046,
603102.SH,20260323,2.6666,4.7585,,239616.0,
300359.SZ,20260323,2.1945,3.4779,,298300.0418,
002452.SZ,20260323,4.5287,4.7561,,660033.3384,
688088.SH,20260323,2.727,4.6186,,1556541.152,
002853.SZ,20260323,3.1893,4.8092,,428572.0662,
920086.BJ,20260323,15.4564,15.4564,,269784.32,
002044.SZ,20260323,2.679,3.5393,,2121525.6263,
000151.SZ,20260323,3.6821,5.5823,,372794.6544,
001255.SZ,20260323,3.0152,7.8176,,302836.7116,
300978.SZ,20260323,3.2758,4.0362,,456518.9581,
688786.SH,20260323,3.767,6.1144,,417882.8087,
600711.SH,20260323,6.175,7.526,,3306954.3596,
603719.SH,20260323,1.2037,2.7595,,385762.0,
300730.SZ,20260323,5.9692,7.7015,,299012.2943,
000100.SZ,20260323,2.8632,2.9547,,8736362.2277,
300272.SZ,20260323,7.2506,8.9384,,449430.0619,
600239.SH,20260323,1.9253,3.2679,,325954.4425,
000759.SZ,20260323,3.838,6.0289,,351105.7027,
000539.SZ,20260323,9.9406,31.1205,,3234174.9354,
002818.SZ,20260323,2.4769,4.9779,,824053.2929,
000548.SZ,20260323,3.352,4.9523,,249607.9055,
301211.SZ,20260323,1.2093,3.9096,,461030.4,
920368.BJ,20260323,7.625,12.4015,,959547.6583,
002339.SZ,20260323,8.0459,9.6825,,556013.7782,
300522.SZ,20260323,2.5807,4.2551,,342765.9519,
301096.SZ,20260323,4.0607,4.8246,,525824.9592,
920961.BJ,20260323,2.7746,3.5499,,309535.3808,
688353.SH,20260323,3.5663,7.9689,,1576019.5,
002989.SZ,20260323,2.5414,5.2195,,512082.6487,
301153.SZ,20260323,1.8453,4.3616,,696527.0449,
002880.SZ,20260323,2.0496,7.453,,593989.2,
603031.SH,20260323,3.9415,5.5096,,1196307.0395,
002792.SZ,20260323,7.6002,9.1098,,2014673.3714,
603040.SH,20260323,2.0982,4.5526,,1008136.1596,
300617.SZ,20260323,6.1131,9.5666,,926140.1341,
600863.SH,20260323,1.3254,2.834,,3956770.7278,
301159.SZ,20260323,8.786,13.2651,,321543.95,
688659.SH,20260323,3.0893,5.6191,,143520.0,
301021.SZ,20260323,4.6784,7.9041,,717643.8397,
300102.SZ,20260323,6.5482,10.2246,,2965315.7066,
300088.SZ,20260323,4.391,4.9295,,1468667.3445,
002261.SZ,20260323,8.9628,9.9888,,4318702.2929,
000719.SZ,20260323,2.1578,4.7439,,1238076.5363,
300568.SZ,20260323,7.0775,7.3344,,1928403.3457,
603068.SH,20260323,2.0594,3.3749,,460674.5132,
000882.SZ,20260323,3.1975,4.4538,,432501.6076,
001238.SZ,20260323,0.5386,1.731,,509439.54,
600493.SH,20260323,4.3026,6.4238,,178432.0,
920489.BJ,20260323,3.6401,3.6401,,185857.4304,
301371.SZ,20260323,3.4436,3.4436,,1127585.472,
001278.SZ,20260323,6.5239,10.8435,,236701.9942,
300797.SZ,20260323,1.5823,4.4015,,538881.3197,
600537.SH,20260323,14.5185,14.5185,,392993.386,
301631.SZ,20260323,4.7812,4.7812,,776018.3696,
301333.SZ,20260323,1.7974,4.6027,,524822.5451,
688368.SH,20260323,2.1721,6.2886,,1449594.7538,
301200.SZ,20260323,1.2228,8.2726,,7006330.1675,
002372.SZ,20260323,0.8076,1.9766,,1658903.5835,
300002.SZ,20260323,3.0704,3.1194,,1817668.6522,
002063.SZ,20260323,6.6309,8.6916,,1281653.9847,
920100.BJ,20260323,5.6149,5.6149,,366241.7466,
300311.SZ,20260323,3.3983,3.8381,,330078.7735,
003009.SZ,20260323,2.7894,6.5265,,892768.4056,
002689.SZ,20260323,1.351,2.7724,,363072.1323,
600578.SH,20260323,1.1246,5.4913,,3414256.7177,
300685.SZ,20260323,3.4461,4.4472,,835146.5952,
600621.SH,20260323,2.3258,5.1981,,1517085.9876,
688090.SH,20260323,3.5808,5.3462,,575139.3008,
301636.SZ,20260323,30.9737,30.9737,,456654.9345,
300404.SZ,20260323,3.6055,4.0058,,346482.9003,
601155.SH,20260323,0.9048,2.7587,,3157871.9984,
603366.SH,20260323,11.7046,29.6138,,879718.0453,
300480.SZ,20260323,10.8585,12.4185,,933939.9565,
603616.SH,20260323,11.7226,18.2057,,283705.55,
688789.SH,20260323,1.027,1.9435,,1230608.4425,
301259.SZ,20260323,3.4136,3.9763,,465036.0,
300452.SZ,20260323,4.0132,4.8741,,323546.5117,
000571.SZ,20260323,4.0619,5.7281,,507673.045,
600581.SH,20260323,2.0914,4.1847,,392421.8547,
000721.SZ,20260323,3.0972,4.7913,,424696.5879,
002165.SZ,20260323,13.373,16.6994,,731593.4878,
300842.SZ,20260323,6.9872,7.8165,,1275120.3043,
002263.SZ,20260323,4.066,5.6398,,589805.0714,
603885.SH,20260323,1.8319,4.2996,,2345621.6578,
603511.SH,20260323,0.6936,4.9495,,532134.656,
300676.SZ,20260323,3.5476,5.7372,,1606755.8851,
000607.SZ,20260323,2.242,4.1965,,401990.872,
002870.SZ,20260323,2.3042,4.11,,468868.5078,
600501.SH,20260323,2.2745,4.223,,926239.393,
300579.SZ,20260323,1.9894,4.1415,,735480.0,
920121.BJ,20260323,5.5177,5.5177,,236524.0951,
688584.SH,20260323,1.5152,3.4509,,1217123.3276,
300080.SZ,20260323,10.4497,24.6306,,1168989.3921,
002990.SZ,20260323,5.7622,9.1636,,737899.3249,
688593.SH,20260323,3.3859,4.5126,,1318849.4124,
300326.SZ,20260323,1.7134,2.0915,,402961.1273,
002656.SZ,20260323,3.5125,4.4198,,207343.2746,
002589.SZ,20260323,3.0827,3.7664,,428842.4842,
002945.SZ,20260323,0.5992,5.9924,,4131000.0,
600328.SH,20260323,5.0788,9.3495,,1485371.5569,
600970.SH,20260323,1.0554,2.5615,,2553652.2164,
002892.SZ,20260323,2.0712,2.5333,,804100.0464,
000400.SZ,20260323,3.5861,5.8011,,2869458.8754,
603359.SH,20260323,2.8947,5.3665,,257397.392,
301028.SZ,20260323,2.2221,4.8836,,501568.8925,
002148.SZ,20260323,3.2815,3.5155,,397998.979,
300220.SZ,20260323,2.7795,5.5353,,195199.2,
300655.SZ,20260323,3.7489,4.4129,,1503237.961,
300013.SZ,20260323,5.1216,5.6158,,201009.2018,
688059.SH,20260323,2.6825,4.1819,,1042362.0564,
688385.SH,20260323,1.8027,2.9383,,5504051.9365,
002481.SZ,20260323,1.6038,2.6487,,535424.281,
603049.SH,20260323,3.9829,3.9829,,4049742.8043,
603866.SH,20260323,1.13,2.9552,,785462.1051,
920837.BJ,20260323,1.1702,3.4914,,178869.3759,
002678.SZ,20260323,1.2928,7.807,,656068.716,
603233.SH,20260323,0.6844,1.7323,,1933764.0178,
300827.SZ,20260323,29.0053,36.0446,,2318063.735,
688455.SH,20260323,2.4612,5.3248,,332532.688,
301558.SZ,20260323,6.7871,6.7871,,607415.4417,
300912.SZ,20260323,7.4365,10.1121,,275027.508,
301511.SZ,20260323,7.1439,9.2363,,2165156.07,
688355.SH,20260323,2.4138,7.657,,231425.9864,
600019.SH,20260323,0.7935,2.1642,,13613802.9681,
603507.SH,20260323,9.0255,12.0861,,695921.7352,
600886.SH,20260323,0.4356,1.3963,,11318354.8865,
688171.SH,20260323,1.5672,3.2127,,401609.6796,
002666.SZ,20260323,5.336,6.9514,,402667.6428,
000409.SZ,20260323,2.3885,3.7971,,659451.2414,
600395.SH,20260323,3.2968,7.0827,,1279388.4368,
300906.SZ,20260323,2.3784,4.7826,,234000.0,
601890.SH,20260323,5.423,8.434,,948846.6,
301498.SZ,20260323,1.7637,3.5247,,2042411.484,
300535.SZ,20260323,5.2192,6.5124,,197665.687,
000533.SZ,20260323,20.9838,33.8616,,1128102.528,
003031.SZ,20260323,4.5023,9.945,,3349067.4781,
002009.SZ,20260323,9.758,11.8216,,938007.8387,
600106.SH,20260323,1.7235,2.3638,,697738.1576,
000586.SZ,20260323,5.5412,8.2999,,264819.36,
688013.SH,20260323,3.2667,6.7555,,283719.9776,
601800.SH,20260323,0.3757,1.841,,12498926.7648,
603568.SH,20260323,0.3754,1.171,,4374507.5749,
688425.SH,20260323,0.7964,2.8739,,2538744.572,
688428.SH,20260323,3.7354,3.7354,,4063975.0215,
002273.SZ,20260323,4.0012,4.401,,3276329.5127,
600487.SH,20260323,4.3648,6.0775,,10200998.375,
002881.SZ,20260323,3.6149,5.056,,1148531.4801,
301092.SZ,20260323,3.9072,6.4703,,424862.4269,
920720.BJ,20260323,2.5863,2.6762,,309922.8678,
600673.SH,20260323,2.6,5.3199,,8938378.5252,
688733.SH,20260323,2.9879,4.1025,,519615.2692,
300143.SZ,20260323,3.7796,6.6164,,850627.5705,
002298.SZ,20260323,12.8343,13.1914,,856308.3125,
300292.SZ,20260323,7.444,7.9616,,599768.9434,
688258.SH,20260323,5.6839,9.1361,,1202942.4134,
688073.SH,20260323,4.3509,6.7282,,440782.2978,
300855.SZ,20260323,2.7918,3.9551,,1359046.234,
301215.SZ,20260323,1.5031,5.1548,,766538.1,
002839.SZ,20260323,2.358,2.9802,,1046179.6489,
601916.SH,20260323,1.1573,1.7409,,8184461.517,
301632.SZ,20260323,4.8794,4.8794,,858466.56,
000949.SZ,20260323,5.3345,8.671,,1075328.0494,
002380.SZ,20260323,6.5523,8.3587,,747094.0033,
603013.SH,20260323,1.1711,5.7778,,995093.9063,
603268.SH,20260323,2.6807,3.1931,,10998918.173,
603739.SH,20260323,4.0812,9.8284,,336528.3918,
301178.SZ,20260323,5.0604,6.0211,,295489.376,
002446.SZ,20260323,4.876,5.0081,,837605.3875,
600515.SH,20260323,1.4231,2.3732,,4078835.5279,
300148.SZ,20260323,4.2477,4.8352,,343853.9719,
603878.SH,20260323,3.3415,5.5026,,408508.1022,
002443.SZ,20260323,4.3751,5.5581,,431003.4106,
301141.SZ,20260323,6.1362,6.1362,,568441.4287,
300886.SZ,20260323,5.0463,6.4316,,190510.506,
600050.SH,20260323,1.0979,2.5978,,13975198.1212,
300149.SZ,20260323,2.2363,2.5424,,453147.2327,
002197.SZ,20260323,5.1714,6.0153,,466915.8253,
688270.SH,20260323,5.0238,7.0498,,2936787.952,
300093.SZ,20260323,2.4197,2.9947,,959580.0,
600026.SH,20260323,3.0424,8.3988,,12854199.4133,
002145.SZ,20260323,2.2111,3.3872,,1770102.5651,
300310.SZ,20260323,7.6308,7.6515,,520178.5333,
600338.SH,20260323,5.4728,5.9226,,1344803.1571,
300255.SZ,20260323,2.8467,4.1008,,3244284.8993,
002116.SZ,20260323,2.3296,4.3999,,450422.8454,
000959.SZ,20260323,1.0003,5.7622,,3644834.6639,
000027.SZ,20260323,1.4916,5.9713,,3330172.9412,
688685.SH,20260323,2.3615,3.7144,,579329.8263,
688191.SH,20260323,4.2537,8.1837,,1004667.6547,
603976.SH,20260323,1.3101,4.5515,,267781.8413,
688063.SH,20260323,8.9933,13.0386,,2008020.0938,
002217.SZ,20260323,2.3394,3.303,,1757658.7481,
920689.BJ,20260323,4.9762,6.255,,212639.8,
000532.SZ,20260323,2.5724,4.8624,,454670.3005,
002326.SZ,20260323,4.912,6.1711,,1933516.7592,
002808.SZ,20260323,2.0869,2.3523,,112627.2,
603903.SH,20260323,2.3276,4.2254,,272936.5241,
300086.SZ,20260323,4.6554,6.5735,,354541.9162,
600298.SH,20260323,1.1219,1.8266,,3372964.3383,
600509.SH,20260323,5.1762,7.8947,,1124257.0789,
920020.BJ,20260323,2.8338,2.8338,,340341.785,
002224.SZ,20260323,7.9581,9.8287,,413169.2764,
002613.SZ,20260323,3.292,4.3325,,399506.4352,
300711.SZ,20260323,2.5944,7.7513,,593026.0423,
003007.SZ,20260323,5.9629,11.5117,,395265.24,
603337.SH,20260323,0.8094,2.354,,1886113.8847,
300243.SZ,20260323,16.2706,17.8096,,336407.2305,
688106.SH,20260323,13.3194,24.5308,,1479671.714,
920300.BJ,20260323,3.3792,4.1967,,100097.7489,
001379.SZ,20260323,5.4934,5.6237,,405400.0,
000426.SZ,20260323,6.1166,8.4174,,6408269.3821,
688235.SH,20260323,3.5489,3.5489,,33225547.3125,
002085.SZ,20260323,1.8575,3.0729,,2981109.7181,
600600.SH,20260323,1.324,3.0884,,8292942.1406,
000568.SZ,20260323,0.5874,1.1971,,15078573.469,
605388.SH,20260323,1.0284,3.1405,,362091.852,
605255.SH,20260323,1.8057,7.2229,,1337984.32,
603618.SH,20260323,15.4351,32.8886,,1412480.3835,
600790.SH,20260323,1.1724,1.9223,,511561.0339,
603817.SH,20260323,14.9266,28.9159,,492552.6097,
002620.SZ,20260323,9.2432,13.1,,269908.21,
603228.SH,20260323,2.1926,5.1453,,5513965.1483,
600100.SH,20260323,2.4736,3.6196,,2623283.1093,
600162.SH,20260323,1.7724,5.5165,,549097.6045,
920195.BJ,20260323,1.4509,2.6238,,179100.81,
002889.SZ,20260323,1.3063,2.9429,,480393.0244,
000012.SZ,20260323,2.3147,3.8132,,1332601.3392,
301121.SZ,20260323,5.6582,6.9669,,345792.3734,
301056.SZ,20260323,2.5642,5.6133,,353492.3338,
600278.SH,20260323,1.2349,3.2497,,611212.8055,
601098.SH,20260323,0.8216,2.3269,,1880412.0,
000897.SZ,20260323,3.162,3.9984,,323454.4468,
600567.SH,20260323,2.0858,2.7856,,952425.4492,
920475.BJ,20260323,1.4635,2.8922,,125819.7,
301280.SZ,20260323,4.6726,4.9722,,685542.0617,
920023.BJ,20260323,4.0935,4.5718,,117174.832,
301139.SZ,20260323,6.3739,7.1532,,197811.9616,
688785.SH,20260323,6.7472,6.7472,,1832143.0807,
301218.SZ,20260323,6.4245,7.8758,,369603.64,
920866.BJ,20260323,2.6483,3.8626,,129748.248,
